"CRN","ARRIVAL_TM","AUTOMOBILE_COUNT","BELTED_DEATH_COUNT","BELTED_SUSP_SERIOUS_INJ_COUNT","BICYCLE_COUNT","BICYCLE_DEATH_COUNT","BICYCLE_SUSP_SERIOUS_INJ_COUNT","BUS_COUNT","CHLDPAS_DEATH_COUNT","CHLDPAS_SUSP_SERIOUS_INJ_COUNT","COLLISION_TYPE","COMM_VEH_COUNT","CONS_ZONE_SPD_LIM","COUNTY","CRASH_MONTH","CRASH_YEAR","DAY_OF_WEEK","DEC_LATITUDE","DEC_LONGITUDE","DISPATCH_TM","DISTRICT","DRIVER_COUNT_16YR","DRIVER_COUNT_17YR","DRIVER_COUNT_18YR","DRIVER_COUNT_19YR","DRIVER_COUNT_20YR","DRIVER_COUNT_50_64YR","DRIVER_COUNT_65_74YR","DRIVER_COUNT_75PLUS","EST_HRS_CLOSED","FATAL_COUNT","HEAVY_TRUCK_COUNT","HORSE_BUGGY_COUNT","HOUR_OF_DAY","ILLUMINATION","INJURY_COUNT","INTERSECTION_RELATED","INTERSECT_TYPE","LANE_CLOSED","LATITUDE","LN_CLOSE_DIR","LOCATION_TYPE","LONGITUDE","MAX_SEVERITY_LEVEL","MCYCLE_DEATH_COUNT","MCYCLE_SUSP_SERIOUS_INJ_COUNT","MOTORCYCLE_COUNT","MUNICIPALITY","NONMOTR_COUNT","NONMOTR_DEATH_COUNT","NONMOTR_SUSP_SERIOUS_INJ_COUNT","NTFY_HIWY_MAINT","PED_COUNT","PED_DEATH_COUNT","PED_SUSP_SERIOUS_INJ_COUNT","PERSON_COUNT","POLICE_AGCY","POSSIBLE_INJ_COUNT","RDWY_SURF_TYPE_CD","RELATION_TO_ROAD","ROADWAY_CLEARED","ROAD_CONDITION","SCH_BUS_IND","SCH_ZONE_IND","SECONDARY_CRASH","SMALL_TRUCK_COUNT","SPEC_JURIS_CD","SUSP_MINOR_INJ_COUNT","SUSP_SERIOUS_INJ_COUNT","SUV_COUNT","TCD_FUNC_CD","TCD_TYPE","TFC_DETOUR_IND","TIME_OF_DAY","TOTAL_UNITS","TOT_INJ_COUNT","UNBELTED_OCC_COUNT","UNB_DEATH_COUNT","UNB_SUSP_SERIOUS_INJ_COUNT","UNK_INJ_DEG_COUNT","UNK_INJ_PER_COUNT","URBAN_RURAL","VAN_COUNT","VEHICLE_COUNT","VULNERABLE_ROAD_USER_COUNT","VULNERABLE_ROAD_USER_DEATH_COUNT","VULNERABLE_ROAD_USER_SER_INJ_COUNT","WEATHER1","WEATHER2","WORKERS_PRES","WORK_ZONE_IND","WORK_ZONE_LOC","WORK_ZONE_TYPE","WZ_CLOSE_DETOUR","WZ_FLAGGER","WZ_LAW_OFFCR_IND","WZ_LN_CLOSURE","WZ_MOVING","WZ_OTHER","WZ_SHLDER_MDN","WZ_WORKERS_INJ_KILLED"
"2021021350","1709","0","0","0","0","0","0","0","0","0","5","0","","67","2","2021","1","40.023386","-75.034732","1700","6","0","0","0","0","0","0","0","0","","0","0","0","16","1","3","N","0","0","40 01:24.190","","0","75 02:05.036","8","0","0","0","67301","0","0","0","N","0","0","0","5","68K01","0","","1.0","","9","N","N","N","0","","0","0","2","0","0","","1650","2","3","0","0","0","3","0","2","0","2","0","0","0","7","07","","N","","","","","","","","","",""
"2021021668","800","0","0","0","0","0","0","0","0","0","7","1","","67","3","2021","4","40.094093","-74.980229","734","6","0","0","0","0","0","0","0","0","","0","1","0","7","1","0","N","0","1","40 05:38.733","4","0","74 58:48.826","0","0","0","0","67301","0","0","0","N","0","0","0","2","67301","0","","4.0","900.0","1","N","N","Y","0","","0","0","1","0","0","N","720","2","0","0","0","0","0","0","2","0","2","0","0","0","3","03","","N","","","","","","","","","",""
"2021019709","221","2","0","0","0","0","0","0","0","0","2","0","","67","2","2021","7","39.945167","-75.179769","221","6","0","0","0","0","0","0","0","0","","0","0","0","2","2","1","N","0","0","39 56:42.600","","0","75 10:47.170","8","0","0","0","67301","0","0","0","N","0","0","0","1","67301","0","","1.0","","6","N","N","N","0","","0","0","0","0","0","","218","2","1","0","0","0","1","0","2","0","2","0","0","0","10","10","","N","","","","","","","","","",""
"2021020851","910","1","0","0","0","0","0","0","0","0","7","0","","67","2","2021","1","40.002249","-75.080144","904","6","0","0","0","0","0","0","0","0","","0","0","0","8","1","1","N","0","0","40 00:08.096","","0","75 04:48.520","4","0","0","0","67301","0","0","0","N","0","0","0","1","67301","1","","5.0","","9","N","N","N","0","","0","0","0","0","0","","845","1","1","0","0","0","0","0","2","0","1","0","0","0","7","07","","N","","","","","","","","","",""
"2021020007","1353","0","0","0","0","0","0","0","0","0","0","0","","67","2","2021","7","40.043697","-75.098692","1348","6","0","0","0","0","0","0","0","0","","0","0","0","13","1","1","N","0","0","40 02:37.310","","0","75 05:55.290","3","0","0","1","67301","0","0","0","N","0","0","0","1","67301","0","","1.0","","3","N","N","N","0","","1","0","0","0","0","","1348","1","1","0","0","0","0","0","2","0","1","0","0","0","3","","","N","","","","","","","","","",""
"2021021367","611","1","0","0","0","0","0","0","0","0","1","0","","67","3","2021","3","39.983814","-75.097288","552","6","0","0","0","0","0","0","0","0","","0","0","0","5","5","0","N","0","1","39 59:01.731","2","0","75 05:50.236","0","0","0","0","67301","0","0","0","N","0","0","0","2","68K01","0","","1.0","620.0","1","N","N","N","0","","0","0","1","0","0","N","550","2","0","1","0","0","0","0","2","0","2","0","0","0","3","","","N","","","","","","","","","",""
"2021020850","729","2","0","0","0","0","0","0","0","0","4","0","","67","3","2021","3","39.914378","-75.238389","718","6","0","0","0","0","0","0","0","0","","0","0","0","6","3","0","N","0","0","39 54:51.760","","0","75 14:18.200","0","0","0","0","67301","0","0","0","N","0","0","0","1","67301","0","","6.0","","1","N","N","N","0","","0","0","0","9","9","","604","2","0","0","0","0","0","0","2","0","2","0","0","0","3","","","N","","","","","","","","","",""
"2021020827","834","0","0","0","0","0","0","1","0","0","4","1","","67","2","2021","7","40.035496","-75.178766","824","6","0","0","0","0","1","0","0","0","","0","0","0","8","1","2","N","1","0","40 02:07.785","","0","75 10:43.557","8","0","0","0","67301","0","0","0","N","0","0","0","3","67508","0","","1.0","","2","N","N","Y","0","","0","0","2","3","3","","824","3","2","0","0","0","2","0","2","0","3","0","0","0","3","03","","N","","","","","","","","","",""
"2021018069","1317","0","0","0","0","0","0","0","0","0","2","0","","67","2","2021","7","39.936825","-75.2158","1309","6","0","0","0","0","0","0","0","0","","0","0","0","15","1","2","N","0","9","39 56:12.570","","0","75 12:56.880","3","0","0","0","67301","0","0","0","N","0","0","0","3","67301","0","","1.0","","1","N","N","N","0","","2","0","2","0","0","U","1520","2","2","0","0","0","0","0","2","0","2","0","0","0","3","03","","N","","","","","","","","","",""
"2021018299","2325","1","0","0","0","0","0","0","0","0","6","0","","67","2","2021","7","40.116122","-75.005853","2318","6","0","0","0","0","0","1","0","0","","0","0","0","23","3","0","N","0","0","40 06:58.040","","0","75 00:21.070","0","0","0","0","67301","0","0","0","N","0","0","0","2","67301","0","","1.0","","1","N","N","N","0","","0","0","1","0","0","","2300","2","0","0","0","0","0","0","2","0","2","0","0","0","3","03","","N","","","","","","","","","",""
"2021041093","1434","1","0","0","0","0","0","0","0","0","8","0","","67","5","2021","5","39.978228","-75.133572","1434","6","0","0","0","0","0","0","0","0","","0","0","0","14","1","1","N","0","0","39 58:41.620","","0","75 08:00.860","3","0","0","0","67301","1","0","0","N","1","0","0","2","67301","0","","1.0","","1","N","N","N","0","","1","0","0","3","2","","1429","2","1","0","0","0","0","1","2","0","1","1","0","0","3","","","N","","","","","","","","","",""
"2021018302","605","1","0","0","0","0","0","0","0","0","2","0","","67","2","2021","2","39.994704","-75.094595","605","6","0","0","0","0","1","0","0","1","","0","0","0","6","3","1","","1","0","39 59:40.935","","0","75 05:40.542","8","0","0","0","67301","0","0","0","N","0","0","0","2","67301","0","","1.0","","2","N","N","N","1","","0","0","0","9","2","","600","2","1","0","0","0","1","0","2","0","2","0","0","0","10","","","N","","","","","","","","","",""
"2021018270","808","1","0","0","0","0","0","0","0","0","4","1","","67","2","2021","2","39.881433","-75.253455","800","6","0","0","0","0","0","0","1","0","","0","1","0","7","2","2","","2","1","39 52:53.158","3","0","75 15:12.439","4","0","0","0","67301","0","0","0","N","0","0","0","3","67301","2","","1.0","845.0","1","N","N","N","0","","0","0","0","3","2","N","743","2","2","0","0","0","0","0","2","0","2","0","0","0","4","04","","N","","","","","","","","","",""
"2021018072","1051","1","0","0","0","0","0","0","0","0","7","0","","67","2","2021","6","39.995967","-75.208053","1050","6","0","0","0","0","0","1","0","0","","1","0","0","10","1","0","N","0","2","39 59:45.480","6","0","75 12:28.990","1","0","0","0","67301","0","0","0","N","0","0","0","1","67301","0","2","5.0","1133.0","2","N","N","N","0","0","0","0","0","0","0","N","1049","1","0","0","0","0","0","0","2","0","1","0","0","0","3","03","","N","","","","","","","","","",""
"2021014879","416","1","0","0","0","0","0","0","0","0","7","0","","67","2","2021","6","39.98955","-75.155569","415","6","0","0","0","0","0","0","0","0","","0","0","0","4","3","1","N","0","2","39 59:22.381","5","0","75 09:20.048","2","0","0","0","67301","0","0","0","N","0","0","0","1","67301","0","","3.0","622.0","1","N","N","N","0","","0","1","0","0","0","Y","413","1","1","1","0","1","0","0","2","0","1","0","0","0","3","03","","N","","","","","","","","","",""
"2021007297","136","2","0","0","0","0","0","0","0","0","5","0","","67","1","2021","1","39.995056","-75.126056","136","6","0","0","0","0","0","0","0","0","","0","0","0","1","3","0","N","0","0","39 59:42.200","","0","75 07:33.800","0","0","0","0","67301","0","0","0","N","0","0","0","1","67301","0","","6.0","","1","N","N","N","0","","0","0","4","0","0","","136","6","0","0","0","0","0","0","2","0","6","0","0","0","3","03","","N","","","","","","","","","",""
"2021008759","915","0","0","0","0","0","0","0","0","0","5","0","","67","1","2021","3","39.980647","-75.167264","910","6","0","0","0","0","0","0","0","0","","0","0","0","9","1","0","N","0","0","39 58:50.330","","0","75 10:02.150","0","0","0","0","67301","0","0","0","N","0","0","0","2","67301","0","","6.0","","1","N","N","N","0","","0","0","1","0","0","","910","2","0","0","0","0","0","0","2","1","2","0","0","0","4","03","","N","","","","","","","","","",""
"2021008358","735","1","0","0","0","0","0","0","0","0","5","0","","67","1","2021","6","39.993578","-75.236733","730","6","0","0","0","0","0","0","0","0","","0","0","0","6","1","0","N","0","0","39 59:36.880","","0","75 14:12.240","0","0","0","0","67301","0","0","0","N","0","0","0","1","67301","0","","6.0","","1","N","N","N","0","","0","0","1","0","0","","600","2","0","0","0","0","0","0","2","0","2","0","0","0","3","03","","N","","","","","","","","","",""
"2021010643","2243","3","0","0","0","0","0","0","0","0","5","0","","67","1","2021","7","39.942764","-75.188308","2243","6","0","0","0","0","0","0","0","0","","0","0","0","22","3","0","N","0","0","39 56:33.950","","0","75 11:17.910","0","0","0","0","67301","0","0","0","N","0","0","0","1","67301","0","","6.0","","1","N","N","N","0","","0","0","0","0","0","","2240","3","0","0","0","0","0","0","2","0","3","0","0","0","3","","","N","","","","","","","","","",""
"2021000028","155","0","0","0","0","0","0","0","0","0","1","0","","67","1","2021","6","39.987671","-75.123194","150","6","0","0","0","0","0","0","0","0","","0","0","0","1","3","0","N","0","0","39 59:15.614","","0","75 07:23.497","0","0","0","0","67301","0","0","0","N","0","0","0","1","67301","0","","5.0","","1","N","N","N","0","","0","0","2","0","0","","145","2","0","0","0","0","0","0","2","0","2","0","0","0","3","03","","N","","","","","","","","","",""
"2021020088","1830","3","0","0","0","0","0","0","0","0","5","0","","67","2","2021","1","39.960073","-75.238064","1828","6","0","0","0","0","0","0","0","0","","0","0","0","18","3","0","N","0","0","39 57:36.263","","0","75 14:17.031","0","0","0","0","67301","0","0","0","N","0","0","0","2","67301","0","","1.0","","1","N","N","N","0","","0","0","1","0","0","","1825","4","0","2","0","0","0","0","2","0","4","0","0","0","3","03","","N","","","","","","","","","",""
"2021018141","1043","1","0","0","0","0","0","0","0","0","5","0","","67","2","2021","6","40.033089","-75.020391","1043","6","0","0","0","0","0","1","1","0","","0","0","0","10","1","0","N","0","1","40 01:59.119","1","3","75 01:13.409","0","0","0","0","67301","0","0","0","N","0","0","0","3","68K01","0","","1.0","1209.0","9","N","N","N","0","","0","0","1","0","0","N","1042","2","0","0","0","0","0","0","2","0","2","0","0","0","3","","","N","","","","","","","","","",""
"2021017560","1630","3","0","0","0","0","0","0","0","0","1","0","","67","1","2021","4","39.958305","-75.165258","1620","6","0","0","1","1","0","0","0","0","","0","0","0","16","4","2","N","0","1","39 57:29.899","4","0","75 09:54.929","3","0","0","0","67301","0","0","0","N","0","0","0","4","68K01","0","","1.0","510.0","1","N","N","N","0","","1","0","0","0","0","N","1617","3","2","0","0","0","1","0","2","0","3","0","0","0","3","03","","N","","","","","","","","","",""
"2021041249","1430","0","0","0","0","0","0","0","0","0","0","1","","67","5","2021","4","40.031101","-75.021712","1410","6","0","0","0","0","0","0","0","0","","0","1","0","13","1","0","N","0","1","40 01:51.962","2","0","75 01:18.163","0","0","0","0","67301","0","0","0","N","0","0","0","2","68K01","0","","1.0","1510.0","9","N","N","N","1","","0","0","0","0","0","N","1345","2","0","0","0","0","0","0","2","0","2","0","0","0","7","","","N","","","","","","","","","",""
"2021018430","2259","0","0","0","0","0","0","0","0","0","5","1","","67","2","2021","1","39.959356","-75.180836","2252","6","0","0","0","0","0","0","0","0","","0","1","0","22","3","0","N","0","0","39 57:33.683","","0","75 10:51.008","0","0","0","0","67301","0","0","0","N","0","0","0","2","68K01","0","","1.0","","1","N","N","N","0","","0","0","1","0","0","","2236","2","0","0","0","0","0","0","2","0","2","0","0","0","3","","","N","","","","","","","","","",""
"2021007725","1603","1","0","0","0","0","0","0","0","0","4","0","","67","1","2021","4","39.942209","-75.153922","1601","6","0","0","0","0","0","0","0","0","","0","0","0","15","1","0","","1","0","39 56:31.954","","0","75 09:14.118","0","0","0","0","67301","0","0","0","N","0","0","0","2","67301","0","","1.0","","1","N","N","N","0","","0","0","1","3","2","","1557","2","0","0","0","0","0","0","2","0","2","0","0","0","3","03","","N","","","","","","","","","",""
"2021019178","1420","1","0","0","0","0","0","0","0","0","4","0","","67","2","2021","3","40.017178","-75.081326","1413","6","0","0","0","0","0","0","0","1","","0","1","0","13","1","1","","1","0","40 01:01.842","","0","75 04:52.774","8","0","0","0","67301","0","0","0","N","0","0","0","1","67301","0","","1.0","","1","N","N","N","0","","0","0","0","0","0","","1346","2","1","0","0","0","1","0","2","0","2","0","0","0","3","03","","N","","","","","","","","","",""
"2021018922","1609","1","0","0","0","0","0","0","0","0","7","0","","67","2","2021","3","40.036904","-75.079806","1609","6","0","0","0","0","0","1","0","0","","0","0","0","16","1","1","","1","0","40 02:12.854","","0","75 04:47.301","3","0","0","0","67301","0","0","0","N","0","0","0","1","67301","0","","5.0","","1","N","N","N","0","","1","0","0","3","2","","1609","1","1","1","0","0","0","0","2","0","1","0","0","0","3","","","N","","","","","","","","","",""
"2021017781","1552","1","0","0","0","0","0","0","0","0","1","0","","67","2","2021","2","39.958477","-75.167602","1529","6","0","0","0","0","0","0","0","0","","0","0","0","15","1","1","N","0","2","39 57:30.518","3","0","75 10:03.367","4","0","0","0","67301","0","0","0","N","0","0","0","2","68K01","1","","1.0","15.0","1","N","N","N","0","","0","0","1","0","0","N","1527","2","1","0","0","0","0","0","2","0","2","0","0","0","3","","","N","","","","","","","","","",""
"2021020818","1905","1","0","0","0","0","0","1","0","0","1","1","","67","2","2021","7","39.999242","-75.075214","1854","6","0","0","0","0","0","0","0","0","","0","0","0","18","6","1","N","1","0","39 59:57.271","","0","75 04:30.770","8","0","0","0","67301","0","0","0","N","0","0","0","2","67508","0","","1.0","","2","N","N","Y","0","","0","0","0","3","2","","1854","2","1","0","0","0","1","0","2","0","2","0","0","0","98","98","","N","","","","","","","","","",""
"2021017483","1724","1","0","0","0","0","0","0","0","0","4","0","","67","2","2021","3","39.95768","-75.162367","1718","6","0","0","0","0","0","0","0","0","","0","0","0","16","4","1","","1","0","39 57:27.649","","0","75 09:44.521","3","0","0","0","67301","0","0","0","N","0","0","0","2","67301","0","","1.0","","1","N","N","N","0","","1","0","1","3","2","","1659","2","1","0","0","0","0","0","2","0","2","0","0","0","3","03","","N","","","","","","","","","",""
"2021012834","2353","1","0","0","0","0","0","0","0","0","4","0","","67","2","2021","5","39.958058","-75.162286","2352","6","0","0","0","0","0","0","0","0","","0","0","0","23","3","2","","1","0","39 57:29.007","","3","75 09:44.230","8","0","0","0","67301","0","0","0","N","0","0","0","3","67301","0","","1.0","","1","N","N","N","0","","0","0","0","3","2","","2351","2","2","0","0","0","2","1","2","1","2","0","0","0","3","03","","N","","","","","","","","","",""
"2021019042","2115","2","0","0","0","0","0","0","0","0","1","0","","67","2","2021","7","40.044365","-75.002662","2056","6","0","1","0","0","0","1","0","0","","0","0","0","20","3","1","N","0","1","40 02:39.715","2","0","75 00:09.583","8","0","0","0","67301","0","0","0","N","0","0","0","5","68K01","0","","1.0","2125.0","2","N","N","N","0","","0","0","0","3","8","N","2055","2","1","0","0","0","1","0","2","0","2","0","0","0","3","","","N","","","","","","","","","",""
"2021013755","1533","1","0","0","0","0","0","0","0","0","5","0","","67","2","2021","1","39.951772","-75.183732","1521","6","0","0","0","0","0","0","0","0","","0","0","0","15","8","1","N","0","1","39 57:06.380","2","0","75 11:01.435","3","0","0","0","67301","0","0","0","N","0","0","0","2","67301","0","","1.0","1555.0","9","N","N","N","0","","1","0","0","0","0","N","1510","2","1","0","0","0","0","0","2","1","2","0","0","0","6","04","","N","","","","","","","","","",""
"2021018182","1625","1","0","0","0","0","0","0","0","0","1","0","","67","2","2021","4","40.004543","-75.19579","1620","6","0","0","0","0","0","1","0","0","","0","0","0","16","1","1","N","0","2","40 00:16.354","3","0","75 11:44.843","8","0","0","0","67301","0","0","0","N","0","0","0","2","68K01","0","","1.0","1720.0","1","N","N","N","0","","0","0","0","0","0","N","1616","2","1","0","0","0","1","0","2","1","2","0","0","0","3","03","","N","","","","","","","","","",""
"2021019424","1758","1","0","0","0","0","0","0","0","0","4","0","","67","2","2021","1","39.956565","-75.209738","1756","6","0","0","0","0","0","0","0","0","","0","1","0","17","4","1","","1","0","39 57:23.634","","0","75 12:35.056","8","0","0","0","67301","0","0","0","N","0","0","0","2","67301","0","","1.0","","1","N","N","N","0","","0","0","0","3","2","","1700","2","1","0","0","0","1","0","2","0","2","0","0","0","3","98","","N","","","","","","","","","",""
"2021010459","1110","1","0","0","0","0","0","0","0","0","4","0","","67","1","2021","1","39.904147","-75.240578","1055","6","0","0","0","0","0","0","0","0","","0","0","0","10","1","2","","1","0","39 54:14.930","","0","75 14:26.080","3","0","0","0","67301","0","0","0","N","0","0","0","3","67301","0","","1.0","","1","N","N","N","0","","2","0","1","3","2","","1037","2","2","0","0","0","0","0","2","0","2","0","0","0","3","03","","N","","","","","","","","","",""
"2021018191","1240","0","0","0","0","0","0","0","0","0","5","0","","67","2","2021","5","39.978853","-75.109067","1207","6","0","0","0","0","0","0","0","0","","0","0","0","12","1","0","N","0","0","39 58:43.869","","0","75 06:32.642","0","0","0","0","67301","0","0","0","N","0","0","0","2","68K01","0","","1.0","","6","N","N","N","0","","0","0","2","0","0","","1202","2","0","0","0","0","0","0","2","0","2","0","0","0","10","","","N","","","","","","","","","",""
"2021019706","2325","1","0","0","0","0","0","0","0","0","4","0","","67","2","2021","6","39.954858","-75.151138","2325","6","0","0","0","0","0","1","0","0","","0","0","0","23","3","1","","1","0","39 57:17.490","","0","75 09:04.096","8","0","0","0","67301","0","0","0","N","0","0","0","2","67301","0","","1.0","","2","N","N","N","0","","0","0","1","3","2","","2315","2","1","0","0","0","1","0","2","0","2","0","0","0","98","09","","N","","","","","","","","","",""
"2021020430","2210","2","0","0","0","0","0","0","0","0","1","0","","67","2","2021","3","40.024061","-75.117594","2154","6","0","0","0","0","0","1","0","0","","0","0","0","21","3","0","N","0","0","40 01:26.620","","0","75 07:03.340","0","0","0","0","67301","0","0","0","N","0","0","0","1","67301","0","","1.0","","9","N","N","N","0","","0","0","0","0","0","","2150","2","0","1","0","0","0","0","2","0","2","0","0","0","3","","","N","","","","","","","","","",""
"2021003038","955","1","0","0","0","0","0","0","0","0","4","0","","67","1","2021","4","40.108419","-75.041197","925","6","0","0","0","0","0","0","0","0","","0","0","0","9","1","1","","2","0","40 06:30.309","","0","75 02:28.310","3","0","0","0","67301","0","0","0","N","0","0","0","3","67301","0","","1.0","","1","N","N","N","0","","1","0","0","3","2","","919","2","1","0","0","0","0","0","2","0","2","0","0","0","3","03","","N","","","","","","","","","",""
"2021016142","1955","1","0","0","0","0","0","0","0","0","7","0","","67","2","2021","7","40.047694","-74.999271","1942","6","0","0","0","0","0","1","0","0","","0","0","0","19","3","1","N","0","2","40 02:51.700","1","3","74 59:57.375","8","0","0","0","67301","0","0","0","N","0","0","0","1","68K01","0","","4.0","2034.0","1","N","N","N","0","","0","0","0","0","0","Y","1940","1","1","0","0","0","1","0","2","0","1","0","0","0","3","03","","N","","","","","","","","","",""
"2021019176","2250","1","0","0","0","0","0","0","0","0","7","0","","67","2","2021","2","40.077733","-75.053831","2245","6","0","0","0","0","1","0","0","0","","0","0","0","22","3","0","N","0","1","40 04:39.840","1","0","75 03:13.790","0","0","0","0","67301","0","0","0","N","0","0","0","1","67301","0","","4.0","2225.0","2","N","N","N","0","","0","0","0","0","0","N","2243","1","0","0","0","0","0","0","2","0","1","0","0","0","10","10","","N","","","","","","","","","",""
"2021019547","149","0","0","0","0","0","0","0","0","0","7","0","","67","2","2021","3","39.987305","-75.090034","149","6","0","0","0","0","0","0","0","0","","0","0","0","1","3","0","N","0","0","39 59:14.299","","0","75 05:24.121","0","0","0","0","67301","0","0","0","N","0","0","0","1","68K01","0","","2.0","","9","N","N","N","1","","0","0","0","0","0","","149","1","0","0","0","0","0","0","2","0","1","0","0","0","10","","","N","","","","","","","","","",""
"2021018999","913","4","0","0","0","0","0","0","0","0","0","0","","67","2","2021","4","39.97314","-75.193902","909","6","0","0","0","0","0","3","1","0","","0","0","0","9","1","1","N","0","2","39 58:23.305","3","0","75 11:38.048","8","0","0","0","67301","0","0","0","N","0","0","0","7","68K01","0","","1.0","945.0","1","N","N","N","0","","0","0","3","0","0","N","909","7","1","0","0","0","1","0","2","0","7","0","0","0","3","","","N","","","","","","","","","",""
"2021010256","348","3","0","0","0","0","0","0","0","0","5","0","","67","1","2021","7","40.018633","-75.074528","343","6","0","0","0","0","0","0","0","0","","0","0","0","3","3","0","N","0","0","40 01:07.080","","0","75 04:28.300","0","0","0","0","67301","0","0","0","N","0","0","0","1","67301","0","","6.0","","1","N","N","N","0","","0","0","0","0","0","","337","3","0","0","0","0","0","0","2","0","3","0","0","0","3","03","","N","","","","","","","","","",""
"2021021811","1638","1","0","0","0","0","0","0","0","0","1","0","","67","2","2021","4","40.039755","-75.006529","1632","6","0","0","0","0","0","0","1","0","","0","0","0","16","1","1","N","0","1","40 02:23.119","1","0","75 00:23.503","3","0","0","0","67301","0","0","0","N","0","0","0","3","68K01","0","","1.0","1730.0","1","N","N","N","0","","1","0","1","0","0","N","1629","2","1","0","0","0","0","0","2","0","2","0","0","0","3","","","N","","","","","","","","","",""
"2021019455","233","0","0","0","0","0","0","0","0","0","4","0","","67","2","2021","5","39.967669","-75.22995","230","6","0","0","0","0","0","0","0","0","","0","0","0","2","3","0","N","0","0","39 58:03.610","","0","75 13:47.820","0","0","0","0","67301","0","0","0","N","0","0","0","1","67301","0","","6.0","","1","N","N","N","0","","0","0","2","0","0","","230","2","0","1","0","0","0","0","2","0","2","0","0","0","3","","","N","","","","","","","","","",""
"2021012622","945","0","0","0","0","0","0","0","0","0","8","0","","67","2","2021","7","40.098222","-75.012294","945","6","0","0","0","0","0","0","0","0","","0","0","0","9","1","1","N","0","0","40 05:53.600","","0","75 00:44.260","8","0","0","0","67301","1","0","0","N","1","0","0","2","67301","0","","1.0","","1","N","N","N","0","","0","0","0","0","0","","900","2","1","0","0","0","1","1","2","0","1","1","0","0","3","03","","N","","","","","","","","","",""
"2021020552","1701","2","0","0","0","0","0","0","0","0","1","0","","67","2","2021","2","39.985892","-75.208441","1651","6","0","0","0","0","0","0","0","0","","0","0","0","16","1","0","N","6","0","39 59:09.211","","2","75 12:30.389","0","0","0","0","67301","0","0","0","Y","0","0","0","5","68K01","0","","2.0","","9","N","N","N","0","","0","0","0","0","0","","1649","2","0","1","0","0","0","0","2","0","2","0","0","0","3","","","N","","","","","","","","","",""
"2021021568","1603","0","0","0","0","0","0","0","0","0","8","0","","67","3","2021","3","39.973517","-75.221106","1559","6","0","0","0","0","0","0","0","0","","0","0","0","15","1","1","N","0","0","39 58:24.660","","0","75 13:15.980","3","0","0","0","67301","1","0","0","N","1","0","0","2","67301","0","","1.0","","1","N","N","N","0","","1","0","1","0","0","","1551","2","1","1","0","0","0","0","2","0","1","1","0","0","3","03","","N","","","","","","","","","",""
"2021011525","642","1","0","0","0","0","0","0","0","0","5","0","","67","2","2021","3","40.018108","-75.169319","629","6","0","0","0","0","0","1","0","0","","0","0","0","6","1","1","","7","0","40 01:05.190","","2","75 10:09.550","8","0","0","0","67301","0","0","0","N","0","0","0","1","67301","0","","7.0","","7","N","N","N","0","","0","0","1","0","0","","623","2","1","0","0","0","1","0","2","0","2","0","0","0","10","10","","N","","","","","","","","","",""
"2021020013","410","2","0","0","0","0","0","0","0","0","4","0","","67","2","2021","7","40.028722","-75.144731","408","6","0","0","0","0","0","0","0","0","","0","0","0","4","3","0","N","0","0","40 01:43.400","","0","75 08:41.030","9","0","0","0","67301","0","0","0","N","0","0","0","1","67301","0","","6.0","","9","N","N","N","0","","0","0","1","9","9","","407","3","0","0","0","0","0","1","2","0","3","0","0","0","7","07","","N","","","","","","","","","",""
"2021017929","1733","1","0","0","0","0","0","0","0","0","2","0","","67","2","2021","7","39.995006","-75.179017","1730","6","0","0","0","0","0","1","0","0","","0","0","0","17","1","1","N","0","0","39 59:42.021","","0","75 10:44.461","8","0","0","0","67301","0","0","0","N","0","0","0","4","67301","0","","1.0","","1","N","N","N","1","","0","0","0","0","0","","1725","2","1","0","0","0","1","0","2","0","2","0","0","0","3","03","","N","","","","","","","","","",""
"2021004480","11","1","0","0","0","0","0","0","0","0","5","0","","67","1","2021","4","40.063913","-75.173083","11","6","0","0","0","0","1","0","0","0","","0","0","0","23","3","1","N","0","0","40 03:50.088","","0","75 10:23.098","8","0","0","0","67301","0","0","0","N","0","0","0","1","67301","0","","6.0","","1","N","N","N","1","","0","0","0","0","0","","2356","2","1","0","0","0","1","0","2","0","2","0","0","0","3","03","","N","","","","","","","","","",""
"2021017788","709","2","0","0","0","0","0","0","0","0","4","0","","67","2","2021","5","40.043188","-75.002971","701","6","0","0","0","0","0","0","0","0","","0","0","0","6","1","1","N","0","2","40 02:35.475","1","0","75 00:10.695","4","0","0","0","67301","0","0","0","N","0","0","0","2","68K01","1","","1.0","45.0","7","N","N","N","0","","0","0","0","0","0","N","657","2","1","0","0","0","0","0","2","0","2","0","0","0","10","","","N","","","","","","","","","",""
"2021019515","350","1","0","0","0","0","0","0","0","0","5","0","","67","2","2021","4","40.029616","-75.103444","350","6","0","0","0","0","0","0","1","0","","0","0","0","3","3","0","","1","0","40 01:46.619","","0","75 06:12.397","0","0","0","0","67301","0","0","0","N","0","0","0","2","67301","0","","1.0","","1","N","N","N","0","","0","0","1","3","2","","340","2","0","0","0","0","0","0","2","0","2","0","0","0","3","03","","N","","","","","","","","","",""
"2021002287","1115","1","0","0","0","0","0","0","0","0","4","0","","67","1","2021","3","39.999339","-75.135672","1115","6","0","0","0","0","0","0","0","0","","0","0","0","10","1","0","","2","0","39 59:57.621","","7","75 08:08.418","9","0","0","0","67301","0","0","0","N","0","0","0","2","67301","0","","1.0","","1","N","N","N","0","","0","0","0","3","2","","1046","2","0","0","0","0","0","2","2","1","2","0","0","0","3","","","N","","","","","","","","","",""