"CRN","ARRIVAL_TM","AUTOMOBILE_COUNT","BELTED_DEATH_COUNT","BELTED_SUSP_SERIOUS_INJ_COUNT","BICYCLE_COUNT","BICYCLE_DEATH_COUNT","BICYCLE_SUSP_SERIOUS_INJ_COUNT","BUS_COUNT","CHLDPAS_DEATH_COUNT","CHLDPAS_SUSP_SERIOUS_INJ_COUNT","COLLISION_TYPE","COMM_VEH_COUNT","CONS_ZONE_SPD_LIM","COUNTY","CRASH_MONTH","CRASH_YEAR","DAY_OF_WEEK","DEC_LATITUDE","DEC_LONGITUDE","DISPATCH_TM","DISTRICT","DRIVER_COUNT_16YR","DRIVER_COUNT_17YR","DRIVER_COUNT_18YR","DRIVER_COUNT_19YR","DRIVER_COUNT_20YR","DRIVER_COUNT_50_64YR","DRIVER_COUNT_65_74YR","DRIVER_COUNT_75PLUS","EST_HRS_CLOSED","FATAL_COUNT","HEAVY_TRUCK_COUNT","HORSE_BUGGY_COUNT","HOUR_OF_DAY","ILLUMINATION","INJURY_COUNT","INTERSECTION_RELATED","INTERSECT_TYPE","LANE_CLOSED","LATITUDE","LN_CLOSE_DIR","LOCATION_TYPE","LONGITUDE","MAX_SEVERITY_LEVEL","MCYCLE_DEATH_COUNT","MCYCLE_SUSP_SERIOUS_INJ_COUNT","MOTORCYCLE_COUNT","MUNICIPALITY","NONMOTR_COUNT","NONMOTR_DEATH_COUNT","NONMOTR_SUSP_SERIOUS_INJ_COUNT","NTFY_HIWY_MAINT","PED_COUNT","PED_DEATH_COUNT","PED_SUSP_SERIOUS_INJ_COUNT","PERSON_COUNT","POLICE_AGCY","POSSIBLE_INJ_COUNT","RDWY_SURF_TYPE_CD","RELATION_TO_ROAD","ROADWAY_CLEARED","ROAD_CONDITION","SCH_BUS_IND","SCH_ZONE_IND","SECONDARY_CRASH","SMALL_TRUCK_COUNT","SPEC_JURIS_CD","SUSP_MINOR_INJ_COUNT","SUSP_SERIOUS_INJ_COUNT","SUV_COUNT","TCD_FUNC_CD","TCD_TYPE","TFC_DETOUR_IND","TIME_OF_DAY","TOTAL_UNITS","TOT_INJ_COUNT","UNBELTED_OCC_COUNT","UNB_DEATH_COUNT","UNB_SUSP_SERIOUS_INJ_COUNT","UNK_INJ_DEG_COUNT","UNK_INJ_PER_COUNT","URBAN_RURAL","VAN_COUNT","VEHICLE_COUNT","VULNERABLE_ROAD_USER_COUNT","VULNERABLE_ROAD_USER_DEATH_COUNT","VULNERABLE_ROAD_USER_SER_INJ_COUNT","WEATHER1","WEATHER2","WORKERS_PRES","WORK_ZONE_IND","WORK_ZONE_LOC","WORK_ZONE_TYPE","WZ_CLOSE_DETOUR","WZ_FLAGGER","WZ_LAW_OFFCR_IND","WZ_LN_CLOSURE","WZ_MOVING","WZ_OTHER","WZ_SHLDER_MDN","WZ_WORKERS_INJ_KILLED"
"2021013457","1558","0","0","0","0","0","0","0","0","0","4","0","","67","2","2021","2","40.077988","-75.086157","1546","6","0","0","1","0","0","0","0","0","","0","0","0","15","1","0","","2","1","40 04:40.758","3","0","75 05:10.164","0","0","0","0","67301","0","0","0","N","0","0","0","4","67301","0","","1.0","1650.0","1","N","N","N","0","","0","0","2","0","0","N","1532","2","0","0","0","0","0","0","2","0","2","0","0","0","3","","","N","","","","","","","","","",""
"2021019002","1006","2","0","0","0","0","0","0","0","0","1","0","","67","2","2021","7","39.938379","-75.197754","958","6","0","0","0","0","0","0","0","0","","0","0","0","9","1","0","N","0","1","39 56:18.163","3","0","75 11:51.914","9","0","0","0","67301","0","0","0","N","0","0","0","2","68K01","0","","1.0","1105.0","1","N","N","N","0","","0","0","0","0","0","N","955","2","0","0","0","0","0","1","2","0","2","0","0","0","3","","","N","","","","","","","","","",""
"2021006064","2142","0","0","0","0","0","0","0","0","0","8","0","","67","1","2021","4","39.996366","-75.173349","2139","6","0","0","0","0","0","0","0","0","","0","0","0","21","3","1","N","0","0","39 59:46.918","","0","75 10:24.056","3","0","0","0","67301","1","0","0","N","1","0","0","2","67301","0","","1.0","","99","N","N","N","0","","1","0","0","0","0","","2100","2","1","0","0","0","0","1","2","0","1","1","0","0","3","","","N","","","","","","","","","",""
"2021006051","2238","2","0","0","0","0","0","0","0","0","5","0","","67","1","2021","1","40.018842","-75.124922","2236","6","0","0","0","0","0","0","0","0","","0","0","0","22","3","2","N","0","1","40 01:07.830","1","0","75 07:29.720","3","0","0","0","67301","0","0","0","N","0","0","0","2","67301","0","","1.0","2330.0","1","N","N","N","0","","2","0","0","0","0","N","2201","2","2","0","0","0","0","0","2","0","2","0","0","0","3","03","","N","","","","","","","","","",""
"2021007884","1800","1","0","0","0","0","0","0","0","0","1","0","","67","1","2021","1","39.900231","-75.157789","1740","6","0","0","1","0","0","0","0","0","","0","0","0","17","3","0","N","0","1","39 54:00.831","1","3","75 09:28.041","9","0","0","0","67301","0","0","0","N","0","0","0","7","68K01","0","","1.0","1810.0","1","N","N","N","0","","0","0","1","0","0","N","1737","3","0","0","0","0","0","1","2","0","3","0","0","0","3","","","N","","","","","","","","","",""
"2021016136","341","1","0","0","0","0","0","0","0","0","7","1","","67","2","2021","6","40.006206","-75.197938","337","6","0","0","0","0","1","0","1","0","","0","1","0","3","3","2","N","0","1","40 00:22.343","3","0","75 11:52.576","3","0","0","0","67301","0","0","0","N","0","0","0","3","68K01","0","","4.0","418.0","1","N","N","N","0","","2","0","0","0","0","N","336","2","2","0","0","0","0","0","2","0","2","0","0","0","3","","","N","","","","","","","","","",""
"2021018300","1633","1","0","0","0","0","0","1","0","0","4","1","","67","2","2021","2","40.103884","-75.00331","1622","6","0","0","0","0","0","0","1","0","","0","0","0","16","1","1","","2","0","40 06:13.981","","0","75 00:11.916","8","0","0","0","67301","0","0","0","N","0","0","0","2","67301","0","","1.0","","9","N","N","N","0","","0","0","0","3","3","","1604","2","1","0","0","0","1","0","2","0","2","0","0","0","7","06","","N","","","","","","","","","",""
"2021019009","926","0","0","0","0","0","0","0","0","0","1","0","","67","2","2021","3","39.957708","-75.160622","919","6","0","0","0","0","0","0","0","0","","0","0","0","9","1","1","N","0","0","39 57:27.750","","0","75 09:38.238","8","0","0","0","67301","0","0","0","N","0","0","0","5","68K01","0","","1.0","","1","N","N","N","0","","0","0","2","0","0","","902","4","1","0","0","0","1","0","2","2","4","0","0","0","3","","","N","","","","","","","","","",""
"2021006826","2311","1","0","0","0","0","0","0","0","0","4","0","","67","1","2021","3","39.954858","-75.151138","2306","6","0","0","0","1","0","1","0","0","","0","0","0","23","3","1","","1","0","39 57:17.490","","0","75 09:04.096","3","0","0","0","67301","0","0","0","N","0","0","0","3","67301","0","","1.0","","1","N","N","N","0","","1","0","1","3","2","","2302","2","1","0","0","0","0","0","2","0","2","0","0","0","3","03","","N","","","","","","","","","",""
"2021008267","2352","3","0","0","0","0","0","0","0","0","5","0","","67","1","2021","2","39.985084","-75.156406","2348","6","0","0","0","0","0","0","0","0","","0","0","0","23","3","2","N","0","0","39 59:06.303","","7","75 09:23.060","4","0","0","0","67301","0","0","0","N","0","0","0","4","67505","1","","6.0","","1","N","N","Y","0","","0","0","0","0","0","","2345","3","2","0","0","0","1","0","2","0","3","0","0","0","3","03","","N","","","","","","","","","",""
"2021003676","1706","2","0","0","0","0","0","0","0","0","4","0","","67","1","2021","2","40.051546","-75.1501","1706","6","0","0","0","0","0","1","0","0","","0","0","0","17","4","4","","1","2","40 03:05.564","1","0","75 09:00.360","3","0","0","0","67301","0","0","0","N","0","0","0","6","67301","0","","1.0","1935.0","1","N","N","N","0","","4","0","1","3","2","Y","1700","3","4","0","0","0","0","0","2","0","3","0","0","0","3","03","","N","","","","","","","","","",""
"2021018224","1510","1","0","0","0","0","0","0","0","0","5","1","","67","2","2021","7","39.890511","-75.220654","1455","6","0","0","0","0","0","0","0","0","","0","1","0","14","1","0","","7","1","39 53:25.838","2","2","75 13:14.353","0","0","0","0","67301","0","0","0","N","0","0","0","2","68K01","0","","7.0","1545.0","1","N","N","N","0","","0","0","0","0","0","N","1451","2","0","0","0","0","0","0","2","0","2","0","0","0","3","03","","N","","","","","","","","","",""
"2021003986","111","1","0","0","0","0","0","0","0","0","1","0","05","67","1","2021","6","39.958345","-75.180388","105","6","0","0","0","0","0","0","0","0","","0","0","0","1","3","1","","6","0","39 57:30.041","","2","75 10:49.395","3","0","0","0","67301","0","0","0","N","0","0","0","3","68K01","0","","7.0","","1","N","N","N","0","","1","0","1","3","3","","104","2","1","1","0","0","0","0","2","0","2","0","0","0","3","","Y","Y","4","1","N","N","Y","Y","N","N","N","N"
"2021015329","2120","1","0","0","0","0","0","0","0","0","7","0","","67","2","2021","7","40.056444","-75.023724","2114","6","0","0","0","1","0","0","0","0","","0","0","0","21","3","1","N","0","0","40 03:23.199","","3","75 01:25.408","3","0","0","0","67301","0","0","0","N","0","0","0","1","67301","0","","5.0","","2","N","N","N","0","","1","0","0","0","0","","2112","1","1","0","0","0","0","0","2","0","1","0","0","0","6","06","","N","","","","","","","","","",""
"2021016533","1205","0","0","0","0","0","0","0","0","0","7","1","","67","2","2021","2","40.041198","-75.004575","1158","6","0","0","0","0","0","0","0","0","","0","1","0","11","1","0","N","0","1","40 02:28.314","1","0","75 00:16.471","0","0","0","0","67301","0","0","0","Y","0","0","0","1","68K01","0","","3.0","1305.0","6","N","N","N","0","","0","0","0","0","0","N","1157","1","0","0","0","0","0","0","2","0","1","0","0","0","10","","","N","","","","","","","","","",""
"2021015834","440","0","0","0","0","0","0","0","0","0","8","0","","67","2","2021","7","39.962381","-75.243886","436","6","0","0","0","0","0","0","0","0","","0","0","0","3","6","1","N","0","9","39 57:44.572","","0","75 14:37.989","8","0","0","0","67301","1","0","0","N","1","0","0","1","67301","0","","9.0","","99","N","N","N","0","","0","0","0","9","9","U","309","2","1","0","0","0","1","0","2","0","1","1","0","0","3","","","N","","","","","","","","","",""
"2021017416","1513","1","0","0","0","0","0","0","0","0","1","0","","67","2","2021","4","40.097767","-74.984622","1508","6","0","0","0","0","0","0","0","0","","0","0","0","14","1","0","N","0","0","40 05:51.960","","0","74 59:04.638","0","0","0","0","67301","0","0","0","N","0","0","0","1","67301","0","","6.0","","1","N","N","N","0","","0","0","1","0","0","","1430","2","0","0","0","0","0","0","2","0","2","0","0","0","3","03","","N","","","","","","","","","",""
"2021015920","2146","2","0","0","0","0","0","0","0","0","4","0","","67","1","2021","7","40.003818","-75.190519","2140","6","0","0","0","0","0","0","0","0","","1","0","0","21","3","3","N","0","2","40 00:13.744","5","0","75 11:25.869","1","0","0","0","67301","0","0","0","N","0","0","0","4","67301","0","2","1.0","300.0","1","N","N","N","0","0","1","2","0","0","0","Y","2130","2","3","0","0","0","0","0","2","0","2","0","0","0","3","03","","N","","","","","","","","","",""
"2021015025","2025","1","0","0","0","0","0","0","0","0","8","0","","67","2","2021","6","40.108355","-75.026296","2020","6","0","0","0","0","0","0","0","0","","0","0","0","20","3","1","","2","0","40 06:30.079","","0","75 01:34.665","8","0","0","0","67301","1","0","0","N","1","0","0","2","67301","0","","1.0","","1","N","N","N","0","","0","0","0","3","2","","2015","2","1","1","0","0","1","0","2","0","1","1","0","0","4","","","N","","","","","","","","","",""
"2021019099","1806","1","0","0","0","0","0","0","0","0","4","0","","67","2","2021","3","39.958248","-75.223253","1750","6","0","0","0","0","0","0","0","0","","0","1","0","15","1","1","","1","0","39 57:29.691","","0","75 13:23.712","4","0","0","0","67301","0","0","0","N","0","0","0","3","67301","1","","1.0","","1","N","N","N","0","","0","0","0","3","2","","1530","2","1","0","0","0","0","0","2","0","2","0","0","0","3","","","N","","","","","","","","","",""
"2021017341","1630","1","0","0","0","0","0","0","0","0","1","1","","67","2","2021","5","39.947778","-75.227428","1614","6","0","0","0","0","0","0","0","0","","0","1","0","14","1","1","","1","0","39 56:52.000","","0","75 13:38.740","3","0","0","0","67301","0","0","0","N","0","0","0","2","67301","0","","1.0","","6","N","N","N","0","","1","0","0","3","2","","1410","2","1","0","0","0","0","0","2","0","2","0","0","0","6","10","","N","","","","","","","","","",""
"2021012161","206","1","0","0","0","0","0","0","0","0","1","0","","67","2","2021","5","40.019976","-75.150681","205","6","0","0","0","0","0","0","0","0","","0","0","0","2","3","0","N","0","0","40 01:11.913","","0","75 09:02.450","0","0","0","0","67301","0","0","0","N","0","0","0","2","67301","0","","1.0","","98","N","N","N","0","","0","0","1","0","0","","200","2","0","1","0","0","0","0","2","0","2","0","0","0","3","98","","N","","","","","","","","","",""
"2021019006","1429","0","0","1","0","0","0","0","0","0","7","0","","67","2","2021","1","39.891649","-75.237","1359","6","0","0","0","0","0","1","0","0","","0","0","0","13","1","1","N","0","1","39 53:29.937","1","0","75 14:13.200","2","0","0","0","67301","0","0","0","N","0","0","0","1","68K01","0","","4.0","1519.0","7","N","N","N","0","","0","1","1","0","0","N","1357","1","1","0","0","0","0","0","2","0","1","0","0","0","10","06","","N","","","","","","","","","",""
"2021014696","800","1","0","0","0","0","0","0","0","0","4","1","","67","2","2021","2","39.895431","-75.233493","754","6","0","0","0","0","0","0","0","0","","0","1","0","7","1","0","","2","0","39 53:43.553","","0","75 14:00.574","0","0","0","0","67301","0","0","0","N","0","0","0","2","67301","0","","1.0","","1","N","N","Y","0","","0","0","0","3","2","","754","2","0","1","0","0","0","0","2","0","2","0","0","0","3","04","","N","","","","","","","","","",""
"2021019080","230","1","0","0","0","0","0","0","0","0","1","0","","67","2","2021","4","39.931427","-75.199424","230","6","0","0","0","0","0","0","0","0","","0","0","0","2","3","0","N","0","2","39 55:53.136","4","0","75 11:57.928","9","0","0","0","67301","0","0","0","N","0","0","0","2","68K01","0","","1.0","235.0","1","N","N","N","0","","0","0","0","0","0","N","229","2","0","0","0","0","0","1","2","0","2","0","0","0","3","","","N","","","","","","","","","",""
"2021035600","727","1","0","0","0","0","0","0","0","0","8","0","","67","4","2021","5","39.998041","-75.125401","724","6","0","0","0","0","0","0","0","0","","0","0","0","7","1","1","","1","1","39 59:52.946","4","0","75 07:31.445","2","0","0","0","67301","1","0","1","N","1","0","1","2","67301","0","","1.0","740.0","1","N","Y","N","0","","0","1","0","3","2","N","720","2","1","0","0","0","0","0","2","0","1","1","0","1","3","04","","N","","","","","","","","","",""
"2021019517","816","1","0","0","0","0","0","0","0","0","4","0","","67","2","2021","3","39.933428","-75.239141","816","6","0","0","0","0","0","0","0","0","","0","0","0","5","5","0","N","0","0","39 56:00.339","","0","75 14:20.909","0","0","0","0","67301","0","0","0","N","0","0","0","1","67301","0","","5.0","","2","N","N","N","0","","0","0","0","0","0","","545","1","0","0","0","0","0","0","2","0","1","0","0","0","4","04","","N","","","","","","","","","",""
"2021018390","718","0","0","0","0","0","0","0","0","0","7","1","","67","2","2021","1","40.025397","-75.029897","707","6","0","0","0","0","0","0","0","0","","0","1","0","6","5","0","N","0","1","40 01:31.430","2","0","75 01:47.630","0","0","0","0","67301","0","0","0","N","0","0","0","1","67301","0","","1.0","200.0","2","N","N","Y","0","","0","0","1","0","0","Y","615","2","0","0","0","0","0","0","2","0","2","0","0","0","3","","","N","","","","","","","","","",""
"2021011800","1300","1","0","0","0","0","0","0","0","0","7","0","","67","2","2021","5","40.015119","-75.177257","1255","6","0","0","0","0","0","0","0","0","","0","0","0","12","1","0","N","0","1","40 00:54.429","1","0","75 10:38.125","0","0","0","0","67301","0","0","0","N","0","0","0","3","67301","0","","3.0","1332.0","9","N","N","N","0","","0","0","1","0","0","N","1250","3","0","0","0","0","0","0","2","0","2","0","0","0","98","98","","N","","","","","","","","","",""
"2021019287","256","1","0","0","0","0","0","0","0","0","7","0","","67","2","2021","2","39.984654","-75.120221","253","6","0","0","0","0","0","0","0","0","","1","0","0","2","3","0","N","0","2","39 59:04.756","7","0","75 07:12.795","1","0","0","0","67301","0","0","0","N","0","0","0","1","67301","0","2","2.0","425.0","7","N","N","N","0","0","0","0","0","0","0","Y","236","1","0","1","1","0","0","0","2","0","1","0","0","0","3","03","","N","","","","","","","","","",""
"2021003241","34","1","0","0","0","0","0","0","0","0","4","0","","67","1","2021","7","40.094814","-75.050726","31","6","0","0","0","0","0","1","0","0","","0","0","0","0","3","3","","1","1","40 05:41.329","2","0","75 03:02.612","3","0","0","0","67301","0","0","0","N","0","0","0","3","67301","0","","1.0","45.0","1","N","N","N","0","","3","0","1","3","2","N","20","2","3","0","0","0","0","0","2","0","2","0","0","0","3","03","","N","","","","","","","","","",""
"2021009674","1131","2","0","0","0","0","0","0","0","0","1","0","","67","1","2021","5","40.076213","-75.206746","1130","6","0","0","0","0","0","0","0","1","","1","0","0","11","1","0","N","0","0","40 04:34.366","","0","75 12:24.286","1","0","0","0","67301","0","0","0","N","0","0","0","2","67301","0","2","1.0","","1","N","N","N","0","0","0","0","0","3","2","","1110","2","0","0","0","0","0","0","2","0","2","0","0","0","3","03","","N","","","","","","","","","",""
"2021017710","1507","0","0","0","0","0","0","0","0","0","1","0","","67","2","2021","6","39.906883","-75.149791","1506","6","0","0","1","0","0","0","0","0","","0","0","0","15","1","2","N","0","1","39 54:24.779","2","0","75 08:59.249","8","0","0","0","67301","0","0","0","Y","0","0","0","12","68K01","0","","3.0","1340.0","9","N","N","N","0","","0","0","2","0","0","N","1502","2","2","0","0","0","2","0","2","0","2","0","0","0","10","10","","N","","","","","","","","","",""
"2021017837","1112","3","0","0","0","0","0","0","0","0","1","0","","67","2","2021","1","40.045236","-75.165064","1112","6","0","0","0","0","1","0","0","0","","0","0","0","11","1","2","N","0","1","40 02:42.850","3","0","75 09:54.230","3","0","0","0","67301","0","0","0","N","0","0","0","4","67301","0","","1.0","1155.0","9","N","N","Y","0","","2","0","0","0","0","N","1112","3","2","0","0","0","0","0","2","0","3","0","0","0","3","10","","N","","","","","","","","","",""
"2021013760","1038","0","0","0","0","0","0","0","0","0","4","0","","67","2","2021","2","40.042211","-75.126294","1034","6","0","0","0","0","0","1","0","0","","0","0","0","10","1","1","","1","0","40 02:31.958","","0","75 07:34.659","3","0","0","0","67301","0","0","0","N","0","0","0","2","67301","0","","1.0","","2","N","N","N","0","","1","0","2","3","2","","1021","2","1","0","0","0","0","0","2","0","2","0","0","0","3","03","","N","","","","","","","","","",""
"2021007727","830","1","0","0","0","0","0","0","0","0","2","0","","67","1","2021","6","39.926518","-75.243693","827","6","0","0","0","0","0","0","0","0","","0","0","0","7","1","0","N","0","0","39 55:35.463","","0","75 14:37.295","0","0","0","0","67301","0","0","0","N","0","0","0","2","67301","0","","6.0","","1","N","N","N","0","","0","0","2","0","0","","743","3","0","0","0","0","0","0","2","0","3","0","0","0","3","03","","N","","","","","","","","","",""
"2021019004","1103","2","0","0","0","0","0","0","0","0","4","0","","67","2","2021","1","39.968098","-75.129538","1053","6","0","0","0","0","0","0","0","0","","0","0","0","10","1","2","N","0","1","39 58:05.151","1","0","75 07:46.336","4","0","0","0","67301","0","0","0","N","0","0","0","4","68K01","2","","1.0","1130.0","9","N","N","N","0","","0","0","0","0","0","N","1053","2","2","0","0","0","0","0","2","0","2","0","0","0","10","","","N","","","","","","","","","",""
"2021013660","2104","3","0","0","0","0","0","0","0","0","4","0","","67","2","2021","2","40.060703","-75.054156","2103","6","0","0","0","1","0","0","0","0","","0","0","0","21","3","0","","1","0","40 03:38.529","","0","75 03:14.962","0","0","0","0","67301","0","0","0","N","0","0","0","3","67301","0","","1.0","","1","N","N","Y","0","","0","0","0","3","2","","2101","3","0","3","0","0","0","0","2","0","3","0","0","0","3","03","","N","","","","","","","","","",""
"2021007670","2005","0","0","0","0","0","0","0","0","0","4","0","","67","1","2021","5","40.086809","-75.039943","2005","6","0","0","0","0","0","1","0","0","","0","0","0","19","3","1","N","0","0","40 05:12.513","","7","75 02:23.794","3","0","0","0","67301","0","0","0","N","0","0","0","3","67301","0","","1.0","","1","N","N","N","0","","1","0","2","0","0","","1925","2","1","0","0","0","0","0","2","0","2","0","0","0","3","03","","N","","","","","","","","","",""
"2021013853","1159","2","0","0","0","0","0","0","0","0","4","0","","67","2","2021","4","40.079536","-75.042176","1159","6","0","0","0","0","0","0","0","2","","0","0","0","10","1","1","","1","1","40 04:46.328","1","0","75 02:31.835","3","0","0","0","67301","0","0","0","N","0","0","0","2","67301","0","","1.0","100.0","1","N","N","N","0","","1","0","0","3","2","N","1059","2","1","1","0","0","0","0","2","0","2","0","0","0","4","","","N","","","","","","","","","",""
"2021006384","1720","4","0","0","0","0","0","0","0","0","5","0","","67","1","2021","6","39.939183","-75.235217","1719","6","0","0","0","0","0","0","0","0","","0","0","0","17","3","1","","2","0","39 56:21.059","","0","75 14:06.781","3","0","0","0","67301","0","0","0","N","0","0","0","3","67301","0","","1.0","","1","N","N","N","0","","1","0","0","0","0","","1718","4","1","0","0","0","0","1","2","0","4","0","0","0","3","03","","N","","","","","","","","","",""
"2021016607","603","0","0","0","0","0","0","0","0","0","7","1","","67","2","2021","3","39.943026","-75.142827","550","6","0","0","0","0","0","1","0","0","","0","1","0","5","3","0","N","0","2","39 56:34.895","1","1","75 08:34.177","0","0","0","0","67301","0","0","0","N","0","0","0","1","68K01","0","","4.0","711.0","9","N","N","N","0","","0","0","0","0","0","N","550","1","0","0","0","0","0","0","2","0","1","0","0","0","7","","","N","","","","","","","","","",""
"2021016567","804","2","0","0","0","0","0","0","0","0","1","0","","67","2","2021","5","39.883659","-75.244722","804","6","0","0","0","0","0","0","0","0","","0","0","0","7","1","0","N","0","0","39 53:01.173","","0","75 14:40.998","0","0","0","0","67301","0","0","0","N","0","0","0","1","68K01","0","","2.0","","6","N","N","N","0","","0","0","0","0","0","","743","2","0","0","0","0","0","0","2","0","2","0","0","0","10","","","N","","","","","","","","","",""
"2021017415","208","0","0","0","0","0","0","0","0","0","6","1","","67","2","2021","7","40.12933","-75.022482","158","6","0","0","0","0","0","0","0","0","","0","1","0","1","3","0","N","0","0","40 07:45.587","","0","75 01:20.935","0","0","0","0","67301","0","0","0","N","0","0","0","1","67301","0","","6.0","","2","N","N","N","0","","0","0","1","0","0","","155","2","0","0","0","0","0","0","2","0","2","0","0","0","3","03","","N","","","","","","","","","",""
"2021016619","1736","2","0","0","0","0","0","0","0","0","1","0","","67","1","2021","3","40.024757","-75.030207","1733","6","0","0","1","0","0","0","0","0","","0","0","0","17","3","0","N","0","0","40 01:29.125","","0","75 01:48.745","0","0","0","0","67301","0","0","0","N","0","0","0","3","68K01","0","","1.0","","1","N","N","N","1","","0","0","0","0","0","","1731","3","0","0","0","0","0","0","2","0","3","0","0","0","3","03","","N","","","","","","","","","",""
"2021015472","49","1","0","0","0","0","0","0","0","0","1","1","","67","2","2021","7","39.905417","-75.17356","49","6","0","0","0","0","0","0","0","0","","0","1","0","22","3","0","","5","2","39 54:19.501","4","0","75 10:24.816","0","0","0","0","67301","0","0","0","N","0","0","0","2","67301","0","","1.0","100.0","2","N","N","N","0","","0","0","0","3","2","N","2257","2","0","0","0","0","0","0","2","0","2","0","0","0","6","06","","N","","","","","","","","","",""
"2021014688","1706","1","0","0","0","0","0","0","0","0","4","1","","67","2","2021","2","39.941152","-75.23245","1655","6","0","0","0","0","0","0","0","0","","0","1","0","16","1","1","","1","0","39 56:28.147","","0","75 13:56.819","3","0","0","0","67301","0","0","0","N","0","0","0","2","67301","0","","1.0","","7","N","N","N","0","","1","0","0","3","2","","1600","2","1","2","0","0","0","0","2","0","2","0","0","0","10","04","","N","","","","","","","","","",""
"2021012169","1640","0","0","0","0","0","0","0","0","0","7","0","","67","2","2021","6","39.957268","-75.191163","1637","6","0","0","0","0","0","1","0","0","","0","0","0","16","4","0","","3","1","39 57:26.165","2","0","75 11:28.187","0","0","0","0","67301","0","0","0","N","0","0","0","1","67507","0","","4.0","1730.0","1","N","N","N","0","","0","0","1","3","2","N","1635","1","0","0","0","0","0","0","2","0","1","0","0","0","3","03","","N","","","","","","","","","",""
"2021016884","1050","1","0","0","0","0","0","0","0","0","2","0","","67","2","2021","5","40.005347","-75.190824","1037","6","0","0","0","0","0","0","0","0","","0","0","0","10","1","0","N","0","0","40 00:19.250","","0","75 11:26.965","0","0","0","0","67301","0","0","0","N","0","0","0","3","67301","0","","1.0","","7","N","N","N","0","","0","0","1","0","0","","1015","2","0","2","0","0","0","0","2","0","2","0","0","0","10","09","","N","","","","","","","","","",""
"2021005967","155","1","0","0","0","0","0","0","0","0","4","0","","67","1","2021","1","40.117163","-75.00649","153","6","0","0","0","0","0","0","0","0","","0","0","0","1","3","0","N","0","0","40 07:01.786","","7","75 00:23.364","0","0","0","0","67301","0","0","0","N","0","0","0","2","67301","0","","1.0","","1","N","N","N","1","","0","0","0","0","0","","138","2","0","2","0","0","0","0","2","0","2","0","0","0","3","03","","N","","","","","","","","","",""
"2021016289","2355","1","0","0","0","0","0","0","0","0","4","1","","67","2","2021","2","40.002576","-75.099728","2355","6","0","0","0","0","0","0","0","0","","0","1","0","23","3","2","","5","0","40 00:09.273","","0","75 05:59.019","3","0","0","0","67301","0","0","0","N","0","0","0","2","67301","0","","1.0","","9","N","N","N","0","","2","0","0","3","2","","2353","2","2","0","0","0","0","0","2","0","2","0","0","0","6","07","","N","","","","","","","","","",""
"2021012392","716","1","0","0","0","0","0","0","0","0","1","0","","67","2","2021","6","40.104067","-75.002366","715","6","0","0","0","0","0","1","0","0","","0","0","0","7","1","0","N","0","2","40 06:14.642","1","0","75 00:08.518","9","0","0","0","67301","0","0","0","N","0","0","0","4","67301","0","","1.0","815.0","9","N","N","N","1","","0","0","1","3","2","N","715","3","0","0","0","0","0","1","2","0","3","0","0","0","10","10","","N","","","","","","","","","",""
"2021016326","350","1","0","0","0","0","0","1","0","0","4","1","","67","1","2021","5","39.969842","-75.241138","340","6","0","0","0","0","0","0","0","0","","0","0","0","3","8","0","","1","0","39 58:11.431","","0","75 14:28.096","9","0","0","0","67301","0","0","0","N","0","0","0","2","67508","0","","1.0","","98","N","N","Y","0","","0","0","0","3","2","","346","2","0","0","0","0","0","1","2","0","2","0","0","0","99","98","","N","","","","","","","","","",""
"2021016881","1318","1","0","0","0","0","0","0","0","0","7","0","","67","2","2021","5","40.06933","-75.039739","1318","6","0","0","0","0","1","0","0","0","","0","0","0","13","1","0","N","0","1","40 04:09.588","2","0","75 02:23.060","0","0","0","0","67301","0","0","0","N","0","0","0","2","67301","0","","4.0","1405.0","7","N","N","N","0","","0","0","0","0","0","N","1312","1","0","0","0","0","0","0","2","0","1","0","0","0","10","06","","N","","","","","","","","","",""
"2021012836","2316","2","0","0","0","0","0","0","0","0","6","0","","67","2","2021","7","40.022569","-75.078506","2311","6","0","0","0","0","0","0","0","0","","0","0","0","23","3","0","N","0","0","40 01:21.250","","0","75 04:42.620","0","0","0","0","67301","0","0","0","N","0","0","0","1","67301","0","","6.0","","1","N","N","N","0","","0","0","2","0","0","","2309","4","0","1","0","0","0","0","2","0","4","0","0","0","3","03","","N","","","","","","","","","",""
"2021016574","1543","0","0","0","0","0","0","0","0","0","7","1","45","67","2","2021","6","40.011738","-75.060298","1527","6","0","0","0","0","0","0","0","0","","0","1","0","15","1","0","N","0","1","40 00:42.256","1","0","75 03:37.074","0","0","0","0","67301","0","0","0","Y","0","0","0","1","68K01","0","","4.0","1630.0","1","N","N","N","0","","0","0","0","0","0","N","1527","1","0","0","0","0","0","0","2","0","1","0","0","0","3","","Y","Y","4","1","N","N","N","N","N","N","Y","N"
"2021015536","945","0","0","0","0","0","0","0","0","0","1","1","","67","2","2021","1","39.916679","-75.21754","918","6","0","0","0","0","0","0","0","0","","0","1","0","7","1","0","N","0","2","39 55:00.044","3","0","75 13:03.144","0","0","0","0","67301","0","0","0","N","0","0","0","2","67301","0","","1.0","200.0","2","N","N","Y","1","","0","0","0","0","0","Y","723","2","0","0","0","0","0","0","2","0","2","0","0","0","4","04","","N","","","","","","","","","",""