"CRN","ARRIVAL_TM","AUTOMOBILE_COUNT","BELTED_DEATH_COUNT","BELTED_SUSP_SERIOUS_INJ_COUNT","BICYCLE_COUNT","BICYCLE_DEATH_COUNT","BICYCLE_SUSP_SERIOUS_INJ_COUNT","BUS_COUNT","CHLDPAS_DEATH_COUNT","CHLDPAS_SUSP_SERIOUS_INJ_COUNT","COLLISION_TYPE","COMM_VEH_COUNT","CONS_ZONE_SPD_LIM","COUNTY","CRASH_MONTH","CRASH_YEAR","DAY_OF_WEEK","DEC_LATITUDE","DEC_LONGITUDE","DISPATCH_TM","DISTRICT","DRIVER_COUNT_16YR","DRIVER_COUNT_17YR","DRIVER_COUNT_18YR","DRIVER_COUNT_19YR","DRIVER_COUNT_20YR","DRIVER_COUNT_50_64YR","DRIVER_COUNT_65_74YR","DRIVER_COUNT_75PLUS","EST_HRS_CLOSED","FATAL_COUNT","HEAVY_TRUCK_COUNT","HORSE_BUGGY_COUNT","HOUR_OF_DAY","ILLUMINATION","INJURY_COUNT","INTERSECTION_RELATED","INTERSECT_TYPE","LANE_CLOSED","LATITUDE","LN_CLOSE_DIR","LOCATION_TYPE","LONGITUDE","MAX_SEVERITY_LEVEL","MCYCLE_DEATH_COUNT","MCYCLE_SUSP_SERIOUS_INJ_COUNT","MOTORCYCLE_COUNT","MUNICIPALITY","NONMOTR_COUNT","NONMOTR_DEATH_COUNT","NONMOTR_SUSP_SERIOUS_INJ_COUNT","NTFY_HIWY_MAINT","PED_COUNT","PED_DEATH_COUNT","PED_SUSP_SERIOUS_INJ_COUNT","PERSON_COUNT","POLICE_AGCY","POSSIBLE_INJ_COUNT","RDWY_SURF_TYPE_CD","RELATION_TO_ROAD","ROADWAY_CLEARED","ROAD_CONDITION","SCH_BUS_IND","SCH_ZONE_IND","SECONDARY_CRASH","SMALL_TRUCK_COUNT","SPEC_JURIS_CD","SUSP_MINOR_INJ_COUNT","SUSP_SERIOUS_INJ_COUNT","SUV_COUNT","TCD_FUNC_CD","TCD_TYPE","TFC_DETOUR_IND","TIME_OF_DAY","TOTAL_UNITS","TOT_INJ_COUNT","UNBELTED_OCC_COUNT","UNB_DEATH_COUNT","UNB_SUSP_SERIOUS_INJ_COUNT","UNK_INJ_DEG_COUNT","UNK_INJ_PER_COUNT","URBAN_RURAL","VAN_COUNT","VEHICLE_COUNT","VULNERABLE_ROAD_USER_COUNT","VULNERABLE_ROAD_USER_DEATH_COUNT","VULNERABLE_ROAD_USER_SER_INJ_COUNT","WEATHER1","WEATHER2","WORKERS_PRES","WORK_ZONE_IND","WORK_ZONE_LOC","WORK_ZONE_TYPE","WZ_CLOSE_DETOUR","WZ_FLAGGER","WZ_LAW_OFFCR_IND","WZ_LN_CLOSURE","WZ_MOVING","WZ_OTHER","WZ_SHLDER_MDN","WZ_WORKERS_INJ_KILLED"
"2021016667","118","1","0","0","0","0","0","0","0","0","4","0","","67","2","2021","3","39.990489","-75.124236","118","6","0","0","0","0","0","0","0","0","","0","0","0","1","3","1","N","0","0","39 59:25.760","","1","75 07:27.250","4","0","0","0","67301","0","0","0","N","0","0","0","1","67301","1","","1.0","","9","N","N","N","0","","0","0","1","0","0","","118","2","1","0","0","0","0","0","2","0","2","0","0","0","7","07","","N","","","","","","","","","",""
"2021015028","2009","1","0","0","0","0","0","0","0","0","4","0","","67","2","2021","6","39.989599","-75.181861","2008","6","0","0","0","0","0","0","0","0","","0","0","0","20","3","1","","1","0","39 59:22.556","","0","75 10:54.699","8","0","0","0","67301","0","0","0","N","0","0","0","3","67301","0","","1.0","","1","N","N","N","0","","0","0","1","3","3","","2001","2","1","0","0","0","1","1","2","0","2","0","0","0","3","","","N","","","","","","","","","",""
"2021014940","1430","0","0","0","0","0","0","0","0","0","7","0","","67","2","2021","6","39.960939","-75.216547","1429","6","0","0","0","0","0","0","0","0","","0","0","0","14","1","0","N","0","0","39 57:39.380","","0","75 12:59.570","0","0","0","0","67301","0","0","0","N","0","0","0","1","67301","0","","6.0","","2","N","N","N","0","","0","0","1","0","0","","1415","1","0","0","0","0","0","0","2","0","1","0","0","0","10","98","","N","","","","","","","","","",""
"2021028026","1341","2","0","0","0","0","0","0","0","0","5","0","","67","3","2021","2","39.956984","-75.155152","1339","6","0","0","0","0","0","1","0","0","","0","0","0","13","1","0","N","6","1","39 57:25.141","4","2","75 09:18.546","0","0","0","0","67301","0","0","0","N","0","0","0","3","67501","0","","1.0","1425.0","1","N","N","N","0","","0","0","1","3","2","N","1339","3","0","0","0","0","0","0","2","0","3","0","0","0","3","","","N","","","","","","","","","",""
"2021043332","1323","1","0","0","0","0","0","1","0","0","5","1","","67","5","2021","3","40.055829","-75.179599","1318","6","0","0","1","0","0","0","0","0","","0","0","0","13","1","1","N","0","0","40 03:20.983","","0","75 10:46.555","3","0","0","0","67301","0","0","0","N","0","0","0","2","67301","0","","1.0","","1","N","N","N","0","","1","0","0","0","0","","1304","2","1","0","0","0","0","0","2","0","2","0","0","0","3","03","","N","","","","","","","","","",""
"2021015537","950","0","0","0","0","0","0","0","0","0","1","2","","67","2","2021","1","39.916598","-75.217986","918","6","0","0","0","0","0","0","0","0","","0","2","0","8","1","0","N","0","2","39 54:59.753","3","0","75 13:04.750","0","0","0","0","67301","0","0","0","N","0","0","0","1","67301","0","","1.0","200.0","2","N","N","Y","1","","0","0","0","0","0","Y","800","3","0","0","0","0","0","0","2","0","3","0","0","0","4","04","","N","","","","","","","","","",""
"2021015426","2140","1","0","0","0","0","0","0","0","0","7","0","","67","2","2021","6","39.983946","-75.215098","2127","6","0","0","0","0","0","1","0","0","","0","0","0","20","3","1","N","0","0","39 59:02.207","","0","75 12:54.354","3","0","0","0","67301","0","0","0","N","0","0","0","1","67301","0","","4.0","","1","N","N","N","0","","1","0","0","0","0","","2056","1","1","0","0","0","0","0","2","0","1","0","0","0","3","03","","N","","","","","","","","","",""
"2021015541","2302","1","0","0","0","0","0","0","0","0","8","0","","67","2","2021","2","39.985548","-75.18774","2300","6","0","0","0","0","0","0","0","0","","1","0","0","22","3","0","N","0","0","39 59:07.971","","0","75 11:15.865","1","0","0","0","67301","1","1","0","N","1","1","0","2","67301","0","2","1.0","","1","N","N","N","0","0","0","0","0","0","0","","2258","2","0","0","0","0","0","0","2","0","1","1","1","0","3","03","","N","","","","","","","","","",""
"2021041966","2117","0","0","0","0","0","0","0","0","0","4","0","","67","5","2021","7","39.988174","-75.128478","2110","6","0","0","0","0","0","1","0","0","","1","0","0","21","3","0","N","2","2","39 59:17.426","7","0","75 07:42.520","1","1","0","1","67301","0","0","0","N","0","0","0","2","67301","0","2","1.0","100.0","1","N","N","N","1","0","0","0","0","9","9","Y","2106","2","0","0","0","0","0","0","2","0","2","0","0","0","3","","","N","","","","","","","","","",""
"2021018205","2303","1","0","0","0","0","0","0","0","0","1","0","","67","2","2021","5","39.958548","-75.180729","2257","6","0","0","0","0","0","0","0","0","","0","0","0","22","3","1","N","0","2","39 57:30.773","3","2","75 10:50.626","3","0","0","0","67301","0","0","0","N","0","0","0","3","68K01","0","","1.0","30.0","9","N","N","N","0","","1","0","1","0","0","N","2249","2","1","1","0","0","0","0","2","0","2","0","0","0","3","","","N","","","","","","","","","",""
"2021015326","1930","1","0","0","0","0","0","0","0","0","2","0","","67","2","2021","7","39.914012","-75.137904","1925","6","0","0","0","0","0","0","0","0","","0","0","0","19","3","0","N","0","1","39 54:50.443","2","0","75 08:16.454","0","0","0","0","67301","0","0","0","N","0","0","0","2","67301","0","","1.0","2030.0","2","N","N","N","0","","0","0","1","0","0","N","1911","2","0","0","0","0","0","0","2","0","2","0","0","0","6","","","N","","","","","","","","","",""
"2021018189","1109","0","0","0","0","0","0","0","0","0","7","0","","67","2","2021","5","40.037255","-75.012733","1057","6","0","0","0","0","0","1","0","0","","0","0","0","10","1","0","N","0","0","40 02:14.118","","0","75 00:45.840","0","0","0","0","67301","0","0","0","N","0","0","0","1","68K01","0","","3.0","","6","N","N","N","0","","0","0","1","0","0","","1057","1","0","0","0","0","0","0","2","0","1","0","0","0","10","06","","N","","","","","","","","","",""
"2021017004","1235","0","0","0","0","0","0","0","0","0","7","0","","67","2","2021","2","39.997843","-75.110972","1230","6","0","0","0","0","0","0","0","0","","0","0","0","12","1","1","","5","1","39 59:52.234","2","1","75 06:39.499","8","0","0","0","67301","0","0","0","N","0","0","0","2","67301","0","","4.0","1330.0","1","N","N","N","0","","0","0","0","3","2","Y","1228","1","1","0","0","0","1","1","2","1","1","0","0","0","3","03","","N","","","","","","","","","",""
"2021017485","1830","1","0","0","0","0","0","0","0","0","1","0","","67","2","2021","6","39.978657","-75.108638","1816","6","0","0","0","0","1","0","0","0","","0","0","0","18","3","0","","1","1","39 58:43.166","1","0","75 06:31.098","0","0","0","0","67301","0","0","0","N","0","0","0","3","67301","0","","1.0","45.0","9","N","N","N","0","","0","0","1","3","2","N","1812","2","0","0","0","0","0","0","2","0","2","0","0","0","7","07","","N","","","","","","","","","",""
"2021017841","340","2","0","0","0","0","0","0","0","0","5","0","","67","2","2021","5","39.942258","-75.214281","335","6","0","0","0","0","0","0","0","0","","0","0","0","3","3","0","N","0","0","39 56:32.130","","0","75 12:51.410","0","0","0","0","67301","0","0","0","N","0","0","0","1","67301","0","","6.0","","1","N","N","N","0","","0","0","2","0","0","","335","4","0","0","0","0","0","0","2","0","4","0","0","0","3","03","","N","","","","","","","","","",""
"2021015918","2351","2","0","0","0","0","0","0","0","0","2","0","","67","2","2021","1","40.026278","-75.142033","2351","6","0","0","0","0","0","0","0","0","","0","0","0","22","3","0","N","0","0","40 01:34.600","","0","75 08:31.320","9","0","0","0","67301","0","0","0","N","0","0","0","1","67301","0","","2.0","","9","N","N","N","0","","0","0","0","0","0","","2257","2","0","0","0","0","0","1","2","0","2","0","0","0","7","","","N","","","","","","","","","",""
"2021043457","1503","1","0","0","0","0","0","0","0","0","1","0","","67","5","2021","4","39.942334","-75.19364","1503","6","0","0","0","0","0","2","0","0","","0","0","0","15","1","0","N","0","1","39 56:32.401","4","0","75 11:37.105","0","0","0","0","67301","0","0","0","N","0","0","0","4","68K01","0","","1.0","1545.0","1","N","N","N","0","","0","0","3","0","0","N","1503","4","0","0","0","0","0","0","2","0","4","0","0","0","3","","","N","","","","","","","","","",""
"2021028041","930","0","0","0","0","0","0","1","0","0","8","1","","67","3","2021","5","39.978339","-75.266825","920","6","0","0","0","0","0","0","0","0","","0","0","0","7","1","1","N","0","0","39 58:42.020","","0","75 16:00.570","3","0","0","0","67301","1","0","0","N","1","0","0","2","67301","0","","1.0","","1","Y","N","N","0","","1","0","1","0","0","","738","3","1","0","0","0","0","0","2","0","2","1","0","0","3","","","N","","","","","","","","","",""
"2021015527","908","2","0","0","0","0","0","0","0","0","4","0","","67","2","2021","2","40.006188","-75.151929","907","6","0","0","0","1","0","0","1","0","","0","0","0","9","1","2","","1","2","40 00:22.276","5","0","75 09:06.943","8","0","0","0","67301","0","0","0","N","0","0","0","2","67505","0","","1.0","1040.0","1","N","N","N","0","","0","0","0","3","2","Y","906","2","2","0","0","0","2","0","2","0","2","0","0","0","3","03","","N","","","","","","","","","",""
"2021015665","709","1","0","0","0","0","0","0","0","0","1","0","","67","2","2021","3","40.012128","-75.149067","707","6","0","0","0","0","0","1","0","0","","0","0","0","6","1","1","N","0","0","40 00:43.660","","0","75 08:56.640","2","0","0","0","67301","0","0","0","N","0","0","0","1","67301","0","","1.0","","2","N","N","N","0","","0","1","1","0","0","","650","2","1","1","0","1","0","0","2","0","2","0","0","0","3","03","","N","","","","","","","","","",""
"2021030125","335","0","0","0","0","0","0","0","0","0","2","1","","67","3","2021","3","39.895056","-75.237074","309","6","0","0","0","0","0","2","0","0","","0","1","0","2","3","0","N","0","2","39 53:42.202","2","0","75 14:13.467","0","0","0","0","67301","0","0","0","N","0","0","0","2","67301","0","","1.0","500.0","1","N","N","N","1","","0","0","0","0","0","Y","250","2","0","0","0","0","0","0","2","0","2","0","0","0","3","03","","N","","","","","","","","","",""
"2021015328","757","1","0","0","0","0","0","0","0","0","1","0","","67","2","2021","1","40.094226","-75.030825","757","6","0","0","0","0","0","0","0","0","","0","0","0","7","1","0","","2","1","40 05:39.215","4","0","75 01:50.969","0","0","0","0","67301","0","0","0","N","0","0","0","2","67301","0","","1.0","829.0","2","N","N","N","0","","0","0","1","3","2","N","757","2","0","0","0","0","0","0","2","0","2","0","0","0","6","","","N","","","","","","","","","",""
"2021015836","1120","1","0","0","0","0","0","0","0","0","4","0","","67","2","2021","1","39.984849","-75.237235","1112","6","0","0","0","0","0","1","0","0","","0","1","0","10","1","1","","5","0","39 59:05.457","","0","75 14:14.047","3","0","0","0","67301","0","0","0","N","0","0","0","4","67301","0","","1.0","","2","N","N","N","0","","1","0","1","3","2","","1050","3","1","0","0","0","0","0","2","0","3","0","0","0","4","04","","N","","","","","","","","","",""
"2021028750","507","2","0","0","0","0","0","0","0","0","5","0","","67","3","2021","1","39.916519","-75.236611","451","6","0","0","1","0","0","0","0","0","","0","0","0","3","3","0","N","0","0","39 54:59.470","","0","75 14:11.800","0","0","0","0","67301","0","0","0","N","0","0","0","3","67301","0","","1.0","","1","N","N","N","0","","0","0","0","0","0","","300","2","0","3","0","0","0","0","2","0","2","0","0","0","3","03","","N","","","","","","","","","",""
"2021015236","749","2","0","0","0","0","0","0","0","0","4","0","","67","2","2021","1","40.023258","-75.089429","741","6","0","0","0","0","0","0","0","0","","0","0","0","7","1","1","","1","0","40 01:23.728","","0","75 05:21.944","8","0","0","0","67301","0","0","0","N","0","0","0","2","67301","0","","1.0","","2","N","N","N","0","","0","0","1","3","3","","739","3","1","0","0","0","1","1","2","0","3","0","0","0","3","","","N","","","","","","","","","",""
"2021019001","520","2","0","0","0","0","0","0","0","0","1","0","","67","2","2021","7","39.885972","-75.210607","504","6","0","0","0","0","0","0","0","0","","0","0","0","4","3","2","N","0","0","39 53:09.498","","0","75 12:38.186","4","0","0","0","67301","0","0","0","N","0","0","0","3","68K01","1","","1.0","","9","N","N","N","0","","0","0","0","0","0","","447","2","2","0","0","0","1","1","2","0","2","0","0","0","3","","","N","","","","","","","","","",""
"2021015152","942","1","0","0","0","0","0","0","0","0","4","0","","67","2","2021","7","40.053705","-75.178208","941","6","0","0","0","0","0","0","0","0","","0","0","0","9","1","0","N","0","0","40 03:13.337","","0","75 10:41.550","0","0","0","0","67301","0","0","0","N","0","0","0","1","67301","0","","1.0","","1","N","N","N","0","","0","0","1","0","0","","935","2","0","0","0","0","0","0","2","0","2","0","0","0","3","04","","N","","","","","","","","","",""
"2021016746","121","2","0","0","0","0","0","0","0","0","5","0","","67","2","2021","2","39.98885","-75.159","119","6","0","0","0","0","0","0","0","0","","0","1","0","0","3","1","N","0","0","39 59:19.860","","0","75 09:32.400","3","0","0","0","67301","0","0","0","N","0","0","0","1","67301","0","","1.0","","9","N","N","Y","0","","1","0","1","0","0","","56","4","1","0","0","0","0","0","2","0","4","0","0","0","3","03","","N","","","","","","","","","",""
"2021015233","50","1","0","0","0","0","0","0","0","0","2","0","","67","2","2021","1","39.915191","-75.229246","44","6","0","0","0","0","0","0","0","0","","0","0","0","0","2","1","","11","0","39 54:54.689","","0","75 13:45.286","3","0","0","0","67301","0","0","0","N","0","0","0","3","67301","0","","1.0","","2","N","N","N","1","","1","0","0","3","3","","44","2","1","0","0","0","0","0","2","0","2","0","0","0","6","09","","N","","","","","","","","","",""
"2021014683","2252","1","0","0","0","0","0","0","1","0","4","0","","67","2","2021","5","40.036314","-75.064305","2250","6","0","0","0","0","0","0","0","0","","1","0","0","22","3","2","N","1","2","40 02:10.729","6","0","75 03:51.497","1","0","0","0","67301","0","0","0","N","0","0","0","5","67301","1","2","1.0","300.0","1","N","N","N","0","0","0","1","1","3","2","Y","2249","2","2","0","0","0","0","1","2","0","2","0","0","0","3","03","","N","","","","","","","","","",""
"2021017351","108","2","0","0","0","0","0","0","0","0","4","0","","67","2","2021","7","39.962926","-75.191387","106","6","0","0","0","0","0","0","0","0","","0","0","0","1","3","0","","1","0","39 57:46.535","","0","75 11:28.992","9","0","0","0","67301","0","0","0","N","0","0","0","2","67507","0","","1.0","","1","N","N","N","0","","0","0","0","3","2","","100","2","0","0","0","0","0","1","2","0","2","0","0","0","3","","","N","","","","","","","","","",""
"2021015833","1045","1","0","0","0","0","0","0","0","0","1","0","","67","2","2021","5","39.992417","-75.219231","1045","6","0","0","0","0","0","0","0","0","","0","0","0","9","1","1","N","0","0","39 59:32.700","","99","75 13:09.230","4","0","0","0","67301","0","0","0","N","0","0","0","2","67301","1","","4.0","","6","N","N","N","0","","0","0","1","0","0","","915","2","1","0","0","0","0","1","2","0","2","0","0","0","10","04","","N","","","","","","","","","",""
"2021042720","823","1","0","0","0","0","0","0","0","0","1","0","","67","5","2021","3","39.977467","-75.200292","813","6","0","0","0","0","0","0","0","0","","0","0","0","8","1","0","N","0","0","39 58:38.882","","0","75 12:01.050","0","0","0","0","67301","0","0","0","N","0","0","0","2","68K01","0","","1.0","","1","N","N","N","0","","0","0","1","0","0","","812","2","0","0","0","0","0","0","2","0","2","0","0","0","3","","","N","","","","","","","","","",""
"2021029190","138","0","0","0","0","0","0","0","0","0","7","0","","67","3","2021","1","39.99558","-75.083086","130","6","0","0","0","0","0","0","0","0","","0","0","0","1","3","0","N","0","1","39 59:44.089","1","0","75 04:59.109","0","0","0","0","67301","0","0","0","N","0","0","0","1","68K01","0","","4.0","30.0","1","N","N","N","0","","0","0","1","0","0","N","129","1","0","0","0","0","0","0","2","0","1","0","0","0","3","03","","N","","","","","","","","","",""
"2021016748","1916","1","0","0","0","0","0","0","0","0","0","0","","67","2","2021","4","39.992311","-75.19438","1906","6","0","0","0","0","0","0","0","0","","0","0","0","19","2","1","N","0","0","39 59:32.321","","0","75 11:39.767","8","0","0","0","67301","0","0","0","N","0","0","0","1","67301","0","","1.0","","2","N","N","N","0","","0","0","0","0","0","","1906","1","1","0","0","0","1","0","2","0","1","0","0","0","3","03","","N","","","","","","","","","",""
"2021028654","1627","1","0","0","0","0","0","0","0","0","8","0","","67","3","2021","6","40.011197","-75.072803","1620","6","0","0","0","0","0","0","0","0","","0","0","0","17","1","1","N","0","0","40 00:40.310","","0","75 04:22.090","2","0","0","0","67301","1","0","1","N","1","0","1","2","67301","0","","1.0","","1","N","N","N","0","","0","1","0","0","0","","1700","2","1","0","0","0","0","1","2","0","1","1","0","1","3","","","N","","","","","","","","","",""
"2021029392","921","2","0","0","0","0","0","0","0","0","6","0","","67","3","2021","1","40.044272","-75.100689","915","6","0","0","0","0","0","0","0","0","","0","0","0","19","3","1","N","0","0","40 02:39.380","","0","75 06:02.480","8","0","0","0","67301","0","0","0","N","0","0","0","1","67301","0","","1.0","","9","N","N","N","0","","0","0","0","0","0","","1915","2","1","1","0","0","1","0","2","0","2","0","0","0","7","07","","N","","","","","","","","","",""
"2021015542","600","0","0","0","0","0","0","0","0","0","4","0","","67","2","2021","6","40.010232","-75.098089","555","6","0","0","0","0","0","1","0","0","","0","0","0","5","3","0","","1","0","40 00:36.834","","0","75 05:53.119","0","0","0","0","67301","0","0","0","N","0","0","0","2","67301","0","","1.0","","1","N","N","N","2","","0","0","0","2","2","","555","2","0","2","0","0","0","0","2","0","2","0","0","0","3","03","","N","","","","","","","","","",""
"2021020546","1445","1","0","0","0","0","0","0","0","0","7","0","45","67","2","2021","1","40.001821","-75.078714","1440","6","0","0","0","0","0","0","0","0","","0","0","0","14","1","0","N","0","0","40 00:06.555","","3","75 04:43.371","9","0","0","0","67301","0","0","0","N","0","0","0","1","68K01","0","","3.0","","9","N","N","N","0","","0","0","0","0","0","","1440","1","0","0","0","0","0","1","2","0","1","0","0","0","3","03","N","Y","2","1","","","N","","","","Y","N"
"2021028751","134","1","0","0","0","0","0","0","0","0","7","0","","67","3","2021","2","39.893064","-75.223908","128","6","0","0","0","0","0","0","0","0","","0","0","0","1","3","0","N","0","0","39 53:35.030","","0","75 13:26.070","0","0","0","0","67301","0","0","0","N","0","0","0","1","67301","0","","2.0","","1","N","N","N","0","","0","0","0","0","0","","125","1","0","0","0","0","0","0","2","0","1","0","0","0","3","03","","N","","","","","","","","","",""
"2021016751","1223","2","0","0","0","0","0","0","0","0","4","0","","67","2","2021","4","40.009585","-75.180418","1220","6","0","0","0","0","0","0","1","0","","0","0","0","11","1","1","","2","0","40 00:34.506","","0","75 10:49.505","8","0","0","0","67301","0","0","0","N","0","0","0","2","67301","0","","1.0","","1","N","N","N","0","","0","0","0","3","2","","1150","2","1","0","0","0","1","1","2","0","2","0","0","0","3","","","N","","","","","","","","","",""
"2021029364","1709","1","0","0","0","0","0","0","0","0","1","0","50","67","3","2021","6","40.011273","-75.061553","1630","6","0","0","0","0","0","0","0","0","","0","0","0","16","1","0","N","0","1","40 00:40.582","2","0","75 03:41.591","0","0","0","0","67301","0","0","0","N","0","0","0","3","68K01","0","","1.0","1735.0","1","N","N","N","0","","0","0","2","0","0","N","1624","3","0","0","0","0","0","0","2","0","3","0","0","0","3","03","Y","Y","4","1","N","N","N","N","N","N","Y","N"
"2021017001","1301","1","0","0","0","0","0","0","0","0","4","0","","67","2","2021","3","40.035167","-75.076472","1301","6","0","0","0","0","0","1","0","0","","0","0","0","12","1","1","","2","2","40 02:06.600","4","0","75 04:35.300","8","0","0","0","67301","0","0","0","N","0","0","0","2","67301","0","","1.0","1245.0","9","N","N","N","0","","0","0","1","0","0","Y","1200","2","1","0","0","0","1","0","2","0","2","0","0","0","4","04","","N","","","","","","","","","",""
"2021018516","1810","1","0","0","0","0","0","0","0","0","8","0","","67","2","2021","1","39.94949","-75.227057","1805","6","0","0","0","0","0","0","0","0","","0","0","0","18","3","1","N","0","0","39 56:58.163","","0","75 13:37.406","3","0","0","0","67301","1","0","0","N","1","0","0","2","67301","0","","1.0","","1","N","N","N","0","","1","0","0","0","0","","1803","2","1","0","0","0","0","0","2","0","1","1","0","0","3","","","N","","","","","","","","","",""
"2021016649","435","0","0","0","0","0","0","0","0","0","4","0","","67","2","2021","1","39.908299","-75.223223","426","6","0","0","0","0","0","0","0","0","","0","0","0","1","3","2","N","0","0","39 54:29.876","","7","75 13:23.603","3","0","0","0","67301","0","0","0","N","0","0","0","3","67301","0","","1.0","","1","N","N","N","0","","2","0","2","3","2","","100","2","2","0","0","0","0","0","2","0","2","0","0","0","6","06","","N","","","","","","","","","",""
"2021030135","145","1","0","0","0","0","0","0","0","0","2","0","","67","3","2021","1","40.025939","-75.172322","136","6","0","0","0","0","0","0","0","0","","0","0","0","1","3","0","N","0","0","40 01:33.380","","0","75 10:20.360","0","0","0","0","67301","0","0","0","N","0","0","0","2","67301","0","","1.0","","1","N","N","N","0","","0","0","1","0","0","","136","2","0","0","0","0","0","0","2","0","2","0","0","0","3","03","","N","","","","","","","","","",""
"2021015243","45","2","0","0","0","0","0","0","0","0","6","0","","67","2","2021","1","40.032722","-75.139","40","6","0","0","0","0","0","0","0","0","","0","0","0","0","3","0","N","0","2","40 01:57.800","5","0","75 08:20.400","0","0","0","0","67301","0","0","0","N","0","0","0","2","67301","0","","6.0","200.0","2","N","N","Y","0","","0","0","2","0","0","Y","2","4","0","0","0","0","0","0","2","0","4","0","0","0","6","98","","N","","","","","","","","","",""
"2021016038","905","1","0","0","0","0","0","0","0","0","1","0","","67","2","2021","3","39.973237","-75.212226","858","6","0","0","0","0","0","0","0","0","","0","1","0","8","1","1","","1","0","39 58:23.653","","0","75 12:44.012","3","0","0","0","67301","0","0","0","N","0","0","0","2","67301","0","","1.0","","9","N","N","N","0","","1","0","0","3","2","","841","2","1","0","0","0","0","0","2","0","2","0","0","0","4","07","","N","","","","","","","","","",""
"2021015235","2359","0","0","0","0","0","0","0","0","0","4","0","","67","2","2021","7","40.040645","-75.052244","2357","6","0","0","1","0","0","0","1","0","","0","0","0","23","3","1","","2","0","40 02:26.323","","0","75 03:08.078","8","0","0","0","67301","0","0","0","N","0","0","0","4","67301","0","","1.0","","2","N","N","N","0","","0","0","2","3","3","","2356","2","1","0","0","0","1","0","2","0","2","0","0","0","6","98","","N","","","","","","","","","",""
"2021042339","35","0","0","0","0","0","0","0","0","0","7","1","35","67","5","2021","1","40.020521","-75.154654","34","6","0","0","0","0","0","0","0","0","","0","1","0","0","3","0","N","0","2","40 01:13.874","5","0","75 09:16.753","0","0","0","0","67301","0","0","0","N","0","0","0","3","67301","0","","1.0","300.0","1","N","N","Y","0","","0","0","2","0","0","Y","33","3","0","2","0","0","0","0","2","0","3","0","0","0","3","03","N","Y","8","1","N","N","N","N","N","Y","N","N"
"2021016273","2354","4","0","0","0","0","0","0","0","0","4","0","","67","2","2021","3","39.986924","-75.161045","2351","6","0","0","0","0","0","0","0","0","","0","0","0","23","3","0","","1","1","39 59:12.926","1","0","75 09:39.762","0","0","0","0","67301","0","0","0","N","0","0","0","1","67505","0","","1.0","130.0","1","N","N","N","0","","0","0","0","3","2","Y","2342","4","0","0","0","0","0","0","2","0","4","0","0","0","3","98","","N","","","","","","","","","",""
"2021015151","157","0","0","0","0","0","0","0","0","0","6","0","","67","2","2021","7","40.066628","-75.156183","151","6","0","0","0","0","0","2","0","0","","0","0","0","1","3","2","N","0","1","40 03:59.860","5","0","75 09:22.260","3","0","0","0","67301","0","0","0","N","0","0","0","2","67301","0","","1.0","345.0","1","N","N","N","1","","2","0","1","0","0","Y","148","2","2","0","0","0","0","0","2","0","2","0","0","0","3","","","N","","","","","","","","","",""
"2021014942","1130","2","0","0","0","0","0","0","0","0","4","0","","67","2","2021","6","40.004946","-75.178722","1127","6","0","0","0","0","0","0","1","0","","0","0","0","11","1","1","","5","0","40 00:17.805","","0","75 10:43.398","3","0","0","0","67301","0","0","0","N","0","0","0","3","67301","0","","1.0","","1","N","N","N","0","","1","0","0","3","2","","1119","2","1","0","0","0","0","1","2","0","2","0","0","0","3","","","N","","","","","","","","","",""
"2021030237","1829","2","0","0","0","0","0","0","0","0","4","0","","67","3","2021","4","39.965076","-75.227684","1827","6","0","0","0","0","0","0","0","0","","0","0","0","18","4","1","","1","1","39 57:54.275","3","0","75 13:39.662","3","0","0","0","67301","0","0","0","N","0","0","0","5","67301","0","","1.0","1850.0","9","N","N","N","0","","1","0","0","2","2","N","1825","2","1","3","0","0","0","0","2","0","2","0","0","0","7","09","","N","","","","","","","","","",""
"2021015117","759","2","0","0","0","0","0","0","0","0","1","0","55","67","2","2021","6","40.022266","-75.038441","752","6","0","0","0","0","0","0","2","0","","0","0","0","7","1","0","N","0","1","40 01:20.157","2","0","75 02:18.386","0","0","0","0","67301","0","0","0","N","0","0","0","4","68K01","0","","1.0","845.0","1","N","N","N","0","","0","0","2","0","0","N","742","4","0","0","0","0","0","0","2","0","4","0","0","0","4","04","Y","Y","2","1","N","N","N","N","N","N","Y","N"
"2021028818","1437","1","0","0","0","0","0","0","0","0","1","0","","67","3","2021","1","39.958647","-75.169014","1437","6","0","0","0","0","1","0","0","0","","0","0","0","14","1","0","N","0","0","39 57:31.128","","0","75 10:08.451","0","0","0","0","67301","0","0","0","N","0","0","0","2","68K01","0","","1.0","","9","N","N","N","0","","0","0","1","0","0","","1421","2","0","0","0","0","0","0","2","0","2","0","0","0","7","07","","N","","","","","","","","","",""
"2021015247","1140","1","0","0","0","0","0","0","0","0","5","0","","67","2","2021","7","39.998708","-75.173481","1135","6","0","0","0","0","0","0","0","0","","0","0","0","22","3","0","N","0","1","39 59:55.350","2","0","75 10:24.530","0","0","0","0","67301","0","0","0","N","0","0","0","1","67301","0","","6.0","100.0","2","N","N","N","1","","0","0","2","0","0","N","2200","5","0","0","0","0","0","0","2","1","5","0","0","0","98","98","","N","","","","","","","","","",""