"CRN","ARRIVAL_TM","AUTOMOBILE_COUNT","BELTED_DEATH_COUNT","BELTED_SUSP_SERIOUS_INJ_COUNT","BICYCLE_COUNT","BICYCLE_DEATH_COUNT","BICYCLE_SUSP_SERIOUS_INJ_COUNT","BUS_COUNT","CHLDPAS_DEATH_COUNT","CHLDPAS_SUSP_SERIOUS_INJ_COUNT","COLLISION_TYPE","COMM_VEH_COUNT","CONS_ZONE_SPD_LIM","COUNTY","CRASH_MONTH","CRASH_YEAR","DAY_OF_WEEK","DEC_LATITUDE","DEC_LONGITUDE","DISPATCH_TM","DISTRICT","DRIVER_COUNT_16YR","DRIVER_COUNT_17YR","DRIVER_COUNT_18YR","DRIVER_COUNT_19YR","DRIVER_COUNT_20YR","DRIVER_COUNT_50_64YR","DRIVER_COUNT_65_74YR","DRIVER_COUNT_75PLUS","EST_HRS_CLOSED","FATAL_COUNT","HEAVY_TRUCK_COUNT","HORSE_BUGGY_COUNT","HOUR_OF_DAY","ILLUMINATION","INJURY_COUNT","INTERSECTION_RELATED","INTERSECT_TYPE","LANE_CLOSED","LATITUDE","LN_CLOSE_DIR","LOCATION_TYPE","LONGITUDE","MAX_SEVERITY_LEVEL","MCYCLE_DEATH_COUNT","MCYCLE_SUSP_SERIOUS_INJ_COUNT","MOTORCYCLE_COUNT","MUNICIPALITY","NONMOTR_COUNT","NONMOTR_DEATH_COUNT","NONMOTR_SUSP_SERIOUS_INJ_COUNT","NTFY_HIWY_MAINT","PED_COUNT","PED_DEATH_COUNT","PED_SUSP_SERIOUS_INJ_COUNT","PERSON_COUNT","POLICE_AGCY","POSSIBLE_INJ_COUNT","RDWY_SURF_TYPE_CD","RELATION_TO_ROAD","ROADWAY_CLEARED","ROAD_CONDITION","SCH_BUS_IND","SCH_ZONE_IND","SECONDARY_CRASH","SMALL_TRUCK_COUNT","SPEC_JURIS_CD","SUSP_MINOR_INJ_COUNT","SUSP_SERIOUS_INJ_COUNT","SUV_COUNT","TCD_FUNC_CD","TCD_TYPE","TFC_DETOUR_IND","TIME_OF_DAY","TOTAL_UNITS","TOT_INJ_COUNT","UNBELTED_OCC_COUNT","UNB_DEATH_COUNT","UNB_SUSP_SERIOUS_INJ_COUNT","UNK_INJ_DEG_COUNT","UNK_INJ_PER_COUNT","URBAN_RURAL","VAN_COUNT","VEHICLE_COUNT","VULNERABLE_ROAD_USER_COUNT","VULNERABLE_ROAD_USER_DEATH_COUNT","VULNERABLE_ROAD_USER_SER_INJ_COUNT","WEATHER1","WEATHER2","WORKERS_PRES","WORK_ZONE_IND","WORK_ZONE_LOC","WORK_ZONE_TYPE","WZ_CLOSE_DETOUR","WZ_FLAGGER","WZ_LAW_OFFCR_IND","WZ_LN_CLOSURE","WZ_MOVING","WZ_OTHER","WZ_SHLDER_MDN","WZ_WORKERS_INJ_KILLED"
"2021016125","936","0","0","0","0","0","0","0","0","0","5","0","","67","2","2021","2","39.959894","-75.140396","932","6","0","0","0","0","0","1","1","0","","0","0","0","9","1","2","N","0","0","39 57:35.619","","0","75 08:25.425","8","0","0","0","67301","0","0","0","N","0","0","0","4","68K01","0","","1.0","","6","N","N","N","1","","0","0","2","0","0","","931","3","2","0","0","0","2","0","2","0","3","0","0","0","10","","","N","","","","","","","","","",""
"2021024547","127","0","0","0","0","0","0","0","0","0","5","0","","67","2","2021","4","40.004969","-75.146972","126","6","0","0","0","0","0","1","0","0","","0","0","0","1","3","1","N","0","1","40 00:17.890","3","0","75 08:49.100","3","0","0","0","67301","0","0","0","N","0","0","0","1","67301","0","","6.0","330.0","1","N","N","N","0","","1","0","2","0","0","Y","124","4","1","0","0","0","0","0","2","2","4","0","0","0","3","03","","N","","","","","","","","","",""
"2021029846","1729","0","0","0","0","0","0","0","0","0","1","0","","67","3","2021","4","40.054417","-74.985643","1706","6","0","0","0","0","0","1","0","0","","0","0","0","17","1","1","N","0","0","40 03:15.902","","0","74 59:08.314","8","0","0","0","67301","0","0","0","N","0","0","0","4","68K01","0","","1.0","","1","N","N","N","1","","0","0","1","0","0","","1702","3","1","0","0","0","1","0","2","1","3","0","0","0","3","03","","N","","","","","","","","","",""
"2021028299","1630","0","0","0","0","0","0","0","0","0","4","0","","67","3","2021","2","40.044297","-75.054111","1627","6","0","0","0","0","0","2","0","0","","0","0","0","16","1","1","","1","0","40 02:39.468","","0","75 03:14.798","4","0","0","0","67301","0","0","0","N","0","0","0","2","67301","1","","1.0","","1","N","N","N","0","","0","0","2","0","0","","1627","2","1","0","0","0","0","0","2","0","2","0","0","0","3","03","","N","","","","","","","","","",""
"2021023599","1314","0","0","0","0","0","0","0","0","0","1","0","","67","2","2021","7","39.957305","-75.180242","1314","6","0","0","0","0","0","0","1","0","","0","0","0","13","1","0","N","0","2","39 57:26.299","4","0","75 10:48.871","0","0","0","0","67301","0","0","0","N","0","0","0","2","68K01","0","","1.0","45.0","1","N","N","N","0","","0","0","1","0","0","N","1313","2","0","0","0","0","0","0","2","1","2","0","0","0","3","03","","N","","","","","","","","","",""
"2021028748","856","0","0","0","0","0","0","0","0","0","8","0","","67","3","2021","2","39.931589","-75.147772","847","6","0","0","0","0","0","0","0","0","","0","0","0","8","1","1","N","0","0","39 55:53.720","","0","75 08:51.980","3","0","0","0","67301","1","0","0","N","1","0","0","2","67301","0","","1.0","","1","N","N","N","0","","1","0","1","3","3","","845","2","1","0","0","0","0","0","2","0","1","1","0","0","3","","","N","","","","","","","","","",""
"2021029145","806","0","0","0","0","0","0","0","0","0","7","1","","67","3","2021","2","39.987662","-75.121658","747","6","0","0","0","0","0","0","0","0","","0","1","0","7","1","1","N","0","0","39 59:15.583","","1","75 07:17.968","3","0","0","0","67301","0","0","0","N","0","0","0","1","67301","0","","5.0","","1","N","N","N","0","","1","0","0","0","0","","736","1","1","1","0","0","0","0","2","0","1","0","0","0","3","","","N","","","","","","","","","",""
"2021018194","1330","0","0","0","0","0","0","0","0","0","7","0","","67","2","2021","5","39.957171","-75.157279","1325","6","0","0","0","0","0","1","0","0","","0","0","0","13","1","0","N","0","1","39 57:25.817","3","0","75 09:26.205","0","0","0","0","67301","0","0","0","N","0","0","0","1","68K01","0","","4.0","1400.0","6","N","N","N","0","","0","0","1","0","0","N","1323","1","0","0","0","0","0","0","2","0","1","0","0","0","10","09","","N","","","","","","","","","",""
"2021015543","2340","0","0","0","0","0","0","0","0","0","7","0","","67","2","2021","6","40.000572","-75.096925","2340","6","0","0","0","0","0","0","0","0","","0","0","0","23","3","1","N","0","0","40 00:02.060","","0","75 05:48.930","3","0","0","0","67301","0","0","0","N","0","0","0","1","67301","0","","5.0","","2","N","N","N","0","","1","0","1","0","0","","2310","1","1","0","0","0","0","0","2","0","1","0","0","0","3","","","N","","","","","","","","","",""
"2021028668","2203","3","0","1","0","0","0","0","0","0","4","0","","67","3","2021","1","39.977907","-75.163009","2200","6","0","0","0","0","0","0","0","0","","0","0","0","21","3","1","N","1","0","39 58:40.465","","0","75 09:46.832","2","0","0","0","67301","0","0","0","N","0","0","0","2","67505","0","","1.0","","9","N","N","Y","0","","0","1","0","3","2","","2150","3","1","0","0","0","0","1","2","0","3","0","0","0","7","04","","N","","","","","","","","","",""
"2021043418","2310","2","0","0","0","0","0","0","0","0","4","0","","67","5","2021","7","40.029159","-75.022809","2247","6","0","0","1","0","0","0","0","0","","0","0","0","22","3","0","N","0","0","40 01:44.974","","0","75 01:22.111","0","0","0","0","67301","0","0","0","N","0","0","0","2","68K01","0","","1.0","","1","N","N","N","0","","0","0","0","0","0","","2246","2","0","0","0","0","0","0","2","0","2","0","0","0","3","","","N","","","","","","","","","",""
"2021028447","1358","1","0","0","0","0","0","0","0","0","4","0","","67","3","2021","4","40.094814","-75.050726","1352","6","0","0","0","0","0","0","0","0","","0","1","0","13","1","0","","1","1","40 05:41.329","2","0","75 03:02.612","0","0","0","0","67301","0","0","0","N","0","0","0","3","67301","0","","1.0","45.0","9","N","N","N","0","","0","0","0","3","2","N","1350","2","0","0","0","0","0","0","2","0","2","0","0","0","7","","","N","","","","","","","","","",""
"2021029673","1735","1","0","0","0","0","0","0","0","0","4","0","","67","3","2021","7","39.881336","-75.246042","1735","6","0","0","0","0","0","1","0","0","","0","0","0","17","1","4","N","0","1","39 52:52.811","1","0","75 14:45.752","3","0","0","0","67301","0","0","0","Y","0","0","0","5","68K01","0","","1.0","1830.0","1","N","N","N","0","","4","0","1","0","0","N","1735","2","4","0","0","0","0","1","2","0","2","0","0","0","3","","","N","","","","","","","","","",""
"2021028800","1058","0","0","0","0","0","0","0","0","0","1","2","","67","3","2021","6","39.956793","-75.153768","1039","6","0","0","0","0","0","1","0","0","","0","2","0","10","1","0","N","0","0","39 57:24.453","","0","75 09:13.566","0","0","0","0","67301","0","0","0","N","0","0","0","3","68K01","0","","1.0","","1","N","N","N","0","","0","0","1","0","0","","1037","3","0","0","0","0","0","0","2","0","3","0","0","0","3","03","","N","","","","","","","","","",""
"2021019029","801","0","0","0","0","0","0","0","0","0","7","0","","67","2","2021","5","39.906351","-75.149679","742","6","0","0","0","0","0","0","0","0","","0","0","0","7","1","0","N","0","0","39 54:22.865","","0","75 08:58.844","0","0","0","0","67301","0","0","0","N","0","0","0","1","68K01","0","","2.0","","7","N","N","N","0","","0","0","1","0","0","","730","1","0","0","0","0","0","0","2","0","1","0","0","0","10","","","N","","","","","","","","","",""
"2021018174","2230","1","0","0","0","0","0","0","0","0","7","0","","67","2","2021","2","40.037245","-75.013493","2217","6","0","0","0","0","0","0","0","0","","0","0","0","22","3","0","N","0","0","40 02:14.081","","0","75 00:48.574","0","0","0","0","67301","0","0","0","N","0","0","0","1","68K01","0","","4.0","","9","N","N","N","0","","0","0","0","0","0","","2210","1","0","0","0","0","0","0","2","0","1","0","0","0","7","","","N","","","","","","","","","",""
"2021017030","710","0","0","0","0","0","0","0","0","0","6","0","","67","2","2021","5","40.039367","-75.128675","706","6","0","0","0","0","0","0","0","0","","0","0","0","7","3","0","N","0","0","40 02:21.720","","0","75 07:43.230","9","0","0","0","67301","0","0","0","N","0","0","0","1","67301","0","","6.0","","7","N","N","N","1","","0","0","1","0","0","","705","3","0","0","0","0","0","1","2","1","3","0","0","0","6","10","","N","","","","","","","","","",""
"2021015246","215","2","0","0","0","0","0","0","0","0","4","0","","67","2","2021","7","40.0262","-75.16915","212","6","0","0","0","0","0","0","0","0","","0","0","0","1","3","1","","1","0","40 01:34.321","","0","75 10:08.941","8","0","0","0","67301","0","0","0","N","0","0","0","2","67301","0","","1.0","","1","N","N","N","0","","0","0","0","3","2","","153","2","1","0","0","0","1","0","2","0","2","0","0","0","3","03","","N","","","","","","","","","",""
"2021030133","257","2","0","0","0","0","0","0","0","0","4","0","","67","3","2021","4","40.027556","-75.132442","254","6","0","0","0","0","0","0","0","0","","0","0","0","2","3","1","N","0","2","40 01:39.200","5","0","75 07:56.790","4","0","0","0","67301","0","0","0","N","0","0","0","2","67301","1","","1.0","407.0","1","N","N","N","0","","0","0","0","0","0","Y","251","2","1","0","0","0","0","0","2","0","2","0","0","0","3","","","N","","","","","","","","","",""
"2021016750","1208","1","0","0","0","0","0","0","0","0","4","0","","67","2","2021","4","39.997333","-75.165556","1204","6","0","0","0","0","0","0","0","0","","0","0","0","11","1","0","N","0","0","39 59:50.400","","7","75 09:56.000","0","0","0","0","67301","0","0","0","N","0","0","0","2","67301","0","","1.0","","1","N","N","N","0","","0","0","1","0","0","","1158","2","0","0","0","0","0","0","2","0","2","0","0","0","4","04","","N","","","","","","","","","",""
"2021028819","1639","2","0","0","0","0","0","0","0","0","1","0","","67","3","2021","1","39.964968","-75.185513","1630","6","0","0","0","0","0","0","0","0","","0","0","0","16","1","0","N","0","0","39 57:53.883","","0","75 11:07.845","0","0","0","0","67301","0","0","0","N","0","0","0","4","68K01","0","","1.0","","9","N","N","N","0","","0","0","1","0","0","","1628","3","0","0","0","0","0","0","2","0","3","0","0","0","7","07","","N","","","","","","","","","",""
"2021018804","2136","1","0","0","0","0","0","0","0","0","4","0","","67","2","2021","3","40.012299","-75.069352","2136","6","0","0","0","0","0","1","0","0","","0","0","0","21","3","1","","1","1","40 00:44.275","2","0","75 04:09.666","4","0","0","0","67301","0","0","0","N","0","0","0","2","67301","1","","1.0","300.0","1","N","N","N","0","","0","0","1","3","2","Y","2130","2","1","0","0","0","0","0","2","0","2","0","0","0","3","03","","N","","","","","","","","","",""
"2021019600","1455","1","0","0","0","0","0","1","0","0","6","1","","67","2","2021","3","39.973623","-75.219406","1438","6","0","0","0","0","0","0","0","0","","0","0","0","14","1","2","N","0","0","39 58:25.043","","0","75 13:09.863","8","0","0","0","67301","0","0","0","N","0","0","0","3","67508","0","","1.0","","1","N","N","Y","0","","0","0","0","0","0","","1438","3","2","0","0","0","2","0","2","0","3","0","0","0","3","03","","N","","","","","","","","","",""
"2021017589","1803","2","0","0","0","0","0","0","0","0","4","0","","67","2","2021","7","39.922972","-75.238667","1803","6","0","0","0","0","0","0","0","0","","0","0","0","18","3","1","N","0","0","39 55:22.700","","7","75 14:19.200","8","0","0","0","67301","0","0","0","N","0","0","0","5","67301","0","","1.0","","1","N","N","N","0","","0","0","0","0","0","","1802","2","1","0","0","0","1","0","2","0","2","0","0","0","98","03","","N","","","","","","","","","",""
"2021015545","355","2","0","0","0","0","0","0","0","0","4","0","","67","2","2021","7","40.005843","-75.096428","350","6","0","0","0","0","0","0","0","0","","0","0","0","3","3","0","","1","0","40 00:21.036","","1","75 05:47.139","9","0","0","0","67301","0","0","0","N","0","0","0","2","67301","0","","1.0","","1","N","N","N","0","","0","0","0","3","2","","305","2","0","0","0","0","0","1","2","0","2","0","0","0","3","03","","N","","","","","","","","","",""
"2021017750","2105","2","0","0","0","0","0","0","0","0","5","0","","67","2","2021","7","39.927689","-75.192506","2058","6","0","0","0","0","0","0","1","0","","0","0","0","20","3","1","N","0","0","39 55:39.680","","0","75 11:33.020","8","0","0","0","67301","0","0","0","N","0","0","0","1","67301","0","","6.0","","2","N","N","N","0","","0","0","0","0","0","","2057","2","1","0","0","0","1","0","2","0","2","0","0","0","3","03","","N","","","","","","","","","",""
"2021020521","302","1","0","0","0","0","0","0","0","0","5","0","45","67","2","2021","7","39.958239","-75.180369","256","6","0","0","0","0","0","0","0","0","","0","0","0","2","3","0","N","0","0","39 57:29.659","","0","75 10:49.330","0","0","0","0","67301","0","0","0","N","0","0","0","4","68K01","0","","1.0","","1","N","N","N","0","","0","0","1","0","0","","254","2","0","0","0","0","0","0","2","0","2","0","0","0","3","","N","Y","3","2","","","Y","Y","","","","N"
"2021017591","845","1","0","0","0","0","0","0","0","0","4","0","","67","2","2021","2","39.994452","-75.145748","845","6","0","0","0","0","0","0","0","0","","0","0","0","8","1","2","","1","0","39 59:40.027","","0","75 08:44.692","3","0","0","0","67301","0","0","0","N","0","0","0","3","67301","0","","1.0","","9","N","N","N","0","","2","0","0","3","3","","840","2","2","0","0","0","0","0","2","1","2","0","0","0","4","","","N","","","","","","","","","",""
"2021028448","1220","1","0","0","0","0","0","0","0","0","2","0","","67","3","2021","6","40.105161","-75.032846","1215","6","0","1","0","1","0","0","0","0","","0","0","0","12","1","2","","1","1","40 06:18.580","3","0","75 01:58.246","3","0","0","0","67301","0","0","0","N","0","0","0","3","67301","0","","1.0","45.0","1","N","N","N","0","","2","0","1","3","2","Y","1200","2","2","0","0","0","0","0","2","0","2","0","0","0","3","","","N","","","","","","","","","",""
"2021017484","424","1","0","0","0","0","0","0","0","0","1","0","","67","2","2021","5","39.953214","-75.168364","423","6","0","0","0","0","0","0","0","0","","0","0","0","4","3","0","N","0","1","39 57:11.570","2","0","75 10:06.110","0","0","0","0","67301","0","0","0","N","0","0","0","1","67301","0","","6.0","450.0","1","N","N","N","0","","0","0","1","0","0","N","401","2","0","0","0","0","0","0","2","0","2","0","0","0","3","03","","N","","","","","","","","","",""
"2021029347","2323","0","0","0","0","0","0","0","0","0","5","0","","67","3","2021","3","39.965314","-75.137466","2314","6","0","0","0","0","0","0","0","0","","0","0","0","22","3","0","N","0","0","39 57:55.129","","0","75 08:14.878","9","0","0","0","67301","0","0","0","N","0","0","0","2","68K01","0","","1.0","","1","N","N","N","0","","0","0","1","0","0","","2251","2","0","0","0","0","0","1","2","0","2","0","0","0","3","","","N","","","","","","","","","",""
"2021042494","8","1","0","0","0","0","0","0","0","0","1","0","40","67","5","2021","2","40.018356","-75.167933","2353","6","0","0","0","0","0","1","0","0","","0","0","0","23","3","0","N","0","2","40 01:06.083","1","0","75 10:04.557","0","0","0","0","67301","0","0","0","N","0","0","0","3","67301","0","","1.0","35.0","1","N","N","N","0","","0","0","1","3","8","N","2353","2","0","0","0","0","0","0","2","0","2","0","0","0","3","03","Y","Y","4","1","N","N","Y","Y","Y","N","N","N"
"2021022814","1357","1","0","0","0","0","0","0","0","0","5","0","45","67","2","2021","4","39.899168","-75.176443","1333","6","0","0","0","0","0","1","0","0","","0","0","0","13","1","0","N","0","0","39 53:57.003","","3","75 10:35.196","9","0","0","0","67301","0","0","0","N","0","0","0","2","68K01","0","","1.0","","1","N","N","N","0","","0","0","0","0","0","","1304","2","0","0","0","0","0","1","2","0","2","0","0","0","3","","N","Y","4","1","","","N","","","Y","","N"
"2021028413","1435","0","0","2","0","0","0","0","0","0","1","1","","67","3","2021","2","39.957463","-75.147479","1435","6","0","0","0","0","0","1","1","0","","0","1","0","14","1","7","","6","2","39 57:26.868","3","3","75 08:50.926","2","0","0","0","67301","0","0","0","N","0","0","0","9","67501","1","","1.0","1532.0","1","N","N","N","0","","4","2","2","3","8","N","1435","4","7","0","0","0","0","0","2","1","4","0","0","0","3","03","","N","","","","","","","","","",""
"2021028861","2012","0","0","0","0","0","0","0","0","0","8","0","","67","3","2021","1","39.955578","-75.233984","2012","6","0","0","0","0","0","0","0","0","","0","0","0","20","3","1","","1","0","39 57:20.080","","0","75 14:02.342","3","0","0","0","67301","1","0","0","N","1","0","0","2","67301","0","","1.0","","9","N","N","N","1","","1","0","0","3","2","","2012","2","1","0","0","0","0","0","2","0","1","1","0","0","7","07","","N","","","","","","","","","",""
"2021030387","2034","0","0","0","0","0","0","0","0","0","8","0","","67","3","2021","3","39.977092","-75.120397","2026","6","0","0","0","0","0","0","0","0","","0","1","0","20","3","1","N","0","0","39 58:37.530","","0","75 07:13.430","3","0","0","0","67301","1","0","0","N","1","0","0","2","67301","0","","1.0","","1","N","N","N","0","","1","0","0","0","0","","2020","2","1","0","0","0","0","0","2","0","1","1","0","0","3","","","N","","","","","","","","","",""
"2021019456","46","3","0","0","0","0","0","0","0","0","5","0","","67","2","2021","7","40.024807","-75.147741","37","6","0","0","0","0","1","0","0","0","","0","0","0","0","3","0","N","0","0","40 01:29.304","","0","75 08:51.867","0","0","0","0","67301","0","0","0","N","0","0","0","3","67301","0","","1.0","","9","N","N","N","0","","0","0","1","0","0","","20","4","0","0","0","0","0","0","2","0","4","0","0","0","3","03","","N","","","","","","","","","",""
"2021016604","2255","1","0","0","0","0","0","0","0","0","7","0","","67","2","2021","2","40.039092","-75.008402","2255","6","0","0","0","0","0","0","0","0","","0","0","0","22","3","0","N","0","0","40 02:20.732","","0","75 00:30.247","0","0","0","0","67301","0","0","0","N","0","0","0","1","68K01","0","","3.0","","9","N","N","N","0","","0","0","0","0","0","","2250","1","0","0","0","0","0","0","2","0","1","0","0","0","7","","","N","","","","","","","","","",""
"2021020523","1535","1","0","0","0","0","0","0","0","0","7","0","","67","2","2021","7","39.985113","-75.0946","1527","6","0","0","0","0","0","1","0","0","","0","0","0","15","1","0","N","0","1","39 59:06.408","2","3","75 05:40.561","0","0","0","0","67301","0","0","0","N","0","0","0","1","68K01","0","","4.0","1620.0","9","N","N","N","0","","0","0","0","0","0","N","1525","1","0","1","0","0","0","0","2","0","1","0","0","0","6","","","N","","","","","","","","","",""
"2021017190","1537","2","0","0","0","0","0","0","0","0","4","0","","67","2","2021","4","39.969241","-75.205807","1537","6","0","0","0","0","0","1","0","0","","0","0","0","15","1","3","","1","0","39 58:09.267","","0","75 12:20.905","3","0","0","0","67301","0","0","0","N","0","0","0","3","67301","0","","1.0","","1","N","N","N","0","","3","0","0","3","3","","1518","2","3","0","0","0","0","0","2","0","2","0","0","0","3","","","N","","","","","","","","","",""
"2021015921","2049","3","0","0","0","0","0","0","0","0","5","0","","67","2","2021","2","40.006894","-75.154256","2046","6","0","0","0","0","0","0","0","0","","0","0","0","20","3","0","N","0","2","40 00:24.820","1","0","75 09:15.320","9","0","0","0","67301","0","0","0","N","0","0","0","1","67301","0","","6.0","2115.0","9","N","N","Y","0","","0","0","0","0","0","Y","2040","3","0","0","0","0","0","1","2","0","3","0","0","0","7","04","","N","","","","","","","","","",""
"2021016469","733","3","0","0","0","0","0","0","0","0","5","0","","67","2","2021","4","39.915843","-75.164055","730","6","0","0","0","0","0","0","0","0","","0","0","0","7","1","0","N","0","0","39 54:57.036","","0","75 09:50.599","0","0","0","0","67301","0","0","0","N","0","0","0","1","67301","0","","6.0","","1","N","N","N","1","","0","0","1","0","0","","715","5","0","0","0","0","0","0","2","0","5","0","0","0","3","","","N","","","","","","","","","",""
"2021018071","2145","2","0","0","0","0","0","0","0","1","4","0","","67","2","2021","1","40.030057","-75.055367","2140","6","0","0","0","0","0","0","0","0","","0","0","0","21","3","4","","2","0","40 01:48.204","","0","75 03:19.322","2","0","0","0","67301","0","0","0","N","0","0","0","9","67301","0","","1.0","","1","N","N","N","0","","3","1","0","3","3","","2115","3","4","0","0","0","0","0","2","1","3","0","0","0","3","03","","N","","","","","","","","","",""
"2021018389","1803","0","0","0","0","0","0","0","0","0","1","0","","67","2","2021","4","40.06271","-75.021782","1752","6","0","0","0","0","0","0","0","0","","0","0","0","17","4","2","Y","0","0","40 03:45.756","","0","75 01:18.414","3","0","0","0","67301","0","0","0","N","0","0","0","2","67301","1","","1.0","","1","N","N","N","0","","1","0","2","3","2","","1752","2","2","0","0","0","0","0","2","0","2","0","0","0","3","03","","N","","","","","","","","","",""
"2021028539","1400","1","0","0","0","0","0","0","0","0","4","0","","67","3","2021","6","39.989858","-75.125431","1340","6","0","0","0","0","0","0","0","0","","0","1","0","13","1","1","","1","0","39 59:23.487","","1","75 07:31.551","8","0","0","0","67301","0","0","0","N","0","0","0","2","67301","0","","1.0","","1","N","N","N","0","","0","0","0","3","2","","1340","2","1","0","0","0","1","0","2","0","2","0","0","0","3","","","N","","","","","","","","","",""
"2021017186","901","1","0","0","0","0","0","0","0","0","7","0","","67","2","2021","6","39.95074","-75.150367","901","6","0","0","0","0","0","0","0","0","","0","0","0","7","1","1","","1","0","39 57:02.664","","0","75 09:01.321","8","0","0","0","67301","0","0","0","N","0","0","0","1","67301","0","","4.0","","2","N","N","N","0","","0","0","0","3","2","","759","1","1","0","0","0","1","0","2","0","1","0","0","0","6","09","","N","","","","","","","","","",""
"2021017851","220","1","0","0","0","0","0","0","0","0","7","0","","67","2","2021","7","39.95548","-75.148099","219","6","0","0","0","0","0","0","0","0","","0","0","0","2","3","2","N","0","1","39 57:19.729","4","2","75 08:53.156","4","0","0","0","67301","0","0","0","N","0","0","0","2","67501","2","","4.0","20.0","9","N","N","N","0","","0","0","0","0","0","N","219","1","2","1","0","0","0","0","2","0","1","0","0","0","4","","","N","","","","","","","","","",""
"2021030121","1652","2","0","0","0","0","0","0","0","0","2","0","","67","3","2021","4","40.093503","-74.980167","1640","6","0","0","0","0","1","0","0","0","","0","0","0","16","1","0","","1","0","40 05:36.611","","0","74 58:48.600","0","0","0","0","67301","0","0","0","N","0","0","0","2","67301","0","","1.0","","9","N","N","N","0","","0","0","0","3","2","","1637","2","0","0","0","0","0","0","2","0","2","0","0","0","7","07","","N","","","","","","","","","",""
"2021014955","1120","2","0","0","0","0","0","0","0","0","1","0","","67","2","2021","7","40.00594","-75.151851","1115","6","0","0","0","0","0","1","0","0","","0","0","0","11","1","0","N","0","1","40 00:21.385","1","0","75 09:06.665","9","0","0","0","67301","0","0","0","N","0","0","0","7","67505","0","","1.0","1130.0","1","N","N","N","0","","0","0","0","0","0","N","1115","3","0","0","0","0","0","6","2","1","3","0","0","0","3","03","","N","","","","","","","","","",""
"2021028946","1248","2","0","0","0","0","0","0","0","0","1","1","","67","3","2021","4","39.916102","-75.147754","1245","6","0","0","0","0","0","1","0","0","","0","1","0","12","1","1","N","0","1","39 54:57.966","2","0","75 08:51.916","8","0","0","0","67301","0","0","0","N","0","0","0","3","68K01","0","","1.0","30.0","9","N","N","N","0","","0","0","0","0","0","N","1241","3","1","0","0","0","1","0","2","0","3","0","0","0","7","04","","N","","","","","","","","","",""
"2021017593","1650","1","0","0","0","0","0","0","0","0","4","0","","67","2","2021","7","39.97759","-75.149424","1650","6","0","0","0","0","0","0","0","1","","0","0","0","16","1","1","","1","0","39 58:39.324","","0","75 08:57.926","3","0","0","0","67301","0","0","0","N","0","0","0","2","67301","0","","1.0","","1","N","N","N","0","","1","0","1","3","3","","1600","2","1","0","0","0","0","0","2","0","2","0","0","0","3","","","N","","","","","","","","","",""
"2021019027","2207","1","0","0","0","0","0","0","0","0","7","0","","67","2","2021","4","39.974829","-75.117673","2149","6","0","0","0","0","0","0","0","0","","0","0","0","21","3","1","N","0","1","39 58:29.386","2","3","75 07:03.623","4","0","0","0","67301","0","0","0","N","0","0","0","1","68K01","1","","4.0","2230.0","1","N","N","N","0","","0","0","0","0","0","N","2149","1","1","1","0","0","0","0","2","0","1","0","0","0","3","","","N","","","","","","","","","",""
"2021015324","325","1","0","0","0","0","0","0","0","0","2","0","","67","2","2021","1","40.053009","-75.064302","253","6","0","0","0","0","0","0","0","0","","0","0","0","2","3","0","","1","0","40 03:10.832","","0","75 03:51.487","0","0","0","0","67301","0","0","0","N","0","0","0","1","67301","0","","5.0","","2","N","N","N","0","","0","0","0","3","2","","245","1","0","0","0","0","0","0","2","0","1","0","0","0","6","","","N","","","","","","","","","",""
"2021016356","1615","2","0","0","0","0","0","0","0","0","1","0","","67","2","2021","7","39.991898","-75.109331","1609","6","0","0","0","0","0","0","0","0","","0","0","0","16","1","0","","1","0","39 59:30.833","","0","75 06:33.593","0","0","0","0","67301","0","0","0","N","0","0","0","3","67301","0","","1.0","","9","N","N","N","0","","0","0","1","3","3","","1605","3","0","0","0","0","0","0","2","0","3","0","0","0","7","","","N","","","","","","","","","",""
"2021019425","1620","1","0","0","0","0","0","0","0","0","7","0","","67","2","2021","1","40.002264","-75.133767","1610","6","0","0","0","0","0","0","0","0","","0","0","0","16","1","0","","1","0","40 00:08.150","","0","75 08:01.561","0","0","0","0","67301","0","0","0","N","0","0","0","1","67301","0","","4.0","","1","N","N","Y","0","","0","0","0","0","0","","1600","1","0","0","0","0","0","0","2","0","1","0","0","0","3","03","","N","","","","","","","","","",""
"2021015837","1335","1","0","0","0","0","0","0","0","0","6","0","","67","2","2021","7","39.981944","-75.226472","1330","6","0","0","0","0","0","1","0","0","","0","0","0","22","3","2","N","0","0","39 58:55.000","","0","75 13:35.300","3","0","0","0","67301","0","0","0","N","0","0","0","3","67301","0","","1.0","","2","N","N","N","0","","2","0","1","0","0","","2200","2","2","0","0","0","0","0","2","0","2","0","0","0","6","06","","N","","","","","","","","","",""
"2021015155","1843","0","0","0","0","0","0","0","0","0","4","0","","67","2","2021","7","40.001462","-75.164659","1833","6","0","0","0","0","0","0","0","0","","0","0","0","17","3","1","","1","0","40 00:05.263","","0","75 09:52.772","3","0","0","0","67301","0","0","0","N","0","0","0","3","67301","0","","1.0","","2","N","N","N","0","","1","0","2","3","3","","1710","2","1","0","0","0","0","0","2","0","2","0","0","0","6","","","N","","","","","","","","","",""
"2021028542","718","3","0","0","0","0","0","0","0","0","4","0","","67","3","2021","1","39.972632","-75.144461","715","6","0","0","0","0","0","0","0","0","","0","0","0","6","5","1","","1","0","39 58:21.475","","0","75 08:40.059","3","0","0","0","67301","0","0","0","N","0","0","0","2","67301","0","","1.0","","1","N","N","N","0","","1","0","1","3","2","","628","4","1","1","0","0","0","0","2","0","4","0","0","0","3","03","","N","","","","","","","","","",""