"CRN","ARRIVAL_TM","AUTOMOBILE_COUNT","BELTED_DEATH_COUNT","BELTED_SUSP_SERIOUS_INJ_COUNT","BICYCLE_COUNT","BICYCLE_DEATH_COUNT","BICYCLE_SUSP_SERIOUS_INJ_COUNT","BUS_COUNT","CHLDPAS_DEATH_COUNT","CHLDPAS_SUSP_SERIOUS_INJ_COUNT","COLLISION_TYPE","COMM_VEH_COUNT","CONS_ZONE_SPD_LIM","COUNTY","CRASH_MONTH","CRASH_YEAR","DAY_OF_WEEK","DEC_LATITUDE","DEC_LONGITUDE","DISPATCH_TM","DISTRICT","DRIVER_COUNT_16YR","DRIVER_COUNT_17YR","DRIVER_COUNT_18YR","DRIVER_COUNT_19YR","DRIVER_COUNT_20YR","DRIVER_COUNT_50_64YR","DRIVER_COUNT_65_74YR","DRIVER_COUNT_75PLUS","EST_HRS_CLOSED","FATAL_COUNT","HEAVY_TRUCK_COUNT","HORSE_BUGGY_COUNT","HOUR_OF_DAY","ILLUMINATION","INJURY_COUNT","INTERSECTION_RELATED","INTERSECT_TYPE","LANE_CLOSED","LATITUDE","LN_CLOSE_DIR","LOCATION_TYPE","LONGITUDE","MAX_SEVERITY_LEVEL","MCYCLE_DEATH_COUNT","MCYCLE_SUSP_SERIOUS_INJ_COUNT","MOTORCYCLE_COUNT","MUNICIPALITY","NONMOTR_COUNT","NONMOTR_DEATH_COUNT","NONMOTR_SUSP_SERIOUS_INJ_COUNT","NTFY_HIWY_MAINT","PED_COUNT","PED_DEATH_COUNT","PED_SUSP_SERIOUS_INJ_COUNT","PERSON_COUNT","POLICE_AGCY","POSSIBLE_INJ_COUNT","RDWY_SURF_TYPE_CD","RELATION_TO_ROAD","ROADWAY_CLEARED","ROAD_CONDITION","SCH_BUS_IND","SCH_ZONE_IND","SECONDARY_CRASH","SMALL_TRUCK_COUNT","SPEC_JURIS_CD","SUSP_MINOR_INJ_COUNT","SUSP_SERIOUS_INJ_COUNT","SUV_COUNT","TCD_FUNC_CD","TCD_TYPE","TFC_DETOUR_IND","TIME_OF_DAY","TOTAL_UNITS","TOT_INJ_COUNT","UNBELTED_OCC_COUNT","UNB_DEATH_COUNT","UNB_SUSP_SERIOUS_INJ_COUNT","UNK_INJ_DEG_COUNT","UNK_INJ_PER_COUNT","URBAN_RURAL","VAN_COUNT","VEHICLE_COUNT","VULNERABLE_ROAD_USER_COUNT","VULNERABLE_ROAD_USER_DEATH_COUNT","VULNERABLE_ROAD_USER_SER_INJ_COUNT","WEATHER1","WEATHER2","WORKERS_PRES","WORK_ZONE_IND","WORK_ZONE_LOC","WORK_ZONE_TYPE","WZ_CLOSE_DETOUR","WZ_FLAGGER","WZ_LAW_OFFCR_IND","WZ_LN_CLOSURE","WZ_MOVING","WZ_OTHER","WZ_SHLDER_MDN","WZ_WORKERS_INJ_KILLED"
"2021043396","1333","0","0","0","0","0","0","0","0","0","1","0","","67","4","2021","7","39.983257","-75.098515","1315","6","0","0","0","0","0","0","0","0","","0","0","0","13","1","1","N","0","2","39 58:59.725","1","0","75 05:54.655","3","0","0","0","67301","0","0","0","N","0","0","0","2","68K01","0","","1.0","1400.0","1","N","N","N","1","","1","0","1","0","0","Y","1313","2","1","0","0","0","0","0","2","0","2","0","0","0","3","","","N","","","","","","","","","",""
"2021017649","1206","1","0","0","0","0","0","0","0","0","4","0","","67","2","2021","7","40.042809","-75.06315","1200","6","0","0","0","0","0","0","0","0","","0","0","0","11","1","1","","1","1","40 02:34.113","1","0","75 03:47.339","3","0","0","0","67301","0","0","0","N","0","0","0","5","67301","0","","1.0","1230.0","9","N","N","N","0","","1","0","1","3","2","N","1154","2","1","0","0","0","0","0","2","0","2","0","0","0","3","","","N","","","","","","","","","",""
"2021020526","857","0","0","0","0","0","0","0","0","0","7","0","","67","2","2021","1","40.024388","-75.030407","843","6","0","0","0","0","0","0","0","0","","0","0","0","8","1","1","N","0","1","40 01:27.797","1","0","75 01:49.466","8","0","0","0","67301","0","0","0","Y","0","0","0","2","68K01","0","","2.0","929.0","9","N","N","N","0","","0","0","1","0","0","N","842","1","1","1","0","0","1","0","2","0","1","0","0","0","3","","","N","","","","","","","","","",""
"2021042071","2325","1","0","0","0","0","0","0","0","0","8","0","","67","5","2021","7","40.042749","-75.074267","2320","6","0","0","0","0","1","0","0","0","","1","0","0","23","3","0","N","0","2","40 02:33.896","5","0","75 04:27.362","1","0","0","0","67301","1","1","0","N","1","1","0","2","67301","0","2","1.0","150.0","1","N","N","N","0","0","0","0","0","0","0","Y","2305","2","0","0","0","0","0","0","2","0","1","1","1","0","3","03","","N","","","","","","","","","",""
"2021028298","11","0","0","0","0","0","0","0","0","0","7","0","","67","3","2021","6","39.889958","-75.230599","11","6","0","0","0","0","0","0","0","0","","0","0","0","22","3","1","N","0","0","39 53:23.848","","2","75 13:50.157","8","0","0","0","67301","0","0","0","N","0","0","0","1","67301","0","","5.0","","1","N","N","N","0","","0","0","1","0","0","","2255","1","1","0","0","0","1","0","2","0","1","0","0","0","3","03","","N","","","","","","","","","",""
"2021029510","320","0","0","0","0","0","0","0","0","0","7","0","","67","3","2021","7","39.906519","-75.149863","310","6","0","0","0","0","0","0","0","0","","0","0","0","2","3","2","N","0","0","39 54:23.470","","0","75 08:59.508","8","0","0","0","67301","0","0","0","N","0","0","0","2","68K01","0","","3.0","","1","N","N","N","0","","0","0","1","0","0","","252","1","2","0","0","0","2","0","2","0","1","0","0","0","3","","","N","","","","","","","","","",""
"2021042546","1648","1","0","0","0","0","0","0","0","0","4","0","","67","5","2021","1","39.953899","-75.141584","1646","6","0","0","0","0","0","2","0","0","","0","0","0","16","1","1","N","0","0","39 57:14.037","","0","75 08:29.703","8","0","0","0","67301","0","0","0","N","0","0","0","6","68K01","0","","1.0","","1","N","N","N","0","","0","0","2","0","0","","1645","3","1","0","0","0","1","0","2","0","3","0","0","0","3","03","","N","","","","","","","","","",""
"2021020522","1506","1","0","0","0","0","0","0","0","0","7","0","","67","2","2021","7","40.030474","-75.02198","1441","6","0","1","0","0","0","0","0","0","","0","0","0","14","1","0","N","0","1","40 01:49.708","2","3","75 01:19.127","0","0","0","0","67301","0","0","0","N","0","0","0","1","68K01","0","","4.0","1530.0","9","N","N","N","0","","0","0","0","0","0","N","1424","1","0","0","0","0","0","0","2","0","1","0","0","0","6","","","N","","","","","","","","","",""
"2021015239","550","2","0","0","0","0","0","0","0","0","1","0","","67","2","2021","7","39.952559","-75.19005","538","6","0","0","0","0","0","0","0","0","","0","0","0","5","3","0","","1","0","39 57:09.214","","0","75 11:24.181","0","0","0","0","67301","0","0","0","N","0","0","0","3","67301","0","","1.0","","1","N","N","N","0","","0","0","0","3","2","","520","2","0","0","0","0","0","0","2","0","2","0","0","0","3","03","","N","","","","","","","","","",""
"2021043088","739","1","0","0","0","0","0","0","0","0","1","0","","67","5","2021","3","39.985667","-75.208279","727","6","0","0","0","0","0","0","0","0","","0","0","0","7","1","0","N","0","0","39 59:08.401","","0","75 12:29.803","0","0","0","0","67301","0","0","0","N","0","0","0","2","68K01","0","","1.0","","1","N","N","N","0","","0","0","1","0","0","","725","2","0","0","0","0","0","0","2","0","2","0","0","0","3","","","N","","","","","","","","","",""
"2021028853","1205","2","0","0","0","0","0","0","0","0","1","0","","67","3","2021","2","40.04717","-75.058924","1200","6","0","0","0","0","0","0","1","0","","0","0","0","11","1","2","N","0","0","40 02:49.811","","0","75 03:32.127","3","0","0","0","67301","0","0","0","N","0","0","0","3","67301","0","","1.0","","1","N","N","N","0","","2","0","1","3","2","","1155","3","2","0","0","0","0","0","2","0","3","0","0","0","3","03","","N","","","","","","","","","",""
"2021016879","1628","2","0","0","0","0","0","0","0","0","4","0","","67","2","2021","4","39.921328","-75.146116","1627","6","0","0","0","0","0","0","0","0","","0","0","0","16","1","0","","1","0","39 55:16.782","","0","75 08:46.016","0","0","0","0","67301","0","0","0","N","0","0","0","2","67301","0","","1.0","","1","N","N","N","0","","0","0","0","3","3","","1610","2","0","0","0","0","0","0","2","0","2","0","0","0","3","","","N","","","","","","","","","",""
"2021043061","1913","1","0","0","0","0","0","0","0","0","5","0","","67","5","2021","4","39.966768","-75.134948","1856","6","0","0","1","0","0","0","0","0","","0","0","0","18","1","0","N","0","1","39 58:00.366","2","0","75 08:05.813","0","0","0","0","67301","0","0","0","N","0","0","0","2","68K01","0","","1.0","1930.0","1","N","N","N","0","","0","0","1","0","0","N","1855","2","0","0","0","0","0","0","2","0","2","0","0","0","3","","","N","","","","","","","","","",""
"2021018193","1313","1","0","0","0","0","0","0","0","0","7","0","","67","2","2021","5","39.916233","-75.147736","1234","6","0","0","0","0","0","0","0","0","","0","0","0","12","1","0","N","0","2","39 54:58.439","2","0","75 08:51.849","0","0","0","0","67301","0","0","0","N","0","0","0","1","68K01","0","","3.0","10.0","7","N","N","N","0","","0","0","0","0","0","N","1233","1","0","0","0","0","0","0","2","0","1","0","0","0","10","10","","N","","","","","","","","","",""
"2021017590","1314","1","0","0","0","0","0","0","0","0","4","0","","67","2","2021","1","40.019981","-75.126647","1314","6","0","0","0","1","0","0","0","0","","0","0","0","13","1","2","","2","0","40 01:11.931","","0","75 07:35.929","8","0","0","0","67301","0","0","0","N","0","0","0","3","67301","0","","1.0","","2","N","N","N","0","","0","0","1","3","3","","1308","2","2","0","0","0","2","0","2","0","2","0","0","0","98","98","","N","","","","","","","","","",""
"2021029369","1622","1","0","0","0","0","0","0","0","0","1","0","","67","3","2021","7","39.965291","-75.185696","1603","6","0","0","0","0","0","0","1","0","","0","0","0","15","1","1","N","6","0","39 57:55.047","","2","75 11:08.504","4","0","0","0","67301","0","0","0","N","0","0","0","2","68K01","1","","1.0","","1","N","N","N","0","","0","0","1","0","0","","1551","2","1","0","0","0","0","0","2","0","2","0","0","0","4","","","N","","","","","","","","","",""
"2021015240","1210","0","0","0","0","0","0","0","0","0","4","0","","67","2","2021","7","39.997042","-75.178573","1200","6","0","0","0","0","0","1","0","0","","0","0","0","12","1","0","","1","0","39 59:49.350","","0","75 10:42.861","9","0","0","0","67301","0","0","0","N","0","0","0","3","67301","0","","1.0","","9","N","N","N","1","","0","0","0","3","2","","1200","2","0","0","0","0","0","1","2","1","2","0","0","0","7","06","","N","","","","","","","","","",""
"2021018695","1624","2","0","0","0","0","0","0","0","0","5","0","","67","2","2021","1","39.997694","-75.123055","1620","6","0","0","0","0","0","0","0","0","","0","0","0","16","1","0","N","0","0","39 59:51.699","","0","75 07:22.997","0","0","0","0","67301","0","0","0","N","0","0","0","1","67301","0","","6.0","","1","N","N","N","0","","0","0","0","0","0","","1601","3","0","0","0","0","0","0","2","1","3","0","0","0","3","03","","N","","","","","","","","","",""
"2021029629","1207","3","0","0","0","0","0","0","0","0","1","0","","67","3","2021","6","39.968516","-75.19129","1157","6","0","0","0","0","0","1","0","0","","0","0","0","11","1","1","N","0","0","39 58:06.659","","0","75 11:28.643","3","0","0","0","67301","0","0","0","N","0","0","0","3","68K01","0","","1.0","","1","N","N","N","0","","1","0","0","0","0","","1155","3","1","0","0","0","0","0","2","0","3","0","0","0","3","","","N","","","","","","","","","",""
"2021028446","2315","0","0","0","0","0","0","0","0","0","7","0","","67","3","2021","5","39.956586","-75.152396","2314","6","0","0","0","0","0","0","0","0","","0","0","0","23","3","2","","6","1","39 57:23.708","2","1","75 09:08.624","2","0","0","0","67301","0","0","0","N","0","0","0","2","67301","0","","5.0","45.0","1","N","N","N","0","","1","1","1","3","2","N","2310","1","2","1","0","1","0","0","2","0","1","0","0","0","3","03","","N","","","","","","","","","",""
"2021019046","2310","1","0","0","0","0","0","0","0","0","7","0","","67","2","2021","1","39.989012","-75.206694","2307","6","0","0","0","1","0","0","0","0","","0","0","0","22","3","0","N","0","0","39 59:20.444","","0","75 12:24.097","0","0","0","0","67301","0","0","0","N","0","0","0","1","68K01","0","","4.0","","1","N","N","N","0","","0","0","0","0","0","","2256","1","0","0","0","0","0","0","2","0","1","0","0","0","3","","","N","","","","","","","","","",""
"2021017003","1500","1","0","0","0","0","0","0","0","0","1","0","","67","2","2021","3","40.062991","-75.238257","1450","6","0","0","0","0","0","1","0","0","","0","0","0","14","1","1","N","0","2","40 03:46.769","1","0","75 14:17.726","3","0","0","0","67301","0","0","0","N","0","0","0","3","67301","0","","1.0","1630.0","1","N","N","N","0","","1","0","2","3","2","Y","1440","3","1","0","0","0","0","0","2","0","3","0","0","0","3","","","N","","","","","","","","","",""
"2021016468","756","1","0","0","0","0","0","0","0","0","8","0","","67","2","2021","3","39.921773","-75.170312","753","6","0","0","0","0","0","0","0","0","","0","0","0","7","1","1","N","0","0","39 55:18.382","","0","75 10:13.122","3","0","0","0","67301","1","0","0","N","1","0","0","3","67301","0","","1.0","","9","N","N","N","0","","1","0","1","0","0","","740","3","1","0","0","0","0","0","2","0","2","1","0","0","7","04","","N","","","","","","","","","",""
"2021030007","1612","0","0","0","0","0","0","0","0","0","5","0","","67","3","2021","4","39.9507","-75.141099","1554","6","0","0","0","0","0","0","0","0","","0","0","0","15","1","1","N","0","1","39 57:02.521","1","0","75 08:27.957","3","0","0","0","67301","0","0","0","N","0","0","0","3","68K01","0","","1.0","1635.0","9","N","N","N","0","","1","0","1","0","0","N","1552","2","1","0","0","0","0","1","2","0","2","0","0","0","7","","","N","","","","","","","","","",""
"2021016743","1520","0","0","0","0","0","0","0","0","0","4","0","","67","2","2021","4","39.918098","-75.180885","1515","6","0","0","0","0","0","1","0","0","","0","0","0","14","1","2","","1","0","39 55:05.152","","0","75 10:51.186","8","0","0","0","67301","0","0","0","N","0","0","0","2","67301","0","","1.0","","1","N","N","N","0","","0","0","2","3","2","","1420","2","2","0","0","0","2","0","2","0","2","0","0","0","3","03","","N","","","","","","","","","",""
"2021016752","1830","1","0","0","0","0","0","0","0","0","5","0","","67","2","2021","4","40.015511","-75.176793","1811","6","0","0","0","0","0","0","0","0","","0","0","0","16","1","1","N","0","0","40 00:55.840","","0","75 10:36.455","8","0","0","0","67301","0","0","0","N","0","0","0","3","67301","0","","1.0","","1","N","N","N","1","","0","0","1","0","0","","1620","3","1","0","0","0","1","0","2","0","3","0","0","0","3","03","","N","","","","","","","","","",""
"2021042716","1657","1","0","0","0","0","0","0","0","0","1","0","","67","5","2021","2","39.990328","-75.205302","1637","6","0","0","0","0","0","0","0","0","","0","0","0","16","1","0","N","0","0","39 59:25.180","","0","75 12:19.088","0","0","0","0","67301","0","0","0","N","0","0","0","2","68K01","0","","1.0","","1","N","N","N","0","","0","0","1","0","0","","1635","2","0","0","0","0","0","0","2","0","2","0","0","0","3","03","","N","","","","","","","","","",""
"2021020358","252","0","0","0","0","0","0","0","0","0","7","0","45","67","2","2021","3","40.011602","-75.060542","246","6","0","0","0","0","0","0","0","0","","0","0","0","2","3","0","N","0","0","40 00:41.768","","0","75 03:37.951","0","0","0","0","67301","0","0","0","N","0","0","0","1","68K01","0","","4.0","","9","N","N","N","0","","0","0","1","0","0","","244","1","0","0","0","0","0","0","2","0","1","0","0","0","7","","N","Y","4","1","","","N","","","","Y","N"
"2021019548","338","0","0","0","0","0","0","0","0","0","1","0","45","67","2","2021","3","40.012776","-75.058468","338","6","0","0","0","0","0","0","0","0","","0","0","0","3","3","1","N","0","0","40 00:45.995","","0","75 03:30.483","8","0","0","0","67301","0","0","0","N","0","0","0","4","68K01","0","","1.0","","9","N","N","N","0","","0","0","1","0","0","","338","2","1","0","0","0","1","1","2","1","2","0","0","0","7","","N","Y","4","1","","","N","","","","Y","N"
"2021015546","1240","2","0","0","0","0","0","0","0","0","4","0","","67","2","2021","7","39.97759","-75.149424","1245","6","0","0","0","0","0","0","1","0","","0","0","0","12","1","1","","1","0","39 58:39.324","","0","75 08:57.926","3","0","0","0","67301","0","0","0","N","0","0","0","2","67301","0","","1.0","","9","N","N","N","0","","1","0","0","3","3","","1240","2","1","0","0","0","0","0","2","0","2","0","0","0","7","07","","N","","","","","","","","","",""
"2021013210","924","0","0","0","0","0","0","0","0","0","8","0","","67","2","2021","6","40.034107","-75.176519","919","6","0","0","0","0","0","0","0","0","","0","0","0","9","1","1","","1","0","40 02:02.785","","0","75 10:35.468","4","0","0","0","67301","1","0","0","N","1","0","0","2","67301","1","","1.0","","8","N","N","N","0","","0","0","0","3","2","","900","2","1","0","0","0","0","0","2","0","1","1","0","0","4","04","","N","","","","","","","","","",""
"2021015325","1837","2","0","0","0","0","0","0","0","0","5","0","","67","2","2021","7","39.934567","-75.15075","1837","6","0","0","0","1","0","0","0","0","","0","0","0","18","3","0","Y","0","2","39 56:04.440","2","0","75 09:02.700","0","0","0","0","67301","0","0","0","N","0","0","0","2","67301","0","","6.0","2037.0","2","N","N","N","0","","0","0","1","3","2","Y","1835","4","0","0","0","0","0","0","2","1","4","0","0","0","6","","","N","","","","","","","","","",""
"2021015661","910","0","0","0","0","0","0","0","0","0","7","0","","67","2","2021","1","39.926152","-75.192258","901","6","0","0","0","0","0","0","0","0","","0","0","0","9","1","0","","2","0","39 55:34.147","","0","75 11:32.128","0","0","0","0","67301","0","0","0","N","0","0","0","1","67301","0","","4.0","","2","N","N","N","0","","0","0","1","0","0","","900","1","0","0","0","0","0","0","2","0","1","0","0","0","6","","","N","","","","","","","","","",""
"2021015917","108","1","0","0","0","0","0","0","0","0","4","0","","67","2","2021","1","39.981144","-75.164732","108","6","0","0","0","0","0","0","0","0","","0","0","0","1","8","2","","1","0","39 58:52.118","","0","75 09:53.035","3","0","0","0","67301","0","0","0","N","0","0","0","4","67301","0","","1.0","","9","N","N","N","0","","2","0","1","3","3","","100","2","2","0","0","0","0","2","2","0","2","0","0","0","4","","","N","","","","","","","","","",""
"2021016357","2031","1","0","0","0","0","0","0","0","0","8","0","","67","2","2021","1","39.988524","-75.106326","2028","6","0","0","0","0","0","0","0","0","","0","0","0","20","3","1","","1","0","39 59:18.686","","0","75 06:22.773","3","0","0","0","67301","1","0","0","N","1","0","0","2","67301","0","","1.0","","9","N","N","N","0","","1","0","0","3","2","","2028","2","1","0","0","0","0","0","2","0","1","1","0","0","4","","","N","","","","","","","","","",""
"2021013458","1106","1","0","0","0","0","0","0","0","0","7","0","","67","2","2021","1","40.094065","-74.980433","1059","6","0","0","0","0","0","0","0","0","","0","0","0","10","1","0","N","0","1","40 05:38.634","3","0","74 58:49.557","0","0","0","0","67301","0","0","0","N","0","0","0","1","67301","0","","2.0","1120.0","6","N","N","N","0","","0","0","0","0","0","N","1052","1","0","0","0","0","0","0","2","0","1","0","0","0","10","04","","N","","","","","","","","","",""
"2021029189","2309","0","0","0","0","0","0","0","0","0","7","0","","67","3","2021","7","39.885979","-75.210854","2301","6","0","0","0","0","0","0","0","0","","0","0","0","23","3","2","N","7","0","39 53:09.526","","2","75 12:39.076","8","0","0","0","67301","0","0","0","N","0","0","0","2","68K01","0","","2.0","","1","N","N","N","0","","0","0","1","0","0","","2300","1","2","0","0","0","2","0","2","0","1","0","0","0","3","","","N","","","","","","","","","",""
"2021015828","1542","1","0","0","0","0","0","0","0","0","4","0","","67","2","2021","1","40.06469","-74.982256","1539","6","0","0","0","0","0","0","0","1","","0","0","0","15","1","3","","1","1","40 03:52.885","6","0","74 58:56.121","3","0","0","0","67301","0","0","0","N","0","0","0","3","67301","0","","1.0","1600.0","2","N","N","N","0","","1","0","1","3","2","N","1530","2","3","0","0","0","2","0","2","0","2","0","0","0","3","03","","N","","","","","","","","","",""
"2021024548","152","1","0","0","0","0","0","0","0","0","6","0","","67","2","2021","1","40.011083","-75.135108","151","6","0","0","0","0","0","1","0","0","","0","0","0","01","3","0","N","0","0","40 00:39.900","","0","75 08:06.390","0","0","0","0","67301","0","0","0","N","0","0","0","2","67301","0","","1.0","","2","N","N","N","0","","0","0","1","0","0","","0150","2","0","0","0","0","0","0","2","0","2","0","0","0","3","10","","N","","","","","","","","","",""
"2021043030","1533","1","0","0","0","0","0","0","0","0","1","0","","67","4","2021","4","39.94863","-75.185501","1533","6","0","0","0","0","0","1","0","0","","0","0","0","15","1","0","N","0","1","39 56:55.069","4","0","75 11:07.804","0","0","0","0","67301","0","0","0","N","0","0","0","4","68K01","0","","1.0","1600.0","1","N","N","N","0","","0","0","1","0","0","N","1520","2","0","0","0","0","0","0","2","0","2","0","0","0","3","","","N","","","","","","","","","",""
"2021032422","1117","2","0","0","0","0","0","0","0","0","4","0","","67","4","2021","3","40.015303","-75.137158","1111","6","0","0","0","0","0","0","0","0","","0","0","0","11","1","1","","1","0","40 00:55.090","","0","75 08:13.768","3","0","0","0","67301","0","0","0","N","0","0","0","3","67301","0","","1.0","","1","N","N","N","1","","1","0","0","3","2","","1104","3","1","0","0","0","0","0","2","0","3","0","0","0","3","03","","N","","","","","","","","","",""
"2021000253","432","1","0","0","0","0","0","0","0","0","2","0","","67","1","2021","6","40.009044","-75.090581","424","6","0","0","0","0","0","0","0","0","","0","0","0","04","3","0","N","0","0","40 00:32.560","","1","75 05:26.090","0","0","0","0","67301","0","0","0","N","0","0","0","1","67301","0","","6.0","","1","N","N","N","0","","0","0","1","0","0","","0411","3","0","0","0","0","0","0","2","0","2","0","0","0","3","","","N","","","","","","","","","",""
"2021016256","1825","1","0","0","0","0","0","0","0","0","4","0","","67","2","2021","1","39.958132","-75.150458","1825","6","0","0","0","0","0","0","0","0","","0","0","0","15","1","0","","1","0","39 57:29.275","","0","75 09:01.648","9","0","0","0","67301","0","0","0","N","0","0","0","6","67301","0","","1.0","","9","N","N","N","0","","0","0","1","3","2","","1540","2","0","0","0","0","0","1","2","0","2","0","0","0","3","03","","N","","","","","","","","","",""
"2021032991","2221","1","0","0","0","0","0","0","0","0","7","0","","67","4","2021","7","40.005557","-75.075158","2210","6","0","0","0","0","0","0","0","0","","0","0","0","22","3","1","N","0","0","40 00:20.006","","0","75 04:30.567","8","0","0","0","67301","0","0","0","N","0","0","0","1","68K01","0","","4.0","","1","N","N","N","0","","0","0","0","0","0","","2204","1","1","0","0","0","1","0","2","0","1","0","0","0","3","03","","N","","","","","","","","","",""
"2021017792","941","0","0","0","0","0","0","0","0","0","7","0","","67","2","2021","5","39.986494","-75.091951","932","6","0","0","0","0","0","0","0","0","","0","0","0","09","1","1","N","0","2","39 59:11.379","2","0","75 05:31.025","3","0","0","0","67301","0","0","0","N","0","0","0","1","68K01","0","","3.0","45.0","7","N","N","N","0","","1","0","1","0","0","N","0930","1","1","0","0","0","0","0","2","0","1","0","0","0","10","","","N","","","","","","","","","",""
"2021010403","1347","2","0","0","0","0","0","0","0","0","1","0","","67","1","2021","7","39.959486","-75.174721","1333","6","0","0","0","0","0","1","1","0","","0","0","0","13","1","1","N","0","1","39 57:34.151","4","0","75 10:28.996","8","0","0","0","67301","0","0","0","N","0","0","0","6","68K01","0","","1.0","1430.0","1","N","N","N","0","","0","0","1","0","0","N","1323","4","1","0","0","0","1","0","2","1","4","0","0","0","3","","","N","","","","","","","","","",""
"2021042490","6","0","0","0","0","0","0","0","0","0","0","0","","67","2","2021","2","40.015928","-75.129589","5","6","0","0","0","0","0","0","0","0","","1","0","0","00","3","0","","1","0","40 00:57.340","","0","75 07:46.520","1","0","0","0","67301","0","0","0","N","0","0","0","1","67301","0","2","1.0","","9","N","N","N","0","0","0","0","0","3","2","","0004","1","0","0","0","0","0","0","2","0","1","0","0","0","3","10","","N","","","","","","","","","",""
"2021033065","225","1","0","0","0","0","0","0","0","0","5","0","","67","4","2021","1","40.039097","-75.083111","150","6","0","0","0","0","0","0","0","0","","0","0","0","01","3","0","N","0","2","40 02:20.750","5","0","75 04:59.200","0","0","0","0","67301","0","0","0","N","0","0","0","0","67301","0","","1.0","407.0","1","N","N","N","0","","0","0","2","0","0","N","0101","3","0","0","0","0","0","0","2","0","3","0","0","0","3","","","N","","","","","","","","","",""
"2021007879","829","0","0","0","0","0","0","0","0","0","1","0","","67","1","2021","5","39.957283","-75.157424","746","6","0","0","0","0","0","0","0","0","","0","0","0","07","1","0","N","0","1","39 57:26.219","4","0","75 09:26.727","0","0","0","0","67301","0","0","0","N","0","0","0","2","68K01","0","","1.0","900.0","1","N","N","N","0","","0","0","1","0","0","N","0742","2","0","0","0","0","0","0","2","1","2","0","0","0","3","","","N","","","","","","","","","",""
"2021003043","2127","1","0","0","0","0","0","0","0","0","6","0","","67","1","2021","7","39.987517","-75.108246","2127","6","0","0","0","0","0","1","0","0","","0","0","0","21","3","0","N","0","0","39 59:15.062","","0","75 06:29.686","0","0","0","0","67301","0","0","0","N","0","0","0","2","67301","0","","1.0","","1","N","N","N","0","","0","0","1","0","0","","2127","2","0","2","0","0","0","0","2","0","2","0","0","0","3","","","N","","","","","","","","","",""
"2021014430","805","1","0","0","0","0","0","0","0","0","7","0","","67","1","2021","7","39.980101","-75.205227","759","6","0","0","0","1","0","0","0","0","","0","0","0","07","1","0","N","0","1","39 58:48.362","3","0","75 12:18.818","0","0","0","0","67301","0","0","0","N","0","0","0","1","68K01","0","","3.0","820.0","9","N","N","N","0","","0","0","0","0","0","N","0757","1","0","0","0","0","0","0","2","0","1","0","0","0","3","","","N","","","","","","","","","",""
"2021033835","46","1","0","0","0","0","0","0","0","0","8","0","","67","4","2021","3","40.07541","-75.169427","36","6","0","0","0","0","0","0","0","0","","0","0","0","21","3","1","","1","0","40 04:31.475","","0","75 10:09.937","3","0","0","0","67301","1","0","0","N","1","0","0","2","67301","0","","1.0","","1","N","N","N","0","","1","0","0","0","0","","2104","2","1","0","0","0","0","0","2","0","1","1","0","0","3","03","","N","","","","","","","","","",""
"2021029845","2010","1","0","0","0","0","0","0","0","0","4","0","","67","3","2021","1","39.983458","-75.208226","2010","6","0","0","0","0","0","0","0","0","","0","0","0","20","6","2","N","0","0","39 59:00.447","","0","75 12:29.612","4","0","0","0","67301","0","0","0","Y","0","0","0","3","68K01","2","","1.0","","1","N","N","N","0","","0","0","1","0","0","","2010","2","2","0","0","0","0","0","2","0","2","0","0","0","3","","","N","","","","","","","","","",""
"2021028863","342","0","0","0","0","0","0","0","0","0","7","0","","67","3","2021","2","39.987494","-75.150511","342","6","0","0","0","0","0","0","0","0","","0","0","0","03","3","1","N","0","2","39 59:14.980","1","0","75 09:01.840","2","0","0","0","67301","0","0","0","N","0","0","0","1","67301","0","","4.0","600.0","1","N","N","N","0","","0","1","1","0","0","Y","0340","1","1","0","0","0","0","0","2","0","1","0","0","0","3","03","","N","","","","","","","","","",""
"2021022934","632","2","0","0","0","0","0","0","0","0","7","0","","67","2","2021","2","39.956718","-75.152803","628","6","0","0","0","0","0","1","0","0","","0","0","0","06","3","0","Y","0","0","39 57:24.184","","2","75 09:10.091","0","0","0","0","67301","0","0","0","N","0","0","0","3","68K01","0","","4.0","","2","N","N","N","1","","0","0","0","0","0","","0616","3","0","0","0","0","0","0","2","0","3","0","0","0","98","","","N","","","","","","","","","",""
"2021017340","230","1","0","0","0","0","0","0","0","0","7","0","","67","2","2021","6","40.113639","-74.9873","225","6","0","0","0","0","0","0","0","0","","0","0","0","02","3","0","N","0","0","40 06:49.100","","0","74 59:14.280","0","0","0","0","67301","0","0","0","Y","0","0","0","1","67301","0","","4.0","","2","N","N","N","0","","0","0","0","0","0","","0220","1","0","0","0","0","0","0","2","0","1","0","0","0","6","09","","N","","","","","","","","","",""
"2021002532","1644","0","0","0","0","0","0","0","0","0","7","0","","67","1","2021","7","40.042875","-75.003406","1628","6","0","0","0","0","0","1","0","0","","0","0","0","16","1","0","N","0","0","40 02:34.350","","3","75 00:12.260","0","0","0","0","67301","0","0","0","N","0","0","0","3","68K01","0","","1.0","","1","N","N","N","0","","0","0","1","0","0","","1626","1","0","0","0","0","0","0","2","0","1","0","0","0","3","03","","N","","","","","","","","","",""