"CRN","ARRIVAL_TM","AUTOMOBILE_COUNT","BELTED_DEATH_COUNT","BELTED_SUSP_SERIOUS_INJ_COUNT","BICYCLE_COUNT","BICYCLE_DEATH_COUNT","BICYCLE_SUSP_SERIOUS_INJ_COUNT","BUS_COUNT","CHLDPAS_DEATH_COUNT","CHLDPAS_SUSP_SERIOUS_INJ_COUNT","COLLISION_TYPE","COMM_VEH_COUNT","CONS_ZONE_SPD_LIM","COUNTY","CRASH_MONTH","CRASH_YEAR","DAY_OF_WEEK","DEC_LATITUDE","DEC_LONGITUDE","DISPATCH_TM","DISTRICT","DRIVER_COUNT_16YR","DRIVER_COUNT_17YR","DRIVER_COUNT_18YR","DRIVER_COUNT_19YR","DRIVER_COUNT_20YR","DRIVER_COUNT_50_64YR","DRIVER_COUNT_65_74YR","DRIVER_COUNT_75PLUS","EST_HRS_CLOSED","FATAL_COUNT","HEAVY_TRUCK_COUNT","HORSE_BUGGY_COUNT","HOUR_OF_DAY","ILLUMINATION","INJURY_COUNT","INTERSECTION_RELATED","INTERSECT_TYPE","LANE_CLOSED","LATITUDE","LN_CLOSE_DIR","LOCATION_TYPE","LONGITUDE","MAX_SEVERITY_LEVEL","MCYCLE_DEATH_COUNT","MCYCLE_SUSP_SERIOUS_INJ_COUNT","MOTORCYCLE_COUNT","MUNICIPALITY","NONMOTR_COUNT","NONMOTR_DEATH_COUNT","NONMOTR_SUSP_SERIOUS_INJ_COUNT","NTFY_HIWY_MAINT","PED_COUNT","PED_DEATH_COUNT","PED_SUSP_SERIOUS_INJ_COUNT","PERSON_COUNT","POLICE_AGCY","POSSIBLE_INJ_COUNT","RDWY_SURF_TYPE_CD","RELATION_TO_ROAD","ROADWAY_CLEARED","ROAD_CONDITION","SCH_BUS_IND","SCH_ZONE_IND","SECONDARY_CRASH","SMALL_TRUCK_COUNT","SPEC_JURIS_CD","SUSP_MINOR_INJ_COUNT","SUSP_SERIOUS_INJ_COUNT","SUV_COUNT","TCD_FUNC_CD","TCD_TYPE","TFC_DETOUR_IND","TIME_OF_DAY","TOTAL_UNITS","TOT_INJ_COUNT","UNBELTED_OCC_COUNT","UNB_DEATH_COUNT","UNB_SUSP_SERIOUS_INJ_COUNT","UNK_INJ_DEG_COUNT","UNK_INJ_PER_COUNT","URBAN_RURAL","VAN_COUNT","VEHICLE_COUNT","VULNERABLE_ROAD_USER_COUNT","VULNERABLE_ROAD_USER_DEATH_COUNT","VULNERABLE_ROAD_USER_SER_INJ_COUNT","WEATHER1","WEATHER2","WORKERS_PRES","WORK_ZONE_IND","WORK_ZONE_LOC","WORK_ZONE_TYPE","WZ_CLOSE_DETOUR","WZ_FLAGGER","WZ_LAW_OFFCR_IND","WZ_LN_CLOSURE","WZ_MOVING","WZ_OTHER","WZ_SHLDER_MDN","WZ_WORKERS_INJ_KILLED"
"2021018070","1643","2","0","0","0","0","0","0","0","0","5","0","","67","2","2021","7","40.036753","-75.040739","1636","6","0","0","0","0","0","0","0","0","","0","0","0","16","1","1","","1","0","40 02:12.310","","0","75 02:26.659","3","0","0","0","67301","0","0","0","N","0","0","0","2","67301","0","","1.0","","1","N","N","N","0","","1","0","0","3","2","","1635","2","1","0","0","0","0","1","2","0","2","0","0","0","3","","","N","","","","","","","","","",""
"2021023315","939","0","0","0","0","0","0","0","0","0","7","0","","67","2","2021","2","39.979079","-75.108314","930","6","0","0","0","0","0","0","0","0","","0","0","0","09","1","1","N","0","2","39 58:44.685","1","0","75 06:29.931","8","0","0","0","67301","0","0","0","N","0","0","0","1","68K01","0","","3.0","955.0","6","N","N","N","0","","0","0","1","0","0","N","0927","1","1","0","0","0","1","0","2","0","1","0","0","0","10","04","","N","","","","","","","","","",""
"2021042482","1555","2","0","0","0","0","0","0","0","0","2","0","","67","5","2021","2","40.0628","-75.184306","1510","6","0","0","0","0","0","0","0","0","","0","0","0","15","1","0","Y","0","0","40 03:46.080","","0","75 11:03.500","0","0","0","0","67301","0","0","0","N","0","0","0","3","67301","0","","1.0","","1","N","N","N","0","","0","0","1","3","3","","1510","3","0","1","0","0","0","0","2","0","3","0","0","0","3","03","","N","","","","","","","","","",""
"2021028852","1705","1","0","0","0","0","0","0","0","0","1","0","","67","3","2021","1","40.050586","-75.051282","1652","6","0","0","0","0","0","0","0","0","","0","0","0","16","1","0","N","0","1","40 03:02.108","2","0","75 03:04.616","0","0","0","0","67301","0","0","0","N","0","0","0","2","67301","0","","1.0","100.0","9","N","N","N","0","","0","0","1","3","2","N","1647","2","0","0","0","0","0","0","2","0","2","0","0","0","4","07","","N","","","","","","","","","",""
"2021015831","1858","0","0","0","0","0","0","0","0","0","8","0","","67","2","2021","1","40.07018","-75.166729","1856","6","0","0","0","0","0","0","0","0","","0","0","0","18","3","1","","1","0","40 04:12.648","","0","75 10:00.224","3","0","0","0","67301","1","0","0","N","1","0","0","2","67301","0","","1.0","","1","N","N","N","0","","1","0","1","3","2","","1851","2","1","1","0","0","0","0","2","0","1","1","0","0","3","03","","N","","","","","","","","","",""
"2021015429","18","2","0","0","0","0","0","0","0","0","5","0","","67","2","2021","1","39.946483","-75.210464","10","6","0","0","0","0","0","0","0","0","","0","0","0","00","3","0","N","0","1","39 56:47.340","6","0","75 12:37.670","0","0","0","0","67301","0","0","0","N","0","0","0","1","67301","0","","6.0","300.0","2","N","N","N","0","","0","0","0","0","0","Y","0004","2","0","0","0","0","0","0","2","0","2","0","0","0","6","10","","N","","","","","","","","","",""
"2021019028","647","0","0","0","0","0","0","0","0","0","7","0","","67","2","2021","5","39.900369","-75.157707","647","6","0","0","0","0","0","0","0","0","","0","0","0","06","1","0","N","0","0","39 54:01.329","","3","75 09:27.746","0","0","0","0","67301","0","0","0","N","0","0","0","1","68K01","0","","2.0","","7","N","N","N","0","","0","0","1","0","0","","0647","1","0","0","0","0","0","0","2","0","1","0","0","0","10","","","N","","","","","","","","","",""
"2021030229","900","1","0","0","0","0","0","0","0","0","4","0","","67","4","2021","6","40.055423","-75.089888","850","6","0","0","0","0","0","1","0","0","","0","0","0","08","1","1","N","0","1","40 03:19.522","2","0","75 05:23.598","3","0","0","0","67301","0","0","0","N","0","0","0","3","67301","0","","1.0","100.0","1","N","N","N","0","","1","0","1","0","0","N","0845","2","1","0","0","0","0","0","2","0","2","0","0","0","3","03","","N","","","","","","","","","",""
"2021028950","1610","1","0","0","0","0","0","0","0","0","5","1","","67","3","2021","4","40.042828","-75.003199","1605","6","0","0","0","0","0","2","0","0","","0","1","0","15","1","1","N","0","0","40 02:34.180","","0","75 00:11.516","4","0","0","0","67301","0","0","0","N","0","0","0","2","68K01","1","","1.0","","9","N","N","N","0","","0","0","0","0","0","","1550","2","1","0","0","0","0","0","2","0","2","0","0","0","7","","","N","","","","","","","","","",""
"2021019022","1811","1","0","0","0","0","0","0","0","0","7","0","","67","2","2021","1","39.994731","-75.198195","1808","6","0","0","0","0","0","1","0","0","","0","0","0","18","3","1","N","0","1","39 59:41.030","4","0","75 11:53.503","2","0","0","0","67301","0","0","0","N","0","0","0","1","68K01","0","","3.0","1845.0","1","N","N","N","0","","0","1","0","0","0","N","1807","1","1","1","0","1","0","0","2","0","1","0","0","0","3","","","N","","","","","","","","","",""
"2021018144","1501","2","0","0","0","0","0","0","0","0","1","0","55","67","2","2021","6","39.89871","-75.171165","1437","6","0","0","0","0","0","0","0","0","","0","0","0","14","1","0","N","0","2","39 53:55.356","1","0","75 10:16.193","0","0","0","0","67301","0","0","0","N","0","0","0","3","68K01","0","","1.0","1521.0","1","N","N","Y","0","","0","0","1","0","0","N","1434","3","0","0","0","0","0","0","2","0","3","0","0","0","3","","N","Y","4","1","","","N","","","Y","","N"
"2021005981","2023","1","0","0","0","0","0","0","0","0","4","0","","67","1","2021","6","39.943226","-75.237115","2023","6","0","0","0","0","1","0","0","0","","0","0","0","20","3","1","","1","0","39 56:35.613","","0","75 14:13.614","3","0","0","0","67301","0","0","0","N","0","0","0","3","67301","0","","1.0","","8","N","N","N","0","","1","0","1","0","0","","2010","2","1","2","0","0","0","0","2","0","2","0","0","0","7","04","","N","","","","","","","","","",""
"2021019016","2046","2","0","0","0","0","0","0","0","0","5","0","","67","2","2021","6","39.991531","-75.203222","2040","6","0","0","0","0","0","0","0","0","","0","0","0","20","3","0","N","0","1","39 59:29.512","3","0","75 12:11.600","9","0","0","0","67301","0","0","0","N","0","0","0","6","68K01","0","","1.0","2220.0","1","N","N","N","0","","0","0","1","0","0","N","2037","3","0","0","0","0","0","1","2","0","3","0","0","0","3","03","","N","","","","","","","","","",""
"2021029969","1900","2","0","0","0","0","0","0","0","0","1","0","","67","3","2021","3","39.942813","-75.14287","1849","6","0","0","0","0","0","1","0","0","","0","0","0","18","4","1","N","0","2","39 56:34.125","2","0","75 08:34.333","8","0","0","0","67301","0","0","0","N","0","0","0","3","68K01","0","","1.0","1945.0","1","N","N","N","1","","0","0","0","0","0","N","1849","3","1","0","0","0","1","0","2","0","3","0","0","0","3","03","","N","","","","","","","","","",""
"2021015234","824","1","0","0","0","0","0","0","0","0","4","0","","67","2","2021","1","39.915822","-75.230209","820","6","0","0","0","0","0","0","0","0","","0","0","0","08","1","0","","2","0","39 54:56.959","","0","75 13:48.753","0","0","0","0","67301","0","0","0","N","0","0","0","1","67301","0","","1.0","","2","N","N","N","0","","0","0","1","0","0","","0804","2","0","0","0","0","0","0","2","0","2","0","0","0","98","04","","N","","","","","","","","","",""
"2021030181","1224","1","0","0","0","0","0","0","0","0","1","0","","67","3","2021","7","40.031185","-75.021674","1203","6","0","0","0","0","0","1","0","0","","0","0","0","12","1","0","N","0","2","40 01:52.267","2","0","75 01:18.025","0","0","0","0","67301","0","0","0","N","0","0","0","2","68K01","0","","1.0","30.0","1","N","N","N","0","","0","0","1","0","0","N","1202","2","0","0","0","0","0","0","2","0","2","0","0","0","3","03","","N","","","","","","","","","",""
"2021028788","755","1","0","0","0","0","0","0","0","0","1","0","","67","3","2021","1","39.995614","-75.197617","750","6","0","0","0","0","1","0","0","0","","0","0","0","07","1","2","N","0","2","39 59:44.210","3","0","75 11:51.421","8","0","0","0","67301","0","0","0","N","0","0","0","2","68K01","0","","1.0","30.0","1","N","N","N","0","","0","0","0","0","0","N","0749","2","2","0","0","0","2","0","2","1","2","0","0","0","3","03","","N","","","","","","","","","",""
"2021043234","104","0","0","0","0","0","0","0","0","0","8","0","","67","5","2021","5","39.930992","-75.153173","59","6","0","0","0","0","0","0","0","0","","0","0","0","00","3","1","","1","0","39 55:51.570","","0","75 09:11.424","3","0","0","0","67301","1","0","0","N","1","0","0","1","67301","0","","1.0","","1","N","N","N","0","","1","0","0","3","3","","0054","2","1","0","0","0","0","0","2","0","1","1","0","0","3","03","","N","","","","","","","","","",""
"2021030194","1517","1","0","0","0","0","0","0","0","0","98","0","","67","4","2021","5","40.051352","-74.989591","1456","6","0","0","0","0","0","1","0","0","","0","0","0","14","1","0","N","0","1","40 03:04.866","2","0","74 59:22.526","0","0","0","0","67301","0","0","0","N","0","0","0","1","68K01","0","","1.0","1519.0","1","N","N","N","0","","0","0","0","0","0","N","1456","1","0","0","0","0","0","0","2","0","1","0","0","0","4","04","","N","","","","","","","","","",""
"2021033813","40","1","0","0","0","0","0","0","0","0","8","0","","67","4","2021","1","40.028574","-75.079065","32","6","0","0","0","0","0","0","0","0","","0","0","0","22","3","1","","1","0","40 01:42.866","","0","75 04:44.633","3","0","0","0","67301","1","0","0","N","1","0","0","1","67301","0","","1.0","","9","N","N","N","0","","1","0","0","3","3","","2200","2","1","0","0","0","0","0","2","0","1","1","0","0","7","","","N","","","","","","","","","",""
"2021020536","1217","1","0","0","0","0","0","0","0","0","5","1","","67","2","2021","5","39.93958","-75.143219","1217","6","0","0","0","0","0","0","0","0","","0","1","0","12","1","0","N","0","0","39 56:22.488","","0","75 08:35.588","9","0","0","0","67301","0","0","0","N","0","0","0","4","68K01","0","","1.0","","7","N","N","N","1","","0","0","0","0","0","","1217","3","0","0","0","0","0","1","2","0","3","0","0","0","10","","","N","","","","","","","","","",""
"2021002260","1600","2","0","0","0","0","0","0","0","0","4","0","","67","1","2021","1","40.063741","-75.083477","1557","6","0","0","0","0","0","0","0","0","","0","0","0","15","1","1","","1","0","40 03:49.466","","0","75 05:00.516","3","0","0","0","67301","0","0","0","N","0","0","0","4","67301","0","","1.0","","9","N","N","N","0","","1","0","0","3","2","","1510","2","1","0","0","0","0","2","2","0","2","0","0","0","7","","","N","","","","","","","","","",""
"2021000325","1249","1","0","0","0","0","0","0","0","0","5","0","","67","1","2021","6","39.933139","-75.18875","1249","6","0","0","0","0","0","0","0","0","","0","0","0","03","3","0","N","0","0","39 55:59.300","","0","75 11:19.500","0","0","0","0","67301","0","0","0","N","0","0","0","1","67301","0","","6.0","","1","N","N","N","0","","0","0","1","0","0","","0300","2","0","0","0","0","0","0","2","0","2","0","0","0","3","03","","N","","","","","","","","","",""
"2021015336","2145","2","0","0","0","0","0","0","0","0","7","0","","67","2","2021","7","39.948436","-75.235495","2138","6","0","0","0","0","0","0","0","0","","0","0","0","21","3","0","","1","0","39 56:54.369","","0","75 14:07.782","9","0","0","0","67301","0","0","0","N","0","0","0","1","67301","0","","4.0","","2","N","N","N","0","","0","0","0","3","2","","2115","2","0","0","0","0","0","1","2","0","2","0","0","0","6","06","","N","","","","","","","","","",""
"2021007902","935","0","0","0","0","0","0","0","0","0","7","0","","67","1","2021","6","39.95796","-75.140349","927","6","0","0","0","0","0","0","0","0","","0","0","0","09","1","0","N","0","1","39 57:28.656","3","8","75 08:25.257","0","0","0","0","67301","0","0","0","N","0","0","0","1","68K01","0","","4.0","1015.0","1","N","N","N","0","","0","0","1","0","0","N","0925","1","0","0","0","0","0","0","2","0","1","0","0","0","3","","","N","","","","","","","","","",""
"2021032912","1345","0","0","0","0","0","0","0","0","0","1","0","","67","4","2021","4","39.941348","-75.142137","1330","6","0","0","0","0","0","1","0","0","","0","0","0","12","1","1","N","0","0","39 56:28.853","","0","75 08:31.692","3","0","0","0","67301","0","0","0","N","0","0","0","1","67301","0","","1.0","","1","N","N","N","1","","1","0","1","0","0","","1202","2","1","0","0","0","0","0","2","0","2","0","0","0","3","","","N","","","","","","","","","",""
"2021034076","2024","1","0","0","0","0","0","0","0","0","5","0","","67","4","2021","4","39.975581","-75.115461","2012","6","0","0","0","0","0","0","0","0","","0","0","0","20","3","0","N","0","1","39 58:32.091","1","0","75 06:55.660","0","0","0","0","67301","0","0","0","N","0","0","0","3","68K01","0","","4.0","2132.0","1","N","N","N","0","","0","0","1","0","0","N","2009","2","0","0","0","0","0","0","2","0","2","0","0","0","3","","","N","","","","","","","","","",""
"2021018634","805","1","0","0","0","0","0","0","0","0","5","0","","67","2","2021","6","40.023159","-75.034447","755","6","0","0","0","0","0","0","0","0","","0","0","0","07","1","1","N","0","0","40 01:23.373","","3","75 02:04.009","4","0","0","0","67301","0","0","0","N","0","0","0","2","68K01","1","","1.0","","2","N","N","N","0","","0","0","1","0","0","","0750","2","1","0","0","0","0","0","2","0","2","0","0","0","6","","","N","","","","","","","","","",""
"2021017480","1239","1","0","0","0","0","0","0","0","0","4","0","","67","2","2021","3","39.957398","-75.157071","1237","6","0","0","0","0","0","0","0","0","","0","0","0","12","1","0","","1","0","39 57:26.633","","3","75 09:25.457","0","0","0","0","67301","0","0","0","N","0","0","0","2","67301","0","","1.0","","7","N","N","N","0","","0","0","1","3","2","","1235","2","0","0","0","0","0","0","2","0","2","0","0","0","10","07","","N","","","","","","","","","",""
"2021004229","109","1","0","0","0","0","0","0","0","0","1","0","","67","1","2021","7","39.986917","-75.145417","109","6","0","0","0","0","0","1","0","0","","0","0","0","01","3","2","Y","0","1","39 59:12.900","5","0","75 08:43.500","2","0","0","0","67301","0","0","0","N","0","0","0","2","67301","0","","1.0","500.0","1","N","N","N","0","","0","1","2","3","2","N","0109","3","2","0","0","0","1","0","2","0","3","0","0","0","3","","","N","","","","","","","","","",""
"2021021220","2330","1","0","0","0","0","0","0","0","0","8","0","","67","3","2021","3","40.029225","-75.174558","2330","6","0","0","0","0","0","0","0","0","","0","0","0","18","4","1","","1","0","40 01:45.210","","0","75 10:28.410","8","0","0","0","67301","1","0","0","N","1","0","0","2","67301","0","","1.0","","1","N","N","N","0","","0","0","0","3","2","","1850","2","1","0","0","0","1","0","2","0","1","1","0","0","3","03","","N","","","","","","","","","",""
"2021041245","1826","1","0","0","0","0","0","0","0","0","1","0","","67","5","2021","3","39.959478","-75.175662","1817","6","0","0","0","0","0","1","0","0","","0","0","0","18","1","1","N","0","0","39 57:34.122","","0","75 10:32.383","4","0","0","0","67301","0","0","0","N","0","0","0","3","68K01","1","","1.0","","1","N","N","N","0","","0","0","1","0","0","","1817","2","1","0","0","0","0","0","2","0","2","0","0","0","3","03","","N","","","","","","","","","",""
"2021013178","1644","1","0","0","0","0","0","0","0","0","4","0","","67","2","2021","2","39.90369","-75.243239","1640","6","0","0","0","0","0","0","0","0","","0","0","0","16","1","3","","1","1","39 54:13.285","4","0","75 14:35.660","4","0","0","0","67301","0","0","0","N","0","0","0","8","67301","3","","1.0","0.0","1","N","N","N","0","","0","0","1","3","2","N","1625","2","3","0","0","0","0","3","2","0","2","0","0","0","3","","","N","","","","","","","","","",""
"2021001239","358","1","0","0","0","0","0","0","0","0","7","0","","67","1","2021","7","40.030886","-75.021821","347","6","0","0","0","0","0","0","0","0","","0","0","0","03","3","0","N","0","1","40 01:51.191","2","3","75 01:18.556","0","0","0","0","67301","0","0","0","N","0","0","0","1","68K01","0","","3.0","445.0","9","N","N","N","0","","0","0","0","0","0","N","0346","1","0","0","0","0","0","0","2","0","1","0","0","0","7","07","","N","","","","","","","","","",""
"2021015479","538","1","0","0","0","0","0","0","0","0","6","0","","67","2","2021","7","39.962798","-75.224284","538","6","0","0","0","0","0","1","0","0","","0","0","0","05","3","1","N","0","0","39 57:46.071","","0","75 13:27.421","3","0","0","0","67301","0","0","0","N","0","0","0","1","67301","0","","6.0","","1","N","N","N","2","","1","0","3","0","0","","0537","6","1","0","0","0","0","0","2","0","6","0","0","0","3","03","","N","","","","","","","","","",""
"2021036027","908","1","0","0","0","0","0","0","0","0","1","0","45","67","4","2021","3","40.012757","-75.058501","908","6","0","0","0","0","0","0","1","0","","0","0","0","09","1","0","N","0","1","40 00:45.924","1","0","75 03:30.604","0","0","0","0","67301","0","0","0","N","0","0","0","3","68K01","0","","1.0","846.0","9","N","N","Y","1","","0","0","1","0","0","N","0908","3","0","0","0","0","0","0","2","0","3","0","0","0","3","","Y","Y","4","1","N","N","N","N","N","N","Y","N"
"2021010462","1000","0","0","0","0","0","0","0","0","0","4","0","","67","2","2021","2","40.001084","-75.215384","956","6","0","0","0","0","0","2","0","0","","0","0","0","09","1","1","","5","0","40 00:03.902","","0","75 12:55.382","3","0","0","0","67301","0","0","0","N","0","0","0","2","67301","0","","1.0","","2","N","N","N","0","","1","0","2","3","2","","0950","2","1","0","0","0","0","0","2","0","2","0","0","0","9","09","","N","","","","","","","","","",""
"2021015473","122","2","0","0","0","0","0","0","0","0","5","0","","67","2","2021","7","40.043442","-75.036372","117","6","0","0","0","0","0","0","0","0","","0","0","0","00","3","0","N","0","0","40 02:36.390","","0","75 02:10.940","0","0","0","0","67301","0","0","0","N","0","0","0","1","67301","0","","6.0","","1","N","N","N","0","","0","0","1","0","0","","0034","3","0","0","0","0","0","0","2","0","3","0","0","0","3","03","","N","","","","","","","","","",""
"2021016351","1731","2","0","0","0","0","0","0","0","0","4","0","","67","2","2021","1","39.948073","-75.163381","1726","6","0","0","0","0","0","0","0","0","","0","0","0","17","1","1","","1","0","39 56:53.062","","0","75 09:48.173","4","0","0","0","67301","0","0","0","N","0","0","0","2","67301","1","","1.0","","1","N","N","N","0","","0","0","0","3","3","","1724","2","1","0","0","0","0","0","2","0","2","0","0","0","3","03","","N","","","","","","","","","",""
"2021021906","202","1","0","0","0","0","0","0","0","0","7","0","","67","2","2021","1","39.97175","-75.193222","153","6","0","0","0","0","0","0","0","0","","0","0","0","01","3","0","","7","1","39 58:18.300","4","2","75 11:35.600","0","0","0","0","67301","0","0","0","Y","0","0","0","2","68K01","0","","7.0","230.0","1","N","N","N","0","","0","0","0","0","0","N","0152","1","0","0","0","0","0","0","2","0","1","0","0","0","3","","","N","","","","","","","","","",""
"2021003594","2110","1","0","0","0","0","0","0","0","0","5","0","50","67","1","2021","6","39.94262","-75.19336","2059","6","0","0","0","0","0","0","0","0","","0","0","0","20","3","2","N","0","0","39 56:33.431","","3","75 11:36.096","8","0","0","0","67301","0","0","0","N","0","0","0","6","68K01","0","","1.0","","1","N","N","N","0","","0","0","1","0","0","","2058","3","2","0","0","0","2","0","2","1","3","0","0","0","3","","N","Y","2","1","","","N","Y","","","","N"
"2021041099","1322","1","0","0","0","0","0","0","0","0","4","0","","67","5","2021","4","40.030951","-75.148978","1316","6","0","0","0","0","0","0","1","0","","0","0","0","13","1","1","","1","0","40 01:51.423","","0","75 08:56.321","3","0","0","0","67301","0","0","0","N","0","0","0","2","67301","0","","1.0","","9","N","N","N","0","","1","0","1","3","3","","1311","2","1","0","0","0","0","0","2","0","2","0","0","0","3","04","","N","","","","","","","","","",""
"2021000538","1141","0","0","0","0","0","0","0","0","0","1","0","","67","1","2021","6","40.029908","-75.14601","1125","6","0","0","0","0","0","1","0","0","","0","0","0","11","1","1","","1","0","40 01:47.668","","0","75 08:45.635","3","0","0","0","67301","0","0","0","N","0","0","0","3","67301","0","","1.0","","1","N","N","N","0","","1","0","1","3","2","","1125","2","1","1","0","0","0","0","2","0","2","0","0","0","3","03","","N","","","","","","","","","",""
"2021039932","152","1","0","0","0","0","0","0","0","0","7","0","","67","5","2021","3","40.028247","-75.058416","152","6","0","0","0","0","0","0","0","0","","0","0","0","01","3","0","N","0","2","40 01:41.689","1","0","75 03:30.299","9","0","0","0","67301","0","0","0","N","0","0","0","1","67301","0","","4.0","330.0","9","N","N","N","0","","0","0","0","0","0","N","0148","1","0","0","0","0","0","1","2","0","1","0","0","0","7","","","N","","","","","","","","","",""
"2021032420","1832","1","0","0","0","0","0","0","0","0","5","0","","67","4","2021","5","39.935982","-75.213799","1827","6","0","0","0","0","0","0","0","0","","0","0","0","18","1","1","","3","0","39 56:09.536","","0","75 12:49.678","3","0","0","0","67301","0","0","0","N","0","0","0","3","67301","0","","1.0","","1","N","N","N","0","","1","0","1","0","0","","1817","2","1","0","0","0","0","0","2","0","2","0","0","0","3","","","N","","","","","","","","","",""
"2021005999","417","2","0","0","0","0","0","0","0","0","5","0","","67","1","2021","5","39.925852","-75.244022","411","6","0","0","0","0","0","0","0","0","","0","0","0","04","3","1","N","0","0","39 55:33.068","","0","75 14:38.478","3","0","0","0","67301","0","0","0","N","0","0","0","1","67301","0","","6.0","","1","N","N","N","0","","1","0","0","0","0","","0402","2","1","0","0","0","0","0","2","0","2","0","0","0","3","","","N","","","","","","","","","",""
"2021013706","648","1","0","0","0","0","0","0","0","0","1","0","35","67","2","2021","4","39.953528","-75.137444","642","6","0","0","0","1","0","1","0","0","","0","0","0","06","1","0","N","0","2","39 57:12.700","4","3","75 08:14.800","0","0","0","0","67301","0","0","0","N","0","0","0","3","67501","0","","1.0","715.0","1","N","N","N","1","","0","0","1","0","0","N","0642","3","0","0","0","0","0","0","2","0","3","0","0","0","3","03","Y","Y","2","1","","","N","Y","","","","N"
"2021008094","1055","1","0","0","0","0","0","0","0","0","4","0","","67","1","2021","2","40.031731","-75.178861","1055","6","0","0","0","0","0","0","0","0","","0","0","0","10","1","0","","1","0","40 01:54.231","","0","75 10:43.900","0","0","0","0","67301","0","0","0","N","0","0","0","3","67301","0","","1.0","","1","N","N","N","1","","0","0","1","1","2","","1000","3","0","0","0","0","0","0","2","0","3","0","0","0","3","03","","N","","","","","","","","","",""
"2021016651","620","0","0","0","0","0","0","0","0","0","7","0","","67","2","2021","6","39.993811","-75.213983","600","6","0","0","0","0","0","0","0","0","","0","0","0","06","1","0","N","0","0","39 59:37.720","","0","75 12:50.340","0","0","0","0","67301","0","0","0","N","0","0","0","1","67301","0","","4.0","","9","N","N","N","0","","0","0","1","0","0","","0600","1","0","0","0","0","0","0","2","0","1","0","0","0","9","07","","N","","","","","","","","","",""
"2021037295","2135","2","0","0","0","0","0","1","0","0","6","1","","67","4","2021","7","40.049021","-75.062333","2134","6","0","0","0","0","0","0","0","0","","0","0","0","21","3","4","N","0","2","40 02:56.474","4","0","75 03:44.397","3","0","0","0","67301","0","0","0","N","0","0","0","5","67301","0","","1.0","100.0","1","N","N","N","0","","4","0","0","0","0","N","2130","3","4","0","0","0","0","0","2","0","3","0","0","0","3","03","","N","","","","","","","","","",""
"2021033197","2149","1","0","0","0","0","0","0","0","0","4","0","","67","4","2021","7","39.986917","-75.090764","2125","6","0","0","0","0","0","1","0","0","","0","0","0","21","3","0","N","0","1","39 59:12.901","1","0","75 05:26.751","0","0","0","0","67301","0","0","0","N","0","0","0","2","68K01","0","","1.0","2305.0","1","N","N","N","0","","0","0","1","0","0","N","2125","2","0","0","0","0","0","0","2","0","2","0","0","0","3","","","N","","","","","","","","","",""
"2021006508","2200","2","0","0","0","0","0","0","0","0","1","0","","67","1","2021","3","39.996795","-75.153986","2200","6","0","1","0","0","0","1","0","0","","0","0","0","21","3","2","","1","2","39 59:48.463","2","0","75 09:14.351","3","0","0","0","67301","0","0","0","N","0","0","0","2","67301","0","","1.0","2200.0","1","N","N","N","0","","2","0","0","3","2","Y","2125","2","2","2","0","0","0","0","2","0","2","0","0","0","3","03","","N","","","","","","","","","",""
"2021008257","1354","3","0","0","0","0","0","0","0","0","4","0","","67","1","2021","1","39.952508","-75.209267","1354","6","0","0","0","0","0","0","0","0","","0","0","0","13","1","0","","1","0","39 57:09.028","","0","75 12:33.361","0","0","0","0","67301","0","0","0","N","0","0","0","2","67301","0","","1.0","","1","N","N","Y","0","","0","0","0","3","2","","1354","3","0","0","0","0","0","0","2","0","3","0","0","0","3","","","N","","","","","","","","","",""
"2021012927","2318","2","0","0","0","0","0","0","0","0","5","0","","67","2","2021","1","39.993592","-75.0998","2315","6","0","0","0","0","0","0","0","0","","0","0","0","23","3","0","N","0","0","39 59:36.930","","0","75 05:59.280","9","0","0","0","67301","0","0","0","N","0","0","0","2","67301","0","","6.0","","2","N","N","N","0","","0","0","0","0","0","","2315","2","0","0","0","0","0","1","2","0","2","0","0","0","3","03","","N","","","","","","","","","",""
"2021006045","1553","1","0","0","0","0","0","0","0","0","8","0","","67","1","2021","4","39.996967","-75.117401","1549","6","0","0","0","0","0","0","0","0","","0","0","0","15","1","1","","1","0","39 59:49.080","","0","75 07:02.645","3","0","0","0","67301","1","0","0","N","1","0","0","2","67301","0","","1.0","","1","N","N","N","0","","1","0","0","3","2","","1549","2","1","0","0","0","0","0","2","0","1","1","0","0","3","98","","N","","","","","","","","","",""
"2021032962","933","0","0","0","0","0","0","0","0","0","1","1","","67","4","2021","6","39.925827","-75.194105","916","6","0","0","0","0","0","0","0","0","","0","1","0","09","1","0","N","0","0","39 55:32.978","","0","75 11:38.777","0","0","0","0","67301","0","0","0","N","0","0","0","2","68K01","0","","1.0","","1","N","N","N","0","","0","0","1","0","0","","0913","2","0","0","0","0","0","0","2","0","2","0","0","0","3","","","N","","","","","","","","","",""
"2021004029","1622","0","0","0","0","0","0","0","0","0","4","0","","67","1","2021","3","40.104826","-75.001601","1618","6","0","0","0","0","0","0","1","0","","0","0","0","16","1","0","","1","2","40 06:17.372","2","0","75 00:05.762","0","0","0","0","67301","0","0","0","N","0","0","0","2","67301","0","","1.0","1645.0","1","N","N","N","0","","0","0","2","3","2","N","1617","2","0","0","0","0","0","0","2","0","2","0","0","0","3","03","","N","","","","","","","","","",""