"CRN","ARRIVAL_TM","AUTOMOBILE_COUNT","BELTED_DEATH_COUNT","BELTED_SUSP_SERIOUS_INJ_COUNT","BICYCLE_COUNT","BICYCLE_DEATH_COUNT","BICYCLE_SUSP_SERIOUS_INJ_COUNT","BUS_COUNT","CHLDPAS_DEATH_COUNT","CHLDPAS_SUSP_SERIOUS_INJ_COUNT","COLLISION_TYPE","COMM_VEH_COUNT","CONS_ZONE_SPD_LIM","COUNTY","CRASH_MONTH","CRASH_YEAR","DAY_OF_WEEK","DEC_LATITUDE","DEC_LONGITUDE","DISPATCH_TM","DISTRICT","DRIVER_COUNT_16YR","DRIVER_COUNT_17YR","DRIVER_COUNT_18YR","DRIVER_COUNT_19YR","DRIVER_COUNT_20YR","DRIVER_COUNT_50_64YR","DRIVER_COUNT_65_74YR","DRIVER_COUNT_75PLUS","EST_HRS_CLOSED","FATAL_COUNT","HEAVY_TRUCK_COUNT","HORSE_BUGGY_COUNT","HOUR_OF_DAY","ILLUMINATION","INJURY_COUNT","INTERSECTION_RELATED","INTERSECT_TYPE","LANE_CLOSED","LATITUDE","LN_CLOSE_DIR","LOCATION_TYPE","LONGITUDE","MAX_SEVERITY_LEVEL","MCYCLE_DEATH_COUNT","MCYCLE_SUSP_SERIOUS_INJ_COUNT","MOTORCYCLE_COUNT","MUNICIPALITY","NONMOTR_COUNT","NONMOTR_DEATH_COUNT","NONMOTR_SUSP_SERIOUS_INJ_COUNT","NTFY_HIWY_MAINT","PED_COUNT","PED_DEATH_COUNT","PED_SUSP_SERIOUS_INJ_COUNT","PERSON_COUNT","POLICE_AGCY","POSSIBLE_INJ_COUNT","RDWY_SURF_TYPE_CD","RELATION_TO_ROAD","ROADWAY_CLEARED","ROAD_CONDITION","SCH_BUS_IND","SCH_ZONE_IND","SECONDARY_CRASH","SMALL_TRUCK_COUNT","SPEC_JURIS_CD","SUSP_MINOR_INJ_COUNT","SUSP_SERIOUS_INJ_COUNT","SUV_COUNT","TCD_FUNC_CD","TCD_TYPE","TFC_DETOUR_IND","TIME_OF_DAY","TOTAL_UNITS","TOT_INJ_COUNT","UNBELTED_OCC_COUNT","UNB_DEATH_COUNT","UNB_SUSP_SERIOUS_INJ_COUNT","UNK_INJ_DEG_COUNT","UNK_INJ_PER_COUNT","URBAN_RURAL","VAN_COUNT","VEHICLE_COUNT","VULNERABLE_ROAD_USER_COUNT","VULNERABLE_ROAD_USER_DEATH_COUNT","VULNERABLE_ROAD_USER_SER_INJ_COUNT","WEATHER1","WEATHER2","WORKERS_PRES","WORK_ZONE_IND","WORK_ZONE_LOC","WORK_ZONE_TYPE","WZ_CLOSE_DETOUR","WZ_FLAGGER","WZ_LAW_OFFCR_IND","WZ_LN_CLOSURE","WZ_MOVING","WZ_OTHER","WZ_SHLDER_MDN","WZ_WORKERS_INJ_KILLED"
"2021001068","350","2","0","0","0","0","0","0","0","0","2","0","","67","1","2021","6","40.028439","-75.166964","341","6","0","0","0","0","0","0","0","0","","0","0","0","03","3","1","N","0","0","40 01:42.380","","0","75 10:01.070","3","0","0","0","67301","0","0","0","N","0","0","0","2","67301","0","","1.0","","1","N","N","N","0","","1","0","1","0","0","","0335","3","1","0","0","0","0","1","2","0","3","0","0","0","3","","","N","","","","","","","","","",""
"2021032682","2030","0","0","0","0","0","0","0","0","0","8","0","","67","4","2021","4","40.023266","-75.150444","2030","6","0","0","0","0","0","0","0","0","","0","0","0","20","3","1","","2","0","40 01:23.757","","0","75 09:01.599","3","0","0","0","67301","1","0","0","N","1","0","0","2","67301","0","","1.0","","1","N","N","N","0","","1","0","1","3","3","","2000","2","1","0","0","0","0","0","2","0","1","1","0","0","3","03","","N","","","","","","","","","",""
"2021006412","845","2","0","0","0","0","0","0","0","0","4","0","","67","1","2021","2","40.007393","-75.078188","841","6","0","0","0","0","0","1","0","0","","0","0","0","22","3","0","","1","0","40 00:26.614","","0","75 04:41.477","0","0","0","0","67301","0","0","0","N","0","0","0","2","67301","0","","1.0","","1","N","N","N","0","","0","0","0","3","2","","2200","2","0","1","0","0","0","0","2","0","2","0","0","0","3","03","","N","","","","","","","","","",""
"2021033616","830","4","0","0","0","0","0","0","0","0","5","1","","67","4","2021","3","39.99208","-75.155019","827","6","0","0","0","0","0","1","0","0","","0","1","0","08","1","0","N","0","2","39 59:31.489","5","0","75 09:18.070","0","0","0","0","67301","0","0","0","N","0","0","0","5","67301","0","","1.0","1130.0","1","N","N","N","0","","0","0","0","0","0","Y","0825","5","0","0","0","0","0","0","2","0","5","0","0","0","3","03","","N","","","","","","","","","",""
"2021001070","321","1","0","0","0","0","0","0","0","0","1","0","","67","1","2021","7","40.010283","-75.164372","321","6","0","0","0","0","0","0","0","0","","0","0","0","03","3","1","N","0","0","40 00:37.020","","0","75 09:51.740","3","0","0","0","67301","0","0","0","N","0","0","0","1","67301","0","","1.0","","9","N","N","N","0","","1","0","1","0","0","","0321","2","1","1","0","0","0","0","2","0","2","0","0","0","7","07","","N","","","","","","","","","",""
"2021033937","411","0","0","0","0","0","0","0","0","0","5","1","","67","4","2021","4","39.981819","-75.20724","407","6","0","0","0","0","0","1","0","0","","0","0","0","04","3","0","N","0","0","39 58:54.548","","0","75 12:26.065","0","0","0","0","67301","0","0","0","N","0","0","0","2","68K01","0","","1.0","","1","N","N","N","0","","0","0","1","0","0","","0405","2","0","0","0","0","0","0","2","1","2","0","0","0","3","","","N","","","","","","","","","",""
"2021009822","731","1","0","0","0","0","0","0","0","0","5","0","","67","1","2021","7","40.024084","-75.165278","725","6","0","0","0","0","0","0","0","0","","0","0","0","07","1","0","","2","0","40 01:26.702","","0","75 09:55.000","0","0","0","0","67301","0","0","0","N","0","0","0","1","67301","0","","1.0","","1","N","N","N","1","","0","0","0","0","0","","0700","3","0","0","0","0","0","0","2","1","3","0","0","0","3","03","","N","","","","","","","","","",""
"2021001290","1538","4","0","0","0","0","0","0","0","0","5","0","","67","1","2021","6","39.950539","-75.202136","1531","6","0","0","0","0","0","1","0","0","","0","0","0","15","1","1","N","0","1","39 57:01.940","3","0","75 12:07.690","3","0","0","0","67301","0","0","0","N","0","0","0","1","67301","0","","6.0","1750.0","9","N","N","N","0","","1","0","0","0","0","Y","1524","4","1","0","0","0","0","0","2","0","4","0","0","0","7","07","","N","","","","","","","","","",""
"2021032681","1437","1","0","0","0","0","0","0","0","0","8","0","","67","4","2021","7","39.987511","-75.138258","1437","6","0","0","0","0","0","0","0","0","","0","0","0","10","1","1","N","0","0","39 59:15.040","","7","75 08:17.730","3","0","0","0","67301","1","0","0","N","1","0","0","1","67301","0","","6.0","","1","N","N","N","0","","1","0","0","9","2","","1000","2","1","0","0","0","0","0","2","0","1","1","0","0","3","04","","N","","","","","","","","","",""
"2021014055","1312","0","0","0","0","0","0","0","0","0","4","0","","67","2","2021","3","39.987686","-75.216232","1304","6","0","0","0","0","0","0","0","1","","0","0","0","12","1","4","","3","2","39 59:15.669","1","0","75 12:58.434","3","0","0","0","67301","0","0","0","N","0","0","0","4","67301","0","","1.0","1500.0","9","N","N","N","1","","4","0","1","3","2","Y","1224","2","4","0","0","0","0","0","2","0","2","0","0","0","4","04","","N","","","","","","","","","",""
"2021038831","730","1","0","0","0","0","0","0","0","0","2","1","","67","4","2021","5","40.03408","-75.208414","705","6","0","0","0","0","0","1","0","0","","0","1","0","06","1","1","","2","1","40 02:02.689","2","0","75 12:30.292","8","0","0","0","67301","0","0","0","N","0","0","0","2","67301","0","","1.0","950.0","1","N","N","N","0","","0","0","0","3","2","N","0640","2","1","0","0","0","1","0","2","0","2","0","0","0","4","04","","N","","","","","","","","","",""
"2021040934","1744","0","0","0","0","0","0","0","0","0","1","0","","67","5","2021","3","39.958004","-75.162869","1718","6","0","0","0","0","0","0","0","0","","0","0","0","17","1","1","N","0","0","39 57:28.814","","0","75 09:46.329","8","0","0","0","67301","0","0","0","N","0","0","0","2","68K01","0","","1.0","","1","N","N","N","0","","0","0","2","0","0","","1718","2","1","0","0","0","1","0","2","0","2","0","0","0","3","03","","N","","","","","","","","","",""
"2021002531","1237","1","0","0","0","0","0","0","0","0","5","0","55","67","1","2021","7","40.023169","-75.035604","1226","6","0","0","0","0","0","2","0","0","","0","0","0","12","1","0","N","0","1","40 01:23.409","2","0","75 02:08.173","0","0","0","0","67301","0","0","0","N","0","0","0","3","68K01","0","","1.0","1300.0","1","N","N","N","0","","0","0","2","0","0","N","1224","3","0","0","0","0","0","0","2","0","3","0","0","0","3","03","N","Y","2","1","","","N","","","","Y","N"
"2021014690","500","3","0","0","0","0","0","0","0","0","5","0","","67","2","2021","7","39.925383","-75.234096","455","6","0","0","0","0","0","0","0","0","","0","0","0","04","3","0","N","0","0","39 55:31.377","","0","75 14:02.747","0","0","0","0","67301","0","0","0","N","0","0","0","1","67301","0","","6.0","","1","N","N","N","0","","0","0","0","0","0","","0450","3","0","0","0","0","0","0","2","0","3","0","0","0","3","03","","N","","","","","","","","","",""
"2021000459","817","4","0","0","0","0","0","0","0","0","6","0","","67","1","2021","6","40.046331","-75.173133","801","6","0","0","0","0","0","0","0","0","","0","0","0","07","1","0","N","0","0","40 02:46.790","","0","75 10:23.280","9","0","0","0","67301","0","0","0","N","0","0","0","1","67301","0","","6.0","","1","N","N","N","0","","0","0","0","0","0","","0754","4","0","0","0","0","0","1","2","0","4","0","0","0","3","","","N","","","","","","","","","",""
"2021008356","1100","1","0","0","0","0","0","0","0","0","1","0","","67","1","2021","1","40.04509","-75.087546","1055","6","0","0","0","0","0","0","0","0","","0","0","0","10","1","2","N","0","0","40 02:42.323","","0","75 05:15.166","4","0","0","0","67301","0","0","0","N","0","0","0","3","67301","2","","1.0","","1","N","N","N","0","","0","0","1","0","0","","1050","2","2","0","0","0","0","0","2","0","2","0","0","0","3","03","","N","","","","","","","","","",""
"2021006005","110","0","0","0","0","0","0","0","0","0","7","0","","67","1","2021","7","40.084317","-75.226328","58","6","0","0","0","0","0","0","0","0","","0","0","0","00","3","1","N","0","0","40 05:03.540","","0","75 13:34.780","8","0","0","0","67301","0","0","0","N","0","0","0","1","67301","0","","4.0","","9","N","N","N","1","","0","0","0","0","0","","0056","1","1","0","0","0","1","0","2","0","1","0","0","0","7","","","N","","","","","","","","","",""
"2021038065","1544","1","0","0","0","0","0","0","0","0","1","0","","67","4","2021","2","39.983527","-75.097499","1521","6","0","0","0","0","0","1","0","0","","0","0","0","15","1","0","N","0","2","39 59:00.697","1","0","75 05:50.997","0","0","0","0","67301","0","0","0","N","0","0","0","3","68K01","0","","1.0","30.0","1","N","N","Y","0","","0","0","1","0","0","N","1508","3","0","0","0","0","0","0","2","1","3","0","0","0","3","03","","N","","","","","","","","","",""
"2021040664","2054","0","0","0","0","0","0","0","0","0","1","0","","67","5","2021","2","40.031554","-75.021526","2045","6","0","0","0","0","0","0","0","0","","0","0","0","20","3","0","N","0","0","40 01:53.594","","0","75 01:17.495","0","0","0","0","67301","0","0","0","N","0","0","0","3","68K01","0","","1.0","","9","N","N","N","0","","0","0","2","0","0","","2044","2","0","0","0","0","0","0","2","0","2","0","0","0","7","","","N","","","","","","","","","",""
"2021004227","825","0","0","0","0","0","0","0","0","0","8","0","","67","1","2021","6","39.954594","-75.206429","810","6","0","0","0","0","0","0","0","0","","0","0","0","08","3","1","","1","0","39 57:16.537","","0","75 12:23.144","4","0","0","0","67301","1","0","0","N","1","0","0","2","67301","1","","1.0","","1","N","N","N","0","","0","0","1","3","2","","0810","2","1","0","0","0","0","0","2","0","1","1","0","0","3","98","","N","","","","","","","","","",""
"2021031924","2126","0","0","0","1","1","0","0","0","0","8","0","","67","4","2021","2","39.964634","-75.20936","2124","6","0","0","0","0","0","0","0","0","","1","0","0","21","3","0","N","1","0","39 57:52.682","","0","75 12:33.696","1","0","0","0","67301","1","1","0","N","0","0","0","2","67301","0","2","1.0","","1","N","N","N","0","0","0","0","0","3","3","","2120","2","0","0","0","0","0","1","2","0","1","1","1","0","3","03","","N","","","","","","","","","",""
"2021008765","1650","2","0","0","0","0","0","0","0","0","5","0","","67","1","2021","2","39.998137","-75.138861","1642","6","0","0","0","0","0","1","0","0","","0","0","0","16","1","2","","1","0","39 59:53.293","","0","75 08:19.899","3","0","0","0","67301","1","0","0","N","1","0","0","4","67301","0","","1.0","","1","N","N","Y","0","","2","0","0","3","2","","1619","4","2","0","0","0","0","0","2","1","3","1","0","0","3","03","","N","","","","","","","","","",""
"2021015242","34","0","0","0","0","0","0","0","0","0","4","0","","67","2","2021","1","40.033048","-75.116073","24","6","0","0","0","0","0","0","0","0","","0","0","0","00","3","1","","1","2","40 01:58.974","7","0","75 06:57.861","3","0","0","0","67301","0","0","0","N","0","0","0","2","67301","0","","1.0","110.0","2","N","N","N","0","","1","0","2","3","2","Y","0020","2","1","0","0","0","0","0","2","0","2","0","0","0","6","98","","N","","","","","","","","","",""
"2021017191","2000","2","0","0","0","0","0","0","0","0","4","0","","67","2","2021","5","39.978585","-75.114757","1953","6","0","0","0","0","0","0","0","0","","0","0","0","19","3","1","","1","0","39 58:42.906","","0","75 06:53.125","4","0","0","0","67301","0","0","0","N","0","0","0","2","67301","1","","1.0","","1","N","N","Y","0","","0","0","0","3","2","","1940","2","1","0","0","0","0","0","2","0","2","0","0","0","3","03","","N","","","","","","","","","",""
"2021006315","2133","1","0","0","0","0","0","0","0","0","7","0","","67","1","2021","6","40.035329","-75.01807","2133","6","0","0","0","1","0","0","0","0","","0","0","0","21","3","1","N","0","2","40 02:07.184","2","3","75 01:05.051","3","0","0","0","67301","0","0","0","N","0","0","0","1","68K01","0","","3.0","45.0","9","N","N","N","0","","1","0","0","0","0","N","2133","1","1","0","0","0","0","0","2","0","1","0","0","0","7","","","N","","","","","","","","","",""
"2021014463","2131","1","0","0","0","0","0","0","0","0","5","0","","67","2","2021","2","","","2129","6","0","0","0","0","0","0","0","0","","0","0","0","21","3","3","N","0","2","","5","0","","2","0","0","0","67301","0","0","0","N","0","0","0","7","67301","0","","1.0","2200.0","99","N","N","N","0","","2","1","2","0","0","N","2129","3","3","0","0","0","0","2","1","0","3","0","0","0","3","03","","N","","","","","","","","","",""
"2021009546","1329","1","0","0","0","0","0","0","0","0","4","0","","67","1","2021","4","39.911751","-75.172779","1327","6","0","0","0","0","0","1","0","0","","0","0","0","13","1","0","","1","0","39 54:42.304","","0","75 10:22.006","0","0","0","0","67301","0","0","0","N","0","0","0","2","67301","0","","1.0","","1","N","N","N","0","","0","0","1","3","2","","1316","2","0","0","0","0","0","0","2","0","2","0","0","0","3","03","","N","","","","","","","","","",""
"2021004013","414","0","0","0","0","0","0","0","0","0","5","0","45","67","1","2021","6","40.017675","-75.049156","406","6","0","1","0","0","0","0","0","0","","0","0","0","03","3","0","N","0","2","40 01:03.630","2","0","75 02:56.963","0","0","0","0","67301","0","0","0","N","0","0","0","2","68K01","0","","1.0","500.0","1","N","N","N","0","","0","0","2","0","0","N","0352","2","0","0","0","0","0","0","2","0","2","0","0","0","3","","N","Y","4","1","","","N","","","","Y","N"
"2021007730","1830","1","0","0","0","0","0","0","0","0","5","0","","67","1","2021","7","39.924417","-75.238861","1830","6","0","0","0","0","0","0","0","0","","0","0","0","18","3","0","N","0","0","39 55:27.900","","0","75 14:19.900","0","0","0","0","67301","0","0","0","N","0","0","0","1","67301","0","","6.0","","1","N","N","N","0","","0","0","0","0","0","","1814","2","0","0","0","0","0","0","2","1","2","0","0","0","3","","","N","","","","","","","","","",""
"2021003499","1850","1","0","0","0","0","0","0","0","0","6","0","","67","1","2021","6","40.000429","-75.143166","1830","6","0","0","0","0","0","0","0","0","","0","0","0","18","3","1","N","0","0","40 00:01.545","","0","75 08:35.397","3","0","0","0","67301","0","0","0","N","0","0","0","2","67301","0","","1.0","","9","N","N","N","0","","1","0","1","0","0","","1800","2","1","0","0","0","0","0","2","0","2","0","0","0","7","07","","N","","","","","","","","","",""
"2021039468","1750","1","0","0","0","0","0","0","0","0","5","0","","67","1","2021","1","40.002353","-75.134308","1745","6","0","0","0","0","0","1","0","0","","0","0","0","17","3","0","N","0","0","40 00:08.470","","0","75 08:03.510","0","0","0","0","67301","0","0","0","N","0","0","0","1","67301","0","","6.0","","1","N","N","N","0","","0","0","1","0","0","","1743","2","0","0","0","0","0","0","2","0","2","0","0","0","3","03","","N","","","","","","","","","",""
"2021032489","1124","0","0","0","0","0","0","0","0","0","1","1","45","67","4","2021","2","40.019583","-75.044758","1124","6","0","0","0","0","0","1","0","0","","0","1","0","11","1","0","N","0","0","40 01:10.498","","0","75 02:41.128","0","0","0","0","67301","0","0","0","N","0","0","0","2","68K01","0","","1.0","","1","N","N","N","1","","0","0","0","0","0","","1122","2","0","1","0","0","0","0","2","0","2","0","0","0","3","","Y","Y","4","1","N","N","N","Y","N","N","Y","N"
"2021004056","1530","0","0","0","0","0","0","0","0","0","4","0","","67","1","2021","7","40.026975","-75.062564","1528","6","0","0","0","0","0","1","0","0","","0","0","0","15","1","1","","1","2","40 01:37.109","2","0","75 03:45.232","2","0","1","1","67301","0","0","0","N","0","0","0","2","67301","0","","1.0","1610.0","1","N","N","N","1","","0","1","0","0","0","N","1527","2","1","0","0","0","0","0","2","0","2","0","0","0","3","03","","N","","","","","","","","","",""
"2021013026","1421","2","0","0","0","0","0","0","0","0","1","0","","67","2","2021","6","40.046061","-75.10462","1421","6","0","0","0","0","0","0","1","0","","0","0","0","14","1","0","","2","2","40 02:45.819","5","0","75 06:16.631","0","0","0","0","67301","0","0","0","N","0","0","0","1","67301","0","","1.0","1500.0","7","N","N","N","0","","0","0","1","0","0","Y","1421","3","0","0","0","0","0","0","2","0","3","0","0","0","3","10","","N","","","","","","","","","",""
"2021001493","111","2","0","0","0","0","0","0","0","0","1","0","","67","1","2021","7","39.978078","-75.202086","111","6","0","0","0","0","0","0","0","0","","0","0","0","01","3","0","N","0","0","39 58:41.082","","0","75 12:07.510","0","0","0","0","67301","0","0","0","N","0","0","0","1","68K01","0","","1.0","","9","N","N","N","0","","0","0","0","0","0","","0111","2","0","0","0","0","0","0","2","0","2","0","0","0","7","07","","N","","","","","","","","","",""
"2021005262","1741","2","0","0","0","0","0","0","0","0","4","0","","67","1","2021","7","39.984086","-75.160053","1739","6","0","0","0","1","0","0","0","0","","0","0","0","17","2","1","","1","2","39 59:02.710","1","0","75 09:36.190","4","0","0","0","67301","0","0","0","N","0","0","0","2","67505","1","","1.0","2245.0","1","N","N","Y","0","","0","0","1","3","3","Y","1737","3","1","0","0","0","0","0","2","0","3","0","0","0","3","03","","N","","","","","","","","","",""
"2021000460","1137","1","0","0","0","0","0","0","0","0","4","0","","67","1","2021","6","40.040625","-75.174591","1137","6","0","0","0","0","0","0","0","0","","0","0","0","11","1","1","","1","0","40 02:26.249","","0","75 10:28.527","3","0","0","0","67301","0","0","0","N","0","0","0","3","67301","0","","1.0","","1","N","N","N","0","","1","0","1","3","2","","1130","2","1","0","0","0","0","2","2","0","2","0","0","0","3","04","","N","","","","","","","","","",""
"2021037727","1357","0","0","0","0","0","0","0","0","0","8","0","","67","4","2021","3","39.962364","-75.229389","1355","6","0","0","0","0","0","0","0","0","","0","0","0","13","1","1","N","0","0","39 57:44.510","","0","75 13:45.800","3","0","0","0","67301","1","0","0","N","1","0","0","2","67301","0","","1.0","","1","N","N","N","0","","1","0","0","0","0","","1350","2","1","0","0","0","0","1","2","0","1","1","0","0","3","03","","N","","","","","","","","","",""
"2021013294","1403","1","0","0","0","0","0","0","0","0","3","0","","67","2","2021","1","40.019842","-75.068308","1402","6","0","0","0","0","0","0","0","0","","0","0","0","13","1","0","N","0","0","40 01:11.430","","0","75 04:05.910","0","0","0","0","67301","0","0","0","N","0","0","0","1","67301","0","","6.0","","7","N","N","N","0","","0","0","2","0","0","","1338","3","0","0","0","0","0","0","2","0","3","0","0","0","10","04","","N","","","","","","","","","",""
"2021006072","1933","1","0","0","0","0","0","0","0","0","5","0","","67","1","2021","1","40.020146","-75.153406","1930","6","0","0","0","0","0","0","0","0","","0","0","0","19","3","0","N","0","1","40 01:12.525","3","2","75 09:12.262","0","0","0","0","67301","0","0","0","N","0","0","0","1","67301","0","","6.0","2031.0","1","N","N","N","0","","0","0","2","0","0","Y","1920","3","0","0","0","0","0","0","2","0","3","0","0","0","3","03","","N","","","","","","","","","",""
"2021007676","100","1","0","0","0","0","0","0","0","0","4","0","","67","1","2021","6","40.029382","-75.188793","100","6","0","0","0","0","0","1","0","0","","0","0","0","22","3","0","","3","0","40 01:45.775","","0","75 11:19.654","0","0","0","0","67301","0","0","0","N","0","0","0","2","67301","0","","1.0","","1","N","N","N","0","","0","0","0","3","2","","2245","2","0","0","0","0","0","0","2","1","2","0","0","0","3","","","N","","","","","","","","","",""
"2021010259","1919","0","0","0","0","0","0","0","0","0","7","0","","67","1","2021","1","40.054649","-75.149706","1918","6","0","0","0","0","0","0","0","0","","0","0","0","19","3","1","","1","0","40 03:16.736","","0","75 08:58.941","3","0","0","0","67301","0","0","0","N","0","0","0","1","67301","0","","4.0","","7","N","N","N","0","","1","0","1","3","2","","1917","1","1","0","0","0","0","0","2","0","1","0","0","0","10","02","","N","","","","","","","","","",""
"2021041092","1650","1","0","0","0","0","0","0","0","0","4","0","","67","5","2021","5","39.989063","-75.089618","1646","6","0","0","0","0","0","1","0","0","","0","0","0","16","1","0","","1","0","39 59:20.627","","0","75 05:22.626","0","0","0","0","67301","0","0","0","N","0","0","0","2","67301","0","","1.0","","1","N","N","N","1","","0","0","0","3","2","","1640","2","0","0","0","0","0","0","2","0","2","0","0","0","3","","","N","","","","","","","","","",""
"2021032724","1613","1","0","0","0","0","0","0","0","0","5","0","","67","4","2021","6","39.983641","-75.097672","1557","6","0","0","0","0","0","1","0","0","","0","0","0","15","1","0","N","0","2","39 59:01.108","2","0","75 05:51.619","0","0","0","0","67301","0","0","0","N","0","0","0","2","68K01","0","","1.0","20.0","1","N","N","N","0","","0","0","0","0","0","N","1555","2","0","0","0","0","0","0","2","1","2","0","0","0","3","","","N","","","","","","","","","",""
"2021014102","346","3","0","0","0","0","0","0","0","0","5","0","","67","2","2021","1","40.048286","-75.113691","345","6","0","0","0","0","0","0","0","0","","0","0","0","03","3","0","N","0","0","40 02:53.829","","0","75 06:49.289","0","0","0","0","67301","0","0","0","N","0","0","0","1","67301","0","","6.0","","1","N","N","Y","0","","0","0","1","0","0","","0339","4","0","0","0","0","0","0","2","0","4","0","0","0","3","","","N","","","","","","","","","",""
"2021039150","637","1","0","0","0","0","0","1","0","0","2","1","","67","4","2021","5","39.951178","-75.218656","628","6","0","0","0","0","0","0","0","0","","0","0","0","05","1","0","N","0","0","39 57:04.240","","0","75 13:07.160","0","0","0","0","67301","0","0","0","N","0","0","0","1","67301","0","","6.0","","1","N","N","N","1","","0","0","0","0","0","","0545","3","0","0","0","0","0","0","2","0","3","0","0","0","3","03","","N","","","","","","","","","",""
"2021004689","1943","0","0","0","0","0","0","0","0","0","1","0","","67","1","2021","4","39.979386","-75.204125","1921","6","0","0","0","0","0","0","0","0","","0","0","0","19","3","1","N","0","1","39 58:45.790","3","0","75 12:14.849","4","0","0","0","67301","0","0","0","N","0","0","0","2","68K01","1","","1.0","1920.0","1","N","N","N","0","","0","0","2","0","0","N","1916","2","1","0","0","0","0","0","2","0","2","0","0","0","3","","","N","","","","","","","","","",""
"2021032603","730","1","0","0","0","0","0","1","0","0","2","1","","67","3","2021","4","39.994944","-75.078167","715","6","0","0","0","0","0","1","0","0","","0","0","0","07","1","1","","2","0","39 59:41.800","","0","75 04:41.400","8","0","0","0","67301","0","0","0","N","0","0","0","2","67508","0","","1.0","","1","N","N","Y","0","","0","0","0","0","0","","0715","2","1","0","0","0","1","0","2","0","2","0","0","0","3","03","","N","","","","","","","","","",""
"2021001066","2019","0","0","0","1","0","0","0","0","0","8","0","","67","1","2021","7","39.944803","-75.165194","2014","6","0","0","0","0","0","0","0","0","","0","0","0","20","3","1","N","0","0","39 56:41.289","","0","75 09:54.699","3","0","0","0","67301","1","0","0","N","0","0","0","2","67301","0","","1.0","","1","N","N","N","0","","1","0","1","0","0","","2009","2","1","0","0","0","0","0","2","0","1","1","0","0","3","","","N","","","","","","","","","",""
"2021000818","535","1","0","0","0","0","0","0","0","0","5","0","","67","1","2021","6","40.047167","-75.145528","530","6","0","0","0","0","0","0","0","0","","0","0","0","05","3","1","N","0","2","40 02:49.800","5","0","75 08:43.900","3","0","0","0","67301","0","0","0","N","0","0","0","1","67301","0","","6.0","845.0","1","N","N","N","0","","1","0","2","0","0","Y","0530","3","1","0","0","0","0","0","2","0","3","0","0","0","3","03","","N","","","","","","","","","",""
"2021010255","355","1","0","0","0","0","0","0","0","0","7","0","","67","1","2021","6","40.005855","-75.074244","346","6","0","0","0","0","1","0","0","0","","0","0","0","03","3","1","N","0","0","40 00:21.077","","2","75 04:27.278","3","0","0","0","67301","0","0","0","N","0","0","0","1","67301","0","","2.0","","1","N","N","N","0","","1","0","0","0","0","","0345","1","1","1","0","0","0","0","2","0","1","0","0","0","3","","","N","","","","","","","","","",""
"2021025212","1838","1","0","0","0","0","0","0","0","0","4","0","","67","1","2021","6","40.0367","-75.158384","1838","6","0","0","0","0","0","0","0","0","","0","0","0","17","3","1","","1","0","40 02:12.120","","0","75 09:30.184","3","0","0","0","67301","0","0","0","N","0","0","0","3","67301","0","","1.0","","1","N","N","N","0","","1","0","0","3","2","","1746","2","1","0","0","0","0","0","2","0","2","0","0","0","3","03","","N","","","","","","","","","",""
"2021033840","1905","0","0","0","0","0","0","0","0","0","8","0","","67","4","2021","5","40.014431","-75.0806","1858","6","0","0","0","0","0","1","0","0","","0","0","0","18","4","1","N","0","0","40 00:51.950","","0","75 04:50.160","3","0","0","0","67301","1","0","0","N","1","0","0","2","67301","0","","1.0","","1","N","N","N","0","","1","0","1","0","0","","1850","2","1","1","0","0","0","0","2","0","1","1","0","0","3","03","","N","","","","","","","","","",""
"2021000809","145","0","0","0","0","0","0","0","0","0","7","0","","67","1","2021","2","39.983861","-75.150056","144","6","0","0","0","0","0","0","0","0","","0","0","0","01","3","1","N","0","0","39 59:01.900","","0","75 09:00.200","3","0","0","0","67301","0","0","0","N","0","0","0","1","67505","0","","5.0","","9","N","N","N","0","","1","0","1","0","0","","0140","1","1","0","0","0","0","0","2","0","1","0","0","0","3","03","","N","","","","","","","","","",""
"2021014700","1234","2","0","0","0","0","0","0","0","0","4","0","","67","2","2021","7","40.076716","-75.176178","1234","6","0","0","0","0","0","0","0","0","","0","0","0","17","3","0","","1","0","40 04:36.177","","0","75 10:34.240","0","0","0","0","67301","0","0","0","N","0","0","0","2","67301","0","","1.0","","2","N","N","N","0","","0","0","0","3","3","","1700","2","0","0","0","0","0","0","2","0","2","0","0","0","10","04","","N","","","","","","","","","",""
"2021013027","1209","1","0","0","0","0","0","0","0","0","5","0","","67","2","2021","6","39.957429","-75.229271","1207","6","0","0","0","0","0","1","0","0","","0","0","0","12","1","0","","1","0","39 57:26.746","","0","75 13:45.376","0","0","0","0","67301","0","0","0","N","0","0","0","2","67301","0","","1.0","","1","N","N","N","0","","0","0","1","3","2","","1203","2","0","0","0","0","0","0","2","0","2","0","0","0","3","","","N","","","","","","","","","",""
"2021007296","1937","0","0","0","0","0","0","0","0","0","4","0","","67","1","2021","5","39.994631","-75.094531","1937","6","0","0","0","0","0","0","0","0","","0","0","0","18","3","3","","1","0","39 59:40.673","","0","75 05:40.311","3","0","0","0","67301","0","0","0","N","0","0","0","3","67301","0","","1.0","","1","N","N","N","0","","3","0","2","3","2","","1850","2","3","0","0","0","0","0","2","0","2","0","0","0","3","03","","N","","","","","","","","","",""