"CRN","ARRIVAL_TM","AUTOMOBILE_COUNT","BELTED_DEATH_COUNT","BELTED_SUSP_SERIOUS_INJ_COUNT","BICYCLE_COUNT","BICYCLE_DEATH_COUNT","BICYCLE_SUSP_SERIOUS_INJ_COUNT","BUS_COUNT","CHLDPAS_DEATH_COUNT","CHLDPAS_SUSP_SERIOUS_INJ_COUNT","COLLISION_TYPE","COMM_VEH_COUNT","CONS_ZONE_SPD_LIM","COUNTY","CRASH_MONTH","CRASH_YEAR","DAY_OF_WEEK","DEC_LATITUDE","DEC_LONGITUDE","DISPATCH_TM","DISTRICT","DRIVER_COUNT_16YR","DRIVER_COUNT_17YR","DRIVER_COUNT_18YR","DRIVER_COUNT_19YR","DRIVER_COUNT_20YR","DRIVER_COUNT_50_64YR","DRIVER_COUNT_65_74YR","DRIVER_COUNT_75PLUS","EST_HRS_CLOSED","FATAL_COUNT","HEAVY_TRUCK_COUNT","HORSE_BUGGY_COUNT","HOUR_OF_DAY","ILLUMINATION","INJURY_COUNT","INTERSECTION_RELATED","INTERSECT_TYPE","LANE_CLOSED","LATITUDE","LN_CLOSE_DIR","LOCATION_TYPE","LONGITUDE","MAX_SEVERITY_LEVEL","MCYCLE_DEATH_COUNT","MCYCLE_SUSP_SERIOUS_INJ_COUNT","MOTORCYCLE_COUNT","MUNICIPALITY","NONMOTR_COUNT","NONMOTR_DEATH_COUNT","NONMOTR_SUSP_SERIOUS_INJ_COUNT","NTFY_HIWY_MAINT","PED_COUNT","PED_DEATH_COUNT","PED_SUSP_SERIOUS_INJ_COUNT","PERSON_COUNT","POLICE_AGCY","POSSIBLE_INJ_COUNT","RDWY_SURF_TYPE_CD","RELATION_TO_ROAD","ROADWAY_CLEARED","ROAD_CONDITION","SCH_BUS_IND","SCH_ZONE_IND","SECONDARY_CRASH","SMALL_TRUCK_COUNT","SPEC_JURIS_CD","SUSP_MINOR_INJ_COUNT","SUSP_SERIOUS_INJ_COUNT","SUV_COUNT","TCD_FUNC_CD","TCD_TYPE","TFC_DETOUR_IND","TIME_OF_DAY","TOTAL_UNITS","TOT_INJ_COUNT","UNBELTED_OCC_COUNT","UNB_DEATH_COUNT","UNB_SUSP_SERIOUS_INJ_COUNT","UNK_INJ_DEG_COUNT","UNK_INJ_PER_COUNT","URBAN_RURAL","VAN_COUNT","VEHICLE_COUNT","VULNERABLE_ROAD_USER_COUNT","VULNERABLE_ROAD_USER_DEATH_COUNT","VULNERABLE_ROAD_USER_SER_INJ_COUNT","WEATHER1","WEATHER2","WORKERS_PRES","WORK_ZONE_IND","WORK_ZONE_LOC","WORK_ZONE_TYPE","WZ_CLOSE_DETOUR","WZ_FLAGGER","WZ_LAW_OFFCR_IND","WZ_LN_CLOSURE","WZ_MOVING","WZ_OTHER","WZ_SHLDER_MDN","WZ_WORKERS_INJ_KILLED"
"2021033537","612","2","0","0","0","0","0","0","0","0","5","0","","67","4","2021","5","39.921219","-75.148078","601","6","0","0","0","0","0","0","0","0","","0","0","0","05","3","0","N","0","0","39 55:16.388","","0","75 08:53.080","9","0","0","0","67301","0","0","0","N","0","0","0","2","68K01","0","","1.0","","9","N","N","N","0","","0","0","0","0","0","","0526","2","0","0","0","0","0","1","2","0","2","0","0","0","7","07","","N","","","","","","","","","",""
"2021011516","1630","1","0","0","0","0","0","0","0","0","1","0","","67","1","2021","6","39.918211","-75.208835","1616","6","0","0","0","0","0","0","0","0","","0","0","0","15","8","0","","2","0","39 55:05.558","","0","75 12:31.805","0","0","0","0","67301","0","0","0","N","0","0","0","2","67301","0","","1.0","","9","N","N","N","0","","0","0","0","3","2","","1557","2","0","1","0","0","0","0","2","1","2","0","0","0","7","06","","N","","","","","","","","","",""
"2021032993","727","1","0","0","0","0","0","0","0","0","1","0","","67","4","2021","1","39.960024","-75.179924","727","6","0","0","0","0","0","0","0","0","","0","0","0","07","1","0","N","7","1","39 57:36.087","4","2","75 10:47.726","0","0","0","0","67301","0","0","0","N","0","0","0","2","68K01","0","","1.0","745.0","9","N","N","N","0","","0","0","1","0","0","N","0722","2","0","0","0","0","0","0","2","0","2","0","0","0","7","","","N","","","","","","","","","",""
"2021017904","1720","1","0","0","0","0","0","0","0","0","5","0","","67","2","2021","4","40.011093","-75.088559","1715","6","0","0","0","0","0","0","0","0","","0","0","0","17","1","2","N","0","0","40 00:39.935","","1","75 05:18.812","3","0","0","0","67301","0","0","0","N","0","0","0","3","67508","0","","6.0","","1","N","N","Y","0","","1","0","0","0","0","","1715","2","2","0","0","0","1","0","2","1","2","0","0","0","3","03","","N","","","","","","","","","",""
"2021013028","2115","2","0","0","0","0","0","0","0","0","8","0","","67","2","2021","5","39.992896","-75.164047","2113","6","0","0","0","0","0","1","0","0","","0","0","0","21","3","1","","3","0","39 59:34.425","","0","75 09:50.569","2","0","0","0","67301","1","0","1","N","1","0","1","3","67301","0","","1.0","","6","N","N","N","0","","0","1","0","0","0","","2103","3","1","1","0","0","0","0","2","0","2","1","0","1","3","03","","N","","","","","","","","","",""
"2021039831","736","1","0","0","0","0","0","0","0","0","5","1","","67","4","2021","4","39.939683","-75.196284","722","6","0","0","0","0","0","0","0","0","","0","1","0","07","1","1","N","0","1","39 56:22.858","4","0","75 11:46.622","3","0","0","0","67301","0","0","0","N","0","0","0","2","68K01","0","","1.0","800.0","1","N","N","N","0","","1","0","0","0","0","N","0722","2","1","0","0","0","0","0","2","0","2","0","0","0","3","","","N","","","","","","","","","",""
"2021007468","1603","1","0","0","0","0","0","0","0","0","4","0","","67","1","2021","1","39.947947","-75.223266","1603","6","0","0","0","0","0","1","0","0","","0","0","0","15","1","1","","1","0","39 56:52.608","","0","75 13:23.758","3","0","0","0","67301","0","0","0","N","0","0","0","2","67301","0","","1.0","","1","N","N","N","0","","1","0","1","3","2","","1545","2","1","1","0","0","0","1","2","0","2","0","0","0","3","03","","N","","","","","","","","","",""
"2021009819","1657","1","0","0","0","0","0","0","0","0","4","0","","67","1","2021","6","40.03697","-75.214557","1657","6","0","0","0","0","1","0","0","0","","0","0","0","16","4","2","","1","1","40 02:13.092","3","0","75 12:52.405","4","0","0","0","67301","0","0","0","N","0","0","0","2","67301","2","","1.0","100.0","1","N","N","Y","0","","0","0","1","3","3","Y","1657","2","2","0","0","0","0","0","2","0","2","0","0","0","3","98","","N","","","","","","","","","",""
"2021042074","1355","1","0","0","0","0","0","0","0","0","5","0","","67","5","2021","7","40.041363","-75.028255","1347","6","0","0","0","0","0","0","0","0","","0","0","0","13","1","0","","1","1","40 02:28.908","6","0","75 01:41.719","0","0","0","0","67301","0","0","0","N","0","0","0","1","67301","0","","1.0","1510.0","1","N","N","N","0","","0","0","1","0","0","Y","1310","2","0","0","0","0","0","0","2","0","2","0","0","0","4","04","","N","","","","","","","","","",""
"2021035691","1310","1","0","0","0","0","0","0","0","0","1","1","","67","4","2021","2","39.938717","-75.143454","1301","6","0","0","0","0","0","1","0","0","","0","1","0","13","1","2","N","0","0","39 56:19.381","","0","75 08:36.436","4","0","0","0","67301","0","0","0","N","0","0","0","2","68K01","2","","1.0","","1","N","N","N","0","","0","0","0","0","0","","1300","2","2","0","0","0","0","0","2","0","2","0","0","0","3","","","N","","","","","","","","","",""
"2021003498","1051","0","0","0","0","0","0","0","0","0","7","0","","67","1","2021","1","40.049043","-74.989209","1041","6","0","0","0","0","0","0","0","0","","0","0","0","08","5","0","N","0","0","40 02:56.556","","0","74 59:21.151","0","0","0","0","67301","0","0","0","N","0","0","0","1","67301","0","","4.0","","1","N","N","N","0","","0","0","1","0","0","","0811","1","0","0","0","0","0","0","2","0","1","0","0","0","3","03","","N","","","","","","","","","",""
"2021019012","1858","0","0","0","0","0","0","0","0","0","1","0","","67","2","2021","4","39.927884","-75.196001","1855","6","0","0","0","0","0","1","0","0","","0","0","0","18","3","0","N","0","1","39 55:40.384","3","0","75 11:45.602","0","0","0","0","67301","0","0","0","N","0","0","0","2","68K01","0","","1.0","1900.0","1","N","N","N","1","","0","0","1","0","0","N","1835","2","0","0","0","0","0","0","2","0","2","0","0","0","3","03","","N","","","","","","","","","",""
"2021008849","1921","0","0","0","0","0","0","0","0","0","8","0","","67","1","2021","4","39.963838","-75.220047","1908","6","0","0","0","0","0","0","0","1","","0","0","0","19","3","1","","5","0","39 57:49.815","","0","75 13:12.169","3","0","0","0","67301","1","0","0","N","1","0","0","2","67301","0","","1.0","","1","N","N","N","0","","1","0","0","3","2","","1903","2","1","0","0","0","0","0","2","1","1","1","0","0","3","03","","N","","","","","","","","","",""
"2021003049","120","2","0","0","0","0","0","0","0","0","4","0","","67","1","2021","7","40.001601","-75.152925","120","6","0","0","0","0","0","0","0","0","","0","0","0","01","3","0","","1","0","40 00:05.763","","0","75 09:10.529","0","0","0","0","67301","0","0","0","N","0","0","0","3","67301","0","","1.0","","1","N","N","N","0","","0","0","1","3","1","","0100","3","0","0","0","0","0","0","2","0","3","0","0","0","3","03","","N","","","","","","","","","",""
"2021015664","1738","2","0","0","0","0","0","0","0","0","4","0","","67","1","2021","4","39.956314","-75.239905","1729","6","0","0","0","0","0","0","0","0","","0","0","0","17","3","1","","1","0","39 57:22.730","","0","75 14:23.657","3","0","0","0","67301","0","0","0","N","0","0","0","2","67301","0","","1.0","","1","N","N","N","0","","1","0","0","3","2","","1727","2","1","0","0","0","0","0","2","0","2","0","0","0","3","03","","N","","","","","","","","","",""
"2021006918","233","2","0","0","0","0","0","0","0","0","4","0","","67","1","2021","5","40.045003","-75.123562","232","6","0","0","0","0","0","0","0","0","","0","0","0","02","3","1","","1","0","40 02:42.011","","0","75 07:24.823","3","0","0","0","67301","0","0","0","N","0","0","0","2","67301","0","","1.0","","1","N","N","N","0","","1","0","1","3","1","","0228","3","1","0","0","0","0","0","2","0","3","0","0","0","3","03","","N","","","","","","","","","",""
"2021006019","2331","2","0","0","0","0","0","0","0","0","5","0","","67","1","2021","7","39.969631","-75.224131","2330","6","0","0","0","0","0","0","0","0","","0","0","0","22","3","0","N","0","2","39 58:10.670","6","0","75 13:26.870","0","0","0","0","67301","0","0","0","N","0","0","0","1","67301","0","","6.0","0.0","1","N","N","N","0","","0","0","1","0","0","Y","2255","3","0","0","0","0","0","0","2","0","3","0","0","0","3","03","","N","","","","","","","","","",""
"2021007374","1830","1","0","0","0","0","0","0","0","0","4","0","","67","1","2021","6","39.96898","-75.168993","1820","6","0","0","0","0","0","1","0","0","","0","0","0","18","3","0","","1","0","39 58:08.328","","0","75 10:08.374","0","0","0","0","67301","0","0","0","N","0","0","0","2","67301","0","","1.0","","1","N","N","N","0","","0","0","1","3","3","","1800","2","0","0","0","0","0","0","2","0","2","0","0","0","3","03","","N","","","","","","","","","",""
"2021009925","128","4","0","0","0","0","0","0","0","0","5","0","","67","1","2021","1","39.981583","-75.160583","126","6","0","0","0","0","0","0","0","0","","0","0","0","01","3","1","N","0","0","39 58:53.700","","0","75 09:38.100","4","0","0","0","67301","0","0","0","N","0","0","0","1","67505","1","","6.0","","1","N","N","N","0","","0","0","0","0","0","","0125","4","1","0","0","0","0","0","2","0","4","0","0","0","3","03","","N","","","","","","","","","",""
"2021009415","1925","1","0","0","0","0","0","0","0","0","4","0","","67","1","2021","4","40.094903","-75.015489","1914","6","0","0","0","0","0","0","0","0","","0","0","0","19","3","0","","1","1","40 05:41.652","3","0","75 00:55.759","0","0","0","0","67301","0","0","0","N","0","0","0","2","67301","0","","1.0","30.0","1","N","N","N","0","","0","0","1","3","2","N","1913","2","0","0","0","0","0","0","2","0","2","0","0","0","3","03","","N","","","","","","","","","",""
"2021007197","222","1","0","0","0","0","0","0","0","0","4","0","","67","1","2021","6","40.001522","-75.127965","218","6","0","0","0","0","0","0","0","0","","0","0","0","01","3","0","","1","0","40 00:05.479","","0","75 07:40.673","0","0","0","0","67301","0","0","0","N","0","0","0","2","67301","0","","1.0","","1","N","N","N","0","","0","0","1","3","3","","0130","2","0","0","0","0","0","0","2","0","2","0","0","0","3","03","","N","","","","","","","","","",""
"2021007193","233","1","0","0","0","0","0","0","0","0","4","0","","67","1","2021","6","39.996794","-75.103369","233","6","0","0","0","0","0","0","1","0","","0","0","0","02","3","1","","1","1","39 59:48.460","1","0","75 06:12.128","8","0","0","0","67301","0","0","0","N","0","0","0","2","67301","0","","1.0","236.0","1","N","N","N","0","","0","0","3","3","2","N","0215","4","1","0","0","0","1","1","2","0","4","0","0","0","3","03","","N","","","","","","","","","",""
"2021013182","1738","0","0","0","0","0","0","0","0","0","8","0","","67","2","2021","1","40.018906","-75.14723","1735","6","0","0","0","0","0","0","0","0","","0","0","0","15","1","1","","1","0","40 01:08.061","","0","75 08:50.029","8","0","0","0","67301","2","0","0","N","2","0","0","3","67301","0","","1.0","","9","N","N","N","0","","0","0","1","9","2","","1544","3","1","0","0","0","1","1","2","0","1","2","0","0","10","10","","N","","","","","","","","","",""
"2021004388","1511","1","0","0","0","0","0","0","0","0","4","0","","67","1","2021","2","40.02744","-75.062499","1511","6","0","0","0","0","0","1","0","0","","0","0","0","15","1","1","","1","1","40 01:38.783","2","0","75 03:44.998","3","0","0","0","67301","1","0","0","N","0","0","0","4","67301","0","","1.0","0.0","1","N","N","Y","0","","1","0","1","3","2","N","1505","3","1","0","0","0","0","0","2","0","2","1","0","0","3","","","N","","","","","","","","","",""
"2021005982","130","4","0","0","0","0","0","0","0","0","5","0","","67","1","2021","7","39.922694","-75.243919","130","6","0","0","0","0","0","0","0","0","","0","0","0","01","3","0","N","0","1","39 55:21.700","2","0","75 14:38.110","0","0","0","0","67301","0","0","0","N","0","0","0","1","67301","0","","6.0","200.0","9","N","N","N","0","","0","0","0","0","0","N","0130","4","0","0","0","0","0","0","2","0","4","0","0","0","7","04","","N","","","","","","","","","",""
"2021012162","1055","2","0","0","0","0","0","0","0","0","2","0","","67","2","2021","5","40.003683","-75.169092","1053","6","0","0","0","0","0","0","1","0","","0","0","0","10","1","0","","5","0","40 00:13.260","","0","75 10:08.730","0","0","0","0","67301","0","0","0","N","0","0","0","4","67301","0","","1.0","","1","N","N","N","0","","0","0","1","3","2","","1048","3","0","4","0","0","0","0","2","0","3","0","0","0","3","03","","N","","","","","","","","","",""
"2021014766","1335","1","0","0","0","0","0","0","0","0","7","0","","67","2","2021","2","39.888679","-75.202704","1327","6","0","0","0","0","0","0","0","0","","0","0","0","13","1","0","N","0","2","39 53:19.243","2","3","75 12:09.736","0","0","0","0","67301","0","0","0","N","0","0","0","1","68K01","0","","4.0","1330.0","6","N","N","N","0","","0","0","0","0","0","N","1324","1","0","0","0","0","0","0","2","0","1","0","0","0","10","10","","N","","","","","","","","","",""
"2021033958","1953","0","0","0","0","0","0","0","0","0","6","0","","67","4","2021","3","39.918214","-75.147673","1946","6","0","0","0","0","0","0","0","0","","0","0","0","19","3","1","N","0","1","39 55:05.569","2","0","75 08:51.621","8","0","0","0","67301","0","0","0","N","0","0","0","1","68K01","0","","5.0","10.0","1","N","N","N","0","","0","0","0","0","0","N","1942","1","1","1","0","0","1","0","2","1","1","0","0","0","3","03","","N","","","","","","","","","",""
"2021037924","1255","0","0","0","0","0","0","1","0","0","5","1","","67","4","2021","3","40.060439","-75.167031","1240","6","0","0","0","0","0","1","0","0","","0","0","0","12","1","1","","1","0","40 03:37.582","","0","75 10:01.312","4","0","0","0","67301","0","0","0","N","0","0","0","2","67508","1","","1.0","","1","N","N","Y","0","","0","0","0","3","2","","1240","2","1","0","0","0","0","0","2","1","2","0","0","0","3","03","","N","","","","","","","","","",""
"2021001488","149","2","0","0","0","0","0","0","0","0","1","0","","67","1","2021","6","39.960052","-75.179249","145","6","0","0","1","0","0","0","0","0","","0","0","0","01","3","2","N","0","1","39 57:36.186","4","3","75 10:45.297","8","0","0","0","67301","0","0","0","N","0","0","0","3","68K01","0","","1.0","100.0","1","N","N","N","0","","0","0","0","0","0","N","0100","2","2","0","0","0","2","0","2","0","2","0","0","0","3","03","","N","","","","","","","","","",""
"2021040299","1444","3","0","0","0","0","0","0","0","0","1","0","","67","5","2021","7","40.002274","-75.078145","1424","6","0","0","0","0","0","0","0","0","","0","0","0","13","1","0","N","0","0","40 00:08.185","","0","75 04:41.322","0","0","0","0","67301","0","0","0","N","0","0","0","3","68K01","0","","1.0","","1","N","N","N","0","","0","0","0","0","0","","1357","3","0","0","0","0","0","0","2","0","3","0","0","0","3","","","N","","","","","","","","","",""
"2021033407","1350","3","0","0","0","0","0","0","0","0","4","0","","67","4","2021","1","39.9901","-75.111342","1347","6","0","0","0","0","0","0","0","0","","0","0","0","13","1","1","N","0","0","39 59:24.360","","0","75 06:40.830","3","0","0","0","67301","0","0","0","N","0","0","0","1","67301","0","","1.0","","9","N","N","N","0","","1","0","0","0","0","","1344","3","1","0","0","0","0","0","2","0","3","0","0","0","7","07","","N","","","","","","","","","",""
"2021032547","23","1","0","0","0","0","0","0","0","0","7","0","","67","4","2021","7","40.001601","-75.152925","22","6","0","0","0","0","0","0","1","0","","0","0","0","00","3","0","","1","1","40 00:05.763","2","0","75 09:10.529","9","0","0","0","67301","0","0","0","N","0","0","0","1","67505","0","","3.0","45.0","1","N","N","N","0","","0","0","0","3","2","N","0022","1","0","0","0","0","0","1","2","0","1","0","0","0","3","03","","N","","","","","","","","","",""
"2021004014","2056","1","0","0","0","0","0","0","0","0","1","0","","67","1","2021","7","39.892729","-75.197057","2049","6","0","0","0","0","0","1","0","0","","0","0","0","20","3","3","N","0","1","39 53:33.824","1","3","75 11:49.406","4","0","0","0","67301","0","0","0","N","0","0","0","7","68K01","1","","1.0","2200.0","1","N","N","N","0","","0","0","2","0","0","N","2048","3","3","0","0","0","2","0","2","0","3","0","0","0","3","03","","N","","","","","","","","","",""
"2021033728","702","2","0","0","0","0","0","0","0","0","1","0","","67","4","2021","3","39.982772","-75.099157","641","6","0","0","0","0","0","0","0","0","","0","0","0","06","1","1","N","0","1","39 58:57.980","1","0","75 05:56.966","3","0","0","0","67301","0","0","0","N","0","0","0","2","68K01","0","","1.0","10.0","1","N","N","N","0","","1","0","0","0","0","N","0640","2","1","0","0","0","0","0","2","0","2","0","0","0","3","03","","N","","","","","","","","","",""
"2021034157","17","0","0","0","0","0","0","0","0","0","2","0","","67","4","2021","5","40.014326","-75.070851","14","6","0","0","0","0","0","0","0","0","","0","0","0","00","3","2","","1","0","40 00:51.572","","0","75 04:15.064","3","0","0","0","67301","0","0","0","N","0","0","0","4","67301","0","","1.0","","1","N","N","N","0","","2","0","2","3","3","","0000","2","2","0","0","0","0","0","2","0","2","0","0","0","3","","","N","","","","","","","","","",""
"2021004329","203","2","0","0","0","0","0","0","0","0","1","0","","67","1","2021","6","39.96025","-75.180743","154","6","0","0","0","0","0","0","0","0","","0","0","0","01","3","3","N","0","2","39 57:36.899","4","3","75 10:50.673","3","0","0","0","67301","0","0","0","N","0","0","0","6","68K01","0","","1.0","45.0","1","N","N","N","1","","3","0","1","0","0","N","0149","5","3","0","0","0","0","0","2","0","5","0","0","0","3","03","","N","","","","","","","","","",""
"2021034081","1931","1","0","0","0","0","0","0","0","0","1","0","","67","4","2021","5","39.980468","-75.205793","1931","6","0","0","0","0","0","0","0","0","","0","0","0","19","1","0","N","0","0","39 58:49.685","","0","75 12:20.854","0","0","0","0","67301","0","0","0","N","0","0","0","2","68K01","0","","1.0","","1","N","N","N","1","","0","0","0","0","0","","1931","2","0","0","0","0","0","0","2","0","2","0","0","0","3","","","N","","","","","","","","","",""
"2021006180","1530","2","0","0","0","0","0","0","0","0","4","0","","67","1","2021","3","39.962167","-75.191273","1525","6","0","0","0","0","0","0","1","0","","0","0","0","15","1","1","","1","1","39 57:43.801","2","0","75 11:28.582","3","0","0","0","67301","0","0","0","N","0","0","0","2","67507","0","","1.0","1540.0","1","N","N","N","0","","1","0","0","3","2","N","1522","2","1","0","0","0","0","0","2","0","2","0","0","0","3","","","N","","","","","","","","","",""
"2021001289","1727","2","0","0","0","0","0","0","0","0","4","0","","67","1","2021","6","39.923501","-75.162886","1726","6","0","0","0","1","0","0","0","0","","0","0","0","17","3","0","","1","0","39 55:24.605","","0","75 09:46.390","9","0","0","0","67301","0","0","0","N","0","0","0","5","67301","0","","1.0","","9","N","N","N","0","","0","0","0","3","2","","1723","2","0","0","0","0","0","4","2","0","2","0","0","0","7","07","","N","","","","","","","","","",""
"2021000457","2204","0","0","0","0","0","0","0","0","0","4","0","","67","1","2021","6","40.074316","-75.034824","2158","6","0","0","0","0","0","0","0","0","","0","0","0","21","3","1","","1","0","40 04:27.539","","0","75 02:05.367","3","0","0","0","67301","0","0","0","N","0","0","0","2","67301","0","","1.0","","9","N","N","N","0","","1","0","1","3","2","","2151","2","1","0","0","0","0","0","2","1","2","0","0","0","7","07","","N","","","","","","","","","",""
"2021040641","1826","3","0","0","0","0","0","0","0","0","5","0","","67","4","2021","6","40.041866","-75.003926","1802","6","0","0","2","0","0","0","0","0","","0","0","0","17","1","0","N","0","0","40 02:30.719","","0","75 00:14.133","9","0","0","0","67301","0","0","0","N","0","0","0","3","68K01","0","","1.0","","1","N","N","N","0","","0","0","0","0","0","","1744","3","0","0","0","0","0","1","2","0","3","0","0","0","3","","","N","","","","","","","","","",""
"2021000787","2105","4","0","0","0","0","0","0","0","0","4","0","","67","1","2021","7","39.956294","-75.229503","2105","6","0","0","0","0","0","0","0","0","","0","0","0","21","3","1","","1","1","39 57:22.658","1","0","75 13:46.210","3","0","0","0","67301","0","0","0","N","0","0","0","2","67301","0","","1.0","2205.0","1","N","N","N","0","","1","0","0","3","3","Y","2104","4","1","0","0","0","0","0","2","0","4","0","0","0","3","03","","N","","","","","","","","","",""
"2021037479","1730","1","0","0","0","0","0","1","0","0","6","1","","67","4","2021","6","40.047758","-75.143328","1700","6","0","0","0","0","0","1","0","0","","0","0","0","15","1","0","N","0","2","40 02:51.930","3","0","75 08:35.982","9","0","0","0","67301","0","0","0","N","0","0","0","5","67301","0","","1.0","1830.0","1","Y","N","N","0","","0","0","0","0","0","Y","1510","2","0","0","0","0","0","1","2","0","2","0","0","0","3","03","","N","","","","","","","","","",""
"2021012395","40","1","0","0","0","0","0","0","0","0","7","0","","67","2","2021","5","40.005698","-75.197626","35","6","0","0","0","0","0","0","0","0","","0","0","0","00","2","1","N","0","0","40 00:20.514","","2","75 11:51.452","8","0","0","0","67301","0","0","0","N","0","0","0","1","67301","0","","4.0","","1","N","N","N","0","","0","0","0","0","0","","0015","1","1","0","0","0","1","0","2","0","1","0","0","0","10","10","","N","","","","","","","","","",""
"2021017776","2125","1","0","0","0","0","0","0","0","0","1","0","","67","2","2021","7","39.938895","-75.19709","2107","6","0","0","0","0","0","1","0","0","","0","0","0","21","3","0","N","0","2","39 56:20.022","4","3","75 11:49.523","0","0","0","0","67301","0","0","0","N","0","0","0","7","68K01","0","","1.0","100.0","1","N","N","N","0","","0","0","3","0","0","N","2102","4","0","0","0","0","0","0","2","0","4","0","0","0","3","","","N","","","","","","","","","",""
"2021008287","40","1","0","0","0","0","0","0","0","0","7","0","","67","1","2021","2","40.032411","-75.080751","32","6","0","0","0","0","0","0","0","0","","0","0","0","00","3","1","N","0","0","40 01:56.679","","0","75 04:50.704","2","0","0","0","67301","0","0","0","N","0","0","0","2","67301","0","","5.0","","1","N","N","N","0","","0","1","0","0","0","","0002","1","1","0","0","0","0","1","2","0","1","0","0","0","3","03","","N","","","","","","","","","",""
"2021008904","748","1","0","0","0","0","0","0","0","0","0","0","","67","1","2021","2","40.050806","-74.990784","745","6","0","0","0","0","0","0","0","0","","0","0","0","07","1","1","N","0","0","40 03:02.902","","0","74 59:26.822","3","0","0","0","67301","0","0","0","N","0","0","0","1","68K01","0","","1.0","","1","N","N","N","0","","1","0","0","0","0","","0743","1","1","0","0","0","0","0","2","0","1","0","0","0","3","","","N","","","","","","","","","",""
"2021008005","1333","1","0","0","0","0","0","0","0","0","4","0","","67","1","2021","7","39.945985","-75.184235","1329","6","0","0","0","0","0","0","0","0","","0","0","0","13","1","1","","5","2","39 56:45.546","3","0","75 11:03.246","3","0","0","0","67301","0","0","0","N","0","0","0","2","67301","0","","1.0","1500.0","1","N","N","N","0","","1","0","1","3","2","Y","1318","2","1","0","0","0","0","0","2","0","2","0","0","0","3","03","","N","","","","","","","","","",""
"2021011520","1911","2","0","0","0","0","0","0","0","0","4","0","","67","1","2021","1","40.007904","-75.085199","1910","6","0","0","0","0","0","1","0","0","","0","0","0","19","3","0","N","2","1","40 00:28.454","1","0","75 05:06.715","0","0","0","0","67301","0","0","0","N","0","0","0","2","67301","0","","1.0","100.0","7","N","N","N","1","","0","0","0","3","3","N","1909","3","0","0","0","0","0","0","2","0","3","0","0","0","10","10","","N","","","","","","","","","",""
"2021035539","1342","3","0","0","0","0","0","0","0","0","4","0","","67","4","2021","6","39.945211","-75.231978","1340","6","0","0","0","0","0","0","0","0","","0","0","0","13","1","0","N","0","0","39 56:42.760","","0","75 13:55.120","9","0","0","0","67301","0","0","0","N","0","0","0","1","67301","0","","1.0","","1","N","N","N","0","","0","0","0","0","0","","1324","3","0","0","0","0","0","1","2","0","3","0","0","0","4","98","","N","","","","","","","","","",""
"2021041355","1412","0","0","0","0","0","0","0","0","0","5","1","99","67","5","2021","6","39.91225","-75.170639","1412","6","0","0","0","0","0","2","0","0","","0","1","0","14","1","1","","6","1","39 54:44.100","4","8","75 10:14.300","8","0","0","0","67301","0","0","0","N","0","0","0","4","67501","0","","7.0","1450.0","1","N","N","N","0","","0","0","1","3","4","N","1412","2","1","0","0","0","1","0","2","0","2","0","0","0","3","","U","Y","4","1","","","U","Y","","","","N"
"2021009676","1523","1","0","0","0","0","0","0","0","0","4","0","","67","1","2021","6","40.011033","-75.104163","1523","6","0","0","0","0","0","0","0","0","","0","0","0","15","1","0","","1","0","40 00:39.717","","0","75 06:14.985","0","0","0","0","67301","0","0","0","N","0","0","0","2","67301","0","","1.0","","1","N","N","N","0","","0","0","1","3","2","","1523","2","0","1","0","0","0","0","2","0","2","0","0","0","3","03","","N","","","","","","","","","",""
"2021033339","1953","1","0","0","0","0","0","0","0","0","1","0","","67","4","2021","4","39.978704","-75.20308","1951","6","0","0","0","0","0","1","0","0","","0","0","0","19","3","2","N","0","0","39 58:43.335","","0","75 12:11.088","8","0","0","0","67301","0","0","0","N","0","0","0","4","68K01","0","","1.0","","1","N","N","N","0","","0","0","3","0","0","","1948","4","2","0","0","0","2","0","2","0","4","0","0","0","3","","","N","","","","","","","","","",""
"2021025521","118","1","0","0","1","0","0","0","0","0","8","0","","67","1","2021","3","40.009244","-75.151133","118","6","0","0","0","0","0","0","0","0","","0","0","0","01","3","1","","1","0","40 00:33.277","","0","75 09:04.079","3","0","0","0","67301","1","0","0","N","0","0","0","2","67301","0","","1.0","","1","N","N","N","0","","1","0","0","3","2","","0104","2","1","0","0","0","0","0","2","0","1","1","0","0","3","","","N","","","","","","","","","",""
"2021035599","1307","1","0","0","0","0","0","0","0","0","1","0","","67","4","2021","1","39.993434","-75.097032","1307","6","0","0","0","0","0","1","0","0","","0","0","0","18","1","3","","1","9","39 59:36.361","","0","75 05:49.315","3","0","0","0","67301","0","0","0","N","0","0","0","4","67301","0","","1.0","","1","N","N","N","0","","3","0","1","3","2","U","1850","2","3","0","0","0","0","1","2","0","2","0","0","0","3","03","","N","","","","","","","","","",""
"2021013527","724","1","0","0","0","0","0","0","0","0","5","0","","67","1","2021","1","39.886036","-75.213387","712","6","0","0","0","0","0","0","0","0","","0","0","0","07","1","0","N","0","0","39 53:09.729","","3","75 12:48.194","0","0","0","0","67301","0","0","0","N","0","0","0","2","68K01","0","","1.0","","1","N","N","N","1","","0","0","0","0","0","","0703","2","0","0","0","0","0","0","2","0","2","0","0","0","3","03","","N","","","","","","","","","",""
"2021006000","2350","1","0","0","0","0","0","0","0","0","4","0","","67","1","2021","5","39.928019","-75.219299","2349","6","0","0","0","0","0","1","0","0","","0","0","0","23","3","2","","1","0","39 55:40.869","","0","75 13:09.477","3","0","0","0","67301","0","0","0","N","0","0","0","3","67301","0","","1.0","","1","N","N","N","0","","2","0","1","3","1","","2316","2","2","2","0","0","0","0","2","0","2","0","0","0","3","03","","N","","","","","","","","","",""