"CRN","ARRIVAL_TM","AUTOMOBILE_COUNT","BELTED_DEATH_COUNT","BELTED_SUSP_SERIOUS_INJ_COUNT","BICYCLE_COUNT","BICYCLE_DEATH_COUNT","BICYCLE_SUSP_SERIOUS_INJ_COUNT","BUS_COUNT","CHLDPAS_DEATH_COUNT","CHLDPAS_SUSP_SERIOUS_INJ_COUNT","COLLISION_TYPE","COMM_VEH_COUNT","CONS_ZONE_SPD_LIM","COUNTY","CRASH_MONTH","CRASH_YEAR","DAY_OF_WEEK","DEC_LATITUDE","DEC_LONGITUDE","DISPATCH_TM","DISTRICT","DRIVER_COUNT_16YR","DRIVER_COUNT_17YR","DRIVER_COUNT_18YR","DRIVER_COUNT_19YR","DRIVER_COUNT_20YR","DRIVER_COUNT_50_64YR","DRIVER_COUNT_65_74YR","DRIVER_COUNT_75PLUS","EST_HRS_CLOSED","FATAL_COUNT","HEAVY_TRUCK_COUNT","HORSE_BUGGY_COUNT","HOUR_OF_DAY","ILLUMINATION","INJURY_COUNT","INTERSECTION_RELATED","INTERSECT_TYPE","LANE_CLOSED","LATITUDE","LN_CLOSE_DIR","LOCATION_TYPE","LONGITUDE","MAX_SEVERITY_LEVEL","MCYCLE_DEATH_COUNT","MCYCLE_SUSP_SERIOUS_INJ_COUNT","MOTORCYCLE_COUNT","MUNICIPALITY","NONMOTR_COUNT","NONMOTR_DEATH_COUNT","NONMOTR_SUSP_SERIOUS_INJ_COUNT","NTFY_HIWY_MAINT","PED_COUNT","PED_DEATH_COUNT","PED_SUSP_SERIOUS_INJ_COUNT","PERSON_COUNT","POLICE_AGCY","POSSIBLE_INJ_COUNT","RDWY_SURF_TYPE_CD","RELATION_TO_ROAD","ROADWAY_CLEARED","ROAD_CONDITION","SCH_BUS_IND","SCH_ZONE_IND","SECONDARY_CRASH","SMALL_TRUCK_COUNT","SPEC_JURIS_CD","SUSP_MINOR_INJ_COUNT","SUSP_SERIOUS_INJ_COUNT","SUV_COUNT","TCD_FUNC_CD","TCD_TYPE","TFC_DETOUR_IND","TIME_OF_DAY","TOTAL_UNITS","TOT_INJ_COUNT","UNBELTED_OCC_COUNT","UNB_DEATH_COUNT","UNB_SUSP_SERIOUS_INJ_COUNT","UNK_INJ_DEG_COUNT","UNK_INJ_PER_COUNT","URBAN_RURAL","VAN_COUNT","VEHICLE_COUNT","VULNERABLE_ROAD_USER_COUNT","VULNERABLE_ROAD_USER_DEATH_COUNT","VULNERABLE_ROAD_USER_SER_INJ_COUNT","WEATHER1","WEATHER2","WORKERS_PRES","WORK_ZONE_IND","WORK_ZONE_LOC","WORK_ZONE_TYPE","WZ_CLOSE_DETOUR","WZ_FLAGGER","WZ_LAW_OFFCR_IND","WZ_LN_CLOSURE","WZ_MOVING","WZ_OTHER","WZ_SHLDER_MDN","WZ_WORKERS_INJ_KILLED"
"2021007465","1249","0","0","0","0","0","0","0","0","0","0","0","","67","1","2021","7","39.911326","-75.242828","1246","6","0","0","0","0","0","0","0","0","","0","0","0","11","1","1","","5","0","39 54:40.772","","0","75 14:34.179","2","0","1","1","67301","0","0","0","N","0","0","0","1","67301","0","","1.0","","1","N","N","N","0","","0","1","0","3","2","","1159","2","1","0","0","0","0","0","2","0","1","0","0","0","3","03","","N","","","","","","","","","",""
"2021039467","2010","0","0","0","0","0","0","0","0","0","2","0","","67","5","2021","7","39.993353","-75.096973","2008","6","0","0","0","0","0","0","0","0","","0","0","0","20","3","1","","1","0","39 59:36.071","","0","75 05:49.104","3","0","0","0","67301","0","0","0","N","0","0","0","2","67301","0","","1.0","","1","N","N","N","1","","1","0","1","3","2","","2000","2","1","0","0","0","0","0","2","0","2","0","0","0","3","","","N","","","","","","","","","",""
"2021010206","2017","0","0","0","0","0","0","0","0","0","5","0","","67","1","2021","6","39.986408","-75.102092","2017","6","0","0","0","0","0","0","0","0","","0","0","0","20","3","1","N","0","0","39 59:11.070","","0","75 06:07.530","3","0","0","0","67301","0","0","0","N","0","0","0","1","67301","0","","6.0","","1","N","N","N","0","","1","0","2","0","0","","2017","2","1","0","0","0","0","0","2","0","2","0","0","0","3","03","","N","","","","","","","","","",""
"2021037478","2005","2","0","0","0","0","0","0","0","0","4","0","","67","4","2021","6","40.025648","-75.122274","1956","6","0","0","0","1","0","1","0","0","","0","0","0","19","3","0","N","1","1","40 01:32.331","4","0","75 07:20.187","0","0","0","0","67301","0","0","0","N","0","0","0","6","67301","0","","1.0","2030.0","1","N","N","N","0","","0","0","1","3","2","Y","1935","3","0","0","0","0","0","0","2","0","3","0","0","0","3","03","","N","","","","","","","","","",""
"2021008286","508","2","0","0","0","0","0","0","0","0","6","0","","67","1","2021","1","40.007733","-75.085604","506","6","0","0","0","0","0","0","0","0","","0","0","0","05","3","0","N","0","0","40 00:27.839","","0","75 05:08.173","0","0","0","0","67301","0","0","0","N","0","0","0","1","67301","0","","6.0","","1","N","N","N","1","","0","0","0","0","0","","0504","3","0","0","0","0","0","0","2","0","3","0","0","0","3","03","","N","","","","","","","","","",""
"2021012557","1744","1","0","0","0","0","0","0","0","0","8","0","","67","2","2021","7","39.934269","-75.150819","1743","6","0","0","0","0","0","0","0","0","","0","0","0","17","3","1","","1","0","39 56:03.368","","7","75 09:02.948","4","0","0","0","67301","1","0","0","N","1","0","0","2","67301","1","","1.0","","1","N","N","N","0","","0","0","0","3","2","","1740","2","1","0","0","0","0","0","2","0","1","1","0","0","3","03","","N","","","","","","","","","",""
"2021041816","1118","2","0","0","0","0","0","0","0","0","5","0","","67","5","2021","1","40.052272","-74.987528","1114","6","0","0","0","0","0","0","0","0","","0","0","0","11","1","1","N","0","1","40 03:08.179","1","0","74 59:15.101","8","0","0","0","67301","0","0","0","Y","0","0","0","2","68K01","0","","1.0","1200.0","1","N","N","N","0","","0","0","0","0","0","N","1113","2","1","0","0","0","1","1","2","0","2","0","0","0","4","04","","N","","","","","","","","","",""
"2021003753","1150","2","0","0","0","0","0","0","0","0","4","0","","67","1","2021","1","40.010821","-75.126649","1126","6","0","0","0","0","1","0","0","0","","0","0","0","11","1","0","","1","0","40 00:38.955","","0","75 07:35.936","0","0","0","0","67301","0","0","0","N","0","0","0","2","67301","0","","1.0","","1","N","N","N","0","","0","0","0","3","2","","1115","2","0","0","0","0","0","0","2","0","2","0","0","0","3","03","","N","","","","","","","","","",""
"2021006055","1012","0","0","0","0","0","0","0","0","0","4","0","","67","1","2021","6","40.05422","-75.146336","1008","6","0","0","0","0","0","1","0","0","","0","0","0","09","1","2","","1","0","40 03:15.192","","0","75 08:46.809","3","0","0","0","67301","0","0","0","N","0","0","0","2","67301","0","","1.0","","1","N","N","N","0","","2","0","1","3","3","","0907","2","2","0","0","0","0","0","2","1","2","0","0","0","3","","","N","","","","","","","","","",""
"2021008756","1823","1","0","0","0","0","0","0","0","0","4","0","","67","1","2021","2","39.951191","-75.232791","1821","6","0","0","0","0","0","0","0","0","","0","0","0","18","3","6","","1","0","39 57:04.287","","0","75 13:58.047","3","0","0","0","67301","0","0","0","N","0","0","0","6","67301","0","","1.0","","1","N","N","N","0","","6","0","0","3","2","","1817","2","6","0","0","0","0","0","2","1","2","0","0","0","3","03","","N","","","","","","","","","",""
"2021032607","1006","2","0","0","0","0","0","0","0","0","2","0","","67","3","2021","1","40.099181","-75.012354","1005","6","0","0","0","0","0","0","0","0","","0","0","0","10","1","1","","1","1","40 05:57.051","2","0","75 00:44.474","3","0","0","0","67301","0","0","0","N","0","0","0","2","67301","0","","1.0","1120.0","9","N","N","N","0","","1","0","0","3","2","N","1000","2","1","0","0","0","0","0","2","0","2","0","0","0","7","","","N","","","","","","","","","",""
"2021035601","858","2","0","0","0","0","0","0","0","0","4","0","","67","4","2021","6","39.994237","-75.132185","858","6","0","0","0","0","0","0","0","0","","0","0","0","08","1","2","","1","0","39 59:39.253","","0","75 07:55.866","8","0","0","0","67301","0","0","0","N","0","0","0","3","67301","0","","1.0","","1","N","N","N","0","","0","0","0","3","3","","0855","2","2","0","0","0","2","0","2","0","2","0","0","0","3","","","N","","","","","","","","","",""
"2021006063","1745","2","0","0","0","0","0","0","0","0","4","0","","67","1","2021","3","40.016924","-75.151564","1735","6","0","0","0","0","0","1","0","0","","0","0","0","17","3","1","","1","0","40 01:00.926","","0","75 09:05.632","8","0","0","0","67301","0","0","0","N","0","0","0","2","67301","0","","1.0","","1","N","N","N","0","","0","0","0","3","2","","1730","2","1","0","0","0","1","0","2","0","2","0","0","0","3","","","N","","","","","","","","","",""
"2021008003","2350","2","0","0","0","0","0","0","0","0","5","0","","67","1","2021","7","40.077337","-74.99966","2350","6","0","0","0","0","0","0","0","0","","0","0","0","23","3","0","N","0","0","40 04:38.414","","0","74 59:58.776","0","0","0","0","67301","0","0","0","N","0","0","0","1","67301","0","","6.0","","1","N","N","N","0","","0","0","2","0","0","","2349","4","0","0","0","0","0","0","2","0","4","0","0","0","3","03","","N","","","","","","","","","",""
"2021038693","54","2","0","0","0","0","0","0","0","0","5","0","","67","4","2021","1","39.957118","-75.152397","44","6","0","0","0","0","0","0","0","0","","0","0","0","00","3","0","N","0","1","39 57:25.626","4","0","75 09:08.629","0","0","0","0","67301","0","0","0","N","0","0","0","3","68K01","0","","1.0","153.0","9","N","N","N","0","","0","0","0","0","0","N","0042","2","0","0","0","0","0","0","2","0","2","0","0","0","7","","","N","","","","","","","","","",""
"2021035589","1704","1","0","2","0","0","0","0","0","0","4","0","","67","4","2021","7","39.971459","-75.159368","1702","6","0","0","0","0","1","0","0","0","","0","0","0","17","4","7","","1","0","39 58:17.254","","0","75 09:33.726","2","0","0","0","67301","0","0","0","N","0","0","0","7","67301","0","","1.0","","1","N","N","N","0","","5","2","1","3","2","","1702","2","7","0","0","0","0","0","2","0","2","0","0","0","4","03","","N","","","","","","","","","",""
"2021013175","2215","0","0","0","0","0","0","0","0","0","7","0","","67","2","2021","1","39.903748","-75.198174","2207","6","0","0","0","0","0","0","0","0","","0","0","0","22","3","1","N","0","0","39 54:13.491","","3","75 11:53.427","3","0","0","0","67301","0","0","0","N","0","0","0","1","67301","0","","3.0","","1","N","N","N","0","","1","0","0","0","0","","2206","1","1","0","0","0","0","0","2","1","1","0","0","0","3","","","N","","","","","","","","","",""
"2021002399","1330","1","0","0","0","0","0","0","0","0","4","0","","67","1","2021","3","39.977286","-75.169405","1323","6","0","0","0","0","0","0","1","0","","0","0","0","13","1","1","","1","2","39 58:38.230","7","0","75 10:09.859","8","0","0","0","67301","0","0","0","N","0","0","0","2","67301","0","","1.0","1345.0","1","N","N","N","0","","0","0","0","3","2","N","1300","2","1","0","0","0","1","0","2","1","2","0","0","0","3","03","","N","","","","","","","","","",""
"2021041995","2209","1","0","0","0","0","0","0","0","0","1","0","","67","4","2021","4","40.016773","-75.050966","2152","6","0","1","0","0","0","0","0","0","","0","0","0","21","3","1","N","0","1","40 01:00.383","2","0","75 03:03.477","4","0","0","0","67301","0","0","0","N","0","0","0","2","68K01","1","","1.0","2230.0","1","N","N","N","0","","0","0","1","0","0","N","2138","2","1","0","0","0","0","0","2","0","2","0","0","0","3","","","N","","","","","","","","","",""
"2021015189","225","1","0","0","0","0","0","0","0","0","5","0","","67","2","2021","5","39.979722","-75.119361","216","6","0","0","0","0","0","0","0","0","","0","0","0","01","3","0","N","0","0","39 58:47.000","","0","75 07:09.700","9","0","0","0","67301","0","0","0","N","0","0","0","1","67301","0","","6.0","","7","N","N","N","0","","0","0","0","0","0","","0155","2","0","0","0","0","0","1","2","1","2","0","0","0","10","10","","N","","","","","","","","","",""
"2021033719","1701","1","0","0","0","0","0","0","0","0","4","1","","67","4","2021","6","39.993948","-75.154613","1638","6","0","0","0","0","0","1","0","0","","0","1","0","16","1","1","","1","0","39 59:38.214","","0","75 09:16.608","4","0","0","0","67301","0","0","0","N","0","0","0","2","68K01","1","","1.0","","1","N","N","N","0","","0","0","0","3","2","","1626","2","1","0","0","0","0","0","2","0","2","0","0","0","3","","","N","","","","","","","","","",""
"2021009217","1935","1","0","0","0","0","0","0","0","0","4","0","","67","1","2021","4","40.007865","-75.172261","1933","6","0","0","0","0","0","1","0","0","","0","0","0","18","3","1","","1","0","40 00:28.314","","0","75 10:20.141","8","0","0","0","67301","0","0","0","N","0","0","0","4","67301","0","","1.0","","1","N","N","N","0","","0","0","0","3","2","","1800","2","1","0","0","0","1","2","2","1","2","0","0","0","3","","","N","","","","","","","","","",""
"2021013029","855","2","0","0","0","0","0","0","0","0","5","0","","67","2","2021","1","40.000246","-75.142354","850","6","0","0","0","0","0","0","0","0","","0","0","0","07","5","0","N","0","0","40 00:00.884","","0","75 08:32.474","0","0","0","0","67301","0","0","0","N","0","0","0","1","67301","0","","6.0","","9","N","N","N","0","","0","0","1","0","0","","0743","3","0","0","0","0","0","0","2","0","3","0","0","0","7","","","N","","","","","","","","","",""
"2021009742","2230","2","0","0","0","0","0","0","0","0","2","0","","67","1","2021","6","39.945985","-75.184235","2230","6","0","0","0","0","0","0","0","0","","0","0","0","21","3","0","","1","0","39 56:45.546","","0","75 11:03.246","0","0","0","0","67301","0","0","0","N","0","0","0","3","67301","0","","1.0","","1","N","N","N","0","","0","0","0","3","2","","2104","2","0","3","0","0","0","0","2","0","2","0","0","0","3","03","","N","","","","","","","","","",""
"2021006048","15","1","0","0","0","0","0","0","0","0","4","0","","67","1","2021","6","40.02026","-75.114068","2","6","0","0","0","0","0","1","0","0","","0","0","0","23","3","2","","1","0","40 01:12.937","","0","75 06:50.646","3","0","0","1","67301","0","0","0","N","0","0","0","2","67301","0","","1.0","","9","N","N","N","0","","2","0","1","3","2","","2353","3","2","1","0","0","0","0","2","0","3","0","0","0","7","07","","N","","","","","","","","","",""
"2021014694","231","1","0","0","0","0","0","0","0","0","5","0","","67","2","2021","1","39.906539","-75.235271","220","6","0","0","0","0","0","0","0","0","","0","0","0","02","3","1","","2","2","39 54:23.539","4","0","75 14:06.976","3","0","0","0","67301","0","0","0","N","0","0","0","2","67301","0","","1.0","426.0","1","N","N","N","0","","1","0","1","3","2","Y","0210","2","1","0","0","0","0","0","2","0","2","0","0","0","3","03","","N","","","","","","","","","",""
"2021004814","1845","1","0","0","0","0","0","0","0","0","6","0","","67","1","2021","4","39.921557","-75.240041","1835","6","0","0","0","0","0","0","0","0","","0","0","0","18","3","1","","2","1","39 55:17.605","1","0","75 14:24.147","8","0","0","0","67301","0","0","0","N","0","0","0","2","67508","0","","1.0","9999.0","1","N","N","Y","0","","0","0","0","0","0","N","1835","2","1","0","0","0","1","0","2","0","2","0","0","0","3","03","","N","","","","","","","","","",""
"2021004383","116","1","0","0","0","0","0","0","0","0","7","0","","67","1","2021","7","40.006188","-75.151929","116","6","0","0","0","0","0","0","0","0","","0","0","0","01","3","1","","1","0","40 00:22.276","","0","75 09:06.943","8","0","0","0","67301","0","0","0","N","0","0","0","1","67505","0","","4.0","","1","N","N","N","0","","0","0","0","3","2","","0116","1","1","0","0","0","1","0","2","0","1","0","0","0","3","03","","N","","","","","","","","","",""
"2021006800","55","1","0","0","0","0","0","0","0","0","4","0","","67","1","2021","1","40.02564","-75.125365","47","6","0","0","0","0","0","0","0","0","","0","0","0","00","3","2","","1","0","40 01:32.303","","0","75 07:31.314","3","0","0","0","67301","0","0","0","N","0","0","0","2","67301","0","","1.0","","1","N","N","N","0","","2","0","1","2","2","","0039","2","2","0","0","0","0","0","2","0","2","0","0","0","3","03","","N","","","","","","","","","",""
"2021013632","1640","2","0","0","0","0","0","0","0","0","6","0","","67","2","2021","3","39.973928","-75.247281","1423","6","0","0","0","0","0","0","0","0","","0","0","0","14","1","0","N","0","0","39 58:26.140","","0","75 14:50.210","0","0","0","0","67301","0","0","0","N","0","0","0","1","67301","0","","6.0","","2","N","N","N","0","","0","0","1","0","0","","1400","3","0","0","0","0","0","0","2","0","3","0","0","0","3","","","N","","","","","","","","","",""
"2021002263","1535","0","0","0","0","0","0","0","0","0","4","0","","67","1","2021","2","40.031615","-75.207632","1529","6","0","0","0","0","0","1","0","0","","0","0","0","14","1","1","","1","0","40 01:53.814","","0","75 12:27.475","8","0","0","0","67301","0","0","0","N","0","0","0","2","67301","0","","1.0","","1","N","N","N","1","","0","0","1","3","2","","1441","2","1","1","0","0","1","0","2","0","2","0","0","0","3","03","","N","","","","","","","","","",""
"2021036426","1823","1","0","0","0","0","0","0","0","0","1","0","","67","4","2021","3","39.960863","-75.181821","1814","6","0","0","0","0","0","0","0","0","","0","0","0","18","1","0","N","0","1","39 57:39.107","4","0","75 10:54.555","0","0","0","0","67301","0","0","0","N","0","0","0","2","68K01","0","","1.0","1905.0","1","N","N","N","0","","0","0","1","0","0","N","1810","2","0","0","0","0","0","0","2","0","2","0","0","0","3","03","","N","","","","","","","","","",""
"2021040309","2328","2","0","0","0","0","0","0","0","0","5","0","","67","5","2021","1","39.957719","-75.160704","2319","6","0","0","0","1","0","0","0","0","","0","0","0","23","3","1","N","0","2","39 57:27.789","4","0","75 09:38.533","4","0","0","0","67301","0","0","0","N","0","0","0","2","68K01","1","","1.0","1139.0","1","N","N","N","0","","0","0","0","0","0","N","2307","2","1","0","0","0","0","1","2","0","2","0","0","0","3","","","N","","","","","","","","","",""
"2021013548","1533","1","0","0","0","0","0","0","0","0","7","0","","67","1","2021","1","40.041672","-75.004407","1515","6","0","0","0","0","1","0","0","0","","0","0","0","15","1","0","N","0","1","40 02:30.019","2","0","75 00:15.864","0","0","0","0","67301","0","0","0","N","0","0","0","2","68K01","0","","3.0","1615.0","7","N","N","N","0","","0","0","0","0","0","N","1508","1","0","0","0","0","0","0","2","0","1","0","0","0","10","","","N","","","","","","","","","",""
"2021023558","2145","2","0","0","0","0","0","0","0","0","4","0","","67","3","2021","1","40.023866","-75.159754","2145","6","0","0","0","0","0","0","0","0","","0","0","0","19","3","1","N","0","0","40 01:25.916","","7","75 09:35.116","4","0","0","0","67301","0","0","0","N","0","0","0","2","67301","1","","1.0","","1","N","N","N","0","","0","0","0","3","2","","1900","2","1","0","0","0","0","1","2","0","2","0","0","0","3","03","","N","","","","","","","","","",""
"2021003186","1145","0","0","0","0","0","0","0","0","0","4","0","","67","1","2021","6","39.942828","-75.150548","1132","6","0","0","0","0","0","0","0","1","","0","0","0","11","1","0","","1","1","39 56:34.182","4","0","75 09:01.974","0","0","0","0","67301","0","0","0","N","0","0","0","2","67301","0","","1.0","1200.0","1","N","N","N","0","","0","0","2","3","2","N","1107","2","0","2","0","0","0","0","2","0","2","0","0","0","3","03","","N","","","","","","","","","",""
"2021010350","1006","2","0","0","0","0","0","0","0","0","4","0","","67","1","2021","7","39.973687","-75.250834","1002","6","0","0","0","0","0","0","0","0","","0","0","0","09","1","0","","1","0","39 58:25.273","","0","75 15:03.002","0","0","0","0","67301","0","0","0","N","0","0","0","3","67301","0","","1.0","","1","N","N","N","2","","0","0","1","3","3","","0943","6","0","0","0","0","0","0","2","1","6","0","0","0","3","03","","N","","","","","","","","","",""
"2021041547","1614","1","0","0","0","0","0","0","0","0","7","0","","67","5","2021","7","39.969106","-75.155294","1610","6","0","0","0","0","0","0","0","0","","0","0","0","16","1","0","N","0","0","39 58:08.780","","0","75 09:19.060","0","0","0","0","67301","0","0","0","N","0","0","0","0","67301","0","","9.0","","1","N","N","N","0","","0","0","0","0","0","","1600","1","0","0","0","0","0","0","2","0","1","0","0","0","3","03","","N","","","","","","","","","",""
"2021017780","1642","1","0","0","0","0","0","0","0","0","7","0","","67","2","2021","1","39.960874","-75.181835","1635","6","0","0","0","0","0","0","0","0","","0","0","0","16","1","0","N","0","0","39 57:39.147","","0","75 10:54.606","0","0","0","0","67301","0","0","0","N","0","0","0","1","68K01","0","","4.0","","9","N","N","N","0","","0","0","0","0","0","","1628","1","0","0","0","0","0","0","2","0","1","0","0","0","4","","","N","","","","","","","","","",""
"2021005980","1000","0","0","0","0","0","0","0","0","0","4","0","","67","1","2021","1","39.945967","-75.168342","955","6","0","0","0","0","0","2","0","0","","0","0","0","09","1","1","","1","0","39 56:45.480","","0","75 10:06.032","2","0","0","0","67301","0","0","0","N","0","0","0","2","67301","0","","1.0","","1","N","N","N","0","","0","1","2","3","2","","0951","2","1","0","0","0","0","0","2","0","2","0","0","0","3","","","N","","","","","","","","","",""
"2021036400","1128","2","0","0","0","0","0","0","0","0","1","0","","67","4","2021","6","39.964976","-75.185522","1117","6","0","0","0","0","0","0","0","0","","0","0","0","11","1","1","N","0","1","39 57:53.913","3","0","75 11:07.878","3","0","0","0","67301","0","0","0","N","0","0","0","2","68K01","0","","1.0","1130.0","9","N","N","N","0","","1","0","0","3","8","N","1114","2","1","0","0","0","0","0","2","0","2","0","0","0","4","07","","N","","","","","","","","","",""
"2021007376","2132","2","0","0","0","0","0","0","0","0","4","0","","67","1","2021","4","39.989274","-75.142855","2131","6","0","0","0","0","0","0","0","0","","0","0","0","21","3","2","","1","0","39 59:21.386","","0","75 08:34.278","3","0","0","0","67301","0","0","0","N","0","0","0","3","67301","0","","1.0","","1","N","N","N","0","","2","0","0","3","2","","2128","2","2","0","0","0","0","0","2","0","2","0","0","0","3","03","","N","","","","","","","","","",""
"2021037256","820","0","0","0","0","0","0","0","0","0","5","1","","67","4","2021","4","39.892134","-75.236479","802","6","0","0","0","0","0","0","1","0","","0","1","0","08","1","0","N","0","0","39 53:31.684","","0","75 14:11.324","0","0","0","0","67301","0","0","0","Y","0","0","0","2","68K01","0","","1.0","","1","N","N","N","1","","0","0","0","0","0","","0801","2","0","0","0","0","0","0","2","0","2","0","0","0","3","","","N","","","","","","","","","",""
"2021003864","1018","0","0","0","0","0","0","0","0","0","7","0","35","67","1","2021","3","39.955526","-75.148161","1018","6","0","0","0","0","0","0","0","1","","0","0","0","10","1","1","N","0","1","39 57:19.893","4","2","75 08:53.378","4","0","0","0","67301","0","0","0","N","0","0","0","1","67501","1","","4.0","1430.0","1","N","N","N","1","","0","0","0","0","0","N","1018","1","1","0","0","0","0","0","2","0","1","0","0","0","3","03","Y","Y","5","1","","","N","Y","","","","N"
"2021039868","2300","1","0","0","0","0","0","0","0","0","1","0","","67","5","2021","7","39.899154","-75.174677","2248","6","0","0","1","0","0","1","0","0","","0","0","0","22","3","1","N","0","1","39 53:56.955","1","0","75 10:28.837","3","0","0","0","67301","0","0","0","N","0","0","0","8","68K01","0","","1.0","2328.0","1","N","N","N","0","","1","0","1","0","0","N","2243","3","1","0","0","0","0","1","2","0","3","0","0","0","3","03","","N","","","","","","","","","",""
"2021008755","107","2","0","0","0","0","0","0","0","0","4","0","","67","1","2021","4","40.065205","-75.175324","105","6","0","0","0","0","1","0","0","0","","0","0","0","01","3","1","","1","2","40 03:54.737","7","0","75 10:31.167","8","0","0","0","67301","0","0","0","N","0","0","0","2","67301","0","","1.0","330.0","9","N","N","N","0","","0","0","0","3","2","N","0105","2","1","0","0","0","1","0","2","0","2","0","0","0","5","","","N","","","","","","","","","",""
"2021041098","117","1","0","0","0","0","0","0","0","0","7","0","","67","5","2021","4","40.047508","-75.142894","116","6","0","0","0","0","0","0","0","0","","0","0","0","01","3","0","N","1","2","40 02:51.028","6","0","75 08:34.417","9","0","0","0","67301","0","0","0","N","0","0","0","1","67301","0","","4.0","235.0","1","N","N","N","0","","0","0","0","0","0","N","0115","1","0","0","0","0","0","1","2","0","1","0","0","0","3","03","","N","","","","","","","","","",""
"2021012721","755","0","0","0","0","0","0","0","0","0","7","0","","67","2","2021","1","39.967159","-75.180181","745","6","0","0","0","0","0","1","0","0","","0","0","0","07","1","1","N","0","0","39 58:01.774","","0","75 10:48.652","3","0","0","0","67301","0","0","0","N","0","0","0","1","67301","0","","4.0","","2","N","N","N","0","","1","0","1","0","0","","0740","1","1","0","0","0","0","0","2","0","1","0","0","0","7","07","","N","","","","","","","","","",""
"2021010075","125","1","0","0","0","0","0","0","0","0","4","0","","67","1","2021","7","40.054821","-75.152728","120","6","0","0","0","0","0","0","0","0","","0","0","0","01","3","0","","1","0","40 03:17.355","","0","75 09:09.820","9","0","0","0","67301","0","0","0","N","0","0","0","2","67301","0","","1.0","","1","N","N","N","0","","0","0","1","3","2","","0118","2","0","0","0","0","0","1","2","0","2","0","0","0","3","03","","N","","","","","","","","","",""
"2021006033","1350","2","0","0","0","0","0","0","0","0","4","0","","67","1","2021","3","39.984782","-75.169104","1348","6","0","0","0","0","0","0","0","0","","0","0","0","13","1","0","","1","0","39 59:05.215","","0","75 10:08.774","0","0","0","0","67301","0","0","0","N","0","0","0","2","67301","0","","1.0","","1","N","N","N","0","","0","0","0","3","3","","1333","2","0","0","0","0","0","0","2","0","2","0","0","0","3","","","N","","","","","","","","","",""
"2021035595","920","1","0","0","0","0","0","0","0","0","4","1","","67","4","2021","4","39.978705","-75.108634","910","6","0","0","0","0","0","1","0","0","","0","1","0","08","1","2","","1","0","39 58:43.337","","0","75 06:31.082","2","0","0","0","67301","0","0","0","N","0","0","0","3","67301","0","","1.0","","1","N","N","N","0","","0","1","0","3","2","","0853","2","2","2","0","0","1","0","2","0","2","0","0","0","3","03","","N","","","","","","","","","",""
"2021001071","1820","0","0","0","0","0","0","0","0","0","7","0","","67","1","2021","7","40.026922","-75.192905","1813","6","0","0","0","0","0","0","0","0","","0","0","0","18","2","1","N","0","2","40 01:36.920","1","0","75 11:34.459","8","0","0","0","67301","0","0","0","N","0","0","0","1","67301","0","","1.0","2100.0","1","N","N","N","0","","0","0","0","0","0","Y","1800","1","1","0","0","0","1","0","2","1","1","0","0","0","3","03","","N","","","","","","","","","",""
"2021016332","2020","0","0","0","0","0","0","0","0","0","4","0","","67","1","2021","6","39.961287","-75.198848","2008","6","0","0","0","0","0","0","0","0","","0","0","0","20","3","1","","1","0","39 57:40.633","","0","75 11:55.852","2","0","0","0","67301","0","0","0","N","0","0","0","3","67508","0","","1.0","","1","N","N","Y","0","","0","1","1","3","3","","2008","2","1","0","0","0","0","0","2","0","2","0","0","0","3","03","","N","","","","","","","","","",""
"2021013708","708","3","0","0","0","0","0","0","0","0","4","0","","67","2","2021","4","40.00468","-75.152126","705","6","0","0","0","0","1","1","0","0","","0","0","0","07","1","0","","1","0","40 00:16.847","","0","75 09:07.652","0","0","0","0","67301","0","0","0","N","0","0","0","3","67505","0","","1.0","","1","N","N","Y","0","","0","0","0","3","2","","0701","3","0","0","0","0","0","0","2","0","3","0","0","0","3","03","","N","","","","","","","","","",""
"2021003242","1112","1","0","0","0","0","0","0","0","0","4","0","","67","1","2021","7","40.094814","-75.050726","1107","6","0","0","0","0","0","1","0","0","","0","0","0","10","1","0","","1","0","40 05:41.329","","0","75 03:02.612","0","0","0","0","67301","0","0","0","N","0","0","0","4","67301","0","","1.0","","1","N","N","N","0","","0","0","0","3","2","","1055","2","0","0","0","0","0","0","2","1","2","0","0","0","3","","","N","","","","","","","","","",""
"2021013633","1606","3","0","0","0","0","0","0","0","0","2","0","","67","2","2021","3","40.016658","-75.147508","1600","6","0","0","0","0","0","0","0","0","","0","0","0","15","1","0","N","0","0","40 00:59.970","","0","75 08:51.030","0","0","0","0","67301","0","0","0","N","0","0","0","1","67301","0","","6.0","","2","N","N","N","0","","0","0","0","0","0","","1559","3","0","0","0","0","0","0","2","0","3","0","0","0","3","07","","N","","","","","","","","","",""
"2021004228","13","0","0","0","0","0","0","0","0","0","5","0","","67","1","2021","7","39.978814","-75.137544","13","6","0","0","0","0","0","0","0","0","","0","0","0","00","3","1","N","0","2","39 58:43.730","2","0","75 08:15.160","3","0","0","0","67301","0","0","0","N","0","0","0","1","67301","0","","6.0","130.0","1","N","N","N","0","","1","0","1","0","0","Y","0000","2","1","0","0","0","0","0","2","1","2","0","0","0","3","03","","N","","","","","","","","","",""