"CRN","ARRIVAL_TM","AUTOMOBILE_COUNT","BELTED_DEATH_COUNT","BELTED_SUSP_SERIOUS_INJ_COUNT","BICYCLE_COUNT","BICYCLE_DEATH_COUNT","BICYCLE_SUSP_SERIOUS_INJ_COUNT","BUS_COUNT","CHLDPAS_DEATH_COUNT","CHLDPAS_SUSP_SERIOUS_INJ_COUNT","COLLISION_TYPE","COMM_VEH_COUNT","CONS_ZONE_SPD_LIM","COUNTY","CRASH_MONTH","CRASH_YEAR","DAY_OF_WEEK","DEC_LATITUDE","DEC_LONGITUDE","DISPATCH_TM","DISTRICT","DRIVER_COUNT_16YR","DRIVER_COUNT_17YR","DRIVER_COUNT_18YR","DRIVER_COUNT_19YR","DRIVER_COUNT_20YR","DRIVER_COUNT_50_64YR","DRIVER_COUNT_65_74YR","DRIVER_COUNT_75PLUS","EST_HRS_CLOSED","FATAL_COUNT","HEAVY_TRUCK_COUNT","HORSE_BUGGY_COUNT","HOUR_OF_DAY","ILLUMINATION","INJURY_COUNT","INTERSECTION_RELATED","INTERSECT_TYPE","LANE_CLOSED","LATITUDE","LN_CLOSE_DIR","LOCATION_TYPE","LONGITUDE","MAX_SEVERITY_LEVEL","MCYCLE_DEATH_COUNT","MCYCLE_SUSP_SERIOUS_INJ_COUNT","MOTORCYCLE_COUNT","MUNICIPALITY","NONMOTR_COUNT","NONMOTR_DEATH_COUNT","NONMOTR_SUSP_SERIOUS_INJ_COUNT","NTFY_HIWY_MAINT","PED_COUNT","PED_DEATH_COUNT","PED_SUSP_SERIOUS_INJ_COUNT","PERSON_COUNT","POLICE_AGCY","POSSIBLE_INJ_COUNT","RDWY_SURF_TYPE_CD","RELATION_TO_ROAD","ROADWAY_CLEARED","ROAD_CONDITION","SCH_BUS_IND","SCH_ZONE_IND","SECONDARY_CRASH","SMALL_TRUCK_COUNT","SPEC_JURIS_CD","SUSP_MINOR_INJ_COUNT","SUSP_SERIOUS_INJ_COUNT","SUV_COUNT","TCD_FUNC_CD","TCD_TYPE","TFC_DETOUR_IND","TIME_OF_DAY","TOTAL_UNITS","TOT_INJ_COUNT","UNBELTED_OCC_COUNT","UNB_DEATH_COUNT","UNB_SUSP_SERIOUS_INJ_COUNT","UNK_INJ_DEG_COUNT","UNK_INJ_PER_COUNT","URBAN_RURAL","VAN_COUNT","VEHICLE_COUNT","VULNERABLE_ROAD_USER_COUNT","VULNERABLE_ROAD_USER_DEATH_COUNT","VULNERABLE_ROAD_USER_SER_INJ_COUNT","WEATHER1","WEATHER2","WORKERS_PRES","WORK_ZONE_IND","WORK_ZONE_LOC","WORK_ZONE_TYPE","WZ_CLOSE_DETOUR","WZ_FLAGGER","WZ_LAW_OFFCR_IND","WZ_LN_CLOSURE","WZ_MOVING","WZ_OTHER","WZ_SHLDER_MDN","WZ_WORKERS_INJ_KILLED"
"2021005978","953","1","0","0","0","0","0","0","0","0","7","0","","67","1","2021","5","39.958882","-75.164681","953","6","0","0","0","0","0","0","0","0","","0","0","0","09","1","0","N","0","0","39 57:31.975","","2","75 09:52.851","0","0","0","0","67301","0","0","0","N","0","0","0","1","67301","0","","4.0","","1","N","N","N","0","","0","0","0","0","0","","0953","1","0","0","0","0","0","0","2","0","1","0","0","0","4","04","","N","","","","","","","","","",""
"2021006036","2210","1","0","0","0","0","0","0","0","0","5","0","","67","1","2021","5","39.991719","-75.173728","2210","6","0","0","1","0","0","0","0","0","","0","0","0","22","3","0","N","0","2","39 59:30.190","7","0","75 10:25.420","0","0","0","0","67301","0","0","0","N","0","0","0","2","67301","0","","6.0","30.0","1","N","N","N","4","","0","0","0","0","0","Y","2210","5","0","2","0","0","0","0","2","0","5","0","0","0","3","03","","N","","","","","","","","","",""
"2021041965","807","1","0","0","0","0","0","0","0","0","1","1","","67","5","2021","4","39.997857","-75.124324","807","6","0","0","0","0","0","0","0","0","","0","1","0","07","1","0","N","0","0","39 59:52.286","","0","75 07:27.567","0","0","0","0","67301","0","0","0","N","0","0","0","3","67301","0","","1.0","","1","N","N","N","0","","0","0","0","0","0","","0744","2","0","0","0","0","0","0","2","0","2","0","0","0","4","04","","N","","","","","","","","","",""
"2021040558","2206","1","0","0","0","0","0","0","0","0","8","0","","67","3","2021","6","40.005443","-75.107331","2203","6","0","0","0","0","0","0","0","0","","1","0","0","21","3","0","N","2","2","40 00:19.593","6","0","75 06:26.392","1","0","0","0","67301","1","1","0","N","1","1","0","2","67301","0","2","1.0","2206.0","1","N","N","N","0","0","0","0","0","0","0","Y","2155","2","0","0","0","0","0","1","2","0","1","1","1","0","3","03","","N","","","","","","","","","",""
"2021040842","1403","1","0","0","0","0","0","0","0","0","5","0","","67","2","2021","1","40.019842","-75.068308","1402","6","0","0","0","0","0","0","0","0","","0","0","0","13","1","1","N","0","0","40 01:11.430","","0","75 04:05.910","3","0","0","0","67301","0","0","0","N","0","0","0","1","67301","0","","6.0","","7","N","N","Y","0","","1","0","1","0","0","","1338","3","1","0","0","0","0","0","2","1","3","0","0","0","10","04","","N","","","","","","","","","",""
"2021011649","1605","3","0","0","0","0","0","0","0","0","5","0","","67","1","2021","1","40.025905","-75.197994","1603","6","0","0","0","1","1","0","0","0","","0","0","0","15","1","0","N","0","0","40 01:33.258","","0","75 11:52.778","0","0","0","0","67301","0","0","0","N","0","0","0","3","67301","0","","1.0","","7","N","N","N","0","","0","0","0","0","0","","1552","3","0","0","0","0","0","0","2","0","3","0","0","0","10","10","","N","","","","","","","","","",""
"2021042257","803","1","0","0","0","0","0","0","0","0","1","0","45","67","5","2021","6","39.979323","-75.107428","754","6","0","0","0","0","0","0","1","0","","0","0","0","07","1","1","N","0","2","39 58:45.563","1","0","75 06:26.742","8","0","0","0","67301","0","0","0","N","0","0","0","2","68K01","0","","1.0","845.0","1","N","N","N","0","","0","0","1","0","0","N","0753","2","1","0","0","0","1","0","2","0","2","0","0","0","3","03","Y","Y","4","1","N","N","N","N","N","N","Y","N"
"2021013299","1612","1","0","0","0","0","0","0","0","0","4","0","","67","2","2021","2","40.000236","-75.154904","1610","6","0","0","0","0","0","2","0","0","","0","0","0","16","1","1","","1","2","40 00:00.849","4","0","75 09:17.654","3","0","0","1","67301","0","0","0","N","0","0","0","2","67301","0","","1.0","1637.0","1","N","N","N","0","","1","0","0","3","3","Y","1605","2","1","0","0","0","0","0","2","0","2","0","0","0","3","03","","N","","","","","","","","","",""
"2021014812","1948","2","0","0","0","0","0","0","0","0","5","0","","67","1","2021","1","40.040681","-75.005536","1935","6","0","0","0","0","0","1","0","0","","0","0","0","19","3","11","N","0","2","40 02:26.453","2","0","75 00:19.930","4","0","0","0","67301","0","0","0","N","0","0","0","12","68K01","9","","1.0","2100.0","9","N","N","Y","0","","0","0","1","0","0","Y","1923","4","11","0","0","0","2","0","2","1","4","0","0","0","3","","","N","","","","","","","","","",""
"2021038498","918","3","0","0","0","0","0","1","0","0","5","1","","67","4","2021","7","40.000186","-75.175889","918","6","0","0","0","0","0","0","0","0","","0","0","0","22","3","0","N","0","0","40 00:00.670","","0","75 10:33.200","9","0","0","0","67301","0","0","0","N","0","0","0","1","67301","0","","6.0","","99","N","N","N","0","","0","0","0","0","0","","2230","4","0","0","0","0","0","1","2","0","4","0","0","0","99","","","N","","","","","","","","","",""
"2021007467","1408","1","0","0","0","0","0","0","0","0","4","0","","67","1","2021","1","39.887615","-75.248049","1400","6","0","0","0","0","0","0","0","0","","0","0","0","13","1","0","","2","0","39 53:15.415","","0","75 14:52.975","9","0","0","0","67301","0","0","0","N","0","0","0","4","67301","0","","1.0","","1","N","N","N","0","","0","0","1","3","2","","1358","2","0","0","0","0","0","1","2","0","2","0","0","0","3","03","","N","","","","","","","","","",""
"2021008683","145","1","0","0","0","0","0","0","0","0","7","0","","67","1","2021","4","39.955422","-75.148018","145","6","0","0","1","0","0","0","0","0","","0","0","0","01","3","0","N","0","0","39 57:19.519","","2","75 08:52.863","0","0","0","0","67301","0","0","0","N","0","0","0","1","67501","0","","4.0","","9","N","N","N","0","","0","0","0","0","0","","0145","1","0","0","0","0","0","0","2","0","1","0","0","0","3","","","N","","","","","","","","","",""
"2021007932","1345","1","0","0","0","0","0","0","0","0","4","0","","67","1","2021","5","40.020623","-75.137683","1344","6","0","0","0","0","0","0","0","0","","0","0","0","13","1","1","","1","2","40 01:14.242","4","0","75 08:15.658","3","0","0","0","67301","0","0","0","N","0","0","0","3","67301","0","","1.0","1515.0","1","N","N","N","0","","1","0","0","3","3","N","1330","2","1","0","0","0","0","0","2","1","2","0","0","0","3","03","","N","","","","","","","","","",""
"2021038026","1430","0","0","0","0","0","0","0","0","0","4","0","","67","4","2021","1","39.915656","-75.147847","1417","6","0","0","0","0","0","1","0","0","","0","0","0","14","1","4","N","0","1","39 54:56.360","2","0","75 08:52.249","8","0","0","0","67301","0","0","0","N","0","0","0","4","68K01","0","","1.0","1513.0","1","N","N","N","0","","0","0","2","0","0","N","1414","2","4","0","0","0","4","0","2","0","2","0","0","0","3","","","N","","","","","","","","","",""
"2021038521","842","1","0","0","0","0","0","0","0","0","2","0","","67","3","2021","5","39.94798","-75.142139","831","6","0","0","0","0","0","0","0","0","","0","0","0","08","1","1","N","0","1","39 56:52.729","2","0","75 08:31.702","8","0","0","0","67301","0","0","0","N","0","0","0","1","68K01","0","","4.0","915.0","9","N","N","N","0","","0","0","0","0","0","N","0830","1","1","0","0","0","1","0","2","0","1","0","0","0","3","","","N","","","","","","","","","",""
"2021008359","2110","0","0","0","0","0","0","0","0","0","1","0","","67","1","2021","2","40.018821","-75.155528","2100","6","0","0","0","0","0","0","0","0","","0","0","0","19","3","0","N","0","0","40 01:07.754","","0","75 09:19.899","0","0","0","0","67301","0","0","0","N","0","0","0","1","67301","0","","6.0","","1","N","N","N","0","","0","0","1","0","0","","1900","2","0","0","0","0","0","0","2","0","2","0","0","0","3","","","N","","","","","","","","","",""
"2021042002","1210","1","0","0","0","0","0","0","0","0","1","0","","67","5","2021","4","39.973513","-75.193869","1200","6","0","0","0","0","0","1","0","0","","0","0","0","11","1","0","N","0","0","39 58:24.646","","0","75 11:37.928","0","0","0","0","67301","0","0","0","N","0","0","0","2","68K01","0","","1.0","","9","N","N","N","0","","0","0","1","0","0","","1159","2","0","0","0","0","0","0","2","0","2","0","0","0","7","04","","N","","","","","","","","","",""
"2021006916","826","1","0","0","0","0","0","0","0","0","4","0","","67","1","2021","1","39.977065","-75.229834","822","6","0","0","0","0","0","1","0","0","","0","0","0","08","5","3","","1","2","39 58:37.434","7","0","75 13:47.402","3","0","0","0","67301","0","0","0","N","0","0","0","3","67301","0","","1.0","1000.0","1","N","N","N","1","","3","0","0","3","2","N","0805","2","3","0","0","0","0","0","2","0","2","0","0","0","3","03","","N","","","","","","","","","",""
"2021011576","1430","1","0","0","0","0","0","0","0","0","5","0","","67","2","2021","4","39.998355","-75.15365","1425","6","0","0","0","0","0","1","0","0","","0","0","0","14","1","2","N","0","1","39 59:54.078","2","0","75 09:13.140","8","0","0","0","67301","0","0","0","N","0","0","0","4","67505","0","","1.0","330.0","9","","","N","1","","0","0","0","0","0","N","1425","2","2","0","0","0","2","0","2","0","2","0","0","0","3","","","N","","","","","","","","","",""
"2021013662","2337","0","0","0","0","0","0","0","0","0","8","0","","67","2","2021","3","40.029545","-75.13803","2330","6","0","0","0","0","0","0","0","0","","0","0","0","22","3","1","","1","0","40 01:46.362","","0","75 08:16.907","8","0","0","0","67301","1","0","0","N","1","0","0","2","67301","0","","1.0","","1","N","N","N","0","","0","0","1","3","2","","2242","2","1","0","0","0","1","0","2","0","1","1","0","0","3","","","N","","","","","","","","","",""
"2021036028","2313","2","0","0","0","0","0","0","0","0","98","0","","67","4","2021","6","39.931349","-75.199516","2304","6","0","0","0","0","0","1","0","0","","0","0","0","22","3","0","N","0","2","39 55:52.855","3","0","75 11:58.259","0","0","0","0","67301","0","0","0","N","0","0","0","3","68K01","0","","1.0","2300.0","1","N","N","N","0","","0","0","1","0","0","N","2244","3","0","0","0","0","0","0","2","0","3","0","0","0","3","","","N","","","","","","","","","",""
"2021039646","1140","0","0","0","0","0","0","0","0","0","4","0","","67","5","2021","1","39.923133","-75.156535","1137","6","0","0","0","0","0","0","1","0","","0","0","0","11","1","0","","1","0","39 55:23.278","","0","75 09:23.525","0","0","0","0","67301","0","0","0","N","0","0","0","2","67301","0","","1.0","","99","N","N","N","0","","0","0","2","3","3","","1134","2","0","2","0","0","0","0","2","0","2","0","0","0","3","","","N","","","","","","","","","",""
"2021036789","815","1","0","0","0","0","0","0","0","0","4","0","","67","4","2021","6","39.988395","-75.155682","814","6","0","0","0","0","0","0","0","0","","0","0","0","07","1","0","N","0","0","39 59:18.223","","0","75 09:20.456","9","0","0","0","67301","0","0","0","N","0","0","0","2","67301","0","","1.0","","1","N","N","N","0","","0","0","1","0","0","","0710","2","0","0","0","0","0","1","2","0","2","0","0","0","3","","","N","","","","","","","","","",""
"2021003248","1202","1","0","0","0","0","0","0","0","0","1","1","","67","1","2021","7","40.013114","-75.120303","1202","6","0","0","1","0","0","0","0","0","","0","1","0","11","1","1","N","0","0","40 00:47.210","","0","75 07:13.090","8","0","0","0","67301","0","0","0","N","0","0","0","2","67301","0","","1.0","","1","N","N","N","0","","0","0","0","0","0","","1154","2","1","0","0","0","1","0","2","0","2","0","0","0","3","","","N","","","","","","","","","",""
"2021014347","2217","1","0","0","0","0","0","0","0","0","7","0","","67","1","2021","3","39.960096","-75.180444","2211","6","0","0","0","0","0","0","0","0","","0","0","0","22","3","1","N","0","1","39 57:36.346","3","3","75 10:49.597","3","0","0","0","67301","0","0","0","N","0","0","0","1","68K01","0","","4.0","1034.0","9","N","N","N","0","","1","0","0","0","0","N","2205","1","1","1","0","0","0","0","2","0","1","0","0","0","3","","","N","","","","","","","","","",""
"2021014465","2137","0","0","0","0","0","0","0","0","0","4","0","","67","2","2021","4","40.050667","-75.173272","2133","6","0","0","0","0","0","0","1","0","","0","0","0","21","3","1","","1","0","40 03:02.401","","0","75 10:23.780","3","0","0","0","67301","0","0","0","N","0","0","0","2","67301","0","","1.0","","1","N","N","N","0","","1","0","1","3","2","","2107","2","1","0","0","0","0","0","2","1","2","0","0","0","3","03","","N","","","","","","","","","",""
"2021036031","158","0","0","0","0","0","0","0","0","0","3","0","","67","4","2021","1","39.966665","-75.134596","157","6","0","0","0","0","0","0","0","0","","0","0","0","01","3","0","N","0","0","39 57:59.995","","0","75 08:04.544","0","0","0","0","67301","0","0","0","N","0","0","0","1","68K01","0","","5.0","","1","N","N","N","0","","0","0","1","0","0","","0157","1","0","0","0","0","0","0","2","0","1","0","0","0","3","","","N","","","","","","","","","",""
"2021036738","1723","1","0","0","0","0","0","0","0","0","1","0","","67","4","2021","4","39.945151","-75.142687","1657","6","0","0","0","0","0","0","0","0","","0","0","0","16","1","0","N","0","0","39 56:42.544","","0","75 08:33.674","0","0","0","0","67301","0","0","0","N","0","0","0","3","68K01","0","","1.0","","1","N","N","N","0","","0","0","2","0","0","","1654","3","0","0","0","0","0","0","2","0","3","0","0","0","3","03","","N","","","","","","","","","",""
"2021013295","741","2","0","0","0","0","0","0","0","0","5","0","","67","2","2021","2","40.024276","-75.057008","731","6","0","0","0","0","0","0","0","0","","0","0","0","07","1","1","N","0","1","40 01:27.393","3","0","75 03:25.228","8","0","0","0","67301","0","0","0","N","0","0","0","1","67301","0","","6.0","1012.0","2","N","N","N","1","","0","0","2","0","0","Y","0731","5","1","0","0","0","1","0","2","0","5","0","0","0","3","","","N","","","","","","","","","",""
"2021036057","1454","2","0","0","0","0","0","0","0","0","4","0","","67","4","2021","4","39.983189","-75.156819","1453","6","0","0","0","0","0","0","0","0","","0","0","0","14","1","2","N","1","1","39 58:59.480","2","0","75 09:24.548","3","0","0","0","67301","0","0","0","N","0","0","0","5","67505","1","","1.0","1630.0","1","N","N","N","0","","1","0","0","3","2","N","1452","2","2","0","0","0","0","0","2","0","2","0","0","0","3","03","","N","","","","","","","","","",""
"2021007293","2002","3","0","0","0","0","0","0","0","0","4","0","","67","1","2021","1","39.987821","-75.180584","2000","6","0","0","1","0","0","0","0","0","","0","0","0","19","3","1","","1","0","39 59:16.154","","0","75 10:50.102","8","0","0","0","67301","0","0","0","N","0","0","0","3","67301","0","","1.0","","1","N","N","N","0","","0","0","0","0","0","","1959","3","1","0","0","0","1","0","2","0","3","0","0","0","3","","","N","","","","","","","","","",""
"2021001482","2238","0","0","0","0","0","0","0","0","0","7","0","","67","1","2021","1","39.960115","-75.179811","2233","6","0","0","0","0","0","0","0","0","","0","0","0","22","3","0","N","0","2","39 57:36.414","4","0","75 10:47.319","0","0","0","0","67301","0","0","0","N","0","0","0","1","68K01","0","","4.0","2300.0","9","N","N","N","0","","0","0","1","0","0","N","2228","1","0","0","0","0","0","0","2","0","1","0","0","0","7","07","","N","","","","","","","","","",""
"2021006043","1708","1","0","0","0","0","0","0","0","0","1","0","","67","1","2021","4","39.986477","-75.094687","1640","6","0","0","0","0","0","1","1","0","","0","0","0","16","1","0","N","0","1","39 59:11.317","1","0","75 05:40.872","0","0","0","0","67301","0","0","0","N","0","0","0","3","67301","0","","1.0","1800.0","1","N","N","N","0","","0","0","2","0","0","N","1640","3","0","1","0","0","0","0","2","0","3","0","0","0","3","03","","N","","","","","","","","","",""
"2021008999","1910","1","0","0","0","0","0","0","0","0","7","0","","67","1","2021","4","39.972583","-75.119893","1907","6","0","0","0","0","0","0","0","0","","0","0","0","18","3","0","N","0","0","39 58:21.298","","0","75 07:11.613","0","0","0","0","67301","0","0","0","N","0","0","0","1","67301","0","","5.0","","1","N","N","N","0","","0","0","0","0","0","","1850","2","0","0","0","0","0","0","2","0","1","0","0","0","3","03","","N","","","","","","","","","",""
"2021006029","1314","0","0","0","0","0","0","0","0","0","7","0","","67","1","2021","2","39.968222","-75.228194","1314","6","0","1","0","0","0","0","0","0","","0","0","0","13","1","2","N","0","0","39 58:05.600","","0","75 13:41.500","4","0","0","0","67301","0","0","0","N","0","0","0","2","67301","2","","5.0","","1","N","N","N","0","","0","0","1","0","0","","1314","1","2","0","0","0","0","0","2","0","1","0","0","0","3","03","","N","","","","","","","","","",""
"2021012621","1130","2","0","0","0","0","0","0","0","0","2","0","","67","2","2021","7","39.951647","-75.153475","1127","6","0","0","0","0","0","0","1","0","","0","0","0","11","1","2","N","0","0","39 57:05.930","","0","75 09:12.510","8","0","0","0","67301","0","0","0","N","0","0","0","4","67301","0","","1.0","","1","N","N","N","0","","0","0","0","3","2","","1115","2","2","0","0","0","2","0","2","0","2","0","0","0","3","03","","N","","","","","","","","","",""
"2021035545","1823","2","0","0","0","0","0","0","0","0","2","0","","67","4","2021","7","40.071583","-75.165378","1823","6","0","0","0","0","0","0","0","0","","0","0","0","15","1","1","N","0","9","40 04:17.700","","0","75 09:55.360","8","0","0","0","67301","0","0","0","N","0","0","0","2","67301","0","","6.0","","99","N","N","N","0","","0","0","0","9","3","U","1545","2","1","0","0","0","1","1","2","0","2","0","0","0","3","03","","N","","","","","","","","","",""
"2021014838","1658","1","0","0","0","0","0","0","0","0","5","0","","67","2","2021","3","39.941016","-75.204786","1654","6","0","0","0","0","0","0","0","0","","0","0","0","15","1","1","N","0","1","39 56:27.657","1","3","75 12:17.231","8","0","0","0","67301","0","0","0","N","0","0","0","5","67301","0","","1.0","1730.0","1","N","N","N","1","","0","0","1","0","0","N","1534","3","1","3","0","0","1","1","2","0","3","0","0","0","3","","","N","","","","","","","","","",""
"2021035982","600","2","0","0","0","0","0","1","0","0","4","1","","67","3","2021","5","39.974002","-75.155068","542","6","0","0","0","0","0","1","0","0","","1","0","0","04","3","1","","1","2","39 58:26.407","4","0","75 09:18.244","1","0","0","0","67301","0","0","0","N","0","0","0","10","67301","0","2","1.0","800.0","9","N","N","N","0","0","0","1","1","3","3","Y","0457","4","1","0","0","0","0","7","2","0","4","0","0","0","3","04","","N","","","","","","","","","",""
"2021009677","1050","0","0","0","0","0","0","0","0","0","5","0","","67","1","2021","6","40.005342","-75.137275","1036","6","0","0","0","0","0","0","0","0","","0","0","0","10","1","1","N","0","0","40 00:19.230","","0","75 08:14.190","3","0","0","0","67301","0","0","0","N","0","0","0","2","67301","0","","1.0","","1","N","N","N","1","","1","0","1","0","0","","1000","2","1","0","0","0","0","0","2","0","2","0","0","0","3","03","","N","","","","","","","","","",""
"2021010351","440","3","0","0","0","0","0","0","0","0","4","0","","67","1","2021","4","40.020354","-75.114672","435","6","0","0","0","0","0","0","0","0","","0","0","0","04","3","4","","2","2","40 01:13.274","7","0","75 06:52.819","3","0","0","0","67301","0","0","0","N","0","0","0","4","67301","1","","1.0","710.0","1","N","N","N","0","","3","0","2","3","3","Y","0435","5","4","0","0","0","0","0","2","0","5","0","0","0","3","03","","N","","","","","","","","","",""
"2021010352","622","0","0","0","0","0","0","0","0","0","4","0","","67","1","2021","4","40.01384","-75.12598","620","6","0","0","0","0","0","1","0","0","","0","0","0","05","3","0","","1","1","40 00:49.824","3","0","75 07:33.527","9","0","0","0","67301","0","0","0","N","0","0","0","2","67301","0","","1.0","650.0","1","N","N","N","1","","0","0","1","3","2","N","0507","2","0","0","0","0","0","2","2","0","2","0","0","0","3","","","N","","","","","","","","","",""
"2021042026","425","2","0","0","0","0","0","0","0","0","1","0","","67","5","2021","7","40.011099","-75.061445","425","6","0","0","0","0","0","0","0","0","","0","0","0","04","3","0","N","0","1","40 00:39.957","1","0","75 03:41.201","0","0","0","0","67301","0","0","0","N","0","0","0","2","68K01","0","","1.0","452.0","9","N","N","N","0","","0","0","0","0","0","N","0411","2","0","0","0","0","0","0","2","0","2","0","0","0","7","07","","N","","","","","","","","","",""
"2021041078","1525","3","0","0","0","0","0","0","0","0","5","0","","67","5","2021","5","40.032036","-75.033544","1510","6","0","0","0","0","1","0","0","0","","0","0","0","15","1","0","N","0","1","40 01:55.330","1","0","75 02:00.760","0","0","0","0","67301","0","0","0","N","0","0","0","3","67301","0","","1.0","1700.0","1","N","N","N","0","","0","0","0","0","0","N","1500","3","0","0","0","0","0","0","2","0","3","0","0","0","3","03","","N","","","","","","","","","",""
"2021036335","1110","2","0","0","0","0","0","0","0","0","2","0","","67","4","2021","4","39.968994","-75.230299","1103","6","0","0","0","0","0","0","0","0","","0","0","0","18","4","0","","1","9","39 58:08.378","","0","75 13:49.076","9","0","0","0","67301","0","0","0","N","0","0","0","4","67301","0","","1.0","","99","N","N","N","0","","0","0","0","3","3","U","1849","2","0","0","0","0","0","1","2","0","2","0","0","0","99","","","N","","","","","","","","","",""
"2021013537","2217","1","0","0","0","0","0","0","0","0","7","0","","67","1","2021","3","40.007782","-75.201133","2211","6","0","0","0","0","0","0","0","0","","0","0","0","22","3","0","N","0","0","40 00:28.015","","0","75 12:04.079","0","0","0","0","67301","0","0","0","N","0","0","0","1","68K01","0","","4.0","","9","N","N","N","0","","0","0","0","0","0","","2200","1","0","0","0","0","0","0","2","0","1","0","0","0","3","","","N","","","","","","","","","",""
"2021008847","1538","0","0","0","0","0","0","0","0","0","5","1","","67","1","2021","3","40.002194","-75.073444","1528","6","0","0","0","0","0","0","0","0","","0","1","0","14","1","0","N","0","0","40 00:07.900","","0","75 04:24.400","0","0","0","0","67301","0","0","0","N","0","0","0","1","67301","0","","6.0","","9","N","N","N","0","","0","0","1","0","0","","1445","2","0","0","0","0","0","0","2","0","2","0","0","0","7","07","","N","","","","","","","","","",""
"2021006061","136","2","0","0","0","0","0","0","0","0","5","0","","67","1","2021","1","40.028008","-75.128144","129","6","0","0","0","0","0","0","0","0","","0","0","0","23","3","1","N","0","0","40 01:40.830","","0","75 07:41.320","3","0","0","0","67301","1","0","0","N","1","0","0","2","67301","0","","6.0","","1","N","N","N","0","","1","0","1","0","0","","2330","4","1","0","0","0","0","0","2","0","3","1","0","0","3","03","","N","","","","","","","","","",""
"2021010204","1205","2","0","0","0","0","0","0","0","0","4","0","","67","1","2021","1","39.957207","-75.227475","1201","6","0","0","0","0","0","1","0","0","","0","0","0","11","1","0","","1","0","39 57:25.946","","0","75 13:38.909","0","0","0","0","67301","0","0","0","N","0","0","0","2","67301","0","","1.0","","1","N","N","N","0","","0","0","0","3","2","","1157","2","0","1","0","0","0","0","2","0","2","0","0","0","4","04","","N","","","","","","","","","",""
"2021011089","1643","2","0","0","0","0","0","0","0","0","4","0","","67","1","2021","7","39.979388","-75.242464","1639","6","0","0","0","0","0","0","0","0","","0","0","0","16","1","0","","1","2","39 58:45.796","6","0","75 14:32.870","0","0","0","0","67301","0","0","0","N","0","0","0","2","67301","0","","1.0","300.0","1","N","N","Y","0","","0","0","2","3","3","N","1637","4","0","0","0","0","0","0","2","0","4","0","0","0","3","","","N","","","","","","","","","",""
"2021036462","1715","1","0","0","0","0","0","0","0","0","1","0","","67","1","2021","1","40.104373","-75.001924","1706","6","0","0","0","0","0","0","0","0","","0","0","0","17","4","0","N","0","0","40 06:15.741","","0","75 00:06.925","0","0","0","0","67301","0","0","0","N","0","0","0","2","67301","0","","1.0","","1","N","N","N","0","","0","0","1","0","0","","1700","2","0","1","0","0","0","0","2","0","2","0","0","0","3","","","N","","","","","","","","","",""
"2021036038","2041","1","0","0","0","0","0","0","0","0","7","0","","67","4","2021","2","40.03642","-75.01574","2031","6","0","0","0","0","0","0","0","0","","0","0","0","20","3","0","N","0","0","40 02:11.111","","0","75 00:56.663","0","0","0","0","67301","0","0","0","N","0","0","0","2","68K01","0","","2.0","","1","N","N","N","0","","0","0","0","0","0","","2025","1","0","0","0","0","0","0","2","0","1","0","0","0","3","03","","N","","","","","","","","","",""
"2021005988","2150","2","0","0","0","0","0","0","0","0","5","0","","67","1","2021","2","39.937444","-75.230522","2146","6","0","0","0","0","0","0","0","0","","0","0","0","21","3","0","N","0","1","39 56:14.800","2","0","75 13:49.880","0","0","0","0","67301","0","0","0","N","0","0","0","2","67301","0","","1.0","2250.0","1","N","N","N","0","","0","0","1","0","0","N","2145","3","0","0","0","0","0","0","2","0","3","0","0","0","3","","","N","","","","","","","","","",""
"2021006022","1344","2","0","0","0","0","0","0","0","0","5","0","","67","1","2021","1","39.931833","-75.194806","1344","6","0","0","0","0","1","0","0","0","","0","0","0","13","8","1","N","0","0","39 55:54.600","","0","75 11:41.300","3","0","0","0","67301","0","0","0","N","0","0","0","1","67301","0","","6.0","","1","N","N","N","0","","1","0","0","0","0","","1344","2","1","0","0","0","0","0","2","0","2","0","0","0","3","","","N","","","","","","","","","",""
"2021012324","1832","0","0","0","1","0","0","0","0","0","8","0","","67","2","2021","6","40.035426","-75.122651","1832","6","0","0","0","0","0","0","0","1","","0","0","0","17","3","1","N","0","1","40 02:07.534","4","0","75 07:21.543","3","0","0","0","67301","1","0","0","N","0","0","0","2","67301","0","","1.0","1900.0","1","N","N","N","0","","1","0","1","0","0","Y","1747","2","1","0","0","0","0","0","2","0","1","1","0","0","3","03","","N","","","","","","","","","",""
"2021017257","1252","0","0","0","0","0","0","0","0","0","7","0","","67","2","2021","2","39.976416","-75.113876","1247","6","0","0","0","0","0","0","0","0","","0","0","0","12","1","0","N","0","1","39 58:35.097","1","3","75 06:49.954","0","0","0","0","67301","0","0","0","N","0","0","0","3","68K01","0","","4.0","1325.0","7","N","N","N","1","","0","0","1","0","0","N","1241","2","0","2","0","0","0","0","2","0","2","0","0","0","10","","","N","","","","","","","","","",""
"2021019007","1456","0","0","0","0","0","0","0","0","0","5","0","","67","2","2021","1","39.891597","-75.237113","1442","6","0","0","0","0","0","0","0","0","","0","0","0","14","1","0","N","0","1","39 53:29.748","1","0","75 14:13.608","0","0","0","0","67301","0","0","0","Y","0","0","0","6","68K01","0","","2.0","1525.0","6","N","N","Y","1","","0","0","1","0","0","N","1432","2","0","0","0","0","0","0","2","0","2","0","0","0","10","04","","N","","","","","","","","","",""