"CRN","ARRIVAL_TM","AUTOMOBILE_COUNT","BELTED_DEATH_COUNT","BELTED_SUSP_SERIOUS_INJ_COUNT","BICYCLE_COUNT","BICYCLE_DEATH_COUNT","BICYCLE_SUSP_SERIOUS_INJ_COUNT","BUS_COUNT","CHLDPAS_DEATH_COUNT","CHLDPAS_SUSP_SERIOUS_INJ_COUNT","COLLISION_TYPE","COMM_VEH_COUNT","CONS_ZONE_SPD_LIM","COUNTY","CRASH_MONTH","CRASH_YEAR","DAY_OF_WEEK","DEC_LATITUDE","DEC_LONGITUDE","DISPATCH_TM","DISTRICT","DRIVER_COUNT_16YR","DRIVER_COUNT_17YR","DRIVER_COUNT_18YR","DRIVER_COUNT_19YR","DRIVER_COUNT_20YR","DRIVER_COUNT_50_64YR","DRIVER_COUNT_65_74YR","DRIVER_COUNT_75PLUS","EST_HRS_CLOSED","FATAL_COUNT","HEAVY_TRUCK_COUNT","HORSE_BUGGY_COUNT","HOUR_OF_DAY","ILLUMINATION","INJURY_COUNT","INTERSECTION_RELATED","INTERSECT_TYPE","LANE_CLOSED","LATITUDE","LN_CLOSE_DIR","LOCATION_TYPE","LONGITUDE","MAX_SEVERITY_LEVEL","MCYCLE_DEATH_COUNT","MCYCLE_SUSP_SERIOUS_INJ_COUNT","MOTORCYCLE_COUNT","MUNICIPALITY","NONMOTR_COUNT","NONMOTR_DEATH_COUNT","NONMOTR_SUSP_SERIOUS_INJ_COUNT","NTFY_HIWY_MAINT","PED_COUNT","PED_DEATH_COUNT","PED_SUSP_SERIOUS_INJ_COUNT","PERSON_COUNT","POLICE_AGCY","POSSIBLE_INJ_COUNT","RDWY_SURF_TYPE_CD","RELATION_TO_ROAD","ROADWAY_CLEARED","ROAD_CONDITION","SCH_BUS_IND","SCH_ZONE_IND","SECONDARY_CRASH","SMALL_TRUCK_COUNT","SPEC_JURIS_CD","SUSP_MINOR_INJ_COUNT","SUSP_SERIOUS_INJ_COUNT","SUV_COUNT","TCD_FUNC_CD","TCD_TYPE","TFC_DETOUR_IND","TIME_OF_DAY","TOTAL_UNITS","TOT_INJ_COUNT","UNBELTED_OCC_COUNT","UNB_DEATH_COUNT","UNB_SUSP_SERIOUS_INJ_COUNT","UNK_INJ_DEG_COUNT","UNK_INJ_PER_COUNT","URBAN_RURAL","VAN_COUNT","VEHICLE_COUNT","VULNERABLE_ROAD_USER_COUNT","VULNERABLE_ROAD_USER_DEATH_COUNT","VULNERABLE_ROAD_USER_SER_INJ_COUNT","WEATHER1","WEATHER2","WORKERS_PRES","WORK_ZONE_IND","WORK_ZONE_LOC","WORK_ZONE_TYPE","WZ_CLOSE_DETOUR","WZ_FLAGGER","WZ_LAW_OFFCR_IND","WZ_LN_CLOSURE","WZ_MOVING","WZ_OTHER","WZ_SHLDER_MDN","WZ_WORKERS_INJ_KILLED"
"2021007729","1710","2","0","0","0","0","0","0","0","0","4","0","","67","1","2021","6","39.887484","-75.247993","1700","6","0","0","0","0","0","1","0","0","","0","0","0","15","1","1","","2","0","39 53:14.941","","0","75 14:52.776","2","0","0","0","67301","0","0","0","N","0","0","0","2","67301","0","","1.0","","1","N","N","N","0","","0","1","0","3","2","","1510","2","1","0","0","0","0","0","2","0","2","0","0","0","3","03","","N","","","","","","","","","",""
"2021006391","2202","0","0","0","0","0","0","0","0","0","6","0","","67","1","2021","3","39.949762","-75.207854","2201","6","0","0","0","0","0","0","0","0","","0","0","0","22","3","2","N","0","0","39 56:59.144","","0","75 12:28.276","3","0","0","0","67301","0","0","0","N","0","0","0","3","67504","1","","1.0","","1","N","N","N","1","","1","0","1","0","0","","2200","2","2","0","0","0","0","0","2","0","2","0","0","0","3","","","N","","","","","","","","","",""
"2021014052","1625","2","0","0","0","0","0","0","0","0","4","0","","67","2","2021","4","39.913817","-75.147673","1621","6","0","0","0","0","0","1","0","0","","0","0","0","15","1","2","","2","1","39 54:49.741","1","0","75 08:51.624","3","0","0","0","67301","0","0","0","N","0","0","0","4","67301","0","","1.0","1705.0","1","N","N","N","0","","2","0","0","0","0","N","1541","2","2","0","0","0","0","0","2","0","2","0","0","0","4","","","N","","","","","","","","","",""
"2021009330","2100","3","0","0","0","0","0","0","0","0","5","0","","67","1","2021","4","40.08752","-75.035247","2100","6","0","0","0","0","0","0","0","0","","0","0","0","21","3","0","N","0","0","40 05:15.073","","0","75 02:06.890","0","0","0","0","67301","0","0","0","N","0","0","0","1","67301","0","","6.0","","1","N","N","N","0","","0","0","0","0","0","","2100","3","0","1","0","0","0","0","2","0","3","0","0","0","3","","","N","","","","","","","","","",""
"2021012562","1037","2","0","0","0","0","0","0","0","0","4","0","","67","2","2021","6","40.026024","-75.134798","1030","6","0","0","0","0","0","1","0","0","","0","0","0","10","1","0","","1","0","40 01:33.686","","0","75 08:05.272","9","0","0","0","67301","0","0","0","N","0","0","0","2","67301","0","","1.0","","9","N","N","N","0","","0","0","0","3","3","","1017","2","0","0","0","0","0","1","2","0","2","0","0","0","3","03","","N","","","","","","","","","",""
"2021004987","1519","0","0","0","0","0","0","0","0","0","7","0","","67","1","2021","5","39.899157","-75.176817","1443","6","0","0","0","0","0","0","0","0","","0","0","0","14","1","3","N","0","1","39 53:56.965","1","3","75 10:36.540","8","0","0","0","67301","0","0","0","N","0","0","0","3","68K01","0","","3.0","45.0","1","N","N","N","0","","0","0","1","0","0","N","1439","1","3","0","0","0","3","0","2","0","1","0","0","0","3","03","","N","","","","","","","","","",""
"2021037602","1725","2","0","0","0","0","0","0","0","0","6","0","","67","4","2021","6","39.975125","-75.169369","1722","6","0","0","0","0","0","0","0","0","","0","0","0","17","1","0","N","0","0","39 58:30.450","","0","75 10:09.730","0","0","0","0","67301","0","0","0","N","0","0","0","1","67301","0","","1.0","","1","N","N","N","0","","0","0","1","0","0","","1715","3","0","0","0","0","0","0","2","0","3","0","0","0","3","03","","N","","","","","","","","","",""
"2021003047","2206","1","0","0","0","0","0","0","0","0","5","0","","67","1","2021","4","40.023343","-75.148061","2200","6","0","0","1","0","0","1","0","0","","0","0","0","21","3","1","N","0","1","40 01:24.034","2","0","75 08:53.021","3","0","0","0","67301","0","0","0","N","0","0","0","2","67301","0","","1.0","2340.0","1","N","N","N","0","","1","0","1","0","0","N","2155","2","1","0","0","0","0","0","2","0","2","0","0","0","3","","","N","","","","","","","","","",""
"2021014701","1345","1","0","0","0","0","0","0","0","0","8","0","","67","2","2021","1","39.999027","-75.133244","1342","6","0","0","0","0","0","0","0","0","","0","0","0","13","1","2","","1","0","39 59:56.498","","0","75 07:59.680","3","0","0","0","67301","2","0","0","N","2","0","0","3","67301","0","","1.0","","7","N","N","N","0","","2","0","0","3","2","","1340","3","2","1","0","0","0","0","2","0","1","2","0","0","10","","","N","","","","","","","","","",""
"2021006907","1200","0","0","0","0","0","0","0","0","0","4","0","","67","1","2021","6","40.028879","-75.089418","1150","6","0","0","0","0","0","0","0","0","","0","0","0","17","1","0","","1","0","40 01:43.965","","0","75 05:21.904","0","0","0","0","67301","0","0","0","N","0","0","0","2","67301","0","","1.0","","1","N","N","N","0","","0","0","1","3","2","","1710","2","0","0","0","0","0","0","2","1","2","0","0","0","3","03","","N","","","","","","","","","",""
"2021035830","748","1","0","0","0","0","0","0","0","0","5","0","","67","4","2021","5","39.943613","-75.192474","738","6","0","0","0","0","0","0","0","0","","0","0","0","07","1","1","N","0","1","39 56:37.006","3","0","75 11:32.908","4","0","0","0","67301","0","0","0","N","0","0","0","2","68K01","1","","1.0","804.0","1","N","N","N","0","","0","0","1","0","0","N","0736","2","1","0","0","0","0","0","2","0","2","0","0","0","3","","","N","","","","","","","","","",""
"2021018426","21","2","0","0","0","0","0","0","0","0","1","0","","67","2","2021","7","40.007557","-75.200513","4","6","0","0","0","1","0","0","0","0","","0","0","0","00","2","1","N","0","1","40 00:27.205","4","0","75 12:01.845","3","0","0","0","67301","0","0","0","N","0","0","0","2","68K01","0","","1.0","1240.0","1","N","N","N","0","","1","0","0","0","0","N","0001","2","1","0","0","0","0","0","2","0","2","0","0","0","3","","","N","","","","","","","","","",""
"2021006202","206","1","0","0","0","0","0","0","0","0","1","0","","67","1","2021","1","39.999755","-75.153326","159","6","0","0","0","0","0","0","0","0","","0","0","0","01","3","1","N","0","0","39 59:59.117","","0","75 09:11.973","3","0","0","0","67301","0","0","0","N","0","0","0","3","67301","0","","6.0","","1","N","N","N","0","","1","0","1","0","0","","0157","3","1","0","0","0","0","1","2","0","2","0","0","0","3","03","","N","","","","","","","","","",""
"2021034390","1629","3","0","0","0","0","0","0","0","0","1","0","","67","4","2021","4","40.026741","-75.025917","1622","6","0","0","0","0","0","0","0","0","","0","0","0","16","1","0","N","0","0","40 01:36.266","","0","75 01:33.302","0","0","0","0","67301","0","0","0","N","0","0","0","3","68K01","0","","1.0","","9","N","N","N","0","","0","0","0","0","0","","1620","3","0","0","0","0","0","0","2","0","3","0","0","0","7","07","","N","","","","","","","","","",""
"2021014686","1532","0","0","0","0","0","0","0","0","0","7","0","","67","2","2021","5","40.057651","-75.038693","1516","6","0","0","0","0","0","0","0","0","","0","0","0","14","1","1","","11","1","40 03:27.543","4","0","75 02:19.294","3","0","0","0","67301","0","0","0","N","0","0","0","1","67301","0","","4.0","1700.0","7","N","N","N","0","","1","0","0","0","0","N","1447","1","1","0","0","0","0","0","2","1","1","0","0","0","3","98","","N","","","","","","","","","",""
"2021013859","1738","1","0","0","0","0","0","0","0","0","5","0","","67","2","2021","2","39.993831","-75.108492","1736","6","0","0","0","0","0","0","0","0","","0","0","0","17","3","0","N","0","0","39 59:37.793","","0","75 06:30.570","0","0","0","0","67301","0","0","0","N","0","0","0","1","67301","0","","6.0","","1","N","N","N","0","","0","0","1","0","0","","1719","3","0","0","0","0","0","0","2","1","3","0","0","0","3","","","N","","","","","","","","","",""
"2021010749","1227","1","0","0","0","0","0","0","0","0","4","0","","67","1","2021","7","39.950649","-75.247179","1227","6","0","0","1","0","0","0","0","0","","0","0","0","12","1","1","","1","2","39 57:02.336","5","0","75 14:49.844","3","0","0","0","67301","0","0","0","N","0","0","0","2","67301","0","","1.0","1336.0","1","N","N","N","0","","1","0","1","3","3","Y","1223","2","1","0","0","0","0","0","2","0","2","0","0","0","3","98","","N","","","","","","","","","",""
"2021014695","2359","1","0","0","0","0","0","0","0","0","2","0","","67","2","2021","2","39.882939","-75.222622","2354","6","0","0","0","0","0","1","0","0","","0","0","0","23","3","3","N","0","0","39 52:58.580","","0","75 13:21.440","3","0","0","2","67301","0","0","0","N","0","0","0","3","67301","0","","1.0","","1","N","N","N","0","","3","0","0","0","0","","2327","3","3","0","0","0","0","0","2","0","3","0","0","0","3","03","","N","","","","","","","","","",""
"2021005377","447","0","0","0","0","0","0","0","0","0","7","0","","67","1","2021","7","40.011104","-75.061437","445","6","0","0","0","0","0","0","0","0","","0","0","0","04","3","0","N","0","2","40 00:39.973","1","0","75 03:41.172","0","0","0","0","67301","0","0","0","N","0","0","0","1","68K01","0","","4.0","504.0","9","N","N","N","0","","0","0","1","0","0","N","0441","1","0","0","0","0","0","0","2","0","1","0","0","0","7","07","","N","","","","","","","","","",""
"2021009820","1147","2","0","0","0","0","0","0","0","0","4","0","","67","1","2021","5","39.972426","-75.253301","1144","6","0","0","0","0","0","1","0","0","","0","0","0","11","1","1","","1","0","39 58:20.733","","0","75 15:11.885","3","0","0","0","67301","0","0","0","N","0","0","0","2","67301","0","","1.0","","1","N","N","N","0","","1","0","0","3","2","","1142","2","1","0","0","0","0","0","2","0","2","0","0","0","3","03","","N","","","","","","","","","",""
"2021009424","205","1","0","0","0","0","0","0","0","0","1","0","","67","1","2021","1","40.012383","-75.16153","205","6","0","0","1","0","0","0","0","0","","0","0","0","02","3","1","N","0","0","40 00:44.577","","0","75 09:41.509","3","0","0","0","67301","0","0","0","N","0","0","0","3","67301","0","","1.0","","1","N","N","N","0","","1","0","1","0","0","","0200","3","1","0","0","0","0","0","2","1","3","0","0","0","3","03","","N","","","","","","","","","",""
"2021002351","2239","3","0","0","0","0","0","0","0","0","5","0","45","67","1","2021","3","40.011766","-75.060667","2222","6","0","0","0","0","0","0","0","0","","0","0","0","22","3","1","N","0","2","40 00:42.358","2","0","75 03:38.400","3","0","0","0","67301","0","0","0","N","0","0","0","3","68K01","0","","1.0","2302.0","1","N","N","N","0","","1","0","0","0","0","N","2214","3","1","0","0","0","0","0","2","0","3","0","0","0","3","03","N","Y","2","1","","","N","Y","","","","N"
"2021036779","1800","2","0","0","0","0","0","0","0","0","1","0","","67","4","2021","1","39.905298","-75.194704","1800","6","0","0","0","0","0","0","0","0","","0","0","0","23","6","0","N","0","0","39 54:19.071","","3","75 11:40.933","0","0","0","0","67301","0","0","0","N","0","0","0","1","67301","0","","1.0","","1","N","N","N","0","","0","0","0","0","0","","2330","2","0","0","0","0","0","0","2","0","2","0","0","0","3","","","N","","","","","","","","","",""
"2021042017","1631","1","0","0","0","0","0","0","0","0","1","0","","67","5","2021","6","39.963349","-75.138685","1631","6","0","1","0","0","0","0","0","0","","0","0","0","16","1","0","N","0","0","39 57:48.055","","3","75 08:19.266","9","0","0","0","67301","0","0","0","N","0","0","0","2","68K01","0","","1.0","","1","N","N","N","0","","0","0","0","0","0","","1631","2","0","1","0","0","0","1","2","0","2","0","0","0","4","","","N","","","","","","","","","",""
"2021027923","1947","1","0","0","0","0","0","0","0","0","4","0","","67","3","2021","5","40.073361","-75.158161","1947","6","0","0","0","0","0","1","0","0","","0","0","0","18","1","1","N","0","0","40 04:24.100","","7","75 09:29.380","8","0","0","0","67301","0","0","0","N","0","0","0","3","67301","0","","1.0","","1","N","N","N","1","","0","0","0","0","0","","1818","2","1","2","0","0","1","1","2","0","2","0","0","0","3","03","","N","","","","","","","","","",""
"2021035510","1658","1","0","0","0","0","0","0","0","0","1","0","","67","4","2021","6","39.948753","-75.159479","1653","6","0","0","0","0","0","0","0","0","","0","0","0","16","1","1","N","0","1","39 56:55.509","4","0","75 09:34.126","3","0","0","0","67301","0","0","0","N","0","0","0","4","67301","0","","6.0","1730.0","1","N","N","N","0","","1","0","1","0","0","N","1650","3","1","1","0","0","0","0","2","0","3","0","0","0","3","","","N","","","","","","","","","",""
"2021041240","637","1","0","0","0","0","0","0","0","0","1","0","","67","5","2021","2","39.979933","-75.204969","627","6","0","0","0","0","0","1","0","0","","0","0","0","06","5","3","N","0","1","39 58:47.758","3","0","75 12:17.888","3","0","0","0","67301","0","0","0","N","0","0","0","3","68K01","0","","1.0","715.0","1","N","N","N","0","","3","0","1","0","0","Y","0622","3","3","0","0","0","0","0","2","1","3","0","0","0","3","","","N","","","","","","","","","",""
"2021013631","1","2","0","0","0","0","0","0","0","0","4","0","","67","2","2021","2","40.049578","-75.095619","2351","6","0","0","0","0","0","0","0","0","","0","0","0","23","3","0","","1","0","40 02:58.479","","0","75 05:44.227","0","0","0","0","67301","0","0","0","N","0","0","0","2","67301","0","","1.0","","1","N","N","N","0","","0","0","0","3","2","","2328","2","0","0","0","0","0","0","2","0","2","0","0","0","3","03","","N","","","","","","","","","",""
"2021036334","1350","1","0","0","0","0","0","0","0","0","5","0","","67","4","2021","4","39.922818","-75.157586","1347","6","0","0","0","0","0","1","0","1","","0","0","0","13","1","0","N","0","0","39 55:22.143","","0","75 09:27.309","0","0","0","0","67301","0","0","0","N","0","0","0","5","67301","0","","1.0","","9","N","N","N","0","","0","0","1","0","0","","1339","2","0","0","0","0","0","0","2","0","2","0","0","0","7","07","","N","","","","","","","","","",""
"2021006200","2355","2","0","0","0","0","0","0","0","0","4","0","","67","1","2021","1","39.989011","-75.140874","2347","6","0","0","0","0","0","0","0","0","","0","0","0","23","3","0","","1","0","39 59:20.439","","0","75 08:27.146","9","0","0","0","67301","0","0","0","N","0","0","0","1","67301","0","","1.0","","1","N","N","Y","0","","0","0","0","3","2","","2345","2","0","0","0","0","0","1","2","0","2","0","0","0","3","03","","N","","","","","","","","","",""
"2021035503","1305","1","0","0","0","0","0","1","0","0","4","1","","67","4","2021","4","39.921977","-75.15109","1300","6","0","0","0","0","0","1","0","0","","0","0","0","12","1","1","","1","1","39 55:19.117","4","0","75 09:03.924","4","0","0","0","67301","0","0","0","N","0","0","0","5","67301","1","","1.0","1320.0","1","N","N","N","0","","0","0","0","3","2","Y","1227","2","1","0","0","0","0","0","2","0","2","0","0","0","3","03","","N","","","","","","","","","",""
"2021036424","1510","0","0","0","0","0","0","0","0","0","1","0","45","67","4","2021","3","40.019306","-75.045325","1437","6","0","0","0","0","0","0","0","0","","0","0","0","14","1","0","N","0","0","40 01:09.502","","0","75 02:43.170","0","0","0","0","67301","0","0","0","N","0","0","0","3","68K01","0","","1.0","","1","N","N","N","0","","0","0","3","0","0","","1412","3","0","0","0","0","0","0","2","0","3","0","0","0","3","03","Y","Y","4","1","N","N","N","N","N","N","Y","N"
"2021010413","817","0","0","0","0","0","0","0","0","0","7","0","","67","1","2021","1","40.004111","-75.195028","813","6","0","0","0","0","0","1","0","0","","0","0","0","08","1","1","N","0","0","40 00:14.800","","8","75 11:42.100","8","0","0","0","67301","0","0","0","N","0","0","0","1","68K01","0","","4.0","","1","N","N","N","0","","0","0","1","0","0","","0813","1","1","0","0","0","1","0","2","0","1","0","0","0","3","","","N","","","","","","","","","",""
"2021037232","1658","1","0","0","0","0","0","0","0","0","8","0","","67","4","2021","3","40.068806","-75.015783","1647","6","0","0","0","0","1","0","0","0","","0","0","0","16","1","1","N","0","0","40 04:07.700","","0","75 00:56.820","3","0","0","0","67301","1","0","0","N","1","0","0","2","67301","0","","1.0","","1","N","N","N","0","","1","0","0","0","0","","1632","2","1","0","0","0","0","0","2","0","1","1","0","0","3","03","","N","","","","","","","","","",""
"2021008748","1508","2","0","0","0","0","0","0","0","0","6","0","","67","1","2021","3","39.927528","-75.184306","1506","6","0","0","0","0","0","0","0","0","","0","0","0","15","1","0","N","0","0","39 55:39.100","","0","75 11:03.500","0","0","0","0","67301","0","0","0","N","0","0","0","1","67301","0","","6.0","","9","N","N","N","0","","0","0","1","0","0","","1500","3","0","0","0","0","0","0","2","0","3","0","0","0","7","04","","N","","","","","","","","","",""
"2021009420","415","1","0","0","0","0","0","0","0","0","2","0","","67","1","2021","6","40.060214","-75.173107","411","6","0","0","0","0","0","0","0","0","","0","0","0","03","3","0","N","0","0","40 03:36.771","","0","75 10:23.184","9","0","0","0","67301","0","0","0","N","0","0","0","1","67301","0","","6.0","","1","N","N","N","0","","0","0","0","0","0","","0350","2","0","0","0","0","0","1","2","1","2","0","0","0","3","03","","N","","","","","","","","","",""
"2021025746","1006","0","0","0","0","0","0","0","0","0","5","0","","67","2","2021","2","40.023978","-75.030908","1000","6","0","0","0","0","0","0","0","0","","0","0","0","09","1","0","N","0","0","40 01:26.322","","2","75 01:51.267","9","0","0","0","67301","0","0","0","N","0","0","0","2","68K01","0","","1.0","","7","N","N","N","0","","0","0","1","0","0","","0917","2","0","0","0","0","0","1","2","0","2","0","0","0","10","09","","N","","","","","","","","","",""
"2021012973","1201","0","0","0","0","0","0","0","0","0","7","0","","67","1","2021","7","40.055793","-74.984339","1150","6","0","0","0","0","0","0","0","0","","0","0","0","11","1","1","N","0","2","40 03:20.854","2","3","74 59:03.622","8","0","0","0","67301","0","0","0","N","0","0","0","1","68K01","0","","3.0","100.0","1","N","N","N","0","","0","0","1","0","0","N","1147","1","1","1","0","0","1","0","2","0","1","0","0","0","3","","","N","","","","","","","","","",""
"2021007292","1325","2","0","0","0","0","0","0","0","0","4","0","","67","1","2021","1","39.972445","-75.162583","1313","6","0","0","0","0","0","0","0","0","","0","0","0","13","1","0","","1","0","39 58:20.801","","0","75 09:45.298","0","0","0","0","67301","0","0","0","N","0","0","0","2","67301","0","","1.0","","1","N","N","N","0","","0","0","0","3","3","","1305","2","0","0","0","0","0","0","2","0","2","0","0","0","3","03","","N","","","","","","","","","",""
"2021011515","208","2","0","0","0","0","0","0","0","0","4","0","","67","2","2021","4","39.958111","-75.162281","204","6","0","0","0","0","0","0","0","0","","0","0","0","02","3","1","","1","0","39 57:29.200","","3","75 09:44.210","3","0","0","0","67301","0","0","0","N","0","0","0","3","67301","0","","1.0","","9","N","N","N","0","","1","0","0","3","2","","0200","2","1","0","0","0","0","0","2","0","2","0","0","0","10","","","N","","","","","","","","","",""
"2021005958","1322","2","0","0","0","0","0","0","0","0","4","0","","67","1","2021","4","39.921328","-75.146116","1302","6","0","0","0","1","0","0","0","0","","0","0","0","13","1","0","","1","0","39 55:16.782","","0","75 08:46.016","0","0","0","0","67301","0","0","0","N","0","0","0","2","67301","0","","1.0","","1","N","N","N","0","","0","0","0","3","3","","1300","2","0","0","0","0","0","0","2","0","2","0","0","0","3","","","N","","","","","","","","","",""
"2021042241","1021","2","0","0","0","0","0","0","0","0","1","0","","67","5","2021","5","39.946061","-75.189628","1006","6","0","0","0","0","0","0","0","0","","0","0","0","10","1","1","N","6","0","39 56:45.818","","2","75 11:22.661","4","0","0","0","67301","0","0","0","N","0","0","0","3","68K01","1","","1.0","","1","N","N","N","0","","0","0","0","0","0","","1003","2","1","0","0","0","0","0","2","0","2","0","0","0","3","","","N","","","","","","","","","",""
"2021004055","1922","2","0","0","0","0","0","0","0","0","4","0","","67","1","2021","3","40.068905","-75.18175","1918","6","0","0","0","0","0","0","0","0","","0","0","0","19","3","2","","1","0","40 04:08.058","","0","75 10:54.300","3","0","0","0","67301","0","0","0","N","0","0","0","2","67301","0","","1.0","","1","N","N","N","0","","2","0","0","3","2","","1917","2","2","2","0","0","0","0","2","0","2","0","0","0","3","03","","N","","","","","","","","","",""
"2021039049","2145","1","0","0","0","0","0","0","0","0","8","0","","67","4","2021","5","39.949632","-75.160384","2126","6","0","0","0","0","0","0","0","0","","0","0","0","20","3","1","","1","0","39 56:58.675","","0","75 09:37.383","3","0","0","0","67301","1","0","0","N","1","0","0","2","67301","0","","1.0","","9","N","N","N","0","","1","0","0","3","2","","2000","2","1","0","0","0","0","0","2","0","1","1","0","0","7","","","N","","","","","","","","","",""
"2021008255","1717","1","0","0","0","0","0","0","0","0","4","0","","67","1","2021","2","40.071791","-75.032648","1714","6","0","0","0","0","0","0","0","0","","0","0","0","17","3","1","","2","0","40 04:18.449","","0","75 01:57.534","3","0","0","0","67301","0","0","0","N","0","0","0","2","67301","0","","1.0","","1","N","N","N","0","","1","0","1","3","3","","1713","2","1","0","0","0","0","0","2","0","2","0","0","0","4","04","","N","","","","","","","","","",""
"2021032954","1555","1","0","0","0","0","0","0","0","0","5","0","","67","3","2021","6","39.980576","-75.103788","1552","6","0","0","0","0","0","1","0","0","","0","0","0","15","1","5","N","0","1","39 58:50.073","1","0","75 06:13.636","4","0","0","0","67301","0","0","0","N","0","0","0","6","68K01","5","","1.0","1645.0","1","N","N","N","0","","0","0","3","0","0","N","1546","4","5","0","0","0","0","0","2","0","4","0","0","0","3","","","N","","","","","","","","","",""
"2021004312","2347","0","0","0","0","0","0","0","0","0","7","0","","67","1","2021","1","40.031414","-75.021583","2347","6","0","0","0","0","0","0","0","0","","0","0","0","23","3","0","N","0","1","40 01:53.090","2","3","75 01:17.700","0","0","0","0","67301","0","0","0","N","0","0","0","1","68K01","0","","3.0","5.0","9","N","N","N","0","","0","0","1","0","0","N","2340","1","0","0","0","0","0","0","2","0","1","0","0","0","7","07","","N","","","","","","","","","",""
"2021008760","1832","1","0","0","0","0","0","0","0","0","8","0","","67","1","2021","3","39.98629","-75.15628","1829","6","0","0","0","0","0","0","0","0","","0","0","0","18","3","1","","1","0","39 59:10.645","","0","75 09:22.609","4","0","0","0","67301","1","0","0","N","1","0","0","2","67301","1","","1.0","","9","N","N","N","0","","0","0","0","3","2","","1825","2","1","0","0","0","0","0","2","0","1","1","0","0","7","07","","N","","","","","","","","","",""
"2021009094","1248","2","0","0","0","0","0","0","0","0","4","0","","67","1","2021","3","40.02153","-75.15797","1245","6","0","0","0","0","0","0","0","0","","0","0","0","12","1","1","","2","0","40 01:17.509","","0","75 09:28.691","3","0","0","0","67301","0","0","0","N","0","0","0","2","67301","0","","1.0","","9","N","N","N","0","","1","0","0","3","3","","1243","2","1","2","0","0","0","0","2","0","2","0","0","0","7","07","","N","","","","","","","","","",""
"2021007469","1945","1","0","0","0","0","0","0","0","0","1","0","","67","1","2021","1","39.935632","-75.22587","1940","6","0","0","0","0","0","0","0","0","","0","0","0","19","3","2","","1","0","39 56:08.274","","0","75 13:33.131","3","0","0","0","67301","0","0","0","N","0","0","0","5","67301","1","","1.0","","1","N","N","N","0","","1","0","1","3","2","","1920","2","2","0","0","0","0","0","2","0","2","0","0","0","3","","","N","","","","","","","","","",""
"2021014842","2350","2","0","0","0","0","0","0","0","0","1","0","","67","2","2021","4","40.039372","-75.129861","2349","6","0","0","0","0","0","0","0","0","","0","0","0","23","3","1","N","0","0","40 02:21.740","","0","75 07:47.500","3","0","0","0","67301","0","0","0","N","0","0","0","1","67301","0","","6.0","","9","N","N","N","0","","1","0","1","0","0","","2320","4","1","0","0","0","0","0","2","1","4","0","0","0","3","","","N","","","","","","","","","",""
"2021005963","2021","2","0","0","0","0","0","0","0","0","4","0","","67","1","2021","2","39.960784","-75.14348","2015","6","0","0","0","1","0","0","0","0","","0","0","0","20","3","1","","1","2","39 57:38.821","6","0","75 08:36.527","3","0","0","0","67301","0","0","0","N","0","0","0","3","67301","0","","1.0","2225.0","1","N","N","N","0","","1","0","3","3","2","Y","2000","5","1","0","0","0","0","1","2","0","5","0","0","0","3","03","","N","","","","","","","","","",""
"2021004389","2032","2","0","0","0","0","0","0","0","0","4","0","","67","1","2021","2","40.008888","-75.071869","2030","6","0","0","0","1","0","0","0","0","","0","0","0","20","3","1","","5","0","40 00:31.996","","0","75 04:18.728","3","0","0","0","67301","0","0","0","N","0","0","0","4","67301","0","","1.0","","1","N","N","N","0","","1","0","0","3","2","","2029","2","1","0","0","0","0","0","2","0","2","0","0","0","3","","","N","","","","","","","","","",""
"2021010906","151","0","0","0","0","0","0","0","0","0","5","0","","67","1","2021","3","40.004061","-75.17202","149","6","0","0","0","0","0","0","0","0","","0","0","0","01","3","0","N","0","0","40 00:14.620","","0","75 10:19.272","0","0","0","0","67301","0","0","0","N","0","0","0","1","67301","0","","6.0","","1","N","N","N","0","","0","0","2","0","0","","0145","2","0","0","0","0","0","0","2","0","2","0","0","0","3","03","","N","","","","","","","","","",""
"2021033993","513","0","0","0","0","0","0","0","0","0","7","0","","67","4","2021","3","40.032333","-75.1715","507","6","0","0","0","0","0","0","1","0","","1","0","0","05","3","0","N","0","0","40 01:56.400","","0","75 10:17.400","1","0","0","0","67301","0","0","0","N","0","0","0","1","67301","0","2","4.0","","1","N","N","N","0","8","0","0","0","0","0","","0502","1","0","1","1","0","0","0","2","1","1","0","0","0","3","03","","N","","","","","","","","","",""
"2021014471","2046","1","0","0","0","0","0","0","0","0","6","0","","67","2","2021","3","39.982972","-75.188304","2036","6","0","0","0","0","0","0","0","0","","0","0","0","20","3","0","N","0","0","39 58:58.698","","0","75 11:17.896","0","0","0","0","67301","0","0","0","N","0","0","0","2","67301","0","","1.0","","1","N","N","N","0","","0","0","0","0","0","","2036","2","0","0","0","0","0","0","2","0","2","0","0","0","3","03","","N","","","","","","","","","",""
"2021009577","201","1","0","0","0","0","0","0","0","0","7","0","","67","1","2021","4","","","201","6","0","0","0","0","0","0","0","0","","0","0","0","01","3","0","N","0","0","","","3","","0","0","0","0","67301","0","0","0","N","0","0","0","2","67501","0","","3.0","","99","N","N","N","0","","0","0","0","0","0","","0130","2","0","1","0","0","0","0","1","0","1","0","0","0","3","03","","N","","","","","","","","","",""