"CRN","ARRIVAL_TM","AUTOMOBILE_COUNT","BELTED_DEATH_COUNT","BELTED_SUSP_SERIOUS_INJ_COUNT","BICYCLE_COUNT","BICYCLE_DEATH_COUNT","BICYCLE_SUSP_SERIOUS_INJ_COUNT","BUS_COUNT","CHLDPAS_DEATH_COUNT","CHLDPAS_SUSP_SERIOUS_INJ_COUNT","COLLISION_TYPE","COMM_VEH_COUNT","CONS_ZONE_SPD_LIM","COUNTY","CRASH_MONTH","CRASH_YEAR","DAY_OF_WEEK","DEC_LATITUDE","DEC_LONGITUDE","DISPATCH_TM","DISTRICT","DRIVER_COUNT_16YR","DRIVER_COUNT_17YR","DRIVER_COUNT_18YR","DRIVER_COUNT_19YR","DRIVER_COUNT_20YR","DRIVER_COUNT_50_64YR","DRIVER_COUNT_65_74YR","DRIVER_COUNT_75PLUS","EST_HRS_CLOSED","FATAL_COUNT","HEAVY_TRUCK_COUNT","HORSE_BUGGY_COUNT","HOUR_OF_DAY","ILLUMINATION","INJURY_COUNT","INTERSECTION_RELATED","INTERSECT_TYPE","LANE_CLOSED","LATITUDE","LN_CLOSE_DIR","LOCATION_TYPE","LONGITUDE","MAX_SEVERITY_LEVEL","MCYCLE_DEATH_COUNT","MCYCLE_SUSP_SERIOUS_INJ_COUNT","MOTORCYCLE_COUNT","MUNICIPALITY","NONMOTR_COUNT","NONMOTR_DEATH_COUNT","NONMOTR_SUSP_SERIOUS_INJ_COUNT","NTFY_HIWY_MAINT","PED_COUNT","PED_DEATH_COUNT","PED_SUSP_SERIOUS_INJ_COUNT","PERSON_COUNT","POLICE_AGCY","POSSIBLE_INJ_COUNT","RDWY_SURF_TYPE_CD","RELATION_TO_ROAD","ROADWAY_CLEARED","ROAD_CONDITION","SCH_BUS_IND","SCH_ZONE_IND","SECONDARY_CRASH","SMALL_TRUCK_COUNT","SPEC_JURIS_CD","SUSP_MINOR_INJ_COUNT","SUSP_SERIOUS_INJ_COUNT","SUV_COUNT","TCD_FUNC_CD","TCD_TYPE","TFC_DETOUR_IND","TIME_OF_DAY","TOTAL_UNITS","TOT_INJ_COUNT","UNBELTED_OCC_COUNT","UNB_DEATH_COUNT","UNB_SUSP_SERIOUS_INJ_COUNT","UNK_INJ_DEG_COUNT","UNK_INJ_PER_COUNT","URBAN_RURAL","VAN_COUNT","VEHICLE_COUNT","VULNERABLE_ROAD_USER_COUNT","VULNERABLE_ROAD_USER_DEATH_COUNT","VULNERABLE_ROAD_USER_SER_INJ_COUNT","WEATHER1","WEATHER2","WORKERS_PRES","WORK_ZONE_IND","WORK_ZONE_LOC","WORK_ZONE_TYPE","WZ_CLOSE_DETOUR","WZ_FLAGGER","WZ_LAW_OFFCR_IND","WZ_LN_CLOSURE","WZ_MOVING","WZ_OTHER","WZ_SHLDER_MDN","WZ_WORKERS_INJ_KILLED"
"2021012658","846","1","0","0","0","0","0","0","0","0","5","0","","67","1","2021","6","39.957675","-75.160369","838","6","0","0","0","0","0","0","1","0","","0","0","0","08","1","2","N","0","2","39 57:27.629","4","0","75 09:37.330","3","0","0","0","67301","0","0","0","N","0","0","0","2","68K01","0","","1.0","20.0","1","N","N","N","0","","2","0","1","0","0","N","0837","2","2","0","0","0","0","0","2","0","2","0","0","0","3","","","N","","","","","","","","","",""
"2021037598","301","1","0","0","0","0","0","0","0","0","1","0","","67","4","2021","2","39.957931","-75.164145","300","6","0","0","0","0","0","0","0","0","","0","0","0","02","3","1","","1","0","39 57:28.550","","0","75 09:50.921","3","0","0","0","67301","0","0","0","N","0","0","0","1","67301","0","","1.0","","1","N","N","N","0","","1","0","0","3","2","","0250","2","1","1","0","0","0","0","2","0","2","0","0","0","3","98","","N","","","","","","","","","",""
"2021032752","1840","1","0","0","0","0","0","0","0","0","4","1","","67","4","2021","2","40.031309","-75.041637","1835","6","0","0","0","0","0","0","0","0","","0","1","0","18","1","1","","1","0","40 01:52.711","","0","75 02:29.892","3","0","0","0","67301","0","0","0","N","0","0","0","3","67301","0","","1.0","","1","N","N","N","0","","1","0","0","3","3","","1825","2","1","0","0","0","0","0","2","0","2","0","0","0","3","","","N","","","","","","","","","",""
"2021014996","2332","1","0","0","0","0","0","0","0","0","7","0","","67","2","2021","5","39.955139","-75.141069","2324","6","0","0","0","0","0","0","0","0","","0","0","0","23","3","1","N","0","0","39 57:18.499","","0","75 08:27.848","3","0","0","0","67301","0","0","0","Y","0","0","0","3","68K01","0","","4.0","","1","N","N","N","0","","1","0","0","0","0","","2309","1","1","0","0","0","0","0","2","0","1","0","0","0","3","03","","N","","","","","","","","","",""
"2021000819","1115","0","0","0","0","0","0","0","0","0","7","0","","67","1","2021","1","40.02075","-75.141705","1052","6","0","0","0","0","0","1","0","0","","0","0","0","10","1","1","N","0","0","40 01:14.701","","0","75 08:30.138","8","0","0","0","67301","0","0","0","N","0","0","0","1","67301","0","","4.0","","9","N","N","N","0","","0","0","1","0","0","","1050","3","1","0","0","0","1","0","2","0","1","0","0","0","7","04","","N","","","","","","","","","",""
"2021007112","1530","1","0","0","0","0","0","0","0","0","7","0","","67","1","2021","4","39.980631","-75.205812","1513","6","0","0","0","0","0","0","0","0","","0","0","0","15","1","1","N","0","2","39 58:50.272","4","0","75 12:20.923","8","0","0","0","67301","0","0","0","N","0","0","0","1","68K01","0","","3.0","1610.0","1","N","N","N","0","","0","0","0","0","0","N","1513","1","1","0","0","0","1","0","2","0","1","0","0","0","3","03","","N","","","","","","","","","",""
"2021006411","2030","1","0","0","0","0","0","0","0","0","4","0","","67","1","2021","5","40.048889","-75.045123","1820","6","0","0","0","0","0","0","1","0","","0","0","0","18","3","1","","1","0","40 02:56.000","","0","75 02:42.442","4","0","0","0","67301","0","0","0","N","0","0","0","2","67301","1","","1.0","","1","N","N","N","0","","0","0","0","3","2","","1815","2","1","0","0","0","0","0","2","1","2","0","0","0","3","03","","N","","","","","","","","","",""
"2021014307","2215","1","0","0","0","0","0","0","0","0","3","0","","67","2","2021","7","39.95125","-75.226691","2214","6","0","0","0","0","0","0","1","0","","0","0","0","21","3","2","","2","0","39 57:04.500","","0","75 13:36.087","4","0","0","0","67301","0","0","0","N","0","0","0","3","67301","2","","1.0","","1","N","N","N","1","","0","0","0","0","0","","2159","2","2","1","0","0","0","0","2","0","2","0","0","0","3","","","N","","","","","","","","","",""
"2021003128","1958","1","0","0","0","0","0","0","0","0","4","0","","67","1","2021","6","40.126944","-75.021056","1952","6","0","0","0","0","0","0","0","0","","0","0","0","19","3","0","N","0","2","40 07:37.000","6","7","75 01:15.800","0","0","0","0","67301","0","0","0","N","0","0","0","3","67301","0","","1.0","2045.0","1","N","N","Y","0","","0","0","1","0","0","Y","1948","3","0","0","0","0","0","0","2","1","3","0","0","0","3","04","","N","","","","","","","","","",""
"2021041376","528","1","0","0","0","0","0","0","0","0","7","0","","67","5","2021","5","39.97575","-75.168553","525","6","0","0","0","0","0","0","0","0","","0","0","0","05","5","1","","2","0","39 58:32.700","","0","75 10:06.789","4","0","0","0","67301","0","0","0","N","0","0","0","2","67301","1","","5.0","","1","N","N","N","0","","0","0","0","9","2","","0524","1","1","0","0","0","0","1","2","0","1","0","0","0","3","03","","N","","","","","","","","","",""
"2021018073","1532","1","0","0","0","0","0","0","0","0","4","0","","67","2","2021","5","39.989986","-75.148346","1527","6","0","0","0","0","0","0","0","0","","0","0","0","15","1","0","","1","0","39 59:23.949","","0","75 08:54.045","0","0","0","0","67301","0","0","0","N","0","0","0","2","67301","0","","1.0","","1","N","N","N","0","","0","0","1","3","2","","1508","2","0","0","0","0","0","0","2","0","2","0","0","0","3","03","","N","","","","","","","","","",""
"2021008937","2027","0","0","0","0","0","0","0","0","0","7","0","","67","1","2021","3","39.957576","-75.159629","2027","6","0","0","0","0","0","0","0","0","","0","0","0","20","3","1","N","0","0","39 57:27.275","","0","75 09:34.665","4","0","0","0","67301","0","0","0","N","0","0","0","1","68K01","1","","3.0","","9","N","N","N","1","","0","0","0","0","0","","2020","1","1","0","0","0","0","0","2","0","1","0","0","0","7","","","N","","","","","","","","","",""
"2021006053","2125","2","0","0","0","0","0","0","0","0","5","0","","67","1","2021","5","39.970751","-75.129028","2118","6","0","0","0","0","0","0","0","0","","0","0","0","20","3","1","N","0","0","39 58:14.704","","0","75 07:44.502","3","0","0","0","67301","0","0","0","N","0","0","0","1","67301","0","","6.0","","1","N","N","N","1","","1","0","1","0","0","","2030","5","1","0","0","0","0","0","2","1","5","0","0","0","3","03","","N","","","","","","","","","",""
"2021013661","1815","2","0","0","0","0","0","0","0","0","1","0","","67","2","2021","3","40.076843","-75.071861","1804","6","0","0","0","1","0","0","0","0","","0","0","0","18","3","0","N","0","0","40 04:36.635","","0","75 04:18.701","0","0","0","0","67301","0","0","0","N","0","0","0","3","67301","0","","1.0","","9","N","N","N","0","","0","0","0","0","0","","1800","2","0","3","0","0","0","0","2","0","2","0","0","0","3","03","","N","","","","","","","","","",""
"2021038211","1546","2","0","0","0","0","0","0","0","0","1","0","","67","4","2021","3","39.959163","-75.172237","1529","6","0","0","0","0","0","0","0","0","","0","0","0","15","1","0","N","0","0","39 57:32.987","","0","75 10:20.053","0","0","0","0","67301","0","0","0","N","0","0","0","3","68K01","0","","1.0","","1","N","N","N","0","","0","0","1","0","0","","1527","3","0","0","0","0","0","0","2","0","3","0","0","0","3","","","N","","","","","","","","","",""
"2021040449","1125","1","0","0","0","0","0","0","0","0","8","0","","67","5","2021","3","39.971328","-75.149786","1124","6","0","0","0","0","0","0","0","0","","0","0","0","11","1","1","N","0","0","39 58:16.780","","0","75 08:59.230","4","0","0","0","67301","1","0","0","N","1","0","0","2","67301","1","","9.0","","1","N","N","N","0","","0","0","0","0","0","","1120","2","1","0","0","0","0","0","2","0","1","1","0","0","3","03","","N","","","","","","","","","",""
"2021009970","934","1","0","0","0","0","0","0","0","0","4","0","","67","1","2021","7","39.998189","-75.101248","934","6","0","0","0","0","0","0","0","0","","0","0","0","07","1","1","","1","0","39 59:53.480","","0","75 06:04.492","8","0","0","0","67301","0","0","0","N","0","0","0","2","67301","0","","1.0","","1","N","N","N","0","","0","0","1","3","2","","0730","2","1","0","0","0","1","0","2","0","2","0","0","0","3","03","","N","","","","","","","","","",""
"2021003578","1845","2","0","0","0","0","0","0","0","0","5","0","45","67","1","2021","5","39.899023","-75.178056","1835","6","0","0","0","0","1","0","0","0","","0","0","0","18","3","1","N","0","2","39 53:56.482","1","3","75 10:41.000","8","0","0","0","67301","0","0","0","N","0","0","0","4","68K01","0","","1.0","2000.0","1","N","N","N","0","","0","0","0","0","0","N","1835","2","1","0","0","0","1","0","2","0","2","0","0","0","3","03","N","Y","4","1","","","N","","","Y","","N"
"2021020427","512","0","0","0","0","0","0","0","0","0","4","0","","67","1","2021","2","39.963401","-75.142854","510","6","0","0","0","0","0","0","0","0","","0","0","0","05","3","1","","1","0","39 57:48.243","","0","75 08:34.274","4","0","0","0","67301","0","0","0","N","0","0","0","2","67301","1","","1.0","","1","N","N","N","0","","0","0","2","3","3","","0509","2","1","0","0","0","0","0","2","0","2","0","0","0","3","03","","N","","","","","","","","","",""
"2021036662","830","0","0","0","0","0","0","0","0","0","8","0","","67","4","2021","5","39.932733","-75.169611","823","6","0","0","0","0","0","0","0","0","","0","0","0","08","1","1","N","0","0","39 55:57.840","","0","75 10:10.600","4","0","0","0","67301","1","0","0","N","1","0","0","2","67301","1","","5.0","","1","N","N","N","0","","0","0","1","0","0","","0815","2","1","1","0","0","0","0","2","0","1","1","0","0","3","","","N","","","","","","","","","",""
"2021014698","955","2","0","0","0","0","0","0","0","0","4","0","","67","2","2021","2","39.938592","-75.234511","939","6","0","0","0","1","0","0","0","0","","0","0","0","09","1","2","","2","0","39 56:18.930","","0","75 14:04.239","3","0","0","0","67301","0","0","0","N","0","0","0","3","67301","0","","1.0","","1","N","N","N","0","","2","0","0","3","3","","0920","2","2","3","0","0","0","0","2","0","2","0","0","0","3","","","N","","","","","","","","","",""
"2021006007","945","2","0","0","0","0","0","0","0","0","5","0","","67","1","2021","1","40.040628","-75.169796","943","6","0","0","0","0","0","1","0","0","","0","0","0","09","1","2","","5","1","40 02:26.260","4","0","75 10:11.265","3","0","0","0","67301","0","0","0","N","0","0","0","3","67301","0","","1.0","1020.0","1","N","N","N","0","","2","0","0","3","2","Y","0935","2","2","0","0","0","0","0","2","0","2","0","0","0","3","03","","N","","","","","","","","","",""
"2021000790","1915","1","0","0","0","0","0","0","0","0","5","0","","67","1","2021","1","40.037789","-75.133908","1905","6","0","0","0","1","0","0","0","0","","0","0","0","19","3","1","N","0","0","40 02:16.040","","0","75 08:02.070","8","0","0","0","67301","0","0","0","N","0","0","0","1","67301","0","","1.0","","9","N","N","N","0","","0","0","1","0","0","","1902","2","1","0","0","0","1","0","2","0","2","0","0","0","7","07","","N","","","","","","","","","",""
"2021006743","59","1","0","0","0","0","0","0","0","0","7","0","","67","1","2021","7","40.037236","-75.013517","51","6","0","0","0","0","1","0","0","0","","0","0","0","00","3","0","N","0","0","40 02:14.051","","0","75 00:48.660","0","0","0","0","67301","0","0","0","N","0","0","0","1","68K01","0","","2.0","","9","N","N","N","0","","0","0","0","0","0","","0050","1","0","0","0","0","0","0","2","0","1","0","0","0","7","","","N","","","","","","","","","",""
"2021005964","1935","3","0","0","0","0","0","0","0","0","1","0","","67","1","2021","6","39.960569","-75.141379","1932","6","0","0","0","0","0","1","2","0","","0","0","0","19","3","0","","1","0","39 57:38.047","","0","75 08:28.964","0","0","0","0","67301","0","0","0","N","0","0","0","4","67301","0","","1.0","","9","N","N","N","0","","0","0","1","3","2","","1932","4","0","0","0","0","0","0","2","0","4","0","0","0","7","07","","N","","","","","","","","","",""
"2021011795","2157","0","0","0","0","0","0","0","0","0","7","0","","67","1","2021","1","39.993308","-75.193106","2155","6","0","0","0","0","0","0","0","0","","0","0","0","21","3","1","N","0","0","39 59:35.908","","0","75 11:35.183","3","0","0","0","67301","0","0","0","N","0","0","0","1","67301","0","","4.0","","6","N","N","N","0","","1","0","1","0","0","","2148","1","1","0","0","0","0","0","2","0","1","0","0","0","9","10","","N","","","","","","","","","",""
"2021003651","1219","2","0","0","0","0","0","0","0","0","4","0","","67","1","2021","7","39.916598","-75.231141","1210","6","0","0","0","0","0","1","0","0","","0","0","0","12","1","1","","1","0","39 54:59.751","","0","75 13:52.108","8","0","0","0","67301","0","0","0","N","0","0","0","2","67301","0","","1.0","","1","N","N","N","0","","0","0","2","3","3","","1202","4","1","0","0","0","1","0","2","0","4","0","0","0","3","03","","N","","","","","","","","","",""
"2021041058","1650","1","0","0","0","0","0","0","0","0","4","0","","67","5","2021","5","40.038814","-75.066075","1638","6","0","0","0","0","1","1","0","0","","0","0","0","16","1","1","N","0","0","40 02:19.730","","0","75 03:57.870","8","0","0","1","67301","0","0","0","N","0","0","0","2","67301","0","","1.0","","1","N","Y","N","0","","0","0","0","0","0","","1631","2","1","0","0","0","1","0","2","0","2","0","0","0","3","03","","N","","","","","","","","","",""
"2021039382","132","0","0","0","0","0","0","0","0","0","5","1","","67","2","2021","2","40.012984","-75.119382","130","6","0","0","0","0","0","0","0","0","","0","1","0","00","3","1","","1","0","40 00:46.743","","0","75 07:09.776","4","0","0","0","67301","0","0","0","N","0","0","0","2","67301","1","","1.0","","2","N","N","N","0","","0","0","1","3","2","","0055","2","1","0","0","0","0","0","2","0","2","0","0","0","7","06","","N","","","","","","","","","",""
"2021007931","1646","2","0","0","0","0","0","0","0","0","4","0","","67","1","2021","7","39.952435","-75.242751","1624","6","0","0","0","1","0","0","0","0","","0","0","0","15","1","1","","1","0","39 57:08.765","","0","75 14:33.903","3","0","0","0","67301","0","0","0","N","0","0","0","2","67301","0","","1.0","","1","N","N","N","0","","1","0","0","3","1","","1520","3","1","0","0","0","0","1","2","1","3","0","0","0","3","03","","N","","","","","","","","","",""
"2021038706","1717","1","0","0","0","0","0","0","0","0","5","0","","67","4","2021","3","40.077857","-74.964752","1712","6","0","0","0","0","0","0","0","0","","0","0","0","17","1","1","N","0","0","40 04:40.286","","0","74 57:53.106","8","0","0","0","67301","0","0","0","Y","0","0","0","2","68M03","0","","1.0","","1","N","N","N","0","","0","0","0","0","0","","1709","2","1","0","0","0","1","1","2","0","2","0","0","0","3","","","N","","","","","","","","","",""
"2021007806","1740","2","0","0","0","0","0","0","0","0","1","0","","67","1","2021","4","39.998789","-75.129208","1733","6","0","0","0","0","0","0","0","0","","0","0","0","16","1","0","N","0","0","39 59:55.640","","0","75 07:45.150","0","0","0","0","67301","0","0","0","N","0","0","0","2","67301","0","","1.0","","1","N","N","N","0","","0","0","1","0","0","","1640","4","0","1","0","0","0","0","2","0","4","0","0","0","3","03","","N","","","","","","","","","",""
"2021040646","1709","3","0","0","0","0","0","0","0","0","1","0","","67","5","2021","7","40.005873","-75.074783","1657","6","0","0","0","0","0","2","0","0","","0","0","0","16","1","1","N","0","2","40 00:21.144","1","0","75 04:29.217","3","0","0","0","67301","0","0","0","N","0","0","0","6","68K01","0","","1.0","30.0","1","N","N","N","0","","1","0","2","0","0","N","1640","5","1","0","0","0","0","0","2","0","5","0","0","0","3","","","N","","","","","","","","","",""
"2021010901","2110","1","0","0","0","0","0","0","0","0","6","0","","67","1","2021","4","39.960381","-75.205358","2107","6","0","0","0","0","0","0","0","0","","0","0","0","20","3","0","N","0","0","39 57:37.370","","0","75 12:19.290","0","0","0","0","67301","0","0","0","N","0","0","0","1","67301","0","","6.0","","1","N","N","N","0","","0","0","2","0","0","","2019","4","0","1","0","0","0","0","2","1","4","0","0","0","3","03","","N","","","","","","","","","",""
"2021002291","730","1","0","0","0","0","0","0","0","0","4","0","","67","1","2021","2","40.010933","-75.164664","730","6","0","0","0","0","0","1","0","0","","0","0","0","07","5","1","N","0","1","40 00:39.358","3","7","75 09:52.792","8","0","0","0","67301","0","0","0","N","0","0","0","2","67301","0","","1.0","750.0","9","N","N","N","0","","0","0","1","0","0","Y","0720","2","1","0","0","0","1","0","2","0","2","0","0","0","3","03","","N","","","","","","","","","",""
"2021040654","757","1","0","0","0","0","0","0","0","0","1","0","","67","5","2021","2","39.891886","-75.198209","742","6","0","0","1","0","0","1","0","0","","0","1","0","07","1","0","N","0","1","39 53:30.790","1","3","75 11:53.552","9","0","0","0","67301","0","0","0","N","0","0","0","3","68K01","0","","1.0","832.0","1","N","N","N","0","","0","0","0","0","0","N","0735","3","0","0","0","0","0","1","2","0","3","0","0","0","3","","","N","","","","","","","","","",""
"2021003752","2010","3","0","0","0","0","0","0","0","0","4","0","","67","1","2021","3","39.998317","-75.149866","2006","6","0","0","0","0","0","1","0","0","","0","0","0","20","3","1","","1","0","39 59:53.941","","0","75 08:59.517","8","0","0","0","67301","0","0","0","N","0","0","0","3","67301","0","","1.0","","1","N","N","N","0","","0","0","0","3","2","","2001","3","1","0","0","0","1","0","2","0","3","0","0","0","3","","","N","","","","","","","","","",""
"2021014841","1950","1","0","0","0","0","0","0","0","0","7","0","","67","2","2021","5","40.056346","-75.152602","1945","6","0","0","0","0","0","0","0","0","","0","0","0","19","3","0","","5","0","40 03:22.845","","0","75 09:09.367","9","0","0","0","67301","0","0","0","N","0","0","0","2","67301","0","","4.0","","2","N","N","N","0","","0","0","0","3","2","","1940","2","0","0","0","0","0","1","2","0","2","0","0","0","3","03","","N","","","","","","","","","",""
"2021039462","650","3","0","0","0","0","0","0","0","0","4","0","","67","5","2021","7","39.98906","-75.165082","647","6","0","0","0","0","0","0","0","0","","0","0","0","06","1","0","N","0","0","39 59:20.615","","0","75 09:54.294","9","0","0","0","67301","0","0","0","N","0","0","0","2","67301","0","","1.0","","1","N","N","Y","0","","0","0","1","0","0","","0645","4","0","0","0","0","0","1","2","0","4","0","0","0","3","03","","N","","","","","","","","","",""
"2021013529","733","2","0","0","0","0","0","0","0","0","1","0","","67","1","2021","2","40.046725","-75.00173","705","6","0","0","0","0","0","1","0","0","","0","0","0","06","1","1","N","0","0","40 02:48.210","","2","75 00:06.228","3","0","0","0","67301","0","0","0","N","0","0","0","2","68K01","0","","1.0","","1","N","N","N","0","","1","0","0","0","0","","0639","2","1","0","0","0","0","0","2","0","2","0","0","0","3","","","N","","","","","","","","","",""
"2021011517","1639","0","0","0","0","0","0","0","0","0","2","0","","67","1","2021","1","39.940981","-75.232694","1629","6","0","0","0","0","0","0","0","0","","0","0","0","16","4","1","N","0","0","39 56:27.530","","0","75 13:57.700","3","0","0","0","67301","0","0","0","N","0","0","0","3","67301","0","","1.0","","7","N","N","N","0","","1","0","2","0","0","","1621","2","1","0","0","0","0","0","2","0","2","0","0","0","10","06","","N","","","","","","","","","",""
"2021017777","131","1","0","0","0","0","0","0","0","0","7","0","45","67","2","2021","1","39.951399","-75.182655","131","6","0","0","0","0","0","1","0","0","","0","0","0","01","2","0","","7","2","39 57:05.035","4","2","75 10:57.558","0","0","0","0","67301","0","0","0","Y","0","0","0","1","68K01","0","","7.0","100.0","1","N","N","N","0","","0","0","0","0","0","Y","0131","1","0","0","0","0","0","0","2","0","1","0","0","0","3","","N","Y","4","1","","","N","Y","","","Y","N"
"2021006827","2315","0","0","0","0","0","0","0","0","0","4","0","","67","1","2021","4","40.056444","-75.014222","2315","6","0","0","0","0","0","0","0","0","","0","0","0","22","3","0","","2","0","40 03:23.200","","6","75 00:51.200","9","0","0","0","67301","0","0","0","N","0","0","0","2","67301","0","","1.0","","99","N","N","N","0","","0","0","2","3","3","","2215","2","0","0","0","0","0","2","2","0","2","0","0","0","99","98","","N","","","","","","","","","",""
"2021014464","1720","0","0","0","0","0","0","0","0","0","5","0","","67","2","2021","4","40.060842","-75.164008","1711","6","0","0","0","0","0","1","0","0","","0","0","0","17","4","1","N","0","0","40 03:39.030","","0","75 09:50.430","3","0","0","0","67301","0","0","0","N","0","0","0","2","67301","0","","1.0","","9","N","N","N","1","","1","0","1","0","0","","1701","2","1","0","0","0","0","0","2","0","2","0","0","0","3","","","N","","","","","","","","","",""
"2021010641","450","1","0","0","0","0","0","0","0","0","7","0","","67","2","2021","2","40.038111","-75.072792","409","6","0","0","0","0","0","0","0","0","","0","0","0","04","3","0","N","0","0","40 02:17.200","","0","75 04:22.050","0","0","0","0","67301","0","0","0","N","0","0","0","1","67301","0","","4.0","","7","N","N","N","0","","0","0","0","0","0","","0408","1","0","0","0","0","0","0","2","0","1","0","0","0","10","","","N","","","","","","","","","",""
"2021029399","1920","1","0","0","0","0","0","0","0","0","7","0","","67","1","2021","7","39.934972","-75.199528","1920","6","0","0","0","0","0","0","0","0","","0","0","0","19","3","1","N","0","2","39 56:05.900","1","0","75 11:58.300","3","0","0","0","67301","0","0","0","N","0","0","0","1","67301","0","","3.0","200.0","1","N","N","N","0","","1","0","0","0","0","Y","1918","1","1","0","0","0","0","0","2","0","1","0","0","0","3","03","","N","","","","","","","","","",""
"2021013525","2151","1","0","0","0","0","0","0","0","0","5","0","","67","1","2021","6","39.948441","-75.141685","2144","6","0","0","0","0","0","1","0","0","","0","0","0","21","3","1","N","0","1","39 56:54.386","1","0","75 08:30.065","4","0","0","0","67301","0","0","0","N","0","0","0","2","68K01","1","","1.0","2220.0","1","N","N","N","0","","0","0","1","0","0","N","2144","2","1","1","0","0","0","0","2","0","2","0","0","0","3","","","N","","","","","","","","","",""
"2021010347","2350","2","0","0","0","0","0","0","0","0","4","0","","67","1","2021","7","40.076444","-75.195025","2340","6","0","0","0","0","0","0","0","0","","0","0","0","22","3","0","","1","0","40 04:35.197","","0","75 11:42.089","9","0","0","0","67301","0","0","0","N","0","0","0","2","67301","0","","1.0","","1","N","N","N","0","","0","0","0","3","2","","2238","2","0","0","0","0","0","2","2","0","2","0","0","0","3","03","","N","","","","","","","","","",""
"2021002276","157","3","0","0","0","0","0","0","0","0","5","0","","67","1","2021","5","40.029767","-75.162453","157","6","0","0","0","0","0","0","0","0","","0","0","0","1","3","0","N","0","1","40 01:47.160","3","0","75 09:44.830","0","0","0","0","67301","0","0","0","N","0","0","0","1","67301","0","","6.0","115.0","1","N","N","N","0","","0","0","0","0","0","N","128","4","0","0","0","0","0","0","2","1","4","0","0","0","3","03","","N","","","","","","","","","",""
"2021007672","1707","0","0","0","0","0","0","0","0","0","4","0","","67","1","2021","7","40.024164","-75.095536","1707","6","0","0","0","0","0","0","0","0","","0","0","0","0","3","0","","1","0","40 01:26.990","","0","75 05:43.929","9","0","0","0","67301","0","0","0","N","0","0","0","2","67301","0","","1.0","","99","N","N","N","0","","0","0","1","3","2","","0","2","0","0","0","0","0","1","2","1","2","0","0","0","99","","","N","","","","","","","","","",""
"2021012729","154","0","0","0","0","0","0","0","0","0","5","0","","67","2","2021","7","39.994174","-75.156388","150","6","0","0","0","0","0","0","0","0","","0","0","0","1","3","1","N","0","0","39 59:39.028","","0","75 09:22.995","8","0","0","0","67301","0","0","0","N","0","0","0","2","67301","0","","1.0","","1","N","N","N","0","","0","0","1","0","0","","145","2","1","0","0","0","1","0","2","1","2","0","0","0","3","03","","N","","","","","","","","","",""
"2021002352","114","1","0","0","0","0","0","0","0","0","7","0","","67","1","2021","4","39.899064","-75.17856","108","6","0","0","0","0","0","0","0","0","","0","0","0","1","3","1","N","0","1","39 53:56.631","2","0","75 10:42.815","4","0","0","0","67301","0","0","0","N","0","0","0","2","68K01","1","","4.0","30.0","1","N","N","N","0","","0","0","0","0","0","N","107","1","1","1","0","0","0","0","2","0","1","0","0","0","3","03","","N","","","","","","","","","",""
"2021012802","1628","1","0","0","1","0","0","0","0","0","8","0","","67","2","2021","1","39.957398","-75.157071","1626","6","0","0","0","0","0","0","0","0","","0","0","0","16","8","1","","1","0","39 57:26.633","","3","75 09:25.457","4","0","0","0","67301","1","0","0","N","0","0","0","6","67301","1","","1.0","","9","N","N","N","0","","0","0","0","3","2","","1626","2","1","0","0","0","0","0","2","0","1","1","0","0","10","07","","N","","","","","","","","","",""
"2021002286","447","1","0","0","0","0","0","0","0","0","1","0","35","67","1","2021","1","40.020534","-75.155988","439","6","0","0","0","0","0","0","0","0","","0","0","0","4","3","1","N","0","2","40 01:13.922","1","3","75 09:21.556","2","0","0","0","67301","0","0","0","N","0","0","0","3","67301","0","","1.0","530.0","1","N","N","N","0","","0","1","1","0","0","Y","437","2","1","0","0","0","0","0","2","0","2","0","0","0","3","03","N","Y","4","1","N","N","N","N","N","N","Y","N"
"2021004230","2125","2","0","0","0","0","0","0","0","0","5","0","","67","1","2021","1","39.972233","-75.137328","2119","6","0","0","0","0","0","0","0","0","","0","0","0","21","3","0","N","0","0","39 58:20.040","","0","75 08:14.380","0","0","0","0","67301","0","0","0","N","0","0","0","1","67301","0","","6.0","","1","N","N","N","1","","0","0","5","0","0","","2119","8","0","0","0","0","0","0","2","0","8","0","0","0","3","03","","N","","","","","","","","","",""
"2021008043","2007","0","0","0","0","0","0","0","0","0","7","0","","67","1","2021","1","39.960073","-75.180283","1958","6","0","0","0","0","0","0","0","0","","0","0","0","19","3","0","N","0","1","39 57:36.261","3","3","75 10:49.017","0","0","0","0","67301","0","0","0","N","0","0","0","1","68K01","0","","3.0","2017.0","1","N","N","N","0","","0","0","1","0","0","N","1951","1","0","0","0","0","0","0","2","0","1","0","0","0","3","","","N","","","","","","","","","",""
"2021012286","2010","1","0","0","0","0","0","0","0","0","4","0","","67","2","2021","6","39.981144","-75.164732","2004","6","0","0","0","1","0","0","0","0","","0","0","0","20","3","0","","1","0","39 58:52.118","","0","75 09:53.035","0","0","0","0","67301","0","0","0","N","0","0","0","4","67505","0","","1.0","","6","N","N","N","0","","0","0","1","3","3","","2000","2","0","0","0","0","0","0","2","0","2","0","0","0","3","10","","N","","","","","","","","","",""