"CRN","ARRIVAL_TM","AUTOMOBILE_COUNT","BELTED_DEATH_COUNT","BELTED_SUSP_SERIOUS_INJ_COUNT","BICYCLE_COUNT","BICYCLE_DEATH_COUNT","BICYCLE_SUSP_SERIOUS_INJ_COUNT","BUS_COUNT","CHLDPAS_DEATH_COUNT","CHLDPAS_SUSP_SERIOUS_INJ_COUNT","COLLISION_TYPE","COMM_VEH_COUNT","CONS_ZONE_SPD_LIM","COUNTY","CRASH_MONTH","CRASH_YEAR","DAY_OF_WEEK","DEC_LATITUDE","DEC_LONGITUDE","DISPATCH_TM","DISTRICT","DRIVER_COUNT_16YR","DRIVER_COUNT_17YR","DRIVER_COUNT_18YR","DRIVER_COUNT_19YR","DRIVER_COUNT_20YR","DRIVER_COUNT_50_64YR","DRIVER_COUNT_65_74YR","DRIVER_COUNT_75PLUS","EST_HRS_CLOSED","FATAL_COUNT","HEAVY_TRUCK_COUNT","HORSE_BUGGY_COUNT","HOUR_OF_DAY","ILLUMINATION","INJURY_COUNT","INTERSECTION_RELATED","INTERSECT_TYPE","LANE_CLOSED","LATITUDE","LN_CLOSE_DIR","LOCATION_TYPE","LONGITUDE","MAX_SEVERITY_LEVEL","MCYCLE_DEATH_COUNT","MCYCLE_SUSP_SERIOUS_INJ_COUNT","MOTORCYCLE_COUNT","MUNICIPALITY","NONMOTR_COUNT","NONMOTR_DEATH_COUNT","NONMOTR_SUSP_SERIOUS_INJ_COUNT","NTFY_HIWY_MAINT","PED_COUNT","PED_DEATH_COUNT","PED_SUSP_SERIOUS_INJ_COUNT","PERSON_COUNT","POLICE_AGCY","POSSIBLE_INJ_COUNT","RDWY_SURF_TYPE_CD","RELATION_TO_ROAD","ROADWAY_CLEARED","ROAD_CONDITION","SCH_BUS_IND","SCH_ZONE_IND","SECONDARY_CRASH","SMALL_TRUCK_COUNT","SPEC_JURIS_CD","SUSP_MINOR_INJ_COUNT","SUSP_SERIOUS_INJ_COUNT","SUV_COUNT","TCD_FUNC_CD","TCD_TYPE","TFC_DETOUR_IND","TIME_OF_DAY","TOTAL_UNITS","TOT_INJ_COUNT","UNBELTED_OCC_COUNT","UNB_DEATH_COUNT","UNB_SUSP_SERIOUS_INJ_COUNT","UNK_INJ_DEG_COUNT","UNK_INJ_PER_COUNT","URBAN_RURAL","VAN_COUNT","VEHICLE_COUNT","VULNERABLE_ROAD_USER_COUNT","VULNERABLE_ROAD_USER_DEATH_COUNT","VULNERABLE_ROAD_USER_SER_INJ_COUNT","WEATHER1","WEATHER2","WORKERS_PRES","WORK_ZONE_IND","WORK_ZONE_LOC","WORK_ZONE_TYPE","WZ_CLOSE_DETOUR","WZ_FLAGGER","WZ_LAW_OFFCR_IND","WZ_LN_CLOSURE","WZ_MOVING","WZ_OTHER","WZ_SHLDER_MDN","WZ_WORKERS_INJ_KILLED"
"2021006386","1816","1","0","0","0","0","0","0","0","0","7","0","","67","1","2021","1","40.027887","-75.077863","1815","6","0","0","0","0","0","0","0","0","","0","0","0","18","3","0","","1","0","40 01:40.393","","0","75 04:40.306","9","0","0","0","67301","0","0","0","N","0","0","0","1","67301","0","","5.0","","1","N","N","N","0","","0","0","0","3","3","","1815","1","0","0","0","0","0","1","2","0","1","0","0","0","3","","","N","","","","","","","","","",""
"2021038192","1813","1","0","0","0","0","0","0","0","0","1","0","","67","4","2021","3","39.885715","-75.212111","1755","6","0","0","0","0","0","0","0","0","","0","0","0","17","1","0","N","0","2","39 53:08.575","1","0","75 12:43.601","0","0","0","0","67301","0","0","0","N","0","0","0","4","68K01","0","","1.0","30.0","1","N","N","N","0","","0","0","1","0","0","Y","1727","4","0","0","0","0","0","0","2","2","4","0","0","0","3","03","","N","","","","","","","","","",""
"2021009628","551","0","0","0","0","0","0","0","0","0","7","0","45","67","1","2021","1","40.019153","-75.045642","541","6","0","0","0","1","0","0","0","0","","0","0","0","5","3","0","N","0","1","40 01:08.952","1","0","75 02:44.310","0","0","0","0","67301","0","0","0","N","0","0","0","1","68K01","0","","3.0","700.0","1","N","N","N","0","","0","0","1","0","0","N","534","1","0","0","0","0","0","0","2","0","1","0","0","0","3","","N","Y","4","1","","","N","","","","Y","N"
"2021006031","410","2","0","0","0","0","0","0","0","0","6","0","","67","1","2021","7","39.971564","-75.242483","407","6","0","0","0","0","0","0","1","0","","0","0","0","4","3","0","N","0","0","39 58:17.631","","0","75 14:32.939","0","0","0","0","67301","0","0","0","N","0","0","0","3","67301","0","","1.0","","9","N","N","N","0","","0","0","1","0","0","","407","3","0","0","0","0","0","0","2","0","3","0","0","0","7","","","N","","","","","","","","","",""
"2021012720","307","2","0","0","0","0","0","0","0","0","4","0","","67","2","2021","7","39.968939","-75.159927","304","6","0","0","0","1","0","0","0","0","","0","0","0","3","3","0","","1","1","39 58:08.181","2","0","75 09:35.736","9","0","0","0","67301","0","0","0","N","0","0","0","2","67301","0","","1.0","345.0","1","N","N","N","0","","0","0","0","3","2","N","303","2","0","0","0","0","0","2","2","0","2","0","0","0","3","10","","N","","","","","","","","","",""
"2021035548","2131","1","0","0","0","0","0","0","0","0","8","0","","67","4","2021","1","40.043389","-75.162425","2131","6","0","0","0","0","0","0","0","0","","0","0","0","21","3","1","N","0","0","40 02:36.200","","0","75 09:44.730","3","0","0","0","67301","1","0","0","N","1","0","0","2","67301","0","","1.0","","1","N","N","N","0","","1","0","0","0","0","","2130","2","1","1","0","0","0","0","2","0","1","1","0","0","3","03","","N","","","","","","","","","",""
"2021006905","1016","2","0","0","0","0","0","0","0","0","4","0","","67","1","2021","2","40.038636","-75.035844","1003","6","0","0","1","0","0","0","0","0","","0","0","0","10","1","2","N","0","1","40 02:19.088","2","7","75 02:09.040","3","0","0","0","67301","0","0","0","N","0","0","0","4","67301","0","","1.0","1100.0","1","N","N","N","0","","2","0","0","0","0","Y","1002","2","2","0","0","0","0","0","2","0","2","0","0","0","3","03","","N","","","","","","","","","",""
"2021002645","520","2","0","0","0","0","0","0","0","0","5","0","","67","1","2021","3","39.990231","-75.150242","500","6","0","0","0","0","0","1","0","0","","0","0","0","4","3","0","N","0","0","39 59:24.830","","0","75 09:00.870","9","0","0","0","67301","0","0","0","N","0","0","0","1","67301","0","","6.0","","1","N","N","N","0","","0","0","0","0","0","","456","2","0","0","0","0","0","1","2","0","2","0","0","0","3","03","","N","","","","","","","","","",""
"2021014361","2014","0","0","0","0","0","0","0","0","0","1","0","","67","1","2021","7","39.959564","-75.175345","2000","6","0","0","0","0","1","0","1","0","","0","0","0","20","3","0","N","0","2","39 57:34.432","4","0","75 10:31.242","0","0","0","0","67301","0","0","0","N","0","0","0","2","68K01","0","","1.0","2024.0","1","N","N","N","0","","0","0","2","0","0","N","2000","2","0","0","0","0","0","0","2","0","2","0","0","0","3","","","N","","","","","","","","","",""
"2021037559","207","1","0","0","0","0","0","0","0","0","2","0","","67","4","2021","1","40.039966","-75.006615","145","6","0","0","1","0","0","0","0","0","","0","0","0","1","3","0","N","0","0","40 02:23.876","","0","75 00:23.813","0","0","0","0","67301","0","0","0","N","0","0","0","2","68K01","0","","2.0","","9","N","N","N","0","","0","0","0","0","0","","141","1","0","0","0","0","0","0","2","0","1","0","0","0","7","","","N","","","","","","","","","",""
"2021005957","2013","2","0","0","0","0","0","0","0","0","5","0","","67","1","2021","1","40.048846","-75.062026","2013","6","0","0","1","0","0","0","0","0","","0","0","0","19","3","0","N","0","0","40 02:55.845","","0","75 03:43.295","0","0","0","0","67301","0","0","0","N","0","0","0","1","67301","0","","6.0","","1","N","N","N","0","","0","0","0","0","0","","1940","2","0","1","0","0","0","0","2","0","2","0","0","0","3","03","","N","","","","","","","","","",""
"2021006024","2324","4","0","0","0","0","0","0","0","0","4","0","","67","1","2021","4","39.951705","-75.228644","2322","6","0","0","0","0","0","0","0","0","","0","0","0","22","3","0","","2","0","39 57:06.138","","0","75 13:43.118","9","0","0","0","67301","0","0","0","N","0","0","0","2","67301","0","","1.0","","1","N","N","N","0","","0","0","2","3","3","","2240","6","0","0","0","0","0","1","2","0","6","0","0","0","3","03","","N","","","","","","","","","",""
"2021007535","140","0","0","0","0","0","0","0","0","0","5","0","","67","1","2021","7","40.069434","-75.079419","131","6","0","0","0","0","0","0","0","0","","0","0","0","1","3","2","N","0","2","40 04:09.961","5","0","75 04:45.908","8","0","0","0","67301","0","0","0","N","0","0","0","2","67301","0","","6.0","100.0","1","N","N","N","1","","0","0","1","0","0","Y","128","2","2","0","0","0","2","0","2","0","2","0","0","0","3","03","","N","","","","","","","","","",""
"2021007443","823","1","0","0","0","0","0","0","0","0","7","0","","67","1","2021","5","39.928056","-75.195889","822","6","0","0","0","0","0","0","0","1","","0","0","0","8","1","0","","3","1","39 55:41.000","4","0","75 11:45.200","0","0","0","0","67301","0","0","0","Y","0","0","0","1","68K01","0","","4.0","900.0","1","N","N","N","0","","0","0","0","0","0","N","819","1","0","0","0","0","0","0","2","0","1","0","0","0","3","","","N","","","","","","","","","",""
"2021020742","123","1","0","0","0","0","0","0","0","0","4","0","","67","2","2021","4","39.968738","-75.211344","108","6","0","0","0","0","0","0","0","0","","0","0","0","1","3","2","","5","0","39 58:07.455","","0","75 12:40.840","2","0","0","0","67301","0","0","0","N","0","0","0","4","67508","1","","1.0","","1","N","N","Y","0","","0","1","0","3","2","","108","2","2","0","0","0","0","0","2","0","2","0","0","0","99","98","","N","","","","","","","","","",""
"2021011091","1626","0","0","0","0","0","0","0","0","0","5","0","","67","2","2021","2","40.004561","-75.130517","1608","6","0","0","0","0","0","0","0","0","","0","0","0","15","1","0","N","0","1","40 00:16.420","4","0","75 07:49.860","0","0","0","0","67301","0","0","0","N","0","0","0","1","67301","0","","6.0","1720.0","7","N","N","N","0","","0","0","1","0","0","N","1554","2","0","0","0","0","0","0","2","1","2","0","0","0","10","06","","N","","","","","","","","","",""
"2021007194","55","2","0","0","0","0","0","0","0","0","4","0","","67","1","2021","1","39.992957","-75.110258","53","6","0","0","0","0","0","0","0","0","","0","0","0","0","3","0","","1","1","39 59:34.645","6","0","75 06:36.928","0","0","0","0","67301","0","0","0","N","0","0","0","2","67301","0","","1.0","200.0","1","N","N","N","0","","0","0","0","3","2","Y","51","2","0","2","0","0","0","0","2","0","2","0","0","0","3","03","","N","","","","","","","","","",""
"2021035580","1","1","0","0","0","0","0","0","0","0","7","0","","67","3","2021","4","39.972668","-75.217451","2359","6","0","0","0","0","0","0","0","0","","1","0","0","23","3","0","N","2","2","39 58:21.603","4","0","75 13:02.823","1","0","0","0","67301","0","0","0","N","0","0","0","1","67301","0","2","5.0","200.0","9","N","N","N","0","0","0","0","0","3","2","Y","2357","1","0","0","0","0","0","0","2","0","1","0","0","0","4","04","","N","","","","","","","","","",""
"2021013855","1516","2","0","0","0","0","0","0","0","0","4","0","","67","2","2021","3","40.031149","-75.036056","1505","6","0","0","1","0","0","0","1","0","","0","0","0","14","1","0","","2","1","40 01:52.137","3","0","75 02:09.802","0","0","0","0","67301","0","0","0","N","0","0","0","2","67301","0","","1.0","30.0","1","N","N","N","0","","0","0","0","3","3","N","1451","2","0","0","0","0","0","0","2","0","2","0","0","0","3","","","N","","","","","","","","","",""
"2021006002","1255","1","0","0","0","0","0","0","0","0","4","0","","67","1","2021","3","40.079778","-75.20081","1247","6","0","0","0","1","0","0","0","1","","0","0","0","12","1","2","N","0","0","40 04:47.199","","7","75 12:02.915","4","0","0","0","67301","0","0","0","N","0","0","0","2","67301","2","","1.0","","1","N","N","N","0","","0","0","1","0","0","","1245","2","2","0","0","0","0","0","2","0","2","0","0","0","3","03","","N","","","","","","","","","",""
"2021007885","1752","0","0","0","0","0","0","0","0","0","1","0","","67","1","2021","3","39.959424","-75.174217","1736","6","0","0","0","0","0","2","0","0","","0","0","0","17","3","2","N","0","0","39 57:33.926","","0","75 10:27.182","3","0","0","0","67301","0","0","0","N","0","0","0","4","68K01","0","","1.0","","1","N","N","N","0","","2","0","3","0","0","","1733","3","2","0","0","0","0","0","2","0","3","0","0","0","3","","","N","","","","","","","","","",""
"2021014697","817","2","0","0","0","0","0","0","0","0","4","0","","67","2","2021","2","39.913486","-75.227315","814","6","0","0","0","0","0","0","0","0","","0","0","0","8","1","3","","2","0","39 54:48.549","","0","75 13:38.334","3","0","0","0","67301","0","0","0","N","0","0","0","3","67301","0","","1.0","","1","N","N","N","0","","3","0","0","3","2","","800","2","3","1","0","0","0","0","2","0","2","0","0","0","3","03","","N","","","","","","","","","",""
"2021007741","55","2","0","0","0","0","0","0","0","0","5","0","","67","1","2021","7","40.019512","-75.144811","47","6","0","0","0","1","0","0","0","0","","0","0","0","0","3","0","N","0","0","40 01:10.243","","0","75 08:41.320","0","0","0","0","67301","0","0","0","N","0","0","0","2","67301","0","","1.0","","1","N","N","N","0","","0","0","0","0","0","","30","2","0","0","0","0","0","0","2","0","2","0","0","0","3","03","","N","","","","","","","","","",""
"2021040442","304","1","0","0","0","0","0","0","0","0","7","0","","67","5","2021","4","40.074205","-75.084777","301","6","0","0","0","0","0","0","0","0","","0","0","0","2","3","0","N","0","0","40 04:27.137","","7","75 05:05.198","0","0","0","0","67301","0","0","0","N","0","0","0","1","67301","0","","5.0","","1","N","N","N","0","","0","0","0","0","0","","256","1","0","0","0","0","0","0","2","0","1","0","0","0","3","","","N","","","","","","","","","",""
"2021013534","1817","1","0","0","0","0","0","0","0","0","7","0","","67","1","2021","3","40.040351","-75.006","1817","6","0","0","0","0","0","1","0","0","","0","0","0","18","3","0","N","0","0","40 02:25.263","","0","75 00:21.599","0","0","0","0","67301","0","0","0","N","0","0","0","3","68K01","0","","3.0","","1","N","N","N","0","","0","0","1","0","0","","1817","3","0","0","0","0","0","0","2","0","2","0","0","0","3","","","N","","","","","","","","","",""
"2021012448","1825","0","0","0","0","0","0","0","0","0","8","0","","67","2","2021","6","39.980386","-75.157571","1825","6","0","0","0","0","0","1","0","0","","0","0","0","18","3","1","N","0","0","39 58:49.390","","0","75 09:27.257","3","0","0","0","67301","1","0","0","N","1","0","0","2","67505","0","","1.0","","7","N","N","N","0","","1","0","1","0","0","","1820","2","1","0","0","0","0","0","2","0","1","1","0","0","3","03","","N","","","","","","","","","",""
"2021007673","2245","1","0","0","0","0","0","0","0","0","4","0","","67","1","2021","6","39.957207","-75.227475","2245","6","0","0","0","0","1","0","0","0","","0","0","0","22","3","2","","1","0","39 57:25.946","","0","75 13:38.909","3","0","0","0","67301","0","0","0","N","0","0","0","2","67301","0","","1.0","","1","N","N","N","0","","2","0","1","3","2","","2245","2","2","2","0","0","0","0","2","0","2","0","0","0","3","","","N","","","","","","","","","",""
"2021037382","807","1","0","0","0","0","0","0","0","0","4","1","","67","4","2021","5","39.936383","-75.218989","803","6","0","0","0","0","0","1","0","0","","0","1","0","8","1","1","","1","1","39 56:10.978","4","0","75 13:08.360","3","0","0","0","67301","0","0","0","N","0","0","0","3","67301","0","","1.0","900.0","1","N","N","N","0","","1","0","0","3","2","N","800","2","1","0","0","0","0","0","2","0","2","0","0","0","3","03","","N","","","","","","","","","",""
"2021026595","1615","1","0","0","0","0","0","0","0","0","8","0","","67","3","2021","7","40.017987","-75.097027","1600","6","0","0","0","0","0","0","0","1","","0","0","0","15","1","1","","12","0","40 01:04.753","","0","75 05:49.297","8","0","0","0","67301","1","0","0","N","1","0","0","2","67301","0","","1.0","","1","N","N","N","0","","0","0","0","0","0","","1538","2","1","0","0","0","1","0","2","0","1","1","0","0","3","03","","N","","","","","","","","","",""
"2021005974","2121","0","0","0","0","0","0","0","0","0","8","0","","67","1","2021","4","40.041363","-75.028255","2120","6","0","0","0","0","0","0","0","0","","0","0","0","21","3","1","","1","0","40 02:28.908","","0","75 01:41.719","3","0","0","0","67301","1","0","0","N","1","0","0","2","67301","0","","1.0","","1","N","N","N","0","","1","0","0","3","2","","2120","2","1","0","0","0","0","0","2","1","1","1","0","0","3","03","","N","","","","","","","","","",""
"2021009972","2250","1","0","0","0","0","0","0","0","0","1","0","","67","1","2021","7","40.022705","-75.133512","2250","6","0","0","0","0","0","0","0","0","","0","0","0","22","3","1","","1","0","40 01:21.738","","0","75 08:00.643","8","0","0","0","67301","0","0","0","N","0","0","0","5","67301","0","","1.0","","99","N","N","N","0","","0","0","1","3","2","","2242","2","1","0","0","0","1","3","2","0","2","0","0","0","3","","","N","","","","","","","","","",""
"2021007728","1329","2","0","0","0","0","0","0","0","0","4","0","","67","1","2021","6","39.923882","-75.245331","1329","6","0","0","0","0","0","0","0","0","","0","0","0","13","1","0","","1","0","39 55:25.975","","0","75 14:43.191","0","0","0","0","67301","0","0","0","N","0","0","0","2","67301","0","","1.0","","1","N","N","N","0","","0","0","0","3","3","","1300","2","0","0","0","0","0","0","2","0","2","0","0","0","3","03","","N","","","","","","","","","",""
"2021003039","835","1","0","0","0","0","0","0","0","0","4","0","","67","1","2021","6","40.07556","-75.070647","822","6","0","0","0","0","0","0","0","0","","0","0","0","7","1","0","","1","0","40 04:32.016","","0","75 04:14.329","0","0","0","0","67301","0","0","0","N","0","0","0","2","67301","0","","1.0","","1","N","N","N","1","","0","0","0","3","3","","747","2","0","2","0","0","0","0","2","0","2","0","0","0","3","03","","N","","","","","","","","","",""
"2021023316","1013","1","0","0","0","0","0","0","0","0","7","0","","67","2","2021","2","39.95155","-75.141005","1006","6","0","0","0","0","0","0","0","0","","0","0","0","9","1","0","N","0","1","39 57:05.581","1","0","75 08:27.619","0","0","0","0","67301","0","0","0","N","0","0","0","1","68K01","0","","2.0","1030.0","6","N","N","N","0","","0","0","0","0","0","N","951","1","0","0","0","0","0","0","2","0","1","0","0","0","10","09","","N","","","","","","","","","",""
"2021041991","2043","1","0","0","0","0","0","0","0","0","7","0","","67","2","2021","5","39.977917","-75.164611","2043","6","0","0","0","0","0","0","0","0","","0","0","0","20","3","0","N","0","0","39 58:40.500","","0","75 09:52.600","0","0","0","0","67301","0","0","0","N","0","0","0","1","67301","0","","4.0","","1","N","N","Y","0","","0","0","1","0","0","","2009","2","0","1","0","0","0","0","2","0","2","0","0","0","3","","","N","","","","","","","","","",""
"2021002289","7","1","0","0","0","0","0","0","0","0","5","0","","67","1","2021","4","40.021911","-75.127253","2","6","0","0","0","0","0","0","0","0","","0","0","0","23","3","0","N","0","0","40 01:18.880","","0","75 07:38.110","0","0","0","0","67301","0","0","0","N","0","0","0","1","67301","0","","6.0","","1","N","N","N","1","","0","0","1","0","0","","2350","3","0","0","0","0","0","0","2","0","3","0","0","0","3","","","N","","","","","","","","","",""
"2021010073","1345","1","0","0","1","0","0","0","0","0","4","0","","67","1","2021","7","39.939171","-75.191658","1345","6","0","0","0","0","0","0","1","0","","0","0","0","13","1","1","","2","0","39 56:21.015","","7","75 11:29.968","3","0","0","0","67301","1","0","0","N","0","0","0","2","67301","0","","1.0","","1","N","N","N","0","","1","0","0","3","2","","1300","2","1","0","0","0","0","0","2","0","1","1","0","0","3","","","N","","","","","","","","","",""
"2021037722","1140","1","0","0","1","0","0","0","0","0","8","0","","67","4","2021","5","40.043433","-75.059636","1135","6","0","0","0","0","0","0","0","0","","0","0","0","11","1","1","N","0","0","40 02:36.360","","0","75 03:34.690","3","0","0","0","67301","1","0","0","N","0","0","0","2","67301","0","","1.0","","1","N","N","N","0","","1","0","0","0","0","","1130","2","1","0","0","0","0","0","2","0","1","1","0","0","3","","","N","","","","","","","","","",""
"2021015377","1452","1","0","0","0","0","0","0","0","0","7","0","","67","1","2021","7","39.940228","-75.14361","1444","6","0","0","0","0","0","1","0","0","","0","0","0","14","1","0","N","0","1","39 56:24.821","2","0","75 08:36.997","0","0","0","0","67301","0","0","0","N","0","0","0","1","68K01","0","","4.0","1532.0","1","N","N","N","0","","0","0","0","3","8","N","1441","1","0","0","0","0","0","0","2","0","1","0","0","0","3","","","N","","","","","","","","","",""
"2021039836","503","0","0","0","0","0","0","0","0","0","7","0","","67","4","2021","5","39.962278","-75.139791","456","6","0","0","0","0","0","0","0","0","","0","0","0","4","3","1","N","0","2","39 57:44.199","2","0","75 08:23.248","3","0","0","0","67301","0","0","0","N","0","0","0","1","68K01","0","","3.0","504.0","1","N","N","N","0","","1","0","1","0","0","N","454","1","1","1","0","0","0","0","2","0","1","0","0","0","3","","","N","","","","","","","","","",""
"2021009345","35","0","0","0","0","0","0","0","0","0","4","0","","67","1","2021","6","39.953336","-75.183775","32","6","0","0","0","0","1","0","0","0","","0","0","0","0","3","0","","1","0","39 57:12.011","","0","75 11:01.589","0","0","0","0","67301","0","0","0","N","0","0","0","3","67504","0","","1.0","","1","N","N","N","0","","0","0","2","3","2","","32","2","0","0","0","0","0","0","2","0","2","0","0","0","3","03","","N","","","","","","","","","",""
"2021036077","2150","1","0","0","0","0","0","0","0","0","5","0","","67","4","2021","6","40.015214","-75.1365","2147","6","0","0","0","0","0","0","0","0","","0","0","0","21","3","1","","1","0","40 00:54.770","","0","75 08:11.399","3","0","0","1","67301","0","0","0","N","0","0","0","2","67301","0","","1.0","","1","N","N","N","0","","1","0","0","3","3","","2147","2","1","0","0","0","0","0","2","0","2","0","0","0","3","","","N","","","","","","","","","",""
"2021001497","144","2","0","0","0","0","0","0","0","0","1","0","","67","1","2021","7","39.980169","-75.205333","144","6","0","0","0","0","0","0","0","0","","0","0","0","1","3","2","N","0","2","39 58:48.610","3","0","75 12:19.200","8","0","0","0","67301","0","0","0","N","0","0","0","3","68K01","0","","1.0","45.0","9","N","N","N","0","","0","0","0","0","0","N","144","3","2","0","0","0","2","1","2","0","3","0","0","0","7","07","","N","","","","","","","","","",""
"2021035901","2315","2","0","0","0","0","0","0","0","0","5","0","","67","4","2021","2","40.019155","-75.056362","2310","6","0","0","0","0","0","0","0","0","","0","0","0","22","3","0","N","0","1","40 01:08.959","1","0","75 03:22.902","0","0","0","0","67301","0","0","0","N","0","0","0","2","67301","0","","6.0","30.0","1","N","N","N","1","","0","0","0","0","0","N","2240","3","0","2","0","0","0","0","2","0","3","0","0","0","3","03","","N","","","","","","","","","",""
"2021012803","1856","1","0","0","0","0","0","0","0","0","4","0","","67","2","2021","1","40.121609","-75.016332","1856","6","0","0","0","0","0","0","1","0","","0","0","0","18","3","1","N","0","0","40 07:17.791","","7","75 00:58.794","8","0","0","0","67301","0","0","0","N","0","0","0","5","67301","0","","1.0","","6","N","N","N","0","","0","0","1","0","0","","1845","2","1","0","0","0","1","4","2","0","2","0","0","0","10","","","N","","","","","","","","","",""
"2021035507","1122","0","0","0","0","0","0","0","0","0","8","0","","67","4","2021","1","39.924894","-75.169489","1121","6","0","0","0","0","0","0","0","0","","0","1","0","11","1","1","N","0","0","39 55:29.617","","0","75 10:10.162","3","0","0","0","67301","1","0","0","N","1","0","0","3","67301","0","","1.0","","1","N","N","N","0","","1","0","0","0","0","","1119","2","1","0","0","0","0","0","2","0","1","1","0","0","3","","","N","","","","","","","","","",""
"2021008850","2324","3","0","0","0","0","0","0","0","0","5","0","","67","1","2021","2","39.968667","-75.219889","2319","6","0","0","0","0","0","0","0","0","","0","0","0","22","3","0","N","0","0","39 58:07.200","","0","75 13:11.600","0","0","0","0","67301","0","0","0","N","0","0","0","3","67301","0","","6.0","","1","N","N","N","0","","0","0","0","0","0","","2248","3","0","0","0","0","0","0","2","0","3","0","0","0","3","03","","N","","","","","","","","","",""
"2021038836","905","0","0","0","0","0","0","0","0","0","4","0","","67","4","2021","5","39.978937","-75.108171","859","6","0","0","0","0","0","0","0","0","","0","0","0","7","1","1","N","0","0","39 58:44.172","","0","75 06:29.417","3","0","0","0","67301","0","0","0","N","0","0","0","2","67301","0","","1.0","","99","N","N","N","1","","1","0","1","0","0","","713","2","1","0","0","0","0","0","2","0","2","0","0","0","99","","","N","","","","","","","","","",""
"2021035658","908","0","0","0","0","0","0","0","0","0","1","0","45","67","4","2021","3","40.012757","-75.058501","908","6","0","0","0","1","0","1","0","0","","0","0","0","9","1","0","N","0","1","40 00:45.924","1","0","75 03:30.604","9","0","0","0","67301","0","0","0","N","0","0","0","3","68K01","0","","1.0","846.0","9","N","N","Y","0","","0","0","2","0","0","N","908","3","0","1","0","0","0","1","2","0","3","0","0","0","3","","Y","Y","4","1","N","N","N","N","N","N","Y","N"
"2021009093","10","2","0","0","0","0","0","0","0","0","4","0","","67","1","2021","3","40.00713","-75.094069","3","6","0","0","0","0","1","0","0","0","","0","0","0","0","3","2","","1","0","40 00:25.667","","1","75 05:38.650","3","0","0","0","67301","0","0","0","N","0","0","0","3","67301","1","","1.0","","1","N","N","N","0","","1","0","0","3","2","","3","2","2","3","0","0","0","0","2","0","2","0","0","0","3","03","","N","","","","","","","","","",""
"2021041460","1350","1","0","0","0","0","0","1","0","0","1","1","","67","5","2021","6","40.026708","-75.094333","1345","6","0","0","0","0","0","1","0","0","","0","0","0","13","1","2","N","0","1","40 01:36.149","2","0","75 05:39.597","3","0","0","0","67301","0","0","0","N","0","0","0","2","67301","0","","1.0","1410.0","1","Y","N","N","0","","2","0","0","0","0","N","1330","2","2","1","0","0","0","0","2","0","2","0","0","0","4","04","","N","","","","","","","","","",""
"2021002398","15","1","0","0","0","0","0","0","0","0","4","0","","67","1","2021","1","39.987689","-75.154503","15","6","0","0","0","0","0","0","0","0","","0","0","0","23","3","0","","1","0","39 59:15.679","","0","75 09:16.209","0","0","0","0","67301","0","0","0","N","0","0","0","2","67301","0","","1.0","","9","N","N","N","0","","0","0","1","3","3","","2300","2","0","0","0","0","0","0","2","0","2","0","0","0","7","07","","N","","","","","","","","","",""
"2021010234","2041","0","0","0","0","0","0","0","0","0","7","0","","67","1","2021","4","39.983189","-75.156819","2041","6","0","0","0","0","0","0","0","0","","0","0","0","20","3","0","","1","0","39 58:59.480","","0","75 09:24.548","0","0","0","0","67301","0","0","0","N","0","0","0","1","67505","0","","4.0","","1","N","N","N","1","","0","0","0","3","2","","2041","1","0","0","0","0","0","0","2","0","1","0","0","0","3","","","N","","","","","","","","","",""
"2021006026","1050","2","0","0","0","0","0","0","0","0","1","0","","67","1","2021","7","39.95656","-75.241884","1046","6","0","0","0","0","0","0","0","0","","0","0","0","3","6","1","","1","0","39 57:23.616","","0","75 14:30.782","3","0","0","0","67301","0","0","0","N","0","0","0","3","67301","0","","1.0","","99","N","N","N","0","","1","0","0","3","2","","300","2","1","0","0","0","0","0","2","0","2","0","0","0","3","98","","N","","","","","","","","","",""
"2021004736","103","1","0","0","0","0","0","0","0","0","7","0","","67","1","2021","6","39.978675","-75.157803","59","6","0","0","0","0","0","0","0","0","","0","0","0","0","3","1","","1","0","39 58:43.230","","0","75 09:28.092","8","0","0","0","67301","0","0","0","N","0","0","0","1","67505","0","","4.0","","1","N","N","N","0","","0","0","0","3","2","","59","1","1","0","0","0","1","0","2","0","1","0","0","0","3","03","","N","","","","","","","","","",""
"2021033612","1503","0","0","0","0","0","0","0","0","0","8","1","","67","4","2021","3","40.035824","-75.174723","1503","6","0","0","0","0","0","0","0","0","","0","1","0","15","1","1","","1","0","40 02:08.965","","0","75 10:29.001","4","0","0","0","67301","1","0","0","N","1","0","0","2","67301","1","","1.0","","1","N","N","N","0","","0","0","1","3","2","","1500","3","1","0","0","0","0","0","2","0","2","1","0","0","3","03","","N","","","","","","","","","",""
"2021010905","1236","0","0","0","0","0","0","0","0","0","1","0","","67","2","2021","2","40.052939","-75.136375","1236","6","0","0","0","0","0","1","0","0","","0","0","0","12","1","0","N","0","0","40 03:10.580","","0","75 08:10.950","0","0","0","0","67301","0","0","0","N","0","0","0","2","67301","0","","1.0","","2","N","N","N","1","","0","0","1","0","0","","1230","2","0","0","0","0","0","0","2","0","2","0","0","0","6","10","","N","","","","","","","","","",""
"2021002833","842","0","0","0","0","0","0","0","0","0","7","0","","67","1","2021","3","39.977162","-75.199118","836","6","0","0","0","0","0","0","0","0","","0","0","0","8","1","0","N","0","2","39 58:37.783","4","0","75 11:56.823","0","0","0","0","67301","0","0","0","N","0","0","0","1","68K01","0","","3.0","45.0","1","N","N","N","0","","0","0","1","0","0","N","835","2","0","0","0","0","0","0","2","0","1","0","0","0","3","","","N","","","","","","","","","",""