"CRN","ARRIVAL_TM","AUTOMOBILE_COUNT","BELTED_DEATH_COUNT","BELTED_SUSP_SERIOUS_INJ_COUNT","BICYCLE_COUNT","BICYCLE_DEATH_COUNT","BICYCLE_SUSP_SERIOUS_INJ_COUNT","BUS_COUNT","CHLDPAS_DEATH_COUNT","CHLDPAS_SUSP_SERIOUS_INJ_COUNT","COLLISION_TYPE","COMM_VEH_COUNT","CONS_ZONE_SPD_LIM","COUNTY","CRASH_MONTH","CRASH_YEAR","DAY_OF_WEEK","DEC_LATITUDE","DEC_LONGITUDE","DISPATCH_TM","DISTRICT","DRIVER_COUNT_16YR","DRIVER_COUNT_17YR","DRIVER_COUNT_18YR","DRIVER_COUNT_19YR","DRIVER_COUNT_20YR","DRIVER_COUNT_50_64YR","DRIVER_COUNT_65_74YR","DRIVER_COUNT_75PLUS","EST_HRS_CLOSED","FATAL_COUNT","HEAVY_TRUCK_COUNT","HORSE_BUGGY_COUNT","HOUR_OF_DAY","ILLUMINATION","INJURY_COUNT","INTERSECTION_RELATED","INTERSECT_TYPE","LANE_CLOSED","LATITUDE","LN_CLOSE_DIR","LOCATION_TYPE","LONGITUDE","MAX_SEVERITY_LEVEL","MCYCLE_DEATH_COUNT","MCYCLE_SUSP_SERIOUS_INJ_COUNT","MOTORCYCLE_COUNT","MUNICIPALITY","NONMOTR_COUNT","NONMOTR_DEATH_COUNT","NONMOTR_SUSP_SERIOUS_INJ_COUNT","NTFY_HIWY_MAINT","PED_COUNT","PED_DEATH_COUNT","PED_SUSP_SERIOUS_INJ_COUNT","PERSON_COUNT","POLICE_AGCY","POSSIBLE_INJ_COUNT","RDWY_SURF_TYPE_CD","RELATION_TO_ROAD","ROADWAY_CLEARED","ROAD_CONDITION","SCH_BUS_IND","SCH_ZONE_IND","SECONDARY_CRASH","SMALL_TRUCK_COUNT","SPEC_JURIS_CD","SUSP_MINOR_INJ_COUNT","SUSP_SERIOUS_INJ_COUNT","SUV_COUNT","TCD_FUNC_CD","TCD_TYPE","TFC_DETOUR_IND","TIME_OF_DAY","TOTAL_UNITS","TOT_INJ_COUNT","UNBELTED_OCC_COUNT","UNB_DEATH_COUNT","UNB_SUSP_SERIOUS_INJ_COUNT","UNK_INJ_DEG_COUNT","UNK_INJ_PER_COUNT","URBAN_RURAL","VAN_COUNT","VEHICLE_COUNT","VULNERABLE_ROAD_USER_COUNT","VULNERABLE_ROAD_USER_DEATH_COUNT","VULNERABLE_ROAD_USER_SER_INJ_COUNT","WEATHER1","WEATHER2","WORKERS_PRES","WORK_ZONE_IND","WORK_ZONE_LOC","WORK_ZONE_TYPE","WZ_CLOSE_DETOUR","WZ_FLAGGER","WZ_LAW_OFFCR_IND","WZ_LN_CLOSURE","WZ_MOVING","WZ_OTHER","WZ_SHLDER_MDN","WZ_WORKERS_INJ_KILLED"
"2021009975","1336","0","0","0","0","0","0","0","0","0","4","0","","67","1","2021","7","40.012998","-75.19244","1322","6","0","0","0","0","0","0","0","0","","0","0","0","13","1","2","N","0","0","40 00:46.792","","7","75 11:32.785","3","0","0","0","67301","0","0","0","N","0","0","0","2","67301","0","","1.0","","1","N","N","N","0","","2","0","1","0","0","","1300","2","2","0","0","0","0","0","2","1","2","0","0","0","3","03","","N","","","","","","","","","",""
"2021002644","1805","1","0","0","0","0","0","0","0","0","8","0","","67","1","2021","2","39.980081","-75.163342","1803","6","0","0","0","0","0","0","0","0","","0","0","0","18","3","1","N","0","0","39 58:48.290","","0","75 09:48.030","2","0","0","0","67301","1","0","1","N","1","0","1","2","67301","0","","1.0","","1","N","N","N","0","","0","1","0","0","0","","1800","2","1","0","0","0","0","0","2","0","1","1","0","1","7","03","","N","","","","","","","","","",""
"2021007199","807","2","0","0","0","0","0","0","0","0","5","0","","67","1","2021","5","40.056369","-75.149453","807","6","0","0","0","0","0","0","1","0","","0","0","0","8","3","0","N","0","0","40 03:22.930","","0","75 08:58.030","0","0","0","0","67301","0","0","0","N","0","0","0","2","67301","0","","1.0","","1","N","N","N","0","","0","0","0","0","0","","800","2","0","2","0","0","0","0","2","0","2","0","0","0","3","","","N","","","","","","","","","",""
"2021008039","2021","2","0","0","0","0","0","0","0","0","5","0","","67","1","2021","7","39.910727","-75.149059","1952","6","0","0","0","0","0","0","0","0","","0","0","0","19","3","1","N","0","0","39 54:38.616","","0","75 08:56.613","3","0","0","0","67301","0","0","0","N","0","0","0","5","68K01","0","","1.0","","1","N","N","N","0","","1","0","0","0","0","","1951","2","1","0","0","0","0","0","2","0","2","0","0","0","3","","","N","","","","","","","","","",""
"2021012619","457","1","0","0","0","0","0","0","0","0","4","0","","67","2","2021","7","39.922932","-75.178196","456","6","0","0","0","0","0","0","0","0","","0","0","0","4","3","2","","1","2","39 55:22.555","3","0","75 10:41.505","3","0","0","0","67301","0","0","0","N","0","0","0","2","67301","0","","1.0","700.0","2","N","N","N","1","","2","0","1","3","3","Y","456","3","2","0","0","0","0","0","2","0","3","0","0","0","3","03","","N","","","","","","","","","",""
"2021011871","2037","0","0","0","0","0","0","0","0","0","7","0","","67","1","2021","3","39.941332","-75.143069","2034","6","0","0","0","0","0","0","0","0","","0","0","0","20","3","1","N","0","0","39 56:28.794","","0","75 08:35.047","8","0","0","0","67301","0","0","0","N","0","0","0","1","68K01","0","","3.0","","9","N","N","N","0","","0","0","1","0","0","","2031","1","1","0","0","0","1","0","2","0","1","0","0","0","7","07","","N","","","","","","","","","",""
"2021012666","1131","0","0","0","0","0","0","0","0","0","7","0","","67","1","2021","1","39.930899","-75.199087","1125","6","0","0","0","0","0","0","0","0","","0","0","0","11","1","1","N","0","2","39 55:51.235","3","0","75 11:56.714","8","0","0","0","67301","0","0","0","N","0","0","0","1","68K01","0","","3.0","15.0","1","N","N","N","0","","0","0","1","0","0","N","1124","1","1","0","0","0","1","0","2","0","1","0","0","0","3","","","N","","","","","","","","","",""
"2021002565","1425","1","0","0","0","0","0","0","0","0","6","0","","67","1","2021","5","39.931072","-75.232346","1425","6","0","0","0","0","0","0","0","0","","0","0","0","14","1","0","","1","0","39 55:51.859","","0","75 13:56.444","9","0","0","0","67301","0","0","0","N","0","0","0","3","67301","0","","1.0","","1","N","N","N","0","","0","0","1","3","2","","1420","2","0","0","0","0","0","3","2","0","2","0","0","0","3","03","","N","","","","","","","","","",""
"2021003496","1855","1","0","0","0","0","0","0","0","0","5","0","","67","1","2021","1","40.032894","-75.210667","1850","6","0","0","0","0","0","0","0","0","","0","0","0","18","3","1","N","0","0","40 01:58.420","","0","75 12:38.400","8","0","0","0","67301","0","0","0","N","0","0","0","1","67301","0","","6.0","","1","N","N","N","1","","0","0","0","0","0","","1842","3","1","0","0","0","1","0","2","1","3","0","0","0","3","03","","N","","","","","","","","","",""
"2021036938","412","1","0","0","0","0","0","0","0","0","2","0","","67","4","2021","5","40.025129","-75.082673","407","6","0","0","0","0","0","1","0","0","","0","0","0","4","3","1","","1","0","40 01:30.464","","0","75 04:57.622","3","0","0","0","67301","0","0","0","N","0","0","0","2","67301","0","","1.0","","1","N","N","N","1","","1","0","0","9","3","","406","2","1","1","0","0","0","0","2","0","2","0","0","0","3","","","N","","","","","","","","","",""
"2021009974","1025","2","0","0","0","0","0","0","0","0","5","0","","67","1","2021","7","40.031713","-75.168123","1020","6","0","0","0","0","0","1","0","0","","0","0","0","10","1","1","N","0","0","40 01:54.168","","0","75 10:05.244","3","0","0","0","67301","0","0","0","N","0","0","0","1","67301","0","","6.0","","4","N","N","N","0","","1","0","1","0","0","","1016","3","1","0","0","0","0","0","2","0","3","0","0","0","3","03","","N","","","","","","","","","",""
"2021009014","2016","3","0","0","0","0","0","0","0","0","5","0","","67","1","2021","3","39.924317","-75.183139","2014","6","0","0","0","0","0","0","0","0","","0","0","0","19","3","0","N","0","2","39 55:27.540","1","0","75 10:59.300","0","0","0","0","67301","0","0","0","N","0","0","0","1","67301","0","","6.0","2105.0","9","N","N","N","0","","0","0","0","0","0","N","1935","3","0","0","0","0","0","0","2","0","3","0","0","0","7","","","N","","","","","","","","","",""
"2021002288","1345","1","0","0","0","0","0","0","0","0","4","0","","67","1","2021","3","40.014689","-75.119792","1338","6","0","0","0","0","0","0","0","0","","0","0","0","13","1","1","N","0","0","40 00:52.880","","7","75 07:11.250","3","0","0","0","67301","0","0","0","N","0","0","0","3","67301","0","","1.0","","1","N","N","N","1","","1","0","0","0","0","","1330","2","1","3","0","0","0","0","2","0","2","0","0","0","3","03","","N","","","","","","","","","",""
"2021015026","1947","1","0","0","0","0","0","0","0","0","4","0","","67","2","2021","5","39.946054","-75.216496","1945","6","0","0","0","0","0","0","0","0","","0","0","0","19","3","1","","1","0","39 56:45.794","","0","75 12:59.385","4","0","0","0","67301","0","0","0","N","0","0","0","2","67301","1","","1.0","","98","N","N","N","0","","0","0","1","3","3","","1940","2","1","0","0","0","0","0","2","0","2","0","0","0","3","03","","N","","","","","","","","","",""
"2021003612","650","1","0","0","0","0","0","0","0","0","7","0","","67","1","2021","1","39.961861","-75.182824","635","6","0","0","0","0","0","0","0","0","","0","0","0","6","3","0","N","0","0","39 57:42.701","","0","75 10:58.166","0","0","0","0","67301","0","0","0","N","0","0","0","1","68K01","0","","3.0","","1","N","N","N","0","","0","0","0","0","0","","635","1","0","0","0","0","0","0","2","0","1","0","0","0","3","","","N","","","","","","","","","",""
"2021006015","238","2","0","0","0","0","0","0","0","0","4","0","","67","1","2021","1","40.013587","-75.068535","234","6","0","0","0","0","0","1","0","0","","0","0","0","2","3","0","","5","0","40 00:48.913","","0","75 04:06.725","9","0","0","0","67301","0","0","0","N","0","0","0","5","67301","0","","1.0","","1","N","N","N","1","","0","0","0","1","2","","233","3","0","0","0","0","0","1","2","0","3","0","0","0","3","03","","N","","","","","","","","","",""
"2021002906","107","2","0","0","0","0","0","0","0","0","4","0","","67","1","2021","5","40.027195","-75.079443","1130","6","0","0","0","0","0","0","0","0","","0","0","0","7","3","0","","1","0","40 01:37.901","","0","75 04:45.994","0","0","0","0","67301","0","0","0","N","0","0","0","2","67301","0","","1.0","","1","N","N","N","0","","0","0","0","0","0","","757","2","0","0","0","0","0","0","2","0","2","0","0","0","3","03","","N","","","","","","","","","",""
"2021008006","1020","1","0","0","0","0","0","0","0","0","4","0","","67","1","2021","1","39.986404","-75.169612","1014","6","0","0","0","0","0","0","1","0","","0","0","0","10","1","0","","1","0","39 59:11.054","","0","75 10:10.603","0","0","0","0","67301","0","0","0","N","0","0","0","2","67301","0","","1.0","","1","N","N","N","0","","0","0","1","3","2","","1013","2","0","1","0","0","0","0","2","0","2","0","0","0","3","03","","N","","","","","","","","","",""
"2021006025","2243","4","0","0","0","0","0","0","0","0","4","0","","67","1","2021","7","39.956567","-75.209752","2236","6","0","0","0","0","0","0","0","0","","0","0","0","22","4","1","","1","2","39 57:23.640","3","0","75 12:35.107","3","0","0","0","67301","0","0","0","N","0","0","0","2","67301","0","","1.0","1210.0","1","N","N","N","0","","1","0","2","3","2","Y","2235","6","1","0","0","0","0","0","2","0","6","0","0","0","3","03","","N","","","","","","","","","",""
"2021006068","1518","0","0","0","0","0","0","0","0","0","1","1","","67","1","2021","5","40.027517","-75.161204","1510","6","0","0","0","0","0","2","0","0","","0","1","0","14","1","1","N","0","2","40 01:39.060","5","0","75 09:40.335","3","0","0","0","67301","0","0","0","N","0","0","0","2","67301","0","","1.0","1625.0","1","N","N","N","1","","1","0","1","0","0","Y","1455","4","1","0","0","0","0","0","2","1","4","0","0","0","3","03","","N","","","","","","","","","",""
"2021007163","2215","2","0","0","0","0","0","0","0","0","5","0","","67","1","2021","2","39.989311","-75.163758","2215","6","0","0","0","0","0","0","0","0","","0","0","0","22","3","0","N","0","0","39 59:21.520","","0","75 09:49.530","0","0","0","0","67301","0","0","0","N","0","0","0","1","67301","0","","6.0","","1","N","N","N","1","","0","0","0","0","0","","2215","3","0","0","0","0","0","0","2","0","3","0","0","0","3","03","","N","","","","","","","","","",""
"2021003343","2324","3","0","0","0","0","0","0","0","0","5","0","","67","1","2021","1","39.985889","-75.161278","2317","6","0","0","0","0","0","0","0","0","","0","0","0","23","3","0","N","0","0","39 59:09.200","","0","75 09:40.600","0","0","0","0","67301","0","0","0","N","0","0","0","1","67505","0","","6.0","","1","N","N","N","0","","0","0","1","0","0","","2315","4","0","0","0","0","0","0","2","0","4","0","0","0","3","03","","N","","","","","","","","","",""
"2021013757","1915","2","0","0","0","0","0","0","0","0","5","0","","67","2","2021","2","39.953766","-75.181486","1846","6","0","0","0","0","0","1","0","0","","0","0","0","18","3","0","N","0","1","39 57:13.559","1","3","75 10:53.350","0","0","0","0","67301","0","0","0","N","0","0","0","2","67301","0","","1.0","1824.0","1","N","N","N","0","","0","0","0","0","0","N","1826","2","0","0","0","0","0","0","2","0","2","0","0","0","3","03","","N","","","","","","","","","",""
"2021002280","650","1","0","0","0","0","0","0","0","0","1","0","","67","1","2021","3","39.944314","-75.197511","638","6","0","0","0","0","0","1","0","0","","0","0","0","6","5","0","N","0","0","39 56:39.529","","0","75 11:51.039","0","0","0","0","67301","0","0","0","N","0","0","0","2","67301","0","","1.0","","1","N","N","N","0","","0","0","1","0","0","","620","2","0","0","0","0","0","0","2","0","2","0","0","0","3","03","","N","","","","","","","","","",""
"2021002281","1140","1","0","0","0","0","0","0","0","0","4","0","","67","1","2021","3","39.958437","-75.231274","1140","6","0","0","0","0","0","1","0","0","","0","0","0","11","1","0","","1","0","39 57:30.373","","0","75 13:52.586","0","0","0","0","67301","0","0","0","N","0","0","0","2","67301","0","","1.0","","1","N","N","N","0","","0","0","0","3","3","","1140","2","0","0","0","0","0","0","2","1","2","0","0","0","3","03","","N","","","","","","","","","",""
"2021007474","1628","3","0","0","0","0","0","0","0","0","4","0","","67","1","2021","6","39.932668","-75.185291","1628","6","0","0","0","0","0","0","0","0","","0","0","0","16","1","1","","1","0","39 55:57.604","","0","75 11:07.047","3","0","0","0","67301","0","0","0","N","0","0","0","2","67301","0","","1.0","","1","N","N","N","0","","1","0","0","3","3","","1620","3","1","0","0","0","0","0","2","0","3","0","0","0","3","","","N","","","","","","","","","",""
"2021014589","1255","0","0","0","1","0","0","0","0","0","8","0","","67","2","2021","4","39.937939","-75.167436","1252","6","0","0","0","0","0","0","0","0","","0","0","0","12","1","1","N","0","0","39 56:16.580","","0","75 10:02.770","3","0","0","0","67301","1","0","0","N","0","0","0","2","67301","0","","1.0","","1","N","N","N","0","","1","0","1","0","0","","1239","2","1","0","0","0","0","0","2","0","1","1","0","0","3","03","","N","","","","","","","","","",""
"2021036381","2307","1","0","0","0","0","0","0","0","0","1","0","","67","4","2021","7","39.983568","-75.09741","2307","6","0","0","0","0","0","0","0","0","","0","0","0","23","3","0","N","0","2","39 59:00.844","1","0","75 05:50.676","9","0","0","0","67301","0","0","0","N","0","0","0","3","68K01","0","","1.0","2350.0","1","N","N","N","0","","0","0","1","0","0","N","2307","3","0","0","0","0","0","1","2","0","3","0","0","0","3","","","N","","","","","","","","","",""
"2021006070","155","1","0","0","0","0","0","0","0","0","4","0","","67","1","2021","6","39.996838","-75.15383","149","6","0","0","1","0","0","0","0","0","","0","0","0","0","3","0","","1","0","39 59:48.618","","0","75 09:13.788","0","0","0","0","67301","0","0","0","N","0","0","0","2","67301","0","","1.0","","1","N","N","N","0","","0","0","1","3","2","","39","2","0","0","0","0","0","0","2","0","2","0","0","0","3","03","","N","","","","","","","","","",""
"2021009642","1451","0","0","0","0","0","0","0","0","0","1","0","","67","1","2021","1","39.979818","-75.204792","1440","6","0","0","0","0","0","0","0","0","","0","0","0","14","1","1","N","0","1","39 58:47.345","3","0","75 12:17.251","4","0","0","0","67301","0","0","0","N","0","0","0","2","68K01","1","","1.0","30.0","1","N","N","N","0","","0","0","2","0","0","N","1434","2","1","0","0","0","0","0","2","0","2","0","0","0","3","","","N","","","","","","","","","",""
"2021036405","2133","0","0","0","0","0","0","0","0","0","1","0","","67","4","2021","7","39.957134","-75.156302","2107","6","0","0","0","0","0","0","0","0","","0","0","0","21","3","0","N","0","1","39 57:25.681","4","0","75 09:22.687","9","0","0","0","67301","0","0","0","N","0","0","0","3","68K01","0","","1.0","2145.0","1","N","N","N","0","","0","0","2","0","0","N","2107","2","0","0","0","0","0","1","2","0","2","0","0","0","3","","","N","","","","","","","","","",""
"2021006037","255","1","0","0","0","0","0","0","0","0","4","0","","67","1","2021","1","39.981899","-75.170586","252","6","0","0","0","0","0","0","0","0","","0","0","0","2","3","1","","1","0","39 58:54.836","","0","75 10:14.109","8","0","0","0","67301","0","0","0","N","0","0","0","3","67301","0","","1.0","","1","N","N","N","0","","0","0","1","3","2","","240","2","1","0","0","0","1","0","2","0","2","0","0","0","3","03","","N","","","","","","","","","",""
"2021009417","1520","0","0","0","0","0","0","0","0","0","4","0","","67","1","2021","3","40.09165","-74.965699","1506","6","0","0","0","0","0","0","0","0","","0","0","0","14","1","1","","2","0","40 05:29.941","","7","74 57:56.517","3","0","0","0","67301","0","0","0","N","0","0","0","2","67301","0","","1.0","","1","N","N","N","1","","1","0","1","3","2","","1424","2","1","0","0","0","0","1","2","0","2","0","0","0","3","03","","N","","","","","","","","","",""
"2021012060","1236","1","0","0","0","0","0","0","0","0","4","0","","67","1","2021","5","39.936905","-75.150225","1236","6","0","0","0","0","0","0","0","0","","0","0","0","12","1","1","","1","0","39 56:12.857","","0","75 09:00.810","3","0","0","0","67301","0","0","0","N","0","0","0","2","67301","0","","1.0","","1","N","N","N","0","","1","0","0","3","3","","1220","2","1","1","0","0","0","0","2","0","2","0","0","0","3","03","","N","","","","","","","","","",""
"2021035838","2247","0","0","0","0","0","0","0","0","0","1","0","","67","4","2021","6","39.957068","-75.152251","2239","6","0","0","0","0","0","0","0","0","","0","0","0","22","3","1","N","0","0","39 57:25.446","","0","75 09:08.105","3","0","0","0","67301","0","0","0","N","0","0","0","2","68K01","0","","1.0","","1","N","N","N","1","","1","0","1","0","0","","2218","2","1","1","0","0","0","0","2","0","2","0","0","0","3","","","N","","","","","","","","","",""
"2021028657","1","1","0","0","1","0","0","0","0","0","8","0","","67","3","2021","7","39.98725","-75.171272","2353","6","0","0","0","0","0","0","0","0","","0","0","0","20","3","1","N","0","0","39 59:14.100","","0","75 10:16.580","3","0","0","0","67301","1","0","0","N","0","0","0","2","67301","0","","1.0","","1","N","N","N","0","","1","0","0","0","0","","2030","2","1","1","0","0","0","1","2","0","1","1","0","0","3","","","N","","","","","","","","","",""
"2021011088","1833","1","0","0","0","0","0","0","0","0","5","0","","67","1","2021","4","39.974811","-75.267272","1817","6","0","0","0","0","0","0","0","0","","0","0","0","17","3","0","N","0","0","39 58:29.320","","0","75 16:02.180","0","0","0","0","67301","0","0","0","N","0","0","0","1","67301","0","","6.0","","1","N","N","N","0","","0","0","1","0","0","","1735","2","0","0","0","0","0","0","2","0","2","0","0","0","3","03","","N","","","","","","","","","",""
"2021041094","1600","1","0","0","0","0","0","0","0","0","8","0","","67","4","2021","6","40.05365","-75.141914","1600","6","0","0","0","0","0","0","0","0","","0","0","0","13","1","1","N","0","0","40 03:13.140","","7","75 08:30.890","3","0","0","0","67301","1","0","0","N","1","0","0","1","67301","0","","6.0","","99","N","N","N","0","","1","0","0","0","0","","1330","2","1","0","0","0","0","0","2","0","1","1","0","0","99","","","N","","","","","","","","","",""
"2021011549","526","1","0","0","0","0","0","0","0","0","5","0","","67","2","2021","4","40.0395","-75.124167","522","6","0","0","0","0","0","0","0","0","","0","0","0","5","3","0","N","0","0","40 02:22.200","","0","75 07:27.000","0","0","0","0","67301","0","0","0","N","0","0","0","1","67301","0","","6.0","","7","N","N","N","1","","0","0","1","0","0","","516","3","0","0","0","0","0","0","2","0","3","0","0","0","6","09","","N","","","","","","","","","",""
"2021002650","430","2","0","0","0","0","0","0","0","0","4","0","","67","1","2021","4","39.997042","-75.178573","430","6","0","0","0","0","0","0","0","0","","0","0","0","4","3","1","","1","0","39 59:49.350","","0","75 10:42.861","3","0","0","0","67301","0","0","0","N","0","0","0","2","67301","0","","1.0","","1","N","N","N","0","","1","0","0","3","2","","400","2","1","0","0","0","0","0","2","0","2","0","0","0","3","03","","N","","","","","","","","","",""
"2021014358","940","2","0","0","0","0","0","0","0","0","5","0","","67","1","2021","7","39.957166","-75.156545","929","6","0","0","0","0","0","0","0","0","","0","0","0","9","1","3","N","0","2","39 57:25.798","4","0","75 09:23.562","4","0","0","0","67301","0","0","0","N","0","0","0","4","68K01","1","","1.0","20.0","1","N","N","N","0","","0","0","1","0","0","N","927","3","3","0","0","0","2","0","2","0","3","0","0","0","3","","","N","","","","","","","","","",""
"2021036990","38","1","0","0","0","0","0","0","0","0","4","1","","67","4","2021","7","39.980213","-75.157468","34","6","0","0","0","0","0","0","0","0","","0","1","0","0","3","2","","1","0","39 58:48.767","","0","75 09:26.884","3","0","0","0","67301","0","0","0","N","0","0","0","2","67301","0","","1.0","","1","N","N","N","0","","2","0","0","3","2","","34","2","2","0","0","0","0","0","2","0","2","0","0","0","3","03","","N","","","","","","","","","",""
"2021004226","2158","1","0","0","0","0","0","0","0","0","4","0","","67","1","2021","7","40.080757","-75.028601","2158","6","0","0","0","0","1","0","0","0","","0","0","0","21","3","0","","1","1","40 04:50.725","1","0","75 01:42.964","0","0","0","0","67301","0","0","0","N","0","0","0","2","67301","0","","1.0","15.0","1","N","N","N","0","","0","0","1","3","2","Y","2155","2","0","0","0","0","0","0","2","0","2","0","0","0","3","","","N","","","","","","","","","",""
"2021009422","1040","0","0","0","0","0","0","0","0","0","4","0","","67","1","2021","6","40.024359","-75.049311","1036","6","0","0","0","0","0","0","0","0","","0","0","0","10","1","2","","1","0","40 01:27.694","","0","75 02:57.520","3","0","0","0","67301","0","0","0","N","0","0","0","2","67301","0","","1.0","","1","N","N","N","0","","2","0","1","3","3","","1031","2","2","0","0","0","0","0","2","1","2","0","0","0","3","03","","N","","","","","","","","","",""
"2021013635","18","1","0","0","0","0","0","0","0","0","7","0","","67","2","2021","3","40.043472","-75.113889","17","6","0","0","0","0","0","0","0","0","","0","0","0","0","2","1","N","0","2","40 02:36.500","6","0","75 06:50.000","3","0","0","0","67301","0","0","0","N","0","0","0","1","67301","0","","3.0","116.0","2","N","N","N","0","","1","0","0","0","0","Y","13","1","1","0","0","0","0","0","2","0","1","0","0","0","98","98","","N","","","","","","","","","",""
"2021036725","921","2","0","0","0","0","0","0","0","0","1","0","","67","4","2021","3","39.944093","-75.191875","908","6","0","0","0","0","0","1","0","0","","0","0","0","9","1","1","N","0","2","39 56:38.735","4","0","75 11:30.749","3","0","0","0","67301","0","0","0","N","0","0","0","5","68K01","0","","1.0","20.0","1","N","N","N","0","","1","0","1","0","0","N","905","3","1","0","0","0","0","0","2","0","3","0","0","0","3","","","N","","","","","","","","","",""
"2021010395","1813","2","0","0","0","0","0","0","0","0","5","0","","67","1","2021","5","39.985306","-75.093857","1746","6","0","0","0","0","0","2","1","0","","0","0","0","17","3","4","N","0","1","39 59:07.100","1","3","75 05:37.885","4","0","0","0","67301","0","0","0","N","0","0","0","10","68K01","2","","1.0","1935.0","1","N","N","N","3","","0","0","1","3","8","N","1745","6","4","0","0","0","2","0","2","0","6","0","0","0","3","03","","N","","","","","","","","","",""
"2021038471","2021","0","0","0","0","0","0","0","0","0","7","0","","67","4","2021","4","39.9965","-75.201325","2021","6","0","0","0","0","0","0","0","0","","0","0","0","20","3","1","N","0","2","39 59:47.400","4","0","75 12:04.770","8","0","0","0","67301","0","0","0","N","0","0","0","1","67301","0","","5.0","2056.0","1","N","N","N","1","","0","0","0","0","0","Y","2000","1","1","0","0","0","1","0","2","0","1","0","0","0","3","","","N","","","","","","","","","",""
"2021012725","240","1","0","0","0","0","0","0","0","0","5","0","","67","2","2021","1","39.98652","-75.156231","237","6","0","0","0","0","0","0","0","0","","0","0","0","2","3","1","N","0","0","39 59:11.473","","0","75 09:22.430","8","0","0","0","67301","0","0","0","N","0","0","0","2","67301","0","","1.0","","1","N","N","N","0","","0","0","0","0","0","","200","2","1","0","0","0","1","0","2","0","2","0","0","0","3","03","","N","","","","","","","","","",""
"2021003650","832","2","0","0","0","0","0","0","0","0","4","0","","67","1","2021","6","39.958083","-75.162417","828","6","0","0","0","0","0","0","0","0","","0","0","0","8","1","1","","1","0","39 57:29.100","","3","75 09:44.700","8","0","0","0","67301","0","0","0","N","0","0","0","3","67301","0","","1.0","","1","N","N","Y","0","","0","0","1","3","2","","823","3","1","0","0","0","1","0","2","0","3","0","0","0","3","","","N","","","","","","","","","",""
"2021006065","2230","1","0","0","0","0","0","0","0","0","7","0","","67","1","2021","4","40.015856","-75.176222","2230","6","0","0","0","0","0","0","0","0","","0","0","0","22","3","2","N","0","0","40 00:57.083","","0","75 10:34.400","3","0","0","0","67301","0","0","0","N","0","0","0","2","67301","0","","3.0","","1","N","N","N","0","","2","0","0","0","0","","2230","2","2","0","0","0","0","0","2","0","1","0","0","0","3","03","","N","","","","","","","","","",""
"2021011548","2355","0","0","0","0","0","0","0","0","0","0","0","","67","2","2021","3","40.022724","-75.137407","2353","6","0","0","0","0","0","0","0","0","","0","0","0","23","3","1","N","0","1","40 01:21.806","3","0","75 08:14.666","3","0","0","0","67301","0","0","0","N","0","0","0","1","67301","0","","5.0","57.0","1","N","N","N","1","","1","0","0","0","0","Y","2351","1","1","1","0","0","0","0","2","0","1","0","0","0","4","03","","N","","","","","","","","","",""
"2021011519","1611","0","0","0","0","0","0","0","0","0","4","0","","67","1","2021","7","40.030793","-75.041184","1607","6","0","0","0","0","0","1","0","0","","0","0","0","15","1","1","","1","0","40 01:50.853","","0","75 02:28.264","3","0","0","0","67301","0","0","0","N","0","0","0","3","67301","0","","1.0","","1","N","N","N","0","","1","0","2","3","3","","1554","3","1","0","0","0","0","0","2","1","3","0","0","0","3","03","","N","","","","","","","","","",""
"2021008750","1315","1","0","0","0","0","0","0","0","0","3","0","","67","1","2021","1","40.06475","-75.00775","1305","6","0","0","0","0","0","0","0","0","","0","0","0","12","1","1","N","0","0","40 03:53.100","","7","75 00:27.900","8","0","0","0","67301","0","0","0","N","0","0","0","2","67301","0","","1.0","","1","N","N","N","0","","0","0","1","0","0","","1245","2","1","0","0","0","1","0","2","0","2","0","0","0","3","03","","N","","","","","","","","","",""
"2021009334","1200","2","0","0","0","0","0","0","0","0","4","0","","67","1","2021","3","39.959446","-75.239265","1158","6","0","0","0","0","0","0","0","0","","0","0","0","11","1","1","","1","0","39 57:34.005","","0","75 14:21.353","3","0","0","0","67301","0","0","0","N","0","0","0","2","67301","0","","1.0","","9","N","N","N","0","","1","0","0","3","3","","1156","2","1","0","0","0","0","0","2","0","2","0","0","0","4","07","","N","","","","","","","","","",""
"2021034360","1635","2","0","0","0","0","0","0","0","0","5","1","45","67","3","2021","3","39.898727","-75.170475","1625","6","0","0","0","0","0","1","0","0","","0","1","0","16","1","5","N","0","2","39 53:55.418","2","0","75 10:13.710","8","0","0","0","67301","0","0","0","N","0","0","0","18","68K01","0","","1.0","1730.0","1","N","N","N","0","","0","0","0","0","0","N","1625","5","5","0","0","0","5","0","2","2","5","0","0","0","3","","N","Y","4","2","","","N","Y","","","","N"
"2021004058","2338","2","0","0","0","0","0","0","0","0","5","0","","67","1","2021","3","40.030367","-75.119628","2334","6","0","0","0","0","0","0","0","0","","0","0","0","23","3","1","N","0","0","40 01:49.320","","0","75 07:10.660","3","0","0","0","67301","0","0","0","N","0","0","0","1","67301","0","","6.0","","1","N","N","N","0","","1","0","1","0","0","","2331","3","1","0","0","0","0","0","2","0","3","0","0","0","3","03","","N","","","","","","","","","",""