"CRN","ARRIVAL_TM","AUTOMOBILE_COUNT","BELTED_DEATH_COUNT","BELTED_SUSP_SERIOUS_INJ_COUNT","BICYCLE_COUNT","BICYCLE_DEATH_COUNT","BICYCLE_SUSP_SERIOUS_INJ_COUNT","BUS_COUNT","CHLDPAS_DEATH_COUNT","CHLDPAS_SUSP_SERIOUS_INJ_COUNT","COLLISION_TYPE","COMM_VEH_COUNT","CONS_ZONE_SPD_LIM","COUNTY","CRASH_MONTH","CRASH_YEAR","DAY_OF_WEEK","DEC_LATITUDE","DEC_LONGITUDE","DISPATCH_TM","DISTRICT","DRIVER_COUNT_16YR","DRIVER_COUNT_17YR","DRIVER_COUNT_18YR","DRIVER_COUNT_19YR","DRIVER_COUNT_20YR","DRIVER_COUNT_50_64YR","DRIVER_COUNT_65_74YR","DRIVER_COUNT_75PLUS","EST_HRS_CLOSED","FATAL_COUNT","HEAVY_TRUCK_COUNT","HORSE_BUGGY_COUNT","HOUR_OF_DAY","ILLUMINATION","INJURY_COUNT","INTERSECTION_RELATED","INTERSECT_TYPE","LANE_CLOSED","LATITUDE","LN_CLOSE_DIR","LOCATION_TYPE","LONGITUDE","MAX_SEVERITY_LEVEL","MCYCLE_DEATH_COUNT","MCYCLE_SUSP_SERIOUS_INJ_COUNT","MOTORCYCLE_COUNT","MUNICIPALITY","NONMOTR_COUNT","NONMOTR_DEATH_COUNT","NONMOTR_SUSP_SERIOUS_INJ_COUNT","NTFY_HIWY_MAINT","PED_COUNT","PED_DEATH_COUNT","PED_SUSP_SERIOUS_INJ_COUNT","PERSON_COUNT","POLICE_AGCY","POSSIBLE_INJ_COUNT","RDWY_SURF_TYPE_CD","RELATION_TO_ROAD","ROADWAY_CLEARED","ROAD_CONDITION","SCH_BUS_IND","SCH_ZONE_IND","SECONDARY_CRASH","SMALL_TRUCK_COUNT","SPEC_JURIS_CD","SUSP_MINOR_INJ_COUNT","SUSP_SERIOUS_INJ_COUNT","SUV_COUNT","TCD_FUNC_CD","TCD_TYPE","TFC_DETOUR_IND","TIME_OF_DAY","TOTAL_UNITS","TOT_INJ_COUNT","UNBELTED_OCC_COUNT","UNB_DEATH_COUNT","UNB_SUSP_SERIOUS_INJ_COUNT","UNK_INJ_DEG_COUNT","UNK_INJ_PER_COUNT","URBAN_RURAL","VAN_COUNT","VEHICLE_COUNT","VULNERABLE_ROAD_USER_COUNT","VULNERABLE_ROAD_USER_DEATH_COUNT","VULNERABLE_ROAD_USER_SER_INJ_COUNT","WEATHER1","WEATHER2","WORKERS_PRES","WORK_ZONE_IND","WORK_ZONE_LOC","WORK_ZONE_TYPE","WZ_CLOSE_DETOUR","WZ_FLAGGER","WZ_LAW_OFFCR_IND","WZ_LN_CLOSURE","WZ_MOVING","WZ_OTHER","WZ_SHLDER_MDN","WZ_WORKERS_INJ_KILLED"
"2021002907","455","0","0","0","0","0","0","0","0","0","7","0","","67","1","2021","6","40.036295","-75.041859","447","6","0","0","0","0","0","0","0","0","","0","0","0","4","3","1","N","0","0","40 02:10.663","","0","75 02:30.692","3","0","0","0","67301","0","0","0","N","0","0","0","1","67301","0","","5.0","","1","N","N","N","0","","1","0","0","0","0","","445","1","1","0","0","0","0","0","2","1","1","0","0","0","3","","","N","","","","","","","","","",""
"2021007733","2330","1","0","0","0","0","0","0","0","0","4","0","","67","1","2021","6","39.96522","-75.191815","2322","6","0","0","0","0","0","0","0","0","","0","0","0","23","3","0","","1","0","39 57:54.791","","0","75 11:30.533","0","0","0","0","67301","0","0","0","N","0","0","0","2","67301","0","","1.0","","1","N","N","N","0","","0","0","1","3","3","","2306","2","0","0","0","0","0","0","2","0","2","0","0","0","3","03","","N","","","","","","","","","",""
"2021037725","2206","0","0","0","0","0","0","0","0","0","98","0","","67","4","2021","1","40.106401","-74.998983","2202","6","0","0","0","0","0","0","0","0","","0","0","0","22","2","0","N","0","0","40 06:23.042","","0","74 59:56.338","0","0","0","0","67301","0","0","0","N","0","0","0","1","67301","0","","6.0","","1","N","N","N","0","","0","0","1","0","0","","2200","1","0","0","0","0","0","0","2","0","1","0","0","0","4","","","N","","","","","","","","","",""
"2021002649","1419","1","0","0","0","0","0","0","0","0","1","0","","67","1","2021","5","39.998207","-75.126996","1419","6","0","0","0","0","0","1","0","0","","0","0","0","13","1","1","Y","0","0","39 59:53.544","","0","75 07:37.185","3","0","0","0","67301","0","0","0","N","0","0","0","2","67301","0","","1.0","","1","N","N","N","0","","1","0","1","3","2","","1345","2","1","0","0","0","0","0","2","0","2","0","0","0","3","03","","N","","","","","","","","","",""
"2021008256","1327","2","0","0","0","0","0","0","0","0","3","0","","67","1","2021","3","39.953979","-75.242433","1326","6","0","0","0","0","0","1","1","0","","0","0","0","13","1","1","","1","0","39 57:14.324","","0","75 14:32.758","4","0","0","0","67301","0","0","0","N","0","0","0","2","67301","1","","1.0","","1","N","N","N","0","","0","0","0","3","3","","1326","2","1","0","0","0","0","0","2","0","2","0","0","0","3","","","N","","","","","","","","","",""
"2021007952","534","6","0","0","0","0","0","0","0","0","1","0","","67","1","2021","1","40.026461","-75.115783","515","6","0","0","0","0","0","0","0","0","","0","0","0","5","3","0","","2","1","40 01:35.259","1","0","75 06:56.818","0","0","0","0","67301","0","0","0","N","0","0","0","3","67301","0","","1.0","645.0","1","N","N","N","0","","0","0","1","0","0","N","507","7","0","0","0","0","0","0","2","0","7","0","0","0","3","03","","N","","","","","","","","","",""
"2021035986","420","2","0","0","0","0","0","0","0","0","1","0","","67","4","2021","4","40.020924","-75.159586","419","6","0","0","0","0","0","0","0","0","","0","0","0","3","3","1","","2","0","40 01:15.326","","0","75 09:34.509","3","0","0","0","67301","0","0","0","N","0","0","0","1","67301","0","","1.0","","1","N","N","N","0","","1","0","0","0","0","","350","2","1","1","0","0","0","0","2","0","2","0","0","0","3","03","","N","","","","","","","","","",""
"2021036474","1347","0","0","0","0","0","0","0","0","0","8","0","","67","4","2021","3","39.967408","-75.202958","1347","6","0","0","0","0","0","0","0","0","","0","0","0","13","1","1","N","0","0","39 58:02.670","","0","75 12:10.650","8","0","0","0","67301","1","0","0","N","1","0","0","1","67301","0","","1.0","","1","N","N","N","0","","0","0","0","0","0","","1345","2","1","0","0","0","1","0","2","0","1","1","0","0","3","03","","N","","","","","","","","","",""
"2021004031","845","1","0","0","0","0","0","0","0","0","4","0","","67","1","2021","5","39.967985","-75.233726","840","6","0","0","0","0","0","1","0","0","","0","0","0","8","1","1","","1","0","39 58:04.746","","0","75 14:01.412","3","0","0","0","67301","0","0","0","N","0","0","0","2","67301","0","","1.0","","1","N","N","N","0","","1","0","1","3","2","","834","2","1","0","0","0","0","0","2","0","2","0","0","0","3","04","","N","","","","","","","","","",""
"2021012393","2340","2","0","0","0","0","0","0","0","0","4","0","","67","2","2021","4","39.960268","-75.196858","2340","6","0","0","0","0","0","1","0","0","","0","0","0","22","3","0","","1","0","39 57:36.965","","0","75 11:48.688","0","0","0","0","67301","0","0","0","N","0","0","0","2","67301","0","","1.0","","7","N","N","N","0","","0","0","0","3","2","","2215","2","0","0","0","0","0","0","2","0","2","0","0","0","3","03","","N","","","","","","","","","",""
"2021009332","1800","1","0","0","0","0","0","0","0","0","4","0","","67","1","2021","1","39.946994","-75.164829","1756","6","0","0","0","0","0","1","0","0","","0","0","0","17","3","0","","1","1","39 56:49.178","2","0","75 09:53.385","9","0","0","0","67301","0","0","0","N","0","0","0","3","67301","0","","1.0","1830.0","1","N","N","N","0","","0","0","1","3","2","Y","1755","2","0","0","0","0","0","2","2","0","2","0","0","0","3","03","","N","","","","","","","","","",""
"2021006199","500","3","0","0","0","0","0","0","0","0","2","0","","67","1","2021","3","40.057933","-75.152558","454","6","0","0","0","0","0","0","0","0","","0","0","0","4","3","1","N","0","0","40 03:28.560","","0","75 09:09.210","4","0","0","0","67301","0","0","0","N","0","0","0","1","67301","1","","6.0","","1","N","N","Y","0","","0","0","1","0","0","","445","4","1","1","0","0","0","0","2","0","4","0","0","0","3","03","","N","","","","","","","","","",""
"2021015915","1630","0","0","0","0","0","0","0","0","0","4","0","","67","2","2021","4","40.044528","-75.193121","1630","6","0","0","0","0","0","1","0","0","","0","0","0","16","4","1","","1","1","40 02:40.301","5","0","75 11:35.235","8","0","0","0","67301","0","0","0","N","0","0","0","2","67301","0","","1.0","1714.0","1","N","N","N","0","","0","0","2","3","2","N","1600","2","1","0","0","0","1","0","2","0","2","0","0","0","3","03","","N","","","","","","","","","",""
"2021005996","2047","2","0","0","0","0","0","0","0","0","5","0","","67","1","2021","1","39.919333","-75.211094","2041","6","0","0","1","0","0","0","0","0","","0","0","0","20","2","3","N","0","0","39 55:09.600","","0","75 12:39.940","4","0","0","0","67301","0","0","0","N","0","0","0","4","67301","3","","1.0","","1","N","N","N","0","","0","0","0","0","0","","2040","2","3","1","0","0","0","0","2","0","2","0","0","0","3","","","N","","","","","","","","","",""
"2021003749","1608","4","0","0","0","0","0","0","0","0","5","0","","67","1","2021","2","40.02131","-75.122413","1608","6","0","0","0","0","1","2","0","0","","0","0","0","16","1","0","","1","0","40 01:16.715","","0","75 07:20.686","0","0","0","0","67301","0","0","0","N","0","0","0","3","67301","0","","1.0","","1","N","N","N","0","","0","0","0","3","3","","1605","5","0","0","0","0","0","0","2","1","5","0","0","0","4","","","N","","","","","","","","","",""
"2021039460","1031","1","0","0","0","0","0","0","0","0","1","0","","67","4","2021","5","39.98346","-75.181515","1024","6","0","0","0","0","0","0","0","0","","0","0","0","20","3","1","N","5","0","39 59:00.455","","0","75 10:53.455","8","0","0","1","67301","0","0","0","N","0","0","0","2","67301","0","","1.0","","9","N","N","N","0","","0","0","0","3","2","","2035","2","1","0","0","0","1","1","2","0","2","0","0","0","7","07","","N","","","","","","","","","",""
"2021002271","1156","2","0","0","0","0","0","0","0","0","6","0","","67","1","2021","2","39.926689","-75.243117","1150","6","0","0","0","0","1","0","0","0","","0","0","0","11","1","1","N","0","0","39 55:36.080","","0","75 14:35.220","3","0","0","0","67301","0","0","0","N","0","0","0","1","67301","0","","6.0","","1","N","N","N","0","","1","0","1","0","0","","1120","4","1","0","0","0","0","0","2","0","3","0","0","0","3","03","","N","","","","","","","","","",""
"2021003652","1550","1","0","0","0","0","0","0","0","0","4","0","","67","1","2021","2","39.939565","-75.220281","1538","6","0","0","0","0","0","0","1","0","","0","0","0","15","1","1","","1","0","39 56:22.435","","0","75 13:13.013","3","0","0","0","67301","0","0","0","N","0","0","0","3","67301","0","","1.0","","1","N","N","N","0","","1","0","1","3","2","","1506","2","1","0","0","0","0","0","2","0","2","0","0","0","3","","","N","","","","","","","","","",""
"2021002755","1137","0","0","0","0","0","0","0","0","0","4","0","","67","1","2021","5","39.945404","-75.179736","1136","6","0","0","0","0","0","1","0","0","","0","0","0","11","1","1","","1","0","39 56:43.455","","0","75 10:47.049","3","0","0","0","67301","0","0","0","N","0","0","0","2","67301","0","","1.0","","1","N","N","N","0","","1","0","2","3","2","","1135","2","1","0","0","0","0","0","2","0","2","0","0","0","3","03","","N","","","","","","","","","",""
"2021012974","742","1","0","0","0","0","0","0","0","0","5","0","","67","1","2021","1","39.931573","-75.199558","738","6","0","0","0","0","0","0","0","0","","0","0","0","7","1","1","N","0","2","39 55:53.664","4","0","75 11:58.407","8","0","0","0","67301","0","0","0","N","0","0","0","2","68K01","0","","1.0","30.0","1","N","N","N","0","","0","0","1","0","0","N","730","2","1","0","0","0","1","0","2","0","2","0","0","0","3","","","N","","","","","","","","","",""
"2021040662","1542","1","0","0","0","0","0","0","0","0","5","1","45","67","5","2021","2","39.957971","-75.141266","1511","6","0","0","0","0","0","1","0","0","","0","1","0","15","1","0","N","0","0","39 57:28.696","","0","75 08:28.556","0","0","0","0","67301","0","0","0","N","0","0","0","2","68K01","0","","1.0","","1","N","N","N","0","","0","0","0","0","0","","1508","2","0","0","0","0","0","0","2","0","2","0","0","0","3","","Y","Y","4","1","N","N","N","Y","N","N","Y","N"
"2021009015","1525","2","0","0","0","0","0","0","0","0","5","0","","67","1","2021","6","40.035822","-75.1277","1515","6","0","0","0","0","0","0","0","0","","0","0","0","15","1","0","N","0","0","40 02:08.960","","0","75 07:39.720","0","0","0","0","67301","0","0","0","N","0","0","0","1","67301","0","","6.0","","1","N","N","N","0","","0","0","1","0","0","","1510","3","0","1","0","0","0","0","2","0","3","0","0","0","3","","","N","","","","","","","","","",""
"2021014689","49","1","0","0","0","0","0","0","0","0","4","0","","67","1","2021","3","39.910084","-75.243978","35","6","0","0","0","0","0","0","0","0","","0","0","0","20","3","0","","1","0","39 54:36.302","","0","75 14:38.320","0","0","0","0","67301","0","0","0","N","0","0","0","2","67301","0","","1.0","","1","N","N","N","0","","0","0","1","3","3","","2030","2","0","0","0","0","0","0","2","0","2","0","0","0","3","03","","N","","","","","","","","","",""
"2021003626","1055","1","0","0","0","0","0","0","0","0","7","0","","67","1","2021","1","39.956694","-75.153667","1049","6","0","0","0","1","0","0","0","0","","0","0","0","10","1","0","","7","0","39 57:24.100","","2","75 09:13.200","0","0","0","0","67301","0","0","0","Y","0","0","0","2","68K01","0","","7.0","","9","N","N","N","0","","0","0","0","0","0","","1044","1","0","0","0","0","0","0","2","0","1","0","0","0","3","03","","N","","","","","","","","","",""
"2021002643","1655","1","0","0","0","0","0","0","0","0","1","0","","67","1","2021","5","40.03724","-75.011021","1650","6","0","0","0","0","0","0","0","1","","0","0","0","16","4","2","Y","0","2","40 02:14.063","2","0","75 00:39.675","3","0","0","0","67301","0","0","0","N","0","0","0","2","67301","0","","1.0","1811.0","1","N","N","N","0","","2","0","1","3","2","N","1630","2","2","0","0","0","0","0","2","0","2","0","0","0","3","98","","N","","","","","","","","","",""
"2021009910","1955","0","0","0","0","0","0","0","0","0","4","0","","67","1","2021","5","39.975644","-75.192006","1941","6","0","0","0","0","0","0","0","0","","0","0","0","19","3","1","","2","0","39 58:32.319","","0","75 11:31.223","3","0","0","0","67301","0","0","0","N","0","0","0","2","67301","0","","1.0","","1","N","N","N","0","","1","0","2","0","0","","1931","2","1","0","0","0","0","0","2","0","2","0","0","0","3","03","","N","","","","","","","","","",""
"2021009675","1819","1","0","0","0","0","0","0","0","0","4","0","","67","1","2021","4","39.965936","-75.20682","1819","6","0","0","0","0","0","0","0","0","","0","0","0","18","3","0","","1","0","39 57:57.368","","0","75 12:24.551","9","0","0","0","67301","0","0","0","N","0","0","0","3","67301","0","","1.0","","1","N","N","N","0","","0","0","1","3","3","","1815","2","0","0","0","0","0","1","2","0","2","0","0","0","3","03","","N","","","","","","","","","",""
"2021035727","1319","1","0","0","0","0","0","0","0","0","4","1","","67","4","2021","2","39.914318","-75.152289","1309","6","0","0","0","0","0","0","1","0","","0","1","0","12","1","1","","2","0","39 54:51.546","","0","75 09:08.241","3","0","0","0","67301","0","0","0","N","0","0","0","2","67301","0","","1.0","","1","N","N","N","0","","1","0","0","0","0","","1254","2","1","0","0","0","0","0","2","0","2","0","0","0","3","03","","N","","","","","","","","","",""
"2021009421","1734","1","0","0","0","0","0","0","0","0","4","0","","67","1","2021","5","40.011391","-75.080307","1734","6","0","1","0","0","0","0","0","0","","0","0","0","17","4","3","","1","0","40 00:41.007","","0","75 04:49.105","4","0","0","0","67301","0","0","0","N","0","0","0","5","67301","1","","1.0","","1","N","N","N","0","","0","0","1","3","3","","1733","2","3","1","0","0","2","0","2","0","2","0","0","0","3","","","N","","","","","","","","","",""
"2021012299","1551","2","0","0","0","0","0","0","0","0","6","0","","67","2","2021","6","39.975056","-75.233861","1550","6","0","0","0","0","0","0","1","0","","0","0","0","15","1","1","N","0","0","39 58:30.200","","0","75 14:01.900","3","0","0","0","67301","0","0","0","N","0","0","0","3","67301","0","","1.0","","9","N","N","N","0","","1","0","2","0","0","","1504","4","1","0","0","0","0","0","2","0","4","0","0","0","3","","","N","","","","","","","","","",""
"2021021419","1956","2","0","0","0","0","0","0","0","0","4","0","","67","3","2021","4","40.020881","-75.1486","1956","6","0","0","0","0","0","0","0","0","","0","0","0","16","1","0","N","1","0","40 01:15.173","","0","75 08:54.961","0","0","0","0","67301","0","0","0","N","0","0","0","1","67301","0","","1.0","","1","N","N","N","0","","0","0","0","0","0","","1638","2","0","0","0","0","0","0","2","0","2","0","0","0","3","","","N","","","","","","","","","",""
"2021010258","1746","1","0","0","0","0","0","0","0","0","4","0","","67","1","2021","1","40.031392","-75.152378","1740","6","0","0","0","0","0","0","0","0","","0","0","0","16","3","1","","1","0","40 01:53.011","","0","75 09:08.560","3","0","0","0","67301","0","0","0","N","0","0","0","3","67301","0","","1.0","","7","N","N","N","0","","1","0","0","3","2","","1606","2","1","0","0","0","0","0","2","1","2","0","0","0","10","","","N","","","","","","","","","",""
"2021039842","2332","0","0","0","0","0","0","0","0","0","7","0","","67","4","2021","5","39.882138","-75.245753","2330","6","0","0","0","0","0","0","0","0","","0","0","0","23","3","2","N","0","2","39 52:55.698","2","0","75 14:44.711","3","0","0","0","67301","0","0","0","N","0","0","0","2","68K01","0","","4.0","1235.0","9","N","N","N","0","","2","0","1","0","0","N","2326","1","2","0","0","0","0","0","2","0","1","0","0","0","7","","","N","","","","","","","","","",""
"2021014185","1254","2","0","0","0","0","0","0","0","0","4","0","","67","2","2021","4","40.019437","-75.191254","1250","6","0","0","0","0","0","0","0","0","","0","0","0","12","1","1","","3","1","40 01:09.972","2","0","75 11:28.516","3","0","0","0","67301","0","0","0","N","0","0","0","2","67301","0","","1.0","1310.0","1","N","N","N","0","","1","0","0","0","0","Y","1243","2","1","0","0","0","0","0","2","0","2","0","0","0","3","","","N","","","","","","","","","",""
"2021040320","1719","1","0","0","0","0","0","0","0","0","1","0","","67","5","2021","2","40.009825","-75.206086","1719","6","0","0","0","0","0","0","0","0","","0","0","0","17","1","1","N","6","0","40 00:35.370","","2","75 12:21.910","3","0","0","0","67301","0","0","0","N","0","0","0","2","68K01","0","","1.0","","1","N","N","N","0","","1","0","1","3","3","","1719","2","1","0","0","0","0","0","2","0","2","0","0","0","3","","","N","","","","","","","","","",""
"2021010645","1743","0","0","0","0","0","0","0","0","0","4","0","","67","1","2021","6","40.001765","-75.129657","1743","6","0","0","0","0","0","0","0","0","","0","0","0","9","1","1","","1","0","40 00:06.354","","0","75 07:46.765","3","0","0","0","67301","0","0","0","N","0","0","0","2","67301","0","","1.0","","1","N","N","N","1","","1","0","1","3","3","","900","2","1","0","0","0","0","0","2","0","2","0","0","0","3","03","","N","","","","","","","","","",""
"2021041883","206","0","0","0","0","0","0","0","0","0","1","1","","67","5","2021","7","39.892297","-75.242696","151","6","0","0","0","0","0","0","0","0","","0","1","0","22","3","0","Y","0","1","39 53:32.269","2","0","75 14:33.704","0","0","0","0","67301","0","0","0","N","0","0","0","2","67301","0","","1.0","300.0","9","N","N","N","0","","0","0","1","3","2","N","2250","2","0","0","0","0","0","0","2","0","2","0","0","0","7","07","","N","","","","","","","","","",""
"2021006011","1722","3","0","0","0","0","0","0","0","0","5","0","","67","1","2021","5","40.035103","-75.035611","1712","6","0","0","0","0","0","0","0","0","","0","0","0","17","3","0","N","0","0","40 02:06.370","","0","75 02:08.200","9","0","0","0","67301","0","0","0","N","0","0","0","1","67301","0","","6.0","","1","N","N","Y","0","","0","0","0","0","0","","1705","3","0","0","0","0","0","1","2","0","3","0","0","0","3","","","N","","","","","","","","","",""
"2021004343","33","1","0","0","0","0","0","0","0","0","7","0","55","67","1","2021","3","39.899078","-75.167174","28","6","0","0","0","0","0","1","0","0","","0","0","0","0","3","1","N","0","2","39 53:56.682","1","3","75 10:01.826","3","0","0","0","67301","0","0","0","N","0","0","0","2","68K01","0","","4.0","100.0","1","N","N","N","1","","1","0","0","0","0","N","28","2","1","0","0","0","0","0","2","0","2","0","0","0","3","","Y","Y","4","1","N","N","Y","Y","Y","N","Y","N"
"2021041811","945","2","0","0","0","0","0","0","0","0","4","0","","67","5","2021","7","39.985007","-75.094804","935","6","0","0","0","0","0","0","0","0","","0","0","0","9","1","1","N","0","2","39 59:06.026","2","0","75 05:41.294","8","0","0","0","67301","0","0","0","N","0","0","0","3","68K01","0","","1.0","1035.0","1","N","N","N","0","","0","0","1","0","0","N","934","3","1","1","0","0","1","0","2","0","3","0","0","0","3","03","","N","","","","","","","","","",""
"2021013659","1500","0","0","0","0","0","0","0","0","0","5","0","","67","2","2021","2","40.100912","-75.007615","1454","6","0","0","0","0","0","1","0","0","","0","0","0","14","1","1","N","0","0","40 06:03.283","","0","75 00:27.415","3","0","0","0","67301","0","0","0","N","0","0","0","2","67301","0","","1.0","","1","N","N","N","0","","1","0","1","0","0","","1454","2","1","0","0","0","0","0","2","0","2","0","0","0","3","","","N","","","","","","","","","",""
"2021012825","1","0","0","0","0","0","0","0","0","0","7","0","","67","2","2021","1","39.982","-75.163722","1","6","0","0","0","0","0","0","0","0","","0","0","0","23","3","0","N","0","1","39 58:55.200","1","0","75 09:49.400","0","0","0","0","67301","0","0","0","N","0","0","0","1","67505","0","","1.0","40.0","9","N","N","N","0","","0","0","1","0","0","Y","2355","1","0","0","0","0","0","0","2","0","1","0","0","0","10","03","","N","","","","","","","","","",""
"2021002537","729","1","0","0","0","0","0","0","0","0","7","0","","67","1","2021","1","40.035928","-75.016197","726","6","0","0","1","0","0","0","0","0","","0","0","0","7","1","1","N","0","1","40 02:09.340","1","3","75 00:58.308","8","0","0","0","67301","0","0","0","N","0","0","0","1","68K01","0","","3.0","800.0","9","N","N","N","0","","0","0","0","0","0","N","725","1","1","0","0","0","1","0","2","0","1","0","0","0","9","09","","N","","","","","","","","","",""
"2021009092","800","2","0","0","0","0","0","0","0","0","5","0","","67","1","2021","1","39.988303","-75.123742","752","6","0","0","0","0","0","0","0","0","","0","0","0","7","5","0","N","0","0","39 59:17.889","","0","75 07:25.471","0","0","0","0","67301","0","0","0","N","0","0","0","2","67301","0","","6.0","","1","N","N","N","0","","0","0","1","0","0","","752","4","0","0","0","0","0","0","2","1","4","0","0","0","3","98","","N","","","","","","","","","",""
"2021036666","1759","0","0","0","0","0","0","0","0","0","4","0","","67","4","2021","4","39.994662","-75.123888","1755","6","0","0","0","0","0","0","0","0","","0","1","0","17","1","1","","1","0","39 59:40.783","","0","75 07:25.996","3","0","0","0","67301","0","0","0","N","0","0","0","2","67301","0","","1.0","","99","N","N","N","0","","1","0","0","3","3","","1753","2","1","1","0","0","0","0","2","0","2","0","0","0","3","03","","N","","","","","","","","","",""
"2021007737","300","1","0","0","0","0","0","0","0","0","4","0","","67","1","2021","1","39.981447","-75.167097","259","6","0","0","0","0","0","0","0","0","","0","0","0","2","3","2","","1","0","39 58:53.209","","0","75 10:01.549","3","0","0","0","67301","0","0","0","N","0","0","0","4","67301","1","","1.0","","1","N","N","N","1","","1","0","0","3","3","","258","2","2","1","0","0","0","0","2","0","2","0","0","0","3","","","N","","","","","","","","","",""
"2021008610","259","1","0","0","0","0","0","0","0","0","7","0","","67","1","2021","4","40.009778","-75.065306","249","6","0","0","0","0","0","0","0","0","","0","0","0","2","2","1","","7","2","40 00:35.200","2","2","75 03:55.100","3","0","0","0","67301","0","0","0","N","0","0","0","1","68K01","0","","7.0","307.0","1","N","N","N","0","","1","0","0","0","0","N","247","1","1","0","0","0","0","0","2","0","1","0","0","0","3","03","","N","","","","","","","","","",""
"2021007466","1845","3","0","0","0","0","0","0","0","0","5","0","","67","1","2021","7","39.938667","-75.22675","1841","6","0","0","0","0","0","0","0","0","","0","0","0","6","3","0","N","0","0","39 56:19.200","","0","75 13:36.300","9","0","0","0","67301","0","0","0","N","0","0","0","1","67301","0","","6.0","","99","N","N","N","0","","0","0","0","0","0","","640","3","0","0","0","0","0","1","2","0","3","0","0","0","99","03","","N","","","","","","","","","",""
"2021042060","1554","2","0","0","0","0","0","0","0","0","4","0","","67","2","2021","5","39.964578","-75.236196","1554","6","0","0","0","0","0","0","0","0","","0","0","0","15","1","2","","1","0","39 57:52.480","","0","75 14:10.305","3","0","0","0","67301","0","0","0","N","0","0","0","4","67301","1","","1.0","","1","N","N","Y","0","","1","0","0","3","3","","1554","2","2","2","0","0","0","0","2","0","2","0","0","0","3","","","N","","","","","","","","","",""
"2021006314","2133","3","0","0","0","0","0","0","0","0","5","0","","67","1","2021","6","40.035095","-75.018488","2102","6","0","0","0","0","1","2","0","0","","0","0","0","20","3","3","N","0","1","40 02:06.343","2","3","75 01:06.556","4","0","0","0","67301","0","0","0","N","0","0","0","8","68K01","3","","1.0","100.0","9","N","N","N","0","","0","0","2","0","0","N","2059","5","3","0","0","0","0","0","2","0","5","0","0","0","4","","","N","","","","","","","","","",""
"2021042335","1415","0","0","0","0","0","0","0","0","0","4","0","","67","5","2021","7","40.016591","-75.149643","1415","6","0","0","0","0","0","0","0","0","","0","0","0","14","1","0","N","0","2","40 00:59.727","2","7","75 08:58.713","0","0","0","0","67301","0","0","0","N","0","0","0","2","67301","0","","1.0","1528.0","1","N","N","N","0","","0","0","1","0","0","N","1412","2","0","0","0","0","0","0","2","0","2","0","0","0","3","03","","N","","","","","","","","","",""
"2021014305","2223","0","0","0","0","0","0","0","0","0","5","1","","67","2","2021","4","39.913189","-75.142817","2215","6","0","0","0","0","0","0","0","0","","0","1","0","22","3","0","N","0","0","39 54:47.481","","0","75 08:34.141","0","0","0","0","67301","0","0","0","N","0","0","0","1","67301","0","","6.0","","1","N","N","N","0","","0","0","1","0","0","","2208","2","0","0","0","0","0","0","2","0","2","0","0","0","3","03","","N","","","","","","","","","",""
"2021006013","1817","1","0","0","0","0","0","0","0","0","8","0","","67","1","2021","6","40.022978","-75.051975","1812","6","0","0","0","0","0","0","0","0","","0","0","0","18","3","1","N","0","0","40 01:22.720","","0","75 03:07.110","3","0","0","0","67301","1","0","0","N","1","0","0","2","67301","0","","1.0","","1","N","N","N","0","","1","0","0","0","0","","1812","2","1","0","0","0","0","0","2","0","1","1","0","0","3","03","","N","","","","","","","","","",""
"2021006917","316","1","0","0","0","0","0","0","0","0","7","0","","67","1","2021","3","39.966564","-75.262286","316","6","0","0","0","0","1","0","0","0","","0","0","0","3","3","3","N","0","0","39 57:59.630","","0","75 15:44.230","2","0","0","0","67301","0","0","0","N","0","0","0","3","67301","0","","4.0","","1","N","N","N","0","","0","3","0","0","0","","313","1","3","1","0","1","0","0","2","0","1","0","0","0","99","03","","N","","","","","","","","","",""
"2021035477","2330","1","0","0","0","0","0","0","0","0","7","0","","67","1","2021","1","39.974667","-75.238333","2240","6","0","0","0","0","1","0","0","0","","0","0","0","22","3","0","N","0","0","39 58:28.800","","0","75 14:18.000","0","0","0","0","67301","0","0","0","N","0","0","0","1","67301","0","","5.0","","1","N","N","Y","0","","0","0","0","0","0","","2240","2","0","0","0","0","0","0","2","1","2","0","0","0","3","","","N","","","","","","","","","",""
"2021020725","1210","3","0","0","0","0","0","0","0","0","4","0","","67","3","2021","2","39.933853","-75.155759","1206","6","0","0","0","0","0","0","0","0","","0","0","0","23","3","0","","1","2","39 56:01.870","4","0","75 09:20.732","0","0","0","0","67301","0","0","0","N","0","0","0","2","67301","0","","1.0","130.0","1","N","N","N","0","","0","0","2","3","3","Y","2308","5","0","0","0","0","0","0","2","0","5","0","0","0","3","03","","N","","","","","","","","","",""
"2021010203","1335","0","0","0","0","0","0","0","0","0","8","0","","67","1","2021","7","40.06431","-75.153541","1312","6","0","0","0","0","0","0","0","0","","0","0","0","20","1","1","","5","0","40 03:51.516","","0","75 09:12.747","3","0","0","0","67301","1","0","0","N","1","0","0","2","67301","0","","1.0","","99","N","N","N","0","","1","0","0","3","2","","2030","2","1","0","0","0","0","1","2","0","1","1","0","0","99","03","","N","","","","","","","","","",""
"2021015238","100","2","0","0","0","0","0","0","0","0","5","0","","67","2","2021","4","39.957015","-75.213348","143","6","0","0","0","0","0","0","1","0","","0","0","0","14","1","1","","1","0","39 57:25.253","","0","75 12:48.054","3","0","0","0","67301","0","0","0","N","0","0","0","3","67301","0","","1.0","","1","N","N","N","0","","1","0","0","3","2","","1400","2","1","1","0","0","0","2","2","0","2","0","0","0","3","98","","N","","","","","","","","","",""