"CRN","ARRIVAL_TM","AUTOMOBILE_COUNT","BELTED_DEATH_COUNT","BELTED_SUSP_SERIOUS_INJ_COUNT","BICYCLE_COUNT","BICYCLE_DEATH_COUNT","BICYCLE_SUSP_SERIOUS_INJ_COUNT","BUS_COUNT","CHLDPAS_DEATH_COUNT","CHLDPAS_SUSP_SERIOUS_INJ_COUNT","COLLISION_TYPE","COMM_VEH_COUNT","CONS_ZONE_SPD_LIM","COUNTY","CRASH_MONTH","CRASH_YEAR","DAY_OF_WEEK","DEC_LATITUDE","DEC_LONGITUDE","DISPATCH_TM","DISTRICT","DRIVER_COUNT_16YR","DRIVER_COUNT_17YR","DRIVER_COUNT_18YR","DRIVER_COUNT_19YR","DRIVER_COUNT_20YR","DRIVER_COUNT_50_64YR","DRIVER_COUNT_65_74YR","DRIVER_COUNT_75PLUS","EST_HRS_CLOSED","FATAL_COUNT","HEAVY_TRUCK_COUNT","HORSE_BUGGY_COUNT","HOUR_OF_DAY","ILLUMINATION","INJURY_COUNT","INTERSECTION_RELATED","INTERSECT_TYPE","LANE_CLOSED","LATITUDE","LN_CLOSE_DIR","LOCATION_TYPE","LONGITUDE","MAX_SEVERITY_LEVEL","MCYCLE_DEATH_COUNT","MCYCLE_SUSP_SERIOUS_INJ_COUNT","MOTORCYCLE_COUNT","MUNICIPALITY","NONMOTR_COUNT","NONMOTR_DEATH_COUNT","NONMOTR_SUSP_SERIOUS_INJ_COUNT","NTFY_HIWY_MAINT","PED_COUNT","PED_DEATH_COUNT","PED_SUSP_SERIOUS_INJ_COUNT","PERSON_COUNT","POLICE_AGCY","POSSIBLE_INJ_COUNT","RDWY_SURF_TYPE_CD","RELATION_TO_ROAD","ROADWAY_CLEARED","ROAD_CONDITION","SCH_BUS_IND","SCH_ZONE_IND","SECONDARY_CRASH","SMALL_TRUCK_COUNT","SPEC_JURIS_CD","SUSP_MINOR_INJ_COUNT","SUSP_SERIOUS_INJ_COUNT","SUV_COUNT","TCD_FUNC_CD","TCD_TYPE","TFC_DETOUR_IND","TIME_OF_DAY","TOTAL_UNITS","TOT_INJ_COUNT","UNBELTED_OCC_COUNT","UNB_DEATH_COUNT","UNB_SUSP_SERIOUS_INJ_COUNT","UNK_INJ_DEG_COUNT","UNK_INJ_PER_COUNT","URBAN_RURAL","VAN_COUNT","VEHICLE_COUNT","VULNERABLE_ROAD_USER_COUNT","VULNERABLE_ROAD_USER_DEATH_COUNT","VULNERABLE_ROAD_USER_SER_INJ_COUNT","WEATHER1","WEATHER2","WORKERS_PRES","WORK_ZONE_IND","WORK_ZONE_LOC","WORK_ZONE_TYPE","WZ_CLOSE_DETOUR","WZ_FLAGGER","WZ_LAW_OFFCR_IND","WZ_LN_CLOSURE","WZ_MOVING","WZ_OTHER","WZ_SHLDER_MDN","WZ_WORKERS_INJ_KILLED"
"2021011521","835","1","0","0","0","0","0","0","0","0","1","0","","67","2","2021","4","39.977833","-75.255881","826","6","0","0","0","0","1","0","0","0","","0","0","0","8","1","1","","11","0","39 58:40.200","","0","75 15:21.170","3","0","0","0","67301","0","0","0","N","0","0","0","4","67301","0","","1.0","","2","N","N","N","1","","1","0","1","3","3","","810","3","1","0","0","0","0","0","2","0","3","0","0","0","10","04","","N","","","","","","","","","",""
"2021008749","1225","2","0","0","0","0","0","0","0","0","4","0","","67","1","2021","3","40.056962","-75.088369","1217","6","0","0","0","0","0","1","0","0","","0","0","0","11","1","1","","1","0","40 03:25.064","","0","75 05:18.129","3","0","0","0","67301","0","0","0","N","0","0","0","2","67301","0","","1.0","","9","N","N","N","0","","1","0","0","3","2","","1152","2","1","0","0","0","0","0","2","0","2","0","0","0","6","","","N","","","","","","","","","",""
"2021005363","925","1","0","0","0","0","0","0","0","0","5","0","","67","1","2021","4","40.008816","-75.204984","925","6","0","0","0","0","0","1","0","0","","0","0","0","9","1","0","N","0","0","40 00:31.739","","0","75 12:17.944","0","0","0","0","67301","0","0","0","N","0","0","0","3","68K01","0","","1.0","","1","N","N","N","1","","0","0","0","0","0","","902","2","0","0","0","0","0","0","2","0","2","0","0","0","3","","","N","","","","","","","","","",""
"2021035495","1235","2","0","0","0","0","0","0","0","0","4","0","","67","4","2021","4","40.057977","-75.052698","1231","6","0","0","0","0","0","0","0","0","","0","0","0","12","1","2","","1","1","40 03:28.718","2","0","75 03:09.712","8","0","0","0","67301","0","0","0","N","0","0","0","2","67301","0","","3.0","1335.0","1","N","N","N","0","","0","0","0","3","1","N","1214","2","2","0","0","0","2","0","2","0","2","0","0","0","3","04","","N","","","","","","","","","",""
"2021012971","1357","1","0","0","0","0","0","0","0","0","1","0","","67","1","2021","6","39.957434","-75.158564","1327","6","0","0","0","0","0","0","0","0","","0","0","0","13","1","0","N","0","0","39 57:26.764","","0","75 09:30.830","0","0","0","0","67301","0","0","0","N","0","0","0","4","68K01","0","","3.0","","1","N","N","N","0","","0","0","2","0","0","","1323","3","0","0","0","0","0","0","2","0","3","0","0","0","3","","","N","","","","","","","","","",""
"2021011400","2033","1","0","0","0","0","0","0","0","0","1","0","","67","1","2021","2","39.977448","-75.200728","2032","6","0","0","0","0","0","0","0","0","","0","0","0","20","3","2","N","0","1","39 58:38.814","3","0","75 12:02.622","3","0","0","0","67301","0","0","0","N","0","0","0","3","68K01","0","","1.0","100.0","1","N","N","N","0","","2","0","1","0","0","N","2029","2","2","0","0","0","0","0","2","0","2","0","0","0","3","","","N","","","","","","","","","",""
"2021014769","937","0","0","0","0","0","0","0","0","0","2","0","","67","2","2021","3","39.892668","-75.233949","932","6","0","0","0","0","0","0","0","0","","0","0","0","9","1","1","N","0","1","39 53:33.603","2","0","75 14:02.216","3","0","0","0","67301","0","0","0","N","0","0","0","4","68K01","0","","1.0","1015.0","6","N","N","N","0","","1","0","2","0","0","N","932","2","1","0","0","0","0","0","2","0","2","0","0","0","2","","","N","","","","","","","","","",""
"2021025440","750","1","0","0","0","0","0","0","0","0","5","1","","67","3","2021","5","39.978472","-75.202724","734","6","0","0","0","0","0","1","0","0","","0","1","0","7","1","0","N","0","0","39 58:42.500","","0","75 12:09.808","0","0","0","0","67301","0","0","0","N","0","0","0","3","68K01","0","","1.0","","1","N","N","N","0","","0","0","1","0","0","","731","3","0","0","0","0","0","0","2","0","3","0","0","0","3","","","N","","","","","","","","","",""
"2021014773","2343","1","0","0","0","0","0","0","0","0","7","0","","67","2","2021","3","40.009969","-75.206372","2336","6","0","0","0","0","0","0","0","0","","0","0","0","23","3","0","N","0","0","40 00:35.887","","0","75 12:22.940","0","0","0","0","67301","0","0","0","N","0","0","0","1","68K01","0","","2.0","","7","N","N","N","0","","0","0","0","0","0","","2321","1","0","0","0","0","0","0","2","0","1","0","0","0","10","","","N","","","","","","","","","",""
"2021009597","2125","0","0","0","0","0","0","0","0","0","7","0","45","67","1","2021","1","39.947436","-75.187289","2117","6","0","0","0","0","0","0","0","0","","0","0","0","21","3","0","N","0","1","39 56:50.770","4","0","75 11:14.241","0","0","0","0","67301","0","0","0","N","0","0","0","1","68K01","0","","4.0","2200.0","1","N","N","N","0","","0","0","1","0","0","N","2117","1","0","0","0","0","0","0","2","0","1","0","0","0","3","","N","Y","4","1","","","N","Y","","","","N"
"2021041083","1327","1","0","0","0","0","0","0","0","0","4","0","","67","5","2021","4","39.953526","-75.226217","1325","6","0","0","0","0","0","1","0","0","","0","0","0","12","1","0","","1","0","39 57:12.694","","0","75 13:34.382","0","0","0","0","67301","0","0","0","N","0","0","0","2","67301","0","","1.0","","9","N","N","N","0","","0","0","1","3","2","","1254","2","0","0","0","0","0","0","2","0","2","0","0","0","4","07","","N","","","","","","","","","",""
"2021023314","655","1","0","0","0","0","0","0","0","0","7","0","","67","2","2021","2","40.006084","-75.196721","631","6","0","0","0","0","0","0","0","0","","0","0","0","6","3","0","N","0","0","40 00:21.901","","0","75 11:48.197","0","0","0","0","67301","0","0","0","N","0","0","0","1","68K01","0","","2.0","","9","N","N","N","0","","0","0","0","0","0","","622","1","0","0","0","0","0","0","2","0","1","0","0","0","10","","","N","","","","","","","","","",""
"2021008357","1319","1","0","0","0","0","0","0","0","0","4","0","","67","1","2021","2","40.055561","-75.062041","1315","6","0","0","0","0","0","2","0","0","","0","0","0","13","1","1","","1","1","40 03:20.018","2","0","75 03:43.347","3","0","0","0","67301","0","0","0","N","0","0","0","2","67301","0","","1.0","1428.0","1","N","N","N","0","","1","0","1","3","3","N","1315","2","1","0","0","0","0","0","2","0","2","0","0","0","4","","","N","","","","","","","","","",""
"2021011796","447","2","0","1","0","0","0","0","0","0","2","0","","67","1","2021","5","39.934667","-75.235139","447","6","0","0","0","0","0","0","0","0","","0","0","0","22","3","1","N","0","0","39 56:04.800","","0","75 14:06.500","2","0","0","0","67301","0","0","0","N","0","0","0","2","67301","0","","1.0","","1","N","N","N","0","","0","1","0","0","0","","2213","2","1","0","0","0","0","0","2","0","2","0","0","0","3","03","","N","","","","","","","","","",""
"2021004717","2359","1","0","0","0","0","0","0","0","0","5","0","","67","1","2021","1","39.985889","-75.161278","2359","6","0","0","0","0","0","0","0","0","","0","0","0","23","3","0","N","0","0","39 59:09.200","","3","75 09:40.600","0","0","0","0","67301","0","0","0","N","0","0","0","2","67501","0","","1.0","","1","N","N","N","0","","0","0","1","0","0","","2359","2","0","0","0","0","0","0","2","0","2","0","0","0","3","","","N","","","","","","","","","",""
"2021038911","1600","0","0","0","0","0","0","0","0","0","4","0","","67","4","2021","5","39.991499","-75.148313","1545","6","0","0","0","0","0","0","0","0","","0","1","0","15","1","0","","1","0","39 59:29.396","","0","75 08:53.928","0","0","0","0","67301","0","0","0","N","0","0","0","1","67301","0","","1.0","","1","N","N","N","1","","0","0","1","3","2","","1513","3","0","0","0","0","0","0","2","0","3","0","0","0","4","03","","N","","","","","","","","","",""
"2021038481","2108","2","0","0","0","0","0","0","0","0","4","0","","67","1","2021","6","40.002109","-75.132573","2101","6","0","0","0","1","0","0","0","0","","0","0","0","20","3","0","","1","2","40 00:07.592","2","0","75 07:57.262","0","0","0","0","67301","0","0","0","N","0","0","0","2","67301","0","","1.0","2210.0","1","N","N","N","0","","0","0","1","3","2","N","2050","4","0","0","0","0","0","0","2","1","4","0","0","0","3","03","","N","","","","","","","","","",""
"2021005998","2029","0","0","0","0","0","0","0","0","0","4","0","","67","1","2021","4","39.916083","-75.225889","2023","6","0","1","0","0","0","0","0","0","","0","0","0","20","3","1","","2","0","39 54:57.900","","0","75 13:33.200","8","0","0","0","67301","0","0","0","N","0","0","0","2","67301","0","","1.0","","1","N","N","N","0","","0","0","1","3","2","","2020","2","1","0","0","0","1","0","2","1","2","0","0","0","3","03","","N","","","","","","","","","",""
"2021012558","1539","0","0","0","0","0","0","0","0","0","2","0","","67","2","2021","7","39.966522","-75.147264","1529","6","0","0","0","0","0","2","0","0","","0","0","0","14","1","1","N","0","0","39 57:59.480","","0","75 08:50.150","3","0","0","0","67301","0","0","0","N","0","0","0","2","67301","0","","1.0","","9","N","N","N","0","","1","0","2","0","0","","1456","2","1","0","0","0","0","0","2","0","2","0","0","0","3","03","","N","","","","","","","","","",""
"2021007471","610","2","0","0","0","0","0","0","0","0","6","0","","67","1","2021","3","39.922675","-75.246199","608","6","0","0","0","0","0","0","0","0","","0","0","0","6","3","0","N","0","0","39 55:21.630","","0","75 14:46.315","0","0","0","0","67301","0","0","0","N","0","0","0","2","67301","0","","1.0","","1","N","N","N","0","","0","0","0","0","0","","608","2","0","1","0","0","0","0","2","0","2","0","0","0","3","","","N","","","","","","","","","",""
"2021012723","717","1","0","0","0","0","0","0","0","0","4","0","","67","2","2021","1","39.966395","-75.207562","715","6","0","0","0","0","0","1","0","0","","0","0","0","6","5","2","","1","1","39 57:59.023","6","0","75 12:27.223","3","0","0","0","67301","0","0","0","N","0","0","0","7","67301","0","","1.0","740.0","9","N","N","N","0","","2","0","2","3","2","N","650","3","2","0","0","0","0","1","2","0","3","0","0","0","7","04","","N","","","","","","","","","",""
"2021008843","2125","1","0","0","0","0","0","0","0","0","1","0","","67","1","2021","3","39.963328","-75.146664","2120","6","0","0","0","0","0","0","0","0","","0","0","0","20","3","0","N","0","0","39 57:47.980","","0","75 08:47.990","9","0","0","0","67301","0","0","0","N","0","0","0","1","67301","0","","6.0","","9","N","N","N","0","","0","0","2","0","0","","2057","3","0","0","0","0","0","1","2","0","3","0","0","0","7","07","","N","","","","","","","","","",""
"2021008845","1525","1","0","0","0","0","0","0","0","0","4","0","","67","1","2021","1","40.041584","-75.03407","1513","6","0","0","0","0","1","0","0","0","","0","0","0","15","1","1","","1","0","40 02:29.702","","0","75 02:02.651","4","0","0","0","67301","0","0","0","N","0","0","0","2","67301","1","","1.0","","1","N","N","N","0","","0","0","1","3","3","","1506","2","1","0","0","0","0","0","2","0","2","0","0","0","3","","","N","","","","","","","","","",""
"2021005994","2316","2","0","0","0","0","0","0","0","0","4","0","","67","1","2021","6","39.904061","-75.240291","2315","6","0","0","0","0","0","0","0","0","","0","0","0","22","3","0","","1","0","39 54:14.619","","0","75 14:25.049","9","0","0","0","67301","0","0","0","N","0","0","0","2","67301","0","","1.0","","1","N","N","N","0","","0","0","0","3","2","","2200","2","0","0","0","0","0","1","2","0","2","0","0","0","3","","","N","","","","","","","","","",""
"2021012925","659","2","0","0","0","0","0","0","0","0","1","0","","67","2","2021","1","39.981203","-75.177428","658","6","0","0","0","0","0","0","0","0","","0","0","0","6","1","0","N","0","0","39 58:52.330","","0","75 10:38.740","0","0","0","0","67301","0","0","0","N","0","0","0","1","67301","0","","6.0","","1","N","N","N","0","","0","0","1","0","0","","603","3","0","0","0","0","0","0","2","0","3","0","0","0","3","03","","N","","","","","","","","","",""
"2021005985","1926","2","0","0","0","0","0","0","0","0","1","0","","67","1","2021","1","39.921389","-75.216139","1925","6","0","0","0","0","0","0","0","0","","0","0","0","17","2","0","N","0","0","39 55:17.000","","0","75 12:58.100","0","0","0","0","67301","0","0","0","N","0","0","0","1","67301","0","","1.0","","9","N","N","N","0","","0","0","0","0","0","","1751","2","0","1","0","0","0","0","2","0","2","0","0","0","4","07","","N","","","","","","","","","",""
"2021007291","547","0","0","0","0","0","0","0","0","0","7","0","","67","1","2021","3","39.97516","-75.168206","545","6","0","0","0","0","0","0","0","0","","0","0","0","5","3","1","N","0","0","39 58:30.577","","0","75 10:05.541","8","0","0","0","67301","0","0","0","N","0","0","0","1","67301","0","","4.0","","1","N","N","N","0","","0","0","1","0","0","","540","1","1","0","0","0","1","0","2","0","1","0","0","0","3","03","","N","","","","","","","","","",""
"2021004028","1700","1","0","0","0","0","0","0","0","0","5","0","","67","1","2021","3","39.960111","-75.156139","1700","6","0","0","0","0","0","0","0","0","","0","0","0","16","1","1","N","0","0","39 57:36.400","","0","75 09:22.100","3","0","0","0","67301","0","0","0","N","0","0","0","2","67301","0","","1.0","","1","N","N","N","0","","1","0","0","0","0","","1600","2","1","0","0","0","0","0","2","0","2","0","0","0","3","03","","N","","","","","","","","","",""
"2021002844","908","1","0","0","0","0","0","0","0","0","7","0","","67","1","2021","5","39.955096","-75.141183","858","6","0","0","0","0","0","0","0","0","","0","0","0","8","1","0","N","0","1","39 57:18.345","3","8","75 08:28.257","0","0","0","0","67301","0","0","0","N","0","0","0","1","68K01","0","","4.0","100.0","1","N","N","N","0","","0","0","0","0","0","N","847","1","0","0","0","0","0","0","2","0","1","0","0","0","3","","","N","","","","","","","","","",""
"2021013541","1640","1","0","0","0","0","0","0","0","0","1","0","","67","1","2021","5","39.926243","-75.194471","1617","6","0","0","0","0","0","2","0","0","","0","0","0","16","1","0","N","0","2","39 55:34.476","3","0","75 11:40.096","0","0","0","0","67301","0","0","0","N","0","0","0","2","68K01","0","","1.0","1727.0","1","N","N","N","0","","0","0","1","0","0","N","1613","2","0","0","0","0","0","0","2","0","2","0","0","0","3","","","N","","","","","","","","","",""
"2021015430","2228","1","0","0","0","0","0","0","0","0","4","0","","67","2","2021","5","40.03657","-75.131522","2215","6","0","0","0","0","0","0","0","0","","0","0","0","21","3","0","","1","0","40 02:11.652","","0","75 07:53.479","0","0","0","0","67301","0","0","0","N","0","0","0","3","67301","0","","1.0","","1","N","N","N","0","","0","0","1","3","3","","2148","2","0","0","0","0","0","0","2","0","2","0","0","0","3","","","N","","","","","","","","","",""
"2021005971","1850","2","0","0","0","0","0","0","0","0","4","0","","67","1","2021","1","40.079536","-75.042176","1839","6","0","1","0","0","0","0","0","0","","0","0","0","18","3","0","","1","0","40 04:46.328","","0","75 02:31.835","0","0","0","0","67301","0","0","0","N","0","0","0","2","67301","0","","1.0","","1","N","N","N","0","","0","0","0","3","1","","1837","2","0","1","0","0","0","0","2","0","2","0","0","0","3","03","","N","","","","","","","","","",""
"2021000383","351","1","0","0","0","0","0","0","0","0","7","0","15","67","1","2021","7","39.909361","-75.1575","350","6","0","0","0","0","0","0","0","0","","0","0","0","3","3","0","N","0","0","39 54:33.700","","2","75 09:27.000","0","0","0","0","67301","0","0","0","N","0","0","0","1","67501","0","","5.0","","9","N","N","N","0","","0","0","0","0","0","","350","1","0","0","0","0","0","0","2","0","1","0","0","0","7","","N","Y","3","1","","","N","","","","Y","N"
"2021037263","1750","1","0","0","0","0","0","0","0","0","1","0","","67","4","2021","6","39.975451","-75.11571","1727","6","0","0","0","0","0","2","0","0","","0","0","0","17","1","0","N","0","0","39 58:31.622","","0","75 06:56.557","0","0","0","0","67301","0","0","0","N","0","0","0","4","68K01","0","","1.0","","1","N","N","N","0","","0","0","1","3","8","","1722","2","0","0","0","0","0","0","2","0","2","0","0","0","3","","","N","","","","","","","","","",""
"2021014180","930","1","0","0","0","0","0","0","0","0","1","1","","67","2","2021","4","39.957758","-75.152142","930","6","0","0","0","0","0","1","0","0","","0","1","0","9","1","1","Y","0","0","39 57:27.930","","0","75 09:07.710","8","0","0","0","67301","0","0","0","N","0","0","0","3","67301","0","","1.0","","1","N","N","N","0","","0","0","0","3","2","","925","2","1","0","0","0","1","0","2","0","2","0","0","0","3","03","","N","","","","","","","","","",""
"2021013539","1657","4","0","0","0","0","0","0","0","0","1","0","","67","1","2021","4","39.997074","-75.081988","1657","6","0","0","0","0","0","1","1","0","","0","0","0","16","1","0","N","0","1","39 59:49.468","1","0","75 04:55.155","0","0","0","0","67301","0","0","0","N","0","0","0","4","68K01","0","","1.0","1720.0","1","N","N","N","0","","0","0","0","0","0","N","1650","4","0","0","0","0","0","0","2","0","4","0","0","0","3","","","N","","","","","","","","","",""
"2021008747","1100","2","0","0","0","0","0","0","0","0","4","0","","67","1","2021","6","39.928483","-75.182072","1100","6","0","0","0","0","0","0","0","0","","0","0","0","10","1","0","N","0","0","39 55:42.540","","7","75 10:55.460","9","0","0","0","67301","0","0","0","N","0","0","0","1","67301","0","","1.0","","1","N","N","N","1","","0","0","0","0","0","","1055","3","0","0","0","0","0","1","2","0","3","0","0","0","3","03","","N","","","","","","","","","",""
"2021040788","346","0","0","0","0","0","0","0","0","0","8","0","","67","2","2021","1","40.048286","-75.113691","345","6","0","0","0","0","0","0","0","0","","0","0","0","3","3","1","N","0","0","40 02:53.829","","0","75 06:49.289","2","0","0","0","67301","1","0","1","N","1","0","1","2","67301","0","","1.0","","1","N","N","Y","0","","0","1","0","0","0","","339","2","1","0","0","0","0","0","2","0","1","1","0","1","3","","","N","","","","","","","","","",""
"2021038063","1052","1","0","0","0","0","0","0","0","0","5","1","","67","4","2021","2","39.892926","-75.196922","1040","6","0","0","0","0","0","0","0","0","","0","1","0","10","1","0","N","0","0","39 53:34.533","","3","75 11:48.919","0","0","0","0","67301","0","0","0","N","0","0","0","2","68K01","0","","1.0","","1","N","N","N","0","","0","0","0","0","0","","1038","2","0","0","0","0","0","0","2","0","2","0","0","0","3","03","","N","","","","","","","","","",""
"2021003751","1430","1","0","0","0","0","0","0","0","0","1","0","","67","1","2021","3","40.001427","-75.143726","1420","6","0","0","0","0","0","0","1","0","","0","0","0","12","1","1","N","0","0","40 00:05.137","","1","75 08:37.412","3","0","0","0","67301","0","0","0","N","0","0","0","3","67301","0","","1.0","","1","N","N","N","0","","1","0","1","0","0","","1253","3","1","1","0","0","0","0","2","0","3","0","0","0","4","98","","N","","","","","","","","","",""
"2021008754","2350","2","0","0","0","0","0","0","0","0","4","0","","67","1","2021","1","40.059854","-75.173438","2345","6","0","0","0","0","0","0","0","0","","0","0","0","23","3","0","","1","0","40 03:35.475","","0","75 10:24.377","0","0","0","0","67301","0","0","0","N","0","0","0","2","67301","0","","1.0","","1","N","N","N","0","","0","0","0","3","2","","2335","2","0","0","0","0","0","0","2","0","2","0","0","0","3","03","","N","","","","","","","","","",""
"2021014761","849","0","0","0","0","0","0","0","0","0","7","0","","67","2","2021","2","39.91062","-75.149078","836","6","0","0","0","0","0","0","0","0","","0","0","0","8","1","0","N","6","1","39 54:38.233","1","2","75 08:56.679","0","0","0","0","67301","0","0","0","Y","0","0","0","1","68K01","0","","4.0","917.0","9","N","N","N","0","","0","0","1","0","0","N","819","1","0","0","0","0","0","0","2","0","1","0","0","0","6","09","","N","","","","","","","","","",""
"2021014348","2306","0","0","0","0","0","0","0","0","0","7","1","","67","1","2021","3","39.980185","-75.205358","2252","6","0","0","0","0","1","1","0","0","","0","1","0","22","3","1","N","0","0","39 58:48.667","","0","75 12:19.288","3","0","0","0","67301","0","0","0","N","0","0","0","2","68K01","0","","4.0","","9","N","N","N","0","","1","0","1","0","0","","2237","2","1","0","0","0","0","0","2","0","2","0","0","0","3","","","N","","","","","","","","","",""
"2021011953","904","2","0","0","0","0","0","0","0","0","4","0","","67","2","2021","5","40.048633","-75.144887","903","6","0","0","0","0","0","0","0","0","","0","0","0","9","1","3","","1","0","40 02:55.080","","0","75 08:41.593","3","0","0","0","67301","0","0","0","N","0","0","0","4","67301","0","","1.0","","2","N","N","N","0","","3","0","0","3","2","","900","2","3","0","0","0","0","0","2","0","2","0","0","0","3","","","N","","","","","","","","","",""
"2021010864","2304","0","0","0","0","0","0","0","0","0","1","0","","67","1","2021","1","40.007519","-75.072227","2254","6","0","0","0","0","0","0","0","0","","0","0","0","22","3","0","N","0","0","40 00:27.067","","0","75 04:20.017","9","0","0","0","67301","0","0","0","N","0","0","0","5","68K01","0","","1.0","","1","N","N","N","1","","0","0","1","0","0","","2230","2","0","0","0","0","0","1","2","0","2","0","0","0","3","03","","N","","","","","","","","","",""
"2021025268","1936","2","0","0","0","0","0","0","0","0","4","0","","67","3","2021","3","40.07586","-75.0009","1929","6","0","0","1","0","0","0","0","0","","0","0","0","19","3","2","N","0","0","40 04:33.096","","0","75 00:03.239","3","0","0","0","67301","0","0","0","N","0","0","0","2","67301","0","","1.0","","9","N","N","N","0","","2","0","0","3","8","","1922","2","2","0","0","0","0","0","2","0","2","0","0","0","7","07","","N","","","","","","","","","",""
"2021010074","1152","1","0","0","0","0","0","0","0","0","4","1","","67","1","2021","5","40.021669","-75.112664","1152","6","0","0","0","1","0","0","0","0","","0","1","0","11","1","0","","1","0","40 01:18.010","","0","75 06:45.592","0","0","0","0","67301","0","0","0","N","0","0","0","2","67301","0","","1.0","","1","N","N","N","0","","0","0","0","3","2","","1152","2","0","0","0","0","0","0","2","0","2","0","0","0","3","","","N","","","","","","","","","",""
"2021014360","1410","2","0","0","0","0","0","0","0","0","4","0","","67","1","2021","7","39.981211","-75.102474","1400","6","0","0","0","0","0","1","0","0","","0","0","0","13","1","0","N","0","0","39 58:52.361","","0","75 06:08.907","0","0","0","0","67301","0","0","0","N","0","0","0","2","68K01","0","","1.0","","1","N","N","N","0","","0","0","0","0","0","","1348","2","0","0","0","0","0","0","2","0","2","0","0","0","3","03","","N","","","","","","","","","",""
"2021014785","1620","0","0","0","0","0","0","0","0","0","1","0","","67","2","2021","5","39.898214","-75.183513","1615","6","0","0","0","1","0","0","0","0","","0","0","0","16","1","1","N","0","1","39 53:53.569","2","0","75 11:00.646","8","0","0","0","67301","0","0","0","N","0","0","0","2","68K01","0","","1.0","1622.0","1","N","N","N","0","","0","0","2","0","0","N","1614","2","1","0","0","0","1","0","2","0","2","0","0","0","3","03","","N","","","","","","","","","",""
"2021012805","1550","1","0","0","0","0","0","0","0","0","4","0","","67","2","2021","1","39.979568","-75.175986","1542","6","0","0","0","0","0","0","0","0","","0","0","0","15","1","1","","1","0","39 58:46.445","","0","75 10:33.551","4","0","0","0","67301","0","0","0","N","0","0","0","2","67301","1","","1.0","","6","N","N","N","0","","0","0","1","3","2","","1542","2","1","0","0","0","0","0","2","0","2","0","0","0","10","07","","N","","","","","","","","","",""
"2021012304","2305","2","0","0","0","0","0","0","0","0","2","0","","67","2","2021","6","39.974451","-75.158729","2256","6","0","0","0","0","0","0","0","0","","0","0","0","22","3","0","","1","0","39 58:28.024","","0","75 09:31.424","0","0","0","0","67301","0","0","0","N","0","0","0","3","67505","0","","1.0","","2","N","N","N","0","","0","0","0","3","2","","2250","2","0","0","0","0","0","0","2","0","2","0","0","0","3","03","","N","","","","","","","","","",""
"2021014056","1555","1","0","0","0","0","0","0","0","0","1","0","","67","2","2021","4","40.050771","-75.148714","1549","6","0","0","0","0","0","0","0","0","","0","0","0","14","1","0","","1","9","40 03:02.775","","0","75 08:55.370","0","0","0","0","67301","0","0","0","N","0","0","0","2","67301","0","","1.0","","1","N","N","N","0","","0","0","1","3","2","","1425","2","0","2","0","0","0","0","2","0","2","0","0","0","3","03","","N","","","","","","","","","",""
"2021024509","1013","1","0","0","0","0","0","0","0","0","5","0","","67","3","2021","3","39.955094","-75.159206","1013","6","0","0","0","0","0","1","0","0","","0","1","0","8","1","1","N","0","0","39 57:18.340","","0","75 09:33.140","3","0","0","0","67301","0","0","0","N","0","0","0","2","67301","0","","1.0","","1","N","N","N","0","","1","0","0","0","0","","815","2","1","0","0","0","0","0","2","0","2","0","0","0","3","03","","N","","","","","","","","","",""
"2021013176","826","1","0","0","0","0","0","0","0","0","7","0","","67","2","2021","7","40.101615","-74.998145","821","6","0","0","0","0","0","0","0","0","","0","0","0","8","3","3","","2","1","40 06:05.814","4","0","74 59:53.321","2","0","0","0","67301","2","0","1","N","2","0","1","3","67301","1","","5.0","40.0","1","N","N","N","0","","1","1","0","3","3","Y","817","3","3","0","0","0","0","0","2","0","1","2","0","1","3","03","","N","","","","","","","","","",""
"2021009971","415","1","0","0","0","0","0","0","0","0","5","0","","67","1","2021","7","40.009397","-75.139897","405","6","0","0","0","0","0","0","0","0","","0","0","0","3","3","0","N","0","0","40 00:33.830","","0","75 08:23.630","0","0","0","0","67301","0","0","0","N","0","0","0","1","67301","0","","1.0","","1","N","N","N","0","","0","0","1","0","0","","359","2","0","1","0","0","0","0","2","0","2","0","0","0","3","","","N","","","","","","","","","",""
"2021011648","2218","1","0","0","0","0","0","0","0","0","7","0","","67","1","2021","7","39.914104","-75.192092","2157","6","0","0","0","0","0","0","0","0","","1","0","0","21","3","1","N","0","2","39 54:50.773","1","0","75 11:31.532","1","0","0","0","67301","0","0","0","N","0","0","0","2","67301","0","2","4.0","2230.0","1","N","N","N","0","0","0","1","0","0","0","Y","2156","1","1","0","0","0","0","0","2","0","1","0","0","0","3","","","N","","","","","","","","","",""
"2021025593","2322","0","0","0","0","0","0","0","0","0","4","0","","67","3","2021","4","39.963503","-75.191494","2321","6","0","0","0","0","0","0","0","0","","0","0","0","19","4","1","","1","0","39 57:48.609","","0","75 11:29.380","3","0","0","0","67301","0","0","0","N","0","0","0","1","67301","0","","1.0","","9","N","N","N","0","","1","0","1","3","3","","1920","2","1","0","0","0","0","0","2","0","2","0","0","0","4","","","N","","","","","","","","","",""