"CRN","ARRIVAL_TM","AUTOMOBILE_COUNT","BELTED_DEATH_COUNT","BELTED_SUSP_SERIOUS_INJ_COUNT","BICYCLE_COUNT","BICYCLE_DEATH_COUNT","BICYCLE_SUSP_SERIOUS_INJ_COUNT","BUS_COUNT","CHLDPAS_DEATH_COUNT","CHLDPAS_SUSP_SERIOUS_INJ_COUNT","COLLISION_TYPE","COMM_VEH_COUNT","CONS_ZONE_SPD_LIM","COUNTY","CRASH_MONTH","CRASH_YEAR","DAY_OF_WEEK","DEC_LATITUDE","DEC_LONGITUDE","DISPATCH_TM","DISTRICT","DRIVER_COUNT_16YR","DRIVER_COUNT_17YR","DRIVER_COUNT_18YR","DRIVER_COUNT_19YR","DRIVER_COUNT_20YR","DRIVER_COUNT_50_64YR","DRIVER_COUNT_65_74YR","DRIVER_COUNT_75PLUS","EST_HRS_CLOSED","FATAL_COUNT","HEAVY_TRUCK_COUNT","HORSE_BUGGY_COUNT","HOUR_OF_DAY","ILLUMINATION","INJURY_COUNT","INTERSECTION_RELATED","INTERSECT_TYPE","LANE_CLOSED","LATITUDE","LN_CLOSE_DIR","LOCATION_TYPE","LONGITUDE","MAX_SEVERITY_LEVEL","MCYCLE_DEATH_COUNT","MCYCLE_SUSP_SERIOUS_INJ_COUNT","MOTORCYCLE_COUNT","MUNICIPALITY","NONMOTR_COUNT","NONMOTR_DEATH_COUNT","NONMOTR_SUSP_SERIOUS_INJ_COUNT","NTFY_HIWY_MAINT","PED_COUNT","PED_DEATH_COUNT","PED_SUSP_SERIOUS_INJ_COUNT","PERSON_COUNT","POLICE_AGCY","POSSIBLE_INJ_COUNT","RDWY_SURF_TYPE_CD","RELATION_TO_ROAD","ROADWAY_CLEARED","ROAD_CONDITION","SCH_BUS_IND","SCH_ZONE_IND","SECONDARY_CRASH","SMALL_TRUCK_COUNT","SPEC_JURIS_CD","SUSP_MINOR_INJ_COUNT","SUSP_SERIOUS_INJ_COUNT","SUV_COUNT","TCD_FUNC_CD","TCD_TYPE","TFC_DETOUR_IND","TIME_OF_DAY","TOTAL_UNITS","TOT_INJ_COUNT","UNBELTED_OCC_COUNT","UNB_DEATH_COUNT","UNB_SUSP_SERIOUS_INJ_COUNT","UNK_INJ_DEG_COUNT","UNK_INJ_PER_COUNT","URBAN_RURAL","VAN_COUNT","VEHICLE_COUNT","VULNERABLE_ROAD_USER_COUNT","VULNERABLE_ROAD_USER_DEATH_COUNT","VULNERABLE_ROAD_USER_SER_INJ_COUNT","WEATHER1","WEATHER2","WORKERS_PRES","WORK_ZONE_IND","WORK_ZONE_LOC","WORK_ZONE_TYPE","WZ_CLOSE_DETOUR","WZ_FLAGGER","WZ_LAW_OFFCR_IND","WZ_LN_CLOSURE","WZ_MOVING","WZ_OTHER","WZ_SHLDER_MDN","WZ_WORKERS_INJ_KILLED"
"2021014461","1951","0","0","0","0","0","0","0","0","0","8","0","","67","2","2021","4","39.957869","-75.1569","1951","6","0","0","0","0","0","0","0","0","","0","0","0","19","3","1","N","0","0","39 57:28.330","","0","75 09:24.840","3","0","0","0","67301","1","0","0","N","1","0","0","2","67301","0","","1.0","","1","N","N","N","0","","1","0","0","0","0","","1950","2","1","0","0","0","0","0","2","0","1","1","0","0","3","03","","N","","","","","","","","","",""
"2021024817","2050","1","0","0","0","0","0","0","0","0","7","0","","67","3","2021","1","40.058448","-75.03983","2050","6","0","0","0","0","0","0","0","0","","0","0","0","20","3","0","N","0","0","40 03:30.414","","0","75 02:23.388","0","0","0","0","67301","0","0","0","N","0","0","0","1","67301","0","","2.0","","1","N","N","N","0","","0","0","0","0","0","","2040","1","0","0","0","0","0","0","2","0","1","0","0","0","3","03","","N","","","","","","","","","",""
"2021024515","259","1","0","0","0","0","0","0","0","0","7","0","","67","3","2021","5","40.070509","-75.038776","257","6","0","0","0","0","0","0","0","0","","1","0","0","2","3","0","N","0","2","40 04:13.833","2","0","75 02:19.593","1","0","0","0","67301","0","0","0","N","0","0","0","1","67301","0","2","4.0","521.0","1","N","N","N","0","0","0","0","0","0","0","Y","255","1","0","0","0","0","0","0","2","0","1","0","0","0","5","","","N","","","","","","","","","",""
"2021014588","1042","0","0","0","0","0","0","0","0","0","2","0","","67","2","2021","4","40.040304","-75.04331","1040","6","0","0","0","0","0","0","1","0","","0","0","0","10","1","1","N","1","1","40 02:25.094","6","0","75 02:35.916","8","0","0","0","67301","0","0","0","N","0","0","0","2","67301","0","","1.0","1146.0","1","N","N","N","0","","0","0","2","3","2","N","1036","2","1","0","0","0","1","0","2","0","2","0","0","0","3","03","","N","","","","","","","","","",""
"2021013296","1132","3","0","0","0","0","0","0","0","0","4","0","","67","2","2021","2","39.916829","-75.171324","1115","6","0","0","0","0","0","0","1","0","","0","0","0","10","1","0","","1","0","39 55:00.583","","0","75 10:16.768","0","0","0","0","67301","0","0","0","N","0","0","0","1","67301","0","","1.0","","1","N","N","N","0","","0","0","0","3","2","","1048","3","0","0","0","0","0","0","2","0","3","0","0","0","3","03","","N","","","","","","","","","",""
"2021011547","751","0","0","0","0","0","0","0","0","0","8","0","","67","2","2021","4","40.060398","-74.990435","749","6","0","0","0","0","0","0","1","0","","0","0","0","7","1","1","N","0","0","40 03:37.434","","7","74 59:25.565","8","0","0","0","67301","1","0","0","N","1","0","0","2","67301","0","","5.0","","2","N","N","N","0","","0","0","1","0","0","","748","2","1","0","0","0","1","0","2","0","1","1","0","0","3","","","N","","","","","","","","","",""
"2021025453","1034","0","0","0","0","0","0","0","0","0","1","0","","67","3","2021","3","39.962743","-75.183511","1027","6","0","0","0","0","0","0","0","0","","0","0","0","10","1","0","N","0","0","39 57:45.875","","0","75 11:00.638","0","0","0","0","67301","0","0","0","N","0","0","0","2","68K01","0","","1.0","","1","N","N","N","2","","0","0","0","0","0","","1026","2","0","0","0","0","0","0","2","0","2","0","0","0","3","","","N","","","","","","","","","",""
"2021023839","1910","1","0","0","0","0","0","1","0","0","4","1","","67","2","2021","7","39.986639","-75.094373","1901","6","0","0","0","0","0","0","0","0","","0","0","0","19","3","2","","1","2","39 59:11.900","7","0","75 05:39.743","8","0","0","0","67301","0","0","0","N","0","0","0","3","67508","0","","1.0","2000.0","1","N","N","Y","0","","0","0","0","3","3","Y","1901","2","2","0","0","0","2","0","2","0","2","0","0","0","3","03","","N","","","","","","","","","",""
"2021012661","1140","1","0","0","0","0","0","0","0","0","1","0","","67","1","2021","7","39.958149","-75.164849","1129","6","0","0","0","1","0","1","0","0","","0","0","0","11","1","2","N","0","0","39 57:29.338","","0","75 09:53.456","3","0","0","0","67301","0","0","0","N","0","0","0","6","68K01","0","","1.0","","1","N","N","N","0","","2","0","1","0","0","","1124","2","2","0","0","0","0","0","2","0","2","0","0","0","3","","","N","","","","","","","","","",""
"2021013857","1620","1","0","0","0","0","0","0","0","0","1","0","","67","2","2021","1","39.993975","-75.117967","1614","6","0","0","0","0","0","0","0","0","","0","0","0","16","1","1","","3","0","39 59:38.311","","0","75 07:04.681","3","0","0","0","67301","0","0","0","N","0","0","0","2","67301","0","","1.0","","9","N","N","N","0","","1","0","1","3","2","","1611","2","1","2","0","0","0","0","2","0","2","0","0","0","7","10","","N","","","","","","","","","",""
"2021013939","2126","1","0","0","0","0","0","0","0","0","5","1","","67","1","2021","1","39.929642","-75.146201","2111","6","0","0","0","0","1","0","1","0","","0","1","0","20","3","3","N","0","2","39 55:46.711","2","0","75 08:46.325","3","0","0","0","67301","0","0","0","N","0","0","0","4","68K01","2","","1.0","2236.0","6","N","N","N","0","","1","0","0","0","0","N","2053","2","3","3","0","0","0","0","2","0","2","0","0","0","10","09","","N","","","","","","","","","",""
"2021012475","2141","2","0","0","0","0","0","0","0","0","2","0","","67","2","2021","5","40.107028","-74.995786","2054","6","0","0","0","1","0","0","0","0","","0","0","0","20","3","1","","1","0","40 06:25.299","","0","74 59:44.829","3","0","0","0","67301","0","0","0","N","0","0","0","2","67301","0","","1.0","","1","N","N","N","0","","1","0","0","9","2","","2054","2","1","0","0","0","0","0","2","0","2","0","0","0","3","03","","N","","","","","","","","","",""
"2021013030","30","1","0","0","0","0","0","0","0","0","1","1","","67","2","2021","7","40.017163","-75.173655","20","6","0","0","0","0","0","0","0","0","","0","1","0","22","3","2","N","0","0","40 01:01.785","","0","75 10:25.159","3","0","0","0","67301","0","0","0","N","0","0","0","3","67301","0","","1.0","","1","N","N","N","0","","2","0","0","0","0","","2255","2","2","0","0","0","0","0","2","0","2","0","0","0","3","03","","N","","","","","","","","","",""
"2021013759","1916","2","0","0","0","0","0","0","0","0","4","0","","67","2","2021","3","39.955136","-75.230411","1915","6","0","0","0","0","1","0","0","0","","0","0","0","18","3","1","N","0","0","39 57:18.490","","0","75 13:49.480","4","0","0","0","67301","0","0","0","N","0","0","0","7","67301","1","","1.0","","1","N","N","N","0","","0","0","1","0","0","","1859","3","1","0","0","0","0","1","2","0","3","0","0","0","3","03","","N","","","","","","","","","",""
"2021011465","2012","0","0","0","0","0","0","0","0","0","7","0","","67","2","2021","2","39.877939","-75.251133","1959","6","0","0","0","0","0","1","0","0","","0","0","0","19","3","2","N","0","0","39 52:40.582","","0","75 15:04.080","4","0","0","0","67301","0","0","0","N","0","0","0","2","68K01","2","","4.0","","6","N","N","N","0","","0","0","1","0","0","","1956","1","2","0","0","0","0","0","2","0","1","0","0","0","10","","","N","","","","","","","","","",""
"2021009965","1122","2","0","0","0","0","0","0","0","0","4","0","","67","1","2021","7","39.913422","-75.150158","1117","6","0","0","0","0","0","1","0","0","","0","0","0","11","1","0","N","0","1","39 54:48.320","2","7","75 09:00.570","0","0","0","0","67301","0","0","0","N","0","0","0","3","67301","0","","1.0","1235.0","1","N","N","N","0","","0","0","0","0","0","N","1106","2","0","0","0","0","0","0","2","0","2","0","0","0","3","","","N","","","","","","","","","",""
"2021012679","1534","0","0","0","0","0","0","0","0","0","4","0","","67","2","2021","5","40.009219","-75.066646","1522","6","0","0","0","0","0","0","1","0","","0","0","0","15","1","0","N","0","0","40 00:33.187","","0","75 03:59.924","0","0","0","0","67301","0","0","0","N","0","0","0","2","68K01","0","","1.0","","1","N","N","N","1","","0","0","1","0","0","","1520","2","0","0","0","0","0","0","2","0","2","0","0","0","3","","","N","","","","","","","","","",""
"2021025688","1030","1","0","1","0","0","0","0","0","0","7","0","","67","3","2021","5","40.10988","-74.994601","1024","6","0","0","0","0","0","0","1","0","","0","0","0","10","1","1","N","0","1","40 06:35.569","2","0","74 59:40.562","2","0","0","0","67301","0","0","0","N","0","0","0","1","67301","0","","4.0","100.0","9","N","N","N","0","","0","1","0","0","0","N","1015","1","1","0","0","0","0","0","2","0","1","0","0","0","7","07","","N","","","","","","","","","",""
"2021024512","1650","0","0","0","0","0","0","0","0","0","7","1","","67","3","2021","7","39.954413","-75.148071","1627","6","0","0","0","0","0","0","0","0","","0","1","0","15","1","0","","2","2","39 57:15.887","3","0","75 08:53.056","0","0","0","0","67301","0","0","0","N","0","0","0","1","67301","0","","5.0","1800.0","1","N","N","N","0","","0","0","0","3","3","Y","1537","1","0","0","0","0","0","0","2","0","1","0","0","0","3","03","","N","","","","","","","","","",""
"2021000089","237","2","0","0","0","0","0","0","0","0","7","0","","67","1","2021","6","40.027156","-75.089826","233","6","0","0","0","0","0","0","0","0","","0","0","0","2","3","2","N","0","1","40 01:37.760","6","0","75 05:23.373","2","0","0","0","67301","0","0","0","N","0","0","0","2","67301","0","","4.0","415.0","1","N","N","N","0","","0","1","1","0","0","Y","233","3","2","0","0","0","1","0","2","0","3","0","0","0","3","","","N","","","","","","","","","",""
"2021014054","1755","0","0","0","0","0","0","0","0","0","2","0","","67","2","2021","1","39.936624","-75.234241","1751","6","0","0","0","0","0","0","0","0","","0","0","0","7","1","1","N","0","0","39 56:11.845","","0","75 14:03.267","3","0","0","0","67301","0","0","0","N","0","0","0","1","67301","0","","1.0","","9","N","N","N","0","","1","0","1","0","0","","739","2","1","0","0","0","0","0","2","0","2","0","0","0","6","10","","N","","","","","","","","","",""
"2021022451","535","2","0","0","0","0","0","0","0","0","4","0","","67","3","2021","1","40.013341","-75.179993","532","6","0","0","0","0","0","0","0","0","","0","0","0","5","3","1","N","0","2","40 00:48.026","2","0","75 10:47.976","3","0","0","0","67301","0","0","0","N","0","0","0","3","67301","0","","1.0","615.0","2","N","N","N","0","","1","0","0","0","0","Y","531","2","1","0","0","0","0","0","2","0","2","0","0","0","3","03","","N","","","","","","","","","",""
"2021009426","1846","2","0","0","0","0","0","0","0","0","4","0","","67","1","2021","5","40.006814","-75.193297","1839","6","0","0","0","0","0","0","0","0","","0","0","0","18","3","2","N","0","1","40 00:24.532","2","3","75 11:35.869","8","0","0","0","67301","0","0","0","N","0","0","0","2","67301","0","","1.0","1930.0","1","N","N","N","0","","0","0","0","0","0","Y","1839","2","2","0","0","0","2","0","2","0","2","0","0","0","3","03","","N","","","","","","","","","",""
"2021013758","20","1","0","0","0","0","0","0","0","0","8","0","","67","2","2021","3","39.955008","-75.219186","15","6","0","0","0","0","0","0","0","0","","0","0","0","0","3","1","N","0","1","39 57:18.030","6","0","75 13:09.070","2","0","0","0","67301","1","0","1","N","1","0","1","4","67301","0","","1.0","145.0","1","N","N","N","0","","0","1","0","0","0","Y","10","2","1","0","0","0","0","0","2","0","1","1","0","1","3","03","","N","","","","","","","","","",""
"2021014682","2046","0","0","0","0","0","0","0","0","0","1","0","","67","2","2021","4","40.02978","-75.104603","2037","6","0","0","0","0","0","0","0","0","","0","0","0","18","3","2","","1","0","40 01:47.207","","0","75 06:16.570","3","0","0","0","67301","0","0","0","N","0","0","0","3","67301","0","","1.0","","1","N","N","N","0","","2","0","2","3","2","","1840","2","2","0","0","0","0","1","2","0","2","0","0","0","3","03","","N","","","","","","","","","",""
"2021009340","2030","1","0","0","0","0","0","0","0","0","7","0","","67","1","2021","5","39.931893","-75.169822","2030","6","0","0","0","0","0","1","0","0","","0","0","0","20","3","2","N","0","0","39 55:54.814","","99","75 10:11.359","4","0","0","0","67301","0","0","0","N","0","0","0","2","67505","2","","2.0","","1","N","N","N","0","","0","0","0","3","2","","2028","1","2","0","0","0","0","0","2","0","1","0","0","0","3","03","","N","","","","","","","","","",""
"2021024503","1021","0","0","0","0","0","0","0","0","0","7","0","","67","3","2021","7","39.899366","-75.178093","1019","6","0","0","1","0","0","0","0","0","","0","0","0","1","6","0","N","0","0","39 53:57.717","","0","75 10:41.136","0","0","0","0","67301","0","0","0","N","0","0","0","1","67301","0","","5.0","","1","N","N","N","0","","0","0","1","0","0","","100","1","0","1","0","0","0","0","2","0","1","0","0","0","3","03","","N","","","","","","","","","",""
"2021022210","419","0","0","0","0","0","0","0","0","0","99","0","","67","3","2021","7","39.973006","-75.119682","411","6","0","0","0","0","0","0","0","0","","0","0","0","4","3","0","N","0","0","39 58:22.820","","1","75 07:10.856","9","0","0","0","67301","0","0","0","N","0","0","0","1","67301","0","","5.0","","3","N","N","N","0","","0","0","1","0","0","","400","1","0","0","0","0","0","1","2","0","1","0","0","0","3","03","","N","","","","","","","","","",""
"2021007905","1123","0","0","0","0","0","0","0","0","0","7","0","","67","1","2021","6","39.903638","-75.150069","1111","6","0","0","0","0","0","0","0","0","","0","0","0","11","1","1","N","0","0","39 54:13.098","","2","75 09:00.249","8","0","0","0","67301","0","0","0","N","0","0","0","1","68K01","0","","2.0","","1","N","N","N","0","","0","0","0","0","0","","1100","1","1","1","0","0","1","0","2","1","1","0","0","0","3","","","N","","","","","","","","","",""
"2021014467","1840","0","0","0","0","0","0","0","0","0","8","0","","67","2","2021","4","40.036997","-75.040332","1830","6","0","0","0","0","0","0","0","0","","0","0","0","18","3","1","N","0","0","40 02:13.188","","0","75 02:25.195","3","0","0","0","67301","1","0","0","N","1","0","0","2","67301","0","","6.0","","1","N","N","N","0","","1","0","1","3","2","","1830","2","1","0","0","0","0","0","2","0","1","1","0","0","3","03","","N","","","","","","","","","",""
"2021007954","25","2","0","0","0","0","0","0","0","0","1","0","","67","1","2021","2","40.034764","-75.117386","23","6","0","0","0","0","0","0","0","0","","0","0","0","0","3","0","N","0","0","40 02:05.151","","0","75 07:02.591","0","0","0","0","67301","0","0","0","N","0","0","0","1","67301","0","","2.0","","1","N","N","N","0","","0","0","0","3","2","","14","2","0","0","0","0","0","0","2","0","2","0","0","0","3","03","","N","","","","","","","","","",""
"2021013752","1518","0","0","0","0","0","0","0","0","0","4","0","","67","2","2021","2","40.122586","-75.015828","1516","6","0","0","0","0","0","0","0","0","","0","0","0","15","1","1","N","0","0","40 07:21.308","","7","75 00:56.982","3","0","0","0","67301","0","0","0","N","0","0","0","3","67301","0","","1.0","","1","N","N","N","0","","1","0","2","3","2","","1514","2","1","0","0","0","0","0","2","0","2","0","0","0","3","","","N","","","","","","","","","",""
"2021012921","25","2","0","0","0","0","0","0","0","0","5","0","","67","2","2021","6","40.037307","-75.176062","14","6","0","0","0","0","0","0","0","0","","0","0","0","23","3","0","N","0","0","40 02:14.304","","0","75 10:33.822","0","0","0","0","67301","0","0","0","N","0","0","0","1","67301","0","","6.0","","1","N","N","N","0","","0","0","0","0","0","","2349","2","0","0","0","0","0","0","2","0","2","0","0","0","3","","","N","","","","","","","","","",""
"2021009773","1848","1","0","0","0","0","0","0","0","0","1","0","","67","1","2021","5","39.986843","-75.090906","1814","6","0","0","0","0","1","0","0","0","","0","0","0","18","3","1","N","0","1","39 59:12.633","1","0","75 05:27.263","8","0","0","0","67301","0","0","0","N","0","0","0","5","68K01","0","","1.0","1930.0","1","N","N","N","0","","0","0","2","0","0","N","1814","4","1","2","0","0","1","1","2","0","4","0","0","0","3","","","N","","","","","","","","","",""
"2021010406","1555","1","0","0","0","0","0","0","0","0","1","0","","67","1","2021","7","39.955164","-75.141079","1550","6","0","0","1","0","0","0","0","0","","0","0","0","15","1","0","N","0","2","39 57:18.591","3","0","75 08:27.883","0","0","0","0","67301","0","0","0","N","0","0","0","2","68K01","0","","1.0","1640.0","1","N","N","N","1","","0","0","0","0","0","N","1550","2","0","1","0","0","0","0","2","0","2","0","0","0","3","","","N","","","","","","","","","",""
"2021010748","1029","1","0","0","0","0","0","0","0","0","4","1","","67","2","2021","2","39.940444","-75.187444","1014","6","0","0","0","0","0","0","0","0","","0","1","0","9","1","0","","3","1","39 56:25.600","2","0","75 11:14.800","0","0","0","0","67301","0","0","0","N","0","0","0","1","67301","0","","1.0","1130.0","2","N","N","N","0","","0","0","0","3","2","N","936","2","0","0","0","0","0","0","2","0","2","0","0","0","6","06","","N","","","","","","","","","",""
"2021012561","338","1","0","0","0","0","0","0","0","0","4","0","","67","2","2021","7","39.980639","-75.167264","336","6","0","0","0","0","0","0","0","0","","0","0","0","3","3","1","N","0","0","39 58:50.300","","0","75 10:02.150","3","0","0","0","67301","0","0","0","N","0","0","0","1","67301","0","","6.0","","99","N","N","N","0","","1","0","1","0","0","","315","2","1","1","0","0","0","0","2","0","2","0","0","0","3","03","","N","","","","","","","","","",""
"2021011537","1755","0","0","0","0","0","0","0","0","0","7","0","","67","1","2021","1","40.006857","-75.198793","1747","6","0","0","0","0","0","0","0","0","","0","0","0","17","3","0","","6","2","40 00:24.685","1","2","75 11:55.656","0","0","0","0","67301","0","0","0","N","0","0","0","1","67501","0","","2.0","1847.0","6","N","N","N","0","","0","0","1","0","0","Y","1747","1","0","0","0","0","0","0","2","0","1","0","0","0","10","09","","N","","","","","","","","","",""
"2021009969","850","1","0","0","0","0","0","0","0","0","5","1","","67","1","2021","6","40.005732","-75.099477","845","6","0","0","0","0","0","0","0","0","","0","1","0","8","1","1","N","0","0","40 00:20.636","","0","75 05:58.118","3","0","0","0","67301","0","0","0","N","0","0","0","3","67301","0","","1.0","","1","N","N","N","0","","1","0","0","0","0","","830","2","1","2","0","0","0","0","2","0","2","0","0","0","3","03","","N","","","","","","","","","",""
"2021022504","815","1","0","0","0","0","0","0","0","0","4","1","","67","3","2021","6","39.940389","-75.201866","758","6","0","0","0","0","0","0","0","0","","0","1","0","7","1","0","N","0","1","39 56:25.399","3","0","75 12:06.719","0","0","0","0","67301","0","0","0","N","0","0","0","3","67301","0","","1.0","1023.0","1","N","N","N","0","","0","0","0","0","0","N","720","2","0","0","0","0","0","0","2","0","2","0","0","0","3","03","","N","","","","","","","","","",""
"2021006009","1830","1","0","0","0","0","0","0","0","0","4","0","","67","1","2021","4","40.009126","-75.08985","1826","6","0","0","0","0","0","0","1","0","","0","0","0","18","3","1","","3","0","40 00:32.852","","0","75 05:23.459","3","0","0","1","67301","0","0","0","N","0","0","0","2","67301","0","","1.0","","1","N","N","N","0","","1","0","0","0","0","","1820","2","1","0","0","0","0","0","2","0","2","0","0","0","3","03","","N","","","","","","","","","",""
"2021006034","8","2","0","0","0","0","0","0","0","0","5","0","","67","1","2021","4","39.97891","-75.182522","5","6","0","0","0","0","0","1","0","0","","0","0","0","23","3","0","N","0","0","39 58:44.077","","0","75 10:57.080","9","0","0","0","67301","0","0","0","N","0","0","0","2","67301","0","","1.0","","1","N","N","Y","0","","0","0","0","0","0","","2350","2","0","1","0","0","0","1","2","0","2","0","0","0","3","03","","N","","","","","","","","","",""
"2021023915","2117","1","0","0","0","0","0","0","0","0","7","1","","67","2","2021","6","40.038895","-75.008933","2105","6","0","0","0","0","0","1","0","0","","0","1","0","21","3","1","N","0","1","40 02:20.021","2","0","75 00:32.158","8","0","0","0","67301","0","0","0","N","0","0","0","2","68K01","0","","2.0","2155.0","9","N","N","N","0","","0","0","0","0","0","Y","2102","2","1","1","0","0","1","0","2","0","2","0","0","0","7","","","N","","","","","","","","","",""
"2021023966","1532","2","0","0","0","0","0","0","0","0","5","0","","67","3","2021","5","39.95849","-75.166695","1518","6","0","0","0","0","0","0","0","0","","0","0","0","15","1","0","N","0","0","39 57:30.564","","0","75 10:00.103","0","0","0","0","67301","0","0","0","N","0","0","0","2","68K01","0","","1.0","","1","N","N","N","0","","0","0","0","0","0","","1515","2","0","0","0","0","0","0","2","0","2","0","0","0","3","","","N","","","","","","","","","",""
"2021022420","1710","0","0","0","0","0","0","0","0","0","6","1","","67","3","2021","6","40.001742","-75.140603","1706","6","0","0","0","0","0","0","0","0","","0","1","0","17","1","1","N","0","0","40 00:06.270","","0","75 08:26.170","8","0","0","0","67301","0","0","0","N","0","0","0","3","67301","0","","6.0","","1","N","N","N","0","","0","0","2","0","0","","1706","5","1","0","0","0","1","0","2","2","5","0","0","0","3","03","","N","","","","","","","","","",""
"2021011793","1540","0","0","0","1","0","1","0","0","0","8","1","","67","2","2021","4","39.940152","-75.160846","1532","6","0","0","0","0","0","1","0","0","","0","1","0","13","1","1","","1","0","39 56:24.546","","0","75 09:39.045","2","0","0","0","67301","1","0","1","N","0","0","0","2","67301","0","","1.0","","9","N","N","N","0","","0","1","0","3","2","","1318","2","1","0","0","0","0","0","2","0","1","1","0","1","3","02","","N","","","","","","","","","",""
"2021023355","2019","2","0","0","0","0","0","0","0","0","5","0","","67","3","2021","1","39.959831","-75.178449","2003","6","0","0","0","0","0","0","0","0","","0","0","0","20","3","1","N","7","1","39 57:35.391","3","8","75 10:42.417","4","0","0","0","67301","0","0","0","Y","0","0","0","4","68K01","1","","7.0","45.0","1","N","N","N","0","","0","0","0","0","0","N","2000","2","1","0","0","0","0","0","2","0","2","0","0","0","3","","","N","","","","","","","","","",""
"2021013603","1502","1","0","0","0","0","0","0","0","0","4","1","","67","1","2021","2","39.998888","-75.195401","1449","6","0","0","0","0","0","0","0","0","","0","1","0","14","1","0","N","0","1","39 59:55.996","4","0","75 11:43.443","9","0","0","0","67301","0","0","0","N","0","0","0","4","68K01","0","","1.0","1533.0","1","N","N","N","0","","0","0","0","0","0","N","1444","2","0","0","0","0","0","3","2","0","2","0","0","0","3","","","N","","","","","","","","","",""
"2021011514","1221","0","0","0","0","0","0","0","0","0","7","0","","67","2","2021","3","39.949442","-75.143833","1216","6","0","0","0","0","0","0","0","0","","0","0","0","12","1","0","N","0","0","39 56:57.990","","0","75 08:37.800","0","0","0","0","67301","0","0","0","N","0","0","0","1","67301","0","","4.0","","6","N","N","N","0","","0","0","1","0","0","","1212","1","0","1","0","0","0","0","2","0","1","0","0","0","10","","","N","","","","","","","","","",""
"2021009612","1053","0","0","0","0","0","0","0","0","0","7","1","45","67","1","2021","4","40.011559","-75.060619","1041","6","0","0","0","0","0","1","0","0","","0","1","0","10","1","0","N","0","0","40 00:41.614","","0","75 03:38.228","0","0","0","0","67301","0","0","0","N","0","0","0","1","68K01","0","","4.0","","1","N","N","N","0","","0","0","0","0","0","","1030","1","0","0","0","0","0","0","2","0","1","0","0","0","3","","Y","Y","4","1","N","N","N","N","N","N","Y","N"
"2021010904","1505","1","0","0","0","0","0","0","0","0","4","0","","67","1","2021","1","40.029079","-75.146805","1456","6","0","0","0","1","0","1","0","0","","0","1","0","14","1","1","","1","0","40 01:44.684","","0","75 08:48.499","3","0","0","0","67301","0","0","0","N","0","0","0","2","67301","0","","1.0","","1","N","N","N","0","","1","0","0","3","2","","1454","2","1","1","0","0","0","0","2","0","2","0","0","0","3","03","","N","","","","","","","","","",""
"2021008753","1302","0","0","0","0","0","0","0","0","0","8","0","","67","1","2021","2","39.931406","-75.226042","1300","6","0","0","0","0","0","0","0","0","","0","0","0","13","1","3","N","0","0","39 55:53.060","","7","75 13:33.750","3","0","0","0","67301","3","0","0","N","3","0","0","4","67301","0","","5.0","","1","N","N","N","0","","3","0","0","0","0","","1300","4","3","0","0","0","0","1","2","0","1","3","0","0","3","03","","N","","","","","","","","","",""
"2021009849","1832","2","0","0","0","0","0","0","0","0","2","0","","67","1","2021","7","39.976176","-75.160962","1827","6","0","0","0","0","0","0","0","0","","0","0","0","18","3","1","N","1","2","39 58:34.232","1","0","75 09:39.464","3","0","0","0","67301","0","0","0","N","0","0","0","2","67505","0","","1.0","1850.0","1","N","N","N","0","","1","0","0","3","3","Y","1825","2","1","0","0","0","0","0","2","0","2","0","0","0","3","03","","N","","","","","","","","","",""
"2021012159","1643","1","0","0","0","0","0","0","0","0","4","0","","67","2","2021","5","40.0493","-75.067864","1642","6","0","0","0","0","0","0","0","0","","0","0","0","16","1","1","","1","0","40 02:57.481","","0","75 04:04.310","3","0","0","0","67301","0","0","0","N","0","0","0","1","67301","0","","1.0","","1","N","N","N","0","","1","0","1","3","2","","1637","2","1","0","0","0","0","0","2","0","2","0","0","0","3","","","N","","","","","","","","","",""
"2021012062","1056","0","0","0","0","0","0","0","0","0","1","1","","67","2","2021","5","39.996182","-75.171925","1050","6","0","0","0","0","0","0","0","0","","0","1","0","10","1","1","N","0","0","39 59:46.255","","0","75 10:18.929","4","0","0","0","67301","0","0","0","N","0","0","0","2","67301","1","","1.0","","9","N","N","N","0","","0","0","1","0","0","","1047","2","1","1","0","0","0","0","2","0","2","0","0","0","10","03","","N","","","","","","","","","",""
"2021023670","644","0","0","0","0","0","0","0","0","0","1","0","","67","3","2021","4","39.977848","-75.111886","623","6","0","0","0","0","0","1","0","0","","0","0","0","6","1","0","N","0","1","39 58:40.254","2","0","75 06:42.790","9","0","0","0","67301","0","0","0","N","0","0","0","3","68K01","0","","1.0","650.0","1","N","N","N","0","","0","0","1","0","0","N","619","3","0","1","0","0","0","1","2","1","3","0","0","0","3","","","N","","","","","","","","","",""
"2021008924","1257","1","0","0","0","0","0","0","0","0","5","1","","67","1","2021","3","39.945266","-75.190536","1238","6","0","0","0","0","0","1","0","0","","0","1","0","12","1","0","N","0","0","39 56:42.959","","0","75 11:25.928","0","0","0","0","67301","0","0","0","N","0","0","0","2","68K01","0","","1.0","","9","N","N","N","0","","0","0","0","0","0","","1236","2","0","0","0","0","0","0","2","0","2","0","0","0","7","07","","N","","","","","","","","","",""