"CRN","ARRIVAL_TM","AUTOMOBILE_COUNT","BELTED_DEATH_COUNT","BELTED_SUSP_SERIOUS_INJ_COUNT","BICYCLE_COUNT","BICYCLE_DEATH_COUNT","BICYCLE_SUSP_SERIOUS_INJ_COUNT","BUS_COUNT","CHLDPAS_DEATH_COUNT","CHLDPAS_SUSP_SERIOUS_INJ_COUNT","COLLISION_TYPE","COMM_VEH_COUNT","CONS_ZONE_SPD_LIM","COUNTY","CRASH_MONTH","CRASH_YEAR","DAY_OF_WEEK","DEC_LATITUDE","DEC_LONGITUDE","DISPATCH_TM","DISTRICT","DRIVER_COUNT_16YR","DRIVER_COUNT_17YR","DRIVER_COUNT_18YR","DRIVER_COUNT_19YR","DRIVER_COUNT_20YR","DRIVER_COUNT_50_64YR","DRIVER_COUNT_65_74YR","DRIVER_COUNT_75PLUS","EST_HRS_CLOSED","FATAL_COUNT","HEAVY_TRUCK_COUNT","HORSE_BUGGY_COUNT","HOUR_OF_DAY","ILLUMINATION","INJURY_COUNT","INTERSECTION_RELATED","INTERSECT_TYPE","LANE_CLOSED","LATITUDE","LN_CLOSE_DIR","LOCATION_TYPE","LONGITUDE","MAX_SEVERITY_LEVEL","MCYCLE_DEATH_COUNT","MCYCLE_SUSP_SERIOUS_INJ_COUNT","MOTORCYCLE_COUNT","MUNICIPALITY","NONMOTR_COUNT","NONMOTR_DEATH_COUNT","NONMOTR_SUSP_SERIOUS_INJ_COUNT","NTFY_HIWY_MAINT","PED_COUNT","PED_DEATH_COUNT","PED_SUSP_SERIOUS_INJ_COUNT","PERSON_COUNT","POLICE_AGCY","POSSIBLE_INJ_COUNT","RDWY_SURF_TYPE_CD","RELATION_TO_ROAD","ROADWAY_CLEARED","ROAD_CONDITION","SCH_BUS_IND","SCH_ZONE_IND","SECONDARY_CRASH","SMALL_TRUCK_COUNT","SPEC_JURIS_CD","SUSP_MINOR_INJ_COUNT","SUSP_SERIOUS_INJ_COUNT","SUV_COUNT","TCD_FUNC_CD","TCD_TYPE","TFC_DETOUR_IND","TIME_OF_DAY","TOTAL_UNITS","TOT_INJ_COUNT","UNBELTED_OCC_COUNT","UNB_DEATH_COUNT","UNB_SUSP_SERIOUS_INJ_COUNT","UNK_INJ_DEG_COUNT","UNK_INJ_PER_COUNT","URBAN_RURAL","VAN_COUNT","VEHICLE_COUNT","VULNERABLE_ROAD_USER_COUNT","VULNERABLE_ROAD_USER_DEATH_COUNT","VULNERABLE_ROAD_USER_SER_INJ_COUNT","WEATHER1","WEATHER2","WORKERS_PRES","WORK_ZONE_IND","WORK_ZONE_LOC","WORK_ZONE_TYPE","WZ_CLOSE_DETOUR","WZ_FLAGGER","WZ_LAW_OFFCR_IND","WZ_LN_CLOSURE","WZ_MOVING","WZ_OTHER","WZ_SHLDER_MDN","WZ_WORKERS_INJ_KILLED"
"2021008055","953","0","0","0","0","0","0","0","0","0","5","1","","67","1","2021","6","39.988766","-75.088338","946","6","0","0","0","0","0","0","0","0","","0","1","0","9","1","1","N","0","0","39 59:19.556","","0","75 05:18.018","8","0","0","0","67301","0","0","0","N","0","0","0","2","68K01","0","","1.0","","1","N","N","N","0","","0","0","1","0","0","","946","2","1","0","0","0","1","0","2","0","2","0","0","0","3","03","","N","","","","","","","","","",""
"2021024018","1340","0","0","0","0","0","0","1","0","0","4","1","","67","2","2021","5","39.953146","-75.153149","1330","6","0","0","0","0","0","0","0","0","","0","0","0","13","1","1","","1","0","39 57:11.325","","0","75 09:11.338","8","0","0","0","67301","0","0","0","N","0","0","0","3","67508","0","","1.0","","1","N","N","Y","1","","0","0","0","2","2","","1330","2","1","0","0","0","1","0","2","0","2","0","0","0","3","03","","N","","","","","","","","","",""
"2021021968","803","2","0","0","0","0","0","0","0","0","1","1","","67","2","2021","7","39.994154","-75.156229","800","6","0","0","0","0","0","2","0","0","","0","1","0","8","1","0","","1","1","39 59:38.956","4","0","75 09:22.424","0","0","0","0","67301","0","0","0","N","0","0","0","4","67301","0","","1.0","1025.0","2","N","N","N","0","","0","0","1","3","2","N","800","4","0","0","0","0","0","0","2","0","4","0","0","0","3","10","","N","","","","","","","","","",""
"2021025195","1752","1","0","0","0","0","0","0","0","0","8","0","","67","3","2021","1","39.991599","-75.136819","1752","6","0","0","0","0","0","0","0","0","","0","0","0","17","1","1","N","0","0","39 59:29.758","","0","75 08:12.549","3","0","0","0","67301","1","0","0","N","1","0","0","2","67301","0","","1.0","","1","N","N","N","0","","1","0","0","0","0","","1752","2","1","1","0","0","0","0","2","0","1","1","0","0","3","08","","N","","","","","","","","","",""
"2021007805","1536","1","0","0","0","0","0","0","0","0","8","0","","67","1","2021","2","39.981602","-75.251065","1533","6","0","0","0","0","0","0","0","0","","0","0","0","15","1","1","","1","0","39 58:53.767","","6","75 15:03.834","3","0","0","0","67301","1","0","0","N","1","0","0","2","67301","0","","1.0","","1","N","N","N","0","","1","0","0","3","2","","1530","2","1","0","0","0","0","0","2","0","1","1","0","0","3","03","","N","","","","","","","","","",""
"2021025523","1","2","0","0","0","0","0","0","0","0","6","0","","67","2","2021","7","40.011444","-75.135961","0","6","0","0","0","0","0","1","0","0","","0","0","0","23","3","0","N","0","0","40 00:41.200","","0","75 08:09.460","0","0","0","0","67301","0","0","0","N","0","0","0","1","67301","0","","1.0","","2","N","N","N","0","","0","0","2","0","0","","2350","4","0","1","0","0","0","0","2","0","4","0","0","0","10","","","N","","","","","","","","","",""
"2021024782","1320","1","0","0","0","0","0","0","0","0","1","0","","67","3","2021","1","40.000743","-75.19476","1315","6","0","0","0","0","0","0","0","0","","0","0","0","13","1","0","N","0","0","40 00:02.675","","0","75 11:41.135","0","0","0","0","67301","0","0","0","N","0","0","0","3","68K01","0","","1.0","","1","N","N","Y","0","","0","0","2","0","0","","1311","3","0","0","0","0","0","0","2","0","3","0","0","0","3","03","","N","","","","","","","","","",""
"2021025008","813","1","0","0","0","0","0","0","0","0","3","1","","67","3","2021","3","39.925473","-75.188054","812","6","0","0","0","0","0","1","0","0","","0","1","0","7","1","1","","2","2","39 55:31.701","1","1","75 11:16.994","8","0","0","0","67301","0","0","0","N","0","0","0","2","67301","0","","1.0","820.0","1","N","N","N","0","","0","0","0","3","3","N","755","2","1","0","0","0","1","0","2","0","2","0","0","0","3","","","N","","","","","","","","","",""
"2021007929","835","1","0","0","0","0","0","0","0","0","4","1","","67","1","2021","1","39.901381","-75.239298","833","6","0","0","0","0","0","1","0","0","","0","1","0","8","1","1","","2","0","39 54:04.971","","0","75 14:21.471","3","0","0","0","67301","0","0","0","N","0","0","0","2","67301","0","","1.0","","1","N","N","N","0","","1","0","0","3","2","","830","2","1","0","0","0","0","0","2","0","2","0","0","0","3","03","","N","","","","","","","","","",""
"2021025363","2108","2","0","0","0","0","0","0","0","0","2","0","","67","3","2021","1","40.072911","-75.160856","2108","6","0","0","0","0","0","0","0","0","","0","0","0","21","3","1","N","0","0","40 04:22.480","","0","75 09:39.080","3","0","0","0","67301","0","0","0","N","0","0","0","1","67301","0","","1.0","","1","N","N","N","0","","1","0","1","0","0","","2102","3","1","0","0","0","0","0","2","0","3","0","0","0","3","03","","N","","","","","","","","","",""
"2021023253","1021","0","0","0","0","0","0","0","0","0","8","0","","67","3","2021","4","40.014106","-75.066259","1016","6","0","0","0","0","0","0","0","0","","0","0","0","10","1","1","N","0","0","40 00:50.780","","0","75 03:58.534","3","0","0","0","67301","1","0","0","N","1","0","0","2","67301","0","","1.0","","1","N","N","N","1","","1","0","0","0","0","","1015","2","1","0","0","0","0","0","2","0","1","1","0","0","3","","","N","","","","","","","","","",""
"2021023781","1830","1","0","0","0","0","0","1","0","0","5","1","","67","2","2021","5","39.975265","-75.188939","1813","6","0","0","0","0","0","0","0","0","","0","0","0","18","2","1","N","0","0","39 58:30.953","","0","75 11:20.181","4","0","0","0","67301","0","0","0","N","0","0","0","2","67508","1","","1.0","","1","N","N","Y","0","","0","0","0","0","0","","1813","2","1","0","0","0","0","0","2","0","2","0","0","0","3","03","","N","","","","","","","","","",""
"2021023964","1336","0","0","0","0","0","0","0","0","0","1","0","","67","3","2021","5","39.996919","-75.196656","1328","6","0","0","0","0","0","0","0","0","","0","0","0","13","1","1","N","0","0","39 59:48.909","","0","75 11:47.960","8","0","0","0","67301","0","0","0","N","0","0","0","2","68K01","0","","3.0","","1","N","N","N","1","","0","0","1","0","0","","1320","2","1","0","0","0","1","0","2","0","2","0","0","0","3","","","N","","","","","","","","","",""
"2021024546","1811","2","0","0","0","0","0","0","0","0","4","0","","67","3","2021","5","40.014875","-75.109327","1811","6","0","0","0","0","0","1","0","0","","0","0","0","16","1","0","","1","9","40 00:53.550","","0","75 06:33.577","0","0","0","0","67301","0","0","0","N","0","0","0","2","67301","0","","1.0","","1","N","N","N","0","","0","0","0","3","3","U","1600","2","0","0","0","0","0","0","2","0","2","0","0","0","3","03","","N","","","","","","","","","",""
"2021007677","1356","2","0","0","0","0","0","0","0","0","4","0","","67","1","2021","7","39.994899","-75.162032","1356","6","0","0","0","0","0","1","0","1","","0","0","0","13","1","2","N","0","0","39 59:41.638","","1","75 09:43.314","4","0","0","0","67301","0","0","0","N","0","0","0","3","67301","2","","1.0","","1","N","N","N","0","","0","0","1","0","0","","1353","3","2","0","0","0","0","1","2","0","3","0","0","0","3","","","N","","","","","","","","","",""
"2021024982","1710","1","0","0","0","0","0","0","0","0","1","0","","67","3","2021","2","39.89275","-75.197161","1650","6","0","0","0","0","0","0","0","0","","0","0","0","16","1","2","N","0","2","39 53:33.899","2","3","75 11:49.781","8","0","0","0","67301","0","0","0","N","0","0","0","3","68K01","0","","1.0","1800.0","1","N","N","N","0","","0","0","1","0","0","N","1638","2","2","0","0","0","2","0","2","0","2","0","0","0","3","03","","N","","","","","","","","","",""
"2021003570","859","0","0","0","0","0","0","0","0","0","7","1","45","67","1","2021","4","40.011245","-75.061183","859","6","0","0","0","0","0","0","0","0","","0","1","0","8","1","0","N","0","1","40 00:40.483","1","0","75 03:40.258","0","0","0","0","67301","0","0","0","N","0","0","0","1","68K01","0","","4.0","950.0","1","N","N","N","0","","0","0","0","0","0","N","859","1","0","0","0","0","0","0","2","0","1","0","0","0","3","","Y","Y","4","1","N","N","N","Y","Y","N","Y","N"
"2021005972","2347","1","0","0","0","0","0","0","0","0","7","0","","67","1","2021","1","40.103521","-75.003832","2344","6","0","0","0","0","0","0","0","0","","0","0","0","23","3","0","N","0","0","40 06:12.676","","0","75 00:13.796","0","0","0","0","67301","0","0","0","N","0","0","0","1","67301","0","","3.0","","1","N","N","N","0","","0","0","0","0","0","","2337","1","0","0","0","0","0","0","2","0","1","0","0","0","3","03","","N","","","","","","","","","",""
"2021008051","1658","0","0","0","0","0","0","0","0","0","1","0","","67","1","2021","5","39.97892","-75.203407","1658","6","0","0","0","0","0","1","0","0","","0","0","0","16","1","1","N","0","0","39 58:44.111","","0","75 12:12.265","3","0","0","0","67301","0","0","0","N","0","0","0","2","68K01","0","","1.0","","1","N","N","N","0","","1","0","0","0","0","","1653","2","1","0","0","0","0","0","2","2","2","0","0","0","3","","","N","","","","","","","","","",""
"2021008178","2252","2","0","0","0","0","0","0","0","0","1","0","","67","1","2021","7","39.933394","-75.199988","2242","6","0","0","0","0","2","0","0","0","","0","0","0","22","3","0","N","0","0","39 56:00.217","","0","75 11:59.957","0","0","0","0","67301","0","0","0","N","0","0","0","2","68K01","0","","1.0","","1","N","N","N","0","","0","0","0","0","0","","2235","2","0","0","0","0","0","0","2","0","2","0","0","0","3","03","","N","","","","","","","","","",""
"2021025756","2238","1","0","0","0","0","0","0","0","0","5","0","","67","3","2021","4","39.976329","-75.114042","2228","6","0","0","0","0","0","0","0","0","","0","0","0","22","3","1","N","0","0","39 58:34.783","","0","75 06:50.551","3","0","0","0","67301","0","0","0","N","0","0","0","4","68K01","0","","1.0","","1","N","N","N","0","","1","0","1","0","0","","2219","2","1","0","0","0","0","0","2","0","2","0","0","0","3","","","N","","","","","","","","","",""
"2021023673","1015","2","0","0","0","0","0","0","0","0","1","0","","67","3","2021","4","39.981278","-75.206909","1011","6","0","0","0","0","0","1","0","0","","0","0","0","10","1","0","N","0","1","39 58:52.602","3","0","75 12:24.874","0","0","0","0","67301","0","0","0","N","0","0","0","3","68K01","0","","1.0","1020.0","1","N","N","N","0","","0","0","1","0","0","N","1008","3","0","0","0","0","0","0","2","0","3","0","0","0","3","","","N","","","","","","","","","",""
"2021008205","1931","0","0","0","0","0","0","0","0","0","0","0","","67","1","2021","2","40.004483","-75.195742","1929","6","0","0","0","0","0","0","0","0","","0","0","0","19","3","1","N","0","2","40 00:16.140","3","0","75 11:44.672","3","0","0","0","67301","0","0","0","N","0","0","0","1","68K01","0","","1.0","100.0","1","N","N","N","0","","1","0","0","0","0","N","1928","1","1","0","0","0","0","0","2","1","1","0","0","0","3","","","N","","","","","","","","","",""
"2021024525","1220","1","0","0","0","0","0","0","0","0","4","1","","67","3","2021","7","40.007658","-75.085782","1217","6","0","0","0","0","0","0","0","0","","0","1","0","12","1","1","","2","0","40 00:27.568","","0","75 05:08.815","8","0","0","0","67301","0","0","0","N","0","0","0","4","67301","0","","1.0","","1","N","N","N","0","","0","0","1","0","0","","1215","3","1","0","0","0","1","2","2","0","3","0","0","0","3","03","","N","","","","","","","","","",""
"2021022085","1400","0","0","0","0","0","0","0","0","0","1","1","45","67","3","2021","2","40.013046","-75.057979","1350","6","0","0","0","0","0","0","1","0","","0","1","0","13","1","1","N","0","1","40 00:46.967","1","0","75 03:28.725","8","0","0","0","67301","0","0","0","N","0","0","0","3","68K01","0","","1.0","1430.0","1","N","N","N","0","","0","0","1","0","0","N","1348","3","1","0","0","0","1","0","2","1","3","0","0","0","3","","Y","Y","4","1","Y","Y","N","Y","N","N","Y","N"
"2021025210","1603","0","0","0","0","0","0","0","0","0","8","0","","67","3","2021","3","39.942506","-75.16354","1556","6","0","0","0","0","0","0","1","0","","0","0","0","7","5","1","","1","0","39 56:33.023","","0","75 09:48.744","4","0","0","0","67301","1","0","0","N","1","0","0","2","67301","1","","1.0","","99","N","N","N","0","","0","0","1","3","3","","705","2","1","0","0","0","0","0","2","0","1","1","0","0","4","","","N","","","","","","","","","",""
"2021013177","1954","2","0","0","0","0","0","0","0","0","4","0","","67","2","2021","7","39.949125","-75.212238","1950","6","0","0","0","1","0","0","0","0","","0","0","0","19","3","1","","1","0","39 56:56.850","","0","75 12:44.055","3","0","0","0","67301","0","0","0","N","0","0","0","1","67301","0","","1.0","","7","N","N","N","0","","1","0","1","3","2","","1949","3","1","0","0","0","0","0","2","0","3","0","0","0","3","03","","N","","","","","","","","","",""
"2021013542","1824","2","0","0","0","0","0","0","0","0","1","0","","67","1","2021","5","39.962771","-75.139089","1818","6","0","0","0","0","0","1","1","0","","0","0","0","18","3","1","N","0","1","39 57:45.976","1","0","75 08:20.721","3","0","0","0","67301","0","0","0","N","0","0","0","4","68K01","0","","1.0","15.0","1","N","N","Y","0","","1","0","1","0","0","N","1815","3","1","0","0","0","0","0","2","0","3","0","0","0","3","03","","N","","","","","","","","","",""
"2021012559","2325","1","0","0","0","0","0","0","0","0","1","0","","67","2","2021","6","40.057245","-75.047801","2320","6","0","0","0","0","0","0","0","0","","0","0","0","22","3","0","N","1","0","40 03:26.081","","0","75 02:52.083","9","0","0","0","67301","0","0","0","N","0","0","0","1","67301","0","","9.0","","6","N","N","N","0","","0","0","0","9","9","","2245","2","0","0","0","0","0","1","2","0","2","0","0","0","98","","","N","","","","","","","","","",""
"2021022324","1555","3","0","0","0","0","0","0","0","0","1","0","","67","3","2021","6","39.948269","-75.205422","1542","6","0","0","0","0","0","1","0","0","","0","0","0","15","1","1","N","0","0","39 56:53.770","","0","75 12:19.520","3","0","0","0","67301","0","0","0","N","0","0","0","3","67301","0","","1.0","","1","N","N","N","0","","1","0","0","0","0","","1510","3","1","2","0","0","0","0","2","0","3","0","0","0","3","03","","N","","","","","","","","","",""
"2021024818","1740","0","0","0","0","0","0","0","0","0","8","0","","67","2","2021","4","39.925572","-75.234322","1739","6","0","0","0","0","0","0","0","0","","0","0","0","16","1","1","","2","9","39 55:32.060","","0","75 14:03.558","2","0","0","0","67301","1","0","1","N","1","0","1","1","67301","0","","9.0","","1","N","N","N","0","","0","1","0","9","9","U","1633","2","1","0","0","0","0","0","2","0","1","1","0","1","3","03","","N","","","","","","","","","",""
"2021022708","1732","1","0","0","0","0","0","0","0","0","5","1","","67","3","2021","1","39.959195","-75.147041","1730","6","0","0","0","0","0","0","0","0","","0","1","0","17","1","1","N","0","2","39 57:33.101","1","0","75 08:49.349","8","0","0","0","67301","0","0","0","N","0","0","0","3","67301","0","","1.0","1859.0","1","N","N","Y","0","","0","0","1","0","0","Y","1730","3","1","0","0","0","1","1","2","0","3","0","0","0","3","03","","N","","","","","","","","","",""
"2021025467","1124","2","0","0","0","0","0","0","0","0","5","0","","67","3","2021","2","39.98262","-75.207925","1115","6","0","0","0","0","0","0","0","0","","0","0","0","11","1","0","N","0","0","39 58:57.432","","0","75 12:28.530","0","0","0","0","67301","0","0","0","N","0","0","0","2","68K01","0","","1.0","","1","N","N","N","0","","0","0","0","0","0","","1114","2","0","0","0","0","0","0","2","0","2","0","0","0","3","","","N","","","","","","","","","",""
"2021022585","742","1","0","0","0","0","0","0","0","0","4","0","","67","3","2021","2","39.903693","-75.243248","733","6","0","0","0","0","0","1","0","0","","0","0","0","7","1","0","","1","1","39 54:13.293","4","0","75 14:35.691","0","0","0","0","67301","0","0","0","N","0","0","0","2","67301","0","","1.0","825.0","1","N","N","N","0","","0","0","1","2","2","N","724","2","0","0","0","0","0","0","2","0","2","0","0","0","3","03","","N","","","","","","","","","",""
"2021025009","1943","0","0","0","1","1","0","1","0","0","8","1","","67","2","2021","4","40.064556","-74.982668","1939","6","0","0","0","0","0","0","0","0","","1","0","0","19","3","0","N","0","1","40 03:52.402","1","0","74 58:57.606","1","0","0","0","67301","1","1","0","N","0","0","0","2","67301","0","2","4.0","2230.0","1","N","N","N","0","0","0","0","0","0","0","Y","1938","2","0","0","0","0","0","0","2","0","1","1","1","0","3","03","","N","","","","","","","","","",""
"2021003576","1505","1","0","0","0","0","0","0","0","0","1","1","","67","1","2021","5","39.990253","-75.205152","1501","6","0","0","0","0","0","0","1","0","","0","1","0","14","1","1","N","0","0","39 59:24.909","","0","75 12:18.548","8","0","0","0","67301","0","0","0","N","0","0","0","4","68K01","0","","1.0","","1","N","N","N","0","","0","0","1","0","0","","1459","3","1","0","0","0","1","0","2","0","3","0","0","0","3","","","N","","","","","","","","","",""
"2021000458","257","1","0","0","0","0","0","0","0","0","1","0","","67","1","2021","7","40.058805","-75.016585","253","6","0","0","1","0","0","0","0","0","","0","0","0","2","3","1","N","0","0","40 03:31.697","","0","75 00:59.707","3","0","0","0","67301","0","0","0","N","0","0","0","1","67301","0","","6.0","","9","N","N","N","2","","1","0","0","0","0","","251","4","1","1","0","0","0","0","2","1","4","0","0","0","7","","","N","","","","","","","","","",""
"2021041649","755","2","0","0","0","0","0","0","0","0","5","0","","67","5","2021","7","40.019399","-75.07718","738","6","0","0","0","0","0","0","0","0","","0","0","0","2","3","0","N","2","0","40 01:09.836","","0","75 04:37.847","9","0","0","0","67301","0","0","0","N","0","0","0","2","67301","0","","9.0","","1","N","N","N","0","","0","0","0","0","0","","200","2","0","0","0","0","0","1","2","0","2","0","0","0","3","03","","N","","","","","","","","","",""
"2021007739","1807","2","0","0","0","0","0","0","0","0","2","0","","67","1","2021","7","39.999005","-75.133076","1805","6","0","0","0","0","0","0","0","0","","0","0","0","18","3","3","N","0","0","39 59:56.419","","7","75 07:59.075","2","0","0","0","67301","0","0","0","N","0","0","0","3","67301","1","","1.0","","1","N","N","N","0","","1","1","0","3","2","","1800","2","3","3","0","1","0","0","2","0","2","0","0","0","3","03","","N","","","","","","","","","",""
"2021023967","1710","1","0","0","0","0","0","0","0","0","1","0","","67","3","2021","5","40.030904","-75.021795","1645","6","0","0","1","0","0","0","0","0","","0","0","0","16","1","1","N","0","0","40 01:51.253","","0","75 01:18.461","8","0","0","0","67301","0","0","0","N","0","0","0","2","68K01","0","","1.0","","1","N","N","N","0","","0","0","1","0","0","","1639","2","1","0","0","0","1","0","2","0","2","0","0","0","3","","","N","","","","","","","","","",""
"2021006864","1055","0","0","0","0","0","0","0","0","0","5","1","35","67","1","2021","4","39.912667","-75.175111","1050","6","0","0","0","0","0","1","1","0","","0","1","0","10","1","1","N","0","2","39 54:45.600","3","3","75 10:30.400","3","0","0","0","67301","0","0","0","N","0","0","0","2","67501","0","","1.0","1100.0","1","N","N","N","0","","1","0","1","0","0","N","1048","2","1","0","0","0","0","0","2","0","2","0","0","0","3","03","Y","Y","4","1","","","N","Y","","","","N"
"2021003045","2010","2","0","0","0","0","0","0","0","0","1","0","","67","1","2021","2","39.994262","-75.094205","2006","6","0","0","0","0","0","0","0","0","","0","0","0","20","3","1","N","0","0","39 59:39.344","","7","75 05:39.138","3","0","0","0","67301","0","0","0","N","0","0","0","3","67301","0","","1.0","","1","N","N","N","0","","1","0","0","0","0","","2003","2","1","0","0","0","0","0","2","0","2","0","0","0","3","03","","N","","","","","","","","","",""
"2021008995","145","1","0","0","0","0","0","0","0","0","7","0","","67","1","2021","4","40.017686","-75.048412","141","6","0","0","0","0","0","0","0","0","","0","0","0","1","3","0","","6","0","40 01:03.668","","1","75 02:54.283","0","0","0","0","67301","0","0","0","N","0","0","0","3","67301","0","","7.0","","9","N","N","N","0","","0","0","0","0","0","","140","1","0","0","0","0","0","0","2","0","1","0","0","0","7","98","","N","","","","","","","","","",""
"2021023352","2312","2","0","0","0","0","0","0","0","0","1","0","","67","3","2021","7","39.959613","-75.175729","2308","6","0","0","0","0","0","0","0","0","","0","0","0","23","3","3","N","0","1","39 57:34.605","4","0","75 10:32.624","3","0","0","0","67301","0","0","0","N","0","0","0","3","68K01","0","","1.0","2335.0","1","N","N","N","0","","3","0","0","0","0","N","2302","2","3","0","0","0","0","0","2","0","2","0","0","0","3","","","N","","","","","","","","","",""
"2021023559","1135","0","0","0","0","0","0","0","0","0","5","1","","67","3","2021","3","40.031272","-75.187769","1120","6","0","0","0","0","0","2","0","0","","0","1","0","10","1","1","N","0","2","40 01:52.580","5","0","75 11:15.970","3","0","0","0","67301","0","0","0","N","0","0","0","2","67301","0","","1.0","1444.0","1","N","N","N","0","","1","0","1","0","0","Y","1020","2","1","0","0","0","0","0","2","0","2","0","0","0","3","03","","N","","","","","","","","","",""
"2021009608","1821","1","0","0","0","0","0","0","0","0","4","0","","67","1","2021","3","40.030131","-75.021853","1804","6","0","0","0","1","0","0","0","0","","0","0","0","17","3","1","N","0","1","40 01:48.473","2","0","75 01:18.669","4","0","0","0","67301","0","0","0","N","0","0","0","2","68K01","1","","1.0","1830.0","9","N","N","N","0","","0","0","1","0","0","N","1755","2","1","0","0","0","0","0","2","0","2","0","0","0","7","","","N","","","","","","","","","",""
"2021022956","2223","2","0","0","0","0","0","0","0","0","5","0","","67","2","2021","2","39.941955","-75.143323","2217","6","0","1","0","0","1","0","0","0","","0","0","0","21","3","2","N","0","1","39 56:31.038","2","0","75 08:35.964","3","0","0","0","67301","0","0","0","N","0","0","0","3","68K01","0","","1.0","2245.0","9","N","N","N","0","","2","0","0","0","0","N","2135","2","2","0","0","0","0","0","2","0","2","0","0","0","3","","","N","","","","","","","","","",""
"2021007787","1248","1","0","0","0","0","0","0","0","0","2","0","","67","1","2021","7","40.00468","-75.152126","1245","6","0","0","0","0","0","0","0","0","","0","0","0","12","1","1","","1","1","40 00:16.847","1","0","75 09:07.652","3","0","0","0","67301","0","0","0","N","0","0","0","3","67505","0","","1.0","1315.0","1","N","N","N","0","","1","0","1","3","2","N","1245","2","1","0","0","0","0","0","2","0","2","0","0","0","3","03","","N","","","","","","","","","",""
"2021023130","354","1","0","0","0","0","0","0","0","0","2","0","","67","3","2021","4","40.061097","-75.156564","353","6","0","0","0","0","0","0","0","0","","0","0","0","3","3","0","N","0","0","40 03:39.950","","0","75 09:23.630","9","0","0","0","67301","0","0","0","N","0","0","0","1","67301","0","","6.0","","1","N","N","N","0","","0","0","1","0","0","","350","2","0","1","0","0","0","1","2","0","2","0","0","0","3","","","N","","","","","","","","","",""
"2021022729","39","3","0","0","0","0","0","0","0","0","4","0","","67","3","2021","7","39.994964","-75.121831","32","6","0","0","0","0","0","1","0","0","","0","0","0","23","3","0","N","0","0","39 59:41.870","","0","75 07:18.590","9","0","0","0","67301","0","0","0","N","0","0","0","1","67301","0","","6.0","","1","N","N","N","0","","0","0","0","0","0","","2351","3","0","1","0","0","0","1","2","0","3","0","0","0","3","03","","N","","","","","","","","","",""
"2021022965","713","0","0","0","0","0","0","0","0","0","5","1","","67","2","2021","6","39.976128","-75.195559","710","6","0","0","0","0","0","0","0","0","","0","1","0","6","1","0","N","0","1","39 58:34.061","4","0","75 11:44.011","0","0","0","0","67301","0","0","0","Y","0","0","0","2","68K01","0","","1.0","300.0","1","N","N","N","0","","0","0","1","0","0","N","642","2","0","0","0","0","0","0","2","0","2","0","0","0","3","","","N","","","","","","","","","",""
"2021024572","929","1","0","0","0","0","0","0","0","0","7","0","","67","3","2021","6","40.045536","-75.119469","928","6","0","0","0","0","0","0","0","1","","0","0","0","9","1","1","N","0","2","40 02:43.930","6","0","75 07:10.090","3","0","0","0","67301","0","0","0","N","0","0","0","1","67301","0","","4.0","1000.0","1","N","N","N","0","","1","0","0","0","0","Y","925","1","1","0","0","0","0","0","2","0","1","0","0","0","3","","","N","","","","","","","","","",""
"2021022502","50","0","0","0","0","0","0","0","0","0","7","0","","67","3","2021","2","40.048866","-75.170342","50","6","0","0","0","0","0","0","0","0","","0","1","0","0","3","1","N","0","0","40 02:55.918","","1","75 10:13.231","4","0","0","0","67301","0","0","0","N","0","0","0","1","67301","1","","2.0","","1","N","N","N","0","","0","0","0","9","9","","48","1","1","0","0","0","0","0","2","0","1","0","0","0","3","03","","N","","","","","","","","","",""
"2021024517","1750","0","0","0","0","0","0","0","0","0","8","0","","67","3","2021","1","40.079174","-75.025506","1734","6","0","0","0","0","0","1","0","0","","0","0","0","17","1","1","N","0","0","40 04:45.026","","7","75 01:31.821","8","0","0","0","67301","1","0","0","N","1","0","0","2","67301","0","","6.0","","1","N","N","N","0","","0","0","1","0","0","","1727","2","1","0","0","0","1","0","2","0","1","1","0","0","3","03","","N","","","","","","","","","",""
"2021023000","1914","1","0","0","0","0","0","0","0","0","1","0","","67","3","2021","5","39.959349","-75.174638","1901","6","0","0","1","0","0","0","0","0","","0","0","0","18","3","0","N","0","1","39 57:33.657","3","0","75 10:28.697","0","0","0","0","67301","0","0","0","N","0","0","0","3","68K01","0","","1.0","1940.0","1","N","N","N","0","","0","0","1","0","0","N","1858","2","0","0","0","0","0","0","2","0","2","0","0","0","3","03","","N","","","","","","","","","",""
"2021008998","1515","0","0","0","0","0","0","0","0","0","1","1","","67","1","2021","3","40.009372","-75.115542","1514","6","0","0","0","0","0","0","1","0","","0","1","0","15","1","0","N","0","0","40 00:33.740","","0","75 06:55.950","0","0","0","0","67301","0","0","0","N","0","0","0","2","67301","0","","6.0","","9","N","N","N","0","","0","0","1","0","0","","1512","2","0","0","0","0","0","0","2","0","2","0","0","0","7","07","","N","","","","","","","","","",""
"2021023661","1904","1","0","0","0","0","0","0","0","0","4","1","","67","3","2021","2","39.940138","-75.143626","1904","6","0","0","0","1","0","0","0","0","","0","1","0","19","3","0","N","0","0","39 56:24.498","","0","75 08:37.053","9","0","0","0","67301","0","0","0","N","0","0","0","3","68K01","0","","1.0","","1","N","N","N","0","","0","0","1","0","0","","1904","3","0","0","0","0","0","1","2","0","3","0","0","0","3","","","N","","","","","","","","","",""