"CRN","ARRIVAL_TM","AUTOMOBILE_COUNT","BELTED_DEATH_COUNT","BELTED_SUSP_SERIOUS_INJ_COUNT","BICYCLE_COUNT","BICYCLE_DEATH_COUNT","BICYCLE_SUSP_SERIOUS_INJ_COUNT","BUS_COUNT","CHLDPAS_DEATH_COUNT","CHLDPAS_SUSP_SERIOUS_INJ_COUNT","COLLISION_TYPE","COMM_VEH_COUNT","CONS_ZONE_SPD_LIM","COUNTY","CRASH_MONTH","CRASH_YEAR","DAY_OF_WEEK","DEC_LATITUDE","DEC_LONGITUDE","DISPATCH_TM","DISTRICT","DRIVER_COUNT_16YR","DRIVER_COUNT_17YR","DRIVER_COUNT_18YR","DRIVER_COUNT_19YR","DRIVER_COUNT_20YR","DRIVER_COUNT_50_64YR","DRIVER_COUNT_65_74YR","DRIVER_COUNT_75PLUS","EST_HRS_CLOSED","FATAL_COUNT","HEAVY_TRUCK_COUNT","HORSE_BUGGY_COUNT","HOUR_OF_DAY","ILLUMINATION","INJURY_COUNT","INTERSECTION_RELATED","INTERSECT_TYPE","LANE_CLOSED","LATITUDE","LN_CLOSE_DIR","LOCATION_TYPE","LONGITUDE","MAX_SEVERITY_LEVEL","MCYCLE_DEATH_COUNT","MCYCLE_SUSP_SERIOUS_INJ_COUNT","MOTORCYCLE_COUNT","MUNICIPALITY","NONMOTR_COUNT","NONMOTR_DEATH_COUNT","NONMOTR_SUSP_SERIOUS_INJ_COUNT","NTFY_HIWY_MAINT","PED_COUNT","PED_DEATH_COUNT","PED_SUSP_SERIOUS_INJ_COUNT","PERSON_COUNT","POLICE_AGCY","POSSIBLE_INJ_COUNT","RDWY_SURF_TYPE_CD","RELATION_TO_ROAD","ROADWAY_CLEARED","ROAD_CONDITION","SCH_BUS_IND","SCH_ZONE_IND","SECONDARY_CRASH","SMALL_TRUCK_COUNT","SPEC_JURIS_CD","SUSP_MINOR_INJ_COUNT","SUSP_SERIOUS_INJ_COUNT","SUV_COUNT","TCD_FUNC_CD","TCD_TYPE","TFC_DETOUR_IND","TIME_OF_DAY","TOTAL_UNITS","TOT_INJ_COUNT","UNBELTED_OCC_COUNT","UNB_DEATH_COUNT","UNB_SUSP_SERIOUS_INJ_COUNT","UNK_INJ_DEG_COUNT","UNK_INJ_PER_COUNT","URBAN_RURAL","VAN_COUNT","VEHICLE_COUNT","VULNERABLE_ROAD_USER_COUNT","VULNERABLE_ROAD_USER_DEATH_COUNT","VULNERABLE_ROAD_USER_SER_INJ_COUNT","WEATHER1","WEATHER2","WORKERS_PRES","WORK_ZONE_IND","WORK_ZONE_LOC","WORK_ZONE_TYPE","WZ_CLOSE_DETOUR","WZ_FLAGGER","WZ_LAW_OFFCR_IND","WZ_LN_CLOSURE","WZ_MOVING","WZ_OTHER","WZ_SHLDER_MDN","WZ_WORKERS_INJ_KILLED"
"2021023392","1848","2","0","0","0","0","0","0","0","0","2","0","","67","3","2021","4","40.060954","-75.172386","1848","6","0","0","0","0","0","0","0","0","","0","0","0","17","4","0","N","0","0","40 03:39.435","","0","75 10:20.589","0","0","0","0","67301","0","0","0","N","0","0","0","0","67301","0","","6.0","","1","N","N","N","0","","0","0","0","0","0","","1751","2","0","0","0","0","0","0","2","0","2","0","0","0","3","03","","N","","","","","","","","","",""
"2021007928","1630","0","0","0","0","0","0","0","0","0","8","0","","67","1","2021","7","39.939717","-75.220453","1629","6","0","0","0","0","0","0","0","0","","0","1","0","16","1","1","N","0","2","39 56:22.980","5","0","75 13:13.630","4","0","0","0","67301","1","0","0","N","1","0","0","3","67301","1","","1.0","30.0","1","N","N","N","0","","0","0","0","0","0","Y","1623","2","1","1","0","0","0","0","2","0","1","1","0","0","3","03","","N","","","","","","","","","",""
"2021004119","1501","1","0","0","0","0","0","0","0","0","4","0","","67","1","2021","3","39.954999","-75.246268","1450","6","0","0","0","0","1","0","0","0","","0","0","0","14","1","2","","2","0","39 57:17.996","","0","75 14:46.564","3","0","0","0","67301","0","0","0","N","0","0","0","3","67301","1","","1.0","","1","N","N","N","0","","1","0","2","3","3","","1445","4","2","2","0","0","0","0","2","1","4","0","0","0","3","03","","N","","","","","","","","","",""
"2021004523","1622","1","0","0","0","0","0","0","0","0","7","0","","67","1","2021","5","40.020127","-75.044293","1546","6","0","0","0","0","1","0","0","0","","0","0","0","15","1","0","N","0","0","40 01:12.456","","0","75 02:39.455","0","0","0","0","67301","0","0","0","Y","0","0","0","3","68K01","0","","2.0","","1","N","N","N","0","","0","0","0","3","8","","1537","1","0","0","0","0","0","0","2","0","1","0","0","0","3","03","","N","","","","","","","","","",""
"2021006278","215","0","0","0","0","0","0","0","0","0","7","0","","67","1","2021","2","39.984257","-75.208338","208","6","0","0","0","0","0","0","0","0","","0","0","0","2","2","1","N","0","1","39 59:03.326","3","0","75 12:30.016","3","0","0","0","67301","0","0","0","N","0","0","0","1","68K01","0","","4.0","218.0","9","N","N","N","0","","1","0","1","0","0","N","207","1","1","1","0","0","0","0","2","0","1","0","0","0","7","07","","N","","","","","","","","","",""
"2021003046","1633","3","0","0","0","0","0","0","0","0","4","0","","67","1","2021","3","39.996718","-75.115468","1627","6","0","0","0","0","0","0","0","0","","0","0","0","16","1","1","","1","1","39 59:48.185","1","0","75 06:55.684","3","0","0","0","67301","0","0","0","N","0","0","0","2","67301","0","","1.0","100.0","1","N","N","N","0","","1","0","0","3","3","Y","1626","3","1","0","0","0","0","0","2","0","3","0","0","0","3","03","","N","","","","","","","","","",""
"2021008752","545","0","0","0","0","0","0","0","0","0","7","0","","67","1","2021","2","39.916192","-75.219696","540","6","0","0","0","0","0","0","0","0","","0","0","0","5","3","0","N","0","0","39 54:58.291","","0","75 13:10.907","0","0","0","0","67301","0","0","0","N","0","0","0","1","67301","0","","5.0","","1","N","N","N","1","","0","0","0","0","0","","530","1","0","0","0","0","0","0","2","0","1","0","0","0","3","03","","N","","","","","","","","","",""
"2021001538","1331","2","0","0","0","0","0","0","0","0","5","0","","67","1","2021","3","39.947315","-75.194897","1326","6","0","0","0","0","0","0","0","0","","0","0","0","13","1","0","","2","0","39 56:50.333","","0","75 11:41.630","0","0","0","0","67301","0","0","0","N","0","0","0","5","67504","0","","2.0","","1","N","N","N","0","","0","0","0","3","2","","1322","2","0","1","0","0","0","0","2","0","2","0","0","0","3","03","","N","","","","","","","","","",""
"2021024058","2125","1","0","0","0","0","0","1","0","0","4","1","","67","3","2021","5","40.017947","-75.149347","2053","6","0","0","0","0","0","0","0","0","","0","0","0","20","3","1","","1","0","40 01:04.608","","0","75 08:57.650","8","0","0","0","67301","0","0","0","N","0","0","0","3","67508","0","","1.0","","1","N","N","Y","0","","0","0","0","3","2","","2053","2","1","0","0","0","1","0","2","0","2","0","0","0","3","03","","N","","","","","","","","","",""
"2021022961","1636","2","0","0","0","0","0","0","0","0","2","0","","67","2","2021","4","39.964998","-75.185356","1636","6","0","0","0","0","0","0","0","0","","0","0","0","16","1","0","N","0","0","39 57:53.994","","0","75 11:07.281","0","0","0","0","67301","0","0","0","N","0","0","0","3","68K01","0","","1.0","","1","N","N","N","0","","0","0","0","0","0","","1636","2","0","0","0","0","0","0","2","0","2","0","0","0","3","","","N","","","","","","","","","",""
"2021022177","2007","0","0","0","0","0","0","0","0","0","4","1","","67","3","2021","4","39.897563","-75.252262","1958","6","0","0","0","0","0","0","1","0","","0","1","0","19","3","1","","1","0","39 53:51.225","","0","75 15:08.142","3","0","0","0","67301","0","0","0","N","0","0","0","2","67301","0","","1.0","","1","N","N","N","1","","1","0","0","3","2","","1951","2","1","1","0","0","0","0","2","0","2","0","0","0","3","03","","N","","","","","","","","","",""
"2021022590","956","0","0","0","0","0","0","0","0","0","7","0","25","67","3","2021","1","39.99878","-75.086791","956","6","0","0","0","0","0","0","0","0","","0","0","0","9","1","2","N","0","2","39 59:55.609","7","0","75 05:12.446","3","0","0","0","67301","0","0","0","N","0","0","0","2","67301","1","","1.0","1125.0","1","N","N","N","0","","1","0","1","0","0","Y","948","1","2","0","0","0","0","0","2","0","1","0","0","0","3","","N","Y","4","1","N","N","N","N","N","Y","N","N"
"2021008258","1107","0","0","0","0","0","0","0","0","0","1","0","","67","1","2021","2","39.957065","-75.226326","1107","6","0","0","0","0","0","1","0","0","","0","0","0","11","1","0","N","0","0","39 57:25.435","","0","75 13:34.774","0","0","0","0","67301","0","0","0","N","0","0","0","1","67301","0","","6.0","","1","N","N","N","2","","0","0","0","0","0","","1107","2","0","0","0","0","0","0","2","0","2","0","0","0","3","03","","N","","","","","","","","","",""
"2021022967","1946","3","0","0","0","0","0","0","0","0","1","0","","67","2","2021","6","39.959453","-75.174453","1933","6","0","0","0","0","0","0","0","0","","0","0","0","19","3","1","N","0","1","39 57:34.032","4","0","75 10:28.032","3","0","0","0","67301","0","0","0","N","0","0","0","4","68K01","0","","1.0","2052.0","1","N","N","N","0","","1","0","0","0","0","N","1928","3","1","0","0","0","0","0","2","0","3","0","0","0","3","03","","N","","","","","","","","","",""
"2021006763","1425","0","0","0","0","0","0","0","0","0","5","0","","67","1","2021","2","39.977141","-75.199003","1423","6","0","1","0","0","0","1","0","0","","0","0","0","14","1","4","N","0","2","39 58:37.708","4","0","75 11:56.409","3","0","0","0","67301","0","0","0","N","0","0","0","9","68K01","0","","1.0","30.0","1","N","N","N","0","","4","0","2","0","0","N","1417","3","4","0","0","0","0","0","2","0","2","0","0","0","3","","","N","","","","","","","","","",""
"2021010460","1354","0","0","0","0","0","0","0","0","0","6","0","","67","1","2021","1","39.922294","-75.246319","1354","6","0","0","0","0","0","0","0","0","","0","0","0","13","1","1","N","0","0","39 55:20.259","","1","75 14:46.747","3","0","0","0","67301","0","0","0","N","0","0","0","2","67301","0","","1.0","","7","N","N","N","1","","1","0","1","0","0","","1342","2","1","0","0","0","0","0","2","0","2","0","0","0","10","02","","N","","","","","","","","","",""
"2021004311","1937","2","0","0","0","0","0","0","0","0","5","0","","67","1","2021","1","40.04065","-75.005579","1923","6","0","0","0","0","0","0","0","0","","0","0","0","19","3","1","N","0","2","40 02:26.341","2","3","75 00:20.085","8","0","0","0","67301","0","0","0","N","0","0","0","4","68K01","0","","1.0","2109.0","9","N","N","N","0","","0","0","1","0","0","Y","1917","3","1","0","0","0","1","0","2","0","3","0","0","0","3","03","","N","","","","","","","","","",""
"2021041082","1600","1","0","0","0","0","0","0","0","0","5","0","","67","4","2021","4","39.945854","-75.240265","1545","6","0","0","0","0","0","0","0","0","","0","1","0","14","1","2","N","1","0","39 56:45.073","","0","75 14:24.954","3","0","0","0","67301","0","0","0","N","0","0","0","3","67301","0","","1.0","","1","N","N","N","0","","2","0","0","3","2","","1430","2","2","0","0","0","0","1","2","0","2","0","0","0","3","03","","N","","","","","","","","","",""
"2021006056","312","1","0","0","0","0","0","0","0","0","5","0","","67","1","2021","7","40.025395","-75.147612","309","6","0","0","0","0","0","0","0","0","","0","0","0","3","3","0","N","0","0","40 01:31.422","","0","75 08:51.403","0","0","0","0","67301","0","0","0","N","0","0","0","1","67301","0","","6.0","","9","N","N","N","0","","0","0","1","0","0","","300","2","0","0","0","0","0","0","2","0","2","0","0","0","7","07","","N","","","","","","","","","",""
"2021023970","419","0","0","0","0","0","0","0","0","0","7","0","","67","3","2021","6","39.965581","-75.186238","412","6","0","0","0","0","0","1","0","0","","0","0","0","4","3","0","N","0","1","39 57:56.092","3","0","75 11:10.456","0","0","0","0","67301","0","0","0","N","0","0","0","1","68K01","0","","4.0","30.0","1","N","N","N","0","","0","0","1","0","0","N","409","1","0","0","0","0","0","0","2","0","1","0","0","0","3","03","","N","","","","","","","","","",""
"2021023479","930","2","0","0","0","0","0","0","0","0","4","0","","67","3","2021","4","40.057791","-74.999345","925","6","0","0","0","0","0","0","1","0","","0","0","0","9","1","1","N","0","0","40 03:28.047","","0","74 59:57.643","3","0","0","0","67301","0","0","0","N","0","0","0","1","67301","0","","6.0","","1","N","N","N","0","","1","0","0","3","8","","924","2","1","0","0","0","0","0","2","0","2","0","0","0","3","03","","N","","","","","","","","","",""
"2021003992","30","1","0","0","0","0","0","0","0","0","1","0","","67","1","2021","7","39.981156","-75.206772","21","6","0","0","0","0","0","0","0","0","","0","0","0","0","3","0","N","0","2","39 58:52.162","3","0","75 12:24.380","9","0","0","0","67301","0","0","0","N","0","0","0","2","68K01","0","","4.0","115.0","9","N","N","Y","0","","0","0","0","0","0","N","20","2","0","0","0","0","0","1","2","0","2","0","0","0","7","","","N","","","","","","","","","",""
"2021005979","932","2","0","0","0","0","0","0","0","0","4","0","","67","1","2021","1","39.949756","-75.16752","932","6","0","0","0","1","0","0","0","0","","0","0","0","9","1","0","","1","0","39 56:59.121","","0","75 10:03.071","0","0","0","0","67301","0","0","0","N","0","0","0","2","67301","0","","1.0","","1","N","N","N","0","","0","0","0","3","2","","932","2","0","0","0","0","0","0","2","0","2","0","0","0","3","03","","N","","","","","","","","","",""
"2021006003","2048","1","0","0","0","0","0","0","0","0","8","0","","67","1","2021","5","40.044192","-75.162742","2048","6","0","0","0","0","0","0","0","0","","0","0","0","20","3","1","","1","0","40 02:39.090","","0","75 09:45.870","3","0","0","0","67301","1","0","0","N","1","0","0","1","67301","0","","9.0","","1","N","N","N","0","","1","0","0","3","2","","2048","2","1","0","0","0","0","0","2","0","1","1","0","0","3","03","","N","","","","","","","","","",""
"2021006021","1943","3","0","0","0","0","0","0","0","0","2","0","","67","1","2021","6","39.93234","-75.192546","1940","6","0","0","0","0","0","1","0","0","","0","0","0","13","1","1","","1","0","39 55:56.424","","0","75 11:33.167","8","0","0","0","67301","0","0","0","N","0","0","0","2","67301","0","","1.0","","9","N","N","N","0","","0","0","0","3","3","","1300","3","1","0","0","0","1","1","2","0","3","0","0","0","6","04","","N","","","","","","","","","",""
"2021006058","226","1","0","0","0","0","0","0","0","0","4","0","","67","1","2021","1","40.023058","-75.148124","222","6","0","0","0","0","0","0","0","0","","0","0","0","2","3","0","N","0","2","40 01:23.009","5","0","75 08:53.245","0","0","0","0","67301","0","0","0","N","0","0","0","1","67301","0","","1.0","350.0","1","N","N","N","0","","0","0","1","3","2","Y","220","2","0","0","0","0","0","0","2","0","2","0","0","0","3","03","","N","","","","","","","","","",""
"2021003243","1012","2","0","0","0","0","0","0","0","0","4","0","","67","1","2021","1","40.111198","-75.024348","1009","6","0","0","0","0","0","1","1","0","","0","0","0","10","1","1","","1","0","40 06:40.311","","0","75 01:27.652","8","0","0","0","67301","0","0","0","N","0","0","0","3","67301","0","","1.0","","1","N","N","N","0","","0","0","0","3","2","","1007","2","1","0","0","0","1","0","2","0","2","0","0","0","3","","","N","","","","","","","","","",""
"2021007740","2208","0","0","0","0","0","0","0","0","0","4","0","","67","1","2021","6","40.025029","-75.147801","2206","6","0","0","0","0","0","0","0","0","","0","0","0","21","3","3","N","0","0","40 01:30.105","","7","75 08:52.085","3","0","0","0","67301","0","0","0","N","0","0","0","3","67301","2","","1.0","","1","N","N","N","0","","1","0","2","0","0","","2118","2","3","0","0","0","0","0","2","0","2","0","0","0","3","","","N","","","","","","","","","",""
"2021007164","1825","0","0","0","0","0","0","0","0","0","8","0","","67","1","2021","3","39.983906","-75.186354","1823","6","0","0","0","0","0","0","0","0","","0","0","0","18","3","1","","2","0","39 59:02.061","","0","75 11:10.874","3","0","0","0","67301","1","0","0","N","1","0","0","2","67301","0","","1.0","","1","N","N","N","1","","1","0","0","3","2","","1820","2","1","0","0","0","0","0","2","0","1","1","0","0","3","03","","N","","","","","","","","","",""
"2021004325","30","2","0","0","0","0","0","0","0","0","2","0","","67","1","2021","7","39.980994","-75.206566","30","6","0","0","0","1","0","0","0","0","","0","0","0","0","3","1","N","0","2","39 58:51.577","3","0","75 12:23.637","8","0","0","0","67301","0","0","0","N","0","0","0","1","68K01","0","","1.0","145.0","9","N","N","Y","0","","0","0","0","0","0","N","30","2","1","0","0","0","1","0","2","0","2","0","0","0","7","","","N","","","","","","","","","",""
"2021009418","1211","0","0","0","0","0","0","0","0","0","5","1","","67","1","2021","5","39.91809","-75.210004","1159","6","0","0","0","0","0","0","0","0","","0","1","0","11","1","0","N","0","1","39 55:05.124","3","0","75 12:36.016","9","0","0","0","67301","0","0","0","N","0","0","0","3","67301","0","","1.0","1334.0","1","N","N","N","0","","0","0","1","0","0","N","1132","3","0","0","0","0","0","1","2","0","3","0","0","0","3","03","","N","","","","","","","","","",""
"2021009619","1255","2","0","0","0","0","0","0","0","0","5","0","","67","1","2021","5","40.052183","-74.987654","1243","6","0","0","0","0","0","0","0","0","","0","0","0","12","1","0","N","0","0","40 03:07.860","","0","74 59:15.553","0","0","0","0","67301","0","0","0","N","0","0","0","2","68K01","0","","3.0","","1","N","N","N","0","","0","0","0","0","0","","1240","2","0","0","0","0","0","0","2","0","2","0","0","0","3","","","N","","","","","","","","","",""
"2021006014","105","0","0","0","0","0","0","0","0","0","7","0","","67","1","2021","1","40.018506","-75.082021","105","6","0","0","0","0","0","0","0","0","","0","0","0","0","3","0","N","0","2","40 01:06.622","1","0","75 04:55.274","0","0","0","0","67301","0","0","0","N","0","0","0","0","67301","0","","4.0","105.0","1","N","N","N","0","","0","0","1","0","0","Y","35","1","0","0","0","0","0","0","2","0","1","0","0","0","3","03","","N","","","","","","","","","",""
"2021002307","602","0","0","0","0","0","0","0","0","0","5","1","","67","1","2021","5","39.954889","-75.149111","601","6","0","0","0","0","0","1","0","0","","0","1","0","6","5","0","N","0","0","39 57:17.600","","2","75 08:56.800","0","0","0","0","67301","0","0","0","N","0","0","0","2","67501","0","","1.0","","1","N","N","N","0","","0","0","0","0","0","","601","2","0","0","0","0","0","0","2","1","2","0","0","0","3","03","","N","","","","","","","","","",""
"2021004342","1635","1","0","0","0","0","0","0","0","0","5","2","","67","1","2021","2","39.882597","-75.245412","1626","6","0","0","0","0","0","0","0","0","","0","2","0","16","1","1","N","0","2","39 52:57.349","2","0","75 14:43.482","8","0","0","0","67301","0","0","0","N","0","0","0","3","68K01","0","","1.0","1700.0","1","N","N","N","0","","0","0","0","0","0","N","1626","3","1","0","0","0","1","0","2","0","3","0","0","0","3","03","","N","","","","","","","","","",""
"2021006598","333","1","0","0","0","0","0","0","0","0","5","1","","67","1","2021","2","40.001999","-75.194963","328","6","0","0","0","0","0","1","0","0","","0","1","0","3","3","0","N","0","2","40 00:07.198","3","0","75 11:41.867","0","0","0","0","67301","0","0","0","N","0","0","0","2","68K01","0","","1.0","402.0","1","N","N","N","0","","0","0","0","0","0","N","321","2","0","1","0","0","0","0","2","0","2","0","0","0","3","03","","N","","","","","","","","","",""
"2021008457","740","1","0","0","0","0","0","1","0","0","4","1","","67","1","2021","1","39.88755","-75.247933","718","6","0","0","0","0","0","1","0","0","","0","0","0","7","1","2","N","2","0","39 53:15.179","","0","75 14:52.560","8","0","0","0","67301","0","0","0","N","0","0","0","2","67508","0","","1.0","","1","N","N","Y","0","","0","0","0","3","2","","718","2","2","0","0","0","2","0","2","0","2","0","0","0","3","03","","N","","","","","","","","","",""
"2021008761","1715","1","0","0","0","0","0","0","0","0","1","0","","67","1","2021","4","40.002703","-75.14881","1711","6","0","0","0","0","0","1","0","0","","0","0","0","17","1","1","","5","0","40 00:09.730","","0","75 08:55.715","4","0","0","0","67301","0","0","0","N","0","0","0","2","67301","1","","1.0","","1","N","N","N","0","","0","0","1","3","2","","1711","2","1","0","0","0","0","0","2","0","2","0","0","0","3","03","","N","","","","","","","","","",""
"2021006504","935","2","0","0","0","0","0","0","0","0","4","0","","67","1","2021","4","39.972381","-75.157","930","6","0","0","0","0","0","0","0","0","","0","0","0","9","1","0","N","0","9","39 58:20.570","","0","75 09:25.200","0","0","0","0","67301","0","0","0","N","0","0","0","1","67301","0","","1.0","","1","N","N","N","0","","0","0","0","0","0","U","903","2","0","0","0","0","0","0","2","0","2","0","0","0","3","03","","N","","","","","","","","","",""
"2021005983","330","1","0","0","0","0","0","1","0","0","5","1","","67","1","2021","6","39.889056","-75.23344","318","6","0","0","0","0","0","0","0","0","","0","0","0","23","3","0","N","0","1","39 53:20.602","2","0","75 14:00.384","0","0","0","0","67301","0","0","0","N","0","0","0","2","67301","0","","1.0","503.0","9","N","N","N","0","","0","0","0","0","0","N","2344","2","0","0","0","0","0","0","2","0","2","0","0","0","7","07","","N","","","","","","","","","",""
"2021027142","810","2","0","0","0","0","0","0","0","0","4","0","","67","3","2021","3","39.992933","-75.16815","806","6","0","0","0","0","0","0","0","0","","0","0","0","6","5","0","N","0","0","39 59:34.560","","0","75 10:05.340","9","0","0","0","67301","0","0","0","N","0","0","0","1","67301","0","","6.0","","1","N","N","N","0","","0","0","0","0","0","","600","2","0","1","0","0","0","1","2","0","2","0","0","0","3","03","","N","","","","","","","","","",""
"2021027726","1607","0","0","0","0","0","0","0","0","0","8","0","","67","3","2021","4","40.031222","-75.021724","1603","6","0","0","0","0","0","0","0","0","","0","0","0","16","1","1","","2","1","40 01:52.399","1","0","75 01:18.206","2","0","0","0","67301","1","0","1","N","1","0","1","3","67301","0","","1.0","30.0","9","N","N","N","1","","0","1","0","3","2","Y","1602","2","1","0","0","0","0","0","2","0","1","1","0","1","7","07","","N","","","","","","","","","",""
"2021025275","2118","2","0","0","0","0","0","0","0","0","2","0","","67","3","2021","6","39.995354","-75.117216","2118","6","0","0","0","0","0","0","0","0","","0","0","0","21","2","0","","1","0","39 59:43.276","","0","75 07:01.978","0","0","0","0","67301","0","0","0","N","0","0","0","1","67301","0","","1.0","","1","N","N","N","0","","0","0","0","0","0","","2113","2","0","0","0","0","0","0","2","0","2","0","0","0","3","03","","N","","","","","","","","","",""
"2021003883","115","1","0","0","0","0","0","0","0","0","2","0","","67","1","2021","1","40.063375","-75.145953","115","6","0","1","0","0","0","0","0","0","","0","0","0","0","3","0","N","0","0","40 03:48.150","","0","75 08:45.430","9","0","0","0","67301","0","0","0","N","0","0","0","1","67301","0","","6.0","","1","N","N","N","0","","0","0","1","9","3","","53","2","0","0","0","0","0","1","2","0","2","0","0","0","3","","","N","","","","","","","","","",""
"2021003623","1132","2","0","0","0","0","0","0","0","0","1","0","","67","1","2021","7","39.958642","-75.167927","1128","6","0","0","0","0","0","0","0","0","","0","0","0","11","1","0","N","0","0","39 57:31.112","","0","75 10:04.537","0","0","0","0","67301","0","0","0","N","0","0","0","3","68K01","0","","1.0","","1","N","N","N","0","","0","0","0","0","0","","1127","2","0","0","0","0","0","0","2","0","2","0","0","0","3","","","N","","","","","","","","","",""
"2021004696","1950","2","0","0","0","0","0","0","0","0","1","0","","67","1","2021","5","39.906802","-75.173488","1948","6","0","0","0","0","0","0","0","0","","0","0","0","19","3","0","N","0","1","39 54:24.487","2","0","75 10:24.557","0","0","0","0","67301","0","0","0","N","0","0","0","2","67505","0","","1.0","2030.0","1","N","N","N","0","","0","0","0","0","0","N","1947","2","0","0","0","0","0","0","2","0","2","0","0","0","3","","","N","","","","","","","","","",""
"2021009000","2027","0","0","0","0","0","0","0","0","0","4","0","","67","1","2021","3","40.019118","-75.190549","2023","6","0","0","0","0","0","1","0","0","","0","0","0","20","3","1","N","0","1","40 01:08.824","1","0","75 11:25.975","3","0","0","0","67301","0","0","0","N","0","0","0","2","67301","0","","1.0","30.0","9","N","N","N","1","","1","0","1","0","0","Y","2020","2","1","0","0","0","0","0","2","0","2","0","0","0","4","","","N","","","","","","","","","",""
"2021004348","1233","0","0","0","0","0","0","0","0","0","7","1","","67","1","2021","3","40.005806","-75.198361","1232","6","0","0","0","0","0","1","0","0","","0","1","0","12","1","1","","3","2","40 00:20.900","3","2","75 11:54.100","8","0","0","0","67301","0","0","0","N","0","0","0","2","68K01","0","","4.0","100.0","1","N","N","N","0","","0","0","0","0","0","Y","1226","1","1","0","0","0","1","0","2","0","1","0","0","0","3","03","","N","","","","","","","","","",""
"2021003828","1411","1","0","0","0","0","0","0","0","0","1","0","","67","1","2021","2","39.899879","-75.16167","1353","6","0","0","0","0","0","0","1","0","","0","0","0","13","1","0","N","0","1","39 53:59.566","2","0","75 09:42.013","0","0","0","0","67301","0","0","0","N","0","0","0","2","68K01","0","","1.0","1500.0","1","N","N","Y","0","","0","0","1","0","0","N","1351","2","0","0","0","0","0","0","2","0","2","0","0","0","3","","","N","","","","","","","","","",""
"2021007899","1519","1","0","0","0","0","0","0","0","0","1","2","","67","1","2021","4","39.958497","-75.167772","1507","6","0","0","0","0","1","1","0","0","","0","2","0","15","1","1","N","0","1","39 57:30.590","3","1","75 10:03.978","3","0","0","0","67301","0","0","0","N","0","0","0","4","68K01","0","","1.0","30.0","1","N","N","N","0","","1","0","0","0","0","N","1503","3","1","0","0","0","0","0","2","0","3","0","0","0","3","","","N","","","","","","","","","",""
"2021003421","1151","1","0","0","0","0","0","0","0","0","1","1","","67","1","2021","1","40.100887","-74.988354","1151","6","0","0","0","0","0","1","0","0","","0","1","0","11","1","0","N","0","0","40 06:03.193","","0","74 59:18.073","9","0","0","0","67301","0","0","0","N","0","0","0","5","67301","0","","1.0","","1","N","N","N","0","","0","0","0","0","0","","1151","2","0","0","0","0","0","2","2","0","2","0","0","0","3","03","","N","","","","","","","","","",""
"2021023958","1729","0","0","0","0","0","0","0","0","0","1","0","","67","3","2021","4","40.027729","-75.02471","1706","6","0","0","0","0","0","0","0","0","","0","0","0","16","2","0","N","0","0","40 01:39.825","","0","75 01:28.957","0","0","0","0","67301","0","0","0","N","0","0","0","2","68K01","0","","1.0","","1","N","N","N","1","","0","0","1","0","0","","1656","2","0","0","0","0","0","0","2","0","2","0","0","0","3","","","N","","","","","","","","","",""
"2021003829","1420","0","0","0","0","0","0","0","0","0","1","0","","67","1","2021","2","39.898933","-75.169478","1420","6","0","0","0","0","0","1","0","0","","0","0","0","14","1","2","N","0","1","39 53:56.157","2","0","75 10:10.120","3","0","0","0","67301","0","0","0","N","0","0","0","2","68K01","0","","1.0","1500.0","1","N","N","N","0","","2","0","2","0","0","N","1420","2","2","0","0","0","0","0","2","0","2","0","0","0","3","","","N","","","","","","","","","",""
"2021003608","703","0","0","0","0","0","0","0","0","0","4","1","","67","1","2021","7","39.932685","-75.20004","659","6","0","0","0","0","0","1","0","0","","0","1","0","6","1","0","N","0","2","39 55:57.666","4","0","75 12:00.145","0","0","0","0","67301","0","0","0","N","0","0","0","2","68K01","0","","3.0","731.0","9","N","N","N","0","","0","0","1","0","0","N","657","2","0","0","0","0","0","0","2","0","2","0","0","0","3","","","N","","","","","","","","","",""
"2021003465","2010","1","0","0","0","0","0","0","0","0","5","0","","67","1","2021","7","39.99227","-75.20175","2006","6","0","0","0","0","0","0","0","0","","0","0","0","20","3","0","N","0","0","39 59:32.172","","0","75 12:06.299","9","0","0","0","67301","0","0","0","N","0","0","0","2","68K01","0","","1.0","","1","N","N","N","0","","0","0","0","0","0","","2004","2","0","0","0","0","0","1","2","0","2","0","0","0","3","03","","N","","","","","","","","","",""
"2021023116","1105","0","0","0","0","0","0","1","0","0","4","1","","67","2","2021","7","40.001585","-75.152798","1055","6","0","0","0","0","0","1","0","0","","0","0","0","10","1","4","","1","0","40 00:05.705","","0","75 09:10.074","4","0","0","0","67301","0","0","0","N","0","0","0","6","67508","4","","1.0","","9","N","N","Y","0","","0","0","1","3","2","","1055","2","4","0","0","0","0","0","2","0","2","0","0","0","7","07","","N","","","","","","","","","",""
"2021025277","2140","1","0","0","0","0","0","0","0","0","8","0","","67","3","2021","1","39.993931","-75.154462","2140","6","0","0","0","0","0","0","0","0","","1","0","0","21","3","0","","1","0","39 59:38.150","","0","75 09:16.063","1","0","0","0","67301","1","1","0","N","1","1","0","3","67301","0","2","1.0","","1","N","N","N","0","0","0","0","0","3","2","","2140","2","0","2","0","0","0","0","2","0","1","1","1","0","3","03","","N","","","","","","","","","",""
"2021006041","1946","0","0","0","0","0","0","0","0","0","4","0","","67","1","2021","3","39.994964","-75.094825","1946","6","0","0","0","0","0","0","0","0","","0","0","0","18","3","0","N","0","9","39 59:41.872","","0","75 05:41.371","0","0","0","0","67301","0","0","0","N","0","0","0","2","67301","0","","1.0","","1","N","N","N","0","","0","0","2","0","0","U","1818","2","0","1","0","0","0","0","2","0","2","0","0","0","3","03","","N","","","","","","","","","",""