"CRN","ARRIVAL_TM","AUTOMOBILE_COUNT","BELTED_DEATH_COUNT","BELTED_SUSP_SERIOUS_INJ_COUNT","BICYCLE_COUNT","BICYCLE_DEATH_COUNT","BICYCLE_SUSP_SERIOUS_INJ_COUNT","BUS_COUNT","CHLDPAS_DEATH_COUNT","CHLDPAS_SUSP_SERIOUS_INJ_COUNT","COLLISION_TYPE","COMM_VEH_COUNT","CONS_ZONE_SPD_LIM","COUNTY","CRASH_MONTH","CRASH_YEAR","DAY_OF_WEEK","DEC_LATITUDE","DEC_LONGITUDE","DISPATCH_TM","DISTRICT","DRIVER_COUNT_16YR","DRIVER_COUNT_17YR","DRIVER_COUNT_18YR","DRIVER_COUNT_19YR","DRIVER_COUNT_20YR","DRIVER_COUNT_50_64YR","DRIVER_COUNT_65_74YR","DRIVER_COUNT_75PLUS","EST_HRS_CLOSED","FATAL_COUNT","HEAVY_TRUCK_COUNT","HORSE_BUGGY_COUNT","HOUR_OF_DAY","ILLUMINATION","INJURY_COUNT","INTERSECTION_RELATED","INTERSECT_TYPE","LANE_CLOSED","LATITUDE","LN_CLOSE_DIR","LOCATION_TYPE","LONGITUDE","MAX_SEVERITY_LEVEL","MCYCLE_DEATH_COUNT","MCYCLE_SUSP_SERIOUS_INJ_COUNT","MOTORCYCLE_COUNT","MUNICIPALITY","NONMOTR_COUNT","NONMOTR_DEATH_COUNT","NONMOTR_SUSP_SERIOUS_INJ_COUNT","NTFY_HIWY_MAINT","PED_COUNT","PED_DEATH_COUNT","PED_SUSP_SERIOUS_INJ_COUNT","PERSON_COUNT","POLICE_AGCY","POSSIBLE_INJ_COUNT","RDWY_SURF_TYPE_CD","RELATION_TO_ROAD","ROADWAY_CLEARED","ROAD_CONDITION","SCH_BUS_IND","SCH_ZONE_IND","SECONDARY_CRASH","SMALL_TRUCK_COUNT","SPEC_JURIS_CD","SUSP_MINOR_INJ_COUNT","SUSP_SERIOUS_INJ_COUNT","SUV_COUNT","TCD_FUNC_CD","TCD_TYPE","TFC_DETOUR_IND","TIME_OF_DAY","TOTAL_UNITS","TOT_INJ_COUNT","UNBELTED_OCC_COUNT","UNB_DEATH_COUNT","UNB_SUSP_SERIOUS_INJ_COUNT","UNK_INJ_DEG_COUNT","UNK_INJ_PER_COUNT","URBAN_RURAL","VAN_COUNT","VEHICLE_COUNT","VULNERABLE_ROAD_USER_COUNT","VULNERABLE_ROAD_USER_DEATH_COUNT","VULNERABLE_ROAD_USER_SER_INJ_COUNT","WEATHER1","WEATHER2","WORKERS_PRES","WORK_ZONE_IND","WORK_ZONE_LOC","WORK_ZONE_TYPE","WZ_CLOSE_DETOUR","WZ_FLAGGER","WZ_LAW_OFFCR_IND","WZ_LN_CLOSURE","WZ_MOVING","WZ_OTHER","WZ_SHLDER_MDN","WZ_WORKERS_INJ_KILLED"
"2021004674","712","0","0","0","0","0","0","0","0","0","1","0","","67","1","2021","2","39.945876","-75.189869","658","6","0","0","0","0","0","0","0","0","","0","0","0","6","5","1","N","0","0","39 56:45.154","","0","75 11:23.528","3","0","0","0","67301","0","0","0","N","0","0","0","3","68K01","0","","1.0","","1","N","N","N","1","","1","0","2","0","0","","646","3","1","0","0","0","0","0","2","0","3","0","0","0","3","","","N","","","","","","","","","",""
"2021005954","230","0","0","0","0","0","0","0","0","0","7","0","","67","1","2021","6","40.03811","-75.111618","214","6","0","0","0","0","0","0","0","0","","0","0","0","1","3","0","N","0","2","40 02:17.196","5","0","75 06:41.825","0","0","0","0","67301","0","0","0","N","0","0","0","1","67301","0","","2.0","357.0","1","N","N","N","0","","0","0","1","3","2","Y","139","1","0","0","0","0","0","0","2","0","1","0","0","0","3","03","","N","","","","","","","","","",""
"2021006197","103","2","0","0","0","0","0","0","0","0","1","0","","67","1","2021","1","40.04199","-75.026522","56","6","0","0","0","0","0","0","0","0","","0","0","0","0","3","0","N","0","0","40 02:31.163","","0","75 01:35.479","9","0","0","0","67301","0","0","0","N","0","0","0","1","67301","0","","6.0","","1","N","N","N","0","","0","0","0","3","2","","32","2","0","0","0","0","0","1","2","0","2","0","0","0","3","03","","N","","","","","","","","","",""
"2021003457","1943","1","0","0","0","0","0","0","0","0","1","0","","67","1","2021","5","39.976805","-75.197897","1934","6","0","0","0","0","0","0","0","0","","0","0","0","19","3","1","N","0","0","39 58:36.499","","0","75 11:52.429","8","0","0","0","67301","0","0","0","N","0","0","0","2","68K01","0","","1.0","","1","N","N","N","0","","0","0","1","0","0","","1931","2","1","0","0","0","1","0","2","0","2","0","0","0","3","03","","N","","","","","","","","","",""
"2021009333","1711","1","0","0","0","0","0","0","0","0","2","0","","67","1","2021","2","39.916919","-75.21597","1711","6","0","0","0","0","0","0","0","0","","0","0","0","16","1","0","","3","0","39 55:00.909","","0","75 12:57.493","0","0","0","0","67301","0","0","0","N","0","0","0","0","67301","0","","2.0","","1","N","N","N","1","","0","0","1","3","2","","1600","3","0","0","0","0","0","0","2","0","3","0","0","0","3","03","","N","","","","","","","","","",""
"2021008285","315","1","0","0","0","0","0","0","0","0","1","1","","67","1","2021","1","40.030551","-75.073314","312","6","0","0","0","0","0","0","0","0","","1","1","0","3","3","0","N","0","1","40 01:49.985","1","0","75 04:23.932","1","0","0","0","67301","0","0","0","N","0","0","0","1","67301","0","2","2.0","345.0","1","N","N","N","0","0","0","0","0","0","0","N","310","2","0","0","0","0","0","0","2","0","2","0","0","0","3","","","N","","","","","","","","","",""
"2021007007","2346","1","0","0","0","0","0","0","0","0","7","1","","67","1","2021","3","39.991928","-75.085725","2339","6","0","0","0","0","0","0","0","0","","0","1","0","23","3","0","N","0","2","39 59:30.942","1","0","75 05:08.610","9","0","0","0","67301","0","0","0","N","0","0","0","3","68K01","0","","4.0","2358.0","1","N","N","N","0","","0","0","0","0","0","N","2338","2","0","0","0","0","0","1","2","0","2","0","0","0","3","03","","N","","","","","","","","","",""
"2021006904","1445","1","0","0","0","0","0","0","0","0","8","0","","67","1","2021","5","40.007954","-75.073913","1445","6","0","0","0","0","0","1","0","0","","0","0","0","13","1","1","","2","0","40 00:28.636","","0","75 04:26.087","3","0","0","0","67301","1","0","0","N","1","0","0","2","67301","0","","1.0","","1","N","N","N","0","","1","0","0","3","2","","1307","2","1","1","0","0","0","0","2","0","1","1","0","0","3","03","","N","","","","","","","","","",""
"2021006294","122","1","0","0","0","0","0","0","0","0","1","0","40","67","1","2021","3","39.898888","-75.168737","114","6","0","0","0","0","0","0","0","1","","0","0","0","1","3","2","N","0","2","39 53:55.997","1","0","75 10:07.454","3","0","0","0","67301","0","0","0","N","0","0","0","5","68K01","1","","1.0","244.0","1","N","N","N","0","","1","0","2","3","1","Y","112","3","2","0","0","0","0","0","2","0","3","0","0","0","3","","Y","Y","4","1","N","N","Y","Y","N","N","N","N"
"2021008846","1914","1","0","0","0","0","0","0","0","0","4","0","","67","1","2021","1","40.033626","-75.046786","1905","6","0","0","0","0","0","0","0","0","","0","0","0","19","3","0","","2","0","40 02:01.052","","0","75 02:48.431","0","0","0","0","67301","0","0","0","N","0","0","0","1","67301","0","","1.0","","1","N","N","N","0","","0","0","1","3","2","","1904","2","0","0","0","0","0","0","2","0","2","0","0","0","3","","","N","","","","","","","","","",""
"2021003044","1841","2","0","0","0","0","0","0","0","0","4","0","","67","1","2021","1","39.983436","-75.119145","1841","6","0","0","0","0","0","1","0","0","","0","0","0","18","3","0","","1","0","39 59:00.370","","99","75 07:08.921","0","0","0","0","67301","0","0","0","N","0","0","0","1","67301","0","","9.0","","9","N","N","N","0","","0","0","0","3","2","","1841","2","0","1","0","0","0","0","2","0","2","0","0","0","7","","","N","","","","","","","","","",""
"2021005962","1851","0","0","0","0","0","0","0","0","0","8","0","","67","1","2021","6","40.0356","-75.217376","1844","6","0","0","0","0","0","0","0","0","","0","0","0","18","3","1","","1","0","40 02:08.161","","0","75 13:02.553","3","0","0","0","67301","1","0","0","N","1","0","0","2","67301","0","","1.0","","1","N","N","N","0","","1","0","1","3","2","","1842","2","1","0","0","0","0","0","2","0","1","1","0","0","3","03","","N","","","","","","","","","",""
"2021007298","1640","1","0","0","0","0","0","0","0","0","2","1","","67","1","2021","5","39.980123","-75.089958","1640","6","0","0","0","0","0","0","0","0","","0","1","0","15","1","1","N","0","9","39 58:48.441","","99","75 05:23.847","8","0","0","0","67301","0","0","0","N","0","0","0","1","67301","0","","9.0","","1","N","N","N","0","","0","0","0","0","0","U","1547","2","1","0","0","0","1","0","2","0","2","0","0","0","3","03","","N","","","","","","","","","",""
"2021000379","330","0","0","0","0","0","0","0","0","0","7","0","","67","1","2021","6","40.023656","-75.215725","327","6","0","0","0","0","0","0","0","0","","0","1","0","3","3","0","N","0","0","40 01:25.160","","0","75 12:56.610","0","0","0","0","67301","0","0","0","N","0","0","0","0","67301","0","","5.0","","1","N","N","Y","0","","0","0","0","0","0","","309","1","0","0","0","0","0","0","2","0","1","0","0","0","3","03","","N","","","","","","","","","",""
"2021002528","2214","0","0","0","0","0","0","0","0","0","4","1","","67","1","2021","6","40.031248","-75.021402","2153","6","0","0","0","0","0","0","0","0","","0","1","0","21","3","0","N","0","1","40 01:52.491","2","0","75 01:17.047","9","0","0","0","67301","0","0","0","N","0","0","0","2","68K01","0","","2.0","2300.0","9","N","N","N","0","","0","0","1","0","0","N","2146","2","0","1","0","0","0","1","2","0","2","0","0","0","7","","","N","","","","","","","","","",""
"2021006702","502","1","0","0","0","0","0","0","0","0","4","1","","67","1","2021","2","39.98024","-75.205442","448","6","0","0","0","0","0","1","0","0","","0","1","0","4","3","0","N","0","0","39 58:48.864","","0","75 12:19.592","0","0","0","0","67301","0","0","0","N","0","0","0","2","68K01","0","","4.0","","9","N","N","N","0","","0","0","0","0","0","","447","2","0","0","0","0","0","0","2","0","2","0","0","0","7","07","","N","","","","","","","","","",""
"2021006066","115","1","0","0","0","0","0","0","0","0","8","0","","67","1","2021","7","40.007739","-75.156494","106","6","0","0","0","0","0","0","0","0","","0","0","0","0","3","1","N","0","0","40 00:27.860","","0","75 09:23.380","3","0","0","0","67301","1","0","0","N","1","0","0","1","67301","0","","1.0","","1","N","N","N","0","","1","0","0","0","0","","26","2","1","0","0","0","0","0","2","0","1","1","0","0","3","04","","N","","","","","","","","","",""
"2021005376","242","1","0","0","0","0","0","0","0","0","7","0","","67","1","2021","7","40.036132","-75.015694","242","6","0","0","0","0","0","0","0","0","","0","0","0","2","3","0","N","0","0","40 02:10.075","","0","75 00:56.500","0","0","0","0","67301","0","0","0","N","0","0","0","1","68K01","0","","1.0","","9","N","N","Y","0","","0","0","0","0","0","","239","1","0","0","0","0","0","0","2","0","1","0","0","0","7","07","","N","","","","","","","","","",""
"2021003469","1739","2","0","0","0","0","0","0","0","0","1","0","","67","1","2021","1","39.912896","-75.148344","1730","6","0","0","0","0","0","1","0","0","","0","0","0","17","3","0","N","0","1","39 54:46.424","1","0","75 08:54.038","0","0","0","0","67301","0","0","0","N","0","0","0","2","68K01","0","","1.0","1800.0","1","N","N","N","0","","0","0","0","0","0","N","1729","2","0","0","0","0","0","0","2","0","2","0","0","0","3","","","N","","","","","","","","","",""
"2021006828","1945","1","0","0","0","0","0","0","0","0","1","0","","67","1","2021","7","39.998586","-75.116969","1915","6","0","0","0","0","0","0","0","0","","0","1","0","17","6","1","N","0","0","39 59:54.910","","0","75 07:01.090","8","0","0","0","67301","0","0","0","N","0","0","0","1","67301","0","","6.0","","1","N","N","N","0","","0","0","0","9","3","","1740","2","1","0","0","0","1","0","2","0","2","0","0","0","3","03","","N","","","","","","","","","",""
"2021006001","1310","1","0","0","0","0","0","0","0","0","6","1","","67","1","2021","6","40.027255","-75.160997","1315","6","0","0","0","0","0","1","0","0","","0","1","0","13","1","1","","2","0","40 01:38.119","","0","75 09:39.588","3","0","0","0","67301","0","0","0","N","0","0","0","1","67301","0","","1.0","","1","N","N","N","0","","1","0","0","0","0","","1310","2","1","0","0","0","0","0","2","0","2","0","0","0","3","03","","N","","","","","","","","","",""
"2021003422","1909","2","0","0","0","0","0","0","0","0","1","0","","67","1","2021","1","39.99923","-75.134824","1902","6","0","0","0","0","0","0","0","0","","0","0","0","18","4","4","N","0","0","39 59:57.229","","0","75 08:05.367","3","0","0","0","67301","0","0","0","N","0","0","0","5","67301","0","","1.0","","1","N","N","N","0","","4","0","0","0","0","","1820","2","4","0","0","0","0","0","2","0","2","0","0","0","3","03","","N","","","","","","","","","",""
"2021007862","1726","2","0","0","0","0","0","0","0","0","1","0","","67","1","2021","6","39.991652","-75.086184","1711","6","0","0","0","0","0","0","0","0","","0","0","0","17","1","1","N","0","0","39 59:29.948","","0","75 05:10.263","4","0","0","0","67301","0","0","0","N","0","0","0","3","68K01","1","","1.0","","1","N","N","N","0","","0","0","1","0","0","","1708","3","1","1","0","0","0","0","2","0","3","0","0","0","3","","","N","","","","","","","","","",""
"2021006363","1041","2","0","0","0","0","0","0","0","0","5","0","","67","1","2021","1","39.959817","-75.178338","1041","6","0","0","0","0","0","0","0","0","","0","0","0","10","1","0","N","0","1","39 57:35.340","3","0","75 10:42.016","0","0","0","0","67301","0","0","0","N","0","0","0","2","68K01","0","","1.0","1113.0","9","N","N","N","0","","0","0","0","0","0","Y","1041","2","0","0","0","0","0","0","2","0","2","0","0","0","7","","","N","","","","","","","","","",""
"2021006726","2300","1","0","0","0","0","0","0","0","0","1","0","","67","1","2021","3","39.934766","-75.199849","2249","6","0","0","0","0","0","0","0","0","","0","0","0","22","3","0","N","0","0","39 56:05.158","","0","75 11:59.455","9","0","0","0","67301","0","0","0","N","0","0","0","2","68K01","0","","1.0","","1","N","N","N","0","","0","0","0","0","0","","2242","2","0","0","0","0","0","1","2","0","2","0","0","0","3","","","N","","","","","","","","","",""
"2021005993","1636","0","0","0","1","0","0","0","0","0","8","0","","67","1","2021","6","39.904061","-75.240291","1636","6","0","0","0","0","0","0","0","0","","0","0","0","16","1","1","","1","9","39 54:14.619","","0","75 14:25.049","8","0","0","0","67301","1","0","0","N","0","0","0","1","67301","0","","1.0","","1","N","N","N","0","","0","0","0","3","2","U","1636","2","1","0","0","0","1","0","2","0","1","1","0","0","3","03","","N","","","","","","","","","",""
"2021006060","1031","1","0","0","0","0","0","0","0","0","2","1","","67","1","2021","1","40.04424","-75.14349","1025","6","0","0","0","0","0","1","0","0","","0","1","0","10","1","0","N","0","1","40 02:39.264","2","0","75 08:36.564","0","0","0","0","67301","0","0","0","N","0","0","0","3","67301","0","","1.0","1045.0","1","N","N","N","0","","0","0","0","0","0","N","1006","3","0","0","0","0","0","0","2","1","3","0","0","0","3","","","N","","","","","","","","","",""
"2021006067","740","1","0","0","0","0","0","0","0","0","8","0","","67","1","2021","4","40.009585","-75.180418","734","6","0","0","0","0","0","0","0","0","","0","0","0","6","3","1","","2","9","40 00:34.506","","0","75 10:49.505","3","0","0","0","67301","1","0","0","N","1","0","0","2","67301","0","","1.0","","1","N","N","N","0","","1","0","0","3","2","U","630","2","1","0","0","0","0","1","2","0","1","1","0","0","3","","","N","","","","","","","","","",""
"2021003566","646","0","0","0","0","0","0","0","0","0","7","1","45","67","1","2021","3","40.015632","-75.05281","637","6","0","0","0","0","0","1","0","0","","0","1","0","6","3","0","N","0","0","40 00:56.274","","0","75 03:10.117","0","0","0","0","67301","0","0","0","N","0","0","0","1","68K01","0","","4.0","","1","N","N","N","0","","0","0","0","3","8","","630","1","0","0","0","0","0","0","2","0","1","0","0","0","3","","Y","Y","4","1","N","N","N","Y","Y","N","Y","N"
"2021006071","1800","2","0","0","0","0","0","0","0","0","1","0","","67","1","2021","6","40.018177","-75.169478","1750","6","0","0","0","0","0","0","0","0","","0","0","0","17","2","1","N","0","0","40 01:05.436","","0","75 10:10.122","3","0","0","0","67301","0","0","0","N","0","0","0","2","67301","0","","1.0","","1","N","N","N","0","","1","0","0","0","0","","1730","2","1","0","0","0","0","0","2","0","2","0","0","0","3","03","","N","","","","","","","","","",""
"2021005439","902","1","0","0","0","0","0","0","0","0","5","0","","67","1","2021","7","39.937766","-75.143834","902","6","0","0","0","0","0","0","0","0","","0","0","0","8","1","0","N","0","0","39 56:15.959","","0","75 08:37.803","0","0","0","0","67301","0","0","0","N","0","0","0","2","68K01","0","","1.0","","1","N","N","N","1","","0","0","0","0","0","","804","2","0","0","0","0","0","0","2","0","2","0","0","0","3","","","N","","","","","","","","","",""
"2021004978","2119","1","0","0","0","0","0","0","0","0","5","0","","67","1","2021","4","39.968465","-75.129274","2113","6","0","0","0","0","0","0","0","0","","0","0","0","21","3","0","N","0","2","39 58:06.473","2","0","75 07:45.386","9","0","0","0","67301","0","0","0","N","0","0","0","2","68K01","0","","3.0","30.0","1","N","N","N","1","","0","0","0","0","0","N","2110","2","0","0","0","0","0","1","2","0","2","0","0","0","3","","","N","","","","","","","","","",""
"2021026826","1650","1","0","0","0","0","0","0","0","0","5","1","","67","3","2021","5","40.002022","-75.194964","1631","6","0","0","0","0","0","0","0","0","","0","1","0","16","1","0","N","0","0","40 00:07.278","","0","75 11:41.871","0","0","0","0","67301","0","0","0","N","0","0","0","2","68K01","0","","1.0","","1","N","N","N","0","","0","0","0","0","0","","1601","2","0","0","0","0","0","0","2","0","2","0","0","0","3","03","","N","","","","","","","","","",""
"2021004531","2024","0","0","0","0","0","0","0","0","0","7","0","","67","1","2021","7","39.889544","-75.219587","2014","6","0","0","0","0","0","0","0","0","","0","0","0","20","3","1","N","0","1","39 53:22.358","1","0","75 13:10.513","8","0","0","0","67301","0","0","0","Y","0","0","0","1","68K01","0","","4.0","2050.0","1","N","N","N","0","","0","0","1","3","8","N","2012","1","1","0","0","0","1","0","2","0","1","0","0","0","3","","","N","","","","","","","","","",""
"2021005829","2114","1","0","0","0","0","0","0","0","0","1","0","","67","1","2021","2","40.007656","-75.151478","2113","6","0","0","0","0","0","0","0","0","","0","0","0","21","3","2","","1","0","40 00:27.560","","0","75 09:05.322","4","0","0","0","67301","0","0","0","N","0","0","0","3","67505","2","","1.0","","1","N","N","N","0","","0","0","1","3","1","N","2113","2","2","0","0","0","0","0","2","0","2","0","0","0","3","03","","N","","","","","","","","","",""
"2021002905","2300","2","0","0","0","0","0","0","0","0","2","0","","67","1","2021","6","40.034815","-75.08713","2300","6","0","0","0","1","0","0","0","0","","0","0","0","21","1","1","","1","9","40 02:05.335","","0","75 05:13.669","3","0","0","0","67301","0","0","0","N","0","0","0","2","67301","0","","9.0","","99","N","N","N","0","","1","0","0","3","2","U","2145","2","1","0","0","0","0","0","2","0","2","0","0","0","99","","","N","","","","","","","","","",""
"2021030587","2057","0","0","0","0","0","0","0","0","0","4","0","","67","3","2021","7","39.980449","-75.088931","2057","6","0","0","0","0","0","0","0","0","","0","0","0","17","1","1","","2","0","39 58:49.615","","0","75 05:20.150","3","0","0","0","67301","0","0","0","N","0","0","0","2","67301","0","","1.0","","1","N","N","N","1","","1","0","1","3","3","","1730","2","1","0","0","0","0","1","2","0","2","0","0","0","3","","","N","","","","","","","","","",""
"2021056426","2023","0","0","0","0","0","0","0","0","0","5","0","","67","5","2021","2","39.973038","-75.193719","2015","6","0","0","0","0","0","0","0","0","","0","0","0","20","2","0","N","0","0","39 58:22.936","","0","75 11:37.390","0","0","0","0","67301","0","0","0","N","0","0","0","2","68K01","0","","1.0","","1","N","N","N","0","","0","0","1","0","0","","2011","2","0","0","0","0","0","0","2","1","2","0","0","0","3","03","","N","","","","","","","","","",""
"2021007743","1250","1","0","0","0","0","0","0","0","0","1","0","","67","1","2021","1","40.02727","-75.132501","1250","6","0","0","0","0","0","0","0","0","","0","0","0","0","3","0","","1","1","40 01:38.172","2","0","75 07:57.003","0","0","0","0","67301","0","0","0","N","0","0","0","4","67301","0","","1.0","145.0","1","N","N","N","0","","0","0","1","3","3","N","50","2","0","0","0","0","0","0","2","0","2","0","0","0","3","03","","N","","","","","","","","","",""
"2021014462","1702","2","0","0","0","0","0","0","0","0","4","0","","67","2","2021","5","39.969081","-75.157746","1700","6","0","0","0","0","0","1","1","0","","0","0","0","16","1","1","","1","0","39 58:08.691","","0","75 09:27.885","3","0","0","0","67301","0","0","0","N","0","0","0","2","67301","0","","1.0","","1","N","N","N","0","","1","0","0","3","3","","1612","2","1","0","0","0","0","0","2","0","2","0","0","0","4","04","","N","","","","","","","","","",""
"2021000816","5","2","0","0","0","0","0","0","0","0","5","0","","67","1","2021","2","40.043042","-75.077031","5","6","0","0","0","0","0","0","0","0","","0","0","0","0","3","0","N","0","0","40 02:34.950","","0","75 04:37.310","9","0","0","0","67301","0","0","0","N","0","0","0","1","67301","0","","6.0","","9","N","N","N","1","","0","0","2","0","0","","4","5","0","0","0","0","0","1","2","0","5","0","0","0","7","07","","N","","","","","","","","","",""
"2021024518","1724","2","0","0","0","0","0","0","0","0","2","0","","67","3","2021","3","39.915932","-75.245269","1724","6","0","0","0","0","0","0","0","0","","0","0","0","17","1","1","","2","0","39 54:57.355","","0","75 14:42.969","4","0","0","0","67301","0","0","0","N","0","0","0","3","67301","1","","1.0","","1","N","N","N","0","","0","0","0","0","0","","1724","2","1","0","0","0","0","0","2","0","2","0","0","0","3","03","","N","","","","","","","","","",""
"2021026408","140","0","0","0","0","0","0","0","0","0","1","0","","67","3","2021","7","39.988196","-75.254091","136","6","0","0","0","0","0","0","0","0","","0","0","0","1","3","0","N","0","0","39 59:17.504","","0","75 15:14.728","0","0","0","0","67301","0","0","0","N","0","0","0","2","67301","0","","1.0","","1","N","N","N","0","","0","0","2","3","2","","106","2","0","0","0","0","0","0","2","0","2","0","0","0","3","","","N","","","","","","","","","",""
"2021001067","1615","1","0","0","0","0","0","1","0","0","6","1","","67","1","2021","6","39.976323","-75.113669","1610","6","0","0","0","0","0","0","0","0","","0","0","0","16","1","0","N","0","0","39 58:34.763","","0","75 06:49.207","0","0","0","0","67301","0","0","0","N","0","0","0","5","67301","0","","1.0","","9","N","N","N","1","","0","0","0","0","0","","1606","3","0","3","0","0","0","0","2","0","3","0","0","0","7","07","","N","","","","","","","","","",""
"2021002530","927","1","0","0","0","0","0","0","0","0","5","1","","67","1","2021","7","39.959995","-75.179709","915","6","0","0","0","0","0","1","0","0","","0","1","0","8","1","0","N","0","1","39 57:35.981","3","0","75 10:46.952","0","0","0","0","67301","0","0","0","N","0","0","0","2","68K01","0","","1.0","1000.0","9","N","N","N","0","","0","0","0","0","0","N","854","2","0","0","0","0","0","0","2","0","2","0","0","0","3","03","","N","","","","","","","","","",""
"2021027729","840","1","0","0","0","0","0","0","0","0","6","0","","67","3","2021","4","39.995023","-75.227626","832","6","0","0","0","0","0","0","1","0","","0","0","0","8","1","2","","1","0","39 59:42.081","","0","75 13:39.452","3","0","0","0","67301","0","0","0","N","0","0","0","2","67301","0","","1.0","","1","N","N","N","0","","2","0","1","3","3","","811","2","2","0","0","0","0","0","2","0","2","0","0","0","4","04","","N","","","","","","","","","",""
"2021007476","1846","1","0","0","0","0","0","0","0","0","1","0","","67","1","2021","4","40.021652","-75.139583","1846","6","0","0","0","0","1","1","0","0","","0","0","0","15","1","0","N","0","9","40 01:17.948","","0","75 08:22.498","9","0","0","0","67301","0","0","0","N","0","0","0","2","67301","0","","1.0","","1","N","N","N","1","","0","0","0","3","2","U","1530","2","0","0","0","0","0","1","2","0","2","0","0","0","3","","","N","","","","","","","","","",""
"2021006040","1435","1","0","0","0","0","0","1","0","0","6","1","","67","1","2021","2","39.994522","-75.117014","1430","6","0","0","0","0","0","0","0","0","","0","0","0","14","1","0","N","0","0","39 59:40.280","","1","75 07:01.250","0","0","0","0","67301","0","0","0","N","0","0","0","2","67301","0","","1.0","","1","N","N","N","0","","0","0","0","0","0","","1422","2","0","0","0","0","0","0","2","0","2","0","0","0","3","03","","N","","","","","","","","","",""
"2021006196","1145","1","0","0","0","0","0","0","0","0","4","0","","67","1","2021","5","40.080757","-75.028601","1143","6","0","0","0","0","0","1","0","0","","0","0","0","11","1","0","","1","0","40 04:50.725","","0","75 01:42.964","0","0","0","0","67301","0","0","0","N","0","0","0","2","67301","0","","1.0","","1","N","N","N","0","","0","0","1","3","2","","1135","2","0","0","0","0","0","0","2","0","2","0","0","0","3","03","","N","","","","","","","","","",""
"2021006044","1830","1","0","0","0","0","0","0","0","0","8","0","","67","1","2021","7","39.997915","-75.124774","1825","6","0","0","0","0","0","0","0","0","","1","0","0","18","3","0","N","0","2","39 59:52.495","6","0","75 07:29.187","1","0","0","0","67301","1","1","0","N","1","1","0","2","67301","0","2","1.0","2050.0","1","N","N","N","0","0","0","0","0","0","0","Y","1818","2","0","0","0","0","0","0","2","0","1","1","1","0","3","","","N","","","","","","","","","",""
"2021006995","435","0","0","0","0","0","0","0","0","0","8","0","","67","1","2021","2","40.008989","-75.06865","426","6","0","0","0","0","0","0","0","0","","0","0","0","4","3","1","N","0","1","40 00:32.361","2","0","75 04:07.139","8","0","0","0","67301","1","0","0","N","1","0","0","2","68K01","0","","1.0","451.0","1","N","N","N","0","","0","0","0","0","0","N","424","2","1","0","0","0","1","1","2","0","1","1","0","0","3","03","","N","","","","","","","","","",""
"2021005961","1912","1","0","0","0","0","0","0","0","0","2","0","","67","1","2021","2","40.040227","-75.214044","1907","6","0","0","0","0","0","0","0","0","","0","0","0","19","2","0","","2","1","40 02:24.817","2","0","75 12:50.558","0","0","0","0","67301","0","0","0","N","0","0","0","2","67301","0","","1.0","2020.0","1","N","N","N","0","","0","0","1","3","2","N","1900","2","0","0","0","0","0","0","2","0","2","0","0","0","3","","","N","","","","","","","","","",""
"2021005966","1551","0","0","0","0","0","0","0","0","0","1","0","","67","1","2021","2","39.958015","-75.16195","1548","6","0","0","0","0","1","0","0","0","","0","0","0","15","1","1","N","0","0","39 57:28.855","","0","75 09:43.021","4","0","0","0","67301","0","0","0","N","0","0","0","4","67301","1","","1.0","","1","N","N","N","0","","0","0","2","3","2","","1545","2","1","2","0","0","0","0","2","0","2","0","0","0","3","03","","N","","","","","","","","","",""
"2021007048","1505","1","0","0","0","0","0","0","0","0","7","0","","67","1","2021","4","39.914647","-75.221411","1503","6","0","0","0","0","0","0","0","0","","1","0","0","15","1","1","N","0","2","39 54:52.730","4","0","75 13:17.080","1","0","0","0","67301","0","0","0","N","0","0","0","2","67301","0","5","5.0","1800.0","1","N","N","N","0","0","0","1","0","0","0","Y","1500","1","1","2","1","1","0","0","2","0","1","0","0","0","3","03","","N","","","","","","","","","",""
"2021002219","646","3","0","0","0","0","0","0","0","0","2","0","","67","1","2021","5","39.955638","-75.202295","645","6","0","0","1","0","0","1","0","0","","0","0","0","6","3","0","N","0","1","39 57:20.296","3","0","75 12:08.263","0","0","0","0","67301","0","0","0","N","0","0","0","3","67504","0","","1.0","800.0","1","N","N","N","0","","0","0","0","0","0","N","645","3","0","0","0","0","0","0","2","0","3","0","0","0","3","03","","N","","","","","","","","","",""
"2021005435","1115","0","0","0","0","0","0","0","0","0","5","1","45","67","1","2021","6","39.899107","-75.178306","1112","6","0","0","0","0","0","0","1","0","","0","1","0","11","1","0","","6","0","39 53:56.786","","2","75 10:41.902","0","0","0","0","67301","0","0","0","N","0","0","0","2","68K01","0","","7.0","","1","N","N","N","0","","0","0","1","3","8","","1108","2","0","0","0","0","0","0","2","0","2","0","0","0","3","03","N","Y","4","1","","","N","","","Y","","N"
"2021005970","1818","0","0","0","0","0","0","0","0","0","7","0","","67","1","2021","6","40.098078","-75.030349","1815","6","0","0","0","0","0","0","0","0","","0","0","0","18","4","0","N","0","0","40 05:53.082","","0","75 01:49.257","0","0","0","0","67301","0","0","0","N","0","0","0","1","67301","0","","2.0","","1","N","N","N","0","","0","0","1","0","0","","1809","1","0","1","0","0","0","0","2","0","1","0","0","0","3","","","N","","","","","","","","","",""