"CRN","ARRIVAL_TM","AUTOMOBILE_COUNT","BELTED_DEATH_COUNT","BELTED_SUSP_SERIOUS_INJ_COUNT","BICYCLE_COUNT","BICYCLE_DEATH_COUNT","BICYCLE_SUSP_SERIOUS_INJ_COUNT","BUS_COUNT","CHLDPAS_DEATH_COUNT","CHLDPAS_SUSP_SERIOUS_INJ_COUNT","COLLISION_TYPE","COMM_VEH_COUNT","CONS_ZONE_SPD_LIM","COUNTY","CRASH_MONTH","CRASH_YEAR","DAY_OF_WEEK","DEC_LATITUDE","DEC_LONGITUDE","DISPATCH_TM","DISTRICT","DRIVER_COUNT_16YR","DRIVER_COUNT_17YR","DRIVER_COUNT_18YR","DRIVER_COUNT_19YR","DRIVER_COUNT_20YR","DRIVER_COUNT_50_64YR","DRIVER_COUNT_65_74YR","DRIVER_COUNT_75PLUS","EST_HRS_CLOSED","FATAL_COUNT","HEAVY_TRUCK_COUNT","HORSE_BUGGY_COUNT","HOUR_OF_DAY","ILLUMINATION","INJURY_COUNT","INTERSECTION_RELATED","INTERSECT_TYPE","LANE_CLOSED","LATITUDE","LN_CLOSE_DIR","LOCATION_TYPE","LONGITUDE","MAX_SEVERITY_LEVEL","MCYCLE_DEATH_COUNT","MCYCLE_SUSP_SERIOUS_INJ_COUNT","MOTORCYCLE_COUNT","MUNICIPALITY","NONMOTR_COUNT","NONMOTR_DEATH_COUNT","NONMOTR_SUSP_SERIOUS_INJ_COUNT","NTFY_HIWY_MAINT","PED_COUNT","PED_DEATH_COUNT","PED_SUSP_SERIOUS_INJ_COUNT","PERSON_COUNT","POLICE_AGCY","POSSIBLE_INJ_COUNT","RDWY_SURF_TYPE_CD","RELATION_TO_ROAD","ROADWAY_CLEARED","ROAD_CONDITION","SCH_BUS_IND","SCH_ZONE_IND","SECONDARY_CRASH","SMALL_TRUCK_COUNT","SPEC_JURIS_CD","SUSP_MINOR_INJ_COUNT","SUSP_SERIOUS_INJ_COUNT","SUV_COUNT","TCD_FUNC_CD","TCD_TYPE","TFC_DETOUR_IND","TIME_OF_DAY","TOTAL_UNITS","TOT_INJ_COUNT","UNBELTED_OCC_COUNT","UNB_DEATH_COUNT","UNB_SUSP_SERIOUS_INJ_COUNT","UNK_INJ_DEG_COUNT","UNK_INJ_PER_COUNT","URBAN_RURAL","VAN_COUNT","VEHICLE_COUNT","VULNERABLE_ROAD_USER_COUNT","VULNERABLE_ROAD_USER_DEATH_COUNT","VULNERABLE_ROAD_USER_SER_INJ_COUNT","WEATHER1","WEATHER2","WORKERS_PRES","WORK_ZONE_IND","WORK_ZONE_LOC","WORK_ZONE_TYPE","WZ_CLOSE_DETOUR","WZ_FLAGGER","WZ_LAW_OFFCR_IND","WZ_LN_CLOSURE","WZ_MOVING","WZ_OTHER","WZ_SHLDER_MDN","WZ_WORKERS_INJ_KILLED"
"2021006050","840","1","0","0","0","0","0","0","0","0","1","0","","67","1","2021","1","40.009185","-75.15067","835","6","0","0","0","0","0","0","0","0","","0","1","0","8","1","1","N","0","0","40 00:33.065","","0","75 09:02.411","3","0","0","0","67301","0","0","0","N","0","0","0","1","67301","0","","6.0","","1","N","N","N","0","","1","0","0","0","0","","830","2","1","0","0","0","0","0","2","0","2","0","0","0","3","03","","N","","","","","","","","","",""
"2021003581","2055","0","0","0","0","0","0","0","0","0","5","0","","67","1","2021","5","39.971635","-75.193304","2049","6","0","0","0","0","0","1","0","0","","0","0","0","20","3","0","N","7","1","39 58:17.885","4","0","75 11:35.895","9","0","0","0","67301","0","0","0","N","0","0","0","2","68K01","0","","1.0","2140.0","1","N","N","N","0","","0","0","1","0","0","N","2045","2","0","0","0","0","0","1","2","0","2","0","0","0","3","","","N","","","","","","","","","",""
"2021006006","1930","1","0","0","0","0","0","0","0","0","7","0","","67","1","2021","7","40.059228","-75.185689","1929","6","0","0","0","0","0","0","0","0","","0","0","0","18","3","1","N","0","0","40 03:33.220","","0","75 11:08.480","3","0","0","0","67301","0","0","0","N","0","0","0","1","67301","0","","4.0","","1","N","N","N","0","","1","0","0","0","0","","1837","1","1","0","0","0","0","0","2","0","1","0","0","0","3","","","N","","","","","","","","","",""
"2021006042","1455","1","0","0","0","0","0","0","0","0","7","0","","67","1","2021","4","39.998631","-75.109544","1448","6","0","0","0","0","0","0","0","0","","0","0","0","14","1","0","N","0","0","39 59:55.070","","0","75 06:34.360","0","0","0","0","67301","0","0","0","N","0","0","0","1","67301","0","","5.0","","1","N","N","N","0","","0","0","0","0","0","","1431","1","0","0","0","0","0","0","2","0","1","0","0","0","3","03","","N","","","","","","","","","",""
"2021042025","140","1","0","0","0","0","0","0","0","0","5","0","","67","5","2021","7","39.901621","-75.152103","133","6","0","0","0","0","0","0","0","0","","0","0","0","1","3","1","N","0","1","39 54:05.837","2","0","75 09:07.569","8","0","0","0","67301","0","0","0","N","0","0","0","2","68K01","0","","1.0","155.0","9","N","N","N","0","","0","0","0","0","0","N","132","2","1","0","0","0","1","1","2","0","2","0","0","0","7","07","","N","","","","","","","","","",""
"2021018143","1501","1","0","0","0","0","0","0","0","0","1","0","55","67","2","2021","6","39.898721","-75.170678","1437","6","0","0","0","0","0","0","0","0","","0","0","0","14","1","0","N","0","2","39 53:55.396","1","0","75 10:14.440","9","0","0","0","67301","0","0","0","N","0","0","0","3","68K01","0","","1.0","1521.0","1","N","N","N","0","","0","0","2","0","0","N","1437","3","0","0","0","0","0","1","2","0","3","0","0","0","3","03","N","Y","4","1","","","N","","","Y","Y","N"
"2021027239","1419","1","0","0","0","0","0","0","0","0","4","0","","67","3","2021","7","40.02978","-75.104603","1404","6","0","0","0","0","1","0","0","0","","0","0","0","13","1","2","","3","0","40 01:47.207","","0","75 06:16.570","3","0","0","0","67301","0","0","0","N","0","0","0","6","67301","1","","1.0","","1","N","N","N","0","","1","0","1","3","2","","1354","2","2","0","0","0","0","0","2","0","2","0","0","0","3","03","","N","","","","","","","","","",""
"2021002754","1613","1","0","0","1","0","0","0","0","0","8","0","","67","1","2021","5","40.013587","-75.068535","1610","6","0","0","0","0","0","1","0","0","","0","0","0","16","4","1","","1","0","40 00:48.913","","0","75 04:06.725","4","0","0","0","67301","1","0","0","N","0","0","0","2","67301","1","","1.0","","1","N","N","N","0","","0","0","0","3","2","","1602","2","1","0","0","0","0","0","2","0","1","1","0","0","3","03","","N","","","","","","","","","",""
"2021026203","1524","0","0","0","0","0","0","0","0","0","4","2","","67","3","2021","6","39.918225","-75.208762","1516","6","0","0","0","0","1","1","0","0","","0","2","0","14","1","1","","2","0","39 55:05.610","","0","75 12:31.544","3","0","0","0","67301","0","0","0","N","0","0","0","2","67301","0","","1.0","","1","N","N","N","0","","1","0","0","3","2","","1416","2","1","0","0","0","0","0","2","0","2","0","0","0","3","03","","N","","","","","","","","","",""
"2021026194","1401","1","0","0","0","0","0","0","0","0","7","0","","67","3","2021","6","40.050411","-75.086069","1359","6","0","0","0","0","0","0","0","0","","0","0","0","13","1","2","N","0","2","40 03:01.478","5","0","75 05:09.850","8","0","0","0","67301","0","0","0","N","0","0","0","2","67301","0","","4.0","1430.0","1","N","N","N","0","","0","0","0","3","1","Y","1355","1","2","0","0","0","2","0","2","0","1","0","0","0","3","03","","N","","","","","","","","","",""
"2021002285","1347","1","0","0","0","0","0","0","0","0","6","1","","67","1","2021","3","39.979361","-75.093486","1329","6","0","0","0","0","0","1","0","0","","0","1","0","13","1","2","N","0","2","39 58:45.699","7","0","75 05:36.550","3","0","0","0","67301","0","0","0","N","0","0","0","3","67301","1","","1.0","1300.0","1","N","N","N","0","","1","0","0","0","0","Y","1318","2","2","0","0","0","0","0","2","0","2","0","0","0","4","","","N","","","","","","","","","",""
"2021035642","1747","1","0","0","0","0","0","0","0","0","4","0","","67","4","2021","6","39.957146","-75.156395","1734","6","0","0","1","0","0","0","0","0","","0","0","0","17","1","0","N","0","2","39 57:25.726","4","0","75 09:23.023","9","0","0","0","67301","0","0","0","N","0","0","0","2","68K01","0","","1.0","1834.0","1","N","N","N","0","","0","0","1","0","0","N","1733","2","0","0","0","0","0","1","2","0","2","0","0","0","3","","","N","","","","","","","","","",""
"2021026870","2256","1","0","0","0","0","0","0","0","0","4","0","","67","3","2021","5","39.960132","-75.179963","2242","6","0","0","0","0","0","0","0","0","","0","0","0","22","3","1","N","0","1","39 57:36.476","4","0","75 10:47.866","3","0","0","0","67301","0","0","0","N","0","0","0","2","68K01","0","","1.0","2330.0","8","N","N","N","0","","1","0","1","0","0","N","2238","2","1","0","0","0","0","0","2","0","2","0","0","0","7","","","N","","","","","","","","","",""
"2021001072","1924","2","0","0","0","0","0","0","0","0","4","0","","67","1","2021","7","40.001031","-75.157967","1922","6","0","0","0","0","0","0","0","1","","0","0","0","19","3","1","N","0","2","40 00:03.710","5","0","75 09:28.680","3","0","0","0","67301","0","0","0","N","0","0","0","1","67301","0","","2.0","2000.0","1","N","N","N","0","","1","0","1","0","0","Y","1921","3","1","0","0","0","0","0","2","0","3","0","0","0","3","","","N","","","","","","","","","",""
"2021026592","2015","0","0","0","0","0","0","0","0","0","8","0","","67","3","2021","1","40.042864","-75.160588","2012","6","0","0","0","0","0","1","0","0","","0","0","0","20","3","1","N","0","0","40 02:34.311","","0","75 09:38.115","3","0","0","0","67301","1","0","0","N","1","0","0","2","67301","0","","1.0","","1","N","N","N","1","","1","0","0","0","0","","2000","2","1","0","0","0","0","0","2","0","1","1","0","0","3","03","","N","","","","","","","","","",""
"2021026837","1346","2","0","0","0","0","0","0","0","0","1","0","","67","3","2021","6","40.021866","-75.039658","1346","6","0","0","0","0","0","0","0","1","","0","0","0","13","1","1","N","0","0","40 01:18.716","","0","75 02:22.767","3","0","0","0","67301","0","0","0","N","0","0","0","4","68K01","0","","3.0","","1","N","N","N","0","","1","0","0","0","0","","1346","2","1","0","0","0","0","0","2","0","2","0","0","0","3","","","N","","","","","","","","","",""
"2021027144","1150","1","0","0","0","0","0","0","0","0","4","0","","67","3","2021","6","40.000473","-75.119614","1150","6","0","0","0","0","0","1","0","0","","0","0","0","10","1","0","","1","0","40 00:01.702","","0","75 07:10.610","0","0","0","0","67301","0","0","0","N","0","0","0","3","67301","0","","1.0","","1","N","N","N","1","","0","0","0","3","3","","1035","2","0","0","0","0","0","0","2","0","2","0","0","0","3","","","N","","","","","","","","","",""
"2021003420","336","1","0","0","0","0","0","0","0","0","5","0","","67","1","2021","1","39.927417","-75.183444","335","6","0","0","0","0","0","0","0","0","","0","0","0","3","3","0","N","0","2","39 55:38.700","7","0","75 11:00.400","0","0","0","0","67301","0","0","0","N","0","0","0","2","67301","0","","6.0","410.0","1","N","N","N","1","","0","0","0","0","0","Y","334","2","0","0","0","0","0","0","2","0","2","0","0","0","3","03","","N","","","","","","","","","",""
"2021002259","302","1","0","0","0","0","0","0","0","0","7","0","","67","1","2021","2","39.919739","-75.202572","259","6","0","0","0","0","0","0","0","0","","0","0","0","2","3","0","N","0","0","39 55:11.059","","3","75 12:09.259","0","0","0","0","67301","0","0","0","N","0","0","0","2","67301","0","","3.0","","9","N","N","N","0","","0","0","1","0","0","","250","2","0","0","0","0","0","0","2","0","2","0","0","0","3","03","","N","","","","","","","","","",""
"2021012833","455","1","0","0","0","0","0","0","0","0","7","0","","67","2","2021","1","40.026466","-75.0962","438","6","0","0","0","0","0","0","0","0","","0","0","0","4","3","1","N","0","1","40 01:35.279","2","0","75 05:46.319","3","0","0","0","67301","0","0","0","N","0","0","0","2","67301","0","","3.0","515.0","1","N","N","N","0","","1","0","0","0","0","N","434","1","1","0","0","0","0","0","2","0","1","0","0","0","3","03","","N","","","","","","","","","",""
"2021004358","148","1","0","0","0","0","0","0","0","0","7","0","45","67","1","2021","4","40.01758","-75.04934","132","6","0","0","0","0","0","0","0","0","","0","0","0","1","3","1","N","0","2","40 01:03.288","2","0","75 02:57.623","3","0","0","0","67301","0","0","0","N","0","0","0","1","68K01","0","","3.0","20.0","1","N","N","N","0","","1","0","0","0","0","N","131","1","1","0","0","0","0","0","2","0","1","0","0","0","3","","N","Y","4","1","","","N","","","","Y","N"
"2021049076","2018","0","0","0","0","0","0","0","0","0","8","0","","67","5","2021","7","40.023179","-75.130471","2013","6","0","0","0","0","0","0","0","0","","0","0","0","19","1","1","","2","0","40 01:23.444","","0","75 07:49.695","3","0","0","0","67301","1","0","0","N","1","0","0","1","67301","0","","1.0","","1","N","N","N","0","","1","0","1","9","3","","1915","2","1","0","0","0","0","0","2","0","1","1","0","0","3","03","","N","","","","","","","","","",""
"2021051174","1410","0","0","0","0","0","0","0","0","0","4","0","","67","6","2021","4","39.967256","-75.156994","1359","6","0","0","0","0","0","0","0","0","","0","0","0","13","1","1","N","0","0","39 58:02.120","","0","75 09:25.180","3","0","0","0","67301","0","0","0","N","0","0","0","2","67301","0","","1.0","","1","N","N","N","0","","1","0","1","0","0","","1356","2","1","0","0","0","0","0","2","0","2","0","0","0","3","03","","N","","","","","","","","","",""
"2021025274","1715","3","0","0","0","0","0","0","0","0","1","0","","67","3","2021","3","39.977255","-75.158096","1714","6","0","0","0","0","0","0","0","0","","0","0","0","17","1","1","","1","1","39 58:38.118","1","0","75 09:29.146","4","0","0","0","67301","0","0","0","N","0","0","0","2","67301","1","","1.0","1901.0","9","N","N","N","0","","0","0","0","3","2","Y","1712","3","1","0","0","0","0","0","2","0","3","0","0","0","4","04","","N","","","","","","","","","",""
"2021027626","2157","0","0","0","0","0","0","0","0","0","7","0","","67","3","2021","3","39.959695","-75.176384","2155","6","0","0","0","0","0","0","0","0","","0","0","0","21","3","0","N","7","1","39 57:34.901","3","2","75 10:34.984","0","0","0","0","67301","0","0","0","Y","0","0","0","1","68K01","0","","3.0","1030.0","1","N","N","N","0","","0","0","1","0","0","N","2149","1","0","0","0","0","0","0","2","0","1","0","0","0","3","03","","N","","","","","","","","","",""
"2021027987","1030","1","0","0","0","0","0","0","0","0","4","0","","67","3","2021","4","39.940506","-75.215872","1027","6","0","0","0","0","0","1","0","0","","0","0","0","9","1","1","N","0","0","39 56:25.820","","0","75 12:57.140","3","0","0","0","67301","0","0","0","N","0","0","0","3","67301","0","","1.0","","9","N","N","N","0","","1","0","1","0","0","","947","2","1","0","0","0","0","0","2","0","2","0","0","0","7","07","","N","","","","","","","","","",""
"2021026897","1804","1","0","0","0","0","0","0","0","0","0","0","","67","3","2021","1","39.958635","-75.168924","1757","6","0","0","0","0","0","0","1","0","","0","0","0","17","1","0","N","0","2","39 57:31.087","3","0","75 10:08.125","0","0","0","0","67301","0","0","0","N","0","0","0","4","68K01","0","","1.0","30.0","1","N","N","N","0","","0","0","1","0","0","N","1756","3","0","0","0","0","0","0","2","1","3","0","0","0","3","","","N","","","","","","","","","",""
"2021027894","210","1","0","0","0","0","0","1","0","0","4","1","","67","3","2021","5","40.03029","-75.159075","154","6","0","0","0","0","0","1","0","0","","0","0","0","1","3","1","","3","0","40 01:49.043","","0","75 09:32.669","4","0","0","0","67301","0","0","0","N","0","0","0","2","67301","1","","1.0","","9","N","N","N","0","","0","0","0","3","3","","153","2","1","0","0","0","0","0","2","0","2","0","0","0","5","","","N","","","","","","","","","",""
"2021027245","1722","1","0","0","0","0","0","0","0","0","8","0","","67","3","2021","2","40.017358","-75.059841","1717","6","0","0","0","0","0","0","0","0","","0","0","0","17","1","1","N","0","0","40 01:02.487","","0","75 03:35.426","3","0","0","0","67301","1","0","0","N","1","0","0","1","67301","0","","1.0","","1","N","N","N","0","","1","0","0","0","0","","1714","2","1","0","0","0","0","0","2","0","1","1","0","0","3","03","","N","","","","","","","","","",""
"2021000788","2205","1","0","0","0","0","0","0","0","0","8","0","","67","1","2021","7","39.955207","-75.225868","2205","6","0","0","0","0","0","0","0","0","","0","0","0","21","3","1","","1","0","39 57:18.746","","0","75 13:33.123","3","0","0","0","67301","1","0","0","N","1","0","0","2","67301","0","","1.0","","1","N","N","N","0","","1","0","0","0","0","","2143","2","1","0","0","0","0","0","2","0","1","1","0","0","3","03","","N","","","","","","","","","",""
"2021023770","1600","2","0","0","0","0","0","1","0","0","4","1","","67","2","2021","3","39.924381","-75.169706","1540","6","0","0","0","0","0","2","0","0","","0","0","0","15","1","2","","1","0","39 55:27.771","","0","75 10:10.943","4","0","0","0","67301","0","0","0","N","0","0","0","5","67508","2","","1.0","","1","N","N","Y","0","","0","0","1","3","2","","1540","5","2","0","0","0","0","0","2","1","5","0","0","0","3","03","","N","","","","","","","","","",""
"2021002283","650","0","0","0","0","0","0","0","0","0","4","0","","67","1","2021","6","39.970683","-75.232585","647","6","0","0","0","0","0","0","0","0","","0","0","0","6","1","2","","1","1","39 58:14.458","7","0","75 13:57.306","4","0","0","0","67301","0","0","0","N","0","0","0","4","67301","2","","1.0","750.0","1","N","N","N","0","","0","0","2","3","2","Y","647","2","2","0","0","0","0","0","2","0","2","0","0","0","3","","","N","","","","","","","","","",""
"2021024913","811","1","0","0","0","0","0","0","0","0","8","0","","67","3","2021","5","39.976639","-75.233683","811","6","0","0","0","0","0","0","0","0","","0","0","0","3","6","1","","1","9","39 58:35.899","","99","75 14:01.260","8","0","0","0","67301","1","0","0","N","1","0","0","1","67301","0","","1.0","","99","N","N","N","0","","0","0","0","9","9","","350","2","1","0","0","0","1","0","2","0","1","1","0","0","99","98","","N","","","","","","","","","",""
"2021006742","2122","0","0","0","0","0","0","0","0","0","4","1","","67","1","2021","6","40.037373","-75.013138","2120","6","0","0","0","0","0","0","0","0","","0","1","0","21","3","1","N","0","1","40 02:14.541","2","0","75 00:47.295","8","0","0","0","67301","0","0","0","N","0","0","0","4","68K01","0","","3.0","100.0","9","N","N","N","0","","0","0","1","0","0","N","2117","2","1","0","0","0","1","0","2","0","2","0","0","0","3","","","N","","","","","","","","","",""
"2021027583","610","1","0","0","0","0","0","0","0","0","5","1","","67","3","2021","5","40.037404","-75.012348","552","6","0","0","0","0","0","0","0","0","","0","1","0","5","3","1","N","0","2","40 02:14.655","1","0","75 00:44.453","8","0","0","0","67301","0","0","0","N","0","0","0","2","68K01","0","","2.0","700.0","1","N","N","N","0","","0","0","0","0","0","N","552","2","1","1","0","0","1","0","2","0","2","0","0","0","3","","","N","","","","","","","","","",""
"2021006385","1618","3","0","0","0","0","0","0","0","0","2","0","","67","1","2021","2","39.921414","-75.221817","1615","6","0","0","0","0","0","1","0","0","","0","0","0","16","1","0","N","0","0","39 55:17.090","","0","75 13:18.540","0","0","0","0","67301","0","0","0","N","0","0","0","1","67301","0","","6.0","","1","N","N","N","0","","0","0","1","0","0","","1600","4","0","0","0","0","0","0","2","0","4","0","0","0","3","03","","N","","","","","","","","","",""
"2021027576","1015","0","0","0","0","0","0","0","0","0","1","0","45","67","3","2021","2","40.006742","-75.07386","958","6","0","0","0","0","0","1","0","0","","0","0","0","9","1","2","N","0","2","40 00:24.270","2","0","75 04:25.896","3","0","0","0","67301","0","0","0","N","0","0","0","4","68K01","0","","1.0","1040.0","1","N","N","N","1","","2","0","1","0","0","N","957","4","2","0","0","0","0","1","2","2","4","0","0","0","3","","Y","Y","4","1","N","N","N","N","N","N","Y","N"
"2021002709","1052","1","0","0","0","0","0","0","0","0","5","0","","67","1","2021","7","39.918285","-75.147685","1046","6","0","0","0","0","0","1","0","0","","0","0","0","10","1","0","N","0","0","39 55:05.825","","0","75 08:51.665","9","0","0","0","67301","0","0","0","N","0","0","0","2","68K01","0","","1.0","","1","N","N","N","0","","0","0","0","3","8","","1045","2","0","0","0","0","0","1","2","0","2","0","0","0","3","03","","N","","","","","","","","","",""
"2021023831","1043","0","0","0","0","0","0","0","0","0","7","1","","67","3","2021","2","39.955605","-75.148229","1043","6","0","0","0","0","0","1","0","0","","0","1","0","10","1","1","N","0","1","39 57:20.179","4","2","75 08:53.624","8","0","0","0","67301","0","0","0","N","0","0","0","1","67501","0","","4.0","1715.0","1","N","N","N","0","","0","0","0","0","0","N","1043","1","1","0","0","0","1","0","2","0","1","0","0","0","3","","","N","","","","","","","","","",""
"2021027273","242","1","0","0","0","0","0","0","0","0","1","1","35","67","3","2021","4","39.954583","-75.143583","239","6","0","0","0","0","0","0","0","0","","0","1","0","2","3","0","N","0","2","39 57:16.500","4","3","75 08:36.900","0","0","0","0","67301","0","0","0","N","0","0","0","4","67501","0","","1.0","318.0","1","N","N","N","0","","0","0","0","3","8","N","239","2","0","0","0","0","0","0","2","0","2","0","0","0","3","03","Y","Y","4","1","","","N","Y","","","","N"
"2021026820","1031","1","0","0","0","0","0","0","0","0","5","1","","67","2","2021","7","39.971609","-75.123593","1010","6","0","0","0","0","0","1","1","0","","0","1","0","10","1","0","N","0","1","39 58:17.793","2","0","75 07:24.936","0","0","0","0","67301","0","0","0","N","0","0","0","2","68K01","0","","1.0","1200.0","9","N","N","N","0","","0","0","0","0","0","N","1009","2","0","0","0","0","0","0","2","0","2","0","0","0","7","","","N","","","","","","","","","",""
"2021027012","744","0","0","0","0","0","0","1","0","0","8","1","","67","3","2021","2","40.024664","-75.057346","735","6","0","0","0","0","0","0","0","0","","0","0","0","7","1","1","","1","2","40 01:28.789","1","0","75 03:26.447","2","0","0","0","67301","1","0","1","N","1","0","1","3","67301","0","","1.0","25.0","1","Y","N","N","0","","0","1","0","3","2","Y","734","2","1","0","0","0","0","0","2","0","1","1","0","1","3","03","","N","","","","","","","","","",""
"2021013535","2034","1","0","0","0","0","0","0","0","0","7","0","","67","1","2021","3","40.031394","-75.021591","2020","6","0","0","0","0","0","0","0","0","","0","0","0","20","3","1","N","0","1","40 01:53.020","2","3","75 01:17.727","3","0","0","0","67301","0","0","0","N","0","0","0","1","68K01","0","","4.0","2150.0","9","N","N","N","0","","1","0","0","0","0","N","2018","1","1","0","0","0","0","0","2","0","1","0","0","0","3","","","N","","","","","","","","","",""
"2021002648","1305","2","0","0","0","0","0","0","0","0","4","0","","67","1","2021","4","40.01889","-75.140438","1300","6","0","0","0","0","0","0","0","0","","0","0","0","12","1","0","","1","0","40 01:08.004","","0","75 08:25.576","9","0","0","0","67301","0","0","0","N","0","0","0","5","67301","0","","1.0","","1","N","N","N","1","","0","0","0","3","2","","1259","4","0","0","0","0","0","2","2","1","4","0","0","0","3","98","","N","","","","","","","","","",""
"2021002277","1143","1","0","0","0","0","0","0","0","0","4","0","","67","1","2021","7","40.027574","-75.099176","1136","6","0","0","0","0","0","0","0","0","","0","0","0","11","1","2","N","0","0","40 01:39.265","","0","75 05:57.034","3","0","0","0","67301","0","0","0","N","0","0","0","3","67301","0","","1.0","","1","N","N","N","0","","2","0","0","3","2","","1133","2","2","0","0","0","0","1","2","0","2","0","0","0","3","","","N","","","","","","","","","",""
"2021050682","2005","0","0","0","0","0","0","0","0","0","1","1","","67","6","2021","4","40.132794","-75.007789","1953","6","0","0","0","0","1","0","0","0","","0","1","0","19","1","0","N","0","0","40 07:58.059","","0","75 00:28.042","9","0","0","0","67301","0","0","0","N","0","0","0","1","67301","0","","6.0","","1","N","N","N","0","","0","0","1","0","0","","1937","2","0","0","0","0","0","1","2","0","2","0","0","0","3","03","","N","","","","","","","","","",""
"2021024567","2033","1","0","0","0","0","0","0","0","0","4","0","","67","3","2021","6","39.981484","-75.117339","2025","6","0","0","0","0","0","0","0","0","","0","0","0","20","3","0","","1","0","39 58:53.344","","0","75 07:02.419","9","0","0","0","67301","0","0","0","N","0","0","0","2","67301","0","","1.0","","1","N","N","N","0","","0","0","1","3","1","","2023","2","0","0","0","0","0","1","2","0","2","0","0","0","3","03","","N","","","","","","","","","",""
"2021000929","448","1","0","0","0","0","0","0","0","0","4","0","","67","1","2021","6","40.032613","-75.169697","445","6","0","0","0","0","0","0","1","0","","0","0","0","4","3","1","N","0","2","40 01:57.406","5","0","75 10:10.910","3","0","0","0","67301","0","0","0","N","0","0","0","1","67301","0","","1.0","545.0","1","N","N","N","0","","1","0","1","0","0","Y","440","2","1","0","0","0","0","0","2","0","2","0","0","0","3","","","N","","","","","","","","","",""
"2021006205","1703","3","0","0","0","0","0","0","0","0","1","0","","67","1","2021","3","39.952805","-75.192095","1701","6","0","0","0","0","0","0","0","0","","0","0","0","17","1","2","","2","0","39 57:10.097","","0","75 11:31.542","8","0","0","0","67301","0","0","0","N","0","0","0","4","67504","0","","1.0","","1","N","N","N","0","","0","0","0","3","2","","1700","3","2","0","0","0","2","0","2","0","3","0","0","0","3","","","N","","","","","","","","","",""
"2021049393","624","1","0","0","0","0","0","0","0","0","7","0","","67","5","2021","1","39.957837","-75.180195","615","6","0","0","0","0","0","0","0","0","","0","0","0","5","1","1","N","0","1","39 57:28.214","4","0","75 10:48.701","8","0","0","0","67301","0","0","0","N","0","0","0","1","68K01","0","","3.0","726.0","9","N","N","N","0","","0","0","0","0","0","N","542","1","1","0","0","0","1","0","2","0","1","0","0","0","7","04","","N","","","","","","","","","",""
"2021049275","1128","1","0","0","0","0","0","0","0","0","4","0","","67","5","2021","7","40.097419","-74.970383","1115","6","0","0","0","0","0","0","0","0","","0","0","0","10","1","1","N","0","0","40 05:50.710","","0","74 58:13.380","3","0","0","0","67301","0","0","0","N","0","0","0","1","67301","0","","1.0","","9","N","N","N","0","","1","0","1","0","0","","1020","2","1","0","0","0","0","0","2","0","2","0","0","0","7","07","","N","","","","","","","","","",""
"2021025273","2145","0","0","0","0","0","0","0","0","0","8","0","","67","3","2021","6","39.969199","-75.228382","2017","6","0","0","0","0","0","0","0","0","","1","0","0","20","3","0","N","1","0","39 58:09.116","","0","75 13:42.175","1","0","0","0","67301","1","1","0","N","1","1","0","1","67301","0","1","1.0","","1","N","N","N","0","0","0","0","0","0","0","","2015","2","0","0","0","0","0","0","2","0","1","1","1","0","3","98","","N","","","","","","","","","",""
"2021006632","1650","1","0","0","0","0","0","0","0","0","8","0","","67","1","2021","7","39.951161","-75.153567","1640","6","0","0","0","0","0","1","0","0","","0","0","0","16","1","2","N","1","0","39 57:04.181","","0","75 09:12.842","8","0","0","0","67301","2","0","0","N","2","0","0","3","67301","0","","1.0","","1","N","N","N","0","","0","0","0","0","0","","1630","3","2","1","0","0","2","0","2","0","1","2","0","0","3","","","N","","","","","","","","","",""
"2021027921","2307","1","0","0","0","0","0","0","0","0","1","0","","67","3","2021","1","39.948622","-75.17165","2257","6","0","0","0","0","0","0","0","0","","0","0","0","22","3","2","N","0","0","39 56:55.040","","0","75 10:17.940","3","0","0","0","67301","0","0","0","N","0","0","0","3","67301","0","","6.0","","1","N","N","N","0","","2","0","2","0","0","","2257","3","2","0","0","0","0","0","2","0","3","0","0","0","3","03","","N","","","","","","","","","",""
"2021024522","2359","2","0","0","0","0","0","0","0","0","6","0","","67","3","2021","6","40.051756","-75.178047","2353","6","0","0","1","0","0","0","0","0","","0","0","0","22","3","0","N","0","0","40 03:06.320","","0","75 10:40.970","9","0","0","0","67301","0","0","0","N","0","0","0","1","67301","0","","6.0","","1","N","N","N","0","","0","0","1","0","0","","2245","4","0","0","0","0","0","1","2","1","4","0","0","0","3","03","","N","","","","","","","","","",""
"2021049176","1945","2","0","0","0","0","0","0","0","0","2","0","","67","5","2021","6","40.012636","-75.116569","1930","6","0","0","1","0","0","0","0","0","","0","0","0","19","3","2","Y","0","0","40 00:45.490","","0","75 06:59.650","2","0","0","0","67301","0","0","0","N","0","0","0","2","67301","0","","1.0","","9","N","N","N","0","","1","1","0","0","0","","1930","2","2","1","0","1","0","0","2","0","2","0","0","0","7","04","","N","","","","","","","","","",""
"2021024508","120","1","0","0","1","0","1","0","0","0","8","0","","67","3","2021","7","39.931742","-75.149323","112","6","0","0","0","0","0","0","0","0","","0","0","0","1","3","1","","1","0","39 55:54.270","","0","75 08:57.561","2","0","0","0","67301","1","0","1","N","0","0","0","2","67301","0","","1.0","","1","N","N","N","0","","0","1","0","3","2","","105","2","1","0","0","0","0","0","2","0","1","1","0","1","3","03","","N","","","","","","","","","",""