"CRN","ARRIVAL_TM","AUTOMOBILE_COUNT","BELTED_DEATH_COUNT","BELTED_SUSP_SERIOUS_INJ_COUNT","BICYCLE_COUNT","BICYCLE_DEATH_COUNT","BICYCLE_SUSP_SERIOUS_INJ_COUNT","BUS_COUNT","CHLDPAS_DEATH_COUNT","CHLDPAS_SUSP_SERIOUS_INJ_COUNT","COLLISION_TYPE","COMM_VEH_COUNT","CONS_ZONE_SPD_LIM","COUNTY","CRASH_MONTH","CRASH_YEAR","DAY_OF_WEEK","DEC_LATITUDE","DEC_LONGITUDE","DISPATCH_TM","DISTRICT","DRIVER_COUNT_16YR","DRIVER_COUNT_17YR","DRIVER_COUNT_18YR","DRIVER_COUNT_19YR","DRIVER_COUNT_20YR","DRIVER_COUNT_50_64YR","DRIVER_COUNT_65_74YR","DRIVER_COUNT_75PLUS","EST_HRS_CLOSED","FATAL_COUNT","HEAVY_TRUCK_COUNT","HORSE_BUGGY_COUNT","HOUR_OF_DAY","ILLUMINATION","INJURY_COUNT","INTERSECTION_RELATED","INTERSECT_TYPE","LANE_CLOSED","LATITUDE","LN_CLOSE_DIR","LOCATION_TYPE","LONGITUDE","MAX_SEVERITY_LEVEL","MCYCLE_DEATH_COUNT","MCYCLE_SUSP_SERIOUS_INJ_COUNT","MOTORCYCLE_COUNT","MUNICIPALITY","NONMOTR_COUNT","NONMOTR_DEATH_COUNT","NONMOTR_SUSP_SERIOUS_INJ_COUNT","NTFY_HIWY_MAINT","PED_COUNT","PED_DEATH_COUNT","PED_SUSP_SERIOUS_INJ_COUNT","PERSON_COUNT","POLICE_AGCY","POSSIBLE_INJ_COUNT","RDWY_SURF_TYPE_CD","RELATION_TO_ROAD","ROADWAY_CLEARED","ROAD_CONDITION","SCH_BUS_IND","SCH_ZONE_IND","SECONDARY_CRASH","SMALL_TRUCK_COUNT","SPEC_JURIS_CD","SUSP_MINOR_INJ_COUNT","SUSP_SERIOUS_INJ_COUNT","SUV_COUNT","TCD_FUNC_CD","TCD_TYPE","TFC_DETOUR_IND","TIME_OF_DAY","TOTAL_UNITS","TOT_INJ_COUNT","UNBELTED_OCC_COUNT","UNB_DEATH_COUNT","UNB_SUSP_SERIOUS_INJ_COUNT","UNK_INJ_DEG_COUNT","UNK_INJ_PER_COUNT","URBAN_RURAL","VAN_COUNT","VEHICLE_COUNT","VULNERABLE_ROAD_USER_COUNT","VULNERABLE_ROAD_USER_DEATH_COUNT","VULNERABLE_ROAD_USER_SER_INJ_COUNT","WEATHER1","WEATHER2","WORKERS_PRES","WORK_ZONE_IND","WORK_ZONE_LOC","WORK_ZONE_TYPE","WZ_CLOSE_DETOUR","WZ_FLAGGER","WZ_LAW_OFFCR_IND","WZ_LN_CLOSURE","WZ_MOVING","WZ_OTHER","WZ_SHLDER_MDN","WZ_WORKERS_INJ_KILLED"
"2021025527","146","1","0","0","0","0","0","0","0","0","7","0","","67","3","2021","4","40.0141","-75.127925","146","6","0","0","0","0","1","0","0","0","","0","0","0","1","3","0","N","0","1","40 00:50.760","4","0","75 07:40.530","0","0","0","0","67301","0","0","0","N","0","0","0","3","67301","0","","4.0","220.0","1","N","N","N","0","","0","0","0","0","0","N","146","1","0","0","0","0","0","0","2","0","1","0","0","0","3","03","","N","","","","","","","","","",""
"2021024533","2141","3","0","0","0","0","0","0","0","0","5","1","","67","3","2021","6","39.934167","-75.188917","2140","6","0","0","0","0","0","0","0","0","","0","1","0","21","3","1","N","0","2","39 56:03.000","3","0","75 11:20.100","8","0","0","0","67301","0","0","0","N","0","0","0","1","67301","0","","6.0","2300.0","1","N","N","Y","2","","0","0","6","0","0","Y","2138","13","1","0","0","0","1","0","2","1","13","0","0","0","3","98","","N","","","","","","","","","",""
"2021000461","517","2","0","0","0","0","0","0","0","0","5","0","","67","1","2021","6","39.958535","-75.238212","517","6","0","0","0","0","0","0","0","0","","0","0","0","5","3","0","N","0","0","39 57:30.727","","0","75 14:17.564","0","0","0","0","67301","0","0","0","N","0","0","0","1","67301","0","","1.0","","1","N","N","N","0","","0","0","2","0","0","","510","4","0","0","0","0","0","0","2","0","4","0","0","0","3","03","","N","","","","","","","","","",""
"2021049173","1850","3","0","0","0","0","0","0","0","0","4","0","","67","5","2021","6","39.973776","-75.258236","1842","6","0","0","0","0","0","0","0","0","","0","0","0","18","1","1","","1","0","39 58:25.593","","0","75 15:29.649","3","0","0","0","67301","0","0","0","N","0","0","0","3","67301","0","","1.0","","9","N","N","N","0","","1","0","0","3","2","","1830","3","1","0","0","0","0","0","2","0","3","0","0","0","7","04","","N","","","","","","","","","",""
"2021027330","1900","2","0","0","0","0","0","0","0","0","4","0","","67","3","2021","7","39.924416","-75.169979","1900","6","0","0","0","0","0","0","0","0","","0","0","0","19","4","1","N","0","2","39 55:27.899","6","0","75 10:11.924","8","0","0","0","67301","0","0","0","N","0","0","0","4","67301","0","","1.0","1920.0","1","N","N","N","0","","0","0","1","0","0","Y","1900","4","1","0","0","0","1","0","2","0","4","0","0","0","3","03","","N","","","","","","","","","",""
"2021026750","457","2","0","0","0","0","0","0","0","0","5","0","","67","3","2021","2","40.009348","-75.15195","456","6","0","0","0","0","0","0","0","0","","0","0","0","3","3","0","N","0","0","40 00:33.652","","0","75 09:07.020","9","0","0","0","67301","0","0","0","N","0","0","0","2","67301","0","","1.0","","1","N","N","N","0","","0","0","0","0","0","","350","2","0","1","0","0","0","1","2","0","2","0","0","0","3","03","","N","","","","","","","","","",""
"2021040556","1650","1","0","0","0","0","0","0","0","0","1","0","","67","4","2021","5","39.957713","-75.231564","1645","6","0","0","0","0","0","1","0","0","","0","0","0","16","1","2","N","0","0","39 57:27.768","","0","75 13:53.632","3","0","0","1","67301","0","0","0","N","0","0","0","4","67301","0","","1.0","","1","N","N","N","0","","2","0","1","0","0","","1640","3","2","0","0","0","0","0","2","0","3","0","0","0","3","04","","N","","","","","","","","","",""
"2021038049","1356","1","0","0","0","0","0","0","0","0","1","0","","67","4","2021","6","39.980738","-75.103428","1356","6","0","0","1","0","0","0","0","0","","0","0","0","19","1","0","N","0","0","39 58:50.657","","0","75 06:12.339","0","0","0","0","67301","0","0","0","Y","0","0","0","2","68K01","0","","1.0","","1","N","N","N","0","","0","0","1","0","0","","1935","2","0","0","0","0","0","0","2","0","2","0","0","0","3","03","","N","","","","","","","","","",""
"2021026195","900","1","0","0","0","0","0","0","0","0","4","0","","67","3","2021","6","39.936748","-75.166941","846","6","0","0","0","0","0","1","0","0","","0","0","0","8","1","0","","1","0","39 56:12.293","","0","75 10:00.986","0","0","0","0","67301","0","0","0","N","0","0","0","2","67301","0","","1.0","","1","N","N","N","0","","0","0","1","3","2","","815","2","0","0","0","0","0","0","2","0","2","0","0","0","3","03","","N","","","","","","","","","",""
"2021024507","413","1","0","0","0","0","0","0","0","0","5","0","","67","3","2021","1","40.057618","-75.059962","411","6","0","0","0","0","0","0","0","0","","0","0","0","4","3","0","N","0","0","40 03:27.426","","0","75 03:35.862","0","0","0","0","67301","0","0","0","N","0","0","0","2","67301","0","","1.0","","1","N","N","N","0","","0","0","1","0","0","","410","2","0","1","0","0","0","0","2","0","2","0","0","0","3","03","","N","","","","","","","","","",""
"2021024575","1803","1","0","0","0","0","0","0","0","0","8","0","","67","3","2021","6","40.044139","-75.141583","1803","6","0","0","0","0","0","0","0","0","","0","0","0","17","1","1","N","0","0","40 02:38.900","","0","75 08:29.700","3","0","0","0","67301","1","0","0","N","1","0","0","2","67301","0","","6.0","","1","N","N","N","0","","1","0","0","0","0","","1743","2","1","0","0","0","0","0","2","0","1","1","0","0","3","03","","N","","","","","","","","","",""
"2021050476","2331","1","0","0","0","0","0","0","0","0","1","0","","67","5","2021","3","39.945394","-75.190492","2314","6","0","0","0","0","0","1","0","0","","0","0","0","23","3","0","N","0","0","39 56:43.419","","0","75 11:25.770","0","0","0","0","67301","0","0","0","N","0","0","0","2","68K01","0","","1.0","","1","N","N","N","0","","0","0","1","0","0","","2312","2","0","0","0","0","0","0","2","0","2","0","0","0","3","03","","N","","","","","","","","","",""
"2021027331","1312","2","0","0","0","0","0","0","0","0","2","0","","67","3","2021","2","40.027441","-75.099191","1312","6","0","0","0","0","0","0","0","0","","0","0","0","19","3","0","N","0","0","40 01:38.789","","0","75 05:57.088","0","0","0","0","67301","0","0","0","N","0","0","0","2","67301","0","","1.0","","1","N","N","N","0","","0","0","0","0","0","","1930","2","0","0","0","0","0","0","2","0","2","0","0","0","3","03","","N","","","","","","","","","",""
"2021026926","2357","0","0","0","0","0","0","0","0","0","7","0","","67","3","2021","4","40.107261","-75.026701","2357","6","0","0","0","0","0","0","0","0","","0","0","0","23","3","0","N","0","0","40 06:26.138","","0","75 01:36.122","0","0","0","0","67301","0","0","0","N","0","0","0","1","67301","0","","4.0","","1","N","N","N","1","","0","0","0","0","0","","2350","1","0","0","0","0","0","0","2","0","1","0","0","0","3","03","","N","","","","","","","","","",""
"2021025942","2225","2","0","0","0","0","0","0","0","0","5","0","","67","3","2021","7","39.944617","-75.164869","2221","6","0","0","0","0","0","0","0","0","","0","0","0","22","3","0","N","0","0","39 56:40.620","","0","75 09:53.530","0","0","0","0","67301","0","0","0","N","0","0","0","1","67301","0","","6.0","","1","N","N","N","0","","0","0","1","0","0","","2221","3","0","0","0","0","0","0","2","0","3","0","0","0","3","03","","N","","","","","","","","","",""
"2021027922","1730","0","0","0","0","0","0","0","0","0","2","0","","67","3","2021","4","40.031958","-75.168553","1726","6","0","0","0","0","0","0","0","0","","0","0","0","17","4","1","","2","0","40 01:55.047","","0","75 10:06.789","3","0","0","0","67301","0","0","0","N","0","0","0","1","67301","0","","3.0","","9","N","N","N","0","","1","0","2","3","3","","1712","2","1","0","0","0","0","0","2","0","2","0","0","0","7","04","","N","","","","","","","","","",""
"2021032680","1625","0","0","0","0","0","0","0","0","0","8","0","","67","4","2021","4","39.976843","-75.127437","1625","6","0","0","0","0","0","0","0","0","","0","0","0","21","3","2","","5","0","39 58:36.634","","0","75 07:38.773","8","0","0","0","67301","2","0","0","N","2","0","0","3","67301","0","","1.0","","99","N","N","N","0","","0","0","1","3","3","","2147","3","2","0","0","0","2","1","2","0","1","2","0","0","3","","","N","","","","","","","","","",""
"2021010978","1242","1","0","0","0","0","0","0","0","0","5","0","","67","1","2021","7","40.052187","-74.987648","1219","6","0","0","0","0","0","0","0","0","","0","0","0","12","1","0","N","0","1","40 03:07.873","1","0","74 59:15.534","0","0","0","0","67301","0","0","0","N","0","0","0","3","68K01","0","","1.0","1330.0","1","N","N","N","0","","0","0","1","0","0","Y","1217","2","0","0","0","0","0","0","2","0","2","0","0","0","3","","","N","","","","","","","","","",""
"2021041074","1644","1","0","0","0","0","0","0","0","0","7","0","","67","5","2021","2","40.016881","-75.087308","1620","6","0","0","0","0","0","0","0","0","","0","0","0","16","1","0","N","0","0","40 01:00.770","","0","75 05:14.310","0","0","0","0","67301","0","0","0","N","0","0","0","1","67301","0","","5.0","","1","N","N","N","0","","0","0","0","0","0","","1620","1","0","1","0","0","0","0","2","0","1","0","0","0","4","04","","N","","","","","","","","","",""
"2021039735","313","1","0","0","0","0","0","0","0","0","4","1","","67","5","2021","1","40.055584","-75.003586","230","6","0","0","0","0","0","0","0","0","","0","1","0","2","3","0","N","0","1","40 03:20.103","1","7","75 00:12.908","0","0","0","0","67301","0","0","0","N","0","0","0","2","67301","0","","1.0","400.0","1","N","N","N","0","","0","0","0","0","0","N","206","2","0","0","0","0","0","0","2","0","2","0","0","0","3","03","","N","","","","","","","","","",""
"2021002282","337","0","0","0","0","0","0","0","0","0","4","0","","67","1","2021","4","39.946078","-75.242072","337","6","0","0","0","0","0","0","0","0","","0","0","0","3","3","1","","1","0","39 56:45.881","","0","75 14:31.459","8","0","0","0","67301","0","0","0","N","0","0","0","2","67301","0","","1.0","","1","N","N","N","0","","0","0","2","3","2","","337","3","1","0","0","0","1","0","2","1","3","0","0","0","3","03","","N","","","","","","","","","",""
"2021053628","358","0","0","0","0","0","0","0","0","0","8","0","","67","6","2021","1","39.989806","-75.125611","354","6","0","0","0","0","0","0","0","0","","1","0","0","3","3","0","N","0","0","39 59:23.300","","0","75 07:32.200","1","0","0","0","67301","1","1","0","N","1","1","0","2","67301","0","2","1.0","","1","N","N","N","0","0","0","0","1","0","0","","352","2","0","0","0","0","0","0","2","0","1","1","1","0","3","03","","N","","","","","","","","","",""
"2021054577","1613","2","0","0","0","0","0","0","0","0","2","0","","67","3","2021","4","40.042323","-75.025601","1613","6","0","1","0","0","0","0","0","0","","0","0","0","16","1","0","","1","0","40 02:32.362","","0","75 01:32.162","0","0","0","0","67301","0","0","0","N","0","0","0","2","67301","0","","1.0","","9","N","N","N","0","","0","0","0","3","2","","1600","2","0","1","0","0","0","0","2","0","2","0","0","0","7","07","","N","","","","","","","","","",""
"2021030243","1306","0","0","0","0","0","0","0","0","0","7","0","","67","4","2021","5","39.977472","-75.251444","1306","6","0","0","0","0","0","0","0","0","","0","0","0","13","1","1","N","0","1","39 58:38.900","4","0","75 15:05.200","3","0","0","0","67301","0","0","0","N","0","0","0","1","67301","0","","3.0","1504.0","1","N","N","N","0","","1","0","1","0","0","N","1305","1","1","0","0","0","0","0","2","0","1","0","0","0","3","","","N","","","","","","","","","",""
"2021031580","1821","1","0","0","0","0","0","0","0","0","1","0","","67","4","2021","3","39.998705","-75.166884","1820","6","0","0","0","0","1","0","0","0","","0","0","0","18","1","0","","1","0","39 59:55.338","","0","75 10:00.782","0","0","0","0","67301","0","0","0","N","0","0","0","2","67301","0","","1.0","","1","N","N","N","0","","0","0","1","3","2","","1810","2","0","1","0","0","0","0","2","0","2","0","0","0","3","03","","N","","","","","","","","","",""
"2021031404","2343","1","0","0","0","0","0","0","0","0","4","0","","67","4","2021","2","39.987974","-75.156707","2341","6","0","0","0","0","0","0","1","0","","0","0","0","23","3","1","","1","0","39 59:16.705","","0","75 09:24.146","8","0","0","0","67301","0","0","0","N","0","0","0","2","67301","0","","1.0","","1","N","N","N","0","","0","0","1","3","3","","2330","2","1","0","0","0","1","1","2","0","2","0","0","0","3","03","","N","","","","","","","","","",""
"2021002400","815","1","0","0","0","0","0","0","0","0","4","0","","67","1","2021","4","39.992473","-75.17957","802","6","0","0","0","0","1","0","0","0","","0","0","0","8","1","0","","1","0","39 59:32.903","","0","75 10:46.451","0","0","0","0","67301","0","0","0","N","0","0","0","2","67301","0","","1.0","","1","N","N","N","0","","0","0","0","3","1","","800","2","0","0","0","0","0","0","2","1","2","0","0","0","3","03","","N","","","","","","","","","",""
"2021026879","2058","1","0","0","0","0","0","0","0","0","5","0","","67","3","2021","6","40.037079","-75.013955","2058","6","0","0","0","0","0","0","0","0","","0","0","0","20","3","0","N","0","0","40 02:13.483","","0","75 00:50.239","9","0","0","0","67301","0","0","0","N","0","0","0","3","68K01","0","","1.0","","1","N","N","N","0","","0","0","0","0","0","","2058","2","0","0","0","0","0","1","2","0","2","0","0","0","3","","","N","","","","","","","","","",""
"2021024978","2030","2","0","0","0","0","0","0","0","0","1","0","","67","3","2021","1","40.031204","-75.021419","2024","6","0","0","0","0","0","0","1","0","","0","0","0","20","3","1","N","0","0","40 01:52.336","","3","75 01:17.107","3","0","0","0","67301","0","0","0","N","0","0","0","2","68K01","0","","1.0","","1","N","N","N","0","","1","0","0","0","0","","2017","2","1","0","0","0","0","0","2","0","2","0","0","0","3","","","N","","","","","","","","","",""
"2021027018","2338","2","0","0","0","0","0","0","0","0","4","0","","67","3","2021","7","39.979994","-75.232922","2336","6","0","0","0","0","0","1","0","0","","0","0","0","23","3","1","N","0","2","39 58:47.979","6","0","75 13:58.520","8","0","0","0","67301","0","0","0","N","0","0","0","2","67301","0","","1.0","100.0","1","N","N","N","0","","0","0","0","0","0","Y","2330","2","1","0","0","0","1","0","2","0","2","0","0","0","3","03","","N","","","","","","","","","",""
"2021014184","625","1","0","0","0","0","0","0","0","0","7","0","","67","2","2021","3","40.023692","-75.196119","616","6","0","0","0","0","0","0","0","0","","0","0","0","6","1","0","N","0","0","40 01:25.290","","0","75 11:46.030","0","0","0","0","67301","0","0","0","N","0","0","0","2","67301","0","","4.0","","2","N","N","N","0","","0","0","1","0","0","","616","2","0","2","0","0","0","0","2","0","2","0","0","0","9","03","","N","","","","","","","","","",""
"2021024510","50","1","0","0","0","0","0","0","0","0","4","0","","67","3","2021","6","39.957243","-75.152234","47","6","0","0","0","2","0","0","0","0","","0","0","0","0","2","0","","5","0","39 57:26.075","","2","75 09:08.042","9","0","0","0","67301","0","0","0","N","0","0","0","4","67301","0","","1.0","","1","N","N","N","0","","0","0","1","3","2","","36","2","0","1","0","0","0","1","2","0","2","0","0","0","3","03","","N","","","","","","","","","",""
"2021006052","1801","1","0","0","1","0","0","0","0","0","8","0","","67","1","2021","5","39.970342","-75.13576","1758","6","0","0","0","0","0","0","0","0","","0","0","0","17","3","1","","1","0","39 58:13.232","","0","75 08:08.736","8","0","0","0","67301","1","0","0","N","0","0","0","2","67301","0","","1.0","","1","N","N","N","0","","0","0","0","3","3","","1753","2","1","0","0","0","1","0","2","0","1","1","0","0","3","03","","N","","","","","","","","","",""
"2021026890","1536","1","0","0","0","0","0","0","0","0","5","1","50","67","3","2021","7","39.97231","-75.121793","1455","6","0","0","0","0","0","0","0","0","","0","1","0","14","1","1","N","0","2","39 58:20.317","1","0","75 07:18.455","3","0","0","0","67301","0","0","0","N","0","0","0","3","68K01","0","","1.0","50.0","1","N","N","N","0","","1","0","0","0","0","N","1454","2","1","0","0","0","0","0","2","0","2","0","0","0","3","","N","Y","4","1","","","N","","","","Y","N"
"2021001494","124","2","0","0","0","0","0","0","0","0","1","0","","67","1","2021","7","39.98098","-75.206549","124","6","0","0","0","0","0","0","0","0","","0","0","0","1","3","0","N","0","2","39 58:51.527","3","0","75 12:23.575","0","0","0","0","67301","0","0","0","N","0","0","0","1","68K01","0","","1.0","45.0","9","N","N","N","0","","0","0","0","0","0","N","124","2","0","0","0","0","0","0","2","0","2","0","0","0","7","07","","N","","","","","","","","","",""
"2021003245","1153","0","0","0","0","0","0","0","0","0","4","0","","67","1","2021","7","39.976176","-75.160962","1147","6","0","0","0","0","0","0","0","0","","0","0","0","11","1","0","","1","0","39 58:34.232","","0","75 09:39.464","0","0","0","0","67301","0","0","0","N","0","0","0","2","67301","0","","1.0","","1","N","N","N","1","","0","0","1","3","3","","1145","2","0","0","0","0","0","0","2","0","2","0","0","0","3","03","","N","","","","","","","","","",""
"2021027804","1050","0","0","0","0","0","0","0","0","0","7","1","","67","3","2021","4","39.974231","-75.20368","1030","6","0","0","0","0","0","1","0","0","","0","1","0","10","1","0","","3","0","39 58:27.230","","0","75 12:13.248","0","0","0","0","67301","0","0","0","N","0","0","0","1","67301","0","","4.0","","8","N","N","N","0","","0","0","0","0","0","","1012","1","0","0","0","0","0","0","2","0","1","0","0","0","4","07","","N","","","","","","","","","",""
"2021026873","355","1","0","0","0","0","0","0","0","0","7","0","","67","3","2021","6","39.981187","-75.206807","350","6","0","0","0","0","0","0","0","0","","0","0","0","3","3","1","N","0","0","39 58:52.274","","0","75 12:24.506","3","0","0","0","67301","0","0","0","N","0","0","0","1","68K01","0","","5.0","","1","N","N","N","0","","1","0","0","0","0","","349","1","1","0","0","0","0","0","2","0","1","0","0","0","3","","","N","","","","","","","","","",""
"2021026751","1836","0","0","0","0","0","0","0","0","0","8","0","","67","3","2021","4","40.003886","-75.170662","1835","6","0","0","0","0","0","0","0","0","","0","0","0","12","1","1","","1","0","40 00:13.989","","0","75 10:14.382","2","0","0","0","67301","1","0","1","N","1","0","1","2","67301","0","","1.0","","1","N","N","N","0","","0","1","1","3","2","","1250","2","1","0","0","0","0","0","2","0","1","1","0","1","3","03","","N","","","","","","","","","",""
"2021026198","1638","1","0","0","0","0","0","0","0","0","4","0","","67","3","2021","1","39.902199","-75.247155","1631","6","0","0","0","0","0","0","1","0","","0","0","0","16","1","0","","1","0","39 54:07.916","","0","75 14:49.757","9","0","0","0","67301","0","0","0","N","0","0","0","2","67301","0","","1.0","","1","N","N","N","0","","0","0","1","0","0","","1615","2","0","0","0","0","0","1","2","0","2","0","0","0","3","03","","N","","","","","","","","","",""
"2021027201","711","2","0","0","0","0","0","0","0","0","1","0","","67","3","2021","4","39.938345","-75.197662","655","6","0","0","0","0","0","2","0","0","","0","0","0","6","5","1","N","6","1","39 56:18.041","4","2","75 11:51.584","3","0","0","0","67301","0","0","0","N","0","0","0","3","68K01","0","","1.0","800.0","1","N","N","N","0","","1","0","1","0","0","N","641","3","1","0","0","0","0","0","2","0","3","0","0","0","3","03","","N","","","","","","","","","",""
"2021027676","101","0","0","0","0","0","0","0","0","0","8","0","","67","3","2021","5","40.022303","-75.162025","100","6","0","0","0","0","0","0","0","0","","0","0","0","1","3","1","","1","0","40 01:20.289","","0","75 09:43.290","3","0","0","0","67301","1","0","0","N","1","0","0","2","67301","0","","1.0","","9","N","N","N","0","","1","0","1","2","2","","100","2","1","0","0","0","0","0","2","0","1","1","0","0","3","07","","N","","","","","","","","","",""
"2021025994","708","1","0","0","0","0","0","0","0","0","5","1","","67","3","2021","5","40.032936","-75.020512","646","6","0","0","0","0","0","1","0","0","","0","1","0","6","5","8","N","0","1","40 01:58.571","1","0","75 01:13.844","3","0","0","0","67301","0","0","0","N","0","0","0","10","68K01","7","","1.0","845.0","1","N","N","N","0","","1","0","3","0","0","N","635","5","8","1","0","0","0","0","2","0","5","0","0","0","3","","","N","","","","","","","","","",""
"2021023931","1707","3","0","0","0","0","0","0","0","0","1","1","45","67","2","2021","1","39.899057","-75.177847","1656","6","0","0","0","0","0","0","1","0","","0","1","0","16","3","1","N","0","1","39 53:56.606","1","0","75 10:40.248","3","0","0","0","67301","0","0","0","N","0","0","0","4","68K01","0","","1.0","1808.0","9","N","N","N","0","","1","0","0","0","0","N","1624","4","1","0","0","0","0","0","2","0","4","0","0","0","7","05","N","Y","4","1","","","N","Y","","","","N"
"2021005179","1533","0","0","0","0","0","0","0","0","0","1","0","","67","1","2021","7","40.002986","-75.152494","1530","6","0","0","0","0","0","0","0","0","","0","0","0","99","1","1","Y","0","0","40 00:10.750","","0","75 09:08.977","8","0","0","0","67301","0","0","0","N","0","0","0","2","67505","0","","1.0","","1","N","N","N","0","","0","0","2","3","2","","9999","2","1","0","0","0","1","0","2","0","2","0","0","0","3","03","","N","","","","","","","","","",""
"2021036433","1005","0","0","0","0","0","0","0","0","0","7","0","","67","4","2021","4","40.045258","-75.001895","1000","6","0","0","0","0","0","0","0","0","","0","0","0","9","1","0","N","6","0","40 02:42.930","","0","75 00:06.821","0","0","0","0","67301","0","0","0","N","0","0","0","1","68K01","0","","4.0","","1","N","N","N","1","","0","0","0","0","0","","947","1","0","0","0","0","0","0","2","0","1","0","0","0","3","03","","N","","","","","","","","","",""
"2021025270","1848","1","0","0","0","0","0","0","0","0","8","0","","67","3","2021","6","39.958487","-75.22518","1846","6","0","0","0","0","0","0","0","0","","0","0","0","18","3","1","","1","0","39 57:30.554","","0","75 13:30.649","8","0","0","0","67301","1","0","0","N","1","0","0","2","67301","0","","1.0","","1","N","N","N","0","","0","0","0","3","2","","1846","2","1","0","0","0","1","0","2","0","1","1","0","0","3","03","","N","","","","","","","","","",""
"2021024043","1545","0","0","0","0","0","0","1","0","0","8","1","","67","3","2021","5","40.001601","-75.152925","1505","6","0","0","0","0","0","1","0","0","","0","0","0","15","1","1","","1","2","40 00:05.763","2","0","75 09:10.529","3","0","0","0","67301","1","0","0","N","1","0","0","2","67508","0","","1.0","9999.0","1","Y","N","Y","0","","1","0","0","3","2","N","1505","2","1","0","0","0","0","0","2","0","1","1","0","0","3","03","","N","","","","","","","","","",""
"2021027888","1655","1","0","0","0","0","0","0","0","0","5","0","","67","3","2021","4","39.919769","-75.18826","1645","6","0","0","0","0","0","1","0","0","","0","1","0","16","1","1","","1","0","39 55:11.168","","0","75 11:17.735","4","0","0","0","67301","0","0","0","N","0","0","0","2","67301","1","","1.0","","9","N","N","N","0","","0","0","0","3","2","","1636","2","1","0","0","0","0","0","2","0","2","0","0","0","7","04","","N","","","","","","","","","",""
"2021049508","2035","0","0","0","0","0","0","1","0","0","4","1","","67","5","2021","5","40.045516","-75.088316","2019","6","0","0","0","0","0","0","0","0","","0","0","0","20","3","1","","1","0","40 02:43.859","","0","75 05:17.937","4","0","0","0","67301","0","0","0","N","0","0","0","3","67508","1","","1.0","","1","N","N","Y","0","","0","0","0","3","2","","2019","2","1","0","0","0","0","0","2","0","2","0","0","0","3","03","","N","","","","","","","","","",""
"2021007734","240","1","0","0","0","0","0","0","0","0","4","0","","67","1","2021","1","39.964101","-75.184298","239","6","0","0","0","0","0","0","0","0","","0","0","0","2","3","1","","2","0","39 57:50.764","","8","75 11:03.472","2","0","0","0","67301","0","0","0","N","0","0","0","3","67301","0","","1.0","","1","N","N","N","1","","0","1","0","3","2","","236","2","1","0","0","0","0","2","2","0","2","0","0","0","3","03","","N","","","","","","","","","",""
"2021027927","11","1","0","0","0","0","0","0","0","0","8","0","","67","3","2021","7","39.983972","-75.105861","10","6","0","0","0","0","0","0","0","0","","0","0","0","20","3","1","N","0","0","39 59:02.300","","0","75 06:21.100","8","0","0","0","67301","1","0","0","N","1","0","0","2","67301","0","","1.0","","1","N","N","N","0","","0","0","0","0","0","","2052","2","1","0","0","0","1","0","2","0","1","1","0","0","3","03","","N","","","","","","","","","",""
"2021024822","1116","1","0","0","0","0","0","0","0","0","5","0","","67","3","2021","7","39.942167","-75.235806","1116","6","0","0","0","0","0","0","0","0","","0","0","0","11","1","0","N","0","2","39 56:31.800","5","0","75 14:08.900","0","0","0","0","67301","0","0","0","N","0","0","0","1","67301","0","","6.0","115.0","1","N","N","N","0","","0","0","1","0","0","Y","1116","2","0","0","0","0","0","0","2","0","2","0","0","0","3","03","","N","","","","","","","","","",""
"2021048656","1615","1","0","0","0","0","0","0","0","0","4","0","","67","5","2021","5","39.970527","-75.148883","1609","6","0","0","0","0","0","0","0","0","","0","1","0","16","1","5","","1","2","39 58:13.897","7","0","75 08:55.980","3","0","0","0","67301","0","0","0","N","0","0","0","5","67301","0","","1.0","2000.0","1","N","N","Y","0","","4","0","1","3","2","N","1605","3","5","0","0","0","1","0","2","0","3","0","0","0","3","","","N","","","","","","","","","",""
"2021050599","2324","0","0","0","0","0","0","0","0","0","7","0","","67","6","2021","4","40.071331","-75.179412","2312","6","0","0","0","0","0","1","0","0","","1","0","0","22","3","0","N","0","0","40 04:16.790","","0","75 10:45.883","1","0","0","0","67301","0","0","0","N","0","0","0","1","67301","0","2","5.0","","1","N","N","N","0","0","0","0","1","0","0","","2254","1","0","0","0","0","0","0","2","0","1","0","0","0","3","","","N","","","","","","","","","",""
"2021049149","308","1","0","0","0","0","0","0","0","0","7","0","","67","5","2021","7","39.96009","-75.179585","255","6","0","0","0","0","0","0","0","0","","0","0","0","2","3","0","N","0","2","39 57:36.323","4","0","75 10:46.505","0","0","0","0","67301","0","0","0","N","0","0","0","1","68K01","0","","4.0","312.0","9","N","N","N","0","","0","0","0","0","0","N","206","1","0","0","0","0","0","0","2","0","1","0","0","0","7","07","","N","","","","","","","","","",""
"2021026263","1505","1","0","0","0","0","0","0","0","0","5","0","","67","3","2021","2","40.040499","-75.058879","1442","6","0","0","0","0","0","0","0","2","","0","0","0","14","1","1","","1","0","40 02:25.798","","0","75 03:31.964","3","0","0","0","67301","0","0","0","N","0","0","0","2","67301","0","","1.0","","1","N","N","N","1","","1","0","0","3","2","","1417","2","1","0","0","0","0","0","2","0","2","0","0","0","3","03","","N","","","","","","","","","",""
"2021027727","1401","1","0","0","0","0","0","0","0","0","4","0","","67","3","2021","6","39.913083","-75.243294","1401","6","0","0","0","0","0","0","0","0","","0","0","0","13","1","2","","5","0","39 54:47.100","","0","75 14:35.859","3","0","0","0","67301","0","0","0","N","0","0","0","3","67301","0","","1.0","","1","N","N","N","0","","2","0","1","3","2","","1357","2","2","3","0","0","0","0","2","0","2","0","0","0","3","03","","N","","","","","","","","","",""