"CRN","ARRIVAL_TM","AUTOMOBILE_COUNT","BELTED_DEATH_COUNT","BELTED_SUSP_SERIOUS_INJ_COUNT","BICYCLE_COUNT","BICYCLE_DEATH_COUNT","BICYCLE_SUSP_SERIOUS_INJ_COUNT","BUS_COUNT","CHLDPAS_DEATH_COUNT","CHLDPAS_SUSP_SERIOUS_INJ_COUNT","COLLISION_TYPE","COMM_VEH_COUNT","CONS_ZONE_SPD_LIM","COUNTY","CRASH_MONTH","CRASH_YEAR","DAY_OF_WEEK","DEC_LATITUDE","DEC_LONGITUDE","DISPATCH_TM","DISTRICT","DRIVER_COUNT_16YR","DRIVER_COUNT_17YR","DRIVER_COUNT_18YR","DRIVER_COUNT_19YR","DRIVER_COUNT_20YR","DRIVER_COUNT_50_64YR","DRIVER_COUNT_65_74YR","DRIVER_COUNT_75PLUS","EST_HRS_CLOSED","FATAL_COUNT","HEAVY_TRUCK_COUNT","HORSE_BUGGY_COUNT","HOUR_OF_DAY","ILLUMINATION","INJURY_COUNT","INTERSECTION_RELATED","INTERSECT_TYPE","LANE_CLOSED","LATITUDE","LN_CLOSE_DIR","LOCATION_TYPE","LONGITUDE","MAX_SEVERITY_LEVEL","MCYCLE_DEATH_COUNT","MCYCLE_SUSP_SERIOUS_INJ_COUNT","MOTORCYCLE_COUNT","MUNICIPALITY","NONMOTR_COUNT","NONMOTR_DEATH_COUNT","NONMOTR_SUSP_SERIOUS_INJ_COUNT","NTFY_HIWY_MAINT","PED_COUNT","PED_DEATH_COUNT","PED_SUSP_SERIOUS_INJ_COUNT","PERSON_COUNT","POLICE_AGCY","POSSIBLE_INJ_COUNT","RDWY_SURF_TYPE_CD","RELATION_TO_ROAD","ROADWAY_CLEARED","ROAD_CONDITION","SCH_BUS_IND","SCH_ZONE_IND","SECONDARY_CRASH","SMALL_TRUCK_COUNT","SPEC_JURIS_CD","SUSP_MINOR_INJ_COUNT","SUSP_SERIOUS_INJ_COUNT","SUV_COUNT","TCD_FUNC_CD","TCD_TYPE","TFC_DETOUR_IND","TIME_OF_DAY","TOTAL_UNITS","TOT_INJ_COUNT","UNBELTED_OCC_COUNT","UNB_DEATH_COUNT","UNB_SUSP_SERIOUS_INJ_COUNT","UNK_INJ_DEG_COUNT","UNK_INJ_PER_COUNT","URBAN_RURAL","VAN_COUNT","VEHICLE_COUNT","VULNERABLE_ROAD_USER_COUNT","VULNERABLE_ROAD_USER_DEATH_COUNT","VULNERABLE_ROAD_USER_SER_INJ_COUNT","WEATHER1","WEATHER2","WORKERS_PRES","WORK_ZONE_IND","WORK_ZONE_LOC","WORK_ZONE_TYPE","WZ_CLOSE_DETOUR","WZ_FLAGGER","WZ_LAW_OFFCR_IND","WZ_LN_CLOSURE","WZ_MOVING","WZ_OTHER","WZ_SHLDER_MDN","WZ_WORKERS_INJ_KILLED"
"2021025458","206","1","0","0","0","0","0","0","0","0","7","0","","67","3","2021","7","39.957168","-75.151882","204","6","0","0","0","0","0","0","0","0","","0","0","0","2","3","0","N","0","1","39 57:25.804","3","0","75 09:06.776","0","0","0","0","67301","0","0","0","N","0","0","0","2","68K01","0","","3.0","238.0","1","N","N","N","0","","0","0","0","0","0","N","202","1","0","0","0","0","0","0","2","0","1","0","0","0","3","","","N","","","","","","","","","",""
"2021049622","228","1","0","0","0","0","0","0","0","0","7","0","","67","5","2021","7","39.960151","-75.180129","223","6","0","0","1","0","0","0","0","0","","0","0","0","2","3","0","N","0","2","39 57:36.544","4","0","75 10:48.463","0","0","0","0","67301","0","0","0","N","0","0","0","2","68K01","0","","3.0","235.0","9","N","N","N","0","","0","0","0","0","0","N","206","1","0","0","0","0","0","0","2","0","1","0","0","0","7","","","N","","","","","","","","","",""
"2021026406","1234","1","0","0","0","0","0","0","0","0","4","0","","67","3","2021","4","39.968117","-75.160105","1219","6","0","0","0","0","0","0","0","0","","0","0","0","12","1","0","","2","0","39 58:05.221","","0","75 09:36.378","0","0","0","0","67301","0","0","0","N","0","0","0","2","67301","0","","1.0","","1","N","N","N","0","","0","0","0","0","0","","1218","2","0","0","0","0","0","0","2","1","2","0","0","0","4","04","","N","","","","","","","","","",""
"2021026197","1539","2","0","0","0","0","0","0","0","0","4","0","","67","3","2021","6","40.076528","-75.032684","1524","6","0","0","0","0","0","1","0","0","","0","0","0","15","1","2","","1","1","40 04:35.499","6","0","75 01:57.662","8","0","0","0","67301","0","0","0","N","0","0","0","4","67301","0","","1.0","1600.0","1","N","N","N","0","","0","0","0","3","2","Y","1522","2","2","0","0","0","2","0","2","0","2","0","0","0","3","03","","N","","","","","","","","","",""
"2021024542","1310","1","0","0","0","0","0","0","0","0","4","0","","67","3","2021","6","39.989403","-75.190986","1246","6","0","0","0","0","0","0","0","0","","0","0","0","12","1","0","","2","0","39 59:21.850","","0","75 11:27.549","0","0","0","0","67301","0","0","0","N","0","0","0","2","67301","0","","1.0","","1","N","N","N","0","","0","0","0","3","3","","1221","2","0","0","0","0","0","0","2","0","2","0","0","0","3","03","","N","","","","","","","","","",""
"2021027143","1238","0","0","0","0","0","0","0","0","0","8","0","","67","3","2021","5","40.003185","-75.152576","1237","6","0","0","0","0","0","0","0","0","","0","0","0","12","1","3","","5","0","40 00:11.467","","0","75 09:09.273","3","0","0","0","67301","3","0","0","N","3","0","0","4","67301","0","","1.0","","1","N","N","N","0","","3","0","1","3","2","","1227","4","3","1","0","0","0","0","2","0","1","3","0","0","7","04","","N","","","","","","","","","",""
"2021032708","1213","0","0","0","0","0","0","0","0","0","7","0","","67","3","2021","2","39.932","-75.199869","1213","6","0","0","0","0","0","0","0","0","","0","0","0","12","1","1","N","0","1","39 55:55.199","4","0","75 11:59.530","8","0","0","0","67301","0","0","0","N","0","0","0","1","68K01","0","","4.0","1230.0","1","N","N","N","1","","0","0","0","0","0","N","1212","1","1","1","0","0","1","0","2","0","1","0","0","0","3","","","N","","","","","","","","","",""
"2021050461","330","1","0","0","0","0","0","0","0","0","7","0","","67","5","2021","1","39.886368","-75.206927","318","6","0","0","0","0","0","0","0","0","","0","0","0","3","3","0","N","0","0","39 53:10.926","","3","75 12:24.937","9","0","0","0","67301","0","0","0","N","0","0","0","1","68K01","0","","4.0","","1","N","N","N","0","","0","0","0","0","0","","311","1","0","0","0","0","0","1","2","0","1","0","0","0","3","03","","N","","","","","","","","","",""
"2021049146","31","1","0","0","0","0","0","0","0","0","7","0","","67","5","2021","7","39.941293","-75.143072","24","6","0","0","0","0","0","0","0","0","","0","0","0","0","3","0","N","0","2","39 56:28.654","1","0","75 08:35.060","0","0","0","0","67301","0","0","0","N","0","0","0","2","68K01","0","","4.0","1245.0","9","N","N","N","0","","0","0","1","0","0","N","9","2","0","0","0","0","0","0","2","0","2","0","0","0","7","","","N","","","","","","","","","",""
"2021049629","1512","1","0","0","0","0","0","0","0","0","1","0","","67","5","2021","7","39.974196","-75.194056","1505","6","0","0","0","0","0","1","0","0","","0","0","0","14","1","1","N","0","0","39 58:27.107","","0","75 11:38.602","8","0","0","0","67301","0","0","0","N","0","0","0","2","68K01","0","","1.0","","1","N","N","N","0","","0","0","1","0","0","","1446","2","1","0","0","0","1","0","2","0","2","0","0","0","3","03","","N","","","","","","","","","",""
"2021024915","1209","0","0","0","0","0","0","0","0","0","4","0","","67","3","2021","1","39.965046","-75.234065","1205","6","0","0","0","0","0","0","0","0","","0","0","0","12","1","1","","2","0","39 57:54.165","","0","75 14:02.633","3","0","0","0","67301","0","0","0","N","0","0","0","5","67301","0","","1.0","","1","N","N","N","0","","1","0","1","3","3","","1200","2","1","0","0","0","0","1","2","0","2","0","0","0","3","","","N","","","","","","","","","",""
"2021027506","1900","1","0","0","0","0","0","0","0","0","1","0","","67","3","2021","7","40.053149","-75.040237","1855","6","0","0","0","0","0","0","0","0","","0","0","0","18","1","1","","1","0","40 03:11.336","","0","75 02:24.854","4","0","0","0","67301","0","0","0","N","0","0","0","2","67301","1","","1.0","","1","N","N","N","0","","0","0","0","3","2","","1830","2","1","0","0","0","0","0","2","1","2","0","0","0","3","03","","N","","","","","","","","","",""
"2021049752","1900","1","0","0","0","0","0","0","0","0","1","0","","67","5","2021","1","40.025673","-75.031643","1859","6","0","0","0","0","0","0","0","1","","0","0","0","18","4","1","","1","1","40 01:32.421","3","0","75 01:53.914","3","0","0","0","67301","0","0","0","N","0","0","0","2","67301","0","","1.0","1945.0","9","N","N","N","0","","1","0","1","3","2","Y","1858","2","1","0","0","0","0","0","2","0","2","0","0","0","7","04","","N","","","","","","","","","",""
"2021026034","1820","0","0","0","0","0","0","0","0","0","4","0","","67","3","2021","5","40.017115","-75.171659","1816","6","0","0","0","0","0","0","0","0","","0","0","0","18","1","2","N","0","0","40 01:01.613","","0","75 10:17.974","4","0","0","0","67301","0","0","0","N","0","0","0","2","67301","2","","1.0","","9","N","Y","N","0","","0","0","2","0","0","","1802","2","2","2","0","0","0","0","2","0","2","0","0","0","7","07","","N","","","","","","","","","",""
"2021050135","232","2","0","0","0","0","0","0","0","0","4","0","","67","4","2021","4","39.992155","-75.245666","231","6","0","0","0","0","0","0","0","0","","0","0","0","10","8","1","N","0","0","39 59:31.757","","0","75 14:44.399","4","0","0","0","67301","0","0","0","N","0","0","0","1","67301","1","","1.0","","1","N","N","N","0","","0","0","0","3","2","","1039","2","1","0","0","0","0","0","2","0","2","0","0","0","3","03","","N","","","","","","","","","",""
"2021025493","1859","2","0","0","0","0","0","0","0","0","4","0","","67","3","2021","4","40.048018","-75.09282","1857","6","0","0","0","0","0","0","0","0","","0","0","0","18","3","1","","1","0","40 02:52.866","","0","75 05:34.153","3","0","0","0","67301","0","0","0","N","0","0","0","2","67301","0","","1.0","","1","N","N","N","0","","1","0","1","3","3","","1849","3","1","0","0","0","0","0","2","0","3","0","0","0","3","","","N","","","","","","","","","",""
"2021049386","953","1","0","0","0","0","0","0","0","0","7","0","","67","5","2021","7","39.893317","-75.221692","944","6","0","0","0","0","0","1","0","0","","0","0","0","9","1","2","N","0","1","39 53:35.942","2","3","75 13:18.090","8","0","0","0","67301","0","0","0","N","0","0","0","2","68K01","0","","3.0","1005.0","9","N","N","N","0","","0","0","0","0","0","N","942","1","2","0","0","0","2","0","2","0","1","0","0","0","7","07","","N","","","","","","","","","",""
"2021050829","1200","2","0","0","0","0","0","0","0","0","2","0","","67","6","2021","5","40.042023","-75.159223","1154","6","0","0","0","0","0","0","0","0","","0","0","0","11","1","1","N","0","0","40 02:31.283","","0","75 09:33.202","4","0","0","0","67301","0","0","0","N","0","0","0","2","67301","1","","1.0","","1","N","N","N","0","","0","0","0","3","2","","1152","2","1","0","0","0","0","0","2","0","2","0","0","0","3","03","","N","","","","","","","","","",""
"2021026196","1430","2","0","0","0","0","0","0","0","0","4","0","","67","3","2021","6","39.914424","-75.152338","1427","6","0","0","0","0","0","0","0","0","","0","0","0","14","1","1","","2","0","39 54:51.926","","0","75 09:08.416","3","0","0","0","67301","0","0","0","N","0","0","0","3","67301","0","","1.0","","1","N","N","N","0","","1","0","0","0","0","","1422","2","1","0","0","0","0","0","2","0","2","0","0","0","3","03","","N","","","","","","","","","",""
"2021024521","1017","1","0","0","0","0","0","0","0","0","7","0","","67","3","2021","6","40.040916","-75.187325","1014","6","0","0","0","0","0","0","0","0","","0","0","0","10","1","0","","1","0","40 02:27.297","","0","75 11:14.370","0","0","0","0","67301","0","0","0","N","0","0","0","1","67301","0","","4.0","","1","N","N","N","0","","0","0","0","3","2","","1010","2","0","0","0","0","0","0","2","0","1","0","0","0","3","03","","N","","","","","","","","","",""
"2021030197","1149","2","0","0","0","0","0","0","0","0","1","0","","67","4","2021","6","39.980213","-75.157468","1148","6","0","0","0","0","0","0","0","0","","0","0","0","11","1","1","","1","2","39 58:48.767","3","0","75 09:26.884","4","0","0","0","67301","0","0","0","N","0","0","0","6","67505","1","","1.0","1220.0","1","N","N","N","0","","0","0","1","3","2","Y","1140","3","1","2","0","0","0","0","2","0","3","0","0","0","3","03","","N","","","","","","","","","",""
"2021024519","2244","2","0","0","0","0","0","0","0","0","4","0","","67","3","2021","7","39.918286","-75.209044","2022","6","0","0","0","0","0","0","0","0","","0","0","0","20","3","1","","2","1","39 55:05.829","6","0","75 12:32.558","3","0","0","0","67301","0","0","0","N","0","0","0","3","67301","0","","1.0","2245.0","1","N","N","Y","0","","1","0","0","3","2","N","2012","3","1","0","0","0","0","0","2","0","3","0","0","0","3","03","","N","","","","","","","","","",""
"2021044768","2113","0","0","0","0","0","0","0","0","0","8","0","","67","5","2021","1","39.967025","-75.245806","2112","6","0","0","0","0","0","0","0","0","","1","0","0","21","3","0","N","0","1","39 58:01.291","5","0","75 14:44.901","1","0","0","0","67301","1","1","0","N","1","1","0","3","67301","0","2","1.0","2310.0","1","N","N","N","0","0","0","0","1","0","0","Y","2110","2","0","0","0","0","0","0","2","0","1","1","1","0","3","","","N","","","","","","","","","",""
"2021027646","2025","1","0","0","0","0","0","0","0","0","1","0","","67","3","2021","6","40.046207","-75.217683","2021","6","0","0","0","0","0","2","0","0","","0","0","0","20","3","2","","3","0","40 02:46.345","","0","75 13:03.659","3","0","0","0","67301","0","0","0","N","0","0","0","3","67301","0","","1.0","","1","N","N","N","0","","1","0","1","3","2","","2018","2","2","0","0","0","1","0","2","0","2","0","0","0","3","03","","N","","","","","","","","","",""
"2021025687","905","1","0","0","0","0","0","0","0","0","1","0","","67","3","2021","5","39.957337","-75.144132","859","6","0","0","0","0","0","1","0","0","","0","0","0","8","8","0","","5","0","39 57:26.412","","2","75 08:38.875","0","0","0","0","67301","0","0","0","N","0","0","0","2","67301","0","","1.0","","9","N","N","N","1","","0","0","0","3","2","","859","2","0","0","0","0","0","0","2","0","2","0","0","0","7","07","","N","","","","","","","","","",""
"2021025011","925","4","0","0","0","0","0","0","0","0","4","0","","67","3","2021","1","39.989968","-75.11716","920","6","0","0","0","0","0","0","0","0","","0","0","0","9","1","1","","1","0","39 59:23.885","","0","75 07:01.777","3","0","0","0","67301","0","0","0","N","0","0","0","2","67301","0","","1.0","","1","N","N","N","0","","1","0","0","3","3","","915","4","1","0","0","0","0","0","2","0","4","0","0","0","3","03","","N","","","","","","","","","",""
"2021031034","409","2","0","0","0","0","0","0","0","0","1","1","","67","4","2021","1","40.049428","-75.136825","356","6","0","0","0","0","0","0","0","0","","0","1","0","3","3","1","N","0","0","40 02:57.940","","0","75 08:12.570","3","0","0","0","67301","0","0","0","N","0","0","0","1","67301","0","","6.0","","1","N","N","N","0","","1","0","0","0","0","","300","3","1","0","0","0","0","0","2","0","3","0","0","0","3","03","","N","","","","","","","","","",""
"2021026153","2","0","0","0","0","0","0","0","0","0","2","0","","67","3","2021","6","40.051836","-75.07931","2347","6","0","0","0","0","0","1","0","0","","0","0","0","23","3","0","","1","0","40 03:06.609","","0","75 04:45.516","0","0","0","0","67301","0","0","0","N","0","0","0","2","67301","0","","1.0","","1","N","N","N","1","","0","0","0","3","3","","2316","2","0","0","0","0","0","0","2","1","2","0","0","0","3","03","","N","","","","","","","","","",""
"2021049745","2015","1","0","0","0","0","0","0","0","0","4","0","","67","3","2021","1","40.040258","-75.058429","2012","6","0","0","0","0","0","0","0","0","","0","0","0","20","3","1","","1","1","40 02:24.930","6","0","75 03:30.344","4","0","0","0","67301","0","0","0","N","0","0","0","3","67301","1","","1.0","2200.0","1","N","N","N","0","","0","0","1","3","2","Y","2010","2","1","0","0","0","0","1","2","0","2","0","0","0","3","03","","N","","","","","","","","","",""
"2021024576","2159","1","0","0","0","0","0","0","0","0","1","0","","67","3","2021","1","40.028311","-75.119758","2158","6","0","0","0","0","0","0","0","0","","0","0","0","18","4","0","N","0","0","40 01:41.920","","0","75 07:11.130","0","0","0","0","67301","0","0","0","N","0","0","0","2","67301","0","","1.0","","1","N","N","N","0","","0","0","0","0","0","","1852","2","0","0","0","0","0","0","2","1","2","0","0","0","3","03","","N","","","","","","","","","",""
"2021050486","57","0","0","0","0","0","0","0","0","0","7","0","","67","5","2021","5","39.930059","-75.198281","43","6","0","0","0","0","0","0","0","0","","0","0","0","0","3","0","N","0","1","39 55:48.212","3","0","75 11:53.811","0","0","0","0","67301","0","0","0","N","0","0","0","1","68K01","0","","4.0","110.0","9","N","N","N","0","","0","0","1","0","0","N","42","1","0","0","0","0","0","0","2","0","1","0","0","0","7","","","N","","","","","","","","","",""
"2021026273","2030","0","0","0","0","0","0","0","0","0","1","0","","67","3","2021","6","39.9912","-75.166381","2030","6","0","0","0","0","0","0","0","0","","0","0","0","20","3","3","N","0","0","39 59:28.320","","0","75 09:58.970","3","0","0","0","67301","0","0","0","N","0","0","0","3","67301","1","","1.0","","1","N","N","N","0","","2","0","1","0","0","","2030","2","3","1","0","0","0","0","2","1","2","0","0","0","3","03","","N","","","","","","","","","",""
"2021024981","1426","1","0","0","0","0","0","0","0","0","1","0","","67","3","2021","2","39.963783","-75.184394","1412","6","0","0","0","0","0","1","0","0","","0","0","0","14","1","2","N","0","2","39 57:49.618","3","0","75 11:03.818","8","0","0","0","67301","0","0","0","N","0","0","0","3","68K01","0","","1.0","1420.0","1","N","N","N","0","","0","0","1","0","0","N","1407","2","2","0","0","0","2","0","2","0","2","0","0","0","3","","","N","","","","","","","","","",""
"2021025690","408","1","0","0","0","0","0","0","0","0","4","0","","67","3","2021","5","40.045087","-75.158216","401","6","0","0","1","0","0","1","0","0","","0","0","0","3","3","1","","1","0","40 02:42.313","","0","75 09:29.577","3","0","0","0","67301","0","0","0","N","0","0","0","2","67301","0","","1.0","","1","N","N","N","0","","1","0","1","3","2","","358","2","1","0","0","0","0","0","2","0","2","0","0","0","3","03","","N","","","","","","","","","",""
"2021049501","20","1","0","0","0","0","0","1","0","0","1","1","","67","1","2021","5","40.04745","-75.158075","15","6","0","0","0","1","0","1","0","0","","0","0","0","0","3","1","","2","0","40 02:50.820","","0","75 09:29.070","8","0","0","0","67301","0","0","0","N","0","0","0","3","67508","0","","1.0","","1","N","N","Y","0","","0","0","0","3","2","","15","2","1","1","0","0","1","0","2","0","2","0","0","0","3","03","","N","","","","","","","","","",""
"2021049761","33","2","0","0","0","0","0","0","0","0","1","0","","67","6","2021","3","40.031789","-75.142403","30","6","0","0","1","0","0","0","0","0","","0","0","0","0","2","4","N","0","2","40 01:54.440","6","0","75 08:32.650","3","0","0","0","67301","0","0","0","N","0","0","0","5","67301","0","","1.0","145.0","1","N","N","N","0","","4","0","0","0","0","Y","20","2","4","0","0","0","0","0","2","0","2","0","0","0","3","","","N","","","","","","","","","",""
"2021024505","1120","2","0","0","0","0","0","0","0","0","4","0","","67","3","2021","6","39.928932","-75.182103","1114","6","0","0","0","0","0","0","0","0","","0","0","0","11","1","1","","1","0","39 55:44.155","","0","75 10:55.570","4","0","0","0","67301","0","0","0","N","0","0","0","3","67301","1","","1.0","","1","N","N","N","0","","0","0","0","3","3","","1105","2","1","2","0","0","0","0","2","0","2","0","0","0","3","03","","N","","","","","","","","","",""
"2021024514","2003","2","0","0","0","0","0","0","0","0","4","0","","67","3","2021","6","40.10257","-75.02886","2001","6","0","0","0","1","0","0","0","0","","0","0","0","19","3","0","","1","0","40 06:09.252","","0","75 01:43.896","0","0","0","0","67301","0","0","0","N","0","0","0","2","67301","0","","1.0","","1","N","N","N","0","","0","0","0","3","2","","1950","2","0","0","0","0","0","0","2","0","2","0","0","0","3","03","","N","","","","","","","","","",""
"2021049763","1207","1","0","0","0","0","0","0","0","0","7","0","","67","5","2021","1","40.002513","-75.184687","1155","6","0","0","0","0","0","0","0","0","","0","0","0","10","1","1","","2","0","40 00:09.045","","0","75 11:04.873","4","0","0","0","67301","0","0","0","N","0","0","0","1","67301","1","","5.0","","9","N","N","N","0","","0","0","0","0","0","","1018","1","1","0","0","0","0","0","2","0","1","0","0","0","7","","","N","","","","","","","","","",""
"2021050684","1548","1","0","0","0","0","0","0","0","0","4","0","","67","6","2021","4","40.043932","-75.051587","1545","6","0","0","0","1","0","0","0","0","","0","0","0","15","1","0","N","2","1","40 02:38.156","1","0","75 03:05.712","0","0","0","0","67301","0","0","0","N","0","0","0","2","67301","0","","1.0","1625.0","1","N","N","N","0","","0","0","1","0","0","N","1513","2","0","0","0","0","0","0","2","0","2","0","0","0","3","","","N","","","","","","","","","",""
"2021050216","349","0","0","1","0","0","0","0","0","0","0","1","","67","5","2021","5","39.957627","-75.147745","349","6","0","0","0","0","0","0","0","0","","0","1","0","3","3","1","N","0","2","39 57:27.458","4","3","75 08:51.882","2","0","0","0","67301","0","0","0","N","0","0","0","1","67501","0","","1.0","1223.0","1","N","N","N","0","","0","1","0","3","8","N","349","1","1","0","0","0","0","0","2","0","1","0","0","0","3","03","","N","","","","","","","","","",""
"2021026027","1546","0","0","0","1","0","0","1","0","0","8","1","","67","3","2021","1","39.899118","-75.175536","1543","6","0","0","0","0","0","0","0","0","","0","0","0","15","1","1","","3","0","39 53:56.825","","2","75 10:31.930","8","0","0","0","67301","1","0","0","N","0","0","0","2","67301","0","","1.0","","1","N","N","N","0","","0","0","0","3","2","","1515","2","1","0","0","0","1","0","2","0","1","1","0","0","3","03","","N","","","","","","","","","",""
"2021024524","445","1","0","0","0","0","0","0","0","0","6","0","","67","3","2021","6","40.025533","-75.089017","429","6","0","0","0","0","0","0","0","0","","0","0","0","4","3","1","N","0","1","40 01:31.920","2","0","75 05:20.460","4","0","0","0","67301","0","0","0","N","0","0","0","1","67301","1","","6.0","600.0","1","N","N","N","0","","0","0","1","0","0","N","426","2","1","0","0","0","0","0","2","0","2","0","0","0","3","03","","N","","","","","","","","","",""
"2021025856","1939","1","0","0","0","0","0","0","0","0","5","0","","67","3","2021","5","40.067228","-75.155017","1938","6","0","0","0","0","0","0","0","0","","0","0","0","19","3","1","N","0","0","40 04:02.020","","0","75 09:18.060","3","0","0","0","67301","0","0","0","N","0","0","0","1","67301","0","","6.0","","9","N","N","N","0","","1","0","1","0","0","","1935","2","1","1","0","0","0","0","2","0","2","0","0","0","7","","","N","","","","","","","","","",""
"2021025457","2101","1","0","0","0","0","0","0","0","0","1","0","","67","3","2021","6","39.944933","-75.190958","2050","6","0","1","0","0","0","0","0","0","","0","0","0","20","3","0","","6","1","39 56:41.760","4","2","75 11:27.450","0","0","0","0","67301","0","0","0","N","0","0","0","2","68K01","0","","7.0","2105.0","1","N","N","N","0","","0","0","1","3","4","Y","2048","2","0","0","0","0","0","0","2","0","2","0","0","0","3","","","N","","","","","","","","","",""
"2021050685","359","1","0","0","0","0","0","0","0","0","7","0","","67","6","2021","4","39.995702","-75.23811","355","6","0","0","0","0","0","0","0","0","","0","0","0","3","3","0","N","0","9","39 59:44.528","","0","75 14:17.197","0","0","0","0","67301","0","0","0","N","0","0","0","1","67301","0","","2.0","","1","N","N","N","0","","0","0","0","0","0","U","350","1","0","1","0","0","0","0","2","0","1","0","0","0","3","","","N","","","","","","","","","",""
"2021049378","1923","1","0","0","0","0","0","0","0","0","0","1","","67","5","2021","6","40.045715","-75.001955","1916","6","0","0","0","0","0","0","1","0","","0","1","0","19","4","1","N","0","1","40 02:44.574","2","0","75 00:07.037","4","0","0","0","67301","0","0","0","N","0","0","0","2","68K01","1","","1.0","300.0","9","N","N","N","0","","0","0","0","0","0","N","1916","2","1","1","0","0","0","0","2","0","2","0","0","0","7","04","","N","","","","","","","","","",""
"2021049279","1325","0","0","0","0","0","0","0","0","0","8","0","","67","5","2021","7","39.986306","-75.156277","1310","6","0","0","0","0","0","0","0","0","","0","0","0","13","1","1","","1","0","39 59:10.703","","0","75 09:22.597","3","0","0","0","67301","1","0","0","N","1","0","0","1","67301","0","","1.0","","9","N","N","N","0","","1","0","0","3","2","","1310","2","1","0","0","0","0","0","2","0","1","1","0","0","7","07","","N","","","","","","","","","",""
"2021025196","1544","1","0","0","0","0","0","0","0","0","4","0","","67","3","2021","1","40.027544","-75.146423","1543","6","0","0","0","0","0","0","0","0","","0","0","0","15","1","4","","1","1","40 01:39.158","5","0","75 08:47.122","3","0","0","0","67301","0","0","0","N","0","0","0","4","67301","0","","1.0","1700.0","1","N","N","N","0","","4","0","2","3","2","Y","1540","3","4","0","0","0","0","0","2","0","3","0","0","0","3","03","","N","","","","","","","","","",""
"2021026878","1731","2","0","0","0","0","0","0","0","0","1","0","","67","3","2021","6","39.97321","-75.120049","1720","6","0","0","0","0","0","1","1","0","","0","0","0","17","1","0","N","0","1","39 58:23.556","1","3","75 07:12.177","0","0","0","0","67301","0","0","0","N","0","0","0","3","68K01","0","","1.0","1630.0","1","N","N","N","1","","0","0","0","0","0","N","1714","3","0","0","0","0","0","0","2","0","3","0","0","0","3","03","","N","","","","","","","","","",""
"2021024526","745","1","0","0","0","0","0","0","0","0","4","0","","67","3","2021","1","40.025641","-75.0582","735","6","0","0","0","0","0","1","0","0","","0","0","0","6","1","1","","1","0","40 01:32.306","","0","75 03:29.519","3","0","0","0","67301","0","0","0","N","0","0","0","2","67301","0","","1.0","","1","N","N","N","0","","1","0","1","3","2","","630","2","1","0","0","0","0","0","2","0","2","0","0","0","3","03","","N","","","","","","","","","",""
"2021049188","2020","0","0","0","0","0","0","0","0","0","4","0","","67","5","2021","7","40.021571","-75.160696","2018","6","0","0","0","0","0","1","0","0","","0","0","0","20","3","1","N","0","1","40 01:17.654","1","1","75 09:38.504","3","0","0","0","67301","0","0","0","N","0","0","0","2","67301","0","","1.0","2050.0","9","N","N","N","0","","1","0","2","3","2","N","2015","2","1","0","0","0","0","1","2","0","2","0","0","0","7","04","","N","","","","","","","","","",""
"2021049750","2149","2","0","0","0","0","0","0","0","0","2","0","","67","5","2021","6","40.027061","-75.041079","2135","6","0","0","0","0","0","0","0","0","","0","0","0","21","3","0","","1","0","40 01:37.419","","0","75 02:27.883","0","0","0","0","67301","0","0","0","N","0","0","0","2","67301","0","","1.0","","9","N","N","N","0","","0","0","0","3","2","","2133","2","0","2","0","0","0","0","2","0","2","0","0","0","7","","","N","","","","","","","","","",""
"2021026154","101","3","0","0","0","0","0","0","0","0","5","0","","67","3","2021","6","39.974121","-75.204665","101","6","0","0","0","0","0","0","0","0","","0","0","0","0","3","0","N","0","1","39 58:26.835","4","0","75 12:16.793","0","0","0","0","67301","0","0","0","N","0","0","0","1","67301","0","","6.0","200.0","9","N","N","N","0","","0","0","0","0","0","N","40","3","0","0","0","0","0","0","2","0","3","0","0","0","7","","","N","","","","","","","","","",""
"2021049388","1127","2","0","0","0","0","0","0","0","0","1","0","","67","5","2021","7","39.960028","-75.179041","1121","6","0","0","0","1","0","1","0","0","","0","0","0","11","1","0","N","0","1","39 57:36.102","4","0","75 10:44.547","0","0","0","0","67301","0","0","0","N","0","0","0","4","68K01","0","","1.0","1130.0","9","N","N","N","0","","0","0","1","3","8","N","1104","3","0","0","0","0","0","0","2","0","3","0","0","0","7","","","N","","","","","","","","","",""
"2021026201","1043","1","0","0","0","0","0","0","0","0","4","0","","67","3","2021","5","39.911336","-75.242664","1038","6","0","0","1","0","0","0","0","0","","0","0","0","10","1","2","","5","0","39 54:40.810","","0","75 14:33.592","3","0","0","0","67301","0","0","0","N","0","0","0","3","67301","0","","1.0","","9","N","N","N","0","","2","0","0","3","2","","1020","2","2","0","0","0","0","0","2","1","2","0","0","0","7","07","","N","","","","","","","","","",""
"2021025211","710","1","0","0","0","0","0","0","0","0","4","0","","67","3","2021","3","39.961358","-75.24699","700","6","0","0","0","0","0","0","0","0","","0","0","0","6","5","1","N","0","0","39 57:40.887","","7","75 14:49.165","3","0","0","0","67301","0","0","0","N","0","0","0","2","67301","0","","1.0","","1","N","N","N","0","","1","0","1","0","0","","600","2","1","0","0","0","0","0","2","0","2","0","0","0","3","03","","N","","","","","","","","","",""