"CRN","ARRIVAL_TM","AUTOMOBILE_COUNT","BELTED_DEATH_COUNT","BELTED_SUSP_SERIOUS_INJ_COUNT","BICYCLE_COUNT","BICYCLE_DEATH_COUNT","BICYCLE_SUSP_SERIOUS_INJ_COUNT","BUS_COUNT","CHLDPAS_DEATH_COUNT","CHLDPAS_SUSP_SERIOUS_INJ_COUNT","COLLISION_TYPE","COMM_VEH_COUNT","CONS_ZONE_SPD_LIM","COUNTY","CRASH_MONTH","CRASH_YEAR","DAY_OF_WEEK","DEC_LATITUDE","DEC_LONGITUDE","DISPATCH_TM","DISTRICT","DRIVER_COUNT_16YR","DRIVER_COUNT_17YR","DRIVER_COUNT_18YR","DRIVER_COUNT_19YR","DRIVER_COUNT_20YR","DRIVER_COUNT_50_64YR","DRIVER_COUNT_65_74YR","DRIVER_COUNT_75PLUS","EST_HRS_CLOSED","FATAL_COUNT","HEAVY_TRUCK_COUNT","HORSE_BUGGY_COUNT","HOUR_OF_DAY","ILLUMINATION","INJURY_COUNT","INTERSECTION_RELATED","INTERSECT_TYPE","LANE_CLOSED","LATITUDE","LN_CLOSE_DIR","LOCATION_TYPE","LONGITUDE","MAX_SEVERITY_LEVEL","MCYCLE_DEATH_COUNT","MCYCLE_SUSP_SERIOUS_INJ_COUNT","MOTORCYCLE_COUNT","MUNICIPALITY","NONMOTR_COUNT","NONMOTR_DEATH_COUNT","NONMOTR_SUSP_SERIOUS_INJ_COUNT","NTFY_HIWY_MAINT","PED_COUNT","PED_DEATH_COUNT","PED_SUSP_SERIOUS_INJ_COUNT","PERSON_COUNT","POLICE_AGCY","POSSIBLE_INJ_COUNT","RDWY_SURF_TYPE_CD","RELATION_TO_ROAD","ROADWAY_CLEARED","ROAD_CONDITION","SCH_BUS_IND","SCH_ZONE_IND","SECONDARY_CRASH","SMALL_TRUCK_COUNT","SPEC_JURIS_CD","SUSP_MINOR_INJ_COUNT","SUSP_SERIOUS_INJ_COUNT","SUV_COUNT","TCD_FUNC_CD","TCD_TYPE","TFC_DETOUR_IND","TIME_OF_DAY","TOTAL_UNITS","TOT_INJ_COUNT","UNBELTED_OCC_COUNT","UNB_DEATH_COUNT","UNB_SUSP_SERIOUS_INJ_COUNT","UNK_INJ_DEG_COUNT","UNK_INJ_PER_COUNT","URBAN_RURAL","VAN_COUNT","VEHICLE_COUNT","VULNERABLE_ROAD_USER_COUNT","VULNERABLE_ROAD_USER_DEATH_COUNT","VULNERABLE_ROAD_USER_SER_INJ_COUNT","WEATHER1","WEATHER2","WORKERS_PRES","WORK_ZONE_IND","WORK_ZONE_LOC","WORK_ZONE_TYPE","WZ_CLOSE_DETOUR","WZ_FLAGGER","WZ_LAW_OFFCR_IND","WZ_LN_CLOSURE","WZ_MOVING","WZ_OTHER","WZ_SHLDER_MDN","WZ_WORKERS_INJ_KILLED"
"2021032130","1130","2","0","0","0","0","0","0","0","0","1","0","","67","3","2021","6","40.040635","-75.151494","1130","6","0","0","0","0","0","0","0","0","","0","0","0","18","4","2","","1","0","40 02:26.286","","0","75 09:05.378","3","0","0","0","67301","0","0","0","N","0","0","0","3","67301","0","","1.0","","99","N","N","N","0","","2","0","0","3","2","","1815","2","2","2","0","0","0","1","2","0","2","0","0","0","99","","","N","","","","","","","","","",""
"2021049987","325","0","0","0","0","0","0","0","0","0","0","0","","67","5","2021","7","40.048069","-74.999537","325","6","0","0","0","0","0","0","0","0","","0","0","0","3","3","1","N","0","1","40 02:53.048","2","0","74 59:58.332","3","0","0","0","67301","0","0","0","N","0","0","0","1","68K01","0","","1.0","345.0","1","N","N","N","0","","1","0","1","0","0","N","320","1","1","0","0","0","0","0","2","0","1","0","0","0","3","","","N","","","","","","","","","",""
"2021050136","5","1","0","0","0","0","0","0","0","0","5","0","","67","6","2021","3","40.052028","-75.122358","2358","6","0","0","0","0","0","0","1","0","","0","0","0","22","3","1","N","0","0","40 03:07.300","","0","75 07:20.490","3","0","0","0","67301","0","0","0","N","0","0","0","2","67301","0","","1.0","","1","N","N","N","0","","1","0","1","0","0","","2240","2","1","0","0","0","0","0","2","0","2","0","0","0","3","","","N","","","","","","","","","",""
"2021049823","1722","1","0","0","0","0","0","0","0","0","7","0","","67","5","2021","2","39.96996","-75.125429","1713","6","0","0","0","0","0","0","0","0","","0","0","0","17","1","1","N","0","2","39 58:11.856","1","0","75 07:31.546","8","0","0","0","67301","0","0","0","N","0","0","0","1","68K01","0","","4.0","30.0","1","N","N","N","0","","0","0","0","0","0","Y","1712","1","1","1","0","0","1","0","2","0","1","0","0","0","3","03","","N","","","","","","","","","",""
"2021027014","1600","1","0","0","0","0","0","0","0","0","8","0","","67","3","2021","6","39.973237","-75.212226","1525","6","0","0","0","0","0","1","0","0","","0","0","0","15","1","1","","1","0","39 58:23.653","","0","75 12:44.012","3","0","0","0","67301","1","0","0","N","1","0","0","2","67301","0","","1.0","","1","N","N","N","0","","1","0","0","3","2","","1502","2","1","0","0","0","0","0","2","0","1","1","0","0","3","03","","N","","","","","","","","","",""
"2021027208","36","1","0","0","0","0","0","0","0","0","7","0","45","67","3","2021","6","40.011776","-75.060229","30","6","0","0","0","0","0","0","0","0","","0","0","0","0","3","0","N","0","1","40 00:42.395","1","3","75 03:36.826","0","0","0","0","67301","0","0","0","N","0","0","0","1","68K01","0","","3.0","34.0","9","N","N","N","0","","0","0","0","0","0","N","29","1","0","0","0","0","0","0","2","0","1","0","0","0","7","","N","Y","4","1","","","N","","","","Y","N"
"2021049634","619","0","0","0","0","0","0","0","0","0","7","1","","67","5","2021","1","40.04297","-75.003385","607","6","0","0","0","0","0","0","0","0","","0","1","0","6","1","0","N","0","1","40 02:34.693","2","0","75 00:12.187","0","0","0","0","67301","0","0","0","N","0","0","0","2","68K01","0","","3.0","800.0","9","N","N","N","0","","0","0","0","0","0","N","604","1","0","0","0","0","0","0","2","0","1","0","0","0","7","07","","N","","","","","","","","","",""
"2021030236","1745","2","0","0","0","0","0","0","0","0","4","0","","67","3","2021","7","39.967336","-75.245842","1745","6","0","0","0","0","0","1","0","0","","0","0","0","17","1","0","","1","0","39 58:02.410","","0","75 14:45.030","0","0","0","0","67301","0","0","0","N","0","0","0","2","67301","0","","1.0","","1","N","N","N","0","","0","0","0","3","2","","1740","2","0","0","0","0","0","0","2","0","2","0","0","0","3","03","","N","","","","","","","","","",""
"2021051176","216","1","0","0","0","0","0","0","0","0","2","0","","67","6","2021","5","39.954591","-75.226001","214","6","0","0","0","0","0","0","0","0","","0","1","0","2","3","0","N","1","0","39 57:16.529","","0","75 13:33.605","0","0","0","0","67301","0","0","0","N","0","0","0","1","67301","0","","1.0","","1","N","N","N","0","","0","0","0","0","0","","214","2","0","1","0","0","0","0","2","0","2","0","0","0","3","03","","N","","","","","","","","","",""
"2021025213","1651","1","0","0","0","0","0","0","0","0","4","0","","67","3","2021","7","40.021538","-75.139814","1650","6","0","0","0","0","0","1","0","0","","0","0","0","21","3","2","","1","0","40 01:17.537","","0","75 08:23.331","8","0","0","0","67301","0","0","0","N","0","0","0","2","67301","0","","1.0","","1","N","N","N","0","","0","0","1","3","2","","2154","2","2","0","0","0","2","0","2","0","2","0","0","0","3","03","","N","","","","","","","","","",""
"2021030137","1822","1","0","0","0","0","0","0","0","0","1","0","","67","3","2021","4","40.011481","-75.182139","1815","6","0","0","0","0","0","0","0","0","","0","0","0","17","1","1","","2","0","40 00:41.333","","0","75 10:55.699","3","0","0","0","67301","0","0","0","N","0","0","0","2","67301","0","","1.0","","9","N","N","N","0","","1","0","1","3","2","","1745","2","1","0","0","0","0","0","2","0","2","0","0","0","7","04","","N","","","","","","","","","",""
"2021027647","1141","1","0","0","1","0","0","0","0","0","8","0","","67","3","2021","7","40.018528","-75.213944","1130","6","0","0","0","0","0","0","0","0","","0","0","0","14","1","1","N","0","0","40 01:06.700","","7","75 12:50.200","3","0","0","0","67301","1","0","0","N","0","0","0","2","67301","0","","1.0","","1","N","N","N","0","","1","0","0","0","0","","1424","2","1","0","0","0","0","1","2","0","1","1","0","0","3","03","","N","","","","","","","","","",""
"2021049759","1226","2","0","0","0","0","0","0","0","0","4","0","","67","5","2021","2","40.040869","-75.151386","1226","6","0","0","0","0","0","0","0","0","","0","0","0","12","8","1","N","0","0","40 02:27.130","","0","75 09:04.990","4","0","0","0","67301","0","0","0","N","0","0","0","1","67301","1","","6.0","","1","N","N","N","0","","0","0","0","0","0","","1226","2","1","0","0","0","0","0","2","0","2","0","0","0","3","03","","N","","","","","","","","","",""
"2021027892","1711","2","0","0","0","0","0","0","0","0","4","0","","67","3","2021","4","40.057154","-75.158291","1703","6","0","0","0","0","0","0","0","0","","0","0","0","16","1","1","","3","0","40 03:25.754","","0","75 09:29.847","3","0","0","0","67301","0","0","0","N","0","0","0","1","67301","0","","1.0","","9","N","N","N","0","","1","0","1","3","3","","1642","3","1","0","0","0","0","0","2","0","3","0","0","0","7","","","N","","","","","","","","","",""
"2021031670","1519","0","0","0","0","0","0","0","0","0","1","0","","67","4","2021","3","40.04727","-75.167746","1518","6","0","0","0","0","0","1","0","0","","0","0","0","15","1","2","","1","0","40 02:50.173","","0","75 10:03.884","8","0","0","0","67301","0","0","0","N","0","0","0","2","67301","0","","1.0","","1","N","N","N","1","","0","0","1","3","2","","1510","2","2","0","0","0","2","0","2","0","2","0","0","0","3","","","N","","","","","","","","","",""
"2021055485","1955","1","0","1","0","0","0","0","0","0","2","1","","67","6","2021","2","40.016622","-75.140936","1950","6","0","0","0","0","0","0","0","0","","0","1","0","19","1","2","N","0","0","40 00:59.840","","0","75 08:27.370","2","0","0","0","67301","0","0","0","N","0","0","0","4","67301","1","","1.0","","1","N","N","N","0","","0","1","2","0","0","","1950","4","2","0","0","0","0","0","2","0","4","0","0","0","3","04","","N","","","","","","","","","",""
"2021050366","2048","1","0","0","0","0","0","0","0","0","5","0","","67","5","2021","4","40.089649","-74.968537","2033","6","0","0","0","0","0","0","0","0","","0","0","0","20","3","0","N","0","0","40 05:22.735","","0","74 58:06.733","0","0","0","0","67301","0","0","0","N","0","0","0","0","67301","0","","6.0","","9","N","N","N","1","","0","0","2","0","0","","2030","4","0","0","0","0","0","0","2","0","4","0","0","0","7","04","","N","","","","","","","","","",""
"2021031513","46","1","0","0","0","0","0","0","0","0","1","0","45","67","4","2021","7","39.972648","-75.121854","35","6","0","0","0","0","0","1","0","0","","0","0","0","0","3","2","N","0","2","39 58:21.534","2","0","75 07:18.675","8","0","0","0","67301","0","0","0","N","0","0","0","2","68K01","0","","1.0","110.0","1","N","N","N","0","","0","0","1","0","0","N","35","2","2","0","0","0","2","0","2","0","2","0","0","0","3","","N","Y","4","1","","","N","","","","Y","N"
"2021030881","824","2","0","0","0","0","0","0","0","0","4","0","","67","4","2021","1","39.956234","-75.219608","820","6","0","0","0","0","0","0","0","0","","0","0","0","8","1","0","","1","2","39 57:22.442","4","0","75 13:10.587","0","0","0","0","67301","0","0","0","N","0","0","0","2","67301","0","","1.0","915.0","1","N","N","N","0","","0","0","0","3","2","Y","810","2","0","0","0","0","0","0","2","0","2","0","0","0","3","","","N","","","","","","","","","",""
"2021054444","148","1","0","0","0","0","0","0","0","0","7","0","","67","6","2021","1","39.957172","-75.157283","145","6","0","0","0","0","0","0","0","0","","0","0","0","1","3","0","N","0","1","39 57:25.818","3","0","75 09:26.218","0","0","0","0","67301","0","0","0","N","0","0","0","4","68K01","0","","3.0","210.0","1","N","N","N","0","","0","0","0","0","0","N","144","1","0","0","0","0","0","0","2","0","1","0","0","0","3","03","","N","","","","","","","","","",""
"2021042262","1522","0","0","0","0","0","0","0","0","0","1","0","","67","5","2021","6","39.985218","-75.094026","1501","6","0","1","0","0","0","0","0","0","","0","0","0","14","1","0","N","0","0","39 59:06.783","","0","75 05:38.493","0","0","0","0","67301","0","0","0","N","0","0","0","3","68K01","0","","1.0","","1","N","N","N","0","","0","0","2","0","0","","1453","2","0","0","0","0","0","0","2","0","2","0","0","0","3","","","N","","","","","","","","","",""
"2021027275","1920","2","0","0","0","0","0","0","0","0","4","0","","67","3","2021","1","40.026745","-75.140304","1916","6","0","1","0","0","0","0","0","0","","0","0","0","19","1","0","","1","0","40 01:36.282","","0","75 08:25.094","0","0","0","0","67301","0","0","0","N","0","0","0","1","67301","0","","1.0","","1","N","N","N","0","","0","0","2","3","3","","1902","4","0","0","0","0","0","0","2","0","4","0","0","0","3","","","N","","","","","","","","","",""
"2021002908","1228","0","0","0","0","0","0","0","0","0","6","0","","67","1","2021","4","40.053531","-75.141025","1227","6","0","0","0","0","1","0","0","0","","0","0","0","12","1","0","Y","0","0","40 03:12.710","","0","75 08:27.690","0","0","0","0","67301","0","0","0","N","0","0","0","2","67301","0","","1.0","","1","N","N","N","0","","0","0","1","3","2","","1225","2","0","0","0","0","0","0","2","1","2","0","0","0","3","03","","N","","","","","","","","","",""
"2021040655","829","1","0","0","0","0","0","0","0","0","1","0","","67","5","2021","2","40.009181","-75.067671","748","6","0","0","0","0","0","1","0","0","","0","0","0","7","1","1","N","0","1","40 00:33.051","2","0","75 04:03.616","8","0","0","0","67301","0","0","0","N","0","0","0","2","68K01","0","","1.0","825.0","1","N","N","N","1","","0","0","0","0","0","N","747","2","1","1","0","0","1","0","2","0","2","0","0","0","4","04","","N","","","","","","","","","",""
"2021009908","1555","0","0","0","0","0","0","0","0","0","2","0","","67","1","2021","6","39.96184","-75.157538","1549","6","0","0","0","0","0","0","0","0","","0","0","0","14","1","1","","5","1","39 57:42.623","1","0","75 09:27.136","3","0","0","0","67301","0","0","0","N","0","0","0","4","67301","0","","1.0","1630.0","1","N","N","N","1","","1","0","1","3","2","N","1430","3","1","3","0","0","0","0","2","1","3","0","0","0","3","03","","N","","","","","","","","","",""
"2021025590","1949","1","0","0","0","0","0","0","0","0","8","0","","67","3","2021","4","40.012447","-75.073696","1945","6","0","0","1","0","0","0","0","0","","0","0","0","19","3","1","N","0","1","40 00:44.808","5","0","75 04:25.304","3","0","0","0","67301","1","0","0","N","0","0","0","3","67301","0","","1.0","100.0","1","N","N","N","0","","1","0","0","0","0","N","1930","3","1","0","0","0","0","0","2","1","2","1","0","0","3","03","","N","","","","","","","","","",""
"2021007674","1226","2","0","0","0","0","0","0","0","0","4","0","","67","1","2021","7","39.956552","-75.231667","1225","6","0","0","0","0","0","1","0","0","","0","0","0","12","1","2","","1","0","39 57:23.587","","0","75 13:54.001","3","0","0","0","67301","0","0","0","N","0","0","0","3","67301","0","","1.0","","1","N","N","Y","0","","1","0","0","3","3","","1225","2","2","0","0","0","1","1","2","0","2","0","0","0","3","03","","N","","","","","","","","","",""
"2021002974","845","1","0","0","0","0","0","0","0","0","3","0","","67","1","2021","6","40.035113","-75.173857","845","6","0","0","0","0","0","0","0","0","","0","0","0","20","3","1","Y","0","0","40 02:06.405","","0","75 10:25.885","3","0","0","0","67301","0","0","0","N","0","0","0","2","67301","0","","1.0","","1","N","N","N","0","","1","0","1","3","2","","2000","2","1","0","0","0","0","1","2","0","2","0","0","0","3","","","N","","","","","","","","","",""
"2021003673","2330","2","0","0","0","0","0","0","0","0","4","0","","67","1","2021","1","39.974559","-75.238281","2240","6","0","0","0","0","1","0","0","0","","0","0","0","22","3","0","","1","2","39 58:28.412","7","0","75 14:17.811","9","0","0","0","67301","0","0","0","N","0","0","0","2","67301","0","","1.0","200.0","1","N","N","N","0","","0","0","0","3","2","Y","2240","2","0","0","0","0","0","1","2","0","2","0","0","0","3","03","","N","","","","","","","","","",""
"2021030680","2108","0","0","0","0","0","0","0","0","0","8","0","","67","3","2021","3","40.037168","-75.175948","2108","6","0","0","0","0","0","0","1","0","","0","0","0","16","1","1","N","0","0","40 02:13.804","","0","75 10:33.412","3","0","0","0","67301","1","0","0","N","1","0","0","2","67301","0","","1.0","","9","N","N","N","0","","1","0","0","0","0","","1630","2","1","0","0","0","0","0","2","0","1","1","0","0","7","07","","N","","","","","","","","","",""
"2021031026","1641","2","0","0","0","0","0","0","0","0","4","0","","67","4","2021","1","40.033136","-75.170611","1640","6","1","0","0","0","0","0","0","0","","0","0","0","16","1","2","","1","2","40 01:59.290","5","0","75 10:14.198","3","0","0","0","67301","0","0","0","N","0","0","0","3","67301","0","","1.0","1745.0","1","N","N","N","0","","2","0","0","3","2","N","1638","2","2","0","0","0","0","0","2","0","2","0","0","0","3","98","","N","","","","","","","","","",""
"2021030419","243","2","0","0","0","0","0","0","0","0","5","0","","67","4","2021","6","40.058172","-75.142233","243","6","0","0","0","0","0","0","0","0","","0","0","0","2","3","0","N","0","0","40 03:29.420","","0","75 08:32.040","0","0","0","0","67301","0","0","0","N","0","0","0","1","67301","0","","6.0","","1","N","N","N","0","","0","0","0","0","0","","233","2","0","1","0","0","0","0","2","0","2","0","0","0","3","","","N","","","","","","","","","",""
"2021031025","138","3","0","0","0","0","0","0","0","0","5","0","","67","4","2021","1","40.06622","-75.167075","131","6","0","0","0","0","1","0","0","0","","0","0","0","1","3","0","N","0","1","40 03:58.393","6","0","75 10:01.471","0","0","0","0","67301","0","0","0","N","0","0","0","1","67301","0","","6.0","244.0","1","N","N","N","0","","0","0","2","0","0","Y","130","5","0","0","0","0","0","0","2","0","5","0","0","0","3","03","","N","","","","","","","","","",""
"2021030377","1850","0","0","0","0","0","0","0","0","0","4","0","","67","4","2021","6","39.972278","-75.158417","1845","6","0","0","0","0","0","1","0","0","","0","0","0","18","1","0","N","0","1","39 58:20.200","1","7","75 09:30.300","0","0","0","0","67301","0","0","0","N","0","0","0","2","67505","0","","1.0","1845.0","1","N","N","N","0","","0","0","2","0","0","Y","1845","2","0","0","0","0","0","0","2","0","2","0","0","0","3","03","","N","","","","","","","","","",""
"2021054819","1835","1","0","0","0","0","0","0","0","0","5","0","","67","5","2021","1","39.901624","-75.151837","1830","6","0","0","0","0","0","1","0","0","","0","0","0","18","1","5","N","0","1","39 54:05.848","1","0","75 09:06.612","8","0","0","0","67301","0","0","0","N","0","0","0","5","68K01","0","","1.0","1930.0","1","N","N","N","0","","0","0","0","0","0","N","1829","2","5","2","0","0","5","0","2","1","2","0","0","0","4","","","N","","","","","","","","","",""
"2021030953","925","3","0","0","0","0","0","0","0","0","4","0","","67","4","2021","1","39.995915","-75.092064","924","6","0","0","0","0","0","1","0","0","","0","0","0","9","1","2","","1","1","39 59:45.293","6","0","75 05:31.432","4","0","0","0","67301","0","0","0","N","0","0","0","3","67301","2","","1.0","100.0","1","N","N","N","0","","0","0","0","3","2","N","923","3","2","0","0","0","0","0","2","0","3","0","0","0","3","03","","N","","","","","","","","","",""
"2021031406","2026","0","0","0","1","0","0","0","0","0","8","0","","67","4","2021","2","40.000852","-75.110325","2026","6","0","0","0","0","0","0","0","0","","0","0","0","17","1","1","","1","0","40 00:03.067","","0","75 06:37.169","3","0","0","0","67301","1","0","0","N","0","0","0","2","67301","0","","1.0","","1","N","N","N","0","","1","0","0","3","2","","1720","2","1","1","0","0","0","0","2","1","1","1","0","0","3","03","","N","","","","","","","","","",""
"2021028858","925","0","0","0","0","0","0","0","0","0","4","0","","67","3","2021","2","39.969664","-75.211523","923","6","0","0","0","0","0","0","0","0","","0","0","0","9","1","0","","1","0","39 58:10.789","","0","75 12:41.484","9","0","0","0","67301","0","0","0","N","0","0","0","2","67301","0","","1.0","","1","N","N","N","0","","0","0","2","3","2","","918","2","0","0","0","0","0","2","2","0","2","0","0","0","3","03","","N","","","","","","","","","",""
"2021054891","1009","1","0","0","0","0","0","0","0","0","1","0","","67","6","2021","7","39.960021","-75.178981","1009","6","0","0","1","0","0","0","0","0","","0","0","0","10","1","0","N","0","1","39 57:36.077","4","0","75 10:44.331","0","0","0","0","67301","0","0","0","N","0","0","0","3","68K01","0","","1.0","1035.0","1","N","N","N","0","","0","0","1","0","0","N","1005","2","0","0","0","0","0","0","2","0","2","0","0","0","3","","","N","","","","","","","","","",""
"2021030417","1416","1","0","0","0","0","0","0","0","0","4","0","","67","4","2021","5","40.05422","-75.146336","1445","6","0","0","0","0","0","0","0","1","","0","0","0","11","1","0","","1","0","40 03:15.192","","0","75 08:46.809","0","0","0","0","67301","0","0","0","N","0","0","0","2","67301","0","","1.0","","1","N","N","N","0","","0","0","1","3","3","","1131","2","0","0","0","0","0","0","2","0","2","0","0","0","4","07","","N","","","","","","","","","",""
"2021029039","1512","0","0","0","0","0","0","0","0","0","4","0","","67","3","2021","2","39.938271","-75.19856","1511","6","0","0","0","0","0","1","0","0","","0","0","0","15","1","1","","1","0","39 56:17.777","","0","75 11:54.817","3","0","0","0","67301","0","0","0","N","0","0","0","4","67301","0","","1.0","","1","N","N","N","0","","1","0","3","3","2","","1510","3","1","0","0","0","0","0","2","0","3","0","0","0","3","03","","N","","","","","","","","","",""
"2021031398","1125","0","0","0","0","0","0","0","0","0","4","0","","67","4","2021","2","39.95762","-75.145687","1122","6","0","0","0","0","0","0","0","0","","0","0","0","11","1","1","","1","0","39 57:27.432","","0","75 08:44.473","3","0","0","0","67301","0","0","0","N","0","0","0","2","67301","0","","1.0","","1","N","N","N","0","","1","0","2","3","2","","1121","2","1","2","0","0","0","0","2","0","2","0","0","0","3","03","","N","","","","","","","","","",""
"2021054207","2055","1","0","0","0","0","0","1","0","0","5","1","","67","6","2021","7","39.989343","-75.155473","2045","6","0","0","0","0","0","0","0","0","","0","0","0","20","6","2","N","1","0","39 59:21.634","","0","75 09:19.704","8","0","0","0","67301","0","0","0","N","0","0","0","3","67505","0","","1.0","","1","N","Y","Y","0","","0","0","0","3","2","","2040","2","2","0","0","0","2","0","2","0","2","0","0","0","3","03","","N","","","","","","","","","",""
"2021030585","1625","0","0","0","0","0","0","0","0","0","4","0","","67","4","2021","5","40.088441","-75.04401","1622","6","0","0","0","0","0","0","2","0","","0","0","0","16","1","1","","1","0","40 05:18.389","","0","75 02:38.436","3","0","0","0","67301","0","0","0","N","0","0","0","2","67301","0","","1.0","","1","N","N","N","1","","1","0","1","3","2","","1621","2","1","2","0","0","0","0","2","0","2","0","0","0","3","03","","N","","","","","","","","","",""
"2021025266","1233","1","0","0","0","0","0","0","0","0","4","0","","67","3","2021","3","39.923663","-75.183877","1233","6","0","0","0","0","0","0","0","0","","0","0","0","12","1","1","","1","0","39 55:25.186","","0","75 11:01.957","3","0","0","0","67301","0","0","0","N","0","0","0","4","67301","0","","1.0","","1","N","N","N","0","","1","0","1","9","3","","1232","2","1","2","0","0","0","0","2","0","2","0","0","0","4","03","","N","","","","","","","","","",""
"2021032827","231","2","0","0","0","0","0","0","0","0","6","0","","67","4","2021","2","40.015078","-75.071133","226","6","0","0","0","0","0","0","0","0","","0","0","0","2","3","0","N","0","0","40 00:54.280","","0","75 04:16.080","0","0","0","0","67301","0","0","0","N","0","0","0","1","67301","0","","6.0","","1","N","N","N","0","","0","0","1","0","0","","205","3","0","0","0","0","0","0","2","0","3","0","0","0","3","03","","N","","","","","","","","","",""
"2021038302","2330","3","0","0","0","0","0","0","0","0","5","0","","67","4","2021","7","39.934807","-75.19994","2329","6","0","0","0","0","0","0","1","0","","0","0","0","23","3","1","N","0","2","39 56:05.306","3","0","75 11:59.784","2","0","0","0","67301","1","0","1","N","1","0","1","7","68K01","0","","1.0","30.0","1","N","N","N","0","","0","1","1","3","7","N","2325","5","1","0","0","0","0","0","2","0","4","1","0","1","3","","","N","","","","","","","","","",""
"2021030787","112","1","0","0","0","0","0","0","0","0","4","0","","67","4","2021","1","40.026781","-75.152052","108","6","0","0","0","0","0","1","0","0","","0","0","0","1","3","0","","3","0","40 01:36.411","","0","75 09:07.387","0","0","0","0","67301","0","0","0","N","0","0","0","2","67301","0","","1.0","","1","N","N","N","0","","0","0","1","3","3","","102","2","0","0","0","0","0","0","2","0","2","0","0","0","3","03","","N","","","","","","","","","",""
"2021056455","556","1","0","0","0","0","0","0","0","0","1","0","","67","6","2021","6","40.036078","-75.016559","539","6","0","0","0","0","0","0","0","1","","0","0","0","5","5","2","N","0","0","40 02:09.882","","0","75 00:59.613","8","0","0","0","67301","0","0","0","N","0","0","0","2","68K01","0","","1.0","","9","N","N","N","0","","0","0","1","0","0","","536","2","2","0","0","0","2","0","2","0","2","0","0","0","3","","","N","","","","","","","","","",""
"2021036693","1644","1","0","0","0","0","0","0","0","0","0","0","35","67","4","2021","3","39.913194","-75.180417","1644","6","0","0","0","0","0","0","0","0","","0","0","0","16","1","0","N","0","2","39 54:47.500","3","3","75 10:49.500","0","0","0","0","67301","0","0","0","N","0","0","0","1","67501","0","","1.0","1731.0","1","N","N","N","0","","0","0","0","0","0","N","1644","1","0","1","0","0","0","0","2","0","1","0","0","0","3","03","N","Y","4","1","","","N","","","","Y","N"
"2021054427","1140","0","0","0","0","0","0","0","0","0","1","1","","67","6","2021","6","39.892152","-75.235772","1124","6","0","0","0","0","0","0","0","0","","0","1","0","11","1","0","N","0","1","39 53:31.748","1","0","75 14:08.780","0","0","0","0","67301","0","0","0","N","0","0","0","6","68K01","0","","1.0","1300.0","1","N","N","N","1","","0","0","0","0","0","Y","1116","2","0","0","0","0","0","0","2","0","2","0","0","0","3","","","N","","","","","","","","","",""
"2021026593","2209","0","0","0","0","0","0","0","0","0","1","0","","67","3","2021","6","40.039008","-75.056253","2202","6","0","0","0","0","0","0","0","0","","0","0","0","22","3","0","","1","0","40 02:20.428","","0","75 03:22.510","0","0","0","0","67301","0","0","0","N","0","0","0","3","67301","0","","1.0","","1","N","N","N","1","","0","0","2","3","2","","2200","3","0","0","0","0","0","0","2","0","3","0","0","0","3","03","","N","","","","","","","","","",""
"2021030792","1754","0","0","0","0","0","0","0","0","0","5","0","","67","4","2021","1","40.001401","-75.152968","1754","6","0","0","0","0","0","1","0","0","","0","0","0","17","3","1","N","0","0","40 00:05.042","","0","75 09:10.685","4","0","0","0","67301","0","0","0","N","0","0","0","2","67301","1","","6.0","","1","N","N","N","0","","0","0","0","0","0","","1754","2","1","0","0","0","0","0","2","2","2","0","0","0","3","03","","N","","","","","","","","","",""
"2021030389","2224","3","0","0","0","0","0","0","0","0","4","0","","67","4","2021","6","39.96646","-75.141039","2219","6","0","0","1","0","0","0","0","0","","0","0","0","22","3","0","","1","0","39 57:59.256","","0","75 08:27.740","0","0","0","0","67301","0","0","0","N","0","0","0","5","67301","0","","1.0","","1","N","N","N","0","","0","0","3","3","3","","2214","6","0","0","0","0","0","0","2","0","6","0","0","0","3","03","","N","","","","","","","","","",""
"2021032751","2002","3","0","0","0","0","0","0","0","0","4","0","","67","4","2021","1","40.025983","-75.08422","2002","6","0","0","1","0","0","0","0","0","","0","0","0","20","1","5","","1","2","40 01:33.538","5","0","75 05:03.192","3","0","0","0","67301","0","0","0","N","0","0","0","5","67301","0","","1.0","2359.0","1","N","N","N","0","","4","0","0","3","3","Y","2002","5","5","3","0","0","1","0","2","2","5","0","0","0","3","","","N","","","","","","","","","",""
"2021031106","245","0","0","0","0","0","0","0","0","0","7","0","","67","3","2021","4","39.889615","-75.219707","209","6","0","0","0","0","0","0","0","0","","0","0","0","2","3","0","","6","0","39 53:22.614","","8","75 13:10.944","0","0","0","0","67301","0","0","0","N","0","0","0","1","68K01","0","","2.0","","1","N","N","N","0","","0","0","1","0","0","","208","1","0","0","0","0","0","0","2","0","1","0","0","0","3","03","","N","","","","","","","","","",""
"2021030541","2327","2","0","0","0","0","0","0","0","0","5","0","45","67","4","2021","5","40.01834","-75.047324","2322","6","0","0","0","0","0","0","0","0","","0","0","0","23","3","0","N","0","1","40 01:06.024","1","0","75 02:50.365","0","0","0","0","67301","0","0","0","N","0","0","0","2","68K01","0","","1.0","2348.0","1","N","N","N","0","","0","0","0","0","0","N","2321","2","0","0","0","0","0","0","2","0","2","0","0","0","3","","N","Y","4","1","","","N","","","","Y","N"