"CRN","ARRIVAL_TM","AUTOMOBILE_COUNT","BELTED_DEATH_COUNT","BELTED_SUSP_SERIOUS_INJ_COUNT","BICYCLE_COUNT","BICYCLE_DEATH_COUNT","BICYCLE_SUSP_SERIOUS_INJ_COUNT","BUS_COUNT","CHLDPAS_DEATH_COUNT","CHLDPAS_SUSP_SERIOUS_INJ_COUNT","COLLISION_TYPE","COMM_VEH_COUNT","CONS_ZONE_SPD_LIM","COUNTY","CRASH_MONTH","CRASH_YEAR","DAY_OF_WEEK","DEC_LATITUDE","DEC_LONGITUDE","DISPATCH_TM","DISTRICT","DRIVER_COUNT_16YR","DRIVER_COUNT_17YR","DRIVER_COUNT_18YR","DRIVER_COUNT_19YR","DRIVER_COUNT_20YR","DRIVER_COUNT_50_64YR","DRIVER_COUNT_65_74YR","DRIVER_COUNT_75PLUS","EST_HRS_CLOSED","FATAL_COUNT","HEAVY_TRUCK_COUNT","HORSE_BUGGY_COUNT","HOUR_OF_DAY","ILLUMINATION","INJURY_COUNT","INTERSECTION_RELATED","INTERSECT_TYPE","LANE_CLOSED","LATITUDE","LN_CLOSE_DIR","LOCATION_TYPE","LONGITUDE","MAX_SEVERITY_LEVEL","MCYCLE_DEATH_COUNT","MCYCLE_SUSP_SERIOUS_INJ_COUNT","MOTORCYCLE_COUNT","MUNICIPALITY","NONMOTR_COUNT","NONMOTR_DEATH_COUNT","NONMOTR_SUSP_SERIOUS_INJ_COUNT","NTFY_HIWY_MAINT","PED_COUNT","PED_DEATH_COUNT","PED_SUSP_SERIOUS_INJ_COUNT","PERSON_COUNT","POLICE_AGCY","POSSIBLE_INJ_COUNT","RDWY_SURF_TYPE_CD","RELATION_TO_ROAD","ROADWAY_CLEARED","ROAD_CONDITION","SCH_BUS_IND","SCH_ZONE_IND","SECONDARY_CRASH","SMALL_TRUCK_COUNT","SPEC_JURIS_CD","SUSP_MINOR_INJ_COUNT","SUSP_SERIOUS_INJ_COUNT","SUV_COUNT","TCD_FUNC_CD","TCD_TYPE","TFC_DETOUR_IND","TIME_OF_DAY","TOTAL_UNITS","TOT_INJ_COUNT","UNBELTED_OCC_COUNT","UNB_DEATH_COUNT","UNB_SUSP_SERIOUS_INJ_COUNT","UNK_INJ_DEG_COUNT","UNK_INJ_PER_COUNT","URBAN_RURAL","VAN_COUNT","VEHICLE_COUNT","VULNERABLE_ROAD_USER_COUNT","VULNERABLE_ROAD_USER_DEATH_COUNT","VULNERABLE_ROAD_USER_SER_INJ_COUNT","WEATHER1","WEATHER2","WORKERS_PRES","WORK_ZONE_IND","WORK_ZONE_LOC","WORK_ZONE_TYPE","WZ_CLOSE_DETOUR","WZ_FLAGGER","WZ_LAW_OFFCR_IND","WZ_LN_CLOSURE","WZ_MOVING","WZ_OTHER","WZ_SHLDER_MDN","WZ_WORKERS_INJ_KILLED"
"2021049635","655","1","0","0","0","0","0","0","0","0","7","0","","67","5","2021","1","40.043465","-75.003093","655","6","0","0","0","0","1","0","0","0","","0","0","0","6","1","0","N","0","1","40 02:36.474","2","0","75 00:11.133","0","0","0","0","67301","0","0","0","Y","0","0","0","1","68K01","0","","4.0","800.0","9","N","N","Y","0","","0","0","0","0","0","N","655","1","0","0","0","0","0","0","2","0","1","0","0","0","7","07","","N","","","","","","","","","",""
"2021024506","1741","3","0","0","0","0","0","0","0","0","1","0","","67","3","2021","5","40.032209","-75.084121","1741","6","0","0","0","0","0","1","0","0","","0","0","0","13","1","1","","5","0","40 01:55.954","","0","75 05:02.837","3","0","0","0","67301","0","0","0","N","0","0","0","3","67301","0","","1.0","","1","N","N","N","0","","1","0","0","3","2","","1330","3","1","0","0","0","0","2","2","0","3","0","0","0","3","","","N","","","","","","","","","",""
"2021031403","2230","1","0","0","0","0","0","0","0","0","7","0","","67","4","2021","2","39.982128","-75.172336","2223","6","1","0","0","0","0","0","0","0","","0","0","0","22","3","0","N","0","0","39 58:55.660","","0","75 10:20.410","0","0","0","0","67301","0","0","0","N","0","0","0","1","67301","0","","5.0","","1","N","N","Y","0","","0","0","0","0","0","","2208","1","0","1","0","0","0","0","2","0","1","0","0","0","3","","","N","","","","","","","","","",""
"2021055768","1445","2","0","0","0","0","0","0","0","0","2","0","","67","6","2021","6","39.979529","-75.240907","1434","6","0","0","0","0","0","0","0","0","","0","0","0","14","1","1","","1","0","39 58:46.304","","0","75 14:27.265","4","0","0","0","67301","0","0","0","N","0","0","0","1","67301","1","","1.0","","1","N","N","N","0","","0","0","0","3","3","","1420","2","1","0","0","0","0","0","2","0","2","0","0","0","3","03","","N","","","","","","","","","",""
"2021030720","1730","1","0","0","0","0","0","0","0","0","4","0","","67","4","2021","7","39.975159","-75.188112","1723","6","0","0","0","0","0","1","0","0","","0","0","0","17","1","4","","1","2","39 58:30.573","2","0","75 11:17.203","2","0","0","0","67301","0","0","0","N","0","0","0","4","67301","1","","1.0","1900.0","1","N","N","N","0","","2","1","0","3","2","Y","1720","2","4","2","0","1","0","0","2","1","2","0","0","0","3","03","","N","","","","","","","","","",""
"2021022052","910","1","0","0","0","0","0","0","0","0","1","0","","67","3","2021","6","40.053048","-75.007025","906","6","0","0","0","0","0","0","0","0","","0","0","0","9","1","1","N","0","0","40 03:10.971","","0","75 00:25.291","4","0","0","0","67301","0","0","0","N","0","0","0","3","67301","1","","1.0","","1","N","N","N","0","","0","0","1","0","0","","900","2","1","0","0","0","0","0","2","0","2","0","0","0","3","03","","N","","","","","","","","","",""
"2021022583","1200","1","0","0","0","0","0","0","0","0","1","0","","67","3","2021","7","39.892413","-75.222808","1157","6","0","0","0","0","0","0","0","0","","0","0","0","11","1","1","","1","0","39 53:32.686","","2","75 13:22.108","2","0","0","0","67301","0","0","0","N","0","0","0","3","67301","0","","1.0","","1","N","N","N","0","","0","1","1","3","2","","1155","2","1","0","0","0","0","0","2","0","2","0","0","0","3","03","","N","","","","","","","","","",""
"2021054508","2338","0","0","0","0","0","0","0","0","0","4","0","","67","6","2021","1","40.035581","-75.123882","2338","6","0","0","0","0","0","0","0","0","","0","0","0","22","6","0","","1","0","40 02:08.091","","0","75 07:25.976","0","0","0","0","67301","0","0","0","N","0","0","0","1","67301","0","","1.0","","1","N","N","N","0","","0","0","2","9","2","","2238","2","0","0","0","0","0","0","2","0","2","0","0","0","3","03","","N","","","","","","","","","",""
"2021030789","940","0","0","0","0","0","0","0","0","0","0","0","","67","4","2021","6","40.01366","-75.179534","930","6","0","0","0","0","0","0","0","0","","0","0","0","8","1","1","","6","0","40 00:49.177","","2","75 10:46.321","3","0","0","0","67301","0","0","0","N","0","0","0","1","67301","0","","7.0","","2","N","N","N","0","","1","0","0","0","0","","810","1","1","0","0","0","0","0","2","1","1","0","0","0","4","","","N","","","","","","","","","",""
"2021030129","1545","2","0","0","0","0","0","0","0","0","4","0","","67","4","2021","5","39.960936","-75.219453","1543","6","0","0","0","0","0","0","0","0","","0","0","0","15","1","4","","2","0","39 57:39.369","","0","75 13:10.030","3","0","0","0","67301","0","0","0","N","0","0","0","4","67301","3","","1.0","","1","N","N","N","0","","1","0","0","3","3","","1536","2","4","0","0","0","0","0","2","0","2","0","0","0","3","","","N","","","","","","","","","",""
"2021056065","1654","0","0","0","0","0","0","0","0","0","5","0","","67","5","2021","6","39.948221","-75.142098","1651","6","0","0","0","0","0","1","0","0","","0","0","0","16","1","0","N","0","1","39 56:53.597","2","0","75 08:31.553","0","0","0","0","67301","0","0","0","N","0","0","0","3","68K01","0","","1.0","1730.0","9","N","N","N","0","","0","0","3","0","0","N","1644","3","0","0","0","0","0","0","2","0","3","0","0","0","7","","","N","","","","","","","","","",""
"2021055551","1755","0","0","0","0","0","0","1","0","0","4","1","","67","6","2021","7","39.962345","-75.143075","1751","6","0","0","0","0","0","0","0","0","","0","0","0","17","1","1","","1","0","39 57:44.442","","0","75 08:35.070","4","0","0","0","67301","0","0","0","N","0","0","0","2","67508","1","","1.0","","1","N","N","Y","0","","0","0","2","3","2","","1751","3","1","0","0","0","0","0","2","0","3","0","0","0","3","03","","N","","","","","","","","","",""
"2021054289","2304","1","0","0","0","0","0","0","0","0","1","1","","67","6","2021","7","39.973413","-75.211146","2304","6","0","0","0","0","0","0","0","0","","0","1","0","23","3","3","N","0","2","39 58:24.288","6","0","75 12:40.125","3","0","0","0","67301","0","0","0","N","0","0","0","3","67301","0","","1.0","30.0","1","N","N","N","0","","2","0","0","0","0","Y","2300","2","3","1","0","0","1","0","2","0","2","0","0","0","3","","","N","","","","","","","","","",""
"2021056117","1413","1","0","0","0","0","0","0","0","0","1","0","","67","6","2021","2","39.94536","-75.190536","1401","6","0","0","0","0","0","2","0","0","","0","0","0","13","1","1","Y","0","1","39 56:43.295","3","0","75 11:25.930","8","0","0","0","67301","0","0","0","N","0","0","0","5","68K01","0","","1.0","1520.0","1","N","N","N","1","","0","0","1","0","0","N","1355","3","1","0","0","0","1","0","2","0","3","0","0","0","3","","","N","","","","","","","","","",""
"2021056120","411","2","0","0","0","0","0","0","0","0","5","0","","67","6","2021","3","39.934119","-75.145219","357","6","0","0","0","0","0","0","1","0","","0","0","0","3","3","0","N","0","2","39 56:02.829","2","0","75 08:42.788","0","0","0","0","67301","0","0","0","N","0","0","0","3","68K01","0","","1.0","422.0","9","N","N","N","0","","0","0","0","0","0","N","356","2","0","0","0","0","0","0","2","0","2","0","0","0","7","07","","N","","","","","","","","","",""
"2021055080","1207","2","0","0","0","0","0","0","0","0","1","0","","67","6","2021","1","40.049061","-75.002155","1202","6","0","0","0","0","0","0","0","0","","0","0","0","12","1","0","","7","0","40 02:56.621","","2","75 00:07.758","0","0","0","0","67301","0","0","0","N","0","0","0","2","67301","0","","1.0","","1","N","N","N","0","","0","0","0","0","0","","1200","2","0","0","0","0","0","0","2","0","2","0","0","0","4","","","N","","","","","","","","","",""
"2021030782","736","2","0","0","0","0","0","0","0","0","1","0","","67","4","2021","1","39.967161","-75.200111","735","6","0","0","0","0","0","1","0","0","","0","0","0","7","1","0","N","0","2","39 58:01.780","7","0","75 12:00.400","0","0","0","0","67301","0","0","0","N","0","0","0","2","67301","0","","1.0","830.0","1","N","N","N","0","","0","0","1","0","0","Y","734","3","0","1","0","0","0","0","2","0","3","0","0","0","3","03","","N","","","","","","","","","",""
"2021055091","1250","1","0","0","0","0","0","0","0","0","8","0","","67","6","2021","2","40.00194","-75.140075","1246","6","0","0","0","0","0","0","0","0","","0","0","0","12","1","1","","1","0","40 00:06.984","","0","75 08:24.270","3","0","0","0","67301","1","0","0","N","1","0","0","1","67301","0","","2.0","","1","N","N","N","0","","1","0","0","3","3","","1208","2","1","0","0","0","0","0","2","0","1","1","0","0","4","03","","N","","","","","","","","","",""
"2021053599","2152","1","0","0","0","0","0","0","0","0","8","0","","67","6","2021","6","40.051961","-75.050731","2143","6","0","0","0","0","0","0","0","0","","1","0","0","21","3","0","N","0","1","40 03:07.059","1","0","75 03:02.633","1","0","0","0","67301","1","1","0","N","1","1","0","2","67301","0","2","1.0","2245.0","1","N","N","N","0","0","0","0","0","0","0","N","2143","2","0","0","0","0","0","0","2","0","1","1","1","0","3","03","","N","","","","","","","","","",""
"2021031763","2147","1","0","0","0","0","0","0","0","0","4","0","","67","4","2021","2","39.932193","-75.230754","2142","6","0","0","0","0","0","0","0","0","","0","0","0","21","3","2","N","0","0","39 55:55.895","","0","75 13:50.714","3","0","0","0","67301","0","0","0","N","0","0","0","2","67301","0","","1.0","","1","N","N","N","0","","2","0","2","0","0","","2140","4","2","0","0","0","0","0","2","1","4","0","0","0","3","03","","N","","","","","","","","","",""
"2021055594","1657","2","0","0","0","0","0","0","0","0","4","0","","67","6","2021","4","39.909628","-75.172887","1654","6","0","0","0","1","0","1","0","0","","0","0","0","16","1","1","N","0","1","39 54:34.659","1","0","75 10:22.393","8","0","0","0","67301","0","0","0","N","0","0","0","2","67505","0","","1.0","1712.0","1","N","N","N","0","","0","0","0","0","0","Y","1653","2","1","0","0","0","1","0","2","0","2","0","0","0","3","03","","N","","","","","","","","","",""
"2021029396","1305","1","0","0","0","0","0","0","0","0","4","0","","67","3","2021","2","39.924096","-75.157927","1300","6","0","0","0","0","0","0","0","0","","0","0","0","12","8","1","","1","0","39 55:26.745","","0","75 09:28.537","3","0","0","0","67301","0","0","0","N","0","0","0","2","67301","0","","1.0","","1","N","N","N","0","","1","0","1","3","3","","1251","2","1","2","0","0","0","0","2","0","2","0","0","0","3","03","","N","","","","","","","","","",""
"2021030242","1005","1","0","0","0","0","0","0","0","0","1","0","","67","3","2021","3","39.980483","-75.224714","1000","6","0","0","0","0","0","1","0","0","","0","0","0","9","1","1","","1","0","39 58:49.738","","0","75 13:28.970","3","0","0","0","67301","0","0","0","N","0","0","0","2","67301","0","","1.0","","1","N","N","N","0","","1","0","1","3","2","","957","2","1","0","0","0","0","0","2","0","2","0","0","0","3","03","","N","","","","","","","","","",""
"2021054018","1712","2","0","0","0","0","0","0","0","0","4","0","","67","6","2021","6","39.925854","-75.181168","1709","6","0","0","0","0","0","0","0","0","","0","0","0","17","1","0","","1","0","39 55:33.075","","0","75 10:52.206","0","0","0","0","67301","0","0","0","N","0","0","0","2","67301","0","","1.0","","9","N","N","N","0","","0","0","0","3","2","","1706","2","0","0","0","0","0","0","2","0","2","0","0","0","4","","","N","","","","","","","","","",""
"2021031402","1950","4","0","0","0","0","0","0","0","0","6","0","","67","4","2021","2","39.984859","-75.187891","1941","6","0","0","0","0","0","1","0","0","","0","0","0","19","3","4","N","0","0","39 59:05.491","","0","75 11:16.408","3","0","0","0","67301","0","0","0","N","0","0","0","4","67301","0","","1.0","","1","N","N","Y","1","","4","0","2","0","0","","1940","8","4","0","0","0","0","0","2","1","8","0","0","0","3","","","N","","","","","","","","","",""
"2021024562","1959","1","0","0","0","0","0","0","0","0","1","0","","67","3","2021","6","40.00682","-75.131294","1945","6","0","0","0","0","0","1","0","0","","0","0","0","19","3","1","Y","0","0","40 00:24.553","","0","75 07:52.659","3","0","0","0","67301","0","0","0","N","0","0","0","3","67301","0","","1.0","","1","N","N","N","0","","1","0","1","3","2","","1945","2","1","1","0","0","0","0","2","0","2","0","0","0","3","98","","N","","","","","","","","","",""
"2021025594","104","3","0","0","0","0","0","0","0","0","4","0","","67","3","2021","5","39.987594","-75.14186","104","6","0","0","1","0","0","0","1","0","","0","0","0","1","3","0","","1","0","39 59:15.338","","0","75 08:30.696","9","0","0","0","67301","0","0","0","N","0","0","0","4","67301","0","","1.0","","1","N","N","N","0","","0","0","0","3","3","","104","3","0","3","0","0","0","2","2","0","3","0","0","0","3","03","","N","","","","","","","","","",""
"2021024790","2300","1","0","0","0","0","0","0","0","0","7","0","","67","3","2021","1","39.911202","-75.148497","2246","6","0","0","0","0","0","0","0","0","","0","0","0","22","3","0","N","0","0","39 54:40.326","","8","75 08:54.590","0","0","0","0","67301","0","0","0","N","0","0","0","1","68K01","0","","2.0","","1","N","N","N","0","","0","0","0","0","0","","2246","1","0","0","0","0","0","0","2","0","1","0","0","0","3","","","N","","","","","","","","","",""
"2021029391","1605","0","0","0","0","0","0","0","0","0","1","0","","67","3","2021","6","40.028245","-75.10942","1545","6","0","0","0","0","0","1","0","0","","0","0","0","14","1","1","N","0","0","40 01:41.681","","0","75 06:33.912","3","0","0","0","67301","0","0","0","N","0","0","0","3","67301","0","","1.0","","1","N","N","N","1","","1","0","1","0","0","","1435","2","1","2","0","0","0","0","2","0","2","0","0","0","3","03","","N","","","","","","","","","",""
"2021024979","2200","1","0","0","0","0","0","0","0","0","7","0","","67","3","2021","1","39.995984","-75.083069","2154","6","0","0","0","0","0","0","0","0","","0","0","0","21","3","1","N","0","1","39 59:45.543","2","3","75 04:59.048","3","0","0","0","67301","0","0","0","N","0","0","0","1","68K01","0","","3.0","2232.0","1","N","N","N","0","","1","0","0","0","0","N","2153","1","1","0","0","0","0","0","2","0","1","0","0","0","3","","","N","","","","","","","","","",""
"2021031888","48","1","0","0","0","0","0","0","0","0","7","0","","67","4","2021","3","40.004459","-75.076037","38","6","0","0","0","0","0","0","0","0","","0","0","0","0","3","0","N","0","0","40 00:16.054","","2","75 04:33.732","9","0","0","0","67301","0","0","0","N","0","0","0","1","68K01","0","","4.0","","1","N","N","N","0","","0","0","0","0","0","","37","1","0","0","0","0","0","1","2","0","1","0","0","0","3","","","N","","","","","","","","","",""
"2021030781","528","2","0","0","0","0","0","0","0","0","4","0","","67","4","2021","7","39.942325","-75.233821","526","6","0","0","0","0","0","0","0","0","","0","0","0","5","3","1","","1","0","39 56:32.369","","0","75 14:01.754","3","0","0","0","67301","0","0","0","N","0","0","0","2","67301","0","","1.0","","1","N","N","N","0","","1","0","1","3","2","","525","4","1","0","0","0","0","0","2","1","4","0","0","0","3","03","","N","","","","","","","","","",""
"2021032534","1846","1","0","0","0","0","0","0","0","0","5","0","","67","4","2021","1","40.037139","-75.123528","1846","6","0","0","0","0","0","0","0","0","","0","0","0","18","1","0","N","0","2","40 02:13.700","7","0","75 07:24.700","0","0","0","0","67301","0","0","0","N","0","0","0","2","67301","0","","1.0","1851.0","1","N","N","N","0","","0","0","1","0","0","N","1846","2","0","0","0","0","0","0","2","0","2","0","0","0","3","03","","N","","","","","","","","","",""
"2021029394","2053","2","0","0","0","0","0","0","0","0","4","0","","67","3","2021","2","40.044356","-75.072627","2053","6","0","0","0","0","0","0","0","0","","0","0","0","20","3","0","","1","0","40 02:39.682","","0","75 04:21.458","9","0","0","0","67301","0","0","0","N","0","0","0","3","67301","0","","1.0","","1","N","N","N","0","","0","0","0","3","2","","2016","2","0","2","0","0","0","1","2","0","2","0","0","0","3","03","","N","","","","","","","","","",""
"2021032245","1725","1","0","0","0","0","0","0","0","0","4","0","","67","4","2021","1","40.024834","-75.125492","1724","6","0","0","0","0","0","0","0","0","","0","0","0","17","1","4","","1","2","40 01:29.402","7","0","75 07:31.771","8","0","0","0","67301","0","0","0","N","0","0","0","4","67301","0","","1.0","1850.0","1","N","N","N","0","","0","0","2","3","3","Y","1719","3","4","0","0","0","4","0","2","0","3","0","0","0","3","","","N","","","","","","","","","",""
"2021055239","128","1","0","0","0","0","0","0","0","0","1","0","","67","6","2021","1","39.971462","-75.159522","126","6","0","0","0","0","0","0","0","0","","0","0","0","1","3","0","","1","2","39 58:17.264","2","0","75 09:34.278","0","0","0","0","67301","0","0","0","N","0","0","0","1","67301","0","","1.0","211.0","1","N","N","N","0","","0","0","1","3","2","N","122","2","0","0","0","0","0","0","2","0","2","0","0","0","3","03","","N","","","","","","","","","",""
"2021032241","2108","1","0","0","0","0","0","0","0","0","5","0","","67","3","2021","3","39.993661","-75.144917","2105","6","0","0","0","0","0","0","1","0","","0","0","0","20","3","0","N","0","0","39 59:37.180","","0","75 08:41.700","0","0","0","0","67301","0","0","0","N","0","0","0","1","67301","0","","6.0","","1","N","N","N","0","","0","0","1","0","0","","2054","2","0","0","0","0","0","0","2","0","2","0","0","0","3","03","","N","","","","","","","","","",""
"2021031151","1943","2","0","0","0","0","0","0","0","0","7","0","","67","4","2021","7","39.957115","-75.15616","1933","6","0","0","0","1","0","0","0","0","","0","0","0","19","3","1","N","0","2","39 57:25.613","4","0","75 09:22.176","8","0","0","0","67301","0","0","0","N","0","0","0","2","68K01","0","","2.0","30.0","1","N","N","Y","0","","0","0","0","0","0","N","1933","2","1","0","0","0","1","0","2","0","2","0","0","0","3","03","","N","","","","","","","","","",""
"2021035585","1145","0","0","0","0","0","0","0","0","0","6","0","","67","3","2021","4","39.975229","-75.188669","1145","6","0","0","0","0","0","0","1","0","","0","0","0","15","1","1","Y","0","0","39 58:30.824","","0","75 11:19.207","8","0","0","0","67301","0","0","0","N","0","0","0","4","67301","0","","1.0","","1","N","N","Y","0","","0","0","1","3","2","","1500","3","1","0","0","0","1","0","2","1","3","0","0","0","3","03","","N","","","","","","","","","",""
"2021030950","1010","2","0","0","0","0","0","0","0","0","4","0","","67","4","2021","1","39.924118","-75.1547","1005","6","0","0","0","0","0","0","1","0","","0","0","0","10","1","1","","1","0","39 55:26.824","","0","75 09:16.920","3","0","0","0","67301","0","0","0","N","0","0","0","2","67301","0","","1.0","","1","N","N","N","0","","1","0","2","3","3","","1000","4","1","0","0","0","0","0","2","0","4","0","0","0","3","03","","N","","","","","","","","","",""
"2021030681","1115","2","0","0","0","0","0","0","0","0","4","0","","67","4","2021","7","40.059605","-75.187809","1111","6","0","0","0","0","1","0","0","0","","0","0","0","11","1","0","","1","1","40 03:34.577","3","0","75 11:16.111","0","0","0","0","67301","0","0","0","N","0","0","0","2","67301","0","","1.0","1200.0","1","N","N","N","0","","0","0","0","3","3","N","1100","2","0","0","0","0","0","0","2","0","2","0","0","0","3","03","","N","","","","","","","","","",""
"2021031030","1430","0","0","0","0","0","0","0","0","0","4","0","","67","3","2021","4","39.957292","-75.247874","1427","6","0","0","0","0","0","1","0","0","","0","0","0","14","1","1","","1","0","39 57:26.251","","0","75 14:52.347","3","0","0","0","67301","0","0","0","N","0","0","0","2","67301","0","","1.0","","9","N","N","N","0","","1","0","2","3","2","","1425","2","1","0","0","0","0","0","2","0","2","0","0","0","4","07","","N","","","","","","","","","",""
"2021033547","2047","1","0","0","0","0","0","0","0","0","5","0","","67","4","2021","2","39.995501","-75.197711","2044","6","0","0","0","0","0","0","0","0","","0","0","0","20","3","1","N","0","1","39 59:43.803","3","0","75 11:51.760","4","0","0","0","67301","0","0","0","N","0","0","0","4","68K01","1","","1.0","2059.0","1","N","N","N","0","","0","0","0","0","0","N","2042","2","1","0","0","0","0","0","2","1","2","0","0","0","3","","","N","","","","","","","","","",""
"2021030482","1850","1","0","0","0","0","0","0","0","0","1","0","","67","4","2021","6","39.976091","-75.168731","1843","6","0","0","0","0","0","1","0","0","","0","0","0","18","1","1","N","0","0","39 58:33.926","","0","75 10:07.430","3","0","0","0","67301","0","0","0","N","0","0","0","2","67301","0","","1.0","","1","N","N","N","0","","1","0","1","0","0","","1843","2","1","0","0","0","0","1","2","0","2","0","0","0","3","03","","N","","","","","","","","","",""
"2021040606","1751","2","0","0","0","0","0","0","0","0","1","0","","67","4","2021","2","39.976991","-75.198075","1751","6","0","0","0","0","0","0","0","0","","0","0","0","17","1","3","N","0","2","39 58:37.167","4","0","75 11:53.071","3","0","0","0","67301","0","0","0","N","0","0","0","4","68K01","0","","1.0","1845.0","1","N","N","Y","0","","3","0","1","0","0","N","1748","3","3","3","0","0","0","0","2","0","3","0","0","0","3","03","","N","","","","","","","","","",""
"2021030880","1642","1","0","0","0","0","0","0","0","0","4","0","","67","4","2021","1","40.028662","-75.20553","1639","6","0","0","0","0","0","0","0","0","","0","0","0","16","1","1","","1","0","40 01:43.183","","0","75 12:19.909","3","0","0","0","67301","0","0","0","N","0","0","0","2","67301","0","","1.0","","1","N","N","N","1","","1","0","0","3","2","","1630","2","1","0","0","0","0","0","2","0","2","0","0","0","3","03","","N","","","","","","","","","",""
"2021054404","1551","1","0","0","0","0","0","0","0","0","1","0","","67","6","2021","6","39.959776","-75.177033","1542","6","0","0","0","0","1","1","0","0","","0","0","0","15","1","2","N","0","1","39 57:35.193","4","0","75 10:37.318","3","0","0","0","67301","0","0","0","N","0","0","0","3","68K01","0","","1.0","1650.0","1","N","N","N","0","","2","0","2","0","0","N","1534","3","2","1","0","0","0","0","2","0","3","0","0","0","3","","","N","","","","","","","","","",""
"2021031896","1933","1","0","0","0","0","0","0","0","0","1","0","","67","4","2021","3","39.957877","-75.16189","1913","6","0","0","0","0","0","1","0","0","","0","0","0","19","1","1","N","0","0","39 57:28.357","","0","75 09:42.804","8","0","0","0","67301","0","0","0","N","0","0","0","3","68K01","0","","1.0","","1","N","N","N","0","","0","0","1","0","0","","1913","2","1","0","0","0","1","0","2","0","2","0","0","0","3","","","N","","","","","","","","","",""
"2021030050","1847","0","0","0","0","0","0","0","0","0","7","0","","67","4","2021","5","","","1846","6","0","0","0","0","0","0","0","0","","0","0","0","18","1","1","N","0","2","","3","3","","4","0","0","0","67301","0","0","0","N","0","0","0","2","67501","1","","4.0","1924.0","1","N","N","N","0","","0","0","0","0","0","N","1846","1","1","0","0","0","0","0","1","1","1","0","0","0","3","","","N","","","","","","","","","",""
"2021054023","1410","0","0","0","0","0","0","0","0","0","4","0","","67","6","2021","6","39.989801","-75.18345","1405","6","0","0","0","0","0","0","0","0","","0","0","0","13","1","0","","1","0","39 59:23.283","","0","75 11:00.420","9","0","0","0","67301","0","0","0","N","0","0","0","3","67301","0","","1.0","","9","N","N","N","0","","0","0","2","3","3","","1355","3","0","0","0","0","0","1","2","0","3","0","0","0","7","07","","N","","","","","","","","","",""
"2021030380","1342","1","0","0","0","0","0","0","0","0","5","0","","67","4","2021","6","40.079063","-75.173951","1340","6","0","0","0","0","1","0","0","0","","0","0","0","13","1","1","N","0","1","40 04:44.626","6","0","75 10:26.223","3","0","0","0","67301","0","0","0","N","0","0","0","2","67301","0","","1.0","1405.0","1","N","N","N","0","","1","0","2","0","0","N","1311","3","1","1","0","0","0","0","2","0","3","0","0","0","3","03","","N","","","","","","","","","",""
"2021053771","915","0","0","1","0","0","0","0","0","0","1","1","","67","6","2021","6","40.052077","-75.141781","859","6","0","0","0","0","0","0","1","0","","0","1","0","8","1","2","","1","1","40 03:07.476","2","0","75 08:30.412","2","0","0","0","67301","0","0","0","N","0","0","0","3","67301","0","","1.0","1046.0","1","N","N","N","0","","0","2","1","3","2","N","815","2","2","0","0","0","0","0","2","0","2","0","0","0","3","03","","N","","","","","","","","","",""
"2021032328","1600","1","0","0","0","0","0","0","0","0","5","0","","67","4","2021","2","40.075689","-75.206731","1600","6","0","0","0","0","0","0","0","1","","0","0","0","15","1","0","N","0","0","40 04:32.480","","0","75 12:24.230","0","0","0","0","67301","0","0","0","N","0","0","0","1","67301","0","","6.0","","1","N","N","N","0","","0","0","1","0","0","","1543","2","0","0","0","0","0","0","2","0","2","0","0","0","3","03","","N","","","","","","","","","",""
"2021031760","1249","2","0","0","0","0","0","0","0","0","4","0","","67","4","2021","3","40.063974","-75.059602","1235","6","0","0","0","0","0","1","0","0","","0","0","0","12","1","1","","1","0","40 03:50.306","","0","75 03:34.568","3","0","0","0","67301","0","0","0","N","0","0","0","2","67301","0","","1.0","","1","N","N","N","0","","1","0","0","3","3","","1234","2","1","0","0","0","0","0","2","0","2","0","0","0","3","03","","N","","","","","","","","","",""
"2021022795","1720","2","0","0","0","0","0","0","0","0","5","0","","67","3","2021","2","40.010425","-75.185096","1715","6","0","0","0","0","0","0","0","0","","0","0","0","13","1","2","N","0","0","40 00:37.531","","0","75 11:06.346","4","0","0","0","67301","0","0","0","N","0","0","0","3","67301","2","","1.0","","1","N","N","N","0","","0","0","0","0","0","","1327","2","2","0","0","0","0","1","2","0","2","0","0","0","3","03","","N","","","","","","","","","",""
"2021032750","1915","0","0","0","0","0","0","0","0","0","8","0","","67","4","2021","7","40.013178","-75.070421","1908","6","0","0","0","0","0","0","0","0","","0","0","0","18","4","1","","1","0","40 00:47.439","","0","75 04:13.514","3","0","0","0","67301","1","0","0","N","1","0","0","2","67301","0","","1.0","","1","N","N","N","0","","1","0","1","3","2","","1858","2","1","0","0","0","0","0","2","0","1","1","0","0","3","03","","N","","","","","","","","","",""
"2021054284","1431","0","0","0","0","0","0","1","0","0","5","1","","67","6","2021","7","39.927079","-75.190731","1431","6","0","0","0","0","0","1","0","0","","0","0","0","14","1","0","N","0","0","39 55:37.484","","0","75 11:26.631","0","0","0","0","67301","0","0","0","N","0","0","0","1","67301","0","","6.0","","1","N","N","N","0","","0","0","1","0","0","","1430","2","0","0","0","0","0","0","2","0","2","0","0","0","3","03","","N","","","","","","","","","",""