"CRN","ARRIVAL_TM","AUTOMOBILE_COUNT","BELTED_DEATH_COUNT","BELTED_SUSP_SERIOUS_INJ_COUNT","BICYCLE_COUNT","BICYCLE_DEATH_COUNT","BICYCLE_SUSP_SERIOUS_INJ_COUNT","BUS_COUNT","CHLDPAS_DEATH_COUNT","CHLDPAS_SUSP_SERIOUS_INJ_COUNT","COLLISION_TYPE","COMM_VEH_COUNT","CONS_ZONE_SPD_LIM","COUNTY","CRASH_MONTH","CRASH_YEAR","DAY_OF_WEEK","DEC_LATITUDE","DEC_LONGITUDE","DISPATCH_TM","DISTRICT","DRIVER_COUNT_16YR","DRIVER_COUNT_17YR","DRIVER_COUNT_18YR","DRIVER_COUNT_19YR","DRIVER_COUNT_20YR","DRIVER_COUNT_50_64YR","DRIVER_COUNT_65_74YR","DRIVER_COUNT_75PLUS","EST_HRS_CLOSED","FATAL_COUNT","HEAVY_TRUCK_COUNT","HORSE_BUGGY_COUNT","HOUR_OF_DAY","ILLUMINATION","INJURY_COUNT","INTERSECTION_RELATED","INTERSECT_TYPE","LANE_CLOSED","LATITUDE","LN_CLOSE_DIR","LOCATION_TYPE","LONGITUDE","MAX_SEVERITY_LEVEL","MCYCLE_DEATH_COUNT","MCYCLE_SUSP_SERIOUS_INJ_COUNT","MOTORCYCLE_COUNT","MUNICIPALITY","NONMOTR_COUNT","NONMOTR_DEATH_COUNT","NONMOTR_SUSP_SERIOUS_INJ_COUNT","NTFY_HIWY_MAINT","PED_COUNT","PED_DEATH_COUNT","PED_SUSP_SERIOUS_INJ_COUNT","PERSON_COUNT","POLICE_AGCY","POSSIBLE_INJ_COUNT","RDWY_SURF_TYPE_CD","RELATION_TO_ROAD","ROADWAY_CLEARED","ROAD_CONDITION","SCH_BUS_IND","SCH_ZONE_IND","SECONDARY_CRASH","SMALL_TRUCK_COUNT","SPEC_JURIS_CD","SUSP_MINOR_INJ_COUNT","SUSP_SERIOUS_INJ_COUNT","SUV_COUNT","TCD_FUNC_CD","TCD_TYPE","TFC_DETOUR_IND","TIME_OF_DAY","TOTAL_UNITS","TOT_INJ_COUNT","UNBELTED_OCC_COUNT","UNB_DEATH_COUNT","UNB_SUSP_SERIOUS_INJ_COUNT","UNK_INJ_DEG_COUNT","UNK_INJ_PER_COUNT","URBAN_RURAL","VAN_COUNT","VEHICLE_COUNT","VULNERABLE_ROAD_USER_COUNT","VULNERABLE_ROAD_USER_DEATH_COUNT","VULNERABLE_ROAD_USER_SER_INJ_COUNT","WEATHER1","WEATHER2","WORKERS_PRES","WORK_ZONE_IND","WORK_ZONE_LOC","WORK_ZONE_TYPE","WZ_CLOSE_DETOUR","WZ_FLAGGER","WZ_LAW_OFFCR_IND","WZ_LN_CLOSURE","WZ_MOVING","WZ_OTHER","WZ_SHLDER_MDN","WZ_WORKERS_INJ_KILLED"
"2021031669","1140","0","0","0","0","0","0","0","0","0","4","0","","67","4","2021","3","40.062588","-75.17079","1137","6","0","0","0","0","0","0","0","0","","0","0","0","11","1","2","","1","1","40 03:45.318","6","0","75 10:14.844","3","0","0","0","67301","0","0","0","N","0","0","0","4","67301","0","","1.0","1140.0","1","N","N","Y","0","","2","0","2","3","2","Y","1135","3","2","0","0","0","0","0","2","0","3","0","0","0","3","03","","N","","","","","","","","","",""
"2021031673","100","1","0","0","0","0","0","0","0","0","4","0","","67","4","2021","3","40.003683","-75.169092","51","6","0","0","0","0","0","0","0","0","","0","0","0","22","3","1","","5","0","40 00:13.260","","0","75 10:08.730","3","0","0","0","67301","0","0","0","N","0","0","0","2","67301","0","","1.0","","1","N","N","N","0","","1","0","1","3","2","","2240","2","1","0","0","0","0","1","2","0","2","0","0","0","3","03","","N","","","","","","","","","",""
"2021007671","1257","0","0","0","0","0","0","0","0","0","6","0","","67","1","2021","6","40.028825","-75.075428","1251","6","0","0","0","0","0","0","0","0","","0","0","0","12","1","2","","1","1","40 01:43.769","4","0","75 04:31.540","3","0","0","0","67301","0","0","0","N","0","0","0","2","67301","0","","1.0","1331.0","1","N","N","N","0","","2","0","2","3","3","N","1244","2","2","0","0","0","0","0","2","0","2","0","0","0","3","98","","N","","","","","","","","","",""
"2021008762","1605","2","0","0","0","0","0","0","0","0","4","0","","67","1","2021","5","40.007783","-75.144436","1600","6","0","0","0","0","0","0","0","0","","0","0","0","16","1","0","N","0","0","40 00:28.020","","0","75 08:39.970","0","0","0","0","67301","0","0","0","N","0","0","0","1","67301","0","","1.0","","1","N","N","N","0","","0","0","0","0","0","","1600","2","0","0","0","0","0","0","2","0","2","0","0","0","3","03","","N","","","","","","","","","",""
"2021030231","300","3","0","0","0","0","0","0","0","0","1","0","","67","4","2021","6","39.916411","-75.151089","253","6","0","0","0","0","0","0","0","0","","0","0","0","2","3","1","N","0","0","39 54:59.080","","0","75 09:03.920","3","0","0","0","67301","0","0","0","N","0","0","0","2","67301","0","","6.0","","1","N","N","N","0","","1","0","0","0","0","","252","4","1","1","0","0","0","0","2","1","4","0","0","0","3","03","","N","","","","","","","","","",""
"2021054827","404","1","0","0","0","0","0","0","0","0","1","1","45","67","6","2021","5","39.998762","-75.080989","404","6","0","0","0","0","0","0","0","0","","0","1","0","3","3","1","N","0","0","39 59:55.544","","0","75 04:51.559","3","0","0","0","67301","0","0","0","N","0","0","0","1","68K01","0","","1.0","","9","N","N","N","0","","1","0","0","0","0","","359","2","1","0","0","0","0","0","2","0","2","0","0","0","7","","Y","Y","4","1","N","N","Y","Y","N","N","Y","N"
"2021030491","1025","0","0","0","0","0","0","0","0","0","5","0","","67","4","2021","7","39.978967","-75.160065","1020","6","0","0","0","0","0","0","0","0","","0","0","0","10","1","0","N","0","1","39 58:44.281","4","0","75 09:36.235","0","0","0","0","67301","0","0","0","N","0","0","0","1","67505","0","","6.0","1130.0","1","N","N","N","1","","0","0","1","0","0","Y","1015","2","0","0","0","0","0","0","2","0","2","0","0","0","3","03","","N","","","","","","","","","",""
"2021033933","116","2","0","0","0","0","0","0","0","0","1","0","","67","4","2021","1","39.901816","-75.151583","105","6","0","0","0","0","0","0","0","0","","0","0","0","0","3","0","N","0","1","39 54:06.538","1","3","75 09:05.699","0","0","0","0","67301","0","0","0","N","0","0","0","2","68K01","0","","1.0","140.0","1","N","N","N","0","","0","0","0","0","0","N","54","2","0","0","0","0","0","0","2","0","2","0","0","0","3","","","N","","","","","","","","","",""
"2021031272","351","1","0","0","0","0","0","0","0","0","2","0","","67","4","2021","7","39.965431","-75.200289","351","6","0","0","0","0","0","0","0","0","","0","0","0","3","3","0","N","0","0","39 57:55.550","","0","75 12:01.040","9","0","0","0","67301","0","0","0","N","0","0","0","1","67301","0","","6.0","","1","N","N","N","0","","0","0","1","0","0","","350","2","0","0","0","0","0","1","2","0","2","0","0","0","3","","","N","","","","","","","","","",""
"2021050686","1718","1","0","0","0","0","0","0","0","0","4","0","","67","5","2021","2","39.999744","-75.138521","1718","6","0","0","0","0","0","1","0","0","","0","0","0","17","1","0","","1","0","39 59:59.077","","0","75 08:18.677","9","0","0","0","67301","0","0","0","N","0","0","0","3","67301","0","","1.0","","1","N","N","N","1","","0","0","0","3","2","","1715","2","0","2","0","0","0","1","2","0","2","0","0","0","3","03","","N","","","","","","","","","",""
"2021032122","2229","2","0","0","0","0","0","0","0","0","5","0","","67","4","2021","6","39.927338","-75.144778","2220","6","0","0","0","0","0","0","0","0","","0","0","0","22","3","0","","1","0","39 55:38.416","","0","75 08:41.201","0","0","0","0","67301","0","0","0","N","0","0","0","2","67301","0","","1.0","","1","N","N","N","0","","0","0","0","3","2","","2209","2","0","0","0","0","0","0","2","0","2","0","0","0","3","","","N","","","","","","","","","",""
"2021031160","1626","1","0","0","0","0","0","0","0","0","1","0","50","67","4","2021","1","40.012993","-75.058456","1605","6","0","0","0","0","1","0","0","0","","0","0","0","16","1","1","N","0","1","40 00:46.773","2","0","75 03:30.443","8","0","0","0","67301","0","0","0","N","0","0","0","7","68K01","0","","1.0","1444.0","1","N","N","N","0","","0","0","2","0","0","N","1601","3","1","0","0","0","1","0","2","0","3","0","0","0","3","03","N","Y","4","1","","","N","","","","Y","N"
"2021054826","1814","1","0","0","0","0","0","0","0","0","5","1","45","67","6","2021","4","39.972466","-75.122189","1757","6","0","0","0","0","0","0","0","0","","0","1","0","17","1","0","N","0","1","39 58:20.879","2","0","75 07:19.879","0","0","0","0","67301","0","0","0","N","0","0","0","3","68K01","0","","1.0","1825.0","1","N","N","N","0","","0","0","0","0","0","Y","1754","2","0","0","0","0","0","0","2","0","2","0","0","0","3","","N","Y","4","1","","","N","","","Y","","N"
"2021055493","2055","1","0","0","0","0","0","1","0","0","5","1","","67","6","2021","7","39.994145","-75.156155","2046","6","0","0","0","0","0","1","0","0","","0","0","0","20","4","1","","1","0","39 59:38.922","","0","75 09:22.157","4","0","0","0","67301","0","0","0","N","0","0","0","2","67508","1","","1.0","","1","N","N","Y","0","","0","0","0","3","2","","2046","2","1","0","0","0","0","0","2","0","2","0","0","0","3","03","","N","","","","","","","","","",""
"2021056101","2147","0","0","1","0","0","0","0","0","0","7","0","","67","6","2021","4","39.969906","-75.12551","2134","6","0","0","0","0","0","1","0","0","","0","1","0","21","3","1","N","0","1","39 58:11.663","1","0","75 07:31.836","2","0","0","0","67301","0","0","0","N","0","0","0","2","68K01","0","","4.0","2220.0","1","N","N","N","0","","0","1","1","0","0","N","2130","2","1","0","0","0","0","0","2","0","2","0","0","0","3","","","N","","","","","","","","","",""
"2021034137","2247","0","0","0","0","0","0","0","0","0","8","0","","67","4","2021","4","39.953609","-75.198625","2245","6","0","0","0","0","0","0","0","0","","0","0","0","22","3","1","N","1","1","39 57:12.991","2","0","75 11:55.051","2","0","0","0","67301","1","0","1","N","1","0","1","3","67504","0","","1.0","2315.0","1","N","N","N","0","","0","1","1","3","2","Y","2243","2","1","0","0","0","0","0","2","0","1","1","0","1","3","03","","N","","","","","","","","","",""
"2021030418","1735","1","0","0","0","0","0","0","0","0","4","0","","67","4","2021","5","40.03694","-75.145084","1734","6","0","0","0","0","0","0","0","0","","0","0","0","17","1","0","","2","0","40 02:12.984","","0","75 08:42.301","0","0","0","0","67301","0","0","0","N","0","0","0","4","67301","0","","1.0","","1","N","N","N","0","","0","0","1","3","2","","1730","2","0","4","0","0","0","0","2","0","2","0","0","0","3","03","","N","","","","","","","","","",""
"2021041198","910","3","0","0","0","0","0","0","0","0","1","0","","67","4","2021","7","39.894908","-75.194039","852","6","0","1","0","0","0","0","0","0","","0","0","0","8","1","2","N","0","0","39 53:41.668","","3","75 11:38.542","3","0","0","0","67301","0","0","0","N","0","0","0","3","68K01","0","","1.0","","1","N","N","N","0","","2","0","0","0","0","","847","3","2","0","0","0","0","0","2","0","3","0","0","0","3","","","N","","","","","","","","","",""
"2021055878","1900","1","0","0","0","0","0","0","0","0","1","0","","67","6","2021","4","39.989586","-75.140747","1900","6","0","0","0","0","0","0","0","0","","0","0","0","17","1","0","N","0","9","39 59:22.510","","0","75 08:26.690","9","0","0","0","67301","0","0","0","N","0","0","0","2","67301","0","","1.0","","1","N","N","N","0","","0","0","1","0","0","U","1740","2","0","0","0","0","0","2","2","0","2","0","0","0","3","03","","N","","","","","","","","","",""
"2021055092","1645","1","0","0","0","0","0","0","0","0","1","0","","67","6","2021","2","39.987176","-75.122599","1643","6","0","0","0","0","0","1","0","0","","0","0","0","16","1","3","N","0","0","39 59:13.835","","0","75 07:21.358","3","0","0","0","67301","0","0","0","N","0","0","0","4","67301","0","","1.0","","1","N","N","N","0","","3","0","1","0","0","","1640","2","3","1","0","0","0","0","2","0","2","0","0","0","3","","","N","","","","","","","","","",""
"2021030127","1025","1","0","0","0","0","0","0","0","0","4","0","","67","4","2021","5","40.038085","-75.170585","1019","6","0","0","0","0","1","0","0","0","","0","0","0","10","1","1","","1","0","40 02:17.106","","0","75 10:14.106","8","0","0","0","67301","0","0","0","N","0","0","0","2","67301","0","","1.0","","99","N","N","N","0","","0","0","0","3","3","","1019","2","1","0","0","0","1","0","2","1","2","0","0","0","4","07","","N","","","","","","","","","",""
"2021055978","1718","2","0","0","0","0","0","0","0","0","4","0","","67","6","2021","4","39.980231","-75.139858","1713","6","0","0","0","0","0","0","0","0","","0","0","0","16","1","0","N","0","1","39 58:48.830","1","0","75 08:23.490","0","0","0","0","67301","0","0","0","N","0","0","0","2","67301","0","","6.0","1737.0","1","N","N","N","0","","0","0","0","0","0","N","1659","2","0","2","0","0","0","0","2","0","2","0","0","0","3","03","","N","","","","","","","","","",""
"2021031920","2010","1","0","0","0","0","0","0","0","0","4","0","","67","4","2021","2","40.046412","-75.057616","2003","6","0","0","0","0","1","0","0","0","","0","0","0","20","3","0","N","0","0","40 02:47.084","","7","75 03:27.417","9","0","0","0","67301","0","0","0","N","0","0","0","3","67301","0","","1.0","","1","N","N","N","0","","0","0","1","3","3","","2003","2","0","0","0","0","0","2","2","0","2","0","0","0","3","03","","N","","","","","","","","","",""
"2021054376","1312","0","0","0","0","0","0","0","0","0","7","0","","67","6","2021","7","39.984919","-75.144069","1306","6","0","0","0","0","0","0","0","0","","0","0","0","11","1","0","N","0","0","39 59:05.710","","0","75 08:38.650","0","0","0","0","67301","0","0","0","N","0","0","0","0","67301","0","","4.0","","1","N","N","N","0","","0","0","1","3","2","","1130","1","0","0","0","0","0","0","2","0","1","0","0","0","4","","","N","","","","","","","","","",""
"2021031572","2230","1","0","0","0","0","0","0","0","0","4","0","","67","4","2021","1","40.085476","-75.037294","2226","6","0","0","0","1","0","0","0","0","","0","0","0","22","3","1","","1","0","40 05:07.712","","0","75 02:14.257","8","0","0","0","67301","0","0","0","N","0","0","0","2","67301","0","","1.0","","1","N","N","N","0","","0","0","1","3","2","","2217","2","1","0","0","0","1","0","2","0","2","0","0","0","3","03","","N","","","","","","","","","",""
"2021054021","1833","2","0","0","0","0","0","0","0","0","1","0","","67","5","2021","2","40.013559","-75.086688","1831","6","0","0","0","0","0","1","0","0","","0","0","0","18","1","0","N","0","0","40 00:48.811","","0","75 05:12.078","0","0","0","0","67301","0","0","0","N","0","0","0","2","67301","0","","1.0","","1","N","N","N","0","","0","0","0","0","0","","1825","2","0","0","0","0","0","0","2","0","2","0","0","0","3","","","N","","","","","","","","","",""
"2021030722","2315","1","0","0","0","0","0","0","0","0","7","0","","67","4","2021","7","39.992861","-75.182639","2315","6","0","0","0","0","0","0","0","0","","0","0","0","23","3","1","N","0","0","39 59:34.300","","0","75 10:57.500","8","0","0","0","67301","0","0","0","N","0","0","0","1","67301","0","","4.0","","1","N","N","Y","0","","0","0","0","0","0","","2315","1","1","1","0","0","1","0","2","0","1","0","0","0","4","03","","N","","","","","","","","","",""
"2021053574","1250","0","0","0","0","0","0","0","0","0","7","0","","67","6","2021","5","40.096635","-75.048855","1246","6","0","0","0","1","0","0","0","0","","1","0","0","12","1","0","N","0","0","40 05:47.885","","0","75 02:55.879","1","1","0","1","67301","0","0","0","N","0","0","0","1","67301","0","2","4.0","","1","N","N","N","0","0","0","0","0","0","0","","1244","1","0","0","0","0","0","0","2","0","1","0","0","0","3","03","","N","","","","","","","","","",""
"2021031765","1905","0","0","0","0","0","0","0","0","0","4","0","","67","4","2021","2","39.957865","-75.201833","1858","6","0","0","0","0","0","1","0","0","","0","0","0","18","1","1","","1","0","39 57:28.313","","0","75 12:06.598","4","0","0","0","67301","0","0","0","N","0","0","0","2","67301","1","","1.0","","1","N","N","N","1","","0","0","1","3","3","","1831","2","1","0","0","0","0","0","2","0","2","0","0","0","3","03","","N","","","","","","","","","",""
"2021029076","2355","0","0","0","0","0","0","0","0","0","7","0","","67","3","2021","2","40.086486","-75.059369","2345","6","0","0","0","0","0","1","0","0","","0","0","0","23","3","1","N","0","0","40 05:11.351","","0","75 03:33.727","2","0","0","0","67301","0","0","0","N","0","0","0","1","67301","0","","5.0","","1","N","N","N","0","","0","1","1","0","0","","2343","1","1","0","0","0","0","0","2","0","1","0","0","0","3","","","N","","","","","","","","","",""
"2021024773","613","1","0","0","0","0","0","0","0","0","5","0","45","67","3","2021","1","39.899076","-75.175119","600","6","0","0","0","0","0","0","0","0","","0","0","0","5","3","2","N","0","2","39 53:56.674","1","3","75 10:30.429","3","0","0","0","67301","0","0","0","N","0","0","0","2","68K01","0","","1.0","45.0","1","N","N","N","0","","2","0","1","0","0","N","532","2","2","0","0","0","0","0","2","0","2","0","0","0","3","","N","Y","4","1","","","N","Y","","","Y","N"
"2021054062","1258","0","0","0","0","0","0","0","0","0","1","0","","67","6","2021","4","39.928081","-75.196018","1245","6","0","0","0","0","0","0","0","1","","0","0","0","12","1","0","N","0","0","39 55:41.092","","0","75 11:45.666","0","0","0","0","67301","0","0","0","N","0","0","0","3","68K01","0","","1.0","","1","N","N","N","0","","0","0","2","0","0","","1243","2","0","0","0","0","0","0","2","0","2","0","0","0","3","","","N","","","","","","","","","",""
"2021014692","658","1","0","0","0","0","0","0","0","0","4","0","","67","2","2021","1","39.918048","-75.23009","654","6","0","0","1","0","0","1","0","0","","0","0","0","6","3","0","","1","0","39 55:04.972","","0","75 13:48.324","0","0","0","0","67301","0","0","0","N","0","0","0","2","67301","0","","1.0","","1","N","N","N","0","","0","0","0","3","3","","647","2","0","0","0","0","0","0","2","1","2","0","0","0","3","03","","N","","","","","","","","","",""
"2021018433","114","1","0","0","0","0","0","0","0","0","7","0","","67","2","2021","4","40.042511","-75.003714","59","6","0","0","0","0","0","0","0","0","","0","0","0","0","3","0","N","0","0","40 02:33.041","","0","75 00:13.371","0","0","0","0","67301","0","0","0","N","0","0","0","1","68K01","0","","3.0","","1","N","N","N","0","","0","0","0","0","0","","53","1","0","0","0","0","0","0","2","0","1","0","0","0","3","","","N","","","","","","","","","",""
"2021012838","258","1","0","0","0","0","0","0","0","0","4","0","","67","2","2021","1","39.985614","-75.213136","249","6","0","0","0","0","0","0","0","0","","0","0","0","2","3","2","","1","0","39 59:08.210","","0","75 12:47.290","4","0","0","0","67301","0","0","0","N","0","0","0","3","67301","2","","1.0","","1","N","N","N","0","","0","0","0","3","3","","247","2","2","0","0","0","0","0","2","0","2","0","0","0","3","03","","N","","","","","","","","","",""
"2021039595","106","1","0","0","0","0","0","0","0","0","4","0","","67","5","2021","1","40.024436","-75.146915","104","6","0","0","0","1","0","0","0","0","","0","0","0","1","3","3","","1","2","40 01:27.969","5","0","75 08:48.894","2","0","0","0","67301","0","0","0","N","0","0","0","3","67301","1","","1.0","320.0","1","N","N","N","0","","1","1","1","3","2","Y","100","2","3","0","0","0","0","0","2","0","2","0","0","0","3","","","N","","","","","","","","","",""
"2021012726","730","1","0","0","0","0","0","0","0","0","4","0","","67","2","2021","1","40.035578","-75.123858","721","6","0","0","0","0","0","0","0","0","","0","0","0","6","5","0","","1","0","40 02:08.080","","0","75 07:25.887","9","0","0","0","67301","0","0","0","N","0","0","0","2","67301","0","","1.0","","9","N","N","N","0","","0","0","1","3","2","","656","2","0","0","0","0","0","1","2","0","2","0","0","0","7","10","","N","","","","","","","","","",""
"2021056127","1430","3","0","0","0","0","0","0","0","0","1","0","","67","6","2021","4","39.976452","-75.113808","1413","6","0","0","0","0","0","1","0","0","","0","0","0","14","1","1","N","0","2","39 58:35.227","1","0","75 06:49.708","3","0","0","0","67301","0","0","0","N","0","0","0","7","68K01","0","","1.0","1430.0","1","N","N","N","0","","1","0","2","0","0","N","1408","5","1","0","0","0","0","0","2","0","5","0","0","0","3","","","N","","","","","","","","","",""
"2021032332","1606","3","0","0","0","0","0","0","0","0","4","0","","67","4","2021","1","40.020948","-75.150383","1606","6","0","0","0","0","0","0","0","0","","0","0","0","17","1","0","","1","0","40 01:15.412","","0","75 09:01.378","0","0","0","0","67301","0","0","0","N","0","0","0","5","67301","0","","1.0","","1","N","N","N","0","","0","0","0","3","3","","1730","3","0","0","0","0","0","0","2","0","3","0","0","0","3","03","","N","","","","","","","","","",""
"2021032242","1942","1","0","0","0","0","0","0","0","0","8","0","","67","3","2021","4","40.002783","-75.152538","1939","6","0","0","0","0","0","0","0","0","","0","0","0","19","3","1","N","0","1","40 00:10.019","1","0","75 09:09.136","4","0","0","0","67301","1","0","0","N","1","0","0","4","67301","1","","1.0","2030.0","9","N","N","N","0","","0","0","0","0","0","N","1936","2","1","1","0","0","0","0","2","0","1","1","0","0","7","07","","N","","","","","","","","","",""
"2021054721","2036","1","0","0","1","1","0","0","0","0","8","0","","67","6","2021","4","39.993931","-75.154462","2035","6","0","0","0","0","0","0","0","0","","1","0","0","20","3","1","","1","2","39 59:38.150","5","0","75 09:16.063","1","0","0","0","67301","1","1","0","N","0","0","0","3","67301","0","2","1.0","2245.0","1","N","N","Y","0","0","1","0","1","3","2","Y","2004","3","1","1","0","0","0","0","2","0","2","1","1","0","3","03","","N","","","","","","","","","",""
"2021055082","1347","1","0","0","0","0","0","0","0","0","4","0","","67","6","2021","1","40.013587","-75.068535","1346","6","0","0","0","0","1","0","0","0","","0","0","0","13","1","2","","5","0","40 00:48.913","","0","75 04:06.725","8","0","0","0","67301","0","0","0","N","0","0","0","2","67301","0","","9.0","","1","N","N","N","0","","0","0","1","3","2","","1330","2","2","0","0","0","2","0","2","0","2","0","0","0","3","03","","N","","","","","","","","","",""
"2021049079","1504","1","0","0","0","0","0","0","0","0","4","0","","67","5","2021","1","40.020304","-75.114158","1501","6","0","0","0","0","0","0","0","0","","0","0","0","14","1","1","","1","2","40 01:13.096","2","0","75 06:50.969","2","0","1","1","67301","0","0","0","N","0","0","0","2","67301","0","","1.0","1720.0","1","N","N","N","0","","0","1","0","3","2","Y","1458","2","1","0","0","0","0","0","2","0","2","0","0","0","4","04","","N","","","","","","","","","",""
"2021026269","1853","1","0","0","0","0","0","0","0","0","5","0","","67","3","2021","6","40.007735","-75.075593","1844","6","0","0","0","0","0","0","0","0","","0","0","0","18","1","1","N","0","0","40 00:27.845","","0","75 04:32.133","3","0","0","0","67301","1","0","0","N","1","0","0","3","67301","0","","1.0","","1","N","N","N","0","","1","0","1","0","0","","1840","3","1","0","0","0","0","0","2","0","2","1","0","0","3","","","N","","","","","","","","","",""
"2021026200","530","2","0","0","0","0","0","0","0","0","5","0","","67","3","2021","5","39.914472","-75.234172","524","6","0","0","0","0","0","0","0","0","","0","0","0","5","3","0","N","0","1","39 54:52.100","1","0","75 14:03.020","0","0","0","0","67301","0","0","0","N","0","0","0","1","67301","0","","6.0","700.0","1","N","N","Y","0","","0","0","2","0","0","N","505","4","0","0","0","0","0","0","2","0","4","0","0","0","3","03","","N","","","","","","","","","",""
"2021030788","1405","0","0","0","0","0","0","0","0","0","4","0","","67","4","2021","5","40.014649","-75.178448","1358","6","0","0","0","0","1","0","0","0","","0","0","0","13","1","2","","1","0","40 00:52.738","","2","75 10:42.411","3","0","0","0","67301","0","0","0","N","0","0","0","5","67301","0","","1.0","","1","N","N","N","0","","1","0","2","3","2","","1350","2","2","0","0","0","1","0","2","0","2","0","0","0","3","03","","N","","","","","","","","","",""
"2021055369","204","0","0","0","0","0","0","0","0","0","7","0","","67","6","2021","3","39.99932","-75.080335","200","6","0","0","0","0","0","0","0","0","","0","0","0","1","2","0","N","0","0","39 59:57.552","","0","75 04:49.207","0","0","0","0","67301","0","0","0","N","0","0","0","1","68K01","0","","4.0","","8","N","N","N","1","","0","0","0","0","0","","153","1","0","0","0","0","0","0","2","0","1","0","0","0","7","","","N","","","","","","","","","",""
"2021055771","1904","0","0","0","0","0","0","0","0","0","4","0","","67","6","2021","5","39.971367","-75.240974","1900","6","0","0","0","1","0","0","0","0","","0","0","0","19","1","2","","1","0","39 58:16.921","","0","75 14:27.506","3","0","0","0","67301","0","0","0","N","0","0","0","2","67301","0","","1.0","","1","N","N","Y","1","","2","0","2","3","3","","1900","3","2","0","0","0","0","0","2","0","3","0","0","0","3","03","","N","","","","","","","","","",""
"2021055329","1244","0","0","0","0","0","0","0","0","0","7","0","","67","6","2021","4","40.007126","-75.069381","1226","6","0","0","0","0","0","0","0","0","","0","0","0","12","1","0","N","6","0","40 00:25.655","","2","75 04:09.770","0","0","0","0","67301","0","0","0","N","0","0","0","1","68K01","0","","2.0","","1","N","N","N","0","","0","0","1","0","0","","1218","1","0","0","0","0","0","0","2","0","1","0","0","0","3","","","N","","","","","","","","","",""
"2021024816","1710","1","0","0","0","0","0","0","0","0","5","0","","67","3","2021","1","39.939317","-75.151986","1705","6","0","0","0","0","0","0","0","0","","0","0","0","16","1","1","N","0","2","39 56:21.540","3","0","75 09:07.150","2","0","0","0","67301","0","0","0","N","0","0","0","1","67301","0","","6.0","1900.0","1","N","N","N","0","","0","1","1","0","0","Y","1657","2","1","1","0","1","0","0","2","0","2","0","0","0","3","","","N","","","","","","","","","",""
"2021034363","110","1","0","0","0","0","0","0","0","0","5","0","45","67","4","2021","7","39.976885","-75.113743","110","6","0","0","0","0","0","0","0","0","","0","0","0","1","3","1","N","0","2","39 58:36.786","2","0","75 06:49.473","8","0","0","0","67301","0","0","0","N","0","0","0","2","68K01","0","","1.0","134.0","1","N","N","Y","1","","0","0","0","0","0","N","110","2","1","0","0","0","1","0","2","0","2","0","0","0","3","","N","Y","4","1","","","N","","","","Y","N"
"2021055591","200","1","0","0","0","0","0","0","0","0","7","0","","67","6","2021","7","40.015279","-75.177014","151","6","0","0","0","0","0","1","0","0","","1","0","0","1","3","0","N","0","2","40 00:55.005","1","0","75 10:37.251","1","0","0","0","67301","0","0","0","N","0","0","0","2","67301","0","2","4.0","554.0","1","N","N","N","1","0","0","0","0","0","0","Y","148","2","0","0","0","0","0","0","2","0","2","0","0","0","3","03","","N","","","","","","","","","",""
"2021030403","155","1","0","0","0","0","0","0","0","0","4","0","","67","4","2021","7","39.983189","-75.156819","155","6","0","0","0","0","0","0","0","0","","0","0","0","1","3","0","","1","1","39 58:59.480","4","0","75 09:24.548","0","0","0","0","67301","0","0","0","N","0","0","0","2","67505","0","","1.0","230.0","1","N","N","N","0","","0","0","1","3","2","N","154","2","0","0","0","0","0","0","2","0","2","0","0","0","3","","","N","","","","","","","","","",""
"2021050526","110","1","0","0","0","0","0","0","0","0","1","0","","67","5","2021","2","39.977116","-75.199546","105","6","0","0","0","0","0","0","0","0","","0","0","0","1","3","1","N","0","2","39 58:37.616","3","0","75 11:58.366","8","0","0","0","67301","0","0","0","N","0","0","0","3","68K01","0","","1.0","130.0","1","N","N","N","0","","0","0","1","0","0","N","104","2","1","0","0","0","1","1","2","0","2","0","0","0","3","03","","N","","","","","","","","","",""
"2021056432","1250","1","0","0","0","0","0","0","0","0","1","0","","67","5","2021","2","39.959526","-75.175038","1250","6","0","0","0","0","0","1","0","0","","0","0","0","12","1","1","N","0","1","39 57:34.294","4","0","75 10:30.138","3","0","0","0","67301","0","0","0","N","0","0","0","3","68K01","0","","1.0","1349.0","1","N","N","N","1","","1","0","1","0","0","Y","1250","3","1","0","0","0","0","0","2","0","3","0","0","0","3","","","N","","","","","","","","","",""
"2021031960","220","0","0","0","0","0","0","0","0","0","5","0","","67","4","2021","7","40.024344","-75.057067","215","6","0","0","0","0","0","0","0","0","","0","0","0","2","3","0","N","0","0","40 01:27.638","","0","75 03:25.442","9","0","0","0","67301","0","0","0","N","0","0","0","1","67301","0","","6.0","","1","N","N","N","0","","0","0","2","0","0","","205","2","0","0","0","0","0","1","2","0","2","0","0","0","3","03","","N","","","","","","","","","",""
"2021031019","1900","2","0","0","0","0","0","0","0","0","1","0","","67","4","2021","1","39.925833","-75.154306","1852","6","0","0","0","0","0","1","0","0","","0","0","0","18","1","0","N","0","0","39 55:33.000","","0","75 09:15.500","0","0","0","0","67301","0","0","0","N","0","0","0","1","67301","0","","6.0","","1","N","N","N","0","","0","0","0","0","0","","1852","2","0","1","0","0","0","0","2","0","2","0","0","0","3","03","","N","","","","","","","","","",""
"2021030134","1900","2","0","0","0","0","0","0","0","0","4","0","","67","4","2021","5","40.034076","-75.12402","1837","6","0","0","0","0","1","0","0","0","","0","0","0","17","1","2","","1","0","40 02:02.673","","0","75 07:26.472","3","0","0","0","67301","0","0","0","N","0","0","0","3","67301","0","","1.0","","1","N","N","N","0","","2","0","0","3","3","","1700","2","2","0","0","0","0","0","2","0","2","0","0","0","3","","","N","","","","","","","","","",""