"CRN","ARRIVAL_TM","AUTOMOBILE_COUNT","BELTED_DEATH_COUNT","BELTED_SUSP_SERIOUS_INJ_COUNT","BICYCLE_COUNT","BICYCLE_DEATH_COUNT","BICYCLE_SUSP_SERIOUS_INJ_COUNT","BUS_COUNT","CHLDPAS_DEATH_COUNT","CHLDPAS_SUSP_SERIOUS_INJ_COUNT","COLLISION_TYPE","COMM_VEH_COUNT","CONS_ZONE_SPD_LIM","COUNTY","CRASH_MONTH","CRASH_YEAR","DAY_OF_WEEK","DEC_LATITUDE","DEC_LONGITUDE","DISPATCH_TM","DISTRICT","DRIVER_COUNT_16YR","DRIVER_COUNT_17YR","DRIVER_COUNT_18YR","DRIVER_COUNT_19YR","DRIVER_COUNT_20YR","DRIVER_COUNT_50_64YR","DRIVER_COUNT_65_74YR","DRIVER_COUNT_75PLUS","EST_HRS_CLOSED","FATAL_COUNT","HEAVY_TRUCK_COUNT","HORSE_BUGGY_COUNT","HOUR_OF_DAY","ILLUMINATION","INJURY_COUNT","INTERSECTION_RELATED","INTERSECT_TYPE","LANE_CLOSED","LATITUDE","LN_CLOSE_DIR","LOCATION_TYPE","LONGITUDE","MAX_SEVERITY_LEVEL","MCYCLE_DEATH_COUNT","MCYCLE_SUSP_SERIOUS_INJ_COUNT","MOTORCYCLE_COUNT","MUNICIPALITY","NONMOTR_COUNT","NONMOTR_DEATH_COUNT","NONMOTR_SUSP_SERIOUS_INJ_COUNT","NTFY_HIWY_MAINT","PED_COUNT","PED_DEATH_COUNT","PED_SUSP_SERIOUS_INJ_COUNT","PERSON_COUNT","POLICE_AGCY","POSSIBLE_INJ_COUNT","RDWY_SURF_TYPE_CD","RELATION_TO_ROAD","ROADWAY_CLEARED","ROAD_CONDITION","SCH_BUS_IND","SCH_ZONE_IND","SECONDARY_CRASH","SMALL_TRUCK_COUNT","SPEC_JURIS_CD","SUSP_MINOR_INJ_COUNT","SUSP_SERIOUS_INJ_COUNT","SUV_COUNT","TCD_FUNC_CD","TCD_TYPE","TFC_DETOUR_IND","TIME_OF_DAY","TOTAL_UNITS","TOT_INJ_COUNT","UNBELTED_OCC_COUNT","UNB_DEATH_COUNT","UNB_SUSP_SERIOUS_INJ_COUNT","UNK_INJ_DEG_COUNT","UNK_INJ_PER_COUNT","URBAN_RURAL","VAN_COUNT","VEHICLE_COUNT","VULNERABLE_ROAD_USER_COUNT","VULNERABLE_ROAD_USER_DEATH_COUNT","VULNERABLE_ROAD_USER_SER_INJ_COUNT","WEATHER1","WEATHER2","WORKERS_PRES","WORK_ZONE_IND","WORK_ZONE_LOC","WORK_ZONE_TYPE","WZ_CLOSE_DETOUR","WZ_FLAGGER","WZ_LAW_OFFCR_IND","WZ_LN_CLOSURE","WZ_MOVING","WZ_OTHER","WZ_SHLDER_MDN","WZ_WORKERS_INJ_KILLED"
"2021028454","1910","2","0","0","0","0","0","0","0","0","4","0","","67","3","2021","3","40.033693","-75.145909","1900","6","0","0","0","0","0","0","0","0","","0","0","0","13","1","5","","1","0","40 02:01.293","","0","75 08:45.271","3","0","0","0","67301","0","0","0","N","0","0","0","5","67301","0","","1.0","","1","N","N","N","0","","4","0","0","3","2","","1320","2","5","0","0","0","1","0","2","0","2","0","0","0","3","03","","N","","","","","","","","","",""
"2021029077","1058","1","0","0","0","0","0","0","0","0","4","0","","67","3","2021","2","39.952871","-75.212184","1947","6","0","0","0","0","0","0","0","0","","0","0","0","10","1","0","","1","0","39 57:10.335","","0","75 12:43.862","0","0","0","0","67301","0","0","0","N","0","0","0","2","67301","0","","1.0","","1","N","N","N","0","","0","0","0","3","2","","1045","2","0","0","0","0","0","0","2","1","2","0","0","0","3","03","","N","","","","","","","","","",""
"2021031187","1732","1","0","0","0","0","0","0","0","0","4","0","","67","4","2021","2","40.050854","-75.066464","1730","6","0","0","0","0","0","0","0","0","","0","0","0","17","1","3","N","0","1","40 03:03.075","5","7","75 03:59.271","3","0","0","0","67301","0","0","0","N","0","0","0","3","67301","2","","1.0","1800.0","1","N","N","N","0","","1","0","0","0","0","Y","1723","2","3","0","0","0","0","0","2","1","2","0","0","0","3","03","","N","","","","","","","","","",""
"2021031035","420","1","0","0","0","0","0","0","0","0","4","0","","67","4","2021","2","40.023853","-75.142546","416","6","0","0","0","0","0","1","0","0","","0","0","0","4","3","1","","1","1","40 01:25.870","1","0","75 08:33.165","8","0","0","0","67301","0","0","0","N","0","0","0","2","67301","0","","1.0","517.0","1","N","N","N","0","","0","0","1","3","3","N","410","2","1","0","0","0","1","0","2","0","2","0","0","0","3","03","","N","","","","","","","","","",""
"2021030136","1447","2","0","0","0","0","0","0","0","0","4","0","","67","3","2021","4","40.009009","-75.156218","1447","6","0","0","0","0","0","0","0","0","","0","0","0","14","1","0","","2","0","40 00:32.432","","0","75 09:22.384","0","0","0","0","67301","0","0","0","N","0","0","0","2","67301","0","","1.0","","9","N","N","N","0","","0","0","0","3","3","","1420","2","0","0","0","0","0","0","2","0","2","0","0","0","7","","","N","","","","","","","","","",""
"2021031919","1832","1","0","0","0","0","0","0","0","0","4","0","","67","4","2021","2","40.052138","-75.067788","1832","6","0","0","1","0","0","1","0","0","","0","0","0","18","1","1","","1","0","40 03:07.696","","0","75 04:04.036","3","0","0","0","67301","0","0","0","N","0","0","0","3","67301","0","","1.0","","1","N","N","N","0","","1","0","0","3","2","","1832","2","1","3","0","0","0","0","2","1","2","0","0","0","3","03","","N","","","","","","","","","",""
"2021033615","350","0","0","0","0","0","0","0","0","0","7","0","","67","4","2021","3","39.975253","-75.168258","348","6","0","0","0","0","0","0","0","0","","0","0","0","3","3","1","","2","0","39 58:30.911","","0","75 10:05.730","8","0","0","0","67301","0","0","0","N","0","0","0","1","67301","0","","5.0","","9","N","N","N","0","","0","0","1","3","3","","345","1","1","0","0","0","1","0","2","0","1","0","0","0","7","07","","N","","","","","","","","","",""
"2021031599","2200","0","0","0","0","0","0","0","0","0","4","0","","67","4","2021","3","39.983212","-75.15695","2200","6","0","0","0","0","0","0","0","0","","0","0","0","21","3","1","","1","1","39 58:59.563","2","0","75 09:25.021","2","0","1","1","67301","0","0","0","N","0","0","0","6","67301","0","","1.0","2335.0","1","N","N","N","0","","0","1","0","3","2","Y","2158","2","1","1","0","0","0","0","2","1","2","0","0","0","3","03","","N","","","","","","","","","",""
"2021032024","552","1","0","0","0","0","0","0","0","0","4","0","","67","4","2021","1","40.00713","-75.094069","549","6","0","0","0","0","0","0","0","0","","0","0","0","5","5","1","","1","0","40 00:25.667","","1","75 05:38.650","2","0","0","0","67301","0","0","0","N","0","0","0","2","67301","0","","1.0","","1","N","N","N","0","","0","1","1","3","2","","549","2","1","0","0","0","0","0","2","0","2","0","0","0","3","03","","N","","","","","","","","","",""
"2021032247","1907","1","0","0","0","0","0","0","0","0","1","0","","67","4","2021","1","40.016616","-75.14718","1907","6","0","0","0","0","0","0","0","0","","0","0","0","17","1","1","","1","0","40 00:59.817","","0","75 08:49.848","2","0","1","1","67301","0","0","0","N","0","0","0","2","67301","0","","1.0","","1","N","N","N","0","","0","1","0","3","2","","1758","2","1","0","0","0","0","0","2","0","2","0","0","0","3","03","","N","","","","","","","","","",""
"2021055976","910","1","0","0","0","0","0","0","0","0","4","0","","67","6","2021","4","39.959079","-75.229988","904","6","0","0","0","0","0","1","0","0","","0","1","0","9","1","1","N","0","2","39 57:32.685","3","0","75 13:47.956","3","0","0","0","67301","0","0","0","N","0","0","0","2","67301","0","","1.0","940.0","1","N","N","N","0","","1","0","0","0","0","Y","904","2","1","0","0","0","0","0","2","0","2","0","0","0","3","03","","N","","","","","","","","","",""
"2021049741","1740","1","0","0","0","0","0","0","0","0","8","0","","67","5","2021","1","39.953278","-75.139826","1737","6","0","0","0","0","0","0","0","0","","1","0","0","17","1","0","N","0","1","39 57:11.802","5","0","75 08:23.374","1","0","0","0","67301","1","1","0","N","1","1","0","3","67301","0","2","1.0","430.0","1","N","N","N","0","0","0","0","0","0","0","Y","1736","2","0","2","0","0","0","0","2","0","1","1","1","0","3","03","","N","","","","","","","","","",""
"2021049072","842","1","0","0","0","0","0","0","0","0","5","1","","67","5","2021","7","39.974364","-75.165181","829","6","0","0","0","0","0","0","0","0","","0","1","0","8","1","0","N","0","0","39 58:27.710","","0","75 09:54.650","9","0","0","0","67301","0","0","0","N","0","0","0","1","67301","0","","6.0","","1","N","N","N","0","","0","0","1","0","0","","829","3","0","0","0","0","0","1","2","0","3","0","0","0","3","03","","N","","","","","","","","","",""
"2021050210","944","2","0","0","0","0","0","0","0","0","1","0","","67","6","2021","3","39.975633","-75.167675","942","6","0","0","0","0","0","0","0","0","","0","0","0","6","1","0","N","0","0","39 58:32.280","","0","75 10:03.630","0","0","0","0","67301","0","0","0","N","0","0","0","1","67301","0","","1.0","","1","N","N","N","0","","0","0","0","0","0","","600","2","0","0","0","0","0","0","2","0","2","0","0","0","3","03","","N","","","","","","","","","",""
"2021023129","1437","1","0","0","0","0","0","0","0","0","0","0","","67","3","2021","2","39.915931","-75.147545","1427","6","0","0","0","0","0","1","0","0","","0","0","0","13","1","0","N","0","0","39 54:57.350","","3","75 08:51.162","0","0","0","0","67301","0","0","0","N","0","0","0","1","67301","0","","1.0","","1","N","N","N","0","","0","0","0","0","0","","1348","1","0","0","0","0","0","0","2","0","1","0","0","0","3","03","","N","","","","","","","","","",""
"2021023482","715","1","0","0","0","0","0","0","0","0","5","0","","67","3","2021","3","40.017825","-75.134567","715","6","0","0","0","0","0","0","0","0","","0","0","0","6","1","0","N","0","0","40 01:04.170","","0","75 08:04.440","0","0","0","0","67301","0","0","0","N","0","0","0","1","67301","0","","6.0","","1","N","N","N","0","","0","0","1","0","0","","645","3","0","0","0","0","0","0","2","1","3","0","0","0","3","03","","N","","","","","","","","","",""
"2021059120","2111","1","0","0","0","0","0","0","0","0","4","0","","67","6","2021","3","40.019185","-75.088547","2107","6","0","0","0","0","0","0","0","0","","0","0","0","21","3","0","","1","0","40 01:09.067","","0","75 05:18.769","9","0","0","0","67301","0","0","0","N","0","0","0","2","67301","0","","1.0","","1","N","N","N","0","","0","0","0","3","3","","2106","2","0","0","0","0","0","1","2","0","2","0","0","0","3","03","","N","","","","","","","","","",""
"2021030386","1842","0","0","0","0","0","0","0","0","0","1","0","","67","4","2021","5","39.996","-75.147111","1837","6","0","0","0","0","0","0","0","0","","0","0","0","13","1","1","Y","0","0","39 59:45.600","","0","75 08:49.600","4","0","0","0","67301","0","0","0","N","0","0","0","2","67301","1","","1.0","","1","N","N","N","0","","0","0","2","3","2","","1300","2","1","0","0","0","0","0","2","0","2","0","0","0","3","03","","N","","","","","","","","","",""
"2021041576","448","3","0","0","0","0","0","0","0","0","1","0","","67","4","2021","1","40.005636","-75.147942","440","6","0","0","0","0","0","0","0","0","","0","0","0","4","3","0","N","0","0","40 00:20.290","","0","75 08:52.590","9","0","0","0","67301","0","0","0","N","0","0","0","1","67301","0","","6.0","","3","N","N","N","0","","0","0","0","0","0","","434","3","0","0","0","0","0","1","2","0","3","0","0","0","3","03","","N","","","","","","","","","",""
"2021021216","1140","1","0","0","0","0","0","0","0","0","1","0","","67","3","2021","4","40.029853","-75.124603","1137","6","0","0","0","0","0","0","0","0","","0","0","0","11","1","1","N","0","1","40 01:47.470","5","0","75 07:28.570","8","0","0","0","67301","0","0","0","N","0","0","0","2","67301","0","","1.0","1230.0","1","N","N","N","0","","0","0","1","0","0","N","1137","2","1","2","0","0","1","0","2","0","2","0","0","0","3","03","","N","","","","","","","","","",""
"2021023965","1453","0","0","0","0","0","0","0","0","0","7","0","","67","3","2021","5","40.005833","-75.19732","1450","6","0","0","0","1","0","0","0","0","","0","0","0","14","1","3","N","0","1","40 00:20.999","3","0","75 11:50.351","8","0","0","0","67301","0","0","0","N","0","0","0","3","68K01","0","","3.0","1552.0","1","N","N","N","0","","0","0","1","0","0","N","1446","1","3","0","0","0","3","0","2","0","1","0","0","0","3","","","N","","","","","","","","","",""
"2021023657","1134","1","0","0","0","0","0","0","0","0","1","0","45","67","3","2021","2","39.977309","-75.112238","1128","6","0","0","0","0","0","0","1","0","","0","0","0","11","1","2","N","0","2","39 58:38.311","1","3","75 06:44.057","3","0","0","0","67301","0","0","0","N","0","0","0","2","68K01","0","","1.0","1155.0","1","N","N","N","0","","2","0","1","0","0","N","1127","2","2","0","0","0","0","0","2","0","2","0","0","0","3","","N","Y","3","1","","","N","","","Y","Y","N"
"2021049798","438","1","0","0","0","0","0","0","0","0","7","0","","67","5","2021","3","39.959932","-75.17925","432","6","0","0","0","0","0","0","0","0","","0","0","0","4","3","0","N","0","1","39 57:35.755","3","0","75 10:45.301","0","0","0","0","67301","0","0","0","N","0","0","0","1","68K01","0","","4.0","445.0","9","N","N","N","0","","0","0","0","0","0","N","427","1","0","0","0","0","0","0","2","0","1","0","0","0","7","07","","N","","","","","","","","","",""
"2021030119","1721","0","0","0","0","0","0","0","0","0","8","0","","67","3","2021","4","40.036086","-75.074236","1721","6","0","0","0","0","0","0","0","0","","0","0","0","17","1","1","N","0","0","40 02:09.910","","0","75 04:27.250","3","0","0","0","67301","1","0","0","N","1","0","0","2","67301","0","","1.0","","9","N","N","N","0","","1","0","0","0","0","","1721","2","1","1","0","0","0","0","2","1","1","1","0","0","7","07","","N","","","","","","","","","",""
"2021056331","529","1","0","0","0","0","0","0","0","0","4","0","","67","6","2021","5","39.976425","-75.19567","524","6","0","0","0","0","0","0","0","0","","0","0","0","5","5","1","N","0","2","39 58:35.129","4","0","75 11:44.413","8","0","0","0","67301","0","0","0","N","0","0","0","1","68K01","0","","2.0","610.0","1","N","N","N","0","","0","0","0","0","0","N","523","1","1","0","0","0","1","0","2","0","1","0","0","0","3","03","","N","","","","","","","","","",""
"2021024565","2000","1","0","0","0","0","0","0","0","0","1","0","","67","3","2021","3","39.964537","-75.134391","2000","6","0","0","0","0","0","1","0","0","","0","0","0","19","3","1","","1","0","39 57:52.333","","7","75 08:03.809","3","0","0","0","67301","0","0","0","N","0","0","0","2","67301","0","","1.0","","99","N","N","N","0","","1","0","1","3","2","","1900","2","1","0","0","0","0","1","2","0","2","0","0","0","3","","","N","","","","","","","","","",""
"2021024568","138","1","0","0","0","0","0","0","0","0","7","0","","67","3","2021","7","39.974873","-75.121618","135","6","0","0","0","0","0","0","0","0","","0","0","0","1","3","0","N","0","0","39 58:29.544","","0","75 07:17.826","0","0","0","0","67301","0","0","0","N","0","0","0","1","67301","0","","4.0","","1","N","N","N","0","","0","0","0","3","2","","134","1","0","0","0","0","0","0","2","0","1","0","0","0","3","03","","N","","","","","","","","","",""
"2021029404","1810","2","0","0","0","0","0","0","0","0","1","0","","67","3","2021","3","39.973286","-75.233083","1810","6","0","0","0","0","0","0","0","0","","0","0","0","16","1","0","N","0","0","39 58:23.830","","0","75 13:59.100","0","0","0","0","67301","0","0","0","N","0","0","0","1","67301","0","","6.0","","1","N","N","Y","0","","0","0","1","0","0","","1657","3","0","1","0","0","0","0","2","0","3","0","0","0","3","98","","N","","","","","","","","","",""
"2021025765","2349","1","0","0","0","0","0","0","0","0","7","0","","67","3","2021","2","39.935872","-75.199664","2341","6","0","0","0","0","0","0","0","0","","0","0","0","23","2","0","N","0","2","39 56:09.140","4","3","75 11:58.789","0","0","0","0","67301","0","0","0","N","0","0","0","1","68K01","0","","3.0","2350.0","1","N","N","N","0","","0","0","0","0","0","N","2330","1","0","0","0","0","0","0","2","0","1","0","0","0","3","","","N","","","","","","","","","",""
"2021031031","1400","2","0","0","0","0","0","0","0","0","5","0","","67","4","2021","1","39.980378","-75.182356","1352","6","0","0","0","0","0","0","0","0","","0","0","0","13","1","0","N","0","0","39 58:49.360","","0","75 10:56.480","0","0","0","0","67301","0","0","0","N","0","0","0","1","67301","0","","6.0","","1","N","N","Y","0","","0","0","2","0","0","","1349","4","0","0","0","0","0","0","2","0","4","0","0","0","3","03","","N","","","","","","","","","",""
"2021030783","600","1","0","0","0","0","0","0","0","0","4","0","","67","4","2021","1","39.946323","-75.244059","600","6","0","0","0","0","0","0","0","0","","0","0","0","6","3","1","","1","0","39 56:46.761","","0","75 14:38.612","4","0","0","0","67301","0","0","0","N","0","0","0","2","67301","1","","1.0","","1","N","N","N","0","","0","0","0","3","2","","600","2","1","0","0","0","0","0","2","1","2","0","0","0","3","03","","N","","","","","","","","","",""
"2021048653","308","1","0","0","0","0","0","0","0","0","2","0","","67","5","2021","6","40.057672","-75.180839","306","6","0","0","0","0","0","0","0","0","","0","0","0","3","3","1","N","0","0","40 03:27.620","","0","75 10:51.020","3","0","0","0","67301","0","0","0","N","0","0","0","1","67301","0","","6.0","","1","N","N","N","1","","1","0","0","0","0","","300","2","1","0","0","0","0","0","2","0","2","0","0","0","3","","","N","","","","","","","","","",""
"2021022710","940","2","0","0","0","0","0","0","0","0","4","0","","67","3","2021","2","40.072818","-75.167636","940","6","0","0","0","0","0","0","1","0","","0","0","0","9","1","1","","1","0","40 04:22.144","","0","75 10:03.489","3","0","0","0","67301","0","0","0","N","0","0","0","2","67301","0","","1.0","","1","N","N","N","0","","1","0","0","3","2","","910","2","1","0","0","0","0","0","2","0","2","0","0","0","3","03","","N","","","","","","","","","",""
"2021022022","651","1","0","0","0","0","0","0","0","0","1","0","","67","3","2021","6","","","650","6","0","0","0","0","0","0","0","0","","0","0","0","6","1","0","N","0","2","","3","3","","0","0","0","0","67301","0","0","0","N","0","0","0","2","67501","0","","1.0","722.0","1","N","N","N","0","","0","0","0","3","8","N","649","2","0","0","0","0","0","0","1","1","2","0","0","0","3","03","","N","","","","","","","","","",""
"2021023553","1625","0","0","0","0","0","0","0","0","0","5","0","","67","3","2021","3","39.932206","-75.152794","1621","6","0","0","0","0","0","0","0","0","","0","0","0","14","1","0","N","0","2","39 55:55.940","3","0","75 09:10.060","0","0","0","0","67301","0","0","0","N","0","0","0","1","67301","0","","6.0","1710.0","1","N","N","N","0","","0","0","1","0","0","Y","1409","2","0","0","0","0","0","0","2","1","2","0","0","0","3","","","N","","","","","","","","","",""
"2021031369","145","1","0","0","0","0","0","0","0","0","5","0","","67","3","2021","6","40.01224","-75.150481","135","6","0","0","0","0","0","0","0","0","","0","0","0","1","3","2","","1","2","40 00:44.064","1","0","75 09:01.733","4","0","0","0","67301","0","0","0","N","0","0","0","2","67508","1","","1.0","9999.0","1","N","N","Y","0","","0","0","1","3","2","Y","135","2","2","2","0","0","1","0","2","0","2","0","0","0","98","03","","N","","","","","","","","","",""
"2021054716","1440","2","0","0","0","0","0","0","0","0","4","0","","67","6","2021","6","39.958874","-75.228318","1340","6","0","0","0","0","0","0","0","0","","0","0","0","13","1","0","N","0","0","39 57:31.945","","0","75 13:41.946","0","0","0","0","67301","0","0","0","N","0","0","0","1","67301","0","","6.0","","9","N","N","N","0","","0","0","0","0","0","","1316","2","0","1","0","0","0","0","2","0","2","0","0","0","7","","","N","","","","","","","","","",""
"2021041133","1455","0","0","0","0","0","0","1","0","0","5","1","","67","4","2021","3","39.977255","-75.158096","1438","6","0","0","0","0","0","0","0","0","","0","0","0","14","1","1","","1","0","39 58:38.118","","0","75 09:29.146","8","0","0","0","67301","0","0","0","N","0","0","0","3","67508","0","","1.0","","1","N","N","Y","0","","0","0","0","3","2","","1438","2","1","0","0","0","1","0","2","0","2","0","0","0","3","03","","N","","","","","","","","","",""
"2021030233","833","1","0","0","0","0","0","0","0","0","7","0","","67","4","2021","6","39.913354","-75.221777","829","6","0","0","0","0","0","1","0","0","","0","0","0","8","1","2","N","0","0","39 54:48.075","","0","75 13:18.396","8","0","0","0","67301","0","0","0","N","0","0","0","2","67301","0","","4.0","","1","N","N","N","0","","0","0","0","0","0","","823","1","2","0","0","0","2","0","2","0","1","0","0","0","3","","","N","","","","","","","","","",""
"2021021978","2154","2","0","0","0","0","0","0","0","0","6","0","","67","3","2021","6","40.000989","-75.148165","2154","6","0","0","0","0","0","0","0","0","","0","0","0","21","3","2","","1","0","40 00:03.560","","0","75 08:53.394","2","0","0","0","67301","0","0","0","N","0","0","0","3","67505","0","","1.0","","1","N","N","N","0","","0","1","0","3","2","","2152","2","2","0","0","0","1","1","2","0","2","0","0","0","3","03","","N","","","","","","","","","",""
"2021021675","1643","2","0","0","0","0","0","0","0","0","4","0","","67","3","2021","5","39.975979","-75.159467","1641","6","0","0","0","0","0","0","0","0","","0","0","0","16","4","0","","1","0","39 58:33.526","","0","75 09:34.081","0","0","0","0","67301","0","0","0","N","0","0","0","2","67301","0","","1.0","","1","N","N","N","0","","0","0","0","3","3","","1635","3","0","0","0","0","0","0","2","0","3","0","0","0","3","03","","N","","","","","","","","","",""
"2021047387","810","1","0","0","0","0","0","0","0","0","1","1","","67","5","2021","2","39.940315","-75.142126","805","6","0","0","0","0","0","0","0","0","","0","1","0","8","1","1","N","0","0","39 56:25.133","","0","75 08:31.653","3","0","0","0","67301","0","0","0","N","0","0","0","1","67301","0","","1.0","","1","N","N","N","0","","1","0","0","3","2","","802","2","1","0","0","0","0","0","2","0","2","0","0","0","4","","","N","","","","","","","","","",""
"2021025691","1125","1","0","0","0","0","0","0","0","0","5","0","","67","3","2021","5","39.975028","-75.163644","1122","6","0","0","0","0","0","0","0","0","","0","0","0","11","1","0","N","0","0","39 58:30.100","","0","75 09:49.120","0","0","0","0","67301","0","0","0","N","0","0","0","1","67301","0","","6.0","","9","N","N","N","0","","0","0","1","0","0","","1122","2","0","0","0","0","0","0","2","0","2","0","0","0","4","07","","N","","","","","","","","","",""
"2021048468","1949","1","0","1","0","0","0","0","0","0","1","0","","67","5","2021","6","39.967135","-75.188198","1936","6","0","0","0","0","0","0","0","0","","0","0","0","19","1","1","N","0","1","39 58:01.685","4","0","75 11:17.513","2","0","0","0","67301","0","0","0","N","0","0","0","2","68K01","0","","1.0","2010.0","1","N","N","N","0","","0","1","1","0","0","Y","1935","2","1","0","0","0","0","0","2","0","2","0","0","0","3","","","N","","","","","","","","","",""
"2021024580","1415","0","0","0","0","0","0","0","0","0","5","0","","67","3","2021","5","40.003959","-75.17123","1413","6","0","0","0","0","0","0","0","0","","0","0","0","13","1","1","","1","0","40 00:14.253","","0","75 10:16.427","3","0","0","0","67301","0","0","0","N","0","0","0","2","67301","0","","1.0","","1","N","N","N","0","","1","0","1","0","0","","1353","2","1","0","0","0","0","0","2","0","2","0","0","0","3","03","","N","","","","","","","","","",""
"2021048565","1758","1","0","0","0","0","0","0","0","0","5","1","","67","5","2021","4","39.922467","-75.218806","1752","6","0","0","0","0","0","0","0","0","","0","1","0","17","1","1","N","0","0","39 55:20.880","","0","75 13:07.700","8","0","0","0","67301","0","0","0","N","0","0","0","1","67301","0","","6.0","","1","N","N","N","0","","0","0","0","0","0","","1738","2","1","0","0","0","1","0","2","0","2","0","0","0","3","03","","N","","","","","","","","","",""
"2021021436","2359","1","0","0","0","0","0","0","0","0","4","0","","67","3","2021","4","40.055123","-75.17663","2356","6","0","0","0","0","0","0","0","0","","0","0","0","23","3","0","","1","0","40 03:18.444","","0","75 10:35.869","9","0","0","0","67301","0","0","0","N","0","0","0","2","67301","0","","1.0","","1","N","N","N","0","","0","0","0","3","3","","2325","2","0","0","0","0","0","1","2","1","2","0","0","0","3","","","N","","","","","","","","","",""
"2021031465","1639","2","0","0","0","0","0","0","0","0","1","0","","67","3","2021","2","39.956975","-75.155816","1624","6","0","0","0","0","1","0","0","0","","0","0","0","16","1","3","N","0","1","39 57:25.111","3","0","75 09:20.937","3","0","0","0","67301","0","0","0","N","0","0","0","3","68K01","0","","1.0","1700.0","1","N","N","N","0","","1","0","1","0","0","N","1622","3","3","0","0","0","2","0","2","0","3","0","0","0","3","","","N","","","","","","","","","",""
"2021034134","730","1","0","0","0","0","0","0","0","0","4","0","","67","4","2021","2","39.946054","-75.216496","721","6","0","0","0","0","0","0","1","0","","0","0","0","7","1","1","","1","1","39 56:45.794","6","0","75 12:59.385","8","0","0","0","67301","0","0","0","N","0","0","0","2","67301","0","","1.0","855.0","1","N","N","N","0","","0","0","1","3","3","N","705","2","1","0","0","0","1","1","2","0","2","0","0","0","3","03","","N","","","","","","","","","",""
"2021045603","353","1","0","0","0","0","0","0","0","0","4","0","","67","5","2021","5","39.953327","-75.183701","352","6","0","0","0","0","0","0","0","0","","0","0","0","3","3","0","N","1","1","39 57:11.978","3","0","75 11:01.324","0","0","0","0","67301","0","0","0","N","0","0","0","5","67507","0","","1.0","416.0","1","N","N","N","0","","0","0","1","3","2","N","345","2","0","0","0","0","0","0","2","0","2","0","0","0","3","03","","N","","","","","","","","","",""
"2021022450","2359","1","0","0","0","0","0","0","0","0","4","0","","67","3","2021","1","40.022719","-75.148198","2357","6","0","0","0","0","0","0","0","0","","0","0","0","23","3","2","","5","1","40 01:21.790","2","0","75 08:53.512","2","0","0","0","67301","0","0","0","N","0","0","0","3","67301","0","","1.0","144.0","1","N","N","N","0","","1","1","1","3","2","N","2352","2","2","0","0","0","0","0","2","0","2","0","0","0","3","03","","N","","","","","","","","","",""
"2021021850","710","0","0","0","0","0","0","0","0","0","4","0","","67","3","2021","6","39.961414","-75.204648","710","6","0","0","0","0","0","0","0","0","","0","0","0","7","1","0","","1","0","39 57:41.090","","0","75 12:16.732","9","0","0","0","67301","0","0","0","N","0","0","0","4","67301","0","","1.0","","1","N","N","N","0","","0","0","2","3","3","","704","2","0","0","0","0","0","1","2","0","2","0","0","0","3","03","","N","","","","","","","","","",""
"2021047522","1858","1","0","0","0","0","0","0","0","0","4","0","","67","5","2021","4","39.999674","-75.098989","1858","6","0","0","0","0","0","0","0","0","","0","0","0","18","1","1","","1","0","39 59:58.827","","0","75 05:56.359","3","0","0","0","67301","0","0","0","N","0","0","0","2","67301","0","","1.0","","1","N","N","N","0","","1","0","1","3","2","","1857","2","1","0","0","0","0","0","2","0","2","0","0","0","3","","","N","","","","","","","","","",""
"2021026830","2101","1","0","0","0","0","0","0","0","0","7","0","","67","3","2021","3","39.991196","-75.203574","2057","6","0","0","0","0","0","0","0","0","","0","0","0","20","3","1","N","0","1","39 59:28.305","3","0","75 12:12.867","4","0","0","0","67301","0","0","0","Y","0","0","0","1","68K01","1","","3.0","2145.0","1","N","N","N","0","","0","0","0","0","0","N","2056","1","1","1","0","0","0","0","2","0","1","0","0","0","3","","","N","","","","","","","","","",""
"2021031764","1328","1","0","0","0","0","0","0","0","0","4","0","","67","4","2021","3","39.936921","-75.212463","1328","6","0","0","0","0","0","0","0","0","","0","0","0","13","1","0","N","0","0","39 56:12.916","","7","75 12:44.867","0","0","0","0","67301","0","0","0","N","0","0","0","2","67301","0","","1.0","","1","N","N","N","0","","0","0","1","0","0","","1328","2","0","0","0","0","0","0","2","0","2","0","0","0","3","03","","N","","","","","","","","","",""
"2021054071","1709","2","0","0","0","0","0","0","0","0","1","0","","67","6","2021","5","39.910548","-75.148883","1709","6","0","0","0","1","0","0","0","0","","0","0","0","17","1","0","N","0","2","39 54:37.973","1","0","75 08:55.977","0","0","0","0","67301","0","0","0","N","0","0","0","2","68K01","0","","3.0","1815.0","1","N","N","N","0","","0","0","0","0","0","N","1709","2","0","0","0","0","0","0","2","0","2","0","0","0","3","","","N","","","","","","","","","",""
"2021024819","1300","1","0","0","0","0","0","0","0","0","6","0","","67","3","2021","1","39.933353","-75.239024","1255","6","0","0","0","0","0","0","0","0","","0","0","0","12","1","1","N","0","0","39 56:00.069","","0","75 14:20.485","3","0","0","0","67301","0","0","0","N","0","0","0","2","67301","0","","1.0","","1","N","N","N","0","","1","0","1","0","0","","1253","2","1","0","0","0","0","0","2","0","2","0","0","0","3","03","","N","","","","","","","","","",""