"CRN","ARRIVAL_TM","AUTOMOBILE_COUNT","BELTED_DEATH_COUNT","BELTED_SUSP_SERIOUS_INJ_COUNT","BICYCLE_COUNT","BICYCLE_DEATH_COUNT","BICYCLE_SUSP_SERIOUS_INJ_COUNT","BUS_COUNT","CHLDPAS_DEATH_COUNT","CHLDPAS_SUSP_SERIOUS_INJ_COUNT","COLLISION_TYPE","COMM_VEH_COUNT","CONS_ZONE_SPD_LIM","COUNTY","CRASH_MONTH","CRASH_YEAR","DAY_OF_WEEK","DEC_LATITUDE","DEC_LONGITUDE","DISPATCH_TM","DISTRICT","DRIVER_COUNT_16YR","DRIVER_COUNT_17YR","DRIVER_COUNT_18YR","DRIVER_COUNT_19YR","DRIVER_COUNT_20YR","DRIVER_COUNT_50_64YR","DRIVER_COUNT_65_74YR","DRIVER_COUNT_75PLUS","EST_HRS_CLOSED","FATAL_COUNT","HEAVY_TRUCK_COUNT","HORSE_BUGGY_COUNT","HOUR_OF_DAY","ILLUMINATION","INJURY_COUNT","INTERSECTION_RELATED","INTERSECT_TYPE","LANE_CLOSED","LATITUDE","LN_CLOSE_DIR","LOCATION_TYPE","LONGITUDE","MAX_SEVERITY_LEVEL","MCYCLE_DEATH_COUNT","MCYCLE_SUSP_SERIOUS_INJ_COUNT","MOTORCYCLE_COUNT","MUNICIPALITY","NONMOTR_COUNT","NONMOTR_DEATH_COUNT","NONMOTR_SUSP_SERIOUS_INJ_COUNT","NTFY_HIWY_MAINT","PED_COUNT","PED_DEATH_COUNT","PED_SUSP_SERIOUS_INJ_COUNT","PERSON_COUNT","POLICE_AGCY","POSSIBLE_INJ_COUNT","RDWY_SURF_TYPE_CD","RELATION_TO_ROAD","ROADWAY_CLEARED","ROAD_CONDITION","SCH_BUS_IND","SCH_ZONE_IND","SECONDARY_CRASH","SMALL_TRUCK_COUNT","SPEC_JURIS_CD","SUSP_MINOR_INJ_COUNT","SUSP_SERIOUS_INJ_COUNT","SUV_COUNT","TCD_FUNC_CD","TCD_TYPE","TFC_DETOUR_IND","TIME_OF_DAY","TOTAL_UNITS","TOT_INJ_COUNT","UNBELTED_OCC_COUNT","UNB_DEATH_COUNT","UNB_SUSP_SERIOUS_INJ_COUNT","UNK_INJ_DEG_COUNT","UNK_INJ_PER_COUNT","URBAN_RURAL","VAN_COUNT","VEHICLE_COUNT","VULNERABLE_ROAD_USER_COUNT","VULNERABLE_ROAD_USER_DEATH_COUNT","VULNERABLE_ROAD_USER_SER_INJ_COUNT","WEATHER1","WEATHER2","WORKERS_PRES","WORK_ZONE_IND","WORK_ZONE_LOC","WORK_ZONE_TYPE","WZ_CLOSE_DETOUR","WZ_FLAGGER","WZ_LAW_OFFCR_IND","WZ_LN_CLOSURE","WZ_MOVING","WZ_OTHER","WZ_SHLDER_MDN","WZ_WORKERS_INJ_KILLED"
"2021048872","1735","1","0","0","0","0","0","0","0","0","7","0","","67","5","2021","6","39.996242","-75.203181","1729","6","0","0","0","0","0","0","0","0","","0","0","0","15","1","0","N","0","2","39 59:46.470","6","0","75 12:11.450","0","0","0","0","67301","0","0","0","N","0","0","0","0","67301","0","","2.0","1930.0","9","N","N","N","0","","0","0","0","9","9","N","1538","1","0","0","0","0","0","0","2","0","1","0","0","0","7","07","","N","","","","","","","","","",""
"2021030240","925","0","0","0","0","0","0","0","0","0","8","0","","67","3","2021","3","40.00815","-75.210392","917","6","0","0","0","0","0","0","0","1","","0","0","0","9","1","1","N","0","0","40 00:29.340","","0","75 12:37.410","3","0","0","0","67301","1","0","0","N","1","0","0","2","67301","0","","1.0","","1","N","N","N","0","","1","0","1","0","0","","910","2","1","1","0","0","0","0","2","0","1","1","0","0","3","","","N","","","","","","","","","",""
"2021032331","1520","2","0","0","0","0","0","0","0","0","4","0","","67","4","2021","3","39.957511","-75.217339","1514","6","0","0","0","0","0","2","0","0","","0","0","0","15","1","2","","1","0","39 57:27.041","","0","75 13:02.421","3","0","0","0","67301","0","0","0","N","0","0","0","4","67301","0","","1.0","","1","N","N","N","0","","2","0","0","3","2","","1513","2","2","0","0","0","0","0","2","0","2","0","0","0","3","","","N","","","","","","","","","",""
"2021031672","105","2","0","0","0","0","0","0","0","0","1","0","","67","4","2021","1","40.010517","-75.184588","48","6","0","0","0","0","0","0","0","0","","0","0","0","0","3","1","N","0","1","40 00:37.862","1","0","75 11:04.515","3","0","0","0","67301","0","0","0","N","0","0","0","2","67301","0","","1.0","130.0","1","N","N","N","0","","1","0","0","0","0","N","46","2","1","0","0","0","0","0","2","0","2","0","0","0","3","03","","N","","","","","","","","","",""
"2021023073","59","2","0","0","0","0","0","0","0","0","5","0","","67","3","2021","1","40.023718","-75.148088","58","6","0","0","0","0","0","0","0","0","","0","0","0","0","3","1","N","0","1","40 01:25.383","2","0","75 08:53.116","8","0","0","0","67301","0","0","0","Y","0","0","0","5","67301","0","","1.0","248.0","1","N","N","N","1","","0","0","1","0","0","Y","56","4","1","0","0","0","1","0","2","0","4","0","0","0","3","04","","N","","","","","","","","","",""
"2021054507","1735","0","0","0","0","0","0","0","0","0","8","0","","67","6","2021","3","40.051716","-75.152992","1735","6","0","0","0","0","0","0","0","0","","0","0","0","15","1","1","","1","0","40 03:06.179","","0","75 09:10.771","3","0","0","0","67301","1","0","0","N","1","0","0","2","67301","0","","1.0","","9","N","N","N","0","","1","0","1","3","2","","1515","2","1","0","0","0","0","0","2","0","1","1","0","0","7","","","N","","","","","","","","","",""
"2021032248","2056","3","0","0","0","0","0","0","0","0","5","0","","67","4","2021","5","40.021125","-75.139925","2056","6","0","0","0","0","0","2","0","0","","0","0","0","18","1","2","","1","0","40 01:16.051","","0","75 08:23.731","8","0","0","0","67301","0","0","0","N","0","0","0","10","67301","0","","1.0","","1","N","N","N","0","","0","0","1","3","2","","1820","6","2","0","0","0","2","3","2","1","6","0","0","0","3","03","","N","","","","","","","","","",""
"2021025526","42","1","0","0","0","0","0","0","0","0","1","0","","67","3","2021","6","40.02492","-75.113299","7","6","0","0","0","0","0","0","0","0","","0","0","0","21","3","1","","2","0","40 01:29.712","","0","75 06:47.876","8","0","0","0","67301","0","0","0","N","0","0","0","2","67301","0","","1.0","","1","N","N","N","0","","0","0","0","3","3","","2130","2","1","0","0","0","1","1","2","0","2","0","0","0","3","03","","N","","","","","","","","","",""
"2021056055","655","0","0","0","0","0","0","0","0","0","7","0","","67","5","2021","6","40.026764","-75.025875","647","6","0","0","0","0","0","0","0","0","","0","0","0","6","1","1","N","0","1","40 01:36.351","1","0","75 01:33.151","8","0","0","0","67301","0","0","0","N","0","0","0","1","68K01","0","","4.0","730.0","1","N","N","N","0","","0","0","1","0","0","N","639","1","1","0","0","0","1","0","2","0","1","0","0","0","3","03","","N","","","","","","","","","",""
"2021024539","1930","0","0","0","0","0","0","0","0","0","4","0","","67","3","2021","5","39.988303","-75.253969","1924","6","0","0","0","0","0","0","1","0","","0","0","0","17","1","1","","1","0","39 59:17.890","","0","75 15:14.288","3","0","0","0","67301","0","0","0","N","0","0","0","2","67301","0","","1.0","","1","N","N","N","0","","1","0","2","3","2","","1730","2","1","0","0","0","0","1","2","0","2","0","0","0","3","03","","N","","","","","","","","","",""
"2021050688","1922","1","0","0","0","0","0","0","0","0","5","0","","67","6","2021","4","40.005071","-75.190711","1917","6","0","0","0","0","0","1","0","0","","0","0","0","19","1","0","N","0","0","40 00:18.255","","0","75 11:26.558","0","0","0","0","67301","0","0","0","N","0","0","0","2","67301","0","","1.0","","1","N","N","N","1","","0","0","0","0","0","","1902","2","0","0","0","0","0","0","2","0","2","0","0","0","3","03","","N","","","","","","","","","",""
"2021030484","229","1","0","0","0","0","0","0","0","0","7","0","","67","4","2021","7","40.023647","-75.157997","225","6","0","0","0","0","0","0","0","0","","0","0","0","1","3","1","","3","2","40 01:25.130","7","0","75 09:28.790","4","0","0","0","67301","0","0","0","N","0","0","0","1","67301","1","","4.0","300.0","1","N","N","N","0","","0","0","0","0","0","Y","159","1","1","0","0","0","0","0","2","0","1","0","0","0","3","03","","N","","","","","","","","","",""
"2021030138","2029","0","0","0","0","0","0","0","0","0","8","0","","67","3","2021","4","39.998705","-75.166884","2027","6","0","0","0","0","0","0","0","0","","0","0","0","20","3","2","","1","0","39 59:55.338","","0","75 10:00.782","3","0","0","0","67301","2","0","0","N","2","0","0","4","67301","0","","1.0","","9","N","N","N","0","","2","0","1","3","2","","2021","3","2","0","0","0","0","0","2","0","1","2","0","0","7","07","","N","","","","","","","","","",""
"2021032780","2332","1","0","0","0","0","0","0","0","0","4","0","","67","4","2021","2","40.018455","-75.076907","2328","6","0","0","0","1","0","0","0","0","","0","0","0","23","3","2","","1","0","40 01:06.437","","0","75 04:36.865","3","0","0","0","67301","0","0","0","N","0","0","0","2","67301","0","","1.0","","1","N","N","N","0","","2","0","1","3","3","","2310","2","2","0","0","0","0","0","2","0","2","0","0","0","3","03","","N","","","","","","","","","",""
"2021030481","2145","2","0","0","0","0","0","0","0","0","4","0","","67","4","2021","5","39.984697","-75.15663","2145","6","0","0","0","0","0","0","0","0","","0","0","0","21","3","3","","1","2","39 59:04.910","5","0","75 09:23.867","3","0","0","0","67301","0","0","0","N","0","0","0","4","67301","0","","1.0","100.0","1","N","N","Y","0","","1","0","0","3","2","Y","2145","3","3","3","0","0","2","0","2","1","3","0","0","0","3","03","","N","","","","","","","","","",""
"2021032022","1348","1","0","0","0","0","0","0","0","0","1","0","","67","4","2021","6","39.992919","-75.217666","1347","6","0","0","0","0","0","1","0","0","","0","0","0","13","1","1","","1","0","39 59:34.507","","0","75 13:03.597","3","0","0","0","67301","0","0","0","N","0","0","0","3","67301","0","","1.0","","1","N","N","N","0","","1","0","1","3","2","","1304","2","1","0","0","0","0","0","2","0","2","0","0","0","3","03","","N","","","","","","","","","",""
"2021030384","1833","0","0","0","0","0","0","0","0","0","8","0","","67","3","2021","3","40.020406","-75.084318","1812","6","0","0","0","0","0","0","0","0","","0","0","0","18","1","1","","1","0","40 01:13.461","","0","75 05:03.544","4","0","0","0","67301","1","0","0","N","1","0","0","2","67301","1","","1.0","","1","N","N","N","0","","0","0","1","3","2","","1802","2","1","0","0","0","0","0","2","0","1","1","0","0","3","03","","N","","","","","","","","","",""
"2021022705","1730","1","0","0","0","0","0","0","0","0","5","0","","67","3","2021","2","39.922644","-75.169989","1724","6","0","0","0","0","0","0","0","0","","0","0","0","16","1","1","N","0","0","39 55:21.520","","0","75 10:11.960","4","0","0","0","67301","0","0","0","N","0","0","0","3","67301","1","","1.0","","1","N","N","N","0","","0","0","1","0","0","","1655","2","1","1","0","0","0","0","2","0","2","0","0","0","3","03","","N","","","","","","","","","",""
"2021032275","139","3","0","0","0","0","0","0","0","0","5","0","","67","4","2021","1","39.977194","-75.117444","120","6","0","0","0","0","0","0","0","0","","0","0","0","1","3","0","N","0","0","39 58:37.900","","0","75 07:02.800","0","0","0","0","67301","0","0","0","N","0","0","0","1","67301","0","","6.0","","1","N","N","N","0","","0","0","1","0","0","","117","4","0","0","0","0","0","0","2","0","4","0","0","0","3","03","","N","","","","","","","","","",""
"2021023802","654","0","0","0","0","0","0","0","0","0","1","0","","67","3","2021","2","39.907583","-75.143389","610","6","0","0","0","0","0","0","0","0","","0","0","0","6","1","0","N","0","0","39 54:27.300","","3","75 08:36.200","0","0","0","0","67301","0","0","0","N","0","0","0","2","67501","0","","1.0","","1","N","N","N","0","","0","0","2","3","8","","610","2","0","0","0","0","0","0","2","0","2","0","0","0","3","03","","N","","","","","","","","","",""
"2021024545","44","1","0","0","0","0","0","0","0","0","5","0","","67","3","2021","5","39.998111","-75.110889","42","6","0","0","0","0","0","0","0","0","","0","0","0","0","3","1","N","0","0","39 59:53.200","","0","75 06:39.200","3","0","0","0","67301","0","0","0","N","0","0","0","1","67301","0","","6.0","","1","N","N","N","0","","1","0","1","0","0","","42","2","1","1","0","0","0","0","2","0","2","0","0","0","3","03","","N","","","","","","","","","",""
"2021022421","1805","1","0","0","0","0","0","0","0","0","4","0","","67","3","2021","7","39.96444","-75.134259","1752","6","0","0","0","0","0","1","1","0","","0","0","0","17","3","0","","1","0","39 57:51.984","","7","75 08:03.331","0","0","0","0","67301","0","0","0","N","0","0","0","3","67301","0","","1.0","","1","N","N","N","1","","0","0","1","3","2","","1746","3","0","0","0","0","0","0","2","0","3","0","0","0","3","","","N","","","","","","","","","",""
"2021032493","2239","1","0","0","0","0","0","0","0","0","1","0","45","67","4","2021","3","39.999301","-75.080586","2228","6","0","0","0","0","0","1","0","0","","0","0","0","22","2","2","N","0","1","39 59:57.484","2","3","75 04:50.109","4","0","0","0","67301","0","0","0","N","0","0","0","2","68K01","2","","1.0","2330.0","1","N","N","N","0","","0","0","1","3","8","N","2228","2","2","0","0","0","0","0","2","0","2","0","0","0","3","","N","Y","4","1","","","N","Y","","","Y","N"
"2021024821","1043","1","0","0","0","0","0","0","0","0","4","0","","67","3","2021","4","39.904061","-75.240291","1040","6","0","0","0","1","0","1","0","0","","0","0","0","10","1","2","","1","0","39 54:14.619","","0","75 14:25.049","8","0","0","0","67301","0","0","0","N","0","0","0","3","67301","0","","1.0","","1","N","N","N","0","","0","0","2","3","2","","1024","3","2","0","0","0","2","0","2","0","3","0","0","0","3","03","","N","","","","","","","","","",""
"2021025194","1832","1","0","0","0","0","0","0","0","0","8","0","","67","3","2021","5","39.995167","-75.138611","1800","6","0","0","0","0","0","0","0","0","","0","0","0","16","1","1","N","0","0","39 59:42.600","","0","75 08:19.000","8","0","0","0","67301","1","0","0","N","1","0","0","3","67301","0","","1.0","","1","N","N","N","0","","0","0","0","0","0","","1615","3","1","0","0","0","1","0","2","0","2","1","0","0","3","","","N","","","","","","","","","",""
"2021047282","259","1","0","0","0","0","0","0","0","0","7","0","","67","5","2021","2","40.017639","-75.048226","251","6","0","0","0","0","0","0","0","0","","0","0","0","2","3","0","N","0","1","40 01:03.500","1","8","75 02:53.612","0","0","0","0","67301","0","0","0","N","0","0","0","2","67301","0","","2.0","415.0","1","N","N","N","0","","0","0","0","3","4","N","249","1","0","0","0","0","0","0","2","0","1","0","0","0","3","","","N","","","","","","","","","",""
"2021024558","2352","0","0","0","0","0","0","0","0","0","4","0","","67","3","2021","5","40.010149","-75.121555","2351","6","0","0","0","0","0","0","0","0","","0","0","0","22","3","0","","1","0","40 00:36.538","","0","75 07:17.597","9","0","0","0","67301","0","0","0","N","0","0","0","2","67301","0","","1.0","","1","N","N","N","0","","0","0","0","3","2","","2247","2","0","0","0","0","0","2","2","2","2","0","0","0","3","03","","N","","","","","","","","","",""
"2021031868","308","1","0","0","0","0","0","0","0","0","7","0","","67","4","2021","7","39.90724","-75.149594","246","6","0","0","0","0","0","0","0","0","","0","0","0","2","3","0","N","0","0","39 54:26.064","","8","75 08:58.539","0","0","0","0","67301","0","0","0","N","0","0","0","1","68K01","0","","4.0","","1","N","N","N","0","","0","0","0","0","0","","241","1","0","0","0","0","0","0","2","0","1","0","0","0","3","","","N","","","","","","","","","",""
"2021035552","746","1","0","0","0","0","0","0","0","0","4","0","","67","4","2021","2","40.030567","-75.082639","738","6","0","0","0","0","0","0","0","0","","0","0","0","7","2","1","","1","0","40 01:50.040","","0","75 04:57.502","8","0","0","0","67301","0","0","0","N","0","0","0","2","67301","0","","1.0","","9","N","N","N","1","","0","0","0","3","2","","714","2","1","0","0","0","1","0","2","0","2","0","0","0","7","04","","N","","","","","","","","","",""
"2021022446","2321","1","0","0","0","0","0","0","0","0","1","0","","67","3","2021","7","39.911868","-75.172755","2316","6","0","0","0","0","0","0","0","0","","0","0","0","23","3","0","","1","1","39 54:42.723","2","0","75 10:21.917","0","0","0","0","67301","0","0","0","N","0","0","0","3","67301","0","","1.0","10.0","1","N","N","N","0","","0","0","1","3","2","N","2300","2","0","0","0","0","0","0","2","0","2","0","0","0","3","03","","N","","","","","","","","","",""
"2021024569","959","5","0","0","0","0","0","0","0","0","5","0","","67","3","2021","2","39.989419","-75.140783","958","6","0","0","0","0","0","0","0","0","","0","0","0","9","1","1","N","0","0","39 59:21.910","","0","75 08:26.820","3","0","0","0","67301","0","0","0","N","0","0","0","3","67301","0","","1.0","","1","N","N","N","0","","1","0","3","0","0","","955","8","1","0","0","0","0","0","2","0","8","0","0","0","3","03","","N","","","","","","","","","",""
"2021035493","2016","0","0","0","0","0","0","0","0","0","8","0","","67","4","2021","5","40.03742","-75.06869","2012","6","0","0","0","0","0","0","0","0","","0","0","0","20","3","1","N","0","0","40 02:14.711","","0","75 04:07.283","4","0","0","0","67301","1","0","0","N","1","0","0","2","67301","1","","1.0","","1","N","N","N","0","","0","0","1","0","0","","2011","2","1","0","0","0","0","0","2","0","1","1","0","0","3","03","","N","","","","","","","","","",""
"2021022322","1857","0","0","0","0","0","0","0","0","0","8","0","","67","3","2021","7","40.049809","-75.174117","1855","6","0","0","0","0","0","1","0","0","","0","0","0","18","3","1","N","0","0","40 02:59.314","","0","75 10:26.820","2","0","0","0","67301","1","0","1","N","1","0","1","2","67301","0","","1.0","","1","N","N","N","0","","0","1","1","0","0","","1855","2","1","0","0","0","0","0","2","0","1","1","0","1","3","03","","N","","","","","","","","","",""
"2021023555","2346","1","0","0","0","0","0","0","0","0","7","0","","67","3","2021","4","40.055873","-75.045272","2344","6","0","0","0","0","0","0","0","0","","0","0","0","23","3","0","","2","0","40 03:21.143","","7","75 02:42.980","9","0","0","0","67301","0","0","0","N","0","0","0","1","67301","0","","4.0","","1","N","N","N","0","","0","0","0","0","0","","2340","1","0","0","0","0","0","1","2","0","1","0","0","0","3","03","","N","","","","","","","","","",""
"2021048638","1625","1","0","0","0","0","0","1","0","0","5","1","","67","5","2021","3","40.001585","-75.152798","1620","6","0","0","0","0","0","0","0","0","","0","0","0","16","1","1","","1","0","40 00:05.705","","0","75 09:10.074","4","0","0","0","67301","0","0","0","N","0","0","0","3","67508","1","","1.0","","1","N","N","Y","0","","0","0","0","3","2","","1620","2","1","0","0","0","0","0","2","0","2","0","0","0","3","03","","N","","","","","","","","","",""
"2021022259","1128","1","0","0","0","0","0","0","0","0","3","0","","67","3","2021","7","39.976258","-75.248036","1122","6","0","0","0","0","0","0","0","1","","0","0","0","11","1","0","N","0","2","39 58:34.530","7","7","75 14:52.930","0","0","0","0","67301","0","0","0","N","0","0","0","2","67301","0","","1.0","1135.0","1","N","N","Y","0","","0","0","1","0","0","Y","1120","2","0","0","0","0","0","0","2","0","2","0","0","0","3","03","","N","","","","","","","","","",""
"2021031918","111","5","0","0","0","0","0","0","0","0","1","0","","67","4","2021","1","39.901105","-75.204065","111","6","0","0","0","0","0","0","0","0","","0","0","0","1","3","0","N","0","2","39 54:03.979","6","3","75 12:14.634","0","0","0","0","67301","0","0","0","N","0","0","0","5","67301","0","","1.0","222.0","1","N","N","N","0","","0","0","0","0","0","Y","106","5","0","0","0","0","0","0","2","0","5","0","0","0","3","03","","N","","","","","","","","","",""
"2021046942","735","1","0","0","0","0","0","0","0","0","4","0","","67","5","2021","1","39.957684","-75.206072","729","6","0","0","0","0","0","1","0","0","","0","0","0","7","1","1","","1","0","39 57:27.664","","0","75 12:21.860","3","0","0","0","67301","0","0","0","N","0","0","0","2","67301","0","","1.0","","1","N","N","N","0","","1","0","1","3","2","","722","2","1","0","0","0","0","0","2","0","2","0","0","0","3","03","","N","","","","","","","","","",""
"2021021561","1853","0","0","0","0","0","0","0","0","0","5","0","","67","3","2021","4","40.060815","-75.082818","1849","6","0","0","0","0","0","0","0","0","","0","0","0","18","3","1","N","0","2","40 03:38.934","6","0","75 04:58.144","3","0","0","0","67301","0","0","0","N","0","0","0","1","67301","0","","6.0","100.0","1","N","N","N","0","","1","0","1","0","0","N","1848","2","1","0","0","0","0","0","2","1","2","0","0","0","3","03","","N","","","","","","","","","",""
"2021025591","416","4","0","0","0","0","0","0","0","0","6","0","","67","3","2021","5","40.011068","-75.077694","410","6","0","0","0","0","0","0","0","0","","0","0","0","4","3","0","N","0","0","40 00:39.845","","0","75 04:39.699","0","0","0","0","67301","0","0","0","N","0","0","0","1","67301","0","","6.0","","1","N","N","N","0","","0","0","1","0","0","","408","5","0","0","0","0","0","0","2","0","5","0","0","0","3","","","N","","","","","","","","","",""
"2021005955","832","1","0","0","0","0","0","0","0","0","5","0","","67","1","2021","6","40.075406","-75.088539","819","6","0","0","0","0","0","0","0","1","","0","0","0","6","1","0","N","0","1","40 04:31.460","2","0","75 05:18.740","0","0","0","0","67301","0","0","0","N","0","0","0","1","67301","0","","6.0","200.0","1","N","N","N","0","","0","0","2","0","0","N","633","3","0","0","0","0","0","0","2","0","3","0","0","0","3","03","","N","","","","","","","","","",""
"2021029075","1645","2","0","0","0","0","0","0","0","0","4","0","","67","3","2021","2","40.107379","-75.028214","1638","6","0","0","0","0","0","0","0","0","","0","0","0","16","1","1","","2","0","40 06:26.565","","0","75 01:41.570","8","0","0","0","67301","0","0","0","N","0","0","0","2","67301","0","","1.0","","1","N","N","N","0","","0","0","0","0","0","","1635","2","1","0","0","0","1","0","2","0","2","0","0","0","3","03","","N","","","","","","","","","",""
"2021048019","1120","2","0","0","0","0","0","0","0","0","5","0","","67","5","2021","3","40.052339","-74.987433","1109","6","0","0","0","1","0","0","1","0","","0","0","0","11","1","1","N","0","1","40 03:08.420","2","0","74 59:14.759","3","0","0","0","67301","0","0","0","Y","0","0","0","2","68K01","0","","1.0","1200.0","1","N","N","N","0","","1","0","0","0","0","N","1108","2","1","1","0","0","0","0","2","0","2","0","0","0","3","","","N","","","","","","","","","",""
"2021054410","1143","1","0","0","0","0","0","0","0","0","5","1","45","67","6","2021","3","40.013748","-75.057021","1136","6","0","0","0","0","0","2","0","0","","0","1","0","11","1","0","N","0","1","40 00:49.493","2","0","75 03:25.276","0","0","0","0","67301","0","0","0","N","0","0","0","2","68K01","0","","1.0","1230.0","1","N","N","N","0","","0","0","0","0","0","N","1135","2","0","0","0","0","0","0","2","0","2","0","0","0","3","","Y","Y","4","1","N","N","N","N","N","N","Y","N"
"2021047834","2105","0","0","0","0","0","0","0","0","0","4","0","","67","5","2021","6","40.003694","-75.094394","2100","6","0","0","0","0","0","0","0","0","","1","0","0","20","3","0","","1","0","40 00:13.298","","0","75 05:39.820","1","1","0","1","67301","0","0","0","N","0","0","0","2","67301","0","2","1.0","","1","N","N","N","0","0","0","0","1","3","2","","2057","2","0","0","0","0","0","0","2","0","2","0","0","0","3","","","N","","","","","","","","","",""
"2021025265","1321","1","0","0","0","0","0","0","0","0","8","0","","67","3","2021","7","39.916846","-75.171803","1321","6","0","0","0","0","0","0","0","0","","0","0","0","18","4","1","N","0","0","39 55:00.646","","0","75 10:18.492","3","0","0","0","67301","1","0","0","N","1","0","0","2","67301","0","","1.0","","1","N","N","N","0","","1","0","0","0","0","","1800","2","1","0","0","0","0","0","2","0","1","1","0","0","3","03","","N","","","","","","","","","",""
"2021022179","1847","1","0","0","0","0","0","0","0","0","4","0","","67","3","2021","6","39.936764","-75.229713","1847","6","0","0","0","0","0","0","0","0","","0","0","0","17","3","2","","1","0","39 56:12.350","","0","75 13:46.966","3","0","0","0","67301","0","0","0","N","0","0","0","2","67301","0","","1.0","","1","N","N","N","0","","2","0","1","3","2","","1757","2","2","0","0","0","0","0","2","0","2","0","0","0","3","03","","N","","","","","","","","","",""
"2021022204","32","1","0","0","0","0","0","0","0","0","5","0","","67","3","2021","1","39.979425","-75.163616","32","6","0","0","0","0","0","0","0","0","","0","0","0","0","3","0","N","0","0","39 58:45.930","","0","75 09:49.018","0","0","0","0","67301","0","0","0","N","0","0","0","1","67505","0","","6.0","","1","N","N","N","0","","0","0","1","0","0","","30","2","0","0","0","0","0","0","2","0","2","0","0","0","3","","","N","","","","","","","","","",""
"2021024555","1730","1","0","0","0","0","0","0","0","0","4","0","","67","3","2021","2","39.993079","-75.147887","1720","6","0","0","0","0","1","0","0","0","","0","0","0","15","1","1","","1","0","39 59:35.083","","0","75 08:52.393","3","0","0","0","67301","0","0","0","N","0","0","0","2","67301","0","","1.0","","1","N","N","N","0","","1","0","1","3","2","","1509","2","1","0","0","0","0","0","2","0","2","0","0","0","3","03","","N","","","","","","","","","",""
"2021024824","1712","2","0","0","0","0","0","0","0","0","4","0","","67","3","2021","2","39.970503","-75.148069","1709","6","0","0","0","0","0","1","0","0","","0","0","0","17","1","3","","1","0","39 58:13.811","","0","75 08:53.050","3","0","0","0","67301","0","0","0","N","0","0","0","3","67301","1","","1.0","","1","N","N","N","0","","1","0","0","3","2","","1707","2","3","2","0","0","1","0","2","0","2","0","0","0","3","03","","N","","","","","","","","","",""
"2021023707","2210","3","0","0","0","0","0","0","0","0","5","0","","67","3","2021","4","40.001426","-75.081721","2200","6","0","0","0","0","0","0","0","0","","0","0","0","21","3","1","","3","0","40 00:05.133","","0","75 04:54.196","3","0","0","0","67301","0","0","0","N","0","0","0","3","67301","0","","1.0","","1","N","N","N","0","","1","0","0","3","2","","2155","3","1","0","0","0","0","0","2","0","3","0","0","0","3","03","","N","","","","","","","","","",""
"2021027137","2051","2","0","0","0","0","0","0","0","0","1","0","","67","3","2021","6","39.962581","-75.213044","2050","6","0","0","0","0","0","1","0","0","","0","0","0","20","3","0","","1","0","39 57:45.290","","0","75 12:46.959","0","0","0","0","67301","0","0","0","N","0","0","0","3","67301","0","","1.0","","1","N","N","N","0","","0","0","0","3","2","","2030","3","0","0","0","0","0","0","2","0","3","0","0","0","3","03","","N","","","","","","","","","",""
"2021021753","2040","1","0","0","0","0","0","0","0","0","4","0","","67","3","2021","5","","","2035","6","0","0","1","0","0","0","0","0","","0","0","0","20","3","1","","2","1","","6","7","","3","0","0","0","67301","0","0","0","N","0","0","0","3","67301","0","","1.0","2100.0","1","N","N","N","0","","1","0","1","0","0","N","2005","2","1","1","0","0","0","1","1","0","2","0","0","0","3","03","","N","","","","","","","","","",""
"2021021993","1655","1","0","0","0","0","0","0","0","0","4","0","","67","3","2021","6","40.06431","-75.153541","1650","6","0","0","0","0","0","0","0","0","","0","0","0","16","1","1","","5","1","40 03:51.516","2","0","75 09:12.747","3","0","0","0","67301","0","0","0","N","0","0","0","5","67301","0","","1.0","1811.0","1","N","N","N","0","","1","0","1","3","2","N","1614","2","1","0","0","0","0","0","2","0","2","0","0","0","3","03","","N","","","","","","","","","",""
"2021021221","220","1","0","0","0","0","0","0","0","0","7","0","","67","3","2021","4","39.998931","-75.158853","215","6","0","0","0","0","0","0","0","0","","0","0","0","2","3","1","N","0","0","39 59:56.150","","3","75 09:31.870","2","0","0","0","67301","0","0","0","N","0","0","0","1","67301","0","","4.0","","1","N","N","N","0","","0","1","0","0","0","","215","1","1","1","0","1","0","0","2","0","1","0","0","0","3","03","","N","","","","","","","","","",""
"2021025465","714","1","0","0","0","0","0","0","0","0","7","0","","67","3","2021","2","39.900773","-75.15453","703","6","0","0","0","0","0","0","0","0","","0","0","0","7","1","0","N","0","1","39 54:02.784","2","3","75 09:16.307","0","0","0","0","67301","0","0","0","N","0","0","0","1","68K01","0","","4.0","30.0","1","N","N","N","0","","0","0","0","0","0","N","702","1","0","0","0","0","0","0","2","0","1","0","0","0","3","","","N","","","","","","","","","",""
"2021047830","1310","0","0","0","0","0","0","0","0","0","8","0","","67","5","2021","3","40.047694","-75.05983","1306","6","0","0","0","1","0","0","0","0","","0","0","0","12","1","2","","1","2","40 02:51.700","4","0","75 03:35.389","3","0","0","1","67301","2","0","0","N","2","0","0","3","67301","0","","1.0","1338.0","1","N","N","N","0","","2","0","0","3","2","N","1253","3","2","0","0","0","0","0","2","0","1","2","0","0","4","04","","N","","","","","","","","","",""