"CRN","ARRIVAL_TM","AUTOMOBILE_COUNT","BELTED_DEATH_COUNT","BELTED_SUSP_SERIOUS_INJ_COUNT","BICYCLE_COUNT","BICYCLE_DEATH_COUNT","BICYCLE_SUSP_SERIOUS_INJ_COUNT","BUS_COUNT","CHLDPAS_DEATH_COUNT","CHLDPAS_SUSP_SERIOUS_INJ_COUNT","COLLISION_TYPE","COMM_VEH_COUNT","CONS_ZONE_SPD_LIM","COUNTY","CRASH_MONTH","CRASH_YEAR","DAY_OF_WEEK","DEC_LATITUDE","DEC_LONGITUDE","DISPATCH_TM","DISTRICT","DRIVER_COUNT_16YR","DRIVER_COUNT_17YR","DRIVER_COUNT_18YR","DRIVER_COUNT_19YR","DRIVER_COUNT_20YR","DRIVER_COUNT_50_64YR","DRIVER_COUNT_65_74YR","DRIVER_COUNT_75PLUS","EST_HRS_CLOSED","FATAL_COUNT","HEAVY_TRUCK_COUNT","HORSE_BUGGY_COUNT","HOUR_OF_DAY","ILLUMINATION","INJURY_COUNT","INTERSECTION_RELATED","INTERSECT_TYPE","LANE_CLOSED","LATITUDE","LN_CLOSE_DIR","LOCATION_TYPE","LONGITUDE","MAX_SEVERITY_LEVEL","MCYCLE_DEATH_COUNT","MCYCLE_SUSP_SERIOUS_INJ_COUNT","MOTORCYCLE_COUNT","MUNICIPALITY","NONMOTR_COUNT","NONMOTR_DEATH_COUNT","NONMOTR_SUSP_SERIOUS_INJ_COUNT","NTFY_HIWY_MAINT","PED_COUNT","PED_DEATH_COUNT","PED_SUSP_SERIOUS_INJ_COUNT","PERSON_COUNT","POLICE_AGCY","POSSIBLE_INJ_COUNT","RDWY_SURF_TYPE_CD","RELATION_TO_ROAD","ROADWAY_CLEARED","ROAD_CONDITION","SCH_BUS_IND","SCH_ZONE_IND","SECONDARY_CRASH","SMALL_TRUCK_COUNT","SPEC_JURIS_CD","SUSP_MINOR_INJ_COUNT","SUSP_SERIOUS_INJ_COUNT","SUV_COUNT","TCD_FUNC_CD","TCD_TYPE","TFC_DETOUR_IND","TIME_OF_DAY","TOTAL_UNITS","TOT_INJ_COUNT","UNBELTED_OCC_COUNT","UNB_DEATH_COUNT","UNB_SUSP_SERIOUS_INJ_COUNT","UNK_INJ_DEG_COUNT","UNK_INJ_PER_COUNT","URBAN_RURAL","VAN_COUNT","VEHICLE_COUNT","VULNERABLE_ROAD_USER_COUNT","VULNERABLE_ROAD_USER_DEATH_COUNT","VULNERABLE_ROAD_USER_SER_INJ_COUNT","WEATHER1","WEATHER2","WORKERS_PRES","WORK_ZONE_IND","WORK_ZONE_LOC","WORK_ZONE_TYPE","WZ_CLOSE_DETOUR","WZ_FLAGGER","WZ_LAW_OFFCR_IND","WZ_LN_CLOSURE","WZ_MOVING","WZ_OTHER","WZ_SHLDER_MDN","WZ_WORKERS_INJ_KILLED"
"2021024513","1043","0","0","0","0","0","0","0","0","0","8","0","","67","3","2021","2","39.952949","-75.159682","1042","6","0","0","0","0","0","1","0","0","","0","0","0","10","1","1","","1","0","39 57:10.616","","0","75 09:34.855","8","0","0","0","67301","1","0","0","N","1","0","0","2","67301","0","","1.0","","1","N","N","N","1","","0","0","0","3","2","","1040","2","1","0","0","0","1","0","2","0","1","1","0","0","3","03","","N","","","","","","","","","",""
"2021022051","1931","1","0","0","0","0","0","0","0","0","1","0","","67","3","2021","6","40.026898","-75.09724","1930","6","0","0","1","0","0","1","0","0","","0","0","0","16","1","1","","1","0","40 01:36.832","","0","75 05:50.065","3","0","0","0","67301","0","0","0","N","0","0","0","3","67301","0","","1.0","","99","N","N","N","1","","1","0","0","3","2","","1652","2","1","0","0","0","0","2","2","0","2","0","0","0","99","","","N","","","","","","","","","",""
"2021050134","526","1","0","0","0","0","0","0","0","0","0","0","","67","5","2021","7","39.990114","-75.220186","524","6","0","0","0","0","0","1","0","0","","0","0","0","5","2","0","N","0","0","39 59:24.410","","0","75 13:12.670","0","0","0","0","67301","0","0","0","N","0","0","0","1","67301","0","","1.0","","9","N","N","N","0","","0","0","0","0","0","","519","1","0","0","0","0","0","0","2","0","1","0","0","0","7","","","N","","","","","","","","","",""
"2021022796","2230","2","0","0","0","0","0","0","0","0","3","0","","67","3","2021","2","39.997684","-75.170967","2220","6","0","0","0","0","0","1","0","0","","0","0","0","22","3","0","","1","0","39 59:51.662","","0","75 10:15.481","0","0","0","0","67301","0","0","0","N","0","0","0","2","67301","0","","1.0","","1","N","N","N","0","","0","0","0","0","0","","2210","2","0","0","0","0","0","0","2","0","2","0","0","0","3","03","","N","","","","","","","","","",""
"2021022868","1313","0","0","0","0","0","0","0","0","0","4","0","","67","3","2021","2","40.100502","-75.042615","1308","6","0","0","0","0","0","0","1","0","","0","0","0","13","1","2","","3","1","40 06:01.806","1","0","75 02:33.414","3","0","0","0","67301","0","0","0","N","0","0","0","4","67301","0","","1.0","1325.0","1","N","N","N","0","","2","0","2","3","2","N","1307","2","2","0","0","0","0","0","2","0","2","0","0","0","3","03","","N","","","","","","","","","",""
"2021022587","1954","2","0","0","0","0","0","0","0","0","1","0","","67","3","2021","7","40.039989","-75.169664","1954","6","0","0","0","0","0","0","0","0","","0","0","0","19","3","0","N","0","0","40 02:23.960","","0","75 10:10.790","0","0","0","0","67301","0","0","0","N","0","0","0","1","67301","0","","6.0","","1","N","N","N","0","","0","0","1","0","0","","1953","3","0","0","0","0","0","0","2","0","3","0","0","0","3","","","N","","","","","","","","","",""
"2021025943","1058","1","0","0","0","0","0","0","0","0","5","0","","67","3","2021","5","39.921561","-75.167492","1045","6","0","0","0","1","0","0","0","0","","0","0","0","10","1","1","N","0","2","39 55:17.620","3","0","75 10:02.970","3","0","0","0","67301","0","0","0","N","0","0","0","1","67301","0","","6.0","1222.0","9","N","N","N","0","","1","0","2","0","0","Y","1044","3","1","0","0","0","0","0","2","0","3","0","0","0","7","","","N","","","","","","","","","",""
"2021048493","1130","1","0","0","0","0","0","0","0","0","7","0","","67","5","2021","7","39.930462","-75.198671","1115","6","0","0","0","0","0","1","0","0","","0","0","0","11","1","1","N","0","2","39 55:49.664","3","0","75 11:55.215","4","0","0","0","67301","0","0","0","N","0","0","0","2","68K01","1","","3.0","1216.0","1","N","N","N","0","","0","0","0","0","0","N","1114","1","1","0","0","0","0","0","2","0","1","0","0","0","3","03","","N","","","","","","","","","",""
"2021048489","735","2","0","0","0","0","0","0","0","0","1","0","","67","5","2021","6","40.019593","-75.044736","722","6","0","0","0","0","0","0","0","0","","0","0","0","7","1","0","N","0","0","40 01:10.535","","0","75 02:41.051","0","0","0","0","67301","0","0","0","N","0","0","0","2","68K01","0","","1.0","","1","N","N","N","0","","0","0","0","0","0","","707","2","0","0","0","0","0","0","2","0","2","0","0","0","3","","","N","","","","","","","","","",""
"2021021848","2034","1","0","0","0","0","0","0","0","0","4","0","","67","3","2021","5","40.033146","-75.10696","2029","6","0","0","0","0","0","0","0","1","","0","0","0","20","3","1","","1","1","40 01:59.326","3","0","75 06:25.057","8","0","0","0","67301","0","0","0","N","0","0","0","2","67301","0","","1.0","2100.0","1","N","N","N","0","","0","0","0","3","2","Y","2026","2","1","0","0","0","1","0","2","1","2","0","0","0","3","","","N","","","","","","","","","",""
"2021051169","1320","2","0","0","0","0","0","0","0","0","1","0","","67","5","2021","6","40.045318","-75.222759","1237","6","0","0","0","0","0","0","0","0","","0","0","0","12","1","0","N","2","0","40 02:43.146","","0","75 13:21.934","0","0","0","0","67301","0","0","0","N","0","0","0","1","67301","0","","6.0","","1","N","N","N","0","","0","0","0","0","0","","1234","2","0","0","0","0","0","0","2","0","2","0","0","0","3","","","N","","","","","","","","","",""
"2021048874","1746","2","0","0","0","0","0","0","0","0","8","0","","67","5","2021","4","39.936189","-75.183436","1744","6","0","0","0","0","0","1","0","0","","0","0","0","17","1","2","N","0","1","39 56:10.280","3","0","75 11:00.370","3","0","0","0","67301","1","0","0","N","1","0","0","2","67301","0","","1.0","1900.0","1","N","N","N","0","","2","0","0","0","0","Y","1738","3","2","0","0","0","0","0","2","0","2","1","0","0","4","04","","N","","","","","","","","","",""
"2021024579","1117","0","0","0","0","0","0","0","0","0","5","0","","67","3","2021","5","40.011054","-75.183349","1107","6","0","0","0","0","0","0","0","1","","0","0","0","10","1","2","N","0","0","40 00:39.795","","0","75 11:00.056","4","0","0","0","67301","0","0","0","N","0","0","0","6","67301","2","","1.0","","1","N","N","N","0","","0","0","3","0","0","","1027","3","2","3","0","0","0","0","2","0","3","0","0","0","3","03","","N","","","","","","","","","",""
"2021023132","820","1","0","0","0","0","0","0","0","0","4","0","","67","3","2021","2","40.023544","-75.133344","815","6","0","0","0","0","0","0","1","0","","0","0","0","8","1","0","","1","0","40 01:24.758","","0","75 08:00.038","0","0","0","0","67301","0","0","0","N","0","0","0","2","67301","0","","1.0","","1","N","N","N","0","","0","0","0","2","2","","810","2","0","0","0","0","0","0","2","1","2","0","0","0","3","03","","N","","","","","","","","","",""
"2021048562","1555","2","0","0","0","0","0","0","0","0","4","0","","67","5","2021","5","40.054528","-75.090776","1550","6","0","0","0","0","0","0","0","0","","0","0","0","15","1","2","","1","0","40 03:16.301","","0","75 05:26.793","3","0","0","0","67301","0","0","0","N","0","0","0","3","67301","0","","1.0","","1","N","N","N","0","","2","0","0","9","3","","1540","2","2","0","0","0","0","0","2","0","2","0","0","0","3","","","N","","","","","","","","","",""
"2021023560","730","0","0","0","0","0","0","0","0","0","4","0","","67","3","2021","4","40.027461","-75.171454","724","6","0","0","0","0","0","0","0","0","","0","0","0","7","1","1","N","0","0","40 01:38.858","","0","75 10:17.234","8","0","0","1","67301","0","0","0","N","0","0","0","3","67301","0","","1.0","","1","N","N","N","0","","0","0","1","0","0","","700","2","1","2","0","0","1","0","2","0","2","0","0","0","3","03","","N","","","","","","","","","",""
"2021021564","830","1","0","0","0","0","0","0","0","0","5","0","","67","3","2021","4","40.070786","-75.038508","820","6","0","0","0","0","0","1","0","0","","0","0","0","8","1","0","N","0","1","40 04:14.831","2","0","75 02:18.629","0","0","0","0","67301","0","0","0","N","0","0","0","7","67301","0","","1.0","920.0","1","N","N","N","1","","0","0","1","0","0","Y","810","5","0","0","0","0","0","0","2","2","5","0","0","0","3","03","","N","","","","","","","","","",""
"2021025010","925","2","0","0","0","0","0","0","0","0","4","0","","67","3","2021","3","39.980644","-75.246891","925","6","0","0","0","1","0","0","0","0","","0","0","0","9","1","1","","3","0","39 58:50.318","","0","75 14:48.807","4","0","0","0","67301","0","0","0","N","0","0","0","2","67301","1","","1.0","","1","N","N","N","0","","0","0","0","3","3","","923","2","1","0","0","0","0","0","2","0","2","0","0","0","4","","","N","","","","","","","","","",""
"2021049080","1930","1","0","0","0","0","0","0","0","0","4","0","","67","5","2021","1","40.001892","-75.130579","1926","6","0","0","0","1","0","0","1","0","","0","0","0","19","4","1","","1","0","40 00:06.811","","0","75 07:50.084","3","0","0","0","67301","0","0","0","N","0","0","0","2","67301","0","","1.0","","1","N","N","N","0","","1","0","1","3","3","","1904","2","1","0","0","0","0","0","2","0","2","0","0","0","3","","","N","","","","","","","","","",""
"2021022786","2210","0","0","0","0","0","0","0","0","0","0","0","","67","3","2021","6","39.990375","-75.149875","2205","6","0","0","0","0","0","0","0","0","","0","0","0","21","3","2","N","0","0","39 59:25.350","","0","75 08:59.550","3","0","0","0","67301","0","0","0","N","0","0","0","2","67301","0","","1.0","","1","N","N","Y","0","","2","0","1","0","0","","2124","1","2","0","0","0","0","0","2","0","1","0","0","0","3","03","","N","","","","","","","","","",""
"2021024527","2018","3","0","0","0","0","0","0","0","0","1","0","","67","3","2021","4","39.965556","-75.190417","2015","6","0","0","0","0","0","1","1","0","","0","0","0","20","3","1","N","0","2","39 57:56.000","1","0","75 11:25.500","3","0","0","0","67301","0","0","0","N","0","0","0","2","67301","0","","1.0","300.0","1","N","N","N","0","","1","0","1","0","0","Y","2013","4","1","0","0","0","0","0","2","0","4","0","0","0","3","03","","N","","","","","","","","","",""
"2021021127","115","1","0","0","0","0","0","0","0","0","5","0","","67","3","2021","4","39.95455","-75.215617","112","6","0","0","0","0","0","0","0","0","","0","0","0","0","3","0","N","0","0","39 57:16.380","","0","75 12:56.220","0","0","0","0","67301","0","0","0","N","0","0","0","1","67301","0","","6.0","","1","N","N","N","0","","0","0","0","0","0","","59","2","0","0","0","0","0","0","2","0","2","0","0","0","3","03","","N","","","","","","","","","",""
"2021037297","1100","0","0","0","0","0","0","0","0","0","4","0","","67","4","2021","7","40.026998","-75.065361","1100","6","0","0","0","0","1","1","0","0","","1","0","0","11","1","0","N","1","2","40 01:37.193","7","0","75 03:55.299","1","1","0","1","67301","0","0","0","N","0","0","0","2","67301","0","2","1.0","1524.0","1","N","N","N","1","0","0","0","0","3","2","Y","1100","2","0","0","0","0","0","0","2","0","2","0","0","0","3","03","","N","","","","","","","","","",""
"2021021757","1247","1","0","0","0","0","0","0","0","0","5","0","","67","3","2021","5","39.959095","-75.242743","1245","6","0","0","0","0","0","0","0","1","","0","0","0","12","1","0","N","0","0","39 57:32.743","","0","75 14:33.874","0","0","0","0","67301","0","0","0","N","0","0","0","1","67301","0","","6.0","","1","N","N","N","0","","0","0","0","0","0","","1230","2","0","0","0","0","0","0","2","1","2","0","0","0","3","03","","N","","","","","","","","","",""
"2021047383","938","1","0","0","0","0","0","0","0","0","4","0","","67","5","2021","6","39.922897","-75.158205","935","6","0","0","0","0","0","0","0","0","","0","0","0","9","1","0","","1","2","39 55:22.430","7","0","75 09:29.537","0","0","0","0","67301","0","0","0","N","0","0","0","4","67301","0","","1.0","938.0","99","N","N","N","0","","0","0","1","3","2","Y","934","2","0","0","0","0","0","0","2","0","2","0","0","0","99","","","N","","","","","","","","","",""
"2021025946","1244","1","0","0","0","0","0","0","0","0","5","0","","67","3","2021","4","39.943651","-75.165554","1244","6","0","0","0","0","0","1","0","0","","0","0","0","12","1","0","","1","2","39 56:37.145","2","0","75 09:55.996","0","0","0","0","67301","0","0","0","N","0","0","0","2","67301","0","","1.0","30.0","1","N","N","N","0","","0","0","0","3","2","N","1235","2","0","0","0","0","0","0","2","1","2","0","0","0","3","","","N","","","","","","","","","",""
"2021023943","1033","1","0","0","0","0","0","0","0","0","5","0","45","67","3","2021","1","39.899165","-75.176607","1026","6","0","0","0","0","0","1","0","0","","0","0","0","10","1","1","N","0","1","39 53:56.994","1","3","75 10:35.785","4","0","0","0","67301","0","0","0","N","0","0","0","4","68K01","1","","1.0","1110.0","1","N","N","N","0","","0","0","1","0","0","N","1024","2","1","1","0","0","0","0","2","0","2","0","0","0","3","","N","Y","1","1","","","N","","","Y","","N"
"2021022321","1145","1","0","0","0","0","0","0","0","0","8","0","","67","3","2021","7","40.048003","-75.183658","1145","6","0","0","0","0","0","0","0","0","","0","0","0","11","1","1","N","0","0","40 02:52.810","","0","75 11:01.170","3","0","0","0","67301","1","0","0","N","1","0","0","2","67301","0","","1.0","","1","N","N","N","0","","1","0","0","0","0","","1130","2","1","0","0","0","0","0","2","0","1","1","0","0","3","03","","N","","","","","","","","","",""
"2021025454","40","2","0","0","0","0","0","0","0","0","1","0","","67","3","2021","4","39.968377","-75.191086","40","6","0","0","0","0","0","0","0","0","","0","0","0","0","3","0","N","0","1","39 58:06.158","3","0","75 11:27.911","0","0","0","0","67301","0","0","0","N","0","0","0","4","68K01","0","","1.0","48.0","1","N","N","N","0","","0","0","1","0","0","N","40","3","0","0","0","0","0","0","2","0","3","0","0","0","3","","","N","","","","","","","","","",""
"2021024728","1642","2","0","0","0","0","0","0","0","0","1","0","45","67","3","2021","5","39.898856","-75.169005","1614","6","0","0","0","0","0","1","0","0","","0","0","0","16","1","2","N","0","0","39 53:55.880","","3","75 10:08.417","3","0","0","0","67301","0","0","0","N","0","0","0","3","68K01","0","","1.0","","1","N","N","N","0","","2","0","0","0","0","","1603","2","2","0","0","0","0","0","2","0","2","0","0","0","3","","N","Y","1","1","","","N","Y","","","","N"
"2021049281","1133","1","0","0","0","0","0","0","0","0","2","1","","67","5","2021","6","39.973992","-75.14416","1125","6","0","0","0","0","0","0","0","0","","0","1","0","11","1","2","","1","1","39 58:26.371","3","0","75 08:38.976","4","0","0","0","67301","0","0","0","N","0","0","0","2","67301","2","","1.0","100.0","1","N","N","Y","0","","0","0","0","3","3","Y","1102","3","2","0","0","0","0","0","2","1","3","0","0","0","3","03","","N","","","","","","","","","",""
"2021022878","1040","2","0","0","0","0","0","0","0","0","1","0","","67","3","2021","3","40.040333","-75.030983","1035","6","0","0","0","0","0","1","0","0","","0","0","0","10","1","2","N","0","1","40 02:25.198","1","7","75 01:51.537","3","0","0","0","67301","0","0","0","N","0","0","0","4","67301","0","","1.0","1055.0","1","N","N","N","1","","2","0","0","0","0","N","1030","3","2","0","0","0","0","0","2","0","3","0","0","0","3","03","","N","","","","","","","","","",""
"2021022880","1931","1","0","0","0","0","0","0","0","0","4","0","","67","3","2021","7","39.990833","-75.130907","1928","6","0","0","0","0","0","0","0","0","","0","0","0","19","3","1","","1","0","39 59:26.999","","0","75 07:51.264","3","0","0","0","67301","0","0","0","N","0","0","0","2","67301","0","","1.0","","1","N","N","N","0","","1","0","1","3","2","","1921","2","1","0","0","0","0","1","2","0","2","0","0","0","3","03","","N","","","","","","","","","",""
"2021022111","453","2","0","0","0","0","0","0","0","0","4","0","","67","3","2021","7","40.050217","-75.127471","451","6","0","0","0","0","0","0","0","0","","0","0","0","4","5","2","","1","2","40 03:00.781","5","0","75 07:38.895","3","0","0","0","67301","0","0","0","N","0","0","0","2","67301","0","","1.0","600.0","1","N","N","N","0","","2","0","0","3","2","N","446","2","2","0","0","0","0","0","2","0","2","0","0","0","3","03","","N","","","","","","","","","",""
"2021021566","2353","3","0","0","0","0","0","0","0","0","6","0","","67","3","2021","4","40.018197","-75.064031","2349","6","0","0","0","0","0","0","0","0","","0","0","0","23","3","1","N","0","2","40 01:05.509","1","0","75 03:50.510","3","0","0","0","67301","0","0","0","N","0","0","0","3","67301","0","","1.0","30.0","1","N","N","N","0","","1","0","0","0","0","Y","2345","3","1","1","0","0","0","0","2","0","3","0","0","0","3","03","","N","","","","","","","","","",""
"2021026032","1141","1","0","0","0","0","0","0","0","0","4","0","","67","3","2021","6","39.982469","-75.264216","1124","6","0","0","0","0","0","0","0","0","","0","0","0","11","1","1","N","0","0","39 58:56.890","","0","75 15:51.176","4","0","0","0","67301","0","0","0","N","0","0","0","2","67301","1","","1.0","","1","N","N","N","0","","0","0","1","0","0","","1115","2","1","1","0","0","0","0","2","0","2","0","0","0","3","","","N","","","","","","","","","",""
"2021048500","2331","1","0","0","0","0","0","0","0","0","7","0","","67","5","2021","7","39.901952","-75.151428","2320","6","0","0","0","0","0","0","0","0","","0","0","0","23","3","1","N","0","0","39 54:07.026","","0","75 09:05.139","3","0","0","0","67301","0","0","0","N","0","0","0","1","68K01","0","","2.0","","1","N","N","N","0","","1","0","0","0","0","","2319","1","1","1","0","0","0","0","2","0","1","0","0","0","3","","","N","","","","","","","","","",""
"2021050687","2030","1","0","0","0","0","0","0","0","0","1","0","","67","6","2021","3","40.029936","-75.159056","2030","6","0","0","0","0","0","0","0","0","","0","0","0","23","6","0","N","0","0","40 01:47.770","","99","75 09:32.600","0","0","0","0","67301","0","0","0","N","0","0","0","0","67301","0","","9.0","","99","N","N","N","0","","0","0","0","0","0","","2330","2","0","0","0","0","0","0","2","0","2","0","0","0","99","","","N","","","","","","","","","",""
"2021048139","100","1","0","0","0","0","0","0","0","0","4","0","","67","5","2021","7","40.111149","-75.024266","107","6","0","0","0","1","0","1","0","0","","0","0","0","0","3","0","","1","0","40 06:40.135","","0","75 01:27.358","0","0","0","0","67301","0","0","0","N","0","0","0","2","67301","0","","1.0","","1","N","N","N","1","","0","0","0","3","2","","45","2","0","0","0","0","0","0","2","0","2","0","0","0","3","03","","N","","","","","","","","","",""
"2021022054","11","2","0","0","0","0","0","0","0","0","6","0","","67","3","2021","6","40.061808","-75.150133","2358","6","0","0","0","0","0","0","0","0","","0","0","0","23","3","0","N","0","0","40 03:42.510","","0","75 09:00.480","9","0","0","0","67301","0","0","0","N","0","0","0","1","67301","0","","6.0","","1","N","N","N","0","","0","0","2","0","0","","2352","4","0","0","0","0","0","1","2","0","4","0","0","0","3","03","","N","","","","","","","","","",""
"2021020849","2133","1","0","0","0","0","0","0","0","0","1","0","","67","3","2021","3","39.897575","-75.252373","2125","6","0","0","0","0","0","0","0","0","","0","0","0","21","6","1","","1","0","39 53:51.270","","0","75 15:08.543","8","0","0","0","67301","0","0","0","N","0","0","0","3","67301","0","","1.0","","1","N","N","N","1","","0","0","0","3","2","","2118","3","1","0","0","0","1","1","2","1","3","0","0","0","3","03","","N","","","","","","","","","",""
"2021030385","1659","2","0","0","0","0","0","0","0","0","3","0","","67","3","2021","4","39.939769","-75.182194","1658","6","0","0","0","0","0","0","0","0","","0","0","0","16","1","1","N","0","0","39 56:23.170","","0","75 10:55.900","4","0","0","0","67301","0","0","0","N","0","0","0","2","67301","1","","1.0","","1","N","N","N","0","","0","0","0","0","0","","1649","2","1","0","0","0","0","1","2","0","2","0","0","0","3","03","","N","","","","","","","","","",""
"2021030650","1450","0","0","0","0","0","0","0","0","0","8","0","","67","4","2021","6","40.076444","-75.195025","1446","6","0","0","0","0","0","0","0","0","","0","0","0","13","1","1","","1","0","40 04:35.197","","0","75 11:42.089","3","0","0","0","67301","1","0","0","N","1","0","0","2","67301","0","","1.0","","1","N","N","N","1","","1","0","0","3","2","","1350","2","1","0","0","0","0","0","2","0","1","1","0","0","3","","","N","","","","","","","","","",""
"2021022584","714","2","0","0","0","0","0","0","0","0","4","0","","67","3","2021","2","39.902499","-75.224775","709","6","0","0","0","0","0","0","0","0","","0","0","0","7","1","1","","2","1","39 54:08.998","4","0","75 13:29.191","3","0","0","0","67301","0","0","0","N","0","0","0","2","67301","0","","1.0","100.0","1","N","N","N","0","","1","0","0","3","2","N","708","2","1","0","0","0","0","0","2","0","2","0","0","0","3","03","","N","","","","","","","","","",""
"2021050982","1954","1","0","0","0","0","0","0","0","0","4","0","","67","6","2021","4","40.027028","-75.107343","1948","6","0","0","0","0","0","0","1","0","","0","0","0","19","1","0","N","0","1","40 01:37.299","3","0","75 06:26.434","9","0","0","0","67301","0","0","0","N","0","0","0","1","67301","0","","1.0","2045.0","1","N","N","N","1","","0","0","1","0","0","Y","1944","3","0","0","0","0","0","1","2","0","3","0","0","0","3","","","N","","","","","","","","","",""
"2021023557","1320","1","0","0","0","0","0","0","0","0","1","0","","67","3","2021","4","40.008319","-75.127187","1309","6","0","0","0","0","0","1","0","0","","0","0","0","13","1","1","","2","0","40 00:29.948","","0","75 07:37.873","3","0","0","0","67301","0","0","0","N","0","0","0","2","67301","0","","1.0","","1","N","N","N","0","","1","0","1","3","2","","1304","2","1","0","0","0","0","0","2","0","2","0","0","0","3","","","N","","","","","","","","","",""
"2021046956","40","1","0","0","0","0","0","0","0","0","8","0","","67","5","2021","1","39.97958","-75.129465","40","6","0","0","0","0","0","0","0","0","","0","0","0","0","3","1","","1","0","39 58:46.489","","0","75 07:46.075","3","0","0","0","67301","0","0","0","N","0","0","0","3","67301","0","","1.0","","1","N","N","N","0","","1","0","0","3","2","","40","2","1","1","0","0","0","0","2","0","2","0","0","0","3","03","","N","","","","","","","","","",""
"2021024563","2356","2","0","0","0","0","0","0","0","0","1","0","","67","3","2021","6","40.025045","-75.125456","2341","6","0","0","0","0","0","0","0","0","","0","0","0","22","3","0","","1","1","40 01:30.162","1","0","75 07:31.641","0","0","0","0","67301","0","0","0","N","0","0","0","3","67301","0","","1.0","46.0","1","N","N","N","0","","0","0","0","3","2","N","2238","2","0","0","0","0","0","0","2","0","2","0","0","0","3","03","","N","","","","","","","","","",""
"2021049371","1809","2","0","0","0","0","0","0","0","0","5","0","","67","5","2021","5","39.958533","-75.168067","1753","6","0","0","0","0","0","0","1","0","","0","0","0","17","1","0","N","0","1","39 57:30.717","3","1","75 10:05.040","0","0","0","0","67301","0","0","0","N","0","0","0","4","68K01","0","","1.0","15.0","1","N","N","N","0","","0","0","1","0","0","N","1749","3","0","0","0","0","0","0","2","0","3","0","0","0","3","","","N","","","","","","","","","",""
"2021022704","2148","2","0","0","0","0","0","0","0","0","1","0","","67","3","2021","1","39.920686","-75.141094","2139","6","0","0","0","0","0","1","0","0","","0","0","0","20","3","2","","1","0","39 55:14.471","","0","75 08:27.940","4","0","0","0","67301","0","0","0","N","0","0","0","3","67301","1","","1.0","","1","N","N","N","0","","0","0","0","3","2","","2057","2","2","0","0","0","1","0","2","0","2","0","0","0","3","03","","N","","","","","","","","","",""
"2021021213","150","2","0","0","0","0","0","0","0","0","5","0","","67","3","2021","4","40.015139","-75.078822","147","6","0","0","0","0","0","0","0","0","","0","0","0","1","3","1","N","0","2","40 00:54.500","5","0","75 04:43.760","3","0","0","0","67301","0","0","0","N","0","0","0","1","67301","0","","6.0","210.0","1","N","N","N","0","","1","0","1","0","0","N","112","3","1","0","0","0","0","0","2","0","3","0","0","0","3","03","","N","","","","","","","","","",""
"2021024581","2100","1","0","0","0","0","0","0","0","0","4","0","","67","3","2021","6","40.020429","-75.156861","2100","6","0","0","0","0","0","1","0","0","","0","0","0","20","3","1","","2","2","40 01:13.546","5","0","75 09:24.699","8","0","0","0","67301","0","0","0","N","0","0","0","2","67301","0","","1.0","2130.0","1","N","N","N","0","","0","0","1","0","0","Y","2045","3","1","0","0","0","1","0","2","1","3","0","0","0","3","03","","N","","","","","","","","","",""
"2021024571","2235","1","0","0","0","0","0","0","0","0","1","0","","67","3","2021","5","40.021422","-75.140039","2225","6","0","0","0","0","0","0","0","0","","0","0","0","22","3","0","N","0","0","40 01:17.118","","0","75 08:24.141","0","0","0","0","67301","0","0","0","N","0","0","0","2","67301","0","","1.0","","1","N","N","N","0","","0","0","1","0","0","","2215","2","0","0","0","0","0","0","2","0","2","0","0","0","3","03","","N","","","","","","","","","",""
"2021024559","801","2","0","0","0","0","0","0","0","0","4","0","","67","3","2021","5","40.007217","-75.123438","744","6","0","0","0","0","0","0","0","0","","0","0","0","6","1","0","","1","0","40 00:25.981","","0","75 07:24.378","0","0","0","0","67301","0","0","0","N","0","0","0","2","67301","0","","1.0","","1","N","N","N","0","","0","0","0","3","2","","648","2","0","0","0","0","0","0","2","0","2","0","0","0","3","","","N","","","","","","","","","",""
"2021049274","1531","0","0","0","0","0","0","0","0","0","8","0","","67","5","2021","7","40.041622","-75.064336","1526","6","0","0","0","0","0","0","0","0","","0","0","0","13","1","1","","1","0","40 02:29.839","","0","75 03:51.611","3","0","0","0","67301","1","0","0","N","1","0","0","1","67301","0","","1.0","","9","N","N","N","0","","1","0","1","3","2","","1330","2","1","0","0","0","0","0","2","0","1","1","0","0","7","","","N","","","","","","","","","",""
"2021021984","135","1","0","0","0","0","0","0","0","0","4","0","","67","3","2021","7","39.983434","-75.158572","135","6","0","0","0","0","0","0","0","0","","0","0","0","1","3","0","","1","2","39 59:00.364","7","0","75 09:30.860","0","0","0","0","67301","0","0","0","N","0","0","0","3","67505","0","","1.0","215.0","1","N","N","Y","0","","0","0","1","3","2","Y","134","2","0","0","0","0","0","0","2","0","2","0","0","0","3","","","N","","","","","","","","","",""
"2021023480","7","2","0","0","0","0","0","0","0","0","5","0","","67","3","2021","4","39.953763","-75.175085","1","6","0","0","0","0","0","1","0","0","","0","0","0","23","3","0","","1","0","39 57:13.546","","0","75 10:30.306","0","0","0","0","67301","0","0","0","N","0","0","0","3","67301","0","","1.0","","1","N","N","N","0","","0","0","1","3","2","","2350","3","0","3","0","0","0","0","2","0","3","0","0","0","3","03","","N","","","","","","","","","",""
"2021046336","2021","1","0","0","0","0","0","0","0","0","1","0","","67","5","2021","6","40.040858","-75.144227","2021","6","0","0","0","0","0","0","0","0","","0","0","0","20","3","1","N","0","0","40 02:27.090","","0","75 08:39.218","3","0","0","1","67301","0","0","0","N","0","0","0","2","67301","0","","1.0","","1","N","N","N","0","","1","0","0","0","0","","2019","2","1","0","0","0","0","1","2","0","2","0","0","0","3","03","","N","","","","","","","","","",""