"CRN","ARRIVAL_TM","AUTOMOBILE_COUNT","BELTED_DEATH_COUNT","BELTED_SUSP_SERIOUS_INJ_COUNT","BICYCLE_COUNT","BICYCLE_DEATH_COUNT","BICYCLE_SUSP_SERIOUS_INJ_COUNT","BUS_COUNT","CHLDPAS_DEATH_COUNT","CHLDPAS_SUSP_SERIOUS_INJ_COUNT","COLLISION_TYPE","COMM_VEH_COUNT","CONS_ZONE_SPD_LIM","COUNTY","CRASH_MONTH","CRASH_YEAR","DAY_OF_WEEK","DEC_LATITUDE","DEC_LONGITUDE","DISPATCH_TM","DISTRICT","DRIVER_COUNT_16YR","DRIVER_COUNT_17YR","DRIVER_COUNT_18YR","DRIVER_COUNT_19YR","DRIVER_COUNT_20YR","DRIVER_COUNT_50_64YR","DRIVER_COUNT_65_74YR","DRIVER_COUNT_75PLUS","EST_HRS_CLOSED","FATAL_COUNT","HEAVY_TRUCK_COUNT","HORSE_BUGGY_COUNT","HOUR_OF_DAY","ILLUMINATION","INJURY_COUNT","INTERSECTION_RELATED","INTERSECT_TYPE","LANE_CLOSED","LATITUDE","LN_CLOSE_DIR","LOCATION_TYPE","LONGITUDE","MAX_SEVERITY_LEVEL","MCYCLE_DEATH_COUNT","MCYCLE_SUSP_SERIOUS_INJ_COUNT","MOTORCYCLE_COUNT","MUNICIPALITY","NONMOTR_COUNT","NONMOTR_DEATH_COUNT","NONMOTR_SUSP_SERIOUS_INJ_COUNT","NTFY_HIWY_MAINT","PED_COUNT","PED_DEATH_COUNT","PED_SUSP_SERIOUS_INJ_COUNT","PERSON_COUNT","POLICE_AGCY","POSSIBLE_INJ_COUNT","RDWY_SURF_TYPE_CD","RELATION_TO_ROAD","ROADWAY_CLEARED","ROAD_CONDITION","SCH_BUS_IND","SCH_ZONE_IND","SECONDARY_CRASH","SMALL_TRUCK_COUNT","SPEC_JURIS_CD","SUSP_MINOR_INJ_COUNT","SUSP_SERIOUS_INJ_COUNT","SUV_COUNT","TCD_FUNC_CD","TCD_TYPE","TFC_DETOUR_IND","TIME_OF_DAY","TOTAL_UNITS","TOT_INJ_COUNT","UNBELTED_OCC_COUNT","UNB_DEATH_COUNT","UNB_SUSP_SERIOUS_INJ_COUNT","UNK_INJ_DEG_COUNT","UNK_INJ_PER_COUNT","URBAN_RURAL","VAN_COUNT","VEHICLE_COUNT","VULNERABLE_ROAD_USER_COUNT","VULNERABLE_ROAD_USER_DEATH_COUNT","VULNERABLE_ROAD_USER_SER_INJ_COUNT","WEATHER1","WEATHER2","WORKERS_PRES","WORK_ZONE_IND","WORK_ZONE_LOC","WORK_ZONE_TYPE","WZ_CLOSE_DETOUR","WZ_FLAGGER","WZ_LAW_OFFCR_IND","WZ_LN_CLOSURE","WZ_MOVING","WZ_OTHER","WZ_SHLDER_MDN","WZ_WORKERS_INJ_KILLED"
"2021022296","355","2","0","0","0","0","0","0","0","0","4","0","","67","3","2021","1","39.971446","-75.159371","353","6","0","0","0","0","1","0","0","0","","0","0","0","3","3","0","","1","0","39 58:17.205","","0","75 09:33.736","0","0","0","0","67301","0","0","0","N","0","0","0","2","67505","0","","1.0","","1","N","N","N","0","","0","0","0","3","2","","353","2","0","1","0","0","0","0","2","0","2","0","0","0","3","","","N","","","","","","","","","",""
"2021022712","1107","0","0","0","0","0","0","0","0","0","8","0","","67","3","2021","7","39.960198","-75.239082","1103","6","0","0","0","0","0","0","0","0","","0","0","0","10","1","1","","1","2","39 57:36.714","3","0","75 14:20.695","2","0","0","0","67301","1","0","1","N","1","0","1","2","67301","0","","1.0","1250.0","1","N","N","N","0","","0","1","1","3","2","Y","1057","2","1","1","0","0","0","0","2","0","1","1","0","1","3","03","","N","","","","","","","","","",""
"2021038174","2126","1","0","0","0","0","0","0","0","0","7","0","","67","3","2021","4","39.96896","-75.127901","2121","6","0","0","0","0","0","0","0","0","","0","0","0","21","3","0","N","0","1","39 58:08.255","2","0","75 07:40.443","0","0","0","0","67301","0","0","0","N","0","0","0","1","68K01","0","","3.0","2152.0","1","N","N","N","0","","0","0","0","0","0","N","2117","1","0","0","0","0","0","0","2","0","1","0","0","0","3","","","N","","","","","","","","","",""
"2021025494","1518","0","0","0","0","0","0","0","0","0","8","0","","67","3","2021","5","40.01955","-75.108325","1518","6","0","0","0","0","0","0","0","0","","0","0","0","12","1","1","","2","1","40 01:10.380","1","0","75 06:29.969","3","0","0","0","67301","1","0","0","N","1","0","0","2","67301","0","","1.0","1255.0","1","N","N","N","0","","1","0","1","0","0","N","1245","2","1","0","0","0","0","0","2","0","1","1","0","0","3","","","N","","","","","","","","","",""
"2021026155","544","2","0","0","0","0","0","0","0","0","6","0","","67","3","2021","2","40.009123","-75.122294","544","6","0","0","0","0","0","0","0","0","","0","0","0","5","3","0","N","0","0","40 00:32.841","","0","75 07:20.258","0","0","0","0","67301","0","0","0","N","0","0","0","1","67301","0","","6.0","","1","N","N","N","0","","0","0","1","0","0","","542","3","0","0","0","0","0","0","2","0","3","0","0","0","3","","","N","","","","","","","","","",""
"2021031020","2148","2","0","0","0","0","0","0","0","0","4","0","","67","3","2021","3","40.044377","-75.217824","2145","6","0","0","0","0","1","0","0","0","","0","0","0","21","2","2","","2","0","40 02:39.757","","0","75 13:04.166","8","0","0","0","67301","0","0","0","N","0","0","0","3","67301","0","","1.0","","1","N","N","N","0","","0","0","0","0","0","","2140","2","2","0","0","0","2","0","2","0","2","0","0","0","3","","","N","","","","","","","","","",""
"2021029400","1719","1","0","0","0","0","0","0","0","0","4","0","","67","3","2021","3","39.938271","-75.19856","1719","6","0","0","0","0","0","0","0","0","","0","0","0","17","1","1","","1","0","39 56:17.777","","0","75 11:54.817","8","0","0","0","67301","0","0","0","N","0","0","0","2","67301","0","","1.0","","1","N","N","N","0","","0","0","0","3","2","","1719","2","1","0","0","0","1","0","2","1","2","0","0","0","3","03","","N","","","","","","","","","",""
"2021041382","320","1","0","0","0","0","0","0","0","0","5","0","","67","3","2021","7","40.008556","-75.141667","315","6","0","0","0","0","0","0","0","0","","0","0","0","2","3","0","N","0","0","40 00:30.800","","0","75 08:30.000","0","0","0","0","67301","0","0","0","N","0","0","0","1","67301","0","","6.0","","1","N","N","N","1","","0","0","0","0","0","","250","2","0","0","0","0","0","0","2","0","2","0","0","0","3","03","","N","","","","","","","","","",""
"2021024538","2000","1","0","0","1","0","0","0","0","0","8","0","","67","3","2021","5","39.981704","-75.22624","1959","6","0","0","0","0","0","0","0","0","","0","0","0","18","1","1","","1","0","39 58:54.134","","0","75 13:34.463","3","0","0","0","67301","1","0","0","N","0","0","0","2","67301","0","","1.0","","1","N","N","N","0","","1","0","0","0","0","","1826","2","1","0","0","0","0","0","2","0","1","1","0","0","3","03","","N","","","","","","","","","",""
"2021048366","1937","3","0","0","0","0","0","0","0","0","5","0","","67","5","2021","3","39.984781","-75.112178","1934","6","0","0","0","0","0","0","0","0","","0","0","0","19","1","1","N","0","1","39 59:05.210","1","0","75 06:43.840","2","0","0","0","67301","0","0","0","N","0","0","0","1","67301","0","","1.0","2229.0","1","N","N","N","0","","0","1","0","0","0","N","1933","3","1","0","0","0","0","0","2","0","3","0","0","0","3","03","","N","","","","","","","","","",""
"2021046948","122","0","0","0","0","0","0","0","0","0","8","0","","67","5","2021","2","39.97295","-75.226117","122","6","0","0","0","0","0","0","0","0","","0","0","0","1","3","1","N","0","2","39 58:22.621","6","0","75 13:34.020","8","0","0","0","67301","1","0","0","N","1","0","0","2","67301","0","","4.0","300.0","1","N","N","N","1","","0","0","0","0","0","Y","121","2","1","0","0","0","1","1","2","0","1","1","0","0","3","03","","N","","","","","","","","","",""
"2021047660","352","2","0","0","0","0","0","0","0","0","1","0","","67","5","2021","7","39.951436","-75.182768","344","6","0","0","1","0","0","1","0","0","","0","0","0","3","3","0","N","0","1","39 57:05.171","3","0","75 10:57.963","0","0","0","0","67301","0","0","0","N","0","0","0","4","68K01","0","","1.0","418.0","1","N","N","N","0","","0","0","0","0","0","N","341","2","0","0","0","0","0","0","2","0","2","0","0","0","3","","","N","","","","","","","","","",""
"2021023709","1729","2","0","0","0","0","0","0","0","0","4","0","","67","3","2021","4","39.964112","-75.216403","1729","6","0","0","0","0","0","0","0","0","","0","0","0","17","1","0","","1","0","39 57:50.803","","0","75 12:59.050","0","0","0","0","67301","0","0","0","N","0","0","0","2","67301","0","","1.0","","1","N","Y","N","0","","0","0","0","3","2","","1729","2","0","0","0","0","0","0","2","0","2","0","0","0","3","03","","N","","","","","","","","","",""
"2021021059","55","1","0","0","0","0","0","0","0","0","1","0","","67","3","2021","4","40.03946","-75.033366","51","6","0","0","0","0","0","0","0","0","","0","0","0","0","3","1","","1","0","40 02:22.057","","0","75 02:00.117","3","0","0","0","67301","0","0","0","N","0","0","0","4","67301","0","","1.0","","1","N","N","N","0","","1","0","1","3","2","","50","2","1","0","0","0","0","0","2","0","2","0","0","0","3","03","","N","","","","","","","","","",""
"2021021966","1919","0","0","0","0","0","0","0","0","0","4","0","","67","3","2021","6","39.972028","-75.234475","1919","6","0","0","0","0","0","0","0","0","","0","0","0","19","3","1","","1","0","39 58:19.300","","0","75 14:04.109","3","0","0","0","67301","0","0","0","N","0","0","0","3","67301","0","","1.0","","1","N","N","N","0","","1","0","2","3","3","","1915","2","1","0","0","0","0","0","2","0","2","0","0","0","3","03","","N","","","","","","","","","",""
"2021024577","15","0","0","0","0","0","0","0","0","0","5","0","","67","3","2021","4","40.016646","-75.149631","2350","6","0","0","0","0","0","0","0","0","","0","0","0","23","3","1","N","0","0","40 00:59.925","","0","75 08:58.670","3","0","0","0","67301","0","0","0","N","0","0","0","2","67301","0","","6.0","","1","N","N","N","0","","1","0","2","0","0","","2300","2","1","0","0","0","0","0","2","0","2","0","0","0","3","03","","N","","","","","","","","","",""
"2021021673","2037","1","0","0","0","0","0","0","0","0","4","0","","67","3","2021","5","40.069832","-75.170659","2037","6","0","0","0","0","0","1","0","1","","0","0","0","20","3","1","","1","0","40 04:11.395","","0","75 10:14.372","3","0","0","0","67301","0","0","0","N","0","0","0","2","67301","0","","1.0","","1","N","N","N","0","","1","0","1","3","3","","2025","2","1","0","0","0","0","0","2","0","2","0","0","0","3","04","","N","","","","","","","","","",""
"2021059205","1955","3","0","0","0","0","0","0","0","0","4","0","","67","6","2021","5","39.957549","-75.1601","1950","6","0","1","0","0","1","0","0","0","","0","0","0","19","1","0","N","0","2","39 57:27.175","3","0","75 09:36.359","0","0","0","0","67301","0","0","0","N","0","0","0","3","68K01","0","","1.0","2030.0","1","N","N","N","0","","0","0","0","0","0","N","1949","4","0","0","0","0","0","0","2","0","4","0","0","0","3","03","","N","","","","","","","","","",""
"2021057162","1430","0","0","0","0","0","0","0","0","0","8","0","","67","6","2021","7","40.038972","-75.150035","1409","6","0","0","0","0","0","0","0","0","","0","0","0","13","1","1","","1","0","40 02:20.299","","0","75 09:00.127","3","0","0","0","67301","1","0","0","N","1","0","0","2","67301","0","","1.0","","1","N","N","N","1","","1","0","0","3","2","","1325","2","1","0","0","0","0","1","2","0","1","1","0","0","3","","","N","","","","","","","","","",""
"2021046918","340","1","0","0","0","0","0","0","0","0","1","0","","67","5","2021","7","39.88375","-75.223317","327","6","0","0","0","0","0","0","0","0","","0","0","0","1","3","0","","2","0","39 53:01.501","","0","75 13:23.940","0","0","0","0","67301","0","0","0","N","0","0","0","6","67301","0","","1.0","","1","N","N","N","0","","0","0","1","3","3","","139","2","0","4","0","0","0","0","2","0","2","0","0","0","3","03","","N","","","","","","","","","",""
"2021047184","2119","1","0","0","0","0","0","0","0","0","7","0","","67","5","2021","4","39.965399","-75.186019","2119","6","0","0","0","0","0","0","0","0","","0","0","0","21","3","1","N","7","2","39 57:55.435","3","2","75 11:09.669","3","0","0","0","67301","0","0","0","Y","0","0","0","1","68K01","0","","7.0","30.0","1","N","N","N","0","","1","0","0","0","0","N","2110","1","1","0","0","0","0","0","2","0","1","0","0","0","3","","","N","","","","","","","","","",""
"2021022581","446","2","0","0","0","0","0","0","0","0","4","0","","67","3","2021","7","39.926078","-75.224812","441","6","0","0","0","0","0","0","0","0","","0","0","0","4","3","0","","1","0","39 55:33.882","","0","75 13:29.323","9","0","0","0","67301","0","0","0","N","0","0","0","2","67301","0","","1.0","","1","N","N","N","0","","0","0","0","3","2","","441","2","0","0","0","0","0","1","2","0","2","0","0","0","3","03","","N","","","","","","","","","",""
"2021047247","2112","0","0","0","0","0","0","0","0","0","8","0","","67","5","2021","1","39.995506","-75.179222","2112","6","0","0","0","0","0","0","0","0","","0","0","0","21","3","1","N","0","0","39 59:43.820","","0","75 10:45.200","3","0","0","0","67301","1","0","0","N","1","0","0","2","67301","0","","1.0","","1","N","N","N","0","","1","0","1","0","0","","2111","2","1","0","0","0","0","0","2","0","1","1","0","0","3","","","N","","","","","","","","","",""
"2021021674","1600","0","0","0","0","0","0","0","0","0","4","0","","67","3","2021","5","39.967336","-75.245842","1600","6","0","0","0","0","0","0","0","0","","0","0","0","14","1","1","","1","0","39 58:02.410","","0","75 14:45.030","3","0","0","0","67301","0","0","0","N","0","0","0","3","67301","0","","1.0","","1","N","N","N","0","","1","0","1","3","2","","1400","2","1","0","0","0","0","0","2","0","2","0","0","0","3","03","","N","","","","","","","","","",""
"2021023554","1845","0","0","0","0","0","0","0","0","0","4","0","","67","3","2021","4","40.047473","-75.01405","1845","6","0","0","1","0","0","0","0","0","","0","0","0","18","3","2","","2","0","40 02:50.904","","0","75 00:50.580","2","0","1","1","67301","0","0","0","N","0","0","0","2","67301","0","","1.0","","1","N","N","N","0","","1","1","1","0","0","","1845","2","2","0","0","0","0","0","2","0","2","0","0","0","3","03","","N","","","","","","","","","",""
"2021023042","2116","1","0","0","1","0","0","0","0","0","8","0","","67","3","2021","3","39.977704","-75.161444","2114","6","0","0","0","0","0","0","0","0","","0","0","0","21","3","1","","1","0","39 58:39.733","","0","75 09:41.198","4","0","0","0","67301","1","0","0","N","0","0","0","2","67505","1","","1.0","","1","N","N","N","0","","0","0","0","3","2","","2107","2","1","0","0","0","0","0","2","0","1","1","0","0","3","","","N","","","","","","","","","",""
"2021022589","750","1","0","0","0","0","0","0","0","0","8","0","","67","3","2021","2","39.960936","-75.219453","744","6","0","0","0","0","0","0","0","1","","0","0","0","7","1","1","","2","0","39 57:39.369","","0","75 13:10.030","3","0","0","0","67301","1","0","0","N","1","0","0","2","67301","0","","1.0","","1","N","N","N","0","","1","0","0","3","3","","743","2","1","1","0","0","0","0","2","0","1","1","0","0","3","03","","N","","","","","","","","","",""
"2021047055","815","1","0","0","0","0","0","1","0","0","4","1","","67","5","2021","2","39.942443","-75.147383","812","6","0","0","0","0","0","0","1","0","","0","0","0","7","1","1","","1","0","39 56:32.795","","0","75 08:50.577","3","0","0","0","67301","0","0","0","N","0","0","0","2","67301","0","","1.0","","1","N","N","N","0","","1","0","0","0","0","","740","2","1","1","0","0","0","0","2","0","2","0","0","0","3","04","","N","","","","","","","","","",""
"2021031825","1909","0","0","0","0","0","0","0","0","0","7","0","55","67","3","2021","2","39.899231","-75.177461","1909","6","0","0","0","0","0","0","0","0","","0","0","0","19","3","1","N","0","1","39 53:57.230","2","3","75 10:38.859","3","0","0","0","67301","0","0","0","N","0","0","0","1","68K01","0","","4.0","2040.0","1","N","N","N","0","","1","0","1","0","0","N","1909","1","1","0","0","0","0","0","2","0","1","0","0","0","3","","N","Y","4","1","","","N","","","","Y","N"
"2021021697","2155","1","0","0","0","0","0","0","0","0","1","0","","67","3","2021","5","40.022591","-75.138005","2155","6","0","0","0","0","0","0","0","0","","0","0","0","21","3","1","N","0","0","40 01:21.326","","6","75 08:16.819","3","0","0","0","67301","0","0","0","N","0","0","0","2","67301","0","","1.0","","1","N","N","N","0","","1","0","1","0","0","","2155","2","1","0","0","0","0","0","2","0","2","0","0","0","3","","","N","","","","","","","","","",""
"2021049181","1600","2","0","0","0","0","0","0","0","0","2","0","","67","5","2021","3","40.044138","-75.14694","1558","6","0","0","1","0","0","0","0","0","","0","0","0","14","1","1","","1","0","40 02:38.896","","0","75 08:48.983","3","0","0","0","67301","0","0","0","N","0","0","0","1","67301","0","","1.0","","1","N","N","N","0","","1","0","0","3","3","","1415","2","1","0","0","0","0","0","2","0","2","0","0","0","3","","","N","","","","","","","","","",""
"2021024912","1245","1","0","0","0","0","0","0","0","0","5","0","","67","3","2021","3","39.988964","-75.250154","1240","6","0","0","0","0","0","0","0","0","","0","0","0","12","1","1","N","0","0","39 59:20.270","","0","75 15:00.553","3","0","0","0","67301","0","0","0","N","0","0","0","2","67301","0","","6.0","","1","N","N","N","0","","1","0","1","0","0","","1220","2","1","0","0","0","0","0","2","0","2","0","0","0","3","","","N","","","","","","","","","",""
"2021024914","930","1","0","0","0","0","0","0","0","0","4","0","","67","3","2021","5","39.962724","-75.246709","957","6","0","0","0","0","0","1","0","0","","0","0","0","9","1","1","","1","0","39 57:45.805","","1","75 14:48.154","3","0","0","0","67301","0","0","0","N","0","0","0","2","67301","0","","1.0","","1","N","N","N","0","","1","0","1","3","2","","920","2","1","0","0","0","0","0","2","0","2","0","0","0","3","03","","N","","","","","","","","","",""
"2021024511","1811","0","0","0","0","0","0","0","0","0","4","0","","67","3","2021","6","39.95762","-75.145687","1806","6","0","0","0","0","0","0","0","0","","0","0","0","17","3","0","","1","0","39 57:27.432","","0","75 08:44.473","0","0","0","0","67301","0","0","0","N","0","0","0","2","67301","0","","1.0","","1","N","N","N","0","","0","0","2","3","2","","1757","2","0","0","0","0","0","0","2","0","2","0","0","0","3","03","","N","","","","","","","","","",""
"2021022255","533","1","0","0","0","0","0","0","0","0","5","0","","67","3","2021","7","39.927408","-75.226486","533","6","0","0","0","0","0","0","0","0","","0","0","0","5","3","0","N","0","0","39 55:38.670","","0","75 13:35.350","9","0","0","0","67301","0","0","0","N","0","0","0","1","67301","0","","6.0","","1","N","N","N","0","","0","0","1","0","0","","533","2","0","0","0","0","0","1","2","0","2","0","0","0","3","","","N","","","","","","","","","",""
"2021023390","1900","1","0","0","0","0","0","0","0","0","8","0","","67","3","2021","2","39.939765","-75.23591","1855","6","0","0","0","0","0","0","0","0","","0","0","0","18","3","1","","2","0","39 56:23.153","","0","75 14:09.277","3","0","0","0","67301","1","0","0","N","1","0","0","2","67301","0","","1.0","","1","N","N","N","0","","1","0","0","0","0","","1837","2","1","0","0","0","0","0","2","0","1","1","0","0","3","03","","N","","","","","","","","","",""
"2021025191","1655","1","0","0","0","0","0","0","0","0","1","0","","67","3","2021","2","39.97884","-75.189211","1652","6","0","0","0","0","0","2","0","0","","0","0","0","16","1","0","N","0","0","39 58:43.823","","0","75 11:21.159","0","0","0","0","67301","0","0","0","N","0","0","0","2","67301","0","","1.0","","1","N","N","N","0","","0","0","1","0","0","","1620","2","0","0","0","0","0","0","2","0","2","0","0","0","3","03","","N","","","","","","","","","",""
"2021048478","1742","3","0","0","0","0","0","0","0","0","5","0","","67","5","2021","4","40.000669","-75.195072","1717","6","0","0","0","0","1","1","0","0","","0","0","0","17","1","0","N","0","0","40 00:02.409","","0","75 11:42.259","0","0","0","0","67301","0","0","0","N","0","0","0","3","68K01","0","","1.0","","1","N","N","N","0","","0","0","0","0","0","","1701","3","0","0","0","0","0","0","2","0","3","0","0","0","3","","","N","","","","","","","","","",""
"2021047521","2102","2","0","0","0","0","0","0","0","0","2","0","","67","5","2021","2","39.933474","-75.240235","2101","6","0","0","0","0","0","1","0","0","","0","0","0","21","3","2","N","0","0","39 56:00.505","","0","75 14:24.845","3","0","0","0","67301","0","0","0","N","0","0","0","2","67301","0","","1.0","","1","N","N","N","0","","2","0","0","0","0","","2100","2","2","0","0","0","0","0","2","0","2","0","0","0","3","03","","N","","","","","","","","","",""
"2021060456","531","0","0","0","0","0","0","1","0","0","4","1","","67","6","2021","6","40.019019","-75.147199","524","6","0","0","0","0","0","1","0","0","","0","0","0","5","5","1","","1","1","40 01:08.467","4","0","75 08:49.916","8","0","0","0","67301","0","0","0","N","0","0","0","2","67508","0","","1.0","9999.0","1","N","N","Y","0","","0","0","1","3","2","N","524","2","1","0","0","0","1","0","2","0","2","0","0","0","3","03","","N","","","","","","","","","",""
"2021033613","140","1","0","0","0","0","0","0","0","0","4","0","","67","4","2021","1","39.989348","-75.167307","123","6","0","0","0","0","0","0","0","0","","0","0","0","1","8","0","","1","0","39 59:21.653","","0","75 10:02.305","0","0","0","0","67301","0","0","0","N","0","0","0","2","67301","0","","1.0","","9","N","N","N","0","","0","0","0","0","0","","100","2","0","2","0","0","0","0","2","1","2","0","0","0","7","04","","N","","","","","","","","","",""
"2021033033","1545","2","0","0","0","0","0","0","0","0","5","0","","67","4","2021","1","39.99015","-75.133081","1530","6","0","0","0","0","0","0","0","0","","0","0","0","14","1","0","N","0","0","39 59:24.540","","0","75 07:59.090","9","0","0","0","67301","0","0","0","N","0","0","0","1","67301","0","","6.0","","9","N","N","N","0","","0","0","0","0","0","","1448","3","0","0","0","0","0","1","2","1","3","0","0","0","3","","","N","","","","","","","","","",""
"2021046938","1400","1","0","0","0","0","0","0","0","0","4","1","","67","5","2021","6","39.940271","-75.201375","1353","6","0","0","0","0","0","1","0","0","","0","1","0","13","1","2","N","0","0","39 56:24.977","","7","75 12:04.949","3","0","0","0","67301","0","0","0","N","0","0","0","3","67301","1","","1.0","","1","N","N","N","0","","1","0","0","3","2","","1348","2","2","0","0","0","0","0","2","0","2","0","0","0","3","03","","N","","","","","","","","","",""
"2021048557","1908","0","0","0","0","0","0","0","0","0","7","1","","67","5","2021","4","39.910167","-75.157889","1908","6","0","0","0","0","0","0","0","0","","0","1","0","19","1","0","N","0","0","39 54:36.600","","3","75 09:28.400","0","0","0","0","67301","0","0","0","N","0","0","0","1","67501","0","","2.0","","9","N","N","N","0","","0","0","0","0","0","","1908","1","0","0","0","0","0","0","2","0","1","0","0","0","7","","","N","","","","","","","","","",""
"2021049139","545","1","0","0","0","0","0","0","0","0","4","0","","67","5","2021","6","39.975076","-75.116435","537","6","0","0","0","0","0","1","0","0","","0","0","0","5","5","1","N","0","2","39 58:30.272","1","0","75 06:59.165","8","0","0","0","67301","0","0","0","N","0","0","0","3","68K01","0","","1.0","630.0","1","N","N","N","0","","0","0","1","0","0","N","536","2","1","0","0","0","1","0","2","0","2","0","0","0","3","03","","N","","","","","","","","","",""
"2021047603","1241","1","0","0","0","0","0","0","0","0","1","0","","67","5","2021","1","40.021084","-75.042002","1241","6","0","1","0","0","0","0","0","0","","0","0","0","12","1","0","N","0","0","40 01:15.903","","0","75 02:31.206","0","0","0","0","67301","0","0","0","N","0","0","0","2","68K01","0","","1.0","","1","N","N","N","1","","0","0","0","0","0","","1241","2","0","0","0","0","0","0","2","0","2","0","0","0","3","03","","N","","","","","","","","","",""
"2021022058","915","2","0","0","0","0","0","0","0","0","4","0","","67","3","2021","6","39.965564","-75.226209","914","6","0","0","0","0","0","1","0","0","","0","1","0","9","1","1","","1","2","39 57:56.030","7","0","75 13:34.353","3","0","0","0","67301","0","0","0","N","0","0","0","2","67301","0","","1.0","1135.0","1","N","N","N","0","","1","0","0","3","2","N","913","4","1","1","0","0","0","0","2","1","4","0","0","0","3","03","","N","","","","","","","","","",""
"2021022588","1031","1","0","0","0","0","0","0","0","0","4","0","","67","3","2021","1","40.054361","-75.155184","1029","6","0","0","0","0","0","1","0","0","","0","0","0","10","1","1","","1","0","40 03:15.699","","0","75 09:18.662","3","0","0","0","67301","0","0","0","N","0","0","0","3","67301","0","","1.0","","1","N","N","N","0","","1","0","1","3","3","","1028","2","1","0","0","0","0","0","2","0","2","0","0","0","3","03","","N","","","","","","","","","",""
"2021028687","1430","2","0","0","0","0","0","0","0","0","4","0","","67","3","2021","7","40.064626","-75.160539","1430","6","0","0","0","0","0","0","0","0","","0","0","0","14","1","0","N","0","0","40 03:52.655","","0","75 09:37.942","0","0","0","0","67301","0","0","0","N","0","0","0","1","67301","0","","1.0","","1","N","N","N","0","","0","0","0","0","0","","1428","2","0","0","0","0","0","0","2","0","2","0","0","0","3","03","","N","","","","","","","","","",""
"2021026264","2252","1","0","0","0","0","0","0","0","0","7","0","","67","3","2021","5","39.961013","-75.161637","2250","6","0","0","0","0","0","0","0","0","","0","0","0","22","3","0","","2","0","39 57:39.647","","0","75 09:41.893","0","0","0","0","67301","0","0","0","N","0","0","0","1","67301","0","","3.0","","9","N","N","N","0","","0","0","0","0","0","","2248","1","0","1","0","0","0","0","2","0","1","0","0","0","7","07","","N","","","","","","","","","",""
"2021048580","31","3","0","0","0","0","0","0","0","0","4","0","","67","5","2021","6","39.984711","-75.161527","30","6","0","0","0","0","0","0","0","0","","0","0","0","0","3","1","","1","2","39 59:04.959","2","0","75 09:41.497","8","0","0","0","67301","0","0","0","N","0","0","0","5","67505","0","","1.0","100.0","1","","","N","0","","0","0","0","3","3","N","28","3","1","0","0","0","1","0","2","0","3","0","0","0","3","03","","N","","","","","","","","","",""
"2021048224","741","0","0","0","0","0","0","0","0","0","4","0","","67","2","2021","6","40.020929","-75.139974","739","6","0","0","0","0","0","1","0","0","","0","0","0","7","1","2","","1","1","40 01:15.344","1","0","75 08:23.906","3","0","0","0","67301","0","0","0","N","0","0","0","3","67301","0","","1.0","800.0","1","N","N","N","0","","2","0","2","3","2","N","735","2","2","0","0","0","0","0","2","0","2","0","0","0","3","03","","N","","","","","","","","","",""
"2021022870","1446","1","0","0","0","0","0","0","0","0","1","0","","67","3","2021","6","40.033898","-75.074802","1442","6","0","0","0","0","0","1","0","0","","0","0","0","14","1","3","Y","0","1","40 02:02.031","1","0","75 04:29.286","8","0","0","0","67301","0","0","0","N","0","0","0","3","67301","0","","1.0","1553.0","1","N","N","N","1","","0","0","1","3","2","N","1434","3","3","0","0","0","3","0","2","0","3","0","0","0","3","03","","N","","","","","","","","","",""
"2021022326","845","0","0","0","0","0","0","0","0","0","7","0","","67","3","2021","1","40.031151","-75.150586","842","6","0","0","0","0","0","0","0","0","","0","0","0","8","1","0","","2","0","40 01:52.143","","0","75 09:02.109","0","0","0","0","67301","0","0","0","N","0","0","0","4","67301","0","","4.0","","1","N","N","N","0","","0","0","1","0","0","","840","1","0","4","0","0","0","0","2","0","1","0","0","0","3","03","","N","","","","","","","","","",""
"2021048840","2326","1","0","0","0","0","0","0","0","0","7","0","","67","5","2021","4","39.995919","-75.082836","2316","6","0","0","0","0","0","0","0","0","","0","0","0","22","3","0","N","0","2","39 59:45.307","1","0","75 04:58.208","0","0","0","0","67301","0","0","0","N","0","0","0","2","68K01","0","","4.0","1132.0","9","N","N","N","0","","0","0","0","0","0","N","2257","1","0","0","0","0","0","0","2","0","1","0","0","0","7","","","N","","","","","","","","","",""
"2021048513","1013","1","0","0","0","0","0","0","0","0","4","0","","67","5","2021","3","39.957582","-75.159674","1003","6","0","0","0","0","0","1","0","0","","0","0","0","10","1","1","N","0","2","39 57:27.296","3","0","75 09:34.825","8","0","0","0","67301","0","0","0","N","0","0","0","2","68K01","0","","1.0","1020.0","1","N","N","N","0","","0","0","1","0","0","N","1000","2","1","0","0","0","1","0","2","0","2","0","0","0","3","","","N","","","","","","","","","",""
"2021022183","604","1","0","0","0","0","0","0","0","0","5","0","","67","3","2021","5","40.009789","-75.187018","604","6","0","0","0","0","0","1","0","0","","0","0","0","6","3","0","N","0","2","40 00:35.240","2","0","75 11:13.264","0","0","0","0","67301","0","0","0","N","0","0","0","2","67301","0","","1.0","715.0","1","N","N","N","0","","0","0","1","0","0","Y","604","2","0","0","0","0","0","0","2","0","2","0","0","0","3","03","","N","","","","","","","","","",""