"CRN","ARRIVAL_TM","AUTOMOBILE_COUNT","BELTED_DEATH_COUNT","BELTED_SUSP_SERIOUS_INJ_COUNT","BICYCLE_COUNT","BICYCLE_DEATH_COUNT","BICYCLE_SUSP_SERIOUS_INJ_COUNT","BUS_COUNT","CHLDPAS_DEATH_COUNT","CHLDPAS_SUSP_SERIOUS_INJ_COUNT","COLLISION_TYPE","COMM_VEH_COUNT","CONS_ZONE_SPD_LIM","COUNTY","CRASH_MONTH","CRASH_YEAR","DAY_OF_WEEK","DEC_LATITUDE","DEC_LONGITUDE","DISPATCH_TM","DISTRICT","DRIVER_COUNT_16YR","DRIVER_COUNT_17YR","DRIVER_COUNT_18YR","DRIVER_COUNT_19YR","DRIVER_COUNT_20YR","DRIVER_COUNT_50_64YR","DRIVER_COUNT_65_74YR","DRIVER_COUNT_75PLUS","EST_HRS_CLOSED","FATAL_COUNT","HEAVY_TRUCK_COUNT","HORSE_BUGGY_COUNT","HOUR_OF_DAY","ILLUMINATION","INJURY_COUNT","INTERSECTION_RELATED","INTERSECT_TYPE","LANE_CLOSED","LATITUDE","LN_CLOSE_DIR","LOCATION_TYPE","LONGITUDE","MAX_SEVERITY_LEVEL","MCYCLE_DEATH_COUNT","MCYCLE_SUSP_SERIOUS_INJ_COUNT","MOTORCYCLE_COUNT","MUNICIPALITY","NONMOTR_COUNT","NONMOTR_DEATH_COUNT","NONMOTR_SUSP_SERIOUS_INJ_COUNT","NTFY_HIWY_MAINT","PED_COUNT","PED_DEATH_COUNT","PED_SUSP_SERIOUS_INJ_COUNT","PERSON_COUNT","POLICE_AGCY","POSSIBLE_INJ_COUNT","RDWY_SURF_TYPE_CD","RELATION_TO_ROAD","ROADWAY_CLEARED","ROAD_CONDITION","SCH_BUS_IND","SCH_ZONE_IND","SECONDARY_CRASH","SMALL_TRUCK_COUNT","SPEC_JURIS_CD","SUSP_MINOR_INJ_COUNT","SUSP_SERIOUS_INJ_COUNT","SUV_COUNT","TCD_FUNC_CD","TCD_TYPE","TFC_DETOUR_IND","TIME_OF_DAY","TOTAL_UNITS","TOT_INJ_COUNT","UNBELTED_OCC_COUNT","UNB_DEATH_COUNT","UNB_SUSP_SERIOUS_INJ_COUNT","UNK_INJ_DEG_COUNT","UNK_INJ_PER_COUNT","URBAN_RURAL","VAN_COUNT","VEHICLE_COUNT","VULNERABLE_ROAD_USER_COUNT","VULNERABLE_ROAD_USER_DEATH_COUNT","VULNERABLE_ROAD_USER_SER_INJ_COUNT","WEATHER1","WEATHER2","WORKERS_PRES","WORK_ZONE_IND","WORK_ZONE_LOC","WORK_ZONE_TYPE","WZ_CLOSE_DETOUR","WZ_FLAGGER","WZ_LAW_OFFCR_IND","WZ_LN_CLOSURE","WZ_MOVING","WZ_OTHER","WZ_SHLDER_MDN","WZ_WORKERS_INJ_KILLED"
"2021046923","1130","0","0","0","0","0","0","0","0","0","4","1","","67","5","2021","7","40.036934","-75.194973","1121","6","0","0","0","0","0","0","0","0","","0","1","0","10","1","1","","1","2","40 02:12.962","5","0","75 11:41.904","3","0","0","0","67301","0","0","0","N","0","0","0","3","67301","0","","1.0","1155.0","1","N","N","N","0","","1","0","1","3","3","Y","1052","2","1","0","0","0","0","0","2","0","2","0","0","0","3","03","","N","","","","","","","","","",""
"2021021567","819","1","0","0","0","0","0","0","0","0","7","0","","67","3","2021","5","40.035043","-75.04427","815","6","0","0","0","0","0","0","0","0","","0","0","0","8","1","1","N","0","0","40 02:06.155","","0","75 02:39.372","8","0","0","0","67301","0","0","0","N","0","0","0","1","67301","0","","5.0","","1","N","N","N","0","","0","0","0","0","0","","813","1","1","0","0","0","1","0","2","0","1","0","0","0","3","","","N","","","","","","","","","",""
"2021033066","2331","2","0","0","0","0","0","0","0","0","4","0","","67","4","2021","1","40.038304","-75.075365","2329","6","0","0","0","0","0","0","0","0","","0","0","0","22","3","1","","1","0","40 02:17.896","","0","75 04:31.313","4","0","0","0","67301","0","0","0","N","0","0","0","2","67301","1","","1.0","","9","N","N","N","1","","0","0","1","3","3","","2244","4","1","1","0","0","0","0","2","0","4","0","0","0","7","04","","N","","","","","","","","","",""
"2021021214","920","2","0","0","0","0","0","0","0","0","4","0","","67","3","2021","4","39.959698","-75.222927","919","6","0","0","0","0","0","1","0","0","","0","0","0","9","1","1","","1","0","39 57:34.914","","0","75 13:22.536","4","0","0","0","67301","0","0","0","N","0","0","0","2","67301","1","","1.0","","1","N","N","N","0","","0","0","0","3","2","","919","2","1","1","0","0","0","0","2","0","2","0","0","0","3","","","N","","","","","","","","","",""
"2021023049","2010","2","0","0","0","0","0","0","0","0","4","0","","67","3","2021","1","40.05494","-75.053943","2005","6","0","0","0","1","0","0","0","0","","0","0","0","20","3","1","","1","0","40 03:17.783","","0","75 03:14.193","3","0","0","0","67301","0","0","0","N","0","0","0","2","67301","0","","1.0","","1","N","N","N","0","","1","0","0","3","2","","2000","2","1","0","0","0","0","0","2","0","2","0","0","0","3","03","","N","","","","","","","","","",""
"2021048364","919","1","0","0","0","0","0","0","0","0","4","0","","67","5","2021","5","40.044551","-75.069439","914","6","0","0","0","0","0","0","0","0","","0","0","0","19","1","2","","1","0","40 02:40.383","","0","75 04:09.980","3","0","0","0","67301","0","0","0","N","0","0","0","3","67301","0","","1.0","","1","N","N","N","0","","2","0","1","3","3","","1915","2","2","0","0","0","0","1","2","0","2","0","0","0","3","03","","N","","","","","","","","","",""
"2021022793","839","2","0","0","0","0","0","0","0","0","4","0","","67","3","2021","2","39.991346","-75.134856","838","6","0","0","0","0","0","0","1","0","","0","0","0","8","1","0","","1","0","39 59:28.846","","0","75 08:05.483","0","0","0","0","67301","0","0","0","N","0","0","0","2","67301","0","","1.0","","1","N","N","N","0","","0","0","0","3","2","","830","2","0","0","0","0","0","0","2","0","2","0","0","0","3","03","","N","","","","","","","","","",""
"2021023552","2120","0","0","0","0","0","0","0","0","0","4","0","","67","3","2021","2","39.899402","-75.17478","2115","6","0","0","0","0","0","0","0","0","","0","0","0","20","3","3","","5","0","39 53:57.846","","2","75 10:29.207","4","0","0","0","67301","0","0","0","N","0","0","0","3","67301","2","","1.0","","1","N","N","N","0","","0","0","1","3","2","","2049","2","3","3","0","0","1","0","2","1","2","0","0","0","3","03","","N","","","","","","","","","",""
"2021047838","2305","1","0","0","0","0","0","0","0","0","4","0","","67","5","2021","6","40.014214","-75.141461","2305","6","0","0","0","0","0","1","0","0","","0","0","0","23","3","0","","5","0","40 00:51.170","","0","75 08:29.259","0","0","0","0","67301","0","0","0","N","0","0","0","2","67301","0","","1.0","","1","N","N","N","0","","0","0","1","3","2","","2300","2","0","0","0","0","0","0","2","0","2","0","0","0","3","","","N","","","","","","","","","",""
"2021048105","1755","2","0","0","0","0","0","0","0","0","4","1","","67","5","2021","1","40.005434","-75.082569","1742","6","0","0","0","0","0","1","0","0","","0","1","0","17","1","1","","2","0","40 00:19.562","","0","75 04:57.248","8","0","0","0","67301","0","0","0","N","0","0","0","3","67301","0","","1.0","","1","N","N","N","0","","0","0","0","0","0","","1735","3","1","0","0","0","1","0","2","0","3","0","0","0","3","03","","N","","","","","","","","","",""
"2021024532","1335","1","0","0","0","0","0","0","0","0","4","0","","67","3","2021","3","39.940099","-75.200184","1334","6","0","0","0","0","0","0","0","0","","0","0","0","13","1","4","","2","1","39 56:24.356","3","0","75 12:00.663","3","0","0","0","67301","0","0","0","N","0","0","0","5","67301","0","","1.0","1425.0","1","N","N","N","0","","4","0","1","3","3","N","1308","2","4","0","0","0","0","1","2","0","2","0","0","0","3","03","","N","","","","","","","","","",""
"2021022525","1303","1","0","0","0","0","0","0","0","0","8","0","","67","3","2021","2","39.948679","-75.192892","1303","6","0","0","0","0","0","1","0","0","","0","0","0","13","1","1","","1","0","39 56:55.246","","0","75 11:34.412","4","0","0","0","67301","1","0","0","N","1","0","0","2","67504","1","","1.0","","1","N","N","N","0","","0","0","0","3","2","","1300","2","1","0","0","0","0","0","2","0","1","1","0","0","3","03","","N","","","","","","","","","",""
"2021058650","1900","1","0","0","0","0","0","0","0","0","2","0","","67","6","2021","4","40.052316","-75.007986","1854","6","0","0","0","0","0","2","0","0","","0","0","0","18","1","0","","1","0","40 03:08.339","","0","75 00:28.750","0","0","0","0","67301","0","0","0","N","0","0","0","2","67301","0","","1.0","","1","N","N","N","0","","0","0","1","3","2","","1853","2","0","0","0","0","0","0","2","0","2","0","0","0","3","03","","N","","","","","","","","","",""
"2021022582","1200","2","0","0","0","0","0","0","0","0","4","0","","67","3","2021","7","39.926089","-75.242361","1148","6","0","0","0","0","0","1","0","0","","0","0","0","11","1","0","","1","0","39 55:33.920","","0","75 14:32.499","0","0","0","0","67301","0","0","0","N","0","0","0","2","67301","0","","1.0","","1","N","N","N","0","","0","0","1","3","2","","1148","3","0","0","0","0","0","0","2","0","3","0","0","0","4","","","N","","","","","","","","","",""
"2021022509","1335","1","0","0","0","0","0","0","0","0","4","0","","67","3","2021","7","40.02346","-75.160348","1329","6","0","0","0","0","0","0","0","0","","0","0","0","13","1","0","","2","0","40 01:24.456","","0","75 09:37.253","9","0","0","0","67301","0","0","0","N","0","0","0","3","67301","0","","1.0","","1","N","N","N","0","","0","0","0","3","2","","1320","2","0","0","0","0","0","1","2","1","2","0","0","0","3","","","N","","","","","","","","","",""
"2021022879","1030","2","0","0","0","0","0","0","0","0","4","0","","67","3","2021","1","39.945962","-75.213996","1024","6","0","0","0","0","0","0","0","0","","0","0","0","9","1","0","","1","0","39 56:45.462","","0","75 12:50.385","0","0","0","0","67301","0","0","0","N","0","0","0","2","67301","0","","1.0","","1","N","N","N","0","","0","0","1","3","2","","924","3","0","0","0","0","0","0","2","0","3","0","0","0","3","03","","N","","","","","","","","","",""
"2021032609","1530","1","0","0","0","0","0","0","0","0","4","0","","67","4","2021","6","40.105161","-75.032846","1528","6","0","0","0","0","0","2","0","0","","0","0","0","15","1","0","","1","1","40 06:18.580","3","0","75 01:58.246","0","0","0","0","67301","0","0","0","N","0","0","0","2","67301","0","","1.0","1615.0","9","N","N","N","0","","0","0","1","3","2","N","1522","2","0","0","0","0","0","0","2","0","2","0","0","0","4","","","N","","","","","","","","","",""
"2021046140","808","0","0","0","0","0","0","0","0","0","5","1","","67","5","2021","5","39.930498","-75.21759","758","6","0","0","0","0","0","0","0","0","","0","1","0","7","1","3","N","0","0","39 55:49.792","","0","75 13:03.324","4","0","0","0","67301","0","0","0","N","0","0","0","4","67301","3","","1.0","","1","N","N","N","0","","0","0","1","0","0","","738","2","3","0","0","0","0","1","2","0","2","0","0","0","3","03","","N","","","","","","","","","",""
"2021059206","706","1","0","0","0","0","0","0","0","0","1","0","45","67","6","2021","6","40.011636","-75.060481","652","6","0","0","0","0","0","0","0","0","","0","0","0","6","1","1","N","0","1","40 00:41.890","1","0","75 03:37.732","3","0","0","1","67301","0","0","0","N","0","0","0","2","68K01","0","","1.0","730.0","1","N","N","N","0","","1","0","0","0","0","N","648","2","1","0","0","0","0","0","2","0","2","0","0","0","3","03","Y","Y","4","1","N","N","N","N","N","N","Y","N"
"2021049396","856","0","0","0","0","0","0","0","0","0","7","0","","67","5","2021","1","39.960104","-75.179716","851","6","0","0","0","0","0","0","0","0","","0","0","0","8","1","0","N","0","1","39 57:36.376","4","0","75 10:46.976","0","0","0","0","67301","0","0","0","N","0","0","0","1","68K01","0","","2.0","920.0","9","N","N","N","0","","0","0","1","0","0","N","849","1","0","0","0","0","0","0","2","0","1","0","0","0","7","","","N","","","","","","","","","",""
"2021038673","723","1","0","0","0","0","0","0","0","0","7","0","","67","4","2021","1","39.960547","-75.181402","723","6","0","0","0","0","0","0","0","0","","0","0","0","7","1","0","N","0","2","39 57:37.968","4","0","75 10:53.047","0","0","0","0","67301","0","0","0","N","0","0","0","2","68K01","0","","2.0","830.0","9","N","N","N","0","","0","0","0","0","0","Y","717","1","0","0","0","0","0","0","2","0","1","0","0","0","7","","","N","","","","","","","","","",""
"2021060714","1525","1","0","0","0","0","0","0","0","0","1","0","","67","6","2021","3","39.94279","-75.193193","1503","6","0","0","0","0","0","0","0","0","","0","0","0","15","1","0","N","0","2","39 56:34.043","3","0","75 11:35.496","0","0","0","0","67301","0","0","0","N","0","0","0","2","68K01","0","","1.0","1528.0","1","N","N","N","0","","0","0","1","0","0","N","1500","2","0","0","0","0","0","0","2","0","2","0","0","0","3","","","N","","","","","","","","","",""
"2021058291","2132","1","0","0","0","0","0","0","0","0","8","0","","67","6","2021","4","39.916829","-75.171324","2130","6","0","0","0","0","0","0","0","0","","0","0","0","21","3","1","N","0","2","39 55:00.583","2","0","75 10:16.768","2","0","0","0","67301","1","0","1","N","1","0","1","2","67505","0","","1.0","2221.0","1","N","N","N","0","","0","1","0","0","0","Y","2127","2","1","0","0","0","0","1","2","0","1","1","0","1","3","03","","N","","","","","","","","","",""
"2021023052","1130","1","0","0","0","0","0","0","0","0","8","0","","67","3","2021","3","39.982044","-75.171644","1130","6","0","0","0","0","0","0","0","0","","0","0","0","11","1","1","N","0","0","39 58:55.360","","0","75 10:17.920","4","0","0","0","67301","1","0","0","N","1","0","0","2","67301","1","","1.0","","1","N","N","N","0","","0","0","0","0","0","","1120","2","1","0","0","0","0","0","2","0","1","1","0","0","3","03","","N","","","","","","","","","",""
"2021048491","1733","1","0","0","0","0","0","0","0","0","1","0","","67","5","2021","6","39.960068","-75.179394","1709","6","0","0","0","0","0","0","0","0","","0","0","0","17","1","1","N","0","0","39 57:36.245","","0","75 10:45.819","4","0","0","0","67301","0","0","0","N","0","0","0","2","68K01","1","","1.0","","1","N","N","N","0","","0","0","1","0","0","","1707","2","1","0","0","0","0","0","2","0","2","0","0","0","3","","","N","","","","","","","","","",""
"2021025945","1857","1","0","0","0","0","0","0","0","0","6","0","","67","3","2021","5","39.944493","-75.244016","1855","6","0","0","0","0","0","0","0","0","","0","0","0","18","3","2","N","0","2","39 56:40.175","4","0","75 14:38.459","3","0","0","0","67301","0","0","0","N","0","0","0","3","67301","1","","1.0","1930.0","1","N","N","N","0","","1","0","3","0","0","N","1850","4","2","0","0","0","0","0","2","0","4","0","0","0","3","03","","N","","","","","","","","","",""
"2021041578","309","0","0","0","0","0","0","0","0","0","4","0","","67","4","2021","1","40.001601","-75.152925","302","6","0","0","0","0","0","0","0","0","","0","0","0","2","3","1","","1","0","40 00:05.763","","0","75 09:10.529","8","0","0","1","67301","0","0","0","N","0","0","0","2","67301","0","","1.0","","1","N","N","N","0","","0","0","1","3","2","","225","2","1","0","0","0","1","0","2","0","2","0","0","0","3","","","N","","","","","","","","","",""
"2021048518","1727","0","0","0","0","0","0","0","0","0","1","0","","67","5","2021","3","40.00679","-75.073787","1704","6","0","0","0","0","0","0","0","0","","0","0","0","14","1","0","N","0","0","40 00:24.445","","0","75 04:25.632","0","0","0","0","67301","0","0","0","N","0","0","0","4","68K01","0","","1.0","","1","N","N","N","0","","0","0","3","0","0","","1449","4","0","0","0","0","0","0","2","0","4","0","0","0","3","03","","N","","","","","","","","","",""
"2021023133","1145","1","0","0","0","0","0","0","0","0","2","0","","67","3","2021","2","40.011467","-75.126514","1140","6","0","0","0","0","0","0","0","0","","0","0","0","11","1","1","N","0","0","40 00:41.280","","0","75 07:35.450","3","0","0","1","67301","0","0","0","N","0","0","0","2","67301","0","","1.0","","1","N","N","N","0","","1","0","0","0","0","","1100","2","1","1","0","0","0","0","2","0","2","0","0","0","3","03","","N","","","","","","","","","",""
"2021022871","1835","2","0","0","0","0","0","0","0","0","6","0","","67","3","2021","6","40.022922","-75.077286","1835","6","0","0","0","0","0","1","0","0","","0","0","0","18","4","0","N","0","0","40 01:22.518","","0","75 04:38.230","0","0","0","0","67301","0","0","0","N","0","0","0","2","67301","0","","1.0","","1","N","N","N","0","","0","0","1","0","0","","1835","4","0","2","0","0","0","0","2","1","4","0","0","0","3","03","","N","","","","","","","","","",""
"2021023097","610","1","0","0","0","0","0","0","0","0","4","0","","67","3","2021","4","39.953609","-75.198625","608","6","0","0","0","0","0","1","0","0","","0","0","0","6","1","0","","1","1","39 57:12.991","2","0","75 11:55.051","0","0","0","0","67301","0","0","0","N","0","0","0","2","67504","0","","1.0","645.0","1","N","N","N","1","","0","0","0","3","2","Y","605","2","0","0","0","0","0","0","2","0","2","0","0","0","3","","","N","","","","","","","","","",""
"2021047832","1347","0","0","0","0","0","0","0","0","0","8","0","","67","5","2021","7","39.963953","-75.240353","1346","6","0","0","0","0","0","0","0","0","","0","0","0","13","1","1","N","0","1","39 57:50.230","1","0","75 14:25.270","8","0","0","0","67301","1","0","0","N","1","0","0","2","67301","0","","1.0","1400.0","1","N","N","N","0","","0","0","1","0","0","N","1345","2","1","1","0","0","1","0","2","0","1","1","0","0","4","","","N","","","","","","","","","",""
"2021032758","1601","1","0","0","0","0","0","0","0","0","5","0","","67","4","2021","7","40.021556","-75.063221","1601","6","0","0","0","0","0","0","0","0","","0","0","0","15","1","0","N","0","0","40 01:17.600","","0","75 03:47.594","0","0","0","0","67301","0","0","0","N","0","0","0","1","67301","0","","6.0","","1","N","N","N","0","","0","0","1","0","0","","1559","2","0","0","0","0","0","0","2","0","2","0","0","0","3","","","N","","","","","","","","","",""
"2021060708","655","1","0","0","0","0","0","0","0","0","7","0","","67","6","2021","2","39.985184","-75.208194","655","6","0","0","0","0","0","0","0","0","","0","0","0","6","3","0","N","0","0","39 59:06.663","","0","75 12:29.500","0","0","0","0","67301","0","0","0","N","0","0","0","1","68K01","0","","4.0","","1","N","N","N","0","","0","0","0","0","0","","637","1","0","0","0","0","0","0","2","0","1","0","0","0","3","","","N","","","","","","","","","",""
"2021058597","1610","2","0","0","0","0","0","0","0","0","1","0","","67","6","2021","7","39.959494","-75.174781","1333","6","0","0","0","0","0","0","1","0","","0","0","0","13","1","0","N","0","0","39 57:34.178","","0","75 10:29.212","0","0","0","0","67301","0","0","0","N","0","0","0","2","68K01","0","","1.0","","1","N","N","N","0","","0","0","0","0","0","","1333","2","0","1","0","0","0","0","2","0","2","0","0","0","3","","","N","","","","","","","","","",""
"2021032240","119","0","0","0","0","0","0","0","0","0","7","0","","67","4","2021","5","39.986343","-75.180236","118","6","0","0","0","0","0","0","0","0","","0","0","0","1","3","0","","1","0","39 59:10.834","","0","75 10:48.850","0","0","0","0","67301","0","0","0","N","0","0","0","1","67301","0","","4.0","","1","N","N","N","1","","0","0","0","3","2","","114","1","0","0","0","0","0","0","2","0","1","0","0","0","3","03","","N","","","","","","","","","",""
"2021033140","1816","1","0","0","0","0","0","0","0","0","4","0","","67","4","2021","1","39.999042","-75.145798","1814","6","0","0","0","0","0","1","0","0","","0","0","0","18","1","0","","1","0","39 59:56.551","","0","75 08:44.872","0","0","0","0","67301","0","0","0","N","0","0","0","3","67301","0","","1.0","","9","N","N","Y","0","","0","0","1","3","3","","1803","2","0","0","0","0","0","0","2","0","2","0","0","0","7","04","","N","","","","","","","","","",""
"2021056730","1227","1","0","0","0","0","0","0","0","0","1","0","","67","6","2021","5","39.99357","-75.084576","1216","6","0","0","0","0","0","0","1","0","","0","0","0","12","1","1","N","0","1","39 59:36.851","1","0","75 05:04.474","3","0","0","0","67301","0","0","0","N","0","0","0","2","68K01","0","","1.0","1240.0","1","N","N","N","0","","1","0","1","0","0","N","1214","2","1","0","0","0","0","0","2","0","2","0","0","0","3","","","N","","","","","","","","","",""
"2021059483","1119","2","0","0","0","0","0","0","0","0","1","0","","67","6","2021","7","39.991087","-75.086546","1114","6","0","0","0","0","0","0","0","0","","0","0","0","11","1","1","N","0","2","39 59:27.913","2","0","75 05:11.564","3","0","0","0","67301","0","0","0","N","0","0","0","3","68K01","0","","1.0","1145.0","9","N","N","N","0","","1","0","0","0","0","N","1112","2","1","0","0","0","0","0","2","0","2","0","0","0","3","","","N","","","","","","","","","",""
"2021032591","537","0","0","1","0","0","0","0","0","0","7","0","35","67","4","2021","7","39.911333","-75.164944","537","6","0","0","0","1","0","0","0","0","","0","0","0","5","3","3","N","0","0","39 54:40.800","","3","75 09:53.800","2","0","0","0","67301","0","0","0","N","0","0","0","7","67501","0","","4.0","","9","N","N","N","0","","2","1","0","0","0","","537","1","3","0","0","0","0","0","2","1","1","0","0","0","7","","N","Y","4","1","","","N","Y","","","","N"
"2021032676","924","0","0","0","0","0","0","0","0","0","4","0","","67","4","2021","7","40.025298","-75.208542","923","6","0","0","0","0","0","0","0","1","","0","0","0","9","1","1","N","0","0","40 01:31.074","","7","75 12:30.752","4","0","0","0","67301","0","0","0","N","0","0","0","2","67301","1","","1.0","","1","N","N","N","0","","0","0","2","3","3","","920","2","1","0","0","0","0","0","2","0","2","0","0","0","4","04","","N","","","","","","","","","",""
"2021060275","408","1","0","0","0","0","0","0","0","0","7","0","","67","6","2021","5","39.981638","-75.207084","408","6","0","0","0","0","0","0","0","0","","0","0","0","4","3","1","N","0","1","39 58:53.898","4","0","75 12:25.501","2","0","0","0","67301","0","0","0","N","0","0","0","1","68K01","0","","4.0","445.0","1","N","N","N","0","","0","1","0","0","0","N","407","1","1","1","0","1","0","0","2","0","1","0","0","0","3","","","N","","","","","","","","","",""
"2021058811","1847","1","0","0","0","0","0","0","0","0","8","0","","67","6","2021","1","40.048219","-75.067867","1846","6","0","0","0","0","0","0","0","0","","0","0","0","17","1","1","N","0","0","40 02:53.590","","0","75 04:04.320","3","0","0","0","67301","1","0","0","N","1","0","0","2","67301","0","","1.0","","1","N","N","N","0","","1","0","0","0","0","","1730","2","1","0","0","0","0","0","2","0","1","1","0","0","3","","","N","","","","","","","","","",""
"2021033186","1415","2","0","0","0","0","0","0","0","0","1","0","","67","4","2021","6","39.911356","-75.153662","1402","6","0","0","0","0","0","0","1","0","","0","0","0","14","1","2","N","0","0","39 54:40.883","","2","75 09:13.182","3","0","0","0","67301","0","0","0","N","0","0","0","3","68K01","0","","1.0","","1","N","N","N","0","","2","0","1","0","0","","1400","3","2","0","0","0","0","0","2","0","3","0","0","0","3","","","N","","","","","","","","","",""
"2021057268","128","0","0","0","0","0","0","0","0","0","4","0","","67","6","2021","7","40.045481","-75.127279","128","6","0","0","0","1","0","0","0","0","","0","0","0","0","3","0","N","0","0","40 02:43.731","","0","75 07:38.203","9","0","0","1","67301","0","0","0","N","0","0","0","2","67301","0","","1.0","","1","N","N","N","0","","0","0","0","0","0","","0","2","0","0","0","0","0","1","2","0","2","0","0","0","3","03","","N","","","","","","","","","",""
"2021057141","1828","1","0","0","0","0","0","0","0","0","4","0","","67","6","2021","4","39.979589","-75.171082","1827","6","0","0","0","0","1","0","0","0","","0","1","0","18","4","4","","1","2","39 58:46.522","7","0","75 10:15.895","3","0","0","0","67301","0","0","0","N","0","0","0","4","67301","0","","1.0","1949.0","1","N","N","N","0","","4","0","0","3","2","Y","1826","2","4","4","0","0","0","0","2","0","2","0","0","0","3","04","","N","","","","","","","","","",""
"2021032239","2013","1","0","0","0","0","0","0","0","0","7","0","","67","4","2021","4","39.993347","-75.191769","2013","6","0","0","0","0","1","0","0","0","","0","0","0","20","2","0","N","0","0","39 59:36.050","","0","75 11:30.370","0","0","0","0","67301","0","0","0","N","0","0","0","2","67301","0","","4.0","","1","N","N","N","0","","0","0","0","0","0","","2013","1","0","2","0","0","0","0","2","0","1","0","0","0","3","","","N","","","","","","","","","",""
"2021034135","1138","1","0","0","0","0","0","0","0","0","7","0","","67","4","2021","1","39.980607","-75.214288","1129","6","0","0","0","0","0","0","1","0","","0","0","0","10","1","1","N","0","0","39 58:50.185","","0","75 12:51.435","8","0","0","0","67301","0","0","0","N","0","0","0","1","67301","0","","4.0","","9","N","N","N","0","","0","0","0","0","0","","1031","1","1","0","0","0","1","0","2","0","1","0","0","0","7","","","N","","","","","","","","","",""
"2021059235","1355","0","0","0","0","0","0","0","0","0","4","0","","67","6","2021","3","39.999745","-75.138532","1351","6","0","0","0","0","0","0","0","0","","0","1","0","13","1","1","","1","2","39 59:59.082","6","0","75 08:18.715","4","0","0","0","67301","0","0","0","N","0","0","0","6","67301","1","","1.0","1355.0","9","N","N","N","0","","0","0","1","3","2","Y","1351","2","1","0","0","0","0","0","2","0","2","0","0","0","7","04","","N","","","","","","","","","",""
"2021058733","1354","1","0","0","0","0","0","0","0","0","8","0","","67","6","2021","6","40.044937","-75.055241","1351","6","0","0","0","0","0","0","0","0","","0","0","0","13","1","1","N","0","0","40 02:41.772","","0","75 03:18.868","3","0","0","0","67301","1","0","0","N","1","0","0","2","67301","0","","1.0","","1","N","N","N","0","","1","0","0","0","0","","1348","2","1","0","0","0","0","0","2","0","1","1","0","0","3","03","","N","","","","","","","","","",""
"2021022417","1720","0","0","0","0","0","0","0","0","0","4","0","","67","3","2021","1","39.910347","-75.150855","1708","6","0","1","0","0","0","2","0","0","","0","0","0","17","1","0","","1","0","39 54:37.249","","2","75 09:03.078","0","0","0","0","67301","0","0","0","N","0","0","0","3","67301","0","","1.0","","1","N","N","Y","0","","0","0","2","3","2","","1700","3","0","0","0","0","0","0","2","1","3","0","0","0","3","03","","N","","","","","","","","","",""
"2021057910","1532","1","0","0","0","0","0","0","0","0","4","0","","67","6","2021","3","39.950383","-75.147244","1530","6","0","0","0","0","0","0","0","0","","0","0","0","15","1","0","","1","0","39 57:01.377","","0","75 08:50.080","0","0","0","0","67301","0","0","0","N","0","0","0","2","67301","0","","1.0","","9","N","N","N","1","","0","0","0","3","2","","1529","2","0","0","0","0","0","0","2","0","2","0","0","0","7","04","","N","","","","","","","","","",""
"2021057098","1005","1","0","0","0","0","0","0","0","0","5","0","","67","6","2021","6","40.056737","-75.085718","944","6","0","0","0","0","0","1","0","0","","0","0","0","9","1","0","N","0","0","40 03:24.254","","0","75 05:08.584","0","0","0","0","67301","0","0","0","N","0","0","0","1","67301","0","","2.0","","1","N","N","N","0","","0","0","1","0","0","","930","2","0","0","0","0","0","0","2","0","2","0","0","0","3","03","","N","","","","","","","","","",""
"2021032329","1131","1","0","0","0","0","0","0","0","0","4","0","","67","4","2021","5","40.014326","-75.070851","1127","6","0","0","0","0","1","0","1","0","","0","0","0","11","1","2","","1","0","40 00:51.572","","0","75 04:15.064","8","0","0","0","67301","0","0","0","N","0","0","0","3","67301","0","","1.0","","1","N","N","N","0","","0","0","1","3","2","","1126","2","2","1","0","0","2","1","2","0","2","0","0","0","3","03","","N","","","","","","","","","",""
"2021032835","39","1","0","0","0","0","0","0","0","0","7","0","","67","4","2021","1","40.045415","-75.144945","38","6","0","0","0","0","0","0","0","0","","0","0","0","0","3","1","","2","0","40 02:43.494","","0","75 08:41.802","8","0","0","0","67301","0","0","0","N","0","0","0","1","67301","0","","4.0","","1","N","N","N","0","","0","0","0","0","0","","38","1","1","0","0","0","1","0","2","0","1","0","0","0","4","04","","N","","","","","","","","","",""
"2021060901","240","2","0","0","0","0","0","0","0","0","1","0","","67","6","2021","1","39.963651","-75.184068","228","6","0","0","0","0","0","0","0","0","","0","0","0","2","3","1","N","0","1","39 57:49.143","4","0","75 11:02.643","8","0","0","0","67301","0","0","0","N","0","0","0","4","68K01","0","","1.0","305.0","1","N","N","N","0","","0","0","0","0","0","N","228","2","1","0","0","0","1","0","2","0","2","0","0","0","3","03","","N","","","","","","","","","",""
"2021033032","752","0","0","0","0","0","0","0","0","0","2","0","","67","4","2021","7","39.944583","-75.246417","751","6","0","0","0","0","0","1","0","0","","0","0","0","7","1","1","N","0","0","39 56:40.500","","0","75 14:47.100","3","0","0","0","67301","0","0","0","N","0","0","0","1","67301","0","","6.0","","9","N","N","N","0","","1","0","1","0","0","","745","2","1","0","0","0","0","0","2","1","2","0","0","0","7","04","","N","","","","","","","","","",""