"CRN","ARRIVAL_TM","AUTOMOBILE_COUNT","BELTED_DEATH_COUNT","BELTED_SUSP_SERIOUS_INJ_COUNT","BICYCLE_COUNT","BICYCLE_DEATH_COUNT","BICYCLE_SUSP_SERIOUS_INJ_COUNT","BUS_COUNT","CHLDPAS_DEATH_COUNT","CHLDPAS_SUSP_SERIOUS_INJ_COUNT","COLLISION_TYPE","COMM_VEH_COUNT","CONS_ZONE_SPD_LIM","COUNTY","CRASH_MONTH","CRASH_YEAR","DAY_OF_WEEK","DEC_LATITUDE","DEC_LONGITUDE","DISPATCH_TM","DISTRICT","DRIVER_COUNT_16YR","DRIVER_COUNT_17YR","DRIVER_COUNT_18YR","DRIVER_COUNT_19YR","DRIVER_COUNT_20YR","DRIVER_COUNT_50_64YR","DRIVER_COUNT_65_74YR","DRIVER_COUNT_75PLUS","EST_HRS_CLOSED","FATAL_COUNT","HEAVY_TRUCK_COUNT","HORSE_BUGGY_COUNT","HOUR_OF_DAY","ILLUMINATION","INJURY_COUNT","INTERSECTION_RELATED","INTERSECT_TYPE","LANE_CLOSED","LATITUDE","LN_CLOSE_DIR","LOCATION_TYPE","LONGITUDE","MAX_SEVERITY_LEVEL","MCYCLE_DEATH_COUNT","MCYCLE_SUSP_SERIOUS_INJ_COUNT","MOTORCYCLE_COUNT","MUNICIPALITY","NONMOTR_COUNT","NONMOTR_DEATH_COUNT","NONMOTR_SUSP_SERIOUS_INJ_COUNT","NTFY_HIWY_MAINT","PED_COUNT","PED_DEATH_COUNT","PED_SUSP_SERIOUS_INJ_COUNT","PERSON_COUNT","POLICE_AGCY","POSSIBLE_INJ_COUNT","RDWY_SURF_TYPE_CD","RELATION_TO_ROAD","ROADWAY_CLEARED","ROAD_CONDITION","SCH_BUS_IND","SCH_ZONE_IND","SECONDARY_CRASH","SMALL_TRUCK_COUNT","SPEC_JURIS_CD","SUSP_MINOR_INJ_COUNT","SUSP_SERIOUS_INJ_COUNT","SUV_COUNT","TCD_FUNC_CD","TCD_TYPE","TFC_DETOUR_IND","TIME_OF_DAY","TOTAL_UNITS","TOT_INJ_COUNT","UNBELTED_OCC_COUNT","UNB_DEATH_COUNT","UNB_SUSP_SERIOUS_INJ_COUNT","UNK_INJ_DEG_COUNT","UNK_INJ_PER_COUNT","URBAN_RURAL","VAN_COUNT","VEHICLE_COUNT","VULNERABLE_ROAD_USER_COUNT","VULNERABLE_ROAD_USER_DEATH_COUNT","VULNERABLE_ROAD_USER_SER_INJ_COUNT","WEATHER1","WEATHER2","WORKERS_PRES","WORK_ZONE_IND","WORK_ZONE_LOC","WORK_ZONE_TYPE","WZ_CLOSE_DETOUR","WZ_FLAGGER","WZ_LAW_OFFCR_IND","WZ_LN_CLOSURE","WZ_MOVING","WZ_OTHER","WZ_SHLDER_MDN","WZ_WORKERS_INJ_KILLED"
"2021056723","1225","0","0","0","0","0","0","0","0","0","1","1","","67","6","2021","3","39.993652","-75.084798","1213","6","0","0","0","0","0","0","0","0","","0","1","0","12","1","0","N","0","1","39 59:37.147","2","0","75 05:05.272","0","0","0","0","67301","0","0","0","N","0","0","0","2","68K01","0","","1.0","1230.0","1","N","N","N","0","","0","0","1","0","0","N","1211","2","0","0","0","0","0","0","2","0","2","0","0","0","3","","","N","","","","","","","","","",""
"2021058735","1355","1","0","0","0","0","0","0","0","0","4","1","","67","1","2021","5","40.044692","-75.054594","1355","6","0","0","0","0","0","1","0","0","","0","1","0","12","1","1","N","1","0","40 02:40.890","","0","75 03:16.537","3","0","0","0","67301","0","0","0","N","0","0","0","4","67301","0","","1.0","","1","N","N","N","0","","1","0","0","3","2","","1255","2","1","0","0","0","0","0","2","0","2","0","0","0","3","03","","N","","","","","","","","","",""
"2021059372","1956","1","0","0","0","0","0","0","0","0","0","1","","67","6","2021","5","39.917974","-75.147633","1956","6","0","0","0","0","0","0","0","0","","0","1","0","19","1","0","N","0","1","39 55:04.707","1","0","75 08:51.479","0","0","0","0","67301","0","0","0","N","0","0","0","4","68K01","0","","1.0","830.0","1","N","N","N","0","","0","0","1","0","0","N","1940","3","0","0","0","0","0","0","2","0","3","0","0","0","3","03","","N","","","","","","","","","",""
"2021033405","525","0","0","0","0","0","0","0","0","0","1","0","","67","4","2021","1","40.043443","-75.161527","525","6","0","0","0","0","0","0","0","0","","0","0","0","5","3","0","N","0","0","40 02:36.395","","0","75 09:41.497","9","0","0","0","67301","0","0","0","N","0","0","0","2","67301","0","","6.0","","9","N","N","N","0","","0","0","2","0","0","","520","2","0","2","0","0","0","1","2","0","2","0","0","0","7","07","","N","","","","","","","","","",""
"2021059659","6","2","0","0","0","0","0","0","0","0","1","0","45","67","6","2021","5","40.005967","-75.074918","6","6","0","0","0","0","0","0","0","0","","0","0","0","0","3","5","N","0","1","40 00:21.482","2","0","75 04:29.705","8","0","0","0","67301","0","0","0","N","0","0","0","9","68K01","0","","1.0","40.0","1","N","N","N","0","","0","0","1","0","0","N","6","3","5","0","0","0","5","0","2","0","3","0","0","0","3","03","Y","Y","4","1","N","N","Y","Y","N","N","Y","N"
"2021035592","1824","2","0","0","0","0","0","0","0","0","2","0","","67","4","2021","1","40.005215","-75.092723","1819","6","0","0","0","0","0","0","0","0","","0","0","0","18","1","0","","2","0","40 00:18.774","","0","75 05:33.803","9","0","0","0","67301","0","0","0","N","0","0","0","4","67301","0","","1.0","","1","N","N","Y","0","","0","0","0","0","0","","1814","3","0","0","0","0","0","2","2","1","3","0","0","0","3","","","N","","","","","","","","","",""
"2021024557","1845","1","0","0","0","0","0","0","0","0","4","0","","67","3","2021","2","40.023314","-75.125766","1830","6","0","0","0","0","0","0","0","0","","0","0","0","17","1","2","","1","0","40 01:23.930","","0","75 07:32.757","3","0","0","0","67301","0","0","0","N","0","0","0","3","67301","0","","1.0","","1","N","N","N","0","","2","0","1","3","3","","1706","2","2","0","0","0","0","1","2","0","2","0","0","0","3","03","","N","","","","","","","","","",""
"2021032330","910","3","0","0","0","0","0","0","0","0","4","0","","67","4","2021","5","39.964049","-75.191594","909","6","0","0","0","0","0","0","0","0","","0","0","0","9","1","2","","1","0","39 57:50.576","","0","75 11:29.738","3","0","0","0","67301","0","0","0","N","0","0","0","2","67301","0","","1.0","","1","N","N","N","0","","2","0","1","3","2","","900","4","2","0","0","0","0","0","2","0","4","0","0","0","3","03","","N","","","","","","","","","",""
"2021035513","2201","0","0","0","0","0","0","0","0","0","8","0","","67","4","2021","1","39.954405","-75.163068","2200","6","0","0","0","0","0","0","0","0","","0","0","0","9","1","2","","1","0","39 57:15.859","","0","75 09:47.045","3","0","0","0","67301","2","0","0","N","2","0","0","3","67301","0","","1.0","","1","N","N","N","0","","2","0","0","3","2","","900","3","2","0","0","0","0","0","2","0","1","2","0","0","3","03","","N","","","","","","","","","",""
"2021059176","1652","0","0","0","0","0","0","0","0","0","5","0","","67","6","2021","4","40.009591","-75.205598","1600","6","0","0","0","0","0","1","1","0","","0","0","0","15","1","1","N","0","0","40 00:34.529","","0","75 12:20.151","8","0","0","0","67301","0","0","0","N","0","0","0","3","68K01","0","","1.0","","1","N","N","N","1","","0","0","2","0","0","","1551","3","1","0","0","0","1","0","2","0","3","0","0","0","3","","","N","","","","","","","","","",""
"2021033812","1150","1","0","0","0","0","0","0","0","0","4","0","","67","4","2021","7","40.030447","-75.176664","1147","6","0","0","0","0","0","0","0","0","","0","0","0","9","1","0","","1","0","40 01:49.610","","0","75 10:35.990","0","0","0","0","67301","0","0","0","N","0","0","0","2","67301","0","","1.0","","1","N","N","N","0","","0","0","1","3","2","","930","2","0","0","0","0","0","0","2","0","2","0","0","0","3","","","N","","","","","","","","","",""
"2021057262","20","2","0","0","0","0","0","0","0","0","4","0","","67","6","2021","1","39.955669","-75.215043","15","6","0","0","0","0","0","0","0","0","","0","0","0","0","3","0","N","0","0","39 57:20.409","","0","75 12:54.154","0","0","0","0","67301","0","0","0","N","0","0","0","1","67301","0","","1.0","","1","N","N","N","0","","0","0","0","0","0","","5","3","0","1","0","0","0","0","2","0","3","0","0","0","3","03","","N","","","","","","","","","",""
"2021058740","116","1","0","0","0","0","0","0","0","0","4","1","","67","6","2021","3","40.013286","-75.17715","112","6","0","0","0","0","0","1","0","0","","0","1","0","1","2","1","N","0","1","40 00:47.830","5","0","75 10:37.740","3","0","0","0","67301","0","0","0","N","0","0","0","2","67301","0","","1.0","151.0","9","N","N","N","0","","1","0","0","0","0","N","109","2","1","0","0","0","0","0","2","0","2","0","0","0","7","","","N","","","","","","","","","",""
"2021057655","2324","0","0","0","0","0","0","0","0","0","5","0","","67","6","2021","7","39.933754","-75.145054","2259","6","0","0","0","0","0","1","0","0","","0","0","0","22","3","1","N","0","0","39 56:01.516","","0","75 08:42.194","8","0","0","0","67301","0","0","0","N","0","0","0","3","68K01","0","","1.0","","1","N","N","N","0","","0","0","1","0","0","","2244","2","1","0","0","0","1","0","2","1","2","0","0","0","3","03","","N","","","","","","","","","",""
"2021057251","1018","0","0","0","0","0","0","0","0","0","4","1","","67","6","2021","2","40.126407","-75.020149","1011","6","0","0","0","0","0","0","1","1","","0","1","0","10","1","1","","2","1","40 07:35.065","3","0","75 01:12.536","3","0","0","0","67301","0","0","0","N","0","0","0","3","67301","0","","1.0","1028.0","1","N","N","N","0","","1","0","1","3","3","N","1010","3","1","0","0","0","0","0","2","1","3","0","0","0","4","04","","N","","","","","","","","","",""
"2021032837","135","0","0","0","0","0","0","0","0","0","8","0","","67","4","2021","1","40.013632","-75.158688","134","6","0","0","0","0","0","0","0","0","","0","0","0","1","3","1","","2","0","40 00:49.075","","0","75 09:31.275","8","0","0","0","67301","1","0","0","N","1","0","0","2","67301","0","","1.0","","1","N","N","N","0","","0","0","0","3","2","","133","2","1","0","0","0","1","0","2","0","1","1","0","0","3","03","","N","","","","","","","","","",""
"2021057168","1923","0","0","0","0","0","0","0","0","0","1","1","","67","6","2021","6","40.04003","-75.144524","1923","6","0","0","0","0","0","1","0","0","","0","1","0","14","1","1","Y","0","0","40 02:24.107","","0","75 08:40.287","8","0","0","0","67301","0","0","0","N","0","0","0","2","67301","0","","1.0","","1","N","N","N","0","","0","0","1","3","2","","1429","2","1","0","0","0","1","1","2","0","2","0","0","0","3","03","","N","","","","","","","","","",""
"2021036082","115","1","0","0","0","0","0","0","0","0","4","0","","67","4","2021","4","40.014411","-75.153062","111","6","0","0","0","0","0","0","0","0","","0","0","0","1","3","1","","1","0","40 00:51.881","","0","75 09:11.023","8","0","0","0","67301","0","0","0","N","0","0","0","4","67301","0","","9.0","","1","N","N","N","0","","0","0","0","3","2","","110","2","1","0","0","0","1","0","2","0","2","0","0","0","3","03","","N","","","","","","","","","",""
"2021032533","1930","1","0","0","0","0","0","0","0","0","5","0","","67","4","2021","4","40.086599","-74.971987","1930","6","0","0","0","1","0","0","0","0","","0","0","0","19","4","2","N","0","1","40 05:11.756","1","0","74 58:19.152","8","0","0","0","67301","0","0","0","N","0","0","0","4","67301","0","","1.0","2130.0","1","N","N","N","1","","0","0","0","3","2","N","1925","2","2","0","0","0","2","1","2","0","2","0","0","0","3","","","N","","","","","","","","","",""
"2021057421","2203","2","0","0","0","0","0","0","0","0","1","0","","67","6","2021","7","39.936994","-75.19904","2151","6","0","1","0","0","0","0","0","0","","0","0","0","21","3","0","N","7","0","39 56:13.178","","0","75 11:56.545","0","0","0","0","67301","0","0","0","N","0","0","0","2","68K01","0","","1.0","","1","N","N","N","0","","0","0","0","0","0","","2146","2","0","0","0","0","0","0","2","0","2","0","0","0","3","","","N","","","","","","","","","",""
"2021038482","1217","1","0","0","0","0","0","0","0","0","8","0","","67","4","2021","5","40.008392","-75.150564","1215","6","0","0","0","0","0","0","0","0","","0","0","0","12","1","1","N","0","0","40 00:30.210","","0","75 09:02.030","3","0","0","0","67301","1","0","0","N","1","0","0","2","67301","0","","4.0","","1","N","N","N","0","","1","0","0","0","0","","1213","2","1","1","0","0","0","0","2","0","1","1","0","0","3","03","","N","","","","","","","","","",""
"2021053766","943","1","0","0","0","0","0","0","0","0","2","0","","67","6","2021","6","40.044528","-75.193121","936","6","0","0","0","0","0","1","0","0","","0","0","0","9","1","0","","1","0","40 02:40.301","","0","75 11:35.235","0","0","0","0","67301","0","0","0","N","0","0","0","2","67301","0","","1.0","","1","N","N","N","0","","0","0","1","3","2","","917","2","0","0","0","0","0","0","2","0","2","0","0","0","4","07","","N","","","","","","","","","",""
"2021032683","1245","1","0","0","0","0","0","0","0","0","4","0","","67","4","2021","5","40.03744","-75.132301","1245","6","0","0","0","0","0","1","0","0","","0","0","0","10","1","2","","1","0","40 02:14.784","","0","75 07:56.283","4","0","0","0","67301","0","0","0","N","0","0","0","2","67301","2","","1.0","","99","N","N","N","0","","0","0","1","3","3","","1040","2","2","0","0","0","0","0","2","0","2","0","0","0","3","","","N","","","","","","","","","",""
"2021057381","1150","1","0","0","0","0","0","0","0","0","1","0","","67","6","2021","2","39.95605","-75.180512","1133","6","0","0","0","0","0","1","0","0","","0","0","0","10","1","1","N","0","0","39 57:21.779","","0","75 10:49.844","4","0","0","0","67301","0","0","0","N","0","0","0","3","68K01","1","","1.0","","1","N","N","N","0","","0","0","1","3","8","","1039","2","1","0","0","0","0","0","2","0","2","0","0","0","3","03","","N","","","","","","","","","",""
"2021007195","122","2","0","0","0","0","0","0","0","0","5","0","","67","1","2021","5","40.010675","-75.104239","122","6","0","0","0","0","0","0","0","0","","0","0","0","1","3","0","N","0","0","40 00:38.430","","0","75 06:15.260","0","0","0","0","67301","0","0","0","N","0","0","0","1","67301","0","","1.0","","1","N","N","N","0","","0","0","0","0","0","","120","2","0","0","0","0","0","0","2","0","2","0","0","0","3","03","","N","","","","","","","","","",""
"2021032557","5","1","0","0","0","0","0","0","0","0","1","0","","67","4","2021","4","40.031431","-75.112403","2","6","0","0","0","0","0","0","0","0","","0","0","0","23","3","0","N","0","0","40 01:53.150","","0","75 06:44.650","9","0","0","0","67301","0","0","0","N","0","0","0","1","67301","0","","6.0","","1","N","N","N","0","","0","0","1","0","0","","2338","2","0","1","0","0","0","1","2","0","2","0","0","0","3","03","","N","","","","","","","","","",""
"2021032830","1010","1","0","0","0","0","0","0","0","0","4","0","","67","4","2021","7","39.977211","-75.226752","1008","6","0","0","0","0","0","1","1","0","","0","0","0","10","1","2","","1","0","39 58:37.959","","0","75 13:36.308","3","0","0","0","67301","0","0","0","N","0","0","0","3","67301","0","","1.0","","1","N","N","N","0","","2","0","1","3","2","","1005","2","2","0","0","0","0","1","2","0","2","0","0","0","4","04","","N","","","","","","","","","",""
"2021032764","2250","2","0","0","0","0","0","0","0","0","5","0","","67","4","2021","7","39.909429","-75.155198","2248","6","0","0","0","0","0","1","0","0","","0","0","0","22","3","1","N","0","2","39 54:33.946","3","3","75 09:18.711","8","0","0","0","67301","0","0","0","N","0","0","0","3","67501","0","","1.0","2330.0","1","N","N","N","0","","0","0","0","0","0","Y","2248","2","1","0","0","0","1","0","2","0","2","0","0","0","3","03","","N","","","","","","","","","",""
"2021033135","1812","0","0","0","0","0","0","0","0","0","4","0","","67","4","2021","7","40.059276","-75.044578","1807","6","0","0","0","0","0","0","0","0","","0","0","0","18","1","1","","1","0","40 03:33.392","","0","75 02:40.479","3","0","0","0","67301","0","0","0","N","0","0","0","2","67301","0","","1.0","","1","N","N","N","0","","1","0","1","3","2","","1807","2","1","0","0","0","0","0","2","1","2","0","0","0","3","03","","N","","","","","","","","","",""
"2021057150","1918","1","0","0","0","0","0","0","0","0","8","0","","67","6","2021","4","39.993804","-75.118285","1918","6","0","0","0","0","0","0","0","0","","0","0","0","19","4","1","","1","0","39 59:37.694","","0","75 07:05.825","3","0","0","0","67301","1","0","0","N","1","0","0","2","67301","0","","1.0","","1","N","N","N","0","","1","0","0","3","2","","1917","2","1","0","0","0","0","0","2","0","1","1","0","0","4","","","N","","","","","","","","","",""
"2021032090","949","2","0","0","0","0","0","0","0","0","1","0","","67","4","2021","4","40.025659","-75.028514","942","6","0","0","0","0","0","0","1","0","","0","0","0","9","1","2","N","0","0","40 01:32.374","","0","75 01:42.650","3","0","0","0","67301","0","0","0","N","0","0","0","3","68K01","0","","1.0","","1","N","N","N","0","","2","0","1","0","0","","938","3","2","0","0","0","0","0","2","0","3","0","0","0","4","","","N","","","","","","","","","",""
"2021058741","53","1","0","0","0","0","0","0","0","0","4","0","","67","6","2021","4","40.001808","-75.154545","50","6","0","0","0","0","1","0","0","0","","0","0","0","0","3","4","","1","2","40 00:06.508","7","0","75 09:16.363","3","0","0","0","67301","0","0","0","N","0","0","0","4","67301","1","","1.0","240.0","1","N","N","N","0","","3","0","1","3","2","Y","43","3","4","0","0","0","0","0","2","1","3","0","0","0","3","","","N","","","","","","","","","",""
"2021031598","112","0","0","0","0","0","0","0","0","0","7","0","","67","4","2021","4","39.958121","-75.209408","107","6","0","0","0","0","0","0","0","0","","0","0","0","1","3","2","N","2","0","39 57:29.235","","0","75 12:33.869","8","0","0","0","67301","0","0","0","N","0","0","0","2","67301","0","","4.0","","1","N","N","N","0","","0","0","1","3","2","","107","2","2","0","0","0","2","0","2","0","1","0","0","0","3","","","N","","","","","","","","","",""
"2021056510","45","2","0","0","0","0","0","0","0","0","5","0","","67","6","2021","7","39.977255","-75.158096","45","6","0","0","0","0","0","1","0","0","","0","0","0","0","3","0","N","1","1","39 58:38.118","2","0","75 09:29.146","0","0","0","0","67301","0","0","0","N","0","0","0","2","67505","0","","1.0","140.0","1","N","N","N","0","","0","0","0","3","3","N","42","2","0","0","0","0","0","0","2","0","2","0","0","0","3","","","N","","","","","","","","","",""
"2021058296","1658","1","0","0","0","0","0","0","0","0","1","0","","67","6","2021","4","39.984427","-75.141868","1654","6","0","0","0","0","0","1","0","0","","0","1","0","16","1","0","","1","0","39 59:03.937","","0","75 08:30.724","0","0","0","0","67301","0","0","0","N","0","0","0","2","67301","0","","1.0","","1","N","N","N","0","","0","0","0","3","2","","1618","2","0","0","0","0","0","0","2","0","2","0","0","0","3","","","N","","","","","","","","","",""
"2021039734","735","1","0","0","0","0","0","0","0","0","1","0","","67","5","2021","2","40.134325","-75.009065","720","6","0","0","0","0","0","1","0","0","","0","0","0","6","1","1","N","1","0","40 08:03.571","","0","75 00:32.634","8","0","0","0","67301","0","0","0","N","0","0","0","2","67301","0","","7.0","","1","N","N","N","0","","0","0","1","3","2","","640","2","1","0","0","0","1","0","2","0","2","0","0","0","3","03","","N","","","","","","","","","",""
"2021023784","330","0","0","0","0","0","0","1","0","0","8","1","","67","2","2021","6","39.968841","-75.136192","320","6","0","0","0","0","0","0","0","0","","0","0","0","3","3","1","","1","0","39 58:07.829","","0","75 08:10.292","8","0","0","0","67301","1","0","0","N","1","0","0","2","67508","0","","1.0","","1","N","N","N","0","","0","0","0","3","2","","320","2","1","0","0","0","1","0","2","0","1","1","0","0","3","03","","N","","","","","","","","","",""
"2021032540","1250","2","0","0","0","0","0","0","0","0","4","0","","67","4","2021","7","39.980213","-75.157468","1245","6","0","0","0","0","0","0","0","0","","0","0","0","0","3","1","","1","0","39 58:48.767","","0","75 09:26.884","3","0","0","0","67301","0","0","0","N","0","0","0","2","67505","0","","1.0","","1","N","N","N","0","","1","0","0","3","2","","45","2","1","0","0","0","0","0","2","0","2","0","0","0","3","03","","N","","","","","","","","","",""
"2021032235","1949","0","0","0","0","0","0","0","0","0","8","0","","67","4","2021","4","39.920152","-75.230172","1949","6","0","0","0","0","0","1","0","0","","0","0","0","19","3","1","","1","0","39 55:12.547","","0","75 13:48.619","3","0","0","0","67301","1","0","0","N","1","0","0","2","67301","0","","1.0","","1","N","N","N","1","","1","0","0","3","2","","1948","2","1","0","0","0","0","0","2","0","1","1","0","0","3","03","","N","","","","","","","","","",""
"2021044225","1245","0","0","0","0","0","0","0","0","0","8","0","","67","5","2021","7","40.001175","-75.067536","1237","6","0","0","0","0","0","1","0","0","","0","0","0","12","1","1","N","0","0","40 00:04.230","","0","75 04:03.130","8","0","0","0","67301","1","0","0","N","1","0","0","2","67301","0","","1.0","","1","N","N","N","1","","0","0","0","0","0","","1236","2","1","0","0","0","1","0","2","0","1","1","0","0","3","","","N","","","","","","","","","",""
"2021032238","1821","0","0","0","0","0","0","0","0","0","4","0","","67","4","2021","5","39.964049","-75.191594","1821","6","0","0","0","0","0","1","0","0","","0","0","0","17","1","0","","1","0","39 57:50.576","","0","75 11:29.738","0","0","0","0","67301","0","0","0","N","0","0","0","2","67301","0","","1.0","","1","N","N","N","0","","0","0","2","2","2","","1700","2","0","1","0","0","0","0","2","0","2","0","0","0","3","03","","N","","","","","","","","","",""
"2021026740","1631","3","0","0","0","0","0","0","0","0","5","0","","67","3","2021","1","39.915132","-75.158469","1619","6","0","0","0","0","0","0","0","0","","0","0","0","15","1","1","N","0","0","39 54:54.474","","0","75 09:30.487","4","0","0","0","67301","0","0","0","N","0","0","0","1","67301","1","","6.0","","1","N","N","Y","0","","0","0","0","0","0","","1535","4","1","0","0","0","0","0","2","1","4","0","0","0","3","03","","N","","","","","","","","","",""
"2021033003","208","0","0","0","0","0","0","0","0","0","7","0","35","67","4","2021","7","39.955575","-75.148203","208","6","0","0","0","0","0","0","0","0","","0","0","0","2","3","1","N","0","0","39 57:20.070","","2","75 08:53.532","8","0","0","0","67301","0","0","0","N","0","0","0","1","67501","0","","4.0","","1","N","N","N","0","","0","0","1","0","0","","208","1","1","1","0","0","1","0","2","0","1","0","0","0","3","","U","Y","5","1","","","N","Y","","","","N"
"2021058744","1300","1","0","0","0","0","0","0","0","0","6","0","","67","6","2021","5","40.016619","-75.171179","1255","6","0","0","0","0","0","0","0","0","","0","1","0","11","1","1","N","0","0","40 00:59.829","","0","75 10:16.245","8","0","0","0","67301","0","0","0","N","0","0","0","2","67301","0","","1.0","","1","N","N","N","0","","0","0","0","0","0","","1130","2","1","0","0","0","1","1","2","0","2","0","0","0","3","","","N","","","","","","","","","",""
"2021058263","47","1","0","0","0","0","0","0","0","0","7","0","","67","6","2021","3","39.965313","-75.13687","38","6","0","0","0","0","0","0","0","0","","0","0","0","0","3","1","N","0","0","39 57:55.127","","0","75 08:12.732","3","0","0","0","67301","0","0","0","N","0","0","0","1","68K01","0","","4.0","","9","N","N","N","0","","1","0","0","0","0","","33","1","1","1","0","0","0","0","2","0","1","0","0","0","7","","","N","","","","","","","","","",""
"2021033199","30","2","0","0","0","0","0","0","0","0","7","0","","67","4","2021","1","40.030674","-75.021892","14","6","0","0","0","0","0","0","0","0","","0","0","0","0","3","0","N","0","1","40 01:50.426","2","3","75 01:18.812","0","0","0","0","67301","0","0","0","N","0","0","0","2","68K01","0","","3.0","123.0","1","N","N","N","0","","0","0","0","0","0","N","13","2","0","0","0","0","0","0","2","0","2","0","0","0","3","03","","N","","","","","","","","","",""
"2021041372","1235","1","0","0","0","0","0","0","0","0","8","0","","67","5","2021","6","39.923153","-75.170008","1220","6","0","0","0","0","0","1","0","0","","0","0","0","12","1","1","","1","0","39 55:23.352","","0","75 10:12.030","8","0","0","0","67301","1","0","0","N","1","0","0","2","67301","0","","1.0","","1","N","N","N","0","","0","0","0","3","2","","1220","2","1","0","0","0","1","0","2","0","1","1","0","0","3","03","","N","","","","","","","","","",""
"2021032781","1155","0","0","0","0","0","0","0","0","0","5","0","","67","4","2021","7","40.036625","-75.050183","1138","6","0","0","0","0","0","0","0","0","","0","0","0","10","8","1","N","0","0","40 02:11.850","","0","75 03:00.660","3","0","0","0","67301","0","0","0","N","0","0","0","1","67301","0","","6.0","","1","N","N","N","0","","1","0","4","0","0","","1047","4","1","0","0","0","0","0","2","0","4","0","0","0","3","03","","N","","","","","","","","","",""
"2021032826","430","1","0","0","0","0","0","0","0","0","1","0","","67","4","2021","7","39.922222","-75.193694","420","6","0","0","0","0","0","1","0","0","","0","0","0","4","3","0","N","0","0","39 55:20.000","","0","75 11:37.300","0","0","0","0","67301","0","0","0","N","0","0","0","1","67301","0","","1.0","","9","N","N","N","0","","0","0","1","0","0","","420","2","0","0","0","0","0","0","2","0","2","0","0","0","7","07","","N","","","","","","","","","",""
"2021051055","920","0","0","0","0","0","0","0","0","0","8","1","","67","6","2021","6","39.948722","-75.189389","919","6","0","0","0","0","0","0","0","0","","0","1","0","9","1","1","Y","0","0","39 56:55.400","","3","75 11:21.800","8","0","0","0","67301","1","0","0","N","0","0","0","2","67504","0","","1.0","","1","","","N","0","","0","0","0","3","2","","900","2","1","0","0","0","1","0","2","0","1","1","0","0","3","03","","N","","","","","","","","","",""
"2021059170","444","3","0","0","0","0","0","0","0","0","1","0","","67","5","2021","1","39.899034","-75.168522","444","6","0","0","0","0","0","2","0","0","","0","0","0","4","3","0","N","0","2","39 53:56.522","2","0","75 10:06.680","0","0","0","0","67301","0","0","0","N","0","0","0","3","68K01","0","","1.0","450.0","1","N","N","N","0","","0","0","0","0","0","N","426","3","0","0","0","0","0","0","2","0","3","0","0","0","3","","","N","","","","","","","","","",""
"2021053855","535","1","0","0","0","0","0","0","0","0","7","0","","67","6","2021","5","39.98564","-75.208283","519","6","0","0","0","0","0","0","0","0","","0","0","0","5","5","0","N","6","0","39 59:08.303","","0","75 12:29.817","9","0","0","0","67301","0","0","0","Y","0","0","0","1","68K01","0","","7.0","","9","N","N","N","0","","0","0","0","3","3","","514","1","0","0","0","0","0","1","2","0","1","0","0","0","7","","","N","","","","","","","","","",""
"2021053596","815","2","0","0","0","0","0","0","0","0","1","0","","67","6","2021","5","40.071509","-75.179307","802","6","0","0","0","0","0","0","0","0","","0","0","0","7","1","0","N","0","0","40 04:17.433","","0","75 10:45.506","0","0","0","0","67301","0","0","0","N","0","0","0","0","67301","0","","6.0","","1","N","N","N","0","","0","0","0","0","0","","715","2","0","0","0","0","0","0","2","0","2","0","0","0","3","03","","N","","","","","","","","","",""
"2021032023","1020","1","0","0","0","0","0","0","0","0","4","0","","67","4","2021","4","39.976682","-75.164896","1016","6","0","0","0","0","0","0","0","0","","0","0","0","10","1","1","","1","2","39 58:36.055","1","0","75 09:53.625","4","0","0","0","67301","0","0","0","N","0","0","0","3","67301","1","","1.0","1220.0","9","N","N","N","0","","0","0","1","3","2","Y","1005","2","1","0","0","0","0","0","2","0","2","0","0","0","7","04","","N","","","","","","","","","",""
"2021038520","645","1","0","0","0","0","0","0","0","0","1","0","","67","3","2021","5","40.032137","-75.021281","633","6","0","0","0","0","0","1","0","0","","0","0","0","6","1","0","N","0","1","40 01:55.692","2","3","75 01:16.613","0","0","0","0","67301","0","0","0","N","0","0","0","2","68K01","0","","1.0","730.0","1","N","N","N","1","","0","0","0","0","0","Y","631","2","0","0","0","0","0","0","2","0","2","0","0","0","3","","","N","","","","","","","","","",""
"2021051963","30","0","0","0","0","0","0","0","0","0","7","0","","67","5","2021","7","39.899193","-75.175001","30","6","0","0","0","1","0","0","0","0","","0","0","0","0","3","0","N","0","1","39 53:57.096","2","0","75 10:30.004","0","0","0","0","67301","0","0","0","N","0","0","0","1","68K01","0","","4.0","115.0","1","N","N","N","0","","0","0","1","0","0","N","28","1","0","0","0","0","0","0","2","0","1","0","0","0","3","03","","N","","","","","","","","","",""
"2021027140","338","3","0","0","0","0","0","0","0","0","4","0","","67","3","2021","2","39.955253","-75.21168","338","6","0","0","0","0","0","0","0","0","","0","0","0","3","3","2","","1","0","39 57:18.911","","0","75 12:42.049","3","0","0","0","67301","0","0","0","N","0","0","0","3","67301","0","","1.0","","1","N","N","N","0","","2","0","1","3","2","","336","4","2","0","0","0","0","0","2","0","4","0","0","0","3","03","","N","","","","","","","","","",""
"2021032474","1550","1","0","0","0","0","0","0","0","0","4","0","","67","3","2021","2","39.98665","-75.208385","1550","6","0","0","0","0","0","1","0","0","","0","0","0","15","1","1","","3","2","39 59:11.940","1","0","75 12:30.186","8","0","0","0","67301","0","0","0","N","0","0","0","2","68K01","0","","1.0","1620.0","1","N","N","N","0","","0","0","1","3","3","N","1550","2","1","0","0","0","1","0","2","0","2","0","0","0","3","","","N","","","","","","","","","",""