"CRN","ARRIVAL_TM","AUTOMOBILE_COUNT","BELTED_DEATH_COUNT","BELTED_SUSP_SERIOUS_INJ_COUNT","BICYCLE_COUNT","BICYCLE_DEATH_COUNT","BICYCLE_SUSP_SERIOUS_INJ_COUNT","BUS_COUNT","CHLDPAS_DEATH_COUNT","CHLDPAS_SUSP_SERIOUS_INJ_COUNT","COLLISION_TYPE","COMM_VEH_COUNT","CONS_ZONE_SPD_LIM","COUNTY","CRASH_MONTH","CRASH_YEAR","DAY_OF_WEEK","DEC_LATITUDE","DEC_LONGITUDE","DISPATCH_TM","DISTRICT","DRIVER_COUNT_16YR","DRIVER_COUNT_17YR","DRIVER_COUNT_18YR","DRIVER_COUNT_19YR","DRIVER_COUNT_20YR","DRIVER_COUNT_50_64YR","DRIVER_COUNT_65_74YR","DRIVER_COUNT_75PLUS","EST_HRS_CLOSED","FATAL_COUNT","HEAVY_TRUCK_COUNT","HORSE_BUGGY_COUNT","HOUR_OF_DAY","ILLUMINATION","INJURY_COUNT","INTERSECTION_RELATED","INTERSECT_TYPE","LANE_CLOSED","LATITUDE","LN_CLOSE_DIR","LOCATION_TYPE","LONGITUDE","MAX_SEVERITY_LEVEL","MCYCLE_DEATH_COUNT","MCYCLE_SUSP_SERIOUS_INJ_COUNT","MOTORCYCLE_COUNT","MUNICIPALITY","NONMOTR_COUNT","NONMOTR_DEATH_COUNT","NONMOTR_SUSP_SERIOUS_INJ_COUNT","NTFY_HIWY_MAINT","PED_COUNT","PED_DEATH_COUNT","PED_SUSP_SERIOUS_INJ_COUNT","PERSON_COUNT","POLICE_AGCY","POSSIBLE_INJ_COUNT","RDWY_SURF_TYPE_CD","RELATION_TO_ROAD","ROADWAY_CLEARED","ROAD_CONDITION","SCH_BUS_IND","SCH_ZONE_IND","SECONDARY_CRASH","SMALL_TRUCK_COUNT","SPEC_JURIS_CD","SUSP_MINOR_INJ_COUNT","SUSP_SERIOUS_INJ_COUNT","SUV_COUNT","TCD_FUNC_CD","TCD_TYPE","TFC_DETOUR_IND","TIME_OF_DAY","TOTAL_UNITS","TOT_INJ_COUNT","UNBELTED_OCC_COUNT","UNB_DEATH_COUNT","UNB_SUSP_SERIOUS_INJ_COUNT","UNK_INJ_DEG_COUNT","UNK_INJ_PER_COUNT","URBAN_RURAL","VAN_COUNT","VEHICLE_COUNT","VULNERABLE_ROAD_USER_COUNT","VULNERABLE_ROAD_USER_DEATH_COUNT","VULNERABLE_ROAD_USER_SER_INJ_COUNT","WEATHER1","WEATHER2","WORKERS_PRES","WORK_ZONE_IND","WORK_ZONE_LOC","WORK_ZONE_TYPE","WZ_CLOSE_DETOUR","WZ_FLAGGER","WZ_LAW_OFFCR_IND","WZ_LN_CLOSURE","WZ_MOVING","WZ_OTHER","WZ_SHLDER_MDN","WZ_WORKERS_INJ_KILLED"
"2021028165","2135","1","0","0","0","0","0","0","0","0","7","0","","67","3","2021","4","39.983275","-75.202769","2126","6","0","0","0","0","0","0","0","0","","0","0","0","21","3","0","N","0","0","39 58:59.791","","0","75 12:09.968","0","0","0","0","67301","0","0","0","N","0","0","0","1","67301","0","","4.0","","9","N","N","N","0","","0","0","0","0","0","","2117","2","0","0","0","0","0","0","2","0","1","0","0","0","7","07","","N","","","","","","","","","",""
"2021028042","127","2","0","0","0","0","0","0","0","0","6","0","","67","3","2021","3","40.023583","-75.164366","127","6","0","0","0","0","0","0","0","0","","0","0","0","1","3","0","N","0","0","40 01:24.900","","0","75 09:51.718","0","0","0","0","67301","0","0","0","N","0","0","0","2","67301","0","","6.0","","1","N","N","N","1","","0","0","0","0","0","","127","4","0","0","0","0","0","0","2","0","3","0","0","0","3","03","","N","","","","","","","","","",""
"2021035792","1557","0","0","0","0","0","0","0","0","0","7","0","","67","3","2021","5","39.972651","-75.121138","1538","6","0","0","0","0","1","0","0","0","","0","0","0","15","1","0","N","0","1","39 58:21.543","1","3","75 07:16.098","0","0","0","0","67301","0","0","0","N","0","0","0","2","68K01","0","","3.0","1615.0","1","N","N","N","0","","0","0","1","0","0","N","1536","1","0","0","0","0","0","0","2","0","1","0","0","0","4","","","N","","","","","","","","","",""
"2021028452","500","1","0","0","0","0","0","0","0","0","4","0","","67","3","2021","6","39.990926","-75.167533","500","6","0","0","0","0","0","0","0","0","","0","0","0","23","3","2","","2","0","39 59:27.333","","0","75 10:03.118","8","0","0","0","67301","0","0","0","N","0","0","0","3","67301","0","","1.0","","1","N","N","N","0","","0","0","1","3","3","","2300","2","2","0","0","0","2","0","2","0","2","0","0","0","3","03","","N","","","","","","","","","",""
"2021026748","2123","3","0","0","0","0","0","0","0","0","5","0","","67","3","2021","1","39.987625","-75.142094","2122","6","0","0","0","0","0","0","0","0","","0","0","0","21","3","1","N","0","0","39 59:15.450","","0","75 08:31.540","3","0","0","0","67301","0","0","0","N","0","0","0","1","67301","0","","6.0","","1","N","N","N","0","","1","0","1","0","0","","2110","5","1","0","0","0","0","0","2","1","5","0","0","0","3","03","","N","","","","","","","","","",""
"2021028048","1756","1","0","0","0","0","0","0","0","0","4","0","","67","3","2021","2","40.015931","-75.153871","1748","6","0","0","0","0","0","0","0","0","","0","0","0","18","1","1","","1","0","40 00:57.350","","0","75 09:13.935","4","0","0","0","67301","0","0","0","N","0","0","0","2","67301","1","","1.0","","99","N","N","N","0","","0","0","0","3","2","","1845","2","1","0","0","0","0","0","2","0","2","0","0","0","99","","","N","","","","","","","","","",""
"2021028656","1117","0","0","0","0","0","0","0","0","0","8","0","","67","3","2021","1","40.012534","-75.073301","1113","6","0","0","0","0","0","1","0","0","","0","0","0","10","1","1","","1","0","40 00:45.124","","0","75 04:23.885","4","0","0","0","67301","1","0","0","N","1","0","0","2","67301","1","","1.0","","9","N","N","N","0","","0","0","1","3","2","","1059","2","1","0","0","0","0","0","2","0","1","1","0","0","7","07","","N","","","","","","","","","",""
"2021027732","1220","0","0","0","0","0","0","0","0","0","4","0","","67","3","2021","3","40.009649","-75.1803","1213","6","0","0","0","0","0","0","0","0","","0","0","0","11","1","1","","2","0","40 00:34.737","","0","75 10:49.079","3","0","0","0","67301","0","0","0","N","0","0","0","2","67301","0","","1.0","","1","N","N","N","1","","1","0","1","3","2","","1145","2","1","0","0","0","0","0","2","0","2","0","0","0","3","03","","N","","","","","","","","","",""
"2021028040","2250","0","0","0","0","0","0","0","0","0","7","0","","67","3","2021","5","39.948222","-75.171083","2245","6","0","0","0","0","0","0","0","0","","0","0","0","22","3","0","N","0","0","39 56:53.600","","0","75 10:15.900","9","0","0","0","67301","0","0","0","N","0","0","0","1","67301","0","","5.0","","99","N","N","N","0","","0","0","1","0","0","","2240","1","0","0","0","0","0","1","2","0","1","0","0","0","7","98","","N","","","","","","","","","",""
"2021057171","1848","2","0","0","0","0","0","0","0","0","5","0","","67","6","2021","7","40.042736","-75.158314","1848","6","0","0","0","0","1","0","0","0","","0","0","0","18","1","0","N","0","0","40 02:33.850","","0","75 09:29.930","0","0","0","0","67301","0","0","0","N","0","0","0","1","67301","0","","1.0","","1","N","N","N","0","","0","0","0","0","0","","1848","2","0","0","0","0","0","0","2","0","2","0","0","0","3","03","","N","","","","","","","","","",""
"2021051974","1951","1","0","0","0","0","0","0","0","0","4","0","","67","5","2021","2","39.945367","-75.190409","1951","6","0","0","0","0","0","0","0","0","","0","0","0","19","1","2","N","0","2","39 56:43.321","4","0","75 11:25.471","3","0","0","0","67301","0","0","0","N","0","0","0","3","68K01","1","","1.0","30.0","1","N","N","N","0","","1","0","1","0","0","N","1946","2","2","0","0","0","0","0","2","0","2","0","0","0","3","","","N","","","","","","","","","",""
"2021027674","1540","2","0","0","0","0","0","0","0","0","4","0","","67","3","2021","3","40.029052","-75.115133","1535","6","0","0","0","0","1","0","0","0","","0","0","0","15","1","2","","1","0","40 01:44.587","","0","75 06:54.478","3","0","0","0","67301","0","0","0","N","0","0","0","3","67301","0","","1.0","","99","N","N","N","0","","2","0","1","3","3","","1530","3","2","0","0","0","0","0","2","0","3","0","0","0","3","03","","N","","","","","","","","","",""
"2021027891","132","0","0","0","0","0","0","0","0","0","4","0","","67","3","2021","4","40.051105","-75.159048","130","6","0","0","0","0","0","0","0","0","","0","0","0","1","3","1","","1","0","40 03:03.978","","0","75 09:32.572","4","0","0","0","67301","0","0","0","N","0","0","0","2","67301","1","","1.0","","1","N","N","N","0","","0","0","2","3","2","","125","2","1","0","0","0","0","0","2","0","2","0","0","0","3","03","","N","","","","","","","","","",""
"2021058245","2308","1","0","0","0","0","0","0","0","0","1","0","","67","6","2021","7","39.959326","-75.173428","2303","6","0","0","0","0","0","0","1","0","","0","0","0","22","3","0","N","0","0","39 57:33.574","","0","75 10:24.340","0","0","0","0","67301","0","0","0","N","0","0","0","3","68K01","0","","1.0","","1","N","N","N","0","","0","0","1","0","0","","2242","2","0","0","0","0","0","0","2","0","2","0","0","0","3","","","N","","","","","","","","","",""
"2021032685","1330","1","0","0","0","0","0","0","0","0","1","0","","67","4","2021","4","40.033684","-75.145797","1330","6","0","0","0","0","0","0","0","0","","0","0","0","22","6","2","","1","0","40 02:01.264","","0","75 08:44.868","4","0","0","0","67301","0","0","0","N","0","0","0","3","67301","2","","1.0","","99","N","N","N","0","","0","0","1","3","2","","2215","2","2","1","0","0","0","1","2","0","2","0","0","0","99","","","N","","","","","","","","","",""
"2021029405","1210","0","0","0","1","0","0","0","0","0","8","0","","67","3","2021","2","40.036872","-75.144683","1210","6","0","0","0","0","0","0","0","0","","0","0","0","14","1","1","","2","0","40 02:12.740","","7","75 08:40.860","8","0","0","0","67301","1","0","0","N","0","0","0","2","67301","0","","1.0","","99","N","N","N","0","","0","0","0","3","3","","1435","2","1","0","0","0","1","0","2","0","1","1","0","0","99","","","N","","","","","","","","","",""
"2021027882","2114","2","0","0","0","0","0","0","0","0","4","0","","67","3","2021","5","39.978988","-75.160338","2112","6","0","0","0","0","0","0","0","0","","0","0","0","21","3","2","","1","1","39 58:44.358","4","0","75 09:37.216","8","0","0","0","67301","0","0","0","N","0","0","0","3","67505","0","","1.0","2203.0","1","N","N","Y","0","","0","0","1","3","3","Y","2110","3","2","0","0","0","2","0","2","0","3","0","0","0","3","03","","N","","","","","","","","","",""
"2021058813","1655","1","0","0","0","0","0","0","0","0","3","0","","67","6","2021","3","40.05949","-75.084604","1646","6","0","0","0","0","0","1","0","0","","0","0","0","15","1","1","N","0","2","40 03:34.165","2","0","75 05:04.575","8","0","0","0","67301","0","0","0","N","0","0","0","2","67301","0","","1.0","1725.0","9","N","N","N","0","","0","0","1","0","0","N","1549","2","1","0","0","0","1","0","2","0","2","0","0","0","7","","","N","","","","","","","","","",""
"2021056627","620","2","0","0","0","0","0","0","0","0","5","1","","67","6","2021","4","39.886459","-75.205942","620","6","0","0","0","0","0","0","0","0","","0","1","0","6","1","0","N","0","0","39 53:11.254","","3","75 12:21.390","9","0","0","0","67301","0","0","0","N","0","0","0","3","68K01","0","","2.0","","1","N","N","Y","0","","0","0","0","0","0","","620","3","0","0","0","0","0","1","2","0","3","0","0","0","3","03","","N","","","","","","","","","",""
"2021028546","520","1","0","0","0","0","0","0","0","0","1","0","","67","3","2021","7","40.020933","-75.159564","514","6","0","0","0","0","0","0","0","0","","0","0","0","1","3","0","","2","0","40 01:15.360","","0","75 09:34.430","9","0","0","0","67301","0","0","0","N","0","0","0","2","67301","0","","1.0","","1","N","N","N","0","","0","0","1","0","0","","120","2","0","0","0","0","0","1","2","0","2","0","0","0","3","03","","N","","","","","","","","","",""
"2021053645","1110","1","0","0","0","0","0","0","0","0","4","0","","67","5","2021","7","40.007638","-75.127338","1110","6","0","0","0","0","0","0","0","0","","0","0","0","11","8","1","","1","0","40 00:27.498","","0","75 07:38.415","3","0","0","0","67301","0","0","0","N","0","0","0","3","67301","0","","1.0","","9","N","N","N","0","","1","0","1","3","2","","1105","2","1","0","0","0","0","0","2","0","2","0","0","0","7","04","","N","","","","","","","","","",""
"2021028390","1155","2","0","0","0","0","0","0","0","0","4","0","","67","3","2021","7","40.059083","-75.008996","1150","6","0","0","0","0","0","0","1","0","","0","0","0","11","1","2","N","0","1","40 03:32.699","1","7","75 00:32.384","3","0","0","0","67301","0","0","0","N","0","0","0","3","67301","0","","1.0","1251.0","1","N","N","N","0","","2","0","0","0","0","Y","1145","2","2","0","0","0","0","0","2","0","2","0","0","0","3","03","","N","","","","","","","","","",""
"2021033925","2346","2","0","0","0","0","0","0","0","0","1","0","","67","3","2021","3","39.904804","-75.150203","2346","6","0","0","0","0","0","0","0","0","","0","0","0","23","3","0","N","0","1","39 54:17.294","2","0","75 09:00.729","0","0","0","0","67301","0","0","0","N","0","0","0","2","68K01","0","","2.0","10.0","1","N","N","N","0","","0","0","1","0","0","N","2343","3","0","0","0","0","0","0","2","0","3","0","0","0","3","","","N","","","","","","","","","",""
"2021026951","411","1","0","0","0","0","0","0","0","0","2","0","","67","3","2021","7","40.002397","-75.123353","408","6","0","0","0","0","0","0","0","0","","0","0","0","3","3","0","N","0","0","40 00:08.630","","0","75 07:24.070","0","0","0","0","67301","0","0","0","N","0","0","0","2","67301","0","","1.0","","1","N","N","N","0","","0","0","0","0","0","","358","2","0","0","0","0","0","0","2","0","2","0","0","0","3","03","","N","","","","","","","","","",""
"2021030124","2030","2","0","0","0","0","0","0","0","2","4","0","","67","3","2021","2","39.926643","-75.235595","2030","6","0","0","1","0","0","1","0","0","","0","0","0","20","3","6","","1","0","39 55:35.914","","0","75 14:08.141","2","0","0","0","67301","0","0","0","N","0","0","0","9","67301","0","","1.0","","1","N","N","Y","0","","3","3","1","3","2","","2030","3","6","1","0","1","0","1","2","0","3","0","0","0","3","","","N","","","","","","","","","",""
"2021052397","2241","0","0","0","0","0","0","0","0","0","4","0","","67","5","2021","3","39.949468","-75.18422","2224","6","0","0","0","0","0","1","0","0","","0","0","0","22","3","4","N","0","2","39 56:58.084","4","0","75 11:03.191","3","0","0","0","67301","0","0","0","N","0","0","0","4","68K01","0","","1.0","2311.0","1","N","N","N","0","","4","0","2","0","0","N","2221","2","4","0","0","0","0","0","2","0","2","0","0","0","3","","","N","","","","","","","","","",""
"2021027899","1625","2","0","0","0","0","0","0","0","0","4","0","","67","3","2021","4","39.955499","-75.24211","1619","6","0","0","0","1","0","0","0","0","","0","0","0","16","1","0","","1","0","39 57:19.796","","99","75 14:31.596","0","0","0","0","67301","0","0","0","N","0","0","0","2","67301","0","","1.0","","9","N","N","N","0","","0","0","0","3","3","","1607","2","0","1","0","0","0","0","2","0","2","0","0","0","7","07","","N","","","","","","","","","",""
"2021028547","2050","1","0","0","0","0","0","0","0","0","4","0","","67","3","2021","7","40.017322","-75.156804","2037","6","0","0","1","0","0","0","0","0","","0","0","0","20","3","0","","1","0","40 01:02.359","","0","75 09:24.494","0","0","0","0","67301","0","0","0","N","0","0","0","2","67301","0","","1.0","","1","N","N","N","0","","0","0","1","3","3","","2034","3","0","0","0","0","0","0","2","0","3","0","0","0","3","03","","N","","","","","","","","","",""
"2021026749","1955","0","0","0","0","0","0","0","0","0","4","0","","67","3","2021","1","40.050393","-75.153118","1948","6","0","0","0","0","0","0","0","0","","0","0","0","19","3","1","","1","0","40 03:01.414","","0","75 09:11.224","4","0","0","0","67301","0","0","0","N","0","0","0","3","67301","1","","1.0","","1","N","N","N","0","","0","0","1","3","3","","1930","2","1","0","0","0","0","1","2","0","2","0","0","0","3","03","","N","","","","","","","","","",""
"2021026741","1830","2","0","0","0","0","0","0","0","0","5","0","","67","3","2021","1","39.934167","-75.149472","1828","6","0","0","0","0","0","0","0","0","","0","0","0","18","1","1","N","0","0","39 56:03.000","","0","75 08:58.100","3","0","0","0","67301","0","0","0","N","0","0","0","3","67301","0","","1.0","","1","N","N","N","0","","1","0","1","0","0","","1828","3","1","0","0","0","0","0","2","0","3","0","0","0","3","03","","N","","","","","","","","","",""
"2021031959","514","1","0","0","0","0","0","0","0","0","4","0","","67","3","2021","2","40.032725","-75.045956","506","6","0","0","0","0","0","0","0","0","","0","0","0","5","3","0","N","0","1","40 01:57.810","3","0","75 02:45.440","0","0","0","0","67301","0","0","0","N","0","0","0","1","67301","0","","6.0","600.0","1","N","N","N","0","","0","0","0","0","0","N","505","2","0","0","0","0","0","0","2","1","2","0","0","0","3","","","N","","","","","","","","","",""
"2021031921","741","1","0","0","0","0","0","0","0","0","1","0","","67","4","2021","4","40.089186","-75.021009","707","6","0","0","0","0","0","1","0","0","","0","0","0","7","5","0","","2","1","40 05:21.068","2","0","75 01:15.633","0","0","0","0","67301","0","0","0","N","0","0","0","2","67301","0","","1.0","750.0","9","N","N","N","0","","0","0","1","3","2","N","706","2","0","0","0","0","0","0","2","0","2","0","0","0","4","","","N","","","","","","","","","",""
"2021028240","818","1","0","0","0","0","0","0","0","0","4","0","","67","3","2021","6","40.029052","-75.115133","817","6","0","0","0","0","0","0","0","0","","0","0","0","7","1","1","","1","0","40 01:44.587","","0","75 06:54.478","3","0","0","0","67301","0","0","0","N","0","0","0","2","67301","0","","1.0","","9","N","N","N","0","","1","0","1","3","3","","700","2","1","0","0","0","0","0","2","0","2","0","0","0","4","04","","N","","","","","","","","","",""
"2021032421","1906","0","0","0","0","0","0","0","0","0","1","0","","67","4","2021","5","39.934511","-75.1899","1906","6","0","0","0","0","0","0","1","0","","0","0","0","19","1","0","N","0","0","39 56:04.240","","0","75 11:23.640","0","0","0","0","67301","0","0","0","N","0","0","0","1","67301","0","","6.0","","1","N","N","Y","0","","0","0","2","0","0","","1906","2","0","1","0","0","0","0","2","0","2","0","0","0","3","03","","N","","","","","","","","","",""
"2021053559","1345","0","0","0","0","0","0","0","0","0","7","0","","67","6","2021","2","39.921282","-75.192353","1340","6","0","0","0","0","0","1","0","0","","0","0","0","13","1","1","N","0","0","39 55:16.615","","0","75 11:32.472","4","0","0","0","67301","0","0","0","N","0","0","0","1","67301","1","","4.0","","1","N","N","N","0","","0","0","1","0","0","","1330","1","1","0","0","0","0","0","2","0","1","0","0","0","3","03","","N","","","","","","","","","",""
"2021027731","1036","1","0","0","0","0","0","0","0","0","3","0","","67","3","2021","3","40.002089","-75.156751","1035","6","0","0","0","0","0","0","1","0","","0","0","0","10","1","1","N","0","0","40 00:07.521","","7","75 09:24.303","3","0","0","0","67301","0","0","0","N","0","0","0","2","67301","0","","1.0","","1","N","N","N","0","","1","0","1","0","0","","1000","2","1","0","0","0","0","0","2","0","2","0","0","0","3","03","","N","","","","","","","","","",""
"2021056967","1442","0","0","0","0","0","0","0","0","0","7","0","","67","6","2021","7","39.957952","-75.162456","1410","6","0","0","0","0","0","1","0","0","","0","0","0","13","1","1","N","0","0","39 57:28.626","","0","75 09:44.843","3","0","0","0","67301","0","0","0","N","0","0","0","1","68K01","0","","3.0","","1","N","N","N","0","","1","0","1","0","0","","1355","1","1","0","0","0","0","0","2","0","1","0","0","0","3","","","N","","","","","","","","","",""
"2021060952","1550","1","0","0","0","0","0","0","0","0","1","0","","67","6","2021","4","39.966885","-75.133907","1540","6","0","0","0","0","1","0","0","0","","0","0","0","15","1","0","N","0","0","39 58:00.787","","0","75 08:02.065","0","0","0","0","67301","0","0","0","N","0","0","0","2","68K01","0","","1.0","","1","N","N","N","0","","0","0","1","0","0","","1540","2","0","0","0","0","0","0","2","0","2","0","0","0","3","03","","N","","","","","","","","","",""
"2021027890","1245","0","0","0","0","0","0","0","0","0","5","0","","67","3","2021","1","39.890349","-75.244979","1238","6","0","0","0","0","0","1","0","0","","0","0","0","22","3","1","","2","0","39 53:25.257","","0","75 14:41.926","3","0","0","0","67301","0","0","0","N","0","0","0","2","67301","0","","1.0","","1","N","N","N","0","","1","0","2","3","2","","2215","2","1","1","0","0","0","0","2","0","2","0","0","0","3","03","","N","","","","","","","","","",""
"2021026342","1845","1","0","0","0","0","0","0","0","0","8","0","","67","3","2021","7","40.044861","-75.165472","1845","6","0","0","0","0","0","0","0","0","","0","0","0","18","1","1","N","0","0","40 02:41.500","","0","75 09:55.700","3","0","0","0","67301","1","0","0","N","1","0","0","2","67301","0","","1.0","","1","N","N","N","0","","1","0","0","0","0","","1830","2","1","0","0","0","0","0","2","0","1","1","0","0","3","","","N","","","","","","","","","",""
"2021028487","1530","3","0","0","0","0","0","0","0","0","1","0","","67","3","2021","7","39.993157","-75.085158","1500","6","0","0","0","0","0","0","2","0","","0","0","0","14","1","0","N","0","0","39 59:35.365","","0","75 05:06.569","0","0","0","0","67301","0","0","0","N","0","0","0","3","68K01","0","","1.0","","1","N","N","N","0","","0","0","0","0","0","","1430","3","0","0","0","0","0","0","2","0","3","0","0","0","3","03","","N","","","","","","","","","",""
"2021029041","1756","2","0","0","0","0","0","0","0","0","1","0","","67","3","2021","1","40.014945","-75.170477","1754","6","0","0","0","0","0","0","0","0","","0","0","0","17","1","1","N","0","2","40 00:53.801","6","0","75 10:13.718","2","0","0","0","67301","0","0","0","N","0","0","0","2","67301","0","","6.0","2118.0","1","N","N","N","0","","0","1","2","0","0","Y","1750","4","1","0","0","0","0","1","2","0","4","0","0","0","4","","","N","","","","","","","","","",""
"2021028392","550","1","0","0","0","0","0","0","0","0","4","0","","67","3","2021","6","39.988524","-75.106326","541","6","0","0","0","0","0","1","0","0","","0","0","0","5","3","2","","1","0","39 59:18.686","","0","75 06:22.773","8","0","0","0","67301","0","0","0","N","0","0","0","4","67301","0","","1.0","","9","N","N","N","1","","0","0","0","3","2","","539","2","2","0","0","0","2","0","2","0","2","0","0","0","7","07","","N","","","","","","","","","",""
"2021031957","6","1","0","0","0","0","0","0","0","0","4","0","","67","3","2021","6","40.01446","-75.079469","2359","6","0","0","0","0","0","0","0","0","","0","0","0","23","3","1","","1","2","40 00:52.055","1","0","75 04:46.088","3","0","0","0","67301","0","0","0","N","0","0","0","4","67301","0","","1.0","30.0","1","N","N","N","1","","1","0","0","3","3","N","2355","2","1","0","0","0","0","0","2","0","2","0","0","0","3","","","N","","","","","","","","","",""
"2021029402","1427","1","0","0","0","0","0","0","0","0","4","0","","67","3","2021","7","39.965591","-75.231913","1427","6","0","0","0","0","0","1","0","0","","0","0","0","14","1","1","","5","1","39 57:56.127","4","0","75 13:54.886","8","0","0","0","67301","0","0","0","N","0","0","0","3","67301","0","","1.0","1530.0","1","N","Y","N","0","","0","0","1","3","2","N","1400","2","1","0","0","0","1","1","2","0","2","0","0","0","3","","","N","","","","","","","","","",""
"2021028535","1231","1","0","0","0","0","0","0","0","0","4","0","","67","3","2021","5","40.041416","-75.040809","1231","6","0","0","0","0","0","0","1","0","","0","0","0","11","1","2","","2","0","40 02:29.097","","0","75 02:26.912","3","0","0","0","67301","0","0","0","N","0","0","0","6","67301","0","","1.0","","1","N","N","N","0","","2","0","1","3","3","","1153","2","2","0","0","0","0","0","2","0","2","0","0","0","3","","","N","","","","","","","","","",""
"2021052281","2052","1","0","0","0","0","0","0","0","0","4","0","","67","6","2021","1","39.993216","-75.093281","2049","6","0","0","0","0","0","0","0","0","","0","0","0","20","3","0","","1","0","39 59:35.577","","0","75 05:35.812","0","0","0","0","67301","0","0","0","N","0","0","0","3","67301","0","","1.0","","1","N","N","N","0","","0","0","1","3","3","","2040","2","0","0","0","0","0","0","2","0","2","0","0","0","3","03","","N","","","","","","","","","",""
"2021028816","525","1","0","0","0","0","0","0","0","0","7","0","","67","3","2021","1","40.005033","-75.075276","505","6","0","0","0","0","0","0","0","0","","0","0","0","4","3","1","N","0","1","40 00:18.117","1","8","75 04:30.993","3","0","0","0","67301","0","0","0","N","0","0","0","1","68K01","0","","4.0","600.0","1","N","N","N","0","","1","0","0","0","0","N","458","1","1","0","0","0","0","0","2","0","1","0","0","0","3","","","N","","","","","","","","","",""
"2021032062","1212","1","0","0","0","0","0","0","0","0","7","0","","67","3","2021","1","39.982954","-75.207911","1206","6","0","0","0","0","0","0","0","0","","0","0","0","12","1","0","N","0","0","39 58:58.635","","0","75 12:28.480","0","0","0","0","67301","0","0","0","N","0","0","0","2","68K01","0","","4.0","","9","N","N","N","0","","0","0","0","0","0","","1205","2","0","0","0","0","0","0","2","0","1","0","0","0","7","","","N","","","","","","","","","",""
"2021026412","104","0","0","0","0","0","0","0","0","0","7","0","","67","3","2021","1","39.989728","-75.170244","104","6","0","0","0","0","0","0","0","0","","0","0","0","1","3","1","","1","0","39 59:23.021","","0","75 10:12.880","3","0","0","0","67301","0","0","0","N","0","0","0","1","67301","0","","5.0","","1","N","N","N","0","","1","0","1","3","2","","100","1","1","0","0","0","0","0","2","0","1","0","0","0","3","","","N","","","","","","","","","",""
"2021027895","1616","2","0","0","0","0","0","0","0","0","1","0","","67","3","2021","4","40.040628","-75.169796","1616","6","0","0","0","0","0","0","0","0","","0","0","0","19","4","2","","5","0","40 02:26.260","","0","75 10:11.265","3","0","0","0","67301","0","0","0","N","0","0","0","3","67301","0","","1.0","","9","N","N","N","0","","2","0","0","3","2","","1905","2","2","2","0","0","0","1","2","0","2","0","0","0","7","07","","N","","","","","","","","","",""
"2021053567","307","2","0","0","0","0","0","0","0","0","5","0","","67","6","2021","7","39.942319","-75.158742","302","6","0","0","0","0","0","0","0","0","","0","0","0","3","3","0","N","0","2","39 56:32.350","2","0","75 09:31.470","0","0","0","0","67301","0","0","0","N","0","0","0","1","67301","0","","1.0","400.0","1","N","N","N","0","","0","0","1","0","0","Y","300","3","0","0","0","0","0","0","2","0","3","0","0","0","3","","","N","","","","","","","","","",""
"2021026754","1205","1","0","0","0","0","0","0","0","0","4","0","","67","3","2021","2","40.0262","-75.16915","1201","6","0","0","0","0","0","0","0","0","","0","0","0","11","1","1","","1","0","40 01:34.321","","0","75 10:08.941","8","0","0","0","67301","0","0","0","N","0","0","0","2","67301","0","","1.0","","1","N","N","N","0","","0","0","0","3","2","","1159","2","1","0","0","0","1","0","2","0","2","0","0","0","3","03","","N","","","","","","","","","",""
"2021053592","420","0","0","0","0","0","0","0","0","0","7","0","","67","6","2021","5","39.894612","-75.236717","413","6","0","0","0","0","0","0","0","0","","0","0","0","4","3","1","","1","0","39 53:40.603","","0","75 14:12.181","3","0","0","0","67301","0","0","0","N","0","0","0","1","67301","0","","4.0","","1","N","N","N","0","","1","0","0","3","2","","411","1","1","0","0","0","0","0","2","1","1","0","0","0","4","03","","N","","","","","","","","","",""
"2021028238","1510","1","0","0","0","0","0","0","0","0","1","0","","67","3","2021","6","39.935485","-75.142247","1504","6","0","0","0","0","1","0","0","0","","0","0","0","14","1","0","N","0","0","39 56:07.745","","0","75 08:32.090","0","0","0","0","67301","0","0","0","N","0","0","0","2","67301","0","","1.0","","1","N","N","N","1","","0","0","0","0","0","","1442","2","0","0","0","0","0","0","2","0","2","0","0","0","3","03","","N","","","","","","","","","",""
"2021028274","9","1","0","0","0","0","0","0","0","0","1","0","","67","3","2021","5","40.003684","-75.077045","2345","6","0","0","0","1","0","1","0","0","","0","0","0","23","3","0","N","0","1","40 00:13.264","1","3","75 04:37.363","0","0","0","0","67301","0","0","0","N","0","0","0","2","68K01","0","","1.0","59.0","9","N","N","N","0","","0","0","1","0","0","N","2343","2","0","0","0","0","0","0","2","0","2","0","0","0","7","","","N","","","","","","","","","",""
"2021028178","1530","1","0","0","0","0","0","0","0","0","2","0","","67","3","2021","5","39.968413","-75.225185","1527","6","0","0","0","0","0","0","1","0","","0","0","0","15","1","2","N","0","1","39 58:06.287","2","0","75 13:30.666","3","0","0","0","67301","0","0","0","N","0","0","0","2","67301","0","","1.0","1655.0","1","N","N","N","0","","2","0","3","0","0","Y","1526","4","2","0","0","0","0","0","2","0","4","0","0","0","3","03","","N","","","","","","","","","",""