"CRN","ARRIVAL_TM","AUTOMOBILE_COUNT","BELTED_DEATH_COUNT","BELTED_SUSP_SERIOUS_INJ_COUNT","BICYCLE_COUNT","BICYCLE_DEATH_COUNT","BICYCLE_SUSP_SERIOUS_INJ_COUNT","BUS_COUNT","CHLDPAS_DEATH_COUNT","CHLDPAS_SUSP_SERIOUS_INJ_COUNT","COLLISION_TYPE","COMM_VEH_COUNT","CONS_ZONE_SPD_LIM","COUNTY","CRASH_MONTH","CRASH_YEAR","DAY_OF_WEEK","DEC_LATITUDE","DEC_LONGITUDE","DISPATCH_TM","DISTRICT","DRIVER_COUNT_16YR","DRIVER_COUNT_17YR","DRIVER_COUNT_18YR","DRIVER_COUNT_19YR","DRIVER_COUNT_20YR","DRIVER_COUNT_50_64YR","DRIVER_COUNT_65_74YR","DRIVER_COUNT_75PLUS","EST_HRS_CLOSED","FATAL_COUNT","HEAVY_TRUCK_COUNT","HORSE_BUGGY_COUNT","HOUR_OF_DAY","ILLUMINATION","INJURY_COUNT","INTERSECTION_RELATED","INTERSECT_TYPE","LANE_CLOSED","LATITUDE","LN_CLOSE_DIR","LOCATION_TYPE","LONGITUDE","MAX_SEVERITY_LEVEL","MCYCLE_DEATH_COUNT","MCYCLE_SUSP_SERIOUS_INJ_COUNT","MOTORCYCLE_COUNT","MUNICIPALITY","NONMOTR_COUNT","NONMOTR_DEATH_COUNT","NONMOTR_SUSP_SERIOUS_INJ_COUNT","NTFY_HIWY_MAINT","PED_COUNT","PED_DEATH_COUNT","PED_SUSP_SERIOUS_INJ_COUNT","PERSON_COUNT","POLICE_AGCY","POSSIBLE_INJ_COUNT","RDWY_SURF_TYPE_CD","RELATION_TO_ROAD","ROADWAY_CLEARED","ROAD_CONDITION","SCH_BUS_IND","SCH_ZONE_IND","SECONDARY_CRASH","SMALL_TRUCK_COUNT","SPEC_JURIS_CD","SUSP_MINOR_INJ_COUNT","SUSP_SERIOUS_INJ_COUNT","SUV_COUNT","TCD_FUNC_CD","TCD_TYPE","TFC_DETOUR_IND","TIME_OF_DAY","TOTAL_UNITS","TOT_INJ_COUNT","UNBELTED_OCC_COUNT","UNB_DEATH_COUNT","UNB_SUSP_SERIOUS_INJ_COUNT","UNK_INJ_DEG_COUNT","UNK_INJ_PER_COUNT","URBAN_RURAL","VAN_COUNT","VEHICLE_COUNT","VULNERABLE_ROAD_USER_COUNT","VULNERABLE_ROAD_USER_DEATH_COUNT","VULNERABLE_ROAD_USER_SER_INJ_COUNT","WEATHER1","WEATHER2","WORKERS_PRES","WORK_ZONE_IND","WORK_ZONE_LOC","WORK_ZONE_TYPE","WZ_CLOSE_DETOUR","WZ_FLAGGER","WZ_LAW_OFFCR_IND","WZ_LN_CLOSURE","WZ_MOVING","WZ_OTHER","WZ_SHLDER_MDN","WZ_WORKERS_INJ_KILLED"
"2021030381","2000","1","0","0","0","0","0","0","0","0","4","0","","67","3","2021","1","40.009213","-75.069129","1948","6","0","0","0","0","0","0","0","0","","0","0","0","19","3","2","","1","0","40 00:33.168","","2","75 04:08.863","3","0","0","0","67301","0","0","0","N","0","0","0","3","67301","0","","1.0","","9","N","N","N","0","","2","0","0","3","2","","1948","2","2","0","0","0","0","0","2","1","2","0","0","0","7","","","N","","","","","","","","","",""
"2021053570","1105","2","0","0","0","0","0","0","0","0","5","0","","67","6","2021","2","40.034885","-75.184372","1056","6","0","0","0","0","0","0","0","0","","0","0","0","10","1","4","","2","0","40 02:05.586","","0","75 11:03.738","3","0","0","0","67301","0","0","0","N","0","0","0","4","67301","0","","1.0","","1","N","N","N","0","","4","0","1","3","2","","1050","3","4","0","0","0","0","0","2","0","3","0","0","0","3","03","","N","","","","","","","","","",""
"2021033899","1854","0","0","0","0","0","0","0","0","0","1","0","","67","4","2021","6","40.006681","-75.119299","1852","6","0","0","0","0","0","0","0","0","","0","0","0","18","1","1","","1","2","40 00:24.053","4","0","75 07:09.476","3","0","0","0","67301","0","0","0","N","0","0","0","2","67301","0","","1.0","2030.0","1","N","N","N","0","","1","0","1","3","2","N","1850","2","1","0","0","0","0","0","2","1","2","0","0","0","3","03","","N","","","","","","","","","",""
"2021026682","1115","1","0","0","0","0","0","0","0","0","5","0","","67","3","2021","1","40.007975","-75.171853","1113","6","0","0","0","0","0","1","0","0","","0","0","0","11","1","0","N","0","1","40 00:28.710","3","0","75 10:18.669","0","0","0","0","67301","0","0","0","N","0","0","0","2","67301","0","","1.0","1140.0","1","N","N","N","0","","0","0","1","0","0","Y","1107","2","0","0","0","0","0","0","2","0","2","0","0","0","3","03","","N","","","","","","","","","",""
"2021053632","2104","1","0","0","0","0","0","0","0","0","4","0","","67","3","2021","5","39.997997","-75.125411","2059","6","0","0","1","0","0","0","0","0","","0","0","0","20","3","0","","1","0","39 59:52.789","","0","75 07:31.478","0","0","0","0","67301","0","0","0","N","0","0","0","4","67301","0","","1.0","","9","N","N","N","0","","0","0","1","3","2","","2054","2","0","0","0","0","0","0","2","0","2","0","0","0","7","","","N","","","","","","","","","",""
"2021053622","2233","2","0","0","0","0","0","0","0","0","4","0","","67","6","2021","7","39.996488","-75.228784","2229","6","0","0","0","0","0","1","0","0","","0","0","0","22","3","1","","1","0","39 59:47.358","","0","75 13:43.624","3","0","0","0","67301","0","0","0","N","0","0","0","2","67301","0","","1.0","","1","N","N","N","0","","1","0","0","3","3","","2210","2","1","0","0","0","0","0","2","0","2","0","0","0","3","03","","N","","","","","","","","","",""
"2021028855","1410","1","0","0","0","0","0","0","0","0","4","0","","67","3","2021","7","39.909556","-75.161708","1403","6","0","0","0","0","0","0","0","0","","0","0","0","13","1","1","N","0","0","39 54:34.400","","0","75 09:42.150","3","0","0","0","67301","0","0","0","N","0","0","0","4","67301","0","","1.0","","1","N","N","N","0","","1","0","0","0","0","","1322","2","1","2","0","0","0","0","2","1","2","0","0","0","3","03","","N","","","","","","","","","",""
"2021053641","1950","3","0","0","0","0","0","0","0","0","5","0","","67","5","2021","6","40.015181","-75.136502","1948","6","0","0","0","0","0","0","0","0","","0","0","0","19","4","2","N","1","1","40 00:54.653","4","0","75 08:11.406","4","0","0","0","67301","0","0","0","N","0","0","0","6","67301","2","","1.0","2115.0","1","N","N","Y","0","","0","0","0","0","0","N","1948","3","2","1","0","0","0","1","2","0","3","0","0","0","7","04","","N","","","","","","","","","",""
"2021043154","420","1","0","0","0","0","0","0","0","0","1","0","","67","3","2021","2","40.009244","-75.151133","416","6","0","0","0","0","0","0","0","0","","0","0","0","4","3","1","","1","2","40 00:33.277","2","0","75 09:04.079","3","0","0","0","67301","0","0","0","N","0","0","0","2","67301","0","","1.0","835.0","1","N","N","N","0","","1","0","0","3","2","Y","415","2","1","0","0","0","0","0","2","1","2","0","0","0","3","03","","N","","","","","","","","","",""
"2021027728","1021","1","0","0","0","0","0","0","0","0","4","0","","67","3","2021","4","39.941661","-75.22278","1020","6","0","0","0","0","0","0","0","0","","0","0","0","10","1","2","","1","0","39 56:29.979","","0","75 13:22.008","3","0","0","0","67301","0","0","0","N","0","0","0","3","67301","0","","1.0","","9","N","N","N","0","","2","0","1","3","2","","1018","2","2","0","0","0","0","0","2","0","2","0","0","0","7","07","","N","","","","","","","","","",""
"2021052235","927","1","0","0","0","0","0","0","0","0","1","0","","67","6","2021","7","39.889409","-75.219372","927","6","0","0","0","0","0","1","0","1","","0","0","0","9","1","0","N","0","0","39 53:21.874","","0","75 13:09.738","0","0","0","0","67301","0","0","0","N","0","0","0","2","68K01","0","","1.0","","1","N","N","Y","0","","0","0","1","0","0","","927","2","0","0","0","0","0","0","2","0","2","0","0","0","3","","","N","","","","","","","","","",""
"2021026753","1540","3","0","0","0","0","0","0","0","0","1","0","","67","3","2021","1","40.013928","-75.17899","1526","6","0","0","0","1","0","0","1","0","","0","0","0","15","1","2","N","0","0","40 00:50.142","","0","75 10:44.365","3","0","0","0","67301","0","0","0","N","0","0","0","4","67301","0","","1.0","","1","N","N","N","0","","2","0","0","0","0","","1521","3","2","0","0","0","0","0","2","0","3","0","0","0","3","03","","N","","","","","","","","","",""
"2021026898","2104","1","0","0","0","0","0","0","0","0","7","0","","67","3","2021","1","39.940686","-75.143531","2020","6","0","1","0","0","0","0","0","0","","0","0","0","20","3","0","N","0","1","39 56:26.470","2","0","75 08:36.712","0","0","0","0","67301","0","0","0","N","0","0","0","1","68K01","0","","4.0","2130.0","1","N","N","N","0","","0","0","0","0","0","N","2019","1","0","0","0","0","0","0","2","0","1","0","0","0","3","","","N","","","","","","","","","",""
"2021027926","2345","1","0","0","0","0","0","0","0","0","7","0","","67","3","2021","5","40.028001","-75.091008","2330","6","0","0","0","0","0","0","0","0","","0","0","0","23","3","0","","2","0","40 01:40.803","","0","75 05:27.628","0","0","0","0","67301","0","0","0","N","0","0","0","1","67301","0","","5.0","","1","N","N","N","0","","0","0","0","0","0","","2320","1","0","0","0","0","0","0","2","0","1","0","0","0","4","04","","N","","","","","","","","","",""
"2021026745","1025","1","0","0","0","0","0","0","0","0","4","0","","67","3","2021","2","39.993251","-75.149254","1014","6","0","0","0","0","0","2","0","0","","0","0","0","10","1","1","","1","1","39 59:35.703","4","0","75 08:57.313","8","0","0","0","67301","0","0","0","N","0","0","0","3","67301","0","","1.0","1050.0","1","N","N","N","0","","0","0","2","3","2","N","1010","3","1","0","0","0","1","1","2","0","3","0","0","0","3","","","N","","","","","","","","","",""
"2021028541","1013","0","0","0","0","0","0","0","0","0","8","0","90","67","3","2021","7","39.968841","-75.136192","1009","6","0","0","0","0","0","1","0","0","","0","0","0","10","1","1","","1","0","39 58:07.829","","1","75 08:10.292","3","0","0","0","67301","1","0","0","N","1","0","0","2","67301","0","","1.0","","1","N","N","N","0","","1","0","1","3","2","","1009","2","1","0","0","0","0","0","2","0","1","1","0","0","3","03","N","Y","8","8","N","N","N","Y","N","N","N","N"
"2021053593","1836","0","0","0","0","0","0","0","0","0","4","0","","67","6","2021","3","40.057124","-75.161243","1836","6","0","0","0","0","0","2","0","0","","0","0","0","17","1","0","N","0","9","40 03:25.647","","0","75 09:40.474","9","0","0","0","67301","0","0","0","N","0","0","0","2","67301","0","","1.0","","9","N","N","N","1","","0","0","1","3","2","U","1730","2","0","0","0","0","0","1","2","0","2","0","0","0","7","","","N","","","","","","","","","",""
"2021053670","2338","1","0","0","0","0","0","0","0","0","4","0","","67","6","2021","4","40.029245","-75.147302","2336","6","0","0","0","0","0","0","0","1","","0","0","0","23","3","1","","2","0","40 01:45.282","","0","75 08:50.287","3","0","0","0","67301","0","0","0","N","0","0","0","3","67301","0","","1.0","","9","N","N","N","0","","1","0","1","3","3","","2330","2","1","0","0","0","0","0","2","0","2","0","0","0","4","","","N","","","","","","","","","",""
"2021027889","1630","1","0","0","0","0","0","0","0","0","5","0","","67","3","2021","1","39.915113","-75.244609","1621","6","0","0","0","0","0","0","0","0","","0","0","0","14","1","1","","2","0","39 54:54.408","","0","75 14:40.594","8","0","0","0","67301","0","0","0","N","0","0","0","2","67301","0","","1.0","","1","N","N","N","0","","0","0","0","0","0","","1429","2","1","0","0","0","1","0","2","0","2","0","0","0","3","","","N","","","","","","","","","",""
"2021052249","702","1","0","0","0","0","0","0","0","0","7","0","","67","6","2021","1","39.954497","-75.141607","650","6","0","0","0","0","0","0","0","0","","0","0","0","6","1","1","N","0","2","39 57:16.188","2","0","75 08:29.785","3","0","0","0","67301","0","0","0","N","0","0","0","1","68K01","0","","2.0","30.0","1","N","N","N","0","","1","0","0","0","0","N","645","1","1","0","0","0","0","0","2","0","1","0","0","0","3","","","N","","","","","","","","","",""
"2021031571","1215","2","0","0","0","0","0","0","0","0","4","0","","67","3","2021","1","40.058431","-75.046696","1212","6","0","0","0","0","0","0","0","0","","0","0","0","12","1","2","","1","0","40 03:30.351","","0","75 02:48.105","3","0","0","0","67301","0","0","0","N","0","0","0","2","67301","0","","1.0","","9","N","N","N","0","","2","0","0","3","3","","1210","2","2","2","0","0","0","0","2","0","2","0","0","0","7","","","N","","","","","","","","","",""
"2021027138","18","2","0","0","0","0","0","0","0","0","1","0","","67","3","2021","1","39.962493","-75.210095","18","6","0","0","0","0","0","0","0","0","","0","0","0","0","3","0","N","0","0","39 57:44.973","","0","75 12:36.343","9","0","0","0","67301","0","0","0","N","0","0","0","1","67301","0","","6.0","","1","N","N","N","0","","0","0","1","0","0","","8","3","0","0","0","0","0","1","2","0","3","0","0","0","3","","","N","","","","","","","","","",""
"2021028449","855","2","0","0","0","0","0","0","0","0","4","0","","67","3","2021","2","39.956808","-75.233732","849","6","0","0","0","0","0","0","0","0","","0","0","0","8","1","2","","1","1","39 57:24.508","5","0","75 14:01.435","2","0","0","0","67301","0","0","0","N","0","0","0","2","67301","1","","1.0","910.0","1","N","N","N","0","","0","1","0","3","3","Y","819","2","2","0","0","0","0","0","2","0","2","0","0","0","3","03","","N","","","","","","","","","",""
"2021027668","125","4","0","0","0","0","0","0","0","0","4","0","","67","3","2021","4","39.955253","-75.21168","120","6","0","0","0","0","0","0","0","0","","0","0","0","1","3","0","","1","0","39 57:18.911","","0","75 12:42.049","0","0","0","0","67301","0","0","0","N","0","0","0","2","67301","0","","1.0","","1","N","N","N","0","","0","0","0","3","1","","115","4","0","0","0","0","0","0","2","0","4","0","0","0","3","03","","N","","","","","","","","","",""
"2021053597","1720","1","0","0","0","0","0","0","0","0","4","0","","67","6","2021","5","40.069247","-75.181421","1659","6","0","0","0","0","0","0","0","0","","0","0","0","16","1","0","N","0","0","40 04:09.289","","7","75 10:53.117","0","0","0","0","67301","0","0","0","N","0","0","0","5","67301","0","","1.0","","1","N","N","N","0","","0","0","1","0","0","","1627","2","0","0","0","0","0","0","2","0","2","0","0","0","3","","","N","","","","","","","","","",""
"2021028044","720","1","0","0","0","0","0","0","0","0","1","0","","67","3","2021","4","40.010283","-75.167241","711","6","0","0","0","0","0","0","0","0","","0","0","0","6","5","0","N","0","0","40 00:37.020","","0","75 10:02.067","9","0","0","0","67301","0","0","0","N","0","0","0","2","67301","0","","1.0","","1","N","N","N","1","","0","0","0","0","0","","652","2","0","1","0","0","0","1","2","0","2","0","0","0","3","03","","N","","","","","","","","","",""
"2021028540","740","1","0","0","0","0","0","0","0","0","4","0","","67","3","2021","5","39.971866","-75.148658","735","6","0","0","0","0","0","0","0","0","","0","0","0","7","1","0","","1","0","39 58:18.717","","0","75 08:55.168","0","0","0","0","67301","0","0","0","N","0","0","0","2","67301","0","","1.0","","9","N","N","N","0","","0","0","1","3","3","","732","2","0","2","0","0","0","0","2","0","2","0","0","0","7","03","","N","","","","","","","","","",""
"2021028653","1555","1","0","0","0","0","0","0","0","0","2","0","","67","3","2021","7","40.019161","-75.060636","1548","6","0","0","0","0","0","0","0","0","","0","0","0","12","1","0","N","0","0","40 01:08.980","","0","75 03:38.290","0","0","0","0","67301","0","0","0","N","0","0","0","1","67301","0","","6.0","","1","N","N","Y","0","","0","0","1","0","0","","1230","3","0","0","0","0","0","0","2","1","3","0","0","0","3","03","","N","","","","","","","","","",""
"2021028395","2106","3","0","0","0","0","0","0","0","0","6","0","","67","3","2021","7","40.027944","-75.137667","2106","6","0","0","0","0","0","0","0","0","","0","0","0","21","3","0","N","0","0","40 01:40.600","","0","75 08:15.600","0","0","0","0","67301","0","0","0","N","0","0","0","1","67301","0","","6.0","","1","N","N","N","0","","0","0","0","0","0","","2100","3","0","0","0","0","0","0","2","0","3","0","0","0","3","03","","N","","","","","","","","","",""
"2021053657","1704","2","0","0","0","0","0","0","0","0","1","0","","67","6","2021","7","39.998008","-75.117178","1704","6","0","0","0","0","0","0","0","0","","0","0","0","17","1","1","N","0","0","39 59:52.830","","0","75 07:01.840","3","0","0","0","67301","0","0","0","N","0","0","0","2","67301","0","","1.0","","1","N","N","N","0","","1","0","0","0","0","","1704","2","1","2","0","0","0","0","2","0","2","0","0","0","3","03","","N","","","","","","","","","",""
"2021026681","322","2","0","0","0","0","0","0","0","0","6","0","","67","3","2021","1","39.999272","-75.105561","322","6","0","0","0","0","0","0","0","0","","0","0","0","2","3","0","N","0","1","39 59:57.380","6","0","75 06:20.020","9","0","0","0","67301","0","0","0","N","0","0","0","1","67301","0","","6.0","324.0","1","N","N","N","0","","0","0","1","0","0","N","230","3","0","0","0","0","0","1","2","0","3","0","0","0","3","03","","N","","","","","","","","","",""
"2021026266","926","2","0","0","0","0","0","0","0","0","5","0","","67","3","2021","7","39.926197","-75.227736","921","6","0","0","0","0","0","0","0","0","","0","0","0","9","1","0","N","0","0","39 55:34.310","","0","75 13:39.850","0","0","0","0","67301","0","0","0","N","0","0","0","1","67301","0","","6.0","","1","N","N","N","0","","0","0","0","0","0","","920","2","0","0","0","0","0","0","2","0","2","0","0","0","3","03","","N","","","","","","","","","",""
"2021027244","1615","1","0","0","0","0","0","0","0","0","7","0","","67","3","2021","2","40.045903","-75.170983","1608","6","0","0","0","0","0","0","1","0","","0","0","0","15","1","0","N","0","0","40 02:45.250","","0","75 10:15.540","0","0","0","0","67301","0","0","0","N","0","0","0","1","67301","0","","5.0","","1","N","N","N","0","","0","0","0","0","0","","1550","1","0","0","0","0","0","0","2","0","1","0","0","0","3","03","","N","","","","","","","","","",""
"2021028543","1040","2","0","0","0","0","0","0","0","0","4","0","","67","3","2021","1","40.023946","-75.143348","1036","6","0","0","0","0","0","0","0","0","","0","0","0","10","1","1","","1","0","40 01:26.205","","0","75 08:36.052","8","0","0","0","67301","0","0","0","N","0","0","0","2","67301","0","","1.0","","9","N","N","Y","1","","0","0","1","3","3","","1000","4","1","0","0","0","1","0","2","0","4","0","0","0","7","","","N","","","","","","","","","",""
"2021051410","838","1","0","0","0","0","0","0","0","0","2","0","","67","6","2021","5","40.084494","-74.973783","833","6","0","0","0","0","0","0","0","1","","0","0","0","8","1","2","","1","0","40 05:04.180","","0","74 58:25.617","3","0","0","0","67301","0","0","0","N","0","0","0","2","67301","1","","4.0","","9","N","N","N","1","","1","0","0","3","2","","827","2","2","0","0","0","0","0","2","0","2","0","0","0","7","07","","N","","","","","","","","","",""
"2021052067","2236","0","0","0","0","0","0","0","0","0","7","0","","67","1","2021","6","40.026978","-75.159256","2215","6","0","0","0","0","0","0","0","1","","1","0","0","22","2","0","N","0","0","40 01:37.120","","0","75 09:33.320","1","0","0","0","67301","0","0","0","N","0","0","0","1","67301","0","2","4.0","","1","N","N","N","0","0","0","0","1","0","0","","2215","1","0","1","1","0","0","0","2","0","1","0","0","0","98","98","","N","","","","","","","","","",""
"2021027015","12","1","0","0","0","0","0","0","0","0","4","0","","67","3","2021","7","39.946054","-75.216496","11","6","0","0","0","0","0","0","0","0","","0","0","0","23","3","0","","1","0","39 56:45.794","","0","75 12:59.385","0","0","0","0","67301","0","0","0","N","0","0","0","2","67301","0","","1.0","","1","N","N","N","0","","0","0","1","3","3","","2349","2","0","0","0","0","0","0","2","0","2","0","0","0","3","","","N","","","","","","","","","",""
"2021033700","37","1","0","0","0","0","0","0","0","0","7","0","","67","3","2021","4","39.980775","-75.206262","30","6","0","0","0","0","0","0","0","0","","0","0","0","0","3","1","N","0","1","39 58:50.789","3","0","75 12:22.543","8","0","0","0","67301","0","0","0","N","0","0","0","1","68K01","0","","4.0","400.0","1","N","N","N","0","","0","0","0","0","0","N","28","1","1","1","0","0","1","0","2","0","1","0","0","0","3","","","N","","","","","","","","","",""
"2021026410","930","2","0","0","0","0","0","0","0","0","1","0","","67","3","2021","7","39.99237","-75.194401","922","6","0","0","0","0","0","1","0","0","","0","0","0","9","1","1","N","0","0","39 59:32.531","","7","75 11:39.844","3","0","0","0","67301","0","0","0","N","0","0","0","2","67301","0","","1.0","","1","N","N","N","0","","1","0","0","0","0","","915","3","1","0","0","0","0","0","2","0","2","0","0","0","3","03","","N","","","","","","","","","",""
"2021030132","2232","3","0","0","0","0","0","0","0","0","4","0","","67","3","2021","2","40.028635","-75.143118","2231","6","0","0","1","0","1","0","0","0","","0","0","0","22","2","0","","1","0","40 01:43.086","","0","75 08:35.224","0","0","0","0","67301","0","0","0","N","0","0","0","3","67301","0","","1.0","","1","N","N","N","0","","0","0","1","3","3","","2230","4","0","0","0","0","0","0","2","0","4","0","0","0","3","03","","N","","","","","","","","","",""
"2021028689","2224","1","0","1","0","0","0","0","0","0","1","0","","67","3","2021","1","40.069239","-75.163524","2223","6","0","0","0","0","0","0","1","0","","0","0","0","22","3","1","N","0","0","40 04:09.262","","0","75 09:48.688","2","0","0","0","67301","0","0","0","N","0","0","0","1","67301","0","","6.0","","9","N","N","N","0","","0","1","1","0","0","","2220","2","1","0","0","0","0","0","2","0","2","0","0","0","7","07","","N","","","","","","","","","",""
"2021028451","2119","4","0","0","0","0","0","0","0","0","1","0","","67","3","2021","5","39.986633","-75.171369","2118","6","1","0","0","0","0","0","0","0","","0","0","0","21","3","1","N","0","0","39 59:11.880","","0","75 10:16.930","3","0","0","0","67301","0","0","0","N","0","0","0","1","67301","0","","6.0","","1","N","N","N","0","","1","0","1","0","0","","2117","5","1","1","0","0","0","0","2","0","5","0","0","0","3","04","","N","","","","","","","","","",""
"2021027671","324","1","0","0","0","0","0","0","0","0","7","0","","67","3","2021","4","39.980373","-75.224818","323","6","0","0","0","0","0","0","0","0","","0","0","0","3","3","0","N","0","1","39 58:49.342","2","0","75 13:29.344","0","0","0","0","67301","0","0","0","N","0","0","0","1","67301","0","","4.0","420.0","1","N","N","N","0","","0","0","0","0","0","N","300","1","0","0","0","0","0","0","2","0","1","0","0","0","3","03","","N","","","","","","","","","",""
"2021028045","730","2","0","0","0","0","0","0","0","0","1","0","","67","3","2021","5","40.007742","-75.19206","713","6","0","0","0","0","0","0","0","0","","0","0","0","7","1","1","N","0","1","40 00:27.871","2","3","75 11:31.416","4","0","0","0","67301","0","0","0","N","0","0","0","3","67301","1","","1.0","745.0","1","N","N","N","0","","0","0","0","0","0","N","710","2","1","3","0","0","0","0","2","0","2","0","0","0","4","03","","N","","","","","","","","","",""
"2021028530","1851","2","0","0","0","0","0","0","0","0","4","0","","67","3","2021","7","39.938651","-75.142337","1846","6","0","0","0","0","0","1","0","0","","0","0","0","18","4","0","","2","0","39 56:19.144","","2","75 08:32.414","0","0","0","0","67301","0","0","0","N","0","0","0","2","67301","0","","1.0","","1","N","N","N","0","","0","0","0","3","2","","1846","2","0","0","0","0","0","0","2","0","2","0","0","0","4","03","","N","","","","","","","","","",""
"2021027247","940","2","0","0","0","0","0","0","0","0","4","0","","67","3","2021","1","39.989568","-75.133208","936","6","0","0","0","0","0","0","0","0","","0","0","0","9","1","1","","1","0","39 59:22.444","","0","75 07:59.548","3","0","0","0","67301","0","0","0","N","0","0","0","2","67301","0","","1.0","","1","N","N","N","0","","1","0","0","3","3","","930","2","1","0","0","0","0","0","2","0","2","0","0","0","3","03","","N","","","","","","","","","",""
"2021028450","341","2","0","0","0","0","0","0","0","0","2","0","","67","3","2021","6","39.941517","-75.211067","339","6","0","0","0","0","0","0","0","0","","0","0","0","3","3","0","N","0","0","39 56:29.460","","0","75 12:39.840","9","0","0","0","67301","0","0","0","N","0","0","0","1","67301","0","","6.0","","9","N","N","N","0","","0","0","0","0","0","","315","2","0","0","0","0","0","1","2","0","2","0","0","0","3","","","N","","","","","","","","","",""
"2021028376","2115","1","0","0","0","0","0","0","0","0","4","0","","67","3","2021","6","39.981394","-75.178844","2113","6","0","0","0","0","0","0","0","0","","0","0","0","21","3","0","","1","0","39 58:53.018","","0","75 10:43.838","0","0","0","0","67301","0","0","0","N","0","0","0","2","67301","0","","1.0","","1","N","N","Y","0","","0","0","1","3","2","","2112","2","0","0","0","0","0","0","2","0","2","0","0","0","3","03","","N","","","","","","","","","",""
"2021031570","1305","2","0","0","0","0","0","0","0","0","4","0","","67","3","2021","4","40.129225","-75.024888","1300","6","0","0","0","0","0","0","0","0","","0","0","0","6","1","1","","1","0","40 07:45.210","","0","75 01:29.597","3","0","0","0","67301","0","0","0","N","0","0","0","2","67301","0","","1.0","","99","N","N","N","0","","1","0","0","3","2","","645","2","1","1","0","0","0","1","2","0","2","0","0","0","3","","","N","","","","","","","","","",""
"2021052069","25","2","0","0","0","0","0","0","0","1","2","0","","67","5","2021","7","40.014885","-75.170588","22","6","0","0","0","0","0","0","0","0","","1","0","0","0","3","7","N","0","2","40 00:53.586","6","0","75 10:14.117","1","0","0","0","67301","0","0","0","N","0","0","0","8","67301","1","2","1.0","300.0","1","N","N","N","0","0","2","4","0","0","0","Y","13","2","7","0","0","0","0","0","2","0","2","0","0","0","3","03","","N","","","","","","","","","",""
"2021032417","710","0","0","0","0","0","0","0","0","0","8","0","","67","3","2021","6","39.936748","-75.166941","700","6","0","0","0","0","0","1","0","0","","0","0","0","6","1","1","","1","0","39 56:12.293","","0","75 10:00.986","8","0","0","0","67301","1","0","0","N","1","0","0","2","67301","0","","1.0","","9","N","N","N","0","","0","0","1","3","1","","621","2","1","0","0","0","1","0","2","0","1","1","0","0","7","07","","N","","","","","","","","","",""
"2021032674","1407","1","0","0","0","0","0","0","0","0","8","0","","67","4","2021","4","40.051873","-75.236296","1405","6","0","0","0","0","0","0","0","0","","0","0","0","14","1","4","N","0","1","40 03:06.743","1","0","75 14:10.667","2","0","0","0","67301","3","0","2","N","3","0","2","5","67301","1","","6.0","1500.0","1","N","N","N","0","","1","2","0","0","0","Y","1404","4","4","2","0","0","0","0","2","0","1","3","0","2","3","03","","N","","","","","","","","","",""
"2021027896","1555","1","0","0","0","0","0","0","0","0","5","0","","67","3","2021","5","40.057081","-75.190933","1548","6","0","0","0","0","0","0","0","0","","0","0","0","15","1","0","N","0","0","40 03:25.490","","0","75 11:27.360","0","0","0","0","67301","0","0","0","N","0","0","0","1","67301","0","","6.0","","1","N","N","N","1","","0","0","0","0","0","","1530","3","0","0","0","0","0","0","2","1","3","0","0","0","4","","","N","","","","","","","","","",""
"2021028939","902","0","0","0","0","0","0","0","0","0","1","0","","67","3","2021","3","39.959622","-75.175803","902","6","0","0","0","0","1","0","0","0","","0","0","0","9","1","1","N","0","1","39 57:34.639","4","0","75 10:32.891","3","0","0","0","67301","0","0","0","N","0","0","0","3","68K01","0","","1.0","935.0","1","N","N","N","1","","1","0","2","0","0","N","902","3","1","1","0","0","0","0","2","0","3","0","0","0","3","","","N","","","","","","","","","",""
"2021026591","1710","1","0","0","0","0","0","0","0","0","4","0","","67","3","2021","7","39.923808","-75.184967","1705","6","0","0","0","0","0","0","0","0","","0","0","0","17","1","0","","1","0","39 55:25.708","","0","75 11:05.881","0","0","0","0","67301","0","0","0","N","0","0","0","2","67301","0","","1.0","","1","N","N","N","0","","0","0","1","3","3","","1700","2","0","0","0","0","0","0","2","0","2","0","0","0","3","","","N","","","","","","","","","",""
"2021028749","1305","2","0","0","0","0","0","0","0","0","4","0","","67","3","2021","7","39.945203","-75.239468","1257","6","0","0","0","0","0","0","0","0","","0","0","0","12","1","0","N","0","0","39 56:42.732","","7","75 14:22.085","0","0","0","0","67301","0","0","0","N","0","0","0","2","67301","0","","1.0","","1","N","N","N","0","","0","0","0","0","0","","1229","2","0","1","0","0","0","0","2","0","2","0","0","0","3","03","","N","","","","","","","","","",""
"2021052452","2045","1","0","0","0","0","0","0","0","0","1","0","","67","6","2021","7","40.050983","-74.990371","2030","6","0","0","0","0","0","0","0","0","","0","0","0","20","3","0","N","0","1","40 03:03.537","2","0","74 59:25.335","0","0","0","0","67301","0","0","0","N","0","0","0","2","68K01","0","","1.0","2130.0","1","N","N","N","0","","0","0","1","0","0","N","2028","2","0","1","0","0","0","0","2","0","2","0","0","0","3","03","","N","","","","","","","","","",""
"2021058914","940","1","0","0","0","0","0","0","0","0","1","0","","67","6","2021","2","40.020746","-75.042165","925","6","0","0","0","0","0","2","0","0","","0","0","0","9","1","2","N","0","0","40 01:14.684","","0","75 02:31.794","8","0","0","0","67301","0","0","0","N","0","0","0","5","68K01","0","","1.0","","1","N","N","N","0","","0","0","1","0","0","","924","2","2","0","0","0","2","0","2","0","2","0","0","0","4","","","N","","","","","","","","","",""