"CRN","ARRIVAL_TM","AUTOMOBILE_COUNT","BELTED_DEATH_COUNT","BELTED_SUSP_SERIOUS_INJ_COUNT","BICYCLE_COUNT","BICYCLE_DEATH_COUNT","BICYCLE_SUSP_SERIOUS_INJ_COUNT","BUS_COUNT","CHLDPAS_DEATH_COUNT","CHLDPAS_SUSP_SERIOUS_INJ_COUNT","COLLISION_TYPE","COMM_VEH_COUNT","CONS_ZONE_SPD_LIM","COUNTY","CRASH_MONTH","CRASH_YEAR","DAY_OF_WEEK","DEC_LATITUDE","DEC_LONGITUDE","DISPATCH_TM","DISTRICT","DRIVER_COUNT_16YR","DRIVER_COUNT_17YR","DRIVER_COUNT_18YR","DRIVER_COUNT_19YR","DRIVER_COUNT_20YR","DRIVER_COUNT_50_64YR","DRIVER_COUNT_65_74YR","DRIVER_COUNT_75PLUS","EST_HRS_CLOSED","FATAL_COUNT","HEAVY_TRUCK_COUNT","HORSE_BUGGY_COUNT","HOUR_OF_DAY","ILLUMINATION","INJURY_COUNT","INTERSECTION_RELATED","INTERSECT_TYPE","LANE_CLOSED","LATITUDE","LN_CLOSE_DIR","LOCATION_TYPE","LONGITUDE","MAX_SEVERITY_LEVEL","MCYCLE_DEATH_COUNT","MCYCLE_SUSP_SERIOUS_INJ_COUNT","MOTORCYCLE_COUNT","MUNICIPALITY","NONMOTR_COUNT","NONMOTR_DEATH_COUNT","NONMOTR_SUSP_SERIOUS_INJ_COUNT","NTFY_HIWY_MAINT","PED_COUNT","PED_DEATH_COUNT","PED_SUSP_SERIOUS_INJ_COUNT","PERSON_COUNT","POLICE_AGCY","POSSIBLE_INJ_COUNT","RDWY_SURF_TYPE_CD","RELATION_TO_ROAD","ROADWAY_CLEARED","ROAD_CONDITION","SCH_BUS_IND","SCH_ZONE_IND","SECONDARY_CRASH","SMALL_TRUCK_COUNT","SPEC_JURIS_CD","SUSP_MINOR_INJ_COUNT","SUSP_SERIOUS_INJ_COUNT","SUV_COUNT","TCD_FUNC_CD","TCD_TYPE","TFC_DETOUR_IND","TIME_OF_DAY","TOTAL_UNITS","TOT_INJ_COUNT","UNBELTED_OCC_COUNT","UNB_DEATH_COUNT","UNB_SUSP_SERIOUS_INJ_COUNT","UNK_INJ_DEG_COUNT","UNK_INJ_PER_COUNT","URBAN_RURAL","VAN_COUNT","VEHICLE_COUNT","VULNERABLE_ROAD_USER_COUNT","VULNERABLE_ROAD_USER_DEATH_COUNT","VULNERABLE_ROAD_USER_SER_INJ_COUNT","WEATHER1","WEATHER2","WORKERS_PRES","WORK_ZONE_IND","WORK_ZONE_LOC","WORK_ZONE_TYPE","WZ_CLOSE_DETOUR","WZ_FLAGGER","WZ_LAW_OFFCR_IND","WZ_LN_CLOSURE","WZ_MOVING","WZ_OTHER","WZ_SHLDER_MDN","WZ_WORKERS_INJ_KILLED"
"2021026679","2006","0","0","0","0","0","0","0","0","0","4","0","","67","3","2021","1","40.027709","-75.098754","2002","6","0","0","0","0","0","0","0","0","","0","0","0","20","3","1","","1","2","40 01:39.754","2","0","75 05:55.514","8","0","0","0","67301","0","0","0","N","0","0","0","2","67301","0","","1.0","2140.0","1","N","N","N","0","","0","0","1","3","2","Y","2002","2","1","0","0","0","1","0","2","0","2","0","0","0","3","03","","N","","","","","","","","","",""
"2021028651","1348","0","0","0","0","0","0","0","0","0","8","0","","67","3","2021","6","40.0455","-75.164866","1348","6","0","0","0","0","0","0","0","0","","0","0","0","13","1","1","","1","0","40 02:43.799","","0","75 09:53.518","3","0","0","0","67301","1","0","0","N","1","0","0","2","67301","0","","1.0","","1","N","N","N","1","","1","0","0","3","2","","1348","2","1","0","0","0","0","1","2","0","1","1","0","0","3","","","N","","","","","","","","","",""
"2021027986","2012","2","0","0","0","0","0","0","0","0","4","0","","67","3","2021","3","39.941865","-75.225534","2011","6","0","0","0","0","0","0","0","0","","0","0","0","20","3","3","","1","0","39 56:30.713","","0","75 13:31.922","2","0","0","0","67301","0","0","0","N","0","0","0","4","67301","0","","1.0","","1","N","N","N","0","","0","1","0","3","2","","2011","3","3","0","0","0","2","0","2","1","3","0","0","0","3","03","","N","","","","","","","","","",""
"2021028538","1248","2","0","0","0","0","0","0","0","0","1","0","","67","3","2021","1","39.987689","-75.154503","1245","6","0","0","0","0","0","0","0","0","","0","0","0","12","1","0","","1","0","39 59:15.679","","0","75 09:16.209","0","0","0","0","67301","0","0","0","N","0","0","0","1","67301","0","","1.0","","9","N","N","N","0","","0","0","1","3","3","","1240","4","0","0","0","0","0","0","2","0","3","0","0","0","7","07","","N","","","","","","","","","",""
"2021053861","129","1","0","0","0","0","0","0","0","0","7","0","","67","6","2021","6","39.981247","-75.206875","129","6","0","0","0","0","1","0","0","0","","0","0","0","1","2","0","N","0","0","39 58:52.490","","0","75 12:24.749","0","0","0","0","67301","0","0","0","N","0","0","0","1","68K01","0","","2.0","","9","N","N","N","0","","0","0","0","0","0","","129","1","0","0","0","0","0","0","2","0","1","0","0","0","7","","","N","","","","","","","","","",""
"2021051746","925","1","0","0","0","0","0","0","0","0","7","0","","67","6","2021","1","40.003667","-75.190527","917","6","0","0","0","0","0","0","0","0","","0","0","0","9","1","1","N","0","2","40 00:13.200","5","0","75 11:25.897","3","0","0","0","67301","0","0","0","N","0","0","0","1","67301","0","","2.0","940.0","1","N","N","N","0","","1","0","0","0","0","Y","910","1","1","0","0","0","0","0","2","0","1","0","0","0","3","","","N","","","","","","","","","",""
"2021027893","2020","2","0","0","0","0","0","0","0","0","4","0","","67","3","2021","4","40.044572","-75.174938","2017","6","0","0","0","0","0","0","0","0","","0","0","0","20","3","2","","2","1","40 02:40.458","5","0","75 10:29.778","3","0","0","0","67301","0","0","0","N","0","0","0","2","67301","1","","1.0","2030.0","9","N","N","N","0","","1","0","0","3","3","N","2017","2","2","0","0","0","0","0","2","0","2","0","0","0","7","04","","N","","","","","","","","","",""
"2021027507","2145","1","0","0","0","0","0","0","0","0","5","0","","67","3","2021","2","40.033838","-75.075061","2140","6","0","0","0","0","0","0","0","0","","0","0","0","21","3","1","N","0","0","40 02:01.815","","0","75 04:30.219","3","0","0","0","67301","0","0","0","N","0","0","0","2","67301","0","","1.0","","1","N","N","N","0","","1","0","1","0","0","","2135","2","1","0","0","0","0","0","2","0","2","0","0","0","3","","","N","","","","","","","","","",""
"2021051178","755","0","0","0","0","0","0","0","0","0","4","0","","67","6","2021","6","39.955991","-75.217645","752","6","0","0","0","0","0","0","0","0","","0","0","0","7","1","0","","1","0","39 57:21.568","","0","75 13:03.523","0","0","0","0","67301","0","0","0","N","0","0","0","2","67301","0","","1.0","","1","N","N","N","0","","0","0","2","2","2","","750","2","0","0","0","0","0","0","2","0","2","0","0","0","4","04","","N","","","","","","","","","",""
"2021028814","128","1","0","0","0","0","0","0","0","0","7","0","","67","3","2021","1","39.967216","-75.132624","121","6","0","0","0","0","0","0","0","0","","0","0","0","1","3","1","N","0","0","39 58:01.978","","0","75 07:57.446","3","0","0","0","67301","0","0","0","N","0","0","0","1","68K01","0","","3.0","","1","N","N","N","0","","1","0","0","0","0","","120","1","1","1","0","0","0","0","2","0","1","0","0","0","3","","","N","","","","","","","","","",""
"2021052192","2327","1","0","0","0","0","0","0","0","0","4","0","","67","5","2021","6","39.967573","-75.131381","2318","6","0","0","0","0","0","0","0","0","","0","0","0","23","3","0","N","0","1","39 58:03.262","1","0","75 07:52.971","0","0","0","0","67301","0","0","0","N","0","0","0","1","68K01","0","","4.0","2340.0","9","N","N","N","0","","0","0","0","0","0","N","2318","1","0","0","0","0","0","0","2","0","1","0","0","0","7","98","","N","","","","","","","","","",""
"2021027010","1229","1","0","0","0","0","0","0","0","0","4","0","","67","3","2021","1","40.040453","-75.065605","1227","6","0","0","0","0","0","0","0","0","","0","0","0","12","1","1","","5","1","40 02:25.631","2","0","75 03:56.177","2","0","1","1","67301","0","0","0","N","0","0","0","2","67301","0","","1.0","1445.0","1","N","N","N","0","","0","1","0","3","2","Y","1220","2","1","0","0","0","0","0","2","0","2","0","0","0","3","","","N","","","","","","","","","",""
"2021053429","940","3","0","0","0","0","0","0","0","0","4","0","","67","6","2021","1","39.957114","-75.156854","935","6","0","0","0","0","0","1","0","0","","0","0","0","9","1","2","N","0","2","39 57:25.612","3","0","75 09:24.675","3","0","0","0","67301","0","0","0","N","0","0","0","6","68K01","0","","1.0","1245.0","1","N","N","N","0","","1","0","0","0","0","N","927","3","2","0","0","0","1","0","2","0","3","0","0","0","3","","","N","","","","","","","","","",""
"2021032782","126","1","0","0","0","0","0","0","0","0","7","0","","67","4","2021","7","40.005933","-75.216308","124","6","0","0","0","0","0","0","0","0","","0","0","0","1","3","1","N","0","2","40 00:21.358","1","0","75 12:58.709","8","0","0","0","67301","0","0","0","N","0","0","0","1","67301","0","","4.0","20.0","1","N","N","N","0","","0","0","0","0","0","Y","120","1","1","0","0","0","1","0","2","0","1","0","0","0","3","03","","N","","","","","","","","","",""
"2021053589","50","1","0","0","0","0","0","0","0","0","8","0","","67","6","2021","3","39.922761","-75.226453","42","6","0","0","0","0","0","1","0","0","","0","0","0","23","3","1","N","0","0","39 55:21.940","","0","75 13:35.230","2","0","0","0","67301","1","0","1","N","1","0","1","2","67301","0","","1.0","","9","N","N","N","0","","0","1","0","0","0","","2318","2","1","0","0","0","0","0","2","0","1","1","0","1","3","03","","N","","","","","","","","","",""
"2021051180","1240","0","0","0","0","0","0","0","0","0","1","1","","67","6","2021","3","40.00221","-75.1577","1232","6","0","0","0","0","0","0","1","0","","0","1","0","12","1","1","","1","0","40 00:07.957","","0","75 09:27.721","4","0","0","0","67301","0","0","0","N","0","0","0","3","67301","1","","1.0","","1","N","N","Y","0","","0","0","2","3","2","","1232","3","1","1","0","0","0","0","2","0","3","0","0","0","3","03","","N","","","","","","","","","",""
"2021027867","1446","1","0","0","0","0","0","0","0","0","7","0","","67","3","2021","4","39.945494","-75.142615","1438","6","0","0","0","0","0","1","0","0","","0","0","0","14","1","1","N","0","1","39 56:43.777","2","0","75 08:33.414","3","0","0","0","67301","0","0","0","N","0","0","0","1","68K01","0","","3.0","100.0","8","N","N","N","0","","1","0","0","0","0","N","1437","1","1","1","0","0","0","0","2","0","1","0","0","0","4","07","","N","","","","","","","","","",""
"2021027675","108","2","0","0","0","0","0","0","0","0","5","0","","67","3","2021","5","40.030714","-75.1224","108","6","0","0","0","0","0","0","0","0","","0","0","0","1","3","1","","1","1","40 01:50.570","6","0","75 07:20.640","4","0","0","0","67301","0","0","0","N","0","0","0","2","67301","1","","1.0","230.0","9","N","N","N","0","","0","0","0","3","2","Y","100","2","1","0","0","0","0","0","2","0","2","0","0","0","7","04","","N","","","","","","","","","",""
"2021028537","1040","0","0","0","0","0","0","0","0","0","7","0","99","67","3","2021","7","40.015598","-75.052274","1033","6","0","0","0","0","0","1","0","0","","0","0","0","10","1","1","","2","1","40 00:56.154","2","0","75 03:08.188","8","0","0","0","67301","0","0","0","N","0","0","0","1","67301","0","","4.0","1230.0","1","N","N","N","0","","0","0","0","3","3","Y","1020","1","1","0","0","0","1","0","2","0","1","0","0","0","3","03","U","Y","4","1","","","U","","","","","N"
"2021030239","1900","3","0","0","0","0","0","0","0","0","4","0","","67","3","2021","2","39.991523","-75.226567","1854","6","0","0","1","0","0","0","0","0","","0","0","0","18","1","0","","1","0","39 59:29.482","","0","75 13:35.641","0","0","0","0","67301","0","0","0","N","0","0","0","2","67301","0","","1.0","","1","N","N","N","0","","0","0","1","3","2","","1850","4","0","0","0","0","0","0","2","0","4","0","0","0","3","","","N","","","","","","","","","",""
"2021026953","138","2","0","0","0","0","0","0","0","0","5","0","","67","3","2021","3","40.013367","-75.146883","138","6","0","0","0","0","0","0","0","0","","0","0","0","1","3","0","N","0","0","40 00:48.120","","0","75 08:48.780","0","0","0","0","67301","0","0","0","N","0","0","0","1","67301","0","","6.0","","1","N","N","N","0","","0","0","1","0","0","","125","3","0","0","0","0","0","0","2","0","3","0","0","0","3","","","N","","","","","","","","","",""
"2021052227","424","1","0","0","0","0","0","0","0","0","7","0","","67","6","2021","6","39.88489","-75.243648","424","6","0","0","0","0","0","0","0","0","","0","0","0","3","3","1","N","0","0","39 53:05.604","","0","75 14:37.134","8","0","0","0","67301","0","0","0","N","0","0","0","1","68K01","0","","4.0","","1","N","N","N","0","","0","0","0","0","0","","342","1","1","0","0","0","1","0","2","0","1","0","0","0","3","03","","N","","","","","","","","","",""
"2021027241","1915","0","0","0","0","0","0","0","0","0","4","0","","67","3","2021","2","39.966979","-75.160347","1905","6","0","0","0","0","0","0","0","0","","0","0","0","19","4","0","","1","0","39 58:01.123","","0","75 09:37.248","9","0","0","0","67301","0","0","0","N","0","0","0","2","67301","0","","1.0","","1","N","N","N","0","","0","0","2","3","2","","1900","2","0","0","0","0","0","1","2","0","2","0","0","0","3","","","N","","","","","","","","","",""
"2021052409","2346","2","0","0","0","0","0","0","0","0","1","0","","67","5","2021","4","39.927016","-75.195189","2335","6","0","0","0","0","0","0","0","0","","0","0","0","23","3","1","N","0","1","39 55:37.259","3","0","75 11:42.682","3","0","0","0","67301","0","0","0","N","0","0","0","2","68K01","0","","1.0","24.0","9","N","N","N","0","","1","0","0","0","0","N","2334","2","1","0","0","0","0","0","2","0","2","0","0","0","7","","","N","","","","","","","","","",""
"2021028655","1135","0","0","0","0","0","0","0","0","0","8","0","","67","3","2021","5","40.009834","-75.076683","1134","6","0","0","0","0","0","0","0","0","","0","0","0","10","1","1","","1","0","40 00:35.402","","0","75 04:36.058","2","0","0","0","67301","1","0","1","N","1","0","1","2","67301","0","","1.0","","99","N","N","N","0","","0","1","0","3","3","","1000","2","1","0","0","0","0","1","2","0","1","1","0","1","99","","","N","","","","","","","","","",""
"2021028374","2152","1","0","0","0","0","0","0","0","0","5","0","","67","3","2021","6","39.958814","-75.24047","2150","6","0","0","0","0","0","0","0","0","","0","0","0","21","3","0","N","0","2","39 57:31.731","4","0","75 14:25.693","0","0","0","0","67301","0","0","0","N","0","0","0","1","67301","0","","1.0","2300.0","1","N","N","N","0","","0","0","2","0","0","Y","2150","3","0","0","0","0","0","0","2","0","3","0","0","0","3","03","","N","","","","","","","","","",""
"2021028043","1620","1","0","0","0","0","0","0","0","0","4","0","","67","3","2021","3","40.004217","-75.157269","1611","6","0","0","0","0","0","1","0","0","","0","0","0","16","1","1","N","0","0","40 00:15.180","","0","75 09:26.170","3","0","0","1","67301","0","0","0","N","0","0","0","6","67301","0","","1.0","","1","N","N","N","0","","1","0","0","0","0","","1610","2","1","0","0","0","0","0","2","0","2","0","0","0","3","","","N","","","","","","","","","",""
"2021040156","1716","1","0","0","0","0","0","0","0","0","2","0","","67","3","2021","5","39.996931","-75.117127","1716","6","0","0","0","0","0","1","0","0","","0","0","0","17","1","2","N","0","1","39 59:48.953","4","0","75 07:01.658","3","0","0","0","67301","0","0","0","N","0","0","0","4","67301","0","","1.0","1740.0","1","N","N","N","0","","2","0","1","0","0","N","1716","3","2","0","0","0","0","0","2","1","3","0","0","0","4","03","","N","","","","","","","","","",""
"2021030525","1327","1","0","0","0","0","0","0","0","0","7","0","","67","3","2021","1","39.921139","-75.189444","1323","6","1","0","0","0","0","0","0","0","","0","0","0","13","1","0","N","0","1","39 55:16.100","4","3","75 11:22.000","0","0","0","0","67301","0","0","0","N","0","0","0","1","68K01","0","","4.0","1335.0","9","N","N","N","0","","0","0","0","3","8","N","1322","1","0","0","0","0","0","0","2","0","1","0","0","0","3","","","N","","","","","","","","","",""
"2021029977","1530","0","0","0","0","0","0","0","0","0","1","0","","67","3","2021","6","39.938173","-75.143671","1528","6","0","0","0","0","0","0","0","0","","0","0","0","15","1","0","N","0","1","39 56:17.422","1","0","75 08:37.216","0","0","0","0","67301","0","0","0","N","0","0","0","2","68K01","0","","1.0","1630.0","1","N","N","N","0","","0","0","1","0","0","N","1525","2","0","0","0","0","0","0","2","1","2","0","0","0","3","03","","N","","","","","","","","","",""
"2021028163","727","0","0","0","0","0","0","0","0","0","7","0","","67","3","2021","6","40.032077","-75.193382","723","6","0","0","0","0","0","0","0","0","","0","0","0","7","1","1","N","0","0","40 01:55.478","","0","75 11:36.174","3","0","0","0","67301","0","0","0","N","0","0","0","1","67301","0","","4.0","","9","N","N","N","0","","1","0","1","0","0","","712","1","1","0","0","0","0","0","2","0","1","0","0","0","7","98","","N","","","","","","","","","",""
"2021058602","1935","1","0","0","0","0","0","0","0","0","5","0","","67","6","2021","2","40.024822","-75.029565","1920","6","0","0","0","0","0","0","0","0","","0","0","0","19","1","0","N","0","0","40 01:29.360","","0","75 01:46.435","0","0","0","0","67301","0","0","0","N","0","0","0","2","68K01","0","","1.0","","1","N","N","N","0","","0","0","1","0","0","","1919","2","0","0","0","0","0","0","2","0","2","0","0","0","3","03","","N","","","","","","","","","",""
"2021026597","2132","0","0","0","0","0","0","0","0","0","4","0","","67","3","2021","7","39.974964","-75.151608","2131","6","0","0","0","0","0","1","0","0","","0","0","0","21","3","0","","1","0","39 58:29.870","","0","75 09:05.788","0","0","0","0","67301","0","0","0","N","0","0","0","2","67301","0","","1.0","","1","N","N","N","0","","0","0","2","3","2","","2130","2","0","0","0","0","0","0","2","0","2","0","0","0","3","03","","N","","","","","","","","","",""
"2021028864","1643","3","0","0","0","0","0","0","0","0","2","0","","67","3","2021","1","40.0445","-75.153833","1642","6","1","0","0","0","0","0","2","0","","0","0","0","16","1","3","N","0","2","40 02:40.200","5","0","75 09:13.800","3","0","0","0","67301","0","0","0","N","0","0","0","5","67301","0","","1.0","100.0","9","N","N","N","0","","3","0","1","0","0","Y","1642","4","3","2","0","0","0","0","2","0","4","0","0","0","4","","","N","","","","","","","","","",""
"2021051825","1621","1","0","0","0","0","0","0","0","0","2","0","","67","6","2021","1","40.054556","-74.983926","1613","6","0","0","0","0","0","1","0","0","","0","0","0","15","1","2","N","0","0","40 03:16.402","","0","74 59:02.133","4","0","0","0","67301","0","0","0","N","0","0","0","2","67301","1","","1.0","","1","N","N","N","0","","0","0","1","0","0","","1555","2","2","0","0","0","1","0","2","0","2","0","0","0","3","03","","N","","","","","","","","","",""
"2021053621","1518","1","0","0","1","0","0","0","0","0","8","0","","67","6","2021","4","39.953535","-75.234413","1516","6","0","0","0","0","0","0","0","0","","0","0","0","15","1","1","","1","0","39 57:12.725","","0","75 14:03.886","3","0","0","0","67301","1","0","0","N","0","0","0","2","67301","0","","1.0","","1","N","N","N","0","","1","0","0","3","3","","1515","2","1","0","0","0","0","0","2","0","1","1","0","0","3","04","","N","","","","","","","","","",""
"2021028533","59","0","0","0","0","0","0","0","0","0","0","0","","67","3","2021","1","39.894612","-75.236717","48","6","0","0","0","0","0","0","0","0","","0","0","0","0","3","1","","1","2","39 53:40.603","4","0","75 14:12.181","2","0","1","1","67301","0","0","0","N","0","0","0","1","67301","0","","1.0","120.0","1","N","N","N","0","","0","1","0","3","2","Y","42","1","1","0","0","0","0","0","2","0","1","0","0","0","3","03","","N","","","","","","","","","",""
"2021019832","1932","1","0","0","0","0","0","0","0","0","8","0","","67","2","2021","6","39.923986","-75.143579","1925","6","0","0","0","0","0","0","0","1","","0","0","0","19","3","1","","2","1","39 55:26.351","2","0","75 08:36.885","3","0","0","0","67301","1","0","0","N","1","0","0","2","67301","0","","1.0","2020.0","1","N","N","N","0","","1","0","0","3","2","N","1924","2","1","0","0","0","0","0","2","0","1","1","0","0","3","03","","N","","","","","","","","","",""
"2021039643","1137","3","0","0","0","0","0","0","0","0","4","0","","67","5","2021","7","39.935369","-75.144506","1134","6","0","0","0","0","0","0","0","0","","0","0","0","11","1","0","N","0","1","39 56:07.330","3","0","75 08:40.220","0","0","0","0","67301","0","0","0","N","0","0","0","1","67301","0","","1.0","100.0","1","N","N","N","0","","0","0","0","0","0","Y","1115","3","0","1","0","0","0","0","2","0","3","0","0","0","3","","","N","","","","","","","","","",""
"2021029346","2016","1","0","0","0","0","0","0","0","0","5","0","","67","3","2021","3","39.959831","-75.178449","2006","6","0","0","0","0","0","0","0","0","","0","0","0","19","3","0","N","7","1","39 57:35.391","3","8","75 10:42.417","0","0","0","0","67301","0","0","0","N","0","0","0","2","68K01","0","","7.0","2100.0","1","N","N","N","1","","0","0","0","0","0","Y","1951","2","0","0","0","0","0","0","2","0","2","0","0","0","3","03","","N","","","","","","","","","",""
"2021028856","850","2","0","0","0","0","0","0","0","0","6","0","","67","3","2021","1","39.906925","-75.161669","840","6","0","0","0","0","0","0","0","0","","0","0","0","8","1","0","N","0","0","39 54:24.930","","0","75 09:42.010","0","0","0","0","67301","0","0","0","N","0","0","0","1","67301","0","","6.0","","9","N","N","N","0","","0","0","0","0","0","","839","2","0","0","0","0","0","0","2","0","2","0","0","0","7","07","","N","","","","","","","","","",""
"2021037477","9","2","0","0","0","0","0","0","0","0","4","0","","67","4","2021","2","39.956552","-75.231667","9","6","0","0","0","0","0","0","0","0","","0","0","0","0","3","1","","1","0","39 57:23.587","","0","75 13:54.001","4","0","0","0","67301","0","0","0","N","0","0","0","3","67301","1","","1.0","","1","N","N","N","0","","0","0","1","3","3","","9","3","1","1","0","0","0","0","2","0","3","0","0","0","3","03","","N","","","","","","","","","",""
"2021057702","408","4","0","0","0","0","0","0","0","0","1","0","","67","6","2021","1","40.050149","-75.173765","356","6","0","0","0","0","0","0","0","0","","0","0","0","3","3","0","N","0","1","40 03:00.536","4","0","75 10:25.554","9","0","0","0","67301","0","0","0","N","0","0","0","1","67301","0","","6.0","600.0","1","N","N","N","0","","0","0","0","0","0","N","350","4","0","0","0","0","0","1","2","0","4","0","0","0","3","03","","N","","","","","","","","","",""
"2021027332","1253","1","0","0","0","0","0","0","0","0","4","0","","67","3","2021","3","39.966525","-75.221632","1253","6","0","0","0","0","0","0","0","0","","0","0","0","12","1","0","","2","0","39 57:59.490","","0","75 13:17.875","0","0","0","0","67301","0","0","0","N","0","0","0","1","67301","0","","1.0","","1","N","N","N","0","","0","0","1","0","0","","1249","2","0","0","0","0","0","0","2","0","2","0","0","0","3","03","","N","","","","","","","","","",""
"2021024544","1733","3","0","0","0","0","0","0","0","0","1","0","","67","2","2021","3","39.996967","-75.117401","1730","6","0","0","0","0","0","0","0","0","","0","0","0","17","1","0","","1","0","39 59:49.080","","0","75 07:02.645","0","0","0","0","67301","0","0","0","N","0","0","0","5","67301","0","","1.0","","1","N","N","N","0","","0","0","0","3","2","","1730","4","0","0","0","0","0","0","2","1","4","0","0","0","3","03","","N","","","","","","","","","",""
"2021020633","2054","3","0","0","0","0","0","0","0","0","4","0","","67","2","2021","5","39.960201","-75.239103","2052","6","0","0","0","0","0","0","0","0","","0","0","0","20","3","1","","1","0","39 57:36.724","","0","75 14:20.772","8","0","0","0","67301","0","0","0","N","0","0","0","2","67301","0","","1.0","","1","N","N","N","0","","0","0","0","3","2","","2050","3","1","0","0","0","1","0","2","0","3","0","0","0","3","","","N","","","","","","","","","",""
"2021028752","359","2","0","0","0","0","0","0","0","0","6","0","","67","3","2021","2","40.038041","-75.123615","353","6","0","0","0","0","0","0","0","0","","0","0","0","3","3","0","","3","0","40 02:16.947","","0","75 07:25.013","9","0","0","0","67301","0","0","0","N","0","0","0","1","67301","0","","4.0","","1","N","N","N","0","","0","0","0","0","0","","345","2","0","0","0","0","0","1","2","0","2","0","0","0","3","03","","N","","","","","","","","","",""
"2021053627","1101","1","0","0","0","0","0","0","0","0","2","0","","67","6","2021","6","39.995178","-75.109506","1057","6","0","0","0","0","0","0","0","0","","0","0","0","10","1","1","N","0","0","39 59:42.640","","0","75 06:34.220","3","0","0","0","67301","0","0","0","N","0","0","0","1","67301","0","","6.0","","1","N","N","N","0","","1","0","1","0","0","","1052","2","1","0","0","0","0","0","2","0","2","0","0","0","3","04","","N","","","","","","","","","",""
"2021027509","1057","0","0","0","0","0","0","0","0","0","8","0","","67","3","2021","2","40.031874","-75.131503","1043","6","0","0","0","0","0","0","0","0","","0","0","0","16","1","1","","1","0","40 01:54.746","","0","75 07:53.410","3","0","0","0","67301","1","0","0","N","1","0","0","2","67301","0","","1.0","","99","N","N","N","0","","1","0","0","3","2","","1600","2","1","0","0","0","0","0","2","0","1","1","0","0","99","","","N","","","","","","","","","",""
"2021053938","1541","0","0","0","0","0","0","0","0","0","4","0","","67","6","2021","6","39.964407","-75.176261","1541","6","0","0","0","0","0","0","0","0","","0","0","0","15","1","0","","1","0","39 57:51.864","","0","75 10:34.539","0","0","0","0","67301","0","0","0","N","0","0","0","2","67301","0","","1.0","","9","N","N","N","0","","0","0","2","3","2","","1541","2","0","0","0","0","0","0","2","0","2","0","0","0","7","07","","N","","","","","","","","","",""
"2021019289","1003","2","0","0","0","0","0","0","0","0","4","0","","67","2","2021","5","39.996924","-75.164969","957","6","0","0","0","0","1","0","0","0","","0","0","0","9","1","0","","2","0","39 59:48.926","","0","75 09:53.888","0","0","0","0","67301","0","0","0","N","0","0","0","2","67301","0","","1.0","","1","N","N","N","0","","0","0","0","3","3","","945","2","0","0","0","0","0","0","2","0","2","0","0","0","3","03","","N","","","","","","","","","",""
"2021021754","2215","0","0","0","0","0","0","0","0","0","5","0","","67","2","2021","4","39.931461","-75.143803","2215","6","0","0","0","0","0","0","0","0","","0","0","0","17","1","2","N","0","0","39 55:53.258","","0","75 08:37.691","3","0","0","1","67301","0","0","0","N","0","0","0","3","67301","0","","1.0","","99","N","N","N","0","","2","0","0","0","0","","1745","2","2","0","0","0","0","0","2","1","2","0","0","0","3","03","","N","","","","","","","","","",""
"2021031094","207","0","0","0","0","0","0","0","0","0","7","0","","67","3","2021","6","39.907438","-75.149866","202","6","0","0","0","0","0","0","0","0","","0","0","0","1","3","1","N","0","0","39 54:26.777","","8","75 08:59.517","3","0","0","0","67301","0","0","0","N","0","0","0","1","68K01","0","","4.0","","1","N","N","N","0","","1","0","1","0","0","","157","1","1","1","0","0","0","0","2","0","1","0","0","0","3","03","","N","","","","","","","","","",""
"2021019286","1914","1","0","0","0","0","0","0","0","0","4","0","","67","2","2021","4","39.957138","-75.214338","1911","6","0","0","0","0","0","0","0","0","","0","0","0","19","4","1","","1","0","39 57:25.696","","0","75 12:51.617","3","0","0","1","67301","0","0","0","N","0","0","0","2","67301","0","","1.0","","1","N","N","N","0","","1","0","0","3","2","","1905","2","1","0","0","0","0","0","2","0","2","0","0","0","3","03","","N","","","","","","","","","",""
"2021041381","1240","1","0","0","0","0","0","0","0","0","6","0","","67","3","2021","7","40.015309","-75.147203","1233","6","0","0","0","0","0","0","0","0","","0","0","0","12","8","1","","2","0","40 00:55.112","","0","75 08:49.930","3","0","0","0","67301","0","0","0","N","0","0","0","2","67301","0","","1.0","","1","N","N","N","0","","1","0","1","0","0","","1226","2","1","0","0","0","0","0","2","0","2","0","0","0","3","03","","N","","","","","","","","","",""
"2021053600","2207","1","0","0","0","0","0","0","0","0","1","0","","67","6","2021","6","40.032822","-75.024431","2201","6","0","0","0","0","0","0","1","0","","0","0","0","21","2","1","N","0","0","40 01:58.160","","0","75 01:27.950","3","0","0","0","67301","0","0","0","N","0","0","0","1","67301","0","","1.0","","1","N","N","N","0","","1","0","0","0","0","","2158","2","1","0","0","0","0","0","2","0","2","0","0","0","3","03","","N","","","","","","","","","",""
"2021028534","1630","0","0","0","0","0","0","0","0","0","5","2","","67","3","2021","5","40.046333","-75.170806","1547","6","0","0","0","0","0","0","1","0","","0","2","0","15","1","0","N","0","0","40 02:46.800","","0","75 10:14.900","0","0","0","0","67301","0","0","0","N","0","0","0","1","67301","0","","6.0","","1","N","N","N","0","","0","0","1","0","0","","1530","3","0","0","0","0","0","0","2","0","3","0","0","0","4","","","N","","","","","","","","","",""