"CRN","ARRIVAL_TM","AUTOMOBILE_COUNT","BELTED_DEATH_COUNT","BELTED_SUSP_SERIOUS_INJ_COUNT","BICYCLE_COUNT","BICYCLE_DEATH_COUNT","BICYCLE_SUSP_SERIOUS_INJ_COUNT","BUS_COUNT","CHLDPAS_DEATH_COUNT","CHLDPAS_SUSP_SERIOUS_INJ_COUNT","COLLISION_TYPE","COMM_VEH_COUNT","CONS_ZONE_SPD_LIM","COUNTY","CRASH_MONTH","CRASH_YEAR","DAY_OF_WEEK","DEC_LATITUDE","DEC_LONGITUDE","DISPATCH_TM","DISTRICT","DRIVER_COUNT_16YR","DRIVER_COUNT_17YR","DRIVER_COUNT_18YR","DRIVER_COUNT_19YR","DRIVER_COUNT_20YR","DRIVER_COUNT_50_64YR","DRIVER_COUNT_65_74YR","DRIVER_COUNT_75PLUS","EST_HRS_CLOSED","FATAL_COUNT","HEAVY_TRUCK_COUNT","HORSE_BUGGY_COUNT","HOUR_OF_DAY","ILLUMINATION","INJURY_COUNT","INTERSECTION_RELATED","INTERSECT_TYPE","LANE_CLOSED","LATITUDE","LN_CLOSE_DIR","LOCATION_TYPE","LONGITUDE","MAX_SEVERITY_LEVEL","MCYCLE_DEATH_COUNT","MCYCLE_SUSP_SERIOUS_INJ_COUNT","MOTORCYCLE_COUNT","MUNICIPALITY","NONMOTR_COUNT","NONMOTR_DEATH_COUNT","NONMOTR_SUSP_SERIOUS_INJ_COUNT","NTFY_HIWY_MAINT","PED_COUNT","PED_DEATH_COUNT","PED_SUSP_SERIOUS_INJ_COUNT","PERSON_COUNT","POLICE_AGCY","POSSIBLE_INJ_COUNT","RDWY_SURF_TYPE_CD","RELATION_TO_ROAD","ROADWAY_CLEARED","ROAD_CONDITION","SCH_BUS_IND","SCH_ZONE_IND","SECONDARY_CRASH","SMALL_TRUCK_COUNT","SPEC_JURIS_CD","SUSP_MINOR_INJ_COUNT","SUSP_SERIOUS_INJ_COUNT","SUV_COUNT","TCD_FUNC_CD","TCD_TYPE","TFC_DETOUR_IND","TIME_OF_DAY","TOTAL_UNITS","TOT_INJ_COUNT","UNBELTED_OCC_COUNT","UNB_DEATH_COUNT","UNB_SUSP_SERIOUS_INJ_COUNT","UNK_INJ_DEG_COUNT","UNK_INJ_PER_COUNT","URBAN_RURAL","VAN_COUNT","VEHICLE_COUNT","VULNERABLE_ROAD_USER_COUNT","VULNERABLE_ROAD_USER_DEATH_COUNT","VULNERABLE_ROAD_USER_SER_INJ_COUNT","WEATHER1","WEATHER2","WORKERS_PRES","WORK_ZONE_IND","WORK_ZONE_LOC","WORK_ZONE_TYPE","WZ_CLOSE_DETOUR","WZ_FLAGGER","WZ_LAW_OFFCR_IND","WZ_LN_CLOSURE","WZ_MOVING","WZ_OTHER","WZ_SHLDER_MDN","WZ_WORKERS_INJ_KILLED"
"2021021121","1707","1","0","0","0","0","0","0","0","0","4","0","","67","3","2021","3","39.925559","-75.169417","1705","6","0","0","0","0","0","0","0","0","","0","0","0","16","1","1","","5","0","39 55:32.012","","0","75 10:09.901","3","0","0","0","67301","0","0","0","N","0","0","0","2","67301","0","","1.0","","1","N","N","N","0","","1","0","1","3","2","","1650","2","1","0","0","0","0","0","2","0","2","0","0","0","3","","","N","","","","","","","","","",""
"2021057419","1442","2","0","0","0","0","0","0","0","0","1","0","","67","6","2021","7","39.958084","-75.163501","1420","6","0","0","0","0","0","0","0","0","","0","0","0","14","1","0","N","0","2","39 57:29.101","4","0","75 09:48.605","0","0","0","0","67301","0","0","0","N","0","0","0","3","68K01","0","","1.0","1442.0","1","N","N","N","0","","0","0","0","0","0","N","1420","2","0","0","0","0","0","0","2","0","2","0","0","0","3","","","N","","","","","","","","","",""
"2021020380","155","0","0","0","0","0","0","0","0","0","1","0","","67","2","2021","7","39.967551","-75.132363","149","6","0","0","0","0","0","1","0","0","","0","0","0","1","3","1","N","0","0","39 58:03.185","","0","75 07:56.508","3","0","0","0","67301","0","0","0","N","0","0","0","2","68K01","0","","1.0","","9","N","N","N","1","","1","0","1","0","0","","144","2","1","0","0","0","0","1","2","0","2","0","0","0","7","","","N","","","","","","","","","",""
"2021021212","1856","0","0","0","0","0","0","0","0","0","7","0","","67","3","2021","3","40.02525","-75.073222","1849","6","0","0","0","0","0","1","0","0","","0","0","0","18","3","0","N","0","0","40 01:30.900","","0","75 04:23.600","0","0","0","0","67301","0","0","0","N","0","0","0","1","67301","0","","4.0","","1","N","N","N","0","","0","0","0","0","0","","1845","1","0","0","0","0","0","0","2","1","1","0","0","0","3","03","","N","","","","","","","","","",""
"2021053595","2356","2","0","0","0","0","0","0","0","0","5","0","","67","6","2021","3","40.071218","-75.185808","2348","6","0","0","0","0","0","0","0","0","","0","0","0","23","3","2","N","0","0","40 04:16.385","","7","75 11:08.907","3","0","0","0","67301","0","0","0","N","0","0","0","2","67301","0","","1.0","","9","N","N","N","0","","2","0","0","0","0","","2330","2","2","0","0","0","0","0","2","0","2","0","0","0","3","","","N","","","","","","","","","",""
"2021027928","1204","1","0","0","0","0","0","0","0","0","4","0","","67","3","2021","6","39.996718","-75.115468","1203","6","0","0","0","0","0","0","0","0","","0","0","0","0","3","2","","1","0","39 59:48.185","","0","75 06:55.684","8","0","0","0","67301","1","0","0","N","1","0","0","3","67301","0","","1.0","","9","N","N","Y","0","","0","0","1","3","2","","3","3","2","0","0","0","2","0","2","0","2","1","0","0","7","07","","N","","","","","","","","","",""
"2021030831","2057","1","0","0","0","0","0","0","0","0","7","0","","67","3","2021","4","39.933199","-75.200006","2049","6","0","0","0","0","0","0","0","0","","0","0","0","20","3","0","N","0","1","39 55:59.517","4","0","75 12:00.020","0","0","0","0","67301","0","0","0","N","0","0","0","1","68K01","0","","3.0","2120.0","9","N","N","N","0","","0","0","0","0","0","N","2048","1","0","0","0","0","0","0","2","0","1","0","0","0","7","05","","N","","","","","","","","","",""
"2021053869","2054","2","0","0","0","0","0","0","0","0","1","0","","67","6","2021","7","39.978679","-75.203042","2050","6","0","0","0","1","0","0","0","0","","0","0","0","20","3","0","N","0","2","39 58:43.245","3","0","75 12:10.952","0","0","0","0","67301","0","0","0","N","0","0","0","2","68K01","0","","1.0","2054.0","1","N","N","N","0","","0","0","0","0","0","N","2049","3","0","0","0","0","0","0","2","0","3","0","0","0","3","","","N","","","","","","","","","",""
"2021019519","902","1","0","0","0","0","0","0","0","0","8","0","","67","2","2021","5","40.02943","-75.056038","901","6","0","0","1","0","0","0","0","0","","0","0","0","8","1","1","","1","0","40 01:45.949","","0","75 03:21.737","3","0","0","0","67301","1","0","0","N","1","0","0","2","67301","0","","1.0","","1","N","N","N","0","","1","0","0","3","2","","855","2","1","0","0","0","0","0","2","0","1","1","0","0","3","03","","N","","","","","","","","","",""
"2021045095","1650","1","0","0","0","0","0","0","0","0","4","0","","67","4","2021","5","39.947322","-75.187461","1650","6","0","0","0","0","0","1","0","0","","0","0","0","16","1","2","N","1","0","39 56:50.359","","0","75 11:14.859","8","0","0","0","67301","0","0","0","Y","0","0","0","2","68K01","0","","1.0","","1","N","N","N","0","","0","0","1","1","2","","1650","2","2","0","0","0","2","0","2","0","2","0","0","0","3","","","N","","","","","","","","","",""
"2021057127","1800","0","0","0","0","0","0","0","0","0","4","0","","67","6","2021","6","40.082929","-75.206312","1756","6","0","0","0","0","0","1","0","0","","0","0","0","17","1","2","","2","0","40 04:58.544","","0","75 12:22.723","3","0","0","1","67301","0","0","0","N","0","0","0","2","67301","0","","1.0","","1","N","N","N","0","","2","0","0","0","0","","1730","2","2","1","0","0","0","0","2","1","2","0","0","0","3","03","","N","","","","","","","","","",""
"2021031099","48","1","0","0","0","0","0","0","0","0","7","0","","67","3","2021","2","39.978719","-75.110214","46","6","0","0","0","0","0","0","0","0","","0","0","0","0","3","1","N","0","1","39 58:43.387","2","0","75 06:36.772","8","0","0","0","67301","0","0","0","N","0","0","0","1","68K01","0","","3.0","150.0","1","N","N","N","0","","0","0","0","0","0","N","29","1","1","0","0","0","1","0","2","0","1","0","0","0","3","03","","N","","","","","","","","","",""
"2021057111","323","4","0","0","0","0","0","0","0","0","4","0","","67","6","2021","4","39.914511","-75.2382","318","6","0","0","0","0","0","0","0","0","","0","0","0","3","3","2","N","0","1","39 54:52.240","3","0","75 14:17.520","3","0","0","0","67301","0","0","0","N","0","0","0","2","67301","0","","4.0","630.0","1","N","N","N","0","","2","0","0","0","0","N","318","4","2","0","0","0","0","0","2","0","4","0","0","0","3","03","","N","","","","","","","","","",""
"2021018720","45","1","0","0","0","0","0","0","0","0","4","0","","67","2","2021","2","40.066444","-75.184367","2258","6","0","0","0","1","0","0","0","0","","0","0","0","22","3","1","","1","0","40 03:59.199","","0","75 11:03.721","2","0","0","0","67301","0","0","0","N","0","0","0","2","67301","0","","1.0","","2","N","N","N","1","","0","1","1","3","3","","2258","3","1","2","0","1","0","0","2","0","3","0","0","0","3","","","N","","","","","","","","","",""
"2021030128","952","1","0","0","0","0","0","0","0","0","4","0","","67","3","2021","2","40.028547","-75.085357","949","6","0","0","0","0","0","0","0","0","","0","0","0","9","1","1","","1","2","40 01:42.769","7","0","75 05:07.285","3","0","0","0","67301","0","0","0","N","0","0","0","2","67301","0","","1.0","1040.0","1","N","N","N","0","","1","0","1","3","2","Y","946","2","1","0","0","0","0","0","2","0","2","0","0","0","3","","","N","","","","","","","","","",""
"2021027730","926","2","0","0","0","0","0","0","0","0","5","0","","67","3","2021","3","40.003683","-75.169092","919","6","0","0","0","0","0","0","0","0","","0","0","0","9","1","1","","5","1","40 00:13.260","3","0","75 10:08.730","3","0","0","0","67301","0","0","0","N","0","0","0","3","67301","0","","1.0","1000.0","1","N","N","N","1","","1","0","0","3","2","N","904","3","1","0","0","0","0","0","2","0","3","0","0","0","3","03","","N","","","","","","","","","",""
"2021052414","436","1","0","0","0","0","0","0","0","0","5","1","","67","5","2021","7","39.958147","-75.141233","347","6","0","0","0","0","0","0","0","0","","0","1","0","3","3","0","N","0","0","39 57:29.328","","0","75 08:28.438","0","0","0","0","67301","0","0","0","N","0","0","0","2","68K01","0","","1.0","","9","N","N","N","0","","0","0","0","0","0","","345","2","0","0","0","0","0","0","2","0","2","0","0","0","7","07","","N","","","","","","","","","",""
"2021029397","435","0","0","0","0","0","0","0","0","0","7","0","","67","2","2021","6","40.103588","-75.003058","425","6","0","0","0","0","0","0","0","0","","0","0","0","4","3","0","N","0","0","40 06:12.918","","0","75 00:11.010","0","0","0","0","67301","0","0","0","N","0","0","0","1","67301","0","","4.0","","1","N","N","N","1","","0","0","0","0","0","","420","1","0","0","0","0","0","0","2","0","1","0","0","0","3","03","","N","","","","","","","","","",""
"2021021667","1041","2","0","0","0","0","0","0","0","0","4","0","","67","2","2021","4","39.956586","-75.152414","1039","6","0","0","0","0","0","1","0","0","","0","0","0","10","1","1","","5","1","39 57:23.709","2","2","75 09:08.690","3","0","0","0","67301","0","0","0","N","0","0","0","3","67301","0","","1.0","1210.0","1","N","N","N","0","","1","0","0","3","2","N","1030","2","1","0","0","0","0","0","2","0","2","0","0","0","3","03","","N","","","","","","","","","",""
"2021057706","1022","2","0","0","0","0","0","0","0","0","4","0","","67","6","2021","7","39.969664","-75.211523","1020","6","0","0","0","0","0","0","0","0","","0","0","0","9","1","2","","1","0","39 58:10.789","","0","75 12:41.484","3","0","0","0","67301","0","0","0","N","0","0","0","2","67301","0","","1.0","","1","N","N","N","0","","2","0","0","3","2","","955","2","2","0","0","0","0","0","2","0","2","0","0","0","3","03","","N","","","","","","","","","",""
"2021053913","1952","1","0","0","0","0","0","0","0","0","1","0","","67","6","2021","5","39.960068","-75.179394","1940","6","0","0","0","0","0","1","0","0","","0","0","0","19","1","0","N","0","1","39 57:36.245","4","0","75 10:45.819","0","0","0","0","67301","0","0","0","N","0","0","0","2","68K01","0","","4.0","2030.0","1","N","N","N","1","","0","0","0","0","0","N","1938","2","0","0","0","0","0","0","2","0","2","0","0","0","3","","","N","","","","","","","","","",""
"2021031956","320","2","0","0","0","0","0","0","0","0","4","0","","67","3","2021","2","40.010395","-75.079284","315","6","0","0","0","0","0","0","0","0","","0","0","0","3","3","1","","1","0","40 00:37.422","","0","75 04:45.422","8","0","0","0","67301","0","0","0","N","0","0","0","2","67301","0","","1.0","","1","N","N","N","0","","0","0","0","3","2","","305","2","1","0","0","0","1","0","2","0","2","0","0","0","3","03","","N","","","","","","","","","",""
"2021044395","1627","1","0","0","0","0","0","0","0","0","1","0","","67","2","2021","1","39.953861","-75.191889","1627","6","0","0","0","0","0","0","0","0","","0","0","0","16","1","1","N","0","0","39 57:13.900","","0","75 11:30.800","3","0","0","0","67301","0","0","0","N","0","0","0","1","67301","0","","6.0","","1","N","N","Y","0","","1","0","1","0","0","","1627","2","1","0","0","0","0","0","2","0","2","0","0","0","3","","","N","","","","","","","","","",""
"2021022711","2000","1","0","0","0","0","0","0","0","0","4","0","","67","3","2021","2","39.947447","-75.187633","1941","6","0","0","0","0","0","0","0","0","","0","0","0","19","3","1","","1","0","39 56:50.808","","8","75 11:15.478","3","0","0","0","67301","0","0","0","N","0","0","0","2","67301","0","","1.0","","1","N","N","N","0","","1","0","1","3","2","","1930","2","1","0","0","0","0","0","2","0","2","0","0","0","3","03","","N","","","","","","","","","",""
"2021045415","1025","2","0","0","0","0","0","0","0","0","4","0","","67","5","2021","2","39.95768","-75.162367","1025","6","0","0","0","0","0","0","0","0","","0","0","0","21","3","0","","5","0","39 57:27.649","","0","75 09:44.521","9","0","0","0","67301","0","0","0","N","0","0","0","2","67301","0","","1.0","","1","N","N","N","0","","0","0","0","3","2","","2130","2","0","0","0","0","0","1","2","0","2","0","0","0","3","03","","N","","","","","","","","","",""
"2021032556","2026","0","0","0","0","0","0","0","0","0","5","0","","67","4","2021","6","40.059949","-75.141838","2022","6","0","0","0","0","0","0","0","0","","0","0","0","20","3","0","","2","0","40 03:35.816","","0","75 08:30.616","0","0","0","0","67301","0","0","0","N","0","0","0","3","67301","0","","1.0","","1","N","N","N","1","","0","0","1","0","0","","2019","2","0","0","0","0","0","0","2","0","2","0","0","0","3","03","","N","","","","","","","","","",""
"2021032419","2140","0","0","0","0","0","0","0","0","0","4","0","","67","4","2021","5","39.928449","-75.168732","2140","6","0","0","0","0","0","0","0","0","","0","0","0","21","3","2","N","0","0","39 55:42.417","","0","75 10:07.434","4","0","0","1","67301","0","0","0","N","0","0","0","2","67301","1","","1.0","","1","N","N","N","0","","0","0","0","0","0","","2140","2","2","0","0","0","1","0","2","0","2","0","0","0","3","03","","N","","","","","","","","","",""
"2021024549","1115","0","0","0","0","0","0","0","0","0","1","0","","67","3","2021","2","40.02026","-75.114068","1113","6","0","0","0","0","0","0","0","0","","0","0","0","10","1","1","","1","0","40 01:12.937","","0","75 06:50.646","3","0","0","0","67301","0","0","0","N","0","0","0","3","67301","0","","1.0","","9","N","N","N","0","","1","0","2","3","2","","1027","2","1","3","0","0","0","0","2","0","2","0","0","0","4","07","","N","","","","","","","","","",""
"2021033132","330","0","0","0","0","0","0","0","0","0","7","0","","67","4","2021","2","39.919903","-75.201685","322","6","0","0","0","0","0","0","0","0","","0","0","0","3","3","0","N","0","0","39 55:11.649","","3","75 12:06.067","0","0","0","0","67301","0","0","0","N","0","0","0","1","67301","0","","3.0","","9","N","N","N","0","","0","0","1","0","0","","319","1","0","0","0","0","0","0","2","0","1","0","0","0","7","04","","N","","","","","","","","","",""
"2021028302","1200","2","0","0","0","0","0","0","0","0","4","0","","67","3","2021","4","39.976383","-75.162534","1159","6","0","0","0","0","0","2","0","0","","0","0","0","11","1","2","","1","0","39 58:34.977","","0","75 09:45.122","4","0","0","0","67301","0","0","0","N","0","0","0","3","67301","2","","1.0","","9","N","N","N","0","","0","0","0","3","3","","1158","3","2","1","0","0","0","0","2","1","3","0","0","0","7","","","N","","","","","","","","","",""
"2021045359","1854","1","0","0","0","0","0","0","0","0","1","0","","67","5","2021","2","40.003151","-75.0777","1839","6","0","0","0","0","0","1","0","0","","0","0","0","18","1","2","N","0","0","40 00:11.342","","0","75 04:39.720","8","0","0","0","67301","0","0","0","N","0","0","0","3","68K01","0","","1.0","","1","N","N","N","1","","0","0","0","0","0","","1830","2","2","0","0","0","2","0","2","0","2","0","0","0","3","","","N","","","","","","","","","",""
"2021029395","1248","0","0","0","0","0","0","0","0","0","7","0","","67","3","2021","6","39.943389","-75.160109","1246","6","0","0","0","0","0","0","0","0","","0","0","0","23","3","0","","2","0","39 56:36.202","","0","75 09:36.393","0","0","0","0","67301","0","0","0","N","0","0","0","1","67301","0","","4.0","","1","N","N","N","0","","0","0","1","0","0","","2355","1","0","0","0","0","0","0","2","0","1","0","0","0","3","03","","N","","","","","","","","","",""
"2021028857","2120","0","0","0","0","0","0","0","0","0","7","0","","67","3","2021","1","39.930342","-75.14405","2115","6","0","0","0","0","0","0","0","0","","0","0","0","21","3","1","N","0","1","39 55:49.230","1","0","75 08:38.580","3","0","0","0","67301","0","0","0","N","0","0","0","1","67301","0","","4.0","2105.0","9","N","N","N","0","","1","0","1","0","0","N","2113","1","1","0","0","0","0","0","2","0","1","0","0","0","7","","","N","","","","","","","","","",""
"2021053631","1050","2","0","0","0","0","0","0","0","0","4","0","","67","3","2021","5","40.012984","-75.119382","1040","6","0","0","0","0","0","0","0","0","","0","0","0","10","1","0","","1","0","40 00:46.743","","0","75 07:09.776","0","0","0","0","67301","0","0","0","N","0","0","0","2","67301","0","","1.0","","1","N","N","N","0","","0","0","0","3","2","","1020","2","0","0","0","0","0","0","2","0","2","0","0","0","3","03","","N","","","","","","","","","",""
"2021044887","1604","1","0","0","0","0","0","0","0","0","4","0","","67","5","2021","7","39.940323","-75.233618","1604","6","0","0","0","0","0","1","0","0","","0","0","0","16","1","1","","1","1","39 56:25.163","1","0","75 14:01.023","2","0","1","1","67301","0","0","0","N","0","0","0","2","67301","0","","1.0","1935.0","1","N","Y","N","0","","0","1","0","3","2","N","1603","2","1","0","0","0","0","0","2","0","2","0","0","0","3","","","N","","","","","","","","","",""
"2021028393","2350","1","0","0","0","0","0","0","0","0","4","0","","67","3","2021","6","40.029478","-75.146829","2345","6","0","0","0","0","0","1","0","0","","0","0","0","21","3","2","","1","0","40 01:46.120","","0","75 08:48.586","2","0","0","0","67301","0","0","0","N","0","0","0","3","67301","0","","1.0","","1","N","N","N","0","","0","2","0","3","2","","2100","2","2","0","0","0","0","1","2","0","2","0","0","0","3","03","","N","","","","","","","","","",""
"2021052600","1856","1","0","0","0","0","0","0","0","0","7","0","","67","6","2021","5","40.038095","-75.011137","1856","6","0","0","0","0","0","0","0","0","","0","0","0","18","1","0","N","0","0","40 02:17.143","","0","75 00:40.094","0","0","0","0","67301","0","0","0","N","0","0","0","1","68K01","0","","4.0","","1","N","N","N","0","","0","0","0","0","0","","1847","1","0","0","0","0","0","0","2","0","1","0","0","0","4","04","","N","","","","","","","","","",""
"2021053182","1130","0","0","0","0","0","0","1","0","0","4","1","","67","6","2021","1","40.019639","-75.073373","1045","6","0","0","0","0","0","1","0","0","","0","0","0","10","1","1","","1","0","40 01:10.699","","0","75 04:24.144","4","0","0","0","67301","0","0","0","N","0","0","0","3","67508","1","","1.0","","1","N","N","Y","1","","0","0","0","3","2","N","1045","2","1","0","0","0","0","0","2","0","2","0","0","0","3","03","","N","","","","","","","","","",""
"2021020857","1419","1","0","0","0","0","0","0","0","0","4","0","","67","3","2021","2","39.996275","-75.104159","1419","6","0","0","1","0","0","0","0","0","","0","0","0","14","1","1","","2","0","39 59:46.591","","0","75 06:14.972","4","0","0","0","67301","0","0","0","N","0","0","0","2","67301","1","","1.0","","1","N","N","N","0","","0","0","2","3","3","","1418","3","1","0","0","0","0","0","2","0","3","0","0","0","3","03","","N","","","","","","","","","",""
"2021045420","1630","1","0","0","0","0","0","0","0","0","4","0","","67","5","2021","3","40.089675","-75.057032","1627","6","0","1","0","0","0","0","0","0","","0","0","0","16","1","0","","1","0","40 05:22.829","","0","75 03:25.316","0","0","0","0","67301","0","0","0","N","0","0","0","2","67301","0","","5.0","","1","N","N","N","0","","0","0","1","3","2","","1620","2","0","0","0","0","0","0","2","0","2","0","0","0","3","03","","N","","","","","","","","","",""
"2021045285","2015","0","0","0","0","0","0","0","0","0","7","1","","67","5","2021","2","39.932392","-75.218916","2010","6","0","0","0","0","0","0","0","0","","0","1","0","20","3","0","N","0","2","39 55:56.611","6","1","75 13:08.097","0","0","0","0","67301","0","0","0","N","0","0","0","1","67301","0","","5.0","200.0","1","N","N","N","0","","0","0","0","3","8","Y","2000","1","0","0","0","0","0","0","2","0","1","0","0","0","3","03","","N","","","","","","","","","",""
"2021018928","921","1","0","1","0","0","0","0","0","0","1","0","","67","2","2021","2","40.000228","-75.14045","920","6","0","0","0","0","0","0","0","0","","0","0","0","8","1","2","Y","0","0","40 00:00.820","","0","75 08:25.620","2","0","0","0","67301","0","0","0","N","0","0","0","3","67301","0","","1.0","","2","N","N","N","0","","1","1","0","3","2","","830","2","2","1","0","0","0","1","2","1","2","0","0","0","10","","","N","","","","","","","","","",""
"2021028162","1906","2","0","0","0","0","0","0","0","0","1","0","","67","3","2021","5","40.057057","-75.174931","1906","6","0","0","0","0","0","0","0","0","","0","0","0","19","3","1","N","0","0","40 03:25.404","","0","75 10:29.750","4","0","0","0","67301","0","0","0","N","0","0","0","1","67301","1","","6.0","","1","N","N","N","0","","0","0","0","0","0","","1905","2","1","0","0","0","0","0","2","0","2","0","0","0","3","03","","N","","","","","","","","","",""
"2021018517","1046","0","0","0","0","0","0","0","0","0","5","0","","67","2","2021","2","39.958632","-75.225149","1036","6","0","0","0","0","0","0","0","0","","0","0","0","10","1","0","N","0","1","39 57:31.076","1","0","75 13:30.538","0","0","0","0","67301","0","0","0","N","0","0","0","2","67301","0","","1.0","1140.0","9","N","N","N","0","","0","0","1","0","0","N","1005","2","0","0","0","0","0","0","2","1","2","0","0","0","10","98","","N","","","","","","","","","",""
"2021021215","758","0","0","0","0","0","0","0","0","0","7","0","","67","3","2021","3","39.975981","-75.192221","758","6","0","0","0","0","1","0","0","0","","0","0","0","7","1","0","N","0","2","39 58:33.532","1","0","75 11:31.995","0","0","0","0","67301","0","0","0","N","0","0","0","1","67301","0","","4.0","1000.0","2","N","N","N","0","","0","0","1","0","0","Y","755","1","0","0","0","0","0","0","2","0","1","0","0","0","3","","","N","","","","","","","","","",""
"2021034002","940","0","0","0","0","0","0","0","0","0","4","0","","67","4","2021","6","40.021538","-75.139814","935","6","0","0","0","0","0","1","0","0","","0","0","0","9","1","1","","1","1","40 01:17.537","1","0","75 08:23.331","8","0","0","0","67301","0","0","0","N","0","0","0","2","67301","0","","1.0","1100.0","1","N","N","N","1","","0","0","1","3","2","N","930","2","1","0","0","0","1","0","2","0","2","0","0","0","3","98","","N","","","","","","","","","",""
"2021032333","1934","1","0","0","0","0","0","0","0","0","5","0","","67","4","2021","5","39.994719","-75.157728","1932","6","0","0","0","0","0","1","0","0","","0","0","0","19","1","1","N","0","0","39 59:40.990","","0","75 09:27.820","3","0","0","0","67301","0","0","0","N","0","0","0","1","67301","0","","6.0","","1","N","N","N","0","","1","0","0","0","0","","1928","2","1","0","0","0","0","0","2","1","2","0","0","0","3","03","","N","","","","","","","","","",""
"2021055877","422","0","0","0","0","0","0","0","0","0","8","0","","67","6","2021","1","40.015238","-75.149829","420","6","0","0","0","0","0","0","0","0","","1","0","0","4","3","0","","1","0","40 00:54.857","","0","75 08:59.386","1","0","0","0","67301","1","1","0","N","1","1","0","2","67301","0","2","1.0","","1","N","N","N","0","0","0","0","1","3","2","","418","2","0","0","0","0","0","0","2","0","1","1","1","0","3","03","","N","","","","","","","","","",""
"2021020089","425","0","0","0","0","0","0","0","0","0","4","0","","67","2","2021","3","39.952241","-75.228524","424","6","0","0","0","0","0","0","0","0","","0","0","0","4","3","1","","2","0","39 57:08.066","","0","75 13:42.688","3","0","0","0","67301","0","0","0","N","0","0","0","1","67301","0","","1.0","","9","N","N","N","0","","1","0","1","3","3","","403","2","1","0","0","0","0","0","2","1","2","0","0","0","3","","","N","","","","","","","","","",""
"2021018301","509","0","0","0","0","0","0","0","0","0","4","0","","67","2","2021","2","40.006922","-75.068388","507","6","0","0","0","0","0","0","1","0","","0","0","0","5","3","1","","3","1","40 00:24.918","3","2","75 04:06.198","3","0","0","0","67301","0","0","0","N","0","0","0","2","67301","0","","1.0","615.0","1","N","N","N","1","","1","0","1","0","0","N","506","2","1","0","0","0","0","0","2","0","2","0","0","0","3","03","","N","","","","","","","","","",""
"2021032774","144","1","0","0","0","0","0","0","0","0","5","0","","67","4","2021","1","39.955422","-75.148018","144","6","0","0","0","0","0","0","0","0","","0","0","0","1","3","0","N","0","0","39 57:19.519","","2","75 08:52.863","0","0","0","0","67301","0","0","0","N","0","0","0","3","67501","0","","1.0","","1","N","N","N","0","","0","0","1","0","0","","144","2","0","0","0","0","0","0","2","0","2","0","0","0","3","","","N","","","","","","","","","",""
"2021033138","700","1","0","0","0","0","0","0","0","0","2","0","","67","4","2021","1","39.987095","-75.093479","640","6","0","0","0","0","0","0","0","0","","0","0","0","6","5","1","N","0","0","39 59:13.541","","0","75 05:36.526","3","0","0","0","67301","0","0","0","N","0","0","0","2","67301","0","","1.0","","9","N","N","N","0","","1","0","1","0","0","","630","2","1","0","0","0","0","0","2","0","2","0","0","0","7","07","","N","","","","","","","","","",""
"2021021562","827","0","0","0","0","0","0","0","0","0","1","0","","67","3","2021","2","39.923247","-75.160916","823","6","0","0","0","0","0","0","0","0","","0","0","0","8","1","1","N","0","0","39 55:23.690","","0","75 09:39.299","3","0","0","0","67301","0","0","0","N","0","0","0","2","67301","0","","6.0","","9","N","N","N","0","","1","0","2","0","0","","820","2","1","0","0","0","0","0","2","0","2","0","0","0","7","","","N","","","","","","","","","",""
"2021024550","1855","2","0","0","0","0","0","0","0","0","1","0","","67","3","2021","4","39.993698","-75.139853","1850","6","0","0","0","0","0","0","0","0","","0","0","0","16","1","1","","1","0","39 59:37.312","","0","75 08:23.470","8","0","0","0","67301","0","0","0","N","0","0","0","2","67301","0","","1.0","","1","N","N","N","0","","0","0","0","3","2","","1645","2","1","0","0","0","1","0","2","0","2","0","0","0","3","03","","N","","","","","","","","","",""
"2021029074","1440","2","0","0","0","0","0","0","0","0","1","0","","67","3","2021","1","40.09343","-75.031269","1438","6","0","0","0","0","0","0","0","0","","0","0","0","14","1","1","","2","0","40 05:36.348","","0","75 01:52.568","3","0","0","0","67301","0","0","0","N","0","0","0","3","67301","0","","1.0","","1","N","N","N","0","","1","0","0","3","2","","1400","2","1","2","0","0","0","0","2","0","2","0","0","0","3","03","","N","","","","","","","","","",""
"2021028453","1615","1","0","0","0","0","0","0","0","0","5","0","","67","3","2021","6","39.977439","-75.143403","1605","6","0","0","0","0","0","0","0","0","","0","0","0","15","1","1","N","0","0","39 58:38.780","","0","75 08:36.250","3","0","0","0","67301","0","0","0","N","0","0","0","1","67301","0","","6.0","","1","N","N","N","0","","1","0","1","0","0","","1530","2","1","0","0","0","0","0","2","0","2","0","0","0","3","03","","N","","","","","","","","","",""
"2021028456","1019","1","0","0","0","0","0","0","0","0","4","0","","67","3","2021","6","40.04274","-75.113559","1018","6","0","0","0","0","0","0","0","0","","0","0","0","15","1","1","","1","0","40 02:33.864","","0","75 06:48.811","8","0","0","0","67301","0","0","0","N","0","0","0","2","67301","0","","1.0","","1","N","N","N","0","","0","0","0","3","2","","1500","2","1","0","0","0","1","1","2","0","2","0","0","0","3","03","","N","","","","","","","","","",""
"2021027246","1810","1","0","0","0","0","0","0","0","0","1","0","","67","3","2021","3","40.034797","-75.039019","1804","6","0","0","0","0","0","0","0","0","","0","0","0","17","1","0","N","0","1","40 02:05.270","3","0","75 02:20.467","0","0","0","0","67301","0","0","0","N","0","0","0","2","67301","0","","1.0","1841.0","1","N","N","N","0","","0","0","1","0","0","N","1755","2","0","0","0","0","0","0","2","0","2","0","0","0","3","03","","N","","","","","","","","","",""