"CRN","ARRIVAL_TM","AUTOMOBILE_COUNT","BELTED_DEATH_COUNT","BELTED_SUSP_SERIOUS_INJ_COUNT","BICYCLE_COUNT","BICYCLE_DEATH_COUNT","BICYCLE_SUSP_SERIOUS_INJ_COUNT","BUS_COUNT","CHLDPAS_DEATH_COUNT","CHLDPAS_SUSP_SERIOUS_INJ_COUNT","COLLISION_TYPE","COMM_VEH_COUNT","CONS_ZONE_SPD_LIM","COUNTY","CRASH_MONTH","CRASH_YEAR","DAY_OF_WEEK","DEC_LATITUDE","DEC_LONGITUDE","DISPATCH_TM","DISTRICT","DRIVER_COUNT_16YR","DRIVER_COUNT_17YR","DRIVER_COUNT_18YR","DRIVER_COUNT_19YR","DRIVER_COUNT_20YR","DRIVER_COUNT_50_64YR","DRIVER_COUNT_65_74YR","DRIVER_COUNT_75PLUS","EST_HRS_CLOSED","FATAL_COUNT","HEAVY_TRUCK_COUNT","HORSE_BUGGY_COUNT","HOUR_OF_DAY","ILLUMINATION","INJURY_COUNT","INTERSECTION_RELATED","INTERSECT_TYPE","LANE_CLOSED","LATITUDE","LN_CLOSE_DIR","LOCATION_TYPE","LONGITUDE","MAX_SEVERITY_LEVEL","MCYCLE_DEATH_COUNT","MCYCLE_SUSP_SERIOUS_INJ_COUNT","MOTORCYCLE_COUNT","MUNICIPALITY","NONMOTR_COUNT","NONMOTR_DEATH_COUNT","NONMOTR_SUSP_SERIOUS_INJ_COUNT","NTFY_HIWY_MAINT","PED_COUNT","PED_DEATH_COUNT","PED_SUSP_SERIOUS_INJ_COUNT","PERSON_COUNT","POLICE_AGCY","POSSIBLE_INJ_COUNT","RDWY_SURF_TYPE_CD","RELATION_TO_ROAD","ROADWAY_CLEARED","ROAD_CONDITION","SCH_BUS_IND","SCH_ZONE_IND","SECONDARY_CRASH","SMALL_TRUCK_COUNT","SPEC_JURIS_CD","SUSP_MINOR_INJ_COUNT","SUSP_SERIOUS_INJ_COUNT","SUV_COUNT","TCD_FUNC_CD","TCD_TYPE","TFC_DETOUR_IND","TIME_OF_DAY","TOTAL_UNITS","TOT_INJ_COUNT","UNBELTED_OCC_COUNT","UNB_DEATH_COUNT","UNB_SUSP_SERIOUS_INJ_COUNT","UNK_INJ_DEG_COUNT","UNK_INJ_PER_COUNT","URBAN_RURAL","VAN_COUNT","VEHICLE_COUNT","VULNERABLE_ROAD_USER_COUNT","VULNERABLE_ROAD_USER_DEATH_COUNT","VULNERABLE_ROAD_USER_SER_INJ_COUNT","WEATHER1","WEATHER2","WORKERS_PRES","WORK_ZONE_IND","WORK_ZONE_LOC","WORK_ZONE_TYPE","WZ_CLOSE_DETOUR","WZ_FLAGGER","WZ_LAW_OFFCR_IND","WZ_LN_CLOSURE","WZ_MOVING","WZ_OTHER","WZ_SHLDER_MDN","WZ_WORKERS_INJ_KILLED"
"2021020858","1010","0","0","0","0","0","0","0","0","0","8","0","","67","3","2021","2","40.022705","-75.133512","1010","6","0","0","0","0","0","0","0","0","","0","0","0","22","6","1","","1","0","40 01:21.738","","0","75 08:00.643","3","0","0","0","67301","1","0","0","N","1","0","0","2","67301","0","","1.0","","99","N","N","N","0","","1","0","0","3","2","","2200","2","1","0","0","0","0","0","2","0","1","1","0","0","99","","","N","","","","","","","","","",""
"2021026744","1247","1","0","0","0","0","0","0","0","0","1","0","","67","3","2021","1","39.989736","-75.150017","1242","6","0","0","0","0","0","0","0","0","","0","0","0","23","3","0","N","0","0","39 59:23.050","","0","75 09:00.060","0","0","0","0","67301","0","0","0","N","0","0","0","1","67301","0","","6.0","","1","N","N","N","0","","0","0","1","0","0","","2323","2","0","0","0","0","0","0","2","0","2","0","0","0","3","","","N","","","","","","","","","",""
"2021053659","2052","1","0","0","0","0","0","0","0","0","4","0","","67","6","2021","1","40.000174","-75.153105","2050","6","0","0","0","0","0","0","0","0","","1","0","0","20","3","0","N","0","1","40 00:00.627","5","7","75 09:11.178","1","1","0","1","67301","0","0","0","N","0","0","0","3","67301","0","2","1.0","2355.0","1","N","N","N","0","0","0","0","0","0","0","Y","2045","2","0","2","0","0","0","0","2","0","2","0","0","0","3","03","","N","","","","","","","","","",""
"2021028037","1600","1","0","0","1","0","0","0","0","0","8","0","","67","3","2021","5","39.917873","-75.168948","1555","6","0","0","0","0","0","0","0","0","","0","0","0","15","1","1","","1","0","39 55:04.343","","0","75 10:08.211","4","0","0","0","67301","1","0","0","N","0","0","0","2","67301","1","","1.0","","1","N","N","N","0","","0","0","0","3","3","","1545","2","1","0","0","0","0","0","2","0","1","1","0","0","4","","","N","","","","","","","","","",""
"2021027145","1330","1","0","0","0","0","0","0","0","0","5","0","","67","3","2021","2","39.997082","-75.153777","1328","6","0","0","0","0","0","0","0","0","","0","0","0","13","1","1","N","0","0","39 59:49.495","","0","75 09:13.597","3","0","0","0","67301","0","0","0","N","0","0","0","2","67301","0","","1.0","","1","N","N","N","0","","1","0","0","0","0","","1327","2","1","0","0","0","0","0","2","1","2","0","0","0","3","03","","N","","","","","","","","","",""
"2021019837","1736","2","0","0","0","0","0","0","0","0","5","0","","67","2","2021","5","39.998917","-75.109028","1735","6","0","0","0","0","0","1","0","0","","0","0","0","15","1","0","N","0","0","39 59:56.100","","1","75 06:32.500","0","0","0","0","67301","0","0","0","N","0","0","0","2","67301","0","","1.0","","1","N","N","N","0","","0","0","0","0","0","","1556","2","0","0","0","0","0","0","2","0","2","0","0","0","3","03","","N","","","","","","","","","",""
"2021021435","20","0","0","0","0","0","0","0","0","0","4","0","","67","3","2021","3","40.061586","-75.021075","9","6","0","0","0","0","0","0","0","0","","0","0","0","0","3","0","N","0","0","40 03:41.711","","0","75 01:15.869","0","0","0","0","67301","0","0","0","N","0","0","0","1","67301","0","","5.0","","1","N","N","N","1","","0","0","2","0","0","","6","3","0","1","0","0","0","0","2","0","3","0","0","0","3","03","","N","","","","","","","","","",""
"2021028237","1402","2","0","0","0","0","0","0","0","0","4","0","","67","3","2021","6","39.915899","-75.164491","1359","6","0","0","0","0","0","1","0","0","","0","0","0","13","1","3","","1","0","39 54:57.236","","0","75 09:52.167","3","0","0","0","67301","0","0","0","N","0","0","0","5","67301","0","","1.0","","1","N","N","N","0","","3","0","0","3","2","","1353","2","3","2","0","0","0","0","2","0","2","0","0","0","3","","","N","","","","","","","","","",""
"2021045695","1607","1","0","0","0","0","0","0","0","0","4","0","","67","5","2021","4","40.016561","-75.171016","1607","6","0","0","0","0","0","0","0","0","","0","0","0","16","1","0","N","0","0","40 00:59.619","","0","75 10:15.658","0","0","0","0","67301","0","0","0","N","0","0","0","2","67301","0","","1.0","","1","N","N","N","1","","0","0","0","0","0","","1605","2","0","0","0","0","0","0","2","0","2","0","0","0","3","","","N","","","","","","","","","",""
"2021018903","1518","1","0","0","0","0","0","0","0","0","4","0","","67","2","2021","4","39.955591","-75.189661","1515","6","0","0","0","0","0","0","0","0","","0","0","0","15","1","1","N","0","0","39 57:20.129","","0","75 11:22.778","4","0","0","0","67301","0","0","0","N","0","0","0","3","67507","1","","1.0","","1","N","N","N","0","","0","0","1","0","0","","1513","2","1","0","0","0","0","0","2","0","2","0","0","0","3","","","N","","","","","","","","","",""
"2021019707","2346","1","0","0","0","0","0","0","0","0","4","0","","67","2","2021","6","40.008888","-75.071869","2346","6","0","0","1","1","0","0","0","0","","0","0","0","23","3","0","","5","1","40 00:31.996","2","0","75 04:18.728","9","0","0","0","67301","0","0","0","N","0","0","0","3","67301","0","","1.0","14.0","9","N","N","N","0","","0","0","1","2","2","N","2328","2","0","0","0","0","0","1","2","0","2","0","0","0","7","07","","N","","","","","","","","","",""
"2021044681","800","0","0","0","0","0","0","0","0","0","1","0","","67","5","2021","3","39.977472","-75.200308","800","6","0","0","0","0","0","0","0","0","","0","0","0","7","1","1","N","0","1","39 58:38.900","4","0","75 12:01.109","3","0","0","0","67301","0","0","0","N","0","0","0","4","68K01","0","","1.0","810.0","1","N","N","N","1","","1","0","2","0","0","N","759","3","1","0","0","0","0","0","2","0","3","0","0","0","3","","","N","","","","","","","","","",""
"2021019685","1725","2","0","0","0","0","0","0","0","0","4","0","","67","2","2021","4","39.992675","-75.16822","1721","6","0","0","0","0","0","0","0","0","","0","0","0","16","1","0","","5","0","39 59:33.630","","0","75 10:05.591","0","0","0","0","67301","0","0","0","N","0","0","0","5","67301","0","","1.0","","1","N","N","N","0","","0","0","0","3","2","","1613","2","0","0","0","0","0","0","2","0","2","0","0","0","3","03","","N","","","","","","","","","",""
"2021020129","1829","1","0","0","0","0","0","0","0","0","7","0","","67","2","2021","1","39.95548","-75.148099","1828","6","0","0","0","0","0","0","0","0","","0","0","0","18","3","0","N","0","0","39 57:19.729","","2","75 08:53.156","0","0","0","0","67301","0","0","0","N","0","0","0","2","67501","0","","4.0","","9","N","N","N","0","","0","0","0","0","0","","1828","1","0","0","0","0","0","0","2","0","1","0","0","0","7","","","N","","","","","","","","","",""
"2021019841","1319","2","0","0","0","0","0","0","0","0","5","0","","67","2","2021","7","40.003208","-75.165394","1315","6","0","0","0","0","0","0","0","0","","0","0","0","13","1","0","N","0","0","40 00:11.548","","0","75 09:55.418","0","0","0","0","67301","0","0","0","N","0","0","0","2","67301","0","","1.0","","1","N","N","N","0","","0","0","0","0","0","","1310","2","0","0","0","0","0","0","2","0","2","0","0","0","3","03","","N","","","","","","","","","",""
"2021034001","1515","1","0","0","0","0","0","0","0","0","4","0","","67","4","2021","5","39.998317","-75.149866","1505","6","0","0","0","0","0","1","0","0","","0","0","0","15","1","1","","1","0","39 59:53.941","","0","75 08:59.517","8","0","0","0","67301","0","0","0","N","0","0","0","3","67301","0","","1.0","","1","N","N","N","0","","0","0","1","3","2","","1505","2","1","0","0","0","1","1","2","0","2","0","0","0","3","03","","N","","","","","","","","","",""
"2021017817","1627","2","0","0","0","0","0","0","0","0","3","0","","67","2","2021","1","39.954339","-75.191786","1627","6","0","0","0","0","0","0","0","0","","0","0","0","16","1","2","","1","0","39 57:15.621","","0","75 11:30.428","3","0","0","0","67301","0","0","0","N","0","0","0","3","67504","0","","1.0","","1","N","N","Y","0","","2","0","0","3","2","","1627","2","2","0","0","0","0","1","2","0","2","0","0","0","3","03","","N","","","","","","","","","",""
"2021021973","1545","2","0","0","0","0","0","0","0","0","5","0","","67","3","2021","2","40.021358","-75.200208","1543","6","0","0","0","0","0","0","1","0","","0","0","0","15","1","3","N","0","2","40 01:16.890","5","0","75 12:00.750","4","0","0","0","67301","0","0","0","N","0","0","0","4","67301","3","","1.0","1630.0","9","N","N","N","0","","0","0","1","0","0","N","1543","3","3","0","0","0","0","1","2","0","3","0","0","0","3","","","N","","","","","","","","","",""
"2021018269","2114","1","0","0","0","0","0","0","0","0","5","0","","67","2","2021","1","39.943767","-75.231769","2113","6","0","0","0","0","0","1","0","0","","0","0","0","21","3","1","N","0","0","39 56:37.561","","0","75 13:54.368","4","0","0","0","67301","0","0","0","N","0","0","0","3","67301","1","","1.0","","1","N","N","N","0","","0","0","1","0","0","","2105","2","1","0","0","0","0","0","2","0","2","0","0","0","3","03","","N","","","","","","","","","",""
"2021020632","1834","1","0","0","0","0","0","0","0","0","8","0","","67","3","2021","2","40.076528","-75.19494","1824","6","0","0","0","0","0","0","0","0","","0","0","0","18","3","1","","1","0","40 04:35.501","","0","75 11:41.783","3","0","0","0","67301","1","0","0","N","1","0","0","2","67301","0","","1.0","","1","N","N","N","0","","1","0","0","3","2","","1800","2","1","0","0","0","0","0","2","0","1","1","0","0","3","03","","N","","","","","","","","","",""
"2021057160","1347","2","0","0","0","0","0","0","0","0","4","0","","67","6","2021","7","39.970959","-75.128058","1346","6","0","0","0","0","0","0","0","0","","0","0","0","13","1","0","N","0","0","39 58:15.454","","0","75 07:41.010","0","0","0","0","67301","0","0","0","N","0","0","0","1","67301","0","","1.0","","1","N","N","N","0","","0","0","1","0","0","","1340","3","0","1","0","0","0","0","2","0","3","0","0","0","3","","","N","","","","","","","","","",""
"2021019838","332","1","0","0","0","0","0","0","0","0","5","0","","67","2","2021","7","40.037694","-75.130194","333","6","0","0","0","0","0","0","0","0","","0","0","0","2","3","0","N","0","0","40 02:15.700","","0","75 07:48.700","0","0","0","0","67301","0","0","0","N","0","0","0","1","67301","0","","6.0","","9","N","N","N","0","","0","0","1","0","0","","248","2","0","0","0","0","0","0","2","0","2","0","0","0","7","03","","N","","","","","","","","","",""
"2021019840","1740","0","0","0","0","0","0","0","0","0","1","0","","67","2","2021","5","40.00788","-75.191318","1730","6","0","0","0","0","0","1","0","0","","0","0","0","17","1","0","N","0","2","40 00:28.367","1","3","75 11:28.746","0","0","0","0","67301","0","0","0","N","0","0","0","3","67301","0","","1.0","1830.0","1","N","N","N","0","","0","0","2","0","0","Y","1730","3","0","0","0","0","0","0","2","0","3","0","0","0","3","03","","N","","","","","","","","","",""
"2021020848","1958","1","0","0","0","0","0","0","0","0","4","0","","67","2","2021","7","39.906479","-75.235142","1958","6","0","0","0","0","0","0","1","0","","0","0","0","19","3","1","","2","0","39 54:23.324","","0","75 14:06.511","3","0","0","0","67301","0","0","0","N","0","0","0","4","67301","0","","1.0","","1","N","N","N","0","","1","0","0","3","2","","1958","2","1","0","0","0","0","0","2","1","2","0","0","0","3","03","","N","","","","","","","","","",""
"2021046058","955","1","0","0","0","0","0","0","0","0","1","1","","67","5","2021","5","40.041715","-75.182416","949","6","0","0","0","1","0","0","0","0","","0","1","0","9","1","1","N","0","0","40 02:30.173","","0","75 10:56.697","3","0","0","0","67301","0","0","0","N","0","0","0","2","67301","0","","1.0","","1","N","N","N","0","","1","0","0","0","0","","918","2","1","0","0","0","0","0","2","0","2","0","0","0","3","03","","N","","","","","","","","","",""
"2021021972","231","1","0","0","0","0","0","0","0","0","7","0","","67","2","2021","1","40.01154","-75.182487","231","6","0","0","0","0","0","0","0","0","","0","0","0","2","3","3","N","0","1","40 00:41.543","1","0","75 10:56.954","3","0","0","0","67301","0","0","0","N","0","0","0","3","67301","0","","3.0","412.0","1","N","N","N","0","","3","0","0","0","0","N","222","2","3","3","0","0","0","0","2","0","1","0","0","0","3","03","","N","","","","","","","","","",""
"2021045682","826","1","0","0","0","0","0","0","0","0","8","0","","67","5","2021","3","39.960931","-75.232858","826","6","0","0","0","0","0","0","0","0","","0","0","0","8","1","1","","1","0","39 57:39.352","","0","75 13:58.289","3","0","0","0","67301","1","0","0","N","1","0","0","1","67301","0","","1.0","","1","N","N","N","0","","1","0","0","3","2","","825","2","1","0","0","0","0","0","2","0","1","1","0","0","3","03","","N","","","","","","","","","",""
"2021019833","1240","1","0","0","0","0","0","0","0","0","5","1","","67","2","2021","7","40.007296","-75.073498","1210","6","0","0","0","0","0","0","0","0","","0","1","0","12","1","1","N","0","0","40 00:26.266","","0","75 04:24.593","3","0","0","0","67301","0","0","0","N","0","0","0","2","67301","0","","1.0","","9","N","N","N","0","","1","0","0","0","0","","1205","2","1","0","0","0","0","0","2","0","2","0","0","0","4","","","N","","","","","","","","","",""
"2021021123","836","2","0","0","0","0","0","0","0","0","4","0","","67","3","2021","4","40.059851","-75.15013","836","6","0","0","0","0","0","0","0","0","","0","0","0","6","5","0","","1","1","40 03:35.463","1","0","75 09:00.467","0","0","0","0","67301","0","0","0","N","0","0","0","3","67301","0","","1.0","854.0","1","N","N","N","0","","0","0","0","3","2","N","615","2","0","0","0","0","0","0","2","0","2","0","0","0","3","03","","N","","","","","","","","","",""
"2021019179","2125","2","0","0","0","0","0","0","0","0","4","0","","67","2","2021","4","40.027071","-75.065386","2124","6","0","0","0","0","0","0","0","0","","0","0","0","21","3","0","","5","1","40 01:37.455","2","0","75 03:55.390","0","0","0","0","67301","0","0","0","N","0","0","0","5","67301","0","","1.0","30.0","1","N","N","N","0","","0","0","1","3","2","N","2123","3","0","5","0","0","0","0","2","0","3","0","0","0","3","03","","N","","","","","","","","","",""
"2021021961","1130","0","0","0","0","0","0","0","0","0","8","0","","67","3","2021","2","40.05011","-75.064241","1128","6","0","0","0","0","0","0","0","0","","0","0","0","11","1","2","","1","1","40 03:00.396","1","0","75 03:51.268","8","0","0","0","67301","2","0","0","N","2","0","0","3","67301","0","","1.0","1245.0","9","N","N","N","0","","0","0","1","3","1","Y","1128","3","2","0","0","0","2","0","2","0","1","2","0","0","3","04","","N","","","","","","","","","",""
"2021032828","1325","2","0","0","0","0","0","0","0","0","4","0","","67","4","2021","5","40.033626","-75.046786","1321","6","0","0","0","0","0","0","0","0","","0","0","0","13","1","1","","1","0","40 02:01.052","","0","75 02:48.431","3","0","0","0","67301","0","0","0","N","0","0","0","2","67301","0","","1.0","","1","N","N","N","0","","1","0","0","3","2","","1321","2","1","0","0","0","0","0","2","0","2","0","0","0","3","03","","N","","","","","","","","","",""
"2021033403","703","0","0","0","0","0","0","0","0","0","1","0","","67","4","2021","4","40.049988","-74.987781","658","6","0","0","0","0","0","0","0","0","","0","0","0","6","1","0","Y","0","0","40 02:59.955","","0","74 59:16.010","0","0","0","0","67301","0","0","0","N","0","0","0","3","67301","0","","1.0","","1","N","N","N","0","","0","0","2","3","2","","647","2","0","0","0","0","0","0","2","0","2","0","0","0","3","03","","N","","","","","","","","","",""
"2021033136","809","1","0","0","0","0","0","0","0","0","4","0","","67","4","2021","1","40.062182","-75.012743","805","6","0","0","0","0","0","2","0","0","","0","0","0","7","1","0","","1","0","40 03:43.855","","0","75 00:45.874","0","0","0","0","67301","0","0","0","N","0","0","0","2","67301","0","","1.0","","9","N","N","N","0","","0","0","1","3","3","","730","2","0","0","0","0","0","0","2","0","2","0","0","0","7","07","","N","","","","","","","","","",""
"2021018807","2307","2","0","0","0","0","0","0","0","0","4","0","","67","2","2021","3","40.017004","-75.15154","2307","6","0","0","0","0","0","0","0","0","","0","0","0","21","3","1","","1","0","40 01:01.213","","0","75 09:05.545","4","0","0","0","67301","0","0","0","N","0","0","0","2","67301","1","","1.0","","9","N","N","N","0","","0","0","0","3","2","","2140","2","1","0","0","0","0","0","2","0","2","0","0","0","3","03","","N","","","","","","","","","",""
"2021044221","759","1","0","0","0","0","0","0","0","0","4","0","","67","5","2021","5","40.03156","-75.06329","759","6","0","0","0","0","0","0","0","0","","0","0","0","7","1","3","","5","1","40 01:53.617","3","0","75 03:47.844","3","0","0","0","67301","0","0","0","N","0","0","0","3","67301","1","","1.0","130.0","1","N","N","N","0","","2","0","1","3","2","Y","759","2","3","0","0","0","0","0","2","0","2","0","0","0","3","","","N","","","","","","","","","",""
"2021019097","2053","2","0","0","0","0","0","0","0","0","5","0","","67","2","2021","3","39.912694","-75.138219","2043","6","0","0","0","0","0","0","0","0","","0","0","0","20","3","0","","3","0","39 54:45.699","","0","75 08:17.588","0","0","0","0","67301","0","0","0","N","0","0","0","2","67301","0","","1.0","","1","N","N","N","0","","0","0","0","3","2","","2043","2","0","0","0","0","0","0","2","0","2","0","0","0","3","","","N","","","","","","","","","",""
"2021019608","2040","1","0","0","0","0","0","0","0","0","8","0","","67","2","2021","5","39.991492","-75.148312","2023","6","0","0","0","0","0","0","0","0","","0","0","0","16","1","1","","1","0","39 59:29.371","","0","75 08:53.923","8","0","0","0","67301","1","0","0","N","1","0","0","2","67301","0","","1.0","","1","N","N","N","0","","0","0","0","3","2","","1630","2","1","0","0","0","1","0","2","0","1","1","0","0","3","03","","N","","","","","","","","","",""
"2021020090","2320","2","0","0","0","0","0","0","0","0","4","0","","67","2","2021","7","39.993427","-75.162986","2317","6","0","0","0","0","0","1","0","0","","0","0","0","23","3","2","","5","2","39 59:36.337","6","0","75 09:46.749","8","0","0","0","67301","0","0","0","N","0","0","0","3","67301","0","","1.0","38.0","1","N","N","N","0","","0","0","0","3","2","Y","2307","2","2","0","0","0","2","0","2","0","2","0","0","0","3","03","","N","","","","","","","","","",""
"2021057259","705","1","0","0","0","0","0","0","0","0","7","0","","67","6","2021","1","40.02325","-75.076844","701","6","0","0","0","0","0","0","0","0","","0","0","0","5","2","0","","1","0","40 01:23.700","","0","75 04:36.637","9","0","0","0","67301","0","0","0","N","0","0","0","1","67301","0","","4.0","","1","N","N","N","0","","0","0","0","3","2","","523","1","0","0","0","0","0","1","2","0","1","0","0","0","99","","","N","","","","","","","","","",""
"2021057435","6","2","0","0","0","0","0","0","0","0","5","0","","67","6","2021","1","39.965773","-75.186469","2354","6","0","0","0","0","0","1","0","0","","0","0","0","23","3","0","N","0","1","39 57:56.783","3","0","75 11:11.288","0","0","0","0","67301","0","0","0","N","0","0","0","2","68K01","0","","1.0","8.0","1","N","N","N","0","","0","0","0","0","0","N","2346","2","0","1","0","0","0","0","2","0","2","0","0","0","3","","","N","","","","","","","","","",""
"2021021670","1535","1","0","0","0","0","0","0","0","0","4","0","","67","3","2021","4","40.09165","-74.965699","1527","6","0","0","0","0","0","0","0","0","","0","0","0","15","1","4","","2","1","40 05:29.941","2","7","74 57:56.517","3","0","0","0","67301","0","0","0","N","0","0","0","4","67301","0","","1.0","1545.0","1","N","N","N","0","","4","0","1","3","2","N","1525","2","4","0","0","0","0","0","2","0","2","0","0","0","3","03","","N","","","","","","","","","",""
"2021045899","643","2","0","0","0","0","0","0","0","0","1","1","","67","5","2021","3","39.959339","-75.173533","639","6","0","0","0","0","0","2","0","1","","0","1","0","6","1","0","N","0","1","39 57:33.621","4","0","75 10:24.720","0","0","0","0","67301","0","0","0","N","0","0","0","3","68K01","0","","1.0","730.0","1","N","N","N","0","","0","0","0","0","0","N","638","3","0","0","0","0","0","0","2","0","3","0","0","0","3","","","N","","","","","","","","","",""
"2021018921","1237","1","0","0","0","0","0","0","0","0","6","0","","67","2","2021","3","40.059572","-75.075956","1235","6","0","0","0","0","0","0","0","0","","0","0","0","12","1","1","N","0","1","40 03:34.460","3","0","75 04:33.440","8","0","0","0","67301","0","0","0","N","0","0","0","2","67301","0","","1.0","1350.0","1","N","N","N","0","","0","0","0","0","0","N","1235","2","1","0","0","0","1","0","2","1","2","0","0","0","3","04","","N","","","","","","","","","",""
"2021021031","1136","1","0","0","0","0","0","0","0","0","4","0","","67","2","2021","1","39.924849","-75.172991","1135","6","0","0","0","0","0","1","0","0","","0","0","0","11","1","0","","5","0","39 55:29.456","","0","75 10:22.766","0","0","0","0","67301","0","0","0","N","0","0","0","2","67301","0","","1.0","","9","N","N","N","0","","0","0","1","3","2","","1135","2","0","0","0","0","0","0","2","0","2","0","0","0","7","04","","N","","","","","","","","","",""
"2021019421","1930","1","0","0","0","0","0","0","0","0","4","0","","67","2","2021","4","39.919","-75.139917","1930","6","0","0","0","0","0","1","0","0","","0","0","0","18","3","1","N","0","0","39 55:08.400","","7","75 08:23.700","3","0","0","0","67301","0","0","0","N","0","0","0","3","67301","0","","1.0","","1","N","N","N","1","","1","0","0","3","2","","1835","2","1","0","0","0","0","0","2","0","2","0","0","0","3","03","","N","","","","","","","","","",""
"2021045289","316","0","0","0","0","0","0","0","0","0","2","0","","67","5","2021","2","40.043711","-75.168153","312","6","0","0","0","0","0","0","0","0","","0","0","0","3","3","1","N","0","0","40 02:37.360","","0","75 10:05.350","3","0","0","0","67301","0","0","0","N","0","0","0","1","67301","0","","1.0","","1","N","N","N","0","","1","0","1","0","0","","311","2","1","0","0","0","0","0","2","0","2","0","0","0","3","03","","N","","","","","","","","","",""
"2021021569","1907","1","0","0","0","0","0","0","0","0","1","0","","67","3","2021","4","39.968453","-75.235363","1907","6","0","0","0","0","0","0","1","0","","0","0","0","7","3","2","","5","0","39 58:06.431","","0","75 14:07.306","2","0","0","0","67301","0","0","0","N","0","0","0","2","67301","0","","1.0","","1","N","N","N","0","","0","1","1","3","2","","707","2","2","0","0","0","1","0","2","0","2","0","0","0","3","03","","N","","","","","","","","","",""
"2021021207","816","3","0","0","0","0","0","0","0","0","4","0","","67","3","2021","3","40.041334","-75.106702","756","6","0","0","0","0","0","1","0","0","","0","0","0","7","1","2","","1","1","40 02:28.801","2","0","75 06:24.126","8","0","0","0","67301","0","0","0","N","0","0","0","3","67301","0","","1.0","915.0","1","N","N","N","0","","0","0","0","3","1","N","733","3","2","0","0","0","2","0","2","0","3","0","0","0","3","03","","N","","","","","","","","","",""
"2021022784","1445","0","0","0","0","0","0","0","0","0","8","0","","67","3","2021","4","40.027497","-75.098439","1415","6","0","0","0","0","0","1","0","0","","0","0","0","13","1","1","N","0","0","40 01:38.990","","0","75 05:54.380","4","0","0","0","67301","1","0","0","N","1","0","0","2","67301","1","","1.0","","1","N","N","N","0","","0","0","1","0","0","","1350","2","1","1","0","0","0","0","2","0","1","1","0","0","3","03","","N","","","","","","","","","",""
"2021045135","1825","0","0","0","0","0","0","0","0","0","1","1","45","67","5","2021","3","39.999187","-75.080435","1810","6","0","0","0","0","0","1","0","0","","0","1","0","18","1","1","N","0","0","39 59:57.073","","0","75 04:49.565","8","0","0","0","67301","0","0","0","N","0","0","0","2","68K01","0","","1.0","","1","N","N","N","0","","0","0","0","0","0","","1808","2","1","0","0","0","1","0","2","1","2","0","0","0","3","","N","Y","2","1","","","N","Y","","","","N"
"2021045777","930","0","0","0","0","0","0","0","0","0","8","0","","67","5","2021","4","39.923705","-75.164465","915","6","0","0","0","0","0","0","0","0","","0","0","0","7","1","1","","1","0","39 55:25.339","","0","75 09:52.075","3","0","0","0","67301","1","0","0","N","0","0","0","1","67301","0","","1.0","","1","N","N","N","0","","1","0","0","3","2","","744","2","1","0","0","0","0","0","2","0","1","1","0","0","3","03","","N","","","","","","","","","",""
"2021018926","1530","2","0","0","0","0","0","0","0","0","4","0","","67","2","2021","3","39.967819","-75.22813","1530","6","0","0","0","0","0","0","0","0","","0","0","0","15","1","2","","1","0","39 58:04.148","","0","75 13:41.267","3","0","0","0","67301","0","0","0","N","0","0","0","3","67301","0","","1.0","","1","N","N","N","0","","2","0","0","3","2","","1502","2","2","0","0","0","0","0","2","0","2","0","0","0","3","","","N","","","","","","","","","",""
"2021045718","2343","1","0","0","0","0","0","0","0","0","1","0","","67","5","2021","3","39.902122","-75.151249","2307","6","0","0","0","0","0","0","0","0","","0","0","0","23","3","0","N","0","0","39 54:07.640","","0","75 09:04.497","0","0","0","0","67301","0","0","0","N","0","0","0","2","68K01","0","","1.0","","1","N","N","N","0","","0","0","1","0","0","","2305","2","0","0","0","0","0","0","2","0","2","0","0","0","3","","","N","","","","","","","","","",""
"2021019098","928","2","0","0","0","0","0","0","0","0","5","0","","67","2","2021","4","39.91889","-75.170811","917","6","0","0","0","0","0","0","0","0","","0","0","0","9","1","0","N","0","2","39 55:08.003","1","0","75 10:14.921","0","0","0","0","67301","0","0","0","N","0","0","0","1","67301","0","","3.0","1037.0","1","N","N","N","0","","0","0","2","0","0","N","910","4","0","0","0","0","0","0","2","0","4","0","0","0","3","","","N","","","","","","","","","",""
"2021044713","8","1","0","0","0","0","0","0","0","0","5","1","","67","5","2021","6","39.899541","-75.163404","2354","6","0","0","0","0","0","0","0","0","","0","1","0","23","3","0","N","0","2","39 53:58.349","1","0","75 09:48.254","0","0","0","0","67301","0","0","0","N","0","0","0","2","68K01","0","","2.0","30.0","1","N","N","N","0","","0","0","0","0","0","N","2352","2","0","0","0","0","0","0","2","0","2","0","0","0","3","","","N","","","","","","","","","",""
"2021019920","8","1","0","0","0","0","0","0","0","0","5","0","","67","2","2021","6","40.040961","-75.069908","0","6","0","0","0","0","0","0","0","0","","0","0","0","23","3","0","N","0","0","40 02:27.460","","0","75 04:11.670","0","0","0","0","67301","0","0","0","N","0","0","0","1","67301","0","","6.0","","8","N","N","N","0","","0","0","1","0","0","","2355","3","0","0","0","0","0","0","2","0","2","0","0","0","7","07","","N","","","","","","","","","",""