"CRN","ARRIVAL_TM","AUTOMOBILE_COUNT","BELTED_DEATH_COUNT","BELTED_SUSP_SERIOUS_INJ_COUNT","BICYCLE_COUNT","BICYCLE_DEATH_COUNT","BICYCLE_SUSP_SERIOUS_INJ_COUNT","BUS_COUNT","CHLDPAS_DEATH_COUNT","CHLDPAS_SUSP_SERIOUS_INJ_COUNT","COLLISION_TYPE","COMM_VEH_COUNT","CONS_ZONE_SPD_LIM","COUNTY","CRASH_MONTH","CRASH_YEAR","DAY_OF_WEEK","DEC_LATITUDE","DEC_LONGITUDE","DISPATCH_TM","DISTRICT","DRIVER_COUNT_16YR","DRIVER_COUNT_17YR","DRIVER_COUNT_18YR","DRIVER_COUNT_19YR","DRIVER_COUNT_20YR","DRIVER_COUNT_50_64YR","DRIVER_COUNT_65_74YR","DRIVER_COUNT_75PLUS","EST_HRS_CLOSED","FATAL_COUNT","HEAVY_TRUCK_COUNT","HORSE_BUGGY_COUNT","HOUR_OF_DAY","ILLUMINATION","INJURY_COUNT","INTERSECTION_RELATED","INTERSECT_TYPE","LANE_CLOSED","LATITUDE","LN_CLOSE_DIR","LOCATION_TYPE","LONGITUDE","MAX_SEVERITY_LEVEL","MCYCLE_DEATH_COUNT","MCYCLE_SUSP_SERIOUS_INJ_COUNT","MOTORCYCLE_COUNT","MUNICIPALITY","NONMOTR_COUNT","NONMOTR_DEATH_COUNT","NONMOTR_SUSP_SERIOUS_INJ_COUNT","NTFY_HIWY_MAINT","PED_COUNT","PED_DEATH_COUNT","PED_SUSP_SERIOUS_INJ_COUNT","PERSON_COUNT","POLICE_AGCY","POSSIBLE_INJ_COUNT","RDWY_SURF_TYPE_CD","RELATION_TO_ROAD","ROADWAY_CLEARED","ROAD_CONDITION","SCH_BUS_IND","SCH_ZONE_IND","SECONDARY_CRASH","SMALL_TRUCK_COUNT","SPEC_JURIS_CD","SUSP_MINOR_INJ_COUNT","SUSP_SERIOUS_INJ_COUNT","SUV_COUNT","TCD_FUNC_CD","TCD_TYPE","TFC_DETOUR_IND","TIME_OF_DAY","TOTAL_UNITS","TOT_INJ_COUNT","UNBELTED_OCC_COUNT","UNB_DEATH_COUNT","UNB_SUSP_SERIOUS_INJ_COUNT","UNK_INJ_DEG_COUNT","UNK_INJ_PER_COUNT","URBAN_RURAL","VAN_COUNT","VEHICLE_COUNT","VULNERABLE_ROAD_USER_COUNT","VULNERABLE_ROAD_USER_DEATH_COUNT","VULNERABLE_ROAD_USER_SER_INJ_COUNT","WEATHER1","WEATHER2","WORKERS_PRES","WORK_ZONE_IND","WORK_ZONE_LOC","WORK_ZONE_TYPE","WZ_CLOSE_DETOUR","WZ_FLAGGER","WZ_LAW_OFFCR_IND","WZ_LN_CLOSURE","WZ_MOVING","WZ_OTHER","WZ_SHLDER_MDN","WZ_WORKERS_INJ_KILLED"
"2021041585","550","1","0","0","0","0","0","0","0","0","2","0","","67","4","2021","1","40.00422","-75.134039","540","6","0","0","0","0","0","0","0","0","","0","0","0","2","3","3","","1","0","40 00:15.192","","0","75 08:02.540","3","0","0","0","67301","0","0","0","N","0","0","0","3","67301","0","","1.0","","99","N","N","N","0","","3","0","1","3","3","","200","2","3","0","0","0","0","0","2","0","2","0","0","0","7","","","N","","","","","","","","","",""
"2021045427","1805","1","0","0","0","0","0","0","0","0","2","0","","67","5","2021","3","40.020108","-75.051758","1805","6","0","0","0","0","0","1","0","0","","0","0","0","18","1","1","N","0","0","40 01:12.390","","0","75 03:06.330","8","0","0","1","67301","0","0","0","N","0","0","0","1","67301","0","","1.0","","1","N","N","N","0","","0","0","1","3","3","","1800","3","1","0","0","0","1","0","2","0","3","0","0","0","3","03","","N","","","","","","","","","",""
"2021019925","1935","0","0","0","0","0","0","0","0","0","4","0","","67","2","2021","7","40.005273","-75.181424","1920","6","0","0","0","0","0","0","0","0","","0","0","0","18","3","1","N","0","0","40 00:18.984","","0","75 10:53.125","3","0","0","0","67301","0","0","0","N","0","0","0","1","67301","0","","6.0","","1","N","N","N","0","","1","0","1","0","0","","1850","2","1","1","0","0","0","0","2","1","2","0","0","0","3","03","","N","","","","","","","","","",""
"2021027139","2055","2","0","0","0","0","0","0","0","0","1","0","","67","3","2021","2","39.962861","-75.224271","2050","6","0","0","0","0","0","1","0","0","","0","0","0","20","3","1","N","0","0","39 57:46.299","","0","75 13:27.374","4","0","0","0","67301","0","0","0","N","0","0","0","3","67301","1","","1.0","","1","N","N","N","0","","0","0","0","0","0","","2045","2","1","3","0","0","0","0","2","0","2","0","0","0","3","03","","N","","","","","","","","","",""
"2021041624","1506","0","0","0","0","0","0","0","0","0","0","1","","67","5","2021","7","39.954972","-75.148667","1506","6","0","0","0","0","0","0","0","0","","0","1","0","15","1","0","","3","1","39 57:17.900","3","2","75 08:55.200","0","0","0","0","67301","0","0","0","N","0","0","0","1","67501","0","","1.0","1558.0","1","N","N","N","0","","0","0","0","3","1","N","1506","1","0","0","0","0","0","0","2","0","1","0","0","0","3","03","","N","","","","","","","","","",""
"2021045725","1003","1","0","0","0","0","0","0","0","0","1","0","","67","5","2021","4","39.959478","-75.175662","950","6","0","0","0","0","0","1","0","0","","0","0","0","9","1","0","N","0","2","39 57:34.122","3","0","75 10:32.383","9","0","0","0","67301","0","0","0","N","0","0","0","4","68K01","0","","1.0","5.0","1","N","N","N","0","","0","0","1","0","0","N","948","3","0","0","0","0","0","1","2","0","3","0","0","0","3","","","N","","","","","","","","","",""
"2021022507","137","2","0","0","0","0","0","0","0","0","1","0","","67","3","2021","4","40.015753","-75.149825","136","6","0","0","0","0","0","1","0","0","","0","0","0","1","3","0","N","0","0","40 00:56.712","","0","75 08:59.369","9","0","0","0","67301","0","0","0","N","0","0","0","2","67301","0","","6.0","","1","N","N","N","0","","0","0","1","0","0","","121","3","0","1","0","0","0","1","2","0","3","0","0","0","3","03","","N","","","","","","","","","",""
"2021044665","1035","1","0","0","0","0","0","0","0","0","5","0","","67","5","2021","5","39.957051","-75.152318","1013","6","0","0","0","0","0","0","1","0","","0","0","0","10","1","0","N","0","0","39 57:25.383","","0","75 09:08.345","0","0","0","0","67301","0","0","0","N","0","0","0","2","68K01","0","","1.0","","1","N","N","N","0","","0","0","1","0","0","","1010","2","0","0","0","0","0","0","2","0","2","0","0","0","3","","","N","","","","","","","","","",""
"2021020224","2230","1","0","0","0","0","0","0","0","0","7","0","35","67","2","2021","1","39.911111","-75.163028","2226","6","0","0","0","0","0","0","0","0","","0","0","0","22","3","0","N","0","0","39 54:40.000","","3","75 09:46.900","0","0","0","0","67301","0","0","0","N","0","0","0","1","67501","0","","3.0","","9","N","N","N","0","","0","0","0","0","0","","2226","1","0","0","0","0","0","0","2","0","1","0","0","0","7","","N","Y","4","1","","","N","","","","Y","N"
"2021046255","2248","2","0","1","0","0","0","0","0","0","1","0","","67","5","2021","5","39.989724","-75.205809","2246","6","0","0","0","0","0","0","1","0","","0","0","0","22","3","4","N","0","2","39 59:23.005","4","0","75 12:20.912","2","0","0","0","67301","0","0","0","N","0","0","0","4","68K01","1","","1.0","1130.0","1","N","N","N","0","","0","1","0","0","0","N","2242","2","4","1","0","0","2","0","2","0","2","0","0","0","3","","","N","","","","","","","","","",""
"2021057154","1200","1","0","0","0","0","0","0","0","0","7","0","","67","6","2021","1","39.993136","-75.081649","1200","6","0","0","0","0","0","0","0","0","","0","0","0","0","3","0","","2","9","39 59:35.290","","0","75 04:53.935","0","0","0","0","67301","0","0","0","N","0","0","0","1","67301","0","","9.0","","99","N","N","N","0","","0","0","0","9","9","U","0","1","0","0","0","0","0","0","2","0","1","0","0","0","99","","","N","","","","","","","","","",""
"2021026825","2124","1","0","0","0","0","0","0","0","0","5","1","","67","3","2021","4","39.991513","-75.203262","2124","6","0","0","0","0","0","0","0","0","","0","1","0","21","3","0","N","0","0","39 59:29.445","","0","75 12:11.742","9","0","0","0","67301","0","0","0","N","0","0","0","2","68K01","0","","1.0","","1","N","N","N","0","","0","0","0","0","0","","2124","2","0","0","0","0","0","1","2","0","2","0","0","0","3","","","N","","","","","","","","","",""
"2021020847","1758","2","0","0","0","0","0","0","0","0","4","0","","67","2","2021","7","39.913083","-75.243294","1749","6","0","0","0","0","0","0","0","0","","0","0","0","17","3","0","","5","0","39 54:47.100","","0","75 14:35.859","9","0","0","0","67301","0","0","0","N","0","0","0","2","67301","0","","1.0","","1","N","N","N","0","","0","0","0","3","2","","1747","2","0","0","0","0","0","1","2","0","2","0","0","0","3","03","","N","","","","","","","","","",""
"2021043772","2109","0","0","0","0","0","0","0","0","0","0","0","","67","5","2021","6","39.975836","-75.158419","2107","6","0","0","0","0","0","0","0","0","","0","0","0","21","3","1","","1","2","39 58:33.009","2","0","75 09:30.309","2","0","1","1","67301","0","0","0","N","0","0","0","1","67505","0","","1.0","2132.0","1","N","N","N","0","","0","1","0","3","2","Y","2107","1","1","0","0","0","0","0","2","0","1","0","0","0","3","03","","N","","","","","","","","","",""
"2021044214","1914","2","0","0","0","0","0","0","0","0","2","0","","67","5","2021","3","40.000797","-75.083642","1915","6","0","0","0","0","0","0","0","0","","0","0","0","19","3","3","","2","0","40 00:02.868","","2","75 05:01.111","2","0","0","0","67301","0","0","0","N","0","0","0","4","67301","0","","1.0","","1","N","N","N","0","","0","1","0","3","2","","1910","2","3","0","0","0","2","1","2","0","2","0","0","0","3","03","","N","","","","","","","","","",""
"2021044884","1640","1","0","0","0","0","0","0","0","0","4","1","","67","5","2021","6","39.924078","-75.245498","1640","6","0","0","0","0","0","0","0","0","","0","1","0","16","1","0","","1","0","39 55:26.681","","0","75 14:43.794","0","0","0","0","67301","0","0","0","N","0","0","0","2","67301","0","","1.0","","1","N","N","N","0","","0","0","0","3","2","","1604","2","0","0","0","0","0","0","2","0","2","0","0","0","3","03","","N","","","","","","","","","",""
"2021025437","2301","1","0","0","0","0","0","0","0","0","7","0","","67","3","2021","3","39.918951","-75.148048","2255","6","0","0","0","0","0","0","0","0","","0","0","0","22","3","1","N","0","1","39 55:08.222","2","3","75 08:52.972","8","0","0","0","67301","0","0","0","N","0","0","0","1","68K01","0","","3.0","15.0","1","N","N","N","0","","0","0","0","0","0","N","2241","1","1","1","0","0","1","0","2","0","1","0","0","0","3","03","","N","","","","","","","","","",""
"2021019288","1755","1","0","0","0","0","0","0","0","0","4","0","","67","2","2021","4","40.024314","-75.161267","1751","6","0","0","0","0","0","0","1","0","","0","0","0","17","1","1","","1","0","40 01:27.530","","0","75 09:40.561","3","0","0","0","67301","0","0","0","N","0","0","0","3","67301","0","","1.0","","1","N","N","N","0","","1","0","1","3","3","","1745","2","1","0","0","0","0","0","2","0","2","0","0","0","3","","","N","","","","","","","","","",""
"2021028859","1740","1","0","0","0","0","0","0","0","0","5","0","","67","2","2021","5","39.933661","-75.19765","1740","6","0","0","0","0","0","0","0","0","","0","0","0","17","1","1","N","0","0","39 56:01.180","","0","75 11:51.540","8","0","0","0","67301","0","0","0","N","0","0","0","1","67301","0","","6.0","","1","N","N","N","0","","0","0","2","0","0","","1740","3","1","1","0","0","1","0","2","0","3","0","0","0","3","03","","N","","","","","","","","","",""
"2021020012","2335","0","0","0","0","0","0","0","0","0","8","0","","67","2","2021","6","39.965717","-75.141183","2334","6","0","0","0","0","0","0","0","0","","0","0","0","22","3","1","N","0","0","39 57:56.580","","0","75 08:28.260","3","0","0","0","67301","1","0","0","N","1","0","0","2","67301","0","","1.0","","9","N","N","N","0","","1","0","0","0","0","","2235","2","1","0","0","0","0","0","2","0","1","1","0","0","7","07","","N","","","","","","","","","",""
"2021044545","822","1","0","0","0","0","0","0","0","0","4","0","","67","5","2021","5","39.961671","-75.238808","822","6","0","0","0","0","0","0","0","0","","0","0","0","8","1","0","","1","0","39 57:42.014","","99","75 14:19.710","0","0","0","0","67301","0","0","0","N","0","0","0","1","67301","0","","1.0","","1","N","N","N","0","","0","0","0","3","2","","815","2","0","0","0","0","0","0","2","0","2","0","0","0","3","03","","N","","","","","","","","","",""
"2021021971","1419","1","0","0","0","0","0","0","0","0","7","0","","67","2","2021","4","39.987778","-75.177472","1410","6","0","0","0","0","0","0","1","0","","0","0","0","14","1","1","N","0","0","39 59:16.000","","0","75 10:38.900","8","0","0","0","67301","0","0","0","N","0","0","0","1","67301","0","","5.0","","1","N","N","N","0","","0","0","0","0","0","","1400","2","1","1","0","0","1","0","2","0","1","0","0","0","3","03","","N","","","","","","","","","",""
"2021024665","217","1","0","0","0","0","0","0","0","0","7","0","","67","2","2021","7","39.983071","-75.207953","214","6","0","0","0","0","0","0","0","0","","0","0","0","2","3","1","N","0","1","39 58:59.054","4","0","75 12:28.632","4","0","0","0","67301","0","0","0","N","0","0","0","1","68K01","1","","4.0","245.0","9","N","N","N","0","","0","0","0","0","0","N","216","1","1","0","0","0","0","0","2","0","1","0","0","0","7","","","N","","","","","","","","","",""
"2021057151","1645","0","0","0","0","0","0","0","0","0","8","0","","67","5","2021","3","40.005443","-75.107331","1645","6","0","0","0","0","0","0","0","0","","0","0","0","20","3","1","","2","9","40 00:19.593","","0","75 06:26.392","8","0","0","0","67301","1","0","0","N","1","0","0","1","67301","0","","1.0","","99","N","N","N","0","","0","0","0","9","9","U","2030","2","1","0","0","0","1","0","2","0","1","1","0","0","99","","","N","","","","","","","","","",""
"2021022979","714","0","0","0","0","0","0","0","0","0","7","0","","67","3","2021","2","40.038881","-75.008971","711","6","0","0","0","0","0","0","1","0","","0","0","0","7","1","2","N","0","0","40 02:19.971","","0","75 00:32.297","3","0","0","0","67301","0","0","0","N","0","0","0","2","68K01","0","","4.0","","9","N","N","N","0","","2","0","1","0","0","","711","1","2","0","0","0","0","0","2","0","1","0","0","0","7","","","N","","","","","","","","","",""
"2021022062","642","3","0","0","0","0","0","0","0","0","5","0","","67","3","2021","4","40.007801","-75.123106","640","6","0","0","0","0","0","0","0","0","","0","0","0","6","5","1","N","0","1","40 00:28.084","1","0","75 07:23.180","3","0","0","0","67301","0","0","0","N","0","0","0","1","67301","0","","6.0","830.0","1","N","N","N","0","","1","0","0","0","0","N","635","4","1","0","0","0","0","0","2","1","4","0","0","0","3","03","","N","","","","","","","","","",""
"2021019947","233","4","0","0","0","0","0","0","0","0","5","0","","67","2","2021","5","39.981727","-75.160564","230","6","0","0","0","0","0","0","0","0","","0","0","0","2","3","0","N","0","2","39 58:54.217","1","0","75 09:38.031","9","0","0","0","67301","0","0","0","N","0","0","0","2","67505","0","","6.0","326.0","1","N","N","N","0","","0","0","2","0","0","Y","225","6","0","0","0","0","0","2","2","0","6","0","0","0","3","03","","N","","","","","","","","","",""
"2021020331","253","2","0","0","0","0","0","0","0","0","6","0","","67","2","2021","1","40.045858","-75.130196","248","6","0","0","0","0","0","0","0","0","","0","0","0","2","3","2","N","0","0","40 02:45.087","","0","75 07:48.707","3","0","0","0","67301","0","0","0","N","0","0","0","2","67301","0","","6.0","","1","N","N","N","0","","2","0","1","0","0","","235","3","2","0","0","0","0","0","2","0","3","0","0","0","3","03","","N","","","","","","","","","",""
"2021021219","755","2","0","0","0","0","0","0","0","0","5","0","","67","3","2021","3","40.017136","-75.202314","921","6","0","0","0","0","0","1","0","0","","0","0","0","7","1","0","N","0","1","40 01:01.690","4","0","75 12:08.330","0","0","0","0","67301","0","0","0","N","0","0","0","2","67301","0","","1.0","100.0","2","N","N","N","0","","0","0","0","0","0","N","720","2","0","0","0","0","0","0","2","0","2","0","0","0","98","03","","N","","","","","","","","","",""
"2021057834","130","1","0","0","0","0","0","0","0","0","7","0","","67","6","2021","3","39.997503","-75.081676","113","6","0","0","0","0","0","0","0","0","","0","0","0","1","2","0","N","0","0","39 59:51.010","","0","75 04:54.033","0","0","0","0","67301","0","0","0","N","0","0","0","1","68K01","0","","3.0","","8","N","N","N","0","","0","0","0","0","0","","111","1","0","0","0","0","0","0","2","0","1","0","0","0","7","","","N","","","","","","","","","",""
"2021044022","1617","2","0","0","0","0","0","0","0","0","4","1","","67","5","2021","5","40.010125","-75.121436","1615","6","0","0","0","0","0","1","0","0","","0","1","0","16","1","0","","1","0","40 00:36.450","","0","75 07:17.168","0","0","0","0","67301","0","0","0","N","0","0","0","3","67301","0","","1.0","","1","N","N","N","0","","0","0","0","3","2","","1615","3","0","0","0","0","0","0","2","0","3","0","0","0","3","","","N","","","","","","","","","",""
"2021041577","2316","1","0","0","0","0","0","0","0","0","6","0","","67","4","2021","7","40.022519","-75.124969","2316","6","0","0","0","0","0","0","0","0","","0","0","0","22","3","0","N","0","0","40 01:21.070","","0","75 07:29.890","9","0","0","0","67301","0","0","0","N","0","0","0","1","67301","0","","6.0","","1","N","N","N","1","","0","0","3","0","0","","2250","5","0","0","0","0","0","1","2","0","5","0","0","0","3","","","N","","","","","","","","","",""
"2021019773","130","2","0","0","0","0","0","0","0","0","4","0","","67","2","2021","6","39.955986","-75.217603","123","6","0","0","0","0","0","0","0","0","","0","0","0","1","3","0","","1","0","39 57:21.549","","0","75 13:03.370","0","0","0","0","67301","0","0","0","N","0","0","0","2","67301","0","","1.0","","1","N","N","N","0","","0","0","0","3","2","","122","2","0","0","0","0","0","0","2","0","2","0","0","0","3","03","","N","","","","","","","","","",""
"2021020247","248","2","0","0","0","0","0","0","0","0","6","0","","67","2","2021","1","40.009836","-75.107436","245","6","0","0","0","0","0","0","0","0","","0","0","0","2","3","0","N","0","0","40 00:35.410","","0","75 06:26.770","0","0","0","0","67301","0","0","0","N","0","0","0","1","67301","0","","6.0","","1","N","N","N","0","","0","0","0","0","0","","245","2","0","1","0","0","0","0","2","0","2","0","0","0","3","03","","N","","","","","","","","","",""
"2021018923","418","3","0","0","0","0","0","0","0","0","5","0","","67","2","2021","4","39.925808","-75.157547","413","6","0","0","0","0","0","0","0","0","","0","0","0","4","3","0","N","0","0","39 55:32.910","","0","75 09:27.170","0","0","0","0","67301","0","0","0","N","0","0","0","1","67301","0","","6.0","","1","N","N","N","0","","0","0","0","0","0","","405","3","0","0","0","0","0","0","2","0","3","0","0","0","3","03","","N","","","","","","","","","",""
"2021020636","2028","0","0","0","0","0","0","0","0","0","8","0","","67","2","2021","1","39.978009","-75.266771","2028","6","0","0","0","0","0","1","0","0","","0","0","0","19","3","1","","1","0","39 58:40.834","","0","75 16:00.375","3","0","0","0","67301","1","0","0","N","1","0","0","2","67301","0","","1.0","","9","N","N","N","0","","1","0","1","3","2","","1911","2","1","1","0","0","0","0","2","0","1","1","0","0","7","07","","N","","","","","","","","","",""
"2021019285","1015","2","0","0","0","0","0","0","0","0","4","0","","67","2","2021","5","40.036061","-75.087866","1006","6","0","0","0","0","0","1","0","0","","0","0","0","10","1","3","","1","0","40 02:09.819","","0","75 05:16.319","3","0","0","0","67301","0","0","0","N","0","0","0","3","67301","0","","1.0","","1","N","N","N","0","","3","0","0","3","2","","1005","2","3","0","0","0","0","0","2","0","2","0","0","0","3","03","","N","","","","","","","","","",""
"2021031923","920","0","0","0","0","0","0","0","0","0","4","0","","67","4","2021","4","40.079272","-75.176169","848","6","0","0","0","0","0","1","0","0","","0","0","0","7","1","1","","1","0","40 04:45.379","","0","75 10:34.208","3","0","0","0","67301","0","0","0","N","0","0","0","2","67301","0","","1.0","","1","N","N","N","0","","1","0","2","0","0","","710","2","1","0","0","0","0","1","2","0","2","0","0","0","3","04","","N","","","","","","","","","",""
"2021045609","2036","0","0","0","0","0","0","0","0","0","8","0","","67","5","2021","2","39.961325","-75.175079","2036","6","0","0","0","0","0","0","0","0","","0","0","0","20","3","1","N","1","0","39 57:40.769","","0","75 10:30.284","3","0","0","0","67301","1","0","0","N","0","0","0","2","67301","0","","1.0","","1","N","N","N","0","","1","0","1","0","0","","2030","2","1","0","0","0","0","0","2","0","1","1","0","0","3","03","","N","","","","","","","","","",""
"2021032236","2131","0","0","0","0","0","0","0","0","0","4","0","","67","4","2021","4","39.905702","-75.246574","2121","6","0","1","0","0","0","0","0","0","","0","0","0","21","3","1","","1","0","39 54:20.527","","0","75 14:47.666","3","0","0","1","67301","0","0","0","N","0","0","0","2","67301","0","","1.0","","1","N","N","N","0","","1","0","1","3","3","","2121","2","1","0","0","0","0","0","2","0","2","0","0","0","3","","","N","","","","","","","","","",""
"2021045462","2309","2","0","0","0","0","0","0","0","0","1","0","","67","5","2021","6","40.001536","-75.104258","2309","6","0","0","0","0","0","1","0","0","","0","0","0","23","3","0","","1","0","40 00:05.531","","0","75 06:15.328","0","0","0","0","67301","0","0","0","N","0","0","0","5","67301","0","","1.0","","1","N","N","N","0","","0","0","1","3","2","","2309","3","0","3","0","0","0","0","2","0","3","0","0","0","3","03","","N","","","","","","","","","",""
"2021019776","355","1","0","0","0","0","0","0","0","0","7","0","","67","2","2021","7","39.94778","-75.229454","355","6","0","0","0","0","0","0","0","0","","0","0","0","3","3","1","","1","0","39 56:52.009","","0","75 13:46.036","8","0","0","0","67301","0","0","0","N","0","0","0","1","67301","0","","5.0","","9","N","N","N","0","","0","0","0","3","2","","353","1","1","0","0","0","1","0","2","0","1","0","0","0","7","04","","N","","","","","","","","","",""
"2021021058","1948","1","0","0","0","0","0","0","0","0","4","0","","67","2","2021","1","40.035496","-75.178766","1946","6","0","0","0","0","0","0","0","0","","0","0","0","19","3","0","","1","0","40 02:07.785","","0","75 10:43.557","9","0","0","0","67301","0","0","0","N","0","0","0","2","67301","0","","1.0","","9","N","N","N","1","","0","0","0","3","2","","1915","2","0","2","0","0","0","1","2","0","2","0","0","0","7","07","","N","","","","","","","","","",""
"2021021672","2124","1","0","0","0","0","0","0","0","0","5","0","","67","3","2021","4","39.921054","-75.224167","2121","6","0","0","0","0","0","0","0","0","","0","0","0","21","3","5","","1","0","39 55:15.795","","0","75 13:27.001","3","0","0","0","67301","0","0","0","N","0","0","0","6","67301","1","","1.0","","1","N","N","N","0","","4","0","0","9","2","","2100","2","5","0","0","0","0","0","2","0","2","0","0","0","3","03","","N","","","","","","","","","",""
"2021058492","1423","2","0","0","0","0","0","0","0","0","4","0","","67","6","2021","3","40.047241","-75.167698","1423","6","0","0","0","0","0","0","1","0","","0","0","0","14","1","2","N","1","0","40 02:50.068","","0","75 10:03.712","3","0","0","0","67301","0","0","0","N","0","0","0","2","67301","0","","1.0","","9","N","N","N","0","","2","0","0","3","2","","1419","2","2","0","0","0","0","0","2","0","2","0","0","0","7","","","N","","","","","","","","","",""
"2021045944","1805","0","0","0","0","0","0","0","0","0","4","0","","67","5","2021","5","39.953068","-75.152517","1800","6","0","0","0","0","0","1","0","0","","0","0","0","17","1","0","N","0","0","39 57:11.043","","0","75 09:09.061","0","0","0","0","67301","0","0","0","N","0","0","0","1","67301","0","","1.0","","1","N","N","N","0","","0","0","1","0","0","","1740","2","0","0","0","0","0","0","2","0","2","0","0","0","98","","","N","","","","","","","","","",""
"2021019119","1930","1","0","0","0","0","0","0","0","0","5","0","","67","2","2021","4","40.026137","-75.127922","1915","6","0","0","0","0","0","1","0","0","","0","0","0","16","1","3","N","2","0","40 01:34.093","","0","75 07:40.519","3","0","0","0","67301","0","0","0","N","0","0","0","3","67301","0","","1.0","","9","N","N","N","0","","3","0","1","3","3","","1600","3","3","0","0","0","0","0","2","0","2","0","0","0","3","03","","N","","","","","","","","","",""
"2021044009","1112","1","0","0","0","0","0","0","0","0","4","0","","67","5","2021","6","39.980165","-75.269272","1112","6","0","0","0","1","0","0","0","0","","0","0","0","12","1","1","","1","9","39 58:48.595","","0","75 16:09.378","3","0","0","0","67301","0","0","0","N","0","0","0","2","67301","0","","1.0","","1","N","N","N","0","","1","0","1","3","2","U","1250","2","1","0","0","0","0","0","2","0","2","0","0","0","3","","","N","","","","","","","","","",""
"2021033433","2322","0","0","0","0","0","0","0","0","0","4","0","","67","4","2021","5","39.955578","-75.233984","2321","6","0","0","0","0","0","0","0","0","","0","0","0","22","3","1","","1","0","39 57:20.080","","0","75 14:02.342","3","0","0","0","67301","0","0","0","N","0","0","0","2","67301","0","","1.0","","1","N","N","N","0","","1","0","2","3","2","","2224","2","1","0","0","0","0","1","2","0","2","0","0","0","3","03","","N","","","","","","","","","",""
"2021044576","950","1","0","0","0","0","0","1","0","0","4","1","","67","5","2021","1","39.970865","-75.249211","944","6","0","0","0","0","0","0","0","0","","0","0","0","9","1","1","","1","0","39 58:15.113","","0","75 14:57.159","8","0","0","0","67301","0","0","0","N","0","0","0","2","67301","0","","1.0","","1","N","N","N","1","","0","0","1","3","2","","944","4","1","0","0","0","1","0","2","0","4","0","0","0","4","04","","N","","","","","","","","","",""
"2021044004","1730","0","0","0","0","0","0","0","0","0","7","0","","67","5","2021","6","40.041178","-75.199993","1724","6","0","0","0","0","0","0","0","0","","0","0","0","17","1","1","N","0","2","40 02:28.242","5","0","75 11:59.975","3","0","0","0","67301","0","0","0","N","0","0","0","1","67301","0","","2.0","1830.0","1","N","N","N","0","","1","0","1","0","0","Y","1720","1","1","0","0","0","0","0","2","0","1","0","0","0","3","03","","N","","","","","","","","","",""
"2021101608","58","1","0","0","0","0","0","0","0","0","7","0","","67","10","2021","2","39.978675","-75.157803","58","6","0","0","0","0","0","0","0","0","","0","0","0","0","3","1","N","1","0","39 58:43.230","","0","75 09:28.092","8","0","0","0","67301","0","0","0","N","0","0","0","2","67505","0","","5.0","","1","N","N","N","0","","0","0","0","3","2","","58","1","1","0","0","0","1","0","2","0","1","0","0","0","3","","","N","","","","","","","","","",""
"2021045684","935","1","0","0","0","0","0","0","0","0","4","1","","67","5","2021","3","39.980979","-75.175711","927","6","0","0","0","0","0","0","0","0","","0","1","0","9","1","1","","1","0","39 58:51.524","","0","75 10:32.559","3","0","0","0","67301","0","0","0","N","0","0","0","2","67301","0","","1.0","","1","N","N","N","0","","1","0","0","3","2","","927","2","1","2","0","0","0","0","2","0","2","0","0","0","3","03","","N","","","","","","","","","",""
"2021021696","1630","1","0","0","0","0","0","0","0","0","4","0","","67","3","2021","2","40.035213","-75.145462","1630","6","0","0","0","0","0","0","0","0","","0","0","0","16","1","1","","1","0","40 02:06.768","","0","75 08:43.662","3","0","0","0","67301","0","0","0","N","0","0","0","2","67301","0","","1.0","","1","N","N","N","0","","1","0","1","2","2","","1625","2","1","0","0","0","0","0","2","0","2","0","0","0","3","","","N","","","","","","","","","",""
"2021019684","1600","2","0","0","0","0","0","0","0","0","4","0","","67","2","2021","6","40.033136","-75.170611","1554","6","0","0","0","0","0","0","0","0","","0","0","0","15","1","0","","1","1","40 01:59.290","4","0","75 10:14.198","9","0","0","0","67301","0","0","0","N","0","0","0","2","67301","0","","1.0","1624.0","1","N","N","N","0","","0","0","0","3","2","Y","1530","2","0","0","0","0","0","1","2","0","2","0","0","0","3","03","","N","","","","","","","","","",""
"2021044109","133","2","0","1","0","0","0","0","0","0","2","0","","67","5","2021","1","40.032901","-75.164593","132","6","0","0","0","0","0","0","0","0","","0","0","0","1","3","4","","2","0","40 01:58.443","","0","75 09:52.534","2","0","0","0","67301","0","0","0","N","0","0","0","4","67301","0","","1.0","","1","N","N","N","0","","3","1","0","3","3","","120","2","4","0","0","0","0","0","2","0","2","0","0","0","3","03","","N","","","","","","","","","",""
"2021032608","2251","1","0","0","0","0","0","0","0","0","7","0","","67","4","2021","4","40.102111","-75.028222","2250","6","0","0","0","0","0","0","0","0","","0","0","0","22","3","1","N","0","2","40 06:07.600","3","7","75 01:41.600","3","0","0","0","67301","0","0","0","N","0","0","0","1","67301","0","","4.0","2215.0","1","N","N","N","0","","1","0","0","3","3","Y","2250","1","1","1","0","0","0","0","2","0","1","0","0","0","3","03","","N","","","","","","","","","",""