"CRN","ARRIVAL_TM","AUTOMOBILE_COUNT","BELTED_DEATH_COUNT","BELTED_SUSP_SERIOUS_INJ_COUNT","BICYCLE_COUNT","BICYCLE_DEATH_COUNT","BICYCLE_SUSP_SERIOUS_INJ_COUNT","BUS_COUNT","CHLDPAS_DEATH_COUNT","CHLDPAS_SUSP_SERIOUS_INJ_COUNT","COLLISION_TYPE","COMM_VEH_COUNT","CONS_ZONE_SPD_LIM","COUNTY","CRASH_MONTH","CRASH_YEAR","DAY_OF_WEEK","DEC_LATITUDE","DEC_LONGITUDE","DISPATCH_TM","DISTRICT","DRIVER_COUNT_16YR","DRIVER_COUNT_17YR","DRIVER_COUNT_18YR","DRIVER_COUNT_19YR","DRIVER_COUNT_20YR","DRIVER_COUNT_50_64YR","DRIVER_COUNT_65_74YR","DRIVER_COUNT_75PLUS","EST_HRS_CLOSED","FATAL_COUNT","HEAVY_TRUCK_COUNT","HORSE_BUGGY_COUNT","HOUR_OF_DAY","ILLUMINATION","INJURY_COUNT","INTERSECTION_RELATED","INTERSECT_TYPE","LANE_CLOSED","LATITUDE","LN_CLOSE_DIR","LOCATION_TYPE","LONGITUDE","MAX_SEVERITY_LEVEL","MCYCLE_DEATH_COUNT","MCYCLE_SUSP_SERIOUS_INJ_COUNT","MOTORCYCLE_COUNT","MUNICIPALITY","NONMOTR_COUNT","NONMOTR_DEATH_COUNT","NONMOTR_SUSP_SERIOUS_INJ_COUNT","NTFY_HIWY_MAINT","PED_COUNT","PED_DEATH_COUNT","PED_SUSP_SERIOUS_INJ_COUNT","PERSON_COUNT","POLICE_AGCY","POSSIBLE_INJ_COUNT","RDWY_SURF_TYPE_CD","RELATION_TO_ROAD","ROADWAY_CLEARED","ROAD_CONDITION","SCH_BUS_IND","SCH_ZONE_IND","SECONDARY_CRASH","SMALL_TRUCK_COUNT","SPEC_JURIS_CD","SUSP_MINOR_INJ_COUNT","SUSP_SERIOUS_INJ_COUNT","SUV_COUNT","TCD_FUNC_CD","TCD_TYPE","TFC_DETOUR_IND","TIME_OF_DAY","TOTAL_UNITS","TOT_INJ_COUNT","UNBELTED_OCC_COUNT","UNB_DEATH_COUNT","UNB_SUSP_SERIOUS_INJ_COUNT","UNK_INJ_DEG_COUNT","UNK_INJ_PER_COUNT","URBAN_RURAL","VAN_COUNT","VEHICLE_COUNT","VULNERABLE_ROAD_USER_COUNT","VULNERABLE_ROAD_USER_DEATH_COUNT","VULNERABLE_ROAD_USER_SER_INJ_COUNT","WEATHER1","WEATHER2","WORKERS_PRES","WORK_ZONE_IND","WORK_ZONE_LOC","WORK_ZONE_TYPE","WZ_CLOSE_DETOUR","WZ_FLAGGER","WZ_LAW_OFFCR_IND","WZ_LN_CLOSURE","WZ_MOVING","WZ_OTHER","WZ_SHLDER_MDN","WZ_WORKERS_INJ_KILLED"
"2021020367","953","0","0","0","0","0","0","0","0","0","5","0","","67","2","2021","2","40.011131","-75.061804","953","6","0","0","0","0","0","2","0","0","","0","0","0","9","1","0","N","0","1","40 00:40.073","2","0","75 03:42.493","0","0","0","0","67301","0","0","0","N","0","0","0","3","68K01","0","","1.0","25.0","1","N","N","Y","1","","0","0","2","0","0","N","953","3","0","0","0","0","0","0","2","0","3","0","0","0","3","03","","N","","","","","","","","","",""
"2021057316","744","0","0","0","0","0","0","0","0","0","7","0","","67","4","2021","1","39.970361","-75.124722","737","6","0","0","0","0","0","1","0","0","","0","0","0","7","5","0","","7","2","39 58:13.300","1","2","75 07:29.000","0","0","0","0","67301","0","0","0","N","0","0","0","1","68K01","0","","7.0","10.0","9","N","N","N","0","","0","0","1","0","0","N","737","1","0","0","0","0","0","0","2","0","1","0","0","0","7","","","N","","","","","","","","","",""
"2021019423","1519","1","0","0","0","0","0","0","0","0","1","0","","67","2","2021","5","40.011864","-75.086176","1509","6","0","0","0","0","0","1","0","0","","0","0","0","14","1","0","","1","0","40 00:42.710","","0","75 05:10.233","0","0","0","0","67301","0","0","0","N","0","0","0","3","67301","0","","1.0","","1","N","N","N","0","","0","0","1","3","3","","1444","2","0","1","0","0","0","0","2","0","2","0","0","0","3","","","N","","","","","","","","","",""
"2021023928","1536","2","0","0","0","0","0","0","0","0","5","0","","67","2","2021","6","39.889615","-75.219707","1536","6","0","0","0","0","0","0","0","0","","0","0","0","15","1","2","","6","1","39 53:22.614","1","8","75 13:10.944","3","0","0","0","67301","0","0","0","N","0","0","0","2","68K01","0","","7.0","1630.0","1","N","N","N","0","","2","0","0","0","0","N","1536","2","2","0","0","0","0","0","2","0","2","0","0","0","3","","","N","","","","","","","","","",""
"2021020211","1243","0","0","0","0","0","0","0","0","0","8","0","","67","2","2021","6","40.036672","-75.173856","1243","6","0","0","0","0","0","0","0","0","","0","0","0","11","1","1","","2","0","40 02:12.019","","0","75 10:25.881","8","0","0","0","67301","1","0","0","N","1","0","0","2","67301","0","","1.0","","1","N","N","N","0","","0","0","1","3","2","","1149","2","1","0","0","0","1","0","2","0","1","1","0","0","3","03","","N","","","","","","","","","",""
"2021020801","113","1","0","0","0","0","0","0","0","0","5","0","","67","2","2021","1","39.957814","-75.162087","109","6","0","0","0","0","0","0","0","0","","0","0","0","1","3","0","N","0","1","39 57:28.132","3","0","75 09:43.512","0","0","0","0","67301","0","0","0","N","0","0","0","2","68K01","0","","2.0","115.0","1","N","N","N","0","","0","0","0","0","0","N","108","2","0","0","0","0","0","0","2","1","2","0","0","0","3","03","","N","","","","","","","","","",""
"2021101409","416","1","0","1","0","0","0","0","0","0","5","2","","67","10","2021","6","39.963862","-75.184267","411","6","0","0","0","0","0","0","0","0","","0","2","0","4","3","4","","3","2","39 57:49.902","7","0","75 11:03.361","2","0","0","0","67301","0","0","0","N","0","0","0","4","68K01","3","","1.0","622.0","1","N","N","N","0","","0","1","0","0","0","N","408","3","4","0","0","0","0","0","2","0","3","0","0","0","3","","","N","","","","","","","","","",""
"2021045946","1755","1","0","0","0","0","0","0","0","0","4","0","","67","5","2021","4","39.963282","-75.238456","1750","6","0","0","0","0","0","0","0","0","","0","0","0","17","1","0","","1","0","39 57:47.815","","0","75 14:18.441","0","0","0","0","67301","0","0","0","N","0","0","0","1","67301","0","","1.0","","1","N","N","N","0","","0","0","0","3","2","","1730","2","0","0","0","0","0","0","2","0","2","0","0","0","3","03","","N","","","","","","","","","",""
"2021019958","157","3","0","0","0","0","0","0","0","0","4","0","","67","2","2021","7","39.962727","-75.203921","154","6","0","0","0","0","0","0","0","0","","0","0","0","1","3","0","","1","0","39 57:45.818","","0","75 12:14.114","0","0","0","0","67301","0","0","0","N","0","0","0","2","67301","0","","1.0","","9","N","N","N","0","","0","0","0","0","0","","150","3","0","0","0","0","0","0","2","0","3","0","0","0","7","","","N","","","","","","","","","",""
"2021019092","2020","2","0","0","0","0","0","0","0","0","4","0","","67","2","2021","4","39.980213","-75.157468","2020","6","0","0","0","0","1","0","0","0","","0","0","0","20","3","1","","1","0","39 58:48.767","","0","75 09:26.884","3","0","0","0","67301","0","0","0","N","0","0","0","4","67505","0","","1.0","","1","N","N","Y","0","","1","0","1","3","2","","2020","3","1","0","0","0","0","0","2","0","3","0","0","0","3","04","","N","","","","","","","","","",""
"2021021217","505","1","0","0","0","0","0","0","0","0","7","0","","67","3","2021","3","40.01366","-75.179534","500","6","0","0","0","0","0","0","0","0","","0","0","0","4","3","0","","6","2","40 00:49.177","4","2","75 10:46.321","0","0","0","0","67301","0","0","0","N","0","0","0","1","67301","0","","3.0","615.0","2","N","N","N","0","","0","0","0","0","0","N","456","1","0","0","0","0","0","0","2","0","1","0","0","0","3","03","","N","","","","","","","","","",""
"2021058244","1959","1","0","0","0","0","0","0","0","0","1","0","","67","6","2021","7","39.979217","-75.203863","1955","6","0","0","1","0","0","0","0","0","","0","0","0","19","4","2","N","0","1","39 58:45.181","3","0","75 12:13.908","3","0","0","0","67301","0","0","0","N","0","0","0","3","68K01","1","","1.0","25.0","1","N","N","N","0","","1","0","1","0","0","N","1954","2","2","1","0","0","0","0","2","0","2","0","0","0","4","","","N","","","","","","","","","",""
"2021044202","1854","1","0","0","0","0","0","0","0","0","8","0","","67","5","2021","7","40.043778","-75.066497","1846","6","0","0","0","0","0","0","0","0","","0","0","0","18","1","1","N","0","0","40 02:37.600","","0","75 03:59.390","2","0","0","0","67301","1","0","1","N","1","0","1","3","67301","0","","1.0","","1","N","N","N","0","","0","1","0","0","0","","1845","2","1","0","0","0","0","0","2","0","1","1","0","1","3","03","","N","","","","","","","","","",""
"2021057104","1814","0","0","0","1","0","0","0","0","0","8","0","","67","6","2021","7","39.959831","-75.145217","1812","6","0","0","0","0","0","0","0","0","","0","0","0","18","1","1","N","0","0","39 57:35.390","","7","75 08:42.780","3","0","0","0","67301","1","0","0","N","0","0","0","2","67301","0","","1.0","","1","N","N","N","0","","1","0","1","0","0","","1812","2","1","0","0","0","0","0","2","0","1","1","0","0","4","04","","N","","","","","","","","","",""
"2021032237","1535","1","0","0","0","0","0","0","0","0","4","0","","67","4","2021","5","39.923182","-75.244485","1535","6","0","0","0","0","0","1","0","0","","0","0","0","14","1","0","","3","0","39 55:23.455","","0","75 14:40.145","0","0","0","0","67301","0","0","0","N","0","0","0","2","67301","0","","1.0","","1","N","N","N","0","","0","0","1","0","0","","1452","2","0","2","0","0","0","0","2","0","2","0","0","0","3","03","","N","","","","","","","","","",""
"2021020843","458","1","0","0","0","0","0","0","0","0","1","0","","67","2","2021","1","40.094773","-75.015326","453","6","0","0","0","0","0","0","0","0","","0","0","0","4","3","1","","1","0","40 05:41.184","","0","75 00:55.174","8","0","0","0","67301","0","0","0","N","0","0","0","2","67301","0","","1.0","","1","N","N","N","0","","0","0","1","3","2","","445","2","1","0","0","0","1","0","2","0","2","0","0","0","3","","","N","","","","","","","","","",""
"2021032914","745","1","0","0","0","0","0","0","0","0","7","0","","67","4","2021","7","40.024308","-75.221008","740","6","0","0","0","0","0","0","0","0","","0","0","0","6","3","0","N","0","0","40 01:27.510","","0","75 13:15.630","0","0","0","0","67301","0","0","0","N","0","0","0","1","67301","0","","4.0","","9","N","N","N","0","","0","0","0","0","0","","600","1","0","0","0","0","0","0","2","0","1","0","0","0","4","","","N","","","","","","","","","",""
"2021058557","1520","1","0","0","0","0","0","0","0","0","7","0","","67","5","2021","1","40.037624","-75.011766","1501","6","0","0","0","0","0","1","0","0","","0","0","0","14","1","0","N","0","1","40 02:15.447","1","0","75 00:42.358","0","0","0","0","67301","0","0","0","N","0","0","0","1","68K01","0","","4.0","1540.0","9","N","N","N","0","","0","0","0","0","0","N","1441","1","0","0","0","0","0","0","2","0","1","0","0","0","7","","","N","","","","","","","","","",""
"2021102850","338","0","0","0","0","0","0","0","0","0","7","1","","67","10","2021","3","39.960367","-75.181073","328","6","0","0","0","0","0","0","0","0","","0","1","0","3","3","0","N","0","2","39 57:37.320","4","0","75 10:51.861","0","0","0","0","67301","0","0","0","Y","0","0","0","1","68K01","0","","2.0","500.0","9","N","N","N","0","","0","0","0","0","0","Y","327","1","0","0","0","0","0","0","2","0","1","0","0","0","7","","","N","","","","","","","","","",""
"2021044428","855","1","0","0","0","0","0","0","0","0","4","1","","67","5","2021","7","40.035658","-75.077833","848","6","0","0","0","0","0","0","0","0","","0","1","0","8","1","1","N","0","1","40 02:08.370","7","7","75 04:40.200","3","0","0","0","67301","0","0","0","N","0","0","0","3","67301","0","","1.0","915.0","1","N","N","N","0","","1","0","2","0","0","N","845","4","1","0","0","0","0","0","2","0","4","0","0","0","3","03","","N","","","","","","","","","",""
"2021045608","2000","0","0","0","0","0","0","1","0","0","1","1","","67","5","2021","4","39.955022","-75.168","1950","6","0","0","0","0","0","2","0","0","","0","0","0","19","1","3","","1","0","39 57:18.079","","0","75 10:04.799","3","0","0","0","67301","0","0","0","N","0","0","0","5","67301","0","","1.0","","1","N","N","N","0","","3","0","1","3","2","","1930","2","3","0","0","0","0","0","2","0","2","0","0","0","3","03","","N","","","","","","","","","",""
"2021044224","1614","3","0","0","0","0","0","0","0","0","4","0","","67","5","2021","7","40.036974","-75.036457","1614","6","0","0","1","0","0","0","0","0","","0","0","0","14","1","1","N","1","0","40 02:13.106","","0","75 02:11.246","3","0","0","0","67301","0","0","0","N","0","0","0","3","67301","0","","1.0","","1","N","N","N","0","","1","0","0","3","3","","1430","3","1","1","0","0","0","0","2","0","3","0","0","0","3","03","","N","","","","","","","","","",""
"2021020657","1929","1","0","0","0","0","0","0","0","0","4","0","","67","3","2021","2","40.041499","-75.158367","1928","6","0","0","0","0","0","0","0","0","","0","0","0","19","3","1","","5","0","40 02:29.398","","0","75 09:30.121","3","0","0","0","67301","0","0","0","N","0","0","0","2","67301","0","","1.0","","1","N","N","N","0","","1","0","1","3","2","","1920","2","1","0","0","0","0","0","2","0","2","0","0","0","3","03","","N","","","","","","","","","",""
"2021032423","1029","2","0","0","0","0","0","0","0","0","1","0","","67","4","2021","4","39.999078","-75.129147","1029","6","0","0","0","0","0","0","0","0","","0","0","0","10","1","0","N","0","2","39 59:56.680","1","0","75 07:44.930","0","0","0","0","67301","0","0","0","N","0","0","0","1","67301","0","","6.0","1033.0","9","N","N","Y","0","","0","0","0","0","0","N","1029","2","0","1","0","0","0","0","2","0","2","0","0","0","7","04","","N","","","","","","","","","",""
"2021046259","850","0","0","0","0","0","0","0","0","0","7","0","","67","5","2021","6","40.054226","-74.985823","843","6","0","0","0","0","0","0","0","0","","0","0","0","8","1","0","N","0","1","40 03:15.212","2","0","74 59:08.964","0","0","0","0","67301","0","0","0","N","0","0","0","1","68K01","0","","4.0","1000.0","1","N","N","N","0","","0","0","1","0","0","N","843","1","0","0","0","0","0","0","2","0","1","0","0","0","3","","","N","","","","","","","","","",""
"2021019033","1848","2","0","0","0","0","0","0","0","0","4","0","","67","2","2021","4","39.983189","-75.156819","1847","6","0","0","0","0","2","0","0","0","","0","0","0","18","3","3","","1","2","39 58:59.480","2","0","75 09:24.548","3","0","0","0","67301","0","0","0","N","0","0","0","4","67505","1","","1.0","1925.0","1","N","N","N","0","","2","0","0","3","2","Y","1846","2","3","0","0","0","0","0","2","0","2","0","0","0","3","","","N","","","","","","","","","",""
"2021021056","16","0","0","0","0","0","0","0","0","0","7","0","","67","2","2021","2","39.910271","-75.193028","14","6","0","0","0","0","0","0","0","0","","0","0","0","0","3","0","N","0","1","39 54:36.977","2","0","75 11:34.899","0","0","0","0","67301","0","0","0","N","0","0","0","1","67301","0","","4.0","15.0","2","N","N","N","0","","0","0","1","0","0","N","12","1","0","0","0","0","0","0","2","0","1","0","0","0","3","","","N","","","","","","","","","",""
"2021025525","543","0","0","0","0","0","0","0","0","0","4","0","","67","3","2021","2","40.017987","-75.133566","539","6","0","0","0","0","0","0","0","0","","0","0","0","5","3","0","","1","0","40 01:04.753","","0","75 08:00.837","0","0","0","0","67301","0","0","0","N","0","0","0","2","67301","0","","1.0","","9","N","N","N","0","","0","0","1","3","3","","535","2","0","1","0","0","0","0","2","0","2","0","0","0","7","","","N","","","","","","","","","",""
"2021044711","2300","2","0","0","0","0","0","0","0","0","5","0","55","67","5","2021","6","39.971882","-75.123174","2345","6","0","0","0","0","0","0","0","0","","0","0","0","21","3","1","N","0","1","39 58:18.775","2","0","75 07:23.426","8","0","0","0","67301","0","0","0","N","0","0","0","3","68K01","0","","1.0","2300.0","1","N","N","N","0","","0","0","0","0","0","N","2131","2","1","0","0","0","1","1","2","0","2","0","0","0","3","03","Y","Y","4","1","N","N","N","N","N","N","Y","N"
"2021045465","2000","2","0","0","0","0","0","0","0","0","4","0","","67","5","2021","1","39.993313","-75.09705","2000","6","0","0","0","0","0","1","0","0","","0","0","0","19","4","0","N","0","0","39 59:35.926","","0","75 05:49.381","0","0","0","0","67301","0","0","0","N","0","0","0","2","67301","0","","1.0","","1","N","N","N","0","","0","0","0","0","0","","1954","2","0","1","0","0","0","0","2","0","2","0","0","0","3","03","","N","","","","","","","","","",""
"2021019177","1837","1","0","0","0","0","0","0","0","0","7","0","","67","2","2021","3","40.06008","-75.018647","1827","6","0","0","0","0","0","1","0","0","","0","0","0","18","3","1","N","0","0","40 03:36.289","","0","75 01:07.128","3","0","0","0","67301","0","0","0","N","0","0","0","1","67301","0","","4.0","","1","N","N","N","0","","1","0","0","0","0","","1824","1","1","0","0","0","0","0","2","0","1","0","0","0","3","03","","N","","","","","","","","","",""
"2021043994","1710","1","0","0","0","0","0","0","0","0","4","0","","67","5","2021","6","40.052174","-75.09309","1644","6","0","0","0","1","0","0","0","0","","0","0","0","16","1","1","","1","0","40 03:07.828","","0","75 05:35.123","8","0","0","1","67301","0","0","0","N","0","0","0","2","67301","0","","1.0","","1","N","N","N","0","","0","0","0","3","3","","1644","2","1","0","0","0","1","0","2","0","2","0","0","0","3","03","","N","","","","","","","","","",""
"2021044883","1640","0","0","0","0","0","0","1","0","0","8","1","","67","5","2021","5","39.939565","-75.220281","1638","6","0","0","0","0","0","0","0","0","","0","0","0","16","1","1","","1","0","39 56:22.435","","0","75 13:13.013","4","0","0","0","67301","1","0","0","N","1","0","0","2","67301","1","","1.0","","1","N","N","N","0","","0","0","0","3","2","","1600","2","1","0","0","0","0","0","2","0","1","1","0","0","3","03","","N","","","","","","","","","",""
"2021022580","1655","1","0","0","0","0","0","0","0","0","1","0","","67","3","2021","4","39.924944","-75.226528","1655","6","0","0","0","0","0","0","0","0","","0","0","0","16","1","1","","1","0","39 55:29.800","","0","75 13:35.500","3","0","0","0","67301","0","0","0","N","0","0","0","4","67301","0","","1.0","","1","N","N","N","0","","1","0","2","3","2","","1650","3","1","2","0","0","0","0","2","0","3","0","0","0","3","","","N","","","","","","","","","",""
"2021057939","18","0","0","0","0","0","0","0","0","0","5","1","","67","6","2021","2","40.029278","-75.12475","14","6","0","0","0","0","0","0","0","0","","0","1","0","23","3","0","N","0","0","40 01:45.400","","0","75 07:29.100","0","0","0","0","67301","0","0","0","N","0","0","0","1","67301","0","","6.0","","9","N","N","N","0","","0","0","1","0","0","","2330","2","0","0","0","0","0","0","2","0","2","0","0","0","4","07","","N","","","","","","","","","",""
"2021019924","1650","0","0","0","0","0","0","0","0","0","8","0","","67","2","2021","7","40.031731","-75.178861","1647","6","0","0","0","0","0","1","0","0","","0","0","0","16","1","1","","1","0","40 01:54.231","","0","75 10:43.900","8","0","0","0","67301","1","0","0","N","1","0","0","2","67301","0","","1.0","","1","N","N","N","0","","0","0","1","3","2","","1636","2","1","0","0","0","1","0","2","0","1","1","0","0","3","","","N","","","","","","","","","",""
"2021032537","1749","1","0","0","1","0","0","0","0","0","8","0","","67","4","2021","6","40.00272","-75.17419","1746","6","0","0","0","0","0","0","0","0","","0","0","0","17","1","1","","1","0","40 00:09.793","","0","75 10:27.083","3","0","0","0","67301","1","0","0","N","0","0","0","2","67301","0","","1.0","","1","N","N","N","0","","1","0","0","3","2","","1745","2","1","0","0","0","0","0","2","0","1","1","0","0","3","03","","N","","","","","","","","","",""
"2021058559","1733","3","0","0","0","0","0","0","0","0","1","0","","67","6","2021","3","39.94576","-75.189822","1710","6","0","0","0","0","0","0","1","0","","0","0","0","17","1","0","N","0","1","39 56:44.735","4","0","75 11:23.360","0","0","0","0","67301","0","0","0","N","0","0","0","4","68K01","0","","1.0","1750.0","1","N","N","N","0","","0","0","1","0","0","N","1710","4","0","0","0","0","0","0","2","0","4","0","0","0","3","","","N","","","","","","","","","",""
"2021044664","2237","1","0","0","0","0","0","0","0","0","5","0","","67","5","2021","4","39.958469","-75.167531","2237","6","0","0","0","0","0","0","0","0","","0","0","0","22","3","1","N","0","2","39 57:30.487","3","0","75 10:03.111","3","0","0","0","67301","0","0","0","N","0","0","0","2","68K01","0","","1.0","1105.0","1","N","N","N","1","","1","0","0","0","0","N","2231","2","1","0","0","0","0","0","2","0","2","0","0","0","3","","","N","","","","","","","","","",""
"2021102454","1608","1","0","0","0","0","0","0","0","0","1","0","","67","10","2021","2","39.909469","-75.187057","1608","6","0","0","0","0","0","0","0","0","","0","0","0","14","1","1","N","0","9","39 54:34.088","","0","75 11:13.405","3","0","0","0","67301","0","0","0","N","0","0","0","4","67301","0","","1.0","","1","N","N","N","0","","1","0","1","0","0","U","1400","2","1","0","0","0","0","0","2","0","2","0","0","0","3","03","","N","","","","","","","","","",""
"2021101419","927","0","0","0","0","0","0","0","0","0","7","0","","67","10","2021","7","39.932141","-75.200071","922","6","0","0","0","0","0","1","0","0","","0","0","0","9","1","0","N","7","0","39 55:55.708","","2","75 12:00.257","0","0","0","0","67301","0","0","0","Y","0","0","0","2","68K01","0","","7.0","","1","N","N","N","0","","0","0","1","0","0","","917","1","0","0","0","0","0","0","2","0","1","0","0","0","4","","","N","","","","","","","","","",""
"2021033193","430","1","0","0","0","0","0","0","0","0","7","0","","67","4","2021","7","39.960399","-75.181143","422","6","0","0","0","0","0","0","0","0","","0","0","0","4","3","0","N","0","1","39 57:37.437","4","0","75 10:52.114","0","0","0","0","67301","0","0","0","N","0","0","0","1","68K01","0","","4.0","505.0","9","N","N","N","0","","0","0","0","0","0","N","419","1","0","0","0","0","0","0","2","0","1","0","0","0","7","07","","N","","","","","","","","","",""
"2021020726","2025","2","0","0","0","0","0","0","0","0","4","0","","67","3","2021","2","40.002286","-75.110028","2025","6","0","0","0","0","0","0","0","0","","0","0","0","15","1","2","","2","0","40 00:08.230","","0","75 06:36.101","3","0","0","0","67301","0","0","0","N","0","0","0","3","67301","0","","1.0","","1","N","N","N","0","","2","0","0","3","3","","1530","2","2","0","0","0","0","0","2","0","2","0","0","0","3","03","","N","","","","","","","","","",""
"2021019518","1400","1","0","0","0","0","0","0","0","0","4","0","","67","2","2021","2","40.037025","-75.048228","1406","6","0","0","0","0","0","0","0","0","","0","0","0","13","1","1","","2","1","40 02:13.290","5","0","75 02:53.620","3","0","0","0","67301","0","0","0","N","0","0","0","2","67301","0","","1.0","1430.0","9","N","N","N","0","","1","0","1","0","0","Y","1355","2","1","0","0","0","0","0","2","0","2","0","0","0","3","03","","N","","","","","","","","","",""
"2021101121","1915","2","0","0","0","0","0","0","0","0","2","0","","67","10","2021","6","40.079294","-75.167522","1909","6","0","0","0","0","0","1","0","0","","0","0","0","19","3","1","N","1","0","40 04:45.460","","0","75 10:03.080","3","0","0","0","67301","0","0","0","N","0","0","0","3","67301","0","","1.0","","1","N","N","N","0","","1","0","1","3","2","","1905","3","1","0","0","0","0","0","2","0","3","0","0","0","3","","","N","","","","","","","","","",""
"2021019175","1550","1","0","0","0","0","0","0","0","0","5","0","","67","2","2021","4","39.916889","-75.152639","1546","6","0","0","0","0","0","0","0","0","","0","0","0","15","1","1","N","0","0","39 55:00.800","","0","75 09:09.500","3","0","0","0","67301","0","0","0","N","0","0","0","1","67301","0","","6.0","","1","N","N","N","1","","1","0","5","0","0","","1515","7","1","0","0","0","0","0","2","0","7","0","0","0","3","","","N","","","","","","","","","",""
"2021019907","2030","1","0","0","0","0","0","0","0","0","5","0","","67","2","2021","7","39.981139","-75.162306","2025","6","0","0","0","0","0","1","0","0","","0","0","0","20","3","1","Y","0","2","39 58:52.100","2","0","75 09:44.300","3","0","0","0","67301","0","0","0","N","0","0","0","1","67505","0","","6.0","2055.0","1","N","N","N","0","","1","0","1","0","0","Y","2023","2","1","0","0","0","0","0","2","0","2","0","0","0","3","03","","N","","","","","","","","","",""
"2021021762","15","1","0","0","0","0","0","0","0","0","7","0","","67","3","2021","4","40.011545","-75.108042","15","6","0","0","0","0","0","0","0","0","","0","0","0","0","3","1","","1","1","40 00:41.562","3","0","75 06:28.950","3","0","0","0","67301","0","0","0","N","0","0","0","1","67301","0","","4.0","128.0","1","N","N","N","0","","1","0","0","3","2","N","15","1","1","1","0","0","0","0","2","0","1","0","0","0","3","03","","N","","","","","","","","","",""
"2021045421","1735","0","0","0","0","0","0","0","0","0","0","0","","67","5","2021","3","40.137262","-75.013879","1724","6","0","0","0","0","0","0","0","0","","0","0","0","17","1","1","","1","1","40 08:14.143","1","0","75 00:49.964","3","0","0","1","67301","0","0","0","N","0","0","0","1","67301","0","","1.0","1844.0","4","N","N","N","0","","1","0","0","0","0","N","1724","1","1","0","0","0","0","0","2","0","1","0","0","0","3","","","N","","","","","","","","","",""
"2021021760","31","1","0","0","0","0","0","0","0","0","4","0","","67","3","2021","2","39.998375","-75.095308","12","6","0","0","0","0","0","0","0","0","","0","0","0","23","3","1","","9","0","39 59:54.150","","0","75 05:43.110","3","0","0","0","67301","0","0","0","N","0","0","0","1","67301","0","","1.0","","1","N","N","N","0","","1","0","0","3","5","","2305","2","1","0","0","0","0","0","2","0","1","0","0","0","3","03","","N","","","","","","","","","",""
"2021045210","2020","1","0","0","0","0","0","0","0","0","8","0","","67","5","2021","2","39.992581","-75.146164","2011","6","0","0","0","0","0","0","0","0","","0","0","0","20","3","1","N","0","0","39 59:33.290","","0","75 08:46.190","3","0","0","0","67301","1","0","0","N","1","0","0","2","67301","0","","1.0","","1","N","N","N","0","","1","0","0","0","0","","2005","2","1","0","0","0","0","0","2","0","1","1","0","0","3","","","N","","","","","","","","","",""
"2021057466","501","1","0","0","0","0","0","0","0","0","7","0","","67","5","2021","1","39.954606","-75.181101","459","6","0","0","0","0","0","0","0","0","","0","0","0","4","3","0","","3","0","39 57:16.583","","0","75 10:51.965","9","0","0","0","67301","0","0","0","N","0","0","0","1","67301","0","","5.0","","1","N","N","N","0","","0","0","0","0","0","","459","1","0","1","0","0","0","1","2","0","1","0","0","0","3","03","","N","","","","","","","","","",""
"2021022060","1559","1","0","0","0","0","0","0","0","0","2","0","","67","3","2021","3","40.014072","-75.127717","1556","6","0","0","0","0","0","0","0","0","","0","0","0","15","1","2","N","0","1","40 00:50.660","3","0","75 07:39.780","3","0","0","0","67301","0","0","0","N","0","0","0","4","67301","0","","1.0","1753.0","1","N","N","N","0","","2","0","1","0","0","N","1534","2","2","0","0","0","0","0","2","0","2","0","0","0","3","03","","N","","","","","","","","","",""
"2021020855","1055","1","0","0","0","0","0","0","0","0","8","0","","67","3","2021","3","39.949758","-75.201444","1036","6","0","0","0","0","0","0","0","0","","0","0","0","10","1","1","","3","0","39 56:59.128","","7","75 12:05.198","3","0","0","0","67301","1","0","0","N","0","0","0","2","67301","0","","1.0","","1","N","N","N","0","","1","0","0","3","2","","1030","2","1","0","0","0","0","0","2","0","1","1","0","0","3","03","","N","","","","","","","","","",""
"2021027175","831","0","0","0","0","0","0","0","0","0","7","0","","67","3","2021","2","40.031783","-75.021433","819","6","0","0","0","0","0","0","0","0","","0","0","0","8","1","0","N","0","1","40 01:54.420","2","3","75 01:17.158","0","0","0","0","67301","0","0","0","N","0","0","0","4","68K01","0","","3.0","945.0","9","N","N","N","1","","0","0","0","0","0","N","817","1","0","0","0","0","0","0","2","0","1","0","0","0","7","","","N","","","","","","","","","",""
"2021021422","216","1","0","0","0","0","0","0","0","0","7","0","","67","3","2021","2","39.955455","-75.148065","215","6","0","0","0","1","0","0","0","0","","0","0","0","2","3","3","N","0","1","39 57:19.639","4","2","75 08:53.033","8","0","0","0","67301","0","0","0","Y","0","0","0","6","67501","0","","4.0","305.0","9","N","N","Y","0","","0","0","0","0","0","N","215","1","3","6","0","0","3","1","2","0","1","0","0","0","7","","","N","","","","","","","","","",""
"2021033034","1447","0","0","0","0","0","0","0","0","0","4","0","","67","4","2021","7","40.039531","-75.129827","1447","6","0","0","0","0","0","1","0","0","","0","0","0","16","1","2","","1","0","40 02:22.311","","0","75 07:47.377","8","0","0","0","67301","0","0","0","N","0","0","0","3","67301","0","","1.0","","1","N","N","N","0","","0","0","2","3","2","","1636","2","2","2","0","0","2","0","2","0","2","0","0","0","4","04","","N","","","","","","","","","",""
"2021019072","354","1","0","0","0","0","0","0","0","0","7","0","","67","2","2021","3","39.916244","-75.147734","348","6","0","0","0","0","0","0","0","0","","0","0","0","3","3","0","N","0","0","39 54:58.478","","3","75 08:51.844","0","0","0","0","67301","0","0","0","N","0","0","0","1","68K01","0","","3.0","","2","N","N","N","0","","0","0","0","0","0","","340","1","0","0","0","0","0","0","2","0","1","0","0","0","3","","","N","","","","","","","","","",""