"CRN","ARRIVAL_TM","AUTOMOBILE_COUNT","BELTED_DEATH_COUNT","BELTED_SUSP_SERIOUS_INJ_COUNT","BICYCLE_COUNT","BICYCLE_DEATH_COUNT","BICYCLE_SUSP_SERIOUS_INJ_COUNT","BUS_COUNT","CHLDPAS_DEATH_COUNT","CHLDPAS_SUSP_SERIOUS_INJ_COUNT","COLLISION_TYPE","COMM_VEH_COUNT","CONS_ZONE_SPD_LIM","COUNTY","CRASH_MONTH","CRASH_YEAR","DAY_OF_WEEK","DEC_LATITUDE","DEC_LONGITUDE","DISPATCH_TM","DISTRICT","DRIVER_COUNT_16YR","DRIVER_COUNT_17YR","DRIVER_COUNT_18YR","DRIVER_COUNT_19YR","DRIVER_COUNT_20YR","DRIVER_COUNT_50_64YR","DRIVER_COUNT_65_74YR","DRIVER_COUNT_75PLUS","EST_HRS_CLOSED","FATAL_COUNT","HEAVY_TRUCK_COUNT","HORSE_BUGGY_COUNT","HOUR_OF_DAY","ILLUMINATION","INJURY_COUNT","INTERSECTION_RELATED","INTERSECT_TYPE","LANE_CLOSED","LATITUDE","LN_CLOSE_DIR","LOCATION_TYPE","LONGITUDE","MAX_SEVERITY_LEVEL","MCYCLE_DEATH_COUNT","MCYCLE_SUSP_SERIOUS_INJ_COUNT","MOTORCYCLE_COUNT","MUNICIPALITY","NONMOTR_COUNT","NONMOTR_DEATH_COUNT","NONMOTR_SUSP_SERIOUS_INJ_COUNT","NTFY_HIWY_MAINT","PED_COUNT","PED_DEATH_COUNT","PED_SUSP_SERIOUS_INJ_COUNT","PERSON_COUNT","POLICE_AGCY","POSSIBLE_INJ_COUNT","RDWY_SURF_TYPE_CD","RELATION_TO_ROAD","ROADWAY_CLEARED","ROAD_CONDITION","SCH_BUS_IND","SCH_ZONE_IND","SECONDARY_CRASH","SMALL_TRUCK_COUNT","SPEC_JURIS_CD","SUSP_MINOR_INJ_COUNT","SUSP_SERIOUS_INJ_COUNT","SUV_COUNT","TCD_FUNC_CD","TCD_TYPE","TFC_DETOUR_IND","TIME_OF_DAY","TOTAL_UNITS","TOT_INJ_COUNT","UNBELTED_OCC_COUNT","UNB_DEATH_COUNT","UNB_SUSP_SERIOUS_INJ_COUNT","UNK_INJ_DEG_COUNT","UNK_INJ_PER_COUNT","URBAN_RURAL","VAN_COUNT","VEHICLE_COUNT","VULNERABLE_ROAD_USER_COUNT","VULNERABLE_ROAD_USER_DEATH_COUNT","VULNERABLE_ROAD_USER_SER_INJ_COUNT","WEATHER1","WEATHER2","WORKERS_PRES","WORK_ZONE_IND","WORK_ZONE_LOC","WORK_ZONE_TYPE","WZ_CLOSE_DETOUR","WZ_FLAGGER","WZ_LAW_OFFCR_IND","WZ_LN_CLOSURE","WZ_MOVING","WZ_OTHER","WZ_SHLDER_MDN","WZ_WORKERS_INJ_KILLED"
"2021044119","1218","2","0","0","0","0","0","0","0","0","2","0","","67","5","2021","7","39.991701","-75.185609","1218","6","0","0","0","0","0","0","0","0","","0","0","0","12","1","0","","1","0","39 59:30.124","","99","75 11:08.194","0","0","0","0","67301","0","0","0","N","0","0","0","2","67301","0","","1.0","","1","N","N","N","0","","0","0","0","3","2","","1217","2","0","2","0","0","0","0","2","0","2","0","0","0","3","04","","N","","","","","","","","","",""
"2021045361","2128","2","0","0","0","0","0","0","0","0","4","0","","67","5","2021","2","39.963947","-75.138666","2121","6","0","1","0","0","0","0","0","0","","0","0","0","21","3","0","N","0","0","39 57:50.210","","0","75 08:19.198","0","0","0","0","67301","0","0","0","N","0","0","0","2","68K01","0","","1.0","","1","N","N","N","0","","0","0","0","0","0","","2118","2","0","0","0","0","0","0","2","0","2","0","0","0","3","03","","N","","","","","","","","","",""
"2021020853","152","1","0","0","0","0","0","0","0","0","7","0","","67","3","2021","2","40.029553","-75.102722","148","6","0","0","0","0","0","0","0","0","","0","0","0","1","3","0","N","0","0","40 01:46.391","","0","75 06:09.799","9","0","0","0","67301","0","0","0","N","0","0","0","1","67301","0","","3.0","","9","N","N","N","0","","0","0","0","0","0","","145","1","0","0","0","0","0","1","2","0","1","0","0","0","7","07","","N","","","","","","","","","",""
"2021022978","714","0","0","0","0","0","0","0","0","0","7","0","","67","3","2021","2","40.038895","-75.008933","711","6","0","0","0","0","1","0","0","0","","0","0","0","7","1","0","N","0","0","40 02:20.021","","0","75 00:32.158","0","0","0","0","67301","0","0","0","N","0","0","0","1","68K01","0","","3.0","","9","N","N","N","1","","0","0","0","0","0","","708","1","0","0","0","0","0","0","2","0","1","0","0","0","7","","","N","","","","","","","","","",""
"2021102321","315","1","0","0","0","0","0","0","0","0","6","0","","67","10","2021","7","40.012858","-75.150347","303","6","0","0","0","0","0","1","0","0","","1","0","0","2","3","0","N","0","1","40 00:46.289","2","0","75 09:01.249","1","0","0","0","67301","0","0","0","N","0","0","0","2","67301","0","2","1.0","530.0","1","N","N","N","1","0","0","0","0","4","7","N","234","2","0","0","0","0","0","0","2","0","2","0","0","0","3","03","","N","","","","","","","","","",""
"2021101817","836","0","0","0","0","0","0","1","0","0","1","1","","67","10","2021","2","39.983698","-75.188145","821","6","0","0","0","0","0","0","0","0","","0","0","0","7","1","0","N","0","0","39 59:01.313","","0","75 11:17.323","0","0","0","0","67301","0","0","0","N","0","0","0","3","67301","0","","1.0","","1","Y","N","N","0","","0","0","1","0","0","","700","2","0","0","0","0","0","0","2","0","2","0","0","0","3","03","","N","","","","","","","","","",""
"2021100820","1550","0","0","0","0","0","0","0","0","0","2","0","","67","10","2021","7","39.993929","-75.096081","1548","6","0","0","0","0","0","1","0","0","","1","0","0","15","1","0","N","0","2","39 59:38.145","7","0","75 05:45.893","1","1","0","1","67301","0","0","0","N","0","0","0","2","67301","0","2","1.0","1700.0","1","N","N","N","0","0","0","0","1","0","0","Y","1546","2","0","1","0","0","0","0","2","0","2","0","0","0","3","","","N","","","","","","","","","",""
"2021103492","851","3","0","0","0","0","0","0","0","0","4","0","","67","10","2021","5","40.075268","-75.073466","843","6","0","0","0","0","0","0","0","0","","0","0","0","8","1","0","","1","0","40 04:30.964","","0","75 04:24.479","0","0","0","0","67301","0","0","0","N","0","0","0","3","67301","0","","1.0","","1","N","N","N","0","","0","0","0","3","2","","815","3","0","0","0","0","0","0","2","0","3","0","0","0","3","03","","N","","","","","","","","","",""
"2021103738","2307","1","0","0","0","0","0","0","0","0","1","0","","67","10","2021","5","39.977243","-75.20005","2256","6","0","0","0","0","0","1","0","0","","0","0","0","22","3","0","N","0","0","39 58:38.074","","0","75 12:00.179","0","0","0","0","67301","0","0","0","N","0","0","0","2","68K01","0","","1.0","","1","N","N","N","0","","0","0","1","0","0","","2207","2","0","0","0","0","0","0","2","0","2","0","0","0","3","","","N","","","","","","","","","",""
"2021103641","50","2","0","0","0","0","0","0","0","0","4","0","","67","10","2021","4","40.021783","-75.147078","44","6","0","0","0","0","0","0","0","1","","0","0","0","23","3","1","N","0","0","40 01:18.420","","0","75 08:49.480","3","0","0","0","67301","0","0","0","N","0","0","0","1","67301","0","","1.0","","1","N","N","N","0","","1","0","0","0","0","","2320","2","1","0","0","0","0","0","2","0","2","0","0","0","3","03","","N","","","","","","","","","",""
"2021101407","6","1","0","0","0","0","0","0","0","0","5","0","","67","8","2021","1","39.899223","-75.177531","2356","6","0","0","0","0","0","0","0","0","","0","0","0","23","3","2","N","0","1","39 53:57.202","2","0","75 10:39.113","8","0","0","0","67301","0","0","0","N","0","0","0","3","68K01","0","","1.0","30.0","1","N","N","N","1","","0","0","0","0","0","N","2346","2","2","1","0","0","2","0","2","0","2","0","0","0","3","","","N","","","","","","","","","",""
"2021102873","943","0","0","0","0","0","0","0","0","0","7","0","","67","10","2021","1","39.899292","-75.176566","930","6","0","0","0","0","0","0","0","0","","0","0","0","9","1","0","N","0","2","39 53:57.450","2","0","75 10:35.639","0","0","0","0","67301","0","0","0","N","0","0","0","1","68K01","0","","3.0","1047.0","1","N","N","N","0","","0","0","1","0","0","N","930","1","0","0","0","0","0","0","2","0","1","0","0","0","3","03","","N","","","","","","","","","",""
"2021101411","1930","1","0","0","0","0","0","0","0","0","1","0","","67","10","2021","5","40.026067","-75.228047","1920","6","0","0","0","0","0","0","0","0","","0","0","0","19","3","0","N","0","0","40 01:33.840","","3","75 13:40.970","9","0","0","0","67301","0","0","0","N","0","0","0","2","67301","0","","1.0","","1","N","N","N","0","","0","0","0","0","0","","1920","2","0","0","0","0","0","1","2","0","2","0","0","0","3","03","","N","","","","","","","","","",""
"2021103781","350","1","0","0","0","0","0","0","0","0","8","0","","67","10","2021","7","40.045958","-75.025825","345","6","0","0","0","0","0","0","0","0","","0","0","0","20","3","1","N","0","0","40 02:45.450","","0","75 01:32.970","3","0","0","0","67301","1","0","0","N","1","0","0","2","67301","0","","1.0","","9","N","N","N","0","","1","0","0","3","3","","2051","2","1","0","0","0","0","1","2","0","1","1","0","0","7","07","","N","","","","","","","","","",""
"2021101079","340","0","0","0","0","0","0","1","0","0","1","1","","67","10","2021","3","40.021125","-75.139925","330","6","0","0","0","0","0","1","0","0","","0","0","0","3","3","2","","1","0","40 01:16.051","","0","75 08:23.731","8","0","0","0","67301","0","0","0","N","0","0","0","2","67508","0","","1.0","","1","N","N","Y","0","","0","0","1","3","2","","330","2","2","0","0","0","2","0","2","0","2","0","0","0","3","03","","N","","","","","","","","","",""
"2021101122","2034","0","0","0","0","0","0","0","0","0","2","0","","67","10","2021","6","40.048744","-75.16615","2030","6","0","0","0","0","0","0","0","0","","0","0","0","19","3","2","N","0","0","40 02:55.480","","0","75 09:58.140","3","0","0","0","67301","0","0","0","N","0","0","0","3","67301","0","","1.0","","1","N","N","N","0","","2","0","2","0","0","","1946","2","2","1","0","0","0","0","2","0","2","0","0","0","3","","","N","","","","","","","","","",""
"2021100702","1942","1","0","0","0","0","0","1","0","0","4","1","","67","10","2021","3","39.891942","-75.241906","1942","6","0","0","0","0","0","2","0","0","","0","0","0","18","3","4","","2","0","39 53:30.990","","7","75 14:30.862","3","0","0","0","67301","0","0","0","N","0","0","0","4","67301","0","","1.0","","1","N","N","N","0","","4","0","1","3","2","","1845","3","4","0","0","0","0","0","2","0","3","0","0","0","3","03","","N","","","","","","","","","",""
"2021020328","342","1","0","0","0","0","0","0","0","0","7","0","","67","2","2021","7","39.990908","-75.130688","342","6","0","0","0","0","0","0","0","0","","0","0","0","3","3","1","N","0","0","39 59:27.270","","0","75 07:50.478","8","0","0","0","67301","0","0","0","N","0","0","0","1","67301","0","","5.0","","9","N","N","N","0","","0","0","0","0","0","","342","1","1","0","0","0","1","0","2","0","1","0","0","0","7","03","","N","","","","","","","","","",""
"2021056728","746","1","0","0","0","0","0","0","0","0","1","0","","67","6","2021","5","39.943508","-75.192579","732","6","0","0","0","0","0","0","0","0","","0","0","0","7","1","0","N","0","1","39 56:36.628","3","0","75 11:33.283","0","0","0","0","67301","0","0","0","N","0","0","0","3","68K01","0","","1.0","810.0","1","N","N","N","0","","0","0","1","0","0","Y","732","3","0","0","0","0","0","0","2","1","3","0","0","0","3","","","N","","","","","","","","","",""
"2021021211","1455","2","0","0","0","0","0","0","0","0","4","0","","67","3","2021","2","40.025281","-75.109213","1455","6","0","0","0","0","0","1","0","0","","0","0","0","18","1","1","","3","0","40 01:31.013","","0","75 06:33.167","8","0","0","0","67301","0","0","0","N","0","0","0","3","67301","0","","1.0","","1","N","N","N","0","","0","0","0","0","0","","1830","2","1","0","0","0","1","0","2","0","2","0","0","0","7","07","","N","","","","","","","","","",""
"2021032759","1549","1","0","0","0","0","0","0","0","0","7","0","","67","4","2021","7","39.966042","-75.13154","1547","6","0","0","0","0","0","0","0","0","","0","0","0","15","1","1","N","0","1","39 57:57.751","2","0","75 07:53.545","4","0","0","0","67301","0","0","0","N","0","0","0","1","67301","1","","3.0","1700.0","1","N","N","N","0","","0","0","0","0","0","N","1528","1","1","0","0","0","0","0","2","0","1","0","0","0","3","","","N","","","","","","","","","",""
"2021102470","1750","1","0","0","0","0","0","0","0","0","5","2","","67","10","2021","2","40.102569","-74.969072","1736","6","0","0","0","0","0","0","0","0","","0","2","0","15","1","0","N","0","1","40 06:09.250","1","0","74 58:08.660","0","0","0","0","67301","0","0","0","N","0","0","0","1","67301","0","","6.0","1800.0","1","N","N","N","0","","0","0","0","0","0","N","1538","3","0","1","0","0","0","0","2","0","3","0","0","0","4","04","","N","","","","","","","","","",""
"2021101495","1541","2","0","0","0","0","0","0","0","0","2","0","","67","10","2021","1","39.978988","-75.160225","1540","6","0","0","0","0","0","2","0","0","","0","0","0","15","1","0","N","1","1","39 58:44.355","4","0","75 09:36.809","0","0","0","0","67301","0","0","0","N","0","0","0","2","67505","0","","1.0","1745.0","1","N","N","N","0","","0","0","0","3","3","N","1539","2","0","0","0","0","0","0","2","0","2","0","0","0","3","03","","N","","","","","","","","","",""
"2021103369","2236","1","0","0","0","0","0","0","0","0","4","1","","67","10","2021","2","39.967414","-75.131933","2224","6","0","0","0","0","0","0","1","0","","0","1","0","21","3","2","N","0","2","39 58:02.690","1","0","75 07:54.960","3","0","0","0","67301","0","0","0","N","0","0","0","3","68K01","0","","1.0","2300.0","9","N","N","N","0","","2","0","0","0","0","N","2151","2","2","0","0","0","0","0","2","0","2","0","0","0","7","","","N","","","","","","","","","",""
"2021100822","640","0","0","0","0","0","0","0","0","0","4","0","","67","10","2021","6","39.989815","-75.135215","622","6","0","0","0","0","0","0","0","0","","1","0","0","6","1","0","","1","0","39 59:23.334","","0","75 08:06.773","1","1","0","1","67301","0","0","0","N","0","0","0","2","67301","0","2","1.0","","1","N","N","N","0","0","0","0","1","3","2","","621","2","0","0","0","0","0","0","2","0","2","0","0","0","3","03","","N","","","","","","","","","",""
"2021101365","1855","1","0","0","0","0","0","1","0","0","2","1","","67","10","2021","6","39.981209","-75.188697","1840","6","0","0","0","0","0","1","0","0","","0","0","0","18","3","4","","1","0","39 58:52.351","","0","75 11:19.309","8","0","0","0","67301","0","0","0","N","0","0","0","4","67508","0","","1.0","","1","N","N","Y","0","","0","0","0","3","2","","1840","2","4","0","0","0","4","0","2","0","2","0","0","0","3","03","","N","","","","","","","","","",""
"2021101056","1315","1","0","0","0","0","0","1","0","0","5","1","","67","10","2021","4","39.946159","-75.169926","1305","6","0","0","0","0","0","1","0","0","","0","0","0","13","1","0","","1","0","39 56:46.173","","0","75 10:11.732","0","0","0","0","67301","0","0","0","N","0","0","0","3","67508","0","","1.0","","1","N","N","Y","0","","0","0","0","3","2","","1305","2","0","0","0","0","0","0","2","0","2","0","0","0","3","03","","N","","","","","","","","","",""
"2021007497","133","2","0","0","0","0","0","0","0","0","1","0","","67","1","2021","6","39.994528","-75.117","133","6","0","0","0","0","0","0","0","0","","0","0","0","1","3","1","N","0","0","39 59:40.300","","0","75 07:01.200","3","0","0","0","67301","0","0","0","N","0","0","0","4","67301","0","","1.0","","1","N","N","N","0","","1","0","0","0","0","","128","2","1","0","0","0","0","3","2","0","2","0","0","0","3","03","","N","","","","","","","","","",""
"2021102933","651","0","0","0","0","0","0","0","0","0","4","1","","67","10","2021","4","40.059538","-75.165456","612","6","0","0","0","0","0","0","0","0","","0","2","0","6","3","3","","1","2","40 03:34.337","3","0","75 09:55.640","3","0","0","0","67301","0","0","0","N","0","0","0","7","67301","0","","1.0","900.0","9","N","N","N","0","","3","0","1","3","2","Y","610","3","3","0","0","0","0","0","2","0","3","0","0","0","4","04","","N","","","","","","","","","",""
"2021101230","629","1","0","0","0","0","0","0","0","0","7","0","","67","9","2021","5","39.8862","-75.212455","613","6","0","0","0","0","1","0","0","0","","0","0","0","6","2","0","N","0","0","39 53:10.319","","0","75 12:44.837","0","0","0","0","67301","0","0","0","N","0","0","0","1","68K01","0","","2.0","","2","N","N","N","0","","0","0","0","0","0","","609","1","0","0","0","0","0","0","2","0","1","0","0","0","3","","","N","","","","","","","","","",""
"2021101156","830","0","0","0","0","0","0","0","0","0","8","0","","67","10","2021","4","40.017732","-75.082847","821","6","0","0","0","0","0","0","0","0","","0","0","0","8","1","1","N","0","0","40 01:03.836","","0","75 04:58.249","3","0","0","1","67301","1","0","0","N","1","0","0","1","67301","0","","4.0","","1","N","N","N","0","","1","0","0","0","0","","814","2","1","0","0","0","0","0","2","0","1","1","0","0","3","03","","N","","","","","","","","","",""
"2021102802","220","1","0","0","0","0","0","0","0","0","4","0","","67","10","2021","7","39.970231","-75.211626","220","6","0","1","0","0","0","0","0","0","","0","0","0","2","3","0","","2","0","39 58:12.833","","0","75 12:41.855","0","0","0","0","67301","0","0","0","N","0","0","0","2","67301","0","","1.0","","1","N","N","N","0","","0","0","1","3","3","","214","2","0","0","0","0","0","0","2","0","2","0","0","0","3","","","N","","","","","","","","","",""
"2021101234","1949","1","0","0","0","0","0","0","0","0","1","0","","67","9","2021","4","39.946061","-75.189628","1944","6","0","0","0","0","0","1","0","0","","0","0","0","19","3","1","N","6","2","39 56:45.818","3","0","75 11:22.661","8","0","0","0","67301","0","0","0","N","0","0","0","2","68K01","0","","1.0","2015.0","1","N","N","N","0","","0","0","1","3","8","N","1939","2","1","0","0","0","1","0","2","0","2","0","0","0","3","","","N","","","","","","","","","",""
"2021100803","626","3","0","0","0","0","0","0","0","0","4","0","","67","4","2021","3","39.985802","-75.215608","622","6","0","0","0","0","0","1","0","0","","0","0","0","5","1","0","","1","0","39 59:08.888","","0","75 12:56.190","0","0","0","0","67301","0","0","0","N","0","0","0","3","67301","0","","1.0","","1","N","N","N","0","","0","0","0","3","1","","557","3","0","0","0","0","0","0","2","0","3","0","0","0","3","03","","N","","","","","","","","","",""
"2021102849","324","1","0","0","0","0","0","0","0","0","7","0","","67","10","2021","3","39.998826","-75.080704","323","6","0","0","0","0","1","0","0","0","","0","0","0","3","3","0","N","0","0","39 59:55.772","","0","75 04:50.536","0","0","0","0","67301","0","0","0","N","0","0","0","1","68K01","0","","4.0","","9","N","N","N","0","","0","0","0","0","0","","323","1","0","0","0","0","0","0","2","0","1","0","0","0","7","","","N","","","","","","","","","",""
"2021103380","2038","1","0","0","0","0","0","0","0","0","1","1","","67","10","2021","3","39.894958","-75.19396","2026","6","0","0","0","0","0","0","0","0","","0","1","0","20","3","0","N","0","0","39 53:41.850","","0","75 11:38.256","0","0","0","0","67301","0","0","0","N","0","0","0","2","68K01","0","","1.0","","1","N","N","N","0","","0","0","0","0","0","","2024","2","0","0","0","0","0","0","2","0","2","0","0","0","3","03","","N","","","","","","","","","",""
"2021101777","1436","0","0","0","0","0","0","0","0","0","5","1","","67","10","2021","5","39.966484","-75.135663","1432","6","0","0","0","0","0","0","1","0","","0","1","0","14","1","1","N","0","0","39 57:59.343","","0","75 08:08.388","3","0","0","0","67301","0","0","0","N","0","0","0","1","68K01","0","","2.0","","1","N","N","N","0","","1","0","0","0","0","","1431","1","1","1","0","0","0","0","2","0","1","0","0","0","3","","","N","","","","","","","","","",""
"2021093934","220","1","0","0","0","0","0","0","0","0","7","0","","67","10","2021","1","40.028447","-75.109217","215","6","0","0","0","0","0","1","0","0","","0","0","0","2","3","0","N","0","2","40 01:42.409","2","0","75 06:33.181","0","0","0","0","67301","0","0","0","N","0","0","0","1","67301","0","","5.0","437.0","1","N","N","N","0","","0","0","0","0","0","Y","200","1","0","0","0","0","0","0","2","0","1","0","0","0","3","03","","N","","","","","","","","","",""
"2021101226","1726","2","0","0","0","0","0","0","0","0","5","0","","67","8","2021","3","39.983645","-75.097663","1715","6","0","0","0","0","1","0","0","0","","0","0","0","17","1","1","N","0","0","39 59:01.123","","0","75 05:51.586","8","0","0","0","67301","0","0","0","N","0","0","0","3","68K01","0","","1.0","","1","N","N","N","0","","0","0","0","0","0","","1713","2","1","0","0","0","1","0","2","0","2","0","0","0","3","","","N","","","","","","","","","",""
"2021101852","740","1","0","0","0","0","0","0","0","0","2","0","","67","10","2021","2","39.930992","-75.191789","740","6","0","0","0","0","0","0","0","0","","0","0","0","7","1","1","","1","0","39 55:51.571","","0","75 11:30.440","3","0","0","0","67301","0","0","0","N","0","0","0","3","67301","0","","1.0","","1","N","N","N","0","","1","0","1","3","3","","700","2","1","0","0","0","0","0","2","0","2","0","0","0","3","","","N","","","","","","","","","",""
"2021101165","1338","2","0","0","0","0","0","0","0","0","2","0","","67","10","2021","3","39.986044","-75.166767","1335","6","0","0","0","0","0","0","0","0","","0","0","0","13","1","2","","2","0","39 59:09.758","","0","75 10:00.361","3","0","0","0","67301","0","0","0","N","0","0","0","2","67301","0","","1.0","","1","N","N","N","0","","2","0","0","3","3","","1333","2","2","0","0","0","0","0","2","0","2","0","0","0","3","03","","N","","","","","","","","","",""
"2021101414","202","1","0","0","0","0","0","0","0","0","7","0","","67","10","2021","1","39.948077","-75.142125","152","6","0","0","1","0","0","0","0","0","","0","0","0","1","3","1","N","0","0","39 56:53.077","","0","75 08:31.649","4","0","0","0","67301","0","0","0","N","0","0","0","1","68K01","1","","4.0","","9","N","N","N","0","","0","0","0","0","0","","150","1","1","0","0","0","0","0","2","0","1","0","0","0","7","","","N","","","","","","","","","",""
"2021101415","306","1","0","0","0","0","0","0","0","0","7","0","","67","10","2021","1","39.948418","-75.142058","306","6","0","0","0","0","0","0","0","0","","0","0","0","3","3","1","N","0","2","39 56:54.306","2","0","75 08:31.407","4","0","0","0","67301","0","0","0","N","0","0","0","1","68K01","1","","4.0","35.0","9","N","N","N","0","","0","0","0","0","0","N","306","1","1","0","0","0","0","0","2","0","1","0","0","0","7","07","","N","","","","","","","","","",""
"2021097210","1440","1","0","0","0","0","0","1","0","0","5","1","","67","10","2021","7","39.937056","-75.156639","1435","6","0","0","0","0","0","0","0","0","","0","0","0","14","1","1","N","0","0","39 56:13.400","","0","75 09:23.900","4","0","0","0","67301","0","0","0","N","0","0","0","4","67508","1","","1.0","","1","N","N","Y","0","","0","0","0","0","0","","1435","2","1","1","0","0","0","1","2","0","2","0","0","0","3","03","","N","","","","","","","","","",""
"2021083696","1625","0","0","0","0","0","0","0","0","0","0","0","","67","9","2021","1","39.972069","-75.222769","1620","6","0","0","0","0","0","0","0","0","","1","0","0","16","4","0","N","0","0","39 58:19.450","","0","75 13:21.970","1","1","0","1","67301","0","0","0","N","0","0","0","1","67301","0","2","1.0","","9","N","N","N","0","0","0","0","0","0","0","","1620","1","0","0","0","0","0","0","2","0","1","0","0","0","7","07","","N","","","","","","","","","",""
"2021102235","955","1","0","0","0","0","0","1","0","0","4","2","","67","10","2021","6","39.911868","-75.172755","950","6","0","0","0","0","0","1","0","0","","0","1","0","9","1","2","","1","2","39 54:42.723","6","0","75 10:21.917","8","0","0","0","67301","0","0","0","N","0","0","0","3","67301","0","","1.0","1116.0","1","N","N","N","0","","0","0","0","3","2","Y","945","3","2","0","0","0","2","0","2","0","3","0","0","0","3","03","","N","","","","","","","","","",""
"2021101252","1150","1","0","0","0","0","0","0","0","0","5","1","","67","10","2021","3","39.967156","-75.1337","1133","6","0","0","0","0","0","0","0","0","","0","1","0","11","1","0","N","0","0","39 58:01.761","","0","75 08:01.321","0","0","0","0","67301","0","0","0","N","0","0","0","2","68K01","0","","1.0","","1","N","N","N","0","","0","0","0","0","0","","1132","2","0","0","0","0","0","0","2","0","2","0","0","0","3","","","N","","","","","","","","","",""
"2021100801","423","1","0","0","0","0","0","1","0","0","4","1","","67","10","2021","1","40.004483","-75.175294","418","6","0","0","0","0","0","0","0","0","","0","0","0","4","3","2","","2","0","40 00:16.140","","0","75 10:31.059","3","0","0","0","67301","0","0","0","N","0","0","0","3","67508","0","","1.0","","1","N","N","Y","0","","2","0","0","3","2","","418","2","2","0","0","0","0","0","2","0","2","0","0","0","2","03","","N","","","","","","","","","",""
"2021102823","700","1","0","0","0","0","0","0","0","0","8","0","","67","10","2021","4","40.095953","-74.976781","655","6","0","0","0","0","0","0","1","0","","0","0","0","6","1","1","","1","0","40 05:45.430","","0","74 58:36.413","3","0","0","0","67301","1","0","0","N","1","0","0","2","67301","0","","1.0","","1","N","N","N","0","","1","0","0","2","2","","650","2","1","0","0","0","0","0","2","0","1","1","0","0","4","","","N","","","","","","","","","",""
"2021103662","709","3","0","0","0","0","0","0","0","0","1","0","","67","10","2021","5","40.029911","-75.103076","642","6","0","0","0","0","0","1","0","0","","0","0","0","6","2","3","","5","0","40 01:47.679","","0","75 06:11.073","8","0","0","0","67301","0","0","0","N","0","0","0","3","67301","0","","1.0","","1","N","N","Y","0","","0","0","0","3","2","","641","3","3","0","0","0","3","0","2","0","3","0","0","0","3","03","","N","","","","","","","","","",""
"2021103320","1300","1","0","0","0","0","0","0","0","0","1","0","","67","9","2021","1","39.945488","-75.190371","1226","6","0","0","0","0","0","0","0","0","","0","0","0","12","1","0","N","0","1","39 56:43.757","3","0","75 11:25.334","0","0","0","0","67301","0","0","0","N","0","0","0","5","68K01","0","","1.0","1320.0","1","N","N","N","0","","0","0","1","0","0","N","1225","2","0","0","0","0","0","0","2","0","2","0","0","0","3","","","N","","","","","","","","","",""
"2021101628","234","1","0","0","0","0","0","0","0","0","4","0","","67","10","2021","1","40.057683","-75.052907","227","6","0","0","0","0","0","0","0","0","","0","0","0","2","3","0","N","0","0","40 03:27.659","","0","75 03:10.465","9","0","0","0","67301","0","0","0","N","0","0","0","1","67301","0","","4.0","","1","N","N","N","1","","0","0","0","0","0","","225","2","0","0","0","0","0","1","2","0","2","0","0","0","3","","","N","","","","","","","","","",""
"2021101833","1040","0","0","0","0","0","0","0","0","0","8","1","","67","10","2021","6","40.007056","-75.131536","1020","6","0","0","0","0","0","0","0","0","","1","1","0","10","1","0","N","0","2","40 00:25.400","5","0","75 07:53.530","1","0","0","0","67301","1","1","0","N","1","1","0","2","67301","0","2","1.0","1300.0","1","N","N","N","0","0","0","0","0","0","0","Y","1005","2","0","0","0","0","0","0","2","0","1","1","1","0","3","03","","N","","","","","","","","","",""
"2021094524","1636","0","0","0","0","0","0","0","0","0","2","1","","67","10","2021","4","40.095264","-75.015894","1636","6","0","0","0","0","0","1","0","0","","0","1","0","16","1","1","N","0","1","40 05:42.950","3","7","75 00:57.220","3","0","0","0","67301","0","0","0","N","0","0","0","2","67301","0","","1.0","1640.0","1","N","N","N","0","","1","0","1","0","0","N","1636","2","1","0","0","0","0","0","2","0","2","0","0","0","3","03","","N","","","","","","","","","",""
"2021084773","1324","0","0","0","0","0","0","0","0","0","1","1","","67","9","2021","4","39.906528","-75.137417","1316","6","0","0","0","0","0","0","0","0","","0","1","0","13","1","1","N","0","2","39 54:23.500","3","3","75 08:14.700","2","0","0","0","67301","0","0","0","N","0","0","0","3","67501","0","","1.0","1422.0","1","N","N","N","0","","0","1","2","0","0","N","1314","3","1","0","0","0","0","0","2","0","3","0","0","0","3","04","","N","","","","","","","","","",""
"2021098804","1145","2","0","0","0","0","0","0","0","0","3","0","","67","10","2021","2","39.995116","-75.127367","1130","6","0","0","0","0","0","0","0","0","","0","0","0","9","1","1","","1","0","39 59:42.417","","0","75 07:38.521","3","0","0","0","67301","0","0","0","N","0","0","0","2","67301","0","","1.0","","9","N","N","N","0","","1","0","0","0","0","","945","2","1","0","0","0","0","0","2","0","2","0","0","0","3","03","","N","","","","","","","","","",""
"2021095487","1548","3","0","0","0","0","0","0","0","0","1","0","","67","9","2021","7","39.985922","-75.093049","1535","6","0","0","0","0","0","0","0","0","","0","0","0","15","1","3","N","0","1","39 59:09.320","2","0","75 05:34.975","3","0","0","0","67301","0","0","0","N","0","0","0","6","68K01","0","","1.0","1621.0","1","N","N","N","0","","3","0","0","0","0","Y","1532","3","3","2","0","0","0","0","2","0","3","0","0","0","3","","","N","","","","","","","","","",""