"CRN","ARRIVAL_TM","AUTOMOBILE_COUNT","BELTED_DEATH_COUNT","BELTED_SUSP_SERIOUS_INJ_COUNT","BICYCLE_COUNT","BICYCLE_DEATH_COUNT","BICYCLE_SUSP_SERIOUS_INJ_COUNT","BUS_COUNT","CHLDPAS_DEATH_COUNT","CHLDPAS_SUSP_SERIOUS_INJ_COUNT","COLLISION_TYPE","COMM_VEH_COUNT","CONS_ZONE_SPD_LIM","COUNTY","CRASH_MONTH","CRASH_YEAR","DAY_OF_WEEK","DEC_LATITUDE","DEC_LONGITUDE","DISPATCH_TM","DISTRICT","DRIVER_COUNT_16YR","DRIVER_COUNT_17YR","DRIVER_COUNT_18YR","DRIVER_COUNT_19YR","DRIVER_COUNT_20YR","DRIVER_COUNT_50_64YR","DRIVER_COUNT_65_74YR","DRIVER_COUNT_75PLUS","EST_HRS_CLOSED","FATAL_COUNT","HEAVY_TRUCK_COUNT","HORSE_BUGGY_COUNT","HOUR_OF_DAY","ILLUMINATION","INJURY_COUNT","INTERSECTION_RELATED","INTERSECT_TYPE","LANE_CLOSED","LATITUDE","LN_CLOSE_DIR","LOCATION_TYPE","LONGITUDE","MAX_SEVERITY_LEVEL","MCYCLE_DEATH_COUNT","MCYCLE_SUSP_SERIOUS_INJ_COUNT","MOTORCYCLE_COUNT","MUNICIPALITY","NONMOTR_COUNT","NONMOTR_DEATH_COUNT","NONMOTR_SUSP_SERIOUS_INJ_COUNT","NTFY_HIWY_MAINT","PED_COUNT","PED_DEATH_COUNT","PED_SUSP_SERIOUS_INJ_COUNT","PERSON_COUNT","POLICE_AGCY","POSSIBLE_INJ_COUNT","RDWY_SURF_TYPE_CD","RELATION_TO_ROAD","ROADWAY_CLEARED","ROAD_CONDITION","SCH_BUS_IND","SCH_ZONE_IND","SECONDARY_CRASH","SMALL_TRUCK_COUNT","SPEC_JURIS_CD","SUSP_MINOR_INJ_COUNT","SUSP_SERIOUS_INJ_COUNT","SUV_COUNT","TCD_FUNC_CD","TCD_TYPE","TFC_DETOUR_IND","TIME_OF_DAY","TOTAL_UNITS","TOT_INJ_COUNT","UNBELTED_OCC_COUNT","UNB_DEATH_COUNT","UNB_SUSP_SERIOUS_INJ_COUNT","UNK_INJ_DEG_COUNT","UNK_INJ_PER_COUNT","URBAN_RURAL","VAN_COUNT","VEHICLE_COUNT","VULNERABLE_ROAD_USER_COUNT","VULNERABLE_ROAD_USER_DEATH_COUNT","VULNERABLE_ROAD_USER_SER_INJ_COUNT","WEATHER1","WEATHER2","WORKERS_PRES","WORK_ZONE_IND","WORK_ZONE_LOC","WORK_ZONE_TYPE","WZ_CLOSE_DETOUR","WZ_FLAGGER","WZ_LAW_OFFCR_IND","WZ_LN_CLOSURE","WZ_MOVING","WZ_OTHER","WZ_SHLDER_MDN","WZ_WORKERS_INJ_KILLED"
"2021093559","520","1","0","0","0","0","0","1","0","0","4","1","","67","9","2021","3","39.993079","-75.147887","510","6","0","0","1","0","0","0","0","0","","0","0","0","5","3","1","","1","0","39 59:35.083","","0","75 08:52.393","4","0","0","0","67301","0","0","0","N","0","0","0","2","67508","1","","1.0","","1","N","N","Y","0","","0","0","0","3","2","","510","2","1","0","0","0","0","0","2","0","2","0","0","0","3","03","","N","","","","","","","","","",""
"2021099623","1555","0","0","0","0","0","0","0","0","0","4","0","","67","10","2021","2","39.922336","-75.183561","1550","6","0","0","0","0","1","1","0","0","","0","0","0","15","1","3","","1","0","39 55:20.409","","0","75 11:00.819","3","0","0","0","67301","0","0","0","N","0","0","0","3","67301","0","","1.0","","1","N","Y","N","0","","2","0","2","3","3","","1545","2","3","0","0","0","1","0","2","0","2","0","0","0","3","","","N","","","","","","","","","",""
"2021100287","947","1","0","0","0","0","0","1","0","0","1","1","","67","9","2021","2","39.916356","-75.181256","947","6","0","0","0","0","0","0","0","0","","1","0","0","9","1","1","N","0","0","39 54:58.880","","0","75 10:52.520","1","0","0","0","67301","0","0","0","N","0","0","0","2","67301","0","2","6.0","","1","N","N","N","0","9","1","0","0","3","2","","947","2","1","2","1","0","0","0","2","0","2","0","0","0","3","03","","N","","","","","","","","","",""
"2021099203","157","0","0","0","0","0","0","0","0","0","7","0","","67","10","2021","1","39.959875","-75.178798","156","6","0","0","0","0","0","0","0","0","","0","0","0","1","3","1","N","0","0","39 57:35.549","","0","75 10:43.671","3","0","0","0","67301","0","0","0","N","0","0","0","1","68K01","0","","7.0","","9","N","N","N","1","","1","0","0","0","0","","153","1","1","0","0","0","0","0","2","0","1","0","0","0","7","","","N","","","","","","","","","",""
"2021098666","1416","0","0","0","0","0","0","0","0","0","8","1","","67","10","2021","6","39.950318","-75.147259","1411","6","0","0","0","0","0","0","0","1","","0","1","0","14","1","1","","1","1","39 57:01.144","3","0","75 08:50.131","2","0","0","0","67301","1","0","1","N","1","0","1","2","67301","0","","1.0","1450.0","1","N","N","N","0","","0","1","0","3","2","Y","1409","2","1","0","0","0","0","0","2","0","1","1","0","1","3","03","","N","","","","","","","","","",""
"2021095485","901","2","0","0","0","0","0","0","0","0","1","0","","67","9","2021","2","39.948209","-75.186138","855","6","0","0","0","0","0","1","0","0","","0","0","0","8","1","2","N","0","0","39 56:53.551","","0","75 11:10.098","3","0","0","0","67301","0","0","0","N","0","0","0","4","68K01","0","","1.0","","1","N","N","N","0","","2","0","1","0","0","","853","3","2","0","0","0","0","0","2","0","3","0","0","0","3","03","","N","","","","","","","","","",""
"2021100507","1529","0","0","0","0","0","0","1","0","0","8","1","","67","10","2021","5","40.053245","-75.157694","1529","6","0","0","0","0","0","1","0","0","","0","0","0","15","1","1","","1","0","40 03:11.682","","0","75 09:27.698","3","0","0","0","67301","1","0","0","N","1","0","0","2","67301","0","","1.0","","1","Y","N","N","0","","1","0","0","3","3","","1525","2","1","0","0","0","0","0","2","0","1","1","0","0","3","03","","N","","","","","","","","","",""
"2021094394","1115","1","0","0","0","0","0","0","0","0","1","1","","67","10","2021","3","40.024507","-75.130849","1039","6","0","0","0","0","0","1","0","0","","0","1","0","7","1","0","N","0","0","40 01:28.225","","0","75 07:51.057","9","0","0","0","67301","0","0","0","N","0","0","0","2","67301","0","","1.0","","1","N","N","N","0","","0","0","0","0","0","","750","2","0","0","0","0","0","1","2","0","2","0","0","0","4","","","N","","","","","","","","","",""
"2021094392","30","2","0","0","0","0","0","0","0","0","1","0","","67","10","2021","4","39.972425","-75.160975","28","6","0","0","0","0","0","0","0","0","","0","0","0","0","3","0","N","0","0","39 58:20.730","","0","75 09:39.510","0","0","0","0","67301","0","0","0","N","0","0","0","3","67301","0","","1.0","","1","N","N","N","0","","0","0","0","0","0","","20","2","0","1","0","0","0","0","2","0","2","0","0","0","3","03","","N","","","","","","","","","",""
"2021099180","2148","1","0","0","0","0","0","0","0","0","1","0","45","67","9","2021","3","39.914764","-75.147841","2148","6","0","0","0","0","0","0","0","1","","0","0","0","21","2","1","N","0","1","39 54:53.152","1","0","75 08:52.226","3","0","0","0","67301","0","0","0","N","0","0","0","2","68K01","0","","1.0","30.0","1","N","N","N","1","","1","0","0","0","0","N","2133","2","1","0","0","0","0","0","2","0","2","0","0","0","98","","Y","Y","2","2","N","N","Y","Y","N","N","Y","N"
"2021095113","1921","1","0","0","0","0","0","0","0","0","1","0","","67","10","2021","6","40.009178","-75.067684","1917","6","0","0","0","0","0","0","0","0","","0","0","0","19","3","0","N","0","1","40 00:33.042","2","0","75 04:03.663","9","0","0","0","67301","0","0","0","N","0","0","0","3","68K01","0","","1.0","2018.0","1","N","N","N","0","","0","0","0","0","0","N","1912","2","0","0","0","0","0","1","2","0","2","0","0","0","3","","","N","","","","","","","","","",""
"2021094290","1705","1","0","0","0","0","0","0","0","0","4","0","","67","10","2021","2","39.979183","-75.127364","1701","6","0","0","0","0","0","0","2","0","","0","0","0","16","1","0","","1","0","39 58:45.059","","0","75 07:38.512","0","0","0","0","67301","0","0","0","N","0","0","0","2","67301","0","","1.0","","1","N","N","N","0","","0","0","1","3","3","","1630","2","0","0","0","0","0","0","2","0","2","0","0","0","3","","","N","","","","","","","","","",""
"2021099552","1455","1","0","0","0","0","0","0","0","0","4","0","","67","10","2021","1","40.049102","-75.235569","1455","6","0","0","0","0","0","0","0","0","","0","0","0","2","3","1","N","0","0","40 02:56.766","","0","75 14:08.048","3","0","0","0","67301","0","0","0","N","0","0","0","2","67301","0","","1.0","","1","N","N","N","0","","1","0","1","0","0","","200","2","1","0","0","0","0","0","2","0","2","0","0","0","3","03","","N","","","","","","","","","",""
"2021094708","1345","2","0","0","0","0","0","0","0","0","2","0","","67","10","2021","6","40.005669","-75.169058","1336","6","0","0","0","0","0","0","0","0","","0","0","0","13","1","0","N","0","0","40 00:20.410","","0","75 10:08.610","9","0","0","0","67301","0","0","0","N","0","0","0","1","67301","0","","2.0","","1","N","N","N","0","","0","0","1","0","0","","1325","3","0","0","0","0","0","1","2","0","3","0","0","0","3","","","N","","","","","","","","","",""
"2021099351","303","0","0","0","0","0","0","0","0","0","7","0","","67","10","2021","1","40.043464","-75.088747","303","6","0","0","0","0","0","0","0","0","","0","0","0","2","3","1","N","0","2","40 02:36.472","5","0","75 05:19.490","4","0","0","0","67301","0","0","0","N","0","0","0","1","67301","1","","2.0","1200.0","1","N","N","N","0","","0","0","1","0","0","Y","250","1","1","0","0","0","0","0","2","0","1","0","0","0","4","04","","N","","","","","","","","","",""
"2021039348","1600","0","0","0","0","0","0","0","0","0","1","0","","67","5","2021","7","40.102738","-75.061404","1458","6","0","0","0","0","0","0","1","0","","0","0","0","14","1","1","","2","0","40 06:09.856","","0","75 03:41.054","8","0","0","0","67301","0","0","0","N","0","0","0","2","46101","0","","1.0","","1","N","N","N","0","","0","0","1","0","0","","1455","2","1","0","0","0","1","0","2","1","2","0","0","0","3","03","","N","","","","","","","","","",""
"2021098381","2330","2","0","0","0","0","0","0","0","0","2","0","","67","10","2021","3","40.0626","-75.17081","2315","6","0","0","0","1","0","0","0","0","","0","0","0","23","3","1","","1","0","40 03:45.360","","0","75 10:14.916","4","0","0","0","67301","0","0","0","N","0","0","0","3","67301","1","","1.0","","1","N","N","N","0","","0","0","0","3","2","","2315","2","1","0","0","0","0","0","2","0","2","0","0","0","3","","","N","","","","","","","","","",""
"2021100701","1640","1","0","0","0","0","0","0","0","0","1","0","","67","10","2021","3","39.930288","-75.227638","1635","6","0","0","1","0","0","0","0","0","","0","0","0","16","1","1","Y","1","0","39 55:49.036","","0","75 13:39.496","8","0","0","0","67301","0","0","0","N","0","0","0","3","67301","0","","1.0","","1","N","N","N","0","","0","0","2","3","1","","1630","3","1","2","0","0","1","0","2","0","3","0","0","0","3","","","N","","","","","","","","","",""
"2021097957","2148","2","0","0","0","0","0","0","0","0","2","0","","67","10","2021","5","40.00468","-75.152126","2148","6","0","0","0","0","0","0","0","1","","0","0","0","21","3","0","N","1","0","40 00:16.847","","0","75 09:07.652","9","0","0","0","67301","0","0","0","N","0","0","0","2","67505","0","","1.0","","1","N","N","N","0","","0","0","0","3","2","","2148","2","0","0","0","0","0","1","2","0","2","0","0","0","3","03","","N","","","","","","","","","",""
"2021089570","540","0","0","0","0","0","0","0","0","0","7","0","","67","9","2021","2","39.996919","-75.23564","535","6","0","0","0","0","0","1","0","0","","0","0","0","5","3","1","N","0","2","39 59:48.908","5","0","75 14:08.305","8","0","0","0","67301","0","0","0","N","0","0","0","1","46104","0","","5.0","715.0","9","N","N","N","0","","0","0","0","0","0","Y","535","1","1","1","0","0","1","0","2","1","1","0","0","0","4","","","N","","","","","","","","","",""
"2021037835","1515","0","0","0","0","0","0","0","0","0","1","0","","67","4","2021","4","39.989393","-75.251762","1512","6","0","0","0","0","0","1","0","0","","0","0","0","15","1","2","Y","0","1","39 59:21.814","2","0","75 15:06.343","4","0","0","0","67301","0","0","0","N","0","0","0","4","46104","2","","1.0","1600.0","1","N","N","N","0","","0","0","2","3","2","N","1512","3","2","0","0","0","0","0","2","1","3","0","0","0","3","03","","N","","","","","","","","","",""
"2021099516","1038","1","0","0","0","0","0","0","0","0","4","0","","67","10","2021","1","40.006071","-75.193561","1033","6","0","0","0","0","0","0","0","0","","0","0","0","10","1","0","","7","1","40 00:21.857","1","8","75 11:36.821","0","0","0","0","67301","0","0","0","N","0","0","0","1","67301","0","","1.0","1054.0","1","N","N","N","0","","0","0","1","0","0","N","1030","2","0","0","0","0","0","0","2","0","2","0","0","0","3","","","N","","","","","","","","","",""
"2021094162","1802","2","0","0","0","0","0","0","0","0","2","0","","67","10","2021","7","39.989845","-75.125417","1802","6","0","0","0","0","0","0","0","0","","0","0","0","23","3","1","","1","9","39 59:23.441","","0","75 07:31.502","8","0","0","0","67301","0","0","0","N","0","0","0","2","67301","0","","1.0","","99","N","N","N","0","","0","0","0","3","2","U","2330","2","1","0","0","0","1","0","2","0","2","0","0","0","99","","","N","","","","","","","","","",""
"2021100887","1050","0","0","0","0","0","0","0","0","0","2","0","","67","10","2021","6","40.032769","-75.180669","1048","6","0","0","0","0","0","1","0","0","","0","0","0","10","1","1","N","0","0","40 01:57.969","","0","75 10:50.408","3","0","0","0","67301","0","0","0","N","0","0","0","2","67301","0","","1.0","","1","N","N","N","0","","1","0","2","0","0","","1004","2","1","2","0","0","0","0","2","0","2","0","0","0","3","","","N","","","","","","","","","",""
"2021070540","1700","0","0","0","0","0","0","0","0","0","8","0","","67","7","2021","5","40.022857","-75.137137","1653","6","0","0","0","0","0","0","0","0","","0","0","0","16","1","1","N","0","1","40 01:22.285","2","0","75 08:13.693","3","0","0","0","67301","1","0","0","N","1","0","0","2","67301","0","","1.0","1720.0","1","N","N","N","0","","1","0","1","0","0","Y","1648","2","1","0","0","0","0","0","2","0","1","1","0","0","3","03","","N","","","","","","","","","",""
"2021063434","643","0","0","0","0","0","0","0","0","0","7","0","","67","7","2021","6","39.912417","-75.173917","641","6","1","0","0","0","0","0","0","0","","0","0","0","6","1","1","N","0","2","39 54:44.700","2","2","75 10:26.100","3","0","0","0","67301","0","0","0","N","0","0","0","2","67501","0","","4.0","810.0","9","N","N","N","0","","1","0","1","0","0","Y","641","1","1","0","0","0","0","0","2","0","1","0","0","0","3","","","N","","","","","","","","","",""
"2021094114","920","1","0","0","0","0","0","1","0","0","4","1","","67","9","2021","2","39.974368","-75.239942","915","6","0","0","0","0","0","1","0","0","","0","0","0","9","1","1","","1","0","39 58:27.724","","0","75 14:23.791","8","0","0","0","67301","0","0","0","N","0","0","0","3","67508","0","","1.0","","1","N","N","Y","0","","0","0","0","3","3","","915","2","1","0","0","0","1","0","2","0","2","0","0","0","3","03","","N","","","","","","","","","",""
"2021099040","823","1","0","0","0","0","0","0","0","0","4","0","","67","10","2021","2","39.987384","-75.152147","817","6","0","0","0","0","0","0","0","0","","0","0","0","8","1","1","N","1","0","39 59:14.582","","0","75 09:07.730","3","0","0","0","67301","0","0","0","N","0","0","0","2","67301","0","","1.0","","1","N","N","Y","1","","1","0","0","3","3","","817","2","1","0","0","0","0","0","2","0","2","0","0","0","3","","","N","","","","","","","","","",""
"2021094706","830","1","0","0","0","0","0","0","0","0","4","1","90","67","9","2021","4","40.003525","-75.16786","826","6","0","0","0","0","0","1","0","0","","0","1","0","8","1","1","N","0","1","40 00:12.690","3","0","75 10:04.297","3","0","0","0","67301","0","0","0","N","0","0","0","2","67301","0","","2.0","934.0","1","N","N","N","0","","1","0","0","0","0","N","820","2","1","0","0","0","0","0","2","0","2","0","0","0","3","03","Y","Y","4","3","N","N","N","N","N","Y","Y","N"
"2021100762","2241","3","0","0","0","0","0","0","0","0","1","0","","67","10","2021","7","39.992163","-75.085571","2227","6","0","0","0","0","0","0","1","0","","0","0","0","22","3","1","N","0","1","39 59:31.787","1","0","75 05:08.054","8","0","0","0","67301","0","0","0","N","0","0","0","4","68K01","0","","1.0","2330.0","1","N","N","N","0","","0","0","0","0","0","N","2215","3","1","1","0","0","1","0","2","0","3","0","0","0","3","","","N","","","","","","","","","",""
"2021100338","2352","0","0","0","0","0","0","0","0","0","2","0","","67","10","2021","5","39.965777","-75.136294","2346","6","0","0","0","0","0","0","0","0","","0","0","0","23","3","0","N","0","1","39 57:56.796","1","0","75 08:10.659","0","0","0","0","67301","0","0","0","N","0","0","0","2","68K01","0","","2.0","1202.0","1","N","N","N","0","","0","0","1","0","0","N","2338","1","0","0","0","0","0","0","2","0","1","0","0","0","3","03","","N","","","","","","","","","",""
"2021098781","1832","1","0","0","0","0","0","0","0","0","4","1","","67","10","2021","5","40.057936","-75.142286","1832","6","0","0","0","0","0","0","0","0","","0","1","0","18","3","2","","1","0","40 03:28.569","","0","75 08:32.229","3","0","0","0","67301","0","0","0","N","0","0","0","2","67301","1","","1.0","","1","N","N","N","0","","1","0","0","3","3","","1832","2","2","0","0","0","0","0","2","0","2","0","0","0","3","","","N","","","","","","","","","",""
"2021100684","1001","1","0","0","0","0","0","0","0","0","7","1","","67","10","2021","2","40.015873","-75.153841","1001","6","0","0","0","0","0","0","0","0","","0","0","0","9","1","0","","1","0","40 00:57.144","","0","75 09:13.828","9","0","0","0","67301","0","0","0","N","0","0","0","1","67301","0","","4.0","","1","N","N","N","0","","0","0","0","3","2","","930","2","0","0","0","0","0","1","2","0","2","0","0","0","3","03","","N","","","","","","","","","",""
"2021100374","1653","1","0","0","0","0","0","0","0","0","2","0","","67","10","2021","7","39.967853","-75.131334","1641","6","0","0","0","0","0","0","0","0","","0","0","0","16","1","1","N","0","1","39 58:04.270","2","0","75 07:52.803","3","0","0","0","67301","0","0","0","N","0","0","0","2","68K01","0","","1.0","1700.0","1","N","N","N","0","","1","0","1","0","0","N","1639","2","1","0","0","0","0","0","2","0","2","0","0","0","4","04","","N","","","","","","","","","",""
"2021100655","30","1","0","0","0","0","0","0","0","0","7","0","","67","10","2021","5","40.011671","-75.069854","30","6","0","0","0","0","0","0","0","0","","0","0","0","0","3","0","","1","2","40 00:42.017","6","0","75 04:11.475","0","0","0","0","67301","0","0","0","N","0","0","0","0","67301","0","","2.0","121.0","1","N","N","N","0","","0","0","0","3","3","Y","1","1","0","0","0","0","0","0","2","0","1","0","0","0","3","","","N","","","","","","","","","",""
"2021095541","1815","1","0","0","0","0","0","0","0","0","4","0","","67","10","2021","4","39.933561","-75.145099","1810","6","0","0","0","0","0","0","0","0","","0","0","0","18","4","1","N","0","0","39 56:00.820","","0","75 08:42.356","3","0","0","0","67301","0","0","0","N","0","0","0","2","67301","0","","1.0","","1","N","N","N","0","","1","0","0","3","2","","1800","2","1","0","0","0","0","1","2","0","2","0","0","0","3","03","","N","","","","","","","","","",""
"2021069769","1810","1","0","0","0","0","0","0","0","0","4","0","","67","7","2021","4","39.958503","-75.148724","1803","6","0","0","0","0","0","1","0","0","","0","0","0","17","1","1","","1","0","39 57:30.611","","0","75 08:55.408","4","0","0","0","67301","0","0","0","N","0","0","0","2","67301","1","","1.0","","1","N","N","N","0","","0","0","1","3","3","","1745","2","1","0","0","0","0","0","2","0","2","0","0","0","3","03","","N","","","","","","","","","",""
"2021064236","722","1","0","0","0","0","0","0","0","0","7","0","","67","7","2021","1","39.8926","-75.222683","719","6","0","0","0","0","0","0","0","0","","0","0","0","5","1","0","N","0","1","39 53:33.360","1","0","75 13:21.660","0","0","0","0","67301","0","0","0","N","0","0","0","1","67301","0","","4.0","200.0","1","N","N","Y","0","","0","0","0","3","2","N","500","1","0","0","0","0","0","0","2","0","1","0","0","0","4","04","","N","","","","","","","","","",""
"2021070473","2357","1","0","0","0","0","0","0","0","0","4","0","","67","7","2021","4","39.966852","-75.245939","2355","6","0","0","0","0","0","1","0","0","","0","0","0","22","3","4","N","0","1","39 58:00.667","2","7","75 14:45.380","8","0","0","0","67301","0","0","0","N","0","0","0","5","67301","0","","1.0","300.0","1","N","N","N","0","","0","0","0","0","0","N","2253","2","4","0","0","0","4","1","2","1","2","0","0","0","3","03","","N","","","","","","","","","",""
"2021099782","254","2","0","0","0","0","0","0","0","0","5","0","","67","10","2021","3","40.014326","-75.070851","251","6","0","0","0","0","0","0","0","0","","0","0","0","2","3","1","","1","1","40 00:51.572","7","0","75 04:15.064","8","0","0","0","67301","0","0","0","N","0","0","0","1","67301","0","","1.0","45.0","1","N","N","N","0","","0","0","1","3","2","N","245","3","1","0","0","0","1","0","2","0","3","0","0","0","3","","","N","","","","","","","","","",""
"2021100698","2029","2","0","0","0","0","0","0","0","0","8","0","","67","10","2021","7","39.938417","-75.216089","2028","6","0","0","0","0","0","0","0","0","","0","0","0","20","3","1","N","0","0","39 56:18.300","","0","75 12:57.920","2","0","0","0","67301","1","0","1","N","1","0","1","2","67301","0","","1.0","","9","N","N","N","0","","0","1","0","0","0","","2020","3","1","0","0","0","0","0","2","0","2","1","0","1","7","04","","N","","","","","","","","","",""
"2021061166","2320","2","0","0","0","0","0","0","0","0","4","0","","67","7","2021","5","40.004639","-75.151528","2315","6","0","0","0","0","0","0","0","0","","0","0","0","23","6","1","N","0","0","40 00:16.700","","7","75 09:05.500","3","0","0","0","67301","0","0","0","N","0","0","0","2","67505","0","","1.0","","9","N","N","Y","0","","1","0","0","0","0","","2315","2","1","0","0","0","0","0","2","0","2","0","0","0","7","07","","N","","","","","","","","","",""
"2021098895","2345","0","0","0","0","0","0","0","0","0","8","0","","67","10","2021","7","39.981577","-75.180262","2340","6","0","0","0","0","0","0","0","0","","0","0","0","22","3","1","","1","0","39 58:53.677","","0","75 10:48.943","3","0","0","0","67301","1","0","0","N","1","0","0","1","67301","0","","1.0","","1","N","N","N","0","","1","0","0","3","2","","2234","2","1","0","0","0","0","0","2","0","1","1","0","0","3","03","","N","","","","","","","","","",""
"2021064297","1247","1","0","0","0","0","0","0","0","0","4","0","","67","7","2021","7","39.957292","-75.247874","1240","6","0","0","0","0","0","1","0","0","","0","0","0","12","1","3","","1","0","39 57:26.251","","0","75 14:52.347","3","0","0","0","67301","0","0","0","N","0","0","0","6","67301","0","","1.0","","1","N","N","N","0","","3","0","2","3","2","","1239","3","3","0","0","0","0","0","2","0","3","0","0","0","3","03","","N","","","","","","","","","",""
"2021064150","922","1","0","0","0","0","0","0","0","0","4","0","","67","7","2021","2","40.006168","-75.151802","919","6","0","0","0","0","1","0","0","0","","0","0","0","9","1","0","","1","1","40 00:22.203","1","0","75 09:06.487","9","0","0","0","67301","0","0","0","N","0","0","0","4","67505","0","","1.0","945.0","1","N","N","Y","0","","0","0","1","3","2","Y","919","2","0","1","0","0","0","1","2","0","2","0","0","0","3","03","","N","","","","","","","","","",""
"2021088273","1527","1","0","0","0","0","0","0","0","0","1","0","","67","9","2021","1","40.099586","-75.058186","1514","6","0","0","0","0","0","1","0","0","","0","0","0","14","1","1","N","0","0","40 05:58.510","","0","75 03:29.470","3","0","0","0","67301","0","0","0","N","0","0","0","1","67301","0","","1.0","","1","N","N","N","1","","1","0","0","0","0","","1430","2","1","1","0","0","0","0","2","0","2","0","0","0","3","03","","N","","","","","","","","","",""
"2021064694","2018","1","0","0","0","0","0","0","0","0","7","0","","67","7","2021","5","39.912111","-75.173861","2016","6","0","0","0","0","0","0","0","0","","0","0","0","20","3","0","N","0","2","39 54:43.600","2","2","75 10:25.900","0","0","0","0","67301","0","0","0","N","0","0","0","1","67501","0","","4.0","2045.0","1","N","N","N","0","","0","0","0","0","0","Y","2015","1","0","0","0","0","0","0","2","0","1","0","0","0","3","","","N","","","","","","","","","",""
"2021100341","329","1","0","0","0","0","0","0","0","0","4","0","","67","10","2021","1","39.960506","-75.181338","319","6","0","0","0","0","0","0","0","0","","0","0","0","3","3","1","N","0","2","39 57:37.821","4","0","75 10:52.815","3","0","0","0","67301","0","0","0","N","0","0","0","2","68K01","0","","1.0","443.0","9","N","N","Y","1","","1","0","1","3","7","Y","319","3","1","2","0","0","0","0","2","0","3","0","0","0","7","","","N","","","","","","","","","",""
"2021064612","2143","1","0","0","0","0","0","0","0","0","7","0","","67","7","2021","3","39.983798","-75.208139","2135","6","0","0","0","0","0","0","0","0","","0","0","0","21","3","0","N","0","2","39 59:01.674","4","0","75 12:29.299","0","0","0","0","67301","0","0","0","N","0","0","0","1","68K01","0","","4.0","2143.0","1","N","N","N","0","","0","0","0","0","0","N","2134","1","0","0","0","0","0","0","2","0","1","0","0","0","3","03","","N","","","","","","","","","",""
"2021063289","42","0","0","0","0","0","0","0","0","0","1","0","","67","6","2021","4","40.043385","-75.002847","33","6","0","0","0","0","0","0","0","0","","0","0","0","0","3","4","N","0","0","40 02:36.186","","0","75 00:10.250","3","0","0","0","67301","0","0","0","N","0","0","0","4","68K01","0","","1.0","","1","N","N","N","0","","4","0","2","0","0","","30","2","4","0","0","0","0","0","2","0","2","0","0","0","3","","","N","","","","","","","","","",""
"2021070477","2240","0","0","0","0","0","0","0","0","0","8","0","","67","7","2021","4","39.980042","-75.175869","2235","6","0","0","0","0","0","0","0","0","","0","0","0","22","3","1","","1","0","39 58:48.151","","0","75 10:33.128","3","0","0","0","67301","1","0","0","N","1","0","0","4","67301","0","","1.0","","1","N","N","N","0","","1","0","0","3","3","","2230","2","1","0","0","0","0","0","2","1","1","1","0","0","3","03","","N","","","","","","","","","",""
"2021090326","229","2","0","0","0","0","0","0","0","0","4","0","","67","9","2021","7","39.978675","-75.157803","229","6","0","0","1","0","0","0","0","0","","0","0","0","2","3","0","","1","1","39 58:43.230","3","0","75 09:28.092","0","0","0","0","67301","0","0","0","N","0","0","0","2","67505","0","","1.0","300.0","1","N","N","N","0","","0","0","0","3","2","Y","229","2","0","0","0","0","0","0","2","0","2","0","0","0","3","","","N","","","","","","","","","",""
"2021090238","1658","1","0","0","0","0","0","0","0","0","1","0","","67","9","2021","2","40.011536","-75.176807","1658","6","0","0","0","0","0","0","0","0","","0","0","0","16","1","0","N","0","0","40 00:41.528","","0","75 10:36.506","0","0","0","0","67301","0","0","0","N","0","0","0","3","67301","0","","1.0","","1","N","N","N","0","","0","0","2","3","2","","1645","3","0","0","0","0","0","0","2","0","3","0","0","0","3","03","","N","","","","","","","","","",""
"2021099838","1015","1","0","0","0","0","0","0","0","0","2","0","","67","10","2021","3","39.987616","-75.178948","1001","6","0","0","0","0","0","0","0","0","","0","0","0","9","1","1","","1","0","39 59:15.417","","0","75 10:44.212","3","0","0","0","67301","0","0","0","N","0","0","0","1","67301","0","","1.0","","1","N","N","N","0","","1","0","0","3","2","","952","2","1","0","0","0","0","0","2","0","2","0","0","0","3","03","","N","","","","","","","","","",""
"2021100748","1005","1","0","0","0","0","0","0","0","0","98","0","","67","10","2021","1","40.040129","-75.006346","951","6","0","0","0","0","0","0","0","0","","0","0","0","9","1","0","N","0","0","40 02:24.464","","0","75 00:22.847","9","0","0","0","67301","0","0","0","N","0","0","0","2","68K01","0","","9.0","","1","N","N","N","0","","0","0","0","0","0","","942","2","0","0","0","0","0","1","2","0","2","0","0","0","3","","","N","","","","","","","","","",""
"2021070550","2039","1","0","0","0","0","0","0","0","0","4","0","","67","7","2021","5","40.007865","-75.172261","2038","6","0","0","0","0","0","1","0","0","","0","0","0","20","3","5","","1","0","40 00:28.314","","0","75 10:20.141","3","0","0","0","67301","0","0","0","N","0","0","0","5","67301","0","","1.0","","1","N","N","N","0","","5","0","1","3","2","","2038","2","5","0","0","0","0","0","2","0","2","0","0","0","3","03","","N","","","","","","","","","",""
"2021083902","158","1","0","0","0","0","0","0","0","0","4","0","","67","7","2021","1","39.959174","-75.243377","150","6","0","0","0","0","0","0","0","0","","0","0","0","1","3","3","","1","0","39 57:33.025","","0","75 14:36.157","8","0","0","0","67301","0","0","0","N","0","0","0","3","67301","0","","1.0","","1","N","N","N","1","","0","0","0","3","2","","140","2","3","0","0","0","3","0","2","0","2","0","0","0","3","03","","N","","","","","","","","","",""