"CRN","ARRIVAL_TM","AUTOMOBILE_COUNT","BELTED_DEATH_COUNT","BELTED_SUSP_SERIOUS_INJ_COUNT","BICYCLE_COUNT","BICYCLE_DEATH_COUNT","BICYCLE_SUSP_SERIOUS_INJ_COUNT","BUS_COUNT","CHLDPAS_DEATH_COUNT","CHLDPAS_SUSP_SERIOUS_INJ_COUNT","COLLISION_TYPE","COMM_VEH_COUNT","CONS_ZONE_SPD_LIM","COUNTY","CRASH_MONTH","CRASH_YEAR","DAY_OF_WEEK","DEC_LATITUDE","DEC_LONGITUDE","DISPATCH_TM","DISTRICT","DRIVER_COUNT_16YR","DRIVER_COUNT_17YR","DRIVER_COUNT_18YR","DRIVER_COUNT_19YR","DRIVER_COUNT_20YR","DRIVER_COUNT_50_64YR","DRIVER_COUNT_65_74YR","DRIVER_COUNT_75PLUS","EST_HRS_CLOSED","FATAL_COUNT","HEAVY_TRUCK_COUNT","HORSE_BUGGY_COUNT","HOUR_OF_DAY","ILLUMINATION","INJURY_COUNT","INTERSECTION_RELATED","INTERSECT_TYPE","LANE_CLOSED","LATITUDE","LN_CLOSE_DIR","LOCATION_TYPE","LONGITUDE","MAX_SEVERITY_LEVEL","MCYCLE_DEATH_COUNT","MCYCLE_SUSP_SERIOUS_INJ_COUNT","MOTORCYCLE_COUNT","MUNICIPALITY","NONMOTR_COUNT","NONMOTR_DEATH_COUNT","NONMOTR_SUSP_SERIOUS_INJ_COUNT","NTFY_HIWY_MAINT","PED_COUNT","PED_DEATH_COUNT","PED_SUSP_SERIOUS_INJ_COUNT","PERSON_COUNT","POLICE_AGCY","POSSIBLE_INJ_COUNT","RDWY_SURF_TYPE_CD","RELATION_TO_ROAD","ROADWAY_CLEARED","ROAD_CONDITION","SCH_BUS_IND","SCH_ZONE_IND","SECONDARY_CRASH","SMALL_TRUCK_COUNT","SPEC_JURIS_CD","SUSP_MINOR_INJ_COUNT","SUSP_SERIOUS_INJ_COUNT","SUV_COUNT","TCD_FUNC_CD","TCD_TYPE","TFC_DETOUR_IND","TIME_OF_DAY","TOTAL_UNITS","TOT_INJ_COUNT","UNBELTED_OCC_COUNT","UNB_DEATH_COUNT","UNB_SUSP_SERIOUS_INJ_COUNT","UNK_INJ_DEG_COUNT","UNK_INJ_PER_COUNT","URBAN_RURAL","VAN_COUNT","VEHICLE_COUNT","VULNERABLE_ROAD_USER_COUNT","VULNERABLE_ROAD_USER_DEATH_COUNT","VULNERABLE_ROAD_USER_SER_INJ_COUNT","WEATHER1","WEATHER2","WORKERS_PRES","WORK_ZONE_IND","WORK_ZONE_LOC","WORK_ZONE_TYPE","WZ_CLOSE_DETOUR","WZ_FLAGGER","WZ_LAW_OFFCR_IND","WZ_LN_CLOSURE","WZ_MOVING","WZ_OTHER","WZ_SHLDER_MDN","WZ_WORKERS_INJ_KILLED"
"2021063670","112","1","0","0","0","0","0","0","0","0","4","0","","67","7","2021","7","39.977255","-75.158096","110","6","0","0","0","0","0","0","0","0","","0","0","0","1","3","0","","1","1","39 58:38.118","2","0","75 09:29.146","9","0","0","0","67301","0","0","0","N","0","0","0","2","67505","0","","1.0","155.0","1","N","N","N","0","","0","0","1","3","2","N","100","2","0","0","0","0","0","1","2","0","2","0","0","0","3","98","","N","","","","","","","","","",""
"2021089922","1604","1","0","0","0","0","0","0","0","0","4","0","","67","9","2021","5","40.015294","-75.080971","1602","6","0","0","0","0","0","0","0","0","","0","0","0","15","1","1","","1","2","40 00:55.060","4","0","75 04:51.496","3","0","0","0","67301","0","0","0","N","0","0","0","5","67301","0","","1.0","1642.0","9","N","N","Y","0","","1","0","0","3","3","Y","1559","2","1","0","0","0","0","1","2","1","2","0","0","0","7","","","N","","","","","","","","","",""
"2021087664","2204","0","0","0","0","0","0","0","0","0","1","1","","67","9","2021","4","39.953154","-75.248748","2204","6","0","0","0","0","0","0","0","0","","0","1","0","21","3","0","","2","0","39 57:11.353","","0","75 14:55.491","9","0","0","0","67301","0","0","0","N","0","0","0","2","67301","0","","1.0","","9","N","N","N","1","","0","0","0","3","2","","2140","2","0","0","0","0","0","1","2","0","2","0","0","0","7","","","N","","","","","","","","","",""
"2021019181","924","1","0","0","0","0","0","0","0","0","1","0","","67","2","2021","5","40.049164","-75.142524","854","6","0","0","0","0","0","0","0","1","","0","0","0","8","1","1","N","0","0","40 02:56.992","","0","75 08:33.087","3","0","0","0","67301","0","0","0","N","0","0","0","2","67301","0","","1.0","","1","N","N","N","0","","1","0","1","0","0","","850","2","1","0","0","0","0","1","2","0","2","0","0","0","3","03","","N","","","","","","","","","",""
"2021068214","27","0","0","0","0","0","0","0","0","0","5","0","45","67","7","2021","7","40.01243","-75.059057","2357","6","0","0","0","0","0","0","0","0","","0","0","0","23","3","1","N","0","0","40 00:44.748","","0","75 03:32.605","3","0","0","0","67301","0","0","0","N","0","0","0","4","68K01","0","","1.0","","1","N","N","N","1","","1","0","0","0","0","","2333","2","1","0","0","0","0","0","2","1","2","0","0","0","3","","N","Y","4","1","","","N","","","","Y","N"
"2021061766","1541","2","0","0","0","0","0","0","0","0","1","0","","67","7","2021","7","39.908306","-75.147028","1536","6","0","1","0","0","1","0","0","0","","0","0","0","15","1","0","N","0","2","39 54:29.900","4","3","75 08:49.300","9","0","0","0","67301","0","0","0","N","0","0","0","3","67501","0","","1.0","1625.0","9","N","N","N","0","","0","0","0","2","8","N","1536","2","0","0","0","0","0","1","2","0","2","0","0","0","7","07","","N","","","","","","","","","",""
"2021063660","2255","0","0","0","0","0","0","0","0","0","8","0","","67","7","2021","6","39.953511","-75.197637","2252","6","0","0","0","0","0","1","0","0","","0","0","0","22","3","1","N","0","2","39 57:12.638","4","0","75 11:51.493","3","0","0","0","67301","1","0","0","N","1","0","0","2","67504","0","","1.0","2315.0","1","N","N","N","0","","1","0","1","0","0","N","2252","2","1","0","0","0","0","0","2","0","1","1","0","0","3","03","","N","","","","","","","","","",""
"2021092283","1107","1","0","0","0","0","0","0","0","0","5","1","","67","9","2021","6","39.953306","-75.145","1055","6","0","0","0","0","0","0","0","0","","0","1","0","10","1","0","N","0","0","39 57:11.900","","0","75 08:42.000","0","0","0","0","67301","0","0","0","N","0","0","0","3","67508","0","","6.0","","1","N","N","Y","0","","0","0","0","0","0","","1055","2","0","1","0","0","0","0","2","0","2","0","0","0","98","03","","N","","","","","","","","","",""
"2021069840","1836","1","0","0","0","0","0","0","0","0","4","0","","67","7","2021","4","40.008653","-75.068846","1832","6","0","0","0","0","0","0","0","0","","0","0","0","18","1","2","","1","0","40 00:31.151","","0","75 04:07.847","3","0","0","0","67301","0","0","0","N","0","0","0","3","67301","0","","1.0","","1","N","N","N","0","","2","0","1","3","2","","1830","2","2","0","0","0","0","0","2","0","2","0","0","0","3","03","","N","","","","","","","","","",""
"2021092553","2145","2","0","0","0","0","0","0","0","0","4","0","","67","9","2021","7","40.035824","-75.174723","2145","6","0","0","0","0","0","0","0","0","","0","0","0","21","3","4","","1","0","40 02:08.965","","0","75 10:29.001","3","0","0","0","67301","0","0","0","N","0","0","0","4","67301","0","","1.0","","1","N","N","N","0","","4","0","0","3","2","","2123","2","4","0","0","0","0","0","2","0","2","0","0","0","3","03","","N","","","","","","","","","",""
"2021089879","2059","0","0","0","0","0","0","0","0","0","7","1","45","67","9","2021","4","40.006103","-75.074491","2042","6","0","0","0","0","0","0","0","0","","0","1","0","20","1","0","N","0","0","40 00:21.969","","0","75 04:28.166","0","0","0","0","67301","0","0","0","N","0","0","0","1","68K01","0","","2.0","","1","N","N","N","0","","0","0","0","0","0","","2041","1","0","0","0","0","0","0","2","0","1","0","0","0","3","03","N","Y","2","2","","","N","","","","Y","N"
"2021070509","1253","3","0","0","0","0","0","0","0","0","1","0","","67","7","2021","7","40.023722","-75.124","1252","6","0","0","0","0","0","0","0","0","","0","0","0","12","1","1","N","0","0","40 01:25.400","","0","75 07:26.400","3","0","0","0","67301","0","0","0","N","0","0","0","2","67301","0","","1.0","","1","N","N","N","0","","1","0","0","3","2","","1249","3","1","0","0","0","0","0","2","0","3","0","0","0","3","03","","N","","","","","","","","","",""
"2021062950","2109","0","0","0","0","0","0","0","0","0","1","0","45","67","7","2021","3","40.024417","-75.030979","2100","6","0","0","0","0","0","0","0","0","","0","0","0","20","3","1","N","0","1","40 01:27.901","2","3","75 01:51.524","8","0","0","0","67301","0","0","0","N","0","0","0","3","68K01","0","","1.0","2130.0","1","N","N","N","0","","0","0","2","0","0","N","2056","2","1","0","0","0","1","0","2","0","2","0","0","0","3","03","Y","Y","2","1","N","N","Y","Y","N","N","Y","N"
"2021064326","230","2","0","0","0","0","0","0","0","0","4","0","","67","7","2021","7","39.994545","-75.159318","230","6","0","0","1","0","0","0","0","0","","0","0","0","2","3","1","","1","0","39 59:40.362","","0","75 09:33.546","3","0","0","0","67301","0","0","0","N","0","0","0","3","67301","0","","1.0","","1","N","N","N","0","","1","0","0","3","2","","221","2","1","3","0","0","0","1","2","0","2","0","0","0","3","03","","N","","","","","","","","","",""
"2021070425","713","1","0","0","0","0","0","0","0","0","4","0","","67","7","2021","5","40.035307","-75.059747","710","6","0","0","0","0","0","0","0","0","","0","0","0","6","1","1","","1","0","40 02:07.105","","0","75 03:35.089","3","0","0","0","67301","0","0","0","N","0","0","0","2","67301","0","","1.0","","1","N","N","N","1","","1","0","0","3","3","","620","2","1","0","0","0","0","1","2","0","2","0","0","0","3","03","","N","","","","","","","","","",""
"2021087111","1200","1","0","0","0","0","0","0","0","0","5","0","","67","6","2021","6","39.948833","-75.238444","1200","6","0","0","0","0","0","1","0","0","","0","0","0","0","3","0","N","0","2","39 56:55.800","6","0","75 14:18.400","9","0","0","0","67301","0","0","0","N","0","0","0","1","67301","0","","6.0","1250.0","1","N","N","N","0","","0","0","2","0","0","N","0","3","0","0","0","0","0","1","2","0","3","0","0","0","3","03","","N","","","","","","","","","",""
"2021093439","749","1","0","0","0","0","0","0","0","0","1","0","","67","9","2021","5","40.009085","-75.067394","734","6","0","0","0","0","0","0","0","0","","0","0","0","7","1","0","N","0","0","40 00:32.706","","0","75 04:02.618","0","0","0","0","67301","0","0","0","N","0","0","0","2","68K01","0","","1.0","","1","N","N","N","0","","0","0","1","0","0","","731","2","0","0","0","0","0","0","2","0","2","0","0","0","3","03","","N","","","","","","","","","",""
"2021085279","2205","1","0","0","0","0","0","0","0","0","1","0","","67","9","2021","6","40.055319","-75.07335","2200","6","0","0","0","0","0","0","0","0","","1","0","0","22","3","0","N","1","2","40 03:19.147","6","0","75 04:24.059","1","1","0","1","67301","0","0","0","N","0","0","0","2","67301","0","2","1.0","2330.0","1","N","N","N","0","0","0","0","0","3","2","Y","2200","2","0","1","0","0","0","0","2","0","2","0","0","0","3","03","","N","","","","","","","","","",""
"2021064215","1449","1","0","0","0","0","0","0","0","0","1","0","","67","7","2021","1","40.099527","-74.986368","1442","6","0","0","0","0","1","1","0","0","","0","0","0","14","1","3","","1","0","40 05:58.296","","2","74 59:10.926","3","0","0","0","67301","0","0","0","N","0","0","0","3","67301","0","","1.0","","1","N","N","N","0","","1","0","1","3","2","","1440","3","3","1","0","0","2","0","2","1","3","0","0","0","3","03","","N","","","","","","","","","",""
"2021065064","301","1","0","0","0","0","0","0","0","0","7","0","","67","7","2021","7","39.986001","-75.207815","254","6","0","0","0","0","0","0","0","0","","0","0","0","2","3","0","N","0","1","39 59:09.605","4","2","75 12:28.133","9","0","0","0","67301","0","0","0","Y","0","0","0","1","68K01","0","","4.0","340.0","1","N","N","N","0","","0","0","0","0","0","N","252","1","0","0","0","0","0","1","2","0","1","0","0","0","3","","","N","","","","","","","","","",""
"2021064244","224","2","0","0","0","0","0","0","0","0","5","0","","67","6","2021","4","40.030328","-75.161869","219","6","0","0","0","0","0","0","0","0","","0","0","0","2","3","1","N","0","0","40 01:49.180","","0","75 09:42.730","4","0","0","0","67301","0","0","0","N","0","0","0","1","67301","1","","6.0","","1","N","N","N","0","","0","0","0","0","0","","216","2","1","0","0","0","0","0","2","0","2","0","0","0","3","03","","N","","","","","","","","","",""
"2021090309","423","1","0","0","0","0","0","0","0","0","0","0","","67","9","2021","6","40.028954","-75.101496","417","6","0","0","0","0","0","0","0","0","","0","0","0","4","3","1","N","0","0","40 01:44.235","","0","75 06:05.387","2","0","0","0","67301","0","0","0","N","0","0","0","1","67301","0","","5.0","","1","N","N","N","0","","0","1","0","0","0","","413","1","1","0","0","0","0","0","2","0","1","0","0","0","3","","","N","","","","","","","","","",""
"2021089865","731","1","0","0","0","0","0","0","0","0","7","0","","67","9","2021","1","40.04942","-74.99495","709","6","0","0","0","0","0","0","0","0","","0","0","0","4","3","0","N","0","0","40 02:57.912","","0","74 59:41.819","9","0","0","0","67301","0","0","0","Y","0","0","0","1","68K01","0","","2.0","","1","N","N","N","0","","0","0","0","0","0","","455","1","0","0","0","0","0","1","2","0","1","0","0","0","3","","","N","","","","","","","","","",""
"2021091479","800","1","0","0","0","0","0","0","0","0","1","2","","67","9","2021","2","40.019869","-75.044177","733","6","0","0","0","0","0","0","0","0","","0","1","0","7","1","0","N","0","0","40 01:11.529","","0","75 02:39.038","0","0","0","0","67301","0","0","0","N","0","0","0","3","68K01","0","","1.0","","1","N","N","Y","0","","0","0","0","0","0","","730","3","0","0","0","0","0","0","2","1","3","0","0","0","3","03","","N","","","","","","","","","",""
"2021089371","1207","0","0","0","0","0","0","0","0","0","8","0","","67","9","2021","4","39.948106","-75.154252","1205","6","0","0","0","0","0","0","0","0","","0","0","0","12","1","1","","1","1","39 56:53.182","2","0","75 09:15.307","3","0","0","0","67301","1","0","0","N","1","0","0","2","67301","0","","1.0","1225.0","1","N","N","N","0","","1","0","1","3","2","Y","1204","2","1","0","0","0","0","0","2","0","1","1","0","0","3","03","","N","","","","","","","","","",""
"2021086381","1927","1","0","0","0","0","0","1","0","0","4","1","","67","9","2021","4","39.981224","-75.241227","1917","6","0","0","0","0","0","0","0","0","","0","0","0","19","3","1","","1","0","39 58:52.406","","0","75 14:28.417","8","0","0","0","67301","0","0","0","N","0","0","0","2","67508","0","","1.0","","1","N","N","Y","0","","0","0","0","3","3","","1917","2","1","0","0","0","1","0","2","0","2","0","0","0","7","07","","N","","","","","","","","","",""
"2021062516","1329","0","0","0","0","0","0","0","0","0","7","0","","67","7","2021","1","39.905892","-75.149987","1320","6","0","0","0","0","0","0","0","0","","0","0","0","13","1","1","N","0","0","39 54:21.212","","0","75 08:59.954","3","0","0","1","67301","0","0","0","N","0","0","0","1","68K01","0","","3.0","","1","N","N","N","0","","1","0","0","0","0","","1317","1","1","0","0","0","0","0","2","0","1","0","0","0","3","03","","N","","","","","","","","","",""
"2021089699","2359","0","0","0","0","0","0","0","0","0","7","1","","67","9","2021","4","40.037228","-75.012803","2354","6","0","0","0","0","0","0","0","0","","0","1","0","23","3","0","N","0","1","40 02:14.022","1","0","75 00:46.089","0","0","0","0","67301","0","0","0","N","0","0","0","1","68K01","0","","4.0","45.0","8","N","N","N","0","","0","0","0","0","0","N","2350","1","0","0","0","0","0","0","2","0","1","0","0","0","7","","","N","","","","","","","","","",""
"2021100753","939","2","0","0","0","0","0","0","0","0","1","0","55","67","10","2021","4","39.993398","-75.084702","932","6","0","0","0","0","0","0","0","0","","0","0","0","9","1","0","N","0","2","39 59:36.232","1","0","75 05:04.928","0","0","0","0","67301","0","0","0","N","0","0","0","2","68K01","0","","1.0","1015.0","1","N","N","N","0","","0","0","0","0","0","N","928","2","0","0","0","0","0","0","2","0","2","0","0","0","3","","Y","Y","2","2","N","N","N","Y","N","N","Y","N"
"2021064232","840","1","0","0","0","0","0","0","0","0","4","0","","67","7","2021","5","39.93973","-75.225514","840","6","0","0","0","0","0","0","0","0","","0","0","0","8","1","1","","1","0","39 56:23.027","","0","75 13:31.850","3","0","0","0","67301","0","0","0","N","0","0","0","2","67301","0","","1.0","","1","N","N","N","0","","1","0","1","3","2","","834","2","1","0","0","0","0","0","2","0","2","0","0","0","3","03","","N","","","","","","","","","",""
"2021087877","106","2","0","0","0","0","0","0","0","0","1","0","","67","9","2021","1","39.98347","-75.119175","106","6","0","0","0","1","0","0","0","0","","0","0","0","15","1","0","","1","9","39 59:00.492","","0","75 07:09.030","0","0","0","0","67301","0","0","0","N","0","0","0","2","67301","0","","1.0","","9","N","N","N","0","","0","0","0","3","2","U","1520","2","0","0","0","0","0","0","2","0","2","0","0","0","7","04","","N","","","","","","","","","",""
"2021090063","1920","1","0","0","0","0","0","0","0","0","8","0","","67","9","2021","5","39.992577","-75.15476","1912","6","0","0","0","0","0","0","0","0","","0","0","0","19","3","1","N","0","0","39 59:33.278","","0","75 09:17.137","8","0","0","0","67301","1","0","0","N","1","0","0","2","67301","0","","1.0","","9","N","N","N","0","","0","0","0","0","0","","1911","2","1","0","0","0","1","0","2","0","1","1","0","0","7","04","","N","","","","","","","","","",""
"2021063701","535","3","0","0","0","0","0","0","0","0","5","0","","67","7","2021","7","39.983333","-75.158596","533","6","0","0","0","0","0","0","0","0","","0","0","0","5","1","0","N","0","2","39 58:59.998","2","0","75 09:30.944","0","0","0","0","67301","0","0","0","N","0","0","0","1","67505","0","","6.0","615.0","1","N","N","Y","0","","0","0","1","0","0","Y","530","4","0","0","0","0","0","0","2","0","4","0","0","0","3","98","","N","","","","","","","","","",""
"2021064192","1514","2","0","0","0","0","0","0","0","0","4","0","","67","7","2021","6","39.910067","-75.163269","1514","6","0","0","0","0","0","0","0","0","","0","0","0","13","1","0","","1","0","39 54:36.241","","2","75 09:47.768","9","0","0","0","67301","0","0","0","N","0","0","0","3","67301","0","","1.0","","1","N","N","N","0","","0","0","1","3","2","","1318","3","0","1","0","0","0","1","2","0","3","0","0","0","3","","","N","","","","","","","","","",""
"2021064200","128","0","0","0","0","0","0","0","0","0","8","0","","67","7","2021","5","39.961729","-75.157451","124","6","0","0","0","0","0","0","0","0","","0","0","0","1","3","1","","5","0","39 57:42.225","","0","75 09:26.825","2","0","0","0","67301","1","0","1","N","0","0","0","2","67301","0","","1.0","","1","N","N","N","0","","0","1","0","3","2","","120","2","1","0","0","0","0","0","2","1","1","1","0","1","3","03","","N","","","","","","","","","",""
"2021064179","800","1","0","0","0","0","0","0","0","0","4","0","","67","7","2021","6","40.072892","-75.075887","753","6","0","0","0","0","0","0","1","0","","0","0","0","6","1","1","","1","0","40 04:22.410","","0","75 04:33.193","8","0","0","0","67301","0","0","0","N","0","0","0","2","67301","0","","1.0","","1","N","N","N","0","","0","0","1","3","2","","649","2","1","0","0","0","1","0","2","0","2","0","0","0","3","03","","N","","","","","","","","","",""
"2021089747","1241","1","0","0","0","0","0","0","0","0","4","0","","67","9","2021","2","39.938056","-75.176541","1238","6","0","0","0","0","0","0","0","0","","0","0","0","12","1","0","","1","0","39 56:17.001","","0","75 10:35.547","0","0","0","0","67301","0","0","0","N","0","0","0","2","67301","0","","1.0","","1","N","N","N","0","","0","0","1","3","3","","1230","3","0","0","0","0","0","0","2","1","3","0","0","0","3","","","N","","","","","","","","","",""
"2021071073","1231","2","0","0","0","0","0","0","0","0","4","0","","67","7","2021","4","39.9602","-75.226852","1231","6","0","0","0","0","0","0","0","0","","0","0","0","12","1","2","","1","1","39 57:36.721","4","1","75 13:36.666","3","0","0","0","67301","0","0","0","N","0","0","0","2","67301","0","","1.0","30.0","1","N","N","N","0","","2","0","0","3","2","Y","1230","2","2","0","0","0","0","0","2","0","2","0","0","0","3","03","","N","","","","","","","","","",""
"2021088773","35","1","0","0","0","0","0","0","0","0","4","0","","67","8","2021","5","39.957056","-75.213676","26","6","0","0","0","0","0","1","0","0","","0","0","0","23","3","0","N","0","0","39 57:25.400","","0","75 12:49.233","9","0","0","0","67301","0","0","0","N","0","0","0","2","67301","0","","1.0","","1","N","N","N","0","","0","0","1","3","2","","2345","2","0","0","0","0","0","1","2","0","2","0","0","0","3","03","","N","","","","","","","","","",""
"2021065420","2221","2","0","0","0","0","0","0","0","0","5","0","","67","7","2021","5","39.985614","-75.208138","2218","6","0","0","0","0","0","0","0","0","","0","0","0","22","3","2","N","0","1","39 59:08.209","4","0","75 12:29.297","3","0","0","0","67301","0","0","0","N","0","0","0","3","68K01","0","","1.0","2300.0","1","N","N","N","0","","1","0","1","0","0","N","2217","3","2","0","0","0","1","0","2","0","3","0","0","0","3","","","N","","","","","","","","","",""
"2021065934","1624","2","0","0","0","0","0","0","0","0","1","0","","67","7","2021","2","39.906972","-75.139167","1621","6","0","0","0","1","0","0","0","0","","0","0","0","16","1","1","N","0","2","39 54:25.100","4","3","75 08:21.000","3","0","0","0","67301","0","0","0","N","0","0","0","6","67501","0","","1.0","1705.0","1","N","N","N","1","","1","0","1","3","8","N","1615","4","1","0","0","0","0","0","2","0","4","0","0","0","3","03","","N","","","","","","","","","",""
"2021088159","911","1","0","0","0","0","0","0","0","0","4","0","","67","9","2021","6","40.005764","-75.099046","911","6","0","0","0","0","0","0","0","0","","0","0","0","7","1","0","","1","9","40 00:20.750","","0","75 05:56.564","0","0","0","0","67301","0","0","0","N","0","0","0","2","67301","0","","1.0","","99","N","N","N","0","","0","0","1","3","2","U","710","2","0","0","0","0","0","0","2","0","2","0","0","0","4","04","","N","","","","","","","","","",""
"2021070346","1115","2","0","0","0","0","0","0","0","0","4","0","","67","7","2021","5","40.057977","-75.052698","1105","6","0","0","0","0","0","2","0","0","","0","0","0","10","1","1","","1","2","40 03:28.718","1","0","75 03:09.712","3","0","0","0","67301","0","0","0","N","0","0","0","2","67301","0","","1.0","100.0","1","N","N","N","0","","1","0","0","3","2","N","1023","2","1","0","0","0","0","0","2","0","2","0","0","0","3","03","","N","","","","","","","","","",""
"2021091371","2155","1","0","0","0","0","0","1","0","0","5","1","","67","9","2021","6","40.009094","-75.149962","2145","6","0","0","0","0","0","1","0","0","","0","0","0","21","3","1","","2","0","40 00:32.740","","7","75 08:59.862","4","0","0","0","67301","0","0","0","N","0","0","0","4","67508","1","","1.0","","1","N","N","Y","0","","0","0","1","0","0","","2155","3","1","3","0","0","0","0","2","0","3","0","0","0","3","03","","N","","","","","","","","","",""
"2021098534","1548","2","0","0","0","0","0","0","0","0","2","0","","67","10","2021","7","39.995237","-75.164618","1535","6","0","0","0","0","0","1","1","0","","0","0","0","15","1","0","N","0","0","39 59:42.852","","0","75 09:52.625","0","0","0","0","67301","0","0","0","N","0","0","0","2","67301","0","","6.0","","1","N","N","N","0","","0","0","0","0","0","","1530","2","0","0","0","0","0","0","2","0","2","0","0","0","4","04","","N","","","","","","","","","",""
"2021064248","137","2","0","0","0","0","0","0","0","0","4","0","","67","7","2021","6","40.043229","-75.193591","135","6","0","0","0","0","0","0","0","0","","0","0","0","1","3","1","","2","0","40 02:35.623","","0","75 11:36.927","3","0","0","0","67301","0","0","0","N","0","0","0","1","67301","0","","1.0","","9","N","N","N","0","","1","0","0","0","0","","133","2","1","0","0","0","0","0","2","0","2","0","0","0","7","","","N","","","","","","","","","",""
"2021069839","1353","3","0","0","0","0","0","0","0","0","4","0","","67","7","2021","5","40.030788","-75.04553","1352","6","0","1","0","0","1","0","0","0","","0","0","0","3","3","1","","1","0","40 01:50.836","","0","75 02:43.907","3","0","0","0","67301","0","0","0","N","0","0","0","2","67301","0","","1.0","","1","N","N","N","1","","1","0","0","3","3","","359","4","1","0","0","0","0","0","2","0","4","0","0","0","3","04","","N","","","","","","","","","",""
"2021070015","216","1","0","0","0","0","0","0","0","0","7","0","35","67","7","2021","7","39.94375","-75.196028","156","6","0","0","0","0","0","0","0","1","","0","0","0","1","3","1","N","0","2","39 56:37.500","3","2","75 11:45.700","3","0","0","0","67301","0","0","0","N","0","0","0","3","68K01","0","","4.0","245.0","1","N","N","N","0","","1","0","0","0","0","N","155","1","1","0","0","0","0","0","2","0","1","0","0","0","3","","N","Y","4","1","","","N","","","","Y","N"
"2021069806","2253","1","0","0","0","0","0","0","0","0","4","0","","67","7","2021","4","39.957022","-75.169258","2253","6","0","0","0","0","0","0","0","0","","0","0","0","22","3","1","","5","1","39 57:25.280","4","0","75 10:09.328","3","0","0","0","67301","0","0","0","N","0","0","0","2","67301","0","","1.0","2300.0","1","N","N","N","0","","1","0","1","3","2","N","2240","2","1","1","0","0","0","0","2","0","2","0","0","0","3","03","","N","","","","","","","","","",""
"2021070666","151","1","0","0","0","0","0","0","0","0","5","0","","67","7","2021","5","40.057554","-75.000134","148","6","0","0","0","0","0","1","0","0","","0","0","0","1","3","1","N","0","0","40 03:27.194","","0","75 00:00.482","8","0","0","0","67301","0","0","0","N","0","0","0","1","67301","0","","6.0","","1","N","N","N","1","","0","0","1","0","0","","145","4","1","0","0","0","1","0","2","1","4","0","0","0","3","03","","N","","","","","","","","","",""
"2021070491","4","1","0","0","0","0","0","0","0","0","5","0","","67","7","2021","6","40.002739","-75.095448","4","6","0","0","0","0","0","0","0","0","","0","0","0","0","3","0","N","0","0","40 00:09.859","","0","75 05:43.613","9","0","0","0","67301","0","0","0","N","0","0","0","2","67301","0","","1.0","","9","N","N","N","0","","0","0","0","0","0","","2","3","0","0","0","0","0","1","2","1","3","0","0","0","7","07","","N","","","","","","","","","",""
"2021071064","1940","2","0","0","0","0","0","0","0","0","5","0","","67","7","2021","4","39.961778","-75.236778","1935","6","0","0","0","0","0","0","0","0","","0","0","0","18","1","0","N","0","1","39 57:42.400","2","0","75 14:12.400","0","0","0","0","67301","0","0","0","N","0","0","0","2","67301","0","","6.0","200.0","1","N","N","N","0","","0","0","0","0","0","N","1835","3","0","0","0","0","0","0","2","1","3","0","0","0","3","03","","N","","","","","","","","","",""
"2021069878","1440","0","0","0","0","0","0","0","0","0","4","0","","67","7","2021","4","39.971228","-75.157216","1427","6","0","0","0","0","0","0","1","0","","0","0","0","14","1","1","","1","0","39 58:16.419","","0","75 09:25.977","3","0","0","0","67301","0","0","0","N","0","0","0","3","67301","0","","1.0","","1","N","N","N","0","","1","0","1","3","2","","1424","2","1","0","0","0","0","0","2","1","2","0","0","0","3","03","","N","","","","","","","","","",""
"2021090952","2120","1","0","0","0","0","0","0","0","0","4","0","","67","9","2021","7","40.024273","-75.130412","2114","6","0","0","0","0","0","0","0","0","","0","0","0","19","3","1","","1","0","40 01:27.383","","0","75 07:49.482","8","0","0","1","67301","0","0","0","N","0","0","0","2","67301","0","","1.0","","1","N","N","N","0","","0","0","1","3","2","","1929","3","1","0","0","0","1","0","2","0","3","0","0","0","3","","","N","","","","","","","","","",""
"2021087127","1640","1","0","0","0","0","0","1","0","0","1","1","","67","9","2021","4","40.098597","-75.019875","1630","6","0","0","0","0","0","0","0","0","","0","0","0","14","1","1","N","0","0","40 05:54.950","","0","75 01:11.550","3","0","0","0","67301","0","0","0","N","0","0","0","2","67301","0","","1.0","","1","N","N","N","0","","1","0","0","0","0","","1439","2","1","0","0","0","0","0","2","0","2","0","0","0","3","","","N","","","","","","","","","",""
"2021069892","1305","0","0","0","0","0","0","0","0","0","3","0","","67","7","2021","2","39.999558","-75.123994","1302","6","0","0","0","0","0","1","0","0","","0","0","0","13","1","0","","1","0","39 59:58.408","","0","75 07:26.378","0","0","0","0","67301","0","0","0","N","0","0","0","1","67301","0","","1.0","","1","N","N","N","0","","0","0","1","3","3","","1300","2","0","1","0","0","0","0","2","1","2","0","0","0","3","03","","N","","","","","","","","","",""
"2021064249","1837","3","0","0","0","0","0","0","0","0","1","0","","67","7","2021","6","40.05725","-75.160306","1824","6","0","0","0","0","0","0","0","0","","0","0","0","14","1","0","N","0","0","40 03:26.100","","0","75 09:37.100","9","0","0","0","67301","0","0","0","N","0","0","0","1","67301","0","","6.0","","1","N","N","N","0","","0","0","1","0","0","","1418","4","0","0","0","0","0","1","2","0","4","0","0","0","3","","","N","","","","","","","","","",""
"2021063642","521","0","0","0","0","0","0","0","0","0","7","0","","67","7","2021","6","39.989815","-75.087389","506","6","0","0","0","0","0","0","0","0","","0","0","0","4","3","0","N","0","0","39 59:23.334","","0","75 05:14.601","0","0","0","0","67301","0","0","0","Y","0","0","0","1","68K01","0","","2.0","","9","N","N","N","0","","0","0","1","0","0","","457","1","0","0","0","0","0","0","2","0","1","0","0","0","7","","","N","","","","","","","","","",""