"CRN","ARRIVAL_TM","AUTOMOBILE_COUNT","BELTED_DEATH_COUNT","BELTED_SUSP_SERIOUS_INJ_COUNT","BICYCLE_COUNT","BICYCLE_DEATH_COUNT","BICYCLE_SUSP_SERIOUS_INJ_COUNT","BUS_COUNT","CHLDPAS_DEATH_COUNT","CHLDPAS_SUSP_SERIOUS_INJ_COUNT","COLLISION_TYPE","COMM_VEH_COUNT","CONS_ZONE_SPD_LIM","COUNTY","CRASH_MONTH","CRASH_YEAR","DAY_OF_WEEK","DEC_LATITUDE","DEC_LONGITUDE","DISPATCH_TM","DISTRICT","DRIVER_COUNT_16YR","DRIVER_COUNT_17YR","DRIVER_COUNT_18YR","DRIVER_COUNT_19YR","DRIVER_COUNT_20YR","DRIVER_COUNT_50_64YR","DRIVER_COUNT_65_74YR","DRIVER_COUNT_75PLUS","EST_HRS_CLOSED","FATAL_COUNT","HEAVY_TRUCK_COUNT","HORSE_BUGGY_COUNT","HOUR_OF_DAY","ILLUMINATION","INJURY_COUNT","INTERSECTION_RELATED","INTERSECT_TYPE","LANE_CLOSED","LATITUDE","LN_CLOSE_DIR","LOCATION_TYPE","LONGITUDE","MAX_SEVERITY_LEVEL","MCYCLE_DEATH_COUNT","MCYCLE_SUSP_SERIOUS_INJ_COUNT","MOTORCYCLE_COUNT","MUNICIPALITY","NONMOTR_COUNT","NONMOTR_DEATH_COUNT","NONMOTR_SUSP_SERIOUS_INJ_COUNT","NTFY_HIWY_MAINT","PED_COUNT","PED_DEATH_COUNT","PED_SUSP_SERIOUS_INJ_COUNT","PERSON_COUNT","POLICE_AGCY","POSSIBLE_INJ_COUNT","RDWY_SURF_TYPE_CD","RELATION_TO_ROAD","ROADWAY_CLEARED","ROAD_CONDITION","SCH_BUS_IND","SCH_ZONE_IND","SECONDARY_CRASH","SMALL_TRUCK_COUNT","SPEC_JURIS_CD","SUSP_MINOR_INJ_COUNT","SUSP_SERIOUS_INJ_COUNT","SUV_COUNT","TCD_FUNC_CD","TCD_TYPE","TFC_DETOUR_IND","TIME_OF_DAY","TOTAL_UNITS","TOT_INJ_COUNT","UNBELTED_OCC_COUNT","UNB_DEATH_COUNT","UNB_SUSP_SERIOUS_INJ_COUNT","UNK_INJ_DEG_COUNT","UNK_INJ_PER_COUNT","URBAN_RURAL","VAN_COUNT","VEHICLE_COUNT","VULNERABLE_ROAD_USER_COUNT","VULNERABLE_ROAD_USER_DEATH_COUNT","VULNERABLE_ROAD_USER_SER_INJ_COUNT","WEATHER1","WEATHER2","WORKERS_PRES","WORK_ZONE_IND","WORK_ZONE_LOC","WORK_ZONE_TYPE","WZ_CLOSE_DETOUR","WZ_FLAGGER","WZ_LAW_OFFCR_IND","WZ_LN_CLOSURE","WZ_MOVING","WZ_OTHER","WZ_SHLDER_MDN","WZ_WORKERS_INJ_KILLED"
"2021064207","1615","2","0","0","0","0","0","0","0","0","4","0","","67","7","2021","7","40.091852","-75.047425","1611","6","0","0","0","0","0","0","0","0","","0","0","0","16","1","0","","3","0","40 05:30.666","","0","75 02:50.731","0","0","0","0","67301","0","0","0","N","0","0","0","2","67301","0","","1.0","","9","N","N","N","0","","0","0","0","3","2","","1605","2","0","0","0","0","0","0","2","0","2","0","0","0","7","07","","N","","","","","","","","","",""
"2021062757","39","1","0","0","0","0","0","0","0","0","7","0","","67","7","2021","2","40.008458","-75.070437","28","6","0","0","0","0","0","0","0","0","","0","0","0","0","3","1","N","0","0","40 00:30.449","","3","75 04:13.573","4","0","0","0","67301","0","0","0","N","0","0","0","1","68K01","1","","2.0","","1","N","N","N","0","","0","0","0","0","0","","25","1","1","0","0","0","0","0","2","0","1","0","0","0","3","","","N","","","","","","","","","",""
"2021064352","915","3","0","0","0","0","0","0","0","0","3","0","","67","7","2021","1","40.009961","-75.147403","800","6","0","0","0","0","0","0","0","0","","0","0","0","4","3","0","N","0","0","40 00:35.860","","0","75 08:50.650","9","0","0","0","67301","0","0","0","N","0","0","0","2","67301","0","","1.0","","1","N","N","N","0","","0","0","0","0","0","","447","3","0","0","0","0","0","1","2","0","3","0","0","0","3","","","N","","","","","","","","","",""
"2021063506","1834","1","0","0","0","0","0","0","0","0","5","0","","67","7","2021","1","39.959358","-75.173681","1834","6","0","0","0","0","0","0","0","0","","0","0","0","18","1","2","N","0","1","39 57:33.687","4","0","75 10:25.253","8","0","0","0","67301","0","0","0","N","0","0","0","4","68K01","0","","1.0","1645.0","9","N","N","N","0","","0","0","1","0","0","N","1834","2","2","0","0","0","2","0","2","0","2","0","0","0","3","03","","N","","","","","","","","","",""
"2021089279","1825","0","0","0","0","0","0","0","0","0","8","0","","67","9","2021","7","39.961081","-75.1586","1821","6","0","0","0","0","0","1","0","0","","0","0","0","18","1","1","N","0","0","39 57:39.890","","0","75 09:30.960","2","0","0","0","67301","1","0","1","N","1","0","1","2","67301","0","","1.0","","1","N","N","N","0","","0","1","1","0","0","","1815","2","1","0","0","0","0","0","2","0","1","1","0","1","3","03","","N","","","","","","","","","",""
"2021083453","1820","2","0","0","0","0","0","0","0","0","5","0","","67","9","2021","7","39.995431","-75.178583","1819","6","0","0","0","0","0","1","0","0","","0","0","0","18","1","1","N","0","2","39 59:43.550","4","0","75 10:42.900","4","0","0","0","67301","0","0","0","N","0","0","0","1","67301","1","","1.0","100.0","1","N","N","Y","0","","0","0","2","0","0","Y","1811","4","1","1","0","0","0","0","2","0","4","0","0","0","3","","","N","","","","","","","","","",""
"2021089924","1625","2","0","0","0","0","0","0","0","0","1","0","","67","9","2021","5","40.030657","-75.052173","1619","6","0","0","1","0","0","0","0","0","","0","0","0","16","1","1","","1","0","40 01:50.365","","0","75 03:07.822","3","0","0","0","67301","0","0","0","N","0","0","0","4","67301","0","","1.0","","9","N","N","N","0","","1","0","0","3","3","","1612","2","1","4","0","0","0","0","2","0","2","0","0","0","7","07","","N","","","","","","","","","",""
"2021085717","2338","0","0","0","0","0","0","0","0","0","4","0","","67","9","2021","7","40.073701","-74.98033","2334","6","0","0","0","0","0","1","0","0","","1","0","0","23","3","0","N","2","2","40 04:25.323","7","0","74 58:49.187","1","1","0","1","67301","0","0","0","N","0","0","0","3","67301","0","2","1.0","44.0","1","N","N","N","0","0","0","0","1","3","3","Y","2325","2","0","0","0","0","0","0","2","0","2","0","0","0","3","03","","N","","","","","","","","","",""
"2021069726","1700","1","0","0","0","0","0","0","0","0","4","0","","67","7","2021","1","39.921973","-75.170972","1651","6","0","0","0","0","0","0","0","0","","0","0","0","16","1","0","","1","0","39 55:19.102","","0","75 10:15.499","0","0","0","0","67301","0","0","0","N","0","0","0","2","67301","0","","1.0","","1","N","N","N","0","","0","0","1","3","3","","1645","2","0","0","0","0","0","0","2","0","2","0","0","0","3","03","","N","","","","","","","","","",""
"2021064178","2145","2","0","0","0","0","0","0","0","0","4","0","","67","6","2021","4","40.069258","-75.079598","2135","6","0","0","0","0","0","0","0","0","","0","0","0","21","3","1","","1","0","40 04:09.328","","0","75 04:46.554","3","0","0","0","67301","0","0","0","N","0","0","0","3","67301","0","","1.0","","9","N","N","N","0","","1","0","0","3","3","","2130","2","1","0","0","0","0","0","2","0","2","0","0","0","7","07","","N","","","","","","","","","",""
"2021069924","1736","2","0","1","0","0","0","0","0","0","1","0","","67","7","2021","4","40.016618","-75.174762","1736","6","0","0","0","0","0","0","0","0","","0","0","0","15","1","1","N","0","0","40 00:59.824","","0","75 10:29.144","2","0","0","0","67301","0","0","0","N","0","0","0","3","67301","0","","1.0","","1","N","N","N","1","","0","1","0","0","0","","1515","3","1","0","0","0","0","1","2","0","3","0","0","0","3","","","N","","","","","","","","","",""
"2021087876","516","1","0","0","0","0","0","0","0","0","4","0","","67","9","2021","4","39.953375","-75.171596","516","6","0","0","0","0","0","0","0","0","","0","0","0","5","3","0","","1","2","39 57:12.151","2","0","75 10:17.744","0","0","0","0","67301","0","0","0","N","0","0","0","2","67301","0","","1.0","600.0","1","N","N","N","0","","0","0","1","3","2","Y","513","2","0","0","0","0","0","0","2","0","2","0","0","0","3","03","","N","","","","","","","","","",""
"2021088366","1703","1","0","0","0","0","0","0","0","0","7","0","","67","9","2021","1","40.052311","-75.201456","1703","6","0","0","0","0","0","0","0","0","","0","0","0","13","1","1","","1","0","40 03:08.320","","0","75 12:05.241","3","0","0","0","67301","0","0","0","N","0","0","0","1","67301","0","","5.0","","1","N","N","N","0","","1","0","0","3","3","","1342","1","1","0","0","0","0","0","2","0","1","0","0","0","3","03","","N","","","","","","","","","",""
"2021064329","1210","2","0","0","0","0","0","0","0","0","4","0","","67","7","2021","1","39.996472","-75.185306","1158","6","0","0","0","0","0","0","0","0","","0","0","0","11","1","0","N","0","0","39 59:47.300","","0","75 11:07.100","0","0","0","1","67301","0","0","0","N","0","0","0","2","67301","0","","1.0","","1","N","N","N","0","","0","0","0","0","0","","1150","3","0","0","0","0","0","0","2","0","3","0","0","0","3","03","","N","","","","","","","","","",""
"2021093999","1815","0","0","0","0","0","0","1","0","0","1","1","","67","9","2021","6","40.035819","-75.149883","1808","6","0","0","0","0","0","0","0","0","","0","0","0","18","1","2","","1","0","40 02:08.948","","0","75 08:59.578","4","0","0","0","67301","0","0","0","N","0","0","0","4","67508","2","","1.0","","1","N","N","Y","1","","0","0","0","3","2","","1808","2","2","0","0","0","0","0","2","0","2","0","0","0","3","03","","N","","","","","","","","","",""
"2021057876","1708","1","0","0","0","0","0","0","0","0","1","0","","67","6","2021","2","40.049669","-75.001428","1654","6","0","0","0","0","0","1","0","0","","0","0","0","16","1","1","N","0","0","40 02:58.810","","2","75 00:05.140","3","0","0","0","67301","0","0","0","N","0","0","0","2","68K01","0","","1.0","","1","N","N","N","0","","1","0","1","0","0","","1650","2","1","0","0","0","0","0","2","0","2","0","0","0","3","03","","N","","","","","","","","","",""
"2021064185","547","0","0","0","0","0","0","0","0","0","4","0","","67","7","2021","2","40.045256","-75.074233","545","6","0","0","0","0","0","0","0","0","","0","0","0","5","1","2","","1","0","40 02:42.921","","0","75 04:27.238","4","0","0","1","67301","0","0","0","N","0","0","0","3","67301","2","","1.0","","1","N","N","N","0","","0","0","0","3","2","","540","2","2","0","0","0","0","0","2","1","2","0","0","0","3","03","","N","","","","","","","","","",""
"2021069863","1017","0","0","0","0","0","0","0","0","0","5","0","","67","7","2021","7","39.953275","-75.234467","1015","6","0","0","0","0","0","1","0","0","","0","0","0","9","1","0","N","0","0","39 57:11.790","","0","75 14:04.080","0","0","0","0","67301","0","0","0","N","0","0","0","1","67301","0","","6.0","","1","N","N","N","0","","0","0","2","0","0","","913","2","0","0","0","0","0","0","2","0","2","0","0","0","3","03","","N","","","","","","","","","",""
"2021064233","1842","2","0","0","0","0","0","0","0","0","4","0","","67","7","2021","5","39.93186","-75.21975","1837","6","0","0","0","0","1","0","0","0","","0","0","0","18","1","1","","2","2","39 55:54.696","2","0","75 13:11.099","8","0","0","0","67301","0","0","0","N","0","0","0","2","67301","0","","1.0","25.0","9","N","N","N","0","","0","0","0","0","0","Y","1835","2","1","1","0","0","1","0","2","0","2","0","0","0","4","","","N","","","","","","","","","",""
"2021069876","832","2","0","0","0","0","0","0","0","0","4","0","","67","7","2021","7","39.996444","-75.173955","830","6","0","0","0","0","0","0","1","0","","0","0","0","8","1","1","","1","2","39 59:47.200","7","0","75 10:26.238","4","0","0","0","67301","0","0","0","N","0","0","0","2","67301","1","","1.0","900.0","1","N","N","N","0","","0","0","0","3","2","Y","830","2","1","1","0","0","0","1","2","0","2","0","0","0","3","03","","N","","","","","","","","","",""
"2021089950","832","1","0","0","0","0","0","0","0","0","1","0","","67","9","2021","6","39.955562","-75.225794","830","6","0","0","0","0","0","1","0","0","","0","1","0","8","1","2","N","0","0","39 57:20.023","","0","75 13:32.857","4","0","0","0","67301","0","0","0","N","0","0","0","3","67301","2","","1.0","","9","N","N","N","0","","0","0","0","0","0","","805","2","2","0","0","0","0","0","2","0","2","0","0","0","4","04","","N","","","","","","","","","",""
"2021059313","806","0","0","0","0","0","0","0","0","0","1","0","","67","6","2021","7","40.097156","-75.018134","758","6","0","0","0","0","0","1","0","0","","0","0","0","7","1","1","","1","0","40 05:49.760","","0","75 01:05.283","3","0","0","0","67301","0","0","0","N","0","0","0","2","67301","0","","1.0","","9","N","N","N","0","","1","0","2","3","2","","758","2","1","0","0","0","0","0","2","0","2","0","0","0","4","04","","N","","","","","","","","","",""
"2021057175","2142","2","0","0","0","0","0","0","0","0","4","0","","67","6","2021","7","39.995436","-75.157626","2136","6","0","0","0","0","0","0","0","0","","0","0","0","21","3","1","","3","0","39 59:43.569","","0","75 09:27.453","3","0","0","0","67301","0","0","0","N","0","0","0","2","67301","0","","1.0","","1","N","N","N","0","","1","0","1","3","3","","2135","3","1","0","0","0","0","0","2","0","3","0","0","0","3","03","","N","","","","","","","","","",""
"2021057270","1820","0","0","0","0","0","0","0","0","0","8","0","","67","6","2021","1","40.026745","-75.140304","1800","6","0","0","0","0","0","0","1","0","","0","0","0","18","1","1","","1","0","40 01:36.282","","0","75 08:25.094","8","0","0","0","67301","1","0","0","N","1","0","0","2","67301","0","","1.0","","1","N","N","N","0","","0","0","1","3","3","","1800","2","1","0","0","0","1","0","2","0","1","1","0","0","3","03","","N","","","","","","","","","",""
"2021058957","1915","1","0","0","0","0","0","0","0","0","4","0","","67","6","2021","4","39.928019","-75.219299","1909","6","0","0","0","0","0","1","0","0","","0","0","0","16","1","1","","1","0","39 55:40.869","","0","75 13:09.477","3","0","0","0","67301","0","0","0","N","0","0","0","2","67301","0","","1.0","","1","N","N","N","0","","1","0","1","3","2","","1635","2","1","0","0","0","0","1","2","0","2","0","0","0","3","03","","N","","","","","","","","","",""
"2021057004","17","1","0","0","0","0","0","0","0","0","4","0","","67","6","2021","2","39.975868","-75.158557","15","6","0","0","0","0","0","0","0","0","","0","0","0","0","3","1","","1","0","39 58:33.126","","0","75 09:30.804","8","0","0","1","67301","0","0","0","N","0","0","0","2","67505","0","","1.0","","1","N","N","N","0","","0","0","0","3","2","","11","2","1","0","0","0","1","1","2","0","2","0","0","0","3","03","","N","","","","","","","","","",""
"2021057267","1832","1","0","0","0","0","0","0","0","0","4","0","","67","6","2021","1","39.988189","-75.134478","1832","6","0","0","0","0","0","0","0","0","","0","0","0","18","1","0","","1","0","39 59:17.480","","0","75 08:04.120","0","0","0","0","67301","0","0","0","N","0","0","0","2","67301","0","","1.0","","1","N","N","N","0","","0","0","1","3","3","","1815","2","0","0","0","0","0","0","2","0","2","0","0","0","3","","","N","","","","","","","","","",""
"2021059056","1028","1","0","0","0","0","0","0","0","0","1","0","","67","6","2021","5","40.038972","-75.150035","1027","6","0","0","0","0","0","0","0","0","","0","0","0","10","1","0","","1","0","40 02:20.299","","0","75 09:00.127","0","0","0","0","67301","0","0","0","N","0","0","0","3","67301","0","","1.0","","1","N","N","N","1","","0","0","1","3","2","","1009","3","0","0","0","0","0","0","2","0","3","0","0","0","3","03","","N","","","","","","","","","",""
"2021057132","511","1","0","0","0","0","0","0","0","0","5","0","","67","6","2021","7","40.071489","-75.200014","511","6","0","0","0","0","0","0","0","0","","0","0","0","4","5","0","N","0","0","40 04:17.360","","0","75 12:00.050","0","0","0","0","67301","0","0","0","N","0","0","0","1","67301","0","","6.0","","1","N","N","N","0","","0","0","2","0","0","","452","3","0","0","0","0","0","0","2","0","3","0","0","0","3","","","N","","","","","","","","","",""
"2021058677","333","4","0","0","0","0","0","0","0","0","5","0","","67","6","2021","5","40.023719","-75.155453","327","6","0","0","0","0","0","0","0","0","","0","0","0","3","3","0","N","0","2","40 01:25.390","1","0","75 09:19.630","0","0","0","0","67301","0","0","0","N","0","0","0","1","67301","0","","6.0","454.0","1","N","N","N","0","","0","0","0","0","0","Y","320","4","0","0","0","0","0","0","2","0","4","0","0","0","3","03","","N","","","","","","","","","",""
"2021057139","540","2","0","0","0","0","0","0","0","0","6","0","","67","6","2021","1","39.948972","-75.23325","536","6","0","0","0","0","0","0","0","0","","0","0","0","5","3","0","","2","0","39 56:56.300","","0","75 13:59.700","0","0","0","0","67301","0","0","0","N","0","0","0","1","67301","0","","1.0","","1","N","N","N","0","","0","0","2","0","0","","500","4","0","0","0","0","0","0","2","0","4","0","0","0","3","03","","N","","","","","","","","","",""
"2021059524","1840","0","0","0","0","0","0","0","0","0","4","0","","67","6","2021","4","40.025494","-75.150061","1820","6","0","0","0","0","0","0","0","0","","0","0","0","17","1","2","","3","0","40 01:31.780","","7","75 09:00.220","2","0","1","1","67301","0","0","0","N","0","0","0","3","67301","0","","1.0","","1","N","N","N","0","","1","1","1","0","0","","1750","2","2","0","0","0","0","0","2","0","2","0","0","0","3","03","","N","","","","","","","","","",""
"2021064286","0907","0","0","0","0","0","0","0","0","0","8","0","","67","7","2021","5","39.943974","-75.175246","0856","6","0","0","0","0","0","1","0","0","","0","0","0","8","1","1","","1","0","39 56:38.308","","0","75 10:30.885","3","0","0","0","67301","1","0","0","N","1","0","0","2","67301","0","","1.0","","1","N","N","N","0","","1","0","1","3","3","","855","2","1","0","0","0","0","0","2","0","1","1","0","0","3","03","","N","","","","","","","","","",""
"2021083279","0330","0","0","0","0","0","0","0","0","0","4","0","","67","9","2021","7","40.027998","-75.16177","0316","6","0","0","0","0","0","0","0","0","","0","0","0","2","3","0","N","0","0","40 01:40.793","","0","75 09:42.371","9","0","0","0","67301","0","0","0","N","0","0","0","2","67301","0","","1.0","","1","N","N","N","0","","0","0","2","0","0","","214","2","0","0","0","0","0","1","2","0","2","0","0","0","3","03","","N","","","","","","","","","",""
"2021057704","0200","2","0","0","0","0","0","0","0","0","4","0","","67","6","2021","1","40.040257","-75.18629","0150","6","0","0","0","0","1","0","1","0","","0","0","0","13","1","0","","1","1","40 02:24.925","7","0","75 11:10.643","0","0","0","0","67301","0","0","0","N","0","0","0","4","67301","0","","1.0","315.0","1","N","N","N","0","","0","0","0","3","3","N","1346","2","0","0","0","0","0","0","2","0","2","0","0","0","3","03","","N","","","","","","","","","",""
"2021058644","1545","2","0","0","0","0","0","0","0","0","1","0","","67","6","2021","3","39.911249","-75.192816","1530","6","0","0","0","0","0","0","0","0","","0","0","0","14","1","1","N","0","0","39 54:40.498","","0","75 11:34.136","8","0","0","0","67301","0","0","0","N","0","0","0","4","67301","0","","1.0","","9","N","N","N","1","","0","0","0","0","0","","1420","4","1","0","0","0","1","0","2","1","4","0","0","0","7","04","","N","","","","","","","","","",""
"2021058812","1640","1","0","0","0","0","0","0","0","0","4","0","","67","6","2021","2","40.031296","-75.085058","1635","6","0","0","0","0","0","0","0","0","","0","0","0","16","1","0","","1","0","40 01:52.664","","0","75 05:06.208","9","0","0","0","67301","0","0","0","N","0","0","0","2","67301","0","","1.0","","1","N","N","N","0","","0","0","1","3","2","","1615","2","0","0","0","0","0","2","2","0","2","0","0","0","3","03","","N","","","","","","","","","",""
"2021069882","0144","0","0","0","0","0","0","0","0","0","0","0","","67","6","2021","6","39.978939","-75.108169","0144","6","0","0","0","0","0","0","0","0","","0","0","0","1","3","1","N","0","0","39 58:44.181","","0","75 06:29.409","8","0","0","1","67301","0","0","0","N","0","0","0","1","67301","0","","1.0","","1","N","N","N","0","","0","0","0","0","0","","120","1","1","0","0","0","1","0","2","0","1","0","0","0","3","03","","N","","","","","","","","","",""
"2021083185","1315","0","0","0","0","0","0","0","0","0","5","0","","67","8","2021","2","39.970744","-75.193458","1305","6","0","0","0","0","0","0","0","0","","0","0","0","12","1","0","N","0","0","39 58:14.680","","0","75 11:36.450","0","0","0","0","67301","0","0","0","N","0","0","0","2","67301","0","","1.0","","1","N","N","N","1","","0","0","1","0","0","","1255","2","0","0","0","0","0","0","2","0","2","0","0","0","3","03","","N","","","","","","","","","",""
"2021070490","2245","1","0","0","0","0","0","0","0","0","7","0","","67","6","2021","3","39.991111","-75.117972","2240","6","0","0","0","0","0","0","0","0","","0","0","0","22","3","0","N","0","0","39 59:28.000","","0","75 07:04.700","0","0","0","0","67301","0","0","0","N","0","0","0","1","67301","0","","4.0","","1","N","N","N","0","","0","0","1","0","0","","2230","2","0","0","0","0","0","0","2","0","2","0","0","0","3","","","N","","","","","","","","","",""
"2021057705","1550","2","0","0","0","0","0","0","0","0","4","0","","67","6","2021","1","40.051422","-75.16338","1547","6","0","0","0","0","0","0","0","0","","0","0","0","14","1","1","","1","0","40 03:05.119","","0","75 09:48.168","3","0","0","0","67301","0","0","0","N","0","0","0","3","67301","0","","1.0","","1","N","N","N","0","","1","0","0","3","2","","1456","2","1","2","0","0","0","0","2","0","2","0","0","0","3","03","","N","","","","","","","","","",""
"2021057145","0600","2","0","0","0","0","0","0","0","0","4","0","","67","6","2021","7","39.987694","-75.166981","0554","6","0","1","0","0","0","0","0","0","","0","0","0","5","5","2","","1","1","39 59:15.698","4","0","75 10:01.131","3","0","0","0","67301","0","0","0","N","0","0","0","2","67301","1","","1.0","645.0","1","N","N","N","0","","1","0","0","3","3","Y","530","2","2","0","0","0","0","0","2","0","2","0","0","0","3","","","N","","","","","","","","","",""
"2021061240","1700","0","0","0","1","0","0","1","0","0","8","1","","67","6","2021","4","39.935782","-75.170538","1650","6","0","0","0","0","0","0","0","0","","0","0","0","16","1","1","","1","0","39 56:08.815","","0","75 10:13.936","4","0","0","0","67301","1","0","0","N","0","0","0","2","67508","1","","1.0","","1","N","N","Y","0","","0","0","0","3","3","","1650","2","1","0","0","0","0","0","2","0","1","1","0","0","3","03","","N","","","","","","","","","",""
"2021064223","2216","2","0","0","0","0","0","0","0","0","4","0","","67","6","2021","1","39.916919","-75.21597","2216","6","0","0","0","0","1","0","0","0","","0","0","0","22","3","2","","2","1","39 55:00.909","5","0","75 12:57.493","3","0","0","0","67301","0","0","0","N","0","0","0","5","67301","0","","1.0","2255.0","1","N","N","N","0","","2","0","1","3","2","Y","2215","3","2","0","0","0","0","1","2","0","3","0","0","0","3","03","","N","","","","","","","","","",""
"2021083451","1655","2","0","0","0","0","0","0","0","0","5","0","","67","9","2021","7","39.994906","-75.180694","1645","6","0","0","0","0","0","0","0","0","","0","0","0","16","1","0","N","0","0","39 59:41.660","","0","75 10:50.500","9","0","0","0","67301","0","0","0","N","0","0","0","1","67301","0","","1.0","","1","N","N","N","0","","0","0","1","0","0","","1620","3","0","0","0","0","0","1","2","0","3","0","0","0","3","03","","N","","","","","","","","","",""
"2021057908","0332","1","0","0","0","0","0","0","0","0","7","0","","67","6","2021","1","40.044741","-75.06134","0332","6","0","0","0","0","0","0","0","0","","0","0","0","1","3","0","","2","0","40 02:41.067","","0","75 03:40.824","0","0","0","0","67301","0","0","0","N","0","0","0","1","67301","0","","4.0","","1","N","N","N","0","","0","0","0","3","3","","150","1","0","0","0","0","0","0","2","0","1","0","0","0","3","","","N","","","","","","","","","",""
"2021064226","1117","2","0","0","0","0","0","0","0","0","4","0","","67","6","2021","5","39.917183","-75.246303","1117","6","0","0","0","0","0","0","0","0","","0","0","0","11","1","1","","1","0","39 55:01.859","","0","75 14:46.691","3","0","0","0","67301","0","0","0","N","0","0","0","3","67301","0","","1.0","","1","N","N","N","0","","1","0","0","3","2","","1107","2","1","0","0","0","0","0","2","0","2","0","0","0","3","","","N","","","","","","","","","",""
"2021058814","0215","2","0","0","0","0","0","0","0","0","4","0","","67","6","2021","5","40.064944","-75.160233","0212","6","0","0","0","0","0","0","0","0","","0","0","0","1","3","0","","1","0","40 03:53.797","","0","75 09:36.839","0","0","0","0","67301","0","0","0","N","0","0","0","4","67301","0","","1.0","","1","N","N","N","0","","0","0","0","3","3","","150","2","0","0","0","0","0","0","2","0","2","0","0","0","3","","","N","","","","","","","","","",""
"2021083780","2000","0","0","0","0","0","0","0","0","0","8","0","","67","8","2021","1","39.98804","-75.105911","2000","6","0","0","0","0","0","0","0","0","","0","0","0","16","1","1","","1","0","39 59:16.945","","0","75 06:21.281","2","0","0","0","67301","1","0","1","N","1","0","1","2","67301","0","","1.0","","1","N","N","N","0","","0","1","0","3","2","","1613","2","1","0","0","0","0","1","2","0","1","1","0","1","3","","","N","","","","","","","","","",""
"2021058654","1700","2","0","0","0","0","0","0","0","0","1","0","","67","6","2021","3","40.035139","-75.120364","1700","6","0","0","0","0","0","1","1","0","","0","0","0","16","1","1","Y","0","0","40 02:06.499","","0","75 07:13.311","3","0","0","0","67301","0","0","0","N","0","0","0","3","67301","0","","1.0","","9","N","N","N","0","","1","0","1","3","2","","1656","3","1","0","0","0","0","0","2","0","3","0","0","0","7","07","","N","","","","","","","","","",""
"2021064299","1740","0","0","0","0","0","0","0","0","0","8","0","","67","6","2021","2","40.003417","-75.203234","1728","6","0","0","0","0","0","0","0","0","","0","0","0","15","1","1","","2","0","40 00:12.301","","7","75 12:11.644","3","0","0","0","67301","1","0","0","N","1","0","0","2","67301","0","","1.0","","1","N","N","N","0","","1","0","0","3","2","","1522","2","1","1","0","0","0","0","2","1","1","1","0","0","3","","","N","","","","","","","","","",""
"2021069772","0342","1","0","0","0","0","0","0","0","0","4","0","","67","7","2021","7","39.9482","-75.16443","0339","6","0","0","0","0","0","0","0","0","","0","0","0","3","3","0","","1","0","39 56:53.519","","0","75 09:51.947","0","0","0","0","67301","0","0","0","N","0","0","0","2","67301","0","","1.0","","1","N","N","N","0","","0","0","0","3","2","","337","2","0","0","0","0","0","0","2","0","2","0","0","0","3","03","","N","","","","","","","","","",""
"2021057411","0103","1","0","0","0","0","0","0","0","0","7","0","","67","6","2021","7","40.046766","-75.001457","0049","6","0","0","0","1","0","0","0","0","","0","0","0","0","3","0","N","0","0","40 02:48.356","","2","75 00:05.244","0","0","0","0","67301","0","0","0","N","0","0","0","1","68K01","0","","4.0","","1","N","N","N","0","","0","0","0","0","0","","22","1","0","0","0","0","0","0","2","0","1","0","0","0","3","03","","N","","","","","","","","","",""
"2021082973","1028","1","0","0","0","0","0","0","0","0","4","0","","67","9","2021","6","39.983434","-75.158572","1028","6","0","0","0","0","0","1","0","0","","0","0","0","10","1","0","","1","0","39 59:00.364","","0","75 09:30.860","0","0","0","0","67301","0","0","0","N","0","0","0","2","67505","0","","1.0","","1","N","N","Y","0","","0","0","2","3","2","","1028","3","0","0","0","0","0","0","2","0","3","0","0","0","3","03","","N","","","","","","","","","",""
"2021083577","1948","1","0","0","0","0","0","0","0","0","8","0","","67","9","2021","7","40.033361","-75.091708","1938","6","0","0","0","0","0","0","0","0","","0","0","0","19","4","1","N","0","0","40 02:00.100","","0","75 05:30.150","3","0","0","0","67301","1","0","0","N","1","0","0","1","67301","0","","1.0","","1","N","N","N","0","","1","0","0","0","0","","1919","2","1","0","0","0","0","0","2","0","1","1","0","0","3","03","","N","","","","","","","","","",""
"2021069866","1248","0","0","0","0","0","0","0","0","0","4","0","","67","7","2021","7","39.959506","-75.227017","1247","6","0","0","0","0","0","0","0","0","","0","0","0","12","1","1","","1","0","39 57:34.222","","0","75 13:37.262","4","0","0","0","67301","0","0","0","N","0","0","0","2","67301","1","","1.0","","1","N","N","N","0","","0","0","1","3","3","","1202","2","1","0","0","0","0","0","2","0","2","0","0","0","3","03","","N","","","","","","","","","",""
"2021083791","0420","1","0","0","0","0","0","0","0","0","4","0","","67","9","2021","7","40.031213","-75.22046","0415","6","0","0","0","0","0","1","0","0","","0","0","0","4","3","1","","1","0","40 01:52.366","","0","75 13:13.655","3","0","0","0","67301","0","0","0","N","0","0","0","2","67301","0","","1.0","","1","N","N","N","0","","1","0","1","3","3","","410","2","1","0","0","0","0","0","2","0","2","0","0","0","3","","","N","","","","","","","","","",""
"2021057501","2245","1","0","0","0","0","0","0","0","0","4","0","","67","6","2021","2","40.050667","-75.173272","2241","6","0","0","0","0","0","0","0","0","","0","0","0","22","3","5","","1","2","40 03:02.401","7","0","75 10:23.780","3","0","0","0","67301","0","0","0","N","0","0","0","6","67301","2","","1.0","2250.0","9","N","N","N","0","","3","0","2","3","2","Y","2240","3","5","0","0","0","0","0","2","0","3","0","0","0","4","07","","N","","","","","","","","","",""