"CRN","ARRIVAL_TM","AUTOMOBILE_COUNT","BELTED_DEATH_COUNT","BELTED_SUSP_SERIOUS_INJ_COUNT","BICYCLE_COUNT","BICYCLE_DEATH_COUNT","BICYCLE_SUSP_SERIOUS_INJ_COUNT","BUS_COUNT","CHLDPAS_DEATH_COUNT","CHLDPAS_SUSP_SERIOUS_INJ_COUNT","COLLISION_TYPE","COMM_VEH_COUNT","CONS_ZONE_SPD_LIM","COUNTY","CRASH_MONTH","CRASH_YEAR","DAY_OF_WEEK","DEC_LATITUDE","DEC_LONGITUDE","DISPATCH_TM","DISTRICT","DRIVER_COUNT_16YR","DRIVER_COUNT_17YR","DRIVER_COUNT_18YR","DRIVER_COUNT_19YR","DRIVER_COUNT_20YR","DRIVER_COUNT_50_64YR","DRIVER_COUNT_65_74YR","DRIVER_COUNT_75PLUS","EST_HRS_CLOSED","FATAL_COUNT","HEAVY_TRUCK_COUNT","HORSE_BUGGY_COUNT","HOUR_OF_DAY","ILLUMINATION","INJURY_COUNT","INTERSECTION_RELATED","INTERSECT_TYPE","LANE_CLOSED","LATITUDE","LN_CLOSE_DIR","LOCATION_TYPE","LONGITUDE","MAX_SEVERITY_LEVEL","MCYCLE_DEATH_COUNT","MCYCLE_SUSP_SERIOUS_INJ_COUNT","MOTORCYCLE_COUNT","MUNICIPALITY","NONMOTR_COUNT","NONMOTR_DEATH_COUNT","NONMOTR_SUSP_SERIOUS_INJ_COUNT","NTFY_HIWY_MAINT","PED_COUNT","PED_DEATH_COUNT","PED_SUSP_SERIOUS_INJ_COUNT","PERSON_COUNT","POLICE_AGCY","POSSIBLE_INJ_COUNT","RDWY_SURF_TYPE_CD","RELATION_TO_ROAD","ROADWAY_CLEARED","ROAD_CONDITION","SCH_BUS_IND","SCH_ZONE_IND","SECONDARY_CRASH","SMALL_TRUCK_COUNT","SPEC_JURIS_CD","SUSP_MINOR_INJ_COUNT","SUSP_SERIOUS_INJ_COUNT","SUV_COUNT","TCD_FUNC_CD","TCD_TYPE","TFC_DETOUR_IND","TIME_OF_DAY","TOTAL_UNITS","TOT_INJ_COUNT","UNBELTED_OCC_COUNT","UNB_DEATH_COUNT","UNB_SUSP_SERIOUS_INJ_COUNT","UNK_INJ_DEG_COUNT","UNK_INJ_PER_COUNT","URBAN_RURAL","VAN_COUNT","VEHICLE_COUNT","VULNERABLE_ROAD_USER_COUNT","VULNERABLE_ROAD_USER_DEATH_COUNT","VULNERABLE_ROAD_USER_SER_INJ_COUNT","WEATHER1","WEATHER2","WORKERS_PRES","WORK_ZONE_IND","WORK_ZONE_LOC","WORK_ZONE_TYPE","WZ_CLOSE_DETOUR","WZ_FLAGGER","WZ_LAW_OFFCR_IND","WZ_LN_CLOSURE","WZ_MOVING","WZ_OTHER","WZ_SHLDER_MDN","WZ_WORKERS_INJ_KILLED"
"2021084852","0730","1","0","0","0","0","0","0","0","0","1","0","","67","8","2021","3","39.96604","-75.135911","0713","6","0","0","0","0","0","1","0","0","","0","0","0","7","1","0","N","0","0","39 57:57.743","","0","75 08:09.280","0","0","0","0","67301","0","0","0","N","0","0","0","2","68K01","0","","1.0","","1","N","N","N","0","","0","0","1","0","0","","709","2","0","0","0","0","0","0","2","0","2","0","0","0","3","03","","N","","","","","","","","","",""
"2021084855","0906","2","0","0","0","0","0","0","0","0","1","0","","67","8","2021","5","39.951709","-75.141471","0836","6","0","0","0","0","0","0","0","0","","0","0","0","8","1","1","N","7","1","39 57:06.151","1","2","75 08:29.297","3","0","0","0","67301","0","0","0","N","0","0","0","4","68K01","0","","1.0","100.0","1","N","N","Y","0","","1","0","0","0","0","N","836","2","1","1","0","0","0","2","2","0","2","0","0","0","3","03","","N","","","","","","","","","",""
"2021061425","0723","1","0","0","0","0","0","0","0","0","5","0","45","67","6","2021","5","40.011868","-75.060066","0650","6","0","0","0","0","0","1","0","0","","0","0","0","6","1","0","N","0","1","40 00:42.724","1","3","75 03:36.236","0","0","0","0","67301","0","0","0","N","0","0","0","2","68K01","0","","1.0","805.0","1","N","N","N","0","","0","0","1","0","0","N","642","2","0","0","0","0","0","0","2","0","2","0","0","0","3","","N","Y","4","1","","","N","Y","","","","N"
"2021064312","1450","1","0","0","0","0","0","0","0","0","8","0","","67","6","2021","4","39.973951","-75.178846","1443","6","0","0","0","0","0","0","1","0","","0","0","0","14","1","1","","1","2","39 58:26.223","6","0","75 10:43.844","3","0","0","0","67301","1","0","0","N","1","0","0","2","67301","0","","1.0","1536.0","1","N","N","N","0","","1","0","0","3","2","Y","1442","2","1","0","0","0","0","0","2","0","1","1","0","0","3","03","","N","","","","","","","","","",""
"2021083442","0751","2","0","0","0","0","0","0","0","0","1","0","","67","9","2021","5","39.997219","-75.073662","0732","6","0","0","0","0","0","0","0","0","","0","0","0","6","1","0","N","0","0","39 59:49.988","","0","75 04:25.182","0","0","0","0","67301","0","0","0","N","0","0","0","2","67301","0","","1.0","","1","N","N","N","0","","0","0","0","0","0","","630","2","0","0","0","0","0","0","2","0","2","0","0","0","3","03","","N","","","","","","","","","",""
"2021064163","2007","1","0","0","0","0","0","0","0","0","4","0","","67","6","2021","6","39.927926","-75.187519","2005","6","0","0","0","0","0","0","0","0","","0","0","0","19","1","1","","1","0","39 55:40.533","","1","75 11:15.068","8","0","0","0","67301","0","0","0","N","0","0","0","3","67301","0","","1.0","","1","N","N","N","0","","0","0","1","3","3","","1959","3","1","1","0","0","1","1","2","1","3","0","0","0","3","03","","N","","","","","","","","","",""
"2021069923","1616","1","0","0","0","0","0","0","0","0","4","0","","67","7","2021","5","40.008897","-75.161124","1615","6","0","0","0","0","0","1","0","0","","0","0","0","16","1","0","","1","0","40 00:32.029","","0","75 09:40.046","9","0","0","0","67301","0","0","0","N","0","0","0","2","67301","0","","1.0","","1","N","Y","N","1","","0","0","0","3","3","","1600","2","0","0","0","0","0","1","2","0","2","0","0","0","3","03","","N","","","","","","","","","",""
"2021058114","1305","1","0","0","0","0","0","0","0","0","7","0","","67","6","2021","3","39.874748","-75.255253","1300","6","0","0","1","0","0","0","0","0","","0","0","0","12","1","0","N","0","0","39 52:29.093","","2","75 15:18.909","0","0","0","0","67301","0","0","0","N","0","0","0","1","67301","0","","4.0","","1","N","N","N","0","","0","0","0","0","0","","1245","1","0","0","0","0","0","0","2","0","1","0","0","0","7","07","","N","","","","","","","","","",""
"2021059053","0640","0","0","0","1","0","0","0","0","0","8","0","","67","6","2021","6","39.951852","-75.159824","0633","6","0","0","0","0","0","0","0","0","","0","0","0","6","5","1","","1","2","39 57:06.668","7","0","75 09:35.366","3","0","0","0","67301","1","0","0","N","0","0","0","2","67301","0","","1.0","700.0","1","N","N","N","0","","1","0","1","3","2","Y","632","2","1","0","0","0","0","0","2","0","1","1","0","0","3","03","","N","","","","","","","","","",""
"2021084063","2115","1","0","0","0","0","0","0","0","0","7","0","","67","8","2021","5","39.982542","-75.08361","2109","6","0","0","0","0","0","0","0","0","","1","0","0","21","3","0","N","0","0","39 58:57.152","","0","75 05:00.997","1","0","0","0","67301","0","0","0","N","0","0","0","1","67301","0","2","4.0","","1","N","N","N","0","0","0","0","0","3","1","","2106","1","0","1","1","0","0","0","2","0","1","0","0","0","3","","","N","","","","","","","","","",""
"2021120511","1815","0","0","0","0","0","0","0","0","0","1","1","","67","12","2021","4","39.962619","-75.205239","1800","6","0","0","0","0","0","0","0","0","","0","1","0","17","1","1","N","0","0","39 57:45.430","","0","75 12:18.860","3","0","0","0","67301","0","0","0","N","0","0","0","2","67301","0","","1.0","","1","N","N","N","1","","1","0","0","0","0","","1745","2","1","0","0","0","0","1","2","0","2","0","0","0","3","03","","N","","","","","","","","","",""
"2021069730","1935","0","0","0","0","0","0","0","0","0","4","0","","67","7","2021","1","39.921713","-75.190744","1929","6","0","0","0","0","0","1","0","0","","0","0","0","19","1","0","","3","1","39 55:18.166","3","2","75 11:26.680","0","0","0","0","67301","0","0","0","N","0","0","0","4","67301","0","","1.0","2100.0","1","N","N","N","0","","0","0","1","3","2","N","1915","2","0","0","0","0","0","0","2","1","2","0","0","0","3","04","","N","","","","","","","","","",""
"2021083575","1549","1","0","0","0","0","0","0","0","0","5","0","","67","8","2021","3","40.053186","-75.061144","1549","6","0","0","0","0","0","0","1","0","","0","0","0","15","1","1","N","0","0","40 03:11.470","","0","75 03:40.120","8","0","0","0","67301","0","0","0","N","0","0","0","1","67301","0","","1.0","","1","N","N","N","0","","0","0","2","0","0","","1549","3","1","0","0","0","1","0","2","0","3","0","0","0","3","","","N","","","","","","","","","",""
"2021083690","1352","1","0","0","1","0","0","0","0","0","8","0","","67","8","2021","5","39.945728","-75.240666","1351","6","0","0","0","0","0","0","0","0","","0","0","0","13","1","1","N","0","0","39 56:44.620","","0","75 14:26.398","8","0","0","0","67301","1","0","0","N","0","0","0","3","67301","0","","1.0","","1","N","N","N","0","","0","0","0","9","9","","1349","2","1","0","0","0","1","0","2","0","1","1","0","0","3","03","","N","","","","","","","","","",""
"2021057099","0908","1","0","0","0","0","0","0","0","0","4","0","","67","6","2021","6","39.9376","-75.164627","0908","6","0","0","0","0","0","0","0","0","","0","0","0","9","1","0","","1","0","39 56:15.360","","0","75 09:52.657","0","0","0","0","67301","0","0","0","N","0","0","0","3","67301","0","","1.0","","1","N","N","N","0","","0","0","1","3","2","","905","2","0","0","0","0","0","0","2","0","2","0","0","0","3","","","N","","","","","","","","","",""
"2021083315","0316","0","0","0","0","0","0","0","0","0","7","0","","67","9","2021","5","39.959656","-75.176078","0300","6","0","0","0","0","0","0","0","0","","0","0","0","3","3","0","N","0","0","39 57:34.763","","0","75 10:33.880","0","0","0","0","67301","0","0","0","Y","0","0","0","1","68K01","0","","2.0","","1","N","N","N","0","","0","0","1","0","0","","300","1","0","0","0","0","0","0","2","0","1","0","0","0","4","","","N","","","","","","","","","",""
"2021059558","2001","2","0","0","0","0","0","0","0","0","4","0","","67","6","2021","5","40.011455","-75.107332","2001","6","0","0","0","0","0","0","0","0","","0","0","0","19","1","2","","2","1","40 00:41.239","4","0","75 06:26.394","3","0","0","0","67301","0","0","0","N","0","0","0","3","67301","0","","1.0","2230.0","1","N","N","N","1","","2","0","0","0","0","Y","1945","3","2","0","0","0","0","1","2","0","3","0","0","0","3","","","N","","","","","","","","","",""
"2021058643","0439","2","0","0","0","0","0","0","0","0","5","0","","67","6","2021","7","39.919333","-75.180222","0439","6","0","0","0","0","0","0","0","0","","0","0","0","4","3","2","N","0","0","39 55:09.600","","0","75 10:48.800","3","0","0","0","67301","0","0","0","N","0","0","0","2","67301","0","","6.0","","1","N","N","N","1","","2","0","1","0","0","","428","4","2","0","0","0","0","0","2","0","4","0","0","0","3","03","","N","","","","","","","","","",""
"2021064341","1034","2","0","0","0","0","0","0","0","0","4","0","","67","6","2021","5","39.998425","-75.128644","1033","6","0","0","0","0","1","0","0","0","","0","0","0","10","1","3","","2","0","39 59:54.329","","0","75 07:43.119","2","0","0","0","67301","0","0","0","N","0","0","0","4","67301","0","","1.0","","1","N","N","N","0","","0","3","1","3","3","","1030","3","3","0","0","0","0","0","2","0","3","0","0","0","3","03","","N","","","","","","","","","",""
"2021057912","1535","2","0","0","0","0","0","0","0","0","4","0","","67","6","2021","3","40.026815","-75.029762","1525","6","0","0","0","0","0","1","0","0","","0","0","0","15","1","0","N","0","2","40 01:36.535","1","0","75 01:47.144","0","0","0","0","67301","0","0","0","N","0","0","0","3","67301","0","","1.0","100.0","9","N","N","N","0","","0","0","0","0","0","Y","1520","2","0","0","0","0","0","0","2","0","2","0","0","0","7","","","N","","","","","","","","","",""
"2021057172","2359","1","0","0","0","0","0","0","0","0","4","0","","67","6","2021","7","40.027194","-75.151242","2350","6","0","0","0","0","0","1","0","0","","0","0","0","22","3","0","","1","0","40 01:37.898","","0","75 09:04.471","0","0","0","0","67301","0","0","0","N","0","0","0","4","67301","0","","1.0","","1","N","N","N","0","","0","0","1","3","2","","2249","2","0","0","0","0","0","0","2","0","2","0","0","0","3","03","","N","","","","","","","","","",""
"2021084145","1840","2","0","0","0","0","0","0","0","0","4","0","","67","9","2021","2","40.063536","-75.169821","1832","6","0","0","0","0","0","0","0","0","","0","0","0","18","1","1","","1","0","40 03:48.731","","0","75 10:11.355","3","0","0","0","67301","0","0","0","N","0","0","0","2","67301","0","","1.0","","1","N","N","N","0","","1","0","0","3","1","","1817","2","1","2","0","0","0","0","2","0","2","0","0","0","3","","","N","","","","","","","","","",""
"2021057105","0305","2","0","0","0","0","0","0","0","0","4","0","","67","6","2021","1","39.953473","-75.139763","0303","6","0","0","0","0","0","0","0","0","","0","0","0","3","3","0","","2","0","39 57:12.504","","0","75 08:23.145","0","0","0","0","67301","0","0","0","N","0","0","0","3","67301","0","","1.0","","1","N","N","Y","1","","0","0","0","3","2","","302","3","0","0","0","0","0","0","2","0","3","0","0","0","3","03","","N","","","","","","","","","",""
"2021059211","1527","1","0","0","0","0","0","0","0","0","1","0","","67","6","2021","6","39.95679","-75.15386","1514","6","0","0","0","0","0","0","0","0","","0","0","0","14","1","1","N","0","0","39 57:24.443","","0","75 09:13.896","8","0","0","0","67301","0","0","0","N","0","0","0","3","68K01","0","","1.0","","1","N","N","N","1","","0","0","1","0","0","","1445","3","1","0","0","0","1","0","2","0","3","0","0","0","3","03","","N","","","","","","","","","",""
"2021058653","1550","1","0","0","0","0","0","0","0","0","4","0","","67","6","2021","3","40.041233","-75.144967","1544","6","0","0","0","0","0","0","0","0","","0","0","0","14","1","1","N","0","0","40 02:28.440","","7","75 08:41.880","3","0","0","0","67301","0","0","0","N","0","0","0","2","67301","0","","1.0","","9","N","N","N","1","","1","0","0","0","0","","1444","2","1","0","0","0","0","0","2","0","2","0","0","0","3","03","","N","","","","","","","","","",""
"2021083278","1140","1","0","0","0","0","0","0","0","0","4","0","","67","9","2021","6","40.020198","-75.150541","1134","6","0","0","0","0","0","1","0","0","","0","0","0","11","1","2","","1","0","40 01:12.714","","0","75 09:01.947","3","0","0","0","67301","0","0","0","N","0","0","0","3","67301","0","","1.0","","1","N","N","N","0","","2","0","1","3","2","","1130","2","2","0","0","0","0","0","2","0","2","0","0","0","3","03","","N","","","","","","","","","",""
"2021083227","0145","1","0","0","0","0","0","0","0","0","7","0","","67","9","2021","7","39.964781","-75.133864","0140","6","0","0","0","0","0","0","0","0","","0","0","0","1","3","1","N","0","0","39 57:53.213","","0","75 08:01.911","3","0","0","0","67301","0","0","0","N","0","0","0","1","67301","0","","4.0","","1","N","N","N","0","","1","0","0","0","0","","135","1","1","0","0","0","0","0","2","0","1","0","0","0","3","03","","N","","","","","","","","","",""
"2021057147","2013","4","0","0","0","0","0","0","0","0","5","0","","67","6","2021","7","39.9903","-75.162731","2011","6","0","0","0","0","0","1","0","0","","0","0","0","20","1","1","N","0","0","39 59:25.080","","0","75 09:45.830","3","0","0","0","67301","0","0","0","N","0","0","0","1","67301","0","","6.0","","1","N","N","N","0","","1","0","1","0","0","","2011","5","1","1","0","0","0","0","2","0","5","0","0","0","4","04","","N","","","","","","","","","",""
"2021083251","0006","2","0","0","0","0","0","0","0","0","2","0","","67","9","2021","6","40.058962","-75.19434","0006","6","0","0","0","0","0","0","0","0","","0","0","0","0","3","1","N","0","0","40 03:32.263","","0","75 11:39.624","8","0","0","0","67301","0","0","0","N","0","0","0","1","67301","0","","6.0","","1","N","N","N","0","","0","0","1","0","0","","0","3","1","0","0","0","1","0","2","0","3","0","0","0","3","","","N","","","","","","","","","",""
"2021070536","1321","2","0","0","0","0","0","0","0","0","4","0","","67","7","2021","3","40.045265","-75.125618","1321","6","0","0","0","0","0","0","0","0","","0","0","0","11","1","0","","1","0","40 02:42.955","","0","75 07:32.224","0","0","0","0","67301","0","0","0","N","0","0","0","2","67301","0","","1.0","","99","N","N","N","0","","0","0","0","3","2","","1152","2","0","0","0","0","0","0","2","0","2","0","0","0","99","","","N","","","","","","","","","",""
"2021083796","0847","1","0","0","0","0","0","0","0","0","7","0","","67","9","2021","1","40.036367","-75.218173","0843","6","0","0","0","0","0","0","0","0","","0","0","0","8","1","1","N","0","0","40 02:10.920","","0","75 13:05.421","4","0","0","0","67301","0","0","0","N","0","0","0","1","67301","1","","5.0","","1","N","N","N","0","","0","0","0","0","0","","840","1","1","0","0","0","0","0","2","0","1","0","0","0","3","03","","N","","","","","","","","","",""
"2021059525","2131","1","0","0","0","0","0","0","0","0","4","0","","67","6","2021","4","40.049911","-75.11636","2131","6","0","0","0","0","0","0","0","0","","0","0","0","21","3","1","N","0","0","40 02:59.680","","0","75 06:58.896","3","0","0","1","67301","0","0","0","N","0","0","0","2","67301","0","","1.0","","1","N","N","N","0","","1","0","0","0","0","","2101","2","1","0","0","0","0","0","2","0","2","0","0","0","3","03","","N","","","","","","","","","",""
"2021084091","2143","0","0","0","0","0","0","0","0","0","4","0","","67","9","2021","2","39.978601","-75.145008","2141","6","0","0","0","0","0","0","0","0","","0","0","0","21","2","1","","1","0","39 58:42.963","","0","75 08:42.028","8","0","0","1","67301","0","0","0","N","0","0","0","2","67301","0","","1.0","","1","N","N","N","1","","0","0","0","3","2","","2139","2","1","0","0","0","1","0","2","0","2","0","0","0","3","03","","N","","","","","","","","","",""
"2021058393","0835","1","0","0","0","0","0","0","0","0","5","0","","67","6","2021","3","40.038297","-75.058289","0834","6","0","0","0","0","0","0","0","0","","0","0","0","8","1","1","N","0","0","40 02:17.870","","0","75 03:29.840","4","0","0","0","67301","0","0","0","N","0","0","0","1","67301","1","","6.0","","1","N","N","N","1","","0","0","2","0","0","","832","4","1","0","0","0","0","0","2","0","4","0","0","0","4","","","N","","","","","","","","","",""
"2021092273","1612","0","0","0","0","0","0","1","0","0","8","1","","67","9","2021","1","39.996519","-75.113841","1602","6","0","0","0","0","0","0","0","0","","0","0","0","16","1","1","","2","0","39 59:47.470","","0","75 06:49.828","8","0","0","0","67301","1","0","0","N","1","0","0","2","67508","0","","1.0","","1","N","N","Y","0","","0","0","0","0","0","","1602","2","1","0","0","0","1","0","2","0","1","1","0","0","3","03","","N","","","","","","","","","",""
"2021083402","1714","1","0","0","0","0","0","0","0","0","4","0","","67","9","2021","7","40.012774","-75.157003","1713","6","0","0","0","0","0","0","0","0","","0","0","0","17","1","2","","1","1","40 00:45.986","1","0","75 09:25.210","3","0","0","0","67301","0","0","0","N","0","0","0","2","67301","0","","1.0","1745.0","1","N","N","N","0","","2","0","1","3","2","N","1710","2","2","0","0","0","0","0","2","0","2","0","0","0","3","","","N","","","","","","","","","",""
"2021092713","2341","1","0","0","0","0","0","0","0","0","7","0","","67","9","2021","4","39.960138","-75.180009","2329","6","0","0","0","1","0","0","0","0","","0","0","0","23","3","0","N","0","0","39 57:36.495","","0","75 10:48.031","0","0","0","0","67301","0","0","0","N","0","0","0","1","68K01","0","","2.0","","9","N","N","N","0","","0","0","0","0","0","","2328","1","0","0","0","0","0","0","2","0","1","0","0","0","7","","","N","","","","","","","","","",""
"2021059051","0750","0","0","0","0","0","0","0","0","0","4","0","","67","6","2021","6","40.05431","-75.049499","0741","6","0","0","0","0","0","1","1","0","","0","0","0","7","1","2","","1","0","40 03:15.517","","0","75 02:58.198","3","0","0","0","67301","0","0","0","N","0","0","0","3","67301","0","","1.0","","1","N","N","N","0","","2","0","2","3","2","","710","2","2","0","0","0","0","0","2","0","2","0","0","0","3","03","","N","","","","","","","","","",""
"2021058268","1406","2","0","0","0","0","0","0","0","0","1","0","","67","6","2021","3","39.959489","-75.174742","1401","6","0","0","0","0","0","1","0","0","","0","0","0","13","1","0","N","0","2","39 57:34.161","4","0","75 10:29.072","0","0","0","0","67301","0","0","0","N","0","0","0","3","68K01","0","","1.0","1420.0","9","N","N","N","0","","0","0","0","0","0","N","1359","2","0","0","0","0","0","0","2","0","2","0","0","0","7","","","N","","","","","","","","","",""
"2021057269","0849","0","0","0","0","0","0","0","0","0","5","0","","67","6","2021","7","40.050092","-75.150672","0849","6","0","0","0","0","0","0","0","0","","0","0","0","14","1","1","N","0","0","40 03:00.330","","0","75 09:02.420","8","0","0","0","67301","0","0","0","N","0","0","0","2","67301","0","","1.0","","99","N","N","N","0","","0","0","1","0","0","","1400","2","1","1","0","0","1","1","2","0","2","0","0","0","99","","","N","","","","","","","","","",""
"2021057916","0053","2","0","0","0","0","0","0","0","0","4","0","","67","6","2021","1","39.955216","-75.225866","0048","6","0","0","0","0","0","0","0","0","","0","0","0","0","3","2","","1","0","39 57:18.779","","0","75 13:33.116","3","0","0","0","67301","0","0","0","N","0","0","0","2","67301","0","","1.0","","1","N","N","N","0","","2","0","0","0","0","","48","2","2","1","0","0","0","0","2","0","2","0","0","0","3","03","","N","","","","","","","","","",""
"2021069865","1125","2","0","0","0","0","0","0","0","0","4","0","","67","7","2021","7","39.959698","-75.222927","1125","6","0","0","0","0","0","0","0","1","","0","0","0","11","1","0","","1","0","39 57:34.914","","1","75 13:22.536","9","0","0","0","67301","0","0","0","N","0","0","0","2","67301","0","","1.0","","1","N","N","N","0","","0","0","0","3","2","","1120","2","0","0","0","0","0","1","2","0","2","0","0","0","3","03","","N","","","","","","","","","",""
"2021089677","1742","0","0","0","0","0","0","0","0","0","7","0","","67","9","2021","2","39.931472","-75.199632","1733","6","0","0","0","0","0","0","0","0","","0","0","0","17","1","0","N","0","1","39 55:53.299","3","0","75 11:58.674","9","0","0","0","67301","0","0","0","N","0","0","0","1","68K01","0","","4.0","1821.0","1","N","N","N","0","","0","0","1","0","0","N","1731","1","0","0","0","0","0","1","2","0","1","0","0","0","3","","","N","","","","","","","","","",""
"2021088057","1901","1","0","0","0","0","0","0","0","0","1","0","","67","9","2021","6","39.968486","-75.191053","1859","6","0","0","0","0","0","0","0","0","","0","0","0","18","1","1","N","0","0","39 58:06.551","","0","75 11:27.791","3","0","0","0","67301","0","0","0","N","0","0","0","2","68K01","0","","1.0","","1","N","N","N","0","","1","0","1","0","0","","1856","2","1","0","0","0","0","0","2","0","2","0","0","0","3","03","","N","","","","","","","","","",""
"2021083002","2005","0","0","0","0","0","0","0","0","0","8","0","","67","8","2021","2","39.995586","-75.125958","2005","6","0","0","0","0","0","0","0","0","","1","0","0","20","4","0","N","0","0","39 59:44.110","","0","75 07:33.450","1","0","0","0","67301","1","1","0","N","1","1","0","2","67301","0","2","1.0","","1","N","N","N","0","0","0","0","0","0","0","","2005","2","0","0","0","0","0","0","2","0","1","1","1","0","3","03","","N","","","","","","","","","",""
"2021058493","1330","1","0","0","0","0","0","0","0","0","4","0","","67","6","2021","4","40.0408","-75.039224","1325","6","0","0","0","0","0","0","1","0","","0","0","0","13","1","1","","1","1","40 02:26.879","3","0","75 02:21.206","4","0","0","0","67301","0","0","0","N","0","0","0","2","67301","1","","1.0","100.0","1","N","N","N","0","","0","0","1","3","3","N","1324","2","1","0","0","0","0","0","2","0","2","0","0","0","3","","","N","","","","","","","","","",""
"2021057701","1000","1","0","0","0","0","0","0","0","0","4","0","","67","6","2021","3","40.115823","-75.020719","0952","6","0","0","0","0","1","1","0","0","","0","0","0","9","1","0","N","0","0","40 06:56.963","","7","75 01:14.589","9","0","0","0","67301","0","0","0","N","0","0","0","4","67301","0","","1.0","","1","N","N","N","0","","0","0","1","0","0","","949","2","0","0","0","0","0","1","2","0","2","0","0","0","3","03","","N","","","","","","","","","",""
"2021058985","1240","2","0","0","0","0","0","0","0","0","4","0","","67","6","2021","6","40.058131","-75.174307","1235","6","0","0","0","0","0","0","0","0","","0","0","0","12","1","3","","1","0","40 03:29.272","","0","75 10:27.505","3","0","0","0","67301","0","0","0","N","0","0","0","3","67301","0","","1.0","","1","N","N","N","0","","3","0","0","3","2","","1220","2","3","0","0","0","0","0","2","0","2","0","0","0","3","","","N","","","","","","","","","",""
"2021057131","0713","2","0","0","0","0","0","0","0","0","2","0","","67","6","2021","7","40.063589","-75.200267","0706","6","0","0","0","0","0","1","0","0","","0","0","0","5","1","0","N","0","0","40 03:48.920","","0","75 12:00.960","0","0","0","0","67301","0","0","0","N","0","0","0","2","67301","0","","1.0","","9","N","N","N","0","","0","0","0","0","0","","558","2","0","2","0","0","0","0","2","0","2","0","0","0","3","03","","N","","","","","","","","","",""
"2021058295","0225","0","0","0","1","0","0","0","0","0","8","0","","67","6","2021","4","39.971462","-75.159522","0220","6","0","0","0","0","0","0","0","0","","0","0","0","2","3","1","","1","0","39 58:17.264","","0","75 09:34.278","8","0","0","0","67301","1","0","0","N","0","0","0","2","67301","0","","1.0","","1","N","N","N","0","","0","0","1","3","2","","212","2","1","0","0","0","1","1","2","0","1","1","0","0","3","03","","N","","","","","","","","","",""
"2021084239","2032","1","0","0","0","0","0","0","0","0","7","0","","67","9","2021","1","40.034667","-75.018669","2015","6","0","0","0","0","0","0","0","0","","0","0","0","20","3","0","N","0","2","40 02:04.801","1","0","75 01:07.208","0","0","0","0","67301","0","0","0","N","0","0","0","1","68K01","0","","3.0","2100.0","9","N","N","N","0","","0","0","0","0","0","N","2015","1","0","0","0","0","0","0","2","0","1","0","0","0","7","","","N","","","","","","","","","",""
"2021058822","2140","1","0","0","0","0","0","0","0","0","4","0","","67","6","2021","5","40.007217","-75.123438","2138","6","0","0","0","0","0","0","0","0","","0","0","0","21","3","1","","1","0","40 00:25.981","","0","75 07:24.378","2","0","0","0","67301","0","0","0","N","0","0","0","2","67301","0","","1.0","","1","N","N","N","0","","0","1","0","3","2","","2138","2","1","0","0","0","0","0","2","1","2","0","0","0","3","03","","N","","","","","","","","","",""
"2021060685","0003","1","0","0","0","0","0","0","0","0","2","0","","67","6","2021","1","39.97609","-75.195498","0002","6","0","0","0","0","0","0","0","0","","0","0","0","23","3","2","N","0","1","39 58:33.925","3","0","75 11:43.792","3","0","0","0","67301","0","0","0","N","0","0","0","2","68K01","0","","1.0","100.0","1","N","N","N","0","","2","0","0","0","0","N","2356","2","2","0","0","0","0","0","2","1","2","0","0","0","3","","","N","","","","","","","","","",""
"2021083349","2105","1","0","0","0","0","0","0","0","0","8","0","","67","9","2021","6","39.947345","-75.157643","2058","6","0","0","0","0","0","0","0","0","","0","0","0","17","1","1","","3","0","39 56:50.441","","0","75 09:27.514","8","0","0","0","67301","1","0","0","N","1","0","0","2","67301","0","","1.0","","1","N","N","N","0","","0","0","0","3","2","","1700","2","1","0","0","0","1","1","2","0","1","1","0","0","3","03","","N","","","","","","","","","",""
"2021056764","0211","2","0","0","0","0","0","0","0","0","1","0","","67","6","2021","7","39.906111","-75.134778","0210","6","0","0","0","0","0","0","0","0","","0","0","0","2","3","2","N","0","2","39 54:22.000","3","3","75 08:05.200","4","0","0","0","67301","0","0","0","N","0","0","0","2","67501","1","","1.0","314.0","1","N","N","N","0","","0","0","0","0","0","N","209","2","2","1","0","0","1","0","2","0","2","0","0","0","3","","","N","","","","","","","","","",""
"2021057114","1028","1","0","0","0","0","0","0","0","0","8","0","","67","6","2021","6","39.934145","-75.216401","1028","6","0","0","0","0","0","1","0","0","","0","0","0","9","1","1","","1","0","39 56:02.921","","0","75 12:59.043","8","0","0","0","67301","1","0","0","N","1","0","0","3","67301","0","","1.0","","1","N","N","N","0","","0","0","0","3","3","","949","2","1","0","0","0","1","0","2","0","1","1","0","0","3","","","N","","","","","","","","","",""
"2021057102","0242","1","0","0","0","0","0","0","0","0","1","0","","67","6","2021","7","39.944594","-75.158247","0236","6","0","0","0","0","0","0","0","0","","0","0","0","2","3","2","N","0","0","39 56:40.540","","0","75 09:29.690","3","0","0","0","67301","0","0","0","N","0","0","0","2","67301","0","","6.0","","9","N","N","Y","0","","2","0","2","0","0","","230","3","2","2","0","0","0","0","2","0","3","0","0","0","7","07","","N","","","","","","","","","",""