"CRN","ARRIVAL_TM","AUTOMOBILE_COUNT","BELTED_DEATH_COUNT","BELTED_SUSP_SERIOUS_INJ_COUNT","BICYCLE_COUNT","BICYCLE_DEATH_COUNT","BICYCLE_SUSP_SERIOUS_INJ_COUNT","BUS_COUNT","CHLDPAS_DEATH_COUNT","CHLDPAS_SUSP_SERIOUS_INJ_COUNT","COLLISION_TYPE","COMM_VEH_COUNT","CONS_ZONE_SPD_LIM","COUNTY","CRASH_MONTH","CRASH_YEAR","DAY_OF_WEEK","DEC_LATITUDE","DEC_LONGITUDE","DISPATCH_TM","DISTRICT","DRIVER_COUNT_16YR","DRIVER_COUNT_17YR","DRIVER_COUNT_18YR","DRIVER_COUNT_19YR","DRIVER_COUNT_20YR","DRIVER_COUNT_50_64YR","DRIVER_COUNT_65_74YR","DRIVER_COUNT_75PLUS","EST_HRS_CLOSED","FATAL_COUNT","HEAVY_TRUCK_COUNT","HORSE_BUGGY_COUNT","HOUR_OF_DAY","ILLUMINATION","INJURY_COUNT","INTERSECTION_RELATED","INTERSECT_TYPE","LANE_CLOSED","LATITUDE","LN_CLOSE_DIR","LOCATION_TYPE","LONGITUDE","MAX_SEVERITY_LEVEL","MCYCLE_DEATH_COUNT","MCYCLE_SUSP_SERIOUS_INJ_COUNT","MOTORCYCLE_COUNT","MUNICIPALITY","NONMOTR_COUNT","NONMOTR_DEATH_COUNT","NONMOTR_SUSP_SERIOUS_INJ_COUNT","NTFY_HIWY_MAINT","PED_COUNT","PED_DEATH_COUNT","PED_SUSP_SERIOUS_INJ_COUNT","PERSON_COUNT","POLICE_AGCY","POSSIBLE_INJ_COUNT","RDWY_SURF_TYPE_CD","RELATION_TO_ROAD","ROADWAY_CLEARED","ROAD_CONDITION","SCH_BUS_IND","SCH_ZONE_IND","SECONDARY_CRASH","SMALL_TRUCK_COUNT","SPEC_JURIS_CD","SUSP_MINOR_INJ_COUNT","SUSP_SERIOUS_INJ_COUNT","SUV_COUNT","TCD_FUNC_CD","TCD_TYPE","TFC_DETOUR_IND","TIME_OF_DAY","TOTAL_UNITS","TOT_INJ_COUNT","UNBELTED_OCC_COUNT","UNB_DEATH_COUNT","UNB_SUSP_SERIOUS_INJ_COUNT","UNK_INJ_DEG_COUNT","UNK_INJ_PER_COUNT","URBAN_RURAL","VAN_COUNT","VEHICLE_COUNT","VULNERABLE_ROAD_USER_COUNT","VULNERABLE_ROAD_USER_DEATH_COUNT","VULNERABLE_ROAD_USER_SER_INJ_COUNT","WEATHER1","WEATHER2","WORKERS_PRES","WORK_ZONE_IND","WORK_ZONE_LOC","WORK_ZONE_TYPE","WZ_CLOSE_DETOUR","WZ_FLAGGER","WZ_LAW_OFFCR_IND","WZ_LN_CLOSURE","WZ_MOVING","WZ_OTHER","WZ_SHLDER_MDN","WZ_WORKERS_INJ_KILLED"
"2021059260","0218","0","0","0","0","0","0","0","0","0","7","0","","67","6","2021","6","40.022719","-75.148198","0216","6","0","0","0","0","0","0","0","0","","0","0","0","22","3","1","","5","0","40 01:21.790","","0","75 08:53.512","8","0","0","1","67301","0","0","0","N","0","0","0","1","67301","0","","3.0","","1","N","N","N","0","","0","0","0","3","2","","2253","1","1","0","0","0","1","0","2","0","1","0","0","0","3","03","","N","","","","","","","","","",""
"2021057985","0700","1","0","0","0","0","0","0","0","0","4","0","","67","6","2021","4","40.003284","-75.153462","0655","6","0","0","0","0","0","1","0","0","","0","0","0","6","1","0","","2","0","40 00:11.822","","0","75 09:12.463","0","0","0","0","67301","0","0","0","N","0","0","0","4","67505","0","","1.0","","1","N","N","N","0","","0","0","1","3","3","","655","2","0","0","0","0","0","0","2","0","2","0","0","0","3","03","","N","","","","","","","","","",""
"2021083544","1100","1","0","0","0","0","0","0","0","0","4","0","","67","9","2021","6","40.045314","-75.118822","1100","6","0","0","0","0","0","1","0","1","","0","0","0","11","1","0","N","0","0","40 02:43.130","","7","75 07:07.760","0","0","0","0","67301","0","0","0","N","0","0","0","3","67301","0","","5.0","","1","N","N","N","0","","0","0","2","0","0","","1100","3","0","0","0","0","0","0","2","0","3","0","0","0","3","03","","N","","","","","","","","","",""
"2021084725","1543","1","0","0","0","0","0","0","0","0","4","1","","67","9","2021","5","39.945827","-75.183141","1538","6","0","0","0","0","0","0","0","0","","0","1","0","15","1","0","","1","2","39 56:44.977","7","0","75 10:59.307","0","0","0","1","67301","0","0","0","N","0","0","0","1","67301","0","","1.0","1630.0","1","N","N","N","0","","0","0","0","3","2","Y","1500","3","0","0","0","0","0","0","2","0","3","0","0","0","3","","","N","","","","","","","","","",""
"2021091200","0408","0","0","0","0","0","0","0","0","0","7","0","","67","9","2021","3","39.970576","-75.124515","0408","6","0","0","0","0","0","0","0","0","","0","1","0","4","3","0","N","0","2","39 58:14.072","1","0","75 07:28.253","0","0","0","0","67301","0","0","0","Y","0","0","0","1","68K01","0","","4.0","630.0","1","N","N","N","0","","0","0","0","0","0","N","408","1","0","0","0","0","0","0","2","0","1","0","0","0","3","03","","N","","","","","","","","","",""
"2021058645","2322","2","0","0","0","0","0","0","0","0","4","0","","67","6","2021","3","39.917159","-75.173552","2322","6","0","0","0","0","1","0","0","0","","0","0","0","23","3","1","","2","0","39 55:01.772","","0","75 10:24.787","3","0","0","0","67301","0","0","0","N","0","0","0","2","67301","0","","1.0","","1","N","N","N","0","","1","0","0","3","3","","2306","2","1","0","0","0","0","0","2","0","2","0","0","0","3","03","","N","","","","","","","","","",""
"2021056738","1819","1","0","0","0","0","0","0","0","0","7","0","","67","6","2021","6","39.961799","-75.140205","1819","6","0","0","0","0","0","0","0","0","","0","0","0","18","1","0","N","0","0","39 57:42.477","","2","75 08:24.737","9","0","0","0","67301","0","0","0","N","0","0","0","1","68K01","0","","2.0","","1","N","N","N","0","","0","0","0","0","0","","1819","1","0","0","0","0","0","1","2","0","1","0","0","0","3","03","","N","","","","","","","","","",""
"2021066211","0614","2","0","0","0","0","0","0","0","0","1","0","","67","7","2021","7","39.983583","-75.14975","0614","6","0","0","0","0","0","0","0","0","","0","0","0","6","1","0","N","0","2","39 59:00.900","2","0","75 08:59.100","0","0","0","0","67301","0","0","0","N","0","0","0","1","67505","0","","6.0","700.0","1","N","N","N","1","","0","0","0","0","0","N","614","3","0","1","0","0","0","0","2","0","3","0","0","0","3","","","N","","","","","","","","","",""
"2021083400","1046","0","0","0","0","0","0","0","0","0","2","0","","67","8","2021","6","39.951701","-75.236857","1043","6","0","0","0","0","0","0","0","0","","0","0","0","10","1","1","","1","0","39 57:06.123","","0","75 14:12.685","3","0","0","0","67301","0","0","0","N","0","0","0","2","67301","0","","1.0","","1","N","N","N","0","","1","0","2","3","2","","1040","2","1","0","0","0","0","0","2","0","2","0","0","0","3","","","N","","","","","","","","","",""
"2021057563","0833","0","0","0","0","0","0","0","0","0","1","0","35","67","6","2021","2","39.954972","-75.145722","0829","6","0","0","0","0","0","1","0","0","","0","0","0","8","1","3","N","0","2","39 57:17.900","4","3","75 08:44.600","4","0","0","0","67301","0","0","0","N","0","0","0","5","67501","3","","1.0","928.0","1","N","N","N","0","","0","0","2","0","0","N","829","3","3","0","0","0","0","0","2","1","3","0","0","0","4","04","Y","Y","8","1","","","N","Y","","","","N"
"2021064224","0835","1","0","0","0","0","0","0","0","0","1","0","","67","6","2021","2","39.943903","-75.225442","0835","6","0","0","0","0","0","0","1","0","","0","0","0","8","1","0","","1","0","39 56:38.050","","0","75 13:31.591","0","0","0","0","67301","0","0","0","N","0","0","0","2","67301","0","","1.0","","1","N","N","N","0","","0","0","1","3","3","","835","2","0","0","0","0","0","0","2","0","2","0","0","0","3","03","","N","","","","","","","","","",""
"2021057109","1157","0","0","0","1","0","0","0","0","0","8","0","","67","6","2021","6","39.96131","-75.175055","1154","6","0","0","0","0","0","0","0","0","","0","0","0","11","1","1","","1","1","39 57:40.716","4","0","75 10:30.197","8","0","0","0","67301","1","0","0","N","0","0","0","2","67301","0","","1.0","1230.0","1","N","N","N","0","","0","0","1","3","2","N","1150","2","1","0","0","0","1","0","2","0","1","1","0","0","3","03","","N","","","","","","","","","",""
"2021057120","1445","1","0","0","1","0","0","0","0","0","8","0","","67","6","2021","7","39.925039","-75.226301","1445","6","0","0","0","0","0","0","0","0","","0","0","0","14","1","1","","1","0","39 55:30.139","","0","75 13:34.685","3","0","0","0","67301","1","0","0","N","0","0","0","2","67301","0","","1.0","","1","N","N","N","0","","1","0","0","3","2","","1430","2","1","0","0","0","0","0","2","0","1","1","0","0","3","03","","N","","","","","","","","","",""
"2021058815","1709","0","0","0","1","0","0","0","0","0","8","0","","67","6","2021","2","39.940637","-75.171119","1705","6","0","0","0","0","0","0","0","0","","0","0","0","17","1","1","","1","0","39 56:26.293","","0","75 10:16.028","8","0","0","0","67301","1","0","0","N","0","0","0","2","67301","0","","1.0","","1","N","N","N","0","","0","0","0","3","2","","1700","2","1","0","0","0","1","0","2","1","1","1","0","0","3","","","N","","","","","","","","","",""
"2021083371","1725","1","0","0","0","0","0","0","0","0","8","0","","67","8","2021","4","40.032711","-75.169868","1725","6","0","0","0","0","0","0","0","0","","0","0","0","17","1","1","N","0","0","40 01:57.760","","7","75 10:11.526","8","0","0","0","67301","1","0","0","N","1","0","0","2","67301","0","","3.0","","1","N","N","N","0","","0","0","0","0","0","","1720","2","1","0","0","0","1","0","2","0","1","1","0","0","3","03","","N","","","","","","","","","",""
"2021085400","0822","2","0","0","0","0","0","0","0","0","1","0","","67","9","2021","4","39.978074","-75.201771","0820","6","0","0","0","0","0","0","0","0","","0","0","0","8","1","0","N","0","0","39 58:41.065","","0","75 12:06.377","0","0","0","0","67301","0","0","0","N","0","0","0","3","68K01","0","","1.0","","1","N","N","N","0","","0","0","0","0","0","","819","2","0","0","0","0","0","0","2","0","2","0","0","0","3","03","","N","","","","","","","","","",""
"2021092880","2309","1","0","0","0","0","0","0","0","0","7","0","","67","9","2021","6","39.997083","-75.082226","2355","6","0","0","0","0","0","1","0","0","","0","0","0","22","2","0","N","0","1","39 59:49.498","2","0","75 04:56.012","0","0","0","0","67301","0","0","0","N","0","0","0","1","68K01","0","","3.0","2330.0","1","N","N","N","0","","0","0","0","0","0","N","2245","1","0","0","0","0","0","0","2","0","1","0","0","0","3","","","N","","","","","","","","","",""
"2021095367","2355","2","0","0","0","0","0","0","0","0","2","0","","67","10","2021","5","40.060558","-75.174625","2352","6","0","0","0","0","0","0","1","0","","0","0","0","22","3","1","N","0","0","40 03:38.010","","0","75 10:28.650","8","0","0","0","67301","0","0","0","N","0","0","0","1","67301","0","","6.0","","1","N","N","N","0","","0","0","0","0","0","","2250","2","1","0","0","0","1","0","2","0","2","0","0","0","3","","","N","","","","","","","","","",""
"2021059233","1813","1","0","0","0","0","0","0","0","0","4","0","","67","6","2021","3","40.056416","-75.012801","1810","6","0","0","0","0","0","1","1","0","","0","0","0","18","1","1","","1","0","40 03:23.098","","0","75 00:46.082","3","0","0","0","67301","0","0","0","N","0","0","0","2","67301","0","","1.0","","9","N","N","N","0","","1","0","1","3","2","","1802","2","1","0","0","0","0","0","2","0","2","0","0","0","4","04","","N","","","","","","","","","",""
"2021083693","0836","1","0","0","0","0","0","0","0","0","4","0","","67","9","2021","6","39.938342","-75.228908","0836","6","0","0","0","0","0","0","0","0","","0","0","0","8","1","1","N","0","0","39 56:18.030","","0","75 13:44.070","8","0","0","0","67301","0","0","0","N","0","0","0","3","67301","0","","9.0","","1","N","N","N","1","","0","0","1","0","0","","836","3","1","0","0","0","1","0","2","0","3","0","0","0","3","03","","N","","","","","","","","","",""
"2021091621","1909","1","0","0","0","0","0","0","0","0","1","0","","67","8","2021","6","39.975452","-75.194529","1858","6","0","0","0","0","0","0","0","0","","0","0","0","18","1","0","N","0","0","39 58:31.626","","0","75 11:40.306","0","0","0","0","67301","0","0","0","N","0","0","0","2","68K01","0","","1.0","","1","N","N","N","0","","0","0","1","0","0","","1855","2","0","0","0","0","0","0","2","0","2","0","0","0","3","","","N","","","","","","","","","",""
"2021057911","2145","0","0","0","0","0","0","0","0","0","4","0","","67","6","2021","2","40.043291","-75.052235","2135","6","0","0","0","0","0","1","0","0","","0","0","0","21","3","1","","1","1","40 02:35.849","4","0","75 03:08.046","4","0","0","0","67301","0","0","0","N","0","0","0","2","67301","1","","1.0","2229.0","9","N","N","N","0","","0","0","1","3","2","N","2135","2","1","0","0","0","0","1","2","0","2","0","0","0","7","","","N","","","","","","","","","",""
"2021064431","1657","2","0","0","0","0","0","0","0","0","5","0","45","67","6","2021","2","40.020489","-75.042809","1653","6","0","0","0","0","0","0","1","0","","0","0","0","16","1","1","N","0","0","40 01:13.759","","0","75 02:34.113","8","0","0","0","67301","0","0","0","N","0","0","0","3","68K01","0","","1.0","","1","N","N","N","0","","0","0","0","0","0","","1601","2","1","0","0","0","1","1","2","0","2","0","0","0","3","","N","Y","4","1","","","N","","","","Y","N"
"2021080460","2210","2","0","0","0","0","0","0","0","0","4","0","","67","6","2021","1","39.974735","-75.199203","2210","6","0","1","0","0","0","0","0","0","","0","0","0","22","3","1","","1","0","39 58:29.046","","2","75 11:57.130","3","0","0","0","67301","0","0","0","N","0","0","0","3","67301","0","","1.0","","1","N","N","N","0","","1","0","0","3","2","","2208","2","1","2","0","0","0","0","2","0","2","0","0","0","3","03","","N","","","","","","","","","",""
"2021057868","0147","0","0","0","0","0","0","0","0","0","7","0","50","67","6","2021","2","39.986478","-75.208094","0128","6","0","0","0","0","0","1","0","0","","0","0","0","1","3","1","N","0","0","39 59:11.321","","0","75 12:29.139","3","0","0","0","67301","0","0","0","N","0","0","0","1","68K01","0","","3.0","","1","N","N","N","0","","1","0","1","0","0","","127","1","1","0","0","0","0","0","2","0","1","0","0","0","3","","N","Y","4","1","","","N","","","Y","","N"
"2021083553","1617","1","0","0","0","0","0","0","0","0","7","0","","67","9","2021","7","40.030469","-75.225667","1609","6","0","0","0","0","0","0","0","1","","0","0","0","15","1","1","N","0","0","40 01:49.690","","7","75 13:32.400","3","0","0","0","67301","0","0","0","N","0","0","0","1","67301","0","","5.0","","1","N","N","N","0","","1","0","0","0","0","","1554","1","1","0","0","0","0","0","2","0","1","0","0","0","3","03","","N","","","","","","","","","",""
"2021057106","1700","1","0","0","0","0","0","0","0","0","1","0","","67","6","2021","7","40.108256","-74.996983","1630","6","0","0","0","0","0","0","0","0","","0","0","0","16","1","0","N","0","0","40 06:29.722","","3","74 59:49.137","0","0","0","0","67301","0","0","0","N","0","0","0","2","67301","0","","1.0","","9","N","N","N","0","","0","0","1","0","0","","1611","2","0","0","0","0","0","0","2","0","2","0","0","0","7","07","","N","","","","","","","","","",""
"2021083621","0834","0","0","0","0","0","0","0","0","0","4","0","","67","9","2021","1","39.955578","-75.233984","0833","6","0","0","0","0","0","0","0","0","","0","0","0","8","1","1","","1","0","39 57:20.080","","0","75 14:02.342","3","0","0","0","67301","0","0","0","N","0","0","0","1","67301","0","","1.0","","1","N","N","N","0","","1","0","2","3","2","","825","2","1","0","0","0","0","0","2","0","2","0","0","0","3","","","N","","","","","","","","","",""
"2021069848","1658","1","0","0","0","0","0","0","0","0","3","0","","67","7","2021","7","40.0295","-75.053778","1638","6","0","0","0","0","0","1","0","0","","0","0","0","14","1","2","N","0","0","40 01:46.200","","7","75 03:13.600","3","0","0","0","67301","0","0","0","N","0","0","0","2","67301","1","","1.0","","1","N","N","N","0","","1","0","1","0","0","","1448","2","2","0","0","0","0","0","2","0","2","0","0","0","3","03","","N","","","","","","","","","",""
"2021064197","1533","0","0","0","0","0","0","0","0","0","4","0","","67","6","2021","6","39.957388","-75.16032","1529","6","0","0","0","0","1","0","0","0","","0","0","0","14","1","0","","1","2","39 57:26.596","3","3","75 09:37.151","0","0","0","0","67301","0","0","0","N","0","0","0","2","67301","0","","1.0","1600.0","1","N","N","N","0","","0","0","1","3","2","N","1441","2","0","0","0","0","0","0","2","1","2","0","0","0","3","03","","N","","","","","","","","","",""
"2021095258","0439","1","0","0","0","0","0","0","0","0","1","0","","67","9","2021","7","39.959338","-75.173523","0436","6","0","0","0","0","0","0","0","0","","0","0","0","4","3","0","N","0","2","39 57:33.616","4","0","75 10:24.682","0","0","0","0","67301","0","0","0","N","0","0","0","3","68K01","0","","1.0","5.0","1","N","N","N","1","","0","0","1","0","0","N","436","3","0","0","0","0","0","0","2","0","3","0","0","0","3","03","","N","","","","","","","","","",""
"2021087581","1437","1","0","0","0","0","0","0","0","0","5","1","","67","8","2021","3","39.959218","-75.173596","1432","6","0","0","0","0","0","1","0","0","","0","1","0","14","1","1","N","0","1","39 57:33.186","3","0","75 10:24.946","8","0","0","0","67301","0","0","0","N","0","0","0","2","68K01","0","","1.0","1510.0","1","N","N","N","0","","0","0","0","0","0","Y","1423","2","1","0","0","0","1","0","2","0","2","0","0","0","3","","","N","","","","","","","","","",""
"2021057148","2025","2","0","0","0","0","0","0","0","0","4","0","","67","6","2021","7","39.988657","-75.187059","2018","6","1","0","0","0","0","0","0","0","","0","0","0","20","3","0","","1","0","39 59:19.164","","0","75 11:13.413","0","0","0","0","67301","0","0","0","N","0","0","0","1","67301","0","","1.0","","1","N","N","N","0","","0","0","0","3","2","","2004","2","0","0","0","0","0","0","2","0","2","0","0","0","3","","","N","","","","","","","","","",""
"2021064340","1238","1","0","0","0","0","0","0","0","0","1","0","","67","6","2021","4","40.014833","-75.14725","1238","6","0","0","0","0","0","0","0","0","","0","0","0","12","1","0","N","0","0","40 00:53.400","","0","75 08:50.100","0","0","0","0","67301","0","0","0","N","0","0","0","1","67301","0","","6.0","","1","N","N","N","0","","0","0","1","0","0","","1238","2","0","0","0","0","0","0","2","0","2","0","0","0","3","03","","N","","","","","","","","","",""
"2021057940","0015","2","0","0","0","0","0","0","0","0","5","0","","67","6","2021","4","40.028289","-75.138306","0012","6","0","0","0","0","0","0","0","0","","0","0","0","0","3","0","N","0","1","40 01:41.840","1","0","75 08:17.900","0","0","0","0","67301","0","0","0","N","0","0","0","1","67301","0","","6.0","150.0","1","N","N","N","0","","0","0","2","0","0","Y","3","4","0","0","0","0","0","0","2","0","4","0","0","0","3","","","N","","","","","","","","","",""
"2021077263","0010","3","0","0","0","0","0","0","0","0","5","0","","67","8","2021","2","39.936783","-75.232789","0005","6","0","0","0","0","0","0","0","0","","0","0","0","21","3","0","N","0","0","39 56:12.420","","0","75 13:58.040","0","0","0","0","67301","0","0","0","N","0","0","0","1","67301","0","","6.0","","1","N","N","N","0","","0","0","0","0","0","","2123","3","0","0","0","0","0","0","2","0","3","0","0","0","3","03","","N","","","","","","","","","",""
"2021076164","0242","0","0","0","0","0","0","0","0","0","7","0","","67","8","2021","1","40.021806","-75.046333","0212","6","0","0","0","0","0","0","0","0","","0","0","0","2","2","0","N","0","0","40 01:18.500","","0","75 02:46.800","0","0","0","0","67301","0","0","0","N","0","0","0","1","67301","0","","4.0","","1","N","N","N","0","","0","0","1","0","0","","209","1","0","0","0","0","0","0","2","0","1","0","0","0","3","03","","N","","","","","","","","","",""
"2021057260","0754","2","0","0","0","0","0","0","0","0","4","0","","67","6","2021","1","40.00868","-75.068855","0745","6","0","0","0","0","0","0","0","0","","0","0","0","7","1","1","","1","0","40 00:31.249","","0","75 04:07.877","8","0","0","0","67301","0","0","0","N","0","0","0","2","67301","0","","1.0","","1","N","N","N","0","","0","0","0","3","2","","705","2","1","1","0","0","1","0","2","0","2","0","0","0","3","03","","N","","","","","","","","","",""
"2021095501","0620","1","0","0","0","0","0","0","0","0","4","0","","67","10","2021","6","39.981208","-75.20683","0612","6","0","0","0","0","0","0","0","0","","0","1","0","6","3","0","N","0","0","39 58:52.349","","0","75 12:24.589","0","0","0","0","67301","0","0","0","N","0","0","0","2","68K01","0","","1.0","","1","N","N","N","0","","0","0","0","0","0","","611","2","0","0","0","0","0","0","2","0","2","0","0","0","3","03","","N","","","","","","","","","",""
"2021058956","1506","1","0","0","0","0","0","0","0","0","4","0","","67","6","2021","5","39.935074","-75.163551","1647","6","0","0","0","0","0","0","0","1","","0","0","0","15","1","0","","1","0","39 56:06.266","","0","75 09:48.783","0","0","0","0","67301","0","0","0","N","0","0","0","3","67301","0","","1.0","","1","N","N","N","0","","0","0","1","3","3","","1500","2","0","0","0","0","0","0","2","0","2","0","0","0","3","03","","N","","","","","","","","","",""
"2021057133","1229","1","0","0","0","0","0","0","0","0","8","0","","67","6","2021","1","40.040644","-75.178782","1229","6","0","0","0","0","0","0","0","0","","0","0","0","12","1","1","N","0","0","40 02:26.319","","0","75 10:43.616","3","0","0","0","67301","1","0","0","N","1","0","0","2","67301","0","","1.0","","1","N","N","N","0","","1","0","0","0","0","","1205","2","1","0","0","0","0","0","2","0","1","1","0","0","3","","","N","","","","","","","","","",""
"2021083622","1534","0","0","0","0","0","0","0","0","0","1","0","","67","9","2021","1","39.951776","-75.226581","1528","6","0","0","0","0","0","2","0","0","","0","0","0","15","1","3","N","0","0","39 57:06.395","","0","75 13:35.693","4","0","0","0","67301","0","0","0","N","0","0","0","5","67301","3","","1.0","","1","N","N","N","0","","0","0","3","0","0","","1507","3","3","0","0","0","0","1","2","0","3","0","0","0","4","04","","N","","","","","","","","","",""
"2021057920","1851","1","0","0","0","0","0","0","0","0","4","0","","67","6","2021","1","39.998629","-75.130198","1851","6","0","0","0","1","0","0","0","0","","0","0","0","10","1","1","N","0","0","39 59:55.065","","0","75 07:48.714","3","0","0","1","67301","0","0","0","N","0","0","0","3","67301","0","","1.0","","1","N","N","N","0","","1","0","0","0","0","","1030","2","1","0","0","0","0","0","2","0","2","0","0","0","3","03","","N","","","","","","","","","",""
"2021090415","1236","1","0","0","0","0","0","0","0","0","6","0","","67","9","2021","4","40.002495","-75.177385","1235","6","0","0","0","0","0","0","0","0","","0","0","0","12","1","0","N","0","0","40 00:08.982","","0","75 10:38.586","0","0","0","0","67301","0","0","0","N","0","0","0","1","67301","0","","6.0","","1","N","N","N","0","","0","0","1","0","0","","1200","2","0","0","0","0","0","0","2","0","2","0","0","0","3","","","N","","","","","","","","","",""
"2021056969","1622","2","0","0","0","0","0","0","0","0","1","0","","67","6","2021","7","39.957334","-75.158491","1622","6","0","0","0","0","0","1","0","0","","0","0","0","16","1","1","N","0","1","39 57:26.401","3","0","75 09:30.569","3","0","0","0","67301","0","0","0","N","0","0","0","3","68K01","0","","1.0","1625.0","9","N","N","N","0","","1","0","1","0","0","N","1621","3","1","0","0","0","0","0","2","0","3","0","0","0","3","07","","N","","","","","","","","","",""
"2021058392","2050","0","0","0","1","0","0","0","0","0","8","0","","67","6","2021","4","39.913897","-75.159044","2029","6","0","0","0","0","0","0","0","0","","0","0","0","20","3","1","N","0","0","39 54:50.030","","0","75 09:32.560","8","0","0","0","67301","1","0","0","N","0","0","0","2","67301","0","","1.0","","1","N","N","N","0","","0","0","1","0","0","","2026","2","1","0","0","0","1","0","2","0","1","1","0","0","3","","","N","","","","","","","","","",""
"2021083871","1845","2","0","0","0","0","0","0","0","0","1","0","","67","8","2021","3","40.017339","-75.047869","1835","6","0","0","0","0","0","0","0","0","","0","0","0","16","1","2","","6","0","40 01:02.419","","2","75 02:52.330","8","0","0","0","67301","0","0","0","N","0","0","0","3","67301","0","","1.0","","1","N","N","N","0","","0","0","0","3","3","","1611","2","2","0","0","0","2","0","2","0","2","0","0","0","3","03","","N","","","","","","","","","",""
"2021058294","2325","2","0","0","0","0","0","0","0","0","4","0","","67","6","2021","3","39.990868","-75.155282","2312","6","0","0","0","1","0","0","0","0","","0","0","0","23","3","3","","1","1","39 59:27.126","2","0","75 09:19.014","4","0","0","0","67301","0","0","0","N","0","0","0","3","67301","3","","1.0","2345.0","1","N","N","N","0","","0","0","0","3","2","N","2310","2","3","0","0","0","0","0","2","0","2","0","0","0","4","04","","N","","","","","","","","","",""
"2021094401","0821","1","0","0","0","0","0","0","0","0","4","0","","67","10","2021","2","40.050262","-75.222045","0803","6","0","0","0","0","0","0","0","0","","0","0","0","8","1","2","N","0","1","40 03:00.943","1","7","75 13:19.363","8","0","0","0","67301","0","0","0","N","0","0","0","3","67301","0","","1.0","950.0","1","N","Y","Y","0","","0","0","2","0","0","N","803","3","2","0","0","0","2","0","2","0","3","0","0","0","3","03","","N","","","","","","","","","",""
"2021057140","1514","1","0","0","1","0","0","0","0","0","8","0","","67","6","2021","1","39.964959","-75.224574","1514","6","0","0","0","0","0","0","0","0","","0","0","0","15","1","1","","1","0","39 57:53.852","","0","75 13:28.466","3","0","0","0","67301","1","0","0","N","0","0","0","2","67301","0","","1.0","","1","N","N","N","0","","1","0","0","3","2","","1500","2","1","0","0","0","0","0","2","0","1","1","0","0","3","03","","N","","","","","","","","","",""
"2021058736","0810","0","0","0","0","0","0","0","0","0","8","1","","67","6","2021","6","39.985986","-75.180764","0807","6","0","0","0","0","0","1","0","0","","0","1","0","7","1","1","N","0","0","39 59:09.550","","0","75 10:50.750","4","0","0","0","67301","1","0","0","N","1","0","0","2","67301","1","","1.0","","1","N","N","N","0","","0","0","0","0","0","","750","2","1","1","0","0","0","0","2","0","1","1","0","0","3","03","","N","","","","","","","","","",""
"2021057146","1538","2","0","0","0","0","0","0","0","0","4","0","","67","6","2021","7","39.983189","-75.156819","1537","6","0","0","1","0","0","0","0","0","","0","0","0","15","1","3","","1","0","39 58:59.480","","0","75 09:24.548","4","0","0","0","67301","0","0","0","N","0","0","0","8","67301","3","","1.0","","1","N","N","N","0","","0","0","0","3","2","","1535","2","3","1","0","0","0","0","2","0","2","0","0","0","4","04","","N","","","","","","","","","",""
"2021083247","1021","1","0","0","0","0","0","0","0","0","8","0","","67","9","2021","4","39.928156","-75.150693","1020","6","0","0","0","0","0","0","0","0","","0","0","0","8","1","1","","1","0","39 55:41.363","","0","75 09:02.494","3","0","0","0","67301","1","0","0","N","1","0","0","2","67301","0","","1.0","","9","N","N","N","0","","1","0","0","3","2","","840","2","1","0","0","0","0","0","2","0","1","1","0","0","7","","","N","","","","","","","","","",""
"2021073724","1444","0","0","0","0","0","0","0","0","0","1","0","","67","7","2021","2","39.958334","-75.165483","1435","6","0","0","0","0","0","1","1","0","","0","0","0","14","1","1","N","0","0","39 57:30.001","","0","75 09:55.738","8","0","0","1","67301","0","0","0","N","0","0","0","2","68K01","0","","1.0","","1","N","N","N","0","","0","0","1","0","0","","1434","2","1","0","0","0","1","0","2","0","2","0","0","0","3","","","N","","","","","","","","","",""
"2021059119","1055","0","0","0","0","0","0","0","0","0","4","0","","67","6","2021","6","40.034233","-75.074783","1045","6","0","0","0","0","0","0","1","0","","0","0","0","10","1","0","","1","1","40 02:03.238","2","0","75 04:29.218","0","0","0","0","67301","0","0","0","N","0","0","0","2","67301","0","","1.0","1150.0","1","N","N","N","1","","0","0","1","3","2","N","1045","2","0","0","0","0","0","0","2","0","2","0","0","0","3","03","","N","","","","","","","","","",""
"2021085408","0419","0","0","0","0","0","0","0","0","0","7","0","","67","9","2021","5","39.958345","-75.180388","0411","6","0","0","0","0","0","0","0","0","","0","0","0","4","3","0","N","6","1","39 57:30.041","4","2","75 10:49.395","0","0","0","0","67301","0","0","0","Y","0","0","0","1","68K01","0","","2.0","445.0","9","N","N","N","0","","0","0","1","0","0","N","410","1","0","0","0","0","0","0","2","0","1","0","0","0","7","03","","N","","","","","","","","","",""
"2021059311","0051","2","0","0","0","0","0","0","0","0","4","0","","67","6","2021","6","39.943921","-75.151911","0050","6","0","0","0","0","0","0","0","0","","0","0","0","0","3","0","","1","0","39 56:38.115","","0","75 09:06.879","9","0","0","0","67301","0","0","0","N","0","0","0","2","67301","0","","1.0","","1","N","N","N","0","","0","0","0","3","2","","50","2","0","0","0","0","0","1","2","0","2","0","0","0","3","03","","N","","","","","","","","","",""