"CRN","ARRIVAL_TM","AUTOMOBILE_COUNT","BELTED_DEATH_COUNT","BELTED_SUSP_SERIOUS_INJ_COUNT","BICYCLE_COUNT","BICYCLE_DEATH_COUNT","BICYCLE_SUSP_SERIOUS_INJ_COUNT","BUS_COUNT","CHLDPAS_DEATH_COUNT","CHLDPAS_SUSP_SERIOUS_INJ_COUNT","COLLISION_TYPE","COMM_VEH_COUNT","CONS_ZONE_SPD_LIM","COUNTY","CRASH_MONTH","CRASH_YEAR","DAY_OF_WEEK","DEC_LATITUDE","DEC_LONGITUDE","DISPATCH_TM","DISTRICT","DRIVER_COUNT_16YR","DRIVER_COUNT_17YR","DRIVER_COUNT_18YR","DRIVER_COUNT_19YR","DRIVER_COUNT_20YR","DRIVER_COUNT_50_64YR","DRIVER_COUNT_65_74YR","DRIVER_COUNT_75PLUS","EST_HRS_CLOSED","FATAL_COUNT","HEAVY_TRUCK_COUNT","HORSE_BUGGY_COUNT","HOUR_OF_DAY","ILLUMINATION","INJURY_COUNT","INTERSECTION_RELATED","INTERSECT_TYPE","LANE_CLOSED","LATITUDE","LN_CLOSE_DIR","LOCATION_TYPE","LONGITUDE","MAX_SEVERITY_LEVEL","MCYCLE_DEATH_COUNT","MCYCLE_SUSP_SERIOUS_INJ_COUNT","MOTORCYCLE_COUNT","MUNICIPALITY","NONMOTR_COUNT","NONMOTR_DEATH_COUNT","NONMOTR_SUSP_SERIOUS_INJ_COUNT","NTFY_HIWY_MAINT","PED_COUNT","PED_DEATH_COUNT","PED_SUSP_SERIOUS_INJ_COUNT","PERSON_COUNT","POLICE_AGCY","POSSIBLE_INJ_COUNT","RDWY_SURF_TYPE_CD","RELATION_TO_ROAD","ROADWAY_CLEARED","ROAD_CONDITION","SCH_BUS_IND","SCH_ZONE_IND","SECONDARY_CRASH","SMALL_TRUCK_COUNT","SPEC_JURIS_CD","SUSP_MINOR_INJ_COUNT","SUSP_SERIOUS_INJ_COUNT","SUV_COUNT","TCD_FUNC_CD","TCD_TYPE","TFC_DETOUR_IND","TIME_OF_DAY","TOTAL_UNITS","TOT_INJ_COUNT","UNBELTED_OCC_COUNT","UNB_DEATH_COUNT","UNB_SUSP_SERIOUS_INJ_COUNT","UNK_INJ_DEG_COUNT","UNK_INJ_PER_COUNT","URBAN_RURAL","VAN_COUNT","VEHICLE_COUNT","VULNERABLE_ROAD_USER_COUNT","VULNERABLE_ROAD_USER_DEATH_COUNT","VULNERABLE_ROAD_USER_SER_INJ_COUNT","WEATHER1","WEATHER2","WORKERS_PRES","WORK_ZONE_IND","WORK_ZONE_LOC","WORK_ZONE_TYPE","WZ_CLOSE_DETOUR","WZ_FLAGGER","WZ_LAW_OFFCR_IND","WZ_LN_CLOSURE","WZ_MOVING","WZ_OTHER","WZ_SHLDER_MDN","WZ_WORKERS_INJ_KILLED"
"2021058073","0455","1","0","0","0","0","0","0","0","0","7","0","","67","6","2021","3","39.998764","-75.195668","0435","6","0","0","0","0","0","0","0","0","","0","0","0","4","3","2","N","0","1","39 59:55.550","3","0","75 11:44.406","8","0","0","0","67301","0","0","0","N","0","0","0","2","68K01","0","","3.0","30.0","1","N","N","N","0","","0","0","0","0","0","N","435","1","2","1","0","0","2","0","2","0","1","0","0","0","3","03","","N","","","","","","","","","",""
"2021058821","1707","1","0","0","0","0","0","0","0","0","7","0","","67","6","2021","3","39.995032","-75.131082","1705","6","0","0","0","0","0","1","0","0","","0","0","0","17","1","1","","3","0","39 59:42.115","","0","75 07:51.895","4","0","0","0","67301","0","0","0","N","0","0","0","3","67301","1","","4.0","","9","N","N","N","0","","0","0","0","0","0","","1703","1","1","2","0","0","0","0","2","0","1","0","0","0","7","04","","N","","","","","","","","","",""
"2021070552","1710","1","0","0","1","0","0","0","0","0","8","0","","67","7","2021","7","40.007889","-75.18625","1400","6","0","0","0","0","0","0","0","0","","0","0","0","7","1","1","N","0","0","40 00:28.400","","0","75 11:10.500","8","0","0","0","67301","1","0","0","N","0","0","0","2","67301","0","","1.0","","99","N","N","N","0","","0","0","0","0","0","","702","2","1","0","0","0","1","0","2","0","1","1","0","0","99","","","N","","","","","","","","","",""
"2021058395","1524","2","0","0","0","0","0","0","0","0","2","0","","67","6","2021","4","39.978828","-75.134856","1524","6","0","0","0","0","0","0","0","0","","0","0","0","15","1","0","N","0","0","39 58:43.780","","0","75 08:05.480","9","0","0","0","67301","0","0","0","N","0","0","0","2","67301","0","","6.0","","1","N","N","N","0","","0","0","1","0","0","","1510","3","0","0","0","0","0","2","2","0","3","0","0","0","3","03","","N","","","","","","","","","",""
"2021064222","1009","1","0","0","0","0","0","0","0","0","4","0","","67","6","2021","1","39.921334","-75.231561","1008","6","0","0","0","0","0","0","0","0","","0","0","0","10","1","2","","1","0","39 55:16.804","","0","75 13:53.620","3","0","0","0","67301","0","0","0","N","0","0","0","2","67301","0","","1.0","","1","N","N","N","0","","2","0","2","3","2","","1007","3","2","1","0","0","0","0","2","0","3","0","0","0","3","03","","N","","","","","","","","","",""
"2021057575","1557","0","0","0","0","0","0","0","0","0","1","0","","67","6","2021","2","39.959671","-75.247404","1547","6","0","0","0","0","0","1","0","0","","0","0","0","15","1","1","","2","0","39 57:34.816","","0","75 14:50.653","4","0","0","0","67301","0","0","0","N","0","0","0","2","67301","1","","1.0","","1","N","N","N","0","","0","0","2","3","2","","1536","2","1","0","0","0","0","0","2","0","2","0","0","0","3","03","","N","","","","","","","","","",""
"2021057460","1645","1","0","0","1","0","0","0","0","0","8","0","","67","6","2021","2","39.945287","-75.162941","1645","6","0","0","0","0","0","0","0","0","","0","0","0","7","1","1","","1","0","39 56:43.034","","0","75 09:46.587","3","0","0","0","67301","1","0","0","N","0","0","0","2","67301","0","","1.0","","1","N","N","N","0","","1","0","0","3","2","","700","2","1","0","0","0","0","1","2","0","1","1","0","0","3","03","","N","","","","","","","","","",""
"2021069881","0248","2","0","0","0","0","0","0","0","0","1","0","","67","6","2021","1","39.997019","-75.122353","0245","6","0","0","0","0","0","0","0","0","","0","0","0","2","3","0","N","0","0","39 59:49.270","","0","75 07:20.470","0","0","0","0","67301","0","0","0","N","0","0","0","2","67301","0","","1.0","","1","N","N","N","0","","0","0","1","0","0","","240","3","0","0","0","0","0","0","2","0","3","0","0","0","3","98","","N","","","","","","","","","",""
"2021064303","0042","1","0","0","0","0","0","0","0","0","4","0","","67","6","2021","5","39.971955","-75.241112","0042","6","0","0","0","0","0","0","0","0","","0","0","0","0","3","0","","2","0","39 58:19.037","","0","75 14:28.003","0","0","0","0","67301","0","0","0","N","0","0","0","2","67301","0","","1.0","","1","N","N","N","0","","0","0","1","3","3","","41","3","0","0","0","0","0","0","2","1","3","0","0","0","3","03","","N","","","","","","","","","",""
"2021057461","1238","3","0","0","0","0","0","0","0","0","4","0","","67","6","2021","2","40.059276","-75.044578","1233","6","0","0","0","0","0","0","0","1","","0","0","0","12","1","3","","1","0","40 03:33.392","","0","75 02:40.479","8","0","0","0","67301","0","0","0","N","0","0","0","4","67301","0","","1.0","","1","N","N","N","0","","0","0","0","3","2","","1231","3","3","0","0","0","3","0","2","0","3","0","0","0","3","03","","N","","","","","","","","","",""
"2021057264","1940","0","0","0","0","0","0","0","0","0","5","0","","67","6","2021","1","39.951191","-75.232791","1935","6","0","0","0","0","0","0","0","0","","0","0","0","18","1","1","","1","0","39 57:04.287","","0","75 13:58.047","4","0","0","0","67301","0","0","0","N","0","0","0","2","67301","1","","1.0","","1","N","N","N","1","","0","0","0","3","2","","1841","2","1","0","0","0","0","0","2","1","2","0","0","0","3","","","N","","","","","","","","","",""
"2021067980","1900","1","0","0","0","0","0","0","0","0","4","0","","67","7","2021","4","39.986017","-75.154066","1900","6","0","1","0","0","0","1","0","0","","0","0","0","18","1","1","","1","0","39 59:09.661","","0","75 09:14.636","4","0","0","0","67301","0","0","0","N","0","0","0","3","67505","1","","1.0","","1","N","N","Y","1","","0","0","1","3","2","","1858","3","1","0","0","0","0","1","2","0","3","0","0","0","3","03","","N","","","","","","","","","",""
"2021069922","0745","0","0","0","0","0","0","0","0","0","5","0","","67","7","2021","5","39.996856","-75.169511","0738","6","0","0","0","0","0","0","0","0","","0","0","0","2","3","0","N","0","0","39 59:48.680","","0","75 10:10.240","9","0","0","0","67301","0","0","0","N","0","0","0","1","67301","0","","6.0","","1","N","N","N","0","","0","0","2","0","0","","200","2","0","0","0","0","0","1","2","0","2","0","0","0","3","","","N","","","","","","","","","",""
"2021059219","2005","1","0","0","0","0","0","0","0","0","4","0","","67","6","2021","7","39.980213","-75.157468","2003","6","0","0","0","0","0","0","0","0","","0","0","0","20","4","4","","1","0","39 58:48.767","","0","75 09:26.884","3","0","0","0","67301","0","0","0","Y","0","0","0","6","67505","1","","1.0","","1","N","N","N","0","","2","0","1","3","2","","2003","2","4","1","0","0","1","2","2","0","2","0","0","0","3","03","","N","","","","","","","","","",""
"2021085401","1124","1","0","0","0","0","0","0","0","0","5","0","","67","9","2021","4","39.94929","-75.141468","1122","6","0","0","0","0","0","0","0","1","","0","0","0","11","1","0","N","0","0","39 56:57.444","","0","75 08:29.284","0","0","0","0","67301","0","0","0","N","0","0","0","2","68K01","0","","1.0","","1","N","N","N","0","","0","0","1","0","0","","1119","2","0","0","0","0","0","0","2","0","2","0","0","0","3","03","","N","","","","","","","","","",""
"2021058647","0149","2","0","0","0","0","0","0","0","0","5","0","","67","6","2021","5","39.924422","-75.184831","0146","6","0","0","0","0","0","0","0","0","","0","0","0","1","3","1","N","0","0","39 55:27.920","","0","75 11:05.390","3","0","0","0","67301","0","0","0","N","0","0","0","1","67301","0","","6.0","","1","N","N","N","0","","1","0","0","0","0","","145","3","1","0","0","0","0","0","2","1","3","0","0","0","3","03","","N","","","","","","","","","",""
"2021084662","1609","1","0","0","0","0","0","0","0","0","5","0","","67","9","2021","3","39.885719","-75.212135","1557","6","0","0","0","0","0","0","0","0","","0","0","0","15","1","0","N","0","2","39 53:08.590","1","0","75 12:43.685","0","0","0","0","67301","0","0","0","N","0","0","0","2","68K01","0","","1.0","1645.0","1","N","N","N","0","","0","0","1","0","0","N","1553","2","0","0","0","0","0","0","2","0","2","0","0","0","3","","","N","","","","","","","","","",""
"2021076152","2227","2","0","0","0","0","0","0","0","0","1","0","","67","8","2021","1","40.008194","-75.151361","2223","6","0","0","0","0","0","1","0","0","","0","0","0","22","3","2","N","0","1","40 00:29.498","2","0","75 09:04.901","8","0","0","0","67301","0","0","0","N","0","0","0","9","67505","0","","1.0","2250.0","1","Y","N","N","0","","0","0","1","0","0","N","2219","3","2","0","0","0","2","0","2","0","3","0","0","0","3","03","","N","","","","","","","","","",""
"2021058959","1832","0","0","0","0","0","0","0","0","0","4","0","","67","6","2021","5","40.050217","-75.127471","1832","6","0","0","0","0","0","0","1","0","","0","0","0","5","1","2","","1","0","40 03:00.781","","0","75 07:38.895","4","0","0","0","67301","0","0","0","N","0","0","0","2","67301","1","","1.0","","1","N","N","N","0","","0","0","2","3","2","","500","2","2","0","0","0","1","0","2","0","2","0","0","0","3","03","","N","","","","","","","","","",""
"2021057108","0846","2","0","0","0","0","0","0","0","0","1","0","","67","6","2021","1","40.076772","-75.032993","0843","6","0","0","0","0","0","0","1","0","","0","0","0","8","1","2","","1","0","40 04:36.380","","0","75 01:58.776","3","0","0","0","67301","0","0","0","N","0","0","0","2","67301","0","","1.0","","1","N","N","N","0","","2","0","0","3","2","","840","2","2","0","0","0","0","0","2","0","2","0","0","0","3","","","N","","","","","","","","","",""
"2021075632","1247","1","0","0","0","0","0","0","0","0","1","0","","67","8","2021","6","40.013178","-75.070421","1242","6","0","0","0","0","0","1","0","0","","0","0","0","12","1","1","","1","0","40 00:47.439","","0","75 04:13.514","8","0","0","0","67301","0","0","0","N","0","0","0","4","67301","0","","1.0","","1","N","N","N","0","","0","0","0","3","2","","1235","2","1","0","0","0","1","0","2","1","2","0","0","0","3","","","N","","","","","","","","","",""
"2021075950","0149","0","0","0","0","0","0","0","0","0","4","0","","67","8","2021","6","39.975039","-75.195413","0136","6","0","0","0","0","0","0","0","0","","0","0","0","1","3","0","N","0","0","39 58:30.141","","0","75 11:43.485","0","0","0","0","67301","0","0","0","N","0","0","0","2","67301","0","","1.0","","1","N","N","N","0","","0","0","2","0","0","","104","2","0","0","0","0","0","0","2","0","2","0","0","0","3","","","N","","","","","","","","","",""
"2021064337","0915","1","0","0","0","0","0","0","0","0","4","0","","67","6","2021","2","40.016616","-75.14718","0915","6","0","0","0","0","0","0","0","0","","0","0","0","6","5","0","","1","0","40 00:59.817","","0","75 08:49.848","0","0","0","0","67301","0","0","0","N","0","0","0","3","67301","0","","1.0","","1","N","N","N","0","","0","0","1","3","2","","649","2","0","0","0","0","0","0","2","0","2","0","0","0","4","","","N","","","","","","","","","",""
"2021083884","1520","0","0","0","0","0","0","0","0","0","8","0","","67","9","2021","7","39.97392","-75.205673","1516","6","0","0","0","0","0","0","0","0","","0","0","0","18","1","1","N","0","0","39 58:26.111","","0","75 12:20.422","3","0","0","0","67301","1","0","0","N","1","0","0","1","67301","0","","1.0","","1","N","N","N","0","","1","0","1","0","0","","1815","2","1","0","0","0","0","0","2","0","1","1","0","0","3","","","N","","","","","","","","","",""
"2021077907","1709","1","0","0","0","0","0","0","0","0","5","0","","67","8","2021","3","40.013184","-75.068646","1658","6","0","0","0","1","0","1","0","0","","0","0","0","16","1","0","Y","0","0","40 00:47.463","","0","75 04:07.126","0","0","0","0","67301","0","0","0","N","0","0","0","3","67301","0","","1.0","","1","N","N","Y","0","","0","0","1","3","2","","1648","3","0","0","0","0","0","0","2","0","3","0","0","0","3","03","","N","","","","","","","","","",""
"2021075970","1028","0","0","0","0","0","0","0","0","0","8","0","","67","8","2021","7","39.990944","-75.101578","1017","6","0","0","0","0","0","0","0","0","","0","0","0","9","1","1","","1","0","39 59:27.397","","0","75 06:05.681","3","0","0","0","67301","1","0","0","N","1","0","0","2","67301","0","","1.0","","1","N","N","N","0","","1","0","1","3","2","","940","2","1","0","0","0","0","0","2","0","1","1","0","0","3","98","","N","","","","","","","","","",""
"2021081047","0740","0","0","0","0","0","0","1","0","0","4","1","","67","8","2021","3","40.032893","-75.177728","0700","6","0","0","0","0","0","1","0","0","","0","0","0","7","1","6","","2","0","40 01:58.414","","0","75 10:39.820","4","0","0","0","67301","0","0","0","N","0","0","0","7","67508","6","","1.0","","1","N","N","Y","0","","0","0","1","3","2","","700","2","6","1","0","0","0","0","2","0","2","0","0","0","3","03","","N","","","","","","","","","",""
"2021076046","1815","2","0","0","0","0","0","0","0","0","4","0","","67","8","2021","6","40.055866","-75.061753","1802","6","0","0","0","0","0","1","0","0","","0","0","0","17","1","0","","1","0","40 03:21.116","","0","75 03:42.312","0","0","0","0","67301","0","0","0","N","0","0","0","2","67301","0","","1.0","","1","N","N","N","0","","0","0","0","3","2","","1757","2","0","0","0","0","0","0","2","0","2","0","0","0","3","03","","N","","","","","","","","","",""
"2021084199","0753","1","0","0","0","0","0","0","0","0","5","0","","67","9","2021","4","40.040336","-75.006023","0652","6","0","0","0","0","0","1","0","0","","0","0","0","6","1","1","N","0","0","40 02:25.211","","0","75 00:21.681","3","0","0","0","67301","0","0","0","N","0","0","0","2","68K01","0","","1.0","","9","N","N","N","1","","1","0","0","0","0","","650","2","1","0","0","0","0","0","2","0","2","0","0","0","7","","","N","","","","","","","","","",""
"2021084071","1940","1","0","0","0","0","0","0","0","0","8","0","","67","8","2021","2","40.057525","-75.149283","1940","6","0","0","0","0","0","0","0","0","","0","0","0","16","1","1","","1","0","40 03:27.089","","0","75 08:57.418","8","0","0","0","67301","1","0","0","N","1","0","0","2","67301","0","","1.0","","99","N","N","N","0","","0","0","0","9","2","","1600","2","1","1","0","0","1","1","2","0","1","1","0","0","99","","","N","","","","","","","","","",""
"2021105342","","1","0","0","0","0","0","0","0","0","4","0","","67","7","2021","1","","","","6","0","0","0","1","0","0","0","0","","0","0","0","14","1","2","","1","0","","","0","","8","0","0","0","67301","0","0","0","N","0","0","0","3","00000","0","","1.0","","1","N","N","N","0","","0","0","1","3","2","","1400","2","2","0","0","0","2","0","1","0","2","0","0","0","3","","","N","","","","","","","","","",""
"2021119569","1734","1","0","0","0","0","0","0","0","0","1","0","","67","11","2021","6","40.022774","-75.03589","1726","6","0","0","0","0","0","0","0","0","","0","0","0","17","3","2","N","0","0","40 01:21.988","","0","75 02:09.205","8","0","0","0","67301","0","0","0","N","0","0","0","4","68K01","0","","1.0","","1","N","N","N","0","","0","0","1","0","0","","1723","3","2","0","0","0","2","1","2","0","3","0","0","0","3","","","N","","","","","","","","","",""
"2021074832","1010","1","0","0","0","0","0","0","0","0","5","0","","67","8","2021","2","40.046188","-75.135678","1010","6","0","0","0","0","0","0","0","0","","0","0","0","9","1","0","N","0","0","40 02:46.278","","0","75 08:08.442","9","0","0","0","67301","0","0","0","N","0","0","0","1","67301","0","","6.0","","1","N","N","N","0","","0","0","1","0","0","","900","2","0","1","0","0","0","1","2","0","2","0","0","0","3","","","N","","","","","","","","","",""
"2021119798","0828","1","0","0","0","0","0","0","0","0","4","1","","67","7","2021","3","39.983857","-75.10222","0828","6","0","0","0","0","0","1","0","0","","0","1","0","6","1","1","","1","2","39 59:01.884","3","0","75 06:07.992","3","0","0","0","67301","0","0","0","N","0","0","0","4","67301","0","","1.0","945.0","1","N","N","N","0","","1","0","0","0","0","N","630","2","1","0","0","0","0","2","2","0","2","0","0","0","3","03","","N","","","","","","","","","",""
"2021073936","0203","2","0","0","0","0","0","0","0","0","4","0","","67","8","2021","2","39.973888","-75.229232","0200","6","0","0","0","0","0","0","0","0","","0","0","0","1","3","0","","1","2","39 58:25.996","6","0","75 13:45.235","0","0","0","0","67301","0","0","0","N","0","0","0","2","67301","0","","1.0","330.0","1","N","N","N","0","","0","0","2","3","3","Y","150","4","0","1","0","0","0","0","2","0","4","0","0","0","3","","","N","","","","","","","","","",""
"2021075644","1710","0","0","0","0","0","0","0","0","0","4","0","","67","8","2021","5","40.007513","-75.128068","1700","6","0","0","0","0","0","1","0","0","","0","0","0","14","1","1","N","0","0","40 00:27.048","","7","75 07:41.046","2","0","1","1","67301","0","0","0","N","0","0","0","2","67301","0","","1.0","","1","N","N","N","0","","0","1","1","0","0","","1410","2","1","0","0","0","0","0","2","0","2","0","0","0","3","03","","N","","","","","","","","","",""
"2021119122","2202","1","0","0","0","0","0","0","0","0","1","0","","67","12","2021","4","40.006008","-75.074611","2154","6","0","0","0","0","0","1","0","0","","0","0","0","21","3","0","N","0","0","40 00:21.630","","0","75 04:28.598","0","0","0","0","67301","0","0","0","N","0","0","0","2","68K01","0","","1.0","","9","N","N","N","0","","0","0","1","0","0","","2150","2","0","0","0","0","0","0","2","0","2","0","0","0","7","03","","N","","","","","","","","","",""
"2021075797","1052","1","0","0","0","0","0","0","0","0","4","0","","67","8","2021","5","40.021015","-75.091495","1048","6","0","1","0","0","0","0","0","0","","0","0","0","10","1","0","","1","0","40 01:15.653","","0","75 05:29.381","9","0","0","1","67301","0","0","0","N","0","0","0","2","67301","0","","1.0","","1","N","N","N","0","","0","0","0","3","3","","1030","2","0","0","0","0","0","1","2","0","2","0","0","0","3","03","","N","","","","","","","","","",""
"2021076148","2109","1","0","0","0","0","0","0","0","0","8","0","","67","8","2021","6","39.925227","-75.18632","2108","6","0","0","0","0","0","0","0","0","","0","0","0","21","3","1","","1","0","39 55:30.817","","0","75 11:10.752","3","0","0","0","67301","1","0","0","N","1","0","0","2","67301","0","","1.0","","1","N","N","N","0","","1","0","0","3","3","","2105","2","1","1","0","0","0","0","2","0","1","1","0","0","3","03","","N","","","","","","","","","",""
"2021077261","1300","2","0","0","0","0","0","0","0","0","4","0","","67","8","2021","1","39.922354","-75.18693","1300","6","0","0","0","0","0","1","0","0","","0","0","0","12","1","0","","1","0","39 55:20.474","","0","75 11:12.947","0","0","0","0","67301","0","0","0","N","0","0","0","2","67301","0","","1.0","","1","N","N","N","0","","0","0","0","3","2","","1200","2","0","0","0","0","0","0","2","0","2","0","0","0","3","","","N","","","","","","","","","",""
"2021077551","1105","2","0","0","0","0","0","0","0","0","1","0","","67","8","2021","1","39.906833","-75.138944","1104","6","0","0","0","0","0","1","1","0","","0","0","0","11","1","1","N","0","1","39 54:24.600","3","3","75 08:20.200","8","0","0","0","67301","0","0","0","N","0","0","0","11","67501","0","","1.0","1208.0","1","N","N","N","0","","0","0","2","3","8","N","1104","4","1","0","0","0","1","0","2","0","4","0","0","0","3","03","","N","","","","","","","","","",""
"2021074122","0927","0","0","0","0","0","0","0","0","0","7","0","","67","8","2021","2","40.059989","-74.991154","0921","6","0","0","0","0","0","0","0","0","","0","0","0","9","1","2","N","0","0","40 03:35.959","","0","74 59:28.154","3","0","0","0","67301","0","0","0","N","0","0","0","2","67301","0","","4.0","","1","N","N","N","0","","1","0","1","0","0","","905","1","2","0","0","0","1","0","2","0","1","0","0","0","3","03","","N","","","","","","","","","",""
"2021077467","0155","0","0","0","0","0","0","0","0","0","5","0","","67","8","2021","7","39.904447","-75.196582","0145","6","0","0","0","0","0","0","0","0","","0","0","0","1","3","0","N","0","0","39 54:16.009","","0","75 11:47.696","9","0","0","0","67301","0","0","0","N","0","0","0","2","67301","0","","1.0","","99","N","N","N","1","","0","0","1","0","0","","144","2","0","0","0","0","0","1","2","0","2","0","0","0","3","","","N","","","","","","","","","",""
"2021084450","0913","0","0","0","0","0","0","0","0","0","7","0","","67","9","2021","7","39.91117","-75.148979","0912","6","0","0","0","0","0","0","0","0","","0","0","0","9","1","1","N","0","0","39 54:40.211","","0","75 08:56.323","3","0","0","0","67301","0","0","0","Y","0","0","0","1","68K01","0","","2.0","","1","N","N","N","0","","1","0","1","0","0","","911","1","1","1","0","0","0","0","2","0","1","0","0","0","3","","","N","","","","","","","","","",""
"2021084235","2104","1","0","0","0","0","0","0","0","0","5","0","","67","9","2021","7","39.988104","-75.088812","2055","6","0","0","0","0","0","1","0","0","","0","0","0","20","3","3","N","6","1","39 59:17.173","1","0","75 05:19.723","4","0","0","0","67301","0","0","0","N","0","0","0","3","68K01","2","","1.0","2200.0","1","N","N","N","0","","0","0","1","0","0","Y","2053","2","3","1","0","0","1","0","2","0","2","0","0","0","3","","","N","","","","","","","","","",""
"2021075409","2018","1","0","0","0","0","0","0","0","0","5","0","","67","8","2021","3","40.060197","-75.148381","2018","6","0","0","0","0","0","0","0","0","","0","0","0","13","1","0","N","0","0","40 03:36.710","","0","75 08:54.170","9","0","0","0","67301","0","0","0","N","0","0","0","1","67301","0","","6.0","","1","N","N","N","0","","0","0","1","0","0","","1300","2","0","0","0","0","0","1","2","0","2","0","0","0","3","03","","N","","","","","","","","","",""
"2021079277","0319","2","0","0","0","0","0","0","0","0","4","0","","67","8","2021","1","39.939178","-75.159425","0318","6","0","0","0","0","0","0","0","0","","0","0","0","3","3","1","","1","0","39 56:21.039","","0","75 09:33.929","3","0","0","0","67301","0","0","0","N","0","0","0","2","67301","0","","1.0","","1","N","N","N","0","","1","0","3","3","2","","318","5","1","0","0","0","0","0","2","0","5","0","0","0","3","03","","N","","","","","","","","","",""
"2021084444","1149","1","0","0","0","0","0","0","0","0","1","0","","67","9","2021","6","39.925862","-75.194134","1147","6","0","0","0","0","0","1","0","0","","0","0","0","11","1","2","N","0","1","39 55:33.102","3","0","75 11:38.884","3","0","0","0","67301","0","0","0","N","0","0","0","4","68K01","0","","1.0","1153.0","1","N","N","N","0","","2","0","1","0","0","N","1145","2","2","0","0","0","0","0","2","0","2","0","0","0","3","03","","N","","","","","","","","","",""
"2021094411","0755","1","0","0","0","0","0","0","0","0","4","0","","67","10","2021","4","40.086788","-74.971843","0752","6","0","0","0","1","0","1","0","0","","0","0","0","7","1","1","","1","0","40 05:12.438","","0","74 58:18.635","3","0","0","0","67301","0","0","0","N","0","0","0","3","67301","0","","1.0","","1","N","N","N","0","","1","0","2","3","2","","730","3","1","0","0","0","0","0","2","0","3","0","0","0","3","03","","N","","","","","","","","","",""
"2021076069","1758","1","0","0","0","0","0","0","0","0","5","0","","67","8","2021","7","40.015406","-75.139503","1754","6","0","0","0","0","0","0","0","0","","0","0","0","17","1","0","N","0","0","40 00:55.460","","0","75 08:22.210","0","0","0","0","67301","0","0","0","N","0","0","0","1","67301","0","","6.0","","1","N","N","N","1","","0","0","1","0","0","","1754","3","0","0","0","0","0","0","2","0","3","0","0","0","3","03","","N","","","","","","","","","",""
"2021098377","0630","2","0","0","0","0","0","0","0","0","4","0","","67","8","2021","2","39.949789","-75.207142","0626","6","0","0","0","0","0","0","0","0","","0","0","0","6","1","0","","1","0","39 56:59.241","","0","75 12:25.710","0","0","0","0","67301","0","0","0","N","0","0","0","2","67504","0","","1.0","","1","N","N","N","0","","0","0","0","3","2","","625","2","0","2","0","0","0","0","2","0","2","0","0","0","3","03","","N","","","","","","","","","",""
"2021083313","2308","2","0","0","0","0","0","0","0","0","7","0","","67","9","2021","4","39.942401","-75.14295","2259","6","0","0","0","0","0","1","0","0","","0","0","0","22","3","2","N","0","0","39 56:32.644","","0","75 08:34.621","8","0","0","0","67301","0","0","0","N","0","0","0","3","68K01","0","","2.0","","9","N","N","N","0","","0","0","0","0","0","","2255","2","2","1","0","0","2","0","2","0","2","0","0","0","7","","","N","","","","","","","","","",""
"2021083761","0133","1","0","0","0","0","0","0","0","0","1","0","","67","9","2021","2","40.035296","-75.162735","0126","6","0","0","0","0","0","0","0","0","","0","0","0","1","3","0","","1","0","40 02:07.065","","0","75 09:45.845","0","0","0","0","67301","0","0","0","N","0","0","0","1","67301","0","","5.0","","9","N","N","N","0","","0","0","1","0","0","","116","2","0","0","0","0","0","0","2","0","2","0","0","0","7","07","","N","","","","","","","","","",""
"2021075260","1747","2","0","0","0","0","0","0","0","0","1","0","","67","8","2021","3","39.957786","-75.165575","1747","6","0","0","0","0","0","0","0","1","","0","0","0","17","1","1","N","0","0","39 57:28.030","","0","75 09:56.070","8","0","0","0","67301","0","0","0","N","0","0","0","4","67301","0","","1.0","","1","N","N","N","0","","0","0","0","0","0","","1742","3","1","0","0","0","1","0","2","0","3","0","0","0","3","","","N","","","","","","","","","",""
"2021120691","1727","1","0","0","0","0","0","0","0","0","1","0","","67","11","2021","1","39.98078","-75.206035","1716","6","0","0","0","0","0","1","0","0","","0","0","0","17","3","0","N","0","2","39 58:50.808","4","0","75 12:21.725","0","0","0","0","67301","0","0","0","N","0","0","0","4","68K01","0","","1.0","1732.0","1","N","N","N","0","","0","0","1","0","0","N","1714","2","0","0","0","0","0","0","2","0","2","0","0","0","3","","","N","","","","","","","","","",""
"2021076627","0306","0","0","0","0","0","0","0","0","0","5","0","","67","8","2021","3","40.048783","-75.182855","0304","6","0","0","1","0","0","0","0","0","","0","0","0","3","3","1","N","0","0","40 02:55.618","","0","75 10:58.278","2","0","0","0","67301","0","0","0","N","0","0","0","3","67301","0","","6.0","","1","N","N","N","0","","0","1","3","0","0","","300","3","1","3","0","1","0","2","2","0","3","0","0","0","3","","","N","","","","","","","","","",""
"2021075630","1620","2","0","0","0","0","0","0","0","0","4","0","","67","8","2021","5","40.013587","-75.068535","1615","6","0","0","0","0","0","0","0","0","","0","0","0","16","1","0","","5","1","40 00:48.913","1","0","75 04:06.725","9","0","0","0","67301","0","0","0","N","0","0","0","2","67301","0","","1.0","100.0","1","N","N","N","0","","0","0","1","3","2","N","1600","3","0","0","0","0","0","1","2","0","3","0","0","0","3","03","","N","","","","","","","","","",""
"2021118314","0708","3","0","0","0","0","0","0","0","0","2","0","","67","12","2021","6","40.069153","-75.016017","0702","6","0","0","0","0","0","1","0","0","","0","0","0","6","3","1","N","0","0","40 04:08.950","","0","75 00:57.660","3","0","0","0","67301","0","0","0","N","0","0","0","2","67301","0","","1.0","","1","N","N","N","0","","1","0","0","0","0","","630","3","1","0","0","0","0","1","2","0","3","0","0","0","3","03","","N","","","","","","","","","",""