"CRN","ARRIVAL_TM","AUTOMOBILE_COUNT","BELTED_DEATH_COUNT","BELTED_SUSP_SERIOUS_INJ_COUNT","BICYCLE_COUNT","BICYCLE_DEATH_COUNT","BICYCLE_SUSP_SERIOUS_INJ_COUNT","BUS_COUNT","CHLDPAS_DEATH_COUNT","CHLDPAS_SUSP_SERIOUS_INJ_COUNT","COLLISION_TYPE","COMM_VEH_COUNT","CONS_ZONE_SPD_LIM","COUNTY","CRASH_MONTH","CRASH_YEAR","DAY_OF_WEEK","DEC_LATITUDE","DEC_LONGITUDE","DISPATCH_TM","DISTRICT","DRIVER_COUNT_16YR","DRIVER_COUNT_17YR","DRIVER_COUNT_18YR","DRIVER_COUNT_19YR","DRIVER_COUNT_20YR","DRIVER_COUNT_50_64YR","DRIVER_COUNT_65_74YR","DRIVER_COUNT_75PLUS","EST_HRS_CLOSED","FATAL_COUNT","HEAVY_TRUCK_COUNT","HORSE_BUGGY_COUNT","HOUR_OF_DAY","ILLUMINATION","INJURY_COUNT","INTERSECTION_RELATED","INTERSECT_TYPE","LANE_CLOSED","LATITUDE","LN_CLOSE_DIR","LOCATION_TYPE","LONGITUDE","MAX_SEVERITY_LEVEL","MCYCLE_DEATH_COUNT","MCYCLE_SUSP_SERIOUS_INJ_COUNT","MOTORCYCLE_COUNT","MUNICIPALITY","NONMOTR_COUNT","NONMOTR_DEATH_COUNT","NONMOTR_SUSP_SERIOUS_INJ_COUNT","NTFY_HIWY_MAINT","PED_COUNT","PED_DEATH_COUNT","PED_SUSP_SERIOUS_INJ_COUNT","PERSON_COUNT","POLICE_AGCY","POSSIBLE_INJ_COUNT","RDWY_SURF_TYPE_CD","RELATION_TO_ROAD","ROADWAY_CLEARED","ROAD_CONDITION","SCH_BUS_IND","SCH_ZONE_IND","SECONDARY_CRASH","SMALL_TRUCK_COUNT","SPEC_JURIS_CD","SUSP_MINOR_INJ_COUNT","SUSP_SERIOUS_INJ_COUNT","SUV_COUNT","TCD_FUNC_CD","TCD_TYPE","TFC_DETOUR_IND","TIME_OF_DAY","TOTAL_UNITS","TOT_INJ_COUNT","UNBELTED_OCC_COUNT","UNB_DEATH_COUNT","UNB_SUSP_SERIOUS_INJ_COUNT","UNK_INJ_DEG_COUNT","UNK_INJ_PER_COUNT","URBAN_RURAL","VAN_COUNT","VEHICLE_COUNT","VULNERABLE_ROAD_USER_COUNT","VULNERABLE_ROAD_USER_DEATH_COUNT","VULNERABLE_ROAD_USER_SER_INJ_COUNT","WEATHER1","WEATHER2","WORKERS_PRES","WORK_ZONE_IND","WORK_ZONE_LOC","WORK_ZONE_TYPE","WZ_CLOSE_DETOUR","WZ_FLAGGER","WZ_LAW_OFFCR_IND","WZ_LN_CLOSURE","WZ_MOVING","WZ_OTHER","WZ_SHLDER_MDN","WZ_WORKERS_INJ_KILLED"
"2021119553","1528","1","0","0","0","0","0","0","0","0","1","0","","67","11","2021","7","40.030684","-75.021888","1417","6","0","0","0","0","0","0","0","0","","0","0","0","14","1","0","N","0","1","40 01:50.462","2","0","75 01:18.797","0","0","0","0","67301","0","0","0","N","0","0","0","7","68K01","0","","1.0","1505.0","1","N","N","N","0","","0","0","2","0","0","N","1404","3","0","0","0","0","0","0","2","0","3","0","0","0","3","03","","N","","","","","","","","","",""
"2021074945","0612","0","0","0","0","0","0","0","0","0","7","0","","67","8","2021","2","39.936732","-75.144484","0558","6","0","0","0","0","0","0","0","0","","0","0","0","5","1","0","N","0","1","39 56:12.236","2","0","75 08:40.143","0","0","0","0","67301","0","0","0","N","0","0","0","1","68K01","0","","3.0","635.0","1","N","N","N","0","","0","0","1","0","0","N","555","1","0","0","0","0","0","0","2","0","1","0","0","0","3","","","N","","","","","","","","","",""
"2021078716","1300","2","0","0","0","0","0","0","0","0","4","0","","67","8","2021","7","39.997108","-75.204737","1300","6","0","0","0","1","0","0","0","0","","0","0","0","14","1","2","","1","0","39 59:49.588","","0","75 12:17.053","8","0","0","0","67301","0","0","0","N","0","0","0","3","67301","0","","1.0","","99","N","N","N","0","","0","0","0","3","3","","1437","2","2","3","0","0","2","1","2","0","2","0","0","0","99","","","N","","","","","","","","","",""
"2021076529","2000","3","0","0","0","0","0","0","0","0","5","0","","67","8","2021","2","39.978083","-75.161333","1953","6","0","0","0","0","0","0","0","0","","0","0","0","19","1","0","N","0","0","39 58:41.100","","0","75 09:40.800","0","0","0","0","67301","0","0","0","N","0","0","0","1","67505","0","","6.0","","1","N","N","Y","0","","0","0","0","0","0","","1945","3","0","0","0","0","0","0","2","0","3","0","0","0","3","03","","N","","","","","","","","","",""
"2021118415","0934","0","0","0","0","0","0","0","0","0","4","0","","67","12","2021","7","39.95844","-75.237444","0932","6","0","0","0","0","0","0","0","0","","0","0","0","9","1","1","","1","1","39 57:30.385","4","0","75 14:14.799","3","0","0","0","67301","0","0","0","N","0","0","0","2","67301","0","","1.0","1130.0","1","N","N","N","0","","1","0","2","3","2","N","932","2","1","1","0","0","0","0","2","0","2","0","0","0","3","03","","N","","","","","","","","","",""
"2021076258","1010","1","0","0","0","0","0","0","0","0","8","0","","67","8","2021","2","40.054352","-75.193938","1007","6","0","0","0","0","0","0","0","0","","0","0","0","10","1","1","","1","0","40 03:15.666","","0","75 11:38.176","3","0","0","0","67301","1","0","0","N","1","0","0","2","67301","0","","1.0","","1","N","N","N","0","","1","0","0","3","2","","1005","2","1","0","0","0","0","0","2","0","1","1","0","0","3","03","","N","","","","","","","","","",""
"2021078171","0023","1","0","0","0","0","0","0","0","0","8","0","","67","8","2021","3","39.994631","-75.094531","0020","6","0","0","0","0","0","0","0","0","","0","0","0","23","3","1","","1","0","39 59:40.673","","0","75 05:40.311","3","0","0","0","67301","1","0","0","N","0","0","0","2","67301","0","","1.0","","1","N","N","N","0","","1","0","0","3","2","","2359","2","1","0","0","0","0","0","2","0","1","1","0","0","3","03","","N","","","","","","","","","",""
"2021119588","1311","1","0","0","0","0","0","0","0","0","5","1","","67","11","2021","2","40.047073","-75.000838","1311","6","0","0","0","0","0","1","0","0","","0","1","0","13","1","0","N","0","0","40 02:49.464","","0","75 00:03.018","0","0","0","0","67301","0","0","0","N","0","0","0","2","68K01","0","","3.0","","1","N","N","N","0","","0","0","0","0","0","","1311","2","0","0","0","0","0","0","2","0","2","0","0","0","3","","","N","","","","","","","","","",""
"2021076269","2355","3","0","0","0","0","0","0","0","0","1","0","","67","8","2021","5","39.918662","-75.246894","2350","6","0","0","0","0","0","1","0","0","","0","0","0","22","3","0","","1","0","39 55:07.184","","0","75 14:48.818","0","0","0","0","67301","0","0","0","N","0","0","0","3","67301","0","","1.0","","1","N","N","N","0","","0","0","0","0","0","","2252","3","0","0","0","0","0","0","2","0","3","0","0","0","3","03","","N","","","","","","","","","",""
"2021075799","0914","1","0","0","0","0","0","0","0","0","4","0","","67","8","2021","7","40.054093","-75.049043","0910","6","0","0","0","0","0","1","1","0","","0","0","0","9","1","4","","1","2","40 03:14.733","6","0","75 02:56.553","4","0","0","0","67301","0","0","0","N","0","0","0","5","67301","4","","1.0","1025.0","1","N","N","N","0","","0","0","1","3","2","Y","906","3","4","0","0","0","0","0","2","1","3","0","0","0","3","","","N","","","","","","","","","",""
"2021080570","1105","0","0","0","0","0","0","0","0","0","8","0","","67","8","2021","2","39.989186","-75.119196","1055","6","0","0","0","0","0","0","0","0","","0","0","0","10","1","1","N","0","0","39 59:21.069","","0","75 07:09.106","2","0","0","0","67301","1","0","1","N","1","0","1","2","67301","0","","1.0","","1","N","N","N","1","","0","1","0","0","0","","1045","2","1","0","0","0","0","0","2","0","1","1","0","1","3","03","","N","","","","","","","","","",""
"2021077806","0320","2","0","0","0","0","0","0","0","0","5","0","","67","8","2021","1","40.047644","-75.145486","0319","6","0","0","0","0","0","0","0","0","","0","0","0","3","3","0","N","0","0","40 02:51.520","","0","75 08:43.750","9","0","0","0","67301","0","0","0","N","0","0","0","1","67301","0","","6.0","","1","N","N","N","1","","0","0","0","0","0","","315","3","0","0","0","0","0","1","2","0","3","0","0","0","4","04","","N","","","","","","","","","",""
"2021084762","0050","1","0","0","0","0","0","0","0","0","4","0","","67","9","2021","4","39.992304","-75.141499","0033","6","0","0","0","0","0","0","0","0","","0","0","0","0","3","1","N","2","0","39 59:32.293","","0","75 08:29.396","8","0","0","0","67301","0","0","0","N","0","0","0","2","67301","0","","1.0","","1","N","N","N","0","","0","0","1","0","0","","10","2","1","0","0","0","1","0","2","0","2","0","0","0","3","03","","N","","","","","","","","","",""
"2021077172","0912","2","0","0","0","0","0","0","0","0","4","0","","67","8","2021","6","40.035158","-75.144792","0905","6","0","0","0","0","0","1","1","0","","0","0","0","9","1","1","","1","0","40 02:06.568","","0","75 08:41.251","8","0","0","0","67301","0","0","0","N","0","0","0","3","67301","0","","1.0","","1","N","N","N","0","","0","0","1","3","2","","904","3","1","2","0","0","1","0","2","0","3","0","0","0","3","","","N","","","","","","","","","",""
"2021120653","1615","2","0","0","0","0","0","0","0","0","6","0","","67","11","2021","4","39.995689","-75.191471","1609","6","0","0","0","0","0","0","0","0","","0","0","0","14","1","0","","3","1","39 59:44.480","3","0","75 11:29.297","0","0","0","0","67301","0","0","0","N","0","0","0","2","67301","0","","1.0","100.0","1","N","N","N","0","","0","0","0","0","0","N","1445","2","0","0","0","0","0","0","2","0","2","0","0","0","3","03","","N","","","","","","","","","",""
"2021081884","2355","1","0","0","0","0","0","0","0","0","5","0","","67","8","2021","3","39.971714","-75.12394","2336","6","0","0","0","0","0","0","0","0","","0","0","0","23","3","1","N","0","1","39 58:18.170","2","2","75 07:26.183","4","0","0","0","67301","0","0","0","N","0","0","0","2","68K01","1","","1.0","2345.0","1","N","N","N","0","","0","0","0","0","0","N","2319","2","1","0","0","0","0","1","2","0","2","0","0","0","3","","","N","","","","","","","","","",""
"2021120123","0425","1","0","0","0","0","0","0","0","0","2","0","","67","12","2021","4","39.894612","-75.236717","0421","6","0","0","0","0","0","0","0","0","","0","0","0","4","3","1","","2","0","39 53:40.603","","6","75 14:12.181","8","0","0","0","67301","0","0","0","N","0","0","0","2","67301","0","","1.0","","1","N","N","N","0","","0","0","1","0","0","","419","2","1","1","0","0","1","0","2","0","2","0","0","0","3","03","","N","","","","","","","","","",""
"2021058110","0652","0","0","0","0","0","0","0","0","0","4","0","","67","6","2021","4","40.00868","-75.068855","0642","6","0","0","0","0","0","0","0","0","","0","0","0","6","1","0","","1","1","40 00:31.249","2","0","75 04:07.877","0","0","0","0","67301","0","0","0","N","0","0","0","2","67301","0","","1.0","642.0","1","N","N","N","0","","0","0","2","3","2","N","642","2","0","0","0","0","0","0","2","0","2","0","0","0","3","","","N","","","","","","","","","",""
"2021077515","1832","1","0","0","0","0","0","0","0","0","6","0","","67","8","2021","4","39.999625","-75.190584","1822","6","0","0","0","0","0","1","0","0","","0","0","0","17","1","0","","2","2","39 59:58.649","1","0","75 11:26.101","0","0","0","0","67301","0","0","0","N","0","0","0","4","67301","0","","1.0","2015.0","1","N","N","N","0","","0","0","2","3","2","Y","1752","3","0","4","0","0","0","0","2","0","3","0","0","0","4","04","","N","","","","","","","","","",""
"2021077061","0209","1","0","0","0","0","0","0","0","0","8","0","","67","8","2021","7","39.949079","-75.162124","0209","6","0","0","0","0","0","0","0","0","","0","0","0","2","3","1","","1","0","39 56:56.686","","0","75 09:43.648","3","0","0","0","67301","1","0","0","N","1","0","0","2","67301","0","","1.0","","1","N","N","N","0","","1","0","0","3","2","","209","2","1","0","0","0","0","0","2","0","1","1","0","0","3","03","","N","","","","","","","","","",""
"2021075116","0800","0","0","0","0","0","0","0","0","0","1","0","","67","8","2021","5","40.029912","-75.103808","0753","6","0","0","0","0","0","0","1","0","","0","0","0","7","1","1","N","0","1","40 01:47.684","2","0","75 06:13.710","2","0","1","1","67301","0","0","0","N","0","0","0","2","67301","0","","1.0","830.0","1","N","N","N","0","","0","1","0","0","0","N","750","2","1","0","0","0","0","0","2","1","2","0","0","0","3","03","","N","","","","","","","","","",""
"2021075908","1930","0","0","0","0","0","0","0","0","0","5","0","","67","8","2021","6","40.032806","-75.161722","1903","6","1","0","0","0","0","0","0","0","","0","0","0","16","4","1","N","0","0","40 01:58.100","","0","75 09:42.200","2","0","1","1","67301","0","0","0","N","0","0","0","2","67301","0","","1.0","","98","N","N","N","1","","0","1","0","0","0","","1654","2","1","0","0","0","0","0","2","0","2","0","0","0","4","","","N","","","","","","","","","",""
"2021080762","1942","2","0","0","0","0","0","0","0","0","1","0","","67","8","2021","2","40.01198","-75.135844","1942","6","0","0","0","0","0","0","0","0","","0","0","0","19","3","0","","1","0","40 00:43.128","","0","75 08:09.038","9","0","0","0","67301","0","0","0","N","0","0","0","3","67301","0","","1.0","","1","N","N","N","0","","0","0","0","3","2","","1942","2","0","1","0","0","0","1","2","0","2","0","0","0","3","03","","N","","","","","","","","","",""
"2021078286","1851","1","0","0","0","0","0","0","0","0","1","0","","67","8","2021","4","39.959501","-75.175838","1850","6","0","0","0","0","0","1","0","0","","0","0","0","18","1","2","N","0","1","39 57:34.202","3","0","75 10:33.016","3","0","0","0","67301","0","0","0","N","0","0","0","5","68K01","0","","1.0","1945.0","1","N","N","N","0","","1","0","3","0","0","N","1849","4","2","0","0","0","1","0","2","0","4","0","0","0","3","","","N","","","","","","","","","",""
"2021058652","1534","0","0","0","1","0","0","0","0","0","8","0","","67","6","2021","5","39.975919","-75.180055","1534","6","0","0","0","0","0","0","0","0","","0","0","0","13","1","1","","1","0","39 58:33.308","","0","75 10:48.198","3","0","0","0","67301","1","0","0","N","0","0","0","2","67301","0","","1.0","","1","N","N","N","0","","1","0","0","3","3","","1343","2","1","0","0","0","0","0","2","0","1","1","0","0","3","04","","N","","","","","","","","","",""
"2021114610","","1","0","0","0","0","0","0","0","0","4","0","","67","5","2021","7","40.041363","-75.028255","","6","0","0","0","0","0","1","0","0","","0","0","0","13","1","2","","1","0","40 02:28.908","","0","75 01:41.719","4","0","0","0","67301","0","0","0","N","0","0","0","3","00000","2","","1.0","","9","N","N","N","0","","0","0","1","3","2","","1305","2","2","0","0","0","0","0","2","0","2","0","0","0","7","","","N","","","","","","","","","",""
"2021075178","0920","1","0","0","0","0","0","0","0","0","4","0","","67","8","2021","5","39.897531","-75.252476","0903","6","0","0","0","0","0","0","0","0","","0","0","0","8","1","1","","1","0","39 53:51.111","","0","75 15:08.912","3","0","0","0","67301","0","0","0","N","0","0","0","4","67301","0","","1.0","","1","N","N","N","0","","1","0","0","3","2","","848","2","1","0","0","0","0","0","2","0","2","0","0","0","3","03","","N","","","","","","","","","",""
"2021075926","1646","1","0","0","0","0","0","0","0","0","4","0","","67","8","2021","7","39.980696","-75.124503","1640","6","0","0","0","0","0","0","0","0","","0","0","0","15","1","4","","1","1","39 58:50.505","1","0","75 07:28.210","3","0","0","0","67301","0","0","0","N","0","0","0","5","67301","0","","1.0","1730.0","1","N","N","N","0","","4","0","1","3","3","Y","1557","2","4","0","0","0","0","0","2","0","2","0","0","0","3","","","N","","","","","","","","","",""
"2021118474","1205","0","0","0","0","0","0","0","0","0","8","0","","67","6","2021","4","39.942958","-75.159969","1153","6","0","0","0","0","0","1","0","0","","0","0","0","11","1","1","N","0","0","39 56:34.650","","0","75 09:35.890","4","0","0","0","67301","1","0","0","N","1","0","0","2","67301","1","","1.0","","1","N","N","N","0","","0","0","1","0","0","","1125","2","1","0","0","0","0","0","2","0","1","1","0","0","3","03","","N","","","","","","","","","",""
"2021078701","0955","1","0","0","0","0","0","0","0","0","5","0","","67","8","2021","7","40.01805","-75.127575","0941","6","0","0","0","0","0","0","0","0","","0","0","0","4","3","0","N","0","0","40 01:04.980","","0","75 07:39.270","0","0","0","0","67301","0","0","0","N","0","0","0","1","67301","0","","6.0","","1","N","N","N","1","","0","0","0","0","0","","400","2","0","1","0","0","0","0","2","0","2","0","0","0","3","","","N","","","","","","","","","",""
"2021077615","2230","1","0","0","0","0","0","0","0","0","4","0","","67","8","2021","4","40.056157","-75.008581","2218","6","0","0","0","0","0","0","0","0","","0","0","0","22","3","0","N","0","0","40 03:22.164","","0","75 00:30.892","0","0","0","0","67301","0","0","0","N","0","0","0","4","67301","0","","1.0","","9","N","N","N","0","","0","0","1","0","0","","2217","2","0","1","0","0","0","0","2","0","2","0","0","0","7","07","","N","","","","","","","","","",""
"2021077543","1755","1","0","0","0","0","0","0","0","0","1","0","","67","8","2021","3","40.10145","-74.980694","1745","6","0","0","0","0","0","0","0","0","","0","0","0","17","1","0","N","0","0","40 06:05.220","","0","74 58:50.500","0","0","0","0","67301","0","0","0","N","0","0","0","1","67301","0","","6.0","","1","N","N","N","0","","0","0","1","0","0","","1740","2","0","0","0","0","0","0","2","0","2","0","0","0","3","03","","N","","","","","","","","","",""
"2021120452","0734","1","0","0","0","0","0","0","0","0","7","0","","67","11","2021","6","40.032921","-75.020859","0716","6","0","0","0","0","0","0","0","0","","0","0","0","7","1","0","N","0","0","40 01:58.517","","0","75 01:15.093","0","0","0","0","67301","0","0","0","N","0","0","0","1","68K01","0","","2.0","","9","N","N","N","0","","0","0","0","0","0","","716","1","0","0","0","0","0","0","2","0","1","0","0","0","7","07","","N","","","","","","","","","",""
"2021075340","1830","1","0","0","0","0","0","0","0","0","4","0","","67","8","2021","4","40.050575","-75.157051","1829","6","0","0","0","0","0","0","0","0","","0","0","0","18","1","2","","1","0","40 03:02.070","","0","75 09:25.383","3","0","0","0","67301","0","0","0","N","0","0","0","2","67301","0","","1.0","","1","N","N","N","0","","2","0","1","3","3","","1828","2","2","1","0","0","0","0","2","0","2","0","0","0","3","03","","N","","","","","","","","","",""
"2021075656","1655","1","0","0","0","0","0","0","0","0","4","0","","67","8","2021","5","39.905757","-75.193824","1650","6","0","0","0","0","0","0","0","0","","0","0","0","16","1","1","","1","1","39 54:20.725","7","0","75 11:37.765","3","0","0","0","67301","0","0","0","N","0","0","0","2","67301","0","","1.0","1700.0","1","N","N","N","0","","1","0","1","3","2","N","1640","2","1","0","0","0","0","0","2","0","2","0","0","0","3","03","","N","","","","","","","","","",""
"2021081878","0358","0","0","0","0","0","0","0","0","0","5","0","45","67","8","2021","1","40.019052","-75.045852","0358","6","0","0","0","0","0","0","0","0","","0","0","0","3","3","1","N","0","2","40 01:08.587","1","0","75 02:45.066","8","0","0","0","67301","0","0","0","N","0","0","0","3","68K01","0","","1.0","430.0","1","N","N","N","0","","0","0","3","0","0","N","324","3","1","0","0","0","1","0","2","0","3","0","0","0","3","","N","Y","4","1","","","N","","","","Y","N"
"2021074718","0215","0","0","0","0","0","0","0","0","0","7","0","","67","8","2021","4","39.982803","-75.225042","0010","6","0","0","0","0","0","0","0","0","","0","0","0","0","3","0","N","0","0","39 58:58.090","","0","75 13:30.150","0","0","0","0","67301","0","0","0","N","0","0","0","1","67301","0","","5.0","","9","N","N","N","0","","0","0","1","0","0","","3","1","0","0","0","0","0","0","2","0","1","0","0","0","7","07","","N","","","","","","","","","",""
"2021095947","0815","1","0","0","0","0","0","0","0","0","4","0","","67","8","2021","4","39.940369","-75.236609","0808","6","0","0","0","0","0","0","0","0","","0","0","0","7","1","2","","1","0","39 56:25.327","","0","75 14:11.791","8","0","0","0","67301","0","0","0","N","0","0","0","4","67301","0","","1.0","","1","N","N","N","0","","0","0","1","3","2","","748","2","2","0","0","0","2","0","2","0","2","0","0","0","3","03","","N","","","","","","","","","",""
"2021077801","1745","2","0","0","0","0","0","0","0","0","4","0","","67","8","2021","4","39.959321","-75.219176","1745","6","0","0","0","0","0","0","0","0","","0","0","0","16","1","0","","2","0","39 57:33.555","","0","75 13:09.032","0","0","0","0","67301","0","0","0","N","0","0","0","2","67301","0","","1.0","","99","N","N","N","0","","0","0","0","3","2","","1615","2","0","0","0","0","0","0","2","0","2","0","0","0","99","","","N","","","","","","","","","",""
"2021120701","0407","1","0","0","0","0","0","0","0","0","5","0","","67","11","2021","7","39.970226","-75.192718","0406","6","0","0","0","0","0","0","0","0","","0","0","0","4","3","1","N","0","1","39 58:12.813","4","0","75 11:33.786","4","0","0","0","67301","0","0","0","N","0","0","0","2","68K01","1","","1.0","440.0","1","N","N","N","0","","0","0","0","0","0","N","403","2","1","0","0","0","0","1","2","1","2","0","0","0","3","","","N","","","","","","","","","",""
"2021118584","0621","2","0","0","0","0","0","0","0","0","2","0","","67","12","2021","7","39.968556","-75.23574","0619","6","0","0","0","0","0","0","0","0","","0","0","0","6","5","0","N","0","0","39 58:06.803","","0","75 14:08.665","0","0","0","0","67301","0","0","0","N","0","0","0","1","67301","0","","2.0","","1","N","N","N","0","","0","0","1","0","0","","614","3","0","0","0","0","0","0","2","0","3","0","0","0","3","03","","N","","","","","","","","","",""
"2021077260","1519","0","0","0","0","0","0","0","0","0","8","0","","67","8","2021","7","39.922647","-75.185174","1519","6","0","0","0","0","0","0","1","0","","0","0","0","15","1","1","","1","0","39 55:21.529","","0","75 11:06.627","8","0","0","0","67301","1","0","0","N","1","0","0","2","67301","0","","1.0","","1","N","N","N","1","","0","0","0","3","2","","1510","2","1","0","0","0","1","0","2","0","1","1","0","0","3","03","","N","","","","","","","","","",""
"2021078702","1100","1","0","0","0","0","0","0","0","0","4","0","","67","8","2021","1","39.997342","-75.120319","1049","6","0","0","0","0","0","0","1","0","","0","0","0","9","1","1","","1","0","39 59:50.432","","0","75 07:13.150","3","0","0","0","67301","0","0","0","N","0","0","0","2","67301","0","","1.0","","1","N","N","N","0","","1","0","1","3","2","","900","2","1","0","0","0","0","1","2","0","2","0","0","0","3","03","","N","","","","","","","","","",""
"2021118740","0318","2","0","0","0","0","0","0","0","0","4","0","","67","12","2021","1","40.015873","-75.153841","0317","6","0","0","0","0","0","0","0","0","","0","0","0","3","3","1","","1","0","40 00:57.144","","0","75 09:13.828","3","0","0","0","67301","0","0","0","N","0","0","0","3","67301","0","","1.0","","1","N","N","N","0","","1","0","0","3","2","","316","2","1","0","0","0","0","0","2","0","2","0","0","0","3","03","","N","","","","","","","","","",""
"2021119787","2335","0","0","0","0","0","0","1","0","0","6","1","","67","11","2021","3","40.018438","-75.125009","2325","6","0","0","0","0","0","0","0","0","","0","0","0","23","3","1","","1","0","40 01:06.376","","0","75 07:30.032","4","0","0","0","67301","0","0","0","N","0","0","0","3","67508","1","","1.0","","1","N","N","Y","0","","0","0","1","0","0","","2325","2","1","0","0","0","0","0","2","0","2","0","0","0","3","03","","N","","","","","","","","","",""
"2021076090","2018","1","0","0","0","0","0","0","0","0","4","0","","67","8","2021","6","40.015043","-75.135168","2016","6","0","0","0","0","0","0","0","0","","0","0","0","20","3","2","","1","0","40 00:54.154","","0","75 08:06.604","3","0","0","1","67301","0","0","0","N","0","0","0","3","67301","0","","1.0","","1","N","N","N","0","","2","0","0","3","2","","2014","2","2","0","0","0","0","0","2","0","2","0","0","0","3","","","N","","","","","","","","","",""
"2021075348","1658","0","0","0","0","0","0","0","0","0","4","0","","67","8","2021","4","40.046038","-75.132584","1652","6","0","0","0","0","0","1","0","0","","0","0","0","16","1","1","","2","0","40 02:45.737","","0","75 07:57.301","3","0","0","1","67301","0","0","0","N","0","0","0","2","67301","0","","1.0","","1","N","N","N","1","","1","0","0","0","0","","1645","2","1","0","0","0","0","0","2","0","2","0","0","0","3","","","N","","","","","","","","","",""
"2021075037","1840","1","0","0","0","0","0","0","0","0","4","0","","67","8","2021","4","40.044379","-75.030542","1840","6","0","0","0","0","1","0","0","0","","0","0","0","18","1","1","","1","1","40 02:39.763","6","0","75 01:49.950","8","0","0","0","67301","0","0","0","N","0","0","0","2","67301","0","","1.0","1901.0","1","N","N","N","0","","0","0","0","3","3","N","1800","2","1","0","0","0","1","0","2","1","2","0","0","0","3","","","N","","","","","","","","","",""
"2021077879","1551","2","0","0","0","0","0","0","0","0","4","0","","67","8","2021","3","40.02384","-75.048857","1542","6","0","0","0","0","0","0","0","0","","0","0","0","14","1","0","","1","0","40 01:25.824","","0","75 02:55.884","0","0","0","0","67301","0","0","0","N","0","0","0","3","67301","0","","1.0","","9","N","N","Y","0","","0","0","1","3","3","","1444","3","0","2","0","0","0","0","2","0","3","0","0","0","7","07","","N","","","","","","","","","",""
"2021075997","0905","1","0","0","0","0","0","0","0","0","1","0","","67","8","2021","1","39.988306","-75.147333","0855","6","0","0","0","0","0","0","0","0","","0","0","0","8","1","1","N","0","0","39 59:17.900","","0","75 08:50.400","3","0","0","0","67301","0","0","0","N","0","0","0","1","67301","0","","6.0","","1","N","N","N","0","","1","0","1","0","0","","850","2","1","1","0","0","0","0","2","0","2","0","0","0","3","03","","N","","","","","","","","","",""
"2021119760","1146","3","0","0","0","0","0","0","0","0","5","0","","67","12","2021","3","39.973197","-75.212596","1143","6","0","0","0","0","0","0","0","0","","0","0","0","11","1","0","N","0","2","39 58:23.508","4","0","75 12:45.347","0","0","0","0","67301","0","0","0","N","0","0","0","2","67301","0","","1.0","1220.0","1","N","N","N","0","","0","0","0","0","0","N","1143","3","0","0","0","0","0","0","2","0","3","0","0","0","3","","","N","","","","","","","","","",""
"2021104842","","0","0","1","0","0","0","0","0","0","1","0","","67","7","2021","6","40.025599","-75.121783","","6","0","0","0","0","0","0","0","0","","0","0","0","17","1","1","","2","0","40 01:32.158","","0","75 07:18.417","2","0","0","0","67301","0","0","0","N","0","0","0","3","00000","0","","1.0","","1","N","N","N","0","","0","1","1","0","0","","1730","2","1","0","0","0","0","0","2","0","2","0","0","0","3","","","N","","","","","","","","","",""
"2021081559","0935","2","0","0","0","0","0","0","0","0","4","0","","67","8","2021","1","39.960201","-75.239103","0905","6","0","0","0","0","0","0","0","0","","0","0","0","9","1","0","","1","0","39 57:36.724","","0","75 14:20.772","9","0","0","0","67301","0","0","0","N","0","0","0","2","67301","0","","1.0","","1","N","N","N","0","","0","0","0","2","2","","900","2","0","0","0","0","0","1","2","0","2","0","0","0","3","04","","N","","","","","","","","","",""
"2021119910","1747","1","0","0","0","0","0","0","0","0","1","0","","67","12","2021","1","39.982492","-75.207858","1743","6","0","0","0","0","1","0","0","0","","0","0","0","17","3","0","N","0","1","39 58:56.970","3","0","75 12:28.290","0","0","0","0","67301","0","0","0","N","0","0","0","2","68K01","0","","1.0","1750.0","1","N","N","N","0","","0","0","1","0","0","N","1741","2","0","1","0","0","0","0","2","0","2","0","0","0","3","","","N","","","","","","","","","",""
"2021119795","1000","1","0","0","0","0","0","0","0","0","4","1","","67","7","2021","5","40.032197","-75.036907","0934","6","0","0","0","0","0","0","0","0","","0","1","0","9","1","1","","1","2","40 01:55.909","3","0","75 02:12.865","3","0","0","0","67301","0","0","0","N","0","0","0","2","67301","0","","1.0","1115.0","1","N","N","N","0","","1","0","0","3","2","Y","930","2","1","1","0","0","0","0","2","0","2","0","0","0","3","03","","N","","","","","","","","","",""
"2021075191","2010","1","0","0","0","0","0","0","0","0","2","0","","67","8","2021","4","40.0094","-75.1085","2005","6","0","0","0","0","0","0","0","0","","0","0","0","19","3","0","N","0","1","40 00:33.840","2","0","75 06:30.600","0","0","0","0","67301","0","0","0","N","0","0","0","1","67301","0","","6.0","910.0","9","N","N","N","0","","0","0","0","0","0","N","1950","2","0","0","0","0","0","0","2","1","2","0","0","0","7","","","N","","","","","","","","","",""
"2021078501","2051","1","0","0","0","0","0","0","0","0","4","0","","67","8","2021","5","39.957754","-75.219287","2051","6","0","0","0","1","0","0","0","0","","0","0","0","20","3","0","","1","0","39 57:27.914","","0","75 13:09.434","0","0","0","0","67301","0","0","0","N","0","0","0","3","67301","0","","5.0","","1","N","N","N","1","","0","0","0","3","2","","2051","2","0","3","0","0","0","0","2","0","2","0","0","0","3","03","","N","","","","","","","","","",""