"CRN","ARRIVAL_TM","AUTOMOBILE_COUNT","BELTED_DEATH_COUNT","BELTED_SUSP_SERIOUS_INJ_COUNT","BICYCLE_COUNT","BICYCLE_DEATH_COUNT","BICYCLE_SUSP_SERIOUS_INJ_COUNT","BUS_COUNT","CHLDPAS_DEATH_COUNT","CHLDPAS_SUSP_SERIOUS_INJ_COUNT","COLLISION_TYPE","COMM_VEH_COUNT","CONS_ZONE_SPD_LIM","COUNTY","CRASH_MONTH","CRASH_YEAR","DAY_OF_WEEK","DEC_LATITUDE","DEC_LONGITUDE","DISPATCH_TM","DISTRICT","DRIVER_COUNT_16YR","DRIVER_COUNT_17YR","DRIVER_COUNT_18YR","DRIVER_COUNT_19YR","DRIVER_COUNT_20YR","DRIVER_COUNT_50_64YR","DRIVER_COUNT_65_74YR","DRIVER_COUNT_75PLUS","EST_HRS_CLOSED","FATAL_COUNT","HEAVY_TRUCK_COUNT","HORSE_BUGGY_COUNT","HOUR_OF_DAY","ILLUMINATION","INJURY_COUNT","INTERSECTION_RELATED","INTERSECT_TYPE","LANE_CLOSED","LATITUDE","LN_CLOSE_DIR","LOCATION_TYPE","LONGITUDE","MAX_SEVERITY_LEVEL","MCYCLE_DEATH_COUNT","MCYCLE_SUSP_SERIOUS_INJ_COUNT","MOTORCYCLE_COUNT","MUNICIPALITY","NONMOTR_COUNT","NONMOTR_DEATH_COUNT","NONMOTR_SUSP_SERIOUS_INJ_COUNT","NTFY_HIWY_MAINT","PED_COUNT","PED_DEATH_COUNT","PED_SUSP_SERIOUS_INJ_COUNT","PERSON_COUNT","POLICE_AGCY","POSSIBLE_INJ_COUNT","RDWY_SURF_TYPE_CD","RELATION_TO_ROAD","ROADWAY_CLEARED","ROAD_CONDITION","SCH_BUS_IND","SCH_ZONE_IND","SECONDARY_CRASH","SMALL_TRUCK_COUNT","SPEC_JURIS_CD","SUSP_MINOR_INJ_COUNT","SUSP_SERIOUS_INJ_COUNT","SUV_COUNT","TCD_FUNC_CD","TCD_TYPE","TFC_DETOUR_IND","TIME_OF_DAY","TOTAL_UNITS","TOT_INJ_COUNT","UNBELTED_OCC_COUNT","UNB_DEATH_COUNT","UNB_SUSP_SERIOUS_INJ_COUNT","UNK_INJ_DEG_COUNT","UNK_INJ_PER_COUNT","URBAN_RURAL","VAN_COUNT","VEHICLE_COUNT","VULNERABLE_ROAD_USER_COUNT","VULNERABLE_ROAD_USER_DEATH_COUNT","VULNERABLE_ROAD_USER_SER_INJ_COUNT","WEATHER1","WEATHER2","WORKERS_PRES","WORK_ZONE_IND","WORK_ZONE_LOC","WORK_ZONE_TYPE","WZ_CLOSE_DETOUR","WZ_FLAGGER","WZ_LAW_OFFCR_IND","WZ_LN_CLOSURE","WZ_MOVING","WZ_OTHER","WZ_SHLDER_MDN","WZ_WORKERS_INJ_KILLED"
"2021077063","1354","1","0","0","0","0","0","0","0","0","1","0","","67","8","2021","3","40.104817","-75.032314","1344","6","0","0","0","0","0","2","0","0","","0","0","0","13","1","1","Y","0","1","40 06:17.340","4","0","75 01:56.330","3","0","0","0","67301","0","0","0","N","0","0","0","2","67301","0","","1.0","1420.0","9","N","N","N","0","","1","0","1","3","2","N","1344","2","1","0","0","0","0","0","2","0","2","0","0","0","7","04","","N","","","","","","","","","",""
"2021118448","0112","1","0","0","0","0","0","0","0","0","5","0","","67","12","2021","5","40.017454","-75.150414","0110","6","0","0","0","0","0","0","0","0","","0","0","0","1","3","0","N","0","0","40 01:02.836","","0","75 09:01.490","0","0","0","0","67301","0","0","0","N","0","0","0","1","67301","0","","1.0","","9","N","N","N","0","","0","0","1","0","0","","105","2","0","0","0","0","0","0","2","0","2","0","0","0","7","","","N","","","","","","","","","",""
"2021119833","1205","2","0","0","0","0","0","0","0","0","2","0","","67","12","2021","1","39.99205","-75.188986","1203","6","0","0","0","0","0","0","0","0","","0","0","0","12","1","1","N","0","0","39 59:31.380","","0","75 11:20.350","3","0","0","0","67301","0","0","0","N","0","0","0","2","67301","0","","1.0","","1","N","N","N","0","","1","0","0","0","0","","1202","2","1","0","0","0","0","1","2","0","2","0","0","0","3","04","","N","","","","","","","","","",""
"2021075848","2037","1","0","0","0","0","0","0","0","0","4","0","","67","8","2021","4","39.980979","-75.175711","2036","6","0","0","0","1","0","0","0","0","","0","0","0","20","3","6","","1","0","39 58:51.524","","0","75 10:32.559","3","0","0","0","67301","0","0","0","N","0","0","0","6","67301","0","","1.0","","9","N","N","N","0","","6","0","1","3","2","","2036","2","6","6","0","0","0","0","2","0","2","0","0","0","7","","","N","","","","","","","","","",""
"2021075937","0518","0","0","0","0","0","0","0","0","0","4","0","","67","8","2021","6","40.04324","-75.052268","0514","6","0","0","0","0","0","1","0","0","","0","0","0","5","3","1","","1","0","40 02:35.664","","0","75 03:08.163","3","0","0","0","67301","0","0","0","N","0","0","0","2","67301","0","","1.0","","1","N","N","N","0","","1","0","1","3","2","","513","2","1","0","0","0","0","0","2","1","2","0","0","0","3","03","","N","","","","","","","","","",""
"2021120674","1956","1","0","0","0","0","0","0","0","0","1","0","","67","11","2021","4","39.937533","-75.19851","1939","6","0","0","0","0","0","0","0","0","","0","0","0","19","3","0","N","0","1","39 56:15.120","4","0","75 11:54.635","0","0","0","0","67301","0","0","0","N","0","0","0","2","68K01","0","","1.0","2045.0","1","N","N","N","0","","0","0","1","0","0","Y","1935","2","0","0","0","0","0","0","2","0","2","0","0","0","3","","","N","","","","","","","","","",""
"2021120422","2111","2","0","0","0","0","0","0","0","0","2","0","","67","12","2021","4","40.007279","-75.068555","2105","6","0","0","1","0","0","0","0","0","","0","0","0","20","3","2","","7","0","40 00:26.203","","2","75 04:06.799","3","0","0","0","67301","0","0","0","N","0","0","0","2","67301","0","","1.0","","1","N","N","N","0","","2","0","0","0","0","","2050","2","2","0","0","0","0","0","2","0","2","0","0","0","3","03","","N","","","","","","","","","",""
"2021119535","0019","0","0","0","0","0","0","0","0","0","7","0","","67","11","2021","1","39.961221","-75.182403","0016","6","0","0","0","0","0","0","0","0","","0","0","0","0","3","0","N","0","1","39 57:40.397","3","0","75 10:56.651","0","0","0","0","67301","0","0","0","Y","0","0","0","2","68K01","0","","5.0","130.0","1","N","N","N","0","","0","0","1","0","0","Y","8","1","0","0","0","0","0","0","2","0","1","0","0","0","3","03","","N","","","","","","","","","",""
"2021119796","1010","1","0","1","0","0","0","0","0","0","4","1","","67","6","2021","4","39.940099","-75.200184","1010","6","0","0","0","0","0","1","0","0","","0","1","0","9","1","2","","2","0","39 56:24.356","","0","75 12:00.663","2","0","0","0","67301","0","0","0","N","0","0","0","5","67301","0","","1.0","","1","N","N","N","0","","1","1","0","3","3","","930","2","2","0","0","0","0","0","2","0","2","0","0","0","3","03","","N","","","","","","","","","",""
"2021120946","0355","2","0","0","0","0","0","0","0","0","2","0","","67","12","2021","6","39.883695","-75.251582","0352","6","0","0","0","0","0","0","0","0","","0","0","0","3","3","2","","1","0","39 53:01.302","","0","75 15:05.694","8","0","0","0","67301","0","0","0","N","0","0","0","2","67301","0","","1.0","","1","N","N","N","0","","0","0","0","3","2","","345","2","2","0","0","0","2","0","2","0","2","0","0","0","3","03","","N","","","","","","","","","",""
"2021118096","0644","1","0","0","0","0","0","0","0","0","5","1","","67","11","2021","7","39.993666","-75.084787","0631","6","0","0","0","0","0","1","0","0","","0","1","0","6","1","1","N","0","0","39 59:37.198","","0","75 05:05.234","4","0","0","0","67301","0","0","0","N","0","0","0","2","68K01","1","","1.0","","1","N","N","Y","0","","0","0","0","0","0","","621","2","1","0","0","0","0","0","2","0","2","0","0","0","3","","","N","","","","","","","","","",""
"2021120458","0621","2","0","0","0","0","0","0","0","0","1","0","","67","11","2021","2","39.982349","-75.207614","0608","6","0","0","0","0","0","1","0","0","","0","0","0","6","3","0","N","0","0","39 58:56.455","","0","75 12:27.412","0","0","0","0","67301","0","0","0","N","0","0","0","3","68K01","0","","1.0","","9","N","N","N","0","","0","0","0","0","0","","605","2","0","0","0","0","0","0","2","0","2","0","0","0","7","","","N","","","","","","","","","",""
"2021080120","1921","1","0","0","0","0","0","0","0","0","4","0","","67","8","2021","3","39.966539","-75.158287","1920","6","0","0","0","0","0","0","0","0","","0","0","0","19","1","1","","1","0","39 57:59.540","","0","75 09:29.833","4","0","0","0","67301","0","0","0","N","0","0","0","2","67301","1","","1.0","","1","N","N","N","0","","0","0","1","3","3","","1910","2","1","0","0","0","0","0","2","0","2","0","0","0","3","03","","N","","","","","","","","","",""
"2021076219","0233","0","0","1","0","0","0","0","0","0","4","0","","67","8","2021","2","39.968117","-75.225136","0226","6","0","0","0","0","0","0","0","0","","0","0","0","2","3","2","","1","0","39 58:05.221","","0","75 13:30.489","2","0","0","0","67301","0","0","0","N","0","0","0","2","67301","0","","1.0","","1","N","N","N","0","","1","1","2","3","2","","218","2","2","0","0","0","0","0","2","0","2","0","0","0","3","","","N","","","","","","","","","",""
"2021120132","1549","1","0","0","0","0","0","0","0","0","1","0","","67","12","2021","3","39.941113","-75.205515","1549","6","0","0","0","0","0","0","1","0","","0","0","0","15","1","1","N","0","0","39 56:28.005","","0","75 12:19.855","4","0","0","0","67301","0","0","0","N","0","0","0","3","67301","1","","1.0","","1","N","N","N","0","","0","0","1","0","0","","1537","2","1","3","0","0","0","0","2","0","2","0","0","0","3","03","","N","","","","","","","","","",""
"2021118850","0123","2","0","0","0","0","0","0","0","0","5","0","","67","12","2021","7","40.123483","-75.015206","0118","6","0","0","0","1","0","1","0","0","","0","0","0","1","3","0","N","0","0","40 07:24.540","","0","75 00:54.740","0","0","0","0","67301","0","0","0","N","0","0","0","2","67301","0","","1.0","","9","N","N","N","0","","0","0","0","3","2","","115","2","0","0","0","0","0","0","2","0","2","0","0","0","98","","","N","","","","","","","","","",""
"2021077060","1825","1","0","0","0","0","0","0","0","0","5","0","","67","8","2021","2","39.915025","-75.167169","1814","6","0","0","0","0","0","0","0","0","","0","0","0","18","1","1","N","0","0","39 54:54.090","","0","75 10:01.810","3","0","0","0","67301","0","0","0","N","0","0","0","1","67301","0","","6.0","","1","N","N","N","0","","1","0","0","0","0","","1802","2","1","0","0","0","0","0","2","1","2","0","0","0","3","04","","N","","","","","","","","","",""
"2021119665","1530","1","0","0","0","0","0","0","0","0","8","0","","67","12","2021","3","39.978675","-75.157803","1530","6","0","0","0","0","0","0","0","0","","0","0","0","15","1","1","N","1","0","39 58:43.230","","0","75 09:28.092","8","0","0","0","67301","1","0","0","N","1","0","0","2","67505","0","","1.0","","1","N","N","N","0","","0","0","0","3","2","","1515","2","1","0","0","0","1","1","2","0","1","1","0","0","3","03","","N","","","","","","","","","",""
"2021075890","2311","1","0","0","0","0","0","0","0","0","0","0","50","67","8","2021","5","39.985124","-75.208201","2301","6","0","0","0","0","0","0","0","0","","0","0","0","22","3","0","","7","0","39 59:06.448","","2","75 12:29.524","0","0","0","0","67301","0","0","0","N","0","0","0","1","68K01","0","","7.0","","1","N","N","N","0","","0","0","0","3","8","","2254","1","0","0","0","0","0","0","2","0","1","0","0","0","3","","N","Y","3","1","","","N","Y","","","Y","N"
"2021119792","1140","0","0","0","0","0","0","0","0","0","7","1","","67","6","2021","6","39.96164","-75.153307","1109","6","0","0","0","0","0","1","0","0","","0","1","0","10","1","0","N","0","1","39 57:41.903","4","1","75 09:11.906","0","0","0","0","67301","0","0","0","N","0","0","0","1","67301","0","","5.0","1530.0","1","N","N","N","0","","0","0","0","3","8","N","1054","1","0","0","0","0","0","0","2","0","1","0","0","0","3","","","N","","","","","","","","","",""
"2021079789","0755","0","0","0","0","0","0","0","0","0","0","0","","67","8","2021","3","39.928671","-75.146425","0750","6","0","0","0","0","0","0","0","0","","0","0","0","7","1","1","N","0","1","39 55:43.217","2","0","75 08:47.130","3","0","0","0","67301","0","0","0","N","0","0","0","1","68K01","0","","1.0","830.0","1","N","N","N","0","","1","0","2","0","0","N","748","2","1","0","0","0","0","0","2","0","2","0","0","0","3","","","N","","","","","","","","","",""
"2021120672","1840","2","0","0","0","0","0","0","0","0","1","0","","67","11","2021","3","40.019156","-75.046268","1827","6","0","0","0","0","0","0","0","0","","0","0","0","18","3","1","N","0","0","40 01:08.961","","0","75 02:46.566","4","0","0","0","67301","0","0","0","N","0","0","0","2","68K01","1","","1.0","","9","N","N","N","0","","0","0","0","0","0","","1824","2","1","0","0","0","0","0","2","0","2","0","0","0","7","","","N","","","","","","","","","",""
"2021119761","0902","1","0","1","0","0","0","0","0","0","1","1","","67","7","2021","3","39.991457","-75.108946","0849","6","0","0","0","0","0","0","0","0","","0","1","0","7","1","2","N","0","0","39 59:29.244","","0","75 06:32.205","2","0","0","0","67301","0","0","0","N","0","0","0","2","67301","0","","1.0","","1","N","N","N","0","","1","1","0","0","0","","742","2","2","0","0","0","0","0","2","0","2","0","0","0","3","03","","N","","","","","","","","","",""
"2021075102","0750","1","0","0","0","0","0","0","0","0","4","0","","67","8","2021","4","40.045637","-75.128468","0740","6","0","0","0","0","0","0","0","0","","0","0","0","7","1","0","","1","0","40 02:44.293","","0","75 07:42.484","9","0","0","0","67301","0","0","0","N","0","0","0","2","67301","0","","1.0","","1","N","N","N","0","","0","0","1","3","2","","730","2","0","0","0","0","0","2","2","0","2","0","0","0","3","","","N","","","","","","","","","",""
"2021078641","2058","1","0","0","0","0","0","0","0","0","1","0","","67","8","2021","5","39.998139","-75.140917","2051","6","0","0","0","1","0","0","0","1","","0","0","0","20","3","2","Y","0","0","39 59:53.300","","0","75 08:27.300","3","0","0","0","67301","0","0","0","N","0","0","0","3","67301","0","","1.0","","1","N","N","N","0","","2","0","1","0","0","","2038","2","2","0","0","0","0","1","2","0","2","0","0","0","3","04","","N","","","","","","","","","",""
"2021120824","1937","2","0","0","0","0","0","0","0","0","4","0","","67","12","2021","5","40.019889","-75.156313","1937","6","0","0","0","0","0","0","0","0","","0","0","0","19","3","0","","2","0","40 01:11.600","","0","75 09:22.727","9","0","0","0","67301","0","0","0","N","0","0","0","4","67301","0","","1.0","","1","N","N","N","0","","0","0","0","3","3","","1937","2","0","0","0","0","0","1","2","0","2","0","0","0","3","03","","N","","","","","","","","","",""
"2021078169","0231","1","0","0","0","0","0","0","0","0","8","0","","67","8","2021","6","40.002286","-75.110028","0230","6","0","0","0","0","0","0","0","0","","0","0","0","17","1","1","","2","0","40 00:08.230","","0","75 06:36.101","3","0","0","0","67301","1","0","0","N","1","0","0","2","67301","0","","1.0","","1","N","N","N","0","","1","0","0","3","3","","1700","2","1","0","0","0","0","0","2","0","1","1","0","0","3","03","","N","","","","","","","","","",""
"2021118075","0110","2","0","0","0","0","0","1","0","0","5","1","","67","11","2021","1","39.976555","-75.196658","0058","6","0","0","0","0","0","1","0","0","","0","0","0","0","3","1","","6","0","39 58:35.597","","2","75 11:47.969","8","0","0","0","67301","0","0","0","N","0","0","0","14","68K01","0","","7.0","","1","N","N","N","0","","0","0","0","0","0","","58","3","1","0","0","0","1","0","2","0","3","0","0","0","3","03","","N","","","","","","","","","",""
"2021077144","2154","0","0","0","0","0","0","0","0","0","8","0","","67","8","2021","3","39.939674","-75.222944","2144","6","0","0","0","0","0","0","0","0","","0","0","0","21","3","1","","1","0","39 56:22.826","","0","75 13:22.598","3","0","0","0","67301","1","0","0","N","1","0","0","2","67301","0","","1.0","","9","N","N","N","0","","1","0","1","3","2","","2121","2","1","0","0","0","0","0","2","0","1","1","0","0","7","07","","N","","","","","","","","","",""
"2021077124","1630","0","0","0","0","0","0","0","0","0","4","0","","67","8","2021","2","39.966238","-75.137009","1625","6","0","0","0","0","0","0","0","0","","0","0","0","16","1","0","","1","0","39 57:58.456","","1","75 08:13.232","0","0","0","0","67301","0","0","0","N","0","0","0","2","67301","0","","1.0","","1","N","N","N","0","","0","0","2","3","3","","1621","2","0","0","0","0","0","0","2","0","2","0","0","0","3","03","","N","","","","","","","","","",""
"2021075012","1951","2","0","0","0","0","0","0","0","0","4","0","","67","8","2021","3","40.032429","-75.069899","1951","6","0","0","0","0","0","0","0","0","","0","0","0","22","3","1","","1","0","40 01:56.744","","0","75 04:11.636","3","0","0","0","67301","0","0","0","N","0","0","0","2","67301","0","","1.0","","1","N","N","N","0","","1","0","0","3","3","","2220","2","1","0","0","0","0","0","2","0","2","0","0","0","3","03","","N","","","","","","","","","",""
"2021074634","2047","1","0","0","0","0","0","0","0","0","7","0","","67","8","2021","3","39.912333","-75.173861","2044","6","0","0","0","0","0","0","0","0","","0","0","0","20","3","0","N","0","2","39 54:44.400","2","2","75 10:25.900","0","0","0","0","67301","0","0","0","N","0","0","0","2","67501","0","","4.0","2116.0","8","N","N","N","0","","0","0","0","0","0","Y","2043","1","0","0","0","0","0","0","2","0","1","0","0","0","7","","","N","","","","","","","","","",""
"2021075925","0057","0","0","0","0","0","0","0","0","0","5","0","","67","8","2021","7","39.979381","-75.242533","0045","6","0","0","0","0","0","0","0","0","","0","0","0","23","3","0","N","0","0","39 58:45.770","","0","75 14:33.120","9","0","0","0","67301","0","0","0","N","0","0","0","2","67301","0","","1.0","","1","N","N","N","0","","0","0","0","0","0","","2356","2","0","1","0","0","0","1","2","2","2","0","0","0","3","03","","N","","","","","","","","","",""
"2021074520","1524","1","0","0","0","0","0","0","0","0","4","0","","67","8","2021","2","39.990438","-75.127049","1516","6","0","0","0","1","0","0","0","0","","0","0","0","15","1","0","","1","0","39 59:25.575","","0","75 07:37.375","0","0","0","0","67301","0","0","0","N","0","0","0","3","67301","0","","1.0","","1","N","N","N","0","","0","0","0","3","2","","1515","2","0","0","0","0","0","0","2","0","2","0","0","0","3","","","N","","","","","","","","","",""
"2021076218","2217","1","0","0","0","0","0","0","0","0","4","0","","67","8","2021","2","39.976455","-75.235322","2215","6","0","0","0","0","0","0","0","0","","0","0","0","22","3","1","","1","2","39 58:35.237","7","0","75 14:07.159","2","0","1","1","67301","0","0","0","N","0","0","0","2","67301","0","","1.0","30.0","1","N","N","N","0","","0","1","0","3","2","Y","2210","2","1","0","0","0","0","0","2","0","2","0","0","0","3","","","N","","","","","","","","","",""
"2021076671","2230","1","0","0","0","0","0","0","0","0","6","0","","67","8","2021","1","39.971294","-75.230747","2245","6","0","0","0","0","0","0","0","0","","0","0","0","20","3","1","N","0","0","39 58:16.660","","0","75 13:50.690","3","0","0","0","67301","0","0","0","N","0","0","0","2","67301","0","","6.0","","1","N","N","N","0","","1","0","0","0","0","","2042","2","1","0","0","0","0","0","2","0","2","0","0","0","3","03","","N","","","","","","","","","",""
"2021119797","1045","0","0","0","0","0","0","0","0","0","1","1","","67","7","2021","4","39.971874","-75.162658","1030","6","0","0","0","0","0","0","2","0","","0","1","0","10","1","2","","1","2","39 58:18.746","3","0","75 09:45.567","3","0","0","0","67301","0","0","0","N","0","0","0","3","67301","0","","1.0","1205.0","1","N","N","N","0","","2","0","1","3","2","Y","1015","2","2","1","0","0","0","0","2","0","2","0","0","0","3","03","","N","","","","","","","","","",""
"2021077898","1314","1","0","0","1","0","0","0","0","0","8","0","","67","8","2021","4","40.027667","-75.228539","1311","6","0","0","0","0","0","0","1","0","","0","0","0","13","1","1","N","0","0","40 01:39.600","","0","75 13:42.740","8","0","0","0","67301","1","0","0","N","0","0","0","2","67301","0","","1.0","","1","N","N","N","0","","0","0","0","0","0","","1309","2","1","0","0","0","1","0","2","0","1","1","0","0","3","03","","N","","","","","","","","","",""
"2021120556","0046","0","0","0","0","0","0","0","0","0","5","0","","67","12","2021","3","39.979903","-75.247942","0045","6","0","0","0","0","0","1","0","0","","0","0","0","0","3","0","N","0","2","39 58:47.650","4","0","75 14:52.590","0","0","0","0","67301","0","0","0","N","0","0","0","1","67301","0","","1.0","215.0","1","N","N","N","0","","0","0","2","0","0","Y","35","2","0","0","0","0","0","0","2","0","2","0","0","0","3","03","","N","","","","","","","","","",""
"2021078487","1600","1","0","0","0","0","0","0","0","0","5","0","","67","8","2021","1","39.936917","-75.199116","1600","6","0","0","0","0","0","0","0","0","","0","0","0","18","1","0","N","0","0","39 56:12.902","","1","75 11:56.816","9","0","0","0","67301","0","0","0","N","0","0","0","6","67301","0","","1.0","","98","N","N","N","0","","0","0","1","0","0","","1800","2","0","6","0","0","0","1","2","0","2","0","0","0","3","03","","N","","","","","","","","","",""
"2021119431","1347","1","0","0","0","0","0","0","0","0","4","0","","67","12","2021","2","39.916116","-75.238978","1344","6","0","0","0","0","0","0","0","0","","0","0","0","12","1","2","","1","0","39 54:58.016","","0","75 14:20.319","3","0","0","0","67301","0","0","0","N","0","0","0","3","67301","0","","1.0","","1","N","N","N","0","","2","0","1","3","2","","1246","2","2","0","0","0","0","1","2","0","2","0","0","0","3","98","","N","","","","","","","","","",""
"2021075271","2200","2","0","0","0","0","0","0","0","0","4","0","","67","8","2021","4","39.956562","-75.15133","2200","6","0","0","0","0","0","0","0","0","","0","0","0","22","3","0","","2","0","39 57:23.624","","0","75 09:04.788","0","0","0","0","67301","0","0","0","N","0","0","0","2","67301","0","","1.0","","9","N","N","N","0","","0","0","0","3","2","","2200","2","0","0","0","0","0","0","2","0","2","0","0","0","4","04","","N","","","","","","","","","",""
"2021118343","1444","3","0","0","0","0","0","0","0","0","2","0","","67","11","2021","3","40.000873","-75.105427","1444","6","0","0","0","0","0","0","0","0","","0","0","0","13","1","2","","2","0","40 00:03.142","","0","75 06:19.537","8","0","0","0","67301","0","0","0","N","0","0","0","3","67301","0","","1.0","","1","N","N","N","0","","0","0","0","2","3","","1340","3","2","0","0","0","2","1","2","0","3","0","0","0","3","","","N","","","","","","","","","",""
"2021083593","1734","1","0","0","0","0","0","0","0","0","5","0","","67","8","2021","1","40.019642","-75.140272","1723","6","0","0","0","0","0","0","0","0","","0","0","0","17","1","0","N","0","2","40 01:10.710","2","0","75 08:24.980","0","0","0","0","67301","0","0","0","N","0","0","0","1","67301","0","","6.0","1901.0","1","N","N","N","1","","0","0","2","0","0","Y","1721","4","0","0","0","0","0","0","2","0","4","0","0","0","3","","","N","","","","","","","","","",""
"2021119817","0446","0","0","0","0","0","0","0","0","0","7","0","","67","10","2021","7","39.970411","-75.189902","0445","6","0","0","0","0","0","0","0","0","","1","0","0","4","3","0","N","0","1","39 58:13.481","2","0","75 11:23.647","1","1","0","1","67301","0","0","0","N","0","0","0","1","67301","0","2","4.0","30.0","99","N","N","N","0","0","0","0","0","0","0","N","444","1","0","0","0","0","0","0","2","0","1","0","0","0","99","","","N","","","","","","","","","",""
"2021120670","1409","1","0","0","0","0","0","0","0","0","1","0","","67","11","2021","3","39.960116","-75.179821","1357","6","0","0","0","0","0","0","0","0","","0","0","0","13","1","0","N","0","0","39 57:36.419","","0","75 10:47.357","9","0","0","0","67301","0","0","0","N","0","0","0","2","68K01","0","","1.0","","9","N","N","N","0","","0","0","0","0","0","","1354","2","0","0","0","0","0","1","2","0","2","0","0","0","7","03","","N","","","","","","","","","",""
"2021077170","1057","0","0","0","0","0","0","0","0","0","4","0","","67","8","2021","4","40.038994","-75.148557","1056","6","0","0","0","0","0","0","0","1","","0","0","0","10","1","1","","2","0","40 02:20.379","","0","75 08:54.805","3","0","0","0","67301","0","0","0","N","0","0","0","2","67301","0","","1.0","","1","N","N","N","0","","1","0","2","0","0","","1054","2","1","0","0","0","0","0","2","0","2","0","0","0","3","03","","N","","","","","","","","","",""
"2021076140","2140","2","0","0","0","0","0","0","0","0","4","0","","67","8","2021","7","39.937729","-75.228353","2136","6","0","0","0","0","0","1","0","0","","0","0","0","21","3","0","","1","0","39 56:15.824","","0","75 13:42.070","0","0","0","0","67301","0","0","0","N","0","0","0","2","67301","0","","1.0","","1","N","N","N","0","","0","0","0","3","2","","2134","4","0","0","0","0","0","0","2","2","4","0","0","0","3","03","","N","","","","","","","","","",""
"2021105336","","0","0","0","0","0","0","0","0","0","5","0","","67","6","2021","6","40.015735","-75.153768","","6","0","0","0","0","0","0","1","0","","0","0","0","16","1","1","N","0","0","40 00:56.647","","0","75 09:13.564","8","0","0","0","67301","0","0","0","N","0","0","0","6","00000","0","","1.0","","1","N","N","N","0","","0","0","2","0","0","","1620","2","1","0","0","0","1","0","2","0","2","0","0","0","3","","","N","","","","","","","","","",""
"2021075341","2330","1","0","0","0","0","0","0","0","0","4","0","","67","8","2021","4","40.040711","-75.158406","2325","6","0","0","0","0","0","0","0","0","","0","0","0","21","3","1","","2","1","40 02:26.559","2","0","75 09:30.261","4","0","0","0","67301","0","0","0","N","0","0","0","2","67301","1","","1.0","30.0","9","N","N","N","0","","0","0","1","3","3","N","2159","2","1","0","0","0","0","0","2","0","2","0","0","0","7","","","N","","","","","","","","","",""
"2021075995","0845","1","0","0","0","0","0","0","0","0","1","0","99","67","8","2021","3","39.994875","-75.081891","0845","6","0","0","0","0","0","2","0","0","","0","0","0","8","1","1","N","0","2","39 59:41.549","3","8","75 04:54.809","3","0","0","0","67301","0","0","0","N","0","0","0","2","67501","0","","1.0","900.0","1","N","N","N","0","","1","0","1","3","8","Y","840","2","1","0","0","0","0","0","2","0","2","0","0","0","3","03","U","Y","4","1","","","U","Y","","","","N"
"2021074700","1255","2","0","0","0","0","0","0","0","0","4","0","","67","8","2021","3","39.996553","-75.101654","1250","6","0","0","0","1","0","0","0","0","","0","0","0","12","1","0","","2","0","39 59:47.590","","0","75 06:05.954","0","0","0","0","67301","0","0","0","N","0","0","0","2","67301","0","","1.0","","1","N","N","N","0","","0","0","2","3","3","","1240","4","0","2","0","0","0","0","2","0","4","0","0","0","3","03","","N","","","","","","","","","",""
"2021120688","0048","1","0","0","0","0","0","0","0","0","4","0","","67","11","2021","6","40.032694","-75.021004","0020","6","0","0","0","1","0","0","0","0","","0","0","0","0","3","0","N","0","0","40 01:57.700","","0","75 01:15.616","0","0","0","0","67301","0","0","0","N","0","0","0","2","68K01","0","","1.0","","9","N","N","N","0","","0","0","1","0","0","","19","2","0","0","0","0","0","0","2","0","2","0","0","0","7","","","N","","","","","","","","","",""
"2021119332","1333","0","0","0","0","0","0","0","0","0","8","0","","67","11","2021","4","40.058208","-75.144419","1331","6","0","0","0","0","0","0","0","0","","2","0","0","13","1","1","N","0","2","40 03:29.550","6","0","75 08:39.910","1","0","0","0","67301","2","2","0","N","2","2","0","4","67301","0","2","4.0","1800.0","1","N","N","N","0","0","1","0","0","0","0","Y","1331","3","1","0","0","0","0","1","2","1","1","2","2","0","3","","","N","","","","","","","","","",""
"2021120135","0550","2","0","0","0","0","0","0","0","0","4","0","","67","12","2021","4","40.10794","-75.026509","0545","6","0","0","0","0","0","0","0","0","","0","0","0","5","3","1","","2","0","40 06:28.585","","7","75 01:35.434","4","0","0","0","67301","0","0","0","N","0","0","0","2","67301","1","","1.0","","1","N","N","Y","0","","0","0","0","3","2","","545","2","1","0","0","0","0","0","2","0","2","0","0","0","3","03","","N","","","","","","","","","",""
"2021076532","1730","0","0","0","0","0","0","0","0","0","4","0","","67","8","2021","1","39.980238","-75.174236","1725","6","0","0","0","0","0","1","0","0","","0","0","0","17","1","2","","2","0","39 58:48.856","","0","75 10:27.249","3","0","0","0","67301","0","0","0","N","0","0","0","4","67301","0","","1.0","","1","N","N","N","0","","2","0","2","3","3","","1724","2","2","3","0","0","0","0","2","0","2","0","0","0","3","","","N","","","","","","","","","",""
"2021076271","0023","0","0","0","0","0","0","0","0","0","7","0","","67","8","2021","1","39.888861","-75.233306","0022","6","0","0","0","0","0","0","0","0","","0","0","0","0","3","1","N","0","0","39 53:19.900","","0","75 13:59.900","8","0","0","1","67301","0","0","0","N","0","0","0","1","67301","0","","3.0","","1","N","N","N","0","","0","0","0","0","0","","22","1","1","0","0","0","1","0","2","0","1","0","0","0","3","03","","N","","","","","","","","","",""
"2021077636","2336","0","0","0","0","0","0","0","0","0","4","0","","67","8","2021","2","40.035819","-75.149883","2336","6","0","0","0","0","0","0","0","0","","0","0","0","23","3","1","","2","1","40 02:08.948","5","0","75 08:59.578","2","0","1","1","67301","0","0","0","N","0","0","0","2","67301","0","","1.0","50.0","1","N","N","N","0","","0","1","0","3","2","Y","2332","2","1","0","0","0","0","0","2","1","2","0","0","0","3","03","","N","","","","","","","","","",""