"CRN","ARRIVAL_TM","AUTOMOBILE_COUNT","BELTED_DEATH_COUNT","BELTED_SUSP_SERIOUS_INJ_COUNT","BICYCLE_COUNT","BICYCLE_DEATH_COUNT","BICYCLE_SUSP_SERIOUS_INJ_COUNT","BUS_COUNT","CHLDPAS_DEATH_COUNT","CHLDPAS_SUSP_SERIOUS_INJ_COUNT","COLLISION_TYPE","COMM_VEH_COUNT","CONS_ZONE_SPD_LIM","COUNTY","CRASH_MONTH","CRASH_YEAR","DAY_OF_WEEK","DEC_LATITUDE","DEC_LONGITUDE","DISPATCH_TM","DISTRICT","DRIVER_COUNT_16YR","DRIVER_COUNT_17YR","DRIVER_COUNT_18YR","DRIVER_COUNT_19YR","DRIVER_COUNT_20YR","DRIVER_COUNT_50_64YR","DRIVER_COUNT_65_74YR","DRIVER_COUNT_75PLUS","EST_HRS_CLOSED","FATAL_COUNT","HEAVY_TRUCK_COUNT","HORSE_BUGGY_COUNT","HOUR_OF_DAY","ILLUMINATION","INJURY_COUNT","INTERSECTION_RELATED","INTERSECT_TYPE","LANE_CLOSED","LATITUDE","LN_CLOSE_DIR","LOCATION_TYPE","LONGITUDE","MAX_SEVERITY_LEVEL","MCYCLE_DEATH_COUNT","MCYCLE_SUSP_SERIOUS_INJ_COUNT","MOTORCYCLE_COUNT","MUNICIPALITY","NONMOTR_COUNT","NONMOTR_DEATH_COUNT","NONMOTR_SUSP_SERIOUS_INJ_COUNT","NTFY_HIWY_MAINT","PED_COUNT","PED_DEATH_COUNT","PED_SUSP_SERIOUS_INJ_COUNT","PERSON_COUNT","POLICE_AGCY","POSSIBLE_INJ_COUNT","RDWY_SURF_TYPE_CD","RELATION_TO_ROAD","ROADWAY_CLEARED","ROAD_CONDITION","SCH_BUS_IND","SCH_ZONE_IND","SECONDARY_CRASH","SMALL_TRUCK_COUNT","SPEC_JURIS_CD","SUSP_MINOR_INJ_COUNT","SUSP_SERIOUS_INJ_COUNT","SUV_COUNT","TCD_FUNC_CD","TCD_TYPE","TFC_DETOUR_IND","TIME_OF_DAY","TOTAL_UNITS","TOT_INJ_COUNT","UNBELTED_OCC_COUNT","UNB_DEATH_COUNT","UNB_SUSP_SERIOUS_INJ_COUNT","UNK_INJ_DEG_COUNT","UNK_INJ_PER_COUNT","URBAN_RURAL","VAN_COUNT","VEHICLE_COUNT","VULNERABLE_ROAD_USER_COUNT","VULNERABLE_ROAD_USER_DEATH_COUNT","VULNERABLE_ROAD_USER_SER_INJ_COUNT","WEATHER1","WEATHER2","WORKERS_PRES","WORK_ZONE_IND","WORK_ZONE_LOC","WORK_ZONE_TYPE","WZ_CLOSE_DETOUR","WZ_FLAGGER","WZ_LAW_OFFCR_IND","WZ_LN_CLOSURE","WZ_MOVING","WZ_OTHER","WZ_SHLDER_MDN","WZ_WORKERS_INJ_KILLED"
"2021074997","1642","2","0","0","0","0","0","0","0","0","4","0","","67","8","2021","4","40.032946","-75.052079","1642","6","0","0","0","0","0","0","0","0","","0","0","0","14","1","2","","1","0","40 01:58.605","","0","75 03:07.484","8","0","0","0","67301","0","0","0","N","0","0","0","3","67301","0","","1.0","","1","N","N","N","0","","0","0","0","3","2","","1430","2","2","0","0","0","2","1","2","0","2","0","0","0","3","03","","N","","","","","","","","","",""
"2021075317","2228","0","0","0","0","0","0","0","0","0","1","0","","67","8","2021","4","39.937253","-75.198787","2219","6","0","0","0","0","1","0","0","0","","0","0","0","22","3","1","N","0","2","39 56:14.112","4","0","75 11:55.632","3","0","0","0","67301","0","0","0","N","0","0","0","6","68K01","0","","1.0","2300.0","1","N","N","N","0","","1","0","2","0","0","N","2216","2","1","0","0","0","0","0","2","0","2","0","0","0","3","","","N","","","","","","","","","",""
"2021118583","1420","2","0","0","0","0","0","0","0","0","1","1","","67","12","2021","6","40.028913","-75.100588","1415","6","0","0","0","0","0","0","0","0","","0","1","0","14","1","1","","1","0","40 01:44.088","","0","75 06:02.117","3","0","0","0","67301","0","0","0","N","0","0","0","4","67301","0","","1.0","","1","N","N","N","0","","1","0","1","3","2","","1404","4","1","0","0","0","0","0","2","0","4","0","0","0","3","03","","N","","","","","","","","","",""
"2021102529","1651","0","0","0","0","0","0","0","0","0","7","0","","67","8","2021","1","40.001613","-75.11641","1651","6","0","0","0","0","0","0","0","0","","0","0","0","16","1","0","","1","0","40 00:05.806","","0","75 06:59.075","9","0","0","0","67301","0","0","0","N","0","0","0","1","67301","0","","4.0","","1","N","N","N","0","","0","0","1","3","2","","1650","1","0","0","0","0","0","1","2","0","1","0","0","0","3","98","","N","","","","","","","","","",""
"2021120679","0114","1","0","0","0","0","0","0","0","0","0","0","","67","11","2021","4","40.000281","-75.19515","0114","6","0","0","0","0","0","0","0","0","","0","0","0","1","3","0","N","0","0","40 00:01.011","","0","75 11:42.539","0","0","0","0","67301","0","0","0","N","0","0","0","1","68K01","0","","1.0","","1","N","N","N","0","","0","0","0","0","0","","112","1","0","0","0","0","0","0","2","0","1","0","0","0","3","03","","N","","","","","","","","","",""
"2021077174","0944","1","0","0","0","0","0","0","0","0","4","0","","67","8","2021","6","40.026037","-75.146678","0944","6","0","0","0","0","0","0","0","0","","0","0","0","9","1","0","","1","0","40 01:33.733","","0","75 08:48.040","9","0","0","0","67301","0","0","0","N","0","0","0","2","67301","0","","1.0","","99","N","N","N","0","","0","0","1","3","2","","900","2","0","0","0","0","0","1","2","0","2","0","0","0","3","98","","N","","","","","","","","","",""
"2021118848","1345","1","0","0","0","0","0","0","0","0","2","0","","67","11","2021","3","40.111887","-74.991349","1335","6","0","0","0","0","0","0","0","0","","0","1","0","13","1","1","N","0","1","40 06:42.794","2","0","74 59:28.857","3","0","0","0","67301","0","0","0","N","0","0","0","2","67301","0","","1.0","1600.0","1","N","N","N","0","","1","0","0","0","0","N","1333","2","1","0","0","0","0","0","2","0","2","0","0","0","4","04","","N","","","","","","","","","",""
"2021074742","1925","2","0","0","0","0","0","0","0","0","4","0","","67","8","2021","3","40.059513","-75.05199","1917","6","0","0","0","0","0","0","0","0","","0","0","0","19","1","0","","1","0","40 03:34.246","","0","75 03:07.165","9","0","0","0","67301","0","0","0","N","0","0","0","5","67301","0","","1.0","","9","N","N","N","0","","0","0","0","3","1","","1900","3","0","0","0","0","0","1","2","1","3","0","0","0","7","07","","N","","","","","","","","","",""
"2021088771","0214","1","0","0","0","0","0","0","0","0","4","0","","67","8","2021","1","39.955497","-75.21365","0210","6","0","0","0","0","0","0","0","0","","0","0","0","2","3","0","","1","2","39 57:19.788","2","0","75 12:49.139","9","0","0","0","67301","0","0","0","N","0","0","0","2","67301","0","","1.0","352.0","1","N","N","N","0","","0","0","1","3","2","N","200","2","0","0","0","0","0","2","2","0","2","0","0","0","3","03","","N","","","","","","","","","",""
"2021076481","1352","2","0","0","0","0","0","0","0","0","1","0","45","67","8","2021","6","39.979893","-75.106543","1314","6","0","0","0","0","0","0","0","0","","0","0","0","13","1","0","N","0","1","39 58:47.616","2","0","75 06:23.553","0","0","0","0","67301","0","0","0","N","0","0","0","4","68K01","0","","1.0","1410.0","1","N","N","N","1","","0","0","0","0","0","N","1305","3","0","0","0","0","0","0","2","0","3","0","0","0","3","","N","Y","4","1","","","N","","","","Y","N"
"2021077447","0117","1","0","0","0","0","0","0","0","0","8","0","","67","8","2021","3","40.000029","-75.140723","0116","6","0","0","0","0","0","0","0","0","","0","0","0","1","3","1","N","0","0","40 00:00.105","","0","75 08:26.602","2","0","0","0","67301","1","0","1","N","1","0","1","2","67301","0","","1.0","","9","N","N","N","0","","0","1","0","0","0","","114","2","1","0","0","0","0","0","2","0","1","1","0","1","7","03","","N","","","","","","","","","",""
"2021076259","1105","3","0","0","0","0","0","0","0","0","5","0","","67","8","2021","2","39.957598","-75.197701","1103","6","0","0","0","0","0","0","1","0","","0","0","0","11","1","2","N","0","1","39 57:27.354","1","0","75 11:51.723","3","0","0","0","67301","0","0","0","N","0","0","0","2","67504","0","","6.0","1300.0","1","N","N","N","0","","2","0","1","0","0","N","1103","4","2","0","0","0","0","0","2","0","4","0","0","0","3","03","","N","","","","","","","","","",""
"2021074752","1809","1","0","0","0","0","0","0","0","0","4","0","","67","8","2021","2","39.953619","-75.231374","1809","6","0","0","0","0","0","0","0","0","","0","0","0","16","1","2","","1","2","39 57:13.028","7","0","75 13:52.946","3","0","0","0","67301","0","0","0","N","0","0","0","4","67301","0","","1.0","1859.0","1","N","N","N","0","","2","0","1","3","3","Y","1609","2","2","0","0","0","0","0","2","0","2","0","0","0","3","","","N","","","","","","","","","",""
"2021074998","1650","1","0","0","0","0","0","0","0","0","4","0","","67","8","2021","4","40.018922","-75.049504","1650","6","0","0","0","0","0","0","0","0","","0","0","0","16","1","5","","1","1","40 01:08.120","4","0","75 02:58.216","3","0","0","0","67301","0","0","0","N","0","0","0","5","67301","3","","1.0","25.0","1","N","N","N","0","","2","0","1","3","3","N","1634","2","5","0","0","0","0","0","2","0","2","0","0","0","3","","","N","","","","","","","","","",""
"2021100322","0106","0","0","0","0","0","0","0","0","0","1","0","","67","9","2021","7","39.934996","-75.19992","0106","6","0","0","0","0","0","0","0","0","","0","0","0","1","3","1","N","0","1","39 56:05.987","3","0","75 11:59.712","8","0","0","0","67301","0","0","0","N","0","0","0","2","68K01","0","","1.0","220.0","1","N","N","N","0","","0","0","2","0","0","N","100","2","1","0","0","0","1","0","2","0","2","0","0","0","3","","","N","","","","","","","","","",""
"2021061768","1612","0","0","0","0","0","0","0","0","0","1","0","","67","7","2021","7","39.955222","-75.147083","1612","6","0","0","0","0","0","1","0","0","","0","0","0","16","1","1","N","0","0","39 57:18.800","","3","75 08:49.500","3","0","0","0","67301","0","0","0","N","0","0","0","3","67501","0","","1.0","","9","N","N","N","0","","1","0","2","0","0","","1608","2","1","0","0","0","0","0","2","0","2","0","0","0","7","","","N","","","","","","","","","",""
"2021077262","2200","2","0","0","0","0","0","0","0","0","4","0","","67","8","2021","1","39.904045","-75.240114","2151","6","0","0","0","0","0","0","0","0","","0","0","0","20","4","0","","5","0","39 54:14.563","","0","75 14:24.409","0","0","0","0","67301","0","0","0","N","0","0","0","3","67301","0","","1.0","","1","N","N","N","0","","0","0","0","3","2","","2057","2","0","0","0","0","0","0","2","0","2","0","0","0","3","","","N","","","","","","","","","",""
"2021074343","1156","0","0","0","0","0","0","0","0","0","8","0","","67","8","2021","2","40.043439","-75.076553","1151","6","0","0","0","0","0","1","0","0","","0","0","0","11","1","1","N","0","0","40 02:36.380","","0","75 04:35.590","8","0","0","0","67301","1","0","0","N","1","0","0","2","67301","0","","1.0","","1","N","N","N","0","","0","0","0","0","0","","1140","2","1","0","0","0","1","0","2","1","1","1","0","0","3","03","","N","","","","","","","","","",""
"2021120662","1313","1","0","0","0","0","0","0","0","0","4","0","","67","11","2021","1","39.993482","-75.171298","1304","6","0","0","0","0","0","1","1","0","","0","0","0","12","1","0","","1","0","39 59:36.535","","0","75 10:16.672","0","0","0","0","67301","0","0","0","N","0","0","0","2","67301","0","","1.0","","1","N","N","N","0","","0","0","1","3","3","","1220","2","0","0","0","0","0","0","2","0","2","0","0","0","4","04","","N","","","","","","","","","",""
"2021088769","0047","2","0","0","0","0","0","0","0","0","4","0","","67","8","2021","7","39.960201","-75.239103","0047","6","0","0","0","0","0","0","0","0","","0","0","0","0","3","0","","1","0","39 57:36.724","","0","75 14:20.772","0","0","0","0","67301","0","0","0","N","0","0","0","3","67301","0","","1.0","","1","N","N","N","0","","0","0","0","3","2","","35","2","0","1","0","0","0","0","2","0","2","0","0","0","3","03","","N","","","","","","","","","",""
"2021105709","","1","0","0","0","0","0","0","0","0","5","0","","67","7","2021","6","39.943028","-75.151917","","6","0","0","0","0","0","0","0","0","","0","0","0","23","3","1","N","0","0","39 56:34.900","","0","75 09:06.900","8","0","0","0","67301","0","0","0","N","0","0","0","2","00000","0","","1.0","","1","N","N","N","0","","0","0","1","0","0","","2345","2","1","0","0","0","1","0","2","0","2","0","0","0","3","","","N","","","","","","","","","",""
"2021074704","1725","2","0","0","0","0","0","0","0","0","1","0","","67","8","2021","3","40.015246","-75.177216","1725","6","0","0","0","0","0","0","0","0","","0","0","0","17","1","5","N","0","0","40 00:54.886","","0","75 10:37.977","8","0","0","0","67301","0","0","0","N","0","0","0","5","67301","0","","1.0","","1","N","N","N","0","","0","0","0","0","0","","1725","2","5","0","0","0","5","0","2","0","2","0","0","0","3","03","","N","","","","","","","","","",""
"2021078170","0536","0","0","0","0","0","0","0","0","0","4","0","","67","8","2021","7","39.997467","-75.12129","0533","6","0","0","0","0","0","0","0","0","","0","0","0","5","3","2","","1","0","39 59:50.882","","0","75 07:16.643","2","0","2","1","67301","0","0","0","N","0","0","0","3","67301","0","","1.0","","1","N","N","N","0","","0","2","0","3","2","","526","2","2","0","0","0","0","0","2","1","2","0","0","0","3","03","","N","","","","","","","","","",""
"2021077439","2341","1","0","0","1","0","0","0","0","0","8","0","","67","8","2021","6","39.997224","-75.131592","2341","6","0","0","0","0","0","0","0","0","","0","0","0","23","3","1","","1","0","39 59:50.006","","0","75 07:53.731","3","0","0","0","67301","1","0","0","N","0","0","0","2","67301","0","","1.0","","1","N","N","N","0","","1","0","0","0","0","","2341","2","1","0","0","0","0","0","2","0","1","1","0","0","3","03","","N","","","","","","","","","",""
"2021114594","","1","0","0","0","0","0","0","0","0","1","0","","67","2","2021","4","40.012976","-75.119388","","6","0","0","0","0","0","1","0","0","","0","0","0","10","1","1","","1","0","40 00:46.715","","0","75 07:09.796","8","0","0","0","67301","0","0","0","N","0","0","0","2","00000","0","","1.0","","1","N","N","N","0","","0","0","1","3","2","","1030","2","1","0","0","0","1","0","2","0","2","0","0","0","3","","","N","","","","","","","","","",""
"2021049077","2155","1","0","0","0","0","0","0","0","0","4","0","","67","5","2021","7","39.997717","-75.123234","2145","6","0","0","0","0","0","0","0","0","","0","0","0","21","3","1","","1","1","39 59:51.782","4","0","75 07:23.643","3","0","0","0","67301","0","0","0","N","0","0","0","2","67301","0","","1.0","2210.0","1","N","N","N","0","","1","0","1","3","2","N","2125","3","1","1","0","0","0","0","2","1","3","0","0","0","3","","","N","","","","","","","","","",""
"2021050841","1434","1","0","0","0","0","0","0","0","0","1","0","","67","5","2021","1","39.998281","-75.127559","1430","6","0","0","0","0","0","0","0","0","","0","0","0","14","1","1","N","0","0","39 59:53.813","","0","75 07:39.213","3","0","0","0","67301","0","0","0","N","0","0","0","2","67301","0","","1.0","","1","N","N","N","2","","1","0","2","0","0","","1400","5","1","1","0","0","0","0","2","0","5","0","0","0","3","03","","N","","","","","","","","","",""
"2021041740","0100","1","0","0","0","0","0","1","0","0","5","1","","67","5","2021","1","40.087611","-75.058401","0000","6","0","0","0","0","0","0","0","0","","0","0","0","0","3","1","N","0","0","40 05:15.399","","0","75 03:30.243","8","0","0","0","67301","0","0","0","N","0","0","0","3","67301","0","","1.0","","1","N","N","Y","0","","0","0","1","0","0","","0","3","1","0","0","0","1","0","2","0","3","0","0","0","3","","","N","","","","","","","","","",""
"2021077425","1903","0","0","0","0","0","0","0","0","0","8","0","","67","8","2021","1","40.01585","-75.084164","1903","6","0","0","0","0","0","0","0","0","","0","0","0","18","1","1","N","0","0","40 00:57.060","","0","75 05:02.990","3","0","0","0","67301","1","0","0","N","0","0","0","2","67301","0","","1.0","","1","N","N","N","0","","1","0","1","0","0","","1827","2","1","0","0","0","0","0","2","0","1","1","0","0","3","","","N","","","","","","","","","",""
"2021075585","1318","0","0","0","0","0","0","0","0","0","4","0","","67","8","2021","6","40.044528","-75.193121","1318","6","0","0","0","0","0","2","0","0","","0","0","0","12","1","2","","1","0","40 02:40.301","","0","75 11:35.235","3","0","0","0","67301","0","0","0","N","0","0","0","2","67301","0","","1.0","","1","N","N","N","0","","2","0","2","3","2","","1239","2","2","0","0","0","0","0","2","0","2","0","0","0","3","03","","N","","","","","","","","","",""
"2021071328","1951","2","0","0","0","0","0","0","0","0","1","0","","67","7","2021","7","40.022719","-75.148198","1951","6","0","0","0","0","0","0","0","0","","0","0","0","17","1","0","","1","9","40 01:21.790","","0","75 08:53.512","9","0","0","0","67301","0","0","0","N","0","0","0","3","67301","0","","1.0","","99","N","N","N","0","","0","0","1","9","2","U","1730","3","0","0","0","0","0","2","2","0","3","0","0","0","3","98","","N","","","","","","","","","",""
"2021044024","1945","1","0","0","0","0","0","0","0","0","1","0","","67","5","2021","4","39.975556","-75.120782","1945","6","0","0","1","0","0","0","0","0","","0","0","0","19","1","0","N","0","0","39 58:32.003","","0","75 07:14.816","0","0","0","0","67301","0","0","0","N","0","0","0","2","67301","0","","1.0","","1","N","N","N","0","","0","0","1","0","0","","1940","2","0","0","0","0","0","0","2","0","2","0","0","0","3","","","N","","","","","","","","","",""
"2021074647","0033","1","0","0","0","0","0","0","0","0","4","0","","67","8","2021","2","40.025643","-75.147556","0025","6","0","0","0","0","0","0","0","0","","0","0","0","22","3","1","N","0","0","40 01:32.315","","0","75 08:51.200","3","0","0","0","67301","0","0","0","N","0","0","0","2","67301","0","","1.0","","1","N","N","N","0","","1","0","1","0","0","","2245","2","1","1","0","0","0","0","2","0","2","0","0","0","3","03","","N","","","","","","","","","",""
"2021074970","2304","0","0","0","0","0","0","0","0","0","1","0","","67","8","2021","3","39.962262","-75.182989","2254","6","0","0","0","0","1","0","0","0","","0","0","0","22","3","1","N","0","0","39 57:44.142","","0","75 10:58.760","3","0","0","0","67301","0","0","0","N","0","0","0","2","68K01","0","","1.0","","9","N","N","N","0","","1","0","2","0","0","","2251","2","1","0","0","0","0","0","2","0","2","0","0","0","7","","","N","","","","","","","","","",""
"2021042345","1124","0","0","0","1","0","0","0","0","0","8","1","","67","5","2021","2","40.02528","-75.167469","1124","6","0","0","0","0","0","0","0","0","","0","1","0","11","1","1","N","0","0","40 01:31.009","","0","75 10:02.887","3","0","0","0","67301","1","0","0","N","0","0","0","2","67301","0","","1.0","","1","N","N","N","0","","1","0","0","0","0","","1100","2","1","0","0","0","0","0","2","0","1","1","0","0","3","03","","N","","","","","","","","","",""
"2021120009","1010","1","0","0","0","0","0","0","0","0","5","1","","67","9","2021","5","39.92767","-75.19564","0949","6","0","0","0","0","0","0","0","0","","0","1","0","9","1","0","N","0","0","39 55:39.612","","0","75 11:44.304","0","0","0","0","67301","0","0","0","N","0","0","0","2","68K01","0","","1.0","","9","N","N","N","0","","0","0","0","0","0","","946","2","0","0","0","0","0","0","2","0","2","0","0","0","7","","","N","","","","","","","","","",""
"2021077145","0710","0","0","0","0","0","0","0","0","0","4","0","","67","8","2021","4","39.983434","-75.158572","0710","6","0","0","0","0","0","0","0","0","","0","0","0","7","1","0","","1","0","39 59:00.364","","0","75 09:30.860","0","0","0","0","67301","0","0","0","N","0","0","0","2","67505","0","","1.0","","1","N","N","N","0","","0","0","2","3","2","","700","2","0","0","0","0","0","0","2","0","2","0","0","0","4","","","N","","","","","","","","","",""
"2021120696","0431","1","0","0","0","0","0","0","0","0","7","0","","67","11","2021","5","39.960138","-75.180685","0425","6","0","0","0","0","0","0","0","0","","0","0","0","4","3","1","N","0","1","39 57:36.495","3","0","75 10:50.466","4","0","0","0","67301","0","0","0","N","0","0","0","1","68K01","1","","4.0","440.0","1","N","N","N","0","","0","0","0","0","0","N","414","1","1","0","0","0","0","0","2","0","1","0","0","0","3","","","N","","","","","","","","","",""
"2021120558","0544","0","0","0","0","0","0","0","0","0","7","0","","67","12","2021","5","39.986286","-75.215847","0534","6","0","0","0","0","0","1","0","0","","0","0","0","5","3","1","N","0","0","39 59:10.630","","0","75 12:57.050","3","0","0","0","67301","0","0","0","Y","0","0","0","1","67301","0","","2.0","","1","N","N","N","0","","1","0","1","0","0","","532","1","1","0","0","0","0","0","2","0","1","0","0","0","3","03","","N","","","","","","","","","",""
"2021072903","1850","2","0","0","0","0","0","0","0","0","4","0","","67","8","2021","3","40.060125","-75.1418","1850","6","0","0","0","1","0","0","0","0","","0","0","0","14","1","1","N","0","0","40 03:36.450","","0","75 08:30.480","8","0","0","0","67301","0","0","0","N","0","0","0","2","67301","0","","1.0","","1","N","N","N","0","","0","0","0","0","0","","1400","2","1","0","0","0","1","1","2","0","2","0","0","0","3","03","","N","","","","","","","","","",""
"2021071026","0224","1","0","0","0","0","0","0","0","0","1","0","","67","7","2021","4","39.944662","-75.165226","0220","6","0","0","0","0","0","0","0","0","","0","0","0","2","3","1","","1","1","39 56:40.784","4","0","75 09:54.813","3","0","0","1","67301","0","0","0","N","0","0","0","3","67301","0","","1.0","500.0","1","N","N","Y","0","","1","0","0","3","2","N","211","2","1","0","0","0","0","1","2","0","2","0","0","0","3","","","N","","","","","","","","","",""
"2021075264","1545","1","0","0","0","0","0","0","0","0","7","0","","67","8","2021","5","39.976842","-75.120181","1538","6","0","0","0","0","0","0","0","0","","0","0","0","13","1","0","N","0","0","39 58:36.630","","0","75 07:12.650","9","0","0","0","67301","0","0","0","N","0","0","0","1","67301","0","","4.0","","1","N","N","N","0","","0","0","0","0","0","","1355","1","0","0","0","0","0","1","2","0","1","0","0","0","3","03","","N","","","","","","","","","",""
"2021120435","0823","1","0","0","0","0","0","0","0","0","5","0","","67","10","2021","4","40.002536","-75.195014","0818","6","0","0","0","0","0","0","2","0","","0","0","0","8","1","0","N","0","0","40 00:09.129","","0","75 11:42.051","0","0","0","0","67301","0","0","0","N","0","0","0","2","68K01","0","","1.0","","1","N","N","N","0","","0","0","0","0","0","","816","2","0","0","0","0","0","0","2","1","2","0","0","0","3","03","","N","","","","","","","","","",""
"2021044683","1004","1","0","0","0","0","0","0","0","0","1","0","","67","5","2021","3","39.944498","-75.191314","0952","6","0","0","0","0","0","0","1","0","","0","0","0","9","1","0","N","0","0","39 56:40.191","","2","75 11:28.731","0","0","0","0","67301","0","0","0","N","0","0","0","2","68K01","0","","1.0","","1","N","N","N","0","","0","0","1","0","0","","951","2","0","0","0","0","0","0","2","0","2","0","0","0","3","","","N","","","","","","","","","",""
"2021072700","0710","2","0","0","0","0","0","0","0","0","4","0","","67","8","2021","1","40.015696","-75.087204","0700","6","0","0","0","0","1","0","0","0","","0","0","0","6","5","1","N","1","1","40 00:56.505","3","0","75 05:13.934","4","0","0","0","67301","0","0","0","N","0","0","0","2","67301","1","","1.0","100.0","1","N","N","N","0","","0","0","0","3","3","Y","630","2","1","0","0","0","0","0","2","0","2","0","0","0","3","","","N","","","","","","","","","",""
"2021042618","0752","3","0","0","0","0","0","0","0","0","1","0","","67","5","2021","3","40.006779","-75.156711","0746","6","0","0","0","0","0","0","0","0","","0","0","0","6","1","2","","1","0","40 00:24.404","","0","75 09:24.159","3","0","0","0","67301","0","0","0","N","0","0","0","3","67301","0","","1.0","","1","N","N","N","0","","2","0","0","3","3","","648","3","2","0","0","0","0","1","2","0","3","0","0","0","3","03","","N","","","","","","","","","",""
"2021075279","1130","1","0","0","0","0","0","0","0","0","8","0","","67","8","2021","2","39.945329","-75.151628","1100","6","0","0","0","0","0","0","0","0","","0","0","0","18","1","1","","1","0","39 56:43.184","","0","75 09:05.860","3","0","0","0","67301","1","0","0","N","1","0","0","2","67301","0","","1.0","","1","N","N","N","0","","1","0","0","3","2","","1815","2","1","0","0","0","0","0","2","0","1","1","0","0","3","","","N","","","","","","","","","",""
"2021072479","1635","0","0","0","0","0","0","0","0","0","1","1","","67","8","2021","3","39.918225","-75.208762","1632","6","0","0","0","0","0","0","0","0","","0","1","0","13","1","1","","2","0","39 55:05.610","","0","75 12:31.544","3","0","0","0","67301","0","0","0","N","0","0","0","2","67301","0","","1.0","","1","N","N","N","1","","1","0","0","3","2","","1340","2","1","0","0","0","0","0","2","0","2","0","0","0","3","03","","N","","","","","","","","","",""
"2021055974","2121","0","0","0","0","0","0","0","0","0","8","0","","67","6","2021","7","40.069509","-75.059712","2019","6","0","0","0","0","0","0","0","0","","0","0","0","20","4","1","","2","0","40 04:10.232","","0","75 03:34.963","4","0","0","0","67301","1","0","0","N","1","0","0","2","67301","1","","1.0","","1","N","N","N","0","","0","0","0","3","3","","2000","2","1","1","0","0","0","0","2","1","1","1","0","0","3","","","N","","","","","","","","","",""
"2021118258","0822","1","0","0","0","0","0","1","0","0","5","1","","67","12","2021","4","39.95227","-75.165338","0822","6","0","0","0","0","0","1","0","0","","0","0","0","8","1","1","N","0","0","39 57:08.171","","0","75 09:55.216","3","0","0","0","67301","0","0","0","N","0","0","0","3","67301","0","","1.0","","1","N","N","N","1","","1","0","0","0","0","","822","3","1","0","0","0","0","0","2","0","3","0","0","0","3","03","","N","","","","","","","","","",""
"2021075746","0912","1","0","0","0","0","0","0","0","0","4","0","","67","8","2021","7","39.979568","-75.175986","0910","6","0","0","0","0","0","0","0","0","","0","0","0","9","1","1","","1","1","39 58:46.445","1","0","75 10:33.551","3","0","0","0","67301","0","0","0","N","0","0","0","2","67301","0","","1.0","1055.0","1","N","N","N","0","","1","0","1","3","2","N","908","3","1","0","0","0","0","0","2","1","3","0","0","0","3","03","","N","","","","","","","","","",""
"2021075967","1108","0","0","0","1","0","0","0","0","0","8","0","","67","8","2021","7","40.031779","-75.216211","1104","6","0","0","0","0","0","0","0","0","","0","0","0","11","1","1","","1","0","40 01:54.404","","0","75 12:58.359","3","0","0","0","67301","1","0","0","N","0","0","0","2","67301","0","","1.0","","1","N","N","N","0","","1","0","1","3","3","","1102","2","1","0","0","0","0","0","2","0","1","1","0","0","3","","","N","","","","","","","","","",""
"2021078407","1957","2","0","0","0","0","0","0","0","0","1","0","","67","8","2021","4","40.037892","-75.139495","1955","6","0","0","0","0","0","1","0","0","","0","0","0","19","4","0","","1","0","40 02:16.411","","0","75 08:22.183","0","0","0","0","67301","0","0","0","N","0","0","0","7","67301","0","","1.0","","1","N","N","N","1","","0","0","1","3","2","","1953","5","0","0","0","0","0","0","2","1","5","0","0","0","3","","","N","","","","","","","","","",""
"2021071671","0239","1","0","0","0","0","0","0","0","0","1","0","","67","7","2021","7","39.979088","-75.109316","0230","6","0","0","0","0","0","1","0","0","","0","0","0","2","3","0","N","0","0","39 58:44.717","","0","75 06:33.538","0","0","0","0","67301","0","0","0","N","0","0","0","2","68K01","0","","1.0","","1","N","N","N","0","","0","0","1","0","0","","228","2","0","0","0","0","0","0","2","0","2","0","0","0","3","03","","N","","","","","","","","","",""
"2021046900","1929","1","0","0","0","0","0","0","0","0","8","0","","67","5","2021","6","39.928263","-75.170584","1923","6","0","0","0","0","0","0","0","0","","0","0","0","19","1","1","","1","0","39 55:41.747","","0","75 10:14.103","3","0","0","0","67301","1","0","0","N","1","0","0","2","67301","0","","1.0","","1","N","N","N","0","","1","0","0","3","3","","1922","2","1","0","0","0","0","0","2","0","1","1","0","0","3","","","N","","","","","","","","","",""
"2021042342","1645","2","0","0","0","0","0","0","0","0","4","0","","67","5","2021","1","40.017498","-75.150319","1645","6","0","0","0","0","1","0","0","0","","0","0","0","16","1","6","","2","0","40 01:02.993","","7","75 09:01.150","3","0","0","0","67301","0","0","0","N","0","0","0","8","67301","0","","1.0","","1","N","N","N","0","","6","0","0","0","0","","1636","2","6","0","0","0","0","0","2","0","2","0","0","0","3","","","N","","","","","","","","","",""
"2021048973","1602","2","0","0","0","0","0","0","0","0","1","0","35","67","5","2021","3","39.953778","-75.138944","1559","6","0","0","0","0","1","0","0","0","","0","0","0","15","1","1","N","0","1","39 57:13.600","4","3","75 08:20.200","3","0","0","0","67301","0","0","0","N","0","0","0","4","67501","0","","1.0","1631.0","1","N","N","N","0","","1","0","1","3","8","N","1559","4","1","0","0","0","0","1","2","1","4","0","0","0","3","03","Y","Y","4","1","","","N","Y","","","","N"