"CRN","ARRIVAL_TM","AUTOMOBILE_COUNT","BELTED_DEATH_COUNT","BELTED_SUSP_SERIOUS_INJ_COUNT","BICYCLE_COUNT","BICYCLE_DEATH_COUNT","BICYCLE_SUSP_SERIOUS_INJ_COUNT","BUS_COUNT","CHLDPAS_DEATH_COUNT","CHLDPAS_SUSP_SERIOUS_INJ_COUNT","COLLISION_TYPE","COMM_VEH_COUNT","CONS_ZONE_SPD_LIM","COUNTY","CRASH_MONTH","CRASH_YEAR","DAY_OF_WEEK","DEC_LATITUDE","DEC_LONGITUDE","DISPATCH_TM","DISTRICT","DRIVER_COUNT_16YR","DRIVER_COUNT_17YR","DRIVER_COUNT_18YR","DRIVER_COUNT_19YR","DRIVER_COUNT_20YR","DRIVER_COUNT_50_64YR","DRIVER_COUNT_65_74YR","DRIVER_COUNT_75PLUS","EST_HRS_CLOSED","FATAL_COUNT","HEAVY_TRUCK_COUNT","HORSE_BUGGY_COUNT","HOUR_OF_DAY","ILLUMINATION","INJURY_COUNT","INTERSECTION_RELATED","INTERSECT_TYPE","LANE_CLOSED","LATITUDE","LN_CLOSE_DIR","LOCATION_TYPE","LONGITUDE","MAX_SEVERITY_LEVEL","MCYCLE_DEATH_COUNT","MCYCLE_SUSP_SERIOUS_INJ_COUNT","MOTORCYCLE_COUNT","MUNICIPALITY","NONMOTR_COUNT","NONMOTR_DEATH_COUNT","NONMOTR_SUSP_SERIOUS_INJ_COUNT","NTFY_HIWY_MAINT","PED_COUNT","PED_DEATH_COUNT","PED_SUSP_SERIOUS_INJ_COUNT","PERSON_COUNT","POLICE_AGCY","POSSIBLE_INJ_COUNT","RDWY_SURF_TYPE_CD","RELATION_TO_ROAD","ROADWAY_CLEARED","ROAD_CONDITION","SCH_BUS_IND","SCH_ZONE_IND","SECONDARY_CRASH","SMALL_TRUCK_COUNT","SPEC_JURIS_CD","SUSP_MINOR_INJ_COUNT","SUSP_SERIOUS_INJ_COUNT","SUV_COUNT","TCD_FUNC_CD","TCD_TYPE","TFC_DETOUR_IND","TIME_OF_DAY","TOTAL_UNITS","TOT_INJ_COUNT","UNBELTED_OCC_COUNT","UNB_DEATH_COUNT","UNB_SUSP_SERIOUS_INJ_COUNT","UNK_INJ_DEG_COUNT","UNK_INJ_PER_COUNT","URBAN_RURAL","VAN_COUNT","VEHICLE_COUNT","VULNERABLE_ROAD_USER_COUNT","VULNERABLE_ROAD_USER_DEATH_COUNT","VULNERABLE_ROAD_USER_SER_INJ_COUNT","WEATHER1","WEATHER2","WORKERS_PRES","WORK_ZONE_IND","WORK_ZONE_LOC","WORK_ZONE_TYPE","WZ_CLOSE_DETOUR","WZ_FLAGGER","WZ_LAW_OFFCR_IND","WZ_LN_CLOSURE","WZ_MOVING","WZ_OTHER","WZ_SHLDER_MDN","WZ_WORKERS_INJ_KILLED"
"2021072904","0844","1","0","0","0","0","0","0","0","0","5","0","","67","8","2021","5","40.043211","-75.121975","0844","6","0","0","0","0","0","0","0","0","","0","0","0","6","1","2","N","0","9","40 02:35.560","","0","75 07:19.110","4","0","0","0","67301","0","0","0","N","0","0","0","3","67301","2","","1.0","","99","N","N","N","0","","0","0","1","0","0","U","645","2","2","2","0","0","0","1","2","0","2","0","0","0","3","98","","N","","","","","","","","","",""
"2021044217","1607","0","0","0","0","0","0","0","0","0","1","0","","67","5","2021","4","40.050509","-75.035357","1547","6","0","0","0","0","0","0","0","0","","0","0","0","15","1","1","Y","0","1","40 03:01.833","4","0","75 02:07.286","3","0","0","0","67301","0","0","0","N","0","0","0","4","67301","0","","1.0","0.0","1","N","N","N","1","","1","0","1","3","2","N","1521","2","1","0","0","0","0","0","2","0","2","0","0","0","3","03","","N","","","","","","","","","",""
"2021045002","1015","2","0","0","0","0","0","0","0","0","1","0","","67","5","2021","2","39.9005","-75.205615","1003","6","0","0","0","0","0","0","1","0","","0","0","0","10","1","0","N","0","0","39 54:01.800","","3","75 12:20.215","0","0","0","0","67301","0","0","0","N","0","0","0","4","67301","0","","1.0","","1","N","N","N","0","","0","0","2","0","0","","1000","4","0","1","0","0","0","0","2","0","4","0","0","0","3","03","","N","","","","","","","","","",""
"2021071716","1611","1","0","0","0","0","0","0","0","0","7","0","","67","7","2021","5","39.939304","-75.1438","1549","6","0","0","0","0","0","1","0","0","","0","0","0","15","1","1","N","6","0","39 56:21.493","","0","75 08:37.679","3","0","0","0","67301","0","0","0","N","0","0","0","1","68K01","0","","4.0","","1","N","N","N","0","","1","0","0","0","0","","1545","1","1","1","0","0","0","0","2","0","1","0","0","0","3","","","N","","","","","","","","","",""
"2021044213","1602","1","0","0","0","0","0","0","0","0","4","0","","67","5","2021","3","40.039656","-75.057406","1554","6","0","0","0","0","0","1","0","0","","0","0","0","15","1","1","N","0","0","40 02:22.760","","7","75 03:26.660","3","0","0","0","67301","0","0","0","N","0","0","0","2","67301","0","","1.0","","1","N","N","N","0","","1","0","1","0","0","","1552","2","1","0","0","0","0","0","2","0","2","0","0","0","3","03","","N","","","","","","","","","",""
"2021076217","2115","2","0","0","0","0","0","0","0","0","4","0","","67","8","2021","1","39.989749","-75.250783","2100","6","0","0","0","0","0","0","0","1","","0","0","0","20","3","0","","2","0","39 59:23.096","","0","75 15:02.818","0","0","0","0","67301","0","0","0","N","0","0","0","2","67301","0","","1.0","","1","N","N","N","0","","0","0","0","3","2","","2000","2","0","2","0","0","0","0","2","0","2","0","0","0","3","03","","N","","","","","","","","","",""
"2021042329","2129","2","0","0","0","0","0","0","0","0","4","0","","67","5","2021","1","40.023167","-75.061727","2127","6","0","0","0","0","1","0","0","0","","0","0","0","21","3","2","","1","0","40 01:23.401","","0","75 03:42.217","3","0","0","0","67301","0","0","0","N","0","0","0","4","67301","0","","1.0","","9","N","Y","N","0","","2","0","2","3","3","","2127","4","2","2","0","0","0","0","2","0","4","0","0","0","7","04","","N","","","","","","","","","",""
"2021057107","0250","0","0","0","0","0","0","0","0","0","7","0","","67","6","2021","1","40.072892","-75.075887","0247","6","0","0","0","0","0","1","0","0","","0","0","0","2","3","1","","1","0","40 04:22.410","","0","75 04:33.193","3","0","0","0","67301","0","0","0","N","0","0","0","1","67301","0","","4.0","","1","N","N","N","0","","1","0","1","0","0","","245","1","1","0","0","0","0","0","2","0","1","0","0","0","3","","","N","","","","","","","","","",""
"2021057110","1243","1","0","0","0","0","0","0","0","0","4","0","","67","6","2021","7","39.956856","-75.167616","1243","6","0","0","0","0","0","0","1","0","","0","0","0","12","1","0","","1","0","39 57:24.681","","0","75 10:03.417","0","0","0","0","67301","0","0","0","N","0","0","0","2","67301","0","","1.0","","1","N","N","N","0","","0","0","1","3","2","","1243","2","0","0","0","0","0","0","2","0","2","0","0","0","3","03","","N","","","","","","","","","",""
"2021074717","1252","1","0","0","0","0","0","0","0","0","8","0","","67","8","2021","2","40.004058","-75.214372","1252","6","0","0","0","0","0","0","0","0","","0","0","0","11","1","1","","2","0","40 00:14.608","","0","75 12:51.739","8","0","0","0","67301","1","0","0","N","0","0","0","2","67301","0","","1.0","","1","N","N","N","0","","0","0","0","3","2","","1100","2","1","1","0","0","1","1","2","0","1","1","0","0","3","03","","N","","","","","","","","","",""
"2021076215","1856","1","0","0","0","0","0","0","0","0","4","0","","67","8","2021","7","39.968994","-75.230299","1856","6","0","0","0","0","0","1","0","0","","0","0","0","18","1","2","","1","0","39 58:08.378","","0","75 13:49.076","3","0","0","0","67301","0","0","0","N","0","0","0","2","67301","0","","1.0","","1","N","N","N","0","","2","0","1","3","3","","1855","2","2","0","0","0","0","0","2","0","2","0","0","0","3","03","","N","","","","","","","","","",""
"2021069815","1000","1","0","0","0","0","0","0","0","0","1","0","","67","7","2021","4","39.955306","-75.174746","0945","6","0","0","0","0","0","0","0","0","","0","0","0","9","1","0","","2","0","39 57:19.100","","0","75 10:29.086","0","0","0","0","67301","0","0","0","N","0","0","0","1","67301","0","","1.0","","1","N","N","N","1","","0","0","0","0","0","","916","2","0","0","0","0","0","0","2","0","2","0","0","0","3","","","N","","","","","","","","","",""
"2021078212","2350","1","0","0","0","0","0","0","0","0","5","0","","67","8","2021","3","39.92625","-75.181083","2350","6","0","0","0","0","0","0","0","0","","0","0","0","23","3","1","N","0","2","39 55:34.500","2","0","75 10:51.900","3","0","0","0","67301","0","0","0","N","0","0","0","1","67301","0","","6.0","2322.0","1","N","N","N","0","","1","0","1","0","0","Y","2347","3","1","0","0","0","0","0","2","1","3","0","0","0","3","","","N","","","","","","","","","",""
"2021043121","1710","2","0","0","0","0","0","0","0","0","4","0","","67","5","2021","4","39.978304","-75.129952","1710","6","0","0","0","0","0","0","1","0","","0","0","0","16","1","0","","1","2","39 58:41.894","3","0","75 07:47.827","0","0","0","0","67301","0","0","0","N","0","0","0","2","67301","0","","1.0","1716.0","1","N","N","N","0","","0","0","0","9","3","Y","1650","2","0","2","0","0","0","0","2","0","2","0","0","0","3","","","N","","","","","","","","","",""
"2021073355","1811","1","0","0","0","0","0","0","0","0","8","0","","67","8","2021","3","39.961361","-75.161561","1811","6","0","0","0","0","0","0","1","0","","0","0","0","10","1","1","","2","9","39 57:40.899","","0","75 09:41.618","3","0","0","0","67301","1","0","0","N","0","0","0","2","67301","0","","1.0","","1","N","N","N","0","","1","0","0","0","0","U","1000","2","1","0","0","0","0","0","2","0","1","1","0","0","3","03","","N","","","","","","","","","",""
"2021044058","0035","2","0","0","0","0","0","0","0","0","5","1","","67","5","2021","6","39.986186","-75.238278","1229","6","0","0","0","0","0","0","0","0","","0","1","0","0","3","0","N","0","0","39 59:10.270","","0","75 14:17.800","0","0","0","0","67301","0","0","0","N","0","0","0","1","67301","0","","6.0","","1","N","N","N","0","","0","0","1","0","0","","25","4","0","0","0","0","0","0","2","0","4","0","0","0","3","03","","N","","","","","","","","","",""
"2021071885","2058","1","0","0","0","0","0","0","0","0","7","0","","67","7","2021","6","40.012567","-75.116006","2051","6","0","0","0","0","0","1","0","0","","1","0","0","20","3","1","N","0","0","40 00:45.240","","0","75 06:57.620","1","0","0","0","67301","0","0","0","N","0","0","0","2","67301","0","2","5.0","","9","N","N","N","0","0","0","1","0","0","0","","2050","1","1","0","0","0","0","0","2","0","1","0","0","0","7","07","","N","","","","","","","","","",""
"2021072338","1345","1","0","0","0","0","0","0","0","0","8","0","","67","6","2021","4","40.003833","-75.124153","1343","6","0","0","0","0","0","0","0","0","","1","0","0","13","1","0","N","2","1","40 00:13.798","2","0","75 07:26.950","1","0","0","0","67301","1","1","0","N","1","1","0","2","67301","0","2","2.0","1535.0","1","N","N","N","0","0","0","0","0","0","0","Y","1322","2","0","0","0","0","0","1","2","0","1","1","1","0","3","03","","N","","","","","","","","","",""
"2021079031","1546","0","0","0","0","0","0","0","0","0","1","0","","67","8","2021","6","39.993338","-75.084746","1544","6","0","0","0","0","0","0","0","0","","0","0","0","15","1","0","N","0","0","39 59:36.017","","0","75 05:05.086","0","0","0","0","67301","0","0","0","N","0","0","0","2","68K01","0","","1.0","","1","N","N","N","1","","0","0","1","0","0","","1543","2","0","0","0","0","0","0","2","0","2","0","0","0","3","","","N","","","","","","","","","",""
"2021075941","0000","0","0","0","0","0","0","0","0","0","7","0","","67","8","2021","7","39.963814","-75.133711","2352","6","0","0","0","0","0","0","0","0","","0","0","0","23","3","1","N","0","0","39 57:49.730","","7","75 08:01.360","3","0","0","0","67301","0","0","0","N","0","0","0","1","67301","0","","4.0","","1","N","N","N","0","","1","0","0","0","0","","2310","1","1","0","0","0","0","0","2","1","1","0","0","0","3","03","","N","","","","","","","","","",""
"2021052664","0417","1","0","0","0","0","0","0","0","0","7","0","","67","5","2021","4","39.955489","-75.148111","0417","6","0","0","0","0","0","0","0","0","","0","0","0","4","3","1","N","0","1","39 57:19.762","4","2","75 08:53.200","4","0","0","0","67301","0","0","0","N","0","0","0","1","67501","1","","4.0","19.0","1","N","N","N","0","","0","0","0","0","0","N","417","1","1","0","0","0","0","0","2","0","1","0","0","0","3","","","N","","","","","","","","","",""
"2021081561","1227","2","0","0","0","0","0","0","0","0","5","0","","67","8","2021","1","39.96028","-75.239748","1225","6","0","0","0","0","0","0","0","0","","0","0","0","12","1","1","","1","0","39 57:37.009","","0","75 14:23.092","3","0","0","0","67301","0","0","0","N","0","0","0","2","67301","0","","1.0","","1","N","N","N","0","","1","0","1","0","0","","1224","3","1","0","0","0","0","0","2","0","3","0","0","0","3","","","N","","","","","","","","","",""
"2021043333","0750","0","0","0","0","0","0","0","0","0","4","0","","67","5","2021","5","40.070874","-75.179808","0735","6","0","0","0","0","0","0","0","0","","0","0","0","7","1","1","","2","0","40 04:15.148","","0","75 10:47.310","3","0","0","0","67301","0","0","0","N","0","0","0","2","67301","0","","1.0","","1","N","N","N","0","","1","0","2","3","3","","730","2","1","0","0","0","0","1","2","0","2","0","0","0","3","03","","N","","","","","","","","","",""
"2021075643","1959","1","0","0","0","0","0","0","0","0","2","0","","67","8","2021","5","39.975486","-75.171164","1959","6","0","0","0","0","0","0","0","0","","0","0","0","19","1","2","N","0","0","39 58:31.750","","0","75 10:16.190","3","0","0","0","67301","0","0","0","N","0","0","0","3","67301","0","","6.0","","1","N","N","N","0","","2","0","0","0","0","","1954","2","2","0","0","0","0","0","2","0","2","0","0","0","3","04","","N","","","","","","","","","",""
"2021050837","1232","2","0","0","0","0","0","0","0","0","4","0","","67","5","2021","2","40.007717","-75.102832","1227","6","0","0","0","0","0","0","0","0","","0","0","0","11","1","2","","1","0","40 00:27.781","","0","75 06:10.196","8","0","0","0","67301","0","0","0","N","0","0","0","4","67301","0","","1.0","","1","N","N","N","0","","0","0","0","3","2","","1140","2","2","0","0","0","2","2","2","0","2","0","0","0","3","03","","N","","","","","","","","","",""
"2021078358","0500","1","0","0","0","0","0","0","0","0","1","0","","67","8","2021","3","40.018087","-75.168482","0447","6","0","0","0","0","0","0","1","0","","0","0","0","4","3","0","N","0","0","40 01:05.114","","2","75 10:06.536","0","0","0","0","67301","0","0","0","N","0","0","0","2","67301","0","","1.0","","1","N","N","N","0","","0","0","1","0","0","","440","2","0","0","0","0","0","0","2","0","2","0","0","0","3","03","","N","","","","","","","","","",""
"2021045450","1554","3","0","0","0","0","0","0","0","0","1","0","","67","5","2021","2","40.05865","-75.131403","1550","6","0","0","0","0","0","0","1","0","","0","0","0","15","1","1","N","0","1","40 03:31.139","4","0","75 07:53.049","3","0","0","0","67301","0","0","0","N","0","0","0","4","46102","0","","1.0","1618.0","1","N","N","N","0","","1","0","0","0","0","N","1545","3","1","0","0","0","0","0","2","0","3","0","0","0","3","","","N","","","","","","","","","",""
"2021043168","2215","1","0","0","0","0","0","0","0","0","4","0","","67","5","2021","2","40.022332","-75.130669","2215","6","0","0","0","0","0","0","0","0","","0","0","0","20","3","1","","1","9","40 01:20.395","","0","75 07:50.408","3","0","0","0","67301","0","0","0","N","0","0","0","3","67301","0","","1.0","","1","N","N","N","0","","1","0","1","3","3","","2030","2","1","0","0","0","0","0","2","0","2","0","0","0","3","","","N","","","","","","","","","",""
"2021077184","2006","2","0","0","0","0","0","0","0","0","2","0","","67","8","2021","5","39.947253","-75.234","2005","6","0","0","0","0","0","0","0","0","","0","0","0","20","1","0","N","0","0","39 56:50.112","","0","75 14:02.401","0","0","0","0","67301","0","0","0","N","0","0","0","2","67301","0","","1.0","","1","N","N","N","0","","0","0","0","0","0","","2000","2","0","1","0","0","0","0","2","0","2","0","0","0","3","03","","N","","","","","","","","","",""
"2021051248","1306","2","0","0","0","0","0","0","0","0","1","0","","67","5","2021","6","39.95341","-75.181583","1256","6","0","0","0","0","0","0","0","0","","0","0","0","12","1","1","N","0","2","39 57:12.275","4","0","75 10:53.699","3","0","0","0","67301","0","0","0","N","0","0","0","5","68K01","0","","1.0","1315.0","1","N","N","N","0","","1","0","2","0","0","N","1252","4","1","0","0","0","0","0","2","0","4","0","0","0","3","","","N","","","","","","","","","",""
"2021044131","1120","1","0","0","0","0","0","0","0","0","4","0","","67","5","2021","7","40.021555","-75.124352","1120","6","0","0","0","0","0","0","0","1","","0","0","0","11","1","1","","1","2","40 01:17.597","1","0","75 07:27.667","3","0","0","0","67301","0","0","0","N","0","0","0","2","67301","0","","1.0","1200.0","1","N","N","N","0","","1","0","1","3","2","N","1100","2","1","0","0","0","0","0","2","0","2","0","0","0","3","03","","N","","","","","","","","","",""
"2021043494","1723","2","0","0","0","0","0","0","0","0","1","0","","67","5","2021","4","39.996055","-75.155952","1723","6","0","0","0","0","0","1","0","0","","0","0","0","17","1","2","","2","0","39 59:45.797","","0","75 09:21.427","3","0","0","0","67301","0","0","0","N","0","0","0","3","67301","1","","1.0","","1","N","N","Y","1","","1","0","0","3","3","","1710","3","2","0","0","0","0","1","2","0","3","0","0","0","3","","","N","","","","","","","","","",""
"2021047280","0156","1","0","0","0","0","0","0","0","0","5","0","","67","5","2021","7","39.920613","-75.197288","0150","6","0","0","0","0","0","0","0","0","","0","0","0","1","3","0","N","0","0","39 55:14.208","","0","75 11:50.237","9","0","0","1","67301","0","0","0","N","0","0","0","2","67301","0","","1.0","","1","N","N","N","0","","0","0","0","0","0","","142","2","0","0","0","0","0","1","2","0","2","0","0","0","3","03","","N","","","","","","","","","",""
"2021044543","2046","1","0","0","0","0","0","0","0","0","6","0","","67","5","2021","7","39.962089","-75.221411","2047","6","0","0","0","0","0","0","1","0","","0","0","0","20","3","1","N","0","0","39 57:43.520","","0","75 13:17.080","8","0","0","0","67301","0","0","0","N","0","0","0","1","67301","0","","6.0","","1","N","N","N","0","","0","0","1","0","0","","2045","2","1","0","0","0","1","0","2","0","2","0","0","0","3","03","","N","","","","","","","","","",""
"2021044251","1222","0","0","0","0","0","0","0","0","0","1","0","","67","5","2021","7","39.984172","-75.218172","1216","6","0","0","0","0","0","0","0","0","","0","0","0","11","1","2","N","0","0","39 59:03.020","","0","75 13:05.420","2","0","2","1","67301","0","0","0","N","0","0","0","3","67301","0","","1.0","","1","N","N","N","0","","0","2","0","0","0","","1114","2","2","0","0","0","0","0","2","0","2","0","0","0","3","03","","N","","","","","","","","","",""
"2021104285","0000","2","0","0","0","0","0","0","0","0","1","0","","67","8","2021","1","40.020496","-75.155315","2355","6","0","0","0","0","0","0","1","0","","0","0","0","16","1","3","N","0","0","40 01:13.784","","3","75 09:19.133","3","0","0","0","67301","0","0","0","N","0","0","0","4","67301","0","","1.0","","1","N","N","N","0","","3","0","0","0","0","","1600","2","3","0","0","0","0","1","2","0","2","0","0","0","3","","","N","","","","","","","","","",""
"2021043488","0301","1","0","0","0","0","0","0","0","0","1","0","","67","5","2021","2","39.929089","-75.229336","0301","6","0","0","1","0","0","0","0","0","","0","0","0","3","3","1","N","0","0","39 55:44.720","","0","75 13:45.610","8","0","0","0","67301","0","0","0","N","0","0","0","2","67301","0","","1.0","","1","N","N","N","0","","0","0","1","0","0","","300","2","1","1","0","0","1","1","2","0","2","0","0","0","3","03","","N","","","","","","","","","",""
"2021045360","2051","2","0","0","0","0","0","0","0","0","1","0","","67","5","2021","2","39.959224","-75.172697","2037","6","0","0","0","0","0","1","0","0","","0","0","0","20","3","1","N","0","0","39 57:33.207","","0","75 10:21.710","8","0","0","0","67301","0","0","0","N","0","0","0","2","68K01","0","","1.0","","1","N","N","N","0","","0","0","0","0","0","","2035","2","1","0","0","0","1","0","2","0","2","0","0","0","3","03","","N","","","","","","","","","",""
"2021044882","0735","2","0","2","0","0","0","0","0","0","4","0","","67","5","2021","3","40.067836","-75.029121","0727","6","0","0","0","0","0","0","0","0","","0","0","0","7","1","2","N","0","0","40 04:04.210","","7","75 01:44.837","2","0","0","0","67301","0","0","0","N","0","0","0","2","67301","0","","1.0","","1","N","N","N","0","","0","2","0","0","0","","708","2","2","0","0","0","0","0","2","0","2","0","0","0","3","","","N","","","","","","","","","",""
"2021044016","1907","1","0","0","0","0","0","0","0","0","4","0","","67","5","2021","5","39.976554","-75.158256","1903","6","0","0","0","0","0","2","0","0","","0","0","0","18","1","3","N","0","0","39 58:35.593","","7","75 09:29.721","4","0","0","1","67301","0","0","0","N","0","0","0","3","67301","1","","1.0","","1","N","N","Y","0","","0","0","1","3","3","","1855","3","3","2","0","0","2","0","2","0","3","0","0","0","3","03","","N","","","","","","","","","",""
"2021043338","0952","2","0","0","0","0","0","0","0","0","1","0","","67","5","2021","5","39.982618","-75.188382","0951","6","0","0","0","0","0","1","0","0","","0","0","0","9","5","0","","2","0","39 58:57.424","","0","75 11:18.175","0","0","0","0","67301","0","0","0","N","0","0","0","4","67301","0","","1.0","","1","N","N","N","1","","0","0","0","3","2","","950","4","0","3","0","0","0","0","2","1","4","0","0","0","3","04","","N","","","","","","","","","",""
"2021046953","0047","1","0","0","0","0","0","0","0","0","7","0","","67","5","2021","4","39.969783","-75.131835","0046","6","0","0","0","0","0","0","0","0","","0","0","0","0","3","0","","1","0","39 58:11.220","","0","75 07:54.607","0","0","0","0","67301","0","0","0","N","0","0","0","1","67301","0","","4.0","","1","N","N","N","0","","0","0","0","3","2","","43","1","0","0","0","0","0","0","2","0","1","0","0","0","3","03","","N","","","","","","","","","",""
"2021041851","1022","0","0","0","0","0","0","0","0","0","7","0","","67","5","2021","1","39.956822","-75.173114","1018","6","0","0","0","0","0","0","0","0","","0","0","0","10","1","0","N","0","0","39 57:24.560","","0","75 10:23.210","0","0","0","0","67301","0","0","0","N","0","0","0","2","67301","0","","5.0","","1","N","N","N","0","","0","0","1","0","0","","1018","1","0","1","0","0","0","0","2","0","1","0","0","0","3","","","N","","","","","","","","","",""
"2021071021","0503","2","0","0","0","0","0","0","0","0","5","0","","67","7","2021","7","39.971018","-75.156534","0500","6","0","0","0","0","0","0","0","0","","0","0","0","4","3","0","N","0","0","39 58:15.664","","0","75 09:23.524","0","0","0","0","67301","0","0","0","N","0","0","0","2","67301","0","","1.0","","1","N","N","N","0","","0","0","0","9","9","","458","2","0","0","0","0","0","0","2","0","2","0","0","0","3","03","","N","","","","","","","","","",""
"2021072128","0849","2","0","0","0","0","0","0","0","0","7","0","","67","7","2021","7","40.037228","-75.012803","0838","6","0","0","1","0","0","0","0","0","","0","0","0","8","1","1","N","0","2","40 02:14.022","1","0","75 00:46.089","8","0","0","0","67301","0","0","0","N","0","0","0","2","68K01","0","","4.0","929.0","1","N","N","N","0","","0","0","0","0","0","N","838","2","1","0","0","0","1","0","2","0","2","0","0","0","3","","","N","","","","","","","","","",""
"2021044890","1748","2","0","0","0","0","0","0","0","0","4","0","","67","5","2021","1","39.940325","-75.233618","1748","6","0","0","0","0","0","1","1","0","","0","0","0","17","1","0","","1","0","39 56:25.170","","0","75 14:01.024","0","0","0","0","67301","0","0","0","N","0","0","0","2","67301","0","","1.0","","1","N","Y","N","0","","0","0","0","3","2","","1731","2","0","1","0","0","0","0","2","0","2","0","0","0","3","","","N","","","","","","","","","",""
"2021075101","1505","0","0","0","0","0","0","0","0","0","8","0","","67","8","2021","3","40.032297","-75.123536","1459","6","0","0","0","0","0","0","0","0","","0","0","0","14","1","1","N","0","2","40 01:56.270","6","0","75 07:24.730","3","0","0","0","67301","1","0","0","N","1","0","0","2","67301","0","","1.0","1535.0","1","N","N","N","0","","1","0","0","0","0","N","1450","2","1","0","0","0","0","0","2","1","1","1","0","0","3","","","N","","","","","","","","","",""
"2021071431","1340","0","0","0","0","0","0","0","0","0","7","0","","67","7","2021","4","40.022472","-75.06985","1340","6","0","0","0","0","0","0","0","0","","0","0","0","13","1","1","N","0","0","40 01:20.900","","0","75 04:11.460","8","0","0","0","67301","0","0","0","N","0","0","0","1","67301","0","","5.0","","1","N","N","N","0","","0","0","1","0","0","","1340","1","1","0","0","0","1","0","2","0","1","0","0","0","3","03","","N","","","","","","","","","",""
"2021045582","1220","1","0","0","0","0","0","0","0","0","8","0","","67","5","2021","2","40.074184","-75.203439","1213","6","0","0","0","0","0","0","0","0","","0","0","0","11","1","1","","1","0","40 04:27.062","","0","75 12:12.380","3","0","0","0","67301","1","0","0","N","1","0","0","2","67301","0","","1.0","","1","N","N","N","0","","1","0","0","3","2","","1144","2","1","0","0","0","0","0","2","0","1","1","0","0","3","98","","N","","","","","","","","","",""
"2021068948","1023","1","0","0","0","0","0","0","0","0","5","1","","67","7","2021","5","39.911889","-75.168083","1023","6","0","0","0","0","0","0","0","0","","0","1","0","10","1","0","N","0","0","39 54:42.800","","3","75 10:05.100","9","0","0","0","67301","0","0","0","N","0","0","0","2","67501","0","","1.0","","1","N","N","N","0","","0","0","0","3","8","","1023","2","0","0","0","0","0","1","2","0","2","0","0","0","3","03","","N","","","","","","","","","",""
"2021074701","1410","2","0","0","0","0","0","0","0","0","4","0","","67","8","2021","3","39.983453","-75.105455","1409","6","0","0","0","0","0","0","0","1","","0","0","0","14","1","1","","1","0","39 59:00.430","","0","75 06:19.637","3","0","0","0","67301","0","0","0","N","0","0","0","2","67301","0","","1.0","","1","N","N","N","0","","1","0","0","3","2","","1405","2","1","0","0","0","0","0","2","0","2","0","0","0","3","03","","N","","","","","","","","","",""
"2021071682","0648","1","0","0","0","0","0","0","0","0","7","0","","67","8","2021","1","39.986028","-75.092845","0641","6","0","0","0","0","0","0","0","0","","0","0","0","6","1","0","N","0","1","39 59:09.702","2","0","75 05:34.243","0","0","0","0","67301","0","0","0","N","0","0","0","1","68K01","0","","2.0","710.0","1","N","N","N","0","","0","0","0","0","0","N","632","1","0","0","0","0","0","0","2","0","1","0","0","0","3","03","","N","","","","","","","","","",""
"2021083468","1813","1","0","0","0","0","0","0","0","0","4","0","","67","8","2021","4","40.068204","-75.203306","1813","6","0","0","0","0","0","1","0","1","","0","0","0","17","1","0","","1","0","40 04:05.534","","0","75 12:11.901","0","0","0","0","67301","0","0","0","N","0","0","0","2","67301","0","","1.0","","1","N","N","N","1","","0","0","0","3","3","","1723","2","0","0","0","0","0","0","2","0","2","0","0","0","3","03","","N","","","","","","","","","",""
"2021046902","2115","0","0","0","0","0","0","0","0","0","4","0","","67","5","2021","1","40.030709","-75.093211","2106","6","0","0","0","0","0","0","0","0","","0","0","0","21","3","1","","1","0","40 01:50.552","","0","75 05:35.559","3","0","0","1","67301","0","0","0","N","0","0","0","2","67301","0","","1.0","","1","N","N","N","1","","1","0","0","3","3","","2105","2","1","0","0","0","0","0","2","0","2","0","0","0","3","","","N","","","","","","","","","",""
"2021052979","0938","2","0","0","0","0","0","0","0","0","1","1","","67","5","2021","3","40.00355","-75.077371","0917","6","0","0","0","0","0","1","0","0","","0","1","0","9","1","0","N","0","1","40 00:12.779","2","3","75 04:38.536","9","0","0","0","67301","0","0","0","N","0","0","0","4","68K01","0","","1.0","1033.0","1","N","N","N","0","","0","0","1","0","0","N","915","4","0","0","0","0","0","1","2","0","4","0","0","0","3","","","N","","","","","","","","","",""
"2021044327","2133","1","0","0","0","0","0","0","0","0","5","0","","67","5","2021","6","40.018274","-75.211313","2120","6","0","0","0","0","0","0","0","0","","0","0","0","20","3","0","N","0","0","40 01:05.786","","0","75 12:40.728","9","0","0","0","67301","0","0","0","N","0","0","0","1","67301","0","","6.0","","1","N","N","N","2","","0","0","0","0","0","","2045","3","0","0","0","0","0","1","2","0","3","0","0","0","3","03","","N","","","","","","","","","",""
"2021048755","1344","4","0","0","0","0","0","0","0","0","1","0","","67","5","2021","5","40.055227","-75.053909","1331","6","0","0","0","0","1","0","0","0","","0","0","0","13","1","1","N","0","0","40 03:18.816","","0","75 03:14.073","3","0","0","0","67301","0","0","0","N","0","0","0","5","67301","0","","1.0","","1","N","N","Y","0","","1","0","0","0","0","","1328","4","1","0","0","0","0","1","2","0","4","0","0","0","3","03","","N","","","","","","","","","",""