"CRN","ARRIVAL_TM","AUTOMOBILE_COUNT","BELTED_DEATH_COUNT","BELTED_SUSP_SERIOUS_INJ_COUNT","BICYCLE_COUNT","BICYCLE_DEATH_COUNT","BICYCLE_SUSP_SERIOUS_INJ_COUNT","BUS_COUNT","CHLDPAS_DEATH_COUNT","CHLDPAS_SUSP_SERIOUS_INJ_COUNT","COLLISION_TYPE","COMM_VEH_COUNT","CONS_ZONE_SPD_LIM","COUNTY","CRASH_MONTH","CRASH_YEAR","DAY_OF_WEEK","DEC_LATITUDE","DEC_LONGITUDE","DISPATCH_TM","DISTRICT","DRIVER_COUNT_16YR","DRIVER_COUNT_17YR","DRIVER_COUNT_18YR","DRIVER_COUNT_19YR","DRIVER_COUNT_20YR","DRIVER_COUNT_50_64YR","DRIVER_COUNT_65_74YR","DRIVER_COUNT_75PLUS","EST_HRS_CLOSED","FATAL_COUNT","HEAVY_TRUCK_COUNT","HORSE_BUGGY_COUNT","HOUR_OF_DAY","ILLUMINATION","INJURY_COUNT","INTERSECTION_RELATED","INTERSECT_TYPE","LANE_CLOSED","LATITUDE","LN_CLOSE_DIR","LOCATION_TYPE","LONGITUDE","MAX_SEVERITY_LEVEL","MCYCLE_DEATH_COUNT","MCYCLE_SUSP_SERIOUS_INJ_COUNT","MOTORCYCLE_COUNT","MUNICIPALITY","NONMOTR_COUNT","NONMOTR_DEATH_COUNT","NONMOTR_SUSP_SERIOUS_INJ_COUNT","NTFY_HIWY_MAINT","PED_COUNT","PED_DEATH_COUNT","PED_SUSP_SERIOUS_INJ_COUNT","PERSON_COUNT","POLICE_AGCY","POSSIBLE_INJ_COUNT","RDWY_SURF_TYPE_CD","RELATION_TO_ROAD","ROADWAY_CLEARED","ROAD_CONDITION","SCH_BUS_IND","SCH_ZONE_IND","SECONDARY_CRASH","SMALL_TRUCK_COUNT","SPEC_JURIS_CD","SUSP_MINOR_INJ_COUNT","SUSP_SERIOUS_INJ_COUNT","SUV_COUNT","TCD_FUNC_CD","TCD_TYPE","TFC_DETOUR_IND","TIME_OF_DAY","TOTAL_UNITS","TOT_INJ_COUNT","UNBELTED_OCC_COUNT","UNB_DEATH_COUNT","UNB_SUSP_SERIOUS_INJ_COUNT","UNK_INJ_DEG_COUNT","UNK_INJ_PER_COUNT","URBAN_RURAL","VAN_COUNT","VEHICLE_COUNT","VULNERABLE_ROAD_USER_COUNT","VULNERABLE_ROAD_USER_DEATH_COUNT","VULNERABLE_ROAD_USER_SER_INJ_COUNT","WEATHER1","WEATHER2","WORKERS_PRES","WORK_ZONE_IND","WORK_ZONE_LOC","WORK_ZONE_TYPE","WZ_CLOSE_DETOUR","WZ_FLAGGER","WZ_LAW_OFFCR_IND","WZ_LN_CLOSURE","WZ_MOVING","WZ_OTHER","WZ_SHLDER_MDN","WZ_WORKERS_INJ_KILLED"
"2021071433","1104","1","0","0","0","0","0","0","0","0","4","0","","67","7","2021","7","40.018161","-75.072289","1053","6","0","0","0","0","0","0","0","0","","0","0","0","10","1","0","N","0","0","40 01:05.378","","0","75 04:20.242","0","0","0","0","67301","0","0","0","N","0","0","0","1","67301","0","","5.0","","1","N","N","N","1","","0","0","0","0","0","","1030","2","0","0","0","0","0","0","2","0","2","0","0","0","3","03","","N","","","","","","","","","",""
"2021046957","1900","0","0","0","0","0","0","0","0","0","2","0","","67","5","2021","7","40.021278","-75.147103","1855","6","0","0","0","0","0","0","0","0","","0","0","0","18","4","2","","5","0","40 01:16.600","","0","75 08:49.570","3","0","0","0","67301","0","0","0","N","0","0","0","2","67301","0","","1.0","","1","N","N","N","0","","2","0","2","9","9","","1845","2","2","0","0","0","0","0","2","0","2","0","0","0","3","03","","N","","","","","","","","","",""
"2021072195","2350","1","0","1","0","0","0","0","0","0","1","0","","67","7","2021","7","39.947094","-75.142005","2346","6","0","0","0","0","0","0","0","0","","0","0","0","23","3","1","N","0","0","39 56:49.540","","0","75 08:31.218","2","0","0","0","67301","0","0","0","N","0","0","0","3","68K01","0","","1.0","","9","N","N","N","0","","0","1","0","0","0","","2341","2","1","0","0","0","0","1","2","0","2","0","0","0","3","07","","N","","","","","","","","","",""
"2021042492","1921","2","0","0","0","0","0","0","0","0","1","0","","67","5","2021","2","40.002612","-75.160798","1921","6","0","0","0","0","0","0","0","0","","0","0","0","18","1","1","","2","0","40 00:09.402","","0","75 09:38.871","4","0","0","0","67301","0","0","0","N","0","0","0","2","67301","1","","1.0","","1","N","N","N","0","","0","0","0","3","2","","1845","2","1","0","0","0","0","1","2","0","2","0","0","0","3","","","N","","","","","","","","","",""
"2021044688","0701","2","0","0","0","0","0","0","0","0","7","0","","67","5","2021","4","39.969946","-75.125451","0649","6","0","0","0","0","0","1","0","0","","0","0","0","6","1","2","","7","1","39 58:11.804","1","2","75 07:31.625","8","0","0","0","67301","0","0","0","N","0","0","0","3","68K01","0","","7.0","750.0","1","N","N","N","1","","0","0","0","0","0","N","645","3","2","0","0","0","2","0","2","0","3","0","0","0","3","","","N","","","","","","","","","",""
"2021076033","1349","1","0","0","0","0","0","0","0","0","2","0","","67","8","2021","7","39.991058","-75.132619","1349","6","0","0","0","0","0","0","0","0","","0","0","0","12","1","1","N","0","0","39 59:27.807","","7","75 07:57.427","3","0","0","0","67301","0","0","0","N","0","0","0","1","67301","0","","1.0","","1","N","N","N","0","","1","0","0","0","0","","1250","2","1","0","0","0","0","0","2","0","2","0","0","0","3","03","","N","","","","","","","","","",""
"2021044761","2150","1","0","0","0","0","0","0","0","0","5","0","","67","5","2021","1","40.062642","-75.030847","2147","6","0","0","0","0","0","1","0","0","","0","0","0","21","3","0","N","0","0","40 03:45.510","","0","75 01:51.050","0","0","0","0","67301","0","0","0","N","0","0","0","1","67301","0","","6.0","","1","N","N","N","0","","0","0","1","0","0","","2147","2","0","0","0","0","0","0","2","0","2","0","0","0","3","03","","N","","","","","","","","","",""
"2021041849","0458","0","0","0","0","0","0","0","0","0","5","0","","67","5","2021","1","40.043775","-75.059347","0448","6","0","0","0","0","0","0","0","0","","0","0","0","4","3","0","N","0","0","40 02:37.590","","0","75 03:33.650","9","0","0","0","67301","0","0","0","N","0","0","0","1","67301","0","","6.0","","1","N","N","N","1","","0","0","1","0","0","","442","2","0","0","0","0","0","1","2","0","2","0","0","0","3","03","","N","","","","","","","","","",""
"2021071455","0555","0","0","0","0","0","0","1","0","0","1","1","","67","7","2021","2","40.048707","-75.051619","0534","6","0","0","0","0","0","0","0","0","","0","0","0","5","1","2","","2","0","40 02:55.345","","0","75 03:05.828","4","0","0","0","67301","0","0","0","N","0","0","0","3","67508","2","","1.0","","1","N","N","Y","0","","0","0","0","3","2","","528","2","2","0","0","0","0","0","2","1","2","0","0","0","3","03","","N","","","","","","","","","",""
"2021042481","1125","1","0","0","1","0","0","0","0","0","8","0","","67","5","2021","2","40.07225","-75.199242","1112","6","0","0","0","0","0","0","0","0","","0","0","0","11","1","1","","1","0","40 04:20.100","","0","75 11:57.271","8","0","0","0","67301","1","0","0","N","0","0","0","2","67301","0","","1.0","","1","N","N","N","0","","0","0","0","3","3","","1107","2","1","0","0","0","1","0","2","0","1","1","0","0","3","03","","N","","","","","","","","","",""
"2021044613","0500","2","0","0","0","0","0","0","0","0","4","0","","67","5","2021","6","39.997105","-75.166412","0458","6","0","0","0","0","0","0","0","0","","0","0","0","4","5","0","","2","0","39 59:49.577","","0","75 09:59.083","9","0","0","0","67301","0","0","0","N","0","0","0","2","67301","0","","1.0","","1","N","N","N","0","","0","0","1","0","0","","444","3","0","0","0","0","0","2","2","0","3","0","0","0","3","03","","N","","","","","","","","","",""
"2021045292","1009","2","0","0","0","0","0","0","0","0","5","0","","67","5","2021","1","40.035934","-75.042567","1006","6","0","0","0","0","0","0","0","0","","0","0","0","10","1","0","N","0","0","40 02:09.361","","0","75 02:33.242","9","0","0","0","67301","0","0","0","N","0","0","0","1","67301","0","","6.0","","1","N","N","Y","0","","0","0","1","0","0","","1005","3","0","0","0","0","0","1","2","0","3","0","0","0","3","03","","N","","","","","","","","","",""
"2021044051","0057","1","0","0","0","0","0","0","0","0","6","0","","67","5","2021","7","40.034297","-75.060692","0057","6","0","0","0","0","0","0","0","0","","0","0","0","0","3","1","N","0","0","40 02:03.470","","0","75 03:38.490","4","0","0","0","67301","0","0","0","N","0","0","0","1","67301","1","","6.0","","1","N","N","N","0","","0","0","1","0","0","","15","2","1","1","0","0","0","0","2","0","2","0","0","0","3","03","","N","","","","","","","","","",""
"2021044021","1840","2","0","0","0","0","0","0","0","0","7","0","","67","5","2021","4","39.997583","-75.136361","1830","6","0","0","0","0","0","1","0","0","","0","0","0","16","1","0","N","0","0","39 59:51.300","","0","75 08:10.900","9","0","0","0","67301","0","0","0","N","0","0","0","2","67301","0","","5.0","","1","N","N","N","0","","0","0","0","0","0","","1615","2","0","0","0","0","0","2","2","0","2","0","0","0","3","03","","N","","","","","","","","","",""
"2021044222","1042","2","0","0","0","0","0","0","0","0","5","0","","67","5","2021","6","40.000343","-75.067539","1030","6","0","0","0","0","0","2","0","0","","0","0","0","10","1","1","N","0","2","40 00:01.233","7","0","75 04:03.142","3","0","0","0","67301","0","0","0","N","0","0","0","4","67301","0","","1.0","1333.0","1","N","Y","Y","1","","1","0","1","0","0","N","1029","4","1","0","0","0","0","1","2","0","4","0","0","0","3","","","N","","","","","","","","","",""
"2021044003","1716","2","0","0","0","0","0","0","0","0","4","0","","67","5","2021","6","40.059716","-75.19066","1713","6","0","0","0","0","0","0","0","0","","0","0","0","16","1","0","N","0","0","40 03:34.977","","7","75 11:26.375","0","0","0","0","67301","0","0","0","N","0","0","0","1","67301","0","","1.0","","1","N","N","N","0","","0","0","0","0","0","","1652","2","0","0","0","0","0","0","2","0","2","0","0","0","3","03","","N","","","","","","","","","",""
"2021043122","1721","0","0","0","0","0","0","0","0","0","4","0","","67","5","2021","3","40.03694","-75.145084","1721","6","0","0","0","0","0","1","0","0","","0","0","0","17","1","1","","2","0","40 02:12.984","","0","75 08:42.301","3","0","0","0","67301","0","0","0","N","0","0","0","2","67301","0","","1.0","","1","N","N","N","0","","1","0","1","3","2","","1721","2","1","0","0","0","0","0","2","1","2","0","0","0","3","","","N","","","","","","","","","",""
"2021043323","945","0","0","0","0","0","0","0","0","0","8","0","","67","5","2021","5","39.953557","-75.173193","936","6","0","0","0","0","0","1","0","0","","0","0","0","9","1","1","","1","0","39 57:12.805","","0","75 10:23.496","3","0","0","0","67301","1","0","0","N","1","0","0","2","67301","0","","1.0","","1","N","N","N","0","","1","0","1","3","2","","900","2","1","0","0","0","0","0","2","0","1","1","0","0","3","03","","N","","","","","","","","","",""
"2021045229","216","1","0","0","0","0","0","0","0","0","8","0","","67","5","2021","2","39.961767","-75.156121","214","6","0","0","0","0","0","0","0","0","","0","0","0","2","3","1","","1","2","39 57:42.361","6","0","75 09:22.036","8","0","0","0","67301","1","0","0","N","1","0","0","2","67301","0","","1.0","220.0","1","N","N","N","0","","0","0","0","3","2","Y","213","2","1","0","0","0","1","0","2","0","1","1","0","0","3","03","","N","","","","","","","","","",""
"2021043235","2310","2","0","0","0","0","0","0","0","0","4","0","","67","5","2021","4","40.062754","-75.05766","2308","6","0","0","0","1","0","0","0","0","","0","0","0","23","3","2","","1","0","40 03:45.914","","0","75 03:27.576","3","0","0","0","67301","0","0","0","N","0","0","0","5","67301","0","","1.0","","1","N","N","N","0","","2","0","0","3","2","","2305","2","2","0","0","0","0","0","2","0","2","0","0","0","3","03","","N","","","","","","","","","",""
"2021041963","1925","2","0","0","0","0","0","0","0","0","4","0","","67","5","2021","1","39.989177","-75.105073","1920","6","0","0","0","0","0","1","0","0","","0","0","0","18","4","0","","2","1","39 59:21.037","5","0","75 06:18.262","0","0","0","0","67301","0","0","0","N","0","0","0","2","67301","0","","1.0","1850.0","9","N","N","Y","0","","0","0","1","3","3","N","1845","3","0","0","0","0","0","0","2","0","3","0","0","0","7","07","","N","","","","","","","","","",""
"2021045255","430","1","0","0","0","0","0","0","0","0","7","0","","67","5","2021","2","40.032857","-75.15764","426","6","0","0","0","0","0","0","0","0","","0","0","0","4","3","1","","2","0","40 01:58.285","","0","75 09:27.503","4","0","0","0","67301","0","0","0","N","0","0","0","1","67301","1","","4.0","","1","N","N","N","0","","0","0","0","3","3","","425","1","1","0","0","0","0","0","2","0","1","0","0","0","3","03","","N","","","","","","","","","",""
"2021048026","201","0","0","0","0","0","0","0","0","0","7","0","","67","5","2021","7","40.005276","-75.195512","154","6","0","0","0","0","0","1","0","0","","0","0","0","1","3","1","","7","2","40 00:18.992","4","2","75 11:43.844","8","0","0","0","67301","0","0","0","Y","0","0","0","1","68K01","0","","7.0","415.0","1","N","N","N","1","","0","0","0","0","0","Y","153","1","1","0","0","0","1","0","2","0","1","0","0","0","3","","","N","","","","","","","","","",""
"2021048655","745","2","0","0","0","0","0","0","0","0","4","0","","67","5","2021","6","40.009587","-75.089558","738","6","0","0","0","0","0","0","0","0","","0","0","0","6","5","1","","3","0","40 00:34.514","","1","75 05:22.410","3","0","0","0","67301","0","0","0","N","0","0","0","2","67301","0","","1.0","","1","N","N","N","0","","1","0","0","3","3","","657","2","1","0","0","0","0","0","2","0","2","0","0","0","3","03","","N","","","","","","","","","",""
"2021057115","1046","2","0","0","0","0","0","0","0","0","4","0","","67","6","2021","5","39.911326","-75.242828","1046","6","0","0","0","0","0","0","0","0","","0","0","0","23","3","1","","1","0","39 54:40.772","","0","75 14:34.179","8","0","0","0","67301","0","0","0","N","0","0","0","2","67301","0","","1.0","","1","N","N","N","0","","0","0","0","9","2","","2318","2","1","0","0","0","1","1","2","0","2","0","0","0","3","03","","N","","","","","","","","","",""
"2021044775","2300","2","0","0","0","0","0","0","0","0","5","0","","67","5","2021","6","40.044908","-75.157419","2257","6","0","0","0","0","0","0","0","0","","0","0","0","22","3","1","N","0","0","40 02:41.670","","0","75 09:26.710","8","0","0","0","67301","0","0","0","N","0","0","0","1","67301","0","","6.0","","1","N","N","N","0","","0","0","3","0","0","","2256","6","1","0","0","0","1","0","2","1","6","0","0","0","3","","","N","","","","","","","","","",""
"2021072532","27","2","0","0","0","0","0","0","0","0","1","0","","67","8","2021","1","39.982141","-75.100982","27","6","0","0","0","0","0","0","0","0","","0","0","0","0","3","1","N","0","1","39 58:55.709","2","0","75 06:03.535","8","0","0","0","67301","0","0","0","N","0","0","0","3","68K01","0","","1.0","45.0","1","Y","N","N","0","","0","0","0","0","0","N","27","2","1","0","0","0","1","0","2","0","2","0","0","0","3","","","N","","","","","","","","","",""
"2021044220","1702","2","0","0","0","0","0","0","0","0","1","0","","67","5","2021","4","40.012687","-75.072617","1654","6","0","0","0","0","0","0","0","0","","0","0","0","16","1","1","","1","0","40 00:45.674","","0","75 04:21.422","3","0","0","1","67301","0","0","0","N","0","0","0","3","67301","0","","1.0","","1","N","N","N","0","","1","0","0","0","0","","1653","3","1","0","0","0","0","0","2","0","3","0","0","0","3","03","","N","","","","","","","","","",""
"2021044106","655","1","0","0","0","0","0","0","0","0","4","0","","67","5","2021","6","40.061755","-75.056066","653","6","0","0","0","1","0","0","0","0","","0","0","0","6","5","1","","1","0","40 03:42.317","","0","75 03:21.839","3","0","0","0","67301","0","0","0","N","0","0","0","2","67301","0","","1.0","","1","N","N","N","0","","1","0","1","3","2","","649","2","1","0","0","0","0","0","2","0","2","0","0","0","3","03","","N","","","","","","","","","",""
"2021046928","258","1","0","0","0","0","0","0","0","0","4","0","","67","5","2021","7","40.000643","-75.072513","247","6","0","0","0","0","0","0","0","0","","0","0","0","2","3","1","","1","2","40 00:02.314","7","0","75 04:21.046","3","0","0","0","67301","0","0","0","N","0","0","0","2","67301","0","","1.0","430.0","1","N","N","N","0","","1","0","3","3","2","Y","235","4","1","0","0","0","0","0","2","0","4","0","0","0","3","03","","N","","","","","","","","","",""
"2021044885","109","0","0","0","0","0","0","0","0","0","7","0","","67","5","2021","6","39.920914","-75.215039","106","6","0","0","0","0","0","0","0","0","","0","0","0","1","3","1","N","0","0","39 55:15.290","","0","75 12:54.140","2","0","0","0","67301","0","0","0","N","0","0","0","1","67301","0","","4.0","","1","N","N","N","0","","0","1","1","0","0","","105","1","1","0","0","0","0","0","2","0","1","0","0","0","3","03","","N","","","","","","","","","",""
"2021044073","56","2","0","0","0","0","0","0","0","0","4","0","","67","5","2021","1","40.050407","-75.157887","56","6","0","0","0","0","0","0","0","0","","0","0","0","0","3","0","","1","0","40 03:01.465","","0","75 09:28.393","9","0","0","0","67301","0","0","0","N","0","0","0","2","67301","0","","1.0","","1","N","N","N","0","","0","0","0","3","3","","51","2","0","0","0","0","0","1","2","0","2","0","0","0","3","03","","N","","","","","","","","","",""
"2021048567","910","1","0","0","0","0","0","0","0","0","8","0","","67","5","2021","6","39.976116","-75.226707","900","6","0","0","0","0","0","0","0","0","","0","0","0","7","1","1","","5","0","39 58:34.019","","0","75 13:36.144","3","0","0","0","67301","1","0","0","N","1","0","0","2","67301","0","","1.0","","1","N","N","N","0","","1","0","0","3","2","","750","2","1","0","0","0","0","0","2","0","1","1","0","0","3","03","","N","","","","","","","","","",""
"2021085090","737","3","0","0","0","0","0","0","0","0","2","1","","67","8","2021","6","39.934742","-75.191678","737","6","0","0","0","0","0","0","0","0","","0","1","0","7","5","1","N","0","0","39 56:05.070","","0","75 11:30.040","4","0","0","0","67301","0","0","0","N","0","0","0","2","67301","1","","1.0","","1","N","N","N","0","","0","0","2","0","0","","733","6","1","1","0","0","0","0","2","0","6","0","0","0","3","","","N","","","","","","","","","",""
"2021045202","1745","1","0","0","1","0","0","0","0","0","8","0","","67","5","2021","2","39.935838","-75.161773","1735","6","0","0","0","0","0","0","0","0","","0","0","0","17","1","1","","1","0","39 56:09.016","","0","75 09:42.382","4","0","0","0","67301","1","0","0","N","0","0","0","2","67301","1","","1.0","","1","N","N","N","0","","0","0","0","3","2","","1700","2","1","0","0","0","0","0","2","0","1","1","0","0","3","03","","N","","","","","","","","","",""
"2021044889","438","1","0","0","0","0","0","0","0","0","5","0","","67","5","2021","1","39.933258","-75.24068","424","6","0","0","0","0","0","0","0","0","","0","0","0","4","3","1","N","0","1","39 55:59.730","7","0","75 14:26.448","4","0","0","0","67301","0","0","0","N","0","0","0","3","67301","1","","1.0","530.0","1","N","N","Y","0","","0","0","1","0","0","Y","424","2","1","1","0","0","0","1","2","0","2","0","0","0","3","03","","N","","","","","","","","","",""
"2021051569","815","2","0","0","0","0","0","0","0","0","6","0","","67","5","2021","7","39.999143","-75.134148","810","6","0","0","0","0","0","0","0","0","","0","0","0","8","1","1","N","0","0","39 59:56.916","","0","75 08:02.933","3","0","0","0","67301","0","0","0","N","0","0","0","1","67301","0","","6.0","","1","N","N","N","0","","1","0","2","0","0","","805","4","1","0","0","0","0","0","2","0","4","0","0","0","3","03","","N","","","","","","","","","",""
"2021048756","2046","1","0","0","0","0","0","0","0","0","1","0","","67","5","2021","5","40.120081","-75.021489","2041","6","0","0","0","0","0","1","0","0","","0","0","0","20","3","1","N","0","0","40 07:12.290","","0","75 01:17.360","3","0","0","0","67301","0","0","0","N","0","0","0","1","67301","0","","6.0","","1","N","N","N","0","","1","0","1","0","0","","2041","2","1","0","0","0","0","0","2","0","2","0","0","0","3","03","","N","","","","","","","","","",""
"2021071630","1116","1","0","0","0","0","0","0","0","0","8","0","","67","8","2021","2","39.960564","-75.226794","1116","6","0","0","0","0","0","0","0","0","","0","0","0","10","1","1","N","0","2","39 57:38.030","1","0","75 13:36.460","3","0","0","0","67301","1","0","0","N","1","0","0","2","67301","0","","1.0","1200.0","1","N","N","N","0","","1","0","0","0","0","Y","1056","2","1","0","0","0","0","0","2","0","1","1","0","0","3","03","","N","","","","","","","","","",""
"2021043490","1355","1","0","0","0","0","0","0","0","0","7","0","","67","5","2021","5","39.934106","-75.168519","1354","6","0","0","0","0","0","0","0","1","","0","0","0","13","1","1","N","0","0","39 56:02.780","","0","75 10:06.670","3","0","0","0","67301","0","0","0","N","0","0","0","1","67301","0","","5.0","","1","N","N","N","0","","1","0","1","0","0","","1353","2","1","0","0","0","0","0","2","0","2","0","0","0","3","03","","N","","","","","","","","","",""
"2021043117","1610","0","0","0","0","0","0","0","0","0","4","0","","67","5","2021","4","40.059458","-75.190436","1605","6","0","0","0","0","0","0","0","1","","0","0","0","16","1","1","N","0","0","40 03:34.050","","7","75 11:25.569","3","0","0","0","67301","0","0","0","N","0","0","0","2","67301","0","","6.0","","1","N","N","N","0","","1","0","2","0","0","","1600","2","1","0","0","0","0","0","2","0","2","0","0","0","3","","","N","","","","","","","","","",""
"2021048718","1910","0","0","0","0","0","0","0","0","0","5","0","","67","5","2021","6","39.911336","-75.242664","1855","6","0","0","0","0","0","0","0","0","","0","0","0","18","1","2","","5","0","39 54:40.810","","0","75 14:33.592","8","0","0","0","67301","0","0","0","N","0","0","0","3","67508","0","","1.0","","1","","N","Y","0","","0","0","1","3","2","","1855","2","2","0","0","0","2","0","2","0","2","0","0","0","3","03","","N","","","","","","","","","",""
"2021045287","54","1","0","0","0","0","0","0","0","0","4","0","","67","5","2021","2","40.044077","-75.1605","49","6","0","0","0","0","0","0","0","0","","0","0","0","0","3","0","","2","0","40 02:38.677","","0","75 09:37.800","9","0","0","0","67301","0","0","0","N","0","0","0","1","67301","0","","1.0","","1","N","N","N","0","","0","0","3","3","3","","45","4","0","0","0","0","0","1","2","0","4","0","0","0","3","","","N","","","","","","","","","",""
"2021044025","1305","0","0","0","0","0","0","0","0","0","8","0","","67","5","2021","5","39.975709","-75.120489","1301","6","0","0","0","0","0","0","0","0","","0","0","0","13","1","1","N","0","0","39 58:32.551","","0","75 07:13.760","4","0","0","0","67301","1","0","0","N","1","0","0","2","67301","1","","1.0","","1","N","N","N","0","","0","0","1","0","0","","1300","2","1","0","0","0","0","0","2","0","1","1","0","0","3","03","","N","","","","","","","","","",""
"2021046387","118","0","0","0","1","0","0","0","0","0","8","0","","67","5","2021","1","39.972953","-75.226117","110","6","0","0","0","0","0","0","0","0","","0","0","0","1","3","1","","1","0","39 58:22.631","","0","75 13:34.022","3","0","0","0","67301","1","0","0","N","0","0","0","2","67301","0","","1.0","","1","N","N","N","0","","1","0","1","3","2","","102","2","1","0","0","0","0","0","2","0","1","1","0","0","3","03","","N","","","","","","","","","",""
"2021033487","525","1","0","0","0","0","0","0","0","0","7","0","","67","4","2021","6","40.084909","-75.209306","523","6","0","0","0","0","0","0","0","0","","0","0","0","5","3","1","N","0","0","40 05:05.672","","0","75 12:33.503","3","0","0","0","67301","0","0","0","N","0","0","0","1","46108","0","","5.0","","1","N","N","N","0","","1","0","0","0","0","","523","1","1","0","0","0","0","0","2","0","1","0","0","0","3","","","N","","","","","","","","","",""
"2021046173","1410","0","0","0","0","0","0","0","0","0","8","0","","67","5","2021","4","40.027911","-75.137419","1404","6","0","0","0","0","0","0","0","0","","0","0","0","13","1","1","","1","0","40 01:40.479","","0","75 08:14.708","3","0","0","0","67301","1","0","0","N","1","0","0","2","67301","0","","1.0","","1","N","N","N","0","","1","0","1","3","3","","1357","2","1","0","0","0","0","0","2","0","1","1","0","0","3","03","","N","","","","","","","","","",""
"2021044880","645","1","0","0","0","0","0","0","0","0","4","0","","67","5","2021","2","40.029253","-75.089966","642","6","0","0","0","0","0","1","0","0","","0","0","0","6","1","2","","1","1","40 01:45.310","2","0","75 05:23.878","3","0","0","0","67301","0","0","0","N","0","0","0","6","67301","1","","1.0","745.0","1","N","N","N","0","","1","0","0","3","2","N","640","2","2","0","0","0","0","0","2","1","2","0","0","0","3","","","N","","","","","","","","","",""
"2021046174","830","1","0","0","0","0","0","0","0","0","5","0","","67","5","2021","1","40.060064","-75.140086","830","6","0","0","0","0","0","0","0","0","","0","0","0","8","1","1","N","0","0","40 03:36.230","","0","75 08:24.310","4","0","0","0","67301","0","0","0","N","0","0","0","1","67301","1","","6.0","","1","N","N","N","1","","0","0","1","0","0","","818","3","1","0","0","0","0","0","2","0","3","0","0","0","3","03","","N","","","","","","","","","",""
"2021045756","1547","1","0","0","0","0","0","0","0","0","1","0","25","67","5","2021","2","39.992111","-75.077444","1547","6","0","0","0","0","0","0","1","0","","0","0","0","15","1","1","","7","0","39 59:31.600","","8","75 04:38.800","3","0","0","0","67301","0","0","0","N","0","0","0","6","67501","0","","7.0","","1","N","N","N","0","","1","0","0","0","0","","1547","2","1","0","0","0","0","0","2","1","2","0","0","0","3","03","N","Y","3","1","Y","","N","","","","","N"
"2021042931","2200","0","0","0","0","0","0","0","0","0","1","0","","67","5","2021","3","40.037072","-75.158392","2200","6","0","0","0","0","0","0","0","0","","0","0","0","21","3","1","Y","0","0","40 02:13.460","","0","75 09:30.210","3","0","0","0","67301","0","0","0","N","0","0","0","2","67301","0","","1.0","","1","N","N","N","1","","1","0","1","3","2","","2120","2","1","0","0","0","0","0","2","0","2","0","0","0","3","","","N","","","","","","","","","",""
"2021071853","1405","1","0","0","0","0","0","0","0","0","1","0","","67","8","2021","1","40.016482","-75.210669","1353","6","0","0","0","0","1","0","0","0","","0","0","0","13","1","1","N","0","0","40 00:59.336","","0","75 12:38.409","4","0","0","0","67301","0","0","0","N","0","0","0","2","67301","1","","1.0","","9","N","N","N","0","","0","0","1","0","0","","1345","2","1","0","0","0","0","0","2","0","2","0","0","0","7","07","","N","","","","","","","","","",""
"2021044132","1040","0","0","0","0","0","0","0","0","0","4","0","","67","5","2021","4","40.053176","-75.122127","1038","6","0","0","0","0","0","1","0","0","","0","0","0","10","1","1","","5","0","40 03:11.434","","0","75 07:19.656","4","0","0","0","67301","0","0","0","N","0","0","0","2","67301","1","","1.0","","1","N","N","N","0","","0","0","2","3","2","","1028","2","1","0","0","0","0","0","2","0","2","0","0","0","3","03","","N","","","","","","","","","",""
"2021046137","936","0","0","0","0","0","0","0","0","0","0","0","","67","5","2021","6","40.077617","-75.042636","935","6","0","0","0","0","0","1","0","0","","0","0","0","9","1","1","N","0","1","40 04:39.420","2","0","75 02:33.490","3","0","0","1","67301","0","0","0","N","0","0","0","1","67301","0","","1.0","1000.0","3","N","N","N","0","","1","0","0","0","0","N","932","1","1","0","0","0","0","0","2","0","1","0","0","0","3","","","N","","","","","","","","","",""
"2021049169","123","2","0","0","0","0","0","0","0","0","1","0","","67","5","2021","7","40.047122","-75.097998","113","6","0","0","0","0","0","0","0","0","","0","0","0","1","3","0","","1","0","40 02:49.639","","0","75 05:52.794","0","0","0","0","67301","0","0","0","N","0","0","0","3","67301","0","","1.0","","9","N","N","N","1","","0","0","0","3","2","","110","3","0","1","0","0","0","0","2","0","3","0","0","0","7","","","N","","","","","","","","","",""
"2021042611","1405","2","0","0","0","0","0","0","0","0","4","0","","67","5","2021","2","40.093335","-74.962074","1357","6","0","0","0","0","0","0","0","0","","0","0","0","13","1","2","","2","1","40 05:36.005","1","7","74 57:43.465","3","0","0","0","67301","0","0","0","N","0","0","0","4","67301","0","","1.0","1515.0","1","N","N","N","0","","2","0","0","3","2","N","1356","2","2","0","0","0","0","0","2","0","2","0","0","0","4","04","","N","","","","","","","","","",""
"2021044207","815","1","0","0","0","0","0","0","0","0","8","0","","67","5","2021","7","40.077702","-75.070986","809","6","0","0","0","0","0","1","0","0","","0","0","0","8","1","1","","1","0","40 04:39.728","","0","75 04:15.550","3","0","0","0","67301","1","0","0","N","1","0","0","2","67301","0","","1.0","","1","N","N","N","0","","1","0","0","3","2","","800","2","1","0","0","0","0","0","2","0","1","1","0","0","3","03","","N","","","","","","","","","",""
"2021072502","1324","1","0","0","0","0","0","0","0","0","1","0","","67","7","2021","6","39.976914","-75.198485","1324","6","0","0","0","0","0","2","0","0","","0","0","0","13","1","0","N","0","1","39 58:36.892","4","0","75 11:54.547","0","0","0","0","67301","0","0","0","N","0","0","0","4","68K01","0","","1.0","10.0","1","N","N","N","0","","0","0","2","0","0","N","1324","3","0","0","0","0","0","0","2","0","3","0","0","0","3","","","N","","","","","","","","","",""