"CRN","ARRIVAL_TM","AUTOMOBILE_COUNT","BELTED_DEATH_COUNT","BELTED_SUSP_SERIOUS_INJ_COUNT","BICYCLE_COUNT","BICYCLE_DEATH_COUNT","BICYCLE_SUSP_SERIOUS_INJ_COUNT","BUS_COUNT","CHLDPAS_DEATH_COUNT","CHLDPAS_SUSP_SERIOUS_INJ_COUNT","COLLISION_TYPE","COMM_VEH_COUNT","CONS_ZONE_SPD_LIM","COUNTY","CRASH_MONTH","CRASH_YEAR","DAY_OF_WEEK","DEC_LATITUDE","DEC_LONGITUDE","DISPATCH_TM","DISTRICT","DRIVER_COUNT_16YR","DRIVER_COUNT_17YR","DRIVER_COUNT_18YR","DRIVER_COUNT_19YR","DRIVER_COUNT_20YR","DRIVER_COUNT_50_64YR","DRIVER_COUNT_65_74YR","DRIVER_COUNT_75PLUS","EST_HRS_CLOSED","FATAL_COUNT","HEAVY_TRUCK_COUNT","HORSE_BUGGY_COUNT","HOUR_OF_DAY","ILLUMINATION","INJURY_COUNT","INTERSECTION_RELATED","INTERSECT_TYPE","LANE_CLOSED","LATITUDE","LN_CLOSE_DIR","LOCATION_TYPE","LONGITUDE","MAX_SEVERITY_LEVEL","MCYCLE_DEATH_COUNT","MCYCLE_SUSP_SERIOUS_INJ_COUNT","MOTORCYCLE_COUNT","MUNICIPALITY","NONMOTR_COUNT","NONMOTR_DEATH_COUNT","NONMOTR_SUSP_SERIOUS_INJ_COUNT","NTFY_HIWY_MAINT","PED_COUNT","PED_DEATH_COUNT","PED_SUSP_SERIOUS_INJ_COUNT","PERSON_COUNT","POLICE_AGCY","POSSIBLE_INJ_COUNT","RDWY_SURF_TYPE_CD","RELATION_TO_ROAD","ROADWAY_CLEARED","ROAD_CONDITION","SCH_BUS_IND","SCH_ZONE_IND","SECONDARY_CRASH","SMALL_TRUCK_COUNT","SPEC_JURIS_CD","SUSP_MINOR_INJ_COUNT","SUSP_SERIOUS_INJ_COUNT","SUV_COUNT","TCD_FUNC_CD","TCD_TYPE","TFC_DETOUR_IND","TIME_OF_DAY","TOTAL_UNITS","TOT_INJ_COUNT","UNBELTED_OCC_COUNT","UNB_DEATH_COUNT","UNB_SUSP_SERIOUS_INJ_COUNT","UNK_INJ_DEG_COUNT","UNK_INJ_PER_COUNT","URBAN_RURAL","VAN_COUNT","VEHICLE_COUNT","VULNERABLE_ROAD_USER_COUNT","VULNERABLE_ROAD_USER_DEATH_COUNT","VULNERABLE_ROAD_USER_SER_INJ_COUNT","WEATHER1","WEATHER2","WORKERS_PRES","WORK_ZONE_IND","WORK_ZONE_LOC","WORK_ZONE_TYPE","WZ_CLOSE_DETOUR","WZ_FLAGGER","WZ_LAW_OFFCR_IND","WZ_LN_CLOSURE","WZ_MOVING","WZ_OTHER","WZ_SHLDER_MDN","WZ_WORKERS_INJ_KILLED"
"2021118416","826","2","0","0","0","0","0","0","0","0","4","0","","67","12","2021","7","39.985357","-75.161384","826","6","0","0","0","0","0","1","0","1","","0","0","0","8","1","2","","1","0","39 59:07.285","","0","75 09:40.982","3","0","0","0","67301","0","0","0","N","0","0","0","4","67301","0","","1.0","","1","N","N","N","0","","2","0","0","3","2","","820","2","2","1","0","0","0","0","2","0","2","0","0","0","3","","","N","","","","","","","","","",""
"2021118859","308","1","0","0","0","0","0","0","0","0","7","0","","67","12","2021","6","39.94929","-75.19963","302","6","0","0","0","0","0","0","0","0","","1","0","0","2","3","3","Y","0","1","39 56:57.445","4","0","75 11:58.668","1","0","0","0","67301","0","0","0","N","0","0","0","4","67301","3","2","4.0","600.0","1","N","N","N","0","0","0","0","0","3","1","Y","246","1","3","4","1","0","0","0","2","0","1","0","0","0","3","03","","N","","","","","","","","","",""
"2021075411","1340","2","0","0","0","0","0","0","0","0","4","0","","67","8","2021","5","40.034364","-75.160428","1335","6","0","0","0","0","0","1","0","0","","0","0","0","13","1","2","","1","1","40 02:03.710","7","0","75 09:37.540","3","0","0","0","67301","0","0","0","N","0","0","0","2","67301","0","","1.0","1408.0","1","N","N","N","0","","2","0","0","3","3","N","1330","2","2","0","0","0","0","0","2","0","2","0","0","0","3","","","N","","","","","","","","","",""
"2021076045","1618","1","0","0","0","0","0","0","0","0","1","0","","67","8","2021","4","40.028318","-75.091663","1614","6","0","0","0","0","0","2","0","0","","0","0","0","16","1","1","N","0","2","40 01:41.946","2","0","75 05:29.985","2","0","0","0","67301","0","0","0","N","0","0","0","3","67301","0","","1.0","1645.0","1","N","N","N","0","","0","1","1","0","0","N","1610","4","1","0","0","0","0","0","2","1","3","0","0","0","3","","","N","","","","","","","","","",""
"2021044630","2000","1","0","0","0","0","0","0","0","0","5","0","","67","5","2021","2","39.965472","-75.190417","1945","6","0","0","0","0","0","0","0","0","","0","0","0","18","1","0","N","0","0","39 57:55.700","","0","75 11:25.500","9","0","0","0","67301","0","0","0","N","0","0","0","1","67507","0","","6.0","","99","N","N","Y","0","","0","0","1","0","0","","1826","2","0","0","0","0","0","1","2","0","2","0","0","0","3","03","","N","","","","","","","","","",""
"2021048760","2035","0","0","0","1","0","0","0","0","0","8","0","","67","5","2021","2","40.019966","-75.111637","2023","6","0","0","0","0","0","1","0","0","","0","0","0","18","1","1","","2","0","40 01:11.877","","0","75 06:41.893","3","0","0","0","67301","1","0","0","N","0","0","0","2","67301","0","","1.0","","1","N","N","N","0","","1","0","1","3","3","","1800","2","1","0","0","0","0","0","2","0","1","1","0","0","3","03","","N","","","","","","","","","",""
"2021043114","2236","1","0","0","0","0","0","0","0","0","8","0","","67","5","2021","4","39.954872","-75.202435","2235","6","0","0","0","0","0","0","0","0","","0","0","0","22","3","1","","1","2","39 57:17.539","2","0","75 12:08.766","2","0","0","0","67301","1","0","1","N","1","0","1","3","67504","0","","1.0","2359.0","1","N","N","N","0","","0","1","0","0","0","Y","2233","2","1","0","0","0","0","0","2","0","1","1","0","1","3","03","","N","","","","","","","","","",""
"2021044686","2327","1","0","0","0","0","0","0","0","0","5","0","","67","5","2021","3","39.962871","-75.183616","2324","6","0","0","0","0","0","1","0","0","","0","0","0","23","3","1","N","0","0","39 57:46.337","","0","75 11:01.019","3","0","0","0","67301","0","0","0","N","0","0","0","6","68K01","0","","1.0","","1","N","N","N","0","","1","0","1","0","0","","2322","2","1","0","0","0","0","0","2","0","2","0","0","0","3","","","N","","","","","","","","","",""
"2021044014","940","3","0","0","0","0","0","0","0","0","5","0","","67","5","2021","5","39.9736","-75.238108","935","6","0","0","0","0","0","0","0","0","","0","0","0","8","1","2","N","0","0","39 58:24.960","","0","75 14:17.190","3","0","0","0","67301","0","0","0","N","0","0","0","3","67301","0","","6.0","","1","N","N","N","0","","2","0","2","0","0","","856","6","2","0","0","0","0","0","2","1","6","0","0","0","3","","","N","","","","","","","","","",""
"2021071372","224","2","0","0","0","0","0","0","0","0","2","0","","67","8","2021","1","39.927164","-75.226433","220","6","0","0","0","0","0","0","0","0","","0","0","0","2","3","0","N","0","0","39 55:37.790","","0","75 13:35.160","0","0","0","0","67301","0","0","0","N","0","0","0","1","67301","0","","1.0","","1","N","N","N","0","","0","0","0","3","2","","215","2","0","0","0","0","0","0","2","0","2","0","0","0","3","03","","N","","","","","","","","","",""
"2021044886","456","1","0","0","0","0","0","0","0","0","7","0","","67","5","2021","7","39.885806","-75.231611","448","6","0","0","0","0","0","0","0","0","","0","0","0","4","3","0","N","0","1","39 53:08.900","2","0","75 13:53.800","0","0","0","0","67301","0","0","0","N","0","0","0","1","67301","0","","4.0","554.0","1","N","N","N","0","","0","0","0","0","0","N","448","1","0","0","0","0","0","0","2","0","1","0","0","0","3","","","N","","","","","","","","","",""
"2021045339","1650","2","0","0","0","0","0","0","0","0","5","0","","67","5","2021","5","39.993272","-75.200159","1631","6","0","0","0","0","0","0","2","0","","0","0","0","16","1","1","N","0","2","39 59:35.778","3","0","75 12:00.572","8","0","0","0","67301","0","0","0","N","0","0","0","5","68K01","0","","1.0","1756.0","1","N","N","N","0","","0","0","3","0","0","N","1630","5","1","0","0","0","1","0","2","0","5","0","0","0","3","","","N","","","","","","","","","",""
"2021045426","2148","1","0","0","0","0","0","0","0","0","4","0","","67","5","2021","6","40.032778","-75.072292","2143","6","0","0","0","0","0","0","0","0","","0","0","0","21","3","3","","1","0","40 01:58.001","","0","75 04:20.252","3","0","0","0","67301","0","0","0","N","0","0","0","7","67301","0","","1.0","","1","N","N","N","0","","3","0","1","3","2","","2132","2","3","0","0","0","0","0","2","0","2","0","0","0","3","","","N","","","","","","","","","",""
"2021071055","1925","0","0","0","0","0","0","0","0","0","1","0","","67","6","2021","5","39.960561","-75.226794","1925","6","0","0","0","0","0","0","0","0","","0","1","0","19","1","1","N","0","0","39 57:38.020","","0","75 13:36.460","2","0","1","1","67301","0","0","0","N","0","0","0","1","67301","0","","1.0","","1","N","N","N","0","","0","1","0","0","0","","1900","2","1","0","0","0","0","0","2","0","2","0","0","0","3","03","","N","","","","","","","","","",""
"2021048566","255","2","0","0","0","0","0","0","0","0","1","0","","67","5","2021","7","39.949861","-75.234456","250","6","0","0","0","0","0","0","0","0","","0","0","0","2","3","1","N","0","0","39 56:59.500","","0","75 14:04.040","4","0","0","0","67301","0","0","0","N","0","0","0","1","67301","1","","1.0","","1","N","N","N","0","","0","0","0","0","0","","249","2","1","0","0","0","0","0","2","0","2","0","0","0","3","03","","N","","","","","","","","","",""
"2021046134","1522","1","0","0","0","0","0","0","0","0","4","0","","67","5","2021","2","40.030593","-75.206962","1520","6","0","0","0","0","0","0","0","0","","0","0","0","15","1","3","","1","0","40 01:50.134","","0","75 12:25.063","3","0","0","1","67301","0","0","0","N","0","0","0","4","67301","0","","1.0","","1","N","N","N","0","","1","0","0","0","0","","1515","2","3","1","0","0","2","1","2","0","2","0","0","0","3","03","","N","","","","","","","","","",""
"2021044052","2348","1","0","0","0","0","0","0","0","0","4","0","","67","5","2021","7","40.042153","-75.039168","2343","6","0","0","0","1","0","0","0","0","","0","0","0","23","3","0","","2","1","40 02:31.750","1","0","75 02:21.004","0","0","0","0","67301","0","0","0","N","0","0","0","3","67301","0","","1.0","12.0","1","N","N","N","1","","0","0","0","3","3","N","2340","2","0","0","0","0","0","0","2","0","2","0","0","0","3","","","N","","","","","","","","","",""
"2021070777","1240","1","0","0","0","0","0","0","0","0","5","1","","67","7","2021","5","39.925508","-75.193828","1130","6","0","0","1","0","0","1","0","0","","0","1","0","11","1","2","N","0","0","39 55:31.827","","0","75 11:37.782","4","0","0","0","67301","0","0","0","N","0","0","0","5","67301","1","","1.0","","1","N","N","N","0","","0","0","0","0","0","","1120","2","2","2","0","0","1","0","2","0","2","0","0","0","3","","","N","","","","","","","","","",""
"2021042846","910","0","0","0","0","0","0","0","0","0","6","0","","67","5","2021","3","40.015761","-75.075119","902","6","0","0","0","0","0","0","0","0","","0","0","0","0","3","0","N","0","0","40 00:56.740","","0","75 04:30.430","0","0","0","0","67301","0","0","0","N","0","0","0","1","67301","0","","6.0","","1","N","N","N","0","","0","0","1","0","0","","30","2","0","0","0","0","0","0","2","1","2","0","0","0","3","03","","N","","","","","","","","","",""
"2021049078","2200","0","0","0","0","0","0","0","0","0","8","0","","67","5","2021","7","40.024165","-75.130356","2145","6","0","0","0","0","0","0","0","0","","0","0","0","18","1","1","","1","0","40 01:26.993","","0","75 07:49.281","8","0","0","0","67301","1","0","0","N","1","0","0","2","67301","0","","1.0","","1","N","N","N","0","","0","0","0","3","2","","1830","2","1","0","0","0","1","0","2","0","1","1","0","0","3","","","N","","","","","","","","","",""
"2021046940","1618","1","0","0","0","0","0","0","0","0","4","0","","67","5","2021","6","39.951943","-75.2388","1618","6","0","0","0","0","0","1","0","0","","0","0","0","16","1","0","","1","1","39 57:06.994","3","0","75 14:19.679","0","0","0","0","67301","0","0","0","N","0","0","0","2","67301","0","","1.0","1644.0","1","N","N","N","1","","0","0","0","3","2","N","1610","2","0","0","0","0","0","0","2","0","2","0","0","0","3","03","","N","","","","","","","","","",""
"2021071934","1600","1","0","0","0","0","0","0","0","0","4","0","","67","7","2021","5","40.033684","-75.145797","1600","6","0","0","0","0","0","1","0","0","","1","0","0","14","1","0","N","1","0","40 02:01.264","","0","75 08:44.868","1","1","0","1","67301","0","0","0","N","0","0","0","2","67301","0","2","3.0","","1","N","N","N","0","0","0","0","0","3","2","","1430","2","0","1","0","0","0","0","2","0","2","0","0","0","3","","","N","","","","","","","","","",""
"2021073032","223","1","0","0","0","0","0","0","0","0","7","0","","67","8","2021","6","39.894133","-75.23654","222","6","0","0","0","0","0","0","0","0","","0","0","0","2","3","1","N","0","0","39 53:38.878","","0","75 14:11.543","3","0","0","0","67301","0","0","0","N","0","0","0","1","67301","0","","4.0","","1","N","N","N","0","","1","0","0","0","0","","210","1","1","0","0","0","0","0","2","0","1","0","0","0","3","03","","N","","","","","","","","","",""
"2021047342","1335","1","0","0","0","0","0","0","0","0","4","0","","67","5","2021","1","39.953605","-75.165047","1329","6","0","0","0","0","0","1","0","0","","0","0","0","13","1","0","","2","1","39 57:12.978","2","6","75 09:54.168","9","0","0","0","67301","0","0","0","N","0","0","0","5","67508","0","","1.0","9999.0","1","N","N","Y","0","","0","0","1","3","2","N","1329","2","0","1","0","0","0","1","2","0","2","0","0","0","3","03","","N","","","","","","","","","",""
"2021044776","1636","1","0","0","0","0","0","0","0","0","4","0","","67","5","2021","7","40.02721","-75.114661","1629","6","0","0","0","0","0","0","0","0","","0","0","0","16","1","0","","1","0","40 01:37.955","","0","75 06:52.779","0","0","0","0","67301","0","0","0","N","0","0","0","1","67301","0","","1.0","","1","N","N","N","0","","0","0","0","0","0","","1614","2","0","0","0","0","0","0","2","1","2","0","0","0","3","03","","N","","","","","","","","","",""
"2021041959","1945","0","0","0","0","0","0","0","0","0","4","0","","67","5","2021","1","39.988983","-75.173014","1934","6","0","0","0","0","0","0","0","0","","0","0","0","18","1","0","N","0","0","39 59:20.340","","0","75 10:22.850","0","0","0","0","67301","0","0","0","N","0","0","0","1","67301","0","","4.0","","9","N","N","N","0","","0","0","2","0","0","","1850","3","0","0","0","0","0","0","2","1","3","0","0","0","7","07","","N","","","","","","","","","",""
"2021071058","1100","1","0","0","0","0","0","0","0","0","4","1","","67","6","2021","4","39.965831","-75.233904","1057","6","0","0","1","0","0","0","1","0","","0","1","0","10","1","2","","1","1","39 57:56.991","2","0","75 14:02.054","3","0","0","0","67301","0","0","0","N","0","0","0","4","67301","0","","1.0","1145.0","1","N","N","N","0","","2","0","2","3","2","N","1048","5","2","0","0","0","0","0","2","1","5","0","0","0","3","","","N","","","","","","","","","",""
"2021043317","1534","2","0","0","0","0","0","0","0","0","4","0","","67","5","2021","5","39.984086","-75.160053","1533","6","0","0","0","1","0","0","0","0","","0","0","0","15","1","1","","1","1","39 59:02.710","1","0","75 09:36.190","8","0","0","0","67301","0","0","0","N","0","0","0","2","67505","0","","1.0","1600.0","1","N","N","N","0","","0","0","1","3","3","Y","1530","3","1","0","0","0","1","0","2","0","3","0","0","0","3","03","","N","","","","","","","","","",""
"2021072664","57","1","0","0","0","0","0","0","0","0","5","0","","67","8","2021","3","40.02773","-75.10997","57","6","0","0","0","0","0","0","0","0","","0","0","0","0","3","0","","5","1","40 01:39.827","3","0","75 06:35.893","0","0","0","0","67301","0","0","0","N","0","0","0","3","67301","0","","1.0","145.0","1","N","N","N","0","","0","0","1","3","2","N","57","2","0","0","0","0","0","0","2","0","2","0","0","0","3","03","","N","","","","","","","","","",""
"2021043486","1849","2","0","0","0","0","0","0","0","0","4","0","","67","5","2021","1","39.942826","-75.224161","1848","6","0","0","0","0","0","0","0","0","","0","0","0","18","1","0","","1","0","39 56:34.173","","0","75 13:26.979","9","0","0","0","67301","0","0","0","N","0","0","0","2","67301","0","","1.0","","9","N","N","Y","0","","0","0","2","3","3","","1839","4","0","1","0","0","0","1","2","0","4","0","0","0","7","07","","N","","","","","","","","","",""
"2021045693","619","1","0","0","0","0","0","0","0","0","4","0","","67","5","2021","2","40.01199","-75.175951","619","6","0","0","0","0","0","0","0","0","","0","0","0","5","1","2","","1","0","40 00:43.164","","0","75 10:33.422","3","0","0","0","67301","0","0","0","N","0","0","0","3","67301","0","","1.0","","1","N","N","N","0","","2","0","1","3","2","","540","2","2","0","0","0","0","0","2","0","2","0","0","0","3","03","","N","","","","","","","","","",""
"2021047706","440","2","0","0","0","0","0","0","0","0","4","0","","67","5","2021","1","39.958684","-75.239414","438","6","0","0","0","0","0","0","0","0","","0","0","0","4","3","1","","1","2","39 57:31.261","7","0","75 14:21.889","8","0","0","0","67301","0","0","0","N","0","0","0","2","67301","0","","1.0","546.0","1","N","Y","Y","0","","0","0","2","3","2","Y","437","4","1","0","0","0","1","0","2","0","4","0","0","0","3","03","","N","","","","","","","","","",""
"2021044541","1835","1","0","0","0","0","0","0","0","0","4","0","","67","5","2021","1","40.029454","-75.08698","1831","6","0","0","0","0","0","0","0","0","","0","0","0","18","1","1","","1","0","40 01:46.034","","0","75 05:13.128","8","0","0","1","67301","0","0","0","N","0","0","0","3","67301","0","","1.0","","1","N","N","N","1","","0","0","0","3","2","","1829","3","1","0","0","0","1","1","2","0","3","0","0","0","3","","","N","","","","","","","","","",""
"2021042076","1559","0","0","0","0","0","0","0","0","0","8","0","","67","5","2021","1","40.028756","-75.037794","1558","6","0","0","0","0","0","0","0","0","","0","0","0","15","1","1","","1","0","40 01:43.522","","0","75 02:16.058","3","0","0","0","67301","1","0","0","N","1","0","0","2","67301","0","","1.0","","9","N","N","N","0","","1","0","0","0","0","","1557","2","1","0","0","0","0","0","2","1","1","1","0","0","4","07","","N","","","","","","","","","",""
"2021045203","1903","2","0","0","0","0","0","0","0","0","4","0","","67","5","2021","2","40.088264","-74.9674","1900","6","0","0","0","0","0","0","0","0","","0","0","0","18","1","1","N","0","1","40 05:17.750","3","7","74 58:02.640","3","0","0","0","67301","0","0","0","N","0","0","0","3","67301","0","","1.0","2035.0","1","N","N","N","0","","1","0","0","3","3","N","1855","2","1","0","0","0","0","1","2","0","2","0","0","0","3","03","","N","","","","","","","","","",""
"2021057143","1740","1","0","0","0","0","0","0","0","0","8","0","","67","6","2021","5","39.974305","-75.158761","1732","6","0","0","0","0","0","1","0","0","","0","0","0","17","1","1","N","0","0","39 58:27.499","","0","75 09:31.539","8","0","0","0","67301","1","0","0","N","1","0","0","2","67301","0","","1.0","","1","N","N","N","0","","0","0","0","0","0","","1732","2","1","0","0","0","1","0","2","0","1","1","0","0","3","","","N","","","","","","","","","",""
"2021043237","1323","0","0","0","0","0","0","0","0","0","8","0","","67","5","2021","3","39.933156","-75.189143","1319","6","0","0","0","0","0","0","0","0","","0","0","0","12","1","1","","1","0","39 55:59.363","","0","75 11:20.916","8","0","0","0","67301","1","0","0","N","0","0","0","2","67301","0","","1.0","","1","N","N","N","0","","0","0","1","0","0","","1230","2","1","0","0","0","1","0","2","0","1","1","0","0","4","04","","N","","","","","","","","","",""
"2021044879","424","2","0","0","0","0","0","0","0","0","2","0","","67","5","2021","2","40.040558","-75.107874","404","6","0","0","0","0","0","0","0","0","","0","0","0","3","3","1","N","0","2","40 02:26.010","2","0","75 06:28.345","3","0","0","0","67301","0","0","0","N","0","0","0","1","67301","0","","6.0","605.0","1","N","N","N","0","","1","0","1","0","0","N","356","3","1","0","0","0","0","0","2","0","3","0","0","0","3","03","","N","","","","","","","","","",""
"2021043116","2015","1","0","0","0","0","0","0","0","0","4","0","","67","5","2021","3","39.917867","-75.158739","2009","6","0","0","0","0","1","0","0","0","","0","0","0","20","6","3","","1","2","39 55:04.321","3","0","75 09:31.460","8","0","0","0","67301","0","0","0","N","0","0","0","4","67301","0","","1.0","2015.0","99","N","N","N","0","","0","0","0","3","3","Y","2009","2","3","0","0","0","3","0","2","1","2","0","0","0","3","","","N","","","","","","","","","",""
"2021072971","1050","1","0","0","0","0","0","0","0","0","1","0","","67","8","2021","5","40.009718","-75.187234","1040","6","0","0","0","0","0","1","0","0","","0","0","0","10","1","1","","7","0","40 00:34.985","","2","75 11:14.041","3","0","0","0","67301","0","0","0","N","0","0","0","1","67301","0","","1.0","","1","N","N","N","0","","1","0","0","0","0","","1015","2","1","0","0","0","0","0","2","0","2","0","0","0","3","03","","N","","","","","","","","","",""
"2021044386","405","1","0","0","0","0","0","0","0","0","5","0","","67","5","2021","1","40.028547","-75.134267","403","6","0","0","0","0","0","0","0","0","","0","0","0","3","3","0","N","0","0","40 01:42.770","","0","75 08:03.360","0","0","0","0","67301","0","0","0","N","0","0","0","1","67301","0","","6.0","","1","N","N","N","0","","0","0","1","0","0","","348","3","0","0","0","0","0","0","2","1","3","0","0","0","3","03","","N","","","","","","","","","",""
"2021044000","1543","1","0","0","0","0","0","0","0","0","1","0","","67","5","2021","5","40.092128","-74.964792","1539","6","0","0","0","0","0","0","0","0","","0","0","0","15","1","1","N","0","1","40 05:31.662","2","0","74 57:53.251","4","0","0","0","67301","0","0","0","N","0","0","0","3","67301","1","","1.0","1631.0","1","N","N","N","0","","0","0","3","0","0","N","1523","4","1","0","0","0","0","0","2","0","4","0","0","0","3","03","","N","","","","","","","","","",""
"2021045429","1940","1","0","1","0","0","0","0","0","0","4","0","","67","5","2021","2","39.949531","-75.238054","1940","6","0","1","0","0","0","1","0","0","","0","0","0","19","1","2","","1","2","39 56:58.311","7","0","75 14:16.994","2","0","0","0","67301","0","0","0","N","0","0","0","2","67301","0","","1.0","100.0","1","N","N","N","0","","1","1","2","3","3","N","1939","3","2","0","0","0","0","0","2","0","3","0","0","0","3","03","","N","","","","","","","","","",""
"2021072538","214","0","0","0","0","0","0","0","0","0","0","0","","67","8","2021","2","39.962943","-75.139386","203","6","0","0","0","0","1","0","0","0","","0","0","0","2","3","1","N","0","1","39 57:46.594","2","0","75 08:21.790","3","0","0","0","67301","0","0","0","N","0","0","0","1","68K01","0","","1.0","225.0","1","N","N","N","0","","1","0","1","0","0","N","200","1","1","0","0","0","0","0","2","0","1","0","0","0","3","03","","N","","","","","","","","","",""
"2021044767","913","0","0","0","0","0","0","0","0","0","8","0","","67","5","2021","2","39.960198","-75.239082","911","6","0","0","0","0","0","0","0","0","","0","0","0","9","8","1","","1","0","39 57:36.714","","0","75 14:20.695","8","0","0","0","67301","1","0","0","N","0","0","0","2","67301","0","","1.0","","1","N","N","N","0","","0","0","0","3","1","","911","2","1","0","0","0","1","0","2","0","1","1","0","0","3","03","","N","","","","","","","","","",""
"2021071066","1310","0","0","0","0","0","0","0","0","0","7","0","","67","7","2021","5","39.986431","-75.245906","1310","6","0","0","0","0","0","0","0","0","","0","0","0","12","1","0","N","0","0","39 59:11.150","","0","75 14:45.260","9","0","0","0","67301","0","0","0","N","0","0","0","1","67301","0","","5.0","","1","N","N","N","0","","0","0","1","0","0","","1200","1","0","0","0","0","0","1","2","0","1","0","0","0","3","03","","N","","","","","","","","","",""
"2021072264","120","0","0","0","0","0","0","0","0","0","7","0","","67","7","2021","4","40.079553","-74.999008","120","6","0","0","0","0","0","0","0","0","","0","0","0","1","3","0","N","0","0","40 04:46.390","","7","74 59:56.430","9","0","0","0","67301","0","0","0","N","0","0","0","1","67301","0","","2.0","","1","N","N","N","3","","0","0","0","0","0","","115","3","0","0","0","0","0","1","2","0","3","0","0","0","3","03","","N","","","","","","","","","",""
"2021044429","1055","2","0","0","0","0","0","0","0","0","4","0","","67","5","2021","7","40.045593","-75.071436","1053","6","0","0","0","1","0","1","1","0","","0","0","0","10","1","1","","1","1","40 02:44.136","5","0","75 04:17.168","4","0","0","0","67301","0","0","0","N","0","0","0","3","67301","1","","1.0","1200.0","1","N","N","N","0","","0","0","1","3","2","N","1050","3","1","2","0","0","0","0","2","0","3","0","0","0","3","03","","N","","","","","","","","","",""
"2021043173","17","2","0","0","0","0","0","0","0","0","4","0","","67","5","2021","4","40.026695","-75.117257","13","6","0","0","0","0","0","0","0","0","","0","0","0","0","3","2","","1","0","40 01:36.101","","0","75 07:02.125","4","0","0","0","67301","0","0","0","N","0","0","0","3","67301","2","","1.0","","1","N","N","N","0","","0","0","0","3","2","","6","2","2","0","0","0","0","1","2","0","2","0","0","0","3","03","","N","","","","","","","","","",""
"2021087415","953","0","0","0","0","0","0","0","0","0","1","0","","67","9","2021","4","39.906538","-75.149859","942","6","0","0","0","0","0","0","1","0","","0","0","0","9","1","0","N","0","0","39 54:23.538","","0","75 08:59.494","0","0","0","0","67301","0","0","0","N","0","0","0","2","68K01","0","","1.0","","1","N","N","N","0","","0","0","2","0","0","","922","2","0","0","0","0","0","0","2","0","2","0","0","0","3","","","N","","","","","","","","","",""
"2021044437","2340","1","0","0","0","0","0","0","0","0","2","0","","67","5","2021","1","39.980872","-75.186169","2341","6","0","0","0","0","0","0","0","0","","0","0","0","23","3","0","N","0","0","39 58:51.140","","0","75 11:10.210","9","0","0","0","67301","0","0","0","N","0","0","0","1","67301","0","","6.0","","1","N","N","N","0","","0","0","2","0","0","","2340","3","0","0","0","0","0","1","2","0","3","0","0","0","3","03","","N","","","","","","","","","",""
"2021042603","1500","1","0","0","0","0","0","0","0","0","4","0","","67","5","2021","3","39.955776","-75.191091","1455","6","0","0","0","0","0","0","0","0","","0","0","0","14","1","0","N","0","0","39 57:20.792","","0","75 11:27.927","9","0","0","0","67301","0","0","0","N","0","0","0","2","67507","0","","1.0","","1","N","N","N","0","","0","0","1","0","0","","1455","2","0","0","0","0","0","1","2","0","2","0","0","0","3","03","","N","","","","","","","","","",""
"2021051168","1310","0","0","0","0","0","0","0","0","0","4","0","","67","6","2021","5","40.029253","-75.089966","1305","6","0","0","0","0","0","0","0","0","","0","0","0","13","1","1","","2","0","40 01:45.310","","0","75 05:23.878","3","0","0","0","67301","0","0","0","N","0","0","0","2","67301","0","","1.0","","1","N","N","N","0","","1","0","2","3","2","","1303","2","1","0","0","0","0","0","2","0","2","0","0","0","3","03","","N","","","","","","","","","",""
"2021056157","2054","0","0","0","0","0","0","0","0","0","1","0","","67","6","2021","4","39.941016","-75.20479","2054","6","0","0","0","0","0","1","0","0","","0","0","0","9","1","1","N","0","0","39 56:27.659","","3","75 12:17.244","8","0","0","0","67301","0","0","0","N","0","0","0","3","67301","0","","1.0","","1","N","N","N","0","","0","0","1","0","0","","900","2","1","0","0","0","1","0","2","1","2","0","0","0","3","","","N","","","","","","","","","",""
"2021044133","840","1","0","0","1","0","1","0","0","0","8","0","","67","5","2021","6","40.029697","-75.18565","834","6","0","0","0","0","0","0","0","0","","0","0","0","22","3","1","N","0","0","40 01:46.910","","0","75 11:08.340","2","0","0","0","67301","1","0","1","N","0","0","0","2","67301","0","","1.0","","1","N","N","N","0","","0","1","0","0","0","","2232","2","1","0","0","0","0","0","2","0","1","1","0","1","3","03","","N","","","","","","","","","",""
"2021071002","248","1","0","0","0","0","0","0","0","0","4","0","","67","7","2021","7","40.077531","-75.179539","243","6","0","0","0","0","0","0","0","0","","0","0","0","2","3","1","N","0","0","40 04:39.110","","0","75 10:46.340","3","0","0","0","67301","0","0","0","N","0","0","0","1","67301","0","","1.0","","1","N","N","N","0","","1","0","2","0","0","","219","3","1","0","0","0","0","0","2","0","3","0","0","0","3","03","","N","","","","","","","","","",""
"2021044798","310","1","0","0","0","0","0","0","0","0","1","0","","67","5","2021","2","40.013283","-75.069947","300","6","0","0","0","0","0","0","0","0","","0","0","0","2","3","0","N","0","0","40 00:47.817","","0","75 04:11.809","0","0","0","0","67301","0","0","0","N","0","0","0","1","67301","0","","6.0","","1","N","N","N","0","","0","0","2","0","0","","258","3","0","0","0","0","0","0","2","0","3","0","0","0","3","03","","N","","","","","","","","","",""