"CRN","ARRIVAL_TM","AUTOMOBILE_COUNT","BELTED_DEATH_COUNT","BELTED_SUSP_SERIOUS_INJ_COUNT","BICYCLE_COUNT","BICYCLE_DEATH_COUNT","BICYCLE_SUSP_SERIOUS_INJ_COUNT","BUS_COUNT","CHLDPAS_DEATH_COUNT","CHLDPAS_SUSP_SERIOUS_INJ_COUNT","COLLISION_TYPE","COMM_VEH_COUNT","CONS_ZONE_SPD_LIM","COUNTY","CRASH_MONTH","CRASH_YEAR","DAY_OF_WEEK","DEC_LATITUDE","DEC_LONGITUDE","DISPATCH_TM","DISTRICT","DRIVER_COUNT_16YR","DRIVER_COUNT_17YR","DRIVER_COUNT_18YR","DRIVER_COUNT_19YR","DRIVER_COUNT_20YR","DRIVER_COUNT_50_64YR","DRIVER_COUNT_65_74YR","DRIVER_COUNT_75PLUS","EST_HRS_CLOSED","FATAL_COUNT","HEAVY_TRUCK_COUNT","HORSE_BUGGY_COUNT","HOUR_OF_DAY","ILLUMINATION","INJURY_COUNT","INTERSECTION_RELATED","INTERSECT_TYPE","LANE_CLOSED","LATITUDE","LN_CLOSE_DIR","LOCATION_TYPE","LONGITUDE","MAX_SEVERITY_LEVEL","MCYCLE_DEATH_COUNT","MCYCLE_SUSP_SERIOUS_INJ_COUNT","MOTORCYCLE_COUNT","MUNICIPALITY","NONMOTR_COUNT","NONMOTR_DEATH_COUNT","NONMOTR_SUSP_SERIOUS_INJ_COUNT","NTFY_HIWY_MAINT","PED_COUNT","PED_DEATH_COUNT","PED_SUSP_SERIOUS_INJ_COUNT","PERSON_COUNT","POLICE_AGCY","POSSIBLE_INJ_COUNT","RDWY_SURF_TYPE_CD","RELATION_TO_ROAD","ROADWAY_CLEARED","ROAD_CONDITION","SCH_BUS_IND","SCH_ZONE_IND","SECONDARY_CRASH","SMALL_TRUCK_COUNT","SPEC_JURIS_CD","SUSP_MINOR_INJ_COUNT","SUSP_SERIOUS_INJ_COUNT","SUV_COUNT","TCD_FUNC_CD","TCD_TYPE","TFC_DETOUR_IND","TIME_OF_DAY","TOTAL_UNITS","TOT_INJ_COUNT","UNBELTED_OCC_COUNT","UNB_DEATH_COUNT","UNB_SUSP_SERIOUS_INJ_COUNT","UNK_INJ_DEG_COUNT","UNK_INJ_PER_COUNT","URBAN_RURAL","VAN_COUNT","VEHICLE_COUNT","VULNERABLE_ROAD_USER_COUNT","VULNERABLE_ROAD_USER_DEATH_COUNT","VULNERABLE_ROAD_USER_SER_INJ_COUNT","WEATHER1","WEATHER2","WORKERS_PRES","WORK_ZONE_IND","WORK_ZONE_LOC","WORK_ZONE_TYPE","WZ_CLOSE_DETOUR","WZ_FLAGGER","WZ_LAW_OFFCR_IND","WZ_LN_CLOSURE","WZ_MOVING","WZ_OTHER","WZ_SHLDER_MDN","WZ_WORKERS_INJ_KILLED"
"2021048757","1221","2","0","0","0","0","0","0","0","0","4","0","","67","5","2021","6","40.039575","-75.045738","1216","6","0","0","0","0","0","0","0","1","","0","0","0","12","1","1","","1","0","40 02:22.471","","0","75 02:44.657","4","0","0","0","67301","0","0","0","N","0","0","0","3","67301","1","","1.0","","1","N","N","N","0","","0","0","0","3","2","","1204","2","1","0","0","0","0","0","2","0","2","0","0","0","4","","","N","","","","","","","","","",""
"2021071343","1500","1","0","0","0","0","0","0","0","0","7","0","","67","7","2021","7","40.107383","-74.995083","1445","6","0","0","0","0","0","0","0","0","","1","0","0","7","1","0","N","0","0","40 06:26.577","","2","74 59:42.297","1","0","0","0","67301","0","0","0","N","0","0","0","1","67301","0","2","5.0","","99","N","N","N","0","0","0","0","0","0","0","","730","1","0","1","1","0","0","0","2","0","1","0","0","0","99","","","N","","","","","","","","","",""
"2021086254","945","0","0","0","0","0","0","0","0","0","4","1","","67","9","2021","7","39.911603","-75.184289","940","6","0","0","0","0","0","0","0","1","","0","1","0","9","1","1","N","0","0","39 54:41.772","","7","75 11:03.439","3","0","0","0","67301","0","0","0","N","0","0","0","2","67301","0","","1.0","","1","N","N","N","0","","1","0","1","0","0","","920","2","1","0","0","0","0","0","2","0","2","0","0","0","3","03","","N","","","","","","","","","",""
"2021041847","436","0","0","0","0","0","0","0","0","0","7","0","","67","5","2021","1","40.033408","-75.09061","427","6","0","0","0","0","0","0","0","0","","0","0","0","4","3","0","","1","0","40 02:00.267","","0","75 05:26.196","9","0","0","0","67301","0","0","0","N","0","0","0","1","67301","0","","5.0","","1","N","N","N","0","","0","0","1","3","2","","426","1","0","0","0","0","0","1","2","0","1","0","0","0","3","","","N","","","","","","","","","",""
"2021072783","1750","1","0","0","0","0","0","0","0","0","7","0","","67","8","2021","4","40.021286","-75.051561","1750","6","0","0","0","0","0","0","0","0","","0","0","0","17","1","0","N","0","0","40 01:16.629","","0","75 03:05.619","0","0","0","0","67301","0","0","0","N","0","0","0","1","67301","0","","2.0","","1","N","N","N","0","","0","0","0","0","0","","1745","1","0","0","0","0","0","0","2","0","1","0","0","0","3","03","","N","","","","","","","","","",""
"2021047520","1900","2","0","1","0","0","0","0","0","0","6","0","","67","5","2021","2","39.909156","-75.244808","1857","6","0","0","0","0","0","1","0","0","","0","0","0","18","1","2","N","0","0","39 54:32.960","","0","75 14:41.310","2","0","0","0","67301","0","0","0","N","0","0","0","2","67301","1","","6.0","","1","N","N","N","0","","0","1","0","0","0","","1825","2","2","0","0","0","0","0","2","0","2","0","0","0","3","03","","N","","","","","","","","","",""
"2021042488","1930","0","0","0","0","0","0","0","0","0","7","0","","67","5","2021","2","39.972075","-75.153867","1924","6","0","0","0","0","0","1","0","0","","0","0","0","19","4","1","N","0","0","39 58:19.470","","0","75 09:13.920","8","0","0","0","67301","0","0","0","N","0","0","0","1","67301","0","","4.0","","1","N","N","N","1","","0","0","0","0","0","","1922","1","1","0","0","0","1","0","2","0","1","0","0","0","3","03","","N","","","","","","","","","",""
"2021070820","2040","1","0","0","0","0","0","0","0","0","7","0","","67","7","2021","4","40.01195","-75.111128","2037","6","0","0","0","0","0","0","0","0","","1","0","0","20","3","1","N","0","2","40 00:43.020","6","0","75 06:40.060","1","0","0","0","67301","0","0","0","N","0","0","0","2","67301","0","2","4.0","300.0","9","N","Y","N","0","0","0","1","0","0","0","Y","2037","1","1","1","1","0","0","0","2","0","1","0","0","0","3","04","","N","","","","","","","","","",""
"2021033101","1322","0","0","0","0","0","0","0","0","0","7","0","","67","4","2021","2","39.981508","-75.266159","1320","6","0","0","0","0","0","0","0","0","","0","0","0","13","1","1","N","0","2","39 58:53.428","2","0","75 15:58.171","8","0","0","0","67301","0","0","0","Y","0","0","0","1","46104","0","","5.0","30.0","1","N","N","N","0","","0","0","1","0","0","N","1320","1","1","0","0","0","1","0","2","0","1","0","0","0","3","","","N","","","","","","","","","",""
"2021072023","1858","2","0","0","0","0","0","0","0","0","4","0","","67","4","2021","1","39.955578","-75.233984","1858","6","0","0","0","0","0","1","0","0","","0","0","0","18","1","2","","1","0","39 57:20.080","","0","75 14:02.342","3","0","0","0","67301","0","0","0","N","0","0","0","3","67301","1","","1.0","","1","N","N","N","0","","1","0","0","3","2","","1817","2","2","0","0","0","0","1","2","0","2","0","0","0","3","03","","N","","","","","","","","","",""
"2021044384","1215","1","0","0","0","0","0","0","0","0","5","0","","67","5","2021","1","39.970814","-75.146458","1203","6","0","0","0","0","0","0","0","0","","0","0","0","23","3","0","N","0","2","39 58:14.930","2","0","75 08:47.250","0","0","0","0","67301","0","0","0","N","0","0","0","1","67301","0","","6.0","140.0","1","N","N","N","0","","0","0","1","0","0","Y","2320","3","0","0","0","0","0","0","2","1","3","0","0","0","3","","","N","","","","","","","","","",""
"2021071434","1832","2","0","0","0","0","0","0","0","0","4","0","","67","8","2021","1","40.010174","-75.079816","1827","6","0","0","0","0","0","0","0","0","","0","0","0","18","1","3","N","0","2","40 00:36.625","5","0","75 04:47.339","3","0","0","0","67301","0","0","0","N","0","0","0","6","67301","0","","1.0","2000.0","1","N","N","Y","0","","3","0","1","0","0","Y","1827","3","3","1","0","0","0","0","2","0","3","0","0","0","3","","","N","","","","","","","","","",""
"2021048560","2226","2","0","0","0","0","0","0","0","0","4","0","","67","5","2021","4","39.916992","-75.173025","2126","6","0","0","0","0","0","0","0","0","","0","0","0","21","3","2","","1","0","39 55:01.171","","7","75 10:22.890","3","0","0","0","67301","0","0","0","N","0","0","0","3","67301","0","","1.0","","9","N","N","N","0","","2","0","0","3","2","","2119","2","2","1","0","0","0","0","2","0","2","0","0","0","7","04","","N","","","","","","","","","",""
"2021071363","1213","1","0","0","0","0","0","0","0","0","1","0","","67","7","2021","2","39.959702","-75.176441","1204","6","0","0","0","0","0","0","0","0","","0","0","0","12","1","1","N","0","0","39 57:34.926","","0","75 10:35.187","3","0","0","0","67301","0","0","0","N","0","0","0","3","68K01","0","","1.0","","1","N","N","N","0","","1","0","2","0","0","","1200","3","1","0","0","0","0","0","2","0","3","0","0","0","3","03","","N","","","","","","","","","",""
"2021071799","950","0","0","0","0","0","0","0","0","0","7","0","","67","7","2021","2","39.977708","-75.211169","948","6","0","0","0","0","0","0","1","0","","1","0","0","9","1","0","N","0","0","39 58:39.750","","0","75 12:40.210","1","0","0","0","67301","0","0","0","N","0","0","0","1","67301","0","2","4.0","","1","N","N","N","0","0","0","0","1","3","3","","947","1","0","0","0","0","0","0","2","0","1","0","0","0","3","03","","N","","","","","","","","","",""
"2021071323","1555","1","0","0","0","0","0","0","0","0","4","0","","67","7","2021","7","40.046273","-75.057564","1550","6","0","0","0","0","0","0","0","0","","0","0","0","15","1","1","N","0","0","40 02:46.581","","0","75 03:27.230","3","0","0","1","67301","0","0","0","N","0","0","0","3","67301","0","","1.0","","1","N","N","N","0","","1","0","1","0","0","","1545","3","1","0","0","0","0","0","2","0","3","0","0","0","3","03","","N","","","","","","","","","",""
"2021049074","1800","0","0","0","0","0","0","0","0","0","1","0","","67","5","2021","6","39.98628","-75.104371","1800","6","0","0","0","0","0","1","0","0","","0","0","0","16","1","2","","1","0","39 59:10.608","","0","75 06:15.736","8","0","0","0","67301","0","0","0","N","0","0","0","3","67301","0","","1.0","","9","N","N","N","0","","0","0","2","3","2","","1635","2","2","0","0","0","2","0","2","0","2","0","0","0","7","04","","N","","","","","","","","","",""
"2021048129","131","1","0","0","0","0","0","0","0","0","0","0","","67","5","2021","5","","","131","6","0","0","0","0","0","0","0","0","","0","0","0","1","3","0","N","0","1","","4","3","","0","0","0","0","67301","0","0","0","N","0","0","0","1","67501","0","","1.0","248.0","9","N","N","N","0","","0","0","0","3","8","N","131","1","0","0","0","0","0","0","1","0","1","0","0","0","3","","","N","","","","","","","","","",""
"2021044617","2028","1","0","0","0","0","0","0","0","0","4","0","","67","5","2021","7","40.02121","-75.157651","2023","6","0","0","0","0","1","0","0","0","","0","0","0","20","3","2","","3","0","40 01:16.355","","0","75 09:27.545","3","0","0","0","67301","0","0","0","N","0","0","0","3","67301","0","","1.0","","1","N","N","N","0","","2","0","1","3","3","","2020","2","2","0","0","0","0","0","2","0","2","0","0","0","3","03","","N","","","","","","","","","",""
"2021042341","640","3","0","0","0","0","0","0","0","0","2","0","","67","5","2021","1","39.994545","-75.159318","635","6","0","0","0","0","0","2","0","0","","0","0","0","6","1","1","","1","2","39 59:40.362","5","0","75 09:33.546","8","0","0","0","67301","0","0","0","N","0","0","0","4","67301","0","","1.0","755.0","1","N","N","N","0","","0","0","1","3","2","Y","630","4","1","0","0","0","1","1","2","0","4","0","0","0","3","03","","N","","","","","","","","","",""
"2021042932","1318","2","0","0","0","0","0","0","0","0","4","0","","67","5","2021","2","39.979608","-75.165032","1315","6","0","0","0","0","0","0","0","0","","0","0","0","13","1","2","","1","0","39 58:46.587","","0","75 09:54.116","3","0","0","0","67301","0","0","0","N","0","0","0","4","67301","0","","1.0","","1","N","N","N","0","","2","0","0","3","3","","1315","2","2","0","0","0","0","0","2","0","2","0","0","0","3","03","","N","","","","","","","","","",""
"2021071046","2108","1","0","0","0","0","0","0","0","0","4","0","","67","4","2021","5","39.963064","-75.224229","2108","6","0","0","0","0","0","0","0","0","","0","0","0","21","3","2","","1","0","39 57:47.031","","0","75 13:27.224","3","0","0","1","67301","0","0","0","N","0","0","0","2","67301","0","","1.0","","1","N","N","N","0","","2","0","0","3","2","","2108","2","2","0","0","0","0","0","2","0","2","0","0","0","3","03","","N","","","","","","","","","",""
"2021049070","713","0","0","0","0","0","0","0","0","0","5","0","","67","5","2021","6","40.067887","-75.040108","711","6","0","0","0","0","0","1","0","0","","0","0","0","7","1","2","N","0","0","40 04:04.392","","6","75 02:24.388","4","0","0","0","67301","0","0","0","N","0","0","0","3","67301","2","","1.0","","1","N","N","N","0","","0","0","2","0","0","","710","2","2","0","0","0","0","0","2","0","2","0","0","0","3","03","","N","","","","","","","","","",""
"2021044071","2328","2","0","0","0","0","0","0","0","0","5","0","","67","5","2021","7","40.026694","-75.152222","2323","6","0","0","0","0","0","0","0","0","","0","0","0","23","3","4","N","0","1","40 01:36.100","6","0","75 09:08.000","3","0","0","0","67301","0","0","0","N","0","0","0","6","67301","0","","1.0","49.0","1","N","N","N","0","","4","0","2","0","0","Y","2321","4","4","0","0","0","0","0","2","0","4","0","0","0","3","03","","N","","","","","","","","","",""
"2021046941","1750","1","0","0","0","0","0","0","0","0","1","0","","67","5","2021","6","39.957996","-75.221232","1742","6","0","0","0","0","0","1","0","0","","0","0","0","16","4","1","","1","0","39 57:28.785","","0","75 13:16.434","3","0","0","0","67301","0","0","0","N","0","0","0","2","67301","0","","1.0","","1","N","N","N","0","","1","0","1","3","2","","1600","2","1","1","0","0","0","1","2","0","2","0","0","0","3","98","","N","","","","","","","","","",""
"2021044540","1751","1","0","0","0","0","0","0","0","0","4","0","","67","5","2021","1","40.03321","-75.072052","1750","6","0","0","0","0","0","0","0","0","","0","0","0","17","1","1","N","0","0","40 01:59.556","","7","75 04:19.388","3","0","0","0","67301","0","0","0","N","0","0","0","3","67301","0","","1.0","","1","N","N","N","0","","1","0","1","0","0","","1749","2","1","0","0","0","0","1","2","0","2","0","0","0","3","03","","N","","","","","","","","","",""
"2021070954","1552","1","0","0","0","0","0","0","0","0","7","0","","67","7","2021","6","40.01509","-75.085169","1548","6","0","0","0","0","0","0","0","0","","0","0","0","15","1","1","N","0","0","40 00:54.325","","0","75 05:06.608","8","0","0","0","67301","0","0","0","N","0","0","0","1","67301","0","","4.0","","1","N","N","N","0","","0","0","0","0","0","","1538","1","1","1","0","0","1","0","2","0","1","0","0","0","3","","","N","","","","","","","","","",""
"2021047835","252","0","0","0","0","0","0","0","0","0","6","0","","67","5","2021","1","40.024383","-75.121619","250","6","0","0","0","0","0","0","0","0","","0","0","0","5","1","0","N","0","0","40 01:27.780","","0","75 07:17.830","0","0","0","0","67301","0","0","0","N","0","0","0","1","67301","0","","6.0","","1","N","N","N","0","","0","0","2","0","0","","530","2","0","0","0","0","0","0","2","0","2","0","0","0","3","","","N","","","","","","","","","",""
"2021048759","1650","2","0","0","0","0","0","0","0","0","4","0","","67","5","2021","5","39.973618","-75.208341","1640","6","0","0","0","0","0","0","0","0","","0","0","0","16","1","1","N","0","0","39 58:25.025","","0","75 12:30.028","3","0","0","0","67301","0","0","0","N","0","0","0","2","67301","0","","1.0","","1","N","N","N","0","","1","0","0","0","0","","1613","3","1","0","0","0","0","1","2","0","3","0","0","0","3","03","","N","","","","","","","","","",""
"2021042343","2200","2","0","0","0","0","0","0","0","0","4","0","","67","5","2021","1","40.009866","-75.166801","2149","6","0","0","0","0","0","0","0","0","","0","0","0","21","3","2","","1","0","40 00:35.518","","0","75 10:00.484","4","0","0","0","67301","0","0","0","N","0","0","0","2","67301","2","","1.0","","1","N","N","N","0","","0","0","0","3","2","","2102","2","2","2","0","0","0","0","2","0","2","0","0","0","3","03","","N","","","","","","","","","",""
"2021073270","1130","1","0","0","0","0","0","0","0","0","4","0","","67","8","2021","6","40.120364","-75.017178","1123","6","0","0","0","0","0","1","0","0","","0","0","0","11","1","1","N","0","0","40 07:13.309","","7","75 01:01.840","4","0","0","0","67301","0","0","0","N","0","0","0","2","67301","1","","1.0","","1","N","N","N","0","","0","0","1","0","0","","1113","2","1","0","0","0","0","0","2","0","2","0","0","0","3","","","N","","","","","","","","","",""
"2021076360","2355","1","0","0","0","0","0","0","0","0","5","1","","67","8","2021","5","40.099024","-74.986373","2355","6","0","0","0","0","0","0","0","0","","0","1","0","23","3","1","N","0","0","40 05:56.487","","0","74 59:10.944","3","0","0","0","67301","0","0","0","N","0","0","0","1","67301","0","","6.0","","1","N","N","N","0","","1","0","0","0","0","","2340","2","1","0","0","0","0","0","2","0","2","0","0","0","3","03","","N","","","","","","","","","",""
"2021072951","1721","1","0","0","0","0","0","0","0","0","5","0","","67","7","2021","7","39.976929","-75.113659","1708","6","0","0","0","0","0","0","0","0","","0","0","0","17","1","0","N","0","1","39 58:36.944","2","0","75 06:49.172","9","0","0","0","67301","0","0","0","N","0","0","0","2","68K01","0","","1.0","1721.0","1","N","N","N","0","","0","0","0","0","0","N","1704","2","0","0","0","0","0","1","2","0","2","0","0","0","3","","","N","","","","","","","","","",""
"2021053642","2057","0","0","0","0","0","0","0","0","0","4","0","","67","5","2021","5","39.994538","-75.146542","2052","6","0","0","0","0","0","0","0","0","","0","0","0","20","3","1","","1","0","39 59:40.336","","0","75 08:47.551","8","0","0","0","67301","0","0","0","N","0","0","0","3","67301","0","","1.0","","1","N","N","N","1","","0","0","1","3","3","","2043","2","1","0","0","0","1","0","2","0","2","0","0","0","3","03","","N","","","","","","","","","",""
"2021043995","2109","1","0","0","0","0","0","0","0","0","4","0","","67","5","2021","6","40.035437","-75.108493","2058","6","0","0","0","0","0","0","0","0","","0","0","0","20","3","1","","1","0","40 02:07.572","","0","75 06:30.576","8","0","0","0","67301","0","0","0","N","0","0","0","8","67301","0","","1.0","","1","N","N","N","0","","0","0","1","3","1","","2053","2","1","0","0","0","1","1","2","0","2","0","0","0","3","03","","N","","","","","","","","","",""
"2021075780","831","2","0","0","0","0","0","0","0","0","1","0","","67","8","2021","6","40.008218","-75.202316","831","6","0","0","0","0","0","0","0","0","","0","0","0","8","1","0","N","0","1","40 00:29.584","4","0","75 12:08.337","0","0","0","0","67301","0","0","0","N","0","0","0","3","68K01","0","","1.0","930.0","1","N","N","N","0","","0","0","1","0","0","N","831","3","0","0","0","0","0","0","2","0","3","0","0","0","3","","","N","","","","","","","","","",""
"2021059054","1420","0","0","0","0","0","0","0","0","0","4","0","","67","6","2021","2","40.01807","-75.064264","1415","6","0","0","0","0","0","0","0","0","","0","0","0","14","1","1","N","0","0","40 01:05.051","","0","75 03:51.351","8","0","0","0","67301","0","0","0","N","0","0","0","2","67301","0","","1.0","","1","N","N","Y","0","","0","0","3","0","0","","1412","3","1","0","0","0","1","0","2","0","3","0","0","0","3","03","","N","","","","","","","","","",""
"2021072265","2210","3","0","0","0","0","0","0","0","0","4","0","","67","7","2021","3","40.094958","-74.976392","2206","6","0","0","0","0","0","0","0","1","","0","0","0","22","3","1","N","0","1","40 05:41.850","6","0","74 58:35.010","3","0","0","0","67301","0","0","0","N","0","0","0","2","67301","0","","1.0","30.0","1","N","N","N","0","","1","0","1","0","0","N","2200","4","1","0","0","0","0","0","2","0","4","0","0","0","3","","","N","","","","","","","","","",""
"2021072553","1547","1","0","0","0","0","0","0","0","0","7","0","","67","8","2021","3","39.890263","-75.220782","1547","6","0","0","0","0","0","0","0","0","","0","0","0","15","8","0","N","0","0","39 53:24.945","","3","75 13:14.816","9","0","0","0","67301","0","0","0","N","0","0","0","1","68K01","0","","4.0","","99","N","N","N","0","","0","0","0","0","0","","1547","1","0","0","0","0","0","1","2","0","1","0","0","0","99","","","N","","","","","","","","","",""
"2021072477","1822","1","0","0","0","0","0","0","0","0","4","1","","67","8","2021","1","39.916992","-75.231623","1820","6","0","0","0","0","0","0","0","0","","0","1","0","18","1","1","","1","0","39 55:01.170","","0","75 13:53.842","3","0","0","0","67301","0","0","0","N","0","0","0","1","67301","0","","1.0","","99","N","N","N","0","","1","0","0","0","0","","1818","3","1","0","0","0","0","0","2","1","3","0","0","0","99","04","","N","","","","","","","","","",""
"2021077304","955","0","0","0","0","0","0","0","0","0","8","0","","67","8","2021","4","39.947786","-75.167944","954","6","0","0","0","0","0","0","0","0","","0","0","0","9","1","1","N","0","0","39 56:52.030","","0","75 10:04.600","3","0","0","0","67301","1","0","0","N","1","0","0","1","67301","0","","1.0","","1","N","N","N","0","","1","0","0","0","0","","953","2","1","0","0","0","0","0","2","0","1","1","0","0","3","03","","N","","","","","","","","","",""
"2021072643","13","1","0","0","0","0","0","0","0","0","8","0","","67","7","2021","7","40.025511","-75.122391","13","6","0","1","0","0","0","0","0","0","","0","0","0","23","3","1","N","0","0","40 01:31.839","","0","75 07:20.608","2","0","0","0","67301","1","0","1","N","1","0","1","2","67301","0","","1.0","","9","N","N","N","0","","0","1","0","3","2","","2340","2","1","0","0","0","0","0","2","0","1","1","0","1","7","","","N","","","","","","","","","",""
"2021073172","1915","1","0","0","0","0","0","0","0","0","4","0","","67","8","2021","3","40.058159","-75.130777","1909","6","0","0","0","0","0","0","0","0","","0","0","0","19","1","0","N","0","0","40 03:29.374","","0","75 07:50.797","9","0","0","0","67301","0","0","0","N","0","0","0","2","67301","0","","1.0","","1","N","N","N","0","","0","0","0","0","0","","1904","2","0","1","0","0","0","1","2","0","2","0","0","0","4","","","N","","","","","","","","","",""
"2021046901","1607","1","0","0","0","0","0","0","0","0","4","0","","67","5","2021","1","40.027804","-75.098648","1602","6","0","0","0","0","0","0","0","0","","0","0","0","16","1","1","","1","0","40 01:40.095","","0","75 05:55.134","3","0","0","0","67301","0","0","0","N","0","0","0","2","67301","0","","1.0","","1","N","N","N","1","","1","0","0","3","2","","1602","2","1","0","0","0","0","0","2","0","2","0","0","0","3","03","","N","","","","","","","","","",""
"2021044049","359","3","0","0","0","0","0","0","0","0","4","0","","67","5","2021","7","40.026898","-75.09724","354","6","0","0","0","0","0","0","0","0","","0","0","0","3","3","1","","1","1","40 01:36.832","2","0","75 05:50.065","3","0","0","0","67301","0","0","0","N","0","0","0","3","67301","0","","1.0","359.0","1","N","N","N","0","","1","0","0","3","2","N","350","3","1","0","0","0","0","0","2","0","3","0","0","0","3","","","N","","","","","","","","","",""
"2021072209","1857","1","0","0","0","0","0","0","0","0","4","0","","67","8","2021","1","39.954566","-75.14472","1850","6","0","0","0","0","0","1","0","0","","0","0","0","18","1","0","","1","0","39 57:16.437","","0","75 08:40.992","0","0","0","0","67301","0","0","0","N","0","0","0","2","67301","0","","1.0","","1","N","N","N","0","","0","0","1","3","3","","1847","2","0","0","0","0","0","0","2","0","2","0","0","0","4","04","","N","","","","","","","","","",""
"2021044542","720","1","0","0","0","0","0","0","0","0","4","0","","67","5","2021","7","39.973747","-75.208095","710","6","0","0","0","0","0","1","0","0","","0","0","0","7","1","1","N","0","0","39 58:25.488","","0","75 12:29.142","3","0","0","0","67301","0","0","0","N","0","0","0","3","67301","0","","1.0","","1","N","N","N","0","","1","0","2","0","0","","701","3","1","0","0","0","0","0","2","0","3","0","0","0","3","03","","N","","","","","","","","","",""
"2021072032","2049","1","0","0","0","0","0","0","0","0","4","0","","67","8","2021","2","40.025704","-75.087181","2044","6","0","0","0","0","0","0","0","0","","0","0","0","20","3","1","","1","0","40 01:32.534","","0","75 05:13.851","3","0","0","0","67301","0","0","0","N","0","0","0","2","67301","0","","1.0","","1","N","N","N","0","","1","0","0","3","3","","2036","2","1","0","0","0","0","0","2","0","2","0","0","0","3","03","","N","","","","","","","","","",""
"2021045290","1237","2","0","0","0","0","0","0","0","0","4","0","","67","5","2021","5","40.032609","-75.05489","1235","6","0","0","0","0","0","0","0","0","","0","0","0","12","1","1","","1","2","40 01:57.392","3","0","75 03:17.603","4","0","0","0","67301","0","0","0","N","0","0","0","2","67301","1","","1.0","1300.0","1","N","N","N","0","","0","0","1","3","3","N","1223","3","1","1","0","0","0","0","2","0","3","0","0","0","3","03","","N","","","","","","","","","",""
"2021044019","2145","1","0","0","0","0","0","0","0","0","4","0","","67","5","2021","5","40.007438","-75.100698","2143","6","0","0","0","0","0","1","0","0","","0","0","0","21","3","2","","1","0","40 00:26.778","","0","75 06:02.514","3","0","0","0","67301","0","0","0","N","0","0","0","4","67301","0","","1.0","","1","N","N","N","0","","2","0","1","3","2","","2138","2","2","3","0","0","0","0","2","0","2","0","0","0","3","","","N","","","","","","","","","",""
"2021044614","730","0","0","0","0","0","0","0","0","0","7","0","","67","5","2021","7","40.014883","-75.206623","711","6","0","0","0","0","0","1","0","0","","0","0","0","5","1","1","N","0","2","40 00:53.580","7","3","75 12:23.843","3","0","0","0","67301","0","0","0","N","0","0","0","1","67301","0","","4.0","913.0","1","N","N","N","0","","1","0","1","0","0","N","500","1","1","1","0","0","0","0","2","0","1","0","0","0","3","03","","N","","","","","","","","","",""
"2021044367","11","2","0","0","0","0","0","0","0","0","5","0","","67","5","2021","1","40.038697","-75.038678","10","6","0","0","0","0","0","0","0","0","","0","0","0","23","3","0","N","0","1","40 02:19.310","4","0","75 02:19.240","0","0","0","0","67301","0","0","0","N","0","0","0","2","67301","0","","6.0","130.0","1","N","N","N","0","","0","0","0","0","0","N","2353","3","0","0","0","0","0","0","2","1","3","0","0","0","3","","","N","","","","","","","","","",""
"2021071909","630","0","0","0","0","0","0","0","0","0","0","1","","67","8","2021","2","39.918225","-75.208762","620","6","0","0","0","0","0","1","0","0","","0","1","0","6","1","1","N","1","2","39 55:05.610","1","0","75 12:31.544","3","0","0","0","67301","0","0","0","N","0","0","0","1","67301","0","","1.0","950.0","1","N","N","N","0","","1","0","0","3","2","Y","620","1","1","0","0","0","0","0","2","0","1","0","0","0","3","03","","N","","","","","","","","","",""
"2021044828","350","3","0","0","0","0","0","0","0","0","5","0","","67","5","2021","2","39.997917","-75.127425","338","6","0","0","0","0","1","0","0","0","","0","0","0","3","3","0","N","0","0","39 59:52.500","","0","75 07:38.730","0","0","0","0","67301","0","0","0","N","0","0","0","1","67301","0","","6.0","","1","N","N","N","0","","0","0","2","0","0","","335","5","0","0","0","0","0","0","2","0","5","0","0","0","3","","","N","","","","","","","","","",""
"2021053936","1435","0","0","0","0","0","0","0","0","0","4","0","","67","5","2021","6","39.95762","-75.145687","1430","6","0","0","0","0","0","0","0","0","","0","0","0","14","1","1","","1","0","39 57:27.432","","0","75 08:44.473","3","0","0","0","67301","0","0","0","N","0","0","0","6","67301","0","","1.0","","1","N","N","N","1","","1","0","1","3","2","","1425","2","1","2","0","0","0","0","2","0","2","0","0","0","3","03","","N","","","","","","","","","",""
"2021047829","1213","1","0","0","0","0","0","0","0","0","4","0","","67","5","2021","3","40.033146","-75.10696","1211","6","0","0","0","0","0","0","0","0","","0","0","0","12","1","2","","1","0","40 01:59.326","","0","75 06:25.057","3","0","0","0","67301","0","0","0","N","0","0","0","5","67301","0","","1.0","","1","N","N","N","0","","1","0","1","3","2","","1207","2","2","0","0","0","1","3","2","0","2","0","0","0","3","","","N","","","","","","","","","",""
"2021047708","338","1","0","0","0","0","0","0","0","0","4","0","","67","5","2021","7","39.958684","-75.239414","338","6","0","0","0","0","0","0","0","0","","0","0","0","3","3","2","","1","0","39 57:31.261","","0","75 14:21.889","4","0","0","0","67301","0","0","0","N","0","0","0","3","67301","2","","1.0","","1","N","N","N","1","","0","0","0","3","1","","338","2","2","1","0","0","0","0","2","0","2","0","0","0","3","03","","N","","","","","","","","","",""
"2021044536","1430","1","0","0","0","0","0","0","0","0","1","0","","67","5","2021","7","39.967648","-75.160352","1425","6","0","0","0","0","0","1","0","0","","0","0","0","14","1","2","N","0","1","39 58:03.532","2","0","75 09:37.268","3","0","0","0","67301","0","0","0","N","0","0","0","4","67301","0","","1.0","1450.0","1","N","N","N","0","","2","0","2","0","0","N","1425","3","2","0","0","0","0","0","2","0","3","0","0","0","3","03","","N","","","","","","","","","",""