"CRN","ARRIVAL_TM","AUTOMOBILE_COUNT","BELTED_DEATH_COUNT","BELTED_SUSP_SERIOUS_INJ_COUNT","BICYCLE_COUNT","BICYCLE_DEATH_COUNT","BICYCLE_SUSP_SERIOUS_INJ_COUNT","BUS_COUNT","CHLDPAS_DEATH_COUNT","CHLDPAS_SUSP_SERIOUS_INJ_COUNT","COLLISION_TYPE","COMM_VEH_COUNT","CONS_ZONE_SPD_LIM","COUNTY","CRASH_MONTH","CRASH_YEAR","DAY_OF_WEEK","DEC_LATITUDE","DEC_LONGITUDE","DISPATCH_TM","DISTRICT","DRIVER_COUNT_16YR","DRIVER_COUNT_17YR","DRIVER_COUNT_18YR","DRIVER_COUNT_19YR","DRIVER_COUNT_20YR","DRIVER_COUNT_50_64YR","DRIVER_COUNT_65_74YR","DRIVER_COUNT_75PLUS","EST_HRS_CLOSED","FATAL_COUNT","HEAVY_TRUCK_COUNT","HORSE_BUGGY_COUNT","HOUR_OF_DAY","ILLUMINATION","INJURY_COUNT","INTERSECTION_RELATED","INTERSECT_TYPE","LANE_CLOSED","LATITUDE","LN_CLOSE_DIR","LOCATION_TYPE","LONGITUDE","MAX_SEVERITY_LEVEL","MCYCLE_DEATH_COUNT","MCYCLE_SUSP_SERIOUS_INJ_COUNT","MOTORCYCLE_COUNT","MUNICIPALITY","NONMOTR_COUNT","NONMOTR_DEATH_COUNT","NONMOTR_SUSP_SERIOUS_INJ_COUNT","NTFY_HIWY_MAINT","PED_COUNT","PED_DEATH_COUNT","PED_SUSP_SERIOUS_INJ_COUNT","PERSON_COUNT","POLICE_AGCY","POSSIBLE_INJ_COUNT","RDWY_SURF_TYPE_CD","RELATION_TO_ROAD","ROADWAY_CLEARED","ROAD_CONDITION","SCH_BUS_IND","SCH_ZONE_IND","SECONDARY_CRASH","SMALL_TRUCK_COUNT","SPEC_JURIS_CD","SUSP_MINOR_INJ_COUNT","SUSP_SERIOUS_INJ_COUNT","SUV_COUNT","TCD_FUNC_CD","TCD_TYPE","TFC_DETOUR_IND","TIME_OF_DAY","TOTAL_UNITS","TOT_INJ_COUNT","UNBELTED_OCC_COUNT","UNB_DEATH_COUNT","UNB_SUSP_SERIOUS_INJ_COUNT","UNK_INJ_DEG_COUNT","UNK_INJ_PER_COUNT","URBAN_RURAL","VAN_COUNT","VEHICLE_COUNT","VULNERABLE_ROAD_USER_COUNT","VULNERABLE_ROAD_USER_DEATH_COUNT","VULNERABLE_ROAD_USER_SER_INJ_COUNT","WEATHER1","WEATHER2","WORKERS_PRES","WORK_ZONE_IND","WORK_ZONE_LOC","WORK_ZONE_TYPE","WZ_CLOSE_DETOUR","WZ_FLAGGER","WZ_LAW_OFFCR_IND","WZ_LN_CLOSURE","WZ_MOVING","WZ_OTHER","WZ_SHLDER_MDN","WZ_WORKERS_INJ_KILLED"
"2021064319","1852","1","0","0","1","0","0","0","0","0","8","0","","67","6","2021","3","39.97319","-75.159004","1845","6","0","0","0","0","0","0","0","0","","0","0","0","18","1","1","","1","0","39 58:23.483","","0","75 09:32.415","3","0","0","0","67301","1","0","0","N","0","0","0","2","67301","0","","1.0","","1","N","N","N","0","","1","0","0","3","2","","1840","2","1","1","0","0","0","0","2","0","1","1","0","0","3","03","","N","","","","","","","","","",""
"2021048561","1530","0","0","0","0","0","0","0","0","0","4","0","","67","5","2021","1","40.046784","-75.070288","1530","6","0","0","0","0","0","0","0","0","","0","0","0","13","1","1","","1","0","40 02:48.424","","0","75 04:13.037","3","0","0","0","67301","0","0","0","N","0","0","0","2","67301","0","","1.0","","1","N","N","N","0","","1","0","0","3","2","","1330","2","1","0","0","0","0","0","2","1","2","0","0","0","3","03","","N","","","","","","","","","",""
"2021120690","1722","2","0","0","0","0","0","0","0","0","1","0","","67","11","2021","7","40.000614","-75.19479","1714","6","0","0","0","0","0","0","0","0","","0","0","0","17","1","1","N","0","0","40 00:02.212","","0","75 11:41.244","3","0","0","0","67301","0","0","0","N","0","0","0","3","68K01","0","","1.0","","1","N","N","N","0","","1","0","0","3","8","","1712","2","1","0","0","0","0","0","2","0","2","0","0","0","3","","","N","","","","","","","","","",""
"2021049389","1138","0","0","0","0","0","0","0","0","0","7","0","","67","5","2021","7","40.040904","-75.005257","1138","6","0","0","0","0","0","0","0","0","","0","0","0","11","1","0","N","0","2","40 02:27.254","2","0","75 00:18.926","0","0","0","0","67301","0","0","0","N","0","0","0","5","68K01","0","","4.0","1200.0","9","N","N","N","1","","0","0","0","0","0","N","1138","1","0","0","0","0","0","0","2","0","1","0","0","0","7","07","","N","","","","","","","","","",""
"2021072780","1539","1","0","0","0","0","0","0","0","0","8","0","","67","8","2021","4","40.018122","-75.057308","1535","6","0","0","0","0","0","0","0","0","","0","0","0","15","1","1","N","0","1","40 01:05.240","3","0","75 03:26.310","4","0","0","0","67301","1","0","0","N","1","0","0","1","67301","1","","1.0","1603.0","1","Y","N","N","0","","0","0","0","0","0","N","1523","2","1","0","0","0","0","0","2","0","1","1","0","0","3","","","N","","","","","","","","","",""
"2021043337","1247","2","0","0","0","0","0","0","0","0","4","0","","67","5","2021","4","39.986524","-75.157896","1244","6","0","0","0","0","1","0","0","0","","0","0","0","12","1","1","","1","0","39 59:11.485","","0","75 09:28.427","3","0","0","0","67301","0","0","0","N","0","0","0","2","67301","0","","1.0","","1","N","N","Y","0","","1","0","1","3","2","","1233","4","1","0","0","0","0","0","2","1","4","0","0","0","3","","","N","","","","","","","","","",""
"2021045357","1223","2","0","0","0","0","0","0","0","0","1","0","","67","5","2021","2","40.045928","-75.001816","1216","6","0","0","0","0","0","0","0","0","","0","0","0","12","1","0","","6","1","40 02:45.339","2","2","75 00:06.539","0","0","0","0","67301","0","0","0","N","0","0","0","3","68K01","0","","7.0","1235.0","1","N","N","N","0","","0","0","0","0","0","N","1213","2","0","0","0","0","0","0","2","0","2","0","0","0","3","03","","N","","","","","","","","","",""
"2021046287","1124","2","0","0","0","0","0","0","0","0","4","0","","67","5","2021","1","40.000221","-75.142173","1117","6","0","0","0","0","0","1","0","0","","0","0","0","11","1","1","","1","0","40 00:00.797","","0","75 08:31.823","3","0","0","0","67301","0","0","0","N","0","0","0","2","67301","0","","1.0","","1","N","N","N","0","","1","0","0","3","2","","1113","2","1","0","0","0","0","0","2","0","2","0","0","0","3","03","","N","","","","","","","","","",""
"2021071925","951","3","0","0","0","0","0","0","0","0","5","0","","67","7","2021","7","39.966456","-75.145917","947","6","0","0","0","0","0","0","0","0","","0","0","0","5","3","0","N","0","0","39 57:59.240","","0","75 08:45.300","9","0","0","0","67301","0","0","0","N","0","0","0","1","67301","0","","1.0","","1","N","N","N","0","","0","0","0","0","0","","525","3","0","0","0","0","0","1","2","0","3","0","0","0","3","03","","N","","","","","","","","","",""
"2021044615","1225","1","0","0","0","0","0","0","0","0","8","0","","67","5","2021","6","40.011956","-75.176015","1220","6","0","0","0","0","0","0","0","0","","0","0","0","23","3","1","","1","0","40 00:43.041","","0","75 10:33.654","3","0","0","0","67301","1","0","0","N","1","0","0","2","67301","0","","1.0","","1","N","N","N","0","","1","0","0","0","0","","2315","2","1","0","0","0","0","0","2","0","1","1","0","0","3","03","","N","","","","","","","","","",""
"2021043998","1820","1","0","0","0","0","0","0","0","0","2","0","","67","5","2021","6","39.922512","-75.170149","1815","6","0","0","0","0","0","0","0","0","","0","0","0","18","1","2","N","0","0","39 55:21.043","","0","75 10:12.538","8","0","0","0","67301","0","0","0","N","0","0","0","3","67301","0","","6.0","","1","N","N","N","0","","0","0","1","0","0","","1800","3","2","0","0","0","2","0","2","1","3","0","0","0","3","03","","N","","","","","","","","","",""
"2021044611","32","0","0","0","1","0","0","0","0","0","8","0","","67","5","2021","4","40.024323","-75.159737","28","6","0","0","0","0","0","0","0","0","","0","0","0","0","3","1","N","0","0","40 01:27.562","","0","75 09:35.054","3","0","0","0","67301","1","0","0","N","0","0","0","2","67301","0","","1.0","","1","N","N","N","0","","1","0","1","0","0","","24","2","1","1","0","0","0","1","2","0","1","1","0","0","3","03","","N","","","","","","","","","",""
"2021047285","1207","3","0","0","0","0","0","0","0","0","5","0","","67","5","2021","1","40.025011","-75.135019","1201","6","0","0","0","0","0","0","0","0","","0","0","0","10","1","0","N","0","0","40 01:30.040","","0","75 08:06.070","9","0","0","0","67301","0","0","0","N","0","0","0","1","67301","0","","6.0","","1","N","N","N","0","","0","0","1","0","0","","1040","4","0","0","0","0","0","1","2","0","4","0","0","0","3","03","","N","","","","","","","","","",""
"2021043997","1642","0","0","0","1","0","0","0","0","0","8","0","","67","5","2021","6","39.937831","-75.151649","1638","6","0","0","0","0","0","0","0","0","","0","0","0","7","1","1","","1","0","39 56:16.193","","0","75 09:05.937","3","0","0","0","67301","1","0","0","N","0","0","0","2","67301","0","","1.0","","1","N","N","N","0","","1","0","0","3","3","","730","2","1","0","0","0","0","0","2","1","1","1","0","0","3","","","N","","","","","","","","","",""
"2021046286","1047","2","0","0","0","0","0","0","0","0","4","0","","67","5","2021","7","40.017346","-75.116248","1045","6","0","0","0","0","0","0","0","0","","0","0","0","9","1","0","","1","0","40 01:02.444","","0","75 06:58.492","0","0","0","0","67301","0","0","0","N","0","0","0","2","67301","0","","1.0","","1","N","N","N","0","","0","0","0","3","2","","900","2","0","0","0","0","0","0","2","0","2","0","0","0","3","03","","N","","","","","","","","","",""
"2021076058","1919","1","0","0","0","0","0","0","0","0","4","0","","67","8","2021","7","40.000631","-75.132891","1918","6","0","0","0","0","0","0","0","0","","0","0","0","19","1","0","","1","0","40 00:02.271","","0","75 07:58.407","9","0","0","0","67301","0","0","0","N","0","0","0","2","67301","0","","1.0","","1","N","N","N","0","","0","0","1","3","2","","1900","2","0","0","0","0","0","1","2","0","2","0","0","0","3","03","","N","","","","","","","","","",""
"2021072148","2016","0","0","0","0","0","0","0","0","0","7","0","","67","7","2021","4","39.922314","-75.147838","2009","6","0","0","0","0","0","0","0","0","","0","0","0","20","3","1","N","0","2","39 55:20.331","1","0","75 08:52.218","8","0","0","0","67301","0","0","0","N","0","0","0","1","68K01","0","","3.0","2100.0","1","N","N","N","0","","0","0","1","0","0","N","2005","1","1","0","0","0","1","0","2","0","1","0","0","0","3","","","N","","","","","","","","","",""
"2021063873","2107","1","0","0","0","0","0","0","0","0","7","0","","67","7","2021","7","39.952393","-75.188619","1935","6","0","0","0","0","0","0","0","0","","0","0","0","19","1","1","N","0","1","39 57:08.614","4","0","75 11:19.028","3","0","0","0","67301","0","0","0","N","0","0","0","1","67504","0","","5.0","2107.0","1","N","N","N","0","","1","0","0","0","0","N","1933","1","1","1","0","0","0","0","2","0","1","0","0","0","3","03","","N","","","","","","","","","",""
"2021071729","1845","0","0","0","0","0","0","0","0","0","5","0","","67","7","2021","6","40.012042","-75.111933","1845","6","0","0","0","0","0","0","0","0","","0","0","0","16","1","1","N","0","0","40 00:43.350","","0","75 06:42.960","8","0","0","1","67301","0","0","0","N","0","0","0","3","67301","0","","1.0","","1","N","N","N","0","","0","0","1","3","2","","1650","2","1","0","0","0","1","0","2","0","2","0","0","0","3","03","","N","","","","","","","","","",""
"2021049857","2114","2","0","0","0","0","0","0","0","0","4","0","","67","5","2021","5","39.950925","-75.230654","2113","6","0","0","0","0","1","0","1","0","","0","0","0","21","3","1","","1","0","39 57:03.330","","0","75 13:50.354","3","0","0","0","67301","0","0","0","N","0","0","0","5","67301","0","","1.0","","1","N","N","N","0","","1","0","0","3","2","","2112","2","1","0","0","0","0","0","2","0","2","0","0","0","3","03","","N","","","","","","","","","",""
"2021048758","1620","2","0","0","0","0","0","0","0","0","4","0","","67","5","2021","5","39.95906","-75.203602","1620","6","0","0","0","0","0","0","0","0","","0","0","0","14","1","0","","1","1","39 57:32.616","4","0","75 12:12.967","0","0","0","0","67301","0","0","0","N","0","0","0","3","67301","0","","1.0","30.0","1","N","N","Y","0","","0","0","0","3","3","N","1430","2","0","0","0","0","0","0","2","0","2","0","0","0","3","03","","N","","","","","","","","","",""
"2021046921","1338","1","0","0","0","0","0","0","0","0","5","0","","67","5","2021","1","39.927972","-75.233792","1335","6","0","0","0","0","0","1","0","0","","0","0","0","13","1","1","N","0","0","39 55:40.700","","0","75 14:01.650","2","0","0","0","67301","1","0","1","N","1","0","1","4","67301","0","","1.0","","1","N","N","Y","1","","0","1","0","0","0","","1330","3","1","2","0","0","0","2","2","0","2","1","0","1","3","03","","N","","","","","","","","","",""
"2021049276","2340","3","0","0","0","0","0","0","0","0","1","0","","67","5","2021","7","39.955157","-75.162907","2328","6","0","0","0","0","1","0","0","0","","0","0","0","23","3","3","N","0","0","39 57:18.566","","0","75 09:46.466","3","0","0","0","67301","0","0","0","N","0","0","0","6","67301","0","","1.0","","9","N","N","N","0","","3","0","1","0","0","","2326","4","3","0","0","0","0","0","2","0","4","0","0","0","7","07","","N","","","","","","","","","",""
"2021047659","218","2","0","0","0","0","0","0","0","0","1","0","","67","5","2021","7","39.930681","-75.198879","214","6","0","0","0","0","0","0","0","0","","0","0","0","2","3","4","N","0","1","39 55:50.450","3","0","75 11:55.964","3","0","0","0","67301","0","0","0","N","0","0","0","4","68K01","0","","1.0","305.0","1","N","N","N","0","","4","0","0","0","0","N","214","2","4","3","0","0","0","0","2","0","2","0","0","0","3","03","","N","","","","","","","","","",""
"2021078131","1723","1","0","0","0","0","0","0","0","0","8","0","","67","8","2021","6","40.036507","-75.063127","1722","6","0","0","0","0","0","0","0","0","","0","0","0","15","1","1","N","0","0","40 02:11.425","","0","75 03:47.256","3","0","0","0","67301","1","0","0","N","1","0","0","1","67301","0","","5.0","","1","N","N","N","0","","1","0","0","0","0","","1535","2","1","0","0","0","0","0","2","0","1","1","0","0","4","","","N","","","","","","","","","",""
"2021087512","1620","0","0","0","0","0","0","0","0","0","2","0","","67","9","2021","1","39.923705","-75.164465","1614","6","0","0","0","0","0","1","0","0","","0","0","0","15","1","0","","1","0","39 55:25.339","","0","75 09:52.075","9","0","0","0","67301","0","0","0","N","0","0","0","2","67301","0","","1.0","","1","N","N","N","0","","0","0","2","3","2","","1552","2","0","0","0","0","0","1","2","0","2","0","0","0","3","03","","N","","","","","","","","","",""
"2021064309","1233","2","0","0","0","0","0","0","0","0","4","0","","67","6","2021","2","39.979172","-75.249038","1231","6","0","0","0","0","0","0","1","0","","0","0","0","12","1","2","","1","0","39 58:45.019","","0","75 14:56.536","3","0","0","0","67301","0","0","0","N","0","0","0","2","67301","1","","1.0","","1","N","N","N","0","","1","0","0","3","3","","1228","2","2","0","0","0","0","0","2","0","2","0","0","0","3","","","N","","","","","","","","","",""
"2021064246","1352","1","0","0","0","0","0","0","0","0","4","0","","67","6","2021","4","40.03696","-75.195005","1352","6","0","0","0","0","0","0","1","0","","0","0","0","13","1","3","","1","0","40 02:13.057","","0","75 11:42.017","4","0","0","0","67301","0","0","0","N","0","0","0","3","67301","3","","1.0","","1","N","N","N","1","","0","0","1","3","3","","1311","3","3","0","0","0","0","0","2","0","3","0","0","0","3","03","","N","","","","","","","","","",""
"2021086043","1502","2","0","0","0","0","0","0","0","0","4","0","","67","9","2021","5","40.021588","-75.063216","1500","6","0","0","0","1","0","0","0","0","","1","0","0","14","1","0","","1","0","40 01:17.718","","0","75 03:47.577","1","0","0","0","67301","1","1","0","N","1","1","0","3","67301","0","2","1.0","","1","N","N","N","0","0","0","0","0","3","3","","1445","3","0","0","0","0","0","1","2","0","2","1","1","0","3","03","","N","","","","","","","","","",""
"2021076508","114","1","0","0","0","0","0","0","0","0","1","0","","67","8","2021","1","39.958498","-75.166757","43","6","0","0","0","0","0","0","0","0","","0","0","0","0","3","0","N","0","1","39 57:30.591","4","0","75 10:00.326","0","0","0","0","67301","0","0","0","N","0","0","0","2","68K01","0","","1.0","150.0","1","N","N","N","0","","0","0","1","0","0","N","41","2","0","1","0","0","0","0","2","0","2","0","0","0","3","","","N","","","","","","","","","",""
"2021064243","1344","0","0","0","0","0","0","0","0","0","7","0","","67","6","2021","3","40.052158","-75.184847","1338","6","0","0","0","0","0","0","0","1","","0","0","0","13","1","1","N","0","0","40 03:07.770","","0","75 11:05.450","4","0","0","0","67301","0","0","0","N","0","0","0","1","67301","1","","4.0","","1","N","N","N","0","","0","0","1","0","0","","1323","1","1","0","0","0","0","0","2","0","1","0","0","0","3","03","","N","","","","","","","","","",""
"2021076949","248","0","0","0","0","0","0","0","0","0","5","0","","67","8","2021","1","39.975564","-75.194889","248","6","0","0","0","0","0","0","0","0","","0","0","0","2","3","1","N","0","2","39 58:32.029","3","0","75 11:41.602","8","0","0","0","67301","0","0","0","N","0","0","0","3","68K01","0","","1.0","330.0","1","N","N","N","0","","0","0","1","0","0","N","223","2","1","0","0","0","1","1","2","0","2","0","0","0","3","","","N","","","","","","","","","",""
"2021064227","232","0","0","0","0","0","0","0","0","0","4","0","","67","6","2021","1","39.919855","-75.227538","232","6","0","0","0","0","0","1","0","0","","0","0","0","2","3","1","","1","0","39 55:11.478","","0","75 13:39.136","3","0","0","0","67301","0","0","0","N","0","0","0","3","67301","0","","1.0","","1","N","N","N","1","","1","0","1","3","2","","212","2","1","0","0","0","0","0","2","0","2","0","0","0","3","03","","N","","","","","","","","","",""
"2021050561","940","1","0","0","0","0","0","0","0","0","7","0","","67","5","2021","1","39.893075","-75.224242","939","6","0","0","0","0","0","0","0","0","","0","0","0","8","1","0","N","0","0","39 53:35.070","","0","75 13:27.270","0","0","0","0","67301","0","0","0","N","0","0","0","1","67301","0","","9.0","","9","N","N","N","0","","0","0","0","0","0","","848","1","0","0","0","0","0","0","2","0","1","0","0","0","7","04","","N","","","","","","","","","",""
"2021087475","2308","2","0","0","0","0","0","0","0","0","4","0","","67","9","2021","3","40.043828","-75.053297","2316","6","0","0","0","0","0","0","0","0","","0","0","0","22","3","0","N","0","0","40 02:37.782","","0","75 03:11.868","9","0","0","0","67301","0","0","0","N","0","0","0","2","67301","0","","1.0","","1","N","N","N","0","","0","0","0","0","0","","2245","2","0","0","0","0","0","1","2","0","2","0","0","0","3","","","N","","","","","","","","","",""
"2021047945","1518","2","0","0","0","0","0","0","0","0","8","0","","67","5","2021","3","39.994356","-75.121489","1518","6","0","0","0","0","0","0","0","0","","0","0","0","14","1","1","","1","0","39 59:39.681","","0","75 07:17.360","3","0","0","0","67301","1","0","0","N","1","0","0","2","67301","0","","1.0","","1","N","N","N","0","","1","0","1","0","0","","1455","4","1","0","0","0","0","1","2","0","3","1","0","0","3","","","N","","","","","","","","","",""
"2021085517","146","4","0","0","0","0","0","0","0","0","5","0","","67","9","2021","7","39.981317","-75.183658","145","6","0","0","0","0","0","0","0","0","","0","0","0","1","3","0","N","0","0","39 58:52.740","","0","75 11:01.170","0","0","0","0","67301","0","0","0","N","0","0","0","0","67301","0","","6.0","","1","N","N","N","0","","0","0","2","0","0","","125","6","0","0","0","0","0","0","2","0","6","0","0","0","3","03","","N","","","","","","","","","",""
"2021051830","1057","2","0","0","0","0","0","0","0","0","4","0","","67","5","2021","5","40.018906","-75.14723","1053","6","0","0","1","0","0","0","0","0","","0","0","0","10","1","4","","1","0","40 01:08.061","","0","75 08:50.029","3","0","0","0","67301","0","0","0","N","0","0","0","5","67301","0","","1.0","","1","N","N","Y","0","","4","0","0","3","2","","1051","2","4","2","0","0","0","0","2","0","2","0","0","0","3","03","","N","","","","","","","","","",""
"2021048220","105","0","0","1","0","0","0","0","0","0","4","0","","67","5","2021","5","40.033626","-75.046786","104","6","0","0","0","0","0","0","1","0","","0","0","0","1","3","3","","1","2","40 02:01.052","7","0","75 02:48.431","2","0","0","0","67301","0","0","0","N","0","0","0","3","67301","0","","1.0","354.0","9","N","N","N","0","","2","1","2","3","2","Y","104","2","3","2","0","0","0","0","2","0","2","0","0","0","3","03","","N","","","","","","","","","",""
"2021052201","426","1","0","0","0","0","0","0","0","0","7","0","","67","5","2021","1","39.960452","-75.181239","419","6","0","0","0","0","0","0","0","0","","0","0","0","4","3","0","","7","1","39 57:37.626","4","8","75 10:52.459","0","0","0","0","67301","0","0","0","N","0","0","0","2","68K01","0","","7.0","513.0","9","N","N","N","0","","0","0","0","0","0","Y","415","1","0","0","0","0","0","0","2","0","1","0","0","0","7","07","","N","","","","","","","","","",""
"2021048994","1222","2","0","0","0","0","0","0","0","0","1","0","","67","5","2021","5","40.068899","-75.007917","1215","6","0","0","0","0","0","0","0","0","","0","0","0","11","1","0","N","0","0","40 04:08.035","","0","75 00:28.500","0","0","0","0","67301","0","0","0","N","0","0","0","2","67301","0","","1.0","","99","N","N","N","0","","0","0","0","0","0","","1158","2","0","0","0","0","0","0","2","0","2","0","0","0","3","03","","N","","","","","","","","","",""
"2021049381","2158","1","0","0","0","0","0","0","0","0","0","0","","67","5","2021","6","40.045867","-75.001858","2158","6","0","0","0","0","0","0","0","0","","0","0","0","21","3","0","N","0","0","40 02:45.122","","0","75 00:06.687","0","0","0","0","67301","0","0","0","Y","0","0","0","2","68K01","0","","1.0","","9","N","N","N","0","","0","0","0","0","0","","2158","1","0","0","0","0","0","0","2","0","1","0","0","0","7","04","","N","","","","","","","","","",""
"2021048516","1429","0","0","0","0","0","0","0","0","0","1","0","","67","5","2021","3","39.968271","-75.128951","1409","6","0","0","0","0","2","0","0","0","","0","0","0","13","1","1","N","0","0","39 58:05.774","","0","75 07:44.222","3","0","0","0","67301","0","0","0","N","0","0","0","4","68K01","0","","1.0","","1","N","N","N","1","","1","0","2","0","0","","1354","4","1","0","0","0","0","0","2","1","4","0","0","0","3","03","","N","","","","","","","","","",""
"2021120664","2040","1","0","0","0","0","0","0","0","0","7","0","","67","12","2021","3","40.029438","-75.188872","2018","6","0","0","0","0","0","1","0","0","","0","0","0","20","3","1","","2","0","40 01:45.975","","0","75 11:19.940","2","0","0","0","67301","0","0","0","N","0","0","0","1","67301","0","","4.0","","1","N","N","N","0","","0","1","0","3","2","","2000","1","1","1","0","1","0","0","2","0","1","0","0","0","3","03","","N","","","","","","","","","",""
"2021044006","6","3","0","0","0","0","0","0","0","0","5","0","","67","5","2021","6","40.073183","-75.164033","2358","6","0","0","0","0","0","0","0","0","","0","0","0","23","3","0","N","0","0","40 04:23.460","","0","75 09:50.520","9","0","0","0","67301","0","0","0","N","0","0","0","1","67301","0","","6.0","","1","N","N","N","0","","0","0","0","0","0","","2350","3","0","0","0","0","0","1","2","0","3","0","0","0","3","03","","N","","","","","","","","","",""
"2021075014","1045","1","0","0","0","0","0","0","0","0","1","0","","67","8","2021","2","40.000935","-75.152939","1045","6","0","0","0","0","0","1","0","0","","0","0","0","9","1","0","N","0","1","40 00:03.366","2","0","75 09:10.582","0","0","0","0","67301","0","0","0","N","0","0","0","2","67301","0","","1.0","1145.0","1","N","N","N","0","","0","0","1","0","0","N","945","2","0","0","0","0","0","0","2","0","2","0","0","0","3","03","","N","","","","","","","","","",""
"2021045418","2318","1","0","0","0","0","0","0","0","0","4","0","","67","5","2021","1","40.109273","-75.025555","2315","6","0","0","0","0","2","0","0","0","","0","0","0","22","3","1","","2","0","40 06:33.384","","0","75 01:31.999","4","0","0","0","67301","0","0","0","N","0","0","0","2","67301","1","","1.0","","1","N","N","N","0","","0","0","1","0","0","","2235","2","1","0","0","0","0","0","2","0","2","0","0","0","3","","","N","","","","","","","","","",""
"2021043170","100","3","0","0","0","0","0","0","0","0","2","0","","67","5","2021","3","39.999468","-75.125094","58","6","0","0","0","0","0","0","0","0","","0","0","0","0","3","1","N","0","0","39 59:58.083","","0","75 07:30.338","8","0","0","0","67301","0","0","0","N","0","0","0","2","67301","0","","1.0","","1","N","N","N","0","","0","0","0","0","0","","53","3","1","0","0","0","1","0","2","0","3","0","0","0","3","03","","N","","","","","","","","","",""
"2021071047","2326","1","0","0","0","0","0","0","0","0","7","0","","67","4","2021","2","39.989758","-75.219486","2326","6","0","0","0","0","0","0","0","0","","0","0","0","23","3","0","N","0","0","39 59:23.130","","0","75 13:10.150","0","0","0","0","67301","0","0","0","N","0","0","0","1","67301","0","","4.0","","1","N","N","N","0","","0","0","0","0","0","","2326","1","0","0","0","0","0","0","2","0","1","0","0","0","3","03","","N","","","","","","","","","",""
"2021046908","10","3","0","0","0","0","0","0","0","0","3","0","","67","5","2021","1","39.94175","-75.149139","7","6","0","0","0","0","0","0","0","0","","0","0","0","0","3","2","N","0","0","39 56:30.300","","0","75 08:56.900","3","0","0","0","67301","2","0","0","N","2","0","0","4","67301","0","","6.0","","1","N","N","N","0","","2","0","0","0","0","","7","5","2","1","0","0","0","0","2","0","3","2","0","0","3","03","","N","","","","","","","","","",""
"2021059315","436","0","0","0","0","0","0","0","0","0","1","0","","67","6","2021","7","39.998189","-75.167014","435","6","0","0","0","0","0","0","0","0","","0","0","0","4","3","0","N","0","0","39 59:53.480","","0","75 10:01.250","0","0","0","0","67301","0","0","0","N","0","0","0","1","67301","0","","6.0","","1","N","N","N","1","","0","0","2","0","0","","425","3","0","1","0","0","0","0","2","0","3","0","0","0","3","","","N","","","","","","","","","",""
"2021048873","1817","0","0","0","1","0","0","0","0","0","8","0","","67","5","2021","5","39.974119","-75.204313","1812","6","0","0","0","0","0","0","0","0","","0","0","0","13","1","1","","1","0","39 58:26.830","","0","75 12:15.528","4","0","0","0","67301","1","0","0","N","0","0","0","2","67301","1","","1.0","","1","N","N","N","0","","0","0","1","3","2","","1315","2","1","0","0","0","0","0","2","0","1","1","0","0","3","03","","N","","","","","","","","","",""
"2021076209","1235","0","0","0","0","0","0","0","0","0","4","0","","67","8","2021","1","40.020543","-75.094977","1228","6","0","0","0","0","0","0","0","0","","0","0","0","12","1","3","N","0","2","40 01:13.955","5","0","75 05:41.918","3","0","0","1","67301","0","0","0","N","0","0","0","4","67301","0","","1.0","1300.0","1","N","N","N","0","","3","0","1","0","0","Y","1226","2","3","1","0","0","0","0","2","0","2","0","0","0","3","03","","N","","","","","","","","","",""
"2021047288","1012","1","0","0","0","0","0","0","0","0","4","0","","67","5","2021","2","40.026594","-75.123255","1012","6","0","0","0","0","0","1","0","0","","0","0","0","10","1","1","","1","1","40 01:35.738","2","0","75 07:23.718","4","0","0","0","67301","0","0","0","N","0","0","0","3","67301","1","","1.0","1130.0","1","N","N","N","0","","0","0","2","3","3","Y","1011","3","1","0","0","0","0","0","2","0","3","0","0","0","3","04","","N","","","","","","","","","",""
"2021064228","430","2","0","0","0","0","0","0","0","0","5","0","","67","6","2021","1","39.899567","-75.249353","424","6","0","0","0","0","0","0","0","0","","0","0","0","4","3","0","N","0","2","39 53:58.440","5","0","75 14:57.670","0","0","0","0","67301","0","0","0","N","0","0","0","1","67301","0","","6.0","630.0","1","N","N","N","0","","0","0","2","0","0","Y","415","4","0","0","0","0","0","0","2","0","4","0","0","0","3","03","","N","","","","","","","","","",""
"2021047284","326","1","0","0","0","0","0","0","0","0","4","0","","67","5","2021","1","40.033265","-75.117881","253","6","0","0","0","0","0","0","0","0","","0","0","0","2","3","1","","1","0","40 01:59.754","","0","75 07:04.371","8","0","0","1","67301","0","0","0","N","0","0","0","2","67301","0","","1.0","","1","N","N","N","0","","0","0","0","3","3","","200","2","1","0","0","0","1","0","2","0","2","0","0","0","3","03","","N","","","","","","","","","",""
"2021046065","356","1","0","0","0","0","0","0","0","0","4","0","","67","5","2021","6","40.038922","-75.13762","350","6","0","0","0","0","0","0","0","0","","0","0","0","3","3","0","","2","1","40 02:20.119","2","0","75 08:15.432","0","0","0","0","67301","0","0","0","N","0","0","0","1","67301","0","","1.0","500.0","1","N","N","N","0","","0","0","1","0","0","N","345","2","0","0","0","0","0","0","2","0","2","0","0","0","3","03","","N","","","","","","","","","",""