"CRN","ARRIVAL_TM","AUTOMOBILE_COUNT","BELTED_DEATH_COUNT","BELTED_SUSP_SERIOUS_INJ_COUNT","BICYCLE_COUNT","BICYCLE_DEATH_COUNT","BICYCLE_SUSP_SERIOUS_INJ_COUNT","BUS_COUNT","CHLDPAS_DEATH_COUNT","CHLDPAS_SUSP_SERIOUS_INJ_COUNT","COLLISION_TYPE","COMM_VEH_COUNT","CONS_ZONE_SPD_LIM","COUNTY","CRASH_MONTH","CRASH_YEAR","DAY_OF_WEEK","DEC_LATITUDE","DEC_LONGITUDE","DISPATCH_TM","DISTRICT","DRIVER_COUNT_16YR","DRIVER_COUNT_17YR","DRIVER_COUNT_18YR","DRIVER_COUNT_19YR","DRIVER_COUNT_20YR","DRIVER_COUNT_50_64YR","DRIVER_COUNT_65_74YR","DRIVER_COUNT_75PLUS","EST_HRS_CLOSED","FATAL_COUNT","HEAVY_TRUCK_COUNT","HORSE_BUGGY_COUNT","HOUR_OF_DAY","ILLUMINATION","INJURY_COUNT","INTERSECTION_RELATED","INTERSECT_TYPE","LANE_CLOSED","LATITUDE","LN_CLOSE_DIR","LOCATION_TYPE","LONGITUDE","MAX_SEVERITY_LEVEL","MCYCLE_DEATH_COUNT","MCYCLE_SUSP_SERIOUS_INJ_COUNT","MOTORCYCLE_COUNT","MUNICIPALITY","NONMOTR_COUNT","NONMOTR_DEATH_COUNT","NONMOTR_SUSP_SERIOUS_INJ_COUNT","NTFY_HIWY_MAINT","PED_COUNT","PED_DEATH_COUNT","PED_SUSP_SERIOUS_INJ_COUNT","PERSON_COUNT","POLICE_AGCY","POSSIBLE_INJ_COUNT","RDWY_SURF_TYPE_CD","RELATION_TO_ROAD","ROADWAY_CLEARED","ROAD_CONDITION","SCH_BUS_IND","SCH_ZONE_IND","SECONDARY_CRASH","SMALL_TRUCK_COUNT","SPEC_JURIS_CD","SUSP_MINOR_INJ_COUNT","SUSP_SERIOUS_INJ_COUNT","SUV_COUNT","TCD_FUNC_CD","TCD_TYPE","TFC_DETOUR_IND","TIME_OF_DAY","TOTAL_UNITS","TOT_INJ_COUNT","UNBELTED_OCC_COUNT","UNB_DEATH_COUNT","UNB_SUSP_SERIOUS_INJ_COUNT","UNK_INJ_DEG_COUNT","UNK_INJ_PER_COUNT","URBAN_RURAL","VAN_COUNT","VEHICLE_COUNT","VULNERABLE_ROAD_USER_COUNT","VULNERABLE_ROAD_USER_DEATH_COUNT","VULNERABLE_ROAD_USER_SER_INJ_COUNT","WEATHER1","WEATHER2","WORKERS_PRES","WORK_ZONE_IND","WORK_ZONE_LOC","WORK_ZONE_TYPE","WZ_CLOSE_DETOUR","WZ_FLAGGER","WZ_LAW_OFFCR_IND","WZ_LN_CLOSURE","WZ_MOVING","WZ_OTHER","WZ_SHLDER_MDN","WZ_WORKERS_INJ_KILLED"
"2021087414","627","0","0","0","0","0","0","0","0","0","1","0","","67","9","2021","4","39.949709","-75.183915","617","6","0","0","0","0","0","0","0","0","","0","0","0","6","1","2","N","0","0","39 56:58.954","","0","75 11:02.095","8","0","0","0","67301","0","0","0","N","0","0","0","3","68K01","0","","1.0","","1","N","N","N","2","","0","0","1","0","0","","612","3","2","0","0","0","2","0","2","0","3","0","0","0","3","","","N","","","","","","","","","",""
"2021047287","326","1","0","0","0","0","0","0","0","0","4","0","","67","5","2021","2","40.051741","-75.152996","326","6","0","0","0","0","0","0","0","0","","0","0","0","3","3","1","","1","0","40 03:06.267","","0","75 09:10.785","3","0","0","0","67301","0","0","0","N","0","0","0","2","67301","0","","1.0","","4","N","N","Y","0","","1","0","1","3","2","","300","2","1","0","0","0","0","0","2","0","2","0","0","0","3","","","N","","","","","","","","","",""
"2021070476","1911","1","0","0","0","0","0","0","0","0","4","0","","67","7","2021","4","39.976452","-75.184157","1911","6","0","0","0","0","0","0","0","0","","0","0","0","18","1","0","","1","0","39 58:35.227","","0","75 11:02.965","0","0","0","0","67301","0","0","0","N","0","0","0","3","67301","0","","1.0","","1","N","N","N","0","","0","0","1","3","3","","1810","2","0","0","0","0","0","0","2","0","2","0","0","0","3","03","","N","","","","","","","","","",""
"2021085452","1800","0","0","0","0","0","0","0","0","0","8","0","","67","9","2021","4","39.940325","-75.233618","1959","6","0","0","0","0","0","0","0","0","","0","0","0","15","1","1","","1","0","39 56:25.170","","0","75 14:01.024","3","0","0","0","67301","1","0","0","N","1","0","0","2","67301","0","","1.0","","1","N","N","N","0","","1","0","0","3","2","","1544","2","1","0","0","0","0","1","2","0","1","1","0","0","3","03","","N","","","","","","","","","",""
"2021064271","1207","0","0","0","0","0","0","0","0","0","4","0","","67","6","2021","4","40.03937","-75.033833","1154","6","0","0","0","0","0","0","0","0","","0","0","0","11","1","2","N","0","0","40 02:21.732","","0","75 02:01.797","3","0","0","0","67301","0","0","0","N","0","0","0","5","67301","0","","1.0","","1","N","N","N","0","","2","0","1","0","0","","1153","2","2","0","0","0","0","0","2","1","2","0","0","0","3","03","","N","","","","","","","","","",""
"2021076257","1429","1","0","0","0","0","0","0","0","0","5","1","","67","8","2021","7","40.101614","-74.998147","1429","6","0","0","0","0","0","1","0","0","","0","1","0","14","1","0","N","0","1","40 06:05.810","4","0","74 59:53.330","9","0","0","0","67301","0","0","0","N","0","0","0","1","67301","0","","6.0","30.0","1","N","N","N","1","","0","0","1","0","0","Y","1429","4","0","0","0","0","0","1","2","0","4","0","0","0","3","03","","N","","","","","","","","","",""
"2021049172","2103","1","0","0","0","0","0","0","0","0","8","0","","67","5","2021","6","39.949351","-75.164318","2102","6","0","0","0","0","0","0","0","0","","0","0","0","21","3","1","","1","0","39 56:57.663","","0","75 09:51.544","4","0","0","0","67301","1","0","0","N","1","0","0","2","67301","1","","1.0","","9","N","N","N","0","","0","0","0","3","2","","2100","2","1","0","0","0","0","0","2","0","1","1","0","0","7","07","","N","","","","","","","","","",""
"2021046146","730","2","0","0","0","0","0","0","0","0","4","0","","67","5","2021","6","39.978597","-75.213624","728","6","0","0","0","0","0","0","0","0","","0","0","0","7","1","1","","1","0","39 58:42.950","","0","75 12:49.048","8","0","0","0","67301","0","0","0","N","0","0","0","2","67301","0","","1.0","","1","N","N","N","0","","0","0","0","3","2","","725","2","1","0","0","0","1","0","2","0","2","0","0","0","3","03","","N","","","","","","","","","",""
"2021064231","24","2","0","0","0","0","0","0","0","0","4","0","","67","6","2021","3","39.929636","-75.239715","24","6","0","0","0","0","0","0","0","0","","0","0","0","0","3","0","","11","0","39 55:46.689","","0","75 14:22.974","9","0","0","0","67301","0","0","0","N","0","0","0","1","67301","0","","1.0","","1","N","N","N","0","","0","0","1","0","0","","24","3","0","0","0","0","0","1","2","0","3","0","0","0","3","03","","N","","","","","","","","","",""
"2021046567","2","0","0","0","0","0","0","0","0","0","5","0","","67","5","2021","1","39.955306","-75.147472","0","6","0","0","0","0","0","0","0","0","","0","0","0","0","3","1","N","0","1","39 57:19.100","4","3","75 08:50.900","4","0","0","0","67301","0","0","0","N","0","0","0","4","67501","1","","1.0","32.0","1","N","N","N","0","","0","0","2","3","8","N","0","2","1","0","0","0","0","0","2","0","2","0","0","0","3","","","N","","","","","","","","","",""
"2021054581","1637","2","0","0","0","0","0","0","0","0","1","0","","67","5","2021","2","40.070117","-75.00919","1623","6","0","0","0","1","0","0","0","1","","0","0","0","16","1","1","Y","0","1","40 04:12.420","4","0","75 00:33.084","4","0","0","0","67301","0","0","0","N","0","0","0","5","67301","1","","1.0","1723.0","1","N","N","N","0","","0","0","1","3","2","N","1623","3","1","0","0","0","0","0","2","0","3","0","0","0","4","03","","N","","","","","","","","","",""
"2021051412","1614","0","0","0","0","0","0","0","0","0","5","0","","67","5","2021","7","39.962785","-75.234532","1614","6","0","0","1","0","0","0","0","0","","0","0","0","15","1","2","","1","0","39 57:46.025","","0","75 14:04.315","4","0","0","0","67301","0","0","0","N","0","0","0","3","67301","2","","1.0","","9","N","N","N","0","","0","0","2","2","2","","1515","2","2","0","0","0","0","1","2","0","2","0","0","0","7","07","","N","","","","","","","","","",""
"2021047248","1905","2","0","0","0","0","0","0","0","0","4","0","","67","5","2021","7","39.999084","-75.102046","1905","6","0","0","0","0","0","0","0","0","","0","0","0","18","1","1","","1","0","39 59:56.702","","0","75 06:07.365","3","0","0","1","67301","0","0","0","N","0","0","0","2","67301","0","","1.0","","1","N","N","N","0","","1","0","0","3","2","","1845","3","1","0","0","0","0","0","2","0","3","0","0","0","3","03","","N","","","","","","","","","",""
"2021051649","1255","1","0","0","0","0","0","0","0","0","4","0","","67","5","2021","7","40.02428","-75.130381","1255","6","0","0","0","0","0","1","0","0","","0","0","0","7","1","1","","1","0","40 01:27.407","","0","75 07:49.370","3","0","0","0","67301","0","0","0","N","0","0","0","2","67301","0","","1.0","","99","N","N","N","0","","1","0","1","3","2","","735","2","1","2","0","0","0","1","2","0","2","0","0","0","7","","","N","","","","","","","","","",""
"2021064164","1610","0","0","0","0","0","0","0","0","0","1","0","","67","6","2021","7","39.898016","-75.210952","1606","6","0","0","0","0","0","0","1","0","","0","0","0","14","1","1","N","0","0","39 53:52.856","","3","75 12:39.428","4","0","0","0","67301","0","0","0","N","0","0","0","3","67301","1","","1.0","","1","N","N","N","0","","0","0","2","0","0","","1438","3","1","0","0","0","0","0","2","0","3","0","0","0","3","03","","N","","","","","","","","","",""
"2021085189","2345","0","0","0","0","0","0","0","0","0","8","0","","67","9","2021","4","40.041695","-75.168704","2330","6","0","0","0","0","0","0","0","0","","1","0","0","22","3","0","","1","0","40 02:30.102","","0","75 10:07.334","1","0","0","0","67301","1","1","0","N","1","1","0","2","67301","0","2","1.0","","9","N","N","N","0","0","0","0","0","3","3","","2230","2","0","0","0","0","0","1","2","0","1","1","1","0","7","07","","N","","","","","","","","","",""
"2021052987","254","3","0","0","0","0","0","0","0","0","1","0","","67","5","2021","7","39.927429","-75.195574","254","6","0","0","0","0","0","0","0","0","","0","0","0","2","3","2","N","0","2","39 55:38.746","3","0","75 11:44.068","8","0","0","0","67301","0","0","0","N","0","0","0","3","68K01","0","","1.0","25.0","1","N","N","Y","0","","0","0","0","0","0","N","254","3","2","0","0","0","2","0","2","0","3","0","0","0","3","03","","N","","","","","","","","","",""
"2021047245","1630","1","0","0","0","0","0","0","0","0","5","0","","67","5","2021","2","40.049336","-75.014539","1623","6","0","0","0","0","0","1","0","1","","0","0","0","16","1","1","N","0","1","40 02:57.610","4","0","75 00:52.340","4","0","0","0","67301","0","0","0","N","0","0","0","2","67301","1","","1.0","20.0","1","N","N","N","1","","0","0","2","0","0","Y","1623","4","1","0","0","0","0","0","2","0","4","0","0","0","3","03","","N","","","","","","","","","",""
"2021058974","133","2","0","0","0","0","0","0","0","0","5","0","","67","6","2021","7","39.955804","-75.203634","133","6","0","0","0","0","0","1","0","0","","0","0","0","1","3","0","N","0","0","39 57:20.896","","0","75 12:13.081","0","0","0","0","67301","0","0","0","N","0","0","0","1","67504","0","","6.0","","1","N","N","N","0","","0","0","0","0","0","","133","2","0","0","0","0","0","0","2","0","2","0","0","0","3","03","","N","","","","","","","","","",""
"2021059559","1615","2","0","0","0","0","0","0","0","0","4","0","","67","6","2021","7","40.006928","-75.096796","1613","6","0","0","0","0","0","0","2","0","","0","0","0","16","1","1","","1","0","40 00:24.940","","0","75 05:48.465","3","0","0","0","67301","0","0","0","N","0","0","0","3","67301","0","","1.0","","1","N","N","N","1","","1","0","0","3","3","","1611","3","1","0","0","0","0","0","2","0","3","0","0","0","3","03","","N","","","","","","","","","",""
"2021064283","636","1","0","0","0","0","0","0","0","0","4","0","","67","6","2021","7","39.934039","-75.195963","526","6","0","0","0","0","0","1","0","0","","0","0","0","5","1","0","","1","0","39 56:02.542","","0","75 11:45.468","0","0","0","0","67301","0","0","0","N","0","0","0","2","67301","0","","1.0","","1","N","N","N","0","","0","0","0","3","3","","516","2","0","0","0","0","0","0","2","1","2","0","0","0","3","03","","N","","","","","","","","","",""
"2021049754","1700","1","0","0","1","0","0","0","0","0","8","0","","67","5","2021","1","39.972953","-75.226117","1655","6","0","0","0","0","0","0","0","0","","0","0","0","16","3","1","","1","0","39 58:22.631","","0","75 13:34.022","3","0","0","0","67301","1","0","0","N","0","0","0","2","67301","0","","1.0","","1","N","N","N","0","","1","0","0","3","2","","1655","2","1","0","0","0","0","0","2","0","1","1","0","0","3","03","","N","","","","","","","","","",""
"2021064280","103","2","0","0","0","0","0","0","0","0","6","0","","67","6","2021","2","39.9858","-75.213489","102","6","0","1","0","0","0","0","0","0","","0","0","0","0","3","0","N","0","0","39 59:08.880","","0","75 12:48.560","0","0","0","0","67301","0","0","0","N","0","0","0","4","67301","0","","1.0","","1","N","N","N","0","","0","0","0","0","0","","50","2","0","0","0","0","0","0","2","0","2","0","0","0","3","","","N","","","","","","","","","",""
"2021085696","1617","3","0","0","0","0","0","0","0","0","4","0","","67","9","2021","6","40.022351","-75.078135","1617","6","0","0","0","0","0","0","0","1","","0","0","0","16","1","0","","1","0","40 01:20.463","","0","75 04:41.285","0","0","0","0","67301","0","0","0","N","0","0","0","3","67301","0","","1.0","","1","N","N","Y","0","","0","0","0","3","2","","1617","3","0","0","0","0","0","0","2","0","3","0","0","0","3","03","","N","","","","","","","","","",""
"2021048140","135","3","0","0","0","0","0","0","0","0","5","0","","67","5","2021","4","39.971452","-75.121096","127","6","0","0","0","0","0","0","0","0","","0","0","0","1","3","0","","1","1","39 58:17.228","1","2","75 07:15.945","0","0","0","0","67301","0","0","0","N","0","0","0","4","67301","0","","1.0","300.0","1","N","N","N","0","","0","0","0","3","2","N","120","3","0","0","0","0","0","0","2","0","3","0","0","0","3","03","","N","","","","","","","","","",""
"2021075798","1445","0","0","0","0","0","0","0","0","0","5","1","","67","8","2021","6","40.009514","-75.078642","1435","6","0","0","0","0","0","0","0","0","","0","1","0","14","1","0","N","0","2","40 00:34.250","3","0","75 04:43.110","0","0","0","0","67301","0","0","0","N","0","0","0","1","67301","0","","1.0","1530.0","1","N","N","N","0","","0","0","1","0","0","Y","1430","2","0","1","0","0","0","0","2","0","2","0","0","0","3","03","","N","","","","","","","","","",""
"2021049627","1131","2","0","0","0","0","0","0","0","0","5","0","","67","5","2021","7","40.039498","-75.007471","1118","6","0","1","0","0","0","0","0","0","","0","0","0","11","1","0","N","0","2","40 02:22.193","2","0","75 00:26.897","9","0","0","0","67301","0","0","0","N","0","0","0","5","68K01","0","","1.0","1212.0","9","N","N","N","0","","0","0","0","0","0","N","1114","2","0","0","0","0","0","2","2","0","2","0","0","0","7","","","N","","","","","","","","","",""
"2021064265","1235","1","0","0","0","0","0","0","0","0","1","0","","67","6","2021","2","40.018169","-75.061253","1231","6","0","0","0","0","0","0","0","0","","0","0","0","12","1","1","N","0","1","40 01:05.410","1","0","75 03:40.510","3","0","0","0","67301","0","0","0","N","0","0","0","1","67301","0","","6.0","100.0","1","N","N","N","0","","1","0","1","0","0","N","1230","2","1","0","0","0","0","0","2","0","2","0","0","0","3","03","","N","","","","","","","","","",""
"2021076439","2253","2","0","0","0","0","0","0","0","0","4","0","","67","8","2021","3","39.993317","-75.084762","2247","6","0","0","1","0","0","0","0","0","","0","0","0","22","3","0","N","0","1","39 59:35.940","1","0","75 05:05.143","0","0","0","0","67301","0","0","0","N","0","0","0","2","68K01","0","","1.0","2330.0","9","N","N","N","0","","0","0","0","0","0","Y","2244","2","0","0","0","0","0","0","2","0","2","0","0","0","7","","","N","","","","","","","","","",""
"2021049278","835","1","0","0","0","0","0","0","0","0","4","0","","67","5","2021","7","39.969842","-75.241138","824","6","0","0","1","0","0","1","0","0","","0","0","0","7","1","1","","1","0","39 58:11.431","","0","75 14:28.096","8","0","0","0","67301","0","0","0","N","0","0","0","2","67301","0","","1.0","","9","N","N","N","0","","0","0","1","3","3","","725","2","1","0","0","0","1","0","2","0","2","0","0","0","4","07","","N","","","","","","","","","",""
"2021046138","920","1","0","0","0","0","0","0","0","0","1","0","","67","5","2021","4","39.947783","-75.23113","916","6","0","0","0","0","0","0","0","0","","0","0","0","9","1","2","N","0","0","39 56:52.017","","0","75 13:52.069","3","0","0","0","67301","0","0","0","N","0","0","0","4","67301","1","","1.0","","1","N","N","N","0","","1","0","0","0","0","","912","2","2","0","0","0","0","0","2","1","2","0","0","0","3","03","","N","","","","","","","","","",""
"2021041594","317","1","0","0","0","0","0","0","0","0","7","0","","67","5","2021","7","40.040361","-75.145889","311","6","0","0","0","0","0","0","0","0","","0","0","0","2","2","0","N","0","0","40 02:25.300","","0","75 08:45.200","0","0","0","0","67301","0","0","0","N","0","0","0","1","67301","0","","5.0","","9","N","N","N","0","","0","0","0","0","0","","215","1","0","0","0","0","0","0","2","0","1","0","0","0","4","07","","N","","","","","","","","","",""
"2021075261","2008","0","0","0","0","0","0","0","0","0","8","0","","67","8","2021","1","40.011628","-75.133069","2008","6","0","0","0","0","0","0","0","0","","1","0","0","20","2","1","N","0","0","40 00:41.860","","0","75 07:59.050","1","0","0","0","67301","2","1","1","N","2","1","1","3","67301","0","2","1.0","","9","N","N","N","0","0","0","1","0","0","0","","2000","3","1","0","0","0","0","0","2","0","1","2","1","1","4","04","","N","","","","","","","","","",""
"2021054579","1038","0","0","0","1","0","0","0","0","0","8","0","","67","5","2021","7","40.041363","-75.028255","1034","6","0","0","0","0","0","0","0","0","","0","0","0","10","1","1","","1","0","40 02:28.908","","0","75 01:41.719","3","0","0","0","67301","1","0","0","N","0","0","0","2","67301","0","","1.0","","1","N","N","N","0","","1","0","0","3","2","","1033","2","1","0","0","0","0","0","2","1","1","1","0","0","3","","","N","","","","","","","","","",""
"2021064217","1730","2","0","0","0","0","0","0","0","0","5","0","","67","6","2021","2","39.956447","-75.164443","1655","6","0","0","0","0","0","0","0","0","","0","0","0","16","1","0","","1","1","39 57:23.209","2","0","75 09:51.995","0","0","0","0","67301","0","0","0","N","0","0","0","2","67301","0","","1.0","1800.0","1","N","N","N","0","","0","0","0","3","2","N","1640","2","0","2","0","0","0","0","2","0","2","0","0","0","3","","","N","","","","","","","","","",""
"2021087580","1802","1","0","0","0","0","0","0","0","0","1","0","","67","8","2021","2","39.976811","-75.197924","1752","6","0","0","0","0","1","0","1","0","","0","0","0","17","1","1","N","0","0","39 58:36.518","","0","75 11:52.528","4","0","0","0","67301","0","0","0","N","0","0","0","3","68K01","1","","1.0","","1","N","N","N","0","","0","0","1","0","0","","1751","2","1","0","0","0","0","0","2","0","2","0","0","0","3","","","N","","","","","","","","","",""
"2021049749","2010","2","0","0","0","0","0","0","0","0","4","0","","67","5","2021","6","40.013178","-75.070421","2006","6","0","0","0","0","0","0","0","0","","0","0","0","19","3","1","","1","0","40 00:47.439","","0","75 04:13.514","3","0","0","0","67301","0","0","0","N","0","0","0","3","67301","0","","1.0","","9","N","N","N","0","","1","0","0","3","2","","1946","2","1","0","0","0","0","1","2","0","2","0","0","0","7","07","","N","","","","","","","","","",""
"2021076241","1327","0","0","0","0","0","0","0","0","0","7","1","","67","8","2021","6","39.996328","-75.201603","1311","6","0","0","0","0","0","1","0","0","","0","1","0","9","1","1","N","0","0","39 59:46.780","","0","75 12:05.770","3","0","0","0","67301","0","0","0","N","0","0","0","1","67301","0","","5.0","","3","N","N","N","0","","1","0","0","0","0","","900","1","1","0","0","0","0","0","2","0","1","0","0","0","3","03","","N","","","","","","","","","",""
"2021085739","1652","1","0","0","0","0","0","1","0","0","4","1","","67","9","2021","6","40.001801","-75.154489","1648","6","0","0","0","0","0","1","0","0","","0","0","0","16","1","1","","1","0","40 00:06.482","","0","75 09:16.159","3","0","0","0","67301","1","0","0","N","1","0","0","2","67301","0","","1.0","","1","Y","N","N","0","","1","0","0","0","0","","1635","3","1","0","0","0","0","0","2","0","2","1","0","0","3","03","","N","","","","","","","","","",""
"2021054212","2007","1","0","0","0","0","0","0","0","0","4","0","","67","5","2021","5","40.080783","-75.028366","2005","6","0","0","0","0","0","0","0","0","","0","0","0","20","4","1","","1","2","40 04:50.820","2","0","75 01:42.117","3","0","0","0","67301","0","0","0","N","0","0","0","2","67301","0","","1.0","2030.0","1","N","N","N","0","","1","0","0","3","2","Y","2003","2","1","0","0","0","0","0","2","1","2","0","0","0","3","","","N","","","","","","","","","",""
"2021049081","1633","2","0","0","0","0","0","0","0","0","4","0","","67","5","2021","6","40.0262","-75.16915","1631","6","0","0","0","0","0","0","0","0","","0","0","0","16","1","4","","1","0","40 01:34.321","","0","75 10:08.941","3","0","0","0","67301","0","0","0","N","0","0","0","4","67301","0","","1.0","","9","N","N","N","0","","4","0","0","3","2","","1625","2","4","0","0","0","0","0","2","0","2","0","0","0","7","07","","N","","","","","","","","","",""
"2021049467","1225","3","0","0","0","0","0","0","0","0","5","0","","67","5","2021","2","39.969919","-75.217122","20","6","0","0","0","0","0","0","0","0","","0","0","0","23","3","0","N","0","0","39 58:11.710","","0","75 13:01.640","0","0","0","0","67301","0","0","0","N","0","0","0","2","67301","0","","1.0","","1","N","N","N","0","","0","0","1","0","0","","2353","4","0","0","0","0","0","0","2","0","4","0","0","0","3","","","N","","","","","","","","","",""
"2021049147","112","1","0","0","0","0","0","0","0","0","7","0","","67","5","2021","7","39.960452","-75.181239","112","6","0","0","0","0","1","0","0","0","","0","0","0","1","3","1","","7","1","39 57:37.626","3","2","75 10:52.459","4","0","0","0","67301","0","0","0","N","0","0","0","1","68K01","1","","7.0","140.0","9","N","N","N","0","","0","0","0","0","0","N","112","1","1","0","0","0","0","0","2","0","1","0","0","0","7","","","N","","","","","","","","","",""
"2021049382","643","1","0","0","0","0","0","0","0","0","7","0","","67","5","2021","7","39.886693","-75.214939","643","6","0","0","0","0","0","0","0","0","","0","0","0","6","1","0","N","0","1","39 53:12.093","1","3","75 12:53.780","0","0","0","0","67301","0","0","0","N","0","0","0","1","68K01","0","","3.0","715.0","9","N","N","N","0","","0","0","0","0","0","N","641","1","0","0","0","0","0","0","2","0","1","0","0","0","7","07","","N","","","","","","","","","",""
"2021050011","1543","3","0","0","0","0","0","0","0","0","1","0","50","67","5","2021","1","39.898769","-75.180268","1539","6","0","0","0","0","0","2","0","0","","0","0","0","15","1","1","N","0","2","39 53:55.568","2","0","75 10:48.965","3","0","0","0","67301","0","0","0","N","0","0","0","5","68K01","0","","1.0","100.0","1","N","N","N","0","","1","0","1","0","0","N","1539","4","1","0","0","0","0","0","2","0","4","0","0","0","3","","N","Y","4","1","","","N","Y","","","","N"
"2021070466","1923","2","0","0","0","0","0","0","0","0","3","0","","67","7","2021","4","39.955499","-75.24211","1922","6","0","0","0","0","0","0","0","0","","0","0","0","19","1","4","","1","0","39 57:19.796","","0","75 14:31.596","8","0","0","0","67301","0","0","0","N","0","0","0","5","67301","0","","1.0","","1","N","N","N","0","","0","0","0","3","3","","1919","2","4","0","0","0","4","0","2","0","2","0","0","0","3","04","","N","","","","","","","","","",""
"2021075631","1722","1","0","0","0","0","0","0","0","0","4","1","","67","8","2021","5","40.031197","-75.035978","1721","6","0","0","0","0","0","0","0","0","","0","1","0","17","1","0","","2","0","40 01:52.309","","0","75 02:09.521","0","0","0","0","67301","0","0","0","N","0","0","0","3","67301","0","","1.0","","1","N","N","N","0","","0","0","1","3","3","","1720","3","0","0","0","0","0","0","2","0","3","0","0","0","3","03","","N","","","","","","","","","",""
"2021050559","1038","1","0","0","0","0","0","0","0","0","4","0","","67","5","2021","2","39.941033","-75.229542","1036","6","0","0","0","0","0","1","0","0","","0","0","0","9","1","1","","1","0","39 56:27.718","","0","75 13:46.351","3","0","0","0","67301","0","0","0","N","0","0","0","2","67301","0","","1.0","","1","N","N","N","0","","1","0","1","3","3","","927","2","1","0","0","0","0","0","2","0","2","0","0","0","3","03","","N","","","","","","","","","",""
"2021043240","910","1","0","0","0","0","0","0","0","0","6","0","","67","5","2021","2","40.054649","-75.149706","910","6","0","0","0","0","0","0","0","0","","0","0","0","17","1","2","","1","0","40 03:16.736","","0","75 08:58.941","8","0","0","0","67301","0","0","0","N","0","0","0","4","67301","0","","1.0","","1","N","N","N","0","","0","0","2","3","2","","1710","3","2","0","0","0","2","0","2","0","3","0","0","0","4","04","","N","","","","","","","","","",""
"2021048844","1032","1","0","0","0","0","0","0","0","0","5","0","","67","5","2021","5","40.054278","-74.985774","1029","6","0","0","0","0","0","0","0","0","","0","0","0","10","1","3","N","0","1","40 03:15.400","2","0","74 59:08.786","8","0","0","0","67301","0","0","0","Y","0","0","0","4","68K01","0","","1.0","1120.0","1","N","N","N","0","","0","0","1","0","0","N","1028","2","3","0","0","0","3","0","2","0","2","0","0","0","3","03","","N","","","","","","","","","",""
"2021076598","1355","1","0","1","0","0","0","0","0","0","4","1","","67","8","2021","6","40.040323","-75.058538","1338","6","0","0","0","0","0","0","0","0","","0","1","0","13","1","1","","1","2","40 02:25.164","1","0","75 03:30.737","2","0","0","0","67301","0","0","0","N","0","0","0","2","67301","0","","1.0","1614.0","1","N","N","N","0","","0","1","0","3","2","Y","1325","2","1","0","0","0","0","0","2","0","2","0","0","0","3","03","","N","","","","","","","","","",""
"2021050831","400","2","0","0","0","0","0","0","0","0","1","0","","67","5","2021","5","39.948383","-75.219253","400","6","0","0","0","0","0","0","0","0","","0","0","0","2","3","1","","5","0","39 56:54.179","","0","75 13:09.311","8","0","0","0","67301","0","0","0","N","0","0","0","2","67301","0","","1.0","","99","N","N","N","0","","0","0","0","3","2","","200","2","1","0","0","0","1","1","2","0","2","0","0","0","3","03","","N","","","","","","","","","",""
"2021050832","402","1","0","0","0","0","0","0","0","0","1","0","","67","5","2021","1","39.962243","-75.246805","402","6","0","0","0","0","0","1","0","0","","0","0","0","4","3","1","N","0","0","39 57:44.075","","0","75 14:48.497","4","0","0","0","67301","0","0","0","N","0","0","0","2","67301","1","","1.0","","1","N","N","N","0","","0","0","0","0","0","","402","2","1","0","0","0","0","0","2","0","2","0","0","0","3","03","","N","","","","","","","","","",""
"2021064316","1620","1","0","0","0","0","0","0","0","0","2","0","","67","6","2021","2","39.997616","-75.190868","1612","6","1","0","0","0","0","1","0","0","","0","0","0","15","1","5","N","0","0","39 59:51.417","","0","75 11:27.124","3","0","0","0","67301","0","0","0","N","0","0","0","8","67301","1","","1.0","","1","N","N","N","1","","4","0","2","0","0","","1552","4","5","0","0","0","0","0","2","0","4","0","0","0","3","03","","N","","","","","","","","","",""
"2021046931","1118","0","0","0","0","0","0","0","0","0","5","0","","67","5","2021","7","40.001383","-75.065499","1111","6","0","0","0","0","0","0","0","0","","0","0","0","11","1","0","N","0","0","40 00:04.978","","0","75 03:55.798","0","0","0","0","67301","0","0","0","N","0","0","0","1","67301","0","","6.0","","1","N","N","N","1","","0","0","0","0","0","","1105","2","0","0","0","0","0","0","2","1","2","0","0","0","3","03","","N","","","","","","","","","",""
"2021076456","720","2","0","0","0","0","0","0","0","0","5","0","","67","8","2021","5","40.035425","-75.017306","709","6","0","0","0","0","0","0","0","0","","0","0","0","7","1","0","N","0","1","40 02:07.530","1","0","75 01:02.302","0","0","0","0","67301","0","0","0","N","0","0","0","2","68K01","0","","1.0","752.0","1","N","N","N","0","","0","0","0","0","0","N","702","2","0","0","0","0","0","0","2","0","2","0","0","0","3","","","N","","","","","","","","","",""
"2021048225","1615","1","0","0","0","0","0","0","0","0","8","0","","67","5","2021","4","39.992567","-75.144326","1557","6","0","0","0","0","0","0","0","0","","0","0","0","14","1","1","N","0","0","39 59:33.241","","7","75 08:39.573","3","0","0","0","67301","1","0","0","N","1","0","0","2","67301","0","","1.0","","1","N","N","N","0","","1","0","0","0","0","","1447","2","1","0","0","0","0","0","2","0","1","1","0","0","3","03","","N","","","","","","","","","",""