"CRN","ARRIVAL_TM","AUTOMOBILE_COUNT","BELTED_DEATH_COUNT","BELTED_SUSP_SERIOUS_INJ_COUNT","BICYCLE_COUNT","BICYCLE_DEATH_COUNT","BICYCLE_SUSP_SERIOUS_INJ_COUNT","BUS_COUNT","CHLDPAS_DEATH_COUNT","CHLDPAS_SUSP_SERIOUS_INJ_COUNT","COLLISION_TYPE","COMM_VEH_COUNT","CONS_ZONE_SPD_LIM","COUNTY","CRASH_MONTH","CRASH_YEAR","DAY_OF_WEEK","DEC_LATITUDE","DEC_LONGITUDE","DISPATCH_TM","DISTRICT","DRIVER_COUNT_16YR","DRIVER_COUNT_17YR","DRIVER_COUNT_18YR","DRIVER_COUNT_19YR","DRIVER_COUNT_20YR","DRIVER_COUNT_50_64YR","DRIVER_COUNT_65_74YR","DRIVER_COUNT_75PLUS","EST_HRS_CLOSED","FATAL_COUNT","HEAVY_TRUCK_COUNT","HORSE_BUGGY_COUNT","HOUR_OF_DAY","ILLUMINATION","INJURY_COUNT","INTERSECTION_RELATED","INTERSECT_TYPE","LANE_CLOSED","LATITUDE","LN_CLOSE_DIR","LOCATION_TYPE","LONGITUDE","MAX_SEVERITY_LEVEL","MCYCLE_DEATH_COUNT","MCYCLE_SUSP_SERIOUS_INJ_COUNT","MOTORCYCLE_COUNT","MUNICIPALITY","NONMOTR_COUNT","NONMOTR_DEATH_COUNT","NONMOTR_SUSP_SERIOUS_INJ_COUNT","NTFY_HIWY_MAINT","PED_COUNT","PED_DEATH_COUNT","PED_SUSP_SERIOUS_INJ_COUNT","PERSON_COUNT","POLICE_AGCY","POSSIBLE_INJ_COUNT","RDWY_SURF_TYPE_CD","RELATION_TO_ROAD","ROADWAY_CLEARED","ROAD_CONDITION","SCH_BUS_IND","SCH_ZONE_IND","SECONDARY_CRASH","SMALL_TRUCK_COUNT","SPEC_JURIS_CD","SUSP_MINOR_INJ_COUNT","SUSP_SERIOUS_INJ_COUNT","SUV_COUNT","TCD_FUNC_CD","TCD_TYPE","TFC_DETOUR_IND","TIME_OF_DAY","TOTAL_UNITS","TOT_INJ_COUNT","UNBELTED_OCC_COUNT","UNB_DEATH_COUNT","UNB_SUSP_SERIOUS_INJ_COUNT","UNK_INJ_DEG_COUNT","UNK_INJ_PER_COUNT","URBAN_RURAL","VAN_COUNT","VEHICLE_COUNT","VULNERABLE_ROAD_USER_COUNT","VULNERABLE_ROAD_USER_DEATH_COUNT","VULNERABLE_ROAD_USER_SER_INJ_COUNT","WEATHER1","WEATHER2","WORKERS_PRES","WORK_ZONE_IND","WORK_ZONE_LOC","WORK_ZONE_TYPE","WZ_CLOSE_DETOUR","WZ_FLAGGER","WZ_LAW_OFFCR_IND","WZ_LN_CLOSURE","WZ_MOVING","WZ_OTHER","WZ_SHLDER_MDN","WZ_WORKERS_INJ_KILLED"
"2021046935","539","1","0","0","1","0","0","0","0","0","8","0","","67","5","2021","7","39.966285","-75.202851","536","6","0","0","0","0","0","0","0","0","","0","0","0","1","3","1","","1","0","39 57:58.627","","0","75 12:10.263","3","0","0","0","67301","1","0","0","N","0","0","0","2","67301","0","","1.0","","1","N","N","N","0","","1","0","0","3","3","","135","2","1","0","0","0","0","0","2","0","1","1","0","0","3","","","N","","","","","","","","","",""
"2021050600","200","3","0","0","0","0","0","0","0","0","5","0","","67","5","2021","3","39.966106","-75.197914","158","6","0","0","0","0","0","0","0","0","","0","0","0","1","3","0","N","0","0","39 57:57.980","","0","75 11:52.490","9","0","0","0","67301","0","0","0","N","0","0","0","1","67301","0","","6.0","","1","N","N","N","0","","0","0","1","0","0","","156","4","0","0","0","0","0","1","2","0","4","0","0","0","3","03","","N","","","","","","","","","",""
"2021048652","1512","0","0","0","0","0","0","0","0","0","4","0","","67","5","2021","5","40.04387","-75.228536","1509","6","0","0","0","0","0","1","0","0","","0","0","0","14","1","1","","2","0","40 02:37.932","","7","75 13:42.728","3","0","0","0","67301","0","0","0","N","0","0","0","2","67301","0","","1.0","","1","N","N","N","0","","1","0","2","3","2","","1440","2","1","0","0","0","0","0","2","0","2","0","0","0","3","03","","N","","","","","","","","","",""
"2021047525","2045","1","0","0","0","0","0","0","0","0","4","0","","67","5","2021","7","40.009563","-75.153638","2039","6","0","0","0","0","0","1","0","0","","0","0","0","19","1","1","","1","0","40 00:34.427","","0","75 09:13.095","3","0","0","1","67301","0","0","0","N","0","0","0","2","67301","0","","1.0","","1","N","N","N","0","","1","0","0","3","3","","1908","2","1","0","0","0","0","0","2","0","2","0","0","0","4","","","N","","","","","","","","","",""
"2021064209","1048","1","0","0","0","0","0","0","0","0","7","0","","67","6","2021","7","40.092944","-75.013194","1042","6","0","0","0","0","0","0","0","0","","0","0","0","10","1","1","","9","0","40 05:34.600","","0","75 00:47.500","3","0","0","0","67301","0","0","0","N","0","0","0","1","67301","0","","4.0","","1","N","N","N","0","","1","0","0","3","6","","1025","1","1","0","0","0","0","0","2","0","1","0","0","0","3","03","","N","","","","","","","","","",""
"2021066087","1158","2","0","0","0","0","0","0","0","0","1","0","","67","5","2021","7","39.958497","-75.167772","1146","6","0","0","0","0","0","1","0","0","","0","0","0","11","1","1","N","0","0","39 57:30.590","","0","75 10:03.978","4","0","0","0","67301","0","0","0","N","0","0","0","2","68K01","1","","1.0","","9","N","N","N","0","","0","0","0","0","0","","1145","2","1","0","0","0","0","0","2","0","2","0","0","0","7","07","","N","","","","","","","","","",""
"2021064210","1815","1","0","0","0","0","0","0","0","0","1","0","","67","6","2021","7","40.043652","-75.021864","1803","6","0","0","0","0","0","0","0","0","","0","0","0","13","1","1","","2","0","40 02:37.146","","0","75 01:18.710","8","0","0","0","67301","0","0","0","N","0","0","0","2","67301","0","","1.0","","1","N","N","N","0","","0","0","1","3","2","","1330","2","1","0","0","0","1","1","2","0","2","0","0","0","3","03","","N","","","","","","","","","",""
"2021049859","1950","0","0","0","0","0","0","0","0","0","5","0","","67","5","2021","7","39.959722","-75.2415","1945","6","0","0","0","0","0","1","0","0","","0","0","0","19","8","2","N","0","2","39 57:35.000","5","0","75 14:29.400","4","0","0","0","67301","1","0","0","Y","1","0","0","2","67301","2","","6.0","100.0","9","N","N","N","0","","0","0","0","0","0","N","1940","3","2","0","0","0","0","0","2","2","2","1","0","0","7","04","","N","","","","","","","","","",""
"2021047833","835","2","0","0","0","0","0","0","0","0","4","0","","67","5","2021","3","39.971955","-75.241112","833","6","0","0","0","0","1","0","0","0","","0","0","0","6","1","1","","2","0","39 58:19.037","","0","75 14:28.003","3","0","0","0","67301","0","0","0","N","0","0","0","2","67301","0","","1.0","","1","N","N","N","0","","1","0","0","3","3","","640","2","1","1","0","0","0","0","2","0","2","0","0","0","4","03","","N","","","","","","","","","",""
"2021047385","825","1","0","0","0","0","0","0","0","0","4","0","","67","5","2021","1","39.915472","-75.137911","810","6","0","0","0","0","0","0","0","0","","0","0","0","7","1","0","N","0","0","39 54:55.698","","7","75 08:16.478","0","0","0","1","67301","0","0","0","N","0","0","0","2","67301","0","","1.0","","1","N","N","N","0","","0","0","0","0","0","","759","2","0","0","0","0","0","0","2","0","2","0","0","0","3","03","","N","","","","","","","","","",""
"2021049207","210","1","0","0","0","0","0","0","0","0","1","0","","67","5","2021","7","40.005516","-75.105344","158","6","0","0","0","0","0","0","0","0","","0","0","0","0","3","1","","1","0","40 00:19.857","","0","75 06:19.237","3","0","0","0","67301","0","0","0","N","0","0","0","3","67301","0","","1.0","","9","N","N","N","0","","1","0","0","3","1","","24","2","1","0","0","0","0","0","2","0","2","0","0","0","7","07","","N","","","","","","","","","",""
"2021049170","1533","1","0","0","0","0","0","0","0","0","4","0","","67","5","2021","6","40.070742","-75.24119","1528","6","0","0","0","1","0","0","1","0","","0","0","0","15","1","0","","1","0","40 04:14.672","","0","75 14:28.285","0","0","0","0","67301","0","0","0","N","0","0","0","2","67301","0","","1.0","","9","N","N","N","0","","0","0","1","3","2","","1525","2","0","0","0","0","0","0","2","0","2","0","0","0","7","07","","N","","","","","","","","","",""
"2021050108","745","2","0","0","0","0","0","0","0","0","4","0","","67","5","2021","7","39.992093","-75.112063","735","6","0","0","0","0","0","1","0","0","","0","0","0","7","1","1","","2","0","39 59:31.533","","0","75 06:43.425","3","0","0","0","67301","0","0","0","N","0","0","0","2","67301","0","","1.0","","9","N","N","N","0","","1","0","0","3","3","","730","2","1","0","0","0","0","0","2","0","2","0","0","0","4","07","","N","","","","","","","","","",""
"2021048218","1100","1","0","0","0","0","0","0","0","0","4","0","","67","5","2021","4","40.057794","-75.008743","1053","6","0","0","0","0","0","0","1","0","","0","0","0","10","1","1","","1","0","40 03:28.059","","0","75 00:31.473","3","0","0","0","67301","0","0","0","N","0","0","0","2","67301","0","","1.0","","1","N","N","N","0","","1","0","1","3","2","","1049","2","1","0","0","0","0","0","2","0","2","0","0","0","3","03","","N","","","","","","","","","",""
"2021049342","1649","2","0","0","0","0","0","0","0","0","4","0","","67","5","2021","7","40.051741","-75.152996","1649","6","0","0","0","1","0","0","0","0","","0","0","0","16","1","0","","1","0","40 03:06.267","","0","75 09:10.785","9","0","0","0","67301","0","0","0","N","0","0","0","3","67301","0","","1.0","","9","N","N","N","0","","0","0","0","3","2","","1600","2","0","0","0","0","0","1","2","0","2","0","0","0","7","07","","N","","","","","","","","","",""
"2021064305","1708","1","0","0","0","0","0","0","0","0","4","0","","67","6","2021","7","39.967336","-75.245842","1703","6","0","0","0","0","0","1","0","0","","0","0","0","17","1","2","","1","1","39 58:02.410","1","0","75 14:45.030","3","0","0","0","67301","0","0","0","N","0","0","0","3","67301","1","","1.0","1730.0","1","N","N","N","0","","1","0","1","3","2","Y","1700","2","2","0","0","0","0","0","2","0","2","0","0","0","3","","","N","","","","","","","","","",""
"2021049171","2004","1","0","0","0","0","0","0","0","0","4","0","","67","5","2021","6","40.062522","-75.042874","2001","6","0","0","0","0","0","0","0","1","","0","0","0","19","3","3","","1","0","40 03:45.079","","0","75 02:34.348","3","0","0","0","67301","0","0","0","N","0","0","0","3","67301","1","","1.0","","9","N","N","N","0","","1","0","1","3","2","","1941","2","3","0","0","0","1","0","2","0","2","0","0","0","7","","","N","","","","","","","","","",""
"2021050562","1201","2","0","0","0","0","0","0","0","0","5","0","","67","5","2021","1","39.9427","-75.215864","1201","6","0","0","0","0","0","0","0","0","","0","0","0","1","3","0","N","0","0","39 56:33.720","","0","75 12:57.110","0","0","0","0","67301","0","0","0","N","0","0","0","1","67301","0","","6.0","","8","N","N","N","0","","0","0","1","0","0","","100","3","0","0","0","0","0","0","2","0","3","0","0","0","7","07","","N","","","","","","","","","",""
"2021050560","1036","1","0","0","0","0","0","0","0","0","4","0","","67","5","2021","3","39.92301","-75.231284","1035","6","0","0","0","0","0","1","0","0","","0","0","0","9","1","2","","2","0","39 55:22.837","","0","75 13:52.623","4","0","0","0","67301","0","0","0","N","0","0","0","2","67301","2","","1.0","","1","N","N","N","0","","0","0","1","3","3","","935","2","2","0","0","0","0","0","2","0","2","0","0","0","4","04","","N","","","","","","","","","",""
"2021076507","36","3","0","0","0","0","0","0","0","0","1","0","","67","8","2021","1","40.013045","-75.05836","33","6","0","0","0","0","0","0","0","0","","0","0","0","0","3","2","N","0","2","40 00:46.962","2","0","75 03:30.096","4","0","0","0","67301","0","0","0","N","0","0","0","7","68K01","1","","1.0","130.0","1","N","N","N","0","","0","0","0","0","0","N","29","3","2","3","0","0","1","0","2","0","3","0","0","0","3","","","N","","","","","","","","","",""
"2021047705","2148","0","0","0","1","0","0","0","0","0","8","0","","67","5","2021","2","40.11296","-75.023011","2150","6","0","0","0","0","0","0","0","0","","0","0","0","21","4","1","","1","0","40 06:46.657","","0","75 01:22.840","3","0","0","0","67301","1","0","0","N","0","0","0","2","67301","0","","1.0","","1","N","N","N","1","","1","0","0","3","2","","2145","2","1","1","0","0","0","0","2","0","1","1","0","0","3","03","","N","","","","","","","","","",""
"2021078061","1229","1","0","0","0","0","0","0","0","0","1","0","","67","8","2021","3","39.937989","-75.144086","1201","6","0","0","0","0","0","0","0","0","","0","0","0","11","1","3","N","0","0","39 56:16.759","","0","75 08:38.709","4","0","0","0","67301","0","0","0","N","0","0","0","4","68K01","3","","1.0","","1","N","N","N","0","","0","0","1","0","0","","1129","2","3","0","0","0","0","0","2","0","2","0","0","0","3","","","N","","","","","","","","","",""
"2021064284","655","1","0","0","0","0","0","0","0","0","4","0","","67","6","2021","7","39.942995","-75.175449","648","6","0","0","0","0","0","0","0","0","","0","0","0","6","5","1","","1","0","39 56:34.783","","0","75 10:31.617","3","0","0","0","67301","0","0","0","N","0","0","0","2","67301","0","","1.0","","9","N","N","N","0","","1","0","0","3","3","","620","2","1","0","0","0","0","0","2","1","2","0","0","0","7","04","","N","","","","","","","","","",""
"2021087454","252","1","0","0","0","0","0","0","0","0","2","0","","67","9","2021","1","39.995817","-75.120814","252","6","0","0","0","0","0","0","0","0","","0","1","0","2","3","0","N","0","2","39 59:44.940","3","0","75 07:14.930","0","0","0","0","67301","0","0","0","N","0","0","0","1","67301","0","","1.0","336.0","1","N","N","N","0","","0","0","0","0","0","N","245","2","0","0","0","0","0","0","2","0","2","0","0","0","3","03","","N","","","","","","","","","",""
"2021054706","236","2","0","0","0","0","0","0","0","0","4","0","","67","5","2021","7","40.056485","-75.046402","231","6","0","0","0","0","0","0","0","0","","0","0","0","2","3","1","","1","0","40 03:23.345","","0","75 02:47.046","3","0","0","0","67301","0","0","0","N","0","0","0","3","67301","0","","1.0","","9","N","N","N","0","","1","0","0","3","2","","220","2","1","0","0","0","0","0","2","0","2","0","0","0","7","07","","N","","","","","","","","","",""
"2021078093","1738","2","0","0","0","0","0","0","0","0","1","0","","67","8","2021","4","39.995093","-75.083731","1720","6","0","0","0","0","0","1","0","0","","0","0","0","16","1","0","N","0","1","39 59:42.336","2","0","75 05:01.432","0","0","0","0","67301","0","0","0","N","0","0","0","2","68K01","0","","1.0","1803.0","1","N","N","N","0","","0","0","0","0","0","N","1654","2","0","0","0","0","0","0","2","0","2","0","0","0","3","","","N","","","","","","","","","",""
"2021076487","1645","1","0","0","0","0","0","0","0","0","1","0","","67","8","2021","6","39.986377","-75.091803","1638","6","0","0","0","0","0","0","0","0","","0","0","0","16","1","2","N","0","0","39 59:10.956","","0","75 05:30.489","4","0","0","0","67301","0","0","0","N","0","0","0","3","68K01","2","","1.0","","1","N","N","N","0","","0","0","0","0","0","","1635","2","2","0","0","0","0","1","2","0","2","0","0","0","3","","","N","","","","","","","","","",""
"2021046924","1911","2","0","0","0","0","0","0","0","0","4","0","","67","5","2021","7","40.064435","-75.153498","1911","6","0","0","0","0","0","0","0","0","","0","0","0","17","1","1","","5","0","40 03:51.966","","0","75 09:12.592","3","0","0","0","67301","0","0","0","N","0","0","0","2","67301","0","","1.0","","1","N","N","N","0","","1","0","0","3","2","","1751","2","1","2","0","0","0","0","2","0","2","0","0","0","3","03","","N","","","","","","","","","",""
"2021041592","33","0","0","0","0","0","0","0","0","0","1","0","","67","5","2021","1","40.011508","-75.135947","30","6","0","0","0","0","0","1","0","0","","0","0","0","0","3","0","N","0","0","40 00:41.430","","0","75 08:09.410","0","0","0","0","67301","0","0","0","N","0","0","0","3","67301","0","","1.0","","1","N","N","N","0","","0","0","3","0","0","","29","3","0","0","0","0","0","0","2","0","3","0","0","0","3","03","","N","","","","","","","","","",""
"2021042612","715","2","0","0","0","0","0","0","0","0","5","0","","67","5","2021","3","40.063306","-75.004194","705","6","0","0","0","0","0","0","1","0","","0","0","0","7","1","1","N","0","0","40 03:47.900","","7","75 00:15.100","8","0","0","0","67301","0","0","0","N","0","0","0","2","67301","0","","1.0","","1","N","N","N","0","","0","0","1","0","0","","700","3","1","0","0","0","1","0","2","0","3","0","0","0","3","03","","N","","","","","","","","","",""
"2021077034","2255","1","0","0","0","0","0","0","0","0","4","0","","67","7","2021","3","40.016305","-75.051912","2243","6","0","0","0","0","0","1","0","0","","0","0","0","22","3","1","N","0","1","40 00:58.697","2","0","75 03:06.882","3","0","0","0","67301","0","0","0","N","0","0","0","2","68K01","0","","1.0","30.0","1","N","N","N","0","","1","0","1","0","0","N","2243","2","1","1","0","0","0","0","2","0","2","0","0","0","3","03","","N","","","","","","","","","",""
"2021048106","1749","0","0","0","0","0","0","0","0","0","7","0","","67","5","2021","3","40.001564","-75.081258","1741","6","0","0","0","0","0","0","0","0","","0","0","0","17","1","2","N","0","2","40 00:05.631","1","0","75 04:52.529","3","0","0","0","67301","0","0","0","N","0","0","0","2","67301","0","","4.0","1818.0","1","N","N","N","0","","1","0","1","0","0","N","1740","1","2","2","0","0","1","0","2","0","1","0","0","0","3","03","","N","","","","","","","","","",""
"2021077889","939","0","0","0","0","0","0","1","0","0","5","2","","67","8","2021","3","40.024094","-75.035084","906","6","0","0","0","0","0","0","0","0","","0","1","0","8","1","5","N","0","0","40 01:26.739","","7","75 02:06.304","4","0","0","0","67301","0","0","0","N","0","0","0","8","67301","5","","1.0","","1","N","N","N","0","","0","0","0","0","0","","859","2","5","0","0","0","0","0","2","0","2","0","0","0","4","04","","N","","","","","","","","","",""
"2021046922","340","1","0","0","0","0","0","0","0","0","4","0","","67","5","2021","7","40.060908","-75.164132","336","6","0","0","0","0","0","0","0","0","","0","0","0","3","3","1","","1","2","40 03:39.269","5","0","75 09:50.875","3","0","0","0","67301","0","0","0","N","0","0","0","3","67301","0","","1.0","525.0","1","N","N","N","0","","1","0","1","3","2","Y","330","2","1","1","0","0","0","0","2","0","2","0","0","0","3","03","","N","","","","","","","","","",""
"2021046335","1949","0","0","0","0","0","0","0","0","0","5","0","","67","5","2021","6","40.039778","-75.120417","1949","6","0","0","0","1","0","0","0","0","","0","0","0","19","1","1","N","0","1","40 02:23.200","1","0","75 07:13.500","3","0","0","0","67301","0","0","0","N","0","0","0","1","67301","0","","6.0","2000.0","1","N","N","N","0","","1","0","1","0","0","N","1949","2","1","1","0","0","0","0","2","1","2","0","0","0","3","","","N","","","","","","","","","",""
"2021047390","900","1","0","0","0","0","0","0","0","0","1","0","","67","5","2021","2","39.954555","-75.181298","849","6","0","0","0","0","0","1","0","1","","0","0","0","7","1","0","","1","0","39 57:16.399","","0","75 10:52.674","9","0","0","0","67301","0","0","0","N","0","0","0","2","67301","0","","1.0","","1","N","N","N","0","","0","0","1","3","2","","747","2","0","0","0","0","0","2","2","0","2","0","0","0","4","04","","N","","","","","","","","","",""
"2021047243","1645","1","0","0","0","0","0","0","0","0","4","0","","67","5","2021","1","39.953441","-75.155414","1645","6","0","0","0","0","0","0","0","0","","0","0","0","16","1","1","N","0","0","39 57:12.388","","7","75 09:19.490","3","0","0","1","67301","0","0","0","N","0","0","0","2","67301","0","","1.0","","1","N","N","N","0","","1","0","0","0","0","","1645","2","1","0","0","0","0","0","2","0","2","0","0","0","3","03","","N","","","","","","","","","",""
"2021053665","1311","2","0","0","0","0","0","0","0","0","4","0","","67","5","2021","3","40.025237","-75.140636","1306","6","0","0","0","0","0","0","0","0","","0","0","0","13","1","0","","2","0","40 01:30.853","","0","75 08:26.289","0","0","0","0","67301","0","0","0","N","0","0","0","1","67301","0","","1.0","","1","N","N","N","0","","0","0","0","3","3","","1306","2","0","0","0","0","0","0","2","0","2","0","0","0","3","","","N","","","","","","","","","",""
"2021047840","343","1","0","0","0","0","0","0","0","0","7","0","","67","5","2021","1","40.017161","-75.125286","334","6","0","0","0","0","0","0","0","0","","0","0","0","3","3","1","N","0","0","40 01:01.780","","0","75 07:31.030","3","0","0","0","67301","0","0","0","N","0","0","0","1","67301","0","","6.0","","1","N","N","N","0","","1","0","0","0","0","","334","1","1","0","0","0","0","0","2","0","1","0","0","0","3","03","","N","","","","","","","","","",""
"2021048869","2120","0","0","0","0","0","0","0","0","0","4","0","","67","5","2021","4","39.920152","-75.230172","2109","6","0","0","0","0","0","0","0","0","","0","0","0","14","1","4","","1","0","39 55:12.547","","0","75 13:48.619","4","0","0","0","67301","0","0","0","N","0","0","0","5","67301","1","","1.0","","1","N","N","Y","0","","0","0","1","3","2","","1400","2","4","0","0","0","3","0","2","1","2","0","0","0","3","","","N","","","","","","","","","",""
"2021076210","1322","1","0","0","0","0","0","0","0","0","7","0","","67","8","2021","1","40.018714","-75.101733","1320","6","0","0","0","0","0","0","0","0","","0","0","0","13","1","0","","2","0","40 01:07.371","","0","75 06:06.238","9","0","0","0","67301","0","0","0","N","0","0","0","2","67301","0","","4.0","","1","N","N","N","0","","0","0","0","3","3","","1320","1","0","2","0","0","0","2","2","0","1","0","0","0","3","","","N","","","","","","","","","",""
"2021060038","620","0","0","0","0","0","0","0","0","0","4","0","","67","6","2021","3","","","615","6","0","0","0","0","0","1","0","0","","0","0","0","6","1","0","N","0","1","","2","6","","0","0","0","0","67301","0","0","0","N","0","0","0","2","67505","0","","1.0","645.0","1","N","N","N","0","","0","0","1","0","0","N","618","2","0","0","0","0","0","0","1","1","2","0","0","0","3","03","","N","","","","","","","","","",""
"2021048877","1710","2","0","0","0","0","0","0","0","0","4","0","","67","5","2021","6","39.994314","-75.191792","1656","6","0","0","0","0","0","1","0","0","","0","0","0","16","1","0","","3","0","39 59:39.530","","0","75 11:30.450","0","0","0","0","67301","0","0","0","N","0","0","0","2","67301","0","","1.0","","9","N","N","N","0","","0","0","0","0","0","","1639","2","0","0","0","0","0","0","2","0","2","0","0","0","7","04","","N","","","","","","","","","",""
"2021046917","1600","1","0","0","1","0","0","0","0","0","8","0","","67","5","2021","7","39.965198","-75.160883","1551","6","0","0","0","0","0","0","0","0","","0","0","0","1","3","1","","1","0","39 57:54.712","","0","75 09:39.179","4","0","0","0","67301","1","0","0","N","0","0","0","2","67301","1","","1.0","","1","N","N","N","0","","0","0","0","3","2","","100","2","1","0","0","0","0","0","2","0","1","1","0","0","3","03","","N","","","","","","","","","",""
"2021077125","1722","1","0","0","0","0","0","0","0","0","4","0","","67","8","2021","2","39.970559","-75.14996","1719","6","0","0","0","0","1","0","1","0","","0","0","0","17","1","1","","1","0","39 58:14.012","","0","75 08:59.857","4","0","0","0","67301","0","0","0","N","0","0","0","4","67301","1","","1.0","","1","N","N","N","0","","0","0","1","3","2","","1716","2","1","0","0","0","0","0","2","0","2","0","0","0","3","03","","N","","","","","","","","","",""
"2021077901","1744","2","0","0","0","0","0","0","0","0","2","0","","67","8","2021","5","40.027457","-75.062384","1741","6","0","0","0","0","1","1","0","0","","0","0","0","17","1","3","","1","0","40 01:38.846","","0","75 03:44.583","8","0","0","0","67301","0","0","0","N","0","0","0","3","67301","0","","1.0","","1","N","N","N","0","","0","0","0","3","2","","1711","2","3","0","0","0","3","0","2","0","2","0","0","0","3","03","","N","","","","","","","","","",""
"2021069838","2200","2","0","0","0","0","0","0","0","0","4","0","","67","5","2021","6","40.030667","-75.037822","2200","6","0","0","0","1","0","1","0","0","","0","0","0","12","1","2","","2","0","40 01:50.400","","0","75 02:16.160","8","0","0","0","67301","0","0","0","N","0","0","0","2","67301","0","","1.0","","1","N","N","N","0","","0","0","0","0","0","","1240","2","2","0","0","0","2","0","2","0","2","0","0","0","3","03","","N","","","","","","","","","",""
"2021049174","1800","2","0","0","0","0","0","0","0","0","4","0","","67","5","2021","6","39.984711","-75.161527","1754","6","0","0","0","0","0","1","0","0","","0","0","0","17","4","1","","1","0","39 59:04.959","","0","75 09:41.497","3","0","0","0","67301","0","0","0","N","0","0","0","2","67301","0","","1.0","","9","N","N","Y","0","","1","0","1","3","3","","1750","3","1","0","0","0","0","0","2","0","3","0","0","0","7","04","","N","","","","","","","","","",""
"2021076626","3","1","0","0","0","0","0","0","0","0","1","0","","67","8","2021","2","40.057391","-75.174694","3","6","0","0","0","1","0","1","0","0","","0","0","0","23","3","2","N","0","0","40 03:26.608","","0","75 10:28.900","3","0","0","0","67301","0","0","0","N","0","0","0","4","67301","0","","1.0","","1","N","N","N","0","","2","0","1","0","0","","2300","3","2","0","0","0","0","1","2","0","3","0","0","0","3","","","N","","","","","","","","","",""
"2021064378","1100","2","0","0","0","0","0","0","0","0","4","0","","67","6","2021","3","40.030714","-75.1224","1059","6","0","0","0","0","0","0","0","0","","0","0","0","10","1","0","","1","0","40 01:50.570","","0","75 07:20.640","0","0","0","0","67301","0","0","0","N","0","0","0","2","67301","0","","1.0","","1","N","N","N","0","","0","0","0","3","2","","1053","2","0","0","0","0","0","0","2","0","2","0","0","0","3","","","N","","","","","","","","","",""
"2021046951","920","3","0","0","0","0","0","0","0","0","4","0","","67","5","2021","1","39.989258","-75.166616","913","6","0","0","0","1","0","1","0","0","","0","0","0","9","1","2","","1","1","39 59:21.330","3","0","75 09:59.816","8","0","0","0","67301","0","0","0","N","0","0","0","3","67301","0","","1.0","945.0","1","N","N","N","0","","0","0","0","3","3","N","904","3","2","0","0","0","2","1","2","0","3","0","0","0","3","03","","N","","","","","","","","","",""
"2021064409","2225","1","0","0","0","0","0","0","0","0","7","0","","67","6","2021","4","40.012799","-75.183435","2214","6","0","0","0","0","0","1","0","0","","0","0","0","22","3","1","N","0","0","40 00:46.076","","0","75 11:00.365","2","0","0","0","67301","0","0","0","N","0","0","0","1","67301","0","","5.0","","1","N","N","N","0","","0","1","0","0","0","","2213","1","1","0","0","0","0","0","2","0","1","0","0","0","3","","","N","","","","","","","","","",""
"2021064274","2055","1","0","0","0","0","0","0","0","0","1","0","","67","6","2021","4","40.030129","-75.035161","2054","6","0","0","0","1","0","0","0","0","","0","0","0","20","4","2","","1","0","40 01:48.464","","0","75 02:06.579","4","0","0","0","67301","0","0","0","N","0","0","0","4","67301","2","","1.0","","1","N","N","N","0","","0","0","0","3","2","","2030","2","2","1","0","0","0","0","2","1","2","0","0","0","3","","","N","","","","","","","","","",""
"2021049187","152","0","0","0","0","0","0","0","0","0","1","0","","67","5","2021","6","40.024687","-75.130598","152","6","0","0","0","0","0","0","0","0","","0","0","0","21","3","2","","1","0","40 01:28.873","","0","75 07:50.152","3","0","0","0","67301","0","0","0","N","0","0","0","3","67301","0","","1.0","","9","N","N","N","0","","2","0","2","2","2","","2113","3","2","1","0","0","0","0","2","1","3","0","0","0","7","07","","N","","","","","","","","","",""
"2021064406","1859","2","0","0","0","0","0","0","0","0","4","0","","67","6","2021","2","40.029225","-75.174558","1853","6","0","0","0","0","0","0","0","0","","0","0","0","18","1","0","","1","0","40 01:45.210","","0","75 10:28.410","0","0","0","0","67301","0","0","0","N","0","0","0","2","67301","0","","1.0","","1","N","N","N","0","","0","0","0","3","2","","1808","2","0","0","0","0","0","0","2","0","2","0","0","0","3","03","","N","","","","","","","","","",""
"2021076939","811","4","0","0","0","0","0","0","0","0","1","0","45","67","7","2021","4","40.013139","-75.057808","746","6","0","0","0","0","0","1","0","0","","0","0","0","7","1","1","N","0","2","40 00:47.301","1","0","75 03:28.109","8","0","0","0","67301","0","0","0","N","0","0","0","5","68K01","0","","1.0","800.0","1","N","N","N","0","","0","0","1","0","0","N","744","5","1","0","0","0","1","0","2","0","5","0","0","0","3","","Y","Y","4","1","N","N","N","N","N","N","Y","N"
"2021075706","308","0","0","0","0","0","0","0","0","0","8","0","","67","8","2021","7","40.012928","-75.174224","303","6","0","0","0","0","0","0","0","0","","0","0","0","2","3","1","N","0","0","40 00:46.542","","0","75 10:27.208","3","0","0","0","67301","1","0","0","N","1","0","0","2","67301","0","","1.0","","1","N","N","N","0","","1","0","0","0","0","","239","2","1","0","0","0","0","1","2","0","1","1","0","0","3","03","","N","","","","","","","","","",""
"2021076412","241","1","0","0","0","0","0","0","0","0","7","0","","67","8","2021","1","40.005837","-75.074826","235","6","0","0","0","0","0","0","0","0","","0","0","0","2","3","0","N","0","1","40 00:21.013","1","0","75 04:29.374","0","0","0","0","67301","0","0","0","N","0","0","0","1","68K01","0","","4.0","245.0","9","N","N","N","0","","0","0","0","0","0","Y","233","1","0","0","0","0","0","0","2","0","1","0","0","0","7","","","N","","","","","","","","","",""