"CRN","ARRIVAL_TM","AUTOMOBILE_COUNT","BELTED_DEATH_COUNT","BELTED_SUSP_SERIOUS_INJ_COUNT","BICYCLE_COUNT","BICYCLE_DEATH_COUNT","BICYCLE_SUSP_SERIOUS_INJ_COUNT","BUS_COUNT","CHLDPAS_DEATH_COUNT","CHLDPAS_SUSP_SERIOUS_INJ_COUNT","COLLISION_TYPE","COMM_VEH_COUNT","CONS_ZONE_SPD_LIM","COUNTY","CRASH_MONTH","CRASH_YEAR","DAY_OF_WEEK","DEC_LATITUDE","DEC_LONGITUDE","DISPATCH_TM","DISTRICT","DRIVER_COUNT_16YR","DRIVER_COUNT_17YR","DRIVER_COUNT_18YR","DRIVER_COUNT_19YR","DRIVER_COUNT_20YR","DRIVER_COUNT_50_64YR","DRIVER_COUNT_65_74YR","DRIVER_COUNT_75PLUS","EST_HRS_CLOSED","FATAL_COUNT","HEAVY_TRUCK_COUNT","HORSE_BUGGY_COUNT","HOUR_OF_DAY","ILLUMINATION","INJURY_COUNT","INTERSECTION_RELATED","INTERSECT_TYPE","LANE_CLOSED","LATITUDE","LN_CLOSE_DIR","LOCATION_TYPE","LONGITUDE","MAX_SEVERITY_LEVEL","MCYCLE_DEATH_COUNT","MCYCLE_SUSP_SERIOUS_INJ_COUNT","MOTORCYCLE_COUNT","MUNICIPALITY","NONMOTR_COUNT","NONMOTR_DEATH_COUNT","NONMOTR_SUSP_SERIOUS_INJ_COUNT","NTFY_HIWY_MAINT","PED_COUNT","PED_DEATH_COUNT","PED_SUSP_SERIOUS_INJ_COUNT","PERSON_COUNT","POLICE_AGCY","POSSIBLE_INJ_COUNT","RDWY_SURF_TYPE_CD","RELATION_TO_ROAD","ROADWAY_CLEARED","ROAD_CONDITION","SCH_BUS_IND","SCH_ZONE_IND","SECONDARY_CRASH","SMALL_TRUCK_COUNT","SPEC_JURIS_CD","SUSP_MINOR_INJ_COUNT","SUSP_SERIOUS_INJ_COUNT","SUV_COUNT","TCD_FUNC_CD","TCD_TYPE","TFC_DETOUR_IND","TIME_OF_DAY","TOTAL_UNITS","TOT_INJ_COUNT","UNBELTED_OCC_COUNT","UNB_DEATH_COUNT","UNB_SUSP_SERIOUS_INJ_COUNT","UNK_INJ_DEG_COUNT","UNK_INJ_PER_COUNT","URBAN_RURAL","VAN_COUNT","VEHICLE_COUNT","VULNERABLE_ROAD_USER_COUNT","VULNERABLE_ROAD_USER_DEATH_COUNT","VULNERABLE_ROAD_USER_SER_INJ_COUNT","WEATHER1","WEATHER2","WORKERS_PRES","WORK_ZONE_IND","WORK_ZONE_LOC","WORK_ZONE_TYPE","WZ_CLOSE_DETOUR","WZ_FLAGGER","WZ_LAW_OFFCR_IND","WZ_LN_CLOSURE","WZ_MOVING","WZ_OTHER","WZ_SHLDER_MDN","WZ_WORKERS_INJ_KILLED"
"2021049182","1640","2","0","0","0","0","0","0","0","0","4","0","","67","5","2021","6","40.026327","-75.137098","1634","6","0","0","0","0","0","0","0","0","","0","0","0","15","1","1","","1","0","40 01:34.777","","0","75 08:13.552","3","0","0","0","67301","0","0","0","N","0","0","0","7","67301","0","","1.0","","9","N","N","N","0","","1","0","0","3","3","","1540","2","1","0","0","0","0","0","2","0","2","0","0","0","7","","","N","","","","","","","","","",""
"2021046622","835","1","0","0","0","0","0","0","0","0","7","0","","67","5","2021","1","40.006458","-75.151865","834","6","0","0","0","0","0","0","0","0","","0","0","0","8","1","0","N","0","1","40 00:23.250","2","0","75 09:06.715","9","0","0","0","67301","0","0","0","Y","0","0","0","1","67505","0","","4.0","930.0","1","N","N","Y","0","","0","0","1","0","0","Y","830","2","0","0","0","0","0","1","2","0","2","0","0","0","3","","","N","","","","","","","","","",""
"2021064174","2044","2","0","0","0","0","0","0","0","0","2","0","","67","6","2021","1","40.046833","-75.055944","2036","6","0","0","0","0","0","0","0","0","","0","0","0","20","1","1","N","0","0","40 02:48.600","","7","75 03:21.400","2","0","0","0","67301","0","0","0","N","0","0","0","2","67301","0","","1.0","","1","N","N","N","0","","0","1","0","0","0","","2035","2","1","0","0","0","0","0","2","0","2","0","0","0","3","","","N","","","","","","","","","",""
"2021077647","1219","0","0","0","1","0","0","0","0","0","8","0","","67","8","2021","2","39.959923","-75.224883","1217","6","0","0","0","0","0","0","0","0","","0","0","0","11","1","1","","1","0","39 57:35.722","","0","75 13:29.578","4","0","0","0","67301","1","0","0","N","0","0","0","1","67301","1","","1.0","","1","N","N","N","0","","0","0","1","3","2","","1150","2","1","0","0","0","0","0","2","0","1","1","0","0","3","03","","N","","","","","","","","","",""
"2021064187","1730","0","0","0","0","0","0","0","0","0","8","0","","67","6","2021","7","39.899487","-75.175451","1719","6","0","0","0","0","0","0","0","0","","0","0","0","17","1","1","","3","0","39 53:58.152","","2","75 10:31.625","3","0","0","0","67301","2","0","0","N","1","0","0","3","67301","0","","1.0","","1","N","N","N","1","","1","0","0","3","1","","1710","3","1","1","0","0","0","0","2","0","1","2","0","0","3","03","","N","","","","","","","","","",""
"2021049068","2120","1","0","0","0","0","0","0","0","0","6","0","","67","5","2021","6","40.058177","-75.052608","2102","6","0","0","1","0","0","1","0","0","","0","0","0","20","3","1","N","0","0","40 03:29.438","","0","75 03:09.390","8","0","0","0","67301","0","0","0","N","0","0","0","2","67301","0","","1.0","","9","N","N","N","0","","0","0","1","0","0","","2045","2","1","0","0","0","1","0","2","0","2","0","0","0","7","04","","N","","","","","","","","","",""
"2021038461","1258","2","0","0","0","0","0","0","0","0","2","0","","67","4","2021","3","39.967306","-75.171556","1258","6","0","0","0","0","0","1","0","0","","0","0","0","12","1","0","N","0","0","39 58:02.300","","0","75 10:17.600","0","0","0","0","67301","0","0","0","N","0","0","0","2","67301","0","","1.0","","1","N","N","N","0","","0","0","0","0","0","","1257","2","0","0","0","0","0","0","2","0","2","0","0","0","3","03","","N","","","","","","","","","",""
"2021040016","1401","2","0","0","0","0","0","0","0","0","1","0","","67","4","2021","6","40.026578","-75.068001","1353","6","0","0","0","0","0","2","0","0","","0","0","0","13","1","1","","3","0","40 01:35.682","","0","75 04:04.802","4","0","0","0","67301","0","0","0","N","0","0","0","3","67301","1","","1.0","","1","N","N","N","0","","0","0","0","3","2","","1352","2","1","0","0","0","0","0","2","0","2","0","0","0","3","03","","N","","","","","","","","","",""
"2021059068","1105","1","0","0","0","0","0","0","0","0","7","0","","67","6","2021","7","","","1102","6","0","0","0","0","0","0","0","0","","0","0","0","11","1","0","N","0","1","","3","3","","0","0","0","0","67301","0","0","0","N","0","0","0","3","67501","0","","3.0","1148.0","9","N","N","N","0","","0","0","0","0","0","N","1102","1","0","0","0","0","0","0","1","0","1","0","0","0","7","07","","N","","","","","","","","","",""
"2021049743","2120","2","0","0","0","0","0","0","0","0","1","0","","67","5","2021","7","39.937923","-75.23392","2120","6","0","0","0","0","0","0","0","0","","0","0","0","21","3","0","","1","0","39 56:16.524","","0","75 14:02.111","9","0","0","0","67301","0","0","0","N","0","0","0","3","67301","0","","1.0","","9","N","N","N","0","","0","0","0","3","2","","2114","2","0","1","0","0","0","2","2","0","2","0","0","0","7","04","","N","","","","","","","","","",""
"2021047741","1152","1","0","0","0","0","0","0","0","0","5","0","","67","5","2021","7","39.946062","-75.141625","1150","6","0","0","1","0","0","0","0","0","","0","0","0","23","3","0","N","0","0","39 56:45.824","","0","75 08:29.849","0","0","0","0","67301","0","0","0","N","0","0","0","5","67301","0","","1.0","","1","N","N","N","0","","0","0","1","0","0","","2345","2","0","0","0","0","0","0","2","0","2","0","0","0","3","03","","N","","","","","","","","","",""
"2021049748","1555","2","0","0","0","0","0","0","0","0","4","0","","67","5","2021","6","40.036361","-75.037647","1551","6","0","0","0","0","0","0","0","0","","0","0","0","15","1","4","","1","1","40 02:10.898","2","0","75 02:15.528","4","0","0","0","67301","0","0","0","N","0","0","0","5","67301","4","","1.0","1600.0","9","N","N","N","0","","0","0","0","3","3","N","1538","2","4","0","0","0","0","0","2","0","2","0","0","0","7","","","N","","","","","","","","","",""
"2021046925","329","2","0","0","0","0","0","0","0","0","5","0","","67","5","2021","1","40.026412","-75.160328","327","6","0","0","0","0","0","0","0","0","","0","0","0","3","3","0","N","0","0","40 01:35.083","","0","75 09:37.182","0","0","0","0","67301","0","0","0","N","0","0","0","1","67301","0","","6.0","","1","N","N","N","0","","0","0","0","0","0","","307","2","0","0","0","0","0","0","2","0","2","0","0","0","3","03","","N","","","","","","","","","",""
"2021050569","1952","1","0","0","0","0","0","0","0","0","5","0","","67","5","2021","7","39.95725","-75.247444","1946","6","0","0","0","0","0","1","0","0","","0","0","0","19","1","0","N","0","0","39 57:26.100","","0","75 14:50.800","9","0","0","0","67301","0","0","0","N","0","0","0","2","67301","0","","6.0","","9","N","N","N","0","","0","0","0","0","0","","1930","2","0","0","0","0","0","1","2","1","2","0","0","0","7","07","","N","","","","","","","","","",""
"2021075670","259","1","0","0","0","0","0","0","0","0","4","0","","67","8","2021","5","40.026956","-75.151408","259","6","0","0","0","0","0","0","0","0","","0","0","0","2","3","0","N","0","0","40 01:37.040","","0","75 09:05.070","0","0","0","0","67301","0","0","0","N","0","0","0","1","67301","0","","1.0","","9","N","N","N","0","","0","0","0","0","0","","200","2","0","0","0","0","0","0","2","0","2","0","0","0","3","03","","N","","","","","","","","","",""
"2021049178","815","0","0","0","0","0","0","0","0","0","4","0","","67","5","2021","1","40.022933","-75.136999","804","6","0","0","0","0","0","2","0","0","","0","0","0","7","1","0","","1","0","40 01:22.558","","0","75 08:13.196","0","0","0","0","67301","0","0","0","N","0","0","0","2","67301","0","","1.0","","1","N","N","N","1","","0","0","1","3","2","","721","2","0","2","0","0","0","0","2","0","2","0","0","0","3","","","N","","","","","","","","","",""
"2021071469","1929","0","0","0","0","0","0","0","0","0","4","0","","67","8","2021","1","39.973174","-75.159008","1928","6","0","0","0","1","0","0","0","0","","0","0","0","19","1","4","","1","1","39 58:23.425","2","0","75 09:32.427","8","0","0","0","67301","0","0","0","N","0","0","0","4","67301","0","","1.0","2015.0","1","N","N","N","0","","0","0","2","9","2","N","1928","2","4","0","0","0","4","0","2","0","2","0","0","0","3","","","N","","","","","","","","","",""
"2021076213","1638","2","0","0","0","0","0","0","0","0","4","0","","67","8","2021","5","39.966827","-75.241778","1638","6","0","0","0","1","0","0","0","0","","0","0","0","16","1","1","","1","0","39 58:00.577","","0","75 14:30.400","3","0","0","0","67301","0","0","0","N","0","0","0","3","67301","0","","1.0","","1","N","N","N","0","","1","0","0","9","3","","1636","2","1","1","0","0","0","0","2","0","2","0","0","0","3","03","","N","","","","","","","","","",""
"2021048107","2055","0","0","0","1","0","0","0","0","0","8","0","","67","5","2021","4","40.008817","-75.080761","2035","6","0","0","0","0","0","0","0","0","","0","0","0","19","3","1","N","0","0","40 00:31.740","","0","75 04:50.740","3","0","0","0","67301","1","0","0","N","0","0","0","2","67301","0","","1.0","","9","N","N","N","0","","1","0","0","0","0","","1930","2","1","0","0","0","0","0","2","0","1","1","0","0","7","","","N","","","","","","","","","",""
"2021047527","836","1","0","0","0","0","0","0","0","0","4","0","","67","5","2021","2","40.022599","-75.157286","836","6","0","0","0","0","0","1","0","0","","0","0","0","8","1","0","","2","2","40 01:21.357","3","0","75 09:26.231","0","0","0","0","67301","0","0","0","N","0","0","0","2","67301","0","","1.0","901.0","1","N","N","N","0","","0","0","1","3","3","N","835","2","0","0","0","0","0","0","2","0","2","0","0","0","3","","","N","","","","","","","","","",""
"2021053131","2020","1","0","0","0","0","0","0","0","0","8","0","","67","5","2021","7","39.996438","-75.113451","2010","6","0","0","0","0","0","1","0","0","","0","0","0","20","3","1","","5","0","39 59:47.175","","1","75 06:48.425","8","0","0","0","67301","1","0","0","N","1","0","0","2","67508","0","","1.0","","1","N","N","Y","0","","0","0","0","3","2","","2010","2","1","0","0","0","1","0","2","0","1","1","0","0","3","03","","N","","","","","","","","","",""
"2021047944","2032","2","0","0","0","0","0","0","0","0","1","0","","67","5","2021","3","39.959601","-75.234203","2024","6","0","0","0","1","0","0","0","0","","0","0","0","20","3","1","N","0","0","39 57:34.563","","0","75 14:03.132","3","0","0","0","67301","0","0","0","N","0","0","0","5","67301","0","","1.0","","1","N","N","N","0","","1","0","0","0","0","","2024","2","1","0","0","0","0","0","2","0","2","0","0","0","3","03","","N","","","","","","","","","",""
"2021050847","2148","1","0","0","0","0","0","0","0","0","6","0","","67","5","2021","1","40.018774","-75.19014","2144","6","0","0","0","0","0","0","0","0","","0","0","0","12","1","4","N","0","0","40 01:07.588","","0","75 11:24.503","3","0","0","0","67301","0","0","0","N","0","0","0","5","67301","0","","1.0","","9","N","N","N","0","","4","0","1","0","0","","1230","2","4","0","0","0","0","1","2","0","2","0","0","0","7","04","","N","","","","","","","","","",""
"2021049151","539","2","0","0","0","0","0","0","0","0","1","0","","67","5","2021","7","39.917914","-75.147624","515","6","0","0","0","0","0","0","0","0","","0","0","0","5","5","2","N","0","0","39 55:04.491","","3","75 08:51.445","3","0","0","0","67301","0","0","0","N","0","0","0","2","68K01","0","","1.0","","9","N","N","N","0","","2","0","0","0","0","","511","2","2","0","0","0","0","0","2","0","2","0","0","0","7","","","N","","","","","","","","","",""
"2021049183","1706","2","0","0","0","0","0","0","0","0","1","0","","67","5","2021","6","40.027214","-75.114526","1706","6","0","0","0","0","0","2","0","0","","0","0","0","15","1","3","","1","0","40 01:37.970","","0","75 06:52.293","3","0","0","0","67301","0","0","0","N","0","0","0","4","67301","0","","1.0","","9","N","N","N","0","","3","0","1","0","0","","1515","3","3","0","0","0","0","0","2","0","3","0","0","0","7","","","N","","","","","","","","","",""
"2021076068","2040","1","0","0","0","0","0","0","0","0","4","0","","67","8","2021","4","40.025017","-75.116513","2039","6","0","0","0","0","0","1","0","0","","0","0","0","19","3","1","","1","0","40 01:30.061","","0","75 06:59.446","3","0","0","0","67301","0","0","0","N","0","0","0","2","67301","0","","1.0","","1","N","N","N","0","","1","0","1","3","3","","1938","2","1","0","0","0","0","0","2","0","2","0","0","0","3","","","N","","","","","","","","","",""
"2021038213","1851","0","0","0","0","0","0","0","0","0","7","0","","67","4","2021","3","39.887623","-75.216496","1841","6","0","0","0","0","0","0","0","0","","0","0","0","18","1","0","N","0","0","39 53:15.442","","3","75 12:59.385","9","0","0","0","67301","0","0","0","N","0","0","0","1","68K01","0","","1.0","","1","N","N","N","0","","0","0","1","0","0","","1817","1","0","0","0","0","0","1","2","0","1","0","0","0","3","","","N","","","","","","","","","",""
"2021038485","920","2","0","0","0","0","0","0","0","0","4","0","","67","4","2021","7","40.01914","-75.126978","905","6","0","0","0","0","0","0","0","0","","0","0","0","9","1","1","","2","2","40 01:08.904","1","0","75 07:37.120","8","0","0","0","67301","0","0","0","N","0","0","0","2","67301","0","","1.0","1043.0","1","N","N","Y","0","","0","0","3","3","3","N","902","5","1","0","0","0","1","1","2","0","5","0","0","0","3","","","N","","","","","","","","","",""
"2021041149","2330","1","0","0","0","0","0","0","0","0","4","0","","67","4","2021","5","39.97507","-75.23338","2330","6","0","0","0","0","0","0","0","0","","0","0","0","21","3","0","","1","0","39 58:30.252","","0","75 14:00.168","0","0","0","0","67301","0","0","0","N","0","0","0","2","67301","0","","1.0","","9","N","N","N","0","","0","0","1","3","3","","2121","2","0","0","0","0","0","0","2","0","2","0","0","0","7","","","N","","","","","","","","","",""
"2021040629","521","0","0","0","0","0","0","0","0","0","7","0","","67","4","2021","1","39.901163","-75.153006","514","6","0","0","0","0","0","0","0","0","","0","0","0","5","3","0","N","0","0","39 54:04.186","","3","75 09:10.821","0","0","0","0","67301","0","0","0","N","0","0","0","2","68K01","0","","4.0","","9","N","N","N","0","","0","0","1","0","0","","510","1","0","0","0","0","0","0","2","0","1","0","0","0","7","","","N","","","","","","","","","",""
"2021060040","835","1","0","0","0","0","0","1","0","0","1","1","","67","6","2021","2","40.002531","-75.223568","812","6","0","0","0","1","0","1","0","0","","0","0","0","8","1","1","N","0","0","40 00:09.111","","0","75 13:24.843","3","0","0","0","67301","0","0","0","N","0","0","0","2","67508","0","","1.0","","1","N","N","Y","0","","1","0","0","0","0","","812","2","1","0","0","0","0","0","2","0","2","0","0","0","3","03","","N","","","","","","","","","",""
"2021049180","1522","0","0","0","0","0","0","0","0","0","4","0","","67","5","2021","2","40.049518","-75.146477","1522","6","0","0","0","0","0","1","0","0","","0","0","0","13","1","3","","1","0","40 02:58.263","","0","75 08:47.316","4","0","0","0","67301","0","0","0","N","0","0","0","3","67301","1","","1.0","","1","N","N","N","0","","0","0","2","0","0","","1315","2","3","0","0","0","2","0","2","0","2","0","0","0","3","03","","N","","","","","","","","","",""
"2021048924","659","2","0","0","0","0","0","0","0","0","5","0","","67","5","2021","6","39.949819","-75.221692","652","6","0","0","0","0","0","0","0","0","","0","0","0","6","5","0","N","0","2","39 56:59.350","3","0","75 13:18.090","0","0","0","0","67301","0","0","0","N","0","0","0","1","67301","0","","6.0","800.0","1","N","N","N","0","","0","0","1","0","0","Y","652","3","0","1","0","0","0","0","2","0","3","0","0","0","3","03","","N","","","","","","","","","",""
"2021038606","1805","0","0","0","0","0","0","0","0","0","8","0","","67","4","2021","4","39.956353","-75.244778","1759","6","0","0","0","0","0","0","0","0","","0","0","0","17","1","1","N","0","0","39 57:22.870","","0","75 14:41.200","3","0","0","0","67301","1","0","0","N","1","0","0","3","67301","0","","1.0","","1","N","N","N","0","","1","0","1","0","0","","1755","2","1","0","0","0","0","0","2","0","1","1","0","0","3","03","","N","","","","","","","","","",""
"2021076399","748","1","0","0","0","0","0","0","0","0","7","0","","67","8","2021","6","40.026814","-75.025786","748","6","0","0","0","0","0","0","0","0","","0","0","0","7","1","1","N","0","0","40 01:36.531","","0","75 01:32.829","4","0","0","0","67301","0","0","0","N","0","0","0","1","68K01","1","","4.0","","1","N","N","N","0","","0","0","0","0","0","","743","1","1","0","0","0","0","0","2","0","1","0","0","0","3","","","N","","","","","","","","","",""
"2021037729","1745","1","0","0","0","0","0","0","0","0","8","0","","67","4","2021","2","39.983583","-75.247044","1742","6","0","0","0","0","0","0","1","0","","0","0","0","17","1","1","","1","0","39 59:00.899","","0","75 14:49.359","4","0","0","0","67301","1","0","0","N","1","0","0","2","67301","1","","1.0","","1","N","N","N","0","","0","0","0","3","2","","1704","2","1","0","0","0","0","0","2","0","1","1","0","0","3","03","","N","","","","","","","","","",""
"2021038479","1557","1","0","0","0","0","0","0","0","0","8","0","","67","4","2021","3","39.997246","-75.180185","1555","6","0","0","0","0","0","0","0","0","","0","0","0","15","1","1","","1","0","39 59:50.084","","0","75 10:48.666","3","0","0","0","67301","1","0","0","N","1","0","0","2","67301","0","","1.0","","1","N","N","N","0","","1","0","0","3","2","","1545","2","1","0","0","0","0","0","2","0","1","1","0","0","3","03","","N","","","","","","","","","",""
"2021052554","33","2","0","0","0","0","0","0","0","0","1","0","","67","5","2021","7","39.959407","-75.17408","25","6","0","0","0","0","0","0","0","0","","0","0","0","23","3","0","N","0","1","39 57:33.865","4","0","75 10:26.687","9","0","0","0","67301","0","0","0","N","0","0","0","4","68K01","0","","1.0","25.0","1","N","N","N","0","","0","0","1","0","0","N","2314","4","0","0","0","0","0","1","2","0","4","0","0","0","3","","","N","","","","","","","","","",""
"2021048503","1451","0","0","0","0","0","0","0","0","0","7","0","45","67","5","2021","1","39.898756","-75.180344","1433","6","0","0","0","0","0","1","0","0","","0","0","0","14","1","0","N","0","0","39 53:55.520","","0","75 10:49.240","0","0","0","0","67301","0","0","0","N","0","0","0","4","68K01","0","","1.0","","1","N","N","N","0","","0","0","1","0","0","","1433","1","0","0","0","0","0","0","2","0","1","0","0","0","3","","N","Y","4","1","","","N","Y","","Y","Y","N"
"2021077158","2015","1","0","0","0","0","0","0","0","0","4","0","","67","8","2021","7","39.944939","-75.148423","2014","6","0","0","0","0","0","0","0","0","","0","0","0","20","3","0","","1","2","39 56:41.782","4","0","75 08:54.322","0","0","0","0","67301","0","0","0","N","0","0","0","2","67301","0","","1.0","2130.0","1","N","N","N","0","","0","0","1","3","2","Y","2006","2","0","0","0","0","0","0","2","0","2","0","0","0","3","03","","N","","","","","","","","","",""
"2021048871","1750","1","0","0","0","0","0","0","0","0","4","0","","67","5","2021","5","39.940467","-75.226382","1742","6","0","0","0","0","0","0","0","0","","0","0","0","17","1","1","","1","0","39 56:25.681","","0","75 13:34.975","8","0","0","1","67301","0","0","0","N","0","0","0","3","67301","0","","1.0","","1","N","N","N","0","","0","0","0","0","0","","1740","2","1","0","0","0","1","0","2","0","2","0","0","0","3","03","","N","","","","","","","","","",""
"2021037731","1521","1","0","0","0","0","0","0","0","0","4","0","","67","4","2021","2","40.004023","-75.17172","1513","6","0","0","0","0","0","0","0","0","","0","0","0","14","1","4","","1","0","40 00:14.481","","0","75 10:18.192","4","0","0","0","67301","0","0","0","N","0","0","0","5","67301","4","","1.0","","1","N","N","N","0","","0","0","2","3","3","","1453","3","4","0","0","0","0","0","2","0","3","0","0","0","3","03","","N","","","","","","","","","",""
"2021039653","2130","2","0","0","0","0","0","0","0","0","4","0","","67","4","2021","6","39.998423","-75.140854","2130","6","0","0","0","0","0","0","0","0","","0","0","0","21","3","1","","1","0","39 59:54.322","","0","75 08:27.074","3","0","0","0","67301","0","0","0","N","0","0","0","2","67301","0","","1.0","","99","N","N","N","0","","1","0","0","3","2","","2130","2","1","0","0","0","0","1","2","0","2","0","0","0","99","","","N","","","","","","","","","",""
"2021053763","916","0","0","0","0","0","0","0","0","0","1","0","","67","5","2021","7","39.921264","-75.193813","902","6","0","0","0","0","0","0","0","0","","0","0","0","8","1","1","","1","0","39 55:16.550","","0","75 11:37.727","8","0","0","0","67301","0","0","0","N","0","0","0","2","67301","0","","1.0","","1","N","N","N","0","","0","0","0","3","2","","850","2","1","0","0","0","1","0","2","1","2","0","0","0","3","03","","N","","","","","","","","","",""
"2021077890","1542","0","0","0","0","0","0","0","0","0","0","1","","67","8","2021","5","40.018101","-75.047234","1522","6","0","0","0","0","0","0","0","0","","0","1","0","15","1","0","N","0","2","40 01:05.164","5","0","75 02:50.043","0","0","0","0","67301","0","0","0","N","0","0","0","1","67301","0","","1.0","1900.0","1","N","N","N","0","","0","0","0","0","0","Y","1520","1","0","0","0","0","0","0","2","0","1","0","0","0","3","03","","N","","","","","","","","","",""
"2021067592","913","0","0","0","0","0","0","0","0","0","5","2","35","67","7","2021","4","39.905444","-75.131","913","6","0","0","0","0","0","1","0","0","","0","2","0","9","1","0","N","0","0","39 54:19.600","","3","75 07:51.600","0","0","0","0","67301","0","0","0","N","0","0","0","2","67501","0","","1.0","","1","N","N","N","0","","0","0","0","0","0","","913","2","0","0","0","0","0","0","2","0","2","0","0","0","3","03","Y","Y","4","1","","","N","Y","","","","N"
"2021037410","2334","1","0","0","0","0","0","0","0","0","4","0","","67","4","2021","1","40.051944","-75.140707","2331","6","0","0","0","0","0","1","0","0","","0","0","0","23","3","2","","1","0","40 03:06.998","","0","75 08:26.545","3","0","0","0","67301","0","0","0","N","0","0","0","3","67301","0","","1.0","","1","N","N","Y","0","","2","0","1","3","3","","2315","2","2","0","0","0","0","0","2","0","2","0","0","0","3","","","N","","","","","","","","","",""
"2021037597","1315","1","0","0","0","0","0","0","0","0","4","0","","67","4","2021","1","39.932472","-75.161611","1310","6","0","0","0","0","0","0","1","0","","0","0","0","13","1","1","N","0","0","39 55:56.900","","7","75 09:41.800","3","0","0","1","67301","0","0","0","N","0","0","0","2","67301","0","","1.0","","1","N","N","N","0","","1","0","0","0","0","","1300","2","1","0","0","0","0","0","2","0","2","0","0","0","3","03","","N","","","","","","","","","",""
"2021077505","2155","2","0","0","0","0","0","0","0","0","5","0","","67","8","2021","2","39.972639","-75.264436","2148","6","0","0","0","0","1","0","0","0","","0","0","0","21","6","0","N","0","9","39 58:21.500","","0","75 15:51.970","0","0","0","0","67301","0","0","0","N","0","0","0","1","67301","0","","1.0","","1","N","N","N","1","","0","0","2","9","9","U","2145","5","0","0","0","0","0","0","2","0","5","0","0","0","3","03","","N","","","","","","","","","",""
"2021064293","748","1","0","0","0","0","0","0","0","0","4","0","","67","6","2021","2","39.959263","-75.231478","748","6","0","0","0","0","0","0","0","0","","0","0","0","7","1","0","N","0","0","39 57:33.345","","7","75 13:53.320","0","0","0","0","67301","0","0","0","N","0","0","0","2","67301","0","","1.0","","1","N","N","N","0","","0","0","1","0","0","","748","2","0","0","0","0","0","0","2","0","2","0","0","0","3","03","","N","","","","","","","","","",""
"2021072026","1153","1","0","0","0","0","0","1","0","0","4","1","","67","7","2021","7","39.975908","-75.240234","1143","6","0","0","0","0","0","0","0","0","","0","0","0","11","1","1","","1","2","39 58:33.268","3","0","75 14:24.842","8","0","0","0","67301","0","0","0","N","0","0","0","3","67508","0","","1.0","9999.0","1","N","N","Y","0","","0","0","0","3","2","Y","1143","2","1","0","0","0","1","0","2","0","2","0","0","0","3","03","","N","","","","","","","","","",""
"2021067624","1606","1","0","0","0","0","0","0","0","0","1","0","","67","7","2021","4","39.979319","-75.204021","1603","6","0","0","0","0","0","0","1","0","","0","0","0","15","1","2","N","0","0","39 58:45.549","","0","75 12:14.477","3","0","0","0","67301","0","0","0","N","0","0","0","5","68K01","0","","1.0","","1","N","N","N","0","","1","0","1","3","8","","1559","3","2","0","0","0","1","2","2","0","3","0","0","0","3","","","N","","","","","","","","","",""
"2021039051","1728","0","0","0","0","0","0","0","0","0","1","0","","67","4","2021","5","40.083719","-75.039068","1724","6","0","0","0","0","0","1","0","0","","0","0","0","17","1","2","Y","0","0","40 05:01.388","","0","75 02:20.643","3","0","0","0","67301","0","0","0","N","0","0","0","2","67301","0","","1.0","","1","N","N","N","0","","1","0","1","3","2","","1722","2","2","0","0","0","1","0","2","1","2","0","0","0","3","03","","N","","","","","","","","","",""
"2021038501","1810","2","0","0","0","0","0","0","0","0","1","0","","67","4","2021","3","40.016181","-75.175671","1802","6","0","0","0","0","0","1","0","0","","0","0","0","18","1","3","N","0","0","40 00:58.251","","3","75 10:32.416","4","0","0","0","67301","0","0","0","N","0","0","0","7","67301","3","","1.0","","1","N","N","N","1","","0","0","0","0","0","","1800","3","3","7","0","0","0","0","2","0","3","0","0","0","3","03","","N","","","","","","","","","",""
"2021041086","800","4","0","0","0","0","0","0","0","0","1","0","","67","4","2021","3","39.998349","-75.128074","800","6","0","0","0","0","0","0","0","0","","0","0","0","7","1","1","N","0","0","39 59:54.058","","0","75 07:41.066","4","0","0","0","67301","0","0","0","N","0","0","0","1","67301","1","","6.0","","1","N","N","N","0","","0","0","2","0","0","","700","6","1","0","0","0","0","0","2","0","6","0","0","0","3","98","","N","","","","","","","","","",""
"2021076467","1938","2","0","0","0","0","0","0","0","0","1","0","","67","8","2021","5","39.958297","-75.166093","1918","6","0","0","0","0","1","0","0","0","","0","0","0","19","1","0","N","0","0","39 57:29.869","","0","75 09:57.934","0","0","0","0","67301","0","0","0","N","0","0","0","4","68K01","0","","3.0","","1","N","N","N","0","","0","0","1","0","0","","1916","3","0","0","0","0","0","0","2","0","3","0","0","0","3","","","N","","","","","","","","","",""
"2021038734","1220","1","0","0","0","0","0","0","0","0","4","0","","67","4","2021","4","40.045023","-75.007954","1220","6","0","0","0","0","0","0","0","0","","0","0","0","12","1","2","","2","0","40 02:42.082","","0","75 00:28.635","3","0","0","0","67301","0","0","0","N","0","0","0","3","67301","1","","1.0","","1","N","N","N","0","","1","0","0","3","2","","1217","2","2","1","0","0","0","0","2","1","2","0","0","0","3","03","","N","","","","","","","","","",""
"2021037233","1500","0","0","0","0","0","0","0","0","0","4","0","","67","4","2021","6","40.055608","-75.181295","1500","6","0","0","0","0","0","0","1","0","","0","0","0","16","1","1","","2","0","40 03:20.188","","0","75 10:52.662","3","0","0","0","67301","0","0","0","N","0","0","0","2","67301","0","","1.0","","1","N","N","N","1","","1","0","1","3","3","","1600","2","1","0","0","0","0","1","2","0","2","0","0","0","3","","","N","","","","","","","","","",""