"CRN","ARRIVAL_TM","AUTOMOBILE_COUNT","BELTED_DEATH_COUNT","BELTED_SUSP_SERIOUS_INJ_COUNT","BICYCLE_COUNT","BICYCLE_DEATH_COUNT","BICYCLE_SUSP_SERIOUS_INJ_COUNT","BUS_COUNT","CHLDPAS_DEATH_COUNT","CHLDPAS_SUSP_SERIOUS_INJ_COUNT","COLLISION_TYPE","COMM_VEH_COUNT","CONS_ZONE_SPD_LIM","COUNTY","CRASH_MONTH","CRASH_YEAR","DAY_OF_WEEK","DEC_LATITUDE","DEC_LONGITUDE","DISPATCH_TM","DISTRICT","DRIVER_COUNT_16YR","DRIVER_COUNT_17YR","DRIVER_COUNT_18YR","DRIVER_COUNT_19YR","DRIVER_COUNT_20YR","DRIVER_COUNT_50_64YR","DRIVER_COUNT_65_74YR","DRIVER_COUNT_75PLUS","EST_HRS_CLOSED","FATAL_COUNT","HEAVY_TRUCK_COUNT","HORSE_BUGGY_COUNT","HOUR_OF_DAY","ILLUMINATION","INJURY_COUNT","INTERSECTION_RELATED","INTERSECT_TYPE","LANE_CLOSED","LATITUDE","LN_CLOSE_DIR","LOCATION_TYPE","LONGITUDE","MAX_SEVERITY_LEVEL","MCYCLE_DEATH_COUNT","MCYCLE_SUSP_SERIOUS_INJ_COUNT","MOTORCYCLE_COUNT","MUNICIPALITY","NONMOTR_COUNT","NONMOTR_DEATH_COUNT","NONMOTR_SUSP_SERIOUS_INJ_COUNT","NTFY_HIWY_MAINT","PED_COUNT","PED_DEATH_COUNT","PED_SUSP_SERIOUS_INJ_COUNT","PERSON_COUNT","POLICE_AGCY","POSSIBLE_INJ_COUNT","RDWY_SURF_TYPE_CD","RELATION_TO_ROAD","ROADWAY_CLEARED","ROAD_CONDITION","SCH_BUS_IND","SCH_ZONE_IND","SECONDARY_CRASH","SMALL_TRUCK_COUNT","SPEC_JURIS_CD","SUSP_MINOR_INJ_COUNT","SUSP_SERIOUS_INJ_COUNT","SUV_COUNT","TCD_FUNC_CD","TCD_TYPE","TFC_DETOUR_IND","TIME_OF_DAY","TOTAL_UNITS","TOT_INJ_COUNT","UNBELTED_OCC_COUNT","UNB_DEATH_COUNT","UNB_SUSP_SERIOUS_INJ_COUNT","UNK_INJ_DEG_COUNT","UNK_INJ_PER_COUNT","URBAN_RURAL","VAN_COUNT","VEHICLE_COUNT","VULNERABLE_ROAD_USER_COUNT","VULNERABLE_ROAD_USER_DEATH_COUNT","VULNERABLE_ROAD_USER_SER_INJ_COUNT","WEATHER1","WEATHER2","WORKERS_PRES","WORK_ZONE_IND","WORK_ZONE_LOC","WORK_ZONE_TYPE","WZ_CLOSE_DETOUR","WZ_FLAGGER","WZ_LAW_OFFCR_IND","WZ_LN_CLOSURE","WZ_MOVING","WZ_OTHER","WZ_SHLDER_MDN","WZ_WORKERS_INJ_KILLED"
"2021038598","1515","1","0","0","0","0","0","0","0","0","4","0","","67","4","2021","2","39.919569","-75.24022","1513","6","0","0","0","0","0","0","0","0","","0","0","0","12","1","1","","1","0","39 55:10.448","","0","75 14:24.792","3","0","0","0","67301","0","0","0","N","0","0","0","4","67301","0","","1.0","","1","N","N","N","0","","1","0","1","3","2","","1247","2","1","0","0","0","0","0","2","0","2","0","0","0","3","98","","N","","","","","","","","","",""
"2021038491","2352","1","0","0","0","0","0","0","0","0","4","0","","67","4","2021","2","39.984727","-75.144049","2352","6","0","0","0","0","0","0","0","0","","0","0","0","23","3","1","","1","0","39 59:05.017","","0","75 08:38.576","4","0","0","0","67301","0","0","0","N","0","0","0","2","67301","1","","1.0","","1","N","N","N","0","","0","0","1","3","2","","2330","2","1","0","0","0","0","0","2","0","2","0","0","0","3","","","N","","","","","","","","","",""
"2021039338","2254","0","0","0","0","0","0","0","0","0","5","0","","67","4","2021","4","40.05123","-75.050694","2251","6","0","0","0","0","0","1","0","0","","0","0","0","22","3","7","N","0","0","40 03:04.427","","0","75 03:02.499","3","0","0","0","67301","0","0","0","N","0","0","0","7","67301","0","","1.0","","1","N","N","Y","0","","6","0","2","0","0","","2250","2","7","4","0","0","1","0","2","0","2","0","0","0","3","03","","N","","","","","","","","","",""
"2021039052","2303","2","0","0","0","0","0","0","0","0","4","0","","67","4","2021","1","40.000894","-75.171943","2302","6","0","0","0","0","0","1","0","0","","0","0","0","22","3","1","","1","2","40 00:03.218","7","0","75 10:18.994","3","0","0","0","67301","0","0","0","N","0","0","0","2","67301","0","","1.0","2359.0","1","N","N","N","0","","1","0","2","3","3","Y","2257","4","1","0","0","0","0","0","2","0","4","0","0","0","3","","","N","","","","","","","","","",""
"2021039208","820","1","0","0","0","0","0","0","0","0","2","0","","67","4","2021","5","40.014653","-75.132161","818","6","0","0","0","0","0","0","0","0","","0","0","0","7","3","0","N","0","0","40 00:52.750","","0","75 07:55.780","9","0","0","0","67301","0","0","0","N","0","0","0","1","67301","0","","6.0","","1","N","N","N","0","","0","0","1","0","0","","755","2","0","0","0","0","0","1","2","0","2","0","0","0","4","04","","N","","","","","","","","","",""
"2021046952","445","1","0","0","0","0","0","0","0","0","5","0","","67","5","2021","1","39.981258","-75.108511","435","6","0","0","0","0","0","1","0","0","","0","0","0","3","3","0","N","0","0","39 58:52.530","","0","75 06:30.640","0","0","0","0","67301","0","0","0","N","0","0","0","1","67301","0","","6.0","","1","N","N","N","1","","0","0","0","0","0","","340","2","0","1","0","0","0","0","2","0","2","0","0","0","3","03","","N","","","","","","","","","",""
"2021036786","1358","1","0","0","0","0","0","0","0","0","1","0","","67","4","2021","6","40.025633","-75.07219","1356","6","0","0","0","0","0","0","0","0","","0","0","0","13","1","1","Y","0","0","40 01:32.277","","0","75 04:19.885","3","0","0","0","67301","0","0","0","N","0","0","0","3","67301","0","","1.0","","1","N","N","N","0","","1","0","1","3","2","","1350","2","1","0","0","0","0","0","2","0","2","0","0","0","3","","","N","","","","","","","","","",""
"2021050840","740","1","0","0","0","0","0","0","0","0","7","0","","67","5","2021","1","39.982148","-75.116901","735","6","0","0","0","0","0","0","0","0","","0","0","0","7","1","1","N","0","0","39 58:55.731","","1","75 07:00.845","8","0","0","0","67301","0","0","0","N","0","0","0","1","67301","0","","4.0","","9","N","N","N","0","","0","0","0","0","0","","735","1","1","0","0","0","1","0","2","0","1","0","0","0","7","07","","N","","","","","","","","","",""
"2021049073","849","1","0","0","0","0","0","0","0","0","4","0","","67","5","2021","7","39.974451","-75.158729","845","6","0","0","0","0","0","1","0","0","","0","0","0","8","1","2","","1","0","39 58:28.024","","0","75 09:31.424","4","0","0","0","67301","0","0","0","N","0","0","0","2","67301","2","","1.0","","9","N","N","N","0","","0","0","1","3","2","","840","2","2","0","0","0","0","0","2","0","2","0","0","0","7","07","","N","","","","","","","","","",""
"2021038597","1246","0","0","0","0","0","0","0","0","0","4","0","","67","4","2021","2","39.901167","-75.240333","1246","6","0","0","1","0","0","0","0","0","","0","0","0","12","1","1","","1","0","39 54:04.200","","7","75 14:25.200","4","0","0","0","67301","0","0","0","N","0","0","0","2","67301","1","","1.0","","1","N","N","N","0","","0","0","2","3","3","","1246","2","1","0","0","0","0","0","2","0","2","0","0","0","3","03","","N","","","","","","","","","",""
"2021048219","943","0","0","0","0","0","0","0","0","0","4","0","","67","5","2021","4","39.958512","-75.165602","940","6","0","0","0","0","0","1","0","0","","0","0","0","9","1","1","","1","1","39 57:30.644","1","3","75 09:56.168","3","0","0","0","67301","0","0","0","N","0","0","0","2","67301","0","","1.0","30.0","1","N","N","N","0","","1","0","1","3","2","Y","935","2","1","0","0","0","0","0","2","1","2","0","0","0","4","04","","N","","","","","","","","","",""
"2021048654","749","0","0","0","0","0","0","0","0","0","8","0","","67","5","2021","5","40.030129","-75.035161","739","6","0","0","0","0","0","0","0","0","","0","0","0","7","1","1","","1","0","40 01:48.464","","0","75 02:06.579","3","0","0","0","67301","1","0","0","N","1","0","0","2","67301","0","","1.0","","1","N","Y","N","0","","1","0","1","3","2","","732","2","1","1","0","0","0","0","2","0","1","1","0","0","3","03","","N","","","","","","","","","",""
"2021077905","305","2","0","0","0","0","0","0","0","0","5","0","","67","8","2021","1","40.029214","-75.213486","252","6","0","0","0","0","0","0","0","0","","0","0","0","2","3","0","N","0","0","40 01:45.170","","0","75 12:48.550","0","0","0","0","67301","0","0","0","N","0","0","0","1","67301","0","","1.0","","1","N","N","N","0","","0","0","1","0","0","","240","3","0","0","0","0","0","0","2","0","3","0","0","0","3","03","","N","","","","","","","","","",""
"2021047828","28","2","0","0","0","0","0","0","0","0","1","0","","67","5","2021","3","40.047495","-75.097628","26","6","0","0","0","0","0","1","0","0","","0","0","0","0","3","0","Y","0","0","40 02:50.983","","0","75 05:51.459","0","0","0","0","67301","0","0","0","N","0","0","0","4","67301","0","","1.0","","1","N","N","N","1","","0","0","0","3","2","","18","3","0","1","0","0","0","0","2","0","3","0","0","0","3","03","","N","","","","","","","","","",""
"2021047839","137","2","0","0","0","0","0","0","0","0","5","0","","67","5","2021","7","39.998787","-75.131406","137","6","0","0","0","0","0","0","0","0","","0","0","0","1","3","0","N","0","0","39 59:55.633","","0","75 07:53.063","0","0","0","0","67301","0","0","0","N","0","0","0","2","67301","0","","6.0","","1","N","N","N","0","","0","0","1","0","0","","130","3","0","0","0","0","0","0","2","0","3","0","0","0","3","","","N","","","","","","","","","",""
"2021068217","2026","2","0","0","0","0","0","0","0","0","4","0","","67","7","2021","2","39.970981","-75.193228","2026","6","0","0","0","0","2","0","1","0","","0","0","0","20","3","1","N","0","1","39 58:15.532","3","0","75 11:35.619","3","0","0","0","67301","0","0","0","N","0","0","0","5","68K01","0","","1.0","2030.0","9","N","N","N","0","","1","0","1","0","0","N","2026","3","1","0","0","0","0","0","2","0","3","0","0","0","7","","","N","","","","","","","","","",""
"2021038493","1656","0","0","0","0","0","0","0","0","0","4","0","","67","4","2021","3","39.984161","-75.119634","1655","6","0","0","0","0","0","1","0","0","","0","0","0","14","1","1","","2","0","39 59:02.978","","0","75 07:10.683","3","0","0","1","67301","0","0","0","N","0","0","0","2","67301","0","","1.0","","1","N","N","N","0","","1","0","1","0","0","","1450","2","1","0","0","0","0","0","2","0","2","0","0","0","3","","","N","","","","","","","","","",""
"2021039594","54","1","0","0","0","0","0","0","0","0","4","0","","67","4","2021","3","39.973555","-75.208899","54","6","0","0","0","0","0","0","0","0","","0","0","0","23","3","1","","2","0","39 58:24.797","","0","75 12:32.036","2","0","0","0","67301","0","0","0","N","0","0","0","2","67301","0","","1.0","","1","N","N","N","0","","0","1","0","3","2","","2329","2","1","0","0","0","0","0","2","0","2","0","0","0","3","","","N","","","","","","","","","",""
"2021064307","109","3","0","0","0","0","0","0","0","0","2","0","","67","6","2021","1","39.974368","-75.239942","49","6","0","0","0","0","0","0","0","0","","0","0","0","23","3","0","","1","0","39 58:27.724","","0","75 14:23.791","0","0","0","0","67301","0","0","0","N","0","0","0","2","67301","0","","1.0","","1","N","N","N","0","","0","0","2","3","3","","2334","5","0","0","0","0","0","0","2","0","5","0","0","0","3","03","","N","","","","","","","","","",""
"2021047477","1317","0","0","0","0","0","0","0","0","0","5","0","","67","5","2021","3","40.001777","-75.152757","1313","6","0","0","0","0","0","0","0","1","","0","0","0","13","1","2","N","0","2","40 00:06.396","1","0","75 09:09.924","8","0","0","0","67301","0","0","0","N","0","0","0","2","67505","0","","6.0","1410.0","1","N","N","Y","0","","0","0","2","0","0","Y","1313","2","2","0","0","0","2","0","2","0","2","0","0","0","3","03","","N","","","","","","","","","",""
"2021039362","847","1","0","0","0","0","0","0","0","0","1","0","35","67","4","2021","3","39.919917","-75.189806","847","6","0","0","0","0","0","0","0","0","","0","0","0","8","1","0","","6","0","39 55:11.700","","8","75 11:23.300","0","0","0","0","67301","0","0","0","N","0","0","0","2","67501","0","","1.0","","1","N","N","N","0","","0","0","1","3","3","","847","3","0","0","0","0","0","0","2","0","2","0","0","0","3","","Y","Y","4","1","","","N","Y","Y","","Y","N"
"2021077765","1610","1","0","0","0","0","0","0","0","0","1","0","","67","7","2021","7","40.044261","-75.002712","1610","6","0","0","0","0","0","0","0","0","","0","0","0","16","1","0","N","0","0","40 02:39.339","","0","75 00:09.763","0","0","0","0","67301","0","0","0","N","0","0","0","2","68K01","0","","1.0","","9","N","N","N","0","","0","0","0","0","0","","1610","2","0","0","0","0","0","0","2","1","2","0","0","0","7","","","N","","","","","","","","","",""
"2021046920","140","2","0","0","0","0","0","0","0","0","4","0","","67","5","2021","1","39.918416","-75.208098","138","6","0","0","0","0","0","0","0","0","","0","0","0","1","3","0","N","0","0","39 55:06.298","","7","75 12:29.154","0","0","0","0","67301","0","0","0","N","0","0","0","2","67301","0","","1.0","","1","N","N","N","0","","0","0","0","0","0","","130","2","0","0","0","0","0","0","2","0","2","0","0","0","3","","","N","","","","","","","","","",""
"2021082150","926","1","0","0","0","0","0","0","0","0","4","0","","67","8","2021","2","40.058157","-75.043024","924","6","0","0","1","0","0","0","0","1","","1","0","0","9","1","0","N","1","1","40 03:29.364","4","0","75 02:34.886","1","0","0","0","67301","0","0","0","N","0","0","0","2","67301","0","2","1.0","1050.0","1","N","N","N","0","0","0","0","1","3","2","N","920","2","0","0","0","0","0","1","2","0","2","0","0","0","3","03","","N","","","","","","","","","",""
"2021087760","337","3","0","0","0","0","0","0","0","0","4","0","","67","9","2021","6","39.985939","-75.231647","337","6","0","0","0","0","0","0","0","0","","0","0","0","3","3","0","N","0","0","39 59:09.380","","0","75 13:53.930","0","0","0","0","67301","0","0","0","N","0","0","0","1","67301","0","","6.0","","1","N","N","N","0","","0","0","0","3","2","","330","4","0","1","0","0","0","0","2","0","4","0","0","0","3","03","","N","","","","","","","","","",""
"2021038767","1704","1","0","0","0","0","0","0","0","0","1","0","","67","4","2021","5","40.022456","-75.156275","1702","6","0","0","0","0","0","0","0","0","","0","0","0","17","3","0","N","0","2","40 01:20.840","3","0","75 09:22.590","0","0","0","0","67301","0","0","0","N","0","0","0","2","67301","0","","6.0","1830.0","1","N","N","N","0","","0","0","0","0","0","Y","1700","3","0","1","0","0","0","0","2","1","2","0","0","0","3","03","","N","","","","","","","","","",""
"2021039308","1915","2","0","0","0","0","0","0","0","0","4","0","","67","4","2021","6","40.005023","-75.136398","1910","6","0","0","1","0","0","0","0","0","","0","0","0","19","1","0","","3","0","40 00:18.082","","0","75 08:11.032","0","0","0","0","67301","0","0","0","N","0","0","0","2","67301","0","","1.0","","1","N","N","N","0","","0","0","0","3","3","","1900","2","0","0","0","0","0","0","2","0","2","0","0","0","3","","","N","","","","","","","","","",""
"2021067919","2052","1","0","0","0","0","0","0","0","0","7","0","","67","7","2021","4","39.995151","-75.197792","2036","6","0","0","0","0","0","0","0","0","","0","0","0","20","3","1","N","0","0","39 59:42.544","","0","75 11:52.052","8","0","0","0","67301","0","0","0","N","0","0","0","1","68K01","0","","5.0","","1","N","N","N","0","","0","0","0","0","0","","2035","1","1","1","0","0","1","0","2","0","1","0","0","0","3","03","","N","","","","","","","","","",""
"2021037149","2028","1","0","0","0","0","0","0","0","0","5","0","35","67","4","2021","7","39.912222","-75.1705","2024","6","0","0","0","0","0","0","1","0","","0","0","0","20","3","1","","6","2","39 54:44.000","4","8","75 10:13.800","3","0","0","0","67301","0","0","0","N","0","0","0","2","67501","0","","1.0","2110.0","1","N","N","N","0","","1","0","1","3","4","N","2024","2","1","0","0","0","0","0","2","0","2","0","0","0","3","03","N","Y","4","1","","","N","Y","","","","N"
"2021037720","2100","1","0","0","0","0","0","0","0","0","4","0","","67","4","2021","2","39.963779","-75.189119","2100","6","0","0","0","0","0","0","0","0","","0","0","0","21","3","0","","2","0","39 57:49.605","","0","75 11:20.829","0","0","0","0","67301","0","0","0","N","0","0","0","1","67507","0","","1.0","","1","N","N","N","0","","0","0","1","0","0","","2100","2","0","0","0","0","0","0","2","0","2","0","0","0","3","03","","N","","","","","","","","","",""
"2021038464","2034","2","0","0","0","0","0","0","0","0","7","0","","67","4","2021","3","40.037528","-75.167833","2029","6","0","0","0","0","0","0","0","0","","0","0","0","20","3","0","N","0","0","40 02:15.100","","0","75 10:04.200","0","0","0","0","67301","0","0","0","N","0","0","0","1","67301","0","","4.0","","1","N","N","N","0","","0","0","2","0","0","","2027","4","0","0","0","0","0","0","2","0","4","0","0","0","3","03","","N","","","","","","","","","",""
"2021048596","233","3","0","0","0","0","0","0","0","0","5","0","","67","5","2021","4","40.032109","-75.082077","227","6","0","0","2","0","0","0","0","0","","0","0","0","2","3","1","N","0","2","40 01:55.593","1","0","75 04:55.476","3","0","0","0","67301","0","0","0","N","0","0","0","6","67301","0","","1.0","400.0","1","N","N","N","0","","1","0","0","0","0","Y","225","3","1","0","0","0","0","2","2","0","3","0","0","0","3","03","","N","","","","","","","","","",""
"2021038452","1617","1","0","0","0","0","0","0","0","0","7","0","","67","4","2021","3","39.92043","-75.198273","1552","6","0","0","0","0","0","0","0","0","","0","0","0","15","1","0","N","0","0","39 55:13.549","","0","75 11:53.782","0","0","0","0","67301","0","0","0","N","0","0","0","1","67301","0","","4.0","","1","N","N","N","0","","0","0","0","0","0","","1549","1","0","0","0","0","0","0","2","0","1","0","0","0","3","03","","N","","","","","","","","","",""
"2021066648","37","0","0","0","0","0","0","0","0","0","7","1","","67","7","2021","5","40.031556","-75.021525","2323","6","0","0","0","0","0","0","0","0","","0","1","0","23","3","0","N","0","1","40 01:53.603","2","0","75 01:17.491","0","0","0","0","67301","0","0","0","N","0","0","0","1","68K01","0","","4.0","100.0","9","N","N","N","0","","0","0","0","0","0","N","2309","1","0","0","0","0","0","0","2","0","1","0","0","0","7","","","N","","","","","","","","","",""
"2021059081","115","0","0","0","0","0","0","0","0","0","7","0","","67","6","2021","3","39.99487","-75.083612","115","6","0","0","0","0","0","0","0","0","","0","0","0","1","3","1","N","0","0","39 59:41.533","","0","75 05:01.003","4","0","0","0","67301","0","0","0","N","0","0","0","1","68K01","1","","4.0","","9","N","N","N","0","","0","0","0","0","0","","115","1","1","0","0","0","0","0","2","1","1","0","0","0","7","","","N","","","","","","","","","",""
"2021038453","2000","2","0","0","0","0","0","0","0","0","4","0","","67","4","2021","3","39.937174","-75.161492","1949","6","0","0","0","0","0","0","0","0","","0","0","0","19","3","1","","1","0","39 56:13.826","","0","75 09:41.371","3","0","0","0","67301","0","0","0","N","0","0","0","3","67301","0","","1.0","","1","N","N","N","0","","1","0","0","3","2","","1947","2","1","0","0","0","0","0","2","0","2","0","0","0","3","03","","N","","","","","","","","","",""
"2021049067","2135","1","0","0","0","0","0","0","0","0","4","0","","67","5","2021","4","40.041334","-75.106702","2129","6","0","0","0","0","0","1","0","0","","0","0","0","21","3","1","","1","2","40 02:28.801","1","0","75 06:24.126","8","0","0","0","67301","0","0","0","N","0","0","0","3","67301","0","","1.0","2200.0","9","N","N","N","0","","0","0","1","3","2","N","2121","3","1","0","0","0","1","0","2","1","3","0","0","0","7","04","","N","","","","","","","","","",""
"2021072641","243","1","0","0","0","0","0","0","0","0","1","0","","67","7","2021","7","40.010898","-75.12088","243","6","0","0","0","0","0","0","0","0","","0","0","0","2","3","0","N","0","0","40 00:39.234","","0","75 07:15.169","0","0","0","1","67301","0","0","0","N","0","0","0","2","67301","0","","1.0","","1","N","N","N","0","","0","0","0","0","0","","242","2","0","0","0","0","0","0","2","0","2","0","0","0","3","03","","N","","","","","","","","","",""
"2021038463","1440","0","0","0","0","0","0","0","0","0","7","0","","67","4","2021","3","40.072167","-75.19275","1430","6","0","0","0","0","0","0","0","0","","0","0","0","14","1","1","N","0","0","40 04:19.800","","0","75 11:33.900","3","0","0","0","67301","0","0","0","N","0","0","0","1","67301","0","","4.0","","1","N","N","N","0","","1","0","1","0","0","","1415","1","1","0","0","0","0","0","2","0","1","0","0","0","3","","","N","","","","","","","","","",""
"2021042336","2358","1","0","0","0","0","0","0","0","0","4","0","","67","5","2021","7","40.009832","-75.166871","2357","6","0","0","0","0","0","0","0","1","","0","0","0","23","3","1","","1","1","40 00:35.396","5","0","75 10:00.737","3","0","0","0","67301","0","0","0","N","0","0","0","2","67301","0","","1.0","38.0","1","N","N","N","0","","1","0","1","3","1","Y","2356","2","1","0","0","0","0","0","2","0","2","0","0","0","3","03","","N","","","","","","","","","",""
"2021078067","308","0","0","0","0","0","0","0","0","0","7","0","","67","8","2021","6","39.989174","-75.08761","304","6","0","0","0","0","0","0","0","0","","0","0","0","2","3","0","N","0","1","39 59:21.026","1","0","75 05:15.397","0","0","0","0","67301","0","0","0","N","0","0","0","3","68K01","0","","4.0","315.0","1","N","N","N","0","","0","0","1","0","0","N","259","1","0","0","0","0","0","0","2","0","1","0","0","0","3","","","N","","","","","","","","","",""
"2021037235","2047","1","0","0","0","0","0","0","0","0","4","0","","67","4","2021","6","39.997493","-75.09706","2046","6","0","0","0","0","0","1","0","0","","0","0","0","20","3","2","","2","0","39 59:50.974","","0","75 05:49.416","3","0","0","0","67301","0","0","0","N","0","0","0","2","67301","0","","1.0","","1","N","N","N","0","","2","0","0","0","0","","2045","2","2","0","0","0","0","0","2","1","2","0","0","0","3","03","","N","","","","","","","","","",""
"2021038497","355","1","0","0","0","0","0","0","0","0","7","0","","67","4","2021","7","40.015589","-75.176003","350","6","0","0","0","0","0","0","0","0","","0","0","0","3","3","0","N","0","0","40 00:56.120","","0","75 10:33.610","0","0","0","0","67301","0","0","0","N","0","0","0","1","67301","0","","6.0","","1","N","N","N","0","","0","0","0","0","0","","343","1","0","0","0","0","0","0","2","0","1","0","0","0","3","03","","N","","","","","","","","","",""
"2021078128","1214","1","0","0","0","0","0","0","0","0","4","0","","67","8","2021","3","39.974014","-75.162237","1212","6","0","0","0","0","0","0","0","0","","0","0","0","11","1","1","","1","0","39 58:26.450","","0","75 09:44.053","4","0","0","0","67301","0","0","0","N","0","0","0","2","67301","1","","1.0","","1","N","N","N","0","","0","0","0","3","3","","1139","2","1","0","0","0","0","1","2","0","2","0","0","0","4","04","","N","","","","","","","","","",""
"2021039306","1652","1","0","0","1","0","1","0","0","0","8","0","","67","4","2021","6","40.022705","-75.133512","1652","6","0","0","0","0","0","0","0","0","","0","0","0","12","1","1","","1","0","40 01:21.738","","0","75 08:00.643","2","0","0","0","67301","1","0","1","N","0","0","0","2","67301","0","","1.0","","1","N","N","N","0","","0","1","0","3","2","","1236","2","1","0","0","0","0","1","2","0","1","1","0","1","3","","","N","","","","","","","","","",""
"2021037300","1935","2","0","0","0","0","0","0","0","0","4","0","","67","4","2021","7","39.987821","-75.180584","1935","6","0","0","0","0","0","1","0","0","","0","0","0","19","1","1","","1","0","39 59:16.154","","0","75 10:50.102","3","0","0","0","67301","0","0","0","N","0","0","0","2","67301","0","","1.0","","1","N","N","N","0","","1","0","0","3","2","","1930","3","1","1","0","0","0","0","2","1","3","0","0","0","3","04","","N","","","","","","","","","",""
"2021038473","1235","2","0","0","0","0","0","0","0","0","1","0","","67","4","2021","2","39.962635","-75.246728","1228","6","0","0","0","0","0","0","0","0","","0","0","0","11","1","2","","1","0","39 57:45.487","","0","75 14:48.219","4","0","0","0","67301","0","0","0","N","0","0","0","3","67301","1","","1.0","","1","N","N","N","0","","0","0","0","9","2","","1137","2","2","0","0","0","1","0","2","0","2","0","0","0","3","03","","N","","","","","","","","","",""
"2021067071","2326","1","0","0","0","0","0","0","0","0","1","0","","67","7","2021","6","39.985387","-75.208171","2314","6","0","0","0","0","0","0","0","0","","0","0","0","22","3","1","N","6","0","39 59:07.393","","2","75 12:29.417","3","0","0","0","67301","0","0","0","N","0","0","0","2","68K01","0","","1.0","","1","N","N","N","0","","1","0","1","3","2","","2256","2","1","0","0","0","0","1","2","0","2","0","0","0","3","","","N","","","","","","","","","",""
"2021066086","903","1","0","0","0","0","0","0","0","0","1","0","45","67","5","2021","5","40.01765","-75.048707","903","6","0","0","0","0","0","1","0","0","","0","0","0","9","1","0","N","0","2","40 01:03.541","1","3","75 02:55.344","0","0","0","0","67301","0","0","0","N","0","0","0","3","68K01","0","","1.0","1024.0","1","N","N","Y","1","","0","0","0","0","0","N","903","3","0","0","0","0","0","0","2","1","3","0","0","0","3","03","N","Y","4","1","","","N","","","","Y","N"
"2021038609","1546","0","0","0","0","0","0","0","0","0","4","0","","67","4","2021","4","39.997246","-75.180185","1541","6","0","0","0","0","0","0","1","0","","0","0","0","14","1","2","","1","0","39 59:50.084","","0","75 10:48.666","3","0","0","0","67301","0","0","0","N","0","0","0","2","67301","0","","1.0","","1","N","N","N","0","","1","0","2","3","2","","1457","2","2","0","0","0","1","0","2","0","2","0","0","0","3","03","","N","","","","","","","","","",""
"2021039458","940","1","0","0","0","0","0","0","0","0","1","0","","67","4","2021","6","39.964315","-75.183622","921","6","0","0","0","0","0","1","0","0","","0","0","0","9","1","1","N","0","0","39 57:51.534","","3","75 11:01.038","3","0","0","0","67301","0","0","0","N","0","0","0","2","67301","0","","1.0","","1","N","N","N","0","","1","0","1","0","0","","920","2","1","0","0","0","0","0","2","0","2","0","0","0","3","03","","N","","","","","","","","","",""
"2021038477","235","1","0","0","0","0","0","0","0","0","7","0","99","67","4","2021","3","39.989549","-75.168855","234","6","0","0","0","0","0","0","0","0","","0","0","0","1","3","0","","1","2","39 59:22.375","7","0","75 10:07.877","0","0","0","0","67301","0","0","0","N","0","0","0","1","67301","0","","4.0","0.0","1","N","N","N","0","","0","0","0","1","2","Y","142","1","0","0","0","0","0","0","2","0","1","0","0","0","3","03","U","Y","4","1","","","U","","","","","N"
"2021038612","806","1","0","0","0","0","0","0","0","0","5","0","","67","4","2021","5","39.998523","-75.153613","757","6","0","0","0","0","0","0","0","0","","0","0","0","7","1","1","","2","0","39 59:54.682","","0","75 09:13.006","4","0","0","0","67301","0","0","0","N","0","0","0","3","67301","1","","1.0","","9","N","N","N","0","","0","0","1","3","2","","732","2","1","0","0","0","0","0","2","0","2","0","0","0","7","","","N","","","","","","","","","",""
"2021039554","711","1","0","0","0","0","0","0","0","0","5","0","","67","5","2021","7","39.957005","-75.22584","703","6","0","0","0","0","0","0","0","0","","0","0","0","6","1","1","N","0","0","39 57:25.218","","0","75 13:33.024","3","0","0","0","67301","0","0","0","N","0","0","0","2","67301","0","","6.0","","1","N","N","N","0","","1","0","0","0","0","","626","3","1","0","0","0","0","0","2","1","2","0","0","0","3","03","","N","","","","","","","","","",""
"2021041069","1247","2","0","0","0","0","0","0","0","0","5","0","","67","5","2021","7","40.059851","-75.15013","1247","6","0","0","0","0","0","1","0","0","","0","0","0","17","1","1","","1","0","40 03:35.463","","0","75 09:00.467","8","0","0","0","67301","0","0","0","N","0","0","0","2","67301","0","","1.0","","1","N","N","N","0","","0","0","0","3","2","","1730","2","1","0","0","0","1","1","2","0","2","0","0","0","3","98","","N","","","","","","","","","",""
"2021039307","606","1","0","0","0","0","0","0","0","0","4","0","","67","4","2021","6","40.017799","-75.132142","559","6","0","0","0","0","0","0","0","0","","0","0","0","5","1","0","","1","1","40 01:04.076","4","0","75 07:55.711","0","0","0","0","67301","0","0","0","N","0","0","0","2","67301","0","","1.0","100.0","1","N","N","N","0","","0","0","1","3","3","Y","525","3","0","0","0","0","0","0","2","1","3","0","0","0","3","03","","N","","","","","","","","","",""
"2021039276","910","1","0","0","0","0","0","0","0","0","1","0","","67","4","2021","6","39.957721","-75.160721","857","6","0","0","0","0","0","0","0","0","","0","0","0","8","1","1","N","0","0","39 57:27.797","","0","75 09:38.594","8","0","0","0","67301","0","0","0","N","0","0","0","2","68K01","0","","1.0","","1","N","N","N","0","","0","0","1","0","0","","851","2","1","0","0","0","1","0","2","0","2","0","0","0","3","03","","N","","","","","","","","","",""