"CRN","ARRIVAL_TM","AUTOMOBILE_COUNT","BELTED_DEATH_COUNT","BELTED_SUSP_SERIOUS_INJ_COUNT","BICYCLE_COUNT","BICYCLE_DEATH_COUNT","BICYCLE_SUSP_SERIOUS_INJ_COUNT","BUS_COUNT","CHLDPAS_DEATH_COUNT","CHLDPAS_SUSP_SERIOUS_INJ_COUNT","COLLISION_TYPE","COMM_VEH_COUNT","CONS_ZONE_SPD_LIM","COUNTY","CRASH_MONTH","CRASH_YEAR","DAY_OF_WEEK","DEC_LATITUDE","DEC_LONGITUDE","DISPATCH_TM","DISTRICT","DRIVER_COUNT_16YR","DRIVER_COUNT_17YR","DRIVER_COUNT_18YR","DRIVER_COUNT_19YR","DRIVER_COUNT_20YR","DRIVER_COUNT_50_64YR","DRIVER_COUNT_65_74YR","DRIVER_COUNT_75PLUS","EST_HRS_CLOSED","FATAL_COUNT","HEAVY_TRUCK_COUNT","HORSE_BUGGY_COUNT","HOUR_OF_DAY","ILLUMINATION","INJURY_COUNT","INTERSECTION_RELATED","INTERSECT_TYPE","LANE_CLOSED","LATITUDE","LN_CLOSE_DIR","LOCATION_TYPE","LONGITUDE","MAX_SEVERITY_LEVEL","MCYCLE_DEATH_COUNT","MCYCLE_SUSP_SERIOUS_INJ_COUNT","MOTORCYCLE_COUNT","MUNICIPALITY","NONMOTR_COUNT","NONMOTR_DEATH_COUNT","NONMOTR_SUSP_SERIOUS_INJ_COUNT","NTFY_HIWY_MAINT","PED_COUNT","PED_DEATH_COUNT","PED_SUSP_SERIOUS_INJ_COUNT","PERSON_COUNT","POLICE_AGCY","POSSIBLE_INJ_COUNT","RDWY_SURF_TYPE_CD","RELATION_TO_ROAD","ROADWAY_CLEARED","ROAD_CONDITION","SCH_BUS_IND","SCH_ZONE_IND","SECONDARY_CRASH","SMALL_TRUCK_COUNT","SPEC_JURIS_CD","SUSP_MINOR_INJ_COUNT","SUSP_SERIOUS_INJ_COUNT","SUV_COUNT","TCD_FUNC_CD","TCD_TYPE","TFC_DETOUR_IND","TIME_OF_DAY","TOTAL_UNITS","TOT_INJ_COUNT","UNBELTED_OCC_COUNT","UNB_DEATH_COUNT","UNB_SUSP_SERIOUS_INJ_COUNT","UNK_INJ_DEG_COUNT","UNK_INJ_PER_COUNT","URBAN_RURAL","VAN_COUNT","VEHICLE_COUNT","VULNERABLE_ROAD_USER_COUNT","VULNERABLE_ROAD_USER_DEATH_COUNT","VULNERABLE_ROAD_USER_SER_INJ_COUNT","WEATHER1","WEATHER2","WORKERS_PRES","WORK_ZONE_IND","WORK_ZONE_LOC","WORK_ZONE_TYPE","WZ_CLOSE_DETOUR","WZ_FLAGGER","WZ_LAW_OFFCR_IND","WZ_LN_CLOSURE","WZ_MOVING","WZ_OTHER","WZ_SHLDER_MDN","WZ_WORKERS_INJ_KILLED"
"2021037298","1913","0","0","0","0","0","0","0","0","0","1","0","","67","4","2021","7","40.029833","-75.087659","1911","6","0","0","0","0","0","0","0","0","","0","0","0","19","4","1","","1","0","40 01:47.398","","0","75 05:15.572","2","0","1","1","67301","0","0","0","N","0","0","0","2","67301","0","","1.0","","1","N","N","N","1","","0","1","0","3","2","","1910","2","1","0","0","0","0","0","2","0","2","0","0","0","3","","","N","","","","","","","","","",""
"2021037304","1816","1","0","0","0","0","0","0","0","0","4","0","","67","4","2021","7","40.020228","-75.148743","1815","6","0","0","0","0","0","1","0","0","","0","0","0","18","1","2","","5","0","40 01:12.821","","0","75 08:55.476","3","0","0","0","67301","0","0","0","N","0","0","0","2","67301","0","","1.0","","1","N","N","N","0","","2","0","1","3","2","","1800","2","2","0","0","0","0","0","2","0","2","0","0","0","3","03","","N","","","","","","","","","",""
"2021038594","1952","0","0","0","0","0","0","0","0","0","1","0","","67","4","2021","7","39.939088","-75.235104","1951","6","0","0","0","1","0","0","0","0","","0","0","0","19","3","1","N","0","0","39 56:20.717","","0","75 14:06.373","8","0","0","1","67301","0","0","0","N","0","0","0","2","67301","0","","1.0","","1","N","N","N","0","","0","0","1","0","0","","1949","2","1","0","0","0","1","0","2","0","2","0","0","0","3","03","","N","","","","","","","","","",""
"2021037197","1435","2","0","0","0","0","0","0","0","0","1","0","35","67","4","2021","7","39.91992","-75.18978","1434","6","0","0","0","0","0","1","0","0","","0","0","0","14","1","2","","6","0","39 55:11.712","","8","75 11:23.208","3","0","0","0","67301","0","0","0","N","0","0","0","3","67501","1","","1.0","","1","N","N","N","0","","1","0","0","3","3","","1434","2","2","0","0","0","0","0","2","0","2","0","0","0","3","03","N","Y","2","1","","","N","","","","Y","N"
"2021042326","1522","1","0","0","0","0","0","0","0","0","1","0","","67","4","2021","3","39.924051","-75.167149","1522","6","0","0","0","0","0","0","0","0","","0","0","0","16","1","1","Y","0","0","39 55:26.585","","0","75 10:01.736","3","0","0","0","67301","0","0","0","N","0","0","0","2","67301","0","","1.0","","1","N","N","N","0","","1","0","1","3","2","","1600","2","1","1","0","0","0","1","2","0","2","0","0","0","3","","","N","","","","","","","","","",""
"2021037078","1230","1","0","0","0","0","0","0","0","0","4","0","","67","4","2021","7","40.030668","-75.061662","1225","6","0","0","0","0","0","0","0","0","","0","0","0","12","1","1","","1","2","40 01:50.404","4","0","75 03:41.983","3","0","0","0","67301","0","0","0","N","0","0","0","3","67301","0","","1.0","1304.0","1","N","N","Y","0","","1","0","2","3","2","Y","1224","3","1","0","0","0","0","0","2","0","3","0","0","0","3","","","N","","","","","","","","","",""
"2021037561","338","0","0","0","0","0","0","0","0","0","7","0","","67","4","2021","1","40.007176","-75.07285","322","6","0","1","0","0","0","0","0","0","","0","0","0","3","3","0","N","0","1","40 00:25.832","1","0","75 04:22.259","0","0","0","0","67301","0","0","0","N","0","0","0","1","68K01","0","","3.0","403.0","9","N","N","N","0","","0","0","1","0","0","N","322","1","0","0","0","0","0","0","2","0","1","0","0","0","7","07","","N","","","","","","","","","",""
"2021046926","1914","2","0","0","0","0","0","0","0","0","5","0","","67","5","2021","1","40.061606","-75.154733","1908","6","0","0","0","0","0","0","0","0","","0","0","0","18","1","1","N","0","0","40 03:41.780","","0","75 09:17.040","3","0","0","0","67301","0","0","0","N","0","0","0","2","67301","0","","6.0","","1","N","N","N","0","","1","0","0","0","0","","1856","2","1","0","0","0","0","0","2","0","2","0","0","0","3","","","N","","","","","","","","","",""
"2021060902","336","1","0","0","0","0","0","0","0","0","7","0","","67","6","2021","3","40.001506","-75.194959","331","6","0","0","0","0","0","0","0","0","","0","0","0","3","3","0","N","0","0","40 00:05.423","","0","75 11:41.854","0","0","0","0","67301","0","0","0","N","0","0","0","1","68K01","0","","4.0","","1","N","N","N","0","","0","0","0","0","0","","319","1","0","0","0","0","0","0","2","0","1","0","0","0","3","03","","N","","","","","","","","","",""
"2021068399","751","1","0","0","0","0","0","0","0","0","5","1","45","67","7","2021","3","40.010751","-75.062504","740","6","0","0","0","0","0","0","0","0","","0","1","0","7","1","0","N","0","0","40 00:38.704","","0","75 03:45.016","0","0","0","0","67301","0","0","0","N","0","0","0","2","68K01","0","","1.0","","1","N","N","N","0","","0","0","0","0","0","","737","2","0","0","0","0","0","0","2","0","2","0","0","0","3","","Y","Y","4","1","N","N","N","N","N","Y","Y","N"
"2021038058","1801","0","0","0","0","0","0","0","0","0","7","0","","67","4","2021","1","40.00736","-75.069696","1755","6","0","0","0","0","0","0","0","0","","0","0","0","17","1","1","N","0","1","40 00:26.497","1","2","75 04:10.906","8","0","0","0","67301","0","0","0","Y","0","0","0","1","68K01","0","","4.0","1830.0","1","N","N","N","0","","0","0","1","0","0","N","1732","1","1","0","0","0","1","0","2","0","1","0","0","0","3","03","","N","","","","","","","","","",""
"2021068336","2110","0","0","0","0","0","0","0","0","0","7","0","","67","7","2021","4","39.968594","-75.128862","2051","6","0","0","0","0","0","0","0","0","","0","0","0","20","3","0","N","0","2","39 58:06.938","2","0","75 07:43.902","0","0","0","0","67301","0","0","0","N","0","0","0","1","68K01","0","","3.0","2105.0","9","N","N","N","0","","0","0","1","0","0","N","2050","1","0","0","0","0","0","0","2","0","1","0","0","0","3","","","N","","","","","","","","","",""
"2021068204","0046","0","0","0","0","0","0","0","0","0","1","0","","67","7","2021","7","40.029939","-75.022244","0027","6","0","0","0","0","0","1","0","0","","0","0","0","0","3","3","N","0","2","40 01:47.782","1","0","75 01:20.079","3","0","0","0","67301","0","0","0","N","0","0","0","3","68K01","0","","1.0","25.0","1","N","N","N","0","","3","0","2","0","0","Y","24","2","3","0","0","0","0","0","2","0","2","0","0","0","3","03","","N","","","","","","","","","",""
"2021048521","0733","1","0","0","0","0","0","0","0","0","1","0","45","67","5","2021","4","40.021879","-75.039615","0709","6","0","0","0","0","0","0","0","0","","0","0","0","6","1","0","N","0","0","40 01:18.766","","0","75 02:22.614","0","0","0","0","67301","0","0","0","N","0","0","0","5","68K01","0","","1.0","","1","N","N","N","1","","0","0","0","0","0","","654","2","0","0","0","0","0","0","2","0","2","0","0","0","3","03","N","Y","2","1","","","N","","","Y","","N"
"2021038155","0945","1","0","0","0","0","0","0","0","0","5","0","","67","4","2021","4","39.979593","-75.164915","0945","6","0","0","0","0","0","0","0","0","","0","0","0","9","1","0","N","0","0","39 58:46.533","","0","75 09:53.695","0","0","0","0","67301","0","0","0","N","0","0","0","1","67505","0","","6.0","","1","N","N","N","0","","0","0","1","0","0","","945","2","0","0","0","0","0","0","2","0","2","0","0","0","3","03","","N","","","","","","","","","",""
"2021038816","0825","2","0","0","0","0","0","0","0","0","4","0","","67","4","2021","6","40.00468","-75.152126","0820","6","0","0","0","0","0","0","0","0","","0","0","0","8","1","0","","1","0","40 00:16.847","","0","75 09:07.652","0","0","0","0","67301","0","0","0","N","0","0","0","3","67505","0","","1.0","","1","N","N","Y","0","","0","0","0","3","2","","810","2","0","0","0","0","0","0","2","0","2","0","0","0","3","03","","N","","","","","","","","","",""
"2021038596","0031","2","0","0","0","0","0","0","0","0","1","0","","67","4","2021","1","39.939018","-75.232391","0031","6","0","0","0","0","0","0","0","0","","0","0","0","23","3","1","","1","0","39 56:20.464","","0","75 13:56.607","3","0","0","0","67301","0","0","0","N","0","0","0","3","67301","0","","1.0","","1","N","N","N","0","","1","0","0","3","2","","2355","2","1","0","0","0","0","0","2","0","2","0","0","0","3","","","N","","","","","","","","","",""
"2021036992","1102","3","0","0","0","0","0","0","0","0","4","0","","67","4","2021","6","40.044023","-75.146961","1055","6","0","0","0","0","0","0","1","0","","0","0","0","10","1","1","","1","0","40 02:38.482","","0","75 08:49.059","8","0","0","0","67301","0","0","0","N","0","0","0","3","67301","0","","1.0","","1","N","N","N","0","","0","0","1","3","3","","1033","4","1","0","0","0","1","0","2","0","4","0","0","0","3","03","","N","","","","","","","","","",""
"2021038600","1849","1","0","0","0","0","0","0","0","0","5","0","","67","4","2021","2","39.922639","-75.235556","1848","6","0","0","0","0","0","0","0","0","","0","0","0","18","1","1","N","0","0","39 55:21.500","","0","75 14:08.000","3","0","0","0","67301","0","0","0","N","0","0","0","1","67301","0","","6.0","","1","N","N","N","1","","1","0","0","0","0","","1846","2","1","0","0","0","0","0","2","0","2","0","0","0","3","","","N","","","","","","","","","",""
"2021037294","1705","2","0","0","0","0","0","0","0","0","6","0","","67","4","2021","7","40.072808","-75.075736","1653","6","0","0","0","0","0","0","0","0","","0","0","0","15","1","1","N","0","1","40 04:22.110","3","0","75 04:32.648","3","0","0","0","67301","0","0","0","N","0","0","0","3","67301","0","","1.0","100.0","1","N","N","N","0","","1","0","1","0","0","N","1500","3","1","0","0","0","0","0","2","0","3","0","0","0","3","03","","N","","","","","","","","","",""
"2021040557","1815","1","0","0","0","0","0","0","0","0","4","0","","67","4","2021","4","39.955489","-75.21359","1811","6","0","0","0","0","1","0","0","0","","0","0","0","18","1","1","","1","0","39 57:19.761","","0","75 12:48.923","3","0","0","1","67301","0","0","0","N","0","0","0","2","67301","0","","1.0","","1","N","N","N","0","","1","0","0","3","2","","1806","2","1","0","0","0","0","0","2","0","2","0","0","0","3","","","N","","","","","","","","","",""
"2021068397","1038","1","0","0","0","0","0","0","0","0","7","0","","67","7","2021","2","39.879014","-75.248956","1030","6","0","0","0","0","1","0","0","0","","0","0","0","10","1","1","N","0","1","39 52:44.451","1","0","75 14:56.241","8","0","0","0","67301","0","0","0","Y","0","0","0","2","68K01","0","","4.0","1110.0","1","N","N","N","0","","0","0","0","0","0","N","1029","1","1","1","0","0","1","0","2","0","1","0","0","0","3","","","N","","","","","","","","","",""
"2021068333","1808","1","0","0","0","0","0","0","0","0","1","0","","67","7","2021","4","39.886148","-75.206698","1748","6","0","0","0","0","0","1","0","0","","0","0","0","17","1","0","N","0","1","39 53:10.134","1","3","75 12:24.114","0","0","0","0","67301","0","0","0","N","0","0","0","2","68K01","0","","1.0","1800.0","1","N","N","N","0","","0","0","1","0","0","N","1744","2","0","0","0","0","0","0","2","0","2","0","0","0","3","03","","N","","","","","","","","","",""
"2021017107","0749","0","0","0","0","0","0","0","0","0","7","0","","67","2","2021","5","39.933183","-75.237601","0743","6","0","0","0","0","0","0","0","0","","0","0","0","7","1","1","N","0","0","39 55:59.458","","0","75 14:15.363","3","0","0","0","67301","0","0","0","N","0","0","0","1","67301","0","","5.0","","7","N","N","N","0","","1","0","1","0","0","","720","1","1","0","0","0","0","0","2","0","1","0","0","0","10","09","","N","","","","","","","","","",""
"2021036988","1338","0","0","0","1","0","0","0","0","0","8","0","","67","4","2021","6","40.026393","-75.097546","1332","6","0","0","0","0","0","0","0","0","","0","0","0","13","1","1","","1","0","40 01:35.013","","0","75 05:51.166","3","0","0","0","67301","1","0","0","N","0","0","0","2","67301","0","","1.0","","1","N","N","N","0","","1","0","0","3","2","","1328","2","1","0","0","0","0","1","2","0","1","1","0","0","3","03","","N","","","","","","","","","",""
"2021040369","0137","1","0","0","0","0","0","0","0","0","5","0","","67","4","2021","1","39.934628","-75.171314","2246","6","0","0","0","0","0","0","0","0","","0","0","0","22","3","0","N","0","0","39 56:04.660","","0","75 10:16.730","0","0","0","0","67301","0","0","0","N","0","0","0","1","67301","0","","6.0","","1","N","N","N","0","","0","0","1","0","0","","2230","3","0","0","0","0","0","0","2","1","3","0","0","0","3","03","","N","","","","","","","","","",""
"2021038502","0415","0","0","0","0","0","0","0","0","0","8","0","","67","4","2021","4","40.024069","-75.179861","0408","6","0","0","0","0","0","0","0","0","","0","0","0","4","3","1","","2","0","40 01:26.647","","0","75 10:47.500","2","0","0","0","67301","1","0","1","N","1","0","1","2","67301","0","","1.0","","1","N","N","N","0","","0","1","0","0","0","","403","2","1","0","0","0","0","0","2","0","1","1","0","1","3","03","","N","","","","","","","","","",""
"2021046909","1045","1","0","0","0","0","0","0","0","0","4","0","","67","5","2021","6","39.952581","-75.148485","1044","6","0","0","0","0","0","1","0","0","","0","0","0","10","1","0","","1","2","39 57:09.292","1","0","75 08:54.546","0","0","0","0","67301","0","0","0","N","0","0","0","3","67301","0","","1.0","30.0","1","N","N","N","0","","0","0","1","3","2","Y","1044","2","0","0","0","0","0","0","2","0","2","0","0","0","3","03","","N","","","","","","","","","",""
"2021046684","1502","2","0","0","0","0","0","0","0","0","4","0","","67","5","2021","1","39.975868","-75.158557","1500","6","0","0","0","0","0","0","0","0","","0","0","0","14","1","3","","1","0","39 58:33.126","","0","75 09:30.804","8","0","0","0","67301","0","0","0","N","0","0","0","5","67505","0","","1.0","","1","N","N","N","0","","0","0","0","3","2","","1452","2","3","0","0","0","3","1","2","0","2","0","0","0","3","03","","N","","","","","","","","","",""
"2021076432","1302","3","0","0","0","0","0","0","0","0","1","0","","67","8","2021","3","40.016554","-75.051409","1234","6","0","0","0","0","1","0","0","0","","0","0","0","12","1","3","N","0","1","40 00:59.593","2","0","75 03:05.072","8","0","0","0","67301","0","0","0","N","0","0","0","5","68K01","0","","1.0","1350.0","1","N","N","N","0","","0","0","1","0","0","N","1232","4","3","0","0","0","3","0","2","0","4","0","0","0","3","","","N","","","","","","","","","",""
"2021036989","0640","2","0","0","0","0","0","0","0","0","4","0","","67","4","2021","6","39.951446","-75.234844","0640","6","0","0","0","0","0","0","0","0","","0","0","0","6","1","0","","1","0","39 57:05.205","","0","75 14:05.438","0","0","0","0","67301","0","0","0","N","0","0","0","2","67301","0","","1.0","","1","N","N","N","0","","0","0","0","3","2","","623","2","0","0","0","0","0","0","2","0","2","0","0","0","3","03","","N","","","","","","","","","",""
"2021076137","2136","2","0","1","0","0","0","0","0","0","4","0","","67","8","2021","5","39.929014","-75.24086","2129","6","0","0","0","0","0","0","0","0","","0","0","0","18","1","1","N","1","0","39 55:44.452","","0","75 14:27.097","2","0","0","0","67301","0","0","0","N","0","0","0","1","67301","0","","1.0","","1","N","N","N","0","","0","1","0","0","0","","1850","2","1","0","0","0","0","0","2","0","2","0","0","0","3","03","","N","","","","","","","","","",""
"2021038383","2345","2","0","0","0","0","0","0","0","0","5","0","","67","4","2021","4","39.956203","-75.180541","2345","6","0","0","1","0","0","0","0","0","","0","0","0","23","3","0","N","0","2","39 57:22.330","1","1","75 10:49.948","0","0","0","0","67301","0","0","0","Y","0","0","0","3","67507","0","","1.0","100.0","1","N","N","Y","0","","0","0","1","0","0","Y","2320","3","0","0","0","0","0","0","2","0","3","0","0","0","3","","","N","","","","","","","","","",""
"2021038910","1118","1","0","0","0","0","0","0","0","0","1","0","","67","4","2021","6","39.962185","-75.242314","1118","6","0","0","0","0","0","1","0","0","","0","0","0","11","1","0","Y","0","0","39 57:43.866","","1","75 14:32.329","0","0","0","0","67301","0","0","0","N","0","0","0","2","67301","0","","1.0","","1","N","N","N","0","","0","0","1","3","2","","1100","2","0","0","0","0","0","0","2","0","2","0","0","0","3","03","","N","","","","","","","","","",""
"2021077369","0716","0","0","0","0","0","0","0","0","0","1","0","","67","8","2021","1","39.927361","-75.146716","0716","6","0","0","0","0","0","0","0","0","","0","0","0","7","1","2","N","0","0","39 55:38.501","","0","75 08:48.178","3","0","0","0","67301","0","0","0","N","0","0","0","3","68K01","0","","1.0","","1","N","N","N","0","","1","0","2","0","0","","715","2","2","0","0","0","1","0","2","0","2","0","0","0","3","","","N","","","","","","","","","",""
"2021038735","1230","0","0","0","0","0","0","0","0","0","4","0","","67","4","2021","4","40.074316","-75.034824","1225","6","0","0","0","0","0","1","0","0","","0","0","0","12","1","0","","1","2","40 04:27.539","1","0","75 02:05.367","0","0","0","0","67301","0","0","0","N","0","0","0","4","67301","0","","1.0","1250.0","1","N","N","N","1","","0","0","1","3","2","Y","1215","2","0","0","0","0","0","0","2","0","2","0","0","0","3","","","N","","","","","","","","","",""
"2021056158","0245","1","0","0","0","0","0","0","0","0","4","0","","67","4","2021","4","39.956963","-75.225502","0245","6","0","0","0","0","0","1","0","0","","0","0","0","2","3","2","","1","0","39 57:25.067","","0","75 13:31.807","8","0","0","0","67301","0","0","0","N","0","0","0","3","67301","0","","1.0","","1","N","N","N","0","","0","0","1","3","2","","244","2","2","3","0","0","2","0","2","0","2","0","0","0","3","03","","N","","","","","","","","","",""
"2021038456","1210","1","0","0","0","0","0","0","0","0","7","0","","67","4","2021","2","40.094165","-75.015406","1158","6","0","0","0","0","0","0","0","0","","0","0","0","11","1","1","N","0","2","40 05:38.993","1","0","75 00:55.461","2","0","0","0","67301","0","0","0","N","0","0","0","1","67301","0","","3.0","1530.0","1","N","N","N","0","","0","1","0","0","0","Y","1158","1","1","0","0","0","0","0","2","0","1","0","0","0","3","","","N","","","","","","","","","",""
"2021038457","1122","3","0","0","0","0","0","0","0","0","5","0","","67","4","2021","4","40.08285","-74.967689","1111","6","0","0","0","0","0","0","0","0","","0","0","0","10","1","1","N","0","0","40 04:58.260","","0","74 58:03.680","3","0","0","0","67301","0","0","0","N","0","0","0","3","67301","0","","1.0","","1","N","N","N","0","","1","0","1","0","0","","1050","4","1","0","0","0","0","0","2","0","4","0","0","0","3","03","","N","","","","","","","","","",""
"2021037299","1842","1","0","0","0","0","0","0","0","0","4","0","","67","4","2021","7","39.94917","-75.241405","1835","6","0","0","0","0","0","0","0","0","","0","0","0","18","1","1","","1","0","39 56:57.011","","0","75 14:29.058","3","0","0","0","67301","0","0","0","N","0","0","0","3","67301","0","","1.0","","1","N","N","N","0","","1","0","1","3","3","","1834","3","1","0","0","0","0","0","2","1","3","0","0","0","3","03","","N","","","","","","","","","",""
"2021078076","2337","2","0","0","0","0","0","0","0","0","5","0","","67","8","2021","7","39.995921","-75.083116","2325","6","0","0","0","0","0","1","0","0","","0","0","0","23","3","0","N","0","2","39 59:45.314","2","0","75 04:59.218","0","0","0","0","67301","0","0","0","N","0","0","0","3","68K01","0","","1.0","2355.0","1","N","N","Y","0","","0","0","0","0","0","N","2317","2","0","0","0","0","0","0","2","0","2","0","0","0","3","","","N","","","","","","","","","",""
"2021039303","1541","0","0","0","0","0","0","0","0","0","7","0","","67","4","2021","6","40.030747","-75.099253","1519","6","0","0","0","0","0","0","1","0","","0","0","0","15","1","0","N","0","0","40 01:50.690","","7","75 05:57.310","0","0","0","0","67301","0","0","0","N","0","0","0","1","67301","0","","5.0","","1","N","N","N","0","","0","0","1","0","0","","1506","1","0","0","0","0","0","0","2","0","1","0","0","0","3","","","N","","","","","","","","","",""
"2021038561","2316","2","0","0","0","0","0","0","0","0","1","0","","67","4","2021","3","40.000522","-75.194817","2310","6","0","0","0","0","0","0","0","0","","0","0","0","23","3","1","N","0","0","40 00:01.880","","0","75 11:41.340","3","0","0","0","67301","0","0","0","N","0","0","0","3","68K01","0","","1.0","","1","N","N","N","0","","1","0","0","0","0","","2310","2","1","0","0","0","0","0","2","0","2","0","0","0","3","","","N","","","","","","","","","",""
"2021037758","0625","0","0","0","0","0","0","0","0","0","4","0","","67","4","2021","2","40.034979","-75.078477","0605","6","0","0","0","0","0","0","0","0","","0","0","0","5","1","0","","1","0","40 02:05.924","","0","75 04:42.517","0","0","0","0","67301","0","0","0","N","0","0","0","2","67301","0","","1.0","","1","N","N","N","1","","0","0","1","3","3","","549","2","0","0","0","0","0","0","2","0","2","0","0","0","3","03","","N","","","","","","","","","",""
"2021039649","0252","2","0","0","0","0","0","0","0","0","5","0","","67","4","2021","6","39.961697","-75.225603","0252","6","0","0","0","0","0","0","0","0","","0","0","0","2","3","0","N","0","0","39 57:42.110","","0","75 13:32.170","0","0","0","0","67301","0","0","0","N","0","0","0","1","67301","0","","6.0","","9","N","N","N","0","","0","0","1","0","0","","236","4","0","0","0","0","0","0","2","1","4","0","0","0","7","07","","N","","","","","","","","","",""
"2021037381","2156","0","0","0","0","0","0","0","0","0","8","0","","67","4","2021","1","39.946942","-75.166547","2148","6","0","0","0","0","0","0","0","0","","0","0","0","21","3","1","N","0","2","39 56:48.990","2","0","75 09:59.570","2","0","0","0","67301","1","0","1","N","1","0","1","2","67301","0","","1.0","2258.0","1","N","N","N","0","","0","1","1","0","0","Y","2140","2","1","0","0","0","0","0","2","0","1","1","0","1","3","03","","N","","","","","","","","","",""
"2021076440","0632","1","0","0","0","0","0","0","0","0","7","1","","67","8","2021","4","39.877456","-75.253243","0624","6","0","0","0","0","0","1","0","0","","0","1","0","6","1","2","N","0","2","39 52:38.840","2","0","75 15:11.675","4","0","0","0","67301","0","0","0","N","0","0","0","3","68K01","2","","3.0","710.0","1","N","N","N","0","","0","0","0","0","0","N","620","2","2","0","0","0","0","0","2","0","2","0","0","0","3","","","N","","","","","","","","","",""
"2021068072","2057","3","0","0","0","0","0","0","0","0","1","0","","67","7","2021","2","39.995437","-75.197766","2057","6","0","0","0","0","0","1","0","0","","0","0","0","20","3","6","N","0","1","39 59:43.573","3","0","75 11:51.959","8","0","0","0","67301","0","0","0","N","0","0","0","10","68K01","0","","1.0","2150.0","9","N","N","N","0","","0","0","1","0","0","N","2057","4","6","3","0","0","6","0","2","0","4","0","0","0","3","03","","N","","","","","","","","","",""
"2021049620","2327","0","0","0","0","0","0","0","0","0","7","0","","67","5","2021","6","39.893753","-75.195797","2314","6","0","0","0","0","0","0","0","0","","0","0","0","23","3","1","N","0","1","39 53:37.510","2","3","75 11:44.869","3","0","0","0","67301","0","0","0","N","0","0","0","1","68K01","0","","4.0","2334.0","9","N","N","N","0","","1","0","1","0","0","N","2303","1","1","0","0","0","0","0","2","0","1","0","0","0","7","","","N","","","","","","","","","",""
"2021041095","1645","1","0","0","0","0","0","0","0","0","2","0","","67","4","2021","4","40.022928","-75.136988","1645","6","0","0","0","0","0","0","0","0","","0","0","0","23","3","2","","1","0","40 01:22.541","","0","75 08:13.158","3","0","0","0","67301","0","0","0","N","0","0","0","4","67301","0","","1.0","","99","N","N","N","0","","2","0","0","9","2","","2300","2","2","0","0","0","0","0","2","0","2","0","0","0","99","","","N","","","","","","","","","",""
"2021067628","1814","0","0","0","0","0","0","0","0","0","1","0","","67","7","2021","5","39.971914","-75.122492","1811","6","0","0","0","0","0","0","0","0","","0","0","0","18","1","1","N","0","1","39 58:18.889","1","0","75 07:20.972","8","0","0","0","67301","0","0","0","N","0","0","0","3","68K01","0","","1.0","1840.0","1","N","N","N","0","","0","0","2","3","8","N","1805","3","1","0","0","0","1","0","2","0","3","0","0","0","3","","","N","","","","","","","","","",""
"2021038608","1620","1","0","0","0","0","0","0","0","0","1","0","","67","4","2021","4","40.017","-75.149972","1600","6","0","0","0","0","0","0","1","0","","0","0","0","15","1","1","N","0","0","40 01:01.200","","7","75 08:59.900","3","0","0","0","67301","0","0","0","N","0","0","0","2","67301","0","","1.0","","1","N","N","N","0","","1","0","1","0","0","","1512","2","1","1","0","0","0","0","2","0","2","0","0","0","3","03","","N","","","","","","","","","",""
"2021039553","2006","1","0","0","0","0","0","0","0","0","8","0","","67","4","2021","3","39.947778","-75.227413","2002","6","0","0","0","0","0","0","0","0","","0","0","0","14","1","1","","1","0","39 56:52.000","","0","75 13:38.688","3","0","0","0","67301","1","0","0","N","1","0","0","2","67301","0","","1.0","","1","N","N","N","0","","1","0","0","3","2","","1430","2","1","0","0","0","0","0","2","0","1","1","0","0","3","03","","N","","","","","","","","","",""
"2021037267","0615","1","0","0","0","0","0","0","0","0","7","0","","67","4","2021","7","39.976284","-75.195418","0609","6","0","0","0","0","0","0","0","0","","0","0","0","5","1","0","N","0","1","39 58:34.624","3","0","75 11:43.506","0","0","0","0","67301","0","0","0","N","0","0","0","1","68K01","0","","4.0","625.0","1","N","N","N","0","","0","0","0","0","0","N","551","1","0","0","0","0","0","0","2","0","1","0","0","0","3","","","N","","","","","","","","","",""
"2021038478","0930","2","0","0","0","0","0","0","0","0","4","0","","67","4","2021","3","39.988753","-75.187038","0926","6","0","0","0","0","0","1","0","0","","0","0","0","9","1","1","","1","0","39 59:19.512","","0","75 11:13.337","4","0","0","0","67301","0","0","0","N","0","0","0","2","67301","1","","1.0","","1","N","N","N","0","","0","0","0","3","2","","920","2","1","0","0","0","0","1","2","0","2","0","0","0","3","03","","N","","","","","","","","","",""
"2021039302","2010","1","0","0","0","0","0","0","0","0","4","0","","67","4","2021","5","40.046006","-75.095992","2008","6","0","0","0","0","0","1","0","0","","0","0","0","20","3","1","","1","0","40 02:45.621","","0","75 05:45.571","8","0","0","0","67301","0","0","0","N","0","0","0","3","67301","0","","1.0","","9","N","N","N","0","","0","0","1","3","3","","2008","2","1","0","0","0","1","1","2","0","2","0","0","0","7","","","N","","","","","","","","","",""
"2021068080","1600","0","0","0","0","0","0","0","0","0","1","0","","67","7","2021","3","39.957915","-75.162176","1543","6","0","0","0","0","0","1","0","0","","0","0","0","15","1","0","N","0","0","39 57:28.494","","0","75 09:43.835","0","0","0","0","67301","0","0","0","N","0","0","0","5","68K01","0","","1.0","","1","N","N","N","0","","0","0","2","0","0","","1534","3","0","0","0","0","0","0","2","1","3","0","0","0","3","03","","N","","","","","","","","","",""