"CRN","ARRIVAL_TM","AUTOMOBILE_COUNT","BELTED_DEATH_COUNT","BELTED_SUSP_SERIOUS_INJ_COUNT","BICYCLE_COUNT","BICYCLE_DEATH_COUNT","BICYCLE_SUSP_SERIOUS_INJ_COUNT","BUS_COUNT","CHLDPAS_DEATH_COUNT","CHLDPAS_SUSP_SERIOUS_INJ_COUNT","COLLISION_TYPE","COMM_VEH_COUNT","CONS_ZONE_SPD_LIM","COUNTY","CRASH_MONTH","CRASH_YEAR","DAY_OF_WEEK","DEC_LATITUDE","DEC_LONGITUDE","DISPATCH_TM","DISTRICT","DRIVER_COUNT_16YR","DRIVER_COUNT_17YR","DRIVER_COUNT_18YR","DRIVER_COUNT_19YR","DRIVER_COUNT_20YR","DRIVER_COUNT_50_64YR","DRIVER_COUNT_65_74YR","DRIVER_COUNT_75PLUS","EST_HRS_CLOSED","FATAL_COUNT","HEAVY_TRUCK_COUNT","HORSE_BUGGY_COUNT","HOUR_OF_DAY","ILLUMINATION","INJURY_COUNT","INTERSECTION_RELATED","INTERSECT_TYPE","LANE_CLOSED","LATITUDE","LN_CLOSE_DIR","LOCATION_TYPE","LONGITUDE","MAX_SEVERITY_LEVEL","MCYCLE_DEATH_COUNT","MCYCLE_SUSP_SERIOUS_INJ_COUNT","MOTORCYCLE_COUNT","MUNICIPALITY","NONMOTR_COUNT","NONMOTR_DEATH_COUNT","NONMOTR_SUSP_SERIOUS_INJ_COUNT","NTFY_HIWY_MAINT","PED_COUNT","PED_DEATH_COUNT","PED_SUSP_SERIOUS_INJ_COUNT","PERSON_COUNT","POLICE_AGCY","POSSIBLE_INJ_COUNT","RDWY_SURF_TYPE_CD","RELATION_TO_ROAD","ROADWAY_CLEARED","ROAD_CONDITION","SCH_BUS_IND","SCH_ZONE_IND","SECONDARY_CRASH","SMALL_TRUCK_COUNT","SPEC_JURIS_CD","SUSP_MINOR_INJ_COUNT","SUSP_SERIOUS_INJ_COUNT","SUV_COUNT","TCD_FUNC_CD","TCD_TYPE","TFC_DETOUR_IND","TIME_OF_DAY","TOTAL_UNITS","TOT_INJ_COUNT","UNBELTED_OCC_COUNT","UNB_DEATH_COUNT","UNB_SUSP_SERIOUS_INJ_COUNT","UNK_INJ_DEG_COUNT","UNK_INJ_PER_COUNT","URBAN_RURAL","VAN_COUNT","VEHICLE_COUNT","VULNERABLE_ROAD_USER_COUNT","VULNERABLE_ROAD_USER_DEATH_COUNT","VULNERABLE_ROAD_USER_SER_INJ_COUNT","WEATHER1","WEATHER2","WORKERS_PRES","WORK_ZONE_IND","WORK_ZONE_LOC","WORK_ZONE_TYPE","WZ_CLOSE_DETOUR","WZ_FLAGGER","WZ_LAW_OFFCR_IND","WZ_LN_CLOSURE","WZ_MOVING","WZ_OTHER","WZ_SHLDER_MDN","WZ_WORKERS_INJ_KILLED"
"2021038377","2219","1","0","0","0","0","0","0","0","0","1","0","35","67","4","2021","4","39.911417","-75.165417","2211","6","0","0","0","0","1","0","0","0","","0","0","0","22","3","0","N","0","0","39 54:41.100","","3","75 09:55.500","0","0","0","0","67301","0","0","0","N","0","0","0","2","67501","0","","1.0","","1","N","N","N","0","","0","0","1","0","0","","2211","2","0","0","0","0","0","0","2","0","2","0","0","0","3","","N","Y","4","1","","","N","Y","Y","","","N"
"2021037409","2010","4","0","0","0","0","0","0","0","0","4","0","","67","4","2021","1","40.044427","-75.14356","2005","6","0","0","0","0","0","1","0","0","","0","0","0","20","3","3","","1","2","40 02:39.937","2","0","75 08:36.816","3","0","0","0","67301","0","0","0","N","0","0","0","4","67301","0","","1.0","2100.0","1","N","N","Y","0","","3","0","0","3","2","Y","2000","4","3","2","0","0","0","1","2","0","4","0","0","0","3","","","N","","","","","","","","","",""
"2021036991","0842","2","0","0","0","0","0","0","0","0","4","0","","67","4","2021","6","40.02488","-75.147834","0842","6","0","0","0","0","0","0","0","0","","0","0","0","7","1","1","N","0","0","40 01:29.567","","7","75 08:52.202","8","0","0","0","67301","0","0","0","N","0","0","0","3","67301","0","","1.0","","1","N","N","N","0","","0","0","0","0","0","","730","2","1","0","0","0","1","0","2","0","2","0","0","0","4","04","","N","","","","","","","","","",""
"2021066585","1400","1","0","0","0","0","0","0","0","0","7","0","","67","7","2021","1","39.960022","-75.192565","1358","6","0","0","0","1","0","0","0","0","","0","0","0","13","1","1","N","2","0","39 57:36.079","","0","75 11:33.233","3","0","0","0","67301","0","0","0","N","0","0","0","1","67507","0","","5.0","","1","N","N","N","0","","1","0","0","3","2","N","1355","1","1","0","0","0","0","0","2","0","1","0","0","0","3","","","N","","","","","","","","","",""
"2021038490","0855","1","0","0","0","0","0","0","0","0","4","0","","67","4","2021","2","39.970153","-75.145021","0825","6","0","0","0","0","0","0","0","0","","0","0","0","8","1","1","","1","0","39 58:12.552","","0","75 08:42.076","3","0","0","0","67301","0","0","0","N","0","0","0","2","67301","0","","1.0","","1","N","N","N","0","","1","0","1","3","2","","815","2","1","0","0","0","0","0","2","0","2","0","0","0","3","03","","N","","","","","","","","","",""
"2021068226","2154","2","0","0","0","0","0","0","0","0","1","0","","67","7","2021","6","39.944801","-75.191237","2135","6","0","0","0","0","0","0","0","0","","0","0","0","21","3","1","N","0","0","39 56:41.285","","0","75 11:28.454","3","0","0","0","67301","0","0","0","N","0","0","0","3","68K01","0","","1.0","","1","N","N","N","0","","1","0","1","0","0","","2133","3","1","0","0","0","0","0","2","0","3","0","0","0","3","","","N","","","","","","","","","",""
"2021041574","2210","1","0","0","0","0","0","0","0","0","4","0","","67","4","2021","2","39.993744","-75.108661","2210","6","0","0","0","0","0","0","0","0","","0","0","0","20","3","0","","1","0","39 59:37.479","","0","75 06:31.178","0","0","0","0","67301","0","0","0","N","0","0","0","2","67301","0","","1.0","","1","N","N","N","0","","0","0","1","3","3","","2047","2","0","0","0","0","0","0","2","0","2","0","0","0","3","","","N","","","","","","","","","",""
"2021038458","1741","0","0","0","0","0","0","0","0","0","5","0","","67","4","2021","4","40.04875","-75.005361","1737","6","0","0","0","0","0","0","1","0","","0","0","0","17","1","0","N","0","2","40 02:55.500","5","0","75 00:19.300","0","0","0","0","67301","0","0","0","N","0","0","0","3","67301","0","","6.0","30.0","1","N","N","N","0","","0","0","2","0","0","Y","1737","2","0","0","0","0","0","0","2","0","2","0","0","0","3","03","","N","","","","","","","","","",""
"2021039207","1720","1","0","0","0","0","0","0","0","0","4","0","","67","4","2021","4","40.023101","-75.124014","1713","6","0","0","0","0","0","0","0","0","","0","0","0","17","1","1","","1","0","40 01:23.163","","0","75 07:26.450","8","0","0","1","67301","0","0","0","N","0","0","0","2","67301","0","","1.0","","1","N","N","N","0","","0","0","0","3","3","","1706","2","1","0","0","0","1","0","2","0","2","0","0","0","3","","","N","","","","","","","","","",""
"2021038455","1628","0","0","0","0","0","0","0","0","0","4","0","","67","4","2021","4","39.95762","-75.145687","1627","6","0","0","0","0","0","1","1","0","","0","0","0","16","1","1","","1","1","39 57:27.432","4","0","75 08:44.473","8","0","0","0","67301","0","0","0","N","0","0","0","2","67301","0","","1.0","1659.0","1","N","N","N","1","","0","0","1","3","2","N","1600","2","1","1","0","0","1","0","2","0","2","0","0","0","3","03","","N","","","","","","","","","",""
"2021095722","0620","1","0","0","0","0","0","0","0","0","7","0","","67","10","2021","1","40.041586","-75.138961","0618","6","0","0","0","0","0","0","0","0","","0","0","0","6","5","1","N","0","2","40 02:29.710","5","0","75 08:20.260","3","0","0","0","67301","0","0","0","N","0","0","0","1","67301","0","","5.0","832.0","1","N","N","N","0","","1","0","0","0","0","Y","614","1","1","0","0","0","0","0","2","0","1","0","0","0","5","","","N","","","","","","","","","",""
"2021100357","1006","1","0","0","0","0","0","0","0","0","5","1","","67","10","2021","5","39.955517","-75.140745","0956","6","0","0","0","0","0","1","0","0","","0","1","0","9","1","0","N","0","0","39 57:19.862","","0","75 08:26.681","0","0","0","0","67301","0","0","0","N","0","0","0","6","68K01","0","","1.0","","1","N","N","N","1","","0","0","2","0","0","","951","5","0","0","0","0","0","0","2","0","5","0","0","0","3","","","N","","","","","","","","","",""
"2021078237","2232","1","0","0","0","0","0","0","0","0","4","0","","67","8","2021","5","39.986017","-75.154066","2231","6","0","0","0","0","0","0","0","0","","0","0","0","22","3","1","","1","2","39 59:09.661","7","0","75 09:14.636","8","0","0","0","67301","0","0","0","N","0","0","0","2","67505","0","","1.0","2232.0","1","N","N","Y","0","","0","0","1","3","2","Y","2231","2","1","0","0","0","1","0","2","0","2","0","0","0","3","03","","N","","","","","","","","","",""
"2021080383","1430","1","0","0","0","0","0","0","0","0","5","0","","67","8","2021","1","40.045786","-75.154053","1430","6","0","0","0","0","0","0","0","0","","0","0","0","21","6","1","N","0","0","40 02:44.830","","0","75 09:14.590","4","0","0","0","67301","0","0","0","N","0","0","0","2","67301","1","","1.0","","99","N","N","N","0","","0","0","1","0","0","","2145","2","1","2","0","0","0","1","2","0","2","0","0","0","7","","","N","","","","","","","","","",""
"2021039740","1224","0","0","0","0","0","0","0","0","0","4","0","","67","4","2021","6","40.021114","-75.133856","1222","6","0","0","0","0","0","1","0","0","","0","0","0","11","1","1","","1","0","40 01:16.010","","0","75 08:01.881","3","0","0","1","67301","0","0","0","N","0","0","0","2","67301","0","","1.0","","1","N","N","N","0","","1","0","1","0","0","","1143","2","1","0","0","0","0","0","2","0","2","0","0","0","4","","","N","","","","","","","","","",""
"2021121196","0706","2","0","0","0","0","0","0","0","0","1","0","","67","12","2021","6","39.994924","-75.083857","0655","6","0","0","0","0","0","0","0","0","","0","0","0","6","1","0","N","0","2","39 59:41.725","2","0","75 05:01.886","0","0","0","0","67301","0","0","0","N","0","0","0","2","68K01","0","","3.0","750.0","1","N","N","N","0","","0","0","0","0","0","N","654","2","0","0","0","0","0","0","2","0","2","0","0","0","3","","","N","","","","","","","","","",""
"2021059488","0920","0","0","0","0","0","0","0","0","0","7","0","","67","6","2021","1","40.00825","-75.202403","0914","6","0","0","0","0","1","0","0","0","","0","0","0","9","1","0","N","0","0","40 00:29.701","","0","75 12:08.649","0","0","0","0","67301","0","0","0","N","0","0","0","1","68K01","0","","1.0","","1","N","N","N","0","","0","0","1","0","0","","904","1","0","0","0","0","0","0","2","0","1","0","0","0","3","03","","N","","","","","","","","","",""
"2021039464","1715","1","0","0","0","0","0","0","0","0","4","0","","67","4","2021","6","39.992933","-75.113837","1700","6","0","0","0","0","0","0","0","0","","0","0","0","16","1","1","","1","0","39 59:34.558","","0","75 06:49.813","3","0","0","0","67301","0","0","0","N","0","0","0","2","67301","0","","1.0","","9","N","N","N","0","","1","0","0","3","2","","1650","2","1","0","0","0","0","0","2","0","2","0","0","0","7","07","","N","","","","","","","","","",""
"2021037760","0340","1","0","0","0","0","0","0","0","0","7","0","","67","4","2021","2","40.009582","-75.064135","0332","6","0","0","0","0","0","0","0","0","","0","0","0","3","3","0","","2","0","40 00:34.496","","0","75 03:50.887","0","0","0","0","67301","0","0","0","N","0","0","0","1","67301","0","","4.0","","1","N","N","N","0","","0","0","0","0","0","","330","1","0","0","0","0","0","0","2","0","1","0","0","0","3","03","","N","","","","","","","","","",""
"2021066654","0620","1","0","0","0","0","0","0","0","0","4","0","","67","7","2021","5","39.965291","-75.185696","0615","6","0","0","0","0","0","0","0","0","","0","1","0","6","1","0","N","6","0","39 57:55.047","","2","75 11:08.504","0","0","0","0","67301","0","0","0","N","0","0","0","1","68K01","0","","1.0","","1","N","N","N","0","","0","0","0","3","4","","607","2","0","0","0","0","0","0","2","0","2","0","0","0","3","03","","N","","","","","","","","","",""
"2021039549","1530","2","0","0","0","0","0","0","0","0","1","0","","67","4","2021","2","40.03408","-75.208414","1520","6","0","0","0","0","0","0","1","0","","0","0","0","14","1","0","","2","0","40 02:02.689","","0","75 12:30.292","0","0","0","0","67301","0","0","0","N","0","0","0","2","67301","0","","1.0","","1","N","N","N","0","","0","0","0","3","2","","1439","2","0","0","0","0","0","0","2","0","2","0","0","0","3","03","","N","","","","","","","","","",""
"2021102944","0226","2","0","0","0","0","0","0","0","0","5","0","","67","8","2021","5","40.000581","-75.138344","0224","6","0","0","0","0","0","0","0","0","","0","0","0","2","3","1","N","0","0","40 00:02.090","","0","75 08:18.040","3","0","0","0","67301","0","0","0","N","0","0","0","1","67301","0","","6.0","","1","N","N","Y","0","","1","0","1","0","0","","222","3","1","1","0","0","0","0","2","0","3","0","0","0","3","03","","N","","","","","","","","","",""
"2021123584","2006","2","0","0","0","0","0","0","0","0","1","0","","67","12","2021","4","39.997408","-75.081984","1935","6","0","0","0","0","0","0","0","0","","0","0","0","19","3","1","N","7","0","39 59:50.669","","2","75 04:55.143","4","0","0","0","67301","0","0","0","N","0","0","0","2","68K01","1","","1.0","","1","N","N","N","0","","0","0","0","0","0","","1933","2","1","0","0","0","0","0","2","0","2","0","0","0","3","","","N","","","","","","","","","",""
"2021058982","0150","0","0","0","0","0","0","0","0","0","2","0","","67","6","2021","7","39.90681","-75.17384","0150","6","0","0","0","0","0","0","0","0","","0","0","0","1","3","0","Y","0","1","39 54:24.516","2","0","75 10:25.824","0","0","0","0","67301","0","0","0","N","0","0","0","0","67505","0","","5.0","330.0","1","N","N","N","0","","0","0","1","0","0","Y","149","1","0","0","0","0","0","0","2","0","1","0","0","0","3","03","","N","","","","","","","","","",""
"2021037601","0853","1","0","1","0","0","0","0","0","0","5","0","","67","4","2021","2","39.963278","-75.198683","0852","6","0","0","0","0","0","0","0","0","","0","0","0","8","1","1","N","0","2","39 57:47.800","3","0","75 11:55.260","2","0","0","0","67301","0","0","0","N","0","0","0","1","67301","0","","6.0","1040.0","1","N","N","N","0","","0","1","3","0","0","Y","848","4","1","0","0","0","0","0","2","0","4","0","0","0","3","03","","N","","","","","","","","","",""
"2021079857","1520","2","0","0","0","0","0","0","0","0","1","0","","67","8","2021","4","39.987539","-75.165906","1515","6","0","0","0","0","0","0","0","0","","0","0","0","15","1","1","N","0","0","39 59:15.140","","0","75 09:57.260","3","0","0","0","67301","0","0","0","N","0","0","0","1","67301","0","","6.0","","1","N","N","N","0","","1","0","1","0","0","","1510","3","1","0","0","0","0","0","2","0","3","0","0","0","3","03","","N","","","","","","","","","",""
"2021078778","0956","1","0","0","0","0","0","0","0","0","7","0","","67","8","2021","6","39.892947","-75.223642","0956","6","0","0","0","1","0","0","0","0","","0","0","0","9","1","1","N","0","1","39 53:34.610","3","0","75 13:25.110","3","0","0","0","67301","0","0","0","N","0","0","0","1","67301","0","","4.0","1045.0","9","N","N","N","0","","1","0","0","0","0","Y","918","1","1","0","0","0","0","0","2","0","1","0","0","0","7","04","","N","","","","","","","","","",""
"2021037411","0045","0","0","0","0","0","0","0","0","0","4","0","","67","4","2021","2","40.035578","-75.123858","0042","6","0","0","0","0","0","0","0","0","","0","0","0","0","3","5","","1","0","40 02:08.080","","0","75 07:25.887","3","0","0","0","67301","0","0","0","N","0","0","0","7","67301","0","","1.0","","1","N","N","N","0","","5","0","1","3","2","","28","2","5","0","0","0","0","0","2","1","2","0","0","0","3","04","","N","","","","","","","","","",""
"2021041276","0919","1","0","0","0","0","0","0","0","0","4","0","","67","4","2021","6","39.923738","-75.178023","0918","6","0","0","0","0","0","0","0","0","","0","0","0","9","1","0","","2","0","39 55:25.456","","0","75 10:40.882","9","0","0","0","67301","0","0","0","N","0","0","0","2","67301","0","","1.0","","1","N","N","N","0","","0","0","4","3","3","","918","5","0","2","0","0","0","1","2","0","5","0","0","0","3","03","","N","","","","","","","","","",""
"2021080761","0120","1","0","0","0","0","0","0","0","0","8","0","","67","8","2021","6","39.987644","-75.187281","0115","6","0","0","0","0","0","0","0","0","","0","0","0","23","3","1","","2","0","39 59:15.517","","0","75 11:14.212","2","0","0","0","67301","1","0","1","N","1","0","1","2","67301","0","","1.0","","1","N","N","N","0","","0","1","0","0","0","","2300","2","1","0","0","0","0","0","2","0","1","1","0","1","3","03","","N","","","","","","","","","",""
"2021121680","1803","1","0","0","0","0","0","0","0","0","7","0","","67","11","2021","7","40.049915","-74.992606","1738","6","0","0","0","0","0","0","0","0","","0","0","0","17","3","0","N","0","1","40 02:59.693","1","0","74 59:33.381","0","0","0","0","67301","0","0","0","N","0","0","0","1","68K01","0","","4.0","1850.0","1","N","N","N","0","","0","0","0","0","0","N","1736","1","0","0","0","0","0","0","2","0","1","0","0","0","3","","","N","","","","","","","","","",""
"2021037797","0817","1","0","0","0","0","0","0","0","0","8","0","","67","4","2021","3","39.954079","-75.189725","0815","6","0","0","0","0","0","0","1","0","","0","0","0","8","1","1","","1","1","39 57:14.683","4","0","75 11:23.010","8","0","0","0","67301","1","0","0","N","1","0","0","2","67507","0","","1.0","830.0","1","N","N","N","0","","0","0","0","3","2","N","812","2","1","0","0","0","1","0","2","0","1","1","0","0","3","","","N","","","","","","","","","",""
"2021123370","1729","2","0","0","0","0","0","0","0","0","1","0","","67","12","2021","1","39.98066","-75.104285","1727","6","0","0","0","0","0","0","0","0","","0","0","0","17","3","0","N","0","1","39 58:50.375","2","0","75 06:15.427","9","0","0","0","67301","0","0","0","N","0","0","0","5","68K01","0","","1.0","1735.0","1","N","N","N","0","","0","0","0","0","0","N","1726","3","0","0","0","0","0","1","2","0","3","0","0","0","3","","","N","","","","","","","","","",""
"2021037724","1935","2","0","0","0","0","0","0","0","0","4","0","","67","4","2021","1","40.041774","-75.061084","1922","6","0","0","0","0","0","1","0","0","","0","0","0","19","3","1","","1","0","40 02:30.387","","0","75 03:39.901","3","0","0","0","67301","0","0","0","N","0","0","0","2","67301","0","","1.0","","1","N","N","N","0","","1","0","0","3","2","","1908","3","1","0","0","0","0","0","2","1","3","0","0","0","3","","","N","","","","","","","","","",""
"2021041960","1315","3","0","0","0","0","0","0","0","0","5","0","","67","4","2021","6","39.993361","-75.125519","1315","6","0","0","0","0","0","0","0","0","","0","0","0","13","1","2","N","0","2","39 59:36.100","6","0","75 07:31.870","3","0","0","0","67301","0","0","0","N","0","0","0","2","67301","0","","6.0","1457.0","1","N","N","N","0","","2","0","0","0","0","Y","1315","3","2","0","0","0","0","0","2","0","3","0","0","0","3","","","N","","","","","","","","","",""
"2021037231","2110","2","0","0","0","0","0","0","0","0","4","0","","67","4","2021","7","39.911708","-75.172371","2110","6","0","0","0","0","0","0","0","0","","0","0","0","20","3","2","","1","0","39 54:42.148","","0","75 10:20.534","3","0","0","0","67301","0","0","0","N","0","0","0","2","67301","0","","1.0","","1","N","N","N","0","","2","0","0","3","2","","2014","2","2","1","0","0","0","0","2","0","2","0","0","0","3","","","N","","","","","","","","","",""
"2021038488","2025","0","0","0","1","0","0","0","0","0","8","0","","67","4","2021","7","40.020348","-75.114115","2013","6","0","0","0","0","0","0","0","0","","0","0","0","19","4","1","","1","0","40 01:13.253","","0","75 06:50.813","3","0","0","1","67301","1","0","0","N","0","0","0","2","67301","0","","1.0","","1","N","N","N","0","","1","0","0","3","2","","1928","2","1","0","0","0","0","1","2","0","1","1","0","0","3","03","","N","","","","","","","","","",""
"2021122344","0208","1","0","0","0","0","0","0","0","0","8","0","","67","10","2021","6","39.97935","-75.203855","0206","6","0","0","0","0","0","0","0","0","","1","0","0","2","3","0","N","0","1","39 58:45.661","4","0","75 12:13.878","1","0","0","0","67301","1","1","0","N","1","1","0","2","68K01","0","1","1.0","445.0","1","N","N","N","0","0","0","0","0","0","0","N","205","2","0","0","0","0","0","0","2","0","1","1","1","0","3","","","N","","","","","","","","","",""
"2021079171","0300","1","0","0","0","0","0","0","0","0","4","0","","67","8","2021","1","40.020574","-75.056618","0246","6","0","0","0","0","0","1","0","0","","0","0","0","2","3","0","","1","0","40 01:14.066","","0","75 03:23.824","0","0","0","0","67301","0","0","0","N","0","0","0","2","67301","0","","1.0","","9","N","N","Y","0","","0","0","1","3","3","","220","3","0","0","0","0","0","0","2","1","3","0","0","0","7","07","","N","","","","","","","","","",""
"2021121322","1422","1","0","0","0","0","0","0","0","0","8","0","","67","12","2021","7","40.038109","-75.176686","1422","6","0","0","0","0","0","0","0","0","","0","0","0","14","1","1","N","0","0","40 02:17.194","","0","75 10:36.069","4","0","0","0","67301","1","0","0","N","1","0","0","2","67301","1","","6.0","","9","N","N","N","0","","0","0","0","0","0","","1414","2","1","1","0","0","0","0","2","0","1","1","0","0","4","04","","N","","","","","","","","","",""
"2021039456","1547","1","0","0","0","0","0","0","0","0","4","0","","67","4","2021","3","39.951094","-75.153569","1545","6","0","0","0","0","0","0","0","0","","0","0","0","14","1","1","","1","0","39 57:03.940","","0","75 09:12.848","8","0","0","0","67301","0","0","0","N","0","0","0","2","67301","0","","1.0","","1","N","N","N","0","","0","0","0","3","2","","1450","2","1","0","0","0","1","1","2","0","2","0","0","0","3","03","","N","","","","","","","","","",""
"2021038913","1717","1","0","0","0","0","0","0","0","0","4","0","","67","4","2021","5","39.987397","-75.140257","1717","6","0","0","0","0","0","0","0","0","","0","0","0","7","1","0","","1","0","39 59:14.629","","0","75 08:24.925","0","0","0","0","67301","0","0","0","N","0","0","0","2","67301","0","","1.0","","1","N","N","N","0","","0","0","1","3","3","","715","2","0","0","0","0","0","0","2","0","2","0","0","0","3","04","","N","","","","","","","","","",""
"2021078797","1324","1","0","0","0","0","0","0","0","0","4","0","","67","8","2021","1","40.035003","-75.173723","1324","6","0","0","0","0","0","0","0","1","","0","0","0","12","1","0","","1","0","40 02:06.009","","0","75 10:25.403","0","0","0","0","67301","0","0","0","N","0","0","0","2","67301","0","","1.0","","9","N","N","N","0","","0","0","1","3","2","","1221","2","0","0","0","0","0","0","2","0","2","0","0","0","4","98","","N","","","","","","","","","",""
"2021079881","1740","1","0","0","0","0","0","0","0","0","1","0","","67","8","2021","2","39.92119","-75.193294","1730","6","0","0","1","0","0","0","0","0","","0","0","0","17","1","1","N","0","0","39 55:16.285","","0","75 11:35.860","3","0","0","0","67301","0","0","0","N","0","0","0","3","67301","0","","1.0","","1","N","N","N","0","","1","0","0","0","0","","1723","2","1","2","0","0","0","0","2","1","2","0","0","0","3","03","","N","","","","","","","","","",""
"2021079858","2302","1","0","0","0","0","0","0","0","0","4","0","","67","8","2021","3","39.978885","-75.159432","2300","6","0","0","0","1","0","0","0","0","","0","0","0","22","3","1","","1","0","39 58:43.987","","0","75 09:33.954","4","0","0","0","67301","0","0","0","N","0","0","0","2","67301","1","","1.0","","1","N","N","N","0","","0","0","0","3","2","","2259","2","1","0","0","0","0","0","2","1","2","0","0","0","3","03","","N","","","","","","","","","",""
"2021081039","1300","1","0","0","0","0","0","0","0","0","4","0","","67","8","2021","2","40.054429","-75.147899","1300","6","0","0","0","1","0","0","0","0","","0","0","0","16","1","1","","1","0","40 03:15.944","","0","75 08:52.436","4","0","0","0","67301","0","0","0","N","0","0","0","2","67301","1","","1.0","","1","N","N","N","0","","0","0","0","3","3","","1630","2","1","0","0","0","0","1","2","0","2","0","0","0","3","","","N","","","","","","","","","",""
"2021067650","1411","0","0","0","0","0","0","0","0","0","1","0","","67","7","2021","3","39.892019","-75.224082","1356","6","0","0","0","0","0","0","1","0","","0","0","0","13","1","3","N","0","1","39 53:31.268","1","0","75 13:26.696","3","0","0","0","67301","0","0","0","N","0","0","0","4","68K01","0","","1.0","1500.0","1","N","N","N","0","","2","0","2","0","0","N","1355","3","3","0","0","0","1","0","2","1","3","0","0","0","3","","","N","","","","","","","","","",""
"2021037553","1557","1","0","0","0","0","0","0","0","0","1","0","","67","4","2021","7","40.023021","-75.036135","1543","6","0","0","0","0","0","0","1","0","","0","0","0","15","1","0","N","0","0","40 01:22.874","","0","75 02:10.085","0","0","0","0","67301","0","0","0","N","0","0","0","5","68K01","0","","1.0","","1","N","N","N","1","","0","0","1","0","0","","1541","3","0","0","0","0","0","0","2","0","3","0","0","0","3","","","N","","","","","","","","","",""
"2021041589","0354","0","0","0","0","0","0","0","0","0","5","0","","67","5","2021","7","40.013719","-75.147228","0354","6","0","0","0","0","0","0","0","0","","0","0","0","3","3","0","N","0","0","40 00:49.390","","0","75 08:50.020","9","0","0","0","67301","0","0","0","N","0","0","0","1","67301","0","","6.0","","1","N","N","N","1","","0","0","1","0","0","","320","3","0","0","0","0","0","1","2","1","3","0","0","0","3","","","N","","","","","","","","","",""
"2021123376","2058","0","0","0","0","0","0","0","0","0","7","0","","67","12","2021","2","39.982801","-75.207851","2045","6","0","0","0","0","0","0","0","0","","0","0","0","20","3","1","N","0","1","39 58:58.082","4","0","75 12:28.263","8","0","0","0","67301","0","0","0","N","0","0","0","1","68K01","0","","4.0","2120.0","9","N","N","N","0","","0","0","1","0","0","N","2044","1","1","1","0","0","1","0","2","0","1","0","0","0","7","","","N","","","","","","","","","",""
"2021121667","0450","1","0","0","0","0","0","1","0","0","4","1","","67","12","2021","1","40.031731","-75.178861","0421","6","0","0","0","0","0","0","0","0","","0","0","0","3","3","2","","1","0","40 01:54.231","","0","75 10:43.900","8","0","0","0","67301","0","0","0","N","0","0","0","3","67301","0","","1.0","","1","N","N","N","0","","0","0","1","3","2","","300","3","2","1","0","0","2","0","2","0","3","0","0","0","3","03","","N","","","","","","","","","",""
"2021039048","1849","2","0","0","0","0","0","0","0","0","5","0","","67","4","2021","4","39.959428","-75.146989","1848","6","0","0","0","0","0","0","0","0","","0","0","0","18","1","0","N","0","1","39 57:33.942","1","0","75 08:49.159","0","0","0","0","67301","0","0","0","N","0","0","0","2","67301","0","","1.0","1940.0","1","N","N","N","0","","0","0","0","0","0","N","1814","2","0","0","0","0","0","0","2","0","2","0","0","0","3","03","","N","","","","","","","","","",""
"2021041235","2120","1","0","0","0","0","0","0","0","0","7","0","","67","5","2021","7","39.948856","-75.141968","2109","6","0","0","0","0","0","1","0","0","","0","0","0","21","3","1","N","0","2","39 56:55.881","2","0","75 08:31.085","8","0","0","0","67301","0","0","0","N","0","0","0","1","68K01","0","","4.0","15.0","1","N","N","N","0","","0","0","0","0","0","N","2107","1","1","0","0","0","1","0","2","0","1","0","0","0","3","","","N","","","","","","","","","",""
"2021078502","0854","1","0","0","0","0","0","0","0","0","5","0","","67","8","2021","7","39.952817","-75.211756","0839","6","0","0","0","0","0","0","0","0","","0","0","0","8","1","0","N","0","0","39 57:10.140","","0","75 12:42.320","0","0","0","0","67301","0","0","0","N","0","0","0","2","67301","0","","1.0","","1","N","N","N","0","","0","0","1","0","0","","822","2","0","0","0","0","0","0","2","0","2","0","0","0","3","03","","N","","","","","","","","","",""
"2021060704","1824","3","0","0","0","0","0","0","0","0","1","0","","67","6","2021","1","39.958322","-75.16539","1823","6","0","0","0","0","1","0","0","0","","0","0","0","18","1","0","N","0","2","39 57:29.959","4","0","75 09:55.404","0","0","0","0","67301","0","0","0","N","0","0","0","3","68K01","0","","1.0","1842.0","1","N","N","N","0","","0","0","0","0","0","N","1815","3","0","0","0","0","0","0","2","0","3","0","0","0","3","","","N","","","","","","","","","",""
"2021038494","2345","0","0","0","0","0","0","0","0","0","8","0","","67","4","2021","3","39.988174","-75.128478","2333","6","0","0","0","0","0","0","0","0","","0","0","0","23","3","1","","2","0","39 59:17.426","","1","75 07:42.520","3","0","0","0","67301","1","0","0","N","1","0","0","2","67301","0","","1.0","","1","N","N","N","0","","1","0","0","0","0","","2315","2","1","0","0","0","0","0","2","1","1","1","0","0","3","03","","N","","","","","","","","","",""
"2021077557","2315","2","0","0","0","0","0","0","0","0","4","0","","67","8","2021","4","39.970359","-75.16055","2314","6","0","0","0","0","0","0","0","0","","0","0","0","22","3","0","","1","0","39 58:13.292","","0","75 09:37.979","9","0","0","0","67301","0","0","0","N","0","0","0","2","67301","0","","1.0","","1","N","N","N","0","","0","0","0","3","3","","2223","2","0","0","0","0","0","2","2","0","2","0","0","0","3","","","N","","","","","","","","","",""