"CRN","ARRIVAL_TM","AUTOMOBILE_COUNT","BELTED_DEATH_COUNT","BELTED_SUSP_SERIOUS_INJ_COUNT","BICYCLE_COUNT","BICYCLE_DEATH_COUNT","BICYCLE_SUSP_SERIOUS_INJ_COUNT","BUS_COUNT","CHLDPAS_DEATH_COUNT","CHLDPAS_SUSP_SERIOUS_INJ_COUNT","COLLISION_TYPE","COMM_VEH_COUNT","CONS_ZONE_SPD_LIM","COUNTY","CRASH_MONTH","CRASH_YEAR","DAY_OF_WEEK","DEC_LATITUDE","DEC_LONGITUDE","DISPATCH_TM","DISTRICT","DRIVER_COUNT_16YR","DRIVER_COUNT_17YR","DRIVER_COUNT_18YR","DRIVER_COUNT_19YR","DRIVER_COUNT_20YR","DRIVER_COUNT_50_64YR","DRIVER_COUNT_65_74YR","DRIVER_COUNT_75PLUS","EST_HRS_CLOSED","FATAL_COUNT","HEAVY_TRUCK_COUNT","HORSE_BUGGY_COUNT","HOUR_OF_DAY","ILLUMINATION","INJURY_COUNT","INTERSECTION_RELATED","INTERSECT_TYPE","LANE_CLOSED","LATITUDE","LN_CLOSE_DIR","LOCATION_TYPE","LONGITUDE","MAX_SEVERITY_LEVEL","MCYCLE_DEATH_COUNT","MCYCLE_SUSP_SERIOUS_INJ_COUNT","MOTORCYCLE_COUNT","MUNICIPALITY","NONMOTR_COUNT","NONMOTR_DEATH_COUNT","NONMOTR_SUSP_SERIOUS_INJ_COUNT","NTFY_HIWY_MAINT","PED_COUNT","PED_DEATH_COUNT","PED_SUSP_SERIOUS_INJ_COUNT","PERSON_COUNT","POLICE_AGCY","POSSIBLE_INJ_COUNT","RDWY_SURF_TYPE_CD","RELATION_TO_ROAD","ROADWAY_CLEARED","ROAD_CONDITION","SCH_BUS_IND","SCH_ZONE_IND","SECONDARY_CRASH","SMALL_TRUCK_COUNT","SPEC_JURIS_CD","SUSP_MINOR_INJ_COUNT","SUSP_SERIOUS_INJ_COUNT","SUV_COUNT","TCD_FUNC_CD","TCD_TYPE","TFC_DETOUR_IND","TIME_OF_DAY","TOTAL_UNITS","TOT_INJ_COUNT","UNBELTED_OCC_COUNT","UNB_DEATH_COUNT","UNB_SUSP_SERIOUS_INJ_COUNT","UNK_INJ_DEG_COUNT","UNK_INJ_PER_COUNT","URBAN_RURAL","VAN_COUNT","VEHICLE_COUNT","VULNERABLE_ROAD_USER_COUNT","VULNERABLE_ROAD_USER_DEATH_COUNT","VULNERABLE_ROAD_USER_SER_INJ_COUNT","WEATHER1","WEATHER2","WORKERS_PRES","WORK_ZONE_IND","WORK_ZONE_LOC","WORK_ZONE_TYPE","WZ_CLOSE_DETOUR","WZ_FLAGGER","WZ_LAW_OFFCR_IND","WZ_LN_CLOSURE","WZ_MOVING","WZ_OTHER","WZ_SHLDER_MDN","WZ_WORKERS_INJ_KILLED"
"2021085690","1143","1","0","0","0","0","0","0","0","0","7","0","","67","8","2021","6","40.026183","-75.096856","1129","6","0","0","0","0","0","0","0","0","","0","0","0","11","1","0","","1","0","40 01:34.260","","0","75 05:48.680","0","0","0","0","67301","0","0","0","N","0","0","0","1","67301","0","","3.0","","1","N","N","N","0","","0","0","0","0","0","","1128","1","0","0","0","0","0","0","2","0","1","0","0","0","3","03","","N","","","","","","","","","",""
"2021038607","1837","1","0","0","0","0","0","0","0","0","4","0","","67","4","2021","3","40.011198","-75.105442","1834","6","0","0","0","0","0","0","0","0","","0","0","0","18","1","1","","1","0","40 00:40.313","","0","75 06:19.592","8","0","0","1","67301","0","0","0","N","0","0","0","2","67301","0","","1.0","","1","N","N","N","0","","0","0","0","0","0","","1815","2","1","0","0","0","1","0","2","0","2","0","0","0","3","03","","N","","","","","","","","","",""
"2021068388","0358","1","0","0","0","0","0","0","0","0","7","0","","67","7","2021","1","39.960149","-75.180741","0353","6","0","0","0","0","0","0","0","0","","0","0","0","3","3","2","N","0","0","39 57:36.536","","0","75 10:50.669","3","0","0","0","67301","0","0","0","Y","0","0","0","3","68K01","0","","2.0","","9","N","N","N","0","","2","0","0","0","0","","348","1","2","0","0","0","0","0","2","0","1","0","0","0","3","","","N","","","","","","","","","",""
"2021059189","0950","1","0","0","0","0","0","0","0","0","1","0","","67","6","2021","1","39.949354","-75.141866","0943","6","0","0","0","0","0","1","0","0","","0","0","0","9","1","2","N","0","0","39 56:57.673","","0","75 08:30.716","3","0","0","0","67301","0","0","0","N","0","0","0","4","68K01","0","","1.0","","1","N","N","N","0","","1","0","2","3","8","","941","3","2","0","0","0","1","0","2","0","3","0","0","0","3","","","N","","","","","","","","","",""
"2021038834","2001","0","0","0","0","0","0","0","0","0","8","0","","67","4","2021","4","39.983789","-75.177744","2005","6","0","0","0","0","0","0","0","0","","0","0","0","19","3","1","N","0","0","39 59:01.640","","0","75 10:39.880","3","0","0","0","67301","1","0","0","N","1","0","0","2","67301","0","","1.0","","1","N","N","N","0","","1","0","1","0","0","","1959","2","1","0","0","0","0","0","2","0","1","1","0","0","3","03","","N","","","","","","","","","",""
"2021067454","0420","0","0","0","0","0","0","0","0","0","1","0","","67","7","2021","1","39.997551","-75.081641","0415","6","0","0","0","0","0","0","0","0","","0","0","0","3","3","0","N","7","1","39 59:51.182","1","2","75 04:53.908","9","0","0","0","67301","0","0","0","N","0","0","0","2","68K01","0","","1.0","504.0","9","N","N","N","0","","0","0","2","0","0","N","355","2","0","0","0","0","0","2","2","0","2","0","0","0","3","","","N","","","","","","","","","",""
"2021080461","0600","1","0","0","0","0","0","0","0","0","1","0","","67","8","2021","5","39.981242","-75.266754","0555","6","0","0","0","0","0","0","0","0","","0","0","0","5","1","0","N","0","0","39 58:52.472","","7","75 16:00.316","0","0","0","0","67301","0","0","0","N","0","0","0","2","67301","0","","1.0","","1","N","N","N","1","","0","0","0","0","0","","549","2","0","0","0","0","0","0","2","0","2","0","0","0","3","03","","N","","","","","","","","","",""
"2021121384","1914","1","0","0","0","0","0","0","0","0","1","0","","67","12","2021","5","39.960054","-75.179267","1833","6","0","0","0","0","0","0","0","0","","0","0","0","18","3","1","N","0","1","39 57:36.193","4","0","75 10:45.361","4","0","0","0","67301","0","0","0","N","0","0","0","2","68K01","1","","1.0","1640.0","1","N","N","N","0","","0","0","1","0","0","N","1829","2","1","0","0","0","0","0","2","0","2","0","0","0","3","","","N","","","","","","","","","",""
"2021079711","0338","0","0","0","1","0","1","0","0","0","8","0","","67","8","2021","4","40.053817","-75.143186","0335","6","0","0","0","0","0","0","0","0","","0","0","0","3","3","1","","2","0","40 03:13.741","","0","75 08:35.469","2","0","0","0","67301","1","0","1","N","0","0","0","2","67301","0","","1.0","","1","N","N","N","0","","0","1","0","0","0","","320","2","1","0","0","0","0","0","2","1","1","1","0","1","3","","","N","","","","","","","","","",""
"2021037563","0606","0","0","0","0","0","0","0","0","0","7","0","","67","4","2021","1","39.95688","-75.15306","0556","6","0","0","0","0","0","1","0","0","","0","0","0","5","3","0","N","0","1","39 57:24.769","3","0","75 09:11.017","0","0","0","0","67301","0","0","0","N","0","0","0","1","68K01","0","","3.0","30.0","9","N","N","N","0","","0","0","0","0","0","N","539","1","0","0","0","0","0","0","2","1","1","0","0","0","7","","","N","","","","","","","","","",""
"2021068238","2141","1","0","0","0","0","0","0","0","0","4","0","","67","7","2021","3","40.004212","-75.076577","2141","6","0","0","0","0","0","1","0","0","","0","0","0","21","2","0","N","0","2","40 00:15.163","1","0","75 04:35.676","0","0","0","0","67301","0","0","0","N","0","0","0","3","68K01","0","","1.0","2159.0","1","N","N","N","0","","0","0","1","3","8","N","2141","2","0","0","0","0","0","0","2","0","2","0","0","0","3","","","N","","","","","","","","","",""
"2021121003","0235","0","0","0","0","0","0","0","0","0","7","1","","67","12","2021","7","40.064275","-75.081219","0229","6","0","0","0","0","0","0","0","0","","0","1","0","1","3","1","","11","0","40 03:51.390","","0","75 04:52.390","4","0","0","0","67301","0","0","0","N","0","0","0","2","67301","1","","4.0","","8","N","N","N","0","","0","0","0","3","3","","127","1","1","0","0","0","0","0","2","0","1","0","0","0","7","07","","N","","","","","","","","","",""
"2021066655","1021","1","0","0","0","0","0","0","0","0","1","0","","67","7","2021","6","39.992076","-75.202116","1007","6","0","0","1","0","0","0","1","0","","0","0","0","10","1","2","N","0","0","39 59:31.472","","0","75 12:07.618","3","0","0","0","67301","0","0","0","N","0","0","0","3","68K01","1","","1.0","","1","N","N","N","0","","1","0","1","0","0","","1005","2","2","0","0","0","0","0","2","0","2","0","0","0","3","","","N","","","","","","","","","",""
"2021039469","1330","2","0","0","0","0","0","0","0","0","4","0","","67","4","2021","6","39.974212","-75.145815","1325","6","0","0","0","0","0","0","0","0","","0","0","0","13","1","2","","1","0","39 58:27.163","","0","75 08:44.934","4","0","0","0","67301","0","0","0","N","0","0","0","4","67301","1","","1.0","","1","N","N","N","0","","0","0","0","3","3","","1320","2","2","0","0","0","1","0","2","0","2","0","0","0","3","03","","N","","","","","","","","","",""
"2021038909","1256","0","0","0","0","0","0","0","0","0","8","0","","67","4","2021","5","39.957457","-75.225398","1256","6","0","0","0","0","0","0","0","0","","0","0","0","12","1","1","N","0","2","39 57:26.846","2","0","75 13:31.431","2","0","0","0","67301","1","0","1","N","1","0","1","2","67301","0","","1.0","1344.0","1","N","N","N","0","","0","1","1","0","0","Y","1254","2","1","0","0","0","0","0","2","0","1","1","0","1","3","04","","N","","","","","","","","","",""
"2021080956","1954","1","0","0","0","0","0","0","0","0","4","0","","67","8","2021","5","39.916116","-75.238978","1947","6","0","0","0","0","0","0","0","0","","0","0","0","19","4","3","","1","0","39 54:58.016","","0","75 14:20.319","4","0","0","0","67301","0","0","0","N","0","0","0","3","67301","3","","1.0","","1","N","N","N","0","","0","0","1","3","2","","1946","2","3","0","0","0","0","0","2","0","2","0","0","0","3","03","","N","","","","","","","","","",""
"2021103181","0302","0","0","0","0","0","0","0","0","0","4","0","","67","8","2021","1","40.010821","-75.126649","0259","6","0","0","0","0","0","0","0","0","","0","0","0","2","3","1","","1","0","40 00:38.955","","0","75 07:35.936","8","0","0","0","67301","0","0","0","N","0","0","0","2","67301","0","","1.0","","9","N","N","N","1","","0","0","1","3","2","","226","2","1","0","0","0","1","0","2","0","2","0","0","0","7","98","","N","","","","","","","","","",""
"2021039463","2016","1","0","0","0","0","0","0","0","0","4","0","","67","4","2021","4","40.012451","-75.102546","2010","6","0","0","0","0","0","0","0","0","","0","0","0","20","3","1","","2","0","40 00:44.823","","0","75 06:09.165","3","0","0","0","67301","0","0","0","N","0","0","0","2","67301","0","","1.0","","1","N","N","N","0","","1","0","1","3","3","","2000","2","1","0","0","0","0","0","2","0","2","0","0","0","3","03","","N","","","","","","","","","",""
"2021038480","1410","0","0","0","0","0","0","0","0","0","6","0","","67","4","2021","2","39.994748","-75.101554","1405","6","0","0","0","0","0","0","0","0","","0","0","0","14","1","1","","2","0","39 59:41.092","","0","75 06:05.594","3","0","0","1","67301","0","0","0","N","0","0","0","2","67301","0","","1.0","","1","N","N","N","0","","1","0","1","0","0","","1401","2","1","0","0","0","0","0","2","0","2","0","0","0","3","03","","N","","","","","","","","","",""
"2021121765","1811","0","0","0","0","0","0","0","0","0","8","0","","67","11","2021","6","40.011144","-75.108125","1809","6","0","0","0","0","0","1","0","0","","1","0","0","18","3","0","N","0","2","40 00:40.120","5","0","75 06:29.250","1","0","0","0","67301","1","1","0","N","1","1","0","2","67301","0","2","1.0","2100.0","1","N","N","N","0","0","0","0","1","0","0","Y","1809","2","0","0","0","0","0","0","2","0","1","1","1","0","3","03","","N","","","","","","","","","",""
"2021079134","1606","0","0","0","0","0","0","0","0","0","4","0","","67","8","2021","2","39.9837","-75.184783","1605","6","0","0","0","0","0","0","0","0","","0","0","0","16","1","1","","1","0","39 59:01.320","","0","75 11:05.218","4","0","0","0","67301","0","0","0","N","0","0","0","2","67301","1","","1.0","","1","N","N","N","0","","0","0","2","3","3","","1601","2","1","0","0","0","0","0","2","0","2","0","0","0","3","03","","N","","","","","","","","","",""
"2021041307","1310","1","0","0","0","0","0","0","0","0","8","0","","67","5","2021","7","40.03154","-75.121232","1304","6","0","0","0","0","0","0","0","0","","0","0","0","12","1","1","","1","0","40 01:53.543","","0","75 07:16.435","8","0","0","0","67301","1","0","0","N","1","0","0","2","67301","0","","1.0","","1","N","N","N","0","","0","0","0","0","0","","1200","2","1","0","0","0","1","1","2","0","1","1","0","0","3","03","","N","","","","","","","","","",""
"2021038489","0120","2","0","0","0","0","0","0","0","0","4","0","","67","4","2021","1","39.983436","-75.119145","0113","6","0","1","0","0","0","0","0","0","","0","0","0","1","3","0","","1","0","39 59:00.370","","0","75 07:08.921","0","0","0","0","67301","0","0","0","N","0","0","0","2","67301","0","","1.0","","9","N","N","N","0","","0","0","0","3","2","","105","2","0","0","0","0","0","0","2","0","2","0","0","0","7","07","","N","","","","","","","","","",""
"2021122918","1815","2","0","0","0","0","0","0","0","0","1","0","","67","12","2021","2","39.959783","-75.178076","1756","6","0","0","0","0","0","1","0","0","","0","0","0","17","3","0","N","0","2","39 57:35.220","3","0","75 10:41.072","0","0","0","0","67301","0","0","0","N","0","0","0","3","68K01","0","","1.0","1900.0","1","N","N","N","0","","0","0","1","0","0","N","1754","3","0","0","0","0","0","0","2","0","3","0","0","0","3","","","N","","","","","","","","","",""
"2021122110","0022","2","0","0","0","0","0","0","0","0","4","0","","67","11","2021","4","39.956769","-75.211372","0015","6","0","0","0","0","0","0","0","0","","1","0","0","23","3","1","","1","0","39 57:24.367","","0","75 12:40.940","1","0","0","0","67301","0","0","0","N","0","0","0","2","67301","0","2","1.0","","1","N","N","N","0","0","0","1","0","3","2","","2354","2","1","0","0","0","0","0","2","0","2","0","0","0","3","03","","N","","","","","","","","","",""
"2021080316","1839","2","0","0","0","0","0","0","0","0","4","0","","67","8","2021","3","40.034635","-75.063837","1838","6","0","0","0","0","0","0","0","0","","0","0","0","18","1","1","N","0","1","40 02:04.687","2","7","75 03:49.812","8","0","0","0","67301","0","0","0","N","0","0","0","2","67301","0","","1.0","1838.0","1","N","N","N","0","","0","0","0","0","0","N","1819","2","1","1","0","0","1","0","2","0","2","0","0","0","3","03","","N","","","","","","","","","",""
"2021079288","0331","1","0","0","0","0","0","0","0","0","5","0","","67","8","2021","1","39.913139","-75.163258","0327","6","0","0","0","0","0","0","0","0","","0","0","0","3","3","1","N","0","2","39 54:47.300","6","0","75 09:47.730","3","0","0","0","67301","0","0","0","N","0","0","0","1","67301","0","","6.0","425.0","9","N","N","N","0","","1","0","2","0","0","Y","326","3","1","0","0","0","0","0","2","0","3","0","0","0","7","","","N","","","","","","","","","",""
"2021037155","1501","1","0","0","1","0","0","0","0","0","8","0","","67","4","2021","6","40.036753","-75.040739","1500","6","0","0","0","0","0","0","0","0","","0","0","0","21","3","1","","1","0","40 02:12.310","","0","75 02:26.659","8","0","0","0","67301","1","0","0","N","0","0","0","2","67301","0","","1.0","","1","N","N","N","0","","0","0","0","3","2","","2100","2","1","0","0","0","1","0","2","0","1","1","0","0","3","03","","N","","","","","","","","","",""
"2021081132","1845","2","0","0","0","0","0","0","0","0","4","0","","67","8","2021","5","39.966705","-75.240825","1840","6","0","0","0","0","0","1","0","0","","0","0","0","18","1","1","","1","0","39 58:00.137","","0","75 14:26.970","4","0","0","0","67301","0","0","0","N","0","0","0","2","67301","1","","1.0","","1","N","N","N","0","","0","0","0","3","3","","1820","2","1","0","0","0","0","0","2","0","2","0","0","0","3","","","N","","","","","","","","","",""
"2021077805","0035","4","0","0","0","0","0","0","0","0","5","0","","67","8","2021","5","39.986497","-75.125306","0028","6","0","0","0","0","0","0","0","0","","0","0","0","0","3","1","N","0","0","39 59:11.390","","0","75 07:31.100","3","0","0","0","67301","0","0","0","N","0","0","0","2","67301","0","","6.0","","1","N","N","N","0","","1","0","0","0","0","","25","4","1","0","0","0","0","0","2","0","4","0","0","0","3","03","","N","","","","","","","","","",""
"2021118009","","1","0","0","0","0","0","0","0","0","1","0","","67","5","2021","4","40.00275","-75.194455","","6","0","0","0","0","0","1","0","0","","0","0","0","4","2","1","N","0","0","40 00:09.900","","0","75 11:40.037","4","0","0","0","67301","0","0","0","N","0","0","0","2","00000","1","","1.0","","1","N","N","N","0","","0","0","0","0","0","","400","2","1","0","0","0","0","0","2","1","2","0","0","0","3","","","N","","","","","","","","","",""
"2021077857","0242","1","0","0","0","0","0","0","0","0","8","0","","67","8","2021","6","39.978693","-75.157938","0240","6","0","0","0","0","0","0","0","0","","0","0","0","2","3","1","","1","0","39 58:43.293","","0","75 09:28.577","2","0","0","0","67301","1","0","1","N","1","0","1","2","67505","0","","1.0","","1","N","N","N","0","","0","1","0","3","2","","237","2","1","0","0","0","0","0","2","0","1","1","0","1","3","03","","N","","","","","","","","","",""
"2021078515","0120","1","0","0","0","0","0","0","0","0","5","0","","67","8","2021","1","40.044496","-75.008745","0114","6","0","0","0","0","0","0","0","0","","0","0","0","1","3","1","N","0","1","40 02:40.185","1","0","75 00:31.482","8","0","0","0","67301","0","0","0","N","0","0","0","1","67301","0","","6.0","100.0","9","N","N","N","0","","0","0","2","0","0","N","114","3","1","0","0","0","1","0","2","0","3","0","0","0","7","","","N","","","","","","","","","",""
"2021121071","0102","0","0","0","0","0","0","0","0","0","7","0","","67","11","2021","4","39.98127","-75.206901","0058","6","0","0","0","0","0","0","0","0","","0","0","0","0","3","1","N","0","2","39 58:52.573","3","0","75 12:24.842","4","0","0","0","67301","0","0","0","N","0","0","0","1","68K01","1","","4.0","128.0","1","N","N","N","0","","0","0","1","0","0","N","57","1","1","1","0","0","0","0","2","0","1","0","0","0","3","","","N","","","","","","","","","",""
"2021078746","1108","1","0","0","0","0","0","0","0","0","1","0","99","67","8","2021","2","39.953944","-75.139889","1108","6","0","0","0","0","0","0","3","1","","0","0","0","11","1","5","N","0","2","39 57:14.200","4","3","75 08:23.600","3","0","0","0","67301","0","0","0","N","0","0","0","11","67501","3","","1.0","1204.0","1","N","N","Y","0","","2","0","2","3","8","N","1108","4","5","0","0","0","0","4","2","1","4","0","0","0","3","03","U","Y","4","1","","","U","Y","","","","N"
"2021076129","1820","2","0","0","0","0","0","0","0","0","4","0","","67","8","2021","1","39.954858","-75.151138","1815","6","0","0","0","0","0","0","1","0","","0","0","0","18","1","1","","1","0","39 57:17.490","","0","75 09:04.096","4","0","0","0","67301","0","0","0","N","0","0","0","3","67301","1","","1.0","","1","N","N","N","0","","0","0","0","3","2","","1800","2","1","0","0","0","0","0","2","0","2","0","0","0","3","03","","N","","","","","","","","","",""
"2021071439","1700","0","0","0","0","0","0","1","0","0","4","1","","67","7","2021","2","39.997642","-75.146786","1645","6","0","0","0","0","0","1","0","0","","0","0","0","16","1","1","","1","0","39 59:51.511","","0","75 08:48.429","4","0","0","0","67301","0","0","0","N","0","0","0","2","67508","1","","1.0","","1","N","N","Y","0","","0","0","1","0","0","","1645","2","1","0","0","0","0","0","2","0","2","0","0","0","3","03","","N","","","","","","","","","",""
"2021097674","2359","0","0","0","0","0","0","0","0","0","7","0","","67","8","2021","1","39.910441","-75.149108","2352","6","0","0","0","0","0","0","0","0","","1","0","0","23","3","1","N","0","0","39 54:37.587","","0","75 08:56.790","1","0","0","0","67301","0","0","0","Y","0","0","0","2","68K01","0","2","4.0","","1","N","N","N","0","0","0","1","1","0","0","","2339","1","1","2","1","1","0","0","2","0","1","0","0","0","3","","","N","","","","","","","","","",""
"2021097950","2347","1","0","0","0","0","0","0","0","0","4","0","","67","10","2021","4","40.030709","-75.093211","2342","6","0","0","0","0","0","0","0","0","","0","0","0","23","3","1","","5","2","40 01:50.552","7","0","75 05:35.559","3","0","0","0","67301","0","0","0","N","0","0","0","4","67301","0","","1.0","145.0","1","N","N","N","0","","1","0","1","0","0","N","2334","2","1","0","0","0","0","0","2","0","2","0","0","0","3","","","N","","","","","","","","","",""
"2021080887","1125","1","0","0","0","0","0","0","0","0","4","0","","67","8","2021","6","39.956808","-75.233732","1118","6","0","0","0","0","0","0","0","0","","0","0","0","10","1","1","","1","0","39 57:24.508","","0","75 14:01.435","4","0","0","0","67301","0","0","0","N","0","0","0","3","67301","1","","1.0","","1","N","N","N","0","","0","0","1","3","3","","1050","2","1","0","0","0","0","1","2","0","2","0","0","0","3","03","","N","","","","","","","","","",""
"2021079222","0955","1","0","0","0","0","0","0","0","0","8","0","","67","8","2021","6","39.985322","-75.100353","0948","6","0","0","0","0","0","0","0","0","","0","0","0","9","1","1","N","0","0","39 59:07.160","","0","75 06:01.270","3","0","0","0","67301","1","0","0","N","1","0","0","2","67301","0","","1.0","","9","N","N","N","0","","1","0","0","0","0","","945","2","1","1","0","0","0","0","2","0","1","1","0","0","7","","","N","","","","","","","","","",""
"2021114623","","2","0","0","0","0","0","0","0","0","3","0","","67","6","2021","6","","","","6","0","0","0","0","0","0","0","0","","0","0","0","14","1","0","N","0","0","","","7","","0","0","0","0","67301","0","0","0","N","0","0","0","2","00000","0","","1.0","","1","N","N","N","0","","0","0","0","9","9","","1430","2","0","0","0","0","0","0","1","0","2","0","0","0","3","","","N","","","","","","","","","",""
"2021121676","1727","0","0","0","0","0","0","0","0","0","1","0","","67","11","2021","1","39.958521","-75.166953","1727","6","0","0","0","0","0","0","1","0","","0","0","0","17","3","3","N","0","1","39 57:30.675","3","0","75 10:01.032","4","0","0","0","67301","0","0","0","N","0","0","0","11","68K01","2","","1.0","1810.0","1","N","N","N","1","","0","0","1","0","0","Y","1727","2","3","8","0","0","1","0","2","0","2","0","0","0","3","","","N","","","","","","","","","",""
"2021079209","1249","0","0","0","0","0","0","0","0","0","4","0","","67","8","2021","1","40.031295","-75.066206","1244","6","0","0","0","0","0","0","0","0","","0","0","0","12","1","2","","1","0","40 01:52.663","","0","75 03:58.341","3","0","0","0","67301","0","0","0","N","0","0","0","5","67301","0","","1.0","","1","N","N","Y","0","","2","0","3","3","3","","1230","3","2","0","0","0","0","1","2","0","3","0","0","0","4","04","","N","","","","","","","","","",""
"2021078408","2210","2","0","0","0","0","0","0","0","0","1","0","","67","8","2021","6","40.051546","-75.1501","2210","6","0","0","0","0","0","1","0","0","","0","0","0","19","3","1","","1","0","40 03:05.564","","0","75 09:00.360","4","0","0","0","67301","0","0","0","N","0","0","0","2","67301","1","","1.0","","1","N","N","N","0","","0","0","0","3","2","","1945","2","1","0","0","0","0","0","2","0","2","0","0","0","3","","","N","","","","","","","","","",""
"2021077900","1614","0","0","0","0","0","0","0","0","0","8","0","","67","8","2021","5","40.019506","-75.055683","1613","6","0","0","0","0","0","1","0","0","","0","0","0","16","1","1","","1","0","40 01:10.221","","0","75 03:20.460","8","0","0","0","67301","1","0","0","N","1","0","0","2","67301","0","","1.0","","1","N","N","N","0","","0","0","1","3","2","","1610","2","1","0","0","0","1","0","2","0","1","1","0","0","3","03","","N","","","","","","","","","",""
"2021083273","1957","1","0","0","0","0","0","0","0","0","4","0","","67","8","2021","5","40.0262","-75.16915","1957","6","0","0","0","0","0","0","0","0","","0","0","0","19","3","0","","1","0","40 01:34.321","","0","75 10:08.941","9","0","0","0","67301","0","0","0","N","0","0","0","2","67301","0","","1.0","","1","N","N","N","0","","0","0","1","3","2","","1937","2","0","1","0","0","0","1","2","0","2","0","0","0","3","03","","N","","","","","","","","","",""
"2021121732","2301","1","0","0","0","0","0","0","0","0","5","0","","67","12","2021","7","39.96119","-75.139955","2235","6","0","0","0","0","0","0","0","0","","0","0","0","22","3","0","N","0","0","39 57:40.283","","0","75 08:23.838","0","0","0","0","67301","0","0","0","N","0","0","0","3","68K01","0","","1.0","","1","N","N","N","0","","0","0","1","0","0","","2218","2","0","0","0","0","0","0","2","0","2","0","0","0","3","03","","N","","","","","","","","","",""
"2021114645","","1","0","0","0","0","0","0","0","0","5","0","","67","6","2021","6","39.898843","-75.179115","","6","0","0","0","0","0","0","0","0","","0","0","0","14","1","2","N","0","0","39 53:55.834","","0","75 10:44.815","8","0","0","0","67301","0","0","0","N","0","0","0","3","00000","0","","1.0","","1","N","N","N","0","","0","0","0","0","0","","1451","2","2","0","0","0","2","0","2","0","2","0","0","0","3","","","N","","","","","","","","","",""
"2021122015","0025","0","0","0","0","0","0","0","0","0","7","0","","67","12","2021","4","40.021022","-75.076392","0023","6","0","0","0","0","0","0","0","0","","0","0","0","22","3","1","N","0","0","40 01:15.680","","0","75 04:35.010","3","0","0","0","67301","0","0","0","N","0","0","0","1","67301","0","","5.0","","1","N","N","N","0","","1","0","1","0","0","","2250","1","1","1","0","0","0","0","2","0","1","0","0","0","3","03","","N","","","","","","","","","",""
"2021079194","2119","1","0","0","0","0","0","0","0","0","4","0","","67","8","2021","7","40.112981","-75.023115","2119","6","0","0","0","0","0","1","0","0","","0","0","0","21","3","2","","1","0","40 06:46.730","","0","75 01:23.213","3","0","0","0","67301","0","0","0","N","0","0","0","2","67301","0","","1.0","","9","N","N","N","0","","2","0","1","3","2","","2118","2","2","1","0","0","0","0","2","0","2","0","0","0","7","","","N","","","","","","","","","",""
"2021081354","1705","1","0","0","0","0","0","0","0","0","4","0","","67","8","2021","6","39.9334","-75.143883","1703","6","0","0","0","0","0","0","1","0","","0","0","0","17","1","0","N","0","0","39 56:00.240","","0","75 08:37.980","0","0","0","0","67301","0","0","0","N","0","0","0","3","67301","0","","1.0","","1","N","N","N","0","","0","0","0","0","0","","1701","2","0","0","0","0","0","0","2","1","2","0","0","0","3","","","N","","","","","","","","","",""
"2021121366","0627","2","0","0","0","0","0","0","0","0","1","1","","67","12","2021","5","39.959981","-75.178639","0620","6","0","0","0","0","0","2","0","0","","0","1","0","6","3","2","N","0","2","39 57:35.932","4","0","75 10:43.099","8","0","0","0","67301","0","0","0","N","0","0","0","3","68K01","0","","1.0","730.0","9","N","N","N","0","","0","0","0","0","0","N","611","3","2","0","0","0","2","0","2","0","3","0","0","0","3","","","N","","","","","","","","","",""
"2021123639","1940","0","0","0","0","0","0","0","0","0","4","0","","67","12","2021","2","40.035268","-75.145564","1933","6","0","0","0","0","0","2","0","0","","0","0","0","18","4","2","","1","0","40 02:06.964","","0","75 08:44.032","3","0","0","0","67301","0","0","0","N","0","0","0","2","67301","0","","1.0","","1","N","N","N","0","","2","0","2","3","2","","1800","2","2","0","0","0","0","0","2","0","2","0","0","0","3","03","","N","","","","","","","","","",""
"2021123529","0946","1","0","0","0","0","0","0","0","0","5","1","","67","12","2021","5","40.025009","-75.03309","0942","6","0","0","0","0","0","1","0","0","","0","1","0","9","1","0","","1","0","40 01:30.034","","0","75 01:59.123","0","0","0","0","67301","0","0","0","N","0","0","0","2","67301","0","","1.0","","1","N","N","N","0","","0","0","0","0","0","","933","2","0","0","0","0","0","0","2","0","2","0","0","0","3","","","N","","","","","","","","","",""
"2021121133","0539","2","0","0","0","0","0","0","0","0","6","0","","67","12","2021","7","40.043733","-75.168192","0533","6","0","0","0","0","0","0","0","0","","0","0","0","5","3","1","N","0","0","40 02:37.440","","0","75 10:05.490","2","0","0","0","67301","0","0","0","N","0","0","0","1","67301","0","","5.0","","9","N","N","N","1","","0","1","0","0","0","","530","3","1","1","0","1","0","0","2","0","3","0","0","0","7","","","N","","","","","","","","","",""
"2021079399","1915","1","0","0","0","0","0","0","0","0","6","0","","67","8","2021","2","40.031969","-75.207731","1910","6","0","1","0","0","0","1","0","0","","0","0","0","19","1","6","N","0","2","40 01:55.089","5","0","75 12:27.833","4","0","0","0","67301","0","0","0","N","0","0","0","7","67301","1","","1.0","2130.0","1","N","N","N","0","","0","0","2","0","0","Y","1910","4","6","0","0","0","5","0","2","1","4","0","0","0","3","03","","N","","","","","","","","","",""
"2021103178","2215","1","0","0","0","0","0","0","0","0","4","0","","67","8","2021","7","40.012858","-75.141592","2215","6","0","0","0","0","0","0","0","0","","0","0","0","22","3","1","","5","0","40 00:46.290","","0","75 08:29.730","2","0","1","1","67301","0","0","0","N","0","0","0","2","67301","0","","1.0","","1","N","N","N","0","","0","1","0","3","2","","2215","2","1","0","0","0","0","0","2","0","2","0","0","0","3","03","","N","","","","","","","","","",""