"CRN","ARRIVAL_TM","AUTOMOBILE_COUNT","BELTED_DEATH_COUNT","BELTED_SUSP_SERIOUS_INJ_COUNT","BICYCLE_COUNT","BICYCLE_DEATH_COUNT","BICYCLE_SUSP_SERIOUS_INJ_COUNT","BUS_COUNT","CHLDPAS_DEATH_COUNT","CHLDPAS_SUSP_SERIOUS_INJ_COUNT","COLLISION_TYPE","COMM_VEH_COUNT","CONS_ZONE_SPD_LIM","COUNTY","CRASH_MONTH","CRASH_YEAR","DAY_OF_WEEK","DEC_LATITUDE","DEC_LONGITUDE","DISPATCH_TM","DISTRICT","DRIVER_COUNT_16YR","DRIVER_COUNT_17YR","DRIVER_COUNT_18YR","DRIVER_COUNT_19YR","DRIVER_COUNT_20YR","DRIVER_COUNT_50_64YR","DRIVER_COUNT_65_74YR","DRIVER_COUNT_75PLUS","EST_HRS_CLOSED","FATAL_COUNT","HEAVY_TRUCK_COUNT","HORSE_BUGGY_COUNT","HOUR_OF_DAY","ILLUMINATION","INJURY_COUNT","INTERSECTION_RELATED","INTERSECT_TYPE","LANE_CLOSED","LATITUDE","LN_CLOSE_DIR","LOCATION_TYPE","LONGITUDE","MAX_SEVERITY_LEVEL","MCYCLE_DEATH_COUNT","MCYCLE_SUSP_SERIOUS_INJ_COUNT","MOTORCYCLE_COUNT","MUNICIPALITY","NONMOTR_COUNT","NONMOTR_DEATH_COUNT","NONMOTR_SUSP_SERIOUS_INJ_COUNT","NTFY_HIWY_MAINT","PED_COUNT","PED_DEATH_COUNT","PED_SUSP_SERIOUS_INJ_COUNT","PERSON_COUNT","POLICE_AGCY","POSSIBLE_INJ_COUNT","RDWY_SURF_TYPE_CD","RELATION_TO_ROAD","ROADWAY_CLEARED","ROAD_CONDITION","SCH_BUS_IND","SCH_ZONE_IND","SECONDARY_CRASH","SMALL_TRUCK_COUNT","SPEC_JURIS_CD","SUSP_MINOR_INJ_COUNT","SUSP_SERIOUS_INJ_COUNT","SUV_COUNT","TCD_FUNC_CD","TCD_TYPE","TFC_DETOUR_IND","TIME_OF_DAY","TOTAL_UNITS","TOT_INJ_COUNT","UNBELTED_OCC_COUNT","UNB_DEATH_COUNT","UNB_SUSP_SERIOUS_INJ_COUNT","UNK_INJ_DEG_COUNT","UNK_INJ_PER_COUNT","URBAN_RURAL","VAN_COUNT","VEHICLE_COUNT","VULNERABLE_ROAD_USER_COUNT","VULNERABLE_ROAD_USER_DEATH_COUNT","VULNERABLE_ROAD_USER_SER_INJ_COUNT","WEATHER1","WEATHER2","WORKERS_PRES","WORK_ZONE_IND","WORK_ZONE_LOC","WORK_ZONE_TYPE","WZ_CLOSE_DETOUR","WZ_FLAGGER","WZ_LAW_OFFCR_IND","WZ_LN_CLOSURE","WZ_MOVING","WZ_OTHER","WZ_SHLDER_MDN","WZ_WORKERS_INJ_KILLED"
"2021079703","0845","1","0","0","0","0","0","0","0","0","4","0","","67","8","2021","4","39.962926","-75.191387","0840","6","0","0","0","0","0","0","0","0","","0","0","0","8","1","0","","1","0","39 57:46.535","","0","75 11:28.992","0","0","0","0","67301","0","0","0","N","0","0","0","2","67507","0","","1.0","","1","N","N","N","0","","0","0","1","3","1","","840","2","0","0","0","0","0","0","2","0","2","0","0","0","3","03","","N","","","","","","","","","",""
"2021077682","1634","2","0","0","0","0","0","0","0","0","5","0","","67","8","2021","4","39.935194","-75.217583","1634","6","0","0","0","0","0","1","0","0","","0","0","0","15","1","0","N","0","0","39 56:06.700","","0","75 13:03.300","0","0","0","0","67301","0","0","0","N","0","0","0","1","67301","0","","6.0","","1","N","N","N","0","","0","0","1","0","0","","1548","3","0","0","0","0","0","0","2","0","3","0","0","0","3","03","","N","","","","","","","","","",""
"2021121360","1805","2","0","0","0","0","0","0","0","0","1","0","","67","11","2021","3","39.984877","-75.208348","1759","6","0","0","0","0","0","0","0","0","","0","0","0","17","3","0","N","0","0","39 59:05.557","","0","75 12:30.051","0","0","0","0","67301","0","0","0","N","0","0","0","3","68K01","0","","1.0","","1","N","N","N","0","","0","0","1","0","0","","1753","3","0","0","0","0","0","0","2","0","3","0","0","0","3","","","N","","","","","","","","","",""
"2021077803","1735","2","0","0","0","0","0","0","0","0","1","0","","67","8","2021","5","39.955111","-75.147167","1735","6","0","0","0","0","0","2","0","0","","0","0","0","17","1","0","N","0","0","39 57:18.400","","3","75 08:49.800","0","0","0","0","67301","0","0","0","N","0","0","0","3","67501","0","","1.0","","1","N","N","N","0","","0","0","0","0","0","","1735","2","0","0","0","0","0","0","2","0","2","0","0","0","3","","","N","","","","","","","","","",""
"2021122325","1208","0","0","0","0","0","0","0","0","0","1","0","","67","12","2021","1","39.987074","-75.122475","1203","6","0","0","0","0","0","1","1","0","","0","0","0","12","1","1","N","0","0","39 59:13.467","","0","75 07:20.910","3","0","0","1","67301","0","0","0","N","0","0","0","2","67301","0","","1.0","","1","N","N","N","0","","1","0","1","0","0","","1200","2","1","0","0","0","0","0","2","0","2","0","0","0","3","","","N","","","","","","","","","",""
"2021121070","0925","0","0","0","0","0","0","0","0","0","1","0","","67","11","2021","3","40.002309","-75.078352","0853","6","0","0","0","0","0","0","0","0","","0","0","0","8","1","0","N","0","0","40 00:08.312","","0","75 04:42.067","0","0","0","0","67301","0","0","0","N","0","0","0","8","68K01","0","","1.0","","1","N","N","N","0","","0","0","1","0","0","","852","2","0","0","0","0","0","0","2","1","2","0","0","0","3","","","N","","","","","","","","","",""
"2021077974","1955","0","0","0","0","0","0","0","0","0","8","0","","67","8","2021","5","40.056252","-75.167511","1950","6","0","0","0","0","0","0","1","0","","0","0","0","19","3","1","","2","0","40 03:22.508","","0","75 10:03.038","3","0","0","0","67301","1","0","0","N","1","0","0","2","67301","0","","1.0","","1","N","N","N","0","","1","0","1","3","2","","1945","2","1","0","0","0","0","0","2","0","1","1","0","0","3","","","N","","","","","","","","","",""
"2021121650","0045","0","0","0","0","0","0","0","0","0","99","0","","67","8","2021","2","39.904131","-75.240911","0041","6","0","0","0","0","0","0","0","0","","1","0","0","0","3","0","N","0","1","39 54:14.870","2","0","75 14:27.280","1","1","0","1","67301","0","0","0","N","0","0","0","1","67301","0","2","1.0","100.0","1","N","N","N","0","0","0","0","0","0","0","N","40","1","0","0","0","0","0","0","2","0","1","0","0","0","3","03","","N","","","","","","","","","",""
"2021121691","0143","0","0","0","0","0","0","0","0","0","8","0","","67","12","2021","5","39.988848","-75.206647","0133","6","0","0","0","0","0","0","0","0","","0","0","0","1","3","1","N","0","0","39 59:19.852","","0","75 12:23.930","8","0","0","0","67301","1","0","0","N","1","0","0","2","68K01","0","","2.0","","9","N","N","Y","1","","0","0","0","0","0","","131","3","1","0","0","0","1","1","2","0","2","1","0","0","7","","","N","","","","","","","","","",""
"2021123557","0240","1","0","0","0","0","0","0","0","0","7","0","","67","12","2021","5","39.999625","-75.190584","0240","6","0","1","0","0","0","0","0","0","","0","0","0","2","3","1","","2","1","39 59:58.649","7","0","75 11:26.101","3","0","0","0","67301","0","0","0","N","0","0","0","1","67301","0","","5.0","330.0","1","N","N","N","0","","1","0","0","3","1","N","240","1","1","0","0","0","0","0","2","0","1","0","0","0","3","03","","N","","","","","","","","","",""
"2021086373","1050","0","0","0","0","0","0","1","0","0","1","1","","67","8","2021","6","39.991861","-75.169833","1036","6","0","0","0","0","0","0","0","0","","0","0","0","10","1","1","N","0","0","39 59:30.700","","0","75 10:11.400","8","0","0","0","67301","0","0","0","N","0","0","0","3","67508","0","","6.0","","1","N","N","Y","0","","0","0","0","0","0","","1036","2","1","0","0","0","1","0","2","0","2","0","0","0","3","03","","N","","","","","","","","","",""
"2021080982","1145","1","0","0","0","0","0","0","0","0","7","0","","67","8","2021","6","39.974139","-75.204498","1140","6","0","0","0","0","0","0","0","0","","0","0","0","11","8","0","N","0","0","39 58:26.901","","0","75 12:16.193","0","0","0","0","67301","0","0","0","N","0","0","0","2","67301","0","","4.0","","1","N","N","N","0","","0","0","0","0","0","","1130","1","0","0","0","0","0","0","2","0","1","0","0","0","3","03","","N","","","","","","","","","",""
"2021078590","1120","4","0","0","0","0","0","0","0","0","4","0","","67","8","2021","1","40.004023","-75.17172","1117","6","0","0","0","0","0","1","0","0","","0","0","0","11","1","2","","1","2","40 00:14.481","6","0","75 10:18.192","3","0","0","0","67301","0","0","0","N","0","0","0","2","67301","0","","1.0","1200.0","1","N","N","N","0","","2","0","1","3","3","Y","1117","5","2","1","0","0","0","0","2","0","5","0","0","0","3","03","","N","","","","","","","","","",""
"2021079260","0850","1","0","0","0","0","0","0","0","0","8","0","","67","8","2021","2","39.963713","-75.161048","0832","6","0","0","0","0","0","0","0","0","","0","0","0","7","1","1","","2","0","39 57:49.365","","0","75 09:39.773","3","0","0","0","67301","1","0","0","N","1","0","0","2","67301","0","","1.0","","9","N","N","N","0","","1","0","0","3","2","","730","2","1","0","0","0","0","0","2","0","1","1","0","0","7","","","N","","","","","","","","","",""
"2021077305","1220","2","0","0","0","0","0","0","0","0","1","0","","67","8","2021","4","39.963101","-75.167062","1215","6","0","0","0","0","0","1","0","0","","0","0","0","12","1","0","N","0","1","39 57:47.165","3","0","75 10:01.422","0","0","0","0","67301","0","0","0","N","0","0","0","3","67301","0","","1.0","200.0","1","N","N","N","0","","0","0","1","0","0","N","1205","3","0","0","0","0","0","0","2","0","3","0","0","0","3","03","","N","","","","","","","","","",""
"2021103180","0456","0","0","0","0","0","0","0","0","0","4","0","","67","8","2021","7","40.019019","-75.147199","0446","6","0","0","0","0","0","0","0","0","","0","0","0","3","3","2","","1","0","40 01:08.467","","0","75 08:49.916","3","0","0","0","67301","0","0","0","N","0","0","0","2","67301","0","","1.0","","1","N","N","N","0","","2","0","2","3","2","","355","2","2","0","0","0","0","0","2","0","2","0","0","0","3","03","","N","","","","","","","","","",""
"2021078489","1427","0","0","0","0","0","0","0","0","0","4","0","","67","8","2021","7","39.992457","-75.173139","1406","6","0","0","0","0","0","1","0","0","","0","0","0","13","1","0","","1","2","39 59:32.845","1","0","75 10:23.300","0","0","0","0","67301","0","0","0","N","0","0","0","2","67301","0","","1.0","1453.0","1","N","N","N","0","","0","0","2","3","3","Y","1338","2","0","0","0","0","0","0","2","0","2","0","0","0","3","03","","N","","","","","","","","","",""
"2021085506","2050","0","0","0","0","0","0","1","0","0","8","1","","67","8","2021","5","39.948106","-75.154252","2040","6","0","0","0","0","0","0","0","0","","0","0","0","8","2","1","","1","0","39 56:53.182","","0","75 09:15.307","4","0","0","0","67301","1","0","0","N","1","0","0","2","67508","1","","1.0","","1","N","N","Y","0","","0","0","0","3","2","","830","2","1","0","0","0","0","0","2","0","1","1","0","0","3","03","","N","","","","","","","","","",""
"2021122946","2348","0","0","0","0","0","0","0","0","0","7","0","","67","12","2021","1","39.890511","-75.220654","2338","6","0","0","0","0","0","0","0","0","","0","0","0","23","3","1","N","7","1","39 53:25.838","2","0","75 13:14.353","8","0","0","0","67301","0","0","0","N","0","0","0","1","68K01","0","","4.0","10.0","1","N","N","N","0","","0","0","1","0","0","N","2336","1","1","1","0","0","1","0","2","0","1","0","0","0","3","","","N","","","","","","","","","",""
"2021077635","1130","1","0","0","0","0","0","0","0","0","4","0","","67","8","2021","4","39.971138","-75.134408","1112","6","0","0","0","0","0","0","0","0","","0","0","0","11","1","0","N","0","1","39 58:16.096","5","0","75 08:03.867","0","0","0","0","67301","0","0","0","N","0","0","0","5","67301","0","","1.0","1235.0","1","N","N","N","0","","0","0","1","0","0","Y","1110","2","0","0","0","0","0","0","2","0","2","0","0","0","3","03","","N","","","","","","","","","",""
"2021078445","0922","1","0","0","0","0","0","0","0","0","4","0","","67","8","2021","6","39.967095","-75.206655","0922","6","0","0","0","0","0","0","0","0","","0","0","0","8","1","1","","1","0","39 58:01.543","","0","75 12:23.959","3","0","0","0","67301","0","0","0","N","0","0","0","3","67301","0","","1.0","","9","N","N","N","0","","1","0","1","3","3","","847","2","1","0","0","0","0","0","2","0","2","0","0","0","3","03","","N","","","","","","","","","",""
"2021077918","0933","1","0","0","0","0","0","0","0","0","4","0","","67","8","2021","5","39.992127","-75.18295","0933","6","0","0","0","0","0","0","0","0","","0","0","0","9","1","0","","1","0","39 59:31.657","","0","75 10:58.619","0","0","0","0","67301","0","0","0","N","0","0","0","2","67301","0","","1.0","","1","N","N","N","0","","0","0","1","3","3","","919","2","0","0","0","0","0","0","2","0","2","0","0","0","3","03","","N","","","","","","","","","",""
"2021114628","","1","0","0","0","0","0","0","0","0","1","0","","67","6","2021","6","40.029056","-75.089722","","6","0","0","0","0","0","0","0","0","","0","0","0","99","1","4","","1","0","40 01:44.600","","0","75 05:23.000","8","0","0","0","67301","0","0","0","N","0","0","0","5","00000","0","","1.0","","1","N","N","N","0","","0","0","1","3","2","","9999","2","4","0","0","0","4","0","2","0","2","0","0","0","3","","","N","","","","","","","","","",""
"2021079565","0004","4","0","0","0","0","0","0","0","0","1","0","","67","8","2021","6","39.979358","-75.107297","2356","6","0","0","0","1","0","1","0","0","","0","0","0","23","3","0","N","0","1","39 58:45.688","1","0","75 06:26.268","0","0","0","0","67301","0","0","0","N","0","0","0","9","68K01","0","","1.0","54.0","1","N","N","N","0","","0","0","1","0","0","N","2354","5","0","0","0","0","0","0","2","0","5","0","0","0","3","","","N","","","","","","","","","",""
"2021080110","0238","3","0","0","0","0","0","0","0","0","5","0","","67","8","2021","4","39.97015","-75.232483","0236","6","0","0","0","0","0","0","0","0","","0","0","0","2","3","0","N","0","0","39 58:12.540","","0","75 13:56.940","0","0","0","0","67301","0","0","0","N","0","0","0","1","67301","0","","6.0","","1","N","N","N","0","","0","0","0","0","0","","200","3","0","0","0","0","0","0","2","0","3","0","0","0","3","","","N","","","","","","","","","",""
"2021123575","0804","1","0","0","0","0","0","0","0","0","7","0","","67","12","2021","4","39.980586","-75.197952","0742","6","0","0","0","0","0","0","0","0","","0","0","0","7","1","1","","2","0","39 58:50.109","","0","75 11:52.626","4","0","0","0","67301","0","0","0","N","0","0","0","1","67301","1","","5.0","","9","N","N","N","0","","0","0","0","3","2","","730","1","1","0","0","0","0","0","2","0","1","0","0","0","3","03","","N","","","","","","","","","",""
"2021079151","0225","1","0","0","0","0","0","0","0","0","4","0","","67","8","2021","7","40.02415","-75.133203","0213","6","0","0","0","0","0","0","0","0","","0","0","0","2","3","1","","1","0","40 01:26.939","","0","75 07:59.530","3","0","0","0","67301","0","0","0","N","0","0","0","3","67301","0","","1.0","","1","N","N","N","0","","1","0","0","3","2","","212","2","1","0","0","0","0","0","2","0","2","0","0","0","3","03","","N","","","","","","","","","",""
"2021080727","0211","1","0","0","0","0","0","0","0","0","7","0","","67","8","2021","4","40.018304","-75.048941","0211","6","0","0","0","0","0","0","0","0","","0","0","0","2","3","3","N","0","0","40 01:05.894","","0","75 02:56.189","3","0","0","0","67301","0","0","0","N","0","0","0","3","67301","0","","3.0","","1","N","N","N","0","","2","0","0","0","0","","210","1","3","0","0","0","1","0","2","0","1","0","0","0","3","03","","N","","","","","","","","","",""
"2021087462","0200","3","0","0","0","0","0","0","0","0","5","0","","67","8","2021","3","39.997022","-75.11783","0119","6","0","0","0","0","0","0","0","0","","0","0","0","0","3","0","N","0","0","39 59:49.279","","0","75 07:04.189","0","0","0","0","67301","0","0","0","N","0","0","0","1","67301","0","","6.0","","1","N","N","N","0","","0","0","0","0","0","","26","3","0","1","0","0","0","0","2","0","3","0","0","0","3","03","","N","","","","","","","","","",""
"2021080996","1850","1","0","0","0","0","0","0","0","0","4","0","","67","8","2021","6","40.021529","-75.051773","1844","6","0","0","0","0","0","1","0","0","","0","0","0","18","1","1","","1","0","40 01:17.505","","0","75 03:06.381","3","0","0","0","67301","0","0","0","N","0","0","0","2","67301","0","","1.0","","1","N","N","N","0","","1","0","0","3","2","","1830","2","1","0","0","0","0","0","2","1","2","0","0","0","3","03","","N","","","","","","","","","",""
"2021123432","1520","1","0","0","0","0","0","1","0","0","4","1","","67","12","2021","5","40.008796","-75.147623","1520","6","0","0","0","0","0","2","0","0","","0","0","0","15","1","3","","1","1","40 00:31.666","1","0","75 08:51.441","4","0","0","0","67301","0","0","0","N","0","0","0","8","67301","3","","1.0","1600.0","1","Y","N","N","0","","0","0","1","3","2","N","1510","3","3","1","0","0","0","1","2","0","3","0","0","0","3","03","","N","","","","","","","","","",""
"2021121033","1532","2","0","0","0","0","0","0","0","0","4","0","","67","11","2021","7","39.991043","-75.168557","1527","6","0","0","0","0","0","0","0","1","","0","0","0","15","1","1","","1","0","39 59:27.754","","0","75 10:06.805","3","0","0","0","67301","0","0","0","N","0","0","0","3","67301","0","","1.0","","1","N","N","N","0","","1","0","0","3","2","","1519","2","1","1","0","0","0","0","2","0","2","0","0","0","3","","","N","","","","","","","","","",""
"2021037757","2323","1","0","0","0","0","0","0","0","0","7","0","","67","4","2021","7","40.044277","-75.089006","2315","6","0","0","0","0","0","0","0","0","","0","0","0","21","3","3","","3","2","40 02:39.397","2","0","75 05:20.423","3","0","0","0","67301","0","0","0","N","0","0","0","3","67301","1","","4.0","1223.0","9","N","N","N","0","","2","0","0","3","2","Y","2140","1","3","0","0","0","0","0","2","0","1","0","0","0","7","04","","N","","","","","","","","","",""
"2021078578","1233","0","0","0","0","0","0","0","0","0","4","0","","67","8","2021","5","40.059501","-75.080546","1233","6","0","0","0","0","0","0","0","0","","0","0","0","12","1","1","","1","0","40 03:34.205","","0","75 04:49.964","3","0","0","0","67301","0","0","0","N","0","0","0","2","67301","0","","1.0","","1","N","N","N","0","","1","0","2","3","2","","1214","2","1","0","0","0","0","1","2","0","2","0","0","0","3","03","","N","","","","","","","","","",""
"2021079727","2337","2","0","0","0","0","0","0","0","0","5","0","","67","8","2021","3","39.975731","-75.160255","2333","6","0","0","0","0","0","0","0","0","","0","0","0","23","2","0","N","0","0","39 58:32.631","","0","75 09:36.918","0","0","0","0","67301","0","0","0","N","0","0","0","1","67301","0","","6.0","","1","N","N","N","0","","0","0","0","0","0","","2333","2","0","1","0","0","0","0","2","0","2","0","0","0","3","03","","N","","","","","","","","","",""
"2021080406","1815","1","0","0","0","0","0","0","0","0","4","0","","67","8","2021","5","39.928163","-75.150704","1812","6","0","0","0","0","0","1","0","0","","0","0","0","14","1","1","","1","0","39 55:41.386","","0","75 09:02.534","8","0","0","1","67301","0","0","0","N","0","0","0","2","67301","0","","1.0","","1","N","N","N","0","","0","0","0","3","2","","1400","2","1","0","0","0","1","0","2","0","2","0","0","0","3","03","","N","","","","","","","","","",""
"2021123363","2149","2","0","0","0","0","0","0","0","0","1","0","","67","12","2021","4","39.998044","-75.081283","2138","6","0","0","0","0","0","0","0","1","","0","0","0","21","2","0","N","0","1","39 59:52.957","1","0","75 04:52.617","0","0","0","0","67301","0","0","0","N","0","0","0","1","68K01","0","","1.0","2157.0","9","N","N","Y","0","","0","0","0","0","0","N","2134","2","0","0","0","0","0","0","2","0","2","0","0","0","7","","","N","","","","","","","","","",""
"2021123586","0623","2","0","0","0","0","0","0","0","0","1","0","","67","12","2021","7","39.960098","-75.179659","0623","6","0","0","0","0","0","0","0","0","","0","0","0","6","3","0","N","0","2","39 57:36.353","4","0","75 10:46.772","0","0","0","0","67301","0","0","0","N","0","0","0","3","68K01","0","","1.0","715.0","9","N","N","N","0","","0","0","1","0","0","N","623","3","0","0","0","0","0","0","2","0","3","0","0","0","7","","","N","","","","","","","","","",""
"2021123389","0723","1","0","0","0","0","0","0","0","0","5","0","","67","12","2021","2","40.024142","-75.031763","0713","6","0","0","0","0","0","0","0","0","","0","0","0","6","1","0","N","0","1","40 01:26.912","2","0","75 01:54.346","0","0","0","0","67301","0","0","0","N","0","0","0","2","68K01","0","","2.0","731.0","1","N","N","N","1","","0","0","0","0","0","N","657","2","0","1","0","0","0","0","2","0","2","0","0","0","3","","","N","","","","","","","","","",""
"2021114637","","1","0","0","0","0","0","0","0","0","1","0","","67","6","2021","4","40.005806","-75.1705","","6","0","0","0","0","0","0","0","0","","0","0","0","18","1","2","Y","0","0","40 00:20.900","","0","75 10:13.800","3","0","0","0","67301","0","0","0","N","0","0","0","5","00000","0","","1.0","","1","N","N","N","0","","2","0","1","3","2","","1810","2","2","0","0","0","0","0","2","0","2","0","0","0","3","","","N","","","","","","","","","",""
"2021121751","0235","1","0","0","0","0","0","0","0","0","7","0","","67","12","2021","3","40.000498","-75.186827","0214","6","0","0","0","0","0","1","0","0","","1","0","0","2","3","0","N","0","0","40 00:01.792","","0","75 11:12.577","1","0","0","0","67301","0","0","0","N","0","0","0","1","67301","0","2","4.0","","1","N","N","N","0","0","0","0","0","9","2","","209","1","0","1","1","0","0","0","2","0","1","0","0","0","3","03","","N","","","","","","","","","",""
"2021079195","0235","1","0","0","0","0","0","0","0","0","4","0","","67","8","2021","1","40.100142","-75.008407","0227","6","0","0","0","0","0","0","0","0","","0","0","0","2","3","1","","1","0","40 06:00.511","","0","75 00:30.266","3","0","0","0","67301","0","0","0","N","0","0","0","6","67301","0","","1.0","","9","N","N","N","0","","1","0","0","3","2","","219","2","1","0","0","0","0","0","2","1","2","0","0","0","7","","","N","","","","","","","","","",""
"2021080385","2308","2","0","0","0","0","0","0","0","0","1","0","","67","8","2021","3","40.010012","-75.186009","2301","6","0","0","0","0","0","0","0","0","","0","0","0","22","3","0","N","0","2","40 00:36.042","1","0","75 11:09.633","0","0","0","0","67301","0","0","0","N","0","0","0","2","67301","0","","1.0","2325.0","1","N","N","N","0","","0","0","0","0","0","N","2242","2","0","0","0","0","0","0","2","0","2","0","0","0","3","03","","N","","","","","","","","","",""
"2021121859","0256","0","0","0","0","0","0","0","0","0","1","1","","67","10","2021","6","39.977016","-75.112764","0252","6","0","0","0","0","0","0","0","0","","0","1","0","2","3","2","N","0","2","39 58:37.258","1","0","75 06:45.952","3","0","0","0","67301","0","0","0","N","0","0","0","4","68K01","0","","1.0","430.0","1","N","N","Y","0","","2","0","1","0","0","N","252","2","2","0","0","0","0","0","2","0","2","0","0","0","3","","","N","","","","","","","","","",""
"2021078417","2235","2","0","0","0","0","0","0","0","0","4","0","","67","8","2021","5","39.958731","-75.227156","2234","6","0","0","0","1","0","0","0","0","","0","0","0","22","3","4","","1","0","39 57:31.430","","0","75 13:37.762","2","0","0","0","67301","0","0","0","N","0","0","0","4","67301","3","","1.0","","1","N","N","N","0","","0","1","0","9","2","","2233","2","4","0","0","0","0","0","2","0","2","0","0","0","3","03","","N","","","","","","","","","",""
"2021103179","0044","1","0","0","0","0","0","0","0","0","5","0","","67","8","2021","7","40.021125","-75.139925","0038","6","0","0","0","0","0","0","0","0","","0","0","0","0","3","1","","1","0","40 01:16.051","","0","75 08:23.731","3","0","0","1","67301","0","0","0","N","0","0","0","2","67301","0","","1.0","","1","N","N","N","0","","1","0","0","3","2","","10","2","1","0","0","0","0","0","2","0","2","0","0","0","3","03","","N","","","","","","","","","",""
"2021077652","1101","0","0","0","0","0","0","0","0","0","4","0","","67","8","2021","5","40.010279","-75.159199","1042","6","0","0","0","0","0","0","1","0","","0","0","0","10","1","1","","1","0","40 00:37.006","","0","75 09:33.116","3","0","0","0","67301","0","0","0","N","0","0","0","2","67301","0","","1.0","","1","N","N","N","0","","1","0","2","3","2","","1021","2","1","0","0","0","0","0","2","0","2","0","0","0","3","","","N","","","","","","","","","",""
"2021122793","0210","1","0","0","0","0","0","0","0","0","8","0","","67","12","2021","4","40.007194","-75.154986","0207","6","0","0","0","0","0","1","0","0","","0","0","0","2","3","1","N","0","0","40 00:25.900","","0","75 09:17.950","3","0","0","0","67301","1","0","0","N","1","0","0","2","67301","0","","1.0","","1","N","N","N","0","","1","0","0","9","9","","200","2","1","1","0","0","0","0","2","0","1","1","0","0","3","04","","N","","","","","","","","","",""
"2021122517","1705","0","0","0","0","0","0","0","0","0","1","0","","67","12","2021","3","40.044671","-75.026324","1702","6","0","0","0","0","0","1","0","0","","0","0","0","16","3","0","","2","0","40 02:40.815","","0","75 01:34.766","0","0","0","0","67301","0","0","0","N","0","0","0","1","67301","0","","1.0","","1","N","N","N","1","","0","0","1","3","3","","1643","2","0","0","0","0","0","0","2","0","2","0","0","0","3","","","N","","","","","","","","","",""
"2021122025","1445","1","0","0","0","0","0","0","0","0","4","0","","67","12","2021","6","40.00868","-75.068855","1445","6","0","0","0","0","0","0","0","0","","0","0","0","16","1","1","","1","0","40 00:31.249","","0","75 04:07.877","4","0","0","0","67301","0","0","0","N","0","0","0","2","67301","1","","1.0","","99","N","N","N","0","","0","0","1","9","2","","1650","2","1","2","0","0","0","1","2","0","2","0","0","0","99","","","N","","","","","","","","","",""
"2021121767","0246","1","0","0","0","0","0","0","0","0","7","0","","67","12","2021","1","40.008011","-75.191828","0242","6","0","0","0","0","0","0","0","0","","0","0","0","2","3","1","","6","0","40 00:28.839","","8","75 11:30.581","2","0","0","0","67301","0","0","0","N","0","0","0","1","67301","0","","4.0","","1","N","N","N","0","","0","1","0","0","0","","208","1","1","0","0","0","0","0","2","0","1","0","0","0","3","03","","N","","","","","","","","","",""
"2021080111","2300","0","0","0","0","0","0","0","0","0","8","0","","67","8","2021","4","40.027669","-75.147436","2300","6","0","0","0","0","0","0","0","0","","0","0","0","21","4","1","N","0","0","40 01:39.610","","0","75 08:50.770","4","0","0","0","67301","1","0","0","N","1","0","0","2","67301","1","","1.0","","1","N","N","N","0","","0","0","1","0","0","","2140","2","1","0","0","0","0","0","2","0","1","1","0","0","3","03","","N","","","","","","","","","",""
"2021080709","0317","2","0","0","0","0","0","0","0","0","4","0","","67","8","2021","6","40.032343","-75.169226","0315","6","0","0","0","0","0","1","0","0","","0","0","0","3","8","0","","2","0","40 01:56.436","","0","75 10:09.214","0","0","0","0","67301","0","0","0","N","0","0","0","2","67301","0","","1.0","","9","N","N","N","0","","0","0","0","3","3","","313","3","0","2","0","0","0","0","2","1","3","0","0","0","4","07","","N","","","","","","","","","",""
"2021120981","0137","1","0","0","0","0","0","0","0","0","5","0","","67","12","2021","7","40.037191","-75.07953","0135","6","0","0","0","0","0","0","0","0","","0","0","0","1","3","0","N","0","1","40 02:13.886","1","0","75 04:46.307","0","0","0","0","67301","0","0","0","N","0","0","0","1","67301","0","","1.0","230.0","9","N","N","N","0","","0","0","2","0","0","N","130","3","0","0","0","0","0","0","2","0","3","0","0","0","7","","","N","","","","","","","","","",""
"2021077906","0830","0","0","0","0","0","0","0","0","0","7","0","","67","8","2021","6","40.016375","-75.211222","0828","6","0","0","0","0","0","0","0","0","","0","0","0","8","1","0","N","0","0","40 00:58.950","","0","75 12:40.400","0","0","0","0","67301","0","0","0","N","0","0","0","1","67301","0","","4.0","","9","N","N","N","1","","0","0","0","0","0","","823","1","0","0","0","0","0","0","2","0","1","0","0","0","7","07","","N","","","","","","","","","",""
"2021122712","0709","1","0","0","0","0","0","0","0","0","7","0","","67","12","2021","6","39.887838","-75.216842","0655","6","0","0","0","0","0","0","0","0","","0","0","0","6","1","1","N","0","0","39 53:16.215","","0","75 13:00.631","8","0","0","0","67301","0","0","0","N","0","0","0","1","68K01","0","","4.0","","1","N","N","N","0","","0","0","0","0","0","","652","1","1","1","0","0","1","0","2","0","1","0","0","0","3","","","N","","","","","","","","","",""
"2021077922","0937","0","0","0","0","0","0","0","0","0","7","0","","67","8","2021","6","39.975156","-75.188114","0937","6","0","0","0","0","0","0","0","0","","0","0","0","9","1","0","","1","0","39 58:30.561","","0","75 11:17.209","0","0","0","0","67301","0","0","0","N","0","0","0","1","67301","0","","4.0","","9","N","N","N","0","","0","0","1","0","0","","935","1","0","1","0","0","0","0","2","0","1","0","0","0","7","04","","N","","","","","","","","","",""