"CRN","ARRIVAL_TM","AUTOMOBILE_COUNT","BELTED_DEATH_COUNT","BELTED_SUSP_SERIOUS_INJ_COUNT","BICYCLE_COUNT","BICYCLE_DEATH_COUNT","BICYCLE_SUSP_SERIOUS_INJ_COUNT","BUS_COUNT","CHLDPAS_DEATH_COUNT","CHLDPAS_SUSP_SERIOUS_INJ_COUNT","COLLISION_TYPE","COMM_VEH_COUNT","CONS_ZONE_SPD_LIM","COUNTY","CRASH_MONTH","CRASH_YEAR","DAY_OF_WEEK","DEC_LATITUDE","DEC_LONGITUDE","DISPATCH_TM","DISTRICT","DRIVER_COUNT_16YR","DRIVER_COUNT_17YR","DRIVER_COUNT_18YR","DRIVER_COUNT_19YR","DRIVER_COUNT_20YR","DRIVER_COUNT_50_64YR","DRIVER_COUNT_65_74YR","DRIVER_COUNT_75PLUS","EST_HRS_CLOSED","FATAL_COUNT","HEAVY_TRUCK_COUNT","HORSE_BUGGY_COUNT","HOUR_OF_DAY","ILLUMINATION","INJURY_COUNT","INTERSECTION_RELATED","INTERSECT_TYPE","LANE_CLOSED","LATITUDE","LN_CLOSE_DIR","LOCATION_TYPE","LONGITUDE","MAX_SEVERITY_LEVEL","MCYCLE_DEATH_COUNT","MCYCLE_SUSP_SERIOUS_INJ_COUNT","MOTORCYCLE_COUNT","MUNICIPALITY","NONMOTR_COUNT","NONMOTR_DEATH_COUNT","NONMOTR_SUSP_SERIOUS_INJ_COUNT","NTFY_HIWY_MAINT","PED_COUNT","PED_DEATH_COUNT","PED_SUSP_SERIOUS_INJ_COUNT","PERSON_COUNT","POLICE_AGCY","POSSIBLE_INJ_COUNT","RDWY_SURF_TYPE_CD","RELATION_TO_ROAD","ROADWAY_CLEARED","ROAD_CONDITION","SCH_BUS_IND","SCH_ZONE_IND","SECONDARY_CRASH","SMALL_TRUCK_COUNT","SPEC_JURIS_CD","SUSP_MINOR_INJ_COUNT","SUSP_SERIOUS_INJ_COUNT","SUV_COUNT","TCD_FUNC_CD","TCD_TYPE","TFC_DETOUR_IND","TIME_OF_DAY","TOTAL_UNITS","TOT_INJ_COUNT","UNBELTED_OCC_COUNT","UNB_DEATH_COUNT","UNB_SUSP_SERIOUS_INJ_COUNT","UNK_INJ_DEG_COUNT","UNK_INJ_PER_COUNT","URBAN_RURAL","VAN_COUNT","VEHICLE_COUNT","VULNERABLE_ROAD_USER_COUNT","VULNERABLE_ROAD_USER_DEATH_COUNT","VULNERABLE_ROAD_USER_SER_INJ_COUNT","WEATHER1","WEATHER2","WORKERS_PRES","WORK_ZONE_IND","WORK_ZONE_LOC","WORK_ZONE_TYPE","WZ_CLOSE_DETOUR","WZ_FLAGGER","WZ_LAW_OFFCR_IND","WZ_LN_CLOSURE","WZ_MOVING","WZ_OTHER","WZ_SHLDER_MDN","WZ_WORKERS_INJ_KILLED"
"2021120661","0733","0","0","0","0","0","0","0","0","0","1","1","","67","10","2021","4","39.942933","-75.193148","0733","6","0","0","0","0","0","0","0","0","","0","1","0","6","1","0","N","0","2","39 56:34.558","3","0","75 11:35.332","0","0","0","0","67301","0","0","0","N","0","0","0","2","68K01","0","","1.0","748.0","1","N","N","N","0","","0","0","1","0","0","N","656","2","0","0","0","0","0","0","2","0","2","0","0","0","3","","","N","","","","","","","","","",""
"2021077908","1322","1","0","0","0","0","0","0","0","0","4","0","","67","8","2021","5","40.015232","-75.155221","1317","6","0","0","0","0","0","0","1","0","","0","0","0","13","1","1","","2","0","40 00:54.834","","0","75 09:18.795","3","0","0","0","67301","0","0","0","N","0","0","0","2","67301","0","","1.0","","1","N","Y","N","0","","1","0","1","3","2","","1313","2","1","0","0","0","0","0","2","0","2","0","0","0","3","","","N","","","","","","","","","",""
"2021077265","0900","1","0","0","0","0","0","0","0","0","5","0","","67","8","2021","4","39.938393","-75.234281","0854","6","0","0","0","0","0","1","0","0","","0","0","0","8","1","0","N","0","0","39 56:18.216","","0","75 14:03.411","0","0","0","0","67301","0","0","0","N","0","0","0","2","67301","0","","6.0","","1","N","N","N","0","","0","0","1","0","0","","831","2","0","0","0","0","0","0","2","0","2","0","0","0","3","","","N","","","","","","","","","",""
"2021083226","2013","2","0","0","0","0","0","0","0","0","4","0","","67","8","2021","4","39.921144","-75.193801","2012","6","1","0","0","0","0","0","0","0","","0","0","0","20","3","0","","1","0","39 55:16.119","","0","75 11:37.683","0","0","0","0","67301","0","0","0","N","0","0","0","2","67301","0","","1.0","","1","N","N","N","0","","0","0","0","3","2","","2005","2","0","0","0","0","0","0","2","0","2","0","0","0","3","03","","N","","","","","","","","","",""
"2021064377","0853","2","0","0","0","0","0","0","0","0","4","0","","67","6","2021","3","40.022908","-75.148267","0848","6","0","0","0","0","0","0","0","0","","0","0","0","8","1","2","","5","0","40 01:22.470","","0","75 08:53.760","3","0","0","0","67301","0","0","0","N","0","0","0","2","67301","0","","1.0","","1","N","N","N","0","","2","0","0","3","2","","848","2","2","0","0","0","0","0","2","0","2","0","0","0","3","","","N","","","","","","","","","",""
"2021036348","2252","2","0","0","0","0","0","0","0","0","4","0","","67","4","2021","1","39.990608","-75.249178","2249","6","0","0","0","0","0","0","0","0","","0","0","0","22","3","0","","1","0","39 59:26.187","","0","75 14:57.041","9","0","0","0","67301","0","0","0","N","0","0","0","2","46104","0","","1.0","","1","N","N","N","0","","0","0","0","3","2","","2248","2","0","0","0","0","0","1","2","0","2","0","0","0","3","","","N","","","","","","","","","",""
"2021070368","0840","1","0","0","0","0","0","0","0","0","4","0","","67","7","2021","3","39.937579","-75.142091","0826","6","0","0","1","0","0","0","0","0","","0","0","0","8","1","1","N","0","2","39 56:15.286","2","7","75 08:31.527","3","0","0","1","67301","0","0","0","N","0","0","0","2","67301","0","","1.0","1020.0","1","N","N","N","0","","1","0","0","0","0","N","820","2","1","1","0","0","0","0","2","0","2","0","0","0","3","03","","N","","","","","","","","","",""
"2021122609","2145","1","0","0","0","0","0","1","0","0","1","1","","67","12","2021","1","39.914889","-75.156622","2110","6","0","0","0","0","0","0","0","0","","0","0","0","21","3","1","","2","0","39 54:53.602","","0","75 09:23.839","8","0","0","0","67301","0","0","0","N","0","0","0","3","67508","0","","1.0","","1","","","Y","0","","0","0","0","3","2","","2100","2","1","0","0","0","1","0","2","0","2","0","0","0","3","03","","N","","","","","","","","","",""
"2021077916","0928","2","0","0","0","0","0","0","0","0","4","0","","67","8","2021","6","39.957823","-75.147242","0926","6","0","0","0","0","0","0","0","0","","0","0","0","9","1","2","","1","1","39 57:28.162","1","0","75 08:50.070","3","0","0","0","67301","0","0","0","N","0","0","0","4","67301","0","","1.0","1015.0","9","N","N","N","1","","2","0","1","3","2","N","925","4","2","0","0","0","0","0","2","0","4","0","0","0","7","07","","N","","","","","","","","","",""
"2021077773","1644","0","0","0","0","0","0","0","0","0","4","0","","67","8","2021","5","39.965289","-75.201546","1643","6","0","0","0","0","0","1","0","0","","0","0","0","15","1","0","","1","0","39 57:55.040","","0","75 12:05.565","0","0","0","0","67301","0","0","0","N","0","0","0","2","67301","0","","1.0","","1","N","N","N","1","","0","0","1","3","3","","1550","2","0","0","0","0","0","0","2","0","2","0","0","0","3","","","N","","","","","","","","","",""
"2021097703","1144","1","0","0","0","0","0","0","0","0","1","0","","67","10","2021","1","40.008085","-75.202754","1137","6","0","0","0","0","0","1","0","0","","0","0","0","11","1","2","N","0","0","40 00:29.106","","0","75 12:09.915","8","0","0","0","67301","0","0","0","N","0","0","0","3","68K01","0","","1.0","","1","N","N","N","0","","0","0","1","0","0","","1134","2","2","0","0","0","2","0","2","0","2","0","0","0","3","","","N","","","","","","","","","",""
"2021080537","0932","0","0","0","0","0","0","0","0","0","0","0","","67","8","2021","1","40.031304","-75.021623","0928","6","0","0","0","0","0","0","0","0","","0","0","0","9","1","1","N","0","1","40 01:52.695","2","0","75 01:17.844","8","0","0","0","67301","0","0","0","N","0","0","0","1","68K01","0","","1.0","1000.0","9","N","N","N","0","","0","0","1","0","0","N","922","1","1","0","0","0","1","0","2","0","1","0","0","0","4","04","","N","","","","","","","","","",""
"2021078971","0229","1","0","0","0","0","0","0","0","0","7","0","","67","8","2021","6","39.91625","-75.225778","0222","6","0","0","0","0","0","0","0","0","","0","0","0","2","3","0","","2","0","39 54:58.500","","0","75 13:32.800","0","0","0","0","67301","0","0","0","N","0","0","0","1","67301","0","","5.0","","9","N","N","N","0","","0","0","0","3","2","","221","1","0","0","0","0","0","0","2","0","1","0","0","0","7","07","","N","","","","","","","","","",""
"2021097676","2047","1","0","0","0","0","0","0","0","0","1","0","","67","8","2021","5","40.052333","-74.987963","2030","6","0","0","0","0","0","1","0","0","","0","0","0","20","3","1","N","0","1","40 03:08.400","2","0","74 59:16.667","3","0","0","0","67301","0","0","0","N","0","0","0","2","68K01","0","","1.0","2122.0","1","N","N","N","0","","1","0","1","0","0","N","2028","2","1","0","0","0","0","1","2","0","2","0","0","0","3","03","","N","","","","","","","","","",""
"2021119764","","0","0","0","0","0","0","0","0","0","1","0","","67","3","2021","5","39.958122","-75.209408","","6","0","0","0","0","0","1","0","0","","0","0","0","20","3","1","","1","0","39 57:29.240","","0","75 12:33.868","8","0","0","0","67301","0","0","0","N","0","0","0","2","00000","0","","1.0","","1","N","N","N","0","","0","0","1","3","2","","2030","2","1","0","0","0","1","0","2","0","2","0","0","0","3","","","N","","","","","","","","","",""
"2021096646","1731","2","0","0","0","0","0","0","0","0","1","0","","67","10","2021","2","40.009022","-75.082547","1717","6","0","0","0","0","0","1","0","0","","0","0","0","17","1","1","N","0","0","40 00:32.479","","0","75 04:57.170","3","0","0","0","67301","0","0","0","N","0","0","0","3","67301","0","","1.0","","1","N","N","N","0","","1","0","0","0","0","","1712","2","1","0","0","0","0","2","2","0","2","0","0","0","3","","","N","","","","","","","","","",""
"2021079224","1220","2","0","0","0","0","0","0","0","0","4","0","","67","8","2021","6","40.002576","-75.099728","1200","6","0","0","0","1","0","0","0","0","","0","0","0","12","1","3","","5","1","40 00:09.273","6","0","75 05:59.019","2","0","0","0","67301","1","0","1","N","1","0","1","3","67301","1","","1.0","1245.0","9","N","N","Y","0","","1","1","0","3","2","N","1200","3","3","2","0","0","0","0","2","0","2","1","0","1","7","07","","N","","","","","","","","","",""
"2021097825","2324","0","0","0","0","0","0","0","0","0","4","0","","67","9","2021","4","39.989601","-75.087558","2310","6","0","0","0","0","0","0","0","0","","0","0","0","23","3","2","N","0","2","39 59:22.563","2","0","75 05:15.209","3","0","0","0","67301","0","0","0","N","0","0","0","3","68K01","0","","1.0","15.0","1","N","N","N","0","","1","0","2","0","0","N","2307","2","2","0","0","0","1","0","2","0","2","0","0","0","3","03","","N","","","","","","","","","",""
"2021077469","2340","1","0","0","0","0","0","0","0","0","4","0","","67","8","2021","5","39.999682","-75.174286","2332","6","0","0","0","0","0","1","0","0","","0","0","0","21","3","2","","1","0","39 59:58.855","","0","75 10:27.429","3","0","0","0","67301","0","0","0","N","0","0","0","2","67301","0","","1.0","","1","N","N","N","0","","1","0","1","3","3","","2130","2","2","0","0","0","1","0","2","0","2","0","0","0","99","03","","N","","","","","","","","","",""
"2021037301","1836","1","0","0","0","0","0","0","0","0","4","0","","67","4","2021","6","40.005516","-75.105344","1835","6","0","0","0","0","0","1","0","0","","0","0","0","18","1","1","","1","0","40 00:19.857","","0","75 06:19.237","8","0","0","1","67301","0","0","0","N","0","0","0","2","67301","0","","1.0","","1","N","N","N","0","","0","0","0","3","2","","1835","2","1","0","0","0","1","0","2","0","2","0","0","0","3","","","N","","","","","","","","","",""
"2021105921","1023","1","0","0","0","0","0","1","0","0","5","2","45","67","9","2021","4","39.950969","-75.141056","1019","6","0","0","0","0","0","0","0","0","","0","1","0","10","1","0","N","0","2","39 57:03.489","1","0","75 08:27.800","0","0","0","0","67301","0","0","0","N","0","0","0","6","68K01","0","","1.0","25.0","1","Y","N","N","0","","0","0","0","0","0","N","1009","3","0","0","0","0","0","0","2","0","3","0","0","0","3","03","Y","Y","3","2","N","N","N","Y","N","N","N","N"
"2021080179","1033","0","0","0","0","0","0","0","0","0","1","0","","67","8","2021","5","39.980213","-75.157468","1030","6","0","0","0","0","0","0","0","0","","0","0","0","10","1","1","","1","0","39 58:48.767","","0","75 09:26.884","3","0","0","0","67301","0","0","0","N","0","0","0","2","67505","0","","1.0","","1","N","N","N","1","","1","0","1","3","2","","1025","2","1","0","0","0","0","0","2","0","2","0","0","0","3","03","","N","","","","","","","","","",""
"2021097817","2031","2","0","0","0","0","0","0","0","0","5","0","","67","8","2021","7","39.946291","-75.142177","2026","6","0","0","0","0","0","0","1","0","","0","0","0","20","3","2","N","0","1","39 56:46.648","1","0","75 08:31.837","8","0","0","0","67301","0","0","0","N","0","0","0","3","68K01","0","","1.0","2115.0","1","N","N","N","0","","0","0","0","0","0","N","2024","2","2","1","0","0","2","0","2","0","2","0","0","0","3","","","N","","","","","","","","","",""
"2021114609","","1","0","0","0","0","0","0","0","0","5","0","","67","5","2021","6","39.968597","-75.127964","","6","0","0","0","0","0","0","0","0","","0","0","0","22","3","0","N","0","0","39 58:06.948","","0","75 07:40.670","0","0","0","0","67301","0","0","0","N","0","0","0","3","00000","0","","1.0","","1","N","N","N","0","","0","0","1","0","0","","2207","2","0","2","0","0","0","0","2","0","2","0","0","0","3","","","N","","","","","","","","","",""
"2021097197","1625","0","0","0","0","0","0","1","0","0","5","1","","67","10","2021","5","40.073222","-75.202661","1605","6","0","0","0","0","0","1","0","0","","0","0","0","16","1","1","","1","0","40 04:23.600","","0","75 12:09.578","4","0","0","0","67301","0","0","0","N","0","0","0","3","67508","1","","1.0","","1","N","N","Y","0","","0","0","0","0","0","","1605","2","1","0","0","0","0","0","2","0","2","0","0","0","3","03","","N","","","","","","","","","",""
"2021097489","2146","1","0","0","0","0","0","0","0","0","7","0","","67","10","2021","2","39.949146","-75.141909","2139","6","0","0","0","0","1","0","0","0","","0","0","0","21","3","1","N","0","0","39 56:56.925","","0","75 08:30.871","3","0","0","0","67301","0","0","0","N","0","0","0","1","68K01","0","","4.0","","1","N","N","N","0","","1","0","0","0","0","","2137","1","1","0","0","0","0","0","2","0","1","0","0","0","3","","","N","","","","","","","","","",""
"2021121641","1613","0","0","0","0","0","0","1","0","0","8","1","","67","12","2021","7","40.040189","-75.144373","1613","6","0","0","0","0","0","1","0","0","","0","0","0","16","6","1","N","0","0","40 02:24.681","","0","75 08:39.743","8","0","0","0","67301","1","0","0","N","1","0","0","2","67301","0","","1.0","","1","N","N","N","0","","0","0","0","0","0","","1610","2","1","0","0","0","1","0","2","0","1","1","0","0","4","04","","N","","","","","","","","","",""
"2021079624","1037","2","0","0","0","0","0","0","0","0","4","0","","67","8","2021","7","40.043911","-75.009622","1037","6","0","0","1","0","0","0","0","0","","0","0","0","8","3","1","","1","0","40 02:38.081","","0","75 00:34.638","3","0","0","0","67301","0","0","0","N","0","0","0","3","67301","0","","1.0","","9","N","N","N","0","","1","0","0","3","3","","837","2","1","0","0","0","0","0","2","0","2","0","0","0","7","07","","N","","","","","","","","","",""
"2021077795","1633","1","0","0","0","0","0","0","0","0","4","0","","67","8","2021","5","39.979155","-75.137469","1631","6","0","0","0","0","0","0","0","0","","0","0","0","16","1","1","","1","0","39 58:44.957","","0","75 08:14.888","8","0","0","0","67301","0","0","0","N","0","0","0","4","67301","0","","1.0","","1","N","N","N","0","","0","0","2","3","2","","1631","3","1","3","0","0","1","0","2","0","3","0","0","0","3","03","","N","","","","","","","","","",""
"2021080225","1250","1","0","0","0","0","0","0","0","0","4","0","","67","8","2021","3","40.020554","-75.116263","1247","6","0","0","0","0","0","1","0","0","","0","0","0","12","1","1","","5","0","40 01:13.994","","0","75 06:58.546","3","0","0","0","67301","0","0","0","N","0","0","0","2","67301","0","","1.0","","1","N","N","N","0","","1","0","1","3","2","","1223","2","1","0","0","0","0","0","2","0","2","0","0","0","3","03","","N","","","","","","","","","",""
"2021107066","1837","1","0","0","0","0","0","0","0","0","1","0","","67","10","2021","6","39.958538","-75.167091","1829","6","0","0","0","0","0","1","0","0","","0","0","0","18","3","0","N","0","1","39 57:30.735","4","0","75 10:01.529","0","0","0","0","67301","0","0","0","N","0","0","0","3","68K01","0","","1.0","1900.0","1","N","N","N","0","","0","0","1","0","0","Y","1810","2","0","0","0","0","0","0","2","0","2","0","0","0","3","03","","N","","","","","","","","","",""
"2021097482","1451","0","0","0","0","0","0","0","0","0","1","0","","67","10","2021","1","39.958545","-75.168172","1440","6","0","0","0","0","0","0","0","0","","0","0","0","14","1","0","N","0","0","39 57:30.762","","0","75 10:05.419","0","0","0","0","67301","0","0","0","N","0","0","0","5","68K01","0","","1.0","","1","N","N","N","0","","0","0","2","0","0","","1436","2","0","0","0","0","0","0","2","0","2","0","0","0","3","","","N","","","","","","","","","",""
"2021079710","0603","2","0","0","0","0","0","0","0","0","2","0","","67","8","2021","3","40.036722","-75.132747","0557","6","0","0","0","0","0","0","0","0","","0","0","0","5","5","0","N","0","0","40 02:12.199","","0","75 07:57.890","0","0","0","0","67301","0","0","0","N","0","0","0","1","67301","0","","6.0","","1","N","N","N","0","","0","0","3","0","0","","549","5","0","0","0","0","0","0","2","0","5","0","0","0","3","","","N","","","","","","","","","",""
"2021080314","1510","1","0","0","0","0","0","0","0","0","8","0","","67","8","2021","4","39.9185","-75.150289","1505","6","0","0","0","0","1","0","0","0","","0","0","0","15","1","1","N","0","0","39 55:06.600","","0","75 09:01.040","3","0","0","0","67301","1","0","0","N","1","0","0","2","67301","0","","1.0","","1","N","N","N","0","","1","0","0","0","0","","1500","2","1","0","0","0","0","0","2","0","1","1","0","0","3","03","","N","","","","","","","","","",""
"2021119771","","0","0","0","0","0","0","0","0","0","4","0","","67","6","2021","2","39.975156","-75.188114","","6","0","0","0","0","0","0","0","0","","0","0","0","12","1","1","","1","0","39 58:30.561","","0","75 11:17.209","8","0","0","0","67301","0","0","0","N","0","0","0","2","00000","0","","1.0","","1","N","N","N","0","","0","0","1","3","2","","1239","2","1","0","0","0","1","0","2","0","2","0","0","0","3","","","N","","","","","","","","","",""
"2021079709","1852","1","0","0","0","0","0","0","0","0","1","0","","67","8","2021","2","40.044135","-75.117169","1852","6","0","0","1","0","0","0","0","0","","0","0","0","18","1","1","N","0","0","40 02:38.886","","0","75 07:01.808","3","0","0","0","67301","0","0","0","N","0","0","0","2","67301","0","","6.0","","1","N","N","N","0","","1","0","1","0","0","","1800","2","1","0","0","0","0","1","2","0","2","0","0","0","3","","","N","","","","","","","","","",""
"2021123593","0553","0","0","0","0","0","0","0","0","0","1","0","","67","12","2021","2","39.967708","-75.189533","0553","6","0","0","0","0","0","0","0","0","","0","0","0","5","3","1","N","0","1","39 58:03.750","4","0","75 11:22.319","8","0","0","0","67301","0","0","0","N","0","0","0","3","68K01","0","","1.0","637.0","1","N","N","N","0","","0","0","2","0","0","N","539","2","1","0","0","0","1","2","2","0","2","0","0","0","3","","","N","","","","","","","","","",""
"2021095956","1043","1","0","0","0","0","0","0","0","0","4","1","","67","10","2021","6","39.933519","-75.223061","1043","6","0","0","0","0","0","0","0","0","","0","1","0","10","1","0","N","0","2","39 56:00.670","6","0","75 13:23.020","0","0","0","0","67301","0","0","0","N","0","0","0","2","67301","0","","1.0","1207.0","1","N","N","N","0","","0","0","0","0","0","Y","1043","2","0","0","0","0","0","0","2","0","2","0","0","0","3","","","N","","","","","","","","","",""
"2021087591","0941","0","0","0","0","0","0","0","0","0","1","0","","67","8","2021","6","39.947895","-75.186608","0921","6","0","0","0","0","0","1","0","0","","0","0","0","9","1","1","","6","0","39 56:52.422","","2","75 11:11.789","8","0","0","0","67301","0","0","0","N","0","0","0","2","68K01","0","","7.0","","9","N","N","N","0","","0","0","2","3","4","","917","2","1","0","0","0","1","0","2","0","2","0","0","0","7","","","N","","","","","","","","","",""
"2021079208","1210","1","0","0","0","0","0","0","0","0","4","0","","67","8","2021","2","40.066425","-75.018733","1200","6","0","0","0","0","0","0","0","0","","0","0","0","11","1","1","","2","0","40 03:59.130","","7","75 01:07.438","4","0","0","1","67301","0","0","0","N","0","0","0","2","67301","1","","1.0","","1","N","N","N","0","","0","0","0","0","0","","1129","2","1","0","0","0","0","0","2","0","2","0","0","0","3","03","","N","","","","","","","","","",""
"2021080121","0243","1","0","0","0","0","0","0","0","0","7","0","","67","8","2021","5","39.977211","-75.226752","0238","6","0","0","0","0","1","0","0","0","","0","0","0","2","3","0","","1","0","39 58:37.959","","0","75 13:36.308","0","0","0","0","67301","0","0","0","N","0","0","0","1","67301","0","","4.0","","1","N","N","N","0","","0","0","0","3","2","","237","1","0","1","0","0","0","0","2","0","1","0","0","0","3","03","","N","","","","","","","","","",""
"2021078514","0903","0","0","0","0","0","0","0","0","0","8","0","","67","8","2021","7","40.045866","-74.994623","0900","6","0","0","0","0","0","0","1","0","","0","0","0","8","1","1","","1","1","40 02:45.118","3","0","74 59:40.643","3","0","0","0","67301","1","0","0","N","1","0","0","2","67301","0","","1.0","915.0","1","N","N","N","1","","1","0","0","3","2","N","858","2","1","0","0","0","0","0","2","0","1","1","0","0","4","04","","N","","","","","","","","","",""
"2021105356","1748","1","0","0","0","0","0","0","0","0","5","1","","67","11","2021","2","39.902876","-75.224653","1744","6","0","0","0","0","0","1","0","0","","0","1","0","17","1","1","N","0","0","39 54:10.354","","0","75 13:28.749","3","0","0","0","67301","0","0","0","N","0","0","0","4","67301","0","","1.0","","1","N","N","Y","0","","1","0","1","0","0","","1740","3","1","0","0","0","0","0","2","0","3","0","0","0","3","03","","N","","","","","","","","","",""
"2021105374","1814","1","0","0","0","0","0","0","0","0","8","0","","67","4","2021","3","40.015407","-75.137986","1814","6","0","0","0","0","0","0","0","0","","0","0","0","20","2","1","","1","0","40 00:55.465","","0","75 08:16.749","8","0","0","0","67301","1","0","0","N","1","0","0","2","67301","0","","1.0","","1","N","N","N","0","","0","0","0","0","0","","2040","2","1","0","0","0","1","0","2","0","1","1","0","0","98","","","N","","","","","","","","","",""
"2021078730","0010","2","0","0","0","0","0","0","0","0","4","0","","67","8","2021","1","40.025376","-75.073317","0004","6","0","0","0","0","0","0","0","0","","0","0","0","23","3","5","","1","2","40 01:31.355","6","0","75 04:23.942","3","0","0","0","67301","0","0","0","N","0","0","0","6","67301","0","","1.0","55.0","9","N","N","N","0","","5","0","0","3","2","Y","2352","2","5","0","0","0","0","0","2","0","2","0","0","0","7","","","N","","","","","","","","","",""
"2021080508","0816","2","0","0","0","0","0","0","0","0","4","0","","67","8","2021","6","39.961476","-75.149798","0815","6","0","0","1","0","0","1","0","0","","0","0","0","8","1","1","","1","0","39 57:41.313","","0","75 08:59.272","4","0","0","0","67301","0","0","0","N","0","0","0","2","67301","1","","1.0","","1","N","N","N","0","","0","0","0","3","2","","814","2","1","0","0","0","0","0","2","0","2","0","0","0","3","03","","N","","","","","","","","","",""
"2021123216","0744","1","0","0","0","0","0","0","0","0","5","1","","67","12","2021","4","39.978887","-75.159446","0744","6","0","0","0","1","0","0","0","0","","0","1","0","7","1","0","N","0","0","39 58:43.993","","0","75 09:34.005","0","0","0","0","67301","0","0","0","N","0","0","0","1","67301","0","","6.0","","1","N","N","N","0","","0","0","0","0","0","","744","2","0","0","0","0","0","0","2","0","2","0","0","0","3","03","","N","","","","","","","","","",""
"2021121910","1215","2","0","0","0","0","0","0","0","0","1","0","","67","12","2021","7","39.988617","-75.207007","1206","6","0","0","0","0","0","0","0","0","","0","0","0","12","1","1","N","0","0","39 59:19.020","","0","75 12:25.225","8","0","0","0","67301","0","0","0","N","0","0","0","9","68K01","0","","1.0","","1","N","N","N","0","","0","0","1","0","0","","1204","3","1","1","0","0","1","0","2","0","3","0","0","0","3","","","N","","","","","","","","","",""
"2021080693","1935","1","0","0","1","0","0","0","0","0","8","0","","67","8","2021","3","39.945985","-75.184235","1930","6","0","0","0","0","0","0","0","0","","0","0","0","19","1","1","","5","0","39 56:45.546","","0","75 11:03.246","8","0","0","0","67301","1","0","0","N","0","0","0","3","67301","0","","1.0","","1","N","N","N","0","","0","0","0","3","2","","1920","2","1","2","0","0","1","0","2","0","1","1","0","0","3","","","N","","","","","","","","","",""
"2021078221","0415","1","0","0","0","0","0","0","0","0","4","0","","67","8","2021","7","39.956553","","0412","6","0","0","0","0","0","1","0","0","","0","0","0","4","3","1","","5","0","39 57:23.590","","2","75 09:4.860","3","0","0","0","67301","0","0","0","N","0","0","0","2","67301","0","","1.0","","1","N","N","N","0","","1","0","1","3","2","","409","2","1","0","0","0","0","0","2","0","2","0","0","0","3","","","N","","","","","","","","","",""
"2021072969","1900","0","0","0","0","0","0","0","0","0","2","0","","67","8","2021","4","40.011978","-75.135854","1900","6","0","0","0","0","0","0","0","0","","0","0","0","18","1","1","N","1","0","40 00:43.119","","0","75 08:09.074","3","0","0","0","67301","0","0","0","N","0","0","0","1","67301","0","","4.0","","1","N","N","N","1","","1","0","3","3","2","","1830","4","1","0","0","0","0","0","2","0","4","0","0","0","3","04","","N","","","","","","","","","",""
"2021122518","2344","1","0","0","0","0","0","0","0","0","4","0","","67","12","2021","5","39.947413","-75.239751","2343","6","0","0","0","0","0","1","0","0","","0","0","0","22","3","1","","1","0","39 56:50.686","","0","75 14:23.103","8","0","0","0","67301","0","0","0","N","0","0","0","2","67301","0","","1.0","","1","N","N","N","0","","0","0","2","3","2","","2250","3","1","1","0","0","1","1","2","0","3","0","0","0","3","03","","N","","","","","","","","","",""
"2021119765","","0","0","0","0","0","0","0","0","0","5","0","","67","4","2021","5","39.998497","-75.232145","","6","0","0","0","0","0","0","0","0","","0","0","0","10","1","1","","2","0","39 59:54.588","","0","75 13:55.723","8","0","0","0","67301","0","0","0","N","0","0","0","2","00000","0","","1.0","","1","N","N","N","0","","0","0","2","0","0","","1005","2","1","0","0","0","1","0","2","0","2","0","0","0","3","","","N","","","","","","","","","",""
"2021123127","2201","1","0","0","0","0","0","0","0","0","8","0","","67","12","2021","2","40.060124","-75.188656","2200","6","0","0","0","0","0","1","0","0","","1","0","0","18","3","0","","2","0","40 03:36.447","","0","75 11:19.163","1","0","0","0","67301","1","1","0","N","1","1","0","2","67301","0","2","1.0","","1","N","N","N","1","0","0","0","0","3","3","","1816","3","0","0","0","0","0","0","2","0","2","1","1","0","3","03","","N","","","","","","","","","",""
"2021121630","1758","1","0","0","0","0","0","0","0","0","1","0","","67","12","2021","3","39.999444","-75.190513","1742","6","0","0","0","1","0","0","0","1","","0","0","0","17","3","3","N","0","9","39 59:57.998","","0","75 11:25.847","4","0","0","0","67301","0","0","0","N","0","0","0","6","67301","3","","1.0","","1","N","N","N","0","","0","0","1","3","2","U","1715","2","3","0","0","0","0","1","2","0","2","0","0","0","3","03","","N","","","","","","","","","",""
"2021121073","0018","1","0","0","0","0","0","0","0","0","1","1","","67","11","2021","5","40.004672","-75.194998","0009","6","0","0","0","0","0","0","1","0","","0","1","0","0","3","2","N","0","2","40 00:16.819","4","0","75 11:41.993","3","0","0","0","67301","0","0","0","N","0","0","0","3","68K01","0","","1.0","45.0","1","N","N","N","0","","2","0","0","0","0","N","5","2","2","0","0","0","0","0","2","0","2","0","0","0","3","03","","N","","","","","","","","","",""
"2021123461","0045","2","0","0","0","0","0","0","0","0","5","0","","67","11","2021","2","39.996694","-75.115274","0045","6","0","0","0","0","0","0","0","0","","0","0","0","0","3","0","N","0","0","39 59:48.100","","0","75 06:54.987","0","0","0","0","67301","0","0","0","N","0","0","0","1","67301","0","","1.0","","1","N","N","N","0","","0","0","3","0","0","","45","5","0","1","0","0","0","0","2","0","5","0","0","0","3","03","","N","","","","","","","","","",""
"2021121197","1512","1","0","0","0","0","0","0","0","0","1","0","","67","12","2021","6","39.959495","-75.174788","1512","6","0","0","0","0","0","0","1","0","","0","0","0","14","1","0","N","0","0","39 57:34.181","","0","75 10:29.237","0","0","0","0","67301","0","0","0","N","0","0","0","2","68K01","0","","1.0","","1","N","N","N","0","","0","0","1","0","0","","1403","2","0","0","0","0","0","0","2","0","2","0","0","0","3","03","","N","","","","","","","","","",""