"CRN","ARRIVAL_TM","AUTOMOBILE_COUNT","BELTED_DEATH_COUNT","BELTED_SUSP_SERIOUS_INJ_COUNT","BICYCLE_COUNT","BICYCLE_DEATH_COUNT","BICYCLE_SUSP_SERIOUS_INJ_COUNT","BUS_COUNT","CHLDPAS_DEATH_COUNT","CHLDPAS_SUSP_SERIOUS_INJ_COUNT","COLLISION_TYPE","COMM_VEH_COUNT","CONS_ZONE_SPD_LIM","COUNTY","CRASH_MONTH","CRASH_YEAR","DAY_OF_WEEK","DEC_LATITUDE","DEC_LONGITUDE","DISPATCH_TM","DISTRICT","DRIVER_COUNT_16YR","DRIVER_COUNT_17YR","DRIVER_COUNT_18YR","DRIVER_COUNT_19YR","DRIVER_COUNT_20YR","DRIVER_COUNT_50_64YR","DRIVER_COUNT_65_74YR","DRIVER_COUNT_75PLUS","EST_HRS_CLOSED","FATAL_COUNT","HEAVY_TRUCK_COUNT","HORSE_BUGGY_COUNT","HOUR_OF_DAY","ILLUMINATION","INJURY_COUNT","INTERSECTION_RELATED","INTERSECT_TYPE","LANE_CLOSED","LATITUDE","LN_CLOSE_DIR","LOCATION_TYPE","LONGITUDE","MAX_SEVERITY_LEVEL","MCYCLE_DEATH_COUNT","MCYCLE_SUSP_SERIOUS_INJ_COUNT","MOTORCYCLE_COUNT","MUNICIPALITY","NONMOTR_COUNT","NONMOTR_DEATH_COUNT","NONMOTR_SUSP_SERIOUS_INJ_COUNT","NTFY_HIWY_MAINT","PED_COUNT","PED_DEATH_COUNT","PED_SUSP_SERIOUS_INJ_COUNT","PERSON_COUNT","POLICE_AGCY","POSSIBLE_INJ_COUNT","RDWY_SURF_TYPE_CD","RELATION_TO_ROAD","ROADWAY_CLEARED","ROAD_CONDITION","SCH_BUS_IND","SCH_ZONE_IND","SECONDARY_CRASH","SMALL_TRUCK_COUNT","SPEC_JURIS_CD","SUSP_MINOR_INJ_COUNT","SUSP_SERIOUS_INJ_COUNT","SUV_COUNT","TCD_FUNC_CD","TCD_TYPE","TFC_DETOUR_IND","TIME_OF_DAY","TOTAL_UNITS","TOT_INJ_COUNT","UNBELTED_OCC_COUNT","UNB_DEATH_COUNT","UNB_SUSP_SERIOUS_INJ_COUNT","UNK_INJ_DEG_COUNT","UNK_INJ_PER_COUNT","URBAN_RURAL","VAN_COUNT","VEHICLE_COUNT","VULNERABLE_ROAD_USER_COUNT","VULNERABLE_ROAD_USER_DEATH_COUNT","VULNERABLE_ROAD_USER_SER_INJ_COUNT","WEATHER1","WEATHER2","WORKERS_PRES","WORK_ZONE_IND","WORK_ZONE_LOC","WORK_ZONE_TYPE","WZ_CLOSE_DETOUR","WZ_FLAGGER","WZ_LAW_OFFCR_IND","WZ_LN_CLOSURE","WZ_MOVING","WZ_OTHER","WZ_SHLDER_MDN","WZ_WORKERS_INJ_KILLED"
"2021121693","0858","1","0","0","0","0","0","0","0","0","1","0","","67","12","2021","5","39.95715","-75.152279","0834","6","0","0","0","0","0","0","0","0","","0","0","0","8","1","1","N","0","0","39 57:25.740","","0","75 09:08.205","3","0","0","0","67301","0","0","0","N","0","0","0","2","68K01","0","","1.0","","1","N","N","N","0","","1","0","0","0","0","","827","2","1","0","0","0","0","0","2","0","2","0","0","0","3","","","N","","","","","","","","","",""
"2021096101","0927","0","0","0","0","0","0","0","0","0","7","0","","67","10","2021","1","39.977506","-75.18979","0927","6","0","0","0","0","0","0","0","0","","0","0","0","9","1","0","N","0","0","39 58:39.022","","0","75 11:23.244","0","0","0","0","67301","0","0","0","N","0","0","0","1","67301","0","","1.0","","9","N","N","N","1","","0","0","0","0","0","","925","1","0","0","0","0","0","0","2","0","1","0","0","0","7","","","N","","","","","","","","","",""
"2021081858","1715","1","0","0","0","0","0","0","0","0","4","0","","67","8","2021","6","39.990944","-75.101578","1713","6","0","0","1","0","0","0","0","0","","0","0","0","17","1","1","","1","1","39 59:27.397","1","0","75 06:05.681","4","0","0","0","67301","0","0","0","N","0","0","0","3","67301","1","","1.0","1800.0","1","N","N","N","0","","0","0","1","3","2","N","1710","2","1","0","0","0","0","2","2","0","2","0","0","0","3","","","N","","","","","","","","","",""
"2021079849","0950","0","0","0","0","0","0","0","0","0","8","0","","67","8","2021","3","39.967953","-75.159383","0950","6","0","0","0","0","0","0","0","0","","0","0","0","9","1","1","N","0","2","39 58:04.630","3","0","75 09:33.780","3","0","0","0","67301","1","0","0","N","1","0","0","2","67301","0","","1.0","30.0","1","N","N","N","0","","1","0","0","0","0","Y","940","2","1","0","0","0","0","0","2","1","1","1","0","0","3","03","","N","","","","","","","","","",""
"2021079235","1156","1","0","0","0","0","0","0","0","0","4","0","","67","8","2021","2","40.030591","-75.146585","1153","6","0","0","0","0","0","1","0","0","","0","0","0","11","1","0","","1","0","40 01:50.128","","0","75 08:47.706","0","0","0","0","67301","0","0","0","N","0","0","0","2","67301","0","","1.0","","1","N","N","N","0","","0","0","1","3","2","","1139","2","0","0","0","0","0","0","2","0","2","0","0","0","3","03","","N","","","","","","","","","",""
"2021077920","0843","1","0","0","0","0","0","0","0","0","4","0","","67","8","2021","6","39.97359","-75.151918","0832","6","0","1","0","0","0","0","0","0","","0","0","0","8","1","1","","1","0","39 58:24.923","","0","75 09:06.904","3","0","0","0","67301","0","0","0","N","0","0","0","2","67301","0","","1.0","","9","N","N","N","0","","1","0","1","3","2","","829","2","1","0","0","0","0","0","2","0","2","0","0","0","7","04","","N","","","","","","","","","",""
"2021096262","0621","1","0","0","0","0","0","0","0","0","7","0","","67","10","2021","1","39.956647","-75.143386","0613","6","0","0","0","0","0","0","0","0","","0","0","0","6","2","0","N","0","1","39 57:23.930","3","0","75 08:36.188","0","0","0","0","67301","0","0","0","N","0","0","0","1","68K01","0","","4.0","625.0","9","N","N","N","0","","0","0","0","0","0","N","610","1","0","0","0","0","0","0","2","0","1","0","0","0","7","07","","N","","","","","","","","","",""
"2021096121","1730","2","0","0","0","0","0","0","0","0","5","0","","67","9","2021","3","40.003143","-75.077486","1726","6","0","0","0","0","0","1","0","0","","0","0","0","16","1","1","N","0","0","40 00:11.315","","0","75 04:38.950","3","0","0","0","67301","0","0","0","N","0","0","0","6","68K01","0","","1.0","","1","N","N","N","0","","1","0","0","0","0","","1654","3","1","0","0","0","0","0","2","1","3","0","0","0","3","","","N","","","","","","","","","",""
"2021096212","1321","1","0","0","0","0","0","0","0","0","1","1","","67","10","2021","5","39.921661","-75.190202","1318","6","0","0","0","0","0","1","0","0","","0","1","0","13","1","2","","5","2","39 55:17.980","3","8","75 11:24.727","8","0","0","0","67301","0","0","0","N","0","0","0","3","67301","0","","1.0","1350.0","1","N","N","N","0","","0","0","0","3","2","N","1310","2","2","0","0","0","2","0","2","0","2","0","0","0","3","","","N","","","","","","","","","",""
"2021097178","1405","0","0","0","0","0","0","1","0","0","1","1","","67","10","2021","1","39.977579","-75.182811","1355","6","0","0","0","0","0","0","0","0","","0","0","0","13","1","4","","1","0","39 58:39.286","","0","75 10:58.121","4","0","0","0","67301","0","0","0","N","0","0","0","6","67508","4","","1.0","","1","N","N","Y","0","","0","0","1","3","2","","1355","2","4","0","0","0","0","0","2","0","2","0","0","0","3","03","","N","","","","","","","","","",""
"2021097863","0409","0","0","0","0","0","0","0","0","0","7","0","","67","10","2021","3","39.996124","-75.082684","0408","6","0","0","0","0","0","0","0","0","","0","0","0","4","2","0","N","0","0","39 59:46.046","","0","75 04:57.664","0","0","0","0","67301","0","0","0","N","0","0","0","1","68K01","0","","3.0","","9","N","N","N","0","","0","0","1","0","0","","407","1","0","0","0","0","0","0","2","0","1","0","0","0","7","","","N","","","","","","","","","",""
"2021121717","0506","1","0","0","0","0","0","0","0","0","7","0","","67","12","2021","7","39.982068","-75.207425","0452","6","0","0","0","0","0","0","0","0","","0","0","0","4","3","1","N","0","1","39 58:55.446","4","0","75 12:26.731","8","0","0","0","67301","0","0","0","N","0","0","0","1","68K01","0","","3.0","500.0","9","N","N","N","0","","0","0","0","0","0","N","445","1","1","0","0","0","1","0","2","0","1","0","0","0","7","","","N","","","","","","","","","",""
"2021097271","1129","1","0","0","0","0","0","0","0","0","1","1","","67","10","2021","7","40.008805","-75.069374","1117","6","0","0","0","0","0","0","0","0","","0","1","0","11","1","0","N","0","1","40 00:31.699","2","3","75 04:09.747","0","0","0","0","67301","0","0","0","Y","0","0","0","2","68K01","0","","1.0","1255.0","1","N","N","N","0","","0","0","0","3","8","N","1116","2","0","0","0","0","0","0","2","0","2","0","0","0","3","","","N","","","","","","","","","",""
"2021054563","0946","2","0","0","0","0","0","0","0","0","1","0","","67","6","2021","2","40.002934","-75.222939","0942","6","0","0","0","0","0","0","0","0","","0","0","0","9","1","0","N","0","1","40 00:10.561","2","0","75 13:22.579","0","0","0","0","67301","0","0","0","N","0","0","0","3","46104","0","","1.0","1000.0","1","N","N","N","0","","0","0","1","0","0","N","941","3","0","0","0","0","0","0","2","0","3","0","0","0","3","","","N","","","","","","","","","",""
"2021097091","0302","2","0","0","0","0","0","0","0","0","1","0","","67","10","2021","1","40.034763","-75.071053","0259","6","0","0","0","0","0","0","0","0","","0","0","0","2","3","1","","11","0","40 02:05.146","","0","75 04:15.791","4","0","0","0","67301","0","0","0","N","0","0","0","1","67301","1","","1.0","","9","N","N","N","0","","0","0","0","3","2","","249","2","1","0","0","0","0","0","2","0","2","0","0","0","7","04","","N","","","","","","","","","",""
"2021096221","0416","2","0","0","0","0","0","0","0","0","1","0","","67","9","2021","1","40.006065","-75.074538","0416","6","0","0","0","0","1","0","0","0","","0","0","0","4","3","3","N","0","2","40 00:21.835","1","0","75 04:28.337","3","0","0","0","67301","0","0","0","N","0","0","0","4","68K01","0","","1.0","430.0","1","N","N","N","0","","1","0","0","0","0","N","405","2","3","0","0","0","2","0","2","0","2","0","0","0","3","","","N","","","","","","","","","",""
"2021096242","1328","1","0","0","0","0","0","0","0","0","1","0","","67","10","2021","4","40.050996","-74.989666","1305","6","0","0","0","0","0","1","0","0","","0","0","0","13","1","0","N","0","0","40 03:03.584","","0","74 59:22.799","0","0","0","0","67301","0","0","0","N","0","0","0","4","68K01","0","","3.0","","1","N","N","N","0","","0","0","1","0","0","","1301","2","0","0","0","0","0","0","2","0","2","0","0","0","3","","","N","","","","","","","","","",""
"2021096240","1124","1","0","0","0","0","0","0","0","0","5","1","","67","10","2021","4","40.007354","-75.199954","1115","6","0","0","0","0","0","2","0","0","","0","0","0","11","1","0","N","0","0","40 00:26.473","","0","75 11:59.833","0","0","0","0","67301","0","0","0","N","0","0","0","4","68K01","0","","3.0","","1","N","N","N","1","","0","0","0","0","0","","1113","2","0","0","0","0","0","0","2","0","2","0","0","0","3","","","N","","","","","","","","","",""
"2021099027","0731","0","0","0","0","0","0","0","0","0","4","0","","67","10","2021","1","39.926484","-75.235405","0729","6","0","0","0","0","0","0","0","0","","0","0","0","22","3","0","N","0","0","39 55:35.341","","0","75 14:07.459","9","0","0","0","67301","0","0","0","N","0","0","0","1","67301","0","","1.0","","1","N","N","N","0","","0","0","1","0","0","","2200","2","0","0","0","0","0","1","2","0","2","0","0","0","3","03","","N","","","","","","","","","",""
"2021097086","2210","2","0","0","0","0","0","0","0","0","4","0","","67","10","2021","2","39.964247","-75.200653","2206","6","0","0","0","0","0","0","0","0","","0","0","0","21","3","0","N","0","1","39 57:51.290","3","0","75 12:02.350","0","0","0","0","67301","0","0","0","N","0","0","0","1","67301","0","","1.0","2310.0","1","N","N","Y","0","","0","0","1","0","0","N","2132","3","0","0","0","0","0","0","2","0","3","0","0","0","3","03","","N","","","","","","","","","",""
"2021097706","1659","0","0","0","0","0","0","0","0","0","1","0","","67","10","2021","1","39.993477","-75.084644","1647","6","0","0","0","0","0","0","0","0","","0","0","0","16","1","0","N","0","0","39 59:36.516","","0","75 05:04.720","0","0","0","0","67301","0","0","0","N","0","0","0","5","68K01","0","","1.0","","1","N","N","N","0","","0","0","2","0","0","","1645","2","0","0","0","0","0","0","2","0","2","0","0","0","3","","","N","","","","","","","","","",""
"2021097355","1804","2","0","0","0","0","0","0","0","0","2","0","","67","10","2021","3","40.022698","-75.037428","1754","6","0","0","0","0","0","0","0","0","","0","0","0","17","1","1","N","0","2","40 01:21.713","5","0","75 02:14.742","4","0","0","0","67301","0","0","0","N","0","0","0","1","67301","1","","1.0","1910.0","1","N","N","N","0","","0","0","0","0","0","Y","1748","2","1","0","0","0","0","0","2","0","2","0","0","0","4","04","","N","","","","","","","","","",""
"2021121968","2226","1","0","0","0","0","0","0","0","0","7","0","","67","12","2021","1","39.897076","-75.189198","2213","6","0","0","0","1","0","0","0","0","","0","0","0","22","3","0","N","0","2","39 53:49.473","1","0","75 11:21.113","0","0","0","0","67301","0","0","0","N","0","0","0","1","68K01","0","","4.0","2245.0","1","N","N","N","0","","0","0","0","0","0","N","2212","1","0","0","0","0","0","0","2","0","1","0","0","0","3","","","N","","","","","","","","","",""
"2021097466","1418","0","0","0","0","0","0","0","0","0","1","0","","67","9","2021","5","40.007096","-75.199213","1409","6","0","0","0","0","0","0","0","0","","0","0","0","13","1","1","N","0","0","40 00:25.544","","0","75 11:57.168","4","0","0","0","67301","0","0","0","N","0","0","0","3","68K01","1","","1.0","","1","N","N","N","0","","0","0","2","0","0","","1352","2","1","0","0","0","0","0","2","0","2","0","0","0","3","","","N","","","","","","","","","",""
"2021098006","1710","2","0","0","0","0","0","0","0","0","4","0","","67","10","2021","5","40.05996","-75.049459","1702","6","0","0","0","1","0","0","0","0","","0","0","0","16","1","1","","1","0","40 03:35.856","","0","75 02:58.052","4","0","0","0","67301","0","0","0","N","0","0","0","2","67301","1","","1.0","","1","N","N","N","0","","0","0","0","3","3","","1655","2","1","0","0","0","0","0","2","0","2","0","0","0","3","03","","N","","","","","","","","","",""
"2021082957","1748","1","0","0","0","0","0","0","0","0","1","0","","67","4","2021","1","39.995495","-75.238745","1742","6","0","0","0","1","0","0","0","0","","0","0","0","17","1","0","Y","0","1","39 59:43.783","2","0","75 14:19.481","0","0","0","0","67301","0","0","0","N","0","0","0","5","46104","0","","1.0","1845.0","1","N","N","N","0","","0","0","1","3","2","N","1742","3","0","0","0","0","0","0","2","1","3","0","0","0","3","","","N","","","","","","","","","",""
"2021095952","1412","0","0","0","0","0","0","0","0","0","8","0","","67","10","2021","4","39.929718","-75.219641","1412","6","0","0","0","0","0","0","0","0","","0","0","0","14","1","1","N","0","2","39 55:46.984","6","0","75 13:10.709","3","0","0","0","67301","1","0","0","N","1","0","0","2","67301","0","","1.0","1440.0","1","N","N","N","1","","1","0","0","0","0","N","1412","2","1","0","0","0","0","0","2","0","1","1","0","0","3","","","N","","","","","","","","","",""
"2021097559","0201","1","0","0","0","0","0","0","0","0","4","0","","67","10","2021","6","39.994631","-75.094531","0158","6","0","0","0","0","0","0","0","0","","0","0","0","1","3","1","","1","0","39 59:40.673","","0","75 05:40.311","8","0","0","0","67301","0","0","0","N","0","0","0","1","67301","0","","1.0","","1","N","N","N","1","","0","0","0","3","2","","157","2","1","0","0","0","1","0","2","0","2","0","0","0","3","03","","N","","","","","","","","","",""
"2021075628","0525","1","0","0","1","0","0","0","0","0","8","0","","67","8","2021","4","40.061395","-74.993093","0524","6","0","0","0","0","0","1","0","0","","0","0","0","5","3","1","N","0","0","40 03:41.023","","0","74 59:35.136","3","0","0","0","67301","1","0","0","N","0","0","0","2","67301","0","","1.0","","1","N","N","N","0","","1","0","0","0","0","","520","2","1","0","0","0","0","0","2","0","1","1","0","0","3","03","","N","","","","","","","","","",""
"2021097884","0154","0","0","0","0","0","0","0","0","0","7","1","","67","10","2021","1","39.963862","-75.184267","0142","6","0","0","0","0","0","1","0","0","","0","1","0","1","3","0","N","7","2","39 57:49.902","4","2","75 11:03.361","0","0","0","0","67301","0","0","0","N","0","0","0","1","68K01","0","","2.0","400.0","9","N","N","N","0","","0","0","0","0","0","N","140","1","0","0","0","0","0","0","2","0","1","0","0","0","7","","","N","","","","","","","","","",""
"2021096406","1226","2","0","0","0","0","0","0","0","0","1","0","","67","9","2021","5","39.959923","-75.224883","1225","6","0","0","0","0","0","0","0","0","","0","0","0","12","1","1","","1","0","39 57:35.722","","0","75 13:29.578","3","0","0","0","67301","0","0","0","N","0","0","0","2","67301","0","","1.0","","9","N","N","N","0","","1","0","0","3","2","","1225","2","1","0","0","0","0","0","2","0","2","0","0","0","7","04","","N","","","","","","","","","",""
"2021120239","2312","1","0","0","0","0","0","0","0","0","4","0","","67","12","2021","4","40.057131","-75.008501","2312","6","0","0","0","0","0","0","0","0","","0","0","0","21","3","0","N","0","0","40 03:25.671","","0","75 00:30.604","0","0","0","0","67301","0","0","0","N","0","0","0","3","67301","0","","1.0","","99","N","N","N","0","","0","0","1","0","0","","2100","2","0","3","0","0","0","0","2","0","2","0","0","0","99","","","N","","","","","","","","","",""
"2021087589","1004","2","0","0","0","0","0","0","0","0","1","0","","67","8","2021","5","39.973572","-75.194035","0956","6","0","1","0","0","0","0","0","0","","0","0","0","9","1","1","N","0","2","39 58:24.859","3","0","75 11:38.526","8","0","0","0","67301","0","0","0","N","0","0","0","3","68K01","0","","1.0","1007.0","1","N","N","N","0","","0","0","0","0","0","N","954","2","1","0","0","0","1","0","2","0","2","0","0","0","3","","","N","","","","","","","","","",""
"2021078173","0105","1","0","0","0","0","0","0","0","0","4","0","","67","8","2021","6","39.994206","-75.107791","0104","6","0","0","0","0","0","0","0","0","","0","0","0","1","3","0","","1","0","39 59:39.142","","0","75 06:28.047","0","0","0","0","67301","0","0","0","N","0","0","0","2","67301","0","","1.0","","1","N","N","N","0","","0","0","0","3","2","","100","2","0","0","0","0","0","0","2","1","2","0","0","0","3","03","","N","","","","","","","","","",""
"2021121671","0943","0","0","0","0","0","0","0","0","0","5","0","","67","11","2021","6","39.948998","-75.141939","0933","6","0","0","0","0","0","0","0","0","","0","0","0","9","1","0","N","0","0","39 56:56.393","","0","75 08:30.980","9","0","0","0","67301","0","0","0","N","0","0","0","3","68K01","0","","1.0","","9","N","N","Y","1","","0","0","1","0","0","","929","3","0","0","0","0","0","1","2","0","3","0","0","0","7","07","","N","","","","","","","","","",""
"2021122733","0153","0","0","0","0","0","0","0","0","0","7","1","","67","12","2021","7","39.958292","-75.166054","0149","6","0","0","0","0","0","0","0","0","","0","1","0","1","3","0","N","0","0","39 57:29.852","","0","75 09:57.793","0","0","0","0","67301","0","0","0","N","0","0","0","1","68K01","0","","4.0","","9","N","N","N","0","","0","0","0","0","0","","147","1","0","0","0","0","0","0","2","0","1","0","0","0","7","","","N","","","","","","","","","",""
"2021121367","0852","1","0","0","0","0","0","0","0","0","1","0","","67","12","2021","5","39.912242","-75.148724","0833","6","0","0","0","0","0","1","0","0","","0","0","0","8","1","2","N","0","1","39 54:44.070","2","0","75 08:55.407","8","0","0","0","67301","0","0","0","N","0","0","0","4","68K01","0","","1.0","855.0","1","N","N","N","1","","0","0","0","3","8","N","831","2","2","0","0","0","2","0","2","0","2","0","0","0","3","","","N","","","","","","","","","",""
"2021097257","0644","1","0","0","0","0","0","0","0","0","1","0","","67","9","2021","4","39.960024","-75.179924","0631","6","0","0","0","0","0","0","0","0","","0","0","0","6","1","0","N","7","2","39 57:36.087","4","2","75 10:47.726","0","0","0","0","67301","0","0","0","N","0","0","0","2","68K01","0","","1.0","700.0","1","N","N","N","0","","0","0","1","0","0","N","627","2","0","0","0","0","0","0","2","0","2","0","0","0","3","","","N","","","","","","","","","",""
"2021096741","1127","0","0","0","0","0","0","0","0","0","4","0","","67","10","2021","2","40.044886","-75.080374","1123","6","0","0","0","0","0","0","0","0","","0","0","0","11","1","2","","1","0","40 02:41.591","","0","75 04:49.345","3","0","0","0","67301","0","0","0","N","0","0","0","2","67301","0","","1.0","","1","N","N","N","0","","2","0","2","3","2","","1120","2","2","0","0","0","0","0","2","0","2","0","0","0","4","04","","N","","","","","","","","","",""
"2021096120","1904","1","0","0","0","0","0","0","0","0","1","0","","67","9","2021","2","39.946758","-75.142349","1904","6","0","0","0","0","0","1","0","0","","0","0","0","19","3","1","N","0","1","39 56:48.330","2","0","75 08:32.455","3","0","0","0","67301","0","0","0","N","0","0","0","5","68K01","0","","1.0","2005.0","1","N","N","N","1","","1","0","1","0","0","Y","1904","4","1","0","0","0","0","0","2","1","4","0","0","0","3","","","N","","","","","","","","","",""
"2021096125","0249","1","0","0","0","0","0","0","0","0","1","0","45","67","10","2021","7","39.985078","-75.094668","0249","6","0","0","1","0","0","0","0","0","","0","0","0","2","3","2","N","0","1","39 59:06.281","2","0","75 05:40.805","3","0","0","0","67301","0","0","0","N","0","0","0","3","68K01","0","","1.0","350.0","1","N","N","N","0","","2","0","1","0","0","N","248","2","2","0","0","0","0","0","2","0","2","0","0","0","3","","Y","Y","4","1","N","N","Y","Y","Y","N","Y","N"
"2021095766","1708","1","0","0","0","0","0","0","0","0","5","0","","67","10","2021","6","39.990199","-75.184635","1701","6","0","0","0","0","0","0","1","0","","0","0","0","16","1","1","N","0","0","39 59:24.716","","0","75 11:04.686","3","0","0","0","67301","0","0","0","N","0","0","0","1","67301","0","","1.0","","1","N","N","N","0","","1","0","1","0","0","","1645","2","1","1","0","0","0","0","2","0","2","0","0","0","3","03","","N","","","","","","","","","",""
"2021096118","2014","1","0","0","0","0","0","0","0","0","5","0","","67","9","2021","7","39.982879","-75.098927","1956","6","0","0","0","0","0","0","0","0","","0","0","0","19","3","0","N","0","0","39 58:58.364","","0","75 05:56.138","0","0","0","0","67301","0","0","0","N","0","0","0","2","68K01","0","","1.0","","1","N","N","N","0","","0","0","1","0","0","","1951","2","0","0","0","0","0","0","2","0","2","0","0","0","3","","","N","","","","","","","","","",""
"2021097080","1812","1","0","0","0","0","0","0","0","0","5","0","","67","10","2021","3","40.034169","-75.145172","1810","6","0","0","0","0","0","0","0","0","","0","0","0","17","4","1","N","0","9","40 02:03.010","","0","75 08:42.620","8","0","0","0","67301","0","0","0","N","0","0","0","1","67301","0","","1.0","","1","N","N","N","1","","0","0","1","0","0","U","1743","3","1","0","0","0","1","0","2","0","3","0","0","0","3","03","","N","","","","","","","","","",""
"2021081235","1711","1","0","0","0","0","0","0","0","0","8","0","","67","8","2021","1","40.030129","-75.035161","1705","6","0","0","0","0","0","0","0","0","","0","0","0","17","1","1","","1","1","40 01:48.464","4","0","75 02:06.579","3","0","0","0","67301","1","0","0","N","1","0","0","2","67301","0","","1.0","1740.0","1","N","N","N","0","","1","0","0","3","2","N","1704","2","1","0","0","0","0","0","2","0","1","1","0","0","3","03","","N","","","","","","","","","",""
"2021057253","2000","1","0","0","1","0","0","0","0","0","8","0","","67","6","2021","4","40.031583","-75.046889","1950","6","0","0","0","0","0","0","0","0","","0","0","0","19","1","1","N","0","0","40 01:53.700","","0","75 02:48.800","3","0","0","0","67301","1","0","0","N","0","0","0","2","67301","0","","1.0","","1","N","N","N","0","","1","0","0","0","0","","1940","2","1","0","0","0","0","0","2","0","1","1","0","0","3","","","N","","","","","","","","","",""
"2021081945","2334","0","0","0","0","0","0","0","0","0","8","0","","67","8","2021","7","39.914518","-75.153803","2333","6","0","0","0","0","0","0","0","0","","0","0","0","22","3","1","N","0","0","39 54:52.264","","0","75 09:13.691","3","0","0","0","67301","1","0","0","N","1","0","0","1","67301","0","","1.0","","1","N","N","N","0","","1","0","0","3","2","","2230","2","1","0","0","0","0","0","2","0","1","1","0","0","3","03","","N","","","","","","","","","",""
"2021064322","1830","1","0","0","0","0","0","0","0","0","7","0","","67","6","2021","4","39.99163","-75.154969","1829","6","0","0","0","0","0","0","0","0","","0","0","0","18","1","0","N","0","0","39 59:29.867","","0","75 09:17.889","9","0","0","0","67301","0","0","0","N","0","0","0","1","67301","0","","3.0","","1","N","N","N","0","","0","0","0","0","0","","1827","1","0","0","0","0","0","1","2","0","1","0","0","0","3","03","","N","","","","","","","","","",""
"2021096124","0823","1","0","0","0","0","0","0","0","0","1","0","","67","9","2021","5","39.992038","-75.202186","0814","6","0","0","0","0","0","1","0","1","","0","1","0","8","1","1","N","0","1","39 59:31.338","3","0","75 12:07.871","3","0","0","0","67301","0","0","0","N","0","0","0","5","68K01","0","","1.0","845.0","1","N","N","N","0","","1","0","1","0","0","N","812","3","1","1","0","0","0","0","2","0","3","0","0","0","3","03","","N","","","","","","","","","",""
"2021096231","1238","0","0","0","0","0","0","0","0","0","1","0","","67","10","2021","1","39.89994","-75.160157","1204","6","0","0","0","0","0","0","0","0","","0","0","0","12","1","0","N","0","0","39 53:59.784","","0","75 09:36.566","0","0","0","0","67301","0","0","0","N","0","0","0","4","68K01","0","","1.0","","1","N","N","N","1","","0","0","1","0","0","","1202","2","0","0","0","0","0","0","2","0","2","0","0","0","3","03","","N","","","","","","","","","",""
"2021097834","0252","1","0","0","0","0","0","0","0","0","7","0","","67","9","2021","1","39.932948","-75.200029","0241","6","0","0","0","0","0","0","0","0","","0","0","0","2","3","0","N","0","0","39 55:58.612","","0","75 12:00.103","9","0","0","0","67301","0","0","0","N","0","0","0","1","68K01","0","","2.0","","1","N","N","N","0","","0","0","0","0","0","","240","1","0","0","0","0","0","1","2","0","1","0","0","0","3","","","N","","","","","","","","","",""
"2021042989","1830","1","0","0","0","0","0","0","0","0","5","0","","67","4","2021","5","40.059232","-75.132325","1825","6","0","0","0","0","0","0","0","1","","0","0","0","18","1","1","N","0","1","40 03:33.236","4","7","75 07:56.371","8","0","0","1","67301","0","0","0","N","0","0","0","3","46102","0","","1.0","1846.0","1","N","N","N","0","","0","0","0","0","0","N","1821","2","1","0","0","0","1","0","2","0","2","0","0","0","3","","","N","","","","","","","","","",""
"2021071056","1000","0","0","0","0","0","0","0","0","0","1","0","","67","6","2021","5","39.982711","-75.24126","0953","6","0","0","0","0","0","0","0","0","","0","0","0","9","1","2","N","0","1","39 58:57.761","4","0","75 14:28.536","3","0","0","0","67301","0","0","0","N","0","0","0","2","67301","0","","1.0","30.0","1","N","N","N","0","","2","0","3","0","0","N","938","3","2","0","0","0","0","0","2","0","3","0","0","0","3","","","N","","","","","","","","","",""
"2021097879","0040","0","0","0","0","0","0","0","0","0","7","0","","67","10","2021","7","40.007748","-75.201789","0034","6","0","0","0","0","0","0","0","0","","0","0","0","0","3","1","N","7","2","40 00:27.893","3","0","75 12:06.440","3","0","0","0","67301","0","0","0","Y","0","0","0","1","68K01","0","","2.0","113.0","1","N","N","N","1","","1","0","0","0","0","Y","32","1","1","0","0","0","0","0","2","0","1","0","0","0","3","","","N","","","","","","","","","",""
"2021096423","2018","1","0","0","0","0","0","0","0","0","5","0","","67","9","2021","3","39.970139","-75.12516","1950","6","0","0","0","0","0","0","0","0","","0","0","0","19","1","1","N","0","1","39 58:12.501","1","0","75 07:30.576","8","0","0","0","67301","0","0","0","N","0","0","0","2","68K01","0","","1.0","2030.0","1","N","N","N","0","","0","0","1","0","0","Y","1948","2","1","0","0","0","1","0","2","0","2","0","0","0","3","","","N","","","","","","","","","",""
"2021097563","0640","1","0","0","0","0","0","0","0","0","4","0","","67","10","2021","1","40.000018","-75.100307","0640","6","0","0","0","0","0","0","0","0","","0","0","0","16","1","1","","1","9","40 00:00.064","","0","75 06:01.105","8","0","0","0","67301","0","0","0","N","0","0","0","1","67301","0","","1.0","","1","N","N","N","0","","0","0","1","3","3","U","1630","2","1","0","0","0","1","0","2","0","2","0","0","0","99","","","N","","","","","","","","","",""
"2021096394","1745","0","0","0","1","1","0","0","0","0","8","0","","67","10","2021","3","40.026278","-75.09687","1744","6","0","0","0","0","0","0","0","0","","1","0","0","17","3","0","N","2","1","40 01:34.600","1","6","75 05:48.733","1","0","0","0","67301","1","1","0","N","0","0","0","2","67301","0","2","1.0","35.0","1","N","N","N","1","0","0","0","0","3","2","Y","1735","2","0","0","0","0","0","1","2","0","1","1","1","0","3","03","","N","","","","","","","","","",""