"CRN","ARRIVAL_TM","AUTOMOBILE_COUNT","BELTED_DEATH_COUNT","BELTED_SUSP_SERIOUS_INJ_COUNT","BICYCLE_COUNT","BICYCLE_DEATH_COUNT","BICYCLE_SUSP_SERIOUS_INJ_COUNT","BUS_COUNT","CHLDPAS_DEATH_COUNT","CHLDPAS_SUSP_SERIOUS_INJ_COUNT","COLLISION_TYPE","COMM_VEH_COUNT","CONS_ZONE_SPD_LIM","COUNTY","CRASH_MONTH","CRASH_YEAR","DAY_OF_WEEK","DEC_LATITUDE","DEC_LONGITUDE","DISPATCH_TM","DISTRICT","DRIVER_COUNT_16YR","DRIVER_COUNT_17YR","DRIVER_COUNT_18YR","DRIVER_COUNT_19YR","DRIVER_COUNT_20YR","DRIVER_COUNT_50_64YR","DRIVER_COUNT_65_74YR","DRIVER_COUNT_75PLUS","EST_HRS_CLOSED","FATAL_COUNT","HEAVY_TRUCK_COUNT","HORSE_BUGGY_COUNT","HOUR_OF_DAY","ILLUMINATION","INJURY_COUNT","INTERSECTION_RELATED","INTERSECT_TYPE","LANE_CLOSED","LATITUDE","LN_CLOSE_DIR","LOCATION_TYPE","LONGITUDE","MAX_SEVERITY_LEVEL","MCYCLE_DEATH_COUNT","MCYCLE_SUSP_SERIOUS_INJ_COUNT","MOTORCYCLE_COUNT","MUNICIPALITY","NONMOTR_COUNT","NONMOTR_DEATH_COUNT","NONMOTR_SUSP_SERIOUS_INJ_COUNT","NTFY_HIWY_MAINT","PED_COUNT","PED_DEATH_COUNT","PED_SUSP_SERIOUS_INJ_COUNT","PERSON_COUNT","POLICE_AGCY","POSSIBLE_INJ_COUNT","RDWY_SURF_TYPE_CD","RELATION_TO_ROAD","ROADWAY_CLEARED","ROAD_CONDITION","SCH_BUS_IND","SCH_ZONE_IND","SECONDARY_CRASH","SMALL_TRUCK_COUNT","SPEC_JURIS_CD","SUSP_MINOR_INJ_COUNT","SUSP_SERIOUS_INJ_COUNT","SUV_COUNT","TCD_FUNC_CD","TCD_TYPE","TFC_DETOUR_IND","TIME_OF_DAY","TOTAL_UNITS","TOT_INJ_COUNT","UNBELTED_OCC_COUNT","UNB_DEATH_COUNT","UNB_SUSP_SERIOUS_INJ_COUNT","UNK_INJ_DEG_COUNT","UNK_INJ_PER_COUNT","URBAN_RURAL","VAN_COUNT","VEHICLE_COUNT","VULNERABLE_ROAD_USER_COUNT","VULNERABLE_ROAD_USER_DEATH_COUNT","VULNERABLE_ROAD_USER_SER_INJ_COUNT","WEATHER1","WEATHER2","WORKERS_PRES","WORK_ZONE_IND","WORK_ZONE_LOC","WORK_ZONE_TYPE","WZ_CLOSE_DETOUR","WZ_FLAGGER","WZ_LAW_OFFCR_IND","WZ_LN_CLOSURE","WZ_MOVING","WZ_OTHER","WZ_SHLDER_MDN","WZ_WORKERS_INJ_KILLED"
"2021097076","1920","2","0","0","0","0","0","0","0","0","4","0","","67","10","2021","2","40.028662","-75.20553","1911","6","0","0","0","0","0","0","0","1","","0","0","0","18","3","2","","1","0","40 01:43.183","","0","75 12:19.909","4","0","0","0","67301","0","0","0","N","0","0","0","3","67301","2","","1.0","","1","N","N","N","0","","0","0","0","3","2","","1852","2","2","0","0","0","0","0","2","0","2","0","0","0","3","03","","N","","","","","","","","","",""
"2021097476","1535","1","0","0","0","0","0","0","0","0","7","0","","67","10","2021","7","39.941955","-75.143323","1530","6","0","0","0","0","0","0","0","0","","0","0","0","15","1","1","N","0","1","39 56:31.038","2","0","75 08:35.964","4","0","0","0","67301","0","0","0","N","0","0","0","2","68K01","1","","3.0","1600.0","1","N","N","N","0","","0","0","0","0","0","N","1527","1","1","0","0","0","0","0","2","0","1","0","0","0","3","","","N","","","","","","","","","",""
"2021097929","1745","0","0","0","0","0","0","0","0","0","8","0","","67","10","2021","3","39.959923","-75.224883","1745","6","0","0","0","0","0","0","0","0","","0","0","0","21","3","1","","1","0","39 57:35.722","","0","75 13:29.578","2","0","0","0","67301","1","0","1","N","1","0","1","1","67301","0","","1.0","","1","N","N","N","0","","0","1","0","3","2","","2130","2","1","0","0","0","0","0","2","0","1","1","0","1","4","03","","N","","","","","","","","","",""
"2021081818","2130","0","0","0","0","0","0","0","0","0","0","0","","67","8","2021","2","39.973507","-75.119036","2129","6","0","0","0","0","0","0","0","0","","0","0","0","21","3","1","N","0","0","39 58:24.625","","0","75 07:08.531","3","0","0","1","67301","0","0","0","N","0","0","0","1","67301","0","","1.0","","1","N","N","N","0","","1","0","0","0","0","","2126","1","1","0","0","0","0","0","2","0","1","0","0","0","3","","","N","","","","","","","","","",""
"2021064272","1638","2","0","0","0","0","0","0","0","0","4","0","","67","6","2021","4","40.035385","-75.049764","1634","6","0","0","0","0","0","0","0","0","","0","0","0","16","1","0","","1","0","40 02:07.385","","0","75 02:59.150","0","0","0","0","67301","0","0","0","N","0","0","0","3","67301","0","","1.0","","1","N","N","N","0","","0","0","0","3","2","","1630","2","0","0","0","0","0","0","2","0","2","0","0","0","3","","","N","","","","","","","","","",""
"2021054654","1516","1","0","0","0","0","0","0","0","0","1","0","55","67","6","2021","6","39.972509","-75.122112","1433","6","0","0","0","0","0","1","0","0","","0","0","0","14","1","1","N","0","0","39 58:21.031","","3","75 07:19.602","4","0","0","0","67301","0","0","0","N","0","0","0","4","68K01","1","","1.0","","9","N","N","N","0","","0","0","1","0","0","","1420","2","1","0","0","0","0","0","2","0","2","0","0","0","7","","N","Y","4","1","","","N","","","","Y","N"
"2021081067","1245","1","0","0","0","0","0","0","0","0","2","0","","67","8","2021","7","39.958843","-75.247527","1241","6","0","0","0","0","0","0","0","0","","0","0","0","12","1","1","N","0","0","39 57:31.835","","0","75 14:51.097","4","0","0","0","67301","0","0","0","N","0","0","0","1","67301","1","","1.0","","1","N","N","N","0","","0","0","2","0","0","","1239","3","1","0","0","0","0","0","2","0","3","0","0","0","3","03","","N","","","","","","","","","",""
"2021098185","2115","0","0","0","0","0","0","0","0","0","3","0","","67","10","2021","4","39.960566","-75.229884","2022","6","0","0","0","0","0","0","0","0","","0","1","0","20","3","0","N","0","0","39 57:38.037","","0","75 13:47.581","0","0","0","0","67301","0","0","0","N","0","0","0","2","67301","0","","1.0","","1","N","N","N","0","","0","0","1","0","0","","2022","2","0","0","0","0","0","0","2","0","2","0","0","0","3","","","N","","","","","","","","","",""
"2021081325","1039","2","0","0","0","0","0","0","0","0","4","0","","67","8","2021","1","40.040306","-75.058571","1035","6","0","0","0","0","0","0","0","0","","0","0","0","10","1","1","N","1","0","40 02:25.101","","0","75 03:30.855","8","0","0","0","67301","0","0","0","N","0","0","0","2","67301","0","","1.0","","1","N","N","N","0","","0","0","0","3","2","","1033","2","1","0","0","0","1","0","2","0","2","0","0","0","3","","","N","","","","","","","","","",""
"2021081636","2326","3","0","0","0","0","0","0","0","0","1","0","","67","8","2021","2","40.005987","-75.074638","2313","6","0","0","0","0","0","1","0","0","","0","0","0","23","3","0","N","0","1","40 00:21.553","1","0","75 04:28.696","0","0","0","0","67301","0","0","0","N","0","0","0","4","68K01","0","","1.0","2345.0","1","N","N","N","0","","0","0","1","0","0","N","2313","4","0","0","0","0","0","0","2","0","4","0","0","0","3","","","N","","","","","","","","","",""
"2021058885","1822","2","0","0","0","0","0","0","0","0","1","0","","67","6","2021","4","40.021401","-75.041562","1743","6","0","0","0","0","0","0","0","0","","0","0","0","17","1","1","N","0","0","40 01:17.044","","2","75 02:29.623","8","0","0","0","67301","0","0","0","N","0","0","0","3","68K01","0","","1.0","","1","N","N","N","0","","0","0","1","0","0","","1742","3","1","0","0","0","1","0","2","0","3","0","0","0","3","03","","N","","","","","","","","","",""
"2021053588","1842","1","0","0","0","0","0","0","0","0","7","0","","67","6","2021","3","39.908569","-75.248392","1842","6","0","0","0","0","0","0","0","0","","0","0","0","18","1","0","N","0","0","39 54:30.850","","0","75 14:54.210","0","0","0","0","67301","0","0","0","N","0","0","0","1","67301","0","","5.0","","9","N","Y","N","0","","0","0","0","0","0","","1817","1","0","0","0","0","0","0","2","0","1","0","0","0","7","04","","N","","","","","","","","","",""
"2021064333","1210","1","0","0","0","0","0","0","0","0","7","0","","67","6","2021","3","40.002694","-75.10595","1207","6","0","0","0","0","0","0","0","0","","0","0","0","12","1","2","N","0","0","40 00:09.700","","0","75 06:21.420","3","0","0","0","67301","0","0","0","N","0","0","0","2","67301","0","","4.0","","1","N","N","N","0","","1","0","0","0","0","","1200","1","2","2","0","0","1","0","2","0","1","0","0","0","3","03","","N","","","","","","","","","",""
"2021055240","2135","1","0","0","0","0","0","0","0","0","8","0","","67","6","2021","2","39.995168","-75.112208","2130","6","0","0","0","0","0","0","0","0","","0","0","0","21","3","1","","1","0","39 59:42.604","","0","75 06:43.950","2","0","0","0","67301","1","0","1","N","1","0","1","2","67301","0","","1.0","","9","N","N","N","0","","0","1","0","3","2","","2130","2","1","0","0","0","0","0","2","0","1","1","0","1","7","","","N","","","","","","","","","",""
"2021055881","1500","1","0","0","0","0","0","0","0","0","8","0","","67","6","2021","2","40.029502","-75.146713","1500","6","0","0","0","0","0","0","0","0","","0","0","0","23","6","1","","1","0","40 01:46.206","","0","75 08:48.166","8","0","0","0","67301","1","0","0","N","1","0","0","2","67301","0","","1.0","","99","N","N","N","0","","0","0","0","3","2","","2300","2","1","1","0","0","1","1","2","0","1","1","0","0","99","","","N","","","","","","","","","",""
"2021097229","0800","2","0","0","0","0","0","0","0","0","4","0","","67","10","2021","3","40.00468","-75.152126","0751","6","0","0","1","0","0","0","0","0","","0","0","0","7","1","0","","1","0","40 00:16.847","","99","75 09:07.652","9","0","0","0","67301","0","0","0","N","0","0","0","2","67505","0","","1.0","","1","N","N","N","0","","0","0","0","3","2","","751","2","0","0","0","0","0","2","2","0","2","0","0","0","3","03","","N","","","","","","","","","",""
"2021087737","0137","1","0","0","0","0","0","0","0","0","7","0","","67","9","2021","1","39.995664","-75.154236","0133","6","0","0","0","0","0","0","0","0","","0","0","0","1","3","4","N","0","0","39 59:44.391","","0","75 09:15.250","3","0","0","0","67301","0","0","0","N","0","0","0","4","67301","0","","5.0","","1","N","N","N","0","","2","0","0","3","2","","111","1","4","0","0","0","2","0","2","0","1","0","0","0","3","03","","N","","","","","","","","","",""
"2021053591","0244","1","0","0","0","0","0","0","0","0","2","0","","67","6","2021","5","39.93695","-75.218181","0244","6","0","0","0","0","0","1","0","0","","0","0","0","2","3","1","N","0","0","39 56:13.020","","0","75 13:05.450","4","0","0","0","67301","0","0","0","N","0","0","0","1","67301","1","","6.0","","1","N","N","N","0","","0","0","1","0","0","","244","3","1","0","0","0","0","0","2","1","3","0","0","0","3","03","","N","","","","","","","","","",""
"2021055236","1105","0","0","0","0","0","0","0","0","0","1","0","","67","6","2021","3","40.041936","-75.188861","1104","6","0","0","0","0","0","0","0","0","","0","0","0","10","1","0","N","0","0","40 02:30.970","","0","75 11:19.900","0","0","0","0","67301","0","0","0","N","0","0","0","2","67301","0","","1.0","","1","N","N","N","0","","0","0","2","0","0","","1036","2","0","0","0","0","0","0","2","0","2","0","0","0","3","03","","N","","","","","","","","","",""
"2021054466","0059","0","0","0","1","0","0","0","0","0","8","0","","67","6","2021","1","39.95577","-75.15905","0052","6","0","0","0","0","0","0","0","0","","0","0","0","0","3","1","","1","0","39 57:20.771","","0","75 09:32.581","3","0","0","0","67301","1","0","0","N","0","0","0","2","67301","0","","1.0","","1","N","N","N","0","","1","0","1","3","2","","48","2","1","0","0","0","0","0","2","0","1","1","0","0","3","03","","N","","","","","","","","","",""
"2021078972","1850","1","0","0","0","0","0","0","0","0","8","0","","67","8","2021","6","39.942033","-75.227078","1842","6","0","0","0","0","0","0","0","0","","0","0","0","18","1","1","N","0","0","39 56:31.320","","0","75 13:37.480","4","0","0","0","67301","1","0","0","N","1","0","0","2","67301","1","","1.0","","1","N","N","N","0","","0","0","0","0","0","","1838","2","1","0","0","0","0","0","2","0","1","1","0","0","3","03","","N","","","","","","","","","",""
"2021053528","1440","1","0","0","0","0","0","0","0","0","7","0","","67","6","2021","3","39.912639","-75.170167","1431","6","0","0","0","0","0","0","0","0","","0","0","0","14","1","0","N","0","1","39 54:45.500","3","2","75 10:12.600","0","0","0","0","67301","0","0","0","N","0","0","0","1","67501","0","","4.0","1442.0","9","N","N","N","0","","0","0","0","0","0","N","1431","1","0","0","0","0","0","0","2","0","1","0","0","0","3","03","","N","","","","","","","","","",""
"2021054215","0915","1","0","0","0","0","0","0","0","0","4","0","","67","6","2021","7","40.093335","-74.962074","0914","6","0","0","0","0","0","1","0","1","","0","0","0","8","1","1","","2","0","40 05:36.005","","7","74 57:43.465","3","0","0","0","67301","0","0","0","N","0","0","0","2","67301","0","","1.0","","1","N","N","N","0","","1","0","1","3","2","","845","2","1","0","0","0","0","0","2","0","2","0","0","0","3","04","","N","","","","","","","","","",""
"2021082470","0524","1","0","0","0","0","0","0","0","0","7","0","","67","9","2021","4","39.957126","-75.152369","0523","6","0","0","0","0","0","0","0","0","","0","0","0","5","3","2","N","0","1","39 57:25.653","4","0","75 09:08.529","3","0","0","0","67301","0","0","0","N","0","0","0","2","68K01","0","","2.0","623.0","9","N","N","N","0","","2","0","0","0","0","N","516","1","2","0","0","0","0","0","2","0","1","0","0","0","7","","","N","","","","","","","","","",""
"2021053669","1820","2","0","0","0","0","0","0","0","0","4","0","","67","6","2021","3","40.028683","-75.117741","1815","6","0","0","0","0","0","0","0","0","","0","0","0","16","1","1","","1","0","40 01:43.257","","0","75 07:03.868","8","0","0","0","67301","0","0","0","N","0","0","0","2","67301","0","","1.0","","1","N","N","N","0","","0","0","0","3","2","","1605","3","1","0","0","0","1","1","2","1","3","0","0","0","3","","","N","","","","","","","","","",""
"2021080684","1905","1","0","0","0","0","0","1","0","0","4","1","","67","8","2021","6","39.959725","-75.19521","1901","6","0","0","0","0","0","0","0","0","","0","0","0","18","1","1","","1","2","39 57:35.010","6","0","75 11:42.756","4","0","0","0","67301","0","0","0","N","0","0","0","3","67507","1","","1.0","1931.0","1","Y","N","N","0","","0","0","0","3","3","Y","1855","2","1","0","0","0","0","0","2","0","2","0","0","0","3","03","","N","","","","","","","","","",""
"2021055770","0954","1","0","0","0","0","0","0","0","0","4","0","","67","6","2021","5","39.96766","-75.230084","0952","6","0","0","0","0","0","0","1","0","","0","0","0","9","1","2","","1","2","39 58:03.576","5","0","75 13:48.302","3","0","0","0","67301","0","0","0","N","0","0","0","2","67301","1","","1.0","1150.0","1","N","N","N","0","","1","0","1","3","3","N","952","3","2","0","0","0","0","0","2","1","3","0","0","0","3","03","","N","","","","","","","","","",""
"2021053765","2050","2","0","0","0","0","0","0","0","0","1","0","","67","6","2021","5","40.07445","-75.169119","2045","6","0","0","2","0","0","0","0","0","","0","0","0","20","4","0","N","0","2","40 04:28.020","1","0","75 10:08.830","0","0","0","0","67301","0","0","0","N","0","0","0","2","67301","0","","1.0","2110.0","1","N","N","N","1","","0","0","3","0","0","Y","2030","6","0","0","0","0","0","0","2","0","6","0","0","0","3","03","","N","","","","","","","","","",""
"2021057502","0246","2","0","0","0","0","0","0","0","0","4","0","","67","6","2021","7","39.977768","-75.21345","0244","6","0","0","0","0","0","0","0","0","","0","0","0","2","3","2","","1","0","39 58:39.965","","0","75 12:48.419","8","0","0","0","67301","0","0","0","N","0","0","0","4","67301","0","","1.0","","1","N","N","N","0","","0","0","1","3","2","","235","3","2","1","0","0","2","1","2","0","3","0","0","0","3","03","","N","","","","","","","","","",""
"2021053573","1049","0","0","0","0","0","0","0","0","0","1","0","","67","6","2021","4","39.958657","-75.137628","1042","6","0","0","0","0","0","1","0","0","","0","0","0","10","1","1","N","0","0","39 57:31.166","","0","75 08:15.461","3","0","0","0","67301","0","0","0","N","0","0","0","2","67301","0","","1.0","","1","N","N","N","0","","1","0","0","0","0","","1020","2","1","0","0","0","0","0","2","2","2","0","0","0","3","03","","N","","","","","","","","","",""
"2021096477","2031","0","0","0","0","0","0","0","0","0","8","0","","67","9","2021","3","39.992015","-75.139259","2031","6","0","0","0","0","0","0","0","0","","0","0","0","20","3","1","","1","0","39 59:31.253","","0","75 08:21.331","2","0","0","0","67301","1","0","1","N","1","0","1","1","67301","0","","1.0","","1","N","N","N","0","","0","1","0","0","0","","2031","2","1","0","0","0","0","0","2","0","1","1","0","1","3","03","","N","","","","","","","","","",""
"2021064295","1603","1","0","0","0","0","0","0","0","0","7","0","","67","6","2021","4","39.952333","-75.234639","1603","6","0","0","0","0","0","0","0","0","","0","0","0","16","1","0","N","0","1","39 57:08.400","1","0","75 14:04.700","0","0","0","0","67301","0","0","0","N","0","0","0","1","67301","0","","5.0","1730.0","1","N","N","Y","0","","0","0","0","0","0","N","1600","2","0","0","0","0","0","0","2","1","2","0","0","0","3","03","","N","","","","","","","","","",""
"2021056463","1625","2","0","0","0","0","0","0","0","0","1","0","","67","6","2021","2","39.965603","-75.186072","1622","6","0","0","0","0","0","0","0","0","","0","0","0","16","1","0","N","0","0","39 57:56.169","","0","75 11:09.859","0","0","0","0","67301","0","0","0","N","0","0","0","5","68K01","0","","1.0","","1","N","N","N","0","","0","0","1","0","0","","1610","3","0","0","0","0","0","0","2","0","3","0","0","0","3","","","N","","","","","","","","","",""
"2021057152","1925","1","0","0","0","0","0","0","0","0","4","0","","67","6","2021","5","39.984246","-75.114514","1919","6","0","0","0","1","0","0","0","0","","0","0","0","19","1","0","","1","0","39 59:03.287","","0","75 06:52.252","9","0","0","0","67301","0","0","0","N","0","0","0","2","67301","0","","1.0","","1","N","N","N","0","","0","0","1","3","3","","1914","2","0","0","0","0","0","1","2","0","2","0","0","0","3","03","","N","","","","","","","","","",""
"2021055235","1210","0","0","0","0","0","0","0","0","0","7","0","","67","6","2021","1","40.088726","-75.034133","1200","6","0","0","0","0","0","0","0","0","","0","0","0","12","1","2","N","0","0","40 05:19.412","","0","75 02:02.877","3","0","0","0","67301","0","0","0","N","0","0","0","2","67301","1","","4.0","","1","N","N","N","0","","1","0","1","0","0","","1200","1","2","0","0","0","0","0","2","0","1","0","0","0","3","","","N","","","","","","","","","",""
"2021121913","2209","2","0","0","0","0","0","0","0","0","1","0","","67","12","2021","1","39.993104","-75.084918","2204","6","0","1","0","0","0","0","0","0","","0","0","0","22","3","1","N","0","1","39 59:35.175","1","0","75 05:05.704","8","0","0","0","67301","0","0","0","N","0","0","0","2","68K01","0","","1.0","2306.0","1","N","N","N","0","","0","0","0","0","0","N","2203","2","1","1","0","0","1","0","2","0","2","0","0","0","3","","","N","","","","","","","","","",""
"2021096220","0108","1","0","0","0","0","0","0","0","0","7","0","","67","9","2021","7","40.041293","-75.004796","0055","6","0","0","0","0","0","0","0","0","","0","0","0","23","3","0","N","0","0","40 02:28.654","","0","75 00:17.265","0","0","0","0","67301","0","0","0","N","0","0","0","1","68K01","0","","5.0","","1","N","N","N","0","","0","0","0","0","0","","2306","1","0","0","0","0","0","0","2","0","1","0","0","0","3","03","","N","","","","","","","","","",""
"2021080774","1640","0","0","0","0","0","0","0","0","0","7","0","","67","8","2021","6","40.10707","-74.995835","1629","6","0","0","0","0","0","0","0","0","","0","0","0","16","1","0","N","0","0","40 06:25.451","","0","74 59:45.006","0","0","0","0","67301","0","0","0","N","0","0","0","2","67301","0","","2.0","","1","N","N","N","0","","0","0","1","0","0","","1612","1","0","0","0","0","0","0","2","0","1","0","0","0","3","03","","N","","","","","","","","","",""
"2021080763","0253","1","0","0","0","0","0","0","0","0","8","0","","67","8","2021","7","40.031738","-75.168166","0251","6","0","0","0","0","0","0","0","0","","0","0","0","2","3","1","N","0","0","40 01:54.256","","0","75 10:05.399","3","0","0","0","67301","1","0","0","N","1","0","0","2","67301","0","","1.0","","9","N","N","N","0","","1","0","0","0","0","","245","2","1","0","0","0","0","1","2","0","1","1","0","0","7","","","N","","","","","","","","","",""
"2021055387","1603","2","0","0","0","0","0","0","0","0","1","0","","67","6","2021","3","40.111233","-75.01925","1559","6","0","0","0","0","0","0","0","1","","0","0","0","15","1","2","N","0","0","40 06:40.440","","0","75 01:09.300","3","0","0","0","67301","0","0","0","N","0","0","0","2","67301","0","","6.0","","1","N","N","Y","0","","1","0","0","0","0","","1515","2","2","0","0","0","1","0","2","0","2","0","0","0","3","","","N","","","","","","","","","",""
"2021064381","0342","1","0","0","0","0","0","0","0","0","1","0","","67","6","2021","4","40.022719","-75.148198","0341","6","0","0","0","0","0","0","0","0","","0","0","0","3","3","0","","5","1","40 01:21.790","1","0","75 08:53.512","0","0","0","0","67301","0","0","0","N","0","0","0","4","67301","0","","1.0","433.0","1","N","N","N","0","","0","0","1","3","2","Y","339","2","0","4","0","0","0","0","2","0","2","0","0","0","3","03","","N","","","","","","","","","",""
"2021087741","1055","0","0","0","0","0","0","0","0","0","7","0","25","67","9","2021","4","40.015238","-75.1699","1053","6","0","0","1","0","0","0","0","0","","0","0","0","10","1","1","","1","2","40 00:54.856","3","0","75 10:11.639","3","0","0","0","67301","0","0","0","N","0","0","0","1","67301","0","","4.0","1125.0","1","N","N","N","0","","1","0","1","3","2","Y","1053","1","1","0","0","0","0","0","2","0","1","0","0","0","3","","Y","Y","4","2","N","N","Y","N","Y","N","Y","N"
"2021059417","2047","1","0","0","0","0","0","0","0","0","5","0","","67","6","2021","7","40.017728","-75.086481","2045","6","0","0","0","0","0","0","0","0","","0","0","0","20","3","1","N","0","2","40 01:03.820","2","0","75 05:11.330","3","0","0","0","67301","0","0","0","N","0","0","0","2","67301","0","","6.0","2145.0","1","N","N","N","0","","1","0","1","0","0","Y","2044","2","1","0","0","0","0","0","2","0","2","0","0","0","3","","","N","","","","","","","","","",""
"2021055238","0015","2","0","0","0","0","0","0","0","0","6","0","","67","6","2021","7","39.994115","-75.155922","0014","6","0","0","0","0","0","1","0","0","","0","0","0","23","3","2","N","0","0","39 59:38.815","","0","75 09:21.319","8","0","0","0","67301","0","0","0","N","0","0","0","3","67301","0","","1.0","","1","N","N","N","0","","0","0","0","0","0","","2345","2","2","0","0","0","2","1","2","0","2","0","0","0","3","03","","N","","","","","","","","","",""
"2021081015","1445","3","0","0","0","0","0","0","0","0","5","0","","67","8","2021","6","39.922098","-75.152029","1430","6","0","0","0","0","0","0","1","0","","0","0","0","14","1","1","N","0","1","39 55:19.552","4","0","75 09:07.305","3","0","0","0","67301","0","0","0","N","0","0","0","1","67301","0","","6.0","1530.0","9","N","N","N","0","","1","0","0","0","0","Y","1420","3","1","0","0","0","0","0","2","0","3","0","0","0","7","04","","N","","","","","","","","","",""
"2021064242","0848","0","0","0","0","0","0","0","0","0","4","0","","67","6","2021","3","40.065889","-75.176518","0840","6","0","0","0","0","0","1","0","0","","0","0","0","8","1","0","","1","0","40 03:57.202","","0","75 10:35.464","0","0","0","0","67301","0","0","0","N","0","0","0","2","67301","0","","1.0","","1","N","N","N","0","","0","0","2","3","3","","839","2","0","0","0","0","0","0","2","0","2","0","0","0","3","03","","N","","","","","","","","","",""
"2021053769","1126","1","0","0","0","0","0","0","0","0","4","0","","67","6","2021","6","39.994145","-75.156155","1117","6","0","0","0","0","0","0","0","0","","0","0","0","11","1","1","","1","0","39 59:38.922","","0","75 09:22.157","3","0","0","0","67301","0","0","0","N","0","0","0","3","67301","0","","1.0","","9","N","N","N","0","","1","0","0","3","2","","1110","2","1","0","0","0","0","0","2","1","2","0","0","0","7","07","","N","","","","","","","","","",""
"2021087300","1600","1","0","0","0","0","0","0","0","0","4","0","","67","9","2021","4","40.094139","-75.014586","1600","6","0","0","0","0","1","0","1","0","","0","0","0","15","1","1","N","0","1","40 05:38.900","3","7","75 00:52.510","3","0","0","0","67301","0","0","0","N","0","0","0","3","67301","0","","1.0","1630.0","1","N","N","N","1","","1","0","1","0","0","N","1555","3","1","0","0","0","0","0","2","0","3","0","0","0","3","03","","N","","","","","","","","","",""
"2021055765","0034","2","0","0","0","0","0","0","0","0","5","0","","67","6","2021","4","40.034327","-75.074953","0034","6","0","0","0","0","0","0","0","0","","0","0","0","0","3","2","","5","0","40 02:03.577","","0","75 04:29.830","3","0","0","0","67301","0","0","0","N","0","0","0","2","67301","1","","1.0","","1","N","N","N","0","","1","0","0","3","2","","30","2","2","0","0","0","0","0","2","0","2","0","0","0","3","03","","N","","","","","","","","","",""
"2021081864","2244","1","0","0","0","0","0","0","0","0","1","0","","67","7","2021","5","40.018634","-75.047299","2233","6","0","0","0","0","0","0","0","0","","0","0","0","22","3","1","N","0","1","40 01:07.081","2","0","75 02:50.277","8","0","0","0","67301","0","0","0","N","0","0","0","2","68K01","0","","1.0","30.0","1","N","N","N","1","","0","0","0","0","0","N","2215","2","1","0","0","0","1","0","2","0","2","0","0","0","3","03","","N","","","","","","","","","",""
"2021057703","0955","2","0","0","0","0","0","0","0","0","4","0","","67","6","2021","6","40.066748","-75.178014","0955","6","0","0","0","0","1","0","0","0","","0","0","0","18","1","1","","1","0","40 04:00.293","","0","75 10:40.850","4","0","0","0","67301","0","0","0","N","0","0","0","3","67301","1","","1.0","","99","N","N","N","0","","0","0","0","3","2","","1800","2","1","3","0","0","0","2","2","0","2","0","0","0","99","","","N","","","","","","","","","",""
"2021056448","2338","0","0","0","0","0","0","0","0","0","5","0","","67","6","2021","4","39.899065","-75.173959","2325","6","0","0","0","0","0","0","0","0","","0","0","0","22","3","0","","7","1","39 53:56.633","2","2","75 10:26.251","0","0","0","0","67301","0","0","0","N","0","0","0","2","68K01","0","","7.0","46.0","1","N","N","N","0","","0","0","1","0","0","N","2236","2","0","0","0","0","0","0","2","1","2","0","0","0","3","","","N","","","","","","","","","",""
"2021071061","1927","1","0","0","1","0","0","0","0","0","8","0","","67","6","2021","2","39.965831","-75.233904","1927","6","0","0","0","0","0","0","0","0","","0","0","0","18","1","1","","1","0","39 57:56.991","","0","75 14:02.054","3","0","0","0","67301","1","0","0","N","0","0","0","2","67301","0","","1.0","","1","N","N","N","0","","1","0","0","3","2","","1840","2","1","0","0","0","0","0","2","0","1","1","0","0","3","03","","N","","","","","","","","","",""
"2021055392","2234","1","0","0","0","0","0","0","0","0","4","0","","67","6","2021","7","40.021294","-75.160219","2234","6","0","0","0","0","0","0","1","0","","0","0","0","22","3","4","","1","1","40 01:16.660","2","0","75 09:36.790","4","0","0","0","67301","0","0","0","N","0","0","0","5","67301","1","","1.0","130.0","1","N","N","N","0","","0","0","1","3","2","Y","2234","2","4","0","0","0","3","1","2","0","2","0","0","0","3","","","N","","","","","","","","","",""
"2021053678","0730","0","0","0","0","0","0","0","0","0","4","0","","67","6","2021","5","40.01224","-75.150481","0725","6","0","0","0","0","0","0","0","1","","0","0","0","6","1","1","","1","0","40 00:44.064","","0","75 09:01.733","3","0","0","1","67301","0","0","0","N","0","0","0","2","67301","0","","1.0","","1","N","N","N","1","","1","0","0","3","2","","637","2","1","1","0","0","0","0","2","0","2","0","0","0","3","03","","N","","","","","","","","","",""
"2021056727","2344","0","0","0","0","0","0","0","0","0","7","0","","67","6","2021","4","39.951617","-75.141004","2338","6","0","0","0","0","0","0","0","0","","0","0","0","23","3","0","N","0","2","39 57:05.820","1","0","75 08:27.615","0","0","0","0","67301","0","0","0","N","0","0","0","1","68K01","0","","4.0","10.0","1","N","N","N","0","","0","0","1","0","0","N","2331","1","0","0","0","0","0","0","2","0","1","0","0","0","3","","","N","","","","","","","","","",""
"2021064345","1525","0","0","0","0","0","0","0","0","0","2","0","","67","6","2021","7","40.002233","-75.120853","1525","6","0","0","0","0","0","1","0","0","","0","0","0","18","1","2","N","0","0","40 00:08.040","","0","75 07:15.070","8","0","0","2","67301","0","0","0","N","0","0","0","3","67301","0","","1.0","","99","N","N","N","0","","0","0","1","0","0","","1822","3","2","0","0","0","2","1","2","0","3","0","0","0","99","03","","N","","","","","","","","","",""