"CRN","ARRIVAL_TM","AUTOMOBILE_COUNT","BELTED_DEATH_COUNT","BELTED_SUSP_SERIOUS_INJ_COUNT","BICYCLE_COUNT","BICYCLE_DEATH_COUNT","BICYCLE_SUSP_SERIOUS_INJ_COUNT","BUS_COUNT","CHLDPAS_DEATH_COUNT","CHLDPAS_SUSP_SERIOUS_INJ_COUNT","COLLISION_TYPE","COMM_VEH_COUNT","CONS_ZONE_SPD_LIM","COUNTY","CRASH_MONTH","CRASH_YEAR","DAY_OF_WEEK","DEC_LATITUDE","DEC_LONGITUDE","DISPATCH_TM","DISTRICT","DRIVER_COUNT_16YR","DRIVER_COUNT_17YR","DRIVER_COUNT_18YR","DRIVER_COUNT_19YR","DRIVER_COUNT_20YR","DRIVER_COUNT_50_64YR","DRIVER_COUNT_65_74YR","DRIVER_COUNT_75PLUS","EST_HRS_CLOSED","FATAL_COUNT","HEAVY_TRUCK_COUNT","HORSE_BUGGY_COUNT","HOUR_OF_DAY","ILLUMINATION","INJURY_COUNT","INTERSECTION_RELATED","INTERSECT_TYPE","LANE_CLOSED","LATITUDE","LN_CLOSE_DIR","LOCATION_TYPE","LONGITUDE","MAX_SEVERITY_LEVEL","MCYCLE_DEATH_COUNT","MCYCLE_SUSP_SERIOUS_INJ_COUNT","MOTORCYCLE_COUNT","MUNICIPALITY","NONMOTR_COUNT","NONMOTR_DEATH_COUNT","NONMOTR_SUSP_SERIOUS_INJ_COUNT","NTFY_HIWY_MAINT","PED_COUNT","PED_DEATH_COUNT","PED_SUSP_SERIOUS_INJ_COUNT","PERSON_COUNT","POLICE_AGCY","POSSIBLE_INJ_COUNT","RDWY_SURF_TYPE_CD","RELATION_TO_ROAD","ROADWAY_CLEARED","ROAD_CONDITION","SCH_BUS_IND","SCH_ZONE_IND","SECONDARY_CRASH","SMALL_TRUCK_COUNT","SPEC_JURIS_CD","SUSP_MINOR_INJ_COUNT","SUSP_SERIOUS_INJ_COUNT","SUV_COUNT","TCD_FUNC_CD","TCD_TYPE","TFC_DETOUR_IND","TIME_OF_DAY","TOTAL_UNITS","TOT_INJ_COUNT","UNBELTED_OCC_COUNT","UNB_DEATH_COUNT","UNB_SUSP_SERIOUS_INJ_COUNT","UNK_INJ_DEG_COUNT","UNK_INJ_PER_COUNT","URBAN_RURAL","VAN_COUNT","VEHICLE_COUNT","VULNERABLE_ROAD_USER_COUNT","VULNERABLE_ROAD_USER_DEATH_COUNT","VULNERABLE_ROAD_USER_SER_INJ_COUNT","WEATHER1","WEATHER2","WORKERS_PRES","WORK_ZONE_IND","WORK_ZONE_LOC","WORK_ZONE_TYPE","WZ_CLOSE_DETOUR","WZ_FLAGGER","WZ_LAW_OFFCR_IND","WZ_LN_CLOSURE","WZ_MOVING","WZ_OTHER","WZ_SHLDER_MDN","WZ_WORKERS_INJ_KILLED"
"2021081028","2113","1","0","0","0","0","0","0","0","0","8","0","","67","8","2021","6","40.032917","-75.026169","2103","6","0","0","0","0","0","0","0","0","","0","0","0","20","3","1","N","0","0","40 01:58.500","","0","75 01:34.210","8","0","0","0","67301","1","0","0","N","1","0","0","2","67301","0","","1.0","","1","N","N","N","0","","0","0","0","0","0","","2059","2","1","0","0","0","1","0","2","0","1","1","0","0","3","","","N","","","","","","","","","",""
"2021081705","1520","2","0","0","0","0","0","0","0","0","2","0","","67","8","2021","1","39.943415","-75.155269","1511","6","0","0","0","0","0","0","0","0","","0","0","0","15","1","2","","2","0","39 56:36.294","","0","75 09:18.968","3","0","0","0","67301","0","0","0","N","0","0","0","3","67301","0","","1.0","","1","N","N","N","0","","1","0","0","3","2","","1507","2","2","0","0","0","1","0","2","0","2","0","0","0","3","03","","N","","","","","","","","","",""
"2021054939","1752","2","0","0","0","0","0","0","0","0","4","0","","67","6","2021","1","39.986776","-75.147419","1749","6","0","0","0","0","0","0","0","0","","0","0","0","17","1","0","","1","0","39 59:12.392","","0","75 08:50.707","0","0","0","0","67301","0","0","0","N","0","0","0","2","67301","0","","1.0","","1","N","N","N","0","","0","0","1","3","2","","1740","3","0","0","0","0","0","0","2","0","3","0","0","0","3","03","","N","","","","","","","","","",""
"2021080792","0835","1","0","0","0","0","0","1","0","0","4","1","","67","8","2021","3","40.013178","-75.070421","0820","6","0","0","0","0","0","1","0","1","","0","0","0","8","1","3","","1","0","40 00:47.439","","0","75 04:13.514","4","0","0","0","67301","0","0","0","N","0","0","0","5","67508","3","","1.0","","1","N","N","Y","0","","0","0","0","3","2","","820","2","3","0","0","0","0","1","2","0","2","0","0","0","3","03","","N","","","","","","","","","",""
"2021056155","1845","2","0","0","0","0","0","0","0","0","1","0","","67","6","2021","4","39.905135","-75.195044","1830","6","0","0","1","0","1","0","0","0","","0","0","0","18","1","1","N","0","0","39 54:18.485","","0","75 11:42.157","8","0","0","0","67301","0","0","0","N","0","0","0","3","67301","0","","1.0","","1","N","N","N","0","","0","0","1","0","0","","1810","3","1","3","0","0","1","0","2","0","3","0","0","0","3","03","","N","","","","","","","","","",""
"2021057155","1630","0","0","0","0","0","0","0","0","0","8","0","","67","6","2021","7","39.990587","-75.10462","1630","6","0","0","0","0","0","0","0","0","","0","0","0","13","1","1","","2","0","39 59:26.113","","0","75 06:16.632","2","0","0","1","67301","1","0","1","N","1","0","1","2","67301","0","","4.0","","1","N","N","N","0","","0","1","0","0","0","","1330","2","1","0","0","0","0","0","2","0","1","1","0","1","3","03","","N","","","","","","","","","",""
"2021053626","1728","1","0","0","0","0","0","0","0","0","4","0","","67","6","2021","5","39.991174","-75.181518","1724","6","0","0","0","0","0","0","0","0","","0","0","0","17","1","2","","1","0","39 59:28.227","","0","75 10:53.466","4","0","0","0","67301","0","0","0","N","0","0","0","5","67301","2","","1.0","","1","N","N","N","0","","0","0","1","3","2","","1723","2","2","0","0","0","0","0","2","0","2","0","0","0","3","04","","N","","","","","","","","","",""
"2021055391","2014","1","0","0","0","0","0","0","0","0","8","0","","67","6","2021","3","39.992287","-75.142195","2013","6","0","0","0","0","0","0","0","0","","0","0","0","20","1","1","","1","0","39 59:32.233","","0","75 08:31.901","3","0","0","0","67301","1","0","0","N","1","0","0","2","67301","0","","1.0","","1","N","N","N","0","","1","0","0","3","2","","2008","2","1","0","0","0","0","1","2","0","1","1","0","0","3","03","","N","","","","","","","","","",""
"2021059516","1703","1","0","0","0","0","0","0","0","0","4","0","","67","6","2021","1","39.966979","-75.160347","1700","6","0","0","0","0","0","0","0","0","","0","0","0","16","1","0","","1","0","39 58:01.123","","0","75 09:37.248","0","0","0","0","67301","0","0","0","N","0","0","0","2","67301","0","","1.0","","1","N","N","N","0","","0","0","1","3","2","","1642","2","0","0","0","0","0","0","2","0","2","0","0","0","3","03","","N","","","","","","","","","",""
"2021054938","0819","1","0","0","1","0","0","0","0","0","8","0","","67","6","2021","2","39.967446","-75.180896","0813","6","0","0","0","0","0","1","0","0","","0","0","0","6","1","1","","3","0","39 58:02.804","","0","75 10:51.224","3","0","0","0","67301","1","0","0","N","0","0","0","2","67301","0","","1.0","","1","N","N","N","0","","1","0","0","3","2","","651","2","1","0","0","0","0","0","2","0","1","1","0","0","4","04","","N","","","","","","","","","",""
"2021087436","1308","1","0","0","0","0","0","0","0","0","8","0","","67","9","2021","1","39.924281","-75.237467","1305","6","0","0","0","0","0","0","0","0","","0","0","0","13","1","1","N","0","9","39 55:27.410","","0","75 14:14.880","3","0","0","0","67301","1","0","0","N","1","0","0","2","67301","0","","1.0","","1","N","N","N","0","","1","0","0","0","0","U","1300","2","1","0","0","0","0","0","2","0","1","1","0","0","3","03","","N","","","","","","","","","",""
"2021081675","0711","1","0","0","0","0","0","0","0","0","7","0","","67","8","2021","7","40.042869","-75.003454","0711","6","0","0","0","0","0","0","0","0","","0","0","0","7","1","0","N","0","0","40 02:34.329","","0","75 00:12.434","0","0","0","0","67301","0","0","0","N","0","0","0","1","68K01","0","","2.0","","9","N","N","N","0","","0","0","0","0","0","","707","1","0","0","0","0","0","0","2","0","1","0","0","0","3","","","N","","","","","","","","","",""
"2021082359","1917","2","0","0","0","0","0","0","0","0","2","0","","67","8","2021","2","39.963042","-75.236516","1917","6","0","0","0","0","0","0","0","0","","0","0","0","19","1","2","","1","0","39 57:46.951","","0","75 14:11.457","4","0","0","0","67301","0","0","0","N","0","0","0","2","67301","2","","4.0","","1","N","N","N","0","","0","0","0","9","3","","1917","2","2","0","0","0","0","0","2","0","2","0","0","0","3","03","","N","","","","","","","","","",""
"2021055879","0859","1","0","0","0","0","0","0","0","0","4","0","","67","6","2021","7","40.021418","-75.148483","0850","6","0","0","0","0","0","0","0","0","","0","0","0","8","1","1","","2","0","40 01:17.105","","0","75 08:54.538","3","0","0","0","67301","0","0","0","N","0","0","0","3","67301","0","","1.0","","1","N","N","N","0","","1","0","2","3","2","","829","3","1","0","0","0","0","0","2","0","3","0","0","0","3","03","","N","","","","","","","","","",""
"2021055089","2232","2","0","0","0","0","0","0","0","0","6","0","","67","6","2021","7","39.984233","-75.178233","2232","6","0","0","0","0","0","0","0","0","","0","0","0","22","3","0","N","0","2","39 59:03.240","1","0","75 10:41.640","9","0","0","0","67301","0","0","0","N","0","0","0","2","67301","0","","6.0","2300.0","1","N","N","N","0","","0","0","0","0","0","Y","2232","2","0","1","0","0","0","1","2","0","2","0","0","0","3","03","","N","","","","","","","","","",""
"2021073880","1910","1","0","0","0","0","0","0","0","0","4","0","","67","6","2021","5","40.034002","-75.040745","1852","6","0","0","0","0","0","0","0","0","","0","0","0","17","1","1","","1","0","40 02:02.407","","0","75 02:26.681","3","0","0","0","67301","0","0","0","N","0","0","0","2","67301","0","","1.0","","1","N","N","N","0","","1","0","1","3","3","","1717","2","1","0","0","0","0","0","2","0","2","0","0","0","3","03","","N","","","","","","","","","",""
"2021080764","0247","2","0","0","0","0","0","0","0","0","1","0","","67","8","2021","7","40.007554","-75.191788","0237","6","0","0","0","0","0","0","0","0","","0","0","0","2","3","0","N","0","0","40 00:27.194","","0","75 11:30.437","0","0","0","0","67301","0","0","0","N","0","0","0","4","67301","0","","1.0","","1","N","N","N","0","","0","0","1","0","0","","233","3","0","0","0","0","0","0","2","0","3","0","0","0","3","03","","N","","","","","","","","","",""
"2021054108","1156","1","0","0","0","0","0","0","0","0","4","0","","67","6","2021","4","39.993952","-75.149091","1156","6","0","0","0","0","0","0","1","0","","0","0","0","11","1","1","","1","2","39 59:38.227","1","0","75 08:56.727","4","0","0","0","67301","0","0","0","N","0","0","0","2","67301","1","","1.0","1319.0","1","N","N","N","0","","0","0","1","3","3","Y","1156","2","1","0","0","0","0","0","2","0","2","0","0","0","3","03","","N","","","","","","","","","",""
"2021087406","1502","1","0","0","0","0","0","0","0","0","4","0","","67","9","2021","2","40.039039","-75.100726","1428","6","0","0","0","0","0","1","0","0","","0","0","0","14","1","1","N","2","1","40 02:20.540","2","0","75 06:02.612","8","0","0","0","67301","0","0","0","N","0","0","0","2","68K01","0","","1.0","1500.0","1","N","N","N","0","","0","0","1","0","0","N","1427","2","1","0","0","0","1","0","2","0","2","0","0","0","3","","","N","","","","","","","","","",""
"2021071691","2045","1","0","0","0","0","0","0","0","0","7","0","","67","6","2021","4","40.028544","-75.023438","2037","6","0","0","0","0","0","0","0","0","","0","0","0","20","3","0","N","0","1","40 01:42.760","2","0","75 01:24.376","0","0","0","0","67301","0","0","0","N","0","0","0","1","68K01","0","","3.0","930.0","1","N","N","N","0","","0","0","0","0","0","N","2035","1","0","0","0","0","0","0","2","0","1","0","0","0","3","03","","N","","","","","","","","","",""
"2021055589","1446","0","0","0","0","0","0","0","0","0","8","0","","67","6","2021","4","40.036341","-75.175286","1445","6","0","0","0","0","0","0","1","0","","0","0","0","13","1","1","N","0","0","40 02:10.826","","0","75 10:31.030","8","0","0","0","67301","1","0","0","N","1","0","0","2","67301","0","","6.0","","1","N","N","N","0","","0","0","1","0","0","","1352","2","1","0","0","0","1","0","2","0","1","1","0","0","3","","","N","","","","","","","","","",""
"2021052486","1550","1","0","0","0","0","0","0","0","0","8","0","","67","6","2021","3","39.954325","-75.198628","1548","6","0","0","0","0","1","0","0","0","","0","0","0","15","1","1","N","0","0","39 57:15.570","","0","75 11:55.062","8","0","0","0","67301","1","0","0","N","1","0","0","2","67504","0","","1.0","","1","N","N","N","0","","0","0","0","0","0","","1546","2","1","1","0","0","1","0","2","0","1","1","0","0","4","04","","N","","","","","","","","","",""
"2021079861","1525","0","0","0","0","0","0","0","0","0","6","1","","67","8","2021","4","39.979163","-75.161584","1520","6","0","0","0","0","0","0","1","0","","0","1","0","14","1","1","N","0","0","39 58:44.986","","0","75 09:41.703","4","0","0","0","67301","0","0","0","N","0","0","0","3","67505","1","","1.0","","1","N","N","N","0","","0","0","1","0","0","","1400","2","1","0","0","0","0","0","2","0","2","0","0","0","3","03","","N","","","","","","","","","",""
"2021065369","2308","3","0","0","0","0","0","0","0","0","7","0","45","67","6","2021","3","39.980511","-75.104631","2302","6","0","0","0","0","0","0","0","0","","0","0","0","22","3","1","N","0","1","39 58:49.838","2","0","75 06:16.671","3","0","0","0","67301","0","0","0","N","0","0","0","3","68K01","0","","4.0","2355.0","1","N","N","N","0","","1","0","0","1","8","N","2255","3","1","1","0","0","0","1","2","0","3","0","0","0","3","","N","Y","4","1","","","N","Y","","","Y","N"
"2021081674","0509","0","0","0","0","0","0","0","0","0","7","1","","67","8","2021","7","40.035393","-75.017374","0453","6","0","0","0","0","0","0","0","0","","0","1","0","4","3","1","N","0","2","40 02:07.413","1","0","75 01:02.548","3","0","0","0","67301","0","0","0","N","0","0","0","2","68K01","0","","2.0","703.0","9","N","N","N","0","","1","0","0","0","0","N","443","1","1","0","0","0","0","0","2","0","1","0","0","0","7","","","N","","","","","","","","","",""
"2021053608","1554","1","0","0","0","0","0","0","0","0","4","0","","67","6","2021","3","40.037203","-75.053008","1545","6","0","0","0","0","0","1","0","0","","0","0","0","15","1","1","","1","1","40 02:13.930","1","0","75 03:10.828","3","0","0","0","67301","0","0","0","N","0","0","0","3","67301","0","","1.0","1625.0","9","N","N","N","1","","1","0","0","3","2","Y","1515","2","1","0","0","0","0","1","2","0","2","0","0","0","7","07","","N","","","","","","","","","",""
"2021054288","1000","0","0","0","0","0","0","0","0","0","4","0","","67","6","2021","3","40.099146","-74.986864","0909","6","0","0","0","0","0","0","0","0","","0","0","0","9","1","0","","1","0","40 05:56.927","","2","74 59:12.712","0","0","0","0","67301","0","0","0","N","0","0","0","2","67301","0","","1.0","","1","N","N","N","0","","0","0","1","3","2","","902","2","0","0","0","0","0","0","2","1","2","0","0","0","3","03","","N","","","","","","","","","",""
"2021082102","0502","1","0","0","0","0","0","0","0","0","7","0","","67","8","2021","7","40.010163","-75.063314","0452","6","0","0","0","0","0","0","0","0","","0","0","0","4","3","1","N","0","2","40 00:36.585","1","0","75 03:47.929","3","0","0","0","67301","0","0","0","N","0","0","0","1","68K01","0","","4.0","10.0","9","N","N","N","0","","1","0","0","0","0","N","450","1","1","0","0","0","0","0","2","0","1","0","0","0","7","","","N","","","","","","","","","",""
"2021054465","1545","2","0","0","0","0","0","0","0","0","5","0","","67","6","2021","1","40.046447","-75.062611","1540","6","0","0","0","0","0","0","0","0","","0","0","0","15","1","0","N","0","0","40 02:47.210","","0","75 03:45.400","0","0","0","0","67301","0","0","0","N","0","0","0","1","67301","0","","6.0","","1","N","N","N","0","","0","0","0","0","0","","1530","2","0","1","0","0","0","0","2","0","2","0","0","0","4","03","","N","","","","","","","","","",""
"2021055081","1429","1","0","0","0","0","0","0","0","0","1","0","","67","6","2021","4","40.026356","-75.097491","1419","6","0","0","1","0","0","0","0","0","","0","0","0","14","1","0","","1","0","40 01:34.881","","0","75 05:50.967","9","0","0","0","67301","0","0","0","N","0","0","0","3","67301","0","","1.0","","1","N","N","N","0","","0","0","1","3","2","","1417","2","0","0","0","0","0","2","2","0","2","0","0","0","3","03","","N","","","","","","","","","",""
"2021054644","1717","1","0","0","0","0","0","0","0","0","7","0","35","67","6","2021","5","39.91175","-75.166972","1710","6","0","0","0","0","0","0","0","0","","0","0","0","17","1","1","N","0","1","39 54:42.300","4","3","75 10:01.100","3","0","0","0","67301","0","0","0","N","0","0","0","1","67501","0","","4.0","1739.0","1","N","N","N","0","","1","0","0","0","0","N","1710","1","1","0","0","0","0","0","2","0","1","0","0","0","3","03","N","Y","2","1","","","N","Y","","","","N"
"2021058820","2004","0","0","0","0","0","0","0","0","0","1","0","","67","6","2021","1","40.020725","-75.140022","2004","6","0","0","0","0","1","0","0","0","","0","0","0","18","1","0","Y","0","0","40 01:14.610","","0","75 08:24.080","0","0","0","0","67301","0","0","0","N","0","0","0","3","67301","0","","1.0","","1","N","N","N","0","","0","0","2","3","2","","1820","3","0","2","0","0","0","0","2","0","3","0","0","0","3","","","N","","","","","","","","","",""
"2021085516","1614","0","0","0","0","0","0","0","0","0","6","1","","67","9","2021","6","39.891942","-75.241906","1556","6","0","0","0","0","0","2","0","0","","0","1","0","15","1","2","","2","1","39 53:30.990","2","0","75 14:30.862","3","0","0","0","67301","0","0","0","N","0","0","0","5","67301","0","","1.0","1730.0","1","N","N","N","0","","2","0","2","3","2","N","1527","4","2","0","0","0","0","0","2","1","4","0","0","0","3","","","N","","","","","","","","","",""
"2021054712","1134","0","0","0","0","0","0","0","0","0","7","0","","67","6","2021","2","40.057646","-75.162154","1134","6","0","0","0","0","0","1","0","0","","0","0","0","11","1","1","","1","0","40 03:27.527","","0","75 09:43.755","3","0","0","0","67301","0","0","0","N","0","0","0","1","67301","0","","5.0","","1","N","N","N","0","","1","0","1","3","2","","1129","1","1","0","0","0","0","0","2","0","1","0","0","0","3","03","","N","","","","","","","","","",""
"2021081906","0317","1","0","0","0","0","0","0","0","0","4","0","","67","8","2021","5","40.009165","-75.067753","0303","6","0","0","0","0","0","0","0","0","","0","0","0","2","3","1","N","0","2","40 00:32.995","2","0","75 04:03.911","8","0","0","0","67301","0","0","0","N","0","0","0","2","68K01","0","","1.0","350.0","1","N","N","N","0","","0","0","1","0","0","N","254","2","1","0","0","0","1","0","2","0","2","0","0","0","3","03","","N","","","","","","","","","",""
"2021082450","1218","1","0","0","0","0","0","0","0","0","1","0","","67","8","2021","2","39.93824","-75.143644","1210","6","0","0","0","0","0","0","0","0","","0","0","0","12","1","0","N","0","0","39 56:17.665","","0","75 08:37.120","0","0","0","0","67301","0","0","0","N","0","0","0","2","68K01","0","","1.0","","1","N","N","N","0","","0","0","0","0","0","","1208","2","0","1","0","0","0","0","2","1","2","0","0","0","3","","","N","","","","","","","","","",""
"2021068199","1740","1","0","0","0","0","0","0","0","0","5","0","","67","6","2021","1","39.965399","-75.186019","1733","6","0","0","0","0","0","1","0","0","","0","0","0","17","1","1","","7","1","39 57:55.435","3","2","75 11:09.669","2","0","1","1","67301","0","0","0","N","0","0","0","2","68K01","0","","7.0","1830.0","1","N","N","N","0","","0","1","0","0","0","N","1731","2","1","0","0","0","0","0","2","0","2","0","0","0","3","","","N","","","","","","","","","",""
"2021082104","2137","1","0","0","0","0","0","0","0","0","7","0","","67","8","2021","7","39.90771","-75.149386","2109","6","0","0","0","0","0","0","0","0","","0","0","0","21","3","0","N","0","0","39 54:27.757","","0","75 08:57.789","0","0","0","0","67301","0","0","0","N","0","0","0","1","68K01","0","","2.0","","1","N","N","N","0","","0","0","0","0","0","","2107","1","0","0","0","0","0","0","2","0","1","0","0","0","3","03","","N","","","","","","","","","",""
"2021054671","0224","1","0","0","0","0","0","0","0","0","5","0","45","67","6","2021","1","39.967473","-75.13263","0216","6","0","0","0","0","0","1","0","0","","0","0","0","2","2","1","N","0","1","39 58:02.901","2","0","75 07:57.467","3","0","0","0","67301","0","0","0","N","0","0","0","5","68K01","0","","1.0","231.0","1","N","N","N","0","","1","0","1","0","0","N","205","2","1","0","0","0","0","1","2","0","2","0","0","0","3","","N","Y","4","1","","","N","Y","","","Y","N"
"2021058109","0039","2","0","0","0","0","0","0","0","0","5","0","","67","6","2021","6","39.931486","-75.159494","0039","6","0","0","0","0","0","1","0","0","","0","0","0","0","3","0","N","0","2","39 55:53.350","1","0","75 09:34.180","0","0","0","0","67301","0","0","0","N","0","0","0","1","67301","0","","6.0","120.0","1","N","N","N","0","","0","0","0","0","0","Y","20","2","0","0","0","0","0","0","2","0","2","0","0","0","3","03","","N","","","","","","","","","",""
"2021057826","0422","0","0","0","0","0","0","0","0","0","0","0","","67","6","2021","1","39.936219","-75.199614","0418","6","0","0","0","0","0","0","0","0","","0","0","0","4","3","1","N","0","0","39 56:10.390","","3","75 11:58.611","3","0","0","0","67301","0","0","0","N","0","0","0","1","68K01","0","","1.0","","1","N","N","N","0","","1","0","1","0","0","","416","1","1","0","0","0","0","0","2","0","1","0","0","0","3","","","N","","","","","","","","","",""
"2021057166","0844","2","0","0","0","0","0","0","0","0","2","0","","67","6","2021","3","40.032731","-75.140572","0839","6","0","0","0","0","0","0","0","0","","0","0","0","7","1","1","N","0","0","40 01:57.830","","0","75 08:26.060","8","0","0","0","67301","0","0","0","N","0","0","0","2","67301","0","","1.0","","1","N","N","N","0","","0","0","1","0","0","","728","3","1","0","0","0","1","0","2","0","3","0","0","0","3","03","","N","","","","","","","","","",""
"2021081589","1845","1","0","0","0","0","0","0","0","0","5","0","","67","8","2021","1","39.923702","-75.191835","1838","6","0","0","0","0","0","0","0","0","","0","0","0","18","1","0","N","5","1","39 55:25.328","3","0","75 11:30.606","0","0","0","0","67301","0","0","0","Y","0","0","0","1","68K01","0","","1.0","1915.0","1","N","N","N","0","","0","0","1","3","8","N","1832","2","0","0","0","0","0","0","2","0","2","0","0","0","3","03","","N","","","","","","","","","",""
"2021055483","1936","2","0","0","0","0","0","0","0","0","6","0","","67","6","2021","3","39.971942","-75.223433","1936","6","0","0","0","0","0","0","0","0","","0","0","0","19","1","3","N","0","0","39 58:18.990","","0","75 13:24.360","3","0","0","0","67301","0","0","0","N","0","0","0","4","67301","0","","1.0","","1","N","N","N","0","","3","0","0","0","0","","1935","2","3","3","0","0","0","0","2","0","2","0","0","0","3","03","","N","","","","","","","","","",""
"2021054715","0838","0","0","0","0","0","0","0","0","0","8","0","","67","6","2021","5","39.946562","-75.246007","0837","6","0","0","0","0","0","0","0","0","","0","0","0","8","1","1","","1","0","39 56:47.623","","0","75 14:45.625","3","0","0","0","67301","1","0","0","N","1","0","0","2","67301","0","","1.0","","1","N","N","N","1","","1","0","0","3","2","","817","2","1","0","0","0","0","0","2","0","1","1","0","0","3","03","","N","","","","","","","","","",""
"2021080510","1120","1","0","0","0","0","0","0","0","0","1","1","","67","8","2021","5","40.104705","-74.993058","1115","6","0","0","1","0","0","0","0","0","","0","1","0","11","1","0","N","0","0","40 06:16.939","","0","74 59:35.007","0","0","0","0","67301","0","0","0","N","0","0","0","4","67301","0","","1.0","","1","N","N","N","0","","0","0","0","0","0","","1114","2","0","1","0","0","0","0","2","0","2","0","0","0","3","03","","N","","","","","","","","","",""
"2021054372","0947","0","0","0","1","0","0","0","0","0","8","0","","67","6","2021","6","39.96184","-75.157538","0945","6","0","0","0","0","0","0","0","0","","0","0","0","9","1","1","","5","2","39 57:42.623","4","0","75 09:27.136","3","0","0","0","67301","1","0","0","N","0","0","0","2","67301","0","","1.0","1005.0","1","N","N","N","0","","1","0","0","3","2","N","944","2","1","0","0","0","0","0","2","1","1","1","0","0","4","04","","N","","","","","","","","","",""
"2021081392","0720","1","0","0","0","0","0","0","0","0","7","0","","67","7","2021","7","39.931768","-75.199877","0711","6","0","0","0","0","0","0","0","0","","0","0","0","7","1","0","N","0","2","39 55:54.366","3","0","75 11:59.557","9","0","0","0","67301","0","0","0","N","0","0","0","1","68K01","0","","2.0","759.0","1","N","N","N","0","","0","0","0","0","0","N","707","1","0","0","0","0","0","1","2","0","1","0","0","0","3","","","N","","","","","","","","","",""
"2021054506","0150","1","0","0","0","0","0","0","0","0","4","0","","67","6","2021","1","40.036904","-75.079806","0142","6","0","0","0","0","0","1","0","0","","0","0","0","1","3","2","","1","1","40 02:12.854","1","0","75 04:47.301","3","0","0","0","67301","0","0","0","N","0","0","0","3","67301","0","","1.0","345.0","1","N","N","N","0","","2","0","1","3","2","N","140","2","2","3","0","0","0","0","2","0","2","0","0","0","3","","","N","","","","","","","","","",""
"2021057158","1729","2","0","0","0","0","0","0","0","0","1","0","","67","6","2021","4","40.010409","-75.099371","1729","6","0","0","0","0","0","0","1","0","","0","0","0","19","4","2","","1","0","40 00:37.472","","0","75 05:57.735","8","0","0","0","67301","0","0","0","N","0","0","0","3","67301","0","","1.0","","1","N","N","N","0","","0","0","0","0","0","","1915","2","2","0","0","0","2","1","2","0","2","0","0","0","3","03","","N","","","","","","","","","",""
"2021055088","1710","0","0","0","0","0","0","0","0","0","4","0","","67","6","2021","5","39.961192","-75.240918","1708","6","0","0","0","0","0","0","0","0","","0","0","0","17","1","1","","1","1","39 57:40.291","1","0","75 14:27.304","3","0","0","1","67301","0","0","0","N","0","0","0","2","67301","0","","1.0","1730.0","1","N","N","N","0","","1","0","1","3","3","Y","1708","2","1","1","0","0","0","0","2","0","2","0","0","0","3","03","","N","","","","","","","","","",""
"2021053564","0758","1","0","0","0","0","0","0","0","0","4","0","","67","6","2021","5","40.035437","-75.108493","0758","6","0","0","0","0","0","0","0","0","","0","0","0","7","1","0","","1","2","40 02:07.572","4","0","75 06:30.576","9","0","0","0","67301","0","0","0","N","0","0","0","2","67301","0","","1.0","900.0","1","N","N","N","1","","0","0","0","3","2","N","757","2","0","0","0","0","0","1","2","0","2","0","0","0","3","","","N","","","","","","","","","",""
"2021058231","1915","2","0","0","0","0","0","0","0","0","1","0","","67","6","2021","5","39.948336","-75.142074","1915","6","0","0","0","0","0","1","0","0","","0","0","0","19","1","1","N","0","2","39 56:54.011","2","0","75 08:31.468","8","0","0","0","67301","0","0","0","N","0","0","0","3","68K01","0","","1.0","2034.0","1","N","N","N","0","","0","0","1","0","0","N","1915","3","1","0","0","0","1","0","2","0","3","0","0","0","3","","","N","","","","","","","","","",""
"2021069825","0029","2","0","0","0","0","0","0","0","0","6","0","","67","6","2021","4","40.052814","-75.175222","0025","6","0","0","0","0","1","0","0","0","","0","0","0","0","3","1","N","0","0","40 03:10.130","","0","75 10:30.800","4","0","0","0","67301","0","0","0","N","0","0","0","2","67301","1","","1.0","","9","N","N","N","0","","0","0","0","0","0","","17","2","1","0","0","0","0","0","2","0","2","0","0","0","3","03","","N","","","","","","","","","",""
"2021054213","0940","1","0","0","0","0","0","0","0","0","6","0","","67","6","2021","4","40.051394","-75.000997","0932","6","0","0","0","0","0","0","1","0","","0","0","0","8","1","0","N","0","1","40 03:05.019","6","0","75 00:03.589","0","0","0","0","67301","0","0","0","N","0","0","0","3","67301","0","","1.0","1045.0","1","N","N","N","0","","0","0","1","0","0","Y","825","2","0","0","0","0","0","0","2","0","2","0","0","0","3","03","","N","","","","","","","","","",""
"2021054936","1008","1","0","0","0","0","0","0","0","0","4","0","","67","6","2021","5","39.9067","-75.183391","1000","6","0","0","0","0","0","1","0","1","","0","0","0","6","1","1","","2","0","39 54:24.119","","7","75 11:00.207","3","0","0","0","67301","0","0","0","N","0","0","0","2","67301","0","","1.0","","1","N","N","N","1","","1","0","0","3","2","","658","2","1","0","0","0","0","0","2","0","2","0","0","0","3","","","N","","","","","","","","","",""
"2021057094","1133","1","0","0","0","0","0","0","0","0","4","0","","67","6","2021","1","40.047134","-75.059054","1120","6","0","0","0","0","0","0","0","0","","0","0","0","11","1","1","N","0","0","40 02:49.682","","7","75 03:32.595","8","0","0","1","67301","0","0","0","N","0","0","0","2","67301","0","","1.0","","1","N","N","N","0","","0","0","0","3","3","","1118","2","1","0","0","0","1","0","2","0","2","0","0","0","3","03","","N","","","","","","","","","",""