"CRN","ARRIVAL_TM","AUTOMOBILE_COUNT","BELTED_DEATH_COUNT","BELTED_SUSP_SERIOUS_INJ_COUNT","BICYCLE_COUNT","BICYCLE_DEATH_COUNT","BICYCLE_SUSP_SERIOUS_INJ_COUNT","BUS_COUNT","CHLDPAS_DEATH_COUNT","CHLDPAS_SUSP_SERIOUS_INJ_COUNT","COLLISION_TYPE","COMM_VEH_COUNT","CONS_ZONE_SPD_LIM","COUNTY","CRASH_MONTH","CRASH_YEAR","DAY_OF_WEEK","DEC_LATITUDE","DEC_LONGITUDE","DISPATCH_TM","DISTRICT","DRIVER_COUNT_16YR","DRIVER_COUNT_17YR","DRIVER_COUNT_18YR","DRIVER_COUNT_19YR","DRIVER_COUNT_20YR","DRIVER_COUNT_50_64YR","DRIVER_COUNT_65_74YR","DRIVER_COUNT_75PLUS","EST_HRS_CLOSED","FATAL_COUNT","HEAVY_TRUCK_COUNT","HORSE_BUGGY_COUNT","HOUR_OF_DAY","ILLUMINATION","INJURY_COUNT","INTERSECTION_RELATED","INTERSECT_TYPE","LANE_CLOSED","LATITUDE","LN_CLOSE_DIR","LOCATION_TYPE","LONGITUDE","MAX_SEVERITY_LEVEL","MCYCLE_DEATH_COUNT","MCYCLE_SUSP_SERIOUS_INJ_COUNT","MOTORCYCLE_COUNT","MUNICIPALITY","NONMOTR_COUNT","NONMOTR_DEATH_COUNT","NONMOTR_SUSP_SERIOUS_INJ_COUNT","NTFY_HIWY_MAINT","PED_COUNT","PED_DEATH_COUNT","PED_SUSP_SERIOUS_INJ_COUNT","PERSON_COUNT","POLICE_AGCY","POSSIBLE_INJ_COUNT","RDWY_SURF_TYPE_CD","RELATION_TO_ROAD","ROADWAY_CLEARED","ROAD_CONDITION","SCH_BUS_IND","SCH_ZONE_IND","SECONDARY_CRASH","SMALL_TRUCK_COUNT","SPEC_JURIS_CD","SUSP_MINOR_INJ_COUNT","SUSP_SERIOUS_INJ_COUNT","SUV_COUNT","TCD_FUNC_CD","TCD_TYPE","TFC_DETOUR_IND","TIME_OF_DAY","TOTAL_UNITS","TOT_INJ_COUNT","UNBELTED_OCC_COUNT","UNB_DEATH_COUNT","UNB_SUSP_SERIOUS_INJ_COUNT","UNK_INJ_DEG_COUNT","UNK_INJ_PER_COUNT","URBAN_RURAL","VAN_COUNT","VEHICLE_COUNT","VULNERABLE_ROAD_USER_COUNT","VULNERABLE_ROAD_USER_DEATH_COUNT","VULNERABLE_ROAD_USER_SER_INJ_COUNT","WEATHER1","WEATHER2","WORKERS_PRES","WORK_ZONE_IND","WORK_ZONE_LOC","WORK_ZONE_TYPE","WZ_CLOSE_DETOUR","WZ_FLAGGER","WZ_LAW_OFFCR_IND","WZ_LN_CLOSURE","WZ_MOVING","WZ_OTHER","WZ_SHLDER_MDN","WZ_WORKERS_INJ_KILLED"
"2021057914","1653","1","0","0","0","0","0","0","0","0","4","0","","67","6","2021","4","39.953744","-75.240475","1653","6","0","0","0","0","0","0","0","0","","0","0","0","16","1","0","","1","0","39 57:13.478","","0","75 14:25.709","0","0","0","0","67301","0","0","0","N","0","0","0","2","67301","0","","1.0","","1","N","N","N","0","","0","0","0","3","2","","1605","2","0","0","0","0","0","0","2","0","2","0","0","0","3","03","","N","","","","","","","","","",""
"2021054290","0259","3","0","0","0","0","0","0","0","0","1","0","","67","6","2021","1","39.943651","-75.165554","0255","6","0","0","0","0","1","1","0","0","","0","0","0","2","3","0","","1","0","39 56:37.145","","0","75 09:55.996","0","0","0","0","67301","0","0","0","N","0","0","0","3","67301","0","","1.0","","1","N","N","N","0","","0","0","0","3","2","","250","3","0","0","0","0","0","0","2","0","3","0","0","0","3","","","N","","","","","","","","","",""
"2021057096","1136","1","0","0","0","0","0","0","0","0","4","0","","67","6","2021","5","40.044017","-75.075397","1121","6","0","0","0","0","0","1","0","0","","0","0","0","10","1","1","","1","0","40 02:38.461","","0","75 04:31.429","3","0","0","0","67301","0","0","0","N","0","0","0","3","67301","0","","1.0","","1","N","N","N","0","","1","0","1","3","3","","1000","2","1","0","0","0","0","0","2","0","2","0","0","0","3","","","N","","","","","","","","","",""
"2021095718","0422","1","0","0","0","0","0","0","0","0","4","1","","67","10","2021","1","39.952948","-75.151553","0420","6","0","0","0","0","1","0","0","0","","0","0","0","4","3","1","","1","2","39 57:10.614","4","0","75 09:05.590","3","0","0","0","67301","0","0","0","N","0","0","0","3","67301","0","","1.0","610.0","1","N","N","N","1","","1","0","0","3","2","Y","418","2","1","0","0","0","0","0","2","0","2","0","0","0","3","03","","N","","","","","","","","","",""
"2021051933","0240","2","0","0","0","0","0","0","0","0","1","0","","67","6","2021","2","39.95462","-75.206636","0240","6","0","0","0","0","0","0","0","0","","0","0","0","2","3","0","N","0","2","39 57:16.633","4","0","75 12:23.891","0","0","0","0","67301","0","0","0","N","0","0","0","1","67301","0","","6.0","345.0","1","N","N","N","0","","0","0","2","0","0","Y","240","5","0","0","0","0","0","0","2","1","5","0","0","0","3","03","","N","","","","","","","","","",""
"2021055481","0530","3","0","0","0","0","0","0","0","0","5","0","","67","6","2021","2","39.917389","-75.175472","0524","6","0","0","0","0","1","0","0","0","","0","0","0","5","5","0","N","0","1","39 55:02.600","4","0","75 10:31.700","0","0","0","0","67301","0","0","0","N","0","0","0","1","67301","0","","3.0","640.0","1","N","N","N","0","","0","0","1","0","0","N","524","5","0","0","0","0","0","0","2","1","5","0","0","0","3","03","","N","","","","","","","","","",""
"2021058568","1532","2","0","0","0","0","0","0","0","0","1","0","","67","6","2021","2","39.945148","-75.190807","1523","6","0","0","0","0","0","2","0","0","","0","0","0","15","1","1","N","0","1","39 56:42.534","3","0","75 11:26.904","8","0","0","0","67301","0","0","0","N","0","0","0","4","68K01","0","","1.0","1610.0","1","N","N","N","0","","0","0","1","0","0","N","1522","3","1","0","0","0","1","0","2","0","3","0","0","0","3","03","","N","","","","","","","","","",""
"2021081877","0248","1","0","0","0","0","0","0","0","0","7","0","","67","8","2021","7","39.994903","-75.198264","0241","6","0","0","0","0","0","0","0","0","","0","0","0","2","3","1","N","0","0","39 59:41.652","","0","75 11:53.752","4","0","0","0","67301","0","0","0","N","0","0","0","3","68K01","1","","4.0","","1","N","N","N","0","","0","0","0","0","0","","239","1","1","2","0","0","0","0","2","0","1","0","0","0","3","","","N","","","","","","","","","",""
"2021055083","1749","1","0","0","0","0","0","0","0","0","4","0","","67","6","2021","1","40.031002","-75.063072","1749","6","0","0","0","0","0","0","0","0","","0","0","0","17","1","0","","3","1","40 01:51.607","1","0","75 03:47.058","0","0","0","0","67301","0","0","0","N","0","0","0","2","67301","0","","1.0","100.0","1","N","N","N","0","","0","0","1","0","0","N","1749","2","0","0","0","0","0","0","2","0","2","0","0","0","4","","","N","","","","","","","","","",""
"2021081357","1600","0","0","0","0","0","0","0","0","0","1","0","","67","8","2021","4","40.007242","-75.192896","1518","6","0","0","0","0","0","1","0","0","","0","0","0","15","1","1","N","0","0","40 00:26.072","","0","75 11:34.426","3","0","0","0","67301","0","0","0","N","0","0","0","2","67301","0","","1.0","","1","N","N","N","2","","1","0","0","0","0","","1510","2","1","0","0","0","0","0","2","0","2","0","0","0","3","03","","N","","","","","","","","","",""
"2021057459","0025","1","0","0","0","0","0","0","0","0","6","0","","67","6","2021","5","40.03302","-75.207987","0025","6","0","0","0","0","0","1","0","0","","0","0","0","0","3","0","N","0","0","40 01:58.871","","0","75 12:28.753","0","0","0","0","67301","0","0","0","N","0","0","0","1","67301","0","","6.0","","1","N","N","N","1","","0","0","2","0","0","","24","4","0","1","0","0","0","0","2","0","4","0","0","0","3","03","","N","","","","","","","","","",""
"2021057116","2004","2","0","0","0","0","0","0","0","0","4","0","","67","6","2021","6","39.923905","-75.222104","2004","6","0","0","0","0","0","0","0","0","","0","0","0","19","1","1","","1","0","39 55:26.057","","0","75 13:19.574","3","0","0","0","67301","0","0","0","N","0","0","0","2","67301","0","","1.0","","1","N","N","N","0","","1","0","0","3","2","","1935","2","1","0","0","0","0","0","2","0","2","0","0","0","3","","","N","","","","","","","","","",""
"2021057136","1821","1","0","0","0","0","0","0","0","0","4","0","","67","6","2021","3","39.93828","-75.198696","1815","6","0","0","0","0","0","1","0","0","","0","0","0","18","1","1","","1","0","39 56:17.808","","0","75 11:55.304","3","0","0","0","67301","0","0","0","N","0","0","0","3","67301","0","","1.0","","1","N","N","N","1","","1","0","0","3","2","","1813","3","1","0","0","0","0","0","2","1","3","0","0","0","3","","","N","","","","","","","","","",""
"2021069898","1231","1","0","0","0","0","0","0","0","0","4","0","","67","7","2021","6","39.971717","-75.125888","1230","6","0","0","0","0","0","1","0","0","","0","0","0","12","1","1","","1","0","39 58:18.181","","0","75 07:33.198","3","0","0","0","67301","0","0","0","N","0","0","0","2","67301","0","","1.0","","1","N","N","N","0","","1","0","1","3","2","","1225","2","1","0","0","0","0","0","2","0","2","0","0","0","3","","","N","","","","","","","","","",""
"2021069895","0422","1","0","0","0","0","0","0","0","0","7","0","","67","7","2021","5","39.988823","-75.127295","0421","6","0","0","0","0","0","0","0","0","","0","0","0","4","3","0","","5","0","39 59:19.762","","1","75 07:38.262","9","0","0","0","67301","0","0","0","N","0","0","0","1","67301","0","","4.0","","1","N","N","N","0","","0","0","0","3","1","","421","1","0","0","0","0","0","1","2","0","1","0","0","0","3","03","","N","","","","","","","","","",""
"2021054116","0430","0","0","0","0","0","0","0","0","0","0","0","","67","6","2021","7","40.001666","-75.190369","0426","6","0","0","0","0","0","0","0","0","","0","0","0","4","3","2","N","0","0","40 00:05.998","","0","75 11:25.328","2","0","2","1","67301","0","0","0","N","0","0","0","2","67301","0","","1.0","","1","N","N","N","0","","0","2","0","0","0","","415","1","2","0","0","0","0","0","2","0","1","0","0","0","3","03","","N","","","","","","","","","",""
"2021053663","0245","1","0","0","0","0","0","0","0","0","5","0","","67","6","2021","3","39.970141","-75.144304","0242","6","0","0","0","0","0","0","0","0","","0","0","0","2","3","0","N","0","1","39 58:12.506","4","0","75 08:39.494","9","0","0","0","67301","0","0","0","N","0","0","0","1","67301","0","","6.0","400.0","1","N","N","N","0","","0","0","4","0","0","N","239","6","0","0","0","0","0","1","2","1","6","0","0","0","3","03","","N","","","","","","","","","",""
"2021059078","1312","1","0","0","0","0","0","0","0","0","1","0","","67","6","2021","4","39.957864","-75.161794","1301","6","0","0","0","0","0","1","0","0","","0","0","0","12","1","1","N","0","0","39 57:28.311","","0","75 09:42.460","4","0","0","0","67301","0","0","0","N","0","0","0","3","68K01","1","","1.0","","1","N","N","N","1","","0","0","1","0","0","","1255","3","1","0","0","0","0","0","2","0","3","0","0","0","3","","","N","","","","","","","","","",""
"2021057129","2348","2","0","0","0","0","0","0","0","0","1","0","","67","6","2021","6","40.040628","-75.169796","2346","6","0","0","0","0","0","0","2","0","","0","0","0","23","3","1","","5","0","40 02:26.260","","0","75 10:11.265","8","0","0","0","67301","0","0","0","N","0","0","0","4","67301","0","","1.0","","1","N","N","N","0","","0","0","1","3","2","","2325","3","1","0","0","0","1","3","2","0","3","0","0","0","3","","","N","","","","","","","","","",""
"2021055977","0950","1","0","0","0","0","0","0","0","0","4","0","","67","6","2021","5","39.984286","-75.161622","0945","6","0","0","0","1","0","0","0","0","","0","0","0","9","1","1","","1","0","39 59:03.429","","0","75 09:41.838","4","0","0","0","67301","0","0","0","N","0","0","0","2","67301","1","","1.0","","1","N","N","N","0","","0","0","1","3","3","","939","2","1","0","0","0","0","0","2","0","2","0","0","0","3","03","","N","","","","","","","","","",""
"2021055401","2350","1","0","0","0","0","0","0","0","0","2","0","","67","6","2021","3","39.961361","-75.192083","2349","6","0","0","0","0","0","0","0","0","","0","0","0","23","3","0","N","0","2","39 57:40.900","6","0","75 11:31.500","0","0","0","0","67301","0","0","0","N","0","0","0","4","67507","0","","1.0","20.0","1","N","N","N","0","","0","0","1","0","0","Y","2345","2","0","0","0","0","0","0","2","0","2","0","0","0","3","03","","N","","","","","","","","","",""
"2021080773","0735","0","0","0","0","0","0","0","0","0","5","1","","67","8","2021","6","40.114106","-74.98751","0735","6","0","0","0","0","0","1","0","0","","0","1","0","6","5","1","N","0","0","40 06:50.781","","0","74 59:15.037","3","0","0","0","67301","0","0","0","N","0","0","0","2","67301","0","","1.0","","1","N","N","N","0","","1","0","1","0","0","","643","2","1","0","0","0","0","0","2","0","2","0","0","0","3","","","N","","","","","","","","","",""
"2021054961","2131","1","0","0","0","0","0","0","0","0","6","0","35","67","6","2021","2","39.91225","-75.172056","2126","6","0","0","0","0","0","0","0","0","","0","0","0","21","3","0","N","0","1","39 54:44.100","3","3","75 10:19.400","0","0","0","0","67301","0","0","0","N","0","0","0","2","67501","0","","1.0","2215.0","9","N","N","N","0","","0","0","1","0","0","N","2126","2","0","0","0","0","0","0","2","0","2","0","0","0","7","","N","Y","4","1","","","N","Y","","","Y","N"
"2021064194","0310","2","0","0","0","0","0","0","0","0","5","0","","67","6","2021","3","40.019878","-75.205722","0301","6","0","0","0","0","0","0","0","0","","0","0","0","2","3","1","N","0","2","40 01:11.560","5","0","75 12:20.600","8","0","0","0","67301","0","0","0","N","0","0","0","1","67301","0","","6.0","700.0","9","N","N","N","0","","0","0","0","0","0","N","250","2","1","0","0","0","1","0","2","0","2","0","0","0","7","","","N","","","","","","","","","",""
"2021055234","1928","1","0","0","0","0","0","0","0","0","4","0","","67","6","2021","2","39.947938","-75.162367","1924","6","0","0","0","1","0","0","0","0","","0","0","0","19","1","0","","1","1","39 56:52.576","1","0","75 09:44.521","0","0","0","0","67301","0","0","0","N","0","0","0","5","67301","0","","1.0","2030.0","1","N","N","N","0","","0","0","0","3","2","N","1920","2","0","0","0","0","0","0","2","1","2","0","0","0","3","03","","N","","","","","","","","","",""
"2021056198","0221","1","0","0","0","0","0","0","0","0","4","0","","67","6","2021","4","40.031296","-75.085058","0217","6","0","0","0","0","0","0","0","0","","0","0","0","2","3","0","","5","1","40 01:52.664","1","0","75 05:06.208","0","0","0","0","67301","0","0","0","N","0","0","0","2","67301","0","","1.0","230.0","1","N","N","N","0","","0","0","1","3","2","N","214","2","0","0","0","0","0","0","2","0","2","0","0","0","3","03","","N","","","","","","","","","",""
"2021054371","0352","1","0","0","0","0","0","0","0","0","4","0","","67","6","2021","7","39.937864","-75.1667","0348","6","0","0","0","0","0","0","0","0","","0","0","0","3","3","1","","1","0","39 56:16.309","","0","75 10:00.119","3","0","0","0","67301","0","0","0","N","0","0","0","3","67301","0","","1.0","","1","N","N","N","0","","1","0","1","3","2","","315","2","1","0","0","0","0","0","2","0","2","0","0","0","3","03","","N","","","","","","","","","",""
"2021056160","2255","1","0","0","0","0","0","0","0","0","4","0","","67","6","2021","5","39.984697","-75.15663","2253","6","0","0","0","0","0","0","0","0","","0","0","0","22","3","3","","1","1","39 59:04.910","2","0","75 09:23.867","4","0","0","0","67301","0","0","0","N","0","0","0","5","67505","3","","1.0","2351.0","1","N","N","N","0","","0","0","1","3","2","N","2253","2","3","0","0","0","0","0","2","0","2","0","0","0","3","03","","N","","","","","","","","","",""
"2021053572","0127","1","0","0","0","0","0","0","0","0","4","0","","67","6","2021","4","39.950967","-75.151982","0125","6","0","0","0","0","1","0","0","0","","0","0","0","1","3","1","","1","0","39 57:03.480","","0","75 09:07.134","8","0","0","1","67301","0","0","0","N","0","0","0","2","67301","0","","1.0","","1","N","N","N","0","","0","0","0","3","2","","125","2","1","0","0","0","1","0","2","0","2","0","0","0","3","03","","N","","","","","","","","","",""
"2021081593","1239","1","0","0","0","0","0","0","0","0","1","0","","67","8","2021","3","39.987665","-75.089774","1223","6","0","0","0","0","0","0","1","0","","0","0","0","11","1","1","N","0","0","39 59:15.595","","0","75 05:23.185","4","0","0","0","67301","0","0","0","N","0","0","0","3","68K01","1","","1.0","","1","N","N","N","0","","0","0","1","0","0","","1153","2","1","0","0","0","0","0","2","0","2","0","0","0","3","","","N","","","","","","","","","",""
"2021055053","0800","0","0","0","0","0","0","0","0","0","7","0","","67","6","2021","3","39.984681","-75.156494","0755","6","0","0","0","0","0","0","0","0","","0","0","0","7","1","0","","1","0","39 59:04.850","","0","75 09:23.377","0","0","0","0","67301","0","0","0","N","0","0","0","1","67505","0","","5.0","","1","N","N","N","0","","0","0","1","3","2","","755","2","0","1","0","0","0","0","2","0","1","0","0","0","3","03","","N","","","","","","","","","",""
"2021083105","0825","2","0","0","0","0","0","0","0","0","4","0","","67","9","2021","4","39.984538","-75.156664","0825","6","0","1","0","0","0","0","0","0","","0","0","0","8","1","2","N","0","0","39 59:04.336","","7","75 09:23.991","3","0","0","0","67301","0","0","0","N","0","0","0","3","67301","0","","1.0","","9","N","N","N","0","","2","0","0","0","0","","817","2","2","2","0","0","0","0","2","0","2","0","0","0","4","","","N","","","","","","","","","",""
"2021055975","1347","3","0","0","0","0","0","0","0","0","4","0","","67","6","2021","4","39.969999","-75.163109","1339","6","0","0","0","0","0","0","0","0","","0","0","0","13","1","0","","1","0","39 58:11.995","","0","75 09:47.193","9","0","0","0","67301","0","0","0","N","0","0","0","2","67301","0","","1.0","","1","N","N","N","0","","0","0","0","3","3","","1300","3","0","0","0","0","0","1","2","0","3","0","0","0","3","03","","N","","","","","","","","","",""
"2021055766","1723","1","0","0","0","0","0","0","0","0","5","0","","67","6","2021","4","40.094617","-75.015761","1719","6","0","0","0","0","0","0","0","0","","0","0","0","17","1","1","N","0","0","40 05:40.620","","0","75 00:56.740","8","0","0","0","67301","0","0","0","N","0","0","0","2","67301","0","","1.0","","1","N","N","N","0","","0","0","1","0","0","","1716","2","1","0","0","0","1","0","2","0","2","0","0","0","3","03","","N","","","","","","","","","",""
"2021057101","1115","0","0","0","0","0","0","0","0","0","4","0","","67","6","2021","6","40.040156","-75.214146","1109","6","0","0","0","0","0","1","0","0","","0","0","0","11","1","0","","2","0","40 02:24.561","","0","75 12:50.924","0","0","0","0","67301","0","0","0","N","0","0","0","3","67301","0","","1.0","","9","N","N","N","0","","0","0","2","3","2","","1102","2","0","0","0","0","0","0","2","0","2","0","0","0","7","07","","N","","","","","","","","","",""
"2021081327","1708","0","0","0","0","0","0","0","0","0","4","0","","67","8","2021","1","40.021917","-75.089789","1655","6","0","0","0","0","0","0","0","0","","0","0","0","16","1","2","N","0","2","40 01:18.900","3","0","75 05:23.240","4","0","0","0","67301","0","0","0","N","0","0","0","2","67301","2","","1.0","1820.0","1","N","N","N","0","","0","0","1","0","0","Y","1654","3","2","2","0","0","0","0","2","0","3","0","0","0","3","04","","N","","","","","","","","","",""
"2021082358","0505","0","0","0","0","0","0","0","0","0","5","0","","67","8","2021","1","39.979624","-75.231938","0503","6","0","0","0","0","0","0","0","0","","0","0","0","4","3","0","N","0","0","39 58:46.648","","0","75 13:54.978","0","0","0","0","67301","0","0","0","N","0","0","0","1","67301","0","","6.0","","1","N","N","N","1","","0","0","1","0","0","","440","2","0","0","0","0","0","0","2","0","2","0","0","0","3","03","","N","","","","","","","","","",""
"2021055232","0740","0","0","0","0","0","0","0","0","0","8","0","","67","6","2021","2","39.915899","-75.164491","0732","6","0","0","0","0","0","0","0","0","","0","0","0","7","1","1","","1","0","39 54:57.236","","0","75 09:52.167","3","0","0","0","67301","1","0","0","N","1","0","0","2","67301","0","","1.0","","1","N","N","N","1","","1","0","0","3","2","","721","2","1","0","0","0","0","0","2","0","1","1","0","0","4","04","","N","","","","","","","","","",""
"2021081600","1147","1","0","0","0","0","0","0","0","0","1","0","","67","8","2021","5","39.976702","-75.196453","1140","6","0","0","0","0","0","1","0","0","","0","0","0","11","1","0","N","0","0","39 58:36.126","","0","75 11:47.230","0","0","0","0","67301","0","0","0","N","0","0","0","2","68K01","0","","1.0","","1","N","N","N","0","","0","0","1","3","8","","1138","2","0","0","0","0","0","0","2","0","2","0","0","0","3","","","N","","","","","","","","","",""
"2021063250","1822","2","0","0","0","0","0","0","0","0","1","0","","67","6","2021","5","39.958026","-75.140745","1752","6","0","0","0","0","0","1","0","0","","0","0","0","17","1","0","N","0","1","39 57:28.894","1","0","75 08:26.682","0","0","0","0","67301","0","0","0","N","0","0","0","2","68K01","0","","1.0","1822.0","1","N","N","N","0","","0","0","0","0","0","N","1750","2","0","0","0","0","0","0","2","0","2","0","0","0","3","","","N","","","","","","","","","",""
"2021055090","1330","1","0","0","0","0","0","0","0","0","4","0","","67","6","2021","2","39.996481","-75.186899","1327","6","0","0","0","0","0","0","0","0","","0","0","0","12","1","2","","1","0","39 59:47.333","","0","75 11:12.836","3","0","0","0","67301","0","0","0","N","0","0","0","4","67301","0","","1.0","","1","N","N","N","0","","2","0","1","3","3","","1241","2","2","0","0","0","0","0","2","0","2","0","0","0","3","03","","N","","","","","","","","","",""
"2021055244","1925","1","0","0","0","0","0","0","0","0","5","0","","67","6","2021","2","40.048838","-75.114651","1925","6","0","0","0","0","0","0","0","0","","0","0","0","16","1","0","N","0","0","40 02:55.815","","0","75 06:52.743","0","0","0","0","67301","0","0","0","N","0","0","0","2","67301","0","","1.0","","99","N","N","N","0","","0","0","0","0","0","","1610","2","0","1","0","0","0","0","2","1","2","0","0","0","4","","","N","","","","","","","","","",""
"2021085737","0745","2","0","0","0","0","0","0","0","0","4","0","","67","9","2021","6","40.016994","-75.188321","0731","6","0","0","0","0","0","0","0","0","","0","0","0","6","1","0","","1","1","40 01:01.180","1","0","75 11:17.957","0","0","0","0","67301","0","0","0","N","0","0","0","3","67301","0","","1.0","830.0","1","N","N","N","0","","0","0","0","3","2","Y","645","2","0","0","0","0","0","0","2","0","2","0","0","0","3","03","","N","","","","","","","","","",""
"2021056729","0823","0","0","0","0","0","0","0","0","0","1","0","","67","6","2021","5","39.999782","-75.080458","0823","6","0","0","0","0","0","0","0","0","","0","0","0","8","1","0","N","0","0","39 59:59.215","","8","75 04:49.648","0","0","0","0","67301","0","0","0","N","0","0","0","2","68K01","0","","1.0","","1","N","N","N","0","","0","0","1","0","0","","802","2","0","0","0","0","0","0","2","1","2","0","0","0","3","03","","N","","","","","","","","","",""
"2021062446","0339","1","0","0","0","0","0","0","0","0","7","0","","67","6","2021","3","39.993553","-75.084588","0339","6","0","0","0","0","0","0","0","0","","0","0","0","3","3","0","N","0","0","39 59:36.791","","0","75 05:04.518","0","0","0","0","67301","0","0","0","N","0","0","0","1","68K01","0","","3.0","","9","N","N","N","0","","0","0","0","0","0","","339","1","0","0","0","0","0","0","2","0","1","0","0","0","7","","","N","","","","","","","","","",""
"2021052646","1705","1","0","0","0","0","0","0","0","0","8","0","","67","6","2021","3","39.951273","-75.199133","1704","6","0","0","0","0","0","0","0","0","","0","0","0","17","1","1","","1","0","39 57:04.584","","0","75 11:56.878","3","0","0","0","67301","1","0","0","N","1","0","0","2","67504","0","","1.0","","9","N","N","N","0","","1","0","0","3","2","","1701","2","1","1","0","0","0","0","2","0","1","1","0","0","7","04","","N","","","","","","","","","",""
"2021057467","1544","0","0","0","0","0","0","0","0","0","4","0","","67","6","2021","4","39.947413","-75.239751","1539","6","0","0","0","0","0","1","0","0","","0","0","0","15","1","1","","1","0","39 56:50.686","","0","75 14:23.103","3","0","0","1","67301","0","0","0","N","0","0","0","2","67301","0","","1.0","","1","N","N","N","0","","1","0","1","3","2","","1536","2","1","0","0","0","0","0","2","0","2","0","0","0","3","","","N","","","","","","","","","",""
"2021114685","","0","0","0","0","0","0","0","0","0","4","0","","67","7","2021","5","39.918134","-75.170977","","6","0","0","0","0","0","0","0","0","","0","0","0","19","1","0","","1","0","39 55:05.284","","0","75 10:15.516","0","0","0","1","67301","0","0","0","N","0","0","0","2","00000","0","","1.0","","1","N","N","N","0","","0","0","1","3","2","","1915","2","0","0","0","0","0","0","2","0","2","0","0","0","3","","","N","","","","","","","","","",""
"2021104776","1720","1","0","0","0","0","0","0","0","0","7","0","","67","10","2021","1","39.935869","-75.225533","1706","6","0","0","0","0","0","0","0","0","","0","0","0","16","1","0","N","0","0","39 56:09.129","","0","75 13:31.917","9","0","0","0","67301","0","0","0","N","0","0","0","1","67301","0","","5.0","","1","N","N","N","0","","0","0","0","0","0","","1649","1","0","0","0","0","0","1","2","0","1","0","0","0","3","03","","N","","","","","","","","","",""
"2021078503","0902","1","0","0","0","0","0","0","0","0","1","1","","67","8","2021","6","39.909111","-75.152528","0902","6","0","0","0","0","0","2","0","0","","0","1","0","9","1","0","N","0","1","39 54:32.800","3","3","75 09:09.100","0","0","0","0","67301","0","0","0","N","0","0","0","3","67501","0","","1.0","934.0","1","N","N","Y","1","","0","0","0","0","0","N","902","3","0","0","0","0","0","0","2","0","3","0","0","0","4","","","N","","","","","","","","","",""
"2021077759","2004","1","0","0","0","0","0","0","0","0","7","0","","67","6","2021","5","40.047849","-74.999396","1951","6","0","0","0","1","0","0","0","0","","0","0","0","19","1","0","N","0","1","40 02:52.258","3","3","74 59:57.824","0","0","0","0","67301","0","0","0","N","0","0","0","1","68K01","0","","4.0","2015.0","1","N","N","N","0","","0","0","0","0","0","N","1950","1","0","0","0","0","0","0","2","0","1","0","0","0","3","","","N","","","","","","","","","",""
"2021055772","1815","1","0","0","0","0","0","0","0","0","1","0","","67","6","2021","3","39.980282","-75.181611","1812","6","0","0","0","0","0","0","0","0","","0","0","0","15","1","1","","1","0","39 58:49.015","","0","75 10:53.799","3","0","0","0","67301","0","0","0","N","0","0","0","2","67301","0","","1.0","","1","N","N","N","1","","1","0","0","0","0","","1505","2","1","0","0","0","0","1","2","0","2","0","0","0","3","03","","N","","","","","","","","","",""
"2021081735","1141","1","0","0","0","0","0","0","0","0","4","0","","67","8","2021","2","39.999779","-75.104463","1141","6","0","0","0","0","0","0","0","0","","0","0","0","8","1","0","","2","0","39 59:59.205","","0","75 06:16.065","9","0","0","0","67301","0","0","0","N","0","0","0","2","67301","0","","1.0","","1","N","N","N","0","","0","0","1","3","3","","800","2","0","0","0","0","0","1","2","0","2","0","0","0","3","03","","N","","","","","","","","","",""
"2021069813","1025","1","0","0","0","0","0","0","0","0","7","0","","67","6","2021","5","39.9473","-75.176471","1004","6","0","0","0","0","0","0","0","1","","0","0","0","9","1","2","","2","0","39 56:50.279","","0","75 10:35.295","3","0","0","0","67301","0","0","0","N","0","0","0","2","67301","0","","5.0","","1","N","N","N","0","","2","0","0","3","3","","948","1","2","0","0","0","0","0","2","0","1","0","0","0","3","03","","N","","","","","","","","","",""
"2021060030","1157","0","0","0","0","0","0","0","0","0","8","0","","67","6","2021","6","39.996438","-75.113451","1147","6","0","0","0","0","0","0","0","0","","0","0","0","11","1","1","","5","0","39 59:47.175","","1","75 06:48.425","8","0","0","0","67301","1","0","0","N","1","0","0","2","67508","0","","1.0","","1","N","N","Y","0","","0","0","0","3","2","","1147","2","1","0","0","0","1","0","2","0","1","1","0","0","3","03","","N","","","","","","","","","",""
"2021054114","1243","1","0","0","0","0","0","0","0","0","1","0","","67","6","2021","6","40.016857","-75.151858","1243","6","0","0","0","0","0","0","0","1","","0","0","0","12","1","1","N","0","0","40 01:00.686","","7","75 09:06.689","3","0","0","0","67301","0","0","0","N","0","0","0","3","67301","0","","1.0","","9","N","N","N","0","","1","0","2","0","0","","1237","3","1","0","0","0","0","0","2","0","3","0","0","0","7","04","","N","","","","","","","","","",""
"2021082038","1315","0","0","0","0","0","0","0","0","0","8","0","","67","8","2021","6","40.005375","-75.168092","1305","6","0","0","0","0","0","0","0","0","","0","0","0","12","1","1","N","0","0","40 00:19.350","","0","75 10:05.130","3","0","0","0","67301","1","0","0","N","1","0","0","2","67301","0","","1.0","","1","N","Y","N","1","","1","0","0","0","0","","1250","2","1","0","0","0","0","0","2","0","1","1","0","0","3","","","N","","","","","","","","","",""
"2021055882","2020","1","0","0","0","0","0","0","0","0","4","0","","67","6","2021","3","40.037331","-75.125066","2020","6","0","0","0","0","0","0","0","0","","0","0","0","19","1","0","","1","0","40 02:14.391","","0","75 07:30.237","9","0","0","0","67301","0","0","0","N","0","0","0","4","67301","0","","1.0","","99","N","N","N","1","","0","0","0","3","3","","1900","2","0","4","0","0","0","4","2","0","2","0","0","0","3","","","N","","","","","","","","","",""