"CRN","ARRIVAL_TM","AUTOMOBILE_COUNT","BELTED_DEATH_COUNT","BELTED_SUSP_SERIOUS_INJ_COUNT","BICYCLE_COUNT","BICYCLE_DEATH_COUNT","BICYCLE_SUSP_SERIOUS_INJ_COUNT","BUS_COUNT","CHLDPAS_DEATH_COUNT","CHLDPAS_SUSP_SERIOUS_INJ_COUNT","COLLISION_TYPE","COMM_VEH_COUNT","CONS_ZONE_SPD_LIM","COUNTY","CRASH_MONTH","CRASH_YEAR","DAY_OF_WEEK","DEC_LATITUDE","DEC_LONGITUDE","DISPATCH_TM","DISTRICT","DRIVER_COUNT_16YR","DRIVER_COUNT_17YR","DRIVER_COUNT_18YR","DRIVER_COUNT_19YR","DRIVER_COUNT_20YR","DRIVER_COUNT_50_64YR","DRIVER_COUNT_65_74YR","DRIVER_COUNT_75PLUS","EST_HRS_CLOSED","FATAL_COUNT","HEAVY_TRUCK_COUNT","HORSE_BUGGY_COUNT","HOUR_OF_DAY","ILLUMINATION","INJURY_COUNT","INTERSECTION_RELATED","INTERSECT_TYPE","LANE_CLOSED","LATITUDE","LN_CLOSE_DIR","LOCATION_TYPE","LONGITUDE","MAX_SEVERITY_LEVEL","MCYCLE_DEATH_COUNT","MCYCLE_SUSP_SERIOUS_INJ_COUNT","MOTORCYCLE_COUNT","MUNICIPALITY","NONMOTR_COUNT","NONMOTR_DEATH_COUNT","NONMOTR_SUSP_SERIOUS_INJ_COUNT","NTFY_HIWY_MAINT","PED_COUNT","PED_DEATH_COUNT","PED_SUSP_SERIOUS_INJ_COUNT","PERSON_COUNT","POLICE_AGCY","POSSIBLE_INJ_COUNT","RDWY_SURF_TYPE_CD","RELATION_TO_ROAD","ROADWAY_CLEARED","ROAD_CONDITION","SCH_BUS_IND","SCH_ZONE_IND","SECONDARY_CRASH","SMALL_TRUCK_COUNT","SPEC_JURIS_CD","SUSP_MINOR_INJ_COUNT","SUSP_SERIOUS_INJ_COUNT","SUV_COUNT","TCD_FUNC_CD","TCD_TYPE","TFC_DETOUR_IND","TIME_OF_DAY","TOTAL_UNITS","TOT_INJ_COUNT","UNBELTED_OCC_COUNT","UNB_DEATH_COUNT","UNB_SUSP_SERIOUS_INJ_COUNT","UNK_INJ_DEG_COUNT","UNK_INJ_PER_COUNT","URBAN_RURAL","VAN_COUNT","VEHICLE_COUNT","VULNERABLE_ROAD_USER_COUNT","VULNERABLE_ROAD_USER_DEATH_COUNT","VULNERABLE_ROAD_USER_SER_INJ_COUNT","WEATHER1","WEATHER2","WORKERS_PRES","WORK_ZONE_IND","WORK_ZONE_LOC","WORK_ZONE_TYPE","WZ_CLOSE_DETOUR","WZ_FLAGGER","WZ_LAW_OFFCR_IND","WZ_LN_CLOSURE","WZ_MOVING","WZ_OTHER","WZ_SHLDER_MDN","WZ_WORKERS_INJ_KILLED"
"2021083158","0719","2","0","0","0","0","0","0","0","0","4","0","","67","8","2021","2","40.092066","-74.977841","0709","6","0","1","0","0","0","1","0","0","","0","0","0","7","1","1","N","0","1","40 05:31.439","4","0","74 58:40.227","3","0","0","0","67301","0","0","0","N","0","0","0","3","67301","0","","1.0","730.0","1","N","N","N","0","","1","0","1","0","0","N","700","3","1","0","0","0","0","0","2","0","3","0","0","0","3","03","","N","","","","","","","","","",""
"2021054983","1237","3","0","0","0","0","0","0","0","0","8","0","","67","6","2021","6","40.044101","-75.162594","1236","6","0","0","0","0","0","0","0","0","","0","0","0","12","1","1","N","0","2","40 02:38.763","7","0","75 09:45.340","2","0","0","0","67301","1","0","1","N","1","0","1","2","67301","0","","1.0","1441.0","9","N","N","N","0","","0","1","0","0","0","Y","1235","5","1","0","0","0","0","0","2","1","4","1","0","1","7","04","","N","","","","","","","","","",""
"2021085939","1800","1","0","0","0","0","0","0","0","0","8","0","","67","9","2021","1","39.980213","-75.157468","1800","6","0","0","0","0","0","0","0","0","","0","0","0","15","1","1","N","1","0","39 58:48.767","","0","75 09:26.884","8","0","0","0","67301","1","0","0","N","1","0","0","1","67505","0","","1.0","","1","N","N","N","0","","0","0","0","3","2","","1534","2","1","0","0","0","1","0","2","0","1","1","0","0","3","03","","N","","","","","","","","","",""
"2021070770","1630","0","0","0","0","0","0","0","0","0","5","0","","67","7","2021","1","39.903896","-75.19784","1630","6","0","0","0","0","0","1","0","0","","0","0","0","10","1","3","N","0","0","39 54:14.026","","0","75 11:52.225","3","0","0","0","67301","0","0","0","N","0","0","0","5","67301","1","","1.0","","1","N","N","N","0","","1","0","4","0","0","","1028","4","3","0","0","0","1","0","2","0","4","0","0","0","3","","","N","","","","","","","","","",""
"2021057095","1035","0","0","0","0","0","0","0","0","0","5","0","","67","6","2021","4","40.029924","-75.103509","1030","6","0","0","0","0","0","0","0","0","","0","0","0","6","1","2","N","0","0","40 01:47.727","","0","75 06:12.631","4","0","0","0","67301","0","0","0","N","0","0","0","3","67301","2","","1.0","","1","N","N","N","1","","0","0","1","0","0","","600","2","2","0","0","0","0","0","2","0","2","0","0","0","3","03","","N","","","","","","","","","",""
"2021081697","1323","0","0","0","0","0","0","0","0","0","1","1","","67","5","2021","5","40.009088","-75.067375","1312","6","0","0","0","0","0","0","0","0","","0","1","0","13","1","0","N","0","0","40 00:32.718","","3","75 04:02.549","9","0","0","0","67301","0","0","0","N","0","0","0","2","68K01","0","","1.0","","1","N","N","N","0","","0","0","1","0","0","","1312","2","0","0","0","0","0","1","2","0","2","0","0","0","3","03","","N","","","","","","","","","",""
"2021053671","0650","2","0","0","0","0","0","0","0","0","4","0","","67","6","2021","4","40.039076","-75.144733","0649","6","0","0","0","1","0","0","0","0","","0","0","0","6","1","1","","1","2","40 02:20.672","7","0","75 08:41.040","3","0","0","0","67301","0","0","0","N","0","0","0","3","67301","0","","1.0","755.0","1","N","N","N","0","","1","0","0","3","2","Y","649","2","1","1","0","0","0","0","2","0","2","0","0","0","3","03","","N","","","","","","","","","",""
"2021053615","1235","4","0","0","0","0","0","0","0","0","5","0","","67","6","2021","5","39.963853","-75.193489","1230","6","0","0","0","0","0","0","0","0","","0","0","0","12","1","0","N","0","0","39 57:49.870","","0","75 11:36.560","9","0","0","0","67301","0","0","0","N","0","0","0","1","67301","0","","6.0","","1","N","N","N","0","","0","0","3","0","0","","1215","7","0","0","0","0","0","1","2","0","7","0","0","0","3","03","","N","","","","","","","","","",""
"2021054109","1811","0","0","0","0","0","0","0","0","0","4","0","","67","6","2021","3","40.009232","-75.15778","1809","6","0","0","0","0","0","0","0","0","","0","0","0","18","2","3","","1","0","40 00:33.235","","0","75 09:28.008","3","0","0","0","67301","0","0","0","N","0","0","0","6","67301","1","","1.0","","9","N","N","N","0","","2","0","2","3","3","","1804","2","3","0","0","0","0","1","2","0","2","0","0","0","7","","","N","","","","","","","","","",""
"2021053563","1232","1","0","0","0","0","0","0","0","0","1","0","","67","6","2021","4","40.029428","-75.106157","1228","6","0","0","0","0","0","0","0","0","","0","0","0","12","1","1","N","0","2","40 01:45.941","2","0","75 06:22.166","8","0","0","0","67301","0","0","0","N","0","0","0","1","67301","0","","1.0","1300.0","1","N","N","N","0","","0","0","0","0","0","N","1228","2","1","0","0","0","1","0","2","1","2","0","0","0","3","","","N","","","","","","","","","",""
"2021076650","2003","1","0","0","0","0","0","0","0","0","4","0","","67","7","2021","7","39.958202","-75.235514","1937","6","0","0","0","0","0","0","0","0","","0","0","0","17","3","0","","1","0","39 57:29.526","","0","75 14:07.849","0","0","0","0","67301","0","0","0","N","0","0","0","2","67301","0","","1.0","","1","N","N","N","0","","0","0","0","3","2","","1737","2","0","1","0","0","0","0","2","1","2","0","0","0","3","","","N","","","","","","","","","",""
"2021062694","1521","0","0","0","0","0","0","0","0","0","0","0","","67","6","2021","5","39.88568","-75.243175","1512","6","0","0","0","0","0","1","0","0","","0","0","0","15","1","1","N","0","1","39 53:08.449","1","0","75 14:35.430","8","0","0","1","67301","0","0","0","N","0","0","0","1","68K01","0","","1.0","1540.0","1","N","N","N","0","","0","0","0","0","0","N","1511","1","1","0","0","0","1","0","2","0","1","0","0","0","3","","","N","","","","","","","","","",""
"2021070517","1825","1","0","0","0","0","0","0","0","0","1","0","","67","7","2021","3","40.013223","-75.150268","1813","6","0","0","0","0","0","1","0","0","","0","0","0","16","1","1","N","0","0","40 00:47.603","","0","75 09:00.964","3","0","0","0","67301","0","0","0","N","0","0","0","3","67301","0","","1.0","","1","N","N","N","1","","1","0","0","0","0","","1640","2","1","0","0","0","0","1","2","0","2","0","0","0","3","03","","N","","","","","","","","","",""
"2021069845","1948","1","0","0","0","0","0","0","0","0","8","0","","67","7","2021","5","40.041456","-75.036189","1945","6","0","0","0","0","0","0","0","0","","0","0","0","19","1","1","N","0","2","40 02:29.240","3","0","75 02:10.280","8","0","0","0","67301","1","0","0","N","1","0","0","2","67301","0","","1.0","2134.0","1","N","N","N","0","","0","0","0","0","0","Y","1944","2","1","0","0","0","1","0","2","0","1","1","0","0","3","","","N","","","","","","","","","",""
"2021057915","0857","1","0","0","0","0","0","0","0","0","5","0","","67","6","2021","5","39.945215","-75.198239","0845","6","0","0","0","0","0","0","0","0","","0","1","0","8","1","0","N","0","1","39 56:42.775","1","1","75 11:53.662","0","0","0","0","67301","0","0","0","N","0","0","0","2","67301","0","","1.0","215.0","1","N","N","N","0","","0","0","0","0","0","N","845","2","0","0","0","0","0","0","2","0","2","0","0","0","3","03","","N","","","","","","","","","",""
"2021085178","2021","1","0","0","0","0","0","0","0","0","4","0","","67","7","2021","6","40.032248","-75.036836","2020","6","0","0","0","1","0","0","0","0","","0","0","0","20","3","3","","1","0","40 01:56.091","","0","75 02:12.611","3","0","0","0","67301","0","0","0","N","0","0","0","3","67301","0","","1.0","","1","N","N","N","0","","3","0","1","3","2","","2020","2","3","0","0","0","0","0","2","0","2","0","0","0","3","","","N","","","","","","","","","",""
"2021070467","1716","1","0","0","0","0","0","0","0","0","8","0","","67","7","2021","7","39.956314","-75.239905","1714","6","0","0","0","0","0","1","0","0","","0","0","0","17","1","1","","1","0","39 57:22.730","","0","75 14:23.657","3","0","0","0","67301","1","0","0","N","1","0","0","2","67301","0","","1.0","","1","N","N","N","0","","1","0","0","3","2","","1711","2","1","0","0","0","0","0","2","0","1","1","0","0","3","03","","N","","","","","","","","","",""
"2021053614","0435","1","0","0","0","0","0","0","0","0","5","0","","67","6","2021","3","39.985975","-75.214928","0432","6","0","0","0","0","0","1","0","0","","0","0","0","4","8","0","N","0","0","39 59:09.510","","0","75 12:53.740","0","0","0","0","67301","0","0","0","N","0","0","0","3","67301","0","","1.0","","9","N","N","N","1","","0","0","0","0","0","","423","3","0","0","0","0","0","0","2","1","3","0","0","0","7","04","","N","","","","","","","","","",""
"2021072646","0150","2","0","0","0","0","0","0","0","0","5","0","","67","7","2021","4","40.008074","-75.141965","0150","6","0","0","0","0","0","0","0","0","","0","0","0","1","3","0","N","0","0","40 00:29.066","","0","75 08:31.075","0","0","0","0","67301","0","0","0","N","0","0","0","2","67301","0","","1.0","","1","N","N","N","0","","0","0","0","0","0","","140","2","0","1","0","0","0","0","2","0","2","0","0","0","3","03","","N","","","","","","","","","",""
"2021055484","1443","1","0","0","0","0","0","0","0","0","4","0","","67","6","2021","3","39.986182","-75.159607","1440","6","0","0","0","0","0","0","0","0","","0","0","0","14","1","2","","2","2","39 59:10.255","1","0","75 09:34.585","2","0","2","1","67301","0","0","0","N","0","0","0","2","67301","0","","1.0","1545.0","1","N","N","N","0","","0","2","0","3","3","Y","1440","2","2","0","0","0","0","0","2","0","2","0","0","0","3","","","N","","","","","","","","","",""
"2021081633","0304","0","0","0","0","0","0","0","0","0","5","0","","67","8","2021","3","39.968955","-75.127079","0301","6","0","0","0","0","0","0","0","0","","0","0","0","2","3","0","N","0","2","39 58:08.237","1","0","75 07:37.483","0","0","0","0","67301","0","0","0","N","0","0","0","1","68K01","0","","4.0","310.0","1","N","N","N","0","","0","0","0","0","0","N","259","1","0","0","0","0","0","0","2","1","1","0","0","0","3","","","N","","","","","","","","","",""
"2021071079","1258","2","0","0","0","0","0","0","0","0","4","0","","67","7","2021","2","39.973768","-75.245294","1258","6","0","0","0","0","0","1","0","0","","0","0","0","12","1","0","","1","0","39 58:25.565","","0","75 14:43.057","0","0","0","0","67301","0","0","0","N","0","0","0","2","67301","0","","1.0","","1","N","N","N","0","","0","0","0","3","2","","1258","2","0","0","0","0","0","0","2","0","2","0","0","0","3","03","","N","","","","","","","","","",""
"2021070384","2345","3","0","0","0","0","0","0","0","0","5","0","","67","7","2021","6","39.941156","-75.149742","2345","6","0","0","0","0","0","0","0","0","","0","0","0","23","3","0","N","0","0","39 56:28.160","","0","75 08:59.070","0","0","0","0","67301","0","0","0","N","0","0","0","1","67301","0","","6.0","","1","N","N","N","0","","0","0","0","0","0","","2345","3","0","0","0","0","0","0","2","0","3","0","0","0","3","03","","N","","","","","","","","","",""
"2021055482","1614","1","0","0","0","0","0","0","0","0","4","0","","67","6","2021","3","39.986747","-75.207556","1610","6","0","0","0","0","0","0","0","0","","0","0","0","15","1","1","","1","0","39 59:12.288","","2","75 12:27.201","3","0","0","0","67301","0","0","0","N","0","0","0","2","67301","0","","1.0","","1","N","N","N","0","","1","0","1","3","2","","1540","2","1","0","0","0","0","0","2","0","2","0","0","0","3","","","N","","","","","","","","","",""
"2021080995","0302","2","0","0","0","0","0","0","0","0","4","0","","67","8","2021","1","39.984949","-75.158241","0301","6","0","0","0","1","0","0","0","0","","0","0","0","3","3","0","","1","1","39 59:05.816","2","0","75 09:29.666","0","0","0","0","67301","0","0","0","N","0","0","0","2","67505","0","","1.0","330.0","1","N","N","N","0","","0","0","0","3","2","N","300","2","0","0","0","0","0","0","2","0","2","0","0","0","3","03","","N","","","","","","","","","",""
"2021090951","1035","0","0","0","0","0","0","0","0","0","8","0","","67","9","2021","6","39.944269","-75.222292","1031","6","0","0","0","0","0","0","1","0","","0","0","0","10","1","1","N","0","0","39 56:39.370","","0","75 13:20.250","2","0","0","0","67301","1","0","1","N","1","0","1","2","67301","0","","1.0","","1","N","N","N","0","","0","1","1","0","0","","1030","2","1","0","0","0","0","0","2","0","1","1","0","1","3","03","","N","","","","","","","","","",""
"2021064196","0030","0","0","0","0","0","0","0","0","0","8","0","","67","6","2021","5","40.026806","-75.227361","0020","6","0","0","0","0","0","0","0","0","","0","0","0","0","3","1","N","0","0","40 01:36.500","","3","75 13:38.500","3","0","0","0","67301","1","0","0","N","1","0","0","2","67301","0","","1.0","","1","N","N","N","0","","1","0","1","0","0","","12","2","1","0","0","0","0","0","2","0","1","1","0","0","3","","","N","","","","","","","","","",""
"2021082804","1132","1","0","0","0","0","0","0","0","0","4","0","","67","8","2021","6","40.047047","-75.087637","1122","6","0","0","0","0","0","0","0","0","","0","0","0","11","1","1","N","2","0","40 02:49.370","","0","75 05:15.493","8","0","0","0","67301","0","0","0","N","0","0","0","2","67301","0","","1.0","","9","N","N","N","0","","0","0","1","3","3","","1122","2","1","0","0","0","1","0","2","0","2","0","0","0","7","04","","N","","","","","","","","","",""
"2021092065","2153","1","0","0","0","0","0","0","0","0","7","0","","67","8","2021","3","39.988472","-75.088666","2140","6","0","0","0","0","1","0","0","0","","0","0","0","21","3","0","N","0","1","39 59:18.499","2","0","75 05:19.198","0","0","0","0","67301","0","0","0","N","0","0","0","1","68K01","0","","4.0","2210.0","1","N","N","N","0","","0","0","0","0","0","N","2138","1","0","0","0","0","0","0","2","0","1","0","0","0","3","","","N","","","","","","","","","",""
"2021069927","2006","1","0","0","0","0","0","0","0","0","4","0","","67","7","2021","6","40.024122","-75.185758","2004","6","0","0","0","0","1","0","1","0","","0","0","0","19","1","0","N","0","0","40 01:26.840","","7","75 11:08.730","0","0","0","0","67301","0","0","0","N","0","0","0","2","67301","0","","1.0","","1","N","N","N","1","","0","0","0","0","0","","1949","2","0","0","0","0","0","0","2","0","2","0","0","0","3","03","","N","","","","","","","","","",""
"2021060705","1918","1","0","0","0","0","0","0","0","0","5","0","","67","6","2021","1","39.887006","-75.205218","1901","6","0","0","0","0","0","1","0","0","","0","0","0","18","1","0","N","0","0","39 53:13.222","","3","75 12:18.783","9","0","0","0","67301","0","0","0","N","0","0","0","2","68K01","0","","1.0","","1","N","N","N","0","","0","0","0","0","0","","1834","2","0","0","0","0","0","1","2","1","2","0","0","0","3","03","","N","","","","","","","","","",""
"2021071923","1231","0","0","0","0","0","0","0","0","0","1","0","","67","7","2021","6","39.959873","-75.177797","1219","6","0","0","0","0","0","1","0","0","","0","0","0","12","1","1","N","0","1","39 57:35.543","4","0","75 10:40.069","3","0","0","0","67301","0","0","0","N","0","0","0","4","68K01","0","","1.0","15.0","1","N","N","N","0","","1","0","2","0","0","N","1217","2","1","0","0","0","0","1","2","0","2","0","0","0","3","","","N","","","","","","","","","",""
"2021069823","0525","3","0","0","0","0","0","0","0","0","5","0","","67","7","2021","2","39.921178","-75.242136","0521","6","0","0","0","0","0","0","0","0","","0","0","0","5","3","0","N","0","0","39 55:16.240","","0","75 14:31.690","0","0","0","0","67301","0","0","0","N","0","0","0","1","67301","0","","6.0","","1","N","N","N","0","","0","0","0","0","0","","520","3","0","0","0","0","0","0","2","0","3","0","0","0","3","03","","N","","","","","","","","","",""
"2021057144","1635","2","0","0","0","0","0","0","0","0","4","0","","67","6","2021","6","39.971038","-75.155724","1625","6","0","0","0","0","0","0","0","0","","0","0","0","15","1","2","","1","0","39 58:15.737","","0","75 09:20.607","3","0","0","0","67301","0","0","0","N","0","0","0","6","67301","0","","1.0","","1","N","N","N","0","","2","0","0","3","2","","1537","2","2","0","0","0","0","0","2","0","2","0","0","0","3","03","","N","","","","","","","","","",""
"2021069835","1320","1","0","0","0","0","0","0","0","0","1","0","","67","7","2021","3","40.062588","-75.17079","1302","6","0","0","0","0","0","1","1","0","","0","0","0","11","1","2","","1","0","40 03:45.318","","0","75 10:14.844","3","0","0","0","67301","0","0","0","N","0","0","0","3","67301","0","","1.0","","1","N","N","N","0","","2","0","1","3","2","","1128","2","2","0","0","0","0","1","2","0","2","0","0","0","3","03","","N","","","","","","","","","",""
"2021055422","2324","1","0","0","0","0","0","0","0","0","4","0","","67","6","2021","3","39.992787","-75.158171","2324","6","0","0","0","0","0","0","0","0","","0","0","0","23","3","6","","1","2","39 59:34.033","4","0","75 09:29.415","3","0","0","0","67301","0","0","0","N","0","0","0","6","67301","0","","1.0","1.0","1","N","N","N","0","","6","0","1","3","3","Y","2324","2","6","1","0","0","0","0","2","0","2","0","0","0","3","","","N","","","","","","","","","",""
"2021081304","0625","3","0","0","0","0","0","0","0","0","4","0","","67","8","2021","2","39.960658","-75.1872","0624","6","0","0","0","0","0","0","0","0","","0","0","0","6","5","0","N","0","0","39 57:38.370","","0","75 11:13.920","0","0","0","0","67301","0","0","0","N","0","0","0","1","67507","0","","1.0","","1","N","N","Y","0","","0","0","0","0","0","","620","3","0","0","0","0","0","0","2","0","3","0","0","0","3","03","","N","","","","","","","","","",""
"2021070470","0135","2","0","0","0","0","0","0","0","0","1","0","","67","7","2021","3","39.979413","-75.225333","0135","6","0","0","0","0","0","1","0","0","","0","0","0","1","3","1","","1","0","39 58:45.886","","0","75 13:31.197","3","0","0","0","67301","0","0","0","N","0","0","0","2","67301","0","","1.0","","1","N","N","N","0","","1","0","0","3","2","","118","2","1","0","0","0","0","0","2","0","2","0","0","0","3","03","","N","","","","","","","","","",""
"2021070362","0838","0","0","0","0","0","0","0","0","0","5","0","","67","7","2021","5","39.920083","-75.156056","0837","6","0","0","0","0","0","0","1","0","","0","0","0","8","1","0","N","0","0","39 55:12.300","","0","75 09:21.800","0","0","0","0","67301","0","0","0","N","0","0","0","1","67301","0","","6.0","","1","N","N","N","0","","0","0","1","0","0","","833","2","0","0","0","0","0","0","2","1","2","0","0","0","3","","","N","","","","","","","","","",""
"2021070936","1726","0","0","0","0","0","0","0","0","0","0","0","45","67","7","2021","1","39.98157","-75.10225","1710","6","0","0","0","0","0","1","0","0","","0","0","0","17","1","1","","6","1","39 58:53.653","2","2","75 06:08.101","2","0","1","1","67301","0","0","0","N","0","0","0","1","68K01","0","","7.0","1745.0","1","N","N","N","0","","0","1","0","0","0","Y","1708","1","1","0","0","0","0","0","2","0","1","0","0","0","3","03","N","Y","4","1","","","N","","","","Y","N"
"2021069859","0026","2","0","0","0","0","0","0","0","0","4","0","","67","7","2021","5","39.957583","-75.205976","0021","6","0","0","0","0","0","1","0","0","","0","0","0","0","3","0","","1","0","39 57:27.300","","0","75 12:21.515","9","0","0","0","67301","0","0","0","N","0","0","0","3","67301","0","","1.0","","1","N","N","N","0","","0","0","0","3","2","","20","2","0","0","0","0","0","1","2","0","2","0","0","0","3","03","","N","","","","","","","","","",""
"2021054509","0042","2","0","0","0","0","0","0","0","0","5","0","","67","6","2021","2","40.042714","-75.119856","0036","6","0","0","0","0","0","0","0","0","","0","0","0","0","3","0","N","0","0","40 02:33.770","","0","75 07:11.480","9","0","0","0","67301","0","0","0","N","0","0","0","1","67301","0","","6.0","","1","N","N","N","0","","0","0","2","0","0","","32","4","0","0","0","0","0","1","2","0","4","0","0","0","3","","","N","","","","","","","","","",""
"2021070433","1558","2","0","0","0","0","0","0","0","0","1","0","","67","7","2021","6","40.022534","-75.036698","1554","6","0","0","0","0","0","0","0","0","","0","0","0","15","1","1","N","0","0","40 01:21.123","","0","75 02:12.112","3","0","0","0","67301","0","0","0","N","0","0","0","4","67301","0","","1.0","","1","N","N","N","0","","1","0","0","0","0","","1552","2","1","0","0","0","0","0","2","0","2","0","0","0","3","","","N","","","","","","","","","",""
"2021087537","1540","1","0","0","0","0","0","0","0","0","5","1","","67","9","2021","6","40.042728","-75.158314","1530","6","0","0","0","0","0","0","0","0","","0","1","0","14","1","1","N","0","0","40 02:33.820","","0","75 09:29.930","3","0","0","0","67301","0","0","0","N","0","0","0","1","67301","0","","1.0","","1","N","N","N","0","","1","0","0","0","0","","1420","2","1","0","0","0","0","0","2","0","2","0","0","0","3","","","N","","","","","","","","","",""
"2021085735","1340","2","0","0","0","0","0","0","0","0","1","0","","67","9","2021","3","40.012446","-75.168835","1320","6","0","0","0","0","0","1","0","0","","0","0","0","11","1","1","N","0","9","40 00:44.804","","0","75 10:07.806","3","0","0","0","67301","0","0","0","N","0","0","0","3","67301","0","","1.0","","1","N","N","N","0","","1","0","0","0","0","U","1100","2","1","0","0","0","0","1","2","0","2","0","0","0","3","","","N","","","","","","","","","",""
"2021090830","0123","4","0","0","0","0","0","0","0","0","1","0","","67","9","2021","7","40.017773","-75.048963","0109","6","0","0","0","0","1","0","0","0","","0","0","0","1","3","2","N","0","2","40 01:03.983","2","0","75 02:56.267","3","0","0","0","67301","0","0","0","N","0","0","0","4","68K01","0","","1.0","215.0","1","N","N","N","0","","2","0","0","0","0","N","108","4","2","0","0","0","0","0","2","0","4","0","0","0","3","03","","N","","","","","","","","","",""
"2021055231","2219","1","0","0","0","0","0","0","0","0","8","0","","67","6","2021","7","39.910729","-75.165661","2219","6","0","0","0","0","0","0","0","0","","0","0","0","22","3","1","","1","0","39 54:38.625","","0","75 09:56.378","2","0","0","0","67301","1","0","1","N","1","0","1","2","67301","0","","1.0","","1","N","N","N","0","","0","1","0","3","2","","2219","2","1","0","0","0","0","0","2","0","1","1","0","1","3","03","","N","","","","","","","","","",""
"2021081909","1555","2","0","0","0","0","0","0","0","0","5","0","","67","8","2021","5","39.971586","-75.122273","1540","6","0","0","0","0","0","0","0","0","","0","0","0","15","1","1","N","7","0","39 58:17.711","","2","75 07:20.181","8","0","0","0","67301","0","0","0","Y","0","0","0","2","68K01","0","","1.0","","1","N","N","N","0","","0","0","0","0","0","","1539","2","1","0","0","0","1","1","2","0","2","0","0","0","3","","","N","","","","","","","","","",""
"2021076781","1100","1","0","0","0","0","0","0","0","0","0","1","","67","8","2021","3","39.905528","-75.130694","1100","6","0","0","0","0","0","1","0","0","","0","1","0","11","1","0","N","0","1","39 54:19.900","4","3","75 07:50.500","0","0","0","0","67301","0","0","0","N","0","0","0","2","67501","0","","1.0","1125.0","1","N","N","N","0","","0","0","0","0","0","N","1100","2","0","1","0","0","0","0","2","0","2","0","0","0","3","","","N","","","","","","","","","",""
"2021091721","1630","1","0","0","0","0","0","0","0","0","4","0","","67","9","2021","3","39.983911","-75.24478","1623","6","0","0","0","0","0","0","0","0","","0","0","0","15","1","2","N","0","0","39 59:02.080","","7","75 14:41.207","3","0","0","0","67301","0","0","0","N","0","0","0","2","67301","0","","1.0","","1","N","N","N","0","","2","0","1","0","0","","1542","2","2","0","0","0","0","0","2","0","2","0","0","0","3","03","","N","","","","","","","","","",""
"2021059122","1512","0","0","0","0","0","0","0","0","0","4","0","","67","6","2021","7","40.023685","-75.092612","1456","6","0","0","0","0","0","0","0","0","","0","0","0","14","1","1","","1","0","40 01:25.267","","0","75 05:33.402","3","0","0","0","67301","0","0","0","N","0","0","0","3","67301","0","","1.0","","1","N","N","N","0","","1","0","2","3","2","","1445","2","1","0","0","0","0","0","2","0","2","0","0","0","3","","","N","","","","","","","","","",""
"2021057134","1245","2","0","0","0","0","0","0","0","0","4","0","","67","6","2021","6","40.022744","-75.089899","1245","6","0","0","0","0","0","0","0","0","","0","0","0","12","1","2","","1","0","40 01:21.878","","0","75 05:23.636","4","0","0","0","67301","0","0","0","N","0","0","0","3","67301","2","","1.0","","1","N","N","N","0","","0","0","0","3","3","","1200","2","2","3","0","0","0","1","2","0","2","0","0","0","3","03","","N","","","","","","","","","",""
"2021077017","1814","1","0","0","0","0","0","0","0","0","1","0","","67","6","2021","3","39.950707","-75.141608","1804","6","0","0","1","0","0","0","0","0","","0","0","0","17","1","0","N","0","0","39 57:02.545","","0","75 08:29.789","9","0","0","0","67301","0","0","0","N","0","0","0","3","68K01","0","","1.0","","8","N","N","N","1","","0","0","0","0","0","","1757","3","0","0","0","0","0","1","2","0","3","0","0","0","7","07","","N","","","","","","","","","",""
"2021069853","2050","2","0","0","0","0","0","0","0","0","5","0","","67","7","2021","7","39.960799","-75.224695","2050","6","0","0","0","0","0","0","0","0","","0","0","0","20","2","0","","2","0","39 57:38.878","","0","75 13:28.901","9","0","0","0","67301","0","0","0","N","0","0","0","1","67301","0","","1.0","","9","N","N","N","0","","0","0","0","3","2","","2040","2","0","0","0","0","0","1","2","0","2","0","0","0","3","03","","N","","","","","","","","","",""
"2021069791","1840","1","0","0","0","0","0","0","0","0","4","0","","67","7","2021","3","39.954661","-75.149521","1819","6","0","0","0","0","0","0","0","0","","0","0","0","18","1","1","","5","0","39 57:16.781","","2","75 08:58.276","8","0","0","0","67301","0","0","0","N","0","0","0","2","67301","0","","1.0","","1","N","N","N","0","","0","0","1","3","2","","1810","2","1","0","0","0","1","0","2","0","2","0","0","0","3","","","N","","","","","","","","","",""
"2021082111","2304","1","0","0","0","0","0","0","0","0","5","0","","67","8","2021","1","39.897672","-75.185779","2240","6","0","0","0","0","0","0","0","0","","0","0","0","22","3","1","N","0","2","39 53:51.620","1","3","75 11:08.803","3","0","0","0","67301","0","0","0","N","0","0","0","2","68K01","0","","1.0","2330.0","1","N","N","N","0","","1","0","0","0","0","N","2221","2","1","0","0","0","0","1","2","0","2","0","0","0","3","03","","N","","","","","","","","","",""
"2021056199","0344","3","0","0","0","0","0","0","0","0","6","0","","67","6","2021","5","39.955844","-75.229603","0344","6","0","0","0","0","0","0","0","0","","0","0","0","3","3","0","N","0","0","39 57:21.040","","0","75 13:46.570","0","0","0","0","67301","0","0","0","N","0","0","0","2","67301","0","","6.0","","1","N","N","N","0","","0","0","0","0","0","","344","3","0","0","0","0","0","0","2","0","3","0","0","0","3","03","","N","","","","","","","","","",""