"CRN","ARRIVAL_TM","AUTOMOBILE_COUNT","BELTED_DEATH_COUNT","BELTED_SUSP_SERIOUS_INJ_COUNT","BICYCLE_COUNT","BICYCLE_DEATH_COUNT","BICYCLE_SUSP_SERIOUS_INJ_COUNT","BUS_COUNT","CHLDPAS_DEATH_COUNT","CHLDPAS_SUSP_SERIOUS_INJ_COUNT","COLLISION_TYPE","COMM_VEH_COUNT","CONS_ZONE_SPD_LIM","COUNTY","CRASH_MONTH","CRASH_YEAR","DAY_OF_WEEK","DEC_LATITUDE","DEC_LONGITUDE","DISPATCH_TM","DISTRICT","DRIVER_COUNT_16YR","DRIVER_COUNT_17YR","DRIVER_COUNT_18YR","DRIVER_COUNT_19YR","DRIVER_COUNT_20YR","DRIVER_COUNT_50_64YR","DRIVER_COUNT_65_74YR","DRIVER_COUNT_75PLUS","EST_HRS_CLOSED","FATAL_COUNT","HEAVY_TRUCK_COUNT","HORSE_BUGGY_COUNT","HOUR_OF_DAY","ILLUMINATION","INJURY_COUNT","INTERSECTION_RELATED","INTERSECT_TYPE","LANE_CLOSED","LATITUDE","LN_CLOSE_DIR","LOCATION_TYPE","LONGITUDE","MAX_SEVERITY_LEVEL","MCYCLE_DEATH_COUNT","MCYCLE_SUSP_SERIOUS_INJ_COUNT","MOTORCYCLE_COUNT","MUNICIPALITY","NONMOTR_COUNT","NONMOTR_DEATH_COUNT","NONMOTR_SUSP_SERIOUS_INJ_COUNT","NTFY_HIWY_MAINT","PED_COUNT","PED_DEATH_COUNT","PED_SUSP_SERIOUS_INJ_COUNT","PERSON_COUNT","POLICE_AGCY","POSSIBLE_INJ_COUNT","RDWY_SURF_TYPE_CD","RELATION_TO_ROAD","ROADWAY_CLEARED","ROAD_CONDITION","SCH_BUS_IND","SCH_ZONE_IND","SECONDARY_CRASH","SMALL_TRUCK_COUNT","SPEC_JURIS_CD","SUSP_MINOR_INJ_COUNT","SUSP_SERIOUS_INJ_COUNT","SUV_COUNT","TCD_FUNC_CD","TCD_TYPE","TFC_DETOUR_IND","TIME_OF_DAY","TOTAL_UNITS","TOT_INJ_COUNT","UNBELTED_OCC_COUNT","UNB_DEATH_COUNT","UNB_SUSP_SERIOUS_INJ_COUNT","UNK_INJ_DEG_COUNT","UNK_INJ_PER_COUNT","URBAN_RURAL","VAN_COUNT","VEHICLE_COUNT","VULNERABLE_ROAD_USER_COUNT","VULNERABLE_ROAD_USER_DEATH_COUNT","VULNERABLE_ROAD_USER_SER_INJ_COUNT","WEATHER1","WEATHER2","WORKERS_PRES","WORK_ZONE_IND","WORK_ZONE_LOC","WORK_ZONE_TYPE","WZ_CLOSE_DETOUR","WZ_FLAGGER","WZ_LAW_OFFCR_IND","WZ_LN_CLOSURE","WZ_MOVING","WZ_OTHER","WZ_SHLDER_MDN","WZ_WORKERS_INJ_KILLED"
"2021066638","0222","1","0","0","0","0","0","0","0","0","1","0","","67","7","2021","1","39.957444","-75.147278","0222","6","0","0","0","0","0","0","0","0","","0","0","0","2","3","5","N","0","0","39 57:26.800","","4","75 08:50.200","3","0","0","0","67301","0","0","0","N","0","0","0","5","67501","0","","1.0","","1","N","N","N","0","","5","0","1","0","0","","222","2","5","0","0","0","0","0","2","0","2","0","0","0","3","","","N","","","","","","","","","",""
"2021069819","0854","0","0","0","0","0","0","0","0","0","6","0","","67","7","2021","7","39.921699","-75.231043","0854","6","0","0","0","0","0","0","0","0","","0","0","0","8","1","0","N","0","0","39 55:18.117","","0","75 13:51.754","0","0","0","0","67301","0","0","0","N","0","0","0","1","67301","0","","6.0","","1","N","N","N","0","","0","0","3","0","0","","840","3","0","0","0","0","0","0","2","0","3","0","0","0","3","03","","N","","","","","","","","","",""
"2021064177","1330","0","0","0","0","0","0","0","0","0","4","0","","67","6","2021","4","40.035689","-75.108559","1318","6","0","0","0","0","0","0","1","0","","0","0","0","13","1","1","N","0","0","40 02:08.481","","7","75 06:30.814","8","0","0","0","67301","0","0","0","N","0","0","0","3","67301","0","","1.0","","1","N","N","N","0","","0","0","2","0","0","","1318","2","1","0","0","0","1","2","2","0","2","0","0","0","3","03","","N","","","","","","","","","",""
"2021059123","2010","3","0","0","0","0","0","0","0","0","6","0","","67","6","2021","3","40.020019","-75.118442","2007","6","0","0","0","0","0","0","0","0","","0","0","0","20","3","0","N","0","0","40 01:12.070","","0","75 07:06.390","0","0","0","0","67301","0","0","0","N","0","0","0","1","67301","0","","1.0","","1","N","N","N","0","","0","0","0","0","0","","2000","3","0","0","0","0","0","0","2","0","3","0","0","0","3","03","","N","","","","","","","","","",""
"2021081560","2245","1","0","0","0","0","0","0","0","0","5","1","","67","7","2021","1","39.994282","-75.198913","2237","6","0","0","0","0","0","0","0","0","","0","1","0","22","3","0","N","0","0","39 59:39.416","","0","75 11:56.087","0","0","0","0","67301","0","0","0","N","0","0","0","2","68K01","0","","1.0","","1","N","N","N","0","","0","0","0","0","0","","2201","2","0","0","0","0","0","0","2","0","2","0","0","0","3","","","N","","","","","","","","","",""
"2021080703","2100","2","0","0","0","0","0","0","0","0","4","0","","67","8","2021","6","40.004705","-75.152241","2055","6","0","0","0","0","0","0","1","0","","0","0","0","20","3","0","N","1","0","40 00:16.937","","0","75 09:08.069","0","0","0","0","67301","0","0","0","N","0","0","0","4","67505","0","","1.0","","1","N","N","N","0","","0","0","0","3","2","","2055","2","0","0","0","0","0","0","2","0","2","0","0","0","3","03","","N","","","","","","","","","",""
"2021082623","1416","1","0","0","0","0","0","0","0","0","1","1","","67","8","2021","6","40.002389","-75.122472","1416","6","0","0","0","0","0","2","0","0","","0","1","0","14","1","1","N","0","0","40 00:08.600","","0","75 07:20.900","3","0","0","0","67301","0","0","0","N","0","0","0","2","67301","0","","1.0","","9","N","N","N","0","","1","0","0","0","0","","1416","2","1","0","0","0","0","0","2","0","2","0","0","0","7","","","N","","","","","","","","","",""
"2021080109","1305","0","0","0","0","0","0","0","0","0","4","0","","67","8","2021","4","40.058854","-75.047459","1159","6","0","0","0","0","0","1","0","0","","0","0","0","11","1","1","","1","0","40 03:31.874","","0","75 02:50.852","8","0","0","0","67301","0","0","0","N","0","0","0","3","67301","0","","1.0","","1","N","N","N","1","","0","0","1","3","3","","1137","2","1","0","0","0","1","0","2","0","2","0","0","0","3","","","N","","","","","","","","","",""
"2021066669","2008","0","0","0","0","0","0","0","0","0","5","0","","67","7","2021","5","40.023249","-75.034103","1957","6","0","0","0","0","0","0","0","0","","0","0","0","19","3","3","N","0","1","40 01:23.695","1","3","75 02:02.771","8","0","0","0","67301","0","0","0","N","0","0","0","8","68K01","0","","1.0","2015.0","1","N","N","N","0","","0","0","2","0","0","N","1952","2","3","0","0","0","3","0","2","0","2","0","0","0","4","04","","N","","","","","","","","","",""
"2021069750","1258","1","0","0","0","0","0","0","0","0","4","0","","67","7","2021","2","40.046175","-75.102994","1250","6","0","0","0","0","0","0","0","0","","0","0","0","12","1","1","N","0","0","40 02:46.230","","0","75 06:10.780","3","0","0","0","67301","0","0","0","N","0","0","0","2","67301","0","","1.0","","1","N","N","N","0","","1","0","0","0","0","","1250","2","1","0","0","0","0","0","2","1","2","0","0","0","3","03","","N","","","","","","","","","",""
"2021079484","1803","0","0","0","0","0","0","0","0","0","7","0","","67","7","2021","7","40.014193","-75.055716","1750","6","0","0","0","0","0","0","0","0","","0","0","0","17","1","1","N","0","0","40 00:51.094","","0","75 03:20.577","2","0","1","1","67301","0","0","0","N","0","0","0","1","68K01","0","","4.0","","1","N","N","N","0","","0","1","0","0","0","","1740","1","1","0","0","0","0","0","2","0","1","0","0","0","3","","","N","","","","","","","","","",""
"2021054658","0054","1","0","0","0","0","0","0","0","0","1","0","45","67","6","2021","7","39.974613","-75.118083","0027","6","0","0","0","0","0","0","0","0","","0","0","0","0","2","0","N","0","1","39 58:28.605","2","3","75 07:05.098","0","0","0","0","67301","0","0","0","N","0","0","0","5","68K01","0","","1.0","107.0","1","N","N","N","0","","0","0","1","0","0","N","20","2","0","0","0","0","0","0","2","0","2","0","0","0","3","","N","Y","4","1","","","N","Y","","","Y","N"
"2021083901","0319","3","0","0","0","0","0","0","0","0","1","0","","67","6","2021","2","39.955894","-75.236422","0317","6","0","0","0","0","0","0","0","0","","0","0","0","3","3","3","N","0","0","39 57:21.220","","0","75 14:11.120","3","0","0","0","67301","0","0","0","N","0","0","0","3","67301","0","","1.0","","1","N","N","N","1","","1","0","0","0","0","","315","4","3","0","0","0","2","0","2","0","4","0","0","0","3","03","","N","","","","","","","","","",""
"2021054708","2130","1","0","0","0","0","0","0","0","0","4","0","","67","6","2021","5","39.93482","-75.229938","2151","6","0","0","0","0","0","0","0","0","","0","0","0","21","3","1","","2","0","39 56:05.351","","0","75 13:47.776","3","0","0","0","67301","0","0","0","N","0","0","0","2","67301","0","","1.0","","1","N","N","N","1","","1","0","0","3","3","","2120","2","1","0","0","0","0","0","2","0","2","0","0","0","3","03","","N","","","","","","","","","",""
"2021055875","0759","2","0","0","0","0","0","0","0","0","4","0","","67","6","2021","2","40.037767","-75.081298","0750","6","0","0","0","0","0","0","0","0","","0","0","0","7","1","1","","1","0","40 02:15.961","","0","75 04:52.672","8","0","0","0","67301","0","0","0","N","0","0","0","3","67301","0","","1.0","","1","N","N","Y","1","","0","0","0","3","2","","746","3","1","0","0","0","1","0","2","0","3","0","0","0","3","04","","N","","","","","","","","","",""
"2021064270","1724","1","0","0","0","0","0","0","0","0","1","0","","67","6","2021","3","40.02911","-75.105293","1723","6","0","0","0","0","0","1","0","0","","0","0","0","17","1","2","","3","1","40 01:44.795","1","0","75 06:19.055","3","0","0","0","67301","0","0","0","N","0","0","0","2","67301","0","","1.0","20.0","1","N","N","N","0","","2","0","1","3","2","Y","1722","2","2","0","0","0","0","0","2","0","2","0","0","0","3","03","","N","","","","","","","","","",""
"2021054214","0735","1","0","0","0","0","0","0","0","0","7","0","","67","6","2021","7","40.095613","-74.959476","0725","6","0","0","0","0","0","0","0","0","","0","0","0","6","1","0","N","0","2","40 05:44.206","5","0","74 57:34.114","9","0","0","0","67301","0","0","0","N","0","0","0","1","67301","0","","4.0","1430.0","1","N","N","N","0","","0","0","0","0","0","Y","630","1","0","0","0","0","0","1","2","0","1","0","0","0","3","03","","N","","","","","","","","","",""
"2021070434","1712","1","0","0","0","0","0","0","0","0","1","0","","67","7","2021","6","40.018379","-75.082138","1705","6","0","0","0","1","0","0","0","0","","0","0","0","17","1","2","N","0","0","40 01:06.163","","0","75 04:55.698","4","0","0","0","67301","0","0","0","N","0","0","0","4","67301","2","","1.0","","1","N","N","N","0","","0","0","1","0","0","","1703","2","2","0","0","0","0","0","2","0","2","0","0","0","3","03","","N","","","","","","","","","",""
"2021054285","0947","1","0","0","0","0","0","0","0","0","6","0","","67","6","2021","6","40.06425","-75.070592","0934","6","0","0","0","0","0","0","0","0","","0","0","0","7","1","0","N","0","0","40 03:51.300","","0","75 04:14.130","0","0","0","0","67301","0","0","0","N","0","0","0","2","67301","0","","1.0","","1","N","N","N","0","","0","0","0","0","0","","730","2","0","0","0","0","0","0","2","0","2","0","0","0","4","","","N","","","","","","","","","",""
"2021087113","0235","1","0","0","0","0","0","0","0","0","5","0","","67","7","2021","1","39.954828","-75.225946","0231","6","0","0","0","0","0","0","0","0","","0","0","0","2","3","0","N","0","0","39 57:17.379","","0","75 13:33.407","0","0","0","0","67301","0","0","0","N","0","0","0","2","67301","0","","1.0","","1","N","N","N","1","","0","0","0","0","0","","226","2","0","1","0","0","0","0","2","0","2","0","0","0","3","03","","N","","","","","","","","","",""
"2021070349","1416","1","0","0","0","0","0","0","0","0","4","0","","67","7","2021","6","40.045593","-75.071436","1416","6","0","0","0","0","0","1","0","0","","0","0","0","14","1","0","","1","1","40 02:44.136","1","0","75 04:17.168","0","0","0","0","67301","0","0","0","N","0","0","0","2","67301","0","","1.0","30.0","1","N","N","N","0","","0","0","1","3","2","N","1416","2","0","2","0","0","0","0","2","0","2","0","0","0","3","03","","N","","","","","","","","","",""
"2021091624","1532","1","0","0","0","0","0","0","0","0","1","0","","67","8","2021","2","39.953613","-75.140935","1521","6","0","0","0","1","0","0","0","0","","0","0","0","15","1","1","N","0","0","39 57:13.006","","0","75 08:27.367","3","0","0","0","67301","0","0","0","N","0","0","0","3","68K01","0","","1.0","","1","N","N","N","0","","1","0","1","0","0","","1520","2","1","0","0","0","0","0","2","0","2","0","0","0","3","","","N","","","","","","","","","",""
"2021090567","1636","2","0","0","0","0","0","0","0","0","1","0","","67","9","2021","6","39.927459","-75.146472","1632","6","0","0","0","0","0","0","1","0","","0","0","0","16","1","2","N","0","0","39 55:38.853","","0","75 08:47.300","8","0","0","0","67301","0","0","0","N","0","0","0","4","68K01","0","","1.0","","1","N","N","N","0","","0","0","1","0","0","","1630","3","2","0","0","0","2","0","2","0","3","0","0","0","3","03","","N","","","","","","","","","",""
"2021054286","1422","2","0","0","0","0","0","0","0","0","4","0","","67","6","2021","7","40.037802","-75.074462","1417","6","0","0","0","0","0","1","0","1","","0","0","0","13","1","1","","1","0","40 02:16.088","","0","75 04:28.064","3","0","0","0","67301","0","0","0","N","0","0","0","2","67301","0","","1.0","","1","N","N","N","0","","1","0","1","3","2","","1355","5","1","0","0","0","0","0","2","2","5","0","0","0","3","","","N","","","","","","","","","",""
"2021058046","0736","1","0","0","0","0","0","0","0","0","7","0","","67","6","2021","4","39.914899","-75.148041","0720","6","0","0","0","0","0","0","0","0","","0","0","0","7","1","0","N","0","0","39 54:53.635","","3","75 08:52.948","0","0","0","0","67301","0","0","0","N","0","0","0","1","68K01","0","","3.0","","1","N","N","N","0","","0","0","0","0","0","","718","1","0","0","0","0","0","0","2","0","1","0","0","0","3","","","N","","","","","","","","","",""
"2021059703","1730","1","0","0","0","0","0","0","0","0","4","0","","67","6","2021","2","40.00468","-75.152126","1630","6","0","0","0","0","1","1","0","0","","0","0","0","16","1","0","","1","0","40 00:16.847","","0","75 09:07.652","0","0","0","0","67301","0","0","0","N","0","0","0","3","67505","0","","1.0","","1","N","N","N","0","","0","0","1","3","2","","1630","2","0","1","0","0","0","0","2","0","2","0","0","0","3","03","","N","","","","","","","","","",""
"2021059526","2230","1","0","0","0","0","0","0","0","0","2","0","","67","6","2021","7","40.036833","-75.133597","2230","6","0","0","0","0","0","1","0","0","","0","0","0","22","3","1","N","0","0","40 02:12.597","","0","75 08:00.949","4","0","0","0","67301","0","0","0","N","0","0","0","2","67301","1","","1.0","","1","N","N","N","0","","0","0","1","0","0","","2230","2","1","1","0","0","0","0","2","0","2","0","0","0","3","03","","N","","","","","","","","","",""
"2021071648","1617","0","0","0","0","0","0","0","0","0","5","0","","67","7","2021","6","39.893334","-75.230719","1552","6","0","0","0","0","0","1","1","0","","0","0","0","15","1","1","N","0","1","39 53:36.004","2","0","75 13:50.590","4","0","0","0","67301","0","0","0","N","0","0","0","3","68K01","1","","1.0","1710.0","1","N","N","Y","0","","0","0","1","0","0","N","1550","2","1","0","0","0","0","0","2","1","2","0","0","0","3","","","N","","","","","","","","","",""
"2021087765","1855","1","0","0","0","0","0","0","0","0","7","0","","67","9","2021","2","40.026888","-75.025654","1838","6","0","0","0","0","0","0","0","0","","0","0","0","18","1","1","N","0","2","40 01:36.795","1","0","75 01:32.356","4","0","0","0","67301","0","0","0","N","0","0","0","1","68K01","1","","4.0","1905.0","1","N","N","N","0","","0","0","0","0","0","N","1828","1","1","0","0","0","0","0","2","0","1","0","0","0","3","","","N","","","","","","","","","",""
"2021069824","2207","2","0","0","0","0","0","0","0","0","4","0","","67","7","2021","2","39.917183","-75.246303","2207","6","0","0","0","0","0","0","0","0","","0","0","0","21","3","2","","1","0","39 55:01.859","","0","75 14:46.691","2","0","0","0","67301","0","0","0","N","0","0","0","3","67301","0","","1.0","","1","N","N","N","0","","1","1","0","3","2","","2141","2","2","2","0","1","0","0","2","0","2","0","0","0","3","03","","N","","","","","","","","","",""
"2021085512","1345","1","0","0","0","0","0","1","0","0","2","1","","67","8","2021","6","39.994704","-75.094595","1330","6","0","0","0","0","0","0","0","0","","0","0","0","13","1","2","","1","0","39 59:40.935","","0","75 05:40.542","4","0","0","0","67301","0","0","0","N","0","0","0","4","67508","1","","1.0","","1","N","N","Y","0","","0","0","0","3","2","","1330","2","2","0","0","0","1","0","2","0","2","0","0","0","3","02","","N","","","","","","","","","",""
"2021092899","1452","1","0","0","0","0","0","0","0","0","5","2","","67","9","2021","7","39.994796","-75.083952","1436","6","0","0","0","0","0","1","0","0","","0","2","0","14","1","3","N","0","1","39 59:41.267","2","0","75 05:02.227","3","0","0","0","67301","0","0","0","N","0","0","0","9","68K01","2","","1.0","1530.0","1","N","N","N","0","","1","0","2","0","0","N","1430","5","3","2","0","0","0","0","2","0","5","0","0","0","3","","","N","","","","","","","","","",""
"2021092868","1452","1","0","0","0","0","0","0","0","0","5","1","99","67","8","2021","5","39.995153","-75.19779","1443","6","0","0","0","0","0","0","1","0","","0","1","0","14","1","2","N","0","2","39 59:42.552","4","0","75 11:52.044","8","0","0","0","67301","0","0","0","N","0","0","0","4","68K01","0","","1.0","1600.0","1","N","N","Y","0","","0","0","0","0","0","N","1440","3","2","0","0","0","2","0","2","1","3","0","0","0","3","","Y","Y","4","2","N","N","N","N","Y","N","N","N"
"2021070472","1011","1","0","0","0","0","0","0","0","0","1","0","","67","7","2021","4","39.981417","-75.223296","1000","6","0","0","0","0","0","0","0","0","","0","0","0","9","1","1","N","0","0","39 58:53.102","","0","75 13:23.865","3","0","0","0","67301","0","0","0","N","0","0","0","3","67301","0","","6.0","","1","N","N","N","0","","1","0","0","0","0","","956","2","1","0","0","0","0","0","2","1","2","0","0","0","3","03","","N","","","","","","","","","",""
"2021070454","2328","2","0","0","0","0","0","0","0","0","4","0","","67","7","2021","7","39.942284","-75.184468","2328","6","0","0","0","0","0","0","0","0","","0","0","0","23","3","2","","5","0","39 56:32.222","","0","75 11:04.084","3","0","0","0","67301","0","0","0","N","0","0","0","3","67301","0","","1.0","","9","N","N","N","0","","2","0","0","1","2","","2325","2","2","0","0","0","0","0","2","0","2","0","0","0","7","07","","N","","","","","","","","","",""
"2021092404","1302","1","0","0","1","0","0","0","0","0","8","1","25","67","9","2021","5","39.955313","-75.187111","1258","6","0","0","0","0","0","1","0","0","","0","1","0","12","1","1","","2","1","39 57:19.125","4","0","75 11:13.598","3","0","0","0","67301","1","0","0","N","0","0","0","3","67507","0","","1.0","1326.0","1","N","N","Y","0","","1","0","0","3","2","N","1255","3","1","0","0","0","0","0","2","0","2","1","0","0","3","04","U","Y","5","1","","","Y","Y","","","","N"
"2021085796","0402","1","0","0","0","0","0","0","0","0","7","0","","67","9","2021","6","39.889786","-75.219473","0348","6","0","0","0","0","0","0","0","0","","0","0","0","3","3","0","N","0","0","39 53:23.231","","0","75 13:10.102","0","0","0","0","67301","0","0","0","N","0","0","0","1","68K01","0","","2.0","","1","N","N","N","0","","0","0","0","0","0","","345","1","0","0","0","0","0","0","2","0","1","0","0","0","3","","","N","","","","","","","","","",""
"2021057159","1810","1","0","0","0","0","0","0","0","0","1","0","","67","6","2021","6","40.013043","-75.119472","1808","6","0","0","0","0","0","0","0","0","","0","0","0","18","1","2","","1","0","40 00:46.955","","0","75 07:10.098","3","0","0","0","67301","0","0","0","N","0","0","0","4","67301","0","","1.0","","1","N","N","N","0","","2","0","2","3","2","","1802","3","2","0","0","0","0","0","2","0","3","0","0","0","3","03","","N","","","","","","","","","",""
"2021069797","2021","1","0","0","0","0","0","0","0","0","4","0","","67","7","2021","6","40.090985","-75.032671","2019","6","0","0","1","1","0","0","0","0","","0","0","0","20","4","1","","2","0","40 05:27.547","","0","75 01:57.615","2","0","1","1","67301","0","0","0","N","0","0","0","3","67301","0","","1.0","","1","N","N","N","0","","0","1","0","3","2","","2018","2","1","0","0","0","0","0","2","0","2","0","0","0","3","03","","N","","","","","","","","","",""
"2021072645","0530","2","0","0","0","0","0","0","0","0","5","0","","67","7","2021","1","40.0101","-75.142369","0525","6","0","0","0","0","0","0","0","0","","0","0","0","5","3","0","N","0","0","40 00:36.360","","0","75 08:32.530","0","0","0","0","67301","0","0","0","N","0","0","0","1","67301","0","","6.0","","1","N","N","N","0","","0","0","1","0","0","","520","3","0","0","0","0","0","0","2","0","3","0","0","0","3","","","N","","","","","","","","","",""
"2021053611","1938","1","0","0","0","0","0","0","0","0","4","0","","67","6","2021","3","40.030793","-75.041184","1936","6","0","0","0","0","0","0","0","0","","0","0","0","19","1","1","","1","0","40 01:50.853","","0","75 02:28.264","3","0","0","0","67301","0","0","0","N","0","0","0","3","67301","0","","1.0","","9","N","N","N","0","","1","0","1","3","3","","1933","2","1","0","0","0","0","0","2","0","2","0","0","0","7","07","","N","","","","","","","","","",""
"2021054713","1305","1","0","0","0","0","0","0","0","0","4","0","","67","6","2021","2","40.057616","-75.152523","1300","6","0","0","0","0","0","0","1","0","","0","0","0","12","1","1","","3","2","40 03:27.417","5","0","75 09:09.082","3","0","0","0","67301","0","0","0","N","0","0","0","3","67301","0","","1.0","1500.0","1","N","N","N","0","","1","0","0","3","3","Y","1251","2","1","0","0","0","0","0","2","1","2","0","0","0","3","03","","N","","","","","","","","","",""
"2021087225","1215","2","0","0","0","0","0","0","0","0","1","0","","67","9","2021","4","40.074464","-75.03495","1203","6","0","0","0","0","0","1","0","0","","0","0","0","11","1","2","","1","1","40 04:28.071","2","0","75 02:05.821","8","0","0","0","67301","0","0","0","N","0","0","0","4","67301","0","","1.0","1225.0","1","N","N","N","0","","0","0","0","3","2","N","1150","2","2","0","0","0","2","0","2","0","2","0","0","0","3","03","","N","","","","","","","","","",""
"2021092736","0036","1","0","0","0","0","0","0","0","0","4","1","","67","9","2021","1","39.958422","-75.167139","0036","6","0","0","0","0","0","1","0","0","","0","1","0","0","3","0","N","0","0","39 57:30.319","","0","75 10:01.702","0","0","0","0","67301","0","0","0","N","0","0","0","2","68K01","0","","1.0","","1","N","N","N","0","","0","0","0","0","0","","36","2","0","0","0","0","0","0","2","0","2","0","0","0","3","","","N","","","","","","","","","",""
"2021071080","1546","2","0","0","0","0","0","0","0","0","1","0","","67","7","2021","3","39.972067","-75.234122","1546","6","0","0","0","0","0","1","0","0","","0","0","0","15","1","0","N","0","0","39 58:19.440","","0","75 14:02.840","0","0","0","0","67301","0","0","0","N","0","0","0","1","67301","0","","1.0","","1","N","N","N","0","","0","0","0","0","0","","1546","3","0","1","0","0","0","0","2","1","3","0","0","0","3","","","N","","","","","","","","","",""
"2021069804","1202","1","0","0","0","0","0","0","0","0","1","0","","67","7","2021","1","40.060139","-75.009371","1154","6","0","0","0","0","0","0","0","0","","0","0","0","11","1","0","N","0","0","40 03:36.499","","0","75 00:33.735","0","0","0","0","67301","0","0","0","N","0","0","0","3","67301","0","","1.0","","1","N","N","N","0","","0","0","1","0","0","","1100","2","0","0","0","0","0","0","2","0","2","0","0","0","3","03","","N","","","","","","","","","",""
"2021059519","1805","2","0","0","0","0","0","0","0","0","4","0","","67","6","2021","1","40.054897","-75.154485","1800","6","0","0","0","0","0","0","1","0","","0","0","0","17","1","2","","5","1","40 03:17.629","6","0","75 09:16.145","3","0","0","0","67301","0","0","0","N","0","0","0","3","67301","0","","1.0","1930.0","1","N","N","N","0","","2","0","2","3","2","Y","1730","4","2","0","0","0","0","1","2","0","4","0","0","0","3","03","","N","","","","","","","","","",""
"2021069802","1349","1","0","0","0","0","0","0","0","0","1","0","","67","7","2021","3","40.084923","-75.036226","1331","6","0","0","0","0","0","1","0","0","","0","0","0","13","1","1","N","0","0","40 05:05.723","","0","75 02:10.413","8","0","0","0","67301","0","0","0","N","0","0","0","2","67301","0","","1.0","","1","N","N","N","0","","0","0","1","0","0","","1328","2","1","0","0","0","1","0","2","0","2","0","0","0","3","","","N","","","","","","","","","",""
"2021091760","0025","1","0","0","0","0","0","0","0","0","4","0","","67","9","2021","4","40.043731","-75.127006","0022","6","0","0","0","0","0","0","0","0","","0","0","0","0","3","0","N","0","0","40 02:37.430","","0","75 07:37.220","0","0","0","0","67301","0","0","0","N","0","0","0","1","67301","0","","1.0","","1","N","N","N","0","","0","0","1","0","0","","20","2","0","1","0","0","0","0","2","0","2","0","0","0","3","03","","N","","","","","","","","","",""
"2021064379","1745","0","0","0","0","0","0","0","0","0","4","0","","67","6","2021","3","40.035351","-75.132773","1740","6","0","0","0","0","0","1","0","0","","0","0","0","14","1","1","","1","0","40 02:07.263","","0","75 07:57.982","3","0","0","0","67301","0","0","0","N","0","0","0","2","67301","0","","1.0","","1","N","N","N","0","","1","0","0","3","3","","1423","2","1","0","0","0","0","1","2","1","2","0","0","0","3","","","N","","","","","","","","","",""
"2021064259","0935","0","0","0","0","0","0","0","0","0","5","0","","67","6","2021","7","40.004332","-75.07741","0930","6","0","0","0","0","0","0","0","0","","0","0","0","9","1","1","","1","0","40 00:15.595","","0","75 04:38.676","3","0","0","0","67301","0","0","0","N","0","0","0","3","67301","0","","1.0","","99","N","N","N","0","","1","0","3","3","2","","930","3","1","0","0","0","0","0","2","0","3","0","0","0","4","04","","N","","","","","","","","","",""
"2021072878","1440","0","0","0","0","0","0","0","0","0","4","0","","67","7","2021","7","39.996842","-75.116434","1440","6","0","0","0","0","0","1","0","0","","0","0","0","14","1","0","","2","0","39 59:48.632","","0","75 06:59.164","0","0","0","0","67301","0","0","0","N","0","0","0","2","67301","0","","1.0","","1","N","N","N","0","","0","0","2","3","3","","1435","2","0","0","0","0","0","0","2","0","2","0","0","0","3","03","","N","","","","","","","","","",""
"2021069752","2229","2","0","0","0","0","0","0","0","0","4","0","","67","7","2021","2","40.030041","-75.103207","2229","6","0","0","0","0","0","0","0","0","","0","0","0","17","1","1","","1","0","40 01:48.146","","0","75 06:11.546","8","0","0","0","67301","0","0","0","N","0","0","0","2","67301","0","","1.0","","99","N","N","N","0","","0","0","0","9","9","","1745","2","1","0","0","0","1","1","2","0","2","0","0","0","3","03","","N","","","","","","","","","",""
"2021071213","2025","0","0","0","0","0","0","0","0","0","1","0","45","67","7","2021","1","39.974677","-75.117196","2016","6","0","0","0","0","0","0","0","0","","0","0","0","20","4","0","N","0","1","39 58:28.838","1","3","75 07:01.907","0","0","0","0","67301","0","0","0","N","0","0","0","4","68K01","0","","1.0","2024.0","1","N","N","N","0","","0","0","4","0","0","N","2005","4","0","0","0","0","0","0","2","0","4","0","0","0","3","","N","Y","4","1","","","N","","","","Y","N"
"2021073468","0535","2","0","0","0","0","0","0","0","0","1","0","50","67","7","2021","1","39.986327","-75.207984","0535","6","0","0","0","1","0","0","0","0","","0","0","0","5","2","2","N","0","2","39 59:10.776","4","0","75 12:28.744","3","0","0","0","67301","0","0","0","N","0","0","0","7","68K01","0","","1.0","630.0","1","N","N","N","0","","2","0","1","0","0","Y","535","3","2","0","0","0","0","0","2","0","3","0","0","0","3","","N","Y","4","1","","","N","","","","Y","N"
"2021070603","1833","1","0","0","0","0","0","0","0","0","5","0","","67","7","2021","7","39.986006","-75.208067","1827","6","0","0","0","0","0","0","0","0","","0","0","0","18","1","1","N","0","2","39 59:09.621","4","0","75 12:29.040","8","0","0","0","67301","0","0","0","N","0","0","0","3","68K01","0","","1.0","1930.0","1","N","N","N","0","","0","0","1","0","0","N","1826","2","1","0","0","0","1","0","2","0","2","0","0","0","3","","","N","","","","","","","","","",""
"2021070478","0415","2","0","0","0","0","0","0","0","0","1","0","","67","7","2021","5","39.989186","-75.158925","0407","6","0","0","0","0","0","0","0","0","","0","0","0","4","3","0","N","0","0","39 59:21.070","","0","75 09:32.130","0","0","0","0","67301","0","0","0","N","0","0","0","3","67301","0","","1.0","","1","N","N","N","0","","0","0","0","0","0","","400","2","0","2","0","0","0","0","2","0","2","0","0","0","3","","","N","","","","","","","","","",""