"CRN","ARRIVAL_TM","AUTOMOBILE_COUNT","BELTED_DEATH_COUNT","BELTED_SUSP_SERIOUS_INJ_COUNT","BICYCLE_COUNT","BICYCLE_DEATH_COUNT","BICYCLE_SUSP_SERIOUS_INJ_COUNT","BUS_COUNT","CHLDPAS_DEATH_COUNT","CHLDPAS_SUSP_SERIOUS_INJ_COUNT","COLLISION_TYPE","COMM_VEH_COUNT","CONS_ZONE_SPD_LIM","COUNTY","CRASH_MONTH","CRASH_YEAR","DAY_OF_WEEK","DEC_LATITUDE","DEC_LONGITUDE","DISPATCH_TM","DISTRICT","DRIVER_COUNT_16YR","DRIVER_COUNT_17YR","DRIVER_COUNT_18YR","DRIVER_COUNT_19YR","DRIVER_COUNT_20YR","DRIVER_COUNT_50_64YR","DRIVER_COUNT_65_74YR","DRIVER_COUNT_75PLUS","EST_HRS_CLOSED","FATAL_COUNT","HEAVY_TRUCK_COUNT","HORSE_BUGGY_COUNT","HOUR_OF_DAY","ILLUMINATION","INJURY_COUNT","INTERSECTION_RELATED","INTERSECT_TYPE","LANE_CLOSED","LATITUDE","LN_CLOSE_DIR","LOCATION_TYPE","LONGITUDE","MAX_SEVERITY_LEVEL","MCYCLE_DEATH_COUNT","MCYCLE_SUSP_SERIOUS_INJ_COUNT","MOTORCYCLE_COUNT","MUNICIPALITY","NONMOTR_COUNT","NONMOTR_DEATH_COUNT","NONMOTR_SUSP_SERIOUS_INJ_COUNT","NTFY_HIWY_MAINT","PED_COUNT","PED_DEATH_COUNT","PED_SUSP_SERIOUS_INJ_COUNT","PERSON_COUNT","POLICE_AGCY","POSSIBLE_INJ_COUNT","RDWY_SURF_TYPE_CD","RELATION_TO_ROAD","ROADWAY_CLEARED","ROAD_CONDITION","SCH_BUS_IND","SCH_ZONE_IND","SECONDARY_CRASH","SMALL_TRUCK_COUNT","SPEC_JURIS_CD","SUSP_MINOR_INJ_COUNT","SUSP_SERIOUS_INJ_COUNT","SUV_COUNT","TCD_FUNC_CD","TCD_TYPE","TFC_DETOUR_IND","TIME_OF_DAY","TOTAL_UNITS","TOT_INJ_COUNT","UNBELTED_OCC_COUNT","UNB_DEATH_COUNT","UNB_SUSP_SERIOUS_INJ_COUNT","UNK_INJ_DEG_COUNT","UNK_INJ_PER_COUNT","URBAN_RURAL","VAN_COUNT","VEHICLE_COUNT","VULNERABLE_ROAD_USER_COUNT","VULNERABLE_ROAD_USER_DEATH_COUNT","VULNERABLE_ROAD_USER_SER_INJ_COUNT","WEATHER1","WEATHER2","WORKERS_PRES","WORK_ZONE_IND","WORK_ZONE_LOC","WORK_ZONE_TYPE","WZ_CLOSE_DETOUR","WZ_FLAGGER","WZ_LAW_OFFCR_IND","WZ_LN_CLOSURE","WZ_MOVING","WZ_OTHER","WZ_SHLDER_MDN","WZ_WORKERS_INJ_KILLED"
"2021070393","1252","0","0","0","0","0","0","0","0","0","4","0","","67","7","2021","4","39.930996","-75.217373","1249","6","0","0","0","0","0","1","0","0","","0","0","0","12","1","0","","1","2","39 55:51.586","4","0","75 13:02.544","0","0","0","0","67301","0","0","0","N","0","0","0","2","67301","0","","1.0","1320.0","1","N","N","Y","0","","0","0","2","3","3","N","1245","2","0","0","0","0","0","0","2","0","2","0","0","0","3","03","","N","","","","","","","","","",""
"2021093086","1012","0","0","0","0","0","0","0","0","0","1","0","","67","9","2021","5","40.030503","-75.145911","1009","6","0","0","0","0","0","1","0","0","","0","1","0","10","1","1","Y","0","0","40 01:49.810","","0","75 08:45.280","3","0","0","0","67301","0","0","0","N","0","0","0","4","67301","0","","1.0","","1","N","N","N","0","","1","0","1","3","2","","1008","2","1","0","0","0","0","0","2","0","2","0","0","0","3","03","","N","","","","","","","","","",""
"2021092202","0417","0","0","0","0","0","0","0","0","0","4","1","","67","9","2021","4","39.989063","-75.089618","0407","6","0","0","0","0","0","1","0","0","","0","1","0","4","3","0","","1","1","39 59:20.627","2","0","75 05:22.626","0","0","0","0","67301","0","0","0","N","0","0","0","2","67301","0","","1.0","445.0","1","N","N","N","0","","0","0","1","3","2","N","401","2","0","0","0","0","0","0","2","0","2","0","0","0","3","03","","N","","","","","","","","","",""
"2021091824","0549","1","0","0","1","1","0","0","0","0","8","0","","67","9","2021","5","40.059549","-75.080487","0535","6","0","0","0","0","1","0","0","0","","1","0","0","5","3","0","","1","0","40 03:34.377","","0","75 04:49.754","1","0","0","0","67301","1","1","0","N","0","0","0","2","67301","0","2","1.0","","9","N","N","N","0","0","0","0","0","3","2","","532","2","0","1","0","0","0","0","2","0","1","1","1","0","7","","","N","","","","","","","","","",""
"2021086782","0039","1","0","0","0","0","0","0","0","0","7","0","","67","9","2021","4","40.060495","-75.190694","0038","6","0","0","0","0","0","0","0","0","","0","0","0","0","3","1","N","0","2","40 03:37.782","6","0","75 11:26.498","3","0","0","0","67301","0","0","0","N","0","0","0","1","67301","0","","5.0","130.0","1","N","N","N","0","","1","0","0","0","0","Y","36","1","1","0","0","0","0","0","2","0","1","0","0","0","3","","","N","","","","","","","","","",""
"2021092174","0136","2","0","0","0","0","0","0","0","0","5","0","","67","9","2021","4","39.987814","-75.153672","0131","6","0","0","0","0","0","0","1","0","","0","0","0","1","3","0","N","0","2","39 59:16.130","1","0","75 09:13.220","9","0","0","0","67301","0","0","0","N","0","0","0","1","67301","0","","1.0","250.0","1","N","N","N","0","","0","0","1","0","0","Y","130","3","0","0","0","0","0","1","2","0","3","0","0","0","3","03","","N","","","","","","","","","",""
"2021070431","0315","1","0","0","0","0","0","0","0","0","5","0","","67","7","2021","6","40.0098","-75.088467","0311","6","0","0","0","0","0","0","0","0","","0","0","0","3","3","0","N","0","0","40 00:35.280","","0","75 05:18.480","0","0","0","0","67301","0","0","0","N","0","0","0","1","67301","0","","6.0","","1","N","N","N","1","","0","0","0","0","0","","306","2","0","1","0","0","0","0","2","0","2","0","0","0","3","03","","N","","","","","","","","","",""
"2021085488","2344","1","0","0","0","0","0","0","0","0","2","0","","67","9","2021","6","40.004215","-75.18364","2337","6","0","0","0","0","0","0","0","0","","0","0","0","23","3","1","","1","2","40 00:15.174","5","99","75 11:01.104","3","0","0","0","67301","0","0","0","N","0","0","0","2","67301","0","","1.0","45.0","1","N","N","N","0","","1","0","2","0","0","N","2335","3","1","0","0","0","0","1","2","0","3","0","0","0","3","03","","N","","","","","","","","","",""
"2021059518","0050","0","0","0","0","0","0","0","0","0","5","0","","67","6","2021","1","40.036225","-75.183044","0048","6","0","0","0","0","0","1","0","0","","0","0","0","0","3","1","N","0","1","40 02:10.410","6","0","75 10:58.960","3","0","0","0","67301","0","0","0","N","0","0","0","2","67301","0","","1.0","130.0","1","N","N","N","1","","1","0","1","0","0","Y","39","2","1","0","0","0","0","0","2","0","2","0","0","0","3","03","","N","","","","","","","","","",""
"2021087399","0031","0","0","0","0","0","0","0","0","0","0","0","","67","9","2021","7","40.017274","-75.049955","0031","6","0","0","0","0","0","1","0","0","","0","0","0","0","3","1","N","0","1","40 01:02.185","2","0","75 02:59.837","2","0","1","1","67301","0","0","0","N","0","0","0","1","68K01","0","","1.0","20.0","1","N","N","N","0","","0","1","0","0","0","N","16","1","1","0","0","0","0","0","2","0","1","0","0","0","3","03","","N","","","","","","","","","",""
"2021064173","2008","1","0","0","0","0","0","0","0","0","4","0","","67","6","2021","7","40.045972","-75.054583","2000","6","0","0","0","0","0","0","0","1","","0","0","0","19","1","2","","1","0","40 02:45.500","","7","75 03:16.500","3","0","0","0","67301","0","0","0","N","0","0","0","2","67301","0","","1.0","","1","N","N","N","0","","2","0","1","3","3","","1950","2","2","0","0","0","0","0","2","0","2","0","0","0","3","","","N","","","","","","","","","",""
"2021086067","0241","1","0","0","0","0","0","0","0","0","2","0","","67","9","2021","3","39.95768","-75.162367","0238","6","0","0","0","0","0","1","0","0","","1","0","0","2","3","0","N","5","1","39 57:27.649","5","8","75 09:44.521","1","1","0","1","67301","0","0","0","N","0","0","0","2","67301","0","2","1.0","700.0","1","N","N","N","0","0","0","0","0","3","2","Y","230","2","0","0","0","0","0","0","2","0","2","0","0","0","3","03","","N","","","","","","","","","",""
"2021090534","0846","1","0","0","0","0","0","0","0","0","4","0","","67","9","2021","6","40.005172","-75.178795","0839","6","0","0","0","0","0","0","0","0","","0","0","0","7","1","1","N","0","9","40 00:18.618","","0","75 10:43.663","3","0","0","0","67301","0","0","0","N","0","0","0","2","67301","0","","1.0","","1","N","N","N","0","","1","0","1","3","2","U","740","2","1","0","0","0","0","1","2","0","2","0","0","0","3","","","N","","","","","","","","","",""
"2021092687","1945","3","0","0","0","0","0","0","0","0","2","0","","67","9","2021","5","39.984377","-75.203161","1942","6","0","0","0","0","0","0","0","0","","0","0","0","19","3","3","N","0","2","39 59:03.756","2","0","75 12:11.381","3","0","0","0","67301","0","0","0","N","0","0","0","4","67301","1","","1.0","2100.0","1","N","N","N","0","","2","0","0","0","0","N","1940","3","3","0","0","0","0","0","2","0","3","0","0","0","3","03","","N","","","","","","","","","",""
"2021070361","0018","2","0","0","0","0","0","0","0","0","1","0","","67","7","2021","4","39.91632","-75.167028","0007","6","0","0","0","0","0","0","0","0","","0","0","0","22","3","0","N","0","0","39 54:58.752","","0","75 10:01.302","0","0","0","0","67301","0","0","0","N","0","0","0","1","67301","0","","6.0","","1","N","N","N","0","","0","0","0","0","0","","2200","2","0","0","0","0","0","0","2","0","2","0","0","0","3","03","","N","","","","","","","","","",""
"2021071720","0032","1","0","0","0","0","0","0","0","0","1","0","","67","7","2021","1","39.878687","-75.249544","0032","6","0","0","0","0","0","0","0","0","","0","0","0","0","3","0","N","0","0","39 52:43.274","","0","75 14:58.360","0","0","0","0","67301","0","0","0","N","0","0","0","4","68K01","0","","2.0","","9","N","N","N","0","","0","0","1","0","0","","32","2","0","0","0","0","0","0","2","0","2","0","0","0","7","","","N","","","","","","","","","",""
"2021070324","0736","1","0","0","0","0","0","0","0","0","4","0","","67","7","2021","6","39.918341","-75.182793","0733","6","0","0","0","0","0","0","0","1","","0","0","0","6","5","1","","2","0","39 55:06.027","","0","75 10:58.054","3","0","0","0","67301","0","0","0","N","0","0","0","2","67301","0","","1.0","","1","N","N","N","0","","1","0","1","3","2","","612","2","1","0","0","0","0","0","2","0","2","0","0","0","3","03","","N","","","","","","","","","",""
"2021070516","1724","2","0","0","0","0","0","0","0","0","4","0","","67","7","2021","3","39.990833","-75.130907","1720","6","0","0","0","0","0","0","0","0","","0","0","0","17","1","2","","1","1","39 59:26.999","4","0","75 07:51.264","3","0","0","0","67301","0","0","0","N","0","0","0","3","67301","0","","1.0","1926.0","1","N","N","N","0","","2","0","0","3","2","Y","1718","2","2","0","0","0","0","0","2","0","2","0","0","0","3","03","","N","","","","","","","","","",""
"2021086764","1620","4","0","0","0","0","0","0","0","0","6","0","","67","8","2021","6","39.925608","-75.179244","1605","6","0","0","0","0","0","1","0","0","","0","0","0","16","1","1","N","0","0","39 55:32.190","","0","75 10:45.278","2","0","0","0","67301","0","0","0","N","0","0","0","1","67301","0","","6.0","","1","N","N","N","0","","0","1","0","3","2","","1600","4","1","0","0","0","0","0","2","0","4","0","0","0","3","","","N","","","","","","","","","",""
"2021069829","1739","1","0","0","0","0","0","0","0","0","1","0","","67","7","2021","7","40.060992","-75.180853","1739","6","0","0","0","0","0","0","0","0","","0","0","0","17","1","0","N","0","0","40 03:39.570","","0","75 10:51.070","0","0","0","0","67301","0","0","0","N","0","0","0","1","67301","0","","6.0","","1","N","N","N","0","","0","0","2","0","0","","1739","3","0","0","0","0","0","0","2","0","3","0","0","0","3","03","","N","","","","","","","","","",""
"2021070524","1225","2","0","0","0","0","0","0","0","0","4","0","","67","7","2021","2","39.97359","-75.151918","1219","6","0","0","0","0","0","0","1","0","","0","0","0","11","1","1","","1","0","39 58:24.923","","0","75 09:06.904","3","0","0","0","67301","0","0","0","N","0","0","0","2","67301","0","","1.0","","1","N","N","N","0","","1","0","0","2","2","","1144","2","1","0","0","0","0","1","2","0","2","0","0","0","3","03","","N","","","","","","","","","",""
"2021085515","0412","1","0","0","0","0","0","0","0","0","4","1","","67","9","2021","5","39.883638","-75.251633","0404","6","0","0","0","0","0","0","0","0","","0","1","0","3","3","1","","2","0","39 53:01.097","","2","75 15:05.879","3","0","0","0","67301","0","0","0","N","0","0","0","2","67301","0","","1.0","","9","N","N","N","0","","1","0","0","3","2","","349","2","1","0","0","0","0","0","2","0","2","0","0","0","7","07","","N","","","","","","","","","",""
"2021069900","2024","1","0","0","0","0","0","0","0","0","6","0","","67","7","2021","7","39.978742","-75.120111","2018","6","0","0","0","0","0","0","0","0","","0","0","0","19","1","0","N","0","0","39 58:43.470","","0","75 07:12.400","0","0","0","0","67301","0","0","0","N","0","0","0","1","67301","0","","6.0","","9","N","N","N","0","","0","0","2","0","0","","1955","3","0","0","0","0","0","0","2","0","3","0","0","0","4","07","","N","","","","","","","","","",""
"2021069811","0014","1","0","0","0","0","0","0","0","0","1","0","","67","7","2021","5","39.954195","-75.169788","0011","6","0","0","0","0","0","0","0","0","","0","0","0","23","3","0","","1","0","39 57:15.101","","0","75 10:11.237","9","0","0","0","67301","0","0","0","N","0","0","0","2","67301","0","","1.0","","1","N","N","N","0","","0","0","1","3","2","","2353","2","0","0","0","0","0","2","2","0","2","0","0","0","3","03","","N","","","","","","","","","",""
"2021086257","1119","1","0","0","0","0","0","0","0","0","4","0","","67","9","2021","4","40.027357","-75.145026","1119","6","0","0","0","0","0","2","0","0","","0","0","0","9","1","1","","1","9","40 01:38.485","","0","75 08:42.093","3","0","0","0","67301","1","0","0","N","1","0","0","4","67301","0","","1.0","","99","N","N","N","1","","1","0","1","3","3","U","900","4","1","1","0","0","0","1","2","0","3","1","0","0","3","","","N","","","","","","","","","",""
"2021070525","1324","2","0","0","0","0","0","0","0","0","4","0","","67","7","2021","7","39.980118","-75.133168","1323","6","0","0","0","0","0","1","0","0","","0","0","0","12","1","0","","1","0","39 58:48.424","","1","75 07:59.404","0","0","0","0","67301","0","0","0","N","0","0","0","2","67301","0","","1.0","","1","N","N","N","0","","0","0","0","3","2","","1245","2","0","0","0","0","0","0","2","0","2","0","0","0","3","03","","N","","","","","","","","","",""
"2021069566","0619","3","0","0","0","0","0","0","0","0","1","0","45","67","7","2021","4","40.015525","-75.053484","0612","6","0","0","0","0","0","0","0","0","","0","0","0","6","1","0","N","0","1","40 00:55.890","2","0","75 03:12.543","0","0","0","0","67301","0","0","0","N","0","0","0","3","68K01","0","","1.0","715.0","1","N","N","N","0","","0","0","0","3","8","N","611","3","0","0","0","0","0","0","2","0","3","0","0","0","3","","N","Y","4","1","","","N","Y","Y","","Y","N"
"2021093365","1600","1","0","0","0","0","0","1","0","0","4","1","","67","9","2021","2","40.053183","-75.153611","1553","6","0","0","0","0","0","0","0","0","","0","0","0","15","1","1","","5","0","40 03:11.460","","0","75 09:12.998","3","0","0","0","67301","0","0","0","N","0","0","0","11","67301","0","","1.0","","1","Y","N","N","0","","1","0","0","3","3","","1552","2","1","0","0","0","0","0","2","0","2","0","0","0","3","","","N","","","","","","","","","",""
"2021064218","1623","1","0","0","0","0","0","0","0","0","4","0","","67","6","2021","3","39.967403","-75.178634","1622","6","0","0","0","0","0","0","0","0","","0","0","0","16","1","0","","1","0","39 58:02.652","","0","75 10:43.082","0","0","0","0","67301","0","0","0","N","0","0","0","2","67301","0","","1.0","","1","N","N","N","1","","0","0","0","3","2","","1605","2","0","0","0","0","0","0","2","0","2","0","0","0","3","03","","N","","","","","","","","","",""
"2021070480","2103","1","0","0","0","0","0","0","0","0","7","0","","67","7","2021","5","39.98925","-75.1565","2100","6","0","0","0","0","0","0","0","0","","0","0","0","21","3","0","N","0","2","39 59:21.300","7","0","75 09:23.400","0","0","0","0","67301","0","0","0","N","0","0","0","2","67301","0","","4.0","1000.0","1","N","N","N","0","","0","0","1","0","0","Y","2100","2","0","2","0","0","0","0","2","0","2","0","0","0","3","03","","N","","","","","","","","","",""
"2021090536","1830","2","0","0","0","0","0","0","0","0","4","0","","67","9","2021","7","40.003919","-75.149187","1830","6","0","0","0","0","0","0","0","0","","0","0","0","18","1","1","N","1","0","40 00:14.108","","0","75 08:57.073","8","0","0","0","67301","0","0","0","N","0","0","0","3","67505","0","","1.0","","1","N","N","N","0","","0","0","0","3","2","N","1830","2","1","0","0","0","1","0","2","0","2","0","0","0","3","","","N","","","","","","","","","",""
"2021068240","0830","1","0","0","0","0","0","0","0","0","1","0","","67","7","2021","4","39.956919","-75.154592","0830","6","0","0","0","1","0","0","0","0","","0","0","0","8","1","0","N","0","0","39 57:24.909","","0","75 09:16.530","0","0","0","0","67301","0","0","0","N","0","0","0","3","68K01","0","","1.0","","1","N","N","N","0","","0","0","2","0","0","","830","3","0","0","0","0","0","0","2","0","3","0","0","0","3","","","N","","","","","","","","","",""
"2021069875","0245","2","0","0","0","0","0","0","0","0","5","0","","67","7","2021","7","39.972256","-75.232686","0245","6","0","0","0","0","0","0","0","0","","0","0","0","1","3","0","N","0","0","39 58:20.120","","0","75 13:57.670","0","0","0","0","67301","0","0","0","N","0","0","0","1","67301","0","","6.0","","1","N","N","N","0","","0","0","0","0","0","","150","2","0","0","0","0","0","0","2","0","2","0","0","0","3","03","","N","","","","","","","","","",""
"2021091836","2327","0","0","0","0","0","0","0","0","0","7","0","","67","9","2021","1","39.981487","-75.200504","2325","6","0","0","0","0","0","0","0","0","","1","0","0","23","3","0","N","0","0","39 58:53.354","","0","75 12:01.815","1","1","0","1","67301","0","0","0","N","0","0","0","1","67301","0","2","5.0","","1","N","N","N","0","0","0","0","0","0","0","","2318","1","0","0","0","0","0","0","2","0","1","0","0","0","3","03","","N","","","","","","","","","",""
"2021070465","2036","1","0","0","0","0","0","0","0","0","4","0","","67","7","2021","2","39.955331","-75.231948","2036","6","0","0","0","1","0","1","0","0","","0","0","0","20","3","0","","1","0","39 57:19.191","","0","75 13:55.012","0","0","0","0","67301","0","0","0","N","0","0","0","2","67301","0","","1.0","","1","N","N","Y","0","","0","0","1","3","2","","2033","3","0","0","0","0","0","0","2","1","3","0","0","0","3","03","","N","","","","","","","","","",""
"2021070519","0034","1","0","0","0","0","0","0","0","0","4","0","","67","7","2021","6","40.026261","-75.117167","0031","6","0","0","1","0","0","0","0","0","","0","0","0","0","3","1","","1","0","40 01:34.539","","0","75 07:01.801","3","0","0","0","67301","0","0","0","N","0","0","0","3","67301","0","","1.0","","1","N","N","N","0","","1","0","1","3","2","","11","2","1","0","0","0","0","0","2","0","2","0","0","0","3","03","","N","","","","","","","","","",""
"2021070396","2338","1","0","0","0","0","0","0","0","0","1","0","","67","7","2021","5","39.894618","-75.218782","2335","6","0","0","0","0","0","0","0","0","","0","0","0","23","3","1","N","0","1","39 53:40.626","4","3","75 13:07.616","3","0","0","0","67301","0","0","0","N","0","0","0","4","67301","0","","1.0","5.0","1","N","N","N","0","","1","0","1","0","0","N","2316","2","1","0","0","0","0","0","2","0","2","0","0","0","3","03","","N","","","","","","","","","",""
"2021055348","2129","3","0","1","0","0","0","0","0","0","5","0","","67","6","2021","7","39.993902","-75.199353","2125","6","0","0","0","0","0","1","0","0","","0","0","0","21","3","5","N","0","1","39 59:38.048","3","0","75 11:57.672","2","0","0","0","67301","0","0","0","N","0","0","0","7","68K01","3","","1.0","2210.0","1","N","N","N","0","","0","1","1","0","0","N","2124","4","5","1","0","0","1","2","2","0","4","0","0","0","3","","","N","","","","","","","","","",""
"2021081324","1115","1","0","0","0","0","0","0","0","0","8","0","","67","8","2021","4","39.916829","-75.171324","1100","6","0","0","0","0","0","0","0","0","","0","0","0","10","1","1","","1","0","39 55:00.583","","0","75 10:16.768","4","0","0","0","67301","1","0","0","N","1","0","0","2","67301","1","","1.0","","1","N","N","N","0","","0","0","0","3","2","","1058","2","1","0","0","0","0","0","2","0","1","1","0","0","3","03","","N","","","","","","","","","",""
"2021069915","0005","0","0","0","1","0","1","0","0","0","8","0","","67","7","2021","6","40.020835","-75.14861","2358","6","0","0","0","0","0","0","0","0","","0","0","0","18","1","1","N","0","0","40 01:15.007","","0","75 08:54.997","2","0","0","0","67301","1","0","1","N","0","0","0","2","67301","0","","1.0","","1","N","N","N","1","","0","1","0","0","0","","1800","2","1","0","0","0","0","0","2","0","1","1","0","1","3","","","N","","","","","","","","","",""
"2021070464","1345","1","0","0","0","0","0","0","0","0","2","0","","67","7","2021","2","39.956144","-75.228297","1343","6","0","0","0","0","0","0","0","0","","0","0","0","13","1","1","N","0","0","39 57:22.120","","0","75 13:41.870","3","0","0","0","67301","0","0","0","N","0","0","0","2","67301","0","","6.0","","1","N","N","N","0","","1","0","0","0","0","","1341","2","1","0","0","0","0","0","2","1","2","0","0","0","3","98","","N","","","","","","","","","",""
"2021070363","1720","2","0","0","0","0","0","0","0","0","1","0","","67","7","2021","5","39.936691","-75.155146","1715","6","0","0","0","0","0","0","0","0","","0","0","0","17","1","1","","3","0","39 56:12.087","","0","75 09:18.525","3","0","0","0","67301","0","0","0","N","0","0","0","2","67301","0","","1.0","","1","N","N","N","0","","1","0","0","3","3","","1710","2","1","0","0","0","0","0","2","0","2","0","0","0","3","03","","N","","","","","","","","","",""
"2021070380","1915","2","0","0","0","0","0","0","0","0","4","0","","67","7","2021","5","40.080855","-75.028774","1905","6","0","0","0","0","0","0","0","0","","0","0","0","18","1","0","","1","0","40 04:51.077","","0","75 01:43.585","0","0","0","0","67301","0","0","0","N","0","0","0","2","67301","0","","1.0","","1","N","N","N","0","","0","0","0","3","1","","1847","2","0","2","0","0","0","0","2","0","2","0","0","0","3","03","","N","","","","","","","","","",""
"2021070506","1820","0","0","0","0","0","0","0","0","0","8","0","","67","7","2021","5","39.996764","-75.128169","1804","6","0","0","0","0","0","0","0","0","","0","0","0","18","6","1","","2","0","39 59:48.350","","0","75 07:41.408","2","0","0","0","67301","1","0","1","N","1","0","1","2","67301","0","","1.0","","99","N","N","N","0","","0","1","0","0","0","","1812","2","1","0","0","0","0","0","2","0","1","1","0","1","99","","","N","","","","","","","","","",""
"2021069082","2045","2","0","0","0","0","0","0","0","0","7","0","","67","7","2021","4","40.010139","-75.063371","2032","6","0","0","1","0","0","1","0","0","","0","0","0","20","4","1","N","0","2","40 00:36.499","1","0","75 03:48.136","3","0","0","0","67301","0","0","0","N","0","0","0","2","68K01","0","","2.0","2032.0","9","N","N","N","0","","1","0","0","0","0","N","2019","2","1","0","0","0","0","0","2","0","2","0","0","0","3","","","N","","","","","","","","","",""
"2021070381","2011","1","0","0","0","0","0","0","0","0","4","0","","67","7","2021","7","40.095361","-75.016083","2011","6","0","0","0","0","0","0","1","0","","0","0","0","19","1","1","N","0","0","40 05:43.300","","7","75 00:57.900","3","0","0","0","67301","0","0","0","N","0","0","0","2","67301","0","","1.0","","1","N","N","N","0","","1","0","1","0","0","","1910","2","1","0","0","0","0","0","2","0","2","0","0","0","3","03","","N","","","","","","","","","",""
"2021070486","1350","1","0","0","0","0","0","0","0","0","1","0","","67","7","2021","7","39.978303","-75.164536","1329","6","0","0","0","0","0","0","0","0","","0","0","0","13","1","1","N","0","0","39 58:41.890","","0","75 09:52.330","4","0","0","0","67301","0","0","0","N","0","0","0","1","67301","1","","6.0","","1","N","N","N","0","","0","0","1","0","0","","1329","2","1","0","0","0","0","0","2","0","2","0","0","0","3","03","","N","","","","","","","","","",""
"2021062312","1958","1","0","0","0","0","0","0","0","0","1","0","","67","6","2021","1","39.899895","-75.160526","1951","6","0","0","0","0","0","0","0","0","","0","0","0","19","1","1","N","0","2","39 53:59.621","1","3","75 09:37.894","2","0","1","1","67301","0","0","0","N","0","0","0","2","68K01","0","","1.0","2030.0","1","N","N","N","0","","0","1","0","0","0","N","1950","2","1","0","0","0","0","0","2","0","2","0","0","0","3","","","N","","","","","","","","","",""
"2021066567","1310","2","0","0","0","0","0","0","0","0","4","0","","67","7","2021","1","39.984506","-75.159957","1307","6","0","0","0","0","0","0","0","0","","0","0","0","13","1","0","","1","0","39 59:04.221","","0","75 09:35.845","0","0","0","0","67301","0","0","0","N","0","0","0","3","67505","0","","1.0","","1","N","N","N","0","","0","0","0","3","3","","1300","2","0","0","0","0","0","0","2","0","2","0","0","0","3","03","","N","","","","","","","","","",""
"2021085454","1530","1","0","0","0","0","0","0","0","0","4","0","","67","9","2021","5","39.918482","-75.208274","1518","6","0","0","0","0","0","0","0","0","","0","0","0","13","1","1","Y","0","0","39 55:06.536","","3","75 12:29.788","3","0","0","0","67301","0","0","0","N","0","0","0","4","67301","0","","1.0","","1","N","N","N","0","","1","0","0","0","0","","1328","2","1","0","0","0","0","3","2","0","2","0","0","0","4","04","","N","","","","","","","","","",""
"2021059234","1552","2","0","0","0","0","0","0","0","0","4","0","","67","6","2021","7","40.077392","-75.024314","1542","6","0","0","0","0","0","0","0","0","","0","0","0","14","1","2","N","0","0","40 04:38.610","","7","75 01:27.530","3","0","0","0","67301","0","0","0","N","0","0","0","3","67301","1","","1.0","","1","N","N","N","0","","1","0","0","3","3","","1426","2","2","0","0","0","0","1","2","0","2","0","0","0","3","04","","N","","","","","","","","","",""
"2021069812","0110","1","0","0","0","0","0","0","0","0","4","0","","67","7","2021","7","39.958266","-75.167273","0110","6","0","0","0","0","0","0","1","0","","0","0","0","1","3","0","","1","0","39 57:29.757","","3","75 10:02.184","0","0","0","0","67301","0","0","0","N","0","0","0","2","67301","0","","1.0","","1","N","N","N","0","","0","0","1","3","2","","108","2","0","0","0","0","0","0","2","0","2","0","0","0","3","03","","N","","","","","","","","","",""
"2021064165","0635","2","0","0","0","0","0","0","0","0","4","0","","67","6","2021","1","39.923079","-75.182743","0633","6","0","0","0","0","0","1","0","0","","0","0","0","6","1","0","N","0","2","39 55:23.085","6","0","75 10:57.876","9","0","0","0","67301","0","0","0","N","0","0","0","6","67301","0","","1.0","30.0","1","N","N","N","0","","0","0","0","0","0","Y","628","2","0","0","0","0","0","3","2","0","2","0","0","0","3","","","N","","","","","","","","","",""
"2021092555","1715","2","0","0","0","0","0","0","0","0","1","0","","67","9","2021","1","40.044175","-75.154708","1715","6","0","0","0","0","1","0","0","0","","0","0","0","17","1","2","N","0","0","40 02:39.030","","0","75 09:16.950","3","0","0","0","67301","0","0","0","N","0","0","0","3","67301","0","","2.0","","1","N","N","N","0","","2","0","0","0","0","","1713","2","2","3","0","0","0","0","2","0","2","0","0","0","3","03","","N","","","","","","","","","",""
"2021069867","0059","0","0","0","0","0","0","0","0","0","8","0","","67","7","2021","1","39.961185","-75.24707","0057","6","0","0","0","0","0","0","0","0","","0","0","0","0","3","1","","2","1","39 57:40.266","3","0","75 14:49.451","8","0","0","0","67301","1","0","0","N","1","0","0","2","67301","0","","1.0","120.0","9","N","N","N","1","","0","0","0","3","2","N","53","2","1","0","0","0","1","0","2","0","1","1","0","0","7","07","","N","","","","","","","","","",""
"2021086354","0650","1","0","0","0","0","0","0","0","0","2","0","","67","9","2021","2","40.060398","-74.990435","0650","6","0","0","0","0","0","0","0","1","","0","0","0","6","5","2","","1","0","40 03:37.434","","0","74 59:25.565","3","0","0","0","67301","0","0","0","N","0","0","0","2","67301","0","","1.0","","1","N","N","N","0","","2","0","1","3","2","","625","2","2","0","0","0","0","0","2","0","2","0","0","0","3","03","","N","","","","","","","","","",""
"2021069831","2344","0","0","0","0","0","0","0","0","0","7","0","","67","7","2021","7","40.058464","-75.199719","2330","6","0","0","0","0","0","0","0","0","","0","0","0","21","3","0","N","0","0","40 03:30.470","","0","75 11:58.990","0","0","0","0","67301","0","0","0","N","0","0","0","1","67301","0","","2.0","","9","N","N","N","0","","0","0","1","0","0","","2130","1","0","0","0","0","0","0","2","0","1","0","0","0","7","03","","N","","","","","","","","","",""