"CRN","ARRIVAL_TM","AUTOMOBILE_COUNT","BELTED_DEATH_COUNT","BELTED_SUSP_SERIOUS_INJ_COUNT","BICYCLE_COUNT","BICYCLE_DEATH_COUNT","BICYCLE_SUSP_SERIOUS_INJ_COUNT","BUS_COUNT","CHLDPAS_DEATH_COUNT","CHLDPAS_SUSP_SERIOUS_INJ_COUNT","COLLISION_TYPE","COMM_VEH_COUNT","CONS_ZONE_SPD_LIM","COUNTY","CRASH_MONTH","CRASH_YEAR","DAY_OF_WEEK","DEC_LATITUDE","DEC_LONGITUDE","DISPATCH_TM","DISTRICT","DRIVER_COUNT_16YR","DRIVER_COUNT_17YR","DRIVER_COUNT_18YR","DRIVER_COUNT_19YR","DRIVER_COUNT_20YR","DRIVER_COUNT_50_64YR","DRIVER_COUNT_65_74YR","DRIVER_COUNT_75PLUS","EST_HRS_CLOSED","FATAL_COUNT","HEAVY_TRUCK_COUNT","HORSE_BUGGY_COUNT","HOUR_OF_DAY","ILLUMINATION","INJURY_COUNT","INTERSECTION_RELATED","INTERSECT_TYPE","LANE_CLOSED","LATITUDE","LN_CLOSE_DIR","LOCATION_TYPE","LONGITUDE","MAX_SEVERITY_LEVEL","MCYCLE_DEATH_COUNT","MCYCLE_SUSP_SERIOUS_INJ_COUNT","MOTORCYCLE_COUNT","MUNICIPALITY","NONMOTR_COUNT","NONMOTR_DEATH_COUNT","NONMOTR_SUSP_SERIOUS_INJ_COUNT","NTFY_HIWY_MAINT","PED_COUNT","PED_DEATH_COUNT","PED_SUSP_SERIOUS_INJ_COUNT","PERSON_COUNT","POLICE_AGCY","POSSIBLE_INJ_COUNT","RDWY_SURF_TYPE_CD","RELATION_TO_ROAD","ROADWAY_CLEARED","ROAD_CONDITION","SCH_BUS_IND","SCH_ZONE_IND","SECONDARY_CRASH","SMALL_TRUCK_COUNT","SPEC_JURIS_CD","SUSP_MINOR_INJ_COUNT","SUSP_SERIOUS_INJ_COUNT","SUV_COUNT","TCD_FUNC_CD","TCD_TYPE","TFC_DETOUR_IND","TIME_OF_DAY","TOTAL_UNITS","TOT_INJ_COUNT","UNBELTED_OCC_COUNT","UNB_DEATH_COUNT","UNB_SUSP_SERIOUS_INJ_COUNT","UNK_INJ_DEG_COUNT","UNK_INJ_PER_COUNT","URBAN_RURAL","VAN_COUNT","VEHICLE_COUNT","VULNERABLE_ROAD_USER_COUNT","VULNERABLE_ROAD_USER_DEATH_COUNT","VULNERABLE_ROAD_USER_SER_INJ_COUNT","WEATHER1","WEATHER2","WORKERS_PRES","WORK_ZONE_IND","WORK_ZONE_LOC","WORK_ZONE_TYPE","WZ_CLOSE_DETOUR","WZ_FLAGGER","WZ_LAW_OFFCR_IND","WZ_LN_CLOSURE","WZ_MOVING","WZ_OTHER","WZ_SHLDER_MDN","WZ_WORKERS_INJ_KILLED"
"2021082126","0126","2","0","0","0","0","0","0","0","0","5","0","","67","7","2021","2","39.968199","-75.129185","0115","6","0","0","0","0","1","0","0","0","","0","0","0","1","3","1","N","0","2","39 58:05.518","1","0","75 07:45.066","8","0","0","0","67301","0","0","0","N","0","0","0","2","68K01","0","","1.0","35.0","1","N","N","N","0","","0","0","0","0","0","N","114","2","1","1","0","0","1","1","2","0","2","0","0","0","3","03","","N","","","","","","","","","",""
"2021070427","1040","1","0","0","0","0","0","0","0","0","5","1","","67","7","2021","5","40.027311","-75.109539","1020","6","0","0","0","0","0","0","0","0","","0","1","0","10","1","0","N","0","0","40 01:38.320","","0","75 06:34.340","0","0","0","0","67301","0","0","0","N","0","0","0","1","67301","0","","6.0","","1","N","N","N","0","","0","0","0","0","0","","1005","2","0","0","0","0","0","0","2","0","2","0","0","0","3","03","","N","","","","","","","","","",""
"2021064382","0836","1","0","0","0","0","0","0","0","0","8","0","","67","6","2021","4","40.041052","-75.129488","0831","6","0","0","0","0","0","0","0","0","","0","0","0","8","1","1","","1","0","40 02:27.787","","0","75 07:46.156","3","0","0","0","67301","1","0","0","N","1","0","0","2","67301","0","","1.0","","1","N","N","N","0","","1","0","0","3","2","","829","2","1","0","0","0","0","0","2","0","1","1","0","0","3","","","N","","","","","","","","","",""
"2021090677","1630","1","0","0","0","0","0","0","0","0","1","0","","67","9","2021","6","39.916215","-75.245583","1624","6","0","0","0","0","0","0","0","0","","0","0","0","16","1","0","N","0","0","39 54:58.373","","0","75 14:44.097","9","0","0","0","67301","0","0","0","N","0","0","0","2","67301","0","","1.0","","1","N","N","N","0","","0","0","1","0","0","","1605","2","0","1","0","0","0","1","2","0","2","0","0","0","3","03","","N","","","","","","","","","",""
"2021069728","1630","1","0","0","0","0","0","0","0","0","4","0","","67","7","2021","1","39.9067","-75.183391","1620","6","0","0","0","0","0","0","0","0","","0","0","0","16","1","0","","2","0","39 54:24.119","","0","75 11:00.207","0","0","0","0","67301","0","0","0","N","0","0","0","3","67301","0","","1.0","","1","N","N","N","0","","0","0","1","3","2","","1605","2","0","1","0","0","0","0","2","0","2","0","0","0","3","","","N","","","","","","","","","",""
"2021069778","2318","0","0","0","1","0","0","0","0","0","8","0","","67","7","2021","7","39.961058","-75.144965","2315","6","0","0","0","0","0","0","1","0","","0","0","0","23","3","1","","1","0","39 57:39.809","","0","75 08:41.875","3","0","0","0","67301","1","0","0","N","0","0","0","2","67301","0","","1.0","","9","N","N","N","0","","1","0","0","3","2","","2300","2","1","0","0","0","0","0","2","1","1","1","0","0","7","07","","N","","","","","","","","","",""
"2021087112","0408","2","0","0","0","0","0","0","0","0","5","0","","67","7","2021","3","39.957058","-75.223478","0408","6","0","0","0","0","0","0","0","0","","0","0","0","4","3","0","N","0","0","39 57:25.410","","0","75 13:24.520","0","0","0","0","67301","0","0","0","N","0","0","0","1","67301","0","","6.0","","1","N","N","N","0","","0","0","1","0","0","","405","3","0","1","0","0","0","0","2","0","3","0","0","0","3","03","","N","","","","","","","","","",""
"2021069901","0110","3","0","0","0","0","0","0","0","0","5","0","","67","7","2021","7","39.980089","-75.123075","0059","6","0","0","0","0","0","0","0","0","","0","0","0","22","3","0","N","0","0","39 58:48.320","","0","75 07:23.070","0","0","0","0","67301","0","0","0","N","0","0","0","1","67301","0","","6.0","","9","N","N","N","0","","0","0","1","0","0","","2245","5","0","0","0","0","0","0","2","1","5","0","0","0","7","","","N","","","","","","","","","",""
"2021069740","0815","1","0","0","0","0","0","0","0","0","4","0","","67","7","2021","7","40.044621","-75.054672","0800","6","0","0","0","0","0","1","0","0","","0","0","0","7","1","1","","1","0","40 02:40.636","","0","75 03:16.819","3","0","0","0","67301","0","0","0","N","0","0","0","2","67301","0","","1.0","","1","N","N","N","0","","1","0","0","3","2","","734","2","1","0","0","0","0","0","2","1","2","0","0","0","3","03","","N","","","","","","","","","",""
"2021070499","1730","1","0","0","0","0","0","0","0","0","5","0","","67","7","2021","5","40.013553","-75.097384","1730","6","0","0","0","0","0","0","0","0","","0","0","0","22","3","1","N","0","0","40 00:48.792","","0","75 05:50.584","8","0","0","0","67301","0","0","0","N","0","0","0","2","67301","0","","1.0","","1","N","N","Y","1","","0","0","1","0","0","","2229","4","1","0","0","0","1","0","2","0","4","0","0","0","3","98","","N","","","","","","","","","",""
"2021069880","2145","0","0","0","0","0","0","0","0","0","4","1","","67","7","2021","7","39.992889","-75.167764","2136","6","0","0","0","0","0","0","0","0","","0","1","0","21","3","1","N","0","0","39 59:34.400","","7","75 10:03.950","3","0","0","0","67301","0","0","0","N","0","0","0","4","67301","0","","1.0","","9","N","N","N","0","","1","0","1","0","0","","2106","2","1","0","0","0","0","0","2","0","2","0","0","0","7","","","N","","","","","","","","","",""
"2021069832","0013","3","0","0","0","0","0","0","0","0","6","0","","67","7","2021","7","40.073283","-75.161175","2157","6","0","0","0","0","0","0","0","0","","0","0","0","21","3","0","N","0","0","40 04:23.820","","0","75 09:40.230","0","0","0","0","67301","0","0","0","N","0","0","0","1","67301","0","","6.0","","9","N","N","N","0","","0","0","0","0","0","","2154","3","0","0","0","0","0","0","2","0","3","0","0","0","3","","","N","","","","","","","","","",""
"2021059515","1153","1","0","0","0","0","0","0","0","0","4","0","","67","6","2021","1","39.95762","-75.145687","1149","6","0","0","0","0","0","0","0","0","","0","0","0","11","1","1","","1","1","39 57:27.432","2","0","75 08:44.473","3","0","0","0","67301","0","0","0","N","0","0","0","2","67301","0","","1.0","1230.0","1","N","N","N","0","","1","0","1","3","2","Y","1145","2","1","0","0","0","0","0","2","0","2","0","0","0","3","03","","N","","","","","","","","","",""
"2021070461","1805","1","0","0","0","0","0","0","0","0","5","0","","67","7","2021","7","39.932017","-75.180231","1756","6","0","0","0","0","0","0","0","0","","0","0","0","17","1","1","N","0","0","39 55:55.260","","0","75 10:48.830","3","0","0","0","67301","0","0","0","N","0","0","0","1","67301","0","","6.0","","1","N","N","N","1","","1","0","1","0","0","","1750","4","1","0","0","0","0","0","2","1","4","0","0","0","3","","","N","","","","","","","","","",""
"2021064296","1753","2","0","0","0","0","0","0","0","0","4","0","","67","6","2021","4","39.958529","-75.247674","1743","6","0","0","0","0","0","0","0","0","","0","0","0","17","1","3","","2","0","39 57:30.706","","0","75 14:51.628","3","0","0","0","67301","0","0","0","N","0","0","0","3","67301","0","","1.0","","1","N","N","N","0","","3","0","0","3","3","","1737","2","3","2","0","0","0","0","2","0","2","0","0","0","3","98","","N","","","","","","","","","",""
"2021064354","0239","1","0","0","0","0","0","0","0","0","7","0","","67","6","2021","7","39.969153","-75.148378","0236","6","0","0","0","0","0","0","0","0","","0","0","0","1","3","0","N","0","0","39 58:08.950","","0","75 08:54.160","0","0","0","0","67301","0","0","0","N","0","0","0","1","67301","0","","4.0","","1","N","N","N","0","","0","0","0","0","0","","141","1","0","0","0","0","0","0","2","0","1","0","0","0","3","03","","N","","","","","","","","","",""
"2021069889","1052","2","0","0","0","0","0","0","0","0","1","0","","67","7","2021","6","39.996696","-75.115285","1052","6","0","0","0","0","0","0","0","0","","0","0","0","10","1","1","N","0","0","39 59:48.105","","0","75 06:55.025","3","0","0","0","67301","0","0","0","N","0","0","0","4","67301","0","","1.0","","1","N","N","N","0","","1","0","1","0","0","","1052","3","1","0","0","0","0","0","2","0","3","0","0","0","3","","","N","","","","","","","","","",""
"2021071083","1916","1","0","0","0","0","0","0","0","0","4","0","","67","7","2021","5","39.977363","-75.227077","1902","6","0","0","0","0","0","1","0","0","","0","0","0","18","1","1","","3","2","39 58:38.507","2","0","75 13:37.478","8","0","0","0","67301","0","0","0","N","0","0","0","3","67301","0","","1.0","1930.0","1","N","N","N","0","","0","0","1","3","2","Y","1859","2","1","0","0","0","1","0","2","0","2","0","0","0","3","","","N","","","","","","","","","",""
"2021070392","1732","1","0","0","1","0","0","0","0","0","8","0","","67","7","2021","6","39.950976","-75.177356","1724","6","0","0","0","0","0","0","0","0","","0","0","0","17","1","1","","1","0","39 57:03.513","","0","75 10:38.483","8","0","0","0","67301","1","0","0","N","0","0","0","2","67301","0","","1.0","","1","N","N","N","0","","0","0","0","3","2","","1720","2","1","0","0","0","1","0","2","0","1","1","0","0","3","","","N","","","","","","","","","",""
"2021070502","1546","0","0","0","0","0","0","0","0","0","8","0","","67","7","2021","4","39.99605","-75.126011","1546","6","0","0","0","0","0","0","0","0","","0","0","0","13","1","1","N","0","0","39 59:45.780","","0","75 07:33.640","3","0","0","0","67301","1","0","0","N","1","0","0","2","67301","0","","1.0","","1","N","N","N","1","","1","0","0","0","0","","1335","2","1","0","0","0","0","1","2","0","1","1","0","0","3","03","","N","","","","","","","","","",""
"2021036668","2005","2","0","0","0","0","0","0","0","0","4","0","","67","4","2021","1","39.986164","-75.10427","2000","6","0","0","0","0","0","0","0","0","","0","0","0","19","3","0","N","0","0","39 59:10.189","","0","75 06:15.371","0","0","0","0","67301","0","0","0","N","0","0","0","2","67301","0","","1.0","","1","N","N","N","0","","0","0","3","0","0","","1915","5","0","0","0","0","0","0","2","0","5","0","0","0","3","","","N","","","","","","","","","",""
"2021037303","1752","1","0","0","0","0","0","0","0","0","4","0","","67","4","2021","6","40.012119","-75.112539","1743","6","0","1","0","0","0","0","0","0","","0","0","0","17","1","1","N","0","0","40 00:43.630","","7","75 06:45.140","3","0","0","0","67301","0","0","0","N","0","0","0","3","67301","0","","1.0","","1","N","N","N","0","","1","0","1","0","0","","1732","2","1","0","0","0","0","0","2","0","2","0","0","0","3","03","","N","","","","","","","","","",""
"2021045953","1650","1","0","0","0","0","0","0","0","0","4","0","","67","5","2021","4","40.04976","-75.142288","1650","6","0","0","0","0","0","0","0","0","","0","0","0","15","1","2","N","0","0","40 02:59.135","","7","75 08:32.237","4","0","0","0","67301","0","0","0","N","0","0","0","3","67301","2","","1.0","","99","N","N","N","0","","0","0","1","0","0","","1500","2","2","3","0","0","0","1","2","0","2","0","0","0","3","","","N","","","","","","","","","",""
"2021069083","2214","3","0","0","0","0","0","0","0","0","1","0","","67","7","2021","4","39.957117","-75.156179","2212","6","0","0","0","0","0","0","0","0","","0","0","0","22","3","1","N","0","2","39 57:25.622","4","0","75 09:22.243","8","0","0","0","67301","0","0","0","N","0","0","0","4","68K01","0","","1.0","2300.0","1","N","N","N","0","","0","0","0","0","0","N","2212","3","1","0","0","0","1","0","2","0","3","0","0","0","3","","","N","","","","","","","","","",""
"2021070475","1620","1","0","0","0","0","0","0","0","0","4","0","","67","7","2021","1","39.973972","-75.153444","1614","6","0","0","0","0","0","0","0","0","","0","0","0","16","1","0","N","0","0","39 58:26.300","","0","75 09:12.400","0","0","0","0","67301","0","0","0","N","0","0","0","1","67301","0","","1.0","","1","N","N","N","0","","0","0","1","0","0","","1611","2","0","0","0","0","0","0","2","0","2","0","0","0","3","03","","N","","","","","","","","","",""
"2021092255","0212","1","0","0","0","0","0","0","0","0","7","0","","67","9","2021","5","39.904061","-75.240291","0211","6","0","0","0","0","0","0","0","0","","0","0","0","2","3","0","","1","0","39 54:14.619","","0","75 14:25.049","0","0","0","0","67301","0","0","0","N","0","0","0","1","67301","0","","3.0","","1","N","N","N","0","","0","0","0","3","2","","211","1","0","1","0","0","0","0","2","0","1","0","0","0","3","03","","N","","","","","","","","","",""
"2021069830","2345","1","0","0","0","0","0","0","0","0","5","0","","67","7","2021","7","40.058506","-75.199531","2336","6","0","0","0","0","0","0","0","0","","0","0","0","23","3","1","N","0","0","40 03:30.620","","0","75 11:58.310","4","0","0","0","67301","0","0","0","N","0","0","0","3","67301","1","","1.0","","9","N","N","N","0","","0","0","1","0","0","","2330","2","1","0","0","0","0","0","2","0","2","0","0","0","7","","","N","","","","","","","","","",""
"2021069814","1920","0","0","0","1","0","0","0","0","0","8","0","","67","7","2021","1","39.946348","-75.171493","1920","6","0","0","0","0","0","0","0","0","","0","0","0","10","1","1","","1","0","39 56:46.851","","0","75 10:17.373","8","0","0","0","67301","1","0","0","N","0","0","0","2","67301","0","","1.0","","99","N","N","N","0","","0","0","1","3","2","","1045","2","1","0","0","0","1","0","2","0","1","1","0","0","99","","","N","","","","","","","","","",""
"2021092066","1930","0","0","0","0","0","0","0","0","0","0","0","","67","9","2021","4","39.891657","-75.237572","1913","6","0","0","0","0","1","0","0","0","","0","0","0","19","3","2","N","0","0","39 53:29.965","","0","75 14:15.259","8","0","0","0","67301","0","0","0","N","0","0","0","2","68K01","0","","1.0","","9","N","N","N","0","","0","0","1","0","0","","1912","1","2","0","0","0","2","0","2","0","1","0","0","0","7","","","N","","","","","","","","","",""
"2021069926","2010","0","0","0","0","0","0","0","0","0","1","0","","67","7","2021","5","40.009454","-75.187766","2004","6","0","0","0","0","0","0","0","0","","0","0","0","20","1","1","N","0","1","40 00:34.033","1","0","75 11:15.956","3","0","0","0","67301","0","0","0","N","0","0","0","3","67301","0","","1.0","2035.0","1","N","N","N","0","","1","0","2","0","0","N","2000","2","1","0","0","0","0","0","2","0","2","0","0","0","3","03","","N","","","","","","","","","",""
"2021064314","2250","1","0","0","0","0","0","0","0","0","8","0","","67","6","2021","7","39.987857","-75.155801","2250","6","0","0","0","0","0","0","0","0","","0","0","0","22","3","1","","1","0","39 59:16.284","","0","75 09:20.883","3","0","0","0","67301","1","0","0","N","1","0","0","2","67301","0","","1.0","","1","N","N","N","0","","1","0","0","3","2","","2250","2","1","0","0","0","0","0","2","0","1","1","0","0","3","03","","N","","","","","","","","","",""
"2021064188","1520","1","0","0","0","0","0","0","0","0","8","0","","67","6","2021","1","39.923095","-75.159735","1517","6","0","0","0","0","0","0","0","0","","0","0","0","15","1","1","","1","0","39 55:23.141","","0","75 09:35.045","3","0","0","0","67301","1","0","0","N","1","0","0","2","67301","0","","1.0","","1","N","N","N","0","","1","0","0","3","2","","1509","2","1","0","0","0","0","0","2","0","1","1","0","0","3","03","","N","","","","","","","","","",""
"2021075045","2315","2","0","0","0","0","0","0","0","0","4","0","","67","8","2021","4","40.013922","-75.139149","2315","6","0","0","0","0","0","0","0","0","","0","0","0","23","3","1","","1","0","40 00:50.119","","0","75 08:20.936","3","0","0","0","67301","0","0","0","N","0","0","0","2","67301","0","","1.0","","1","N","N","N","0","","1","0","0","3","3","","2312","2","1","0","0","0","0","0","2","0","2","0","0","0","3","","","N","","","","","","","","","",""
"2021090680","1530","1","0","0","0","0","0","1","0","0","5","1","","67","9","2021","4","40.008551","-75.150611","1530","6","0","0","0","0","0","1","0","0","","0","0","0","17","1","1","N","0","0","40 00:30.783","","0","75 09:02.201","4","0","0","0","67301","0","0","0","N","0","0","0","2","67301","1","","1.0","","99","N","N","N","0","","0","0","0","0","0","","1720","2","1","1","0","0","0","1","2","0","2","0","0","0","99","","","N","","","","","","","","","",""
"2021091339","1620","2","0","0","0","0","0","0","0","0","1","0","","67","9","2021","6","40.00868","-75.068855","1616","6","0","0","0","0","0","1","0","0","","0","0","0","15","1","4","","1","0","40 00:31.249","","0","75 04:07.877","3","0","0","0","67301","0","0","0","N","0","0","0","6","67301","0","","1.0","","1","N","N","N","0","","4","0","0","3","2","","1549","2","4","4","0","0","0","0","2","0","2","0","0","0","3","03","","N","","","","","","","","","",""
"2021075117","1437","0","0","0","0","0","0","0","0","0","8","1","","67","8","2021","5","40.078818","-74.998575","1433","6","0","0","0","0","0","1","0","0","","1","1","0","14","1","0","","2","2","40 04:43.744","2","0","74 59:54.869","1","0","0","0","67301","1","1","0","N","1","1","0","2","67301","0","2","1.0","1622.0","1","N","N","N","0","0","0","0","0","3","2","Y","1430","2","0","1","0","0","0","0","2","0","1","1","1","0","3","03","","N","","","","","","","","","",""
"2021070535","1110","0","0","0","0","0","0","0","0","0","4","0","","67","7","2021","7","40.034076","-75.12402","1110","6","0","0","0","0","1","0","1","0","","0","0","0","21","3","1","","1","0","40 02:02.673","","0","75 07:26.472","8","0","0","0","67301","0","0","0","N","0","0","0","3","67301","0","","1.0","","1","N","N","N","0","","0","0","2","3","3","","2100","2","1","0","0","0","1","1","2","0","2","0","0","0","3","","","N","","","","","","","","","",""
"2021069870","0508","2","0","0","0","0","0","0","0","0","4","0","","67","7","2021","1","39.945858","-75.240283","0506","6","0","0","0","0","0","0","0","0","","0","0","0","5","3","1","","5","1","39 56:45.089","4","0","75 14:25.018","8","0","0","0","67301","0","0","0","N","0","0","0","4","67301","0","","1.0","35.0","9","N","N","N","0","","0","0","0","3","2","Y","505","2","1","0","0","0","1","1","2","0","2","0","0","0","7","","","N","","","","","","","","","",""
"2021059310","0040","2","0","0","0","0","0","0","0","0","2","0","","67","6","2021","1","40.044627","-75.07246","0035","6","0","0","0","0","0","0","0","0","","0","0","0","0","3","3","N","0","2","40 02:40.656","5","0","75 04:20.855","8","0","0","0","67301","0","0","0","N","0","0","0","4","67301","0","","1.0","40.0","1","N","N","N","0","","0","0","1","0","0","Y","25","3","3","0","0","0","3","0","2","0","3","0","0","0","3","03","","N","","","","","","","","","",""
"2021093362","1706","2","0","0","0","0","0","0","0","0","4","0","","67","10","2021","6","40.011158","-75.112367","1706","6","0","0","0","1","0","1","0","0","","0","0","0","14","1","0","N","0","0","40 00:40.170","","7","75 06:44.520","9","0","0","0","67301","0","0","0","N","0","0","0","3","67301","0","","1.0","","1","N","N","N","0","","0","0","0","0","0","","1400","2","0","0","0","0","0","1","2","0","2","0","0","0","3","03","","N","","","","","","","","","",""
"2021066440","2340","2","0","0","0","0","0","0","0","0","4","0","","67","7","2021","7","39.977607","-75.160654","2335","6","0","0","0","0","0","0","0","0","","0","0","0","23","3","0","","1","1","39 58:39.385","7","0","75 09:38.355","0","0","0","0","67301","0","0","0","N","0","0","0","5","67505","0","","1.0","20.0","9","N","N","N","0","","0","0","0","3","3","N","2325","2","0","0","0","0","0","0","2","0","2","0","0","0","7","","","N","","","","","","","","","",""
"2021059561","1043","2","0","0","0","0","0","0","0","0","5","0","","67","6","2021","1","40.000669","-75.108925","1043","6","0","0","0","0","0","0","0","0","","0","0","0","10","1","0","N","0","0","40 00:02.410","","0","75 06:32.130","0","0","0","0","67301","0","0","0","N","0","0","0","1","67301","0","","6.0","","1","N","N","N","0","","0","0","1","0","0","","1040","3","0","1","0","0","0","0","2","0","3","0","0","0","3","03","","N","","","","","","","","","",""
"2021074376","1951","1","0","0","0","0","0","0","0","0","4","0","","67","7","2021","6","39.957711","-75.160646","1933","6","0","0","0","0","0","0","0","0","","0","0","0","19","1","1","N","0","1","39 57:27.761","4","0","75 09:38.324","8","0","0","0","67301","0","0","0","N","0","0","0","5","68K01","0","","1.0","2000.0","1","N","N","N","0","","0","0","1","0","0","N","1929","2","1","0","0","0","1","0","2","0","2","0","0","0","3","03","","N","","","","","","","","","",""
"2021092075","2302","1","0","0","0","0","0","0","0","0","5","0","","67","9","2021","2","40.01153","-75.060672","2252","6","0","0","0","0","0","1","0","0","","0","0","0","22","3","1","N","0","1","40 00:41.508","1","0","75 03:38.418","8","0","0","0","67301","0","0","0","N","0","0","0","3","68K01","0","","1.0","2330.0","1","N","N","N","0","","0","0","1","0","0","N","2245","2","1","0","0","0","1","0","2","0","2","0","0","0","3","","","N","","","","","","","","","",""
"2021064261","2131","2","0","0","0","0","0","0","0","0","4","0","","67","6","2021","1","40.018922","-75.049504","2126","6","0","0","0","1","0","0","0","0","","0","0","0","21","3","2","","1","0","40 01:08.120","","0","75 02:58.216","3","0","0","0","67301","0","0","0","N","0","0","0","2","67301","0","","9.0","","1","N","N","N","0","","2","0","0","0","0","","2125","2","2","0","0","0","0","0","2","0","2","0","0","0","3","03","","N","","","","","","","","","",""
"2021074570","0105","0","0","0","0","0","0","0","0","0","7","0","","67","8","2021","1","40.037184","-75.012917","0047","6","0","0","0","0","0","0","0","0","","0","0","0","0","3","0","N","0","0","40 02:13.863","","0","75 00:46.500","0","0","0","0","67301","0","0","0","N","0","0","0","1","68K01","0","","2.0","","9","N","N","N","1","","0","0","0","0","0","","42","1","0","0","0","0","0","0","2","0","1","0","0","0","7","","","N","","","","","","","","","",""
"2021070320","1255","0","0","0","0","0","0","0","0","0","4","1","","67","7","2021","3","39.927647","-75.175555","1246","6","0","0","0","0","0","0","0","0","","0","1","0","12","1","0","","1","0","39 55:39.529","","0","75 10:31.998","0","0","0","0","67301","0","0","0","N","0","0","0","1","67301","0","","1.0","","1","N","N","N","1","","0","0","0","3","3","","1246","2","0","0","0","0","0","0","2","0","2","0","0","0","3","03","","N","","","","","","","","","",""
"2021070438","1653","1","0","0","0","0","0","0","0","0","5","0","","67","7","2021","7","40.019472","-75.079194","1638","6","0","0","0","0","0","0","0","0","","0","0","0","15","1","0","N","0","1","40 01:10.100","2","0","75 04:45.100","0","0","0","0","67301","0","0","0","N","0","0","0","1","67301","0","","6.0","1800.0","1","N","N","N","0","","0","0","1","0","0","Y","1552","2","0","0","0","0","0","0","2","0","2","0","0","0","3","03","","N","","","","","","","","","",""
"2021064220","0858","1","0","0","0","0","0","0","0","0","4","0","","67","2","2021","6","39.929501","-75.218424","0855","6","0","0","0","0","0","0","0","1","","0","0","0","8","1","1","","1","0","39 55:46.204","","0","75 13:06.328","4","0","0","0","67301","0","0","0","N","0","0","0","2","67301","1","","1.0","","9","N","N","N","0","","0","0","1","2","3","","852","2","1","0","0","0","0","0","2","0","2","0","0","0","4","10","","N","","","","","","","","","",""
"2021059258","1100","1","0","0","0","0","0","0","0","0","7","0","","67","6","2021","7","39.914389","-75.156111","1057","6","0","0","0","0","0","0","0","1","","0","0","0","10","1","0","N","0","0","39 54:51.800","","7","75 09:22.000","0","0","0","0","67301","0","0","0","N","0","0","0","1","67301","0","","3.0","","9","N","N","N","0","","0","0","0","0","0","","1056","1","0","0","0","0","0","0","2","0","1","0","0","0","4","","","N","","","","","","","","","",""
"2021070481","2100","1","0","0","0","0","0","0","0","0","4","0","","67","7","2021","5","39.991335","-75.170793","2054","6","0","0","0","0","0","0","0","0","","0","0","0","15","1","0","","1","0","39 59:28.806","","0","75 10:14.854","0","0","0","0","67301","0","0","0","N","0","0","0","2","67301","0","","1.0","","1","N","N","N","0","","0","0","1","3","2","","1500","2","0","1","0","0","0","0","2","0","2","0","0","0","3","04","","N","","","","","","","","","",""
"2021071077","2139","1","0","0","0","0","0","0","0","0","4","0","","67","7","2021","7","39.994177","-75.235459","2139","6","0","0","0","0","0","2","0","0","","0","0","0","21","3","1","","2","0","39 59:39.037","","0","75 14:07.652","3","0","0","0","67301","0","0","0","N","0","0","0","2","67301","0","","1.0","","1","N","N","N","0","","1","0","1","0","0","","2139","2","1","0","0","0","0","0","2","0","2","0","0","0","3","03","","N","","","","","","","","","",""
"2021093418","2059","1","0","0","0","0","0","0","0","0","1","0","","67","9","2021","7","39.959849","-75.17761","2045","6","0","0","1","0","0","0","0","0","","0","0","0","20","3","0","N","0","2","39 57:35.457","4","0","75 10:39.397","0","0","0","0","67301","0","0","0","N","0","0","0","4","68K01","0","","1.0","2122.0","1","N","N","N","0","","0","0","1","0","0","N","2038","2","0","0","0","0","0","0","2","0","2","0","0","0","3","","","N","","","","","","","","","",""
"2021070423","2020","1","0","0","0","0","0","0","0","0","5","0","","67","7","2021","3","40.035089","-75.039158","2022","6","0","0","0","0","0","0","0","0","","0","0","0","20","3","0","Y","0","2","40 02:06.319","7","0","75 02:20.968","0","0","0","0","67301","0","0","0","N","0","0","0","3","67301","0","","1.0","100.0","1","N","N","N","0","","0","0","1","3","2","Y","2019","3","0","0","0","0","0","0","2","1","3","0","0","0","3","03","","N","","","","","","","","","",""
"2021070398","2247","1","0","0","0","0","0","0","0","0","8","0","","67","7","2021","6","39.912861","-75.243778","2244","6","0","0","0","0","0","0","0","0","","0","0","0","22","3","1","N","0","0","39 54:46.300","","0","75 14:37.600","3","0","0","0","67301","1","0","0","N","1","0","0","2","67301","0","","1.0","","1","N","N","N","0","","1","0","0","0","0","","2240","2","1","0","0","0","0","0","2","0","1","1","0","0","3","03","","N","","","","","","","","","",""
"2021090693","2230","1","0","0","0","0","0","0","0","0","7","0","","67","8","2021","4","40.041334","-75.004434","2211","6","0","0","0","0","0","0","0","0","","0","0","0","21","3","0","N","0","1","40 02:28.803","1","0","75 00:15.964","9","0","0","0","67301","0","0","0","N","0","0","0","1","68K01","0","","4.0","2245.0","9","N","N","N","0","","0","0","0","0","0","N","2155","1","0","1","0","0","0","1","2","0","1","0","0","0","7","","","N","","","","","","","","","",""
"2021069759","850","0","0","0","0","0","0","0","0","0","4","0","","67","7","2021","3","39.933853","-75.155759","850","6","0","0","0","0","0","0","0","0","","0","0","0","8","1","0","","1","0","39 56:01.870","","0","75 09:20.732","0","0","0","0","67301","0","0","0","N","0","0","0","2","67301","0","","1.0","","1","N","N","N","0","","0","0","2","3","3","","830","2","0","0","0","0","0","0","2","0","2","0","0","0","3","03","","N","","","","","","","","","",""
"2021070322","1816","2","0","0","0","0","0","0","0","0","4","0","","67","7","2021","5","39.921949","-75.188811","1814","6","0","0","0","0","0","0","0","0","","0","0","0","18","1","2","","2","0","39 55:19.017","","0","75 11:19.719","3","0","0","0","67301","0","0","0","N","0","0","0","2","67301","0","","1.0","","1","N","N","N","0","","2","0","0","3","2","","1805","2","2","0","0","0","0","0","2","0","2","0","0","0","3","03","","N","","","","","","","","","",""