"CRN","ARRIVAL_TM","AUTOMOBILE_COUNT","BELTED_DEATH_COUNT","BELTED_SUSP_SERIOUS_INJ_COUNT","BICYCLE_COUNT","BICYCLE_DEATH_COUNT","BICYCLE_SUSP_SERIOUS_INJ_COUNT","BUS_COUNT","CHLDPAS_DEATH_COUNT","CHLDPAS_SUSP_SERIOUS_INJ_COUNT","COLLISION_TYPE","COMM_VEH_COUNT","CONS_ZONE_SPD_LIM","COUNTY","CRASH_MONTH","CRASH_YEAR","DAY_OF_WEEK","DEC_LATITUDE","DEC_LONGITUDE","DISPATCH_TM","DISTRICT","DRIVER_COUNT_16YR","DRIVER_COUNT_17YR","DRIVER_COUNT_18YR","DRIVER_COUNT_19YR","DRIVER_COUNT_20YR","DRIVER_COUNT_50_64YR","DRIVER_COUNT_65_74YR","DRIVER_COUNT_75PLUS","EST_HRS_CLOSED","FATAL_COUNT","HEAVY_TRUCK_COUNT","HORSE_BUGGY_COUNT","HOUR_OF_DAY","ILLUMINATION","INJURY_COUNT","INTERSECTION_RELATED","INTERSECT_TYPE","LANE_CLOSED","LATITUDE","LN_CLOSE_DIR","LOCATION_TYPE","LONGITUDE","MAX_SEVERITY_LEVEL","MCYCLE_DEATH_COUNT","MCYCLE_SUSP_SERIOUS_INJ_COUNT","MOTORCYCLE_COUNT","MUNICIPALITY","NONMOTR_COUNT","NONMOTR_DEATH_COUNT","NONMOTR_SUSP_SERIOUS_INJ_COUNT","NTFY_HIWY_MAINT","PED_COUNT","PED_DEATH_COUNT","PED_SUSP_SERIOUS_INJ_COUNT","PERSON_COUNT","POLICE_AGCY","POSSIBLE_INJ_COUNT","RDWY_SURF_TYPE_CD","RELATION_TO_ROAD","ROADWAY_CLEARED","ROAD_CONDITION","SCH_BUS_IND","SCH_ZONE_IND","SECONDARY_CRASH","SMALL_TRUCK_COUNT","SPEC_JURIS_CD","SUSP_MINOR_INJ_COUNT","SUSP_SERIOUS_INJ_COUNT","SUV_COUNT","TCD_FUNC_CD","TCD_TYPE","TFC_DETOUR_IND","TIME_OF_DAY","TOTAL_UNITS","TOT_INJ_COUNT","UNBELTED_OCC_COUNT","UNB_DEATH_COUNT","UNB_SUSP_SERIOUS_INJ_COUNT","UNK_INJ_DEG_COUNT","UNK_INJ_PER_COUNT","URBAN_RURAL","VAN_COUNT","VEHICLE_COUNT","VULNERABLE_ROAD_USER_COUNT","VULNERABLE_ROAD_USER_DEATH_COUNT","VULNERABLE_ROAD_USER_SER_INJ_COUNT","WEATHER1","WEATHER2","WORKERS_PRES","WORK_ZONE_IND","WORK_ZONE_LOC","WORK_ZONE_TYPE","WZ_CLOSE_DETOUR","WZ_FLAGGER","WZ_LAW_OFFCR_IND","WZ_LN_CLOSURE","WZ_MOVING","WZ_OTHER","WZ_SHLDER_MDN","WZ_WORKERS_INJ_KILLED"
"2021064331","1205","2","0","0","0","0","0","0","0","0","4","0","","67","6","2021","7","39.993353","-75.096973","1158","6","0","0","0","0","0","1","0","0","","0","0","0","10","1","0","","1","0","39 59:36.071","","0","75 05:49.104","0","0","0","0","67301","0","0","0","N","0","0","0","2","67301","0","","1.0","","1","N","N","N","0","","0","0","0","3","2","","1055","2","0","2","0","0","0","0","2","0","2","0","0","0","3","03","","N","","","","","","","","","",""
"2021070391","1407","0","0","0","0","0","0","0","0","0","8","0","","67","7","2021","6","39.949941","-75.169052","1348","6","0","0","0","0","0","0","0","0","","0","0","0","13","1","1","","1","0","39 56:59.788","","0","75 10:08.586","2","0","0","0","67301","1","0","1","N","1","0","1","2","67301","0","","1.0","","1","N","N","N","1","","0","1","0","3","2","","1344","2","1","0","0","0","0","0","2","0","1","1","0","1","3","03","","N","","","","","","","","","",""
"2021067640","1937","2","0","0","0","0","0","0","0","0","1","0","","67","7","2021","1","39.98961","-75.08755","1937","6","0","0","0","1","1","0","0","0","","0","0","0","19","1","0","N","0","0","39 59:22.597","","0","75 05:15.181","0","0","0","0","67301","0","0","0","N","0","0","0","2","68K01","0","","1.0","","1","N","N","Y","0","","0","0","0","3","8","","1925","2","0","0","0","0","0","0","2","0","2","0","0","0","3","","","N","","","","","","","","","",""
"2021064176","2123","1","0","0","0","0","0","0","0","0","5","0","","67","6","2021","3","40.036472","-75.078778","2123","6","0","0","0","0","0","0","0","0","","0","0","0","21","3","0","N","0","0","40 02:11.300","","0","75 04:43.600","0","0","0","0","67301","0","0","0","N","0","0","0","1","67301","0","","6.0","","1","N","N","N","0","","0","0","1","0","0","","2123","2","0","0","0","0","0","0","2","0","2","0","0","0","3","","","N","","","","","","","","","",""
"2021092879","241","2","0","0","0","0","0","0","0","0","7","0","","67","9","2021","6","40.026983","-75.026102","226","6","0","0","0","0","0","0","0","0","","0","0","0","2","3","1","N","0","0","40 01:37.139","","0","75 01:33.968","3","0","0","0","67301","0","0","0","N","0","0","0","2","68K01","0","","4.0","","1","N","N","N","0","","1","0","0","0","0","","225","2","1","0","0","0","0","0","2","0","2","0","0","0","3","","","N","","","","","","","","","",""
"2021069761","950","0","0","0","0","0","0","0","0","0","5","0","","67","7","2021","6","40.033894","-75.233996","940","6","0","0","0","0","0","0","0","0","","0","0","0","9","1","1","","2","1","40 02:02.018","5","0","75 14:02.385","8","0","0","0","67301","0","0","0","N","0","0","0","3","67301","0","","1.0","15.0","1","N","N","N","1","","0","0","1","3","3","N","930","2","1","0","0","0","1","0","2","0","2","0","0","0","3","03","","N","","","","","","","","","",""
"2021090341","149","1","0","0","0","0","0","0","0","0","7","0","","67","9","2021","7","40.053328","-75.055054","142","6","0","0","0","0","0","0","0","0","","0","0","0","1","3","1","N","0","0","40 03:11.982","","0","75 03:18.194","3","0","0","0","67301","0","0","0","N","0","0","0","1","67301","0","","4.0","","1","N","N","N","0","","1","0","0","0","0","","125","1","1","0","0","0","0","0","2","0","1","0","0","0","3","03","","N","","","","","","","","","",""
"2021092398","1417","2","0","0","0","0","0","0","0","0","3","0","","67","9","2021","5","39.980445","-75.159234","1415","6","0","0","0","0","0","1","0","0","","0","0","0","14","1","1","","1","0","39 58:49.603","","0","75 09:33.243","3","0","0","0","67301","0","0","0","N","0","0","0","2","67505","0","","1.0","","1","N","N","N","0","","1","0","0","3","2","","1414","2","1","0","0","0","0","0","2","0","2","0","0","0","3","03","","N","","","","","","","","","",""
"2021093355","2144","0","0","0","0","0","0","0","0","0","7","1","","67","9","2021","4","39.958997","-75.157344","2100","6","0","0","0","0","0","1","0","0","","0","1","0","20","3","0","N","0","2","39 57:32.390","4","1","75 09:26.440","0","0","0","0","67301","0","0","0","N","0","0","0","2","67301","0","","5.0","0.0","1","N","N","N","0","","0","0","0","3","8","Y","2037","1","0","0","0","0","0","0","2","0","1","0","0","0","3","03","","N","","","","","","","","","",""
"2021064230","1905","3","0","0","0","0","0","0","0","0","4","0","","67","6","2021","2","39.923833","-75.224936","1859","6","0","0","0","0","0","0","0","0","","0","0","0","18","1","1","","1","0","39 55:25.798","","0","75 13:29.769","3","0","0","0","67301","0","0","0","N","0","0","0","2","67301","0","","1.0","","1","N","N","N","0","","1","0","1","3","2","","1859","4","1","0","0","0","0","0","2","0","4","0","0","0","3","03","","N","","","","","","","","","",""
"2021079447","1709","2","0","0","0","0","0","0","0","0","4","0","","67","8","2021","3","40.00468","-75.152126","1706","6","0","0","0","0","1","0","0","0","","0","0","0","17","1","1","","1","0","40 00:16.847","","0","75 09:07.652","8","0","0","0","67301","0","0","0","N","0","0","0","2","67505","0","","1.0","","1","N","N","N","0","","0","0","0","3","2","","1705","2","1","0","0","0","1","0","2","0","2","0","0","0","3","03","","N","","","","","","","","","",""
"2021064198","738","1","0","0","0","0","0","0","0","0","4","0","","67","6","2021","2","39.95762","-75.145687","735","6","0","0","0","0","0","2","0","0","","0","0","0","7","1","1","","1","0","39 57:27.432","","0","75 08:44.473","8","0","0","0","67301","0","0","0","N","0","0","0","4","67301","0","","1.0","","1","N","N","N","0","","0","0","2","3","2","","730","3","1","0","0","0","1","0","2","0","3","0","0","0","3","03","","N","","","","","","","","","",""
"2021093042","905","1","0","0","0","0","0","0","0","0","1","0","","67","9","2021","5","39.942183","-75.142979","839","6","0","0","0","0","0","0","0","0","","0","0","0","8","1","0","N","0","0","39 56:31.859","","0","75 08:34.724","0","0","0","0","67301","0","0","0","N","0","0","0","2","68K01","0","","1.0","","9","N","N","N","0","","0","0","1","3","8","","837","2","0","0","0","0","0","0","2","0","2","0","0","0","7","","","N","","","","","","","","","",""
"2021070405","1336","1","0","0","0","0","0","0","0","0","5","0","","67","7","2021","4","40.067107","-75.158149","1336","6","0","0","0","0","1","0","0","0","","0","0","0","13","1","1","N","0","0","40 04:01.584","","99","75 09:29.336","4","0","0","1","67301","0","0","0","N","0","0","0","2","67301","1","","6.0","","1","N","N","N","0","","0","0","0","0","0","","1335","2","1","0","0","0","0","0","2","0","2","0","0","0","3","","","N","","","","","","","","","",""
"2021070411","1708","0","0","0","1","0","0","0","0","0","8","0","","67","7","2021","7","40.077976","-75.210666","1657","6","0","0","0","0","0","0","1","0","","0","0","0","16","1","1","","1","0","40 04:40.713","","0","75 12:38.397","3","0","0","0","67301","1","0","0","N","0","0","0","2","67301","0","","1.0","","1","N","N","N","0","","1","0","1","3","2","","1654","2","1","0","0","0","0","0","2","0","1","1","0","0","3","","","N","","","","","","","","","",""
"2021036656","402","0","0","0","0","0","0","0","0","0","7","0","","67","4","2021","7","39.939008","-75.235007","400","6","0","0","0","0","0","0","1","0","","0","0","0","3","3","1","N","0","0","39 56:20.427","","0","75 14:06.026","3","0","0","0","67301","0","0","0","N","0","0","0","1","67301","0","","2.0","","1","N","N","N","0","","1","0","1","0","0","","359","1","1","0","0","0","0","0","2","0","1","0","0","0","3","03","","N","","","","","","","","","",""
"2021046914","2112","2","0","0","0","0","0","0","0","0","5","0","","67","5","2021","6","40.049529","-74.988539","2055","6","0","0","0","0","0","0","1","0","","0","0","0","19","1","1","N","0","0","40 02:58.306","","0","74 59:18.740","8","0","0","0","67301","0","0","0","N","0","0","0","1","67301","0","","6.0","","1","N","N","N","2","","0","0","0","0","0","","1945","4","1","0","0","0","1","0","2","0","4","0","0","0","3","03","","N","","","","","","","","","",""
"2021038483","1519","1","0","0","0","0","0","0","0","0","1","0","","67","4","2021","4","40.001431","-75.114975","1517","6","0","0","0","0","0","1","0","0","","0","0","0","14","1","0","N","0","0","40 00:05.150","","0","75 06:53.910","9","0","0","0","67301","0","0","0","N","0","0","0","3","67301","0","","1.0","","1","N","N","N","0","","0","0","1","0","0","","1444","4","0","1","0","0","0","1","2","2","4","0","0","0","3","07","","N","","","","","","","","","",""
"2021069793","1510","1","0","0","0","0","0","0","0","0","4","0","","67","7","2021","4","39.961664","-75.156101","1504","6","0","0","0","0","0","2","0","0","","0","0","0","14","1","1","","1","2","39 57:41.990","1","0","75 09:21.963","4","0","0","0","67301","0","0","0","N","0","0","0","3","67301","1","","1.0","200.0","1","N","N","N","0","","0","0","1","3","2","Y","1458","2","1","0","0","0","0","0","2","0","2","0","0","0","4","","","N","","","","","","","","","",""
"2021047837","23","3","0","0","0","0","0","0","0","0","2","0","","67","5","2021","5","40.022553","-75.130669","21","6","0","0","0","0","0","0","0","0","","0","0","0","0","3","0","N","0","0","40 01:21.190","","0","75 07:50.410","0","0","0","0","67301","0","0","0","N","0","0","0","1","67301","0","","6.0","","1","N","N","N","0","","0","0","0","0","0","","10","3","0","0","0","0","0","0","2","0","3","0","0","0","3","03","","N","","","","","","","","","",""
"2021035619","1625","1","0","0","0","0","0","0","0","0","4","0","","67","4","2021","7","40.023278","-75.1585","1608","6","0","0","0","0","0","1","0","0","","0","0","0","16","1","1","N","0","0","40 01:23.800","","7","75 09:30.600","3","0","0","0","67301","0","0","0","N","0","0","0","2","67301","0","","1.0","","1","N","N","N","0","","1","0","1","0","0","","1600","2","1","0","0","0","0","0","2","0","2","0","0","0","4","","","N","","","","","","","","","",""
"2021064256","4","1","0","0","0","0","0","0","0","0","4","0","","67","7","2021","7","40.025856","-75.159331","2358","6","0","0","0","0","0","0","0","0","","0","0","0","23","3","2","N","0","0","40 01:33.080","","0","75 09:33.590","3","0","0","0","67301","0","0","0","N","0","0","0","5","67301","0","","1.0","","1","N","N","N","0","","2","0","1","0","0","","2357","2","2","2","0","0","0","0","2","0","2","0","0","0","3","03","","N","","","","","","","","","",""
"2021070422","1306","2","0","0","0","0","0","0","0","0","4","0","","67","7","2021","7","40.012552","-75.073222","1306","6","0","0","0","0","0","2","0","0","","0","0","0","13","1","3","","1","0","40 00:45.188","","0","75 04:23.599","3","0","0","0","67301","0","0","0","N","0","0","0","4","67301","0","","1.0","","1","N","N","N","0","","3","0","1","3","2","","1300","3","3","0","0","0","0","0","2","0","3","0","0","0","3","03","","N","","","","","","","","","",""
"2021064245","1212","2","0","0","0","0","0","0","0","0","4","0","","67","6","2021","4","40.065839","-75.150838","1201","6","0","0","0","0","0","1","0","0","","0","0","0","12","1","2","","1","0","40 03:57.020","","0","75 09:03.016","3","0","0","0","67301","0","0","0","N","0","0","0","3","67301","0","","1.0","","1","N","N","N","0","","2","0","0","3","3","","1201","2","2","0","0","0","0","1","2","0","2","0","0","0","3","","","N","","","","","","","","","",""
"2021075189","1121","1","0","0","0","0","0","1","0","0","4","1","","67","7","2021","4","39.956354","-75.214493","1121","6","0","0","0","0","0","0","0","0","","0","0","0","11","1","2","","1","0","39 57:22.874","","0","75 12:52.174","8","0","0","0","67301","0","0","0","N","0","0","0","4","67301","0","","1.0","","1","N","N","N","0","","0","0","1","3","3","","1102","3","2","0","0","0","2","0","2","0","3","0","0","0","3","03","","N","","","","","","","","","",""
"2021070409","212","1","0","0","0","0","0","0","0","0","5","0","","67","7","2021","7","40.07145","-75.180872","208","6","0","0","0","0","0","0","0","0","","0","0","0","1","3","0","N","0","1","40 04:17.220","2","0","75 10:51.140","0","0","0","0","67301","0","0","0","N","0","0","0","1","67301","0","","6.0","345.0","1","N","N","N","1","","0","0","2","0","0","Y","159","4","0","0","0","0","0","0","2","0","4","0","0","0","3","03","","N","","","","","","","","","",""
"2021035605","104","1","0","0","0","0","0","0","0","0","7","0","","67","4","2021","6","39.984949","-75.133276","100","6","0","0","0","0","0","0","0","0","","0","0","0","0","3","0","","1","0","39 59:05.818","","0","75 07:59.794","0","0","0","0","67301","0","0","0","N","0","0","0","1","67301","0","","4.0","","9","N","N","N","0","","0","0","0","0","0","","59","1","0","0","0","0","0","0","2","0","1","0","0","0","7","07","","N","","","","","","","","","",""
"2021091991","2140","1","0","0","0","0","0","0","0","0","1","0","","67","9","2021","1","40.027605","-75.092674","2130","6","0","0","0","1","0","0","0","0","","0","0","0","21","3","0","N","0","2","40 01:39.377","2","0","75 05:33.625","0","0","0","0","67301","0","0","0","N","0","0","0","2","67301","0","","1.0","2210.0","1","N","N","N","1","","0","0","0","0","0","N","2114","2","0","0","0","0","0","0","2","0","2","0","0","0","3","","","N","","","","","","","","","",""
"2021064264","1140","2","0","0","0","0","0","0","0","0","5","0","","67","6","2021","2","40.038059","-75.043053","1130","6","0","0","0","0","0","0","0","0","","0","0","0","11","1","2","N","0","2","40 02:17.013","4","0","75 02:34.989","4","0","0","0","67301","0","0","0","N","0","0","0","3","67301","2","","1.0","1226.0","1","N","N","N","0","","0","0","3","0","0","N","1128","5","2","0","0","0","0","0","2","0","5","0","0","0","3","03","","N","","","","","","","","","",""
"2021064300","1800","3","0","0","0","0","0","0","0","0","4","0","","67","6","2021","3","39.974814","-75.234397","1645","6","0","0","0","0","0","0","0","0","","0","0","0","16","1","0","N","0","0","39 58:29.330","","99","75 14:03.830","0","0","0","0","67301","0","0","0","N","0","0","0","0","67301","0","","4.0","","9","N","N","Y","0","","0","0","0","0","0","","1630","3","0","0","0","0","0","0","2","0","3","0","0","0","7","07","","N","","","","","","","","","",""
"2021045583","33","2","0","0","0","0","0","0","0","0","5","0","","67","5","2021","3","40.025303","-75.044482","29","6","0","0","0","0","0","0","0","0","","0","0","0","0","3","2","N","0","2","40 01:31.090","5","0","75 02:40.134","3","0","0","0","67301","0","0","0","N","0","0","0","4","67301","0","","1.0","100.0","1","N","N","N","1","","2","0","2","0","0","N","21","5","2","0","0","0","0","0","2","0","5","0","0","0","3","03","","N","","","","","","","","","",""
"2021045586","2110","0","0","0","0","0","0","0","0","0","8","0","","67","5","2021","3","40.027075","-75.123464","2110","6","0","0","0","0","0","0","0","0","","0","0","0","20","3","1","N","0","0","40 01:37.470","","0","75 07:24.470","3","0","0","0","67301","1","0","0","N","1","0","0","2","67301","0","","1.0","","1","N","N","N","1","","1","0","0","0","0","","2016","2","1","0","0","0","0","0","2","0","1","1","0","0","3","03","","N","","","","","","","","","",""
"2021041586","509","0","0","0","0","0","0","0","0","0","4","0","","67","4","2021","5","40.010471","-75.136173","507","6","0","0","0","0","0","1","0","0","","0","0","0","4","3","0","","1","0","40 00:37.695","","0","75 08:10.222","0","0","0","0","67301","0","0","0","N","0","0","0","2","67301","0","","1.0","","1","N","N","N","1","","0","0","0","3","3","","444","2","0","0","0","0","0","0","2","1","2","0","0","0","3","03","","N","","","","","","","","","",""
"2021065739","1927","0","0","0","0","0","0","0","0","0","5","0","","67","6","2021","6","39.973802","-75.118883","1918","6","0","0","0","0","0","0","0","0","","0","0","0","9","1","2","N","0","2","39 58:25.686","1","0","75 07:07.978","3","0","0","0","67301","0","0","0","N","0","0","0","3","68K01","0","","1.0","948.0","1","N","N","N","1","","1","0","0","0","0","Y","923","2","2","0","0","0","1","0","2","0","2","0","0","0","3","","","N","","","","","","","","","",""
"2021045579","2011","0","0","0","0","0","0","0","0","0","1","0","","67","5","2021","3","40.097242","-75.030433","2010","6","0","0","0","0","0","0","0","0","","0","0","0","20","4","1","N","0","2","40 05:50.070","1","0","75 01:49.557","2","0","1","1","67301","0","0","0","N","0","0","0","1","67301","0","","6.0","2015.0","1","N","N","N","1","","0","1","0","0","0","Y","2009","2","1","0","0","0","0","0","2","0","2","0","0","0","3","","","N","","","","","","","","","",""
"2021064591","2341","1","0","0","0","0","0","0","0","0","7","0","","67","7","2021","5","40.035183","-75.017782","2341","6","0","0","0","0","0","0","0","0","","0","0","0","23","3","0","N","0","2","40 02:06.658","1","0","75 01:04.016","0","0","0","0","67301","0","0","0","N","0","0","0","1","68K01","0","","2.0","17.0","1","N","N","N","0","","0","0","0","0","0","N","2341","1","0","0","0","0","0","0","2","0","1","0","0","0","7","","","N","","","","","","","","","",""
"2021046910","2034","0","0","0","0","0","0","0","0","0","8","0","","67","5","2021","6","40.122567","-75.023783","2027","6","0","0","0","0","0","0","1","0","","0","0","0","20","3","1","N","0","1","40 07:21.240","4","0","75 01:25.620","3","0","0","0","67301","1","0","0","N","1","0","0","2","67301","0","","1.0","2100.0","1","N","N","N","0","","1","0","1","0","0","Y","2026","2","1","0","0","0","0","0","2","0","1","1","0","0","3","","","N","","","","","","","","","",""
"2021035732","1705","0","0","0","0","0","0","0","0","0","8","0","","67","4","2021","2","39.958325","-75.225214","1659","6","0","0","0","0","0","0","0","0","","0","0","0","16","1","1","N","0","0","39 57:29.971","","0","75 13:30.772","3","0","0","0","67301","1","0","0","N","1","0","0","2","67301","0","","1.0","","1","N","N","N","0","","1","0","0","0","0","","1658","2","1","0","0","0","0","0","2","1","1","1","0","0","3","03","","N","","","","","","","","","",""
"2021036231","1755","2","0","0","0","0","0","0","0","0","1","0","","67","4","2021","1","39.996781","-75.141208","1750","6","0","0","0","0","0","0","0","0","","0","0","0","17","1","0","N","0","0","39 59:48.410","","0","75 08:28.350","0","0","0","0","67301","0","0","0","N","0","0","0","1","67301","0","","6.0","","1","N","N","N","0","","0","0","1","0","0","","1744","3","0","0","0","0","0","0","2","0","3","0","0","0","3","","","N","","","","","","","","","",""
"2021075654","1740","1","0","0","0","0","0","0","0","0","5","0","","67","8","2021","4","39.919656","-75.178914","1735","6","0","0","0","0","0","0","0","0","","0","0","0","17","1","1","N","0","0","39 55:10.760","","0","75 10:44.090","3","0","0","0","67301","0","0","0","N","0","0","0","2","67301","0","","1.0","","1","N","N","N","0","","1","0","1","3","3","","1730","2","1","0","0","0","0","0","2","0","2","0","0","0","3","03","","N","","","","","","","","","",""
"2021036939","218","1","0","0","0","0","0","0","0","0","4","0","","67","4","2021","4","39.971171","-75.22795","201","6","0","0","0","0","1","0","0","0","","0","0","0","1","3","0","","2","0","39 58:16.215","","0","75 13:40.619","0","0","0","0","67301","0","0","0","N","0","0","0","3","67301","0","","1.0","","1","N","N","N","0","","0","0","0","3","3","","129","2","0","2","0","0","0","0","2","0","2","0","0","0","3","03","","N","","","","","","","","","",""
"2021064548","1837","2","0","0","0","0","0","0","0","0","98","0","","67","6","2021","1","40.002013","-75.194964","1837","6","0","0","0","0","0","1","0","0","","0","0","0","18","1","0","N","0","1","40 00:07.248","3","0","75 11:41.869","9","0","0","0","67301","0","0","0","N","0","0","0","2","68K01","0","","4.0","1933.0","1","N","N","Y","0","","0","0","0","0","0","N","1837","2","0","0","0","0","0","1","2","0","2","0","0","0","3","","","N","","","","","","","","","",""
"2021036647","940","0","0","0","0","0","0","0","0","0","5","0","","67","4","2021","5","39.953883","-75.200621","937","6","0","0","0","0","0","0","0","0","","0","0","0","19","3","0","N","0","0","39 57:13.980","","0","75 12:02.235","0","0","0","0","67301","0","0","0","N","0","0","0","1","67504","0","","6.0","","1","N","N","N","0","","0","0","1","0","0","N","1900","2","0","0","0","0","0","0","2","0","2","0","0","0","99","","","N","","","","","","","","","",""
"2021045447","1725","0","0","0","0","0","0","0","0","0","7","0","","67","5","2021","3","39.970152","-75.22855","1715","6","0","0","0","0","0","1","0","0","","0","0","0","17","1","2","","1","0","39 58:12.547","","0","75 13:42.780","3","0","0","0","67301","0","0","0","N","0","0","0","2","67301","0","","4.0","","1","N","N","N","0","","2","0","0","3","3","","1700","2","2","0","0","0","0","0","2","1","1","0","0","0","3","","","N","","","","","","","","","",""
"2021075144","1210","1","0","0","0","0","0","0","0","0","4","0","","67","8","2021","4","39.973062","-75.193727","1210","6","0","0","0","0","0","0","0","0","","0","0","0","12","1","0","N","0","0","39 58:23.023","","0","75 11:37.418","9","0","0","0","67301","0","0","0","N","0","0","0","2","68K01","0","","1.0","","1","N","N","N","0","","0","0","0","0","0","","1210","2","0","0","0","0","0","1","2","0","2","0","0","0","3","","","N","","","","","","","","","",""
"2021064412","1954","3","0","0","0","0","0","0","0","0","4","0","","67","7","2021","6","40.009585","-75.180418","1947","6","0","0","0","0","0","1","0","0","","0","0","0","19","1","1","","2","0","40 00:34.506","","0","75 10:49.505","3","0","0","0","67301","0","0","0","N","0","0","0","3","67301","0","","1.0","","1","N","N","N","0","","1","0","0","3","2","","1941","3","1","0","0","0","0","0","2","0","3","0","0","0","4","","","N","","","","","","","","","",""
"2021035547","1930","0","0","0","0","0","0","0","0","0","5","0","","67","4","2021","1","40.054706","-75.173261","1925","6","0","0","0","0","0","0","0","0","","0","0","0","18","1","0","N","0","0","40 03:16.940","","0","75 10:23.740","9","0","0","0","67301","0","0","0","N","0","0","0","1","67301","0","","6.0","","1","N","N","N","0","","0","0","4","0","0","","1820","4","0","0","0","0","0","1","2","0","4","0","0","0","3","","","N","","","","","","","","","",""
"2021049746","1839","1","0","0","0","0","0","0","0","0","4","0","","67","5","2021","6","40.038056","-75.038167","1834","6","0","0","1","0","0","0","0","0","","0","0","0","18","1","1","N","0","0","40 02:17.000","","0","75 02:17.400","3","0","0","1","67301","0","0","0","N","0","0","0","2","67301","0","","1.0","","1","N","N","N","0","","1","0","0","0","0","","1832","2","1","0","0","0","0","0","2","0","2","0","0","0","3","03","","N","","","","","","","","","",""
"2021036572","1625","1","0","0","0","0","0","0","0","0","1","0","","67","4","2021","5","40.09173","-75.018","1625","6","0","0","0","0","0","0","1","0","","0","0","0","16","1","1","N","0","1","40 05:30.227","1","0","75 01:04.801","8","0","0","0","67301","0","0","0","N","0","0","0","3","67301","0","","1.0","1640.0","1","N","N","N","0","","0","0","1","0","0","N","1604","2","1","0","0","0","1","1","2","0","2","0","0","0","4","","","N","","","","","","","","","",""
"2021075412","1750","2","0","0","0","0","0","0","0","0","2","0","","67","8","2021","5","40.061292","-75.172057","1744","6","0","0","0","0","0","1","0","0","","0","0","0","17","1","0","","2","0","40 03:40.652","","0","75 10:19.404","0","0","0","0","67301","0","0","0","N","0","0","0","3","67301","0","","1.0","","1","N","N","N","0","","0","0","0","3","3","","1729","2","0","0","0","0","0","0","2","0","2","0","0","0","3","03","","N","","","","","","","","","",""
"2021048045","1618","0","0","0","0","0","0","0","0","0","0","0","","67","5","2021","5","40.038751","-75.009329","1558","6","0","0","0","0","0","0","0","0","","0","0","0","15","1","1","N","0","1","40 02:19.504","2","0","75 00:33.584","2","0","1","1","67301","0","0","0","N","0","0","0","1","68K01","0","","1.0","30.0","1","N","N","N","0","","0","1","0","0","0","N","1556","1","1","0","0","0","0","0","2","0","1","0","0","0","3","","","N","","","","","","","","","",""
"2021035522","1420","0","0","0","0","0","0","0","0","0","5","0","","67","4","2021","7","40.062522","-75.042874","1415","6","0","0","0","0","0","1","0","0","","0","0","0","14","1","2","","1","1","40 03:45.079","2","0","75 02:34.348","8","0","0","2","67301","0","0","0","N","0","0","0","3","67301","0","","1.0","1440.0","1","N","N","N","0","","0","0","0","3","2","N","1410","2","2","0","0","0","2","0","2","0","2","0","0","0","3","","","N","","","","","","","","","",""
"2021097490","318","1","0","0","0","0","0","0","0","0","5","1","","67","10","2021","3","39.997819","-75.081446","315","6","0","0","0","0","0","1","0","0","","0","1","0","3","2","0","N","0","1","39 59:52.148","1","3","75 04:53.207","0","0","0","0","67301","0","0","0","N","0","0","0","2","68K01","0","","1.0","330.0","9","N","N","N","0","","0","0","0","0","0","N","315","2","0","0","0","0","0","0","2","0","2","0","0","0","7","","","N","","","","","","","","","",""
"2021035514","1055","2","0","0","0","0","0","0","0","0","4","0","","67","4","2021","7","39.965269","-75.153732","1050","6","0","0","0","0","0","1","0","0","","0","0","0","10","1","1","","1","0","39 57:54.968","","0","75 09:13.435","3","0","0","0","67301","0","0","0","N","0","0","0","2","67301","0","","1.0","","1","N","N","N","0","","1","0","0","3","3","","1045","2","1","0","0","0","0","1","2","0","2","0","0","0","3","03","","N","","","","","","","","","",""
"2021064203","2335","2","0","0","0","0","0","0","0","0","4","0","","67","7","2021","1","39.951708","-75.158027","2335","6","0","0","0","0","0","0","0","0","","0","0","0","23","3","0","N","0","1","39 57:06.150","4","0","75 09:28.898","0","0","0","0","67301","0","0","0","N","0","0","0","2","67301","0","","1.0","49.0","1","N","N","N","0","","0","0","0","0","0","N","2328","2","0","0","0","0","0","0","2","0","2","0","0","0","3","","","N","","","","","","","","","",""
"2021074393","1526","1","0","0","0","0","0","0","0","0","1","0","","67","8","2021","3","39.942605","-75.193472","1509","6","0","0","1","0","0","0","0","0","","0","0","0","15","1","0","N","0","1","39 56:33.377","3","0","75 11:36.500","0","0","0","0","67301","0","0","0","N","0","0","0","3","68K01","0","","1.0","1545.0","1","N","N","N","0","","0","0","2","0","0","N","1507","3","0","1","0","0","0","0","2","0","3","0","0","0","3","","","N","","","","","","","","","",""
"2021035516","1255","0","0","0","0","0","0","0","0","0","8","0","","67","4","2021","2","39.953148","-75.161233","1255","6","0","0","0","0","0","0","0","0","","0","0","0","12","1","1","","1","0","39 57:11.332","","6","75 09:40.440","3","0","0","0","67301","1","0","0","N","1","0","0","2","67301","0","","1.0","","1","N","N","N","0","","1","0","1","3","2","","1255","2","1","1","0","0","0","1","2","0","1","1","0","0","3","03","","N","","","","","","","","","",""