"CRN","ARRIVAL_TM","AUTOMOBILE_COUNT","BELTED_DEATH_COUNT","BELTED_SUSP_SERIOUS_INJ_COUNT","BICYCLE_COUNT","BICYCLE_DEATH_COUNT","BICYCLE_SUSP_SERIOUS_INJ_COUNT","BUS_COUNT","CHLDPAS_DEATH_COUNT","CHLDPAS_SUSP_SERIOUS_INJ_COUNT","COLLISION_TYPE","COMM_VEH_COUNT","CONS_ZONE_SPD_LIM","COUNTY","CRASH_MONTH","CRASH_YEAR","DAY_OF_WEEK","DEC_LATITUDE","DEC_LONGITUDE","DISPATCH_TM","DISTRICT","DRIVER_COUNT_16YR","DRIVER_COUNT_17YR","DRIVER_COUNT_18YR","DRIVER_COUNT_19YR","DRIVER_COUNT_20YR","DRIVER_COUNT_50_64YR","DRIVER_COUNT_65_74YR","DRIVER_COUNT_75PLUS","EST_HRS_CLOSED","FATAL_COUNT","HEAVY_TRUCK_COUNT","HORSE_BUGGY_COUNT","HOUR_OF_DAY","ILLUMINATION","INJURY_COUNT","INTERSECTION_RELATED","INTERSECT_TYPE","LANE_CLOSED","LATITUDE","LN_CLOSE_DIR","LOCATION_TYPE","LONGITUDE","MAX_SEVERITY_LEVEL","MCYCLE_DEATH_COUNT","MCYCLE_SUSP_SERIOUS_INJ_COUNT","MOTORCYCLE_COUNT","MUNICIPALITY","NONMOTR_COUNT","NONMOTR_DEATH_COUNT","NONMOTR_SUSP_SERIOUS_INJ_COUNT","NTFY_HIWY_MAINT","PED_COUNT","PED_DEATH_COUNT","PED_SUSP_SERIOUS_INJ_COUNT","PERSON_COUNT","POLICE_AGCY","POSSIBLE_INJ_COUNT","RDWY_SURF_TYPE_CD","RELATION_TO_ROAD","ROADWAY_CLEARED","ROAD_CONDITION","SCH_BUS_IND","SCH_ZONE_IND","SECONDARY_CRASH","SMALL_TRUCK_COUNT","SPEC_JURIS_CD","SUSP_MINOR_INJ_COUNT","SUSP_SERIOUS_INJ_COUNT","SUV_COUNT","TCD_FUNC_CD","TCD_TYPE","TFC_DETOUR_IND","TIME_OF_DAY","TOTAL_UNITS","TOT_INJ_COUNT","UNBELTED_OCC_COUNT","UNB_DEATH_COUNT","UNB_SUSP_SERIOUS_INJ_COUNT","UNK_INJ_DEG_COUNT","UNK_INJ_PER_COUNT","URBAN_RURAL","VAN_COUNT","VEHICLE_COUNT","VULNERABLE_ROAD_USER_COUNT","VULNERABLE_ROAD_USER_DEATH_COUNT","VULNERABLE_ROAD_USER_SER_INJ_COUNT","WEATHER1","WEATHER2","WORKERS_PRES","WORK_ZONE_IND","WORK_ZONE_LOC","WORK_ZONE_TYPE","WZ_CLOSE_DETOUR","WZ_FLAGGER","WZ_LAW_OFFCR_IND","WZ_LN_CLOSURE","WZ_MOVING","WZ_OTHER","WZ_SHLDER_MDN","WZ_WORKERS_INJ_KILLED"
"2021048109","217","1","0","0","0","0","0","0","0","0","4","0","","67","5","2021","5","39.950925","-75.230654","215","6","0","0","0","0","0","0","0","0","","0","0","0","2","3","1","","1","0","39 57:03.330","","0","75 13:50.354","3","0","0","0","67301","0","0","0","N","0","0","0","2","67301","0","","1.0","","1","N","N","N","0","","1","0","0","3","2","","215","2","1","0","0","0","0","0","2","0","2","0","0","0","3","03","","N","","","","","","","","","",""
"2021036338","722","0","0","0","0","0","0","0","0","0","4","0","","67","4","2021","5","40.002626","-75.124413","722","6","0","0","0","0","0","1","0","0","","0","0","0","6","1","0","","1","0","40 00:09.455","","0","75 07:27.886","0","0","0","0","67301","0","0","0","N","0","0","0","2","67301","0","","1.0","","1","N","N","N","0","","0","0","1","3","2","","640","2","0","0","0","0","0","0","2","0","2","0","0","0","3","03","","N","","","","","","","","","",""
"2021075099","1248","1","0","0","0","0","0","0","0","0","4","0","","67","8","2021","3","40.029375","-75.212658","1245","6","0","0","0","0","0","0","0","0","","0","0","0","12","1","1","N","0","0","40 01:45.750","","0","75 12:45.570","4","0","0","0","67301","0","0","0","N","0","0","0","3","67301","1","","1.0","","1","N","N","N","0","","0","0","1","0","0","","1243","2","1","0","0","0","0","1","2","0","2","0","0","0","3","03","","N","","","","","","","","","",""
"2021048001","1008","0","0","0","0","0","0","0","0","0","1","0","","67","4","2021","4","39.995447","-75.197757","959","6","0","0","0","0","0","0","0","1","","0","0","0","9","1","5","N","0","1","39 59:43.610","3","0","75 11:51.925","3","0","0","0","67301","0","0","0","N","0","0","0","8","68K01","0","","1.0","1050.0","1","N","N","N","1","","5","0","1","0","0","N","956","3","5","0","0","0","0","0","2","1","3","0","0","0","3","","","N","","","","","","","","","",""
"2021046899","1743","1","0","0","0","0","0","0","0","0","1","0","","67","5","2021","6","39.902865","-75.200141","1736","6","0","0","0","0","0","0","1","0","","0","0","0","17","1","2","N","0","1","39 54:10.315","3","3","75 12:00.508","4","0","0","0","67301","0","0","0","N","0","0","0","7","67301","2","","1.0","1816.0","1","N","N","N","0","","0","0","2","0","0","N","1734","3","2","1","0","0","0","0","2","0","3","0","0","0","3","03","","N","","","","","","","","","",""
"2021064398","1935","0","0","0","0","0","0","0","0","0","7","1","","67","6","2021","6","39.998935","-75.156799","1900","6","0","0","0","0","0","0","0","0","","0","1","0","16","1","0","","1","2","39 59:56.166","6","1","75 09:24.476","0","0","0","0","67301","0","0","0","N","0","0","0","1","67301","0","","5.0","2300.0","1","N","N","N","0","","0","0","0","0","0","Y","1651","1","0","0","0","0","0","0","2","0","1","0","0","0","3","03","","N","","","","","","","","","",""
"2021041582","2219","1","0","0","0","0","0","0","0","0","4","0","","67","4","2021","7","39.99999","-75.140498","2219","6","0","0","0","0","0","0","0","0","","0","0","0","21","3","1","","1","0","39 59:59.964","","3","75 08:25.794","4","0","0","1","67301","0","0","0","N","0","0","0","4","67301","1","","1.0","","1","N","N","N","0","","0","0","0","3","2","","2107","2","1","0","0","0","0","0","2","0","2","0","0","0","3","03","","N","","","","","","","","","",""
"2021047523","2000","1","0","0","0","0","0","0","0","0","4","0","","67","5","2021","6","39.994196","-75.111355","2000","6","0","0","0","0","0","0","0","0","","0","0","0","20","1","0","","1","0","39 59:39.104","","0","75 06:40.879","0","0","0","0","67301","0","0","0","N","0","0","0","2","67301","0","","1.0","","1","N","N","N","0","","0","0","1","3","2","","2000","2","0","1","0","0","0","0","2","0","2","0","0","0","3","03","","N","","","","","","","","","",""
"2021073441","1630","2","0","0","0","0","0","0","0","0","4","0","","67","8","2021","6","39.95881","-75.162121","1630","6","0","0","0","0","1","0","0","0","","0","0","0","16","1","2","","1","1","39 57:31.716","2","0","75 09:43.635","3","0","0","0","67301","0","0","0","N","0","0","0","2","67301","0","","1.0","1710.0","1","N","N","N","0","","2","0","0","0","0","N","1615","2","2","0","0","0","0","0","2","0","2","0","0","0","3","03","","N","","","","","","","","","",""
"2021075354","1805","1","0","0","0","0","0","0","0","0","8","0","","67","8","2021","5","40.080855","-75.028774","1804","6","0","0","0","0","0","0","0","0","","0","0","0","18","1","1","N","1","0","40 04:51.077","","0","75 01:43.585","3","0","0","0","67301","1","0","0","N","1","0","0","2","67301","0","","1.0","","1","N","N","N","0","","1","0","0","9","2","","1803","2","1","0","0","0","0","0","2","0","1","1","0","0","3","03","","N","","","","","","","","","",""
"2021073839","2152","4","0","0","0","0","0","0","0","0","5","1","","67","8","2021","6","39.976147","-75.180006","2150","6","0","0","0","0","0","0","0","0","","0","1","0","21","3","0","N","0","0","39 58:34.130","","0","75 10:48.020","9","0","0","0","67301","0","0","0","N","0","0","0","1","67301","0","","6.0","","1","N","N","Y","0","","0","0","4","0","0","","2145","9","0","0","0","0","0","1","2","0","9","0","0","0","3","","","N","","","","","","","","","",""
"2021035562","54","1","0","0","0","0","0","0","0","0","4","0","","67","4","2021","7","40.028574","-75.079065","52","6","0","0","0","0","0","0","0","0","","0","0","0","0","3","1","","1","1","40 01:42.866","3","0","75 04:44.633","3","0","0","0","67301","0","0","0","N","0","0","0","2","67301","0","","1.0","145.0","1","N","N","N","0","","1","0","0","3","3","N","35","2","1","0","0","0","0","1","2","0","2","0","0","0","3","","","N","","","","","","","","","",""
"2021036268","2115","0","0","0","0","0","0","0","0","0","4","0","","67","4","2021","7","39.974638","-75.199108","2115","6","0","0","0","0","0","1","0","0","","0","0","0","21","3","1","","1","0","39 58:28.698","","2","75 11:56.790","8","0","0","1","67301","0","0","0","N","0","0","0","2","67301","0","","1.0","","1","N","N","N","0","","0","0","1","3","2","","2114","2","1","0","0","0","1","0","2","0","2","0","0","0","3","03","","N","","","","","","","","","",""
"2021035565","1512","1","0","0","0","0","0","0","0","0","4","0","","67","4","2021","1","40.031292","-75.070977","1507","6","0","0","0","0","0","0","0","0","","0","0","0","14","1","1","","11","0","40 01:52.651","","0","75 04:15.517","2","0","1","1","67301","0","0","0","N","0","0","0","2","67301","0","","1.0","","1","N","N","N","0","","0","1","0","3","3","","1447","2","1","0","0","0","0","0","2","0","2","0","0","0","3","03","","N","","","","","","","","","",""
"2021064400","1145","1","0","0","0","0","0","0","0","0","1","0","","67","6","2021","1","40.007196","-75.192339","1137","6","0","0","0","0","0","0","1","0","","0","0","0","11","1","2","N","0","2","40 00:25.904","1","3","75 11:32.420","3","0","0","0","67301","0","0","0","N","0","0","0","5","67301","0","","1.0","1209.0","1","N","N","N","1","","2","0","0","0","0","N","1102","2","2","0","0","0","0","0","2","0","2","0","0","0","3","","","N","","","","","","","","","",""
"2021038593","1620","0","0","0","0","0","0","0","0","0","5","1","","67","4","2021","6","39.917299","-75.213755","1610","6","0","0","0","0","0","0","0","0","","0","1","0","11","1","1","N","0","0","39 55:02.276","","0","75 12:49.518","3","0","0","1","67301","0","0","0","N","0","0","0","2","67301","0","","1.0","","1","N","N","N","0","","1","0","0","0","0","","1115","2","1","0","0","0","0","0","2","0","2","0","0","0","3","","","N","","","","","","","","","",""
"2021074578","1056","4","0","0","0","0","0","0","0","0","1","0","","67","8","2021","2","39.95833","-75.165451","1044","6","0","0","0","0","0","1","3","0","","0","0","0","10","1","1","N","0","2","39 57:29.987","4","0","75 09:55.623","8","0","0","0","67301","0","0","0","N","0","0","0","5","68K01","0","","1.0","20.0","1","N","N","N","0","","0","0","0","0","0","Y","1041","4","1","0","0","0","1","0","2","0","4","0","0","0","3","03","","N","","","","","","","","","",""
"2021037476","2152","2","0","0","0","0","0","0","0","0","4","0","","67","4","2021","6","39.956314","-75.239905","2152","6","0","0","0","1","0","0","0","0","","0","0","0","21","3","1","","1","1","39 57:22.730","3","0","75 14:23.657","8","0","0","0","67301","0","0","0","N","0","0","0","4","67301","0","","1.0","2225.0","1","N","N","Y","0","","0","0","1","3","2","N","2145","3","1","0","0","0","1","0","2","0","3","0","0","0","3","","","N","","","","","","","","","",""
"2021053636","1015","2","0","0","0","0","0","0","0","0","4","0","","67","4","2021","4","40.021739","-75.139756","1005","6","0","0","0","0","0","0","0","0","","0","0","0","10","1","1","","5","0","40 01:18.260","","0","75 08:23.123","3","0","0","0","67301","0","0","0","N","0","0","0","2","67301","0","","1.0","","1","N","N","N","0","","1","0","0","3","2","","1004","2","1","2","0","0","0","0","2","0","2","0","0","0","3","03","","N","","","","","","","","","",""
"2021075376","520","1","0","0","0","0","0","0","0","0","4","0","","67","8","2021","4","39.973234","-75.212225","520","6","0","0","0","0","0","0","0","0","","0","0","0","5","5","0","","1","0","39 58:23.644","","0","75 12:44.010","0","0","0","0","67301","0","0","0","N","0","0","0","3","67301","0","","1.0","","1","N","N","N","0","","0","0","1","3","2","","520","2","0","0","0","0","0","0","2","0","2","0","0","0","3","","","N","","","","","","","","","",""
"2021064321","841","1","0","0","0","0","0","0","0","0","8","0","","67","6","2021","4","39.991509","-75.160063","841","6","0","0","0","0","0","0","0","0","","0","0","0","8","1","1","","2","0","39 59:29.432","","0","75 09:36.226","3","0","0","0","67301","1","0","0","N","0","0","0","2","67301","0","","1.0","","1","N","N","N","0","","1","0","0","3","2","","841","2","1","1","0","0","0","0","2","0","1","1","0","0","3","03","","N","","","","","","","","","",""
"2021046954","40","1","0","0","0","0","0","0","0","0","7","0","","67","5","2021","3","39.965332","-75.134399","32","6","0","0","0","0","0","0","0","0","","0","0","0","18","3","0","","3","0","39 57:55.194","","0","75 08:03.835","0","0","0","0","67301","0","0","0","N","0","0","0","1","67301","0","","4.0","","1","N","N","N","0","","0","0","0","0","0","","1813","1","0","0","0","0","0","0","2","0","1","0","0","0","3","03","","N","","","","","","","","","",""
"2021035606","1656","3","0","0","0","0","0","0","0","0","5","0","","67","4","2021","6","39.976889","-75.119565","1655","6","0","0","0","0","0","0","0","0","","0","0","0","16","1","2","N","0","0","39 58:36.800","","0","75 07:10.433","3","0","0","0","67301","0","0","0","N","0","0","0","5","67301","0","","1.0","","1","N","N","N","0","","2","0","1","0","0","","1647","4","2","0","0","0","0","1","2","0","4","0","0","0","3","03","","N","","","","","","","","","",""
"2021036672","40","2","0","0","0","0","0","0","0","0","4","0","","67","4","2021","6","40.030538","-75.166014","35","6","0","0","0","0","0","0","0","0","","0","0","0","0","3","2","N","0","2","40 01:49.937","5","0","75 09:57.649","3","0","0","0","67301","0","0","0","N","0","0","0","3","67301","0","","1.0","207.0","1","N","N","Y","0","","2","0","1","0","0","Y","26","4","2","0","0","0","0","0","2","1","4","0","0","0","3","03","","N","","","","","","","","","",""
"2021075192","1750","1","0","0","0","0","0","0","0","0","7","0","","67","8","2021","1","40.003635","-75.190516","1739","6","0","0","0","0","0","0","0","0","","1","0","0","17","1","1","N","0","2","40 00:13.086","5","0","75 11:25.859","1","1","0","1","67301","0","0","0","N","0","0","0","3","67301","1","2","4.0","2125.0","1","N","N","N","0","0","0","0","0","0","0","Y","1725","2","1","0","0","0","0","0","2","0","2","0","0","0","3","03","","N","","","","","","","","","",""
"2021036072","1602","0","0","0","0","0","0","0","0","0","8","0","","67","4","2021","2","39.994556","-75.17275","1600","6","0","0","0","0","0","1","0","0","","0","0","0","18","1","1","N","0","0","39 59:40.400","","0","75 10:21.900","4","0","0","0","67301","1","0","0","N","1","0","0","2","67301","1","","1.0","","1","N","N","N","0","","0","0","0","0","0","","1830","2","1","0","0","0","0","0","2","1","1","1","0","0","3","98","","N","","","","","","","","","",""
"2021035572","2100","0","0","0","0","0","0","0","0","0","4","0","","67","4","2021","6","39.940204","-75.200688","2042","6","0","0","0","0","0","0","0","0","","0","0","0","20","3","1","","2","0","39 56:24.735","","0","75 12:02.476","3","0","0","0","67301","0","0","0","N","0","0","0","3","67301","0","","1.0","","1","N","N","N","0","","1","0","2","3","2","","2005","2","1","0","0","0","0","0","2","0","2","0","0","0","4","04","","N","","","","","","","","","",""
"2021075492","1635","0","0","0","0","0","0","0","0","0","7","0","","67","8","2021","5","40.045928","-75.001816","1600","6","0","0","0","0","0","0","0","0","","0","0","0","15","1","0","N","7","0","40 02:45.339","","2","75 00:06.539","9","0","0","0","67301","0","0","0","Y","0","0","0","1","68K01","0","","2.0","","1","N","N","N","0","","0","0","1","0","0","","1556","1","0","0","0","0","0","1","2","0","1","0","0","0","3","","","N","","","","","","","","","",""
"2021048104","2135","2","0","0","0","0","0","0","0","0","1","0","","67","5","2021","6","40.027588","-75.087103","2125","6","0","0","0","0","0","0","0","0","","0","0","0","21","3","1","","1","0","40 01:39.316","","0","75 05:13.570","3","0","0","0","67301","0","0","0","N","0","0","0","4","67301","0","","1.0","","1","N","N","N","0","","1","0","1","3","3","","2114","3","1","0","0","0","0","0","2","0","3","0","0","0","3","","","N","","","","","","","","","",""
"2021050836","830","1","0","0","0","0","0","0","0","0","4","0","","67","5","2021","4","39.991448","-75.122507","829","6","0","0","0","0","0","0","0","0","","0","0","0","8","1","0","","5","0","39 59:29.212","","1","75 07:21.025","0","0","0","0","67301","0","0","0","N","0","0","0","2","67301","0","","1.0","","1","N","N","N","0","","0","0","1","3","2","","829","2","0","0","0","0","0","0","2","0","2","0","0","0","3","03","","N","","","","","","","","","",""
"2021046141","1610","0","0","0","1","0","0","0","0","0","8","0","","67","5","2021","5","39.942651","-75.236421","1542","6","0","0","0","0","0","1","0","0","","0","0","0","14","1","1","","1","0","39 56:33.543","","0","75 14:11.115","3","0","0","0","67301","1","0","0","N","0","0","0","2","67301","0","","1.0","","1","N","N","N","0","","1","0","1","3","2","","1430","2","1","0","0","0","0","0","2","0","1","1","0","0","3","03","","N","","","","","","","","","",""
"2021053644","47","2","0","0","0","0","0","0","0","0","4","0","","67","5","2021","5","40.012956","-75.119053","29","6","0","0","1","0","1","0","0","0","","0","0","0","0","3","1","N","0","0","40 00:46.640","","7","75 07:08.590","3","0","0","0","67301","0","0","0","N","0","0","0","2","67301","0","","1.0","","1","N","N","N","0","","1","0","0","0","0","","25","2","1","0","0","0","0","0","2","0","2","0","0","0","3","03","","N","","","","","","","","","",""
"2021036071","2008","1","0","0","0","0","0","0","0","0","8","0","","67","4","2021","3","39.981437","-75.239355","2008","6","0","0","0","0","0","0","0","0","","0","0","0","20","3","1","","1","0","39 58:53.173","","0","75 14:21.677","3","0","0","0","67301","1","0","0","N","1","0","0","2","67301","0","","1.0","","1","N","N","N","0","","1","0","0","3","2","","2000","2","1","0","0","0","0","0","2","0","1","1","0","0","3","","","N","","","","","","","","","",""
"2021073840","2105","0","0","0","0","0","0","0","0","0","8","1","","67","8","2021","7","39.977031","-75.165636","2101","6","0","0","0","0","0","0","0","0","","0","1","0","21","3","2","N","0","0","39 58:37.310","","0","75 09:56.290","2","0","0","0","67301","2","0","1","N","2","0","1","3","67301","0","","1.0","","1","N","N","N","0","","1","1","1","0","0","","2101","4","2","0","0","0","0","0","2","0","2","2","0","1","3","","","N","","","","","","","","","",""
"2021036570","414","1","0","0","0","0","0","0","0","0","4","0","","67","4","2021","1","40.094773","-75.015326","413","6","0","0","0","0","1","0","0","0","","0","0","0","4","3","0","","1","0","40 05:41.184","","0","75 00:55.174","0","0","0","0","67301","0","0","0","N","0","0","0","3","67301","0","","1.0","","1","N","N","N","0","","0","0","1","3","2","","404","2","0","0","0","0","0","0","2","0","2","0","0","0","3","03","","N","","","","","","","","","",""
"2021065169","2135","0","0","0","0","0","0","0","0","0","4","1","","67","6","2021","3","40.005516","-75.105344","2100","6","0","0","0","0","0","1","0","0","","1","1","0","20","3","0","","1","2","40 00:19.857","6","0","75 06:19.237","1","1","0","1","67301","0","0","0","N","0","0","0","2","67301","0","2","1.0","2300.0","1","N","N","N","0","0","0","0","0","9","2","Y","2032","2","0","0","0","0","0","0","2","0","2","0","0","0","3","03","","N","","","","","","","","","",""
"2021035591","1910","2","0","0","0","0","0","0","0","0","5","0","","67","4","2021","2","39.994389","-75.182306","1849","6","0","0","0","0","0","0","0","0","","0","0","0","18","1","0","N","0","0","39 59:39.800","","0","75 10:56.300","0","0","0","0","67301","0","0","0","N","0","0","0","1","67301","0","","6.0","","1","N","N","N","0","","0","0","0","0","0","","1805","3","0","0","0","0","0","0","2","1","3","0","0","0","3","03","","N","","","","","","","","","",""
"2021073460","1352","1","0","0","0","0","0","0","0","0","8","0","","67","8","2021","6","40.074609","-75.035074","1345","6","0","0","0","0","1","0","0","0","","0","0","0","13","1","2","","1","1","40 04:28.594","2","0","75 02:06.267","2","0","0","0","67301","2","0","2","N","2","0","2","3","67301","0","","1.0","1455.0","1","N","N","N","0","","0","2","0","3","2","Y","1345","3","2","0","0","0","0","0","2","0","1","2","0","2","3","","","N","","","","","","","","","",""
"2021064596","128","1","0","0","0","0","0","0","0","0","5","0","","67","7","2021","7","39.966206","-75.186989","114","6","0","0","0","0","0","0","0","0","","0","0","0","1","3","2","N","0","1","39 57:58.343","3","0","75 11:13.160","4","0","0","0","67301","0","0","0","N","0","0","0","3","68K01","2","","1.0","145.0","1","N","N","N","0","","0","0","0","0","0","N","112","2","2","0","0","0","0","1","2","0","2","0","0","0","3","","","N","","","","","","","","","",""
"2021036068","1730","1","0","0","0","0","0","0","0","0","4","0","","67","4","2021","6","39.977363","-75.227077","1723","6","0","0","0","0","0","0","0","0","","0","0","0","16","4","1","","3","0","39 58:38.507","","0","75 13:37.478","3","0","0","0","67301","0","0","0","N","0","0","0","2","67301","0","","1.0","","1","N","N","N","0","","1","0","1","3","2","","1644","2","1","0","0","0","0","0","2","0","2","0","0","0","4","04","","N","","","","","","","","","",""
"2021045836","1038","0","0","0","0","0","0","0","0","0","4","0","","67","5","2021","5","39.970556","-75.149879","1038","6","0","0","0","0","0","0","0","0","","0","0","0","10","1","0","","1","0","39 58:14.003","","0","75 08:59.563","0","0","0","0","67301","0","0","0","N","0","0","0","2","67301","0","","1.0","","1","N","N","N","0","","0","0","1","3","2","","1038","2","0","1","0","0","0","0","2","1","2","0","0","0","3","03","","N","","","","","","","","","",""
"2021035869","330","1","0","0","0","0","0","0","0","0","2","0","","67","4","2021","3","40.059722","-75.080361","330","6","0","0","0","0","0","0","0","0","","0","0","0","3","3","0","N","0","0","40 03:35.000","","0","75 04:49.300","0","0","0","0","67301","0","0","0","N","0","0","0","1","67301","0","","6.0","","1","N","N","N","1","","0","0","1","0","0","","330","3","0","1","0","0","0","0","2","0","3","0","0","0","3","","","N","","","","","","","","","",""
"2021035528","1623","2","0","0","0","0","0","0","0","0","4","0","","67","4","2021","6","40.056416","-75.012801","1621","6","0","0","0","0","0","0","1","0","","0","0","0","16","1","1","","1","0","40 03:23.098","","0","75 00:46.082","3","0","0","0","67301","0","0","0","N","0","0","0","2","67301","0","","1.0","","1","N","N","N","0","","1","0","0","3","2","","1601","2","1","0","0","0","0","0","2","0","2","0","0","0","4","04","","N","","","","","","","","","",""
"2021064362","405","1","0","0","0","0","0","0","0","0","4","0","","67","5","2021","6","40.026711","-75.117288","400","6","0","0","0","0","0","0","0","1","","1","0","0","3","3","2","N","1","2","40 01:36.158","7","0","75 07:02.238","1","0","0","0","67301","0","0","0","N","0","0","0","3","67301","0","2","1.0","645.0","1","N","N","N","1","0","1","1","0","3","2","Y","352","2","2","0","0","0","0","0","2","0","2","0","0","0","3","03","","N","","","","","","","","","",""
"2021045947","2130","1","0","0","0","0","0","0","0","0","4","0","","67","5","2021","4","39.978769","-75.230097","2123","6","0","0","0","0","0","0","0","0","","0","0","0","21","3","2","","3","0","39 58:43.568","","0","75 13:48.350","3","0","0","2","67301","0","0","0","N","0","0","0","3","67301","0","","1.0","","1","N","N","N","0","","2","0","0","0","0","","2109","3","2","0","0","0","0","0","2","0","3","0","0","0","3","","","N","","","","","","","","","",""
"2021065967","2205","0","0","0","0","0","0","0","0","0","4","0","","67","7","2021","6","39.981953","-75.101399","2151","6","0","0","0","0","0","0","0","0","","0","0","0","21","3","0","N","0","0","39 58:55.032","","0","75 06:05.038","9","0","0","0","67301","0","0","0","N","0","0","0","2","68K01","0","","1.0","","1","N","N","N","1","","0","0","0","0","0","","2129","2","0","0","0","0","0","1","2","0","2","0","0","0","3","","","N","","","","","","","","","",""
"2021065428","44","2","0","0","0","0","0","0","0","0","5","0","","67","7","2021","7","39.977205","-75.112425","40","6","0","0","1","1","0","0","0","0","","0","0","0","0","3","0","N","0","1","39 58:37.938","1","0","75 06:44.729","0","0","0","0","67301","0","0","0","N","0","0","0","3","68K01","0","","1.0","110.0","1","N","N","N","0","","0","0","0","0","0","N","39","3","0","0","0","0","0","0","2","0","2","0","0","0","3","","","N","","","","","","","","","",""
"2021073583","1834","0","0","0","0","0","0","0","0","0","0","0","","67","8","2021","6","39.967829","-75.189816","1827","6","0","0","0","0","0","0","0","0","","0","0","0","18","1","0","N","0","2","39 58:04.184","4","0","75 11:23.336","0","0","0","0","67301","0","0","0","N","0","0","0","1","68K01","0","","1.0","743.0","1","N","N","N","0","","0","0","1","0","0","N","1823","1","0","0","0","0","0","0","2","0","1","0","0","0","3","","","N","","","","","","","","","",""
"2021039005","2331","1","0","0","0","0","0","0","0","0","7","0","","67","4","2021","7","40.023306","-75.033472","2325","6","0","0","0","0","0","0","0","0","","0","0","0","23","3","2","","7","0","40 01:23.900","","2","75 02:00.500","3","0","0","0","67301","0","0","0","N","0","0","0","2","68K01","1","","4.0","","1","N","N","N","0","","1","0","0","0","0","","2322","1","2","0","0","0","0","0","2","0","1","0","0","0","3","","","N","","","","","","","","","",""
"2021036785","1422","1","0","0","0","0","0","0","0","0","4","0","","67","4","2021","5","40.027881","-75.060153","1421","6","0","0","0","0","0","0","0","0","","0","0","0","14","1","1","","1","0","40 01:40.371","","0","75 03:36.552","3","0","0","0","67301","0","0","0","N","0","0","0","2","67301","0","","1.0","","1","N","N","N","0","","1","0","1","3","2","","1420","2","1","0","0","0","0","1","2","0","2","0","0","0","3","03","","N","","","","","","","","","",""
"2021046284","2015","1","0","0","0","0","0","0","0","0","4","0","","67","5","2021","5","39.922647","-75.185174","2002","6","0","0","0","0","0","0","0","0","","0","0","0","19","4","0","","1","0","39 55:21.529","","0","75 11:06.627","0","0","0","0","67301","0","0","0","N","0","0","0","2","67301","0","","1.0","","1","N","N","N","0","","0","0","1","3","2","","1955","2","0","0","0","0","0","0","2","0","2","0","0","0","3","","","N","","","","","","","","","",""
"2021064199","741","1","0","0","0","0","0","0","0","0","2","0","","67","6","2021","3","39.954615","-75.149531","739","6","0","0","0","0","1","0","0","0","","0","0","0","7","1","0","","2","1","39 57:16.613","3","0","75 08:58.311","0","0","0","0","67301","0","0","0","N","0","0","0","3","67301","0","","1.0","802.0","1","N","N","N","0","","0","0","2","3","2","N","705","3","0","0","0","0","0","0","2","0","3","0","0","0","3","03","","N","","","","","","","","","",""
"2021035899","2335","3","0","0","0","0","0","0","0","0","1","0","","67","4","2021","7","40.009278","-75.069361","2328","6","0","0","0","0","0","0","0","0","","0","0","0","23","3","0","N","0","2","40 00:33.400","2","0","75 04:09.700","0","0","0","0","67301","0","0","0","N","0","0","0","2","67301","0","","1.0","1115.0","1","N","N","N","0","","0","0","1","0","0","Y","2300","4","0","2","0","0","0","0","2","0","4","0","0","0","3","03","","N","","","","","","","","","",""
"2021046934","1358","3","0","0","0","0","0","0","0","0","1","0","","67","5","2021","6","39.970297","-75.205859","1358","6","0","0","0","1","0","0","0","0","","0","0","0","13","1","1","","1","0","39 58:13.069","","0","75 12:21.092","3","0","0","0","67301","0","0","0","N","0","0","0","3","67301","0","","1.0","","1","N","N","N","0","","1","0","0","3","3","","1358","3","1","1","0","0","0","0","2","0","3","0","0","0","3","03","","N","","","","","","","","","",""
"2021064346","1758","0","0","0","0","0","0","0","0","0","2","0","","67","6","2021","2","39.99926","-75.135059","1750","6","0","0","0","0","0","0","0","0","","0","0","0","17","1","0","N","0","0","39 59:57.337","","0","75 08:06.212","0","0","0","0","67301","0","0","0","N","0","0","0","2","67301","0","","1.0","","1","N","N","N","0","","0","0","3","0","0","","1724","3","0","0","0","0","0","0","2","0","3","0","0","0","3","03","","N","","","","","","","","","",""
"2021045422","1747","2","0","0","0","0","0","0","0","0","1","0","","67","5","2021","3","40.084208","-75.048047","1747","6","0","0","0","0","0","0","0","0","","0","0","0","17","1","1","N","0","0","40 05:03.150","","0","75 02:52.970","3","0","0","0","67301","0","0","0","N","0","0","0","1","67301","0","","6.0","","1","N","N","N","1","","1","0","1","0","0","","1745","4","1","0","0","0","0","0","2","0","4","0","0","0","3","","","N","","","","","","","","","",""
"2021035623","1255","2","0","0","0","0","0","0","0","0","4","0","","67","4","2021","1","40.018608","-75.183092","1251","6","0","0","0","0","0","0","0","0","","0","0","0","12","1","1","","1","0","40 01:06.988","","0","75 10:59.131","3","0","0","0","67301","0","0","0","N","0","0","0","3","67301","0","","1.0","","1","N","N","N","0","","1","0","1","3","3","","1245","3","1","0","0","0","0","0","2","0","3","0","0","0","3","03","","N","","","","","","","","","",""