"CRN","ARRIVAL_TM","AUTOMOBILE_COUNT","BELTED_DEATH_COUNT","BELTED_SUSP_SERIOUS_INJ_COUNT","BICYCLE_COUNT","BICYCLE_DEATH_COUNT","BICYCLE_SUSP_SERIOUS_INJ_COUNT","BUS_COUNT","CHLDPAS_DEATH_COUNT","CHLDPAS_SUSP_SERIOUS_INJ_COUNT","COLLISION_TYPE","COMM_VEH_COUNT","CONS_ZONE_SPD_LIM","COUNTY","CRASH_MONTH","CRASH_YEAR","DAY_OF_WEEK","DEC_LATITUDE","DEC_LONGITUDE","DISPATCH_TM","DISTRICT","DRIVER_COUNT_16YR","DRIVER_COUNT_17YR","DRIVER_COUNT_18YR","DRIVER_COUNT_19YR","DRIVER_COUNT_20YR","DRIVER_COUNT_50_64YR","DRIVER_COUNT_65_74YR","DRIVER_COUNT_75PLUS","EST_HRS_CLOSED","FATAL_COUNT","HEAVY_TRUCK_COUNT","HORSE_BUGGY_COUNT","HOUR_OF_DAY","ILLUMINATION","INJURY_COUNT","INTERSECTION_RELATED","INTERSECT_TYPE","LANE_CLOSED","LATITUDE","LN_CLOSE_DIR","LOCATION_TYPE","LONGITUDE","MAX_SEVERITY_LEVEL","MCYCLE_DEATH_COUNT","MCYCLE_SUSP_SERIOUS_INJ_COUNT","MOTORCYCLE_COUNT","MUNICIPALITY","NONMOTR_COUNT","NONMOTR_DEATH_COUNT","NONMOTR_SUSP_SERIOUS_INJ_COUNT","NTFY_HIWY_MAINT","PED_COUNT","PED_DEATH_COUNT","PED_SUSP_SERIOUS_INJ_COUNT","PERSON_COUNT","POLICE_AGCY","POSSIBLE_INJ_COUNT","RDWY_SURF_TYPE_CD","RELATION_TO_ROAD","ROADWAY_CLEARED","ROAD_CONDITION","SCH_BUS_IND","SCH_ZONE_IND","SECONDARY_CRASH","SMALL_TRUCK_COUNT","SPEC_JURIS_CD","SUSP_MINOR_INJ_COUNT","SUSP_SERIOUS_INJ_COUNT","SUV_COUNT","TCD_FUNC_CD","TCD_TYPE","TFC_DETOUR_IND","TIME_OF_DAY","TOTAL_UNITS","TOT_INJ_COUNT","UNBELTED_OCC_COUNT","UNB_DEATH_COUNT","UNB_SUSP_SERIOUS_INJ_COUNT","UNK_INJ_DEG_COUNT","UNK_INJ_PER_COUNT","URBAN_RURAL","VAN_COUNT","VEHICLE_COUNT","VULNERABLE_ROAD_USER_COUNT","VULNERABLE_ROAD_USER_DEATH_COUNT","VULNERABLE_ROAD_USER_SER_INJ_COUNT","WEATHER1","WEATHER2","WORKERS_PRES","WORK_ZONE_IND","WORK_ZONE_LOC","WORK_ZONE_TYPE","WZ_CLOSE_DETOUR","WZ_FLAGGER","WZ_LAW_OFFCR_IND","WZ_LN_CLOSURE","WZ_MOVING","WZ_OTHER","WZ_SHLDER_MDN","WZ_WORKERS_INJ_KILLED"
"2021035531","1755","1","0","0","0","0","0","0","0","0","5","0","","67","4","2021","6","39.97438","-75.190982","1748","6","0","0","0","0","0","1","1","0","","0","0","0","16","1","0","N","0","0","39 58:27.769","","0","75 11:27.535","0","0","0","0","67301","0","0","0","N","0","0","0","2","67301","0","","1.0","","1","N","N","N","1","","0","0","0","0","0","","1640","2","0","0","0","0","0","0","2","0","2","0","0","0","3","03","","N","","","","","","","","","",""
"2021035617","1810","1","0","0","0","0","0","0","0","0","4","0","","67","4","2021","6","40.051774","-75.153818","1755","6","0","0","0","1","0","0","0","0","","0","0","0","17","1","0","","1","0","40 03:06.386","","0","75 09:13.744","9","0","0","0","67301","0","0","0","N","0","0","0","2","67301","0","","1.0","","1","N","N","N","1","","0","0","0","3","3","","1751","2","0","0","0","0","0","1","2","0","2","0","0","0","3","","","N","","","","","","","","","",""
"2021036081","32","2","0","1","0","0","0","0","0","0","4","0","","67","4","2021","2","40.019694","-75.184329","32","6","0","0","0","0","0","0","0","0","","0","0","0","0","3","1","","1","2","40 01:10.898","6","0","75 11:03.583","2","0","0","0","67301","0","0","0","N","0","0","0","3","67301","0","","1.0","117.0","1","N","N","N","0","","0","1","0","3","2","N","30","2","1","0","0","0","0","0","2","0","2","0","0","0","3","03","","N","","","","","","","","","",""
"2021065458","1926","1","0","0","0","0","0","0","0","0","1","0","","67","7","2021","2","40.055156","-74.984947","1921","6","0","0","1","0","0","2","0","0","","0","0","0","19","1","0","N","0","0","40 03:18.560","","0","74 59:05.810","0","0","0","0","67301","0","0","0","N","0","0","0","4","68K01","0","","1.0","","9","N","N","N","0","","0","0","3","0","0","","1914","4","0","0","0","0","0","0","2","0","4","0","0","0","7","04","","N","","","","","","","","","",""
"2021053643","1720","2","0","0","0","0","0","0","0","0","4","0","","67","5","2021","3","39.99999","-75.153145","1704","6","0","0","0","0","0","0","0","0","","0","0","0","17","1","2","","1","1","39 59:59.964","1","0","75 09:11.322","4","0","0","0","67301","0","0","0","N","0","0","0","2","67301","2","","1.0","1935.0","1","N","N","N","0","","0","0","0","3","2","Y","1703","2","2","0","0","0","0","0","2","0","2","0","0","0","3","","","N","","","","","","","","","",""
"2021039806","52","0","0","0","0","0","0","0","0","0","7","0","","67","4","2021","7","39.890417","-75.220278","31","6","0","0","0","0","0","0","0","0","","0","0","0","0","3","1","","7","1","39 53:25.500","2","8","75 13:13.000","3","0","0","0","67301","0","0","0","Y","0","0","0","1","68K01","0","","7.0","132.0","1","N","N","N","0","","1","0","0","0","0","N","31","1","1","0","0","0","0","0","2","1","1","0","0","0","3","","","N","","","","","","","","","",""
"2021046947","1945","1","0","0","0","0","0","0","0","0","4","0","","67","5","2021","4","39.989388","-75.180242","1945","6","0","0","0","0","0","1","0","0","","0","0","0","19","1","1","","1","0","39 59:21.798","","0","75 10:48.872","3","0","0","0","67301","0","0","0","N","0","0","0","3","67301","0","","1.0","","1","N","N","N","1","","1","0","0","3","2","","1945","2","1","0","0","0","0","0","2","0","2","0","0","0","3","03","","N","","","","","","","","","",""
"2021017111","1815","2","0","0","0","0","0","0","0","0","4","0","","67","2","2021","1","40.00853","-75.210732","1808","6","0","0","0","0","0","1","0","0","","0","0","0","18","2","2","","1","1","40 00:30.708","2","0","75 12:38.635","8","0","0","0","67301","0","0","0","N","0","0","0","4","46104","0","","1.0","45.0","1","N","N","Y","0","","0","0","1","3","2","N","1808","3","2","0","0","0","2","0","2","0","3","0","0","0","3","03","","N","","","","","","","","","",""
"2021036230","1243","0","0","0","0","0","0","0","0","0","8","0","","67","4","2021","3","39.953667","-75.218556","1243","6","0","0","0","0","0","1","0","0","","0","0","0","11","1","1","N","0","0","39 57:13.200","","0","75 13:06.800","3","0","0","0","67301","1","0","0","N","1","0","0","2","67301","0","","1.0","","1","N","N","N","0","","1","0","1","0","0","","1140","2","1","1","0","0","0","0","2","0","1","1","0","0","3","03","","N","","","","","","","","","",""
"2021038459","2022","2","0","0","0","0","0","0","0","0","4","0","","67","4","2021","6","39.967436","-75.179588","2020","6","1","0","0","0","0","0","0","0","","0","0","0","20","3","0","","1","2","39 58:02.768","3","0","75 10:46.516","0","0","0","0","67301","0","0","0","N","0","0","0","6","67301","0","","1.0","2145.0","1","N","N","N","0","","0","0","0","3","2","Y","2015","2","0","6","0","0","0","0","2","0","2","0","0","0","3","","","N","","","","","","","","","",""
"2021070571","806","2","0","0","0","0","0","0","0","0","1","0","","67","7","2021","3","39.949311","-75.18446","749","6","0","0","0","0","0","0","0","0","","0","0","0","7","1","0","N","0","0","39 56:57.519","","0","75 11:04.056","0","0","0","0","67301","0","0","0","N","0","0","0","2","68K01","0","","1.0","","1","N","N","N","0","","0","0","0","0","0","","747","2","0","0","0","0","0","0","2","0","2","0","0","0","3","","","N","","","","","","","","","",""
"2021045685","1152","1","0","0","0","0","0","0","0","0","4","0","","67","5","2021","3","39.982561","-75.17937","1147","6","0","0","0","0","0","1","0","0","","0","0","0","11","1","1","","2","2","39 58:57.219","1","0","75 10:45.732","4","0","0","0","67301","0","0","0","N","0","0","0","2","67301","1","","1.0","1215.0","1","N","N","N","0","","0","0","1","3","3","Y","1147","2","1","0","0","0","0","0","2","0","2","0","0","0","3","03","","N","","","","","","","","","",""
"2021041076","238","1","0","0","0","0","0","0","0","0","5","0","","67","5","2021","4","40.018203","-75.074922","230","6","0","0","0","0","0","1","0","0","","0","0","0","1","3","1","N","0","0","40 01:05.530","","0","75 04:29.720","3","0","0","0","67301","0","0","0","N","0","0","0","1","67301","0","","6.0","","1","N","N","N","0","","1","0","3","0","0","","155","5","1","0","0","0","0","0","2","1","5","0","0","0","3","","","N","","","","","","","","","",""
"2021074698","2020","0","0","0","0","0","0","0","0","0","4","1","","67","8","2021","2","40.033908","-75.074273","2012","6","0","0","0","0","0","0","0","0","","0","1","0","20","3","1","","1","0","40 02:02.069","","0","75 04:27.384","3","0","0","0","67301","0","0","0","N","0","0","0","2","67301","0","","1.0","","1","N","N","N","0","","1","0","1","3","2","","2000","2","1","0","0","0","0","0","2","0","2","0","0","0","3","03","","N","","","","","","","","","",""
"2021065774","1347","1","0","1","0","0","0","0","0","0","1","2","","67","7","2021","3","39.935103","-75.144738","1331","6","0","0","0","0","0","2","0","0","","0","2","0","13","1","4","N","0","1","39 56:06.370","1","0","75 08:41.058","2","0","0","0","67301","0","0","0","N","0","0","0","6","68K01","0","","1.0","1415.0","1","N","N","N","0","","3","1","0","0","0","N","1329","3","4","0","0","0","0","0","2","0","3","0","0","0","3","","","N","","","","","","","","","",""
"2021035515","850","1","0","0","0","0","0","0","0","0","5","0","","67","4","2021","1","39.953767","-75.142328","850","6","0","0","0","1","0","0","0","0","","0","0","0","8","1","0","N","0","1","39 57:13.560","3","0","75 08:32.380","0","0","0","0","67301","0","0","0","N","0","0","0","2","67301","0","","1.0","1010.0","1","N","N","N","0","","0","0","1","0","0","N","850","2","0","0","0","0","0","0","2","0","2","0","0","0","3","03","","N","","","","","","","","","",""
"2021036744","802","1","0","0","0","0","0","0","0","0","1","0","","67","4","2021","5","39.959779","-75.17804","749","6","0","0","0","0","0","0","0","0","","0","0","0","7","1","1","N","0","2","39 57:35.204","3","3","75 10:40.943","4","0","0","0","67301","0","0","0","N","0","0","0","2","68K01","1","","1.0","817.0","1","N","N","N","0","","0","0","1","0","0","N","748","2","1","0","0","0","0","0","2","0","2","0","0","0","3","03","","N","","","","","","","","","",""
"2021046913","1541","0","0","0","0","0","0","0","0","0","8","0","","67","5","2021","6","40.064853","-75.020271","1536","6","0","0","0","0","0","0","1","0","","0","0","0","15","1","1","","2","2","40 03:53.472","5","0","75 01:12.976","3","0","0","0","67301","1","0","0","N","1","0","0","3","67301","0","","1.0","1616.0","1","N","N","N","0","","1","0","1","9","3","N","1533","2","1","0","0","0","0","0","2","0","1","1","0","0","3","03","","N","","","","","","","","","",""
"2021036601","435","1","0","0","0","0","0","0","0","0","1","0","","67","4","2021","6","39.951795","-75.190182","435","6","0","0","0","0","0","0","0","0","","0","0","0","4","3","2","N","0","2","39 57:06.463","1","0","75 11:24.654","8","0","0","0","67301","0","0","0","N","0","0","0","3","67504","0","","6.0","550.0","1","N","N","N","0","","0","0","0","0","0","N","435","2","2","3","0","0","2","0","2","1","2","0","0","0","3","03","","N","","","","","","","","","",""
"2021064594","1549","2","0","0","0","0","0","0","0","0","5","0","","67","7","2021","6","39.899878","-75.16066","1532","6","0","0","0","0","0","0","0","0","","0","0","0","15","1","1","N","0","0","39 53:59.562","","3","75 09:38.375","3","0","0","0","67301","0","0","0","N","0","0","0","2","68K01","0","","1.0","","1","N","N","N","0","","1","0","0","0","0","","1531","2","1","0","0","0","0","0","2","0","2","0","0","0","3","03","","N","","","","","","","","","",""
"2021064344","1018","1","0","0","0","0","0","0","0","0","1","0","","67","6","2021","1","40.018067","-75.110853","958","6","0","0","0","0","0","1","0","0","","0","0","0","9","1","1","N","0","0","40 01:05.040","","0","75 06:39.070","3","0","0","0","67301","0","0","0","N","0","0","0","2","67301","0","","1.0","","1","N","N","N","0","","1","0","1","0","0","","955","2","1","0","0","0","0","1","2","0","2","0","0","0","3","","","N","","","","","","","","","",""
"2021036599","1233","2","0","0","0","0","0","0","0","0","1","0","","67","4","2021","5","40.044804","-75.143367","1232","6","0","0","0","1","0","0","0","0","","0","0","0","11","1","0","N","0","0","40 02:41.293","","7","75 08:36.121","0","0","0","0","67301","0","0","0","N","0","0","0","2","67301","0","","1.0","","1","N","N","N","0","","0","0","0","0","0","","1130","2","0","0","0","0","0","0","2","0","2","0","0","0","4","04","","N","","","","","","","","","",""
"2021036227","658","1","0","0","0","0","0","0","0","0","7","0","","67","4","2021","4","40.039953","-75.059678","638","6","0","0","0","0","0","0","0","0","","0","0","0","6","1","1","","2","1","40 02:23.829","2","0","75 03:34.840","3","0","0","0","67301","0","0","0","N","0","0","0","1","67301","0","","4.0","758.0","1","N","N","N","0","","1","0","0","0","0","N","638","1","1","0","0","0","0","0","2","0","1","0","0","0","3","","","N","","","","","","","","","",""
"2021074831","1203","1","0","0","0","0","0","0","0","0","7","0","","67","8","2021","3","40.056369","-75.197115","2350","6","0","0","0","0","0","0","0","0","","0","0","0","23","3","0","","3","0","40 03:22.927","","0","75 11:49.613","0","0","0","0","67301","0","0","0","N","0","0","0","0","67301","0","","4.0","","9","N","N","N","0","","0","0","0","0","0","","2348","1","0","0","0","0","0","0","2","0","1","0","0","0","3","","","N","","","","","","","","","",""
"2021033968","107","4","0","0","0","0","0","0","0","0","1","0","","67","4","2021","1","39.992239","-75.245697","107","6","0","0","0","0","0","1","0","0","","0","0","0","1","3","2","N","1","1","39 59:32.062","2","0","75 14:44.509","3","0","0","0","67301","0","0","0","N","0","0","0","4","46104","0","","1.0","100.0","1","N","N","N","0","","2","0","0","3","2","N","107","4","2","0","0","0","0","0","2","0","4","0","0","0","3","","","N","","","","","","","","","",""
"2021045826","1740","2","0","0","0","0","0","0","0","0","5","0","","67","5","2021","3","39.979731","-75.175947","1731","6","0","0","0","0","0","0","0","0","","0","0","0","17","4","0","N","0","0","39 58:47.030","","0","75 10:33.410","0","0","0","0","67301","0","0","0","N","0","0","0","1","67301","0","","6.0","","1","N","N","N","0","","0","0","0","0","0","","1706","2","0","0","0","0","0","0","2","0","2","0","0","0","3","03","","N","","","","","","","","","",""
"2021035729","1346","1","0","0","1","0","0","0","0","0","8","0","","67","4","2021","1","40.067108","-75.007685","1326","6","0","0","0","0","0","0","0","0","","0","0","0","17","1","1","","2","0","40 04:01.588","","0","75 00:27.666","3","0","0","0","67301","1","0","0","N","0","0","0","2","67301","0","","1.0","","1","N","N","N","0","","1","0","0","0","0","","1700","2","1","0","0","0","0","0","2","0","1","1","0","0","3","03","","N","","","","","","","","","",""
"2021075043","107","1","0","0","0","0","0","0","0","0","8","0","","67","8","2021","3","40.010769","-75.150801","105","6","0","0","1","0","0","0","0","0","","0","0","0","0","3","1","N","0","0","40 00:38.770","","0","75 09:02.883","2","0","0","0","67301","1","0","1","N","1","0","1","2","67301","0","","1.0","","1","N","N","N","0","","0","1","0","3","2","","48","2","1","0","0","0","0","0","2","0","1","1","0","1","3","03","","N","","","","","","","","","",""
"2021045300","1148","1","0","0","0","0","0","0","0","0","1","0","","67","5","2021","4","39.955569","-75.189487","1147","6","0","0","0","0","0","1","1","0","","0","0","0","11","1","1","","1","0","39 57:20.049","","0","75 11:22.152","3","0","0","0","67301","0","0","0","N","0","0","0","4","67507","0","","1.0","","1","N","N","N","0","","1","0","2","3","2","","1145","3","1","1","0","0","0","0","2","0","3","0","0","0","3","03","","N","","","","","","","","","",""
"2021074765","1814","0","0","0","0","0","0","0","0","0","4","0","","67","7","2021","5","39.956813","-75.153484","1757","6","0","0","0","0","0","0","0","0","","0","0","0","17","1","0","N","0","1","39 57:24.528","3","0","75 09:12.544","0","0","0","0","67301","0","0","0","N","0","0","0","3","68K01","0","","1.0","1820.0","9","N","N","N","0","","0","0","2","0","0","Y","1750","2","0","0","0","0","0","0","2","0","2","0","0","0","3","","","N","","","","","","","","","",""
"2021036597","1312","0","0","0","0","0","0","0","0","0","4","0","","67","4","2021","2","40.023047","-75.13708","1308","6","0","0","0","0","0","1","0","0","","0","0","0","12","1","1","","1","0","40 01:22.969","","0","75 08:13.488","3","0","0","0","67301","0","0","0","N","0","0","0","3","67301","0","","1.0","","1","N","N","N","1","","1","0","1","3","2","","1246","2","1","0","0","0","0","0","2","0","2","0","0","0","3","04","","N","","","","","","","","","",""
"2021064582","1043","1","0","0","0","0","0","0","0","0","5","0","","67","7","2021","5","39.924682","-75.147077","1027","6","0","0","0","0","0","0","0","0","","0","0","0","10","1","0","N","0","1","39 55:28.855","1","0","75 08:49.477","0","0","0","0","67301","0","0","0","N","0","0","0","5","68K01","0","","1.0","1115.0","1","N","N","N","0","","0","0","0","0","0","N","1022","2","0","0","0","0","0","0","2","1","2","0","0","0","3","","","N","","","","","","","","","",""
"2021073695","719","1","0","0","0","0","0","0","0","0","4","1","","67","7","2021","2","39.957965","-75.140748","708","6","0","0","0","0","0","1","0","0","","0","0","0","7","1","0","N","0","1","39 57:28.673","1","0","75 08:26.694","9","0","0","0","67301","0","0","0","N","0","0","0","3","68K01","0","","1.0","740.0","1","N","N","N","1","","0","0","0","0","0","Y","706","2","0","0","0","0","0","1","2","0","2","0","0","0","3","","","N","","","","","","","","","",""
"2021035529","1410","1","0","0","0","0","0","0","0","0","4","0","","67","4","2021","7","40.080806","-75.028554","1406","6","0","0","0","0","0","1","0","0","","0","0","0","14","1","1","","1","2","40 04:50.903","1","0","75 01:42.794","3","0","0","0","67301","0","0","0","N","0","0","0","3","67301","0","","1.0","1430.0","1","N","N","N","0","","1","0","1","3","2","Y","1405","2","1","0","0","0","0","0","2","0","2","0","0","0","3","","","N","","","","","","","","","",""
"2021045585","1437","1","0","0","0","0","0","0","0","0","4","0","","67","5","2021","4","40.058218","-75.140486","1437","6","0","0","0","0","0","0","0","0","","0","0","0","11","1","1","","1","0","40 03:29.584","","0","75 08:25.749","8","0","0","0","67301","0","0","0","N","0","0","0","2","67301","0","","1.0","","99","N","N","N","1","","0","0","0","3","2","","1100","2","1","2","0","0","1","1","2","0","2","0","0","0","3","","","N","","","","","","","","","",""
"2021045778","1635","2","0","0","0","0","0","0","0","0","5","0","","67","5","2021","4","39.941861","-75.151119","1613","6","0","0","0","0","0","0","0","0","","0","0","0","16","1","1","N","0","0","39 56:30.700","","0","75 09:04.030","4","0","0","0","67301","0","0","0","N","0","0","0","2","67301","1","","1.0","","1","N","N","N","0","","0","0","0","0","0","","1608","2","1","1","0","0","0","0","2","0","2","0","0","0","3","03","","N","","","","","","","","","",""
"2021074589","1346","1","0","0","0","0","0","0","0","0","5","2","","67","7","2021","5","39.88274","-75.244955","1331","6","0","1","0","0","0","0","0","0","","0","2","0","13","1","1","N","6","1","39 52:57.865","2","0","75 14:41.838","8","0","0","0","67301","0","0","0","N","0","0","0","4","68K01","0","","1.0","1500.0","9","N","N","N","0","","0","0","0","0","0","N","1330","3","1","0","0","0","1","0","2","0","3","0","0","0","7","","","N","","","","","","","","","",""
"2021038460","1642","1","0","0","0","0","0","0","0","0","8","0","","67","4","2021","6","39.963393","-75.169408","1642","6","0","0","0","0","0","1","0","0","","0","0","0","8","1","1","","1","0","39 57:48.214","","0","75 10:09.870","8","0","0","0","67301","1","0","0","N","1","0","0","2","67301","0","","1.0","","99","N","N","N","0","","0","0","0","3","2","","830","2","1","0","0","0","1","0","2","0","1","1","0","0","99","","","N","","","","","","","","","",""
"2021048223","923","1","0","0","0","0","0","0","0","0","4","0","","67","5","2021","6","39.991699","-75.185608","920","6","0","0","0","0","0","1","0","0","","0","0","0","9","1","2","","1","0","39 59:30.115","","0","75 11:08.190","3","0","0","0","67301","0","0","0","N","0","0","0","3","67301","0","","1.0","","1","N","N","N","0","","2","0","1","3","2","","919","2","2","0","0","0","0","1","2","0","2","0","0","0","3","03","","N","","","","","","","","","",""
"2021047257","247","2","0","0","0","0","0","0","0","0","1","0","","67","5","2021","5","39.909694","-75.154417","245","6","0","0","0","0","0","0","0","0","","0","0","0","2","3","0","N","0","2","39 54:34.900","4","5","75 09:15.900","0","0","0","0","67301","0","0","0","N","0","0","0","3","67501","0","","1.0","335.0","1","N","N","N","0","","0","0","0","0","0","N","244","2","0","0","0","0","0","0","2","0","2","0","0","0","3","","","N","","","","","","","","","",""
"2021035579","320","2","0","0","0","0","0","0","0","0","4","0","","67","4","2021","7","39.956473","-75.221535","315","6","0","0","0","0","0","0","0","0","","0","0","0","3","3","0","","1","0","39 57:23.301","","0","75 13:17.525","0","0","0","0","67301","0","0","0","N","0","0","0","4","67301","0","","1.0","","1","N","N","N","0","","0","0","0","3","2","","314","2","0","0","0","0","0","0","2","0","2","0","0","0","3","03","","N","","","","","","","","","",""
"2021035551","1825","1","0","0","0","0","0","0","0","0","4","0","","67","4","2021","2","40.077976","-75.210666","1821","6","1","0","0","0","0","2","0","0","","0","0","0","18","1","0","","1","1","40 04:40.713","6","0","75 12:38.397","0","0","0","0","67301","0","0","0","N","0","0","0","3","67301","0","","1.0","1845.0","1","N","N","N","0","","0","0","2","3","2","N","1820","3","0","0","0","0","0","0","2","0","3","0","0","0","3","03","","N","","","","","","","","","",""
"2021036079","1641","0","0","0","0","0","0","0","0","0","8","0","","67","4","2021","3","39.992393","-75.142188","1640","6","0","0","0","0","0","0","0","0","","0","0","0","16","1","1","","1","0","39 59:32.614","","0","75 08:31.878","3","0","0","0","67301","1","0","0","N","1","0","0","2","67301","0","","1.0","","1","N","N","N","0","","1","0","0","3","2","","1620","2","1","0","0","0","0","0","2","0","1","1","0","0","3","03","","N","","","","","","","","","",""
"2021035583","837","1","0","0","0","0","0","0","0","0","4","0","","67","4","2021","6","39.978769","-75.230097","835","6","0","0","0","0","0","1","0","0","","0","0","0","8","1","1","","3","0","39 58:43.568","","0","75 13:48.350","4","0","0","0","67301","0","0","0","N","0","0","0","2","67301","1","","1.0","","1","N","N","N","0","","0","0","0","0","0","","833","2","1","0","0","0","0","0","2","0","2","0","0","0","3","03","","N","","","","","","","","","",""
"2021035561","1750","2","0","0","0","0","0","0","0","0","4","0","","67","4","2021","6","40.021765","-75.088188","1743","6","0","0","0","0","0","0","1","0","","0","0","0","17","1","1","","1","0","40 01:18.354","","0","75 05:17.476","3","0","0","0","67301","0","0","0","N","0","0","0","3","67301","0","","1.0","","1","N","N","N","0","","1","0","1","3","3","","1740","3","1","2","0","0","0","1","2","0","3","0","0","0","3","03","","N","","","","","","","","","",""
"2021073832","640","1","0","0","0","0","0","0","0","0","7","0","","67","8","2021","1","40.006221","-75.197001","636","6","0","0","0","0","0","0","0","0","","0","0","0","6","1","0","N","0","0","40 00:22.394","","0","75 11:49.204","0","0","0","0","67301","0","0","0","N","0","0","0","1","68K01","0","","5.0","","9","N","N","N","0","","0","0","0","0","0","","620","1","0","0","0","0","0","0","2","0","1","0","0","0","4","04","","N","","","","","","","","","",""
"2021036784","731","1","0","0","0","0","0","0","0","0","4","0","","67","4","2021","3","40.025974","-75.041765","715","6","0","0","0","0","0","0","0","0","","0","0","0","6","1","1","","1","0","40 01:33.506","","0","75 02:30.353","3","0","0","0","67301","0","0","0","N","0","0","0","3","67301","0","","1.0","","1","N","N","N","0","","1","0","1","3","3","","644","2","1","0","0","0","0","0","2","0","2","0","0","0","3","98","","N","","","","","","","","","",""
"2021075613","1213","1","0","0","0","0","0","0","0","0","1","1","","67","8","2021","5","40.00355","-75.195214","1204","6","0","0","0","0","0","1","0","0","","0","0","0","12","1","1","N","6","2","40 00:12.779","3","2","75 11:42.771","8","0","0","0","67301","0","0","0","N","0","0","0","2","68K01","0","","1.0","15.0","1","N","N","N","1","","0","0","0","0","0","Y","1202","2","1","0","0","0","1","0","2","0","2","0","0","0","3","03","","N","","","","","","","","","",""
"2021045934","2112","2","0","0","0","0","0","0","0","0","4","0","","67","5","2021","5","39.978693","-75.157938","2112","6","0","0","0","0","0","0","0","0","","0","0","0","21","3","0","","1","1","39 58:43.293","5","0","75 09:28.577","0","0","0","0","67301","0","0","0","N","0","0","0","3","67505","0","","1.0","2118.0","1","N","N","N","0","","0","0","0","3","2","N","2110","2","0","0","0","0","0","0","2","0","2","0","0","0","3","","","N","","","","","","","","","",""
"2021041581","235","2","0","0","0","0","0","0","0","0","5","0","","67","4","2021","6","40.017627","-75.116171","235","6","0","0","0","0","0","0","0","0","","0","0","0","2","3","1","N","0","0","40 01:03.458","","0","75 06:58.216","3","0","0","0","67301","0","0","0","N","0","0","0","2","67301","0","","1.0","","1","N","N","N","1","","1","0","1","0","0","","235","4","1","1","0","0","0","0","2","0","4","0","0","0","3","03","","N","","","","","","","","","",""
"2021039552","621","1","0","0","0","0","0","0","0","0","4","0","","67","5","2021","7","39.970093","-75.16875","621","6","0","0","0","0","1","0","0","0","","0","0","0","6","1","1","","1","0","39 58:12.334","","0","75 10:07.499","3","0","0","0","67301","0","0","0","N","0","0","0","2","67301","0","","1.0","","1","N","N","N","0","","1","0","1","3","3","","620","2","1","2","0","0","0","0","2","0","2","0","0","0","3","98","","N","","","","","","","","","",""
"2021073492","744","0","0","0","0","0","0","0","0","0","7","0","","67","8","2021","6","40.048631","-74.998563","723","6","0","0","0","0","0","1","0","0","","0","0","0","7","1","0","N","6","0","40 02:55.073","","2","74 59:54.825","0","0","0","0","67301","0","0","0","Y","0","0","0","1","68K01","0","","2.0","","1","N","N","N","1","","0","0","0","0","0","","720","1","0","0","0","0","0","0","2","0","1","0","0","0","3","","","N","","","","","","","","","",""
"2021040693","1833","1","0","0","0","0","0","0","0","0","8","0","","67","5","2021","3","39.924889","-75.234333","1829","6","0","0","0","0","0","0","0","0","","0","0","0","18","1","1","N","0","0","39 55:29.600","","0","75 14:03.600","3","0","0","0","67301","1","0","0","N","1","0","0","2","67301","0","","1.0","","1","N","N","N","0","","1","0","0","0","0","","1825","2","1","0","0","0","0","0","2","0","1","1","0","0","3","03","","N","","","","","","","","","",""
"2021064317","1736","1","0","0","0","0","0","0","0","0","4","0","","67","6","2021","2","39.988892","-75.151834","1730","6","0","0","0","0","0","1","0","0","","0","0","0","17","1","2","","1","0","39 59:20.011","","0","75 09:06.602","3","0","0","0","67301","0","0","0","N","0","0","0","6","67301","1","","1.0","","1","N","N","N","0","","1","0","1","3","3","","1730","2","2","0","0","0","0","0","2","0","2","0","0","0","3","03","","N","","","","","","","","","",""
"2021050367","2008","2","0","0","0","0","0","0","0","0","4","0","","67","5","2021","3","40.016257","-75.077835","2007","6","0","0","0","0","0","0","0","0","","0","0","0","20","3","1","","1","0","40 00:58.525","","0","75 04:40.206","4","0","0","0","67301","0","0","0","N","0","0","0","4","67301","1","","1.0","","1","N","N","N","0","","0","0","0","3","3","","2005","2","1","0","0","0","0","0","2","0","2","0","0","0","3","03","","N","","","","","","","","","",""
"2021034468","1220","1","0","0","0","0","0","0","0","0","5","0","","67","4","2021","5","39.983972","-75.151083","1215","6","0","0","0","0","0","0","0","0","","0","0","0","12","1","0","N","0","0","39 59:02.300","","0","75 09:03.900","0","0","0","0","67301","0","0","0","N","0","0","0","2","67505","0","","6.0","","1","N","N","N","0","","0","0","2","0","0","","1210","3","0","0","0","0","0","0","2","0","3","0","0","0","4","","","N","","","","","","","","","",""
"2021048103","945","1","0","0","0","0","0","0","0","0","4","0","","67","5","2021","3","40.014871","-75.080207","933","6","0","0","1","0","0","1","0","0","","0","0","0","9","1","1","","1","2","40 00:53.534","4","0","75 04:48.745","3","0","0","0","67301","0","0","0","N","0","0","0","2","67301","0","","1.0","952.0","1","N","N","N","0","","1","0","1","3","3","Y","930","2","1","0","0","0","0","0","2","0","2","0","0","0","3","","","N","","","","","","","","","",""
"2021041583","2340","1","0","0","0","0","0","0","0","0","4","0","","67","4","2021","7","39.993952","-75.149091","2325","6","0","0","0","1","0","0","0","0","","0","0","0","22","3","1","","1","0","39 59:38.227","","0","75 08:56.727","3","0","0","0","67301","0","0","0","N","0","0","0","2","67301","0","","1.0","","1","N","N","N","0","","1","0","1","3","3","","2251","2","1","0","0","0","0","0","2","0","2","0","0","0","3","","","N","","","","","","","","","",""