"CRN","ARRIVAL_TM","AUTOMOBILE_COUNT","BELTED_DEATH_COUNT","BELTED_SUSP_SERIOUS_INJ_COUNT","BICYCLE_COUNT","BICYCLE_DEATH_COUNT","BICYCLE_SUSP_SERIOUS_INJ_COUNT","BUS_COUNT","CHLDPAS_DEATH_COUNT","CHLDPAS_SUSP_SERIOUS_INJ_COUNT","COLLISION_TYPE","COMM_VEH_COUNT","CONS_ZONE_SPD_LIM","COUNTY","CRASH_MONTH","CRASH_YEAR","DAY_OF_WEEK","DEC_LATITUDE","DEC_LONGITUDE","DISPATCH_TM","DISTRICT","DRIVER_COUNT_16YR","DRIVER_COUNT_17YR","DRIVER_COUNT_18YR","DRIVER_COUNT_19YR","DRIVER_COUNT_20YR","DRIVER_COUNT_50_64YR","DRIVER_COUNT_65_74YR","DRIVER_COUNT_75PLUS","EST_HRS_CLOSED","FATAL_COUNT","HEAVY_TRUCK_COUNT","HORSE_BUGGY_COUNT","HOUR_OF_DAY","ILLUMINATION","INJURY_COUNT","INTERSECTION_RELATED","INTERSECT_TYPE","LANE_CLOSED","LATITUDE","LN_CLOSE_DIR","LOCATION_TYPE","LONGITUDE","MAX_SEVERITY_LEVEL","MCYCLE_DEATH_COUNT","MCYCLE_SUSP_SERIOUS_INJ_COUNT","MOTORCYCLE_COUNT","MUNICIPALITY","NONMOTR_COUNT","NONMOTR_DEATH_COUNT","NONMOTR_SUSP_SERIOUS_INJ_COUNT","NTFY_HIWY_MAINT","PED_COUNT","PED_DEATH_COUNT","PED_SUSP_SERIOUS_INJ_COUNT","PERSON_COUNT","POLICE_AGCY","POSSIBLE_INJ_COUNT","RDWY_SURF_TYPE_CD","RELATION_TO_ROAD","ROADWAY_CLEARED","ROAD_CONDITION","SCH_BUS_IND","SCH_ZONE_IND","SECONDARY_CRASH","SMALL_TRUCK_COUNT","SPEC_JURIS_CD","SUSP_MINOR_INJ_COUNT","SUSP_SERIOUS_INJ_COUNT","SUV_COUNT","TCD_FUNC_CD","TCD_TYPE","TFC_DETOUR_IND","TIME_OF_DAY","TOTAL_UNITS","TOT_INJ_COUNT","UNBELTED_OCC_COUNT","UNB_DEATH_COUNT","UNB_SUSP_SERIOUS_INJ_COUNT","UNK_INJ_DEG_COUNT","UNK_INJ_PER_COUNT","URBAN_RURAL","VAN_COUNT","VEHICLE_COUNT","VULNERABLE_ROAD_USER_COUNT","VULNERABLE_ROAD_USER_DEATH_COUNT","VULNERABLE_ROAD_USER_SER_INJ_COUNT","WEATHER1","WEATHER2","WORKERS_PRES","WORK_ZONE_IND","WORK_ZONE_LOC","WORK_ZONE_TYPE","WZ_CLOSE_DETOUR","WZ_FLAGGER","WZ_LAW_OFFCR_IND","WZ_LN_CLOSURE","WZ_MOVING","WZ_OTHER","WZ_SHLDER_MDN","WZ_WORKERS_INJ_KILLED"
"2021070618","1847","1","0","0","0","0","0","0","0","0","4","0","","67","7","2021","4","39.980392","-75.117888","1845","6","0","0","0","0","0","1","0","0","","0","0","0","18","1","2","N","0","0","39 58:49.412","","0","75 07:04.397","2","0","0","0","67301","0","0","0","N","0","0","0","2","67301","0","","6.0","","1","N","N","N","0","","1","1","3","0","0","","1805","4","2","0","0","0","0","0","2","0","4","0","0","0","3","","","N","","","","","","","","","",""
"2021040900","1736","1","0","0","0","0","0","0","0","0","4","0","","67","5","2021","5","39.948883","-75.189669","1726","6","0","0","0","0","0","0","1","0","","0","0","0","17","1","0","","2","0","39 56:55.978","","3","75 11:22.808","0","0","0","0","67301","0","0","0","N","0","0","0","2","67504","0","","1.0","","1","N","N","N","1","","0","0","0","3","2","","1726","2","0","0","0","0","0","0","2","0","2","0","0","0","3","03","","N","","","","","","","","","",""
"2021041308","1512","1","0","0","0","0","0","0","0","0","4","0","","67","5","2021","3","40.045306","-75.123528","1510","6","0","0","0","0","0","0","0","0","","0","0","0","14","1","1","","1","0","40 02:43.100","","0","75 07:24.700","3","0","0","1","67301","0","0","0","N","0","0","0","2","67301","0","","1.0","","1","N","N","N","0","","1","0","0","0","0","","1440","2","1","0","0","0","0","0","2","0","2","0","0","0","3","03","","N","","","","","","","","","",""
"2021040970","210","2","0","0","0","0","0","0","0","0","1","0","","67","5","2021","6","39.983472","-75.158917","205","6","0","0","0","0","0","0","0","0","","0","0","0","2","3","0","N","0","2","39 59:00.500","4","0","75 09:32.100","0","0","0","0","67301","0","0","0","N","0","0","0","2","67505","0","","1.0","230.0","1","N","N","N","0","","0","0","1","0","0","Y","200","3","0","2","0","0","0","0","2","0","3","0","0","0","3","98","","N","","","","","","","","","",""
"2021069873","1235","2","0","0","0","0","0","0","0","0","2","0","","67","7","2021","5","39.980672","-75.268036","1229","6","0","0","0","0","0","0","0","1","","0","0","0","12","1","3","N","0","1","39 58:50.418","3","7","75 16:04.930","3","0","0","0","67301","0","0","0","N","0","0","0","3","67301","0","","1.0","1315.0","1","N","N","N","0","","3","0","0","3","2","N","1224","2","3","0","0","0","0","0","2","0","2","0","0","0","3","03","","N","","","","","","","","","",""
"2021047642","1524","1","0","0","0","0","0","0","0","0","1","0","","67","5","2021","4","40.009664","-75.065333","1436","6","0","0","0","1","0","0","0","0","","0","0","0","14","1","0","N","0","0","40 00:34.792","","0","75 03:55.198","0","0","0","0","67301","0","0","0","N","0","0","0","2","68K01","0","","1.0","","1","N","N","N","0","","0","0","1","3","8","","1432","2","0","0","0","0","0","0","2","0","2","0","0","0","3","","","N","","","","","","","","","",""
"2021064653","21","1","0","0","0","0","0","0","0","0","1","0","","67","7","2021","7","39.974728","-75.194209","14","6","0","0","0","1","0","0","0","0","","0","0","0","23","3","4","N","0","0","39 58:29.019","","0","75 11:39.151","3","0","0","0","67301","0","0","0","N","0","0","0","6","68K01","0","","1.0","","1","N","N","N","0","","4","0","1","0","0","","2358","2","4","0","0","0","0","0","2","0","2","0","0","0","3","","","N","","","","","","","","","",""
"2021070754","1255","3","0","0","0","0","0","0","0","0","4","0","","67","7","2021","4","40.00625","-75.164464","1253","6","0","0","0","0","0","0","0","0","","0","0","0","12","1","0","N","0","2","40 00:22.500","6","0","75 09:52.070","0","0","0","0","67301","0","0","0","N","0","0","0","1","67301","0","","1.0","1400.0","1","N","N","N","0","","0","0","0","0","0","Y","1245","3","0","0","0","0","0","0","2","0","3","0","0","0","3","03","","N","","","","","","","","","",""
"2021057700","1727","1","0","0","0","0","0","0","0","0","4","0","","67","5","2021","1","40.039531","-75.084418","1726","6","0","0","0","0","0","1","0","0","","0","0","0","17","1","1","","1","1","40 02:22.311","1","0","75 05:03.904","4","0","0","0","67301","0","0","0","N","0","0","0","3","67301","1","","1.0","1808.0","1","N","N","N","0","","0","0","1","3","2","Y","1725","2","1","2","0","0","0","0","2","0","2","0","0","0","3","03","","N","","","","","","","","","",""
"2021036074","856","1","0","0","0","0","0","0","0","0","4","0","","67","4","2021","4","39.980751","-75.161586","852","6","0","0","0","0","0","1","0","0","","0","0","0","8","1","1","","1","0","39 58:50.704","","0","75 09:41.710","3","0","0","0","67301","0","0","0","N","0","0","0","2","67301","0","","1.0","","1","N","N","Y","0","","1","0","1","3","3","","850","2","1","1","0","0","0","0","2","0","2","0","0","0","3","","","N","","","","","","","","","",""
"2021034416","2307","1","0","0","0","0","0","0","0","0","5","0","35","67","4","2021","5","39.9115","-75.1665","2305","6","0","0","0","0","0","1","1","0","","0","0","0","23","3","1","","6","1","39 54:41.400","3","8","75 09:59.400","8","0","0","0","67301","0","0","0","N","0","0","0","2","67501","0","","1.0","2354.0","1","N","N","N","0","","0","0","1","3","3","N","2305","2","1","0","0","0","1","0","2","0","2","0","0","0","3","03","N","Y","4","1","","","N","Y","","","Y","N"
"2021039648","1250","2","0","0","0","0","0","0","0","0","4","0","","67","5","2021","1","39.951446","-75.234844","1250","6","0","0","0","0","0","0","0","0","","0","0","0","0","3","0","","1","0","39 57:05.205","","0","75 14:05.438","0","0","0","0","67301","0","0","0","N","0","0","0","2","67301","0","","1.0","","1","N","N","N","0","","0","0","0","3","2","","15","2","0","0","0","0","0","0","2","0","2","0","0","0","3","03","","N","","","","","","","","","",""
"2021069851","1456","2","0","0","0","0","0","0","0","0","1","0","","67","7","2021","7","39.968169","-75.225145","1456","6","0","0","0","0","0","0","0","0","","0","0","0","14","1","1","","1","0","39 58:05.407","","0","75 13:30.521","4","0","0","0","67301","0","0","0","N","0","0","0","2","67301","1","","1.0","","1","N","N","N","0","","0","0","0","3","2","","1420","2","1","0","0","0","0","0","2","0","2","0","0","0","3","03","","N","","","","","","","","","",""
"2021036443","2335","2","0","0","0","0","0","0","0","0","5","0","","67","4","2021","4","39.963167","-75.187389","2335","6","0","0","0","0","0","0","0","0","","0","0","0","23","3","0","N","0","1","39 57:47.400","1","0","75 11:14.600","0","0","0","0","67301","0","0","0","N","0","0","0","1","67507","0","","6.0","10.0","1","N","N","Y","0","","0","0","3","0","0","N","2335","7","0","1","0","0","0","0","2","2","7","0","0","0","3","03","","N","","","","","","","","","",""
"2021073448","1615","0","0","0","0","0","0","0","0","0","0","0","","67","8","2021","4","40.084787","-74.96907","1610","6","0","0","0","0","0","1","0","0","","0","0","0","16","1","1","N","0","0","40 05:05.234","","0","74 58:08.653","8","0","0","1","67301","0","0","0","N","0","0","0","1","67301","0","","1.0","","1","N","N","N","0","","0","0","0","0","0","","1606","1","1","0","0","0","1","0","2","0","1","0","0","0","3","03","","N","","","","","","","","","",""
"2021070379","1549","1","0","0","0","0","0","0","0","0","4","1","","67","7","2021","4","40.107379","-75.028214","1539","6","0","0","0","0","0","0","1","0","","0","1","0","14","1","0","","2","0","40 06:26.565","","0","75 01:41.570","9","0","0","0","67301","0","0","0","N","0","0","0","2","67301","0","","1.0","","1","N","N","N","0","","0","0","1","3","3","","1449","3","0","0","0","0","0","1","2","0","3","0","0","0","3","","","N","","","","","","","","","",""
"2021036788","32","3","0","0","0","0","0","0","0","0","5","0","","67","4","2021","3","39.976216","-75.158333","30","6","0","0","0","0","0","0","0","0","","0","0","0","22","3","0","N","0","0","39 58:34.379","","0","75 09:29.997","0","0","0","0","67301","0","0","0","N","0","0","0","2","67301","0","","1.0","","1","N","N","N","0","","0","0","0","0","0","","2200","3","0","0","0","0","0","0","2","0","3","0","0","0","3","03","","N","","","","","","","","","",""
"2021042330","1401","0","0","0","0","0","0","0","0","0","8","0","","67","5","2021","5","39.963672","-75.240408","1400","6","0","0","0","0","0","0","0","0","","0","0","0","13","1","1","N","0","0","39 57:49.220","","0","75 14:25.470","3","0","0","0","67301","1","0","0","N","1","0","0","2","67301","0","","1.0","","1","N","N","N","0","","1","0","1","0","0","","1330","2","1","0","0","0","0","0","2","0","1","1","0","0","3","","","N","","","","","","","","","",""
"2021050426","19","2","0","0","0","0","0","0","0","0","5","0","","67","5","2021","2","40.054666","-74.984973","1","6","0","0","0","0","0","0","0","0","","0","0","0","23","3","0","N","0","1","40 03:16.799","1","0","74 59:05.902","0","0","0","0","67301","0","0","0","N","0","0","0","1","68K01","0","","2.0","100.0","8","N","N","N","0","","0","0","0","0","0","N","2356","2","0","0","0","0","0","0","2","0","2","0","0","0","7","","","N","","","","","","","","","",""
"2021042338","2018","2","0","0","0","0","0","0","0","0","4","0","","67","5","2021","3","40.01529","-75.149926","2018","6","0","0","0","1","0","1","0","0","","0","0","0","20","3","4","","1","0","40 00:55.044","","0","75 08:59.732","2","0","0","0","67301","0","0","0","N","0","0","0","7","67301","0","","1.0","","1","N","N","N","2","","1","1","1","3","2","","2018","5","4","3","0","1","2","0","2","0","5","0","0","0","3","03","","N","","","","","","","","","",""
"2021070369","1941","2","0","0","0","0","0","0","0","0","5","0","","67","7","2021","1","40.020553","-75.211286","1938","6","0","0","0","0","0","0","0","0","","0","0","0","19","1","1","N","0","2","40 01:13.990","5","0","75 12:40.630","3","0","0","0","67301","0","0","0","N","0","0","0","1","67301","0","","6.0","2102.0","1","N","N","N","0","","1","0","0","0","0","Y","1935","2","1","0","0","0","0","0","2","0","2","0","0","0","3","03","","N","","","","","","","","","",""
"2021073599","25","1","0","0","0","0","0","0","0","0","1","0","","67","7","2021","5","39.955294","-75.212009","10","6","0","0","1","0","0","1","0","0","","0","0","0","23","3","0","N","0","1","39 57:19.057","4","0","75 12:43.233","0","0","0","0","67301","0","0","0","N","0","0","0","2","67301","0","","1.0","100.0","9","N","N","N","0","","0","0","1","0","0","N","2330","2","0","0","0","0","0","0","2","0","2","0","0","0","7","07","","N","","","","","","","","","",""
"2021070484","431","1","0","0","0","0","0","0","0","0","7","0","","67","7","2021","7","39.975096","-75.158585","430","6","0","0","0","0","0","0","0","0","","0","0","0","4","3","0","N","0","0","39 58:30.347","","0","75 09:30.905","0","0","0","0","67301","0","0","0","N","0","0","0","0","67301","0","","5.0","","1","N","N","N","0","","0","0","0","0","0","","428","1","0","0","0","0","0","0","2","0","1","0","0","0","3","","","N","","","","","","","","","",""
"2021074234","1020","1","0","0","0","0","0","0","0","0","5","1","","67","7","2021","4","40.016873","-75.050764","930","6","0","0","0","0","0","0","0","0","","0","1","0","9","1","0","N","0","0","40 01:00.742","","0","75 03:02.751","9","0","0","0","67301","0","0","0","N","0","0","0","3","68K01","0","","1.0","","1","N","N","N","1","","0","0","0","0","0","","911","3","0","0","0","0","0","1","2","0","3","0","0","0","3","","","N","","","","","","","","","",""
"2021044011","1430","1","0","0","1","0","0","0","0","0","8","0","","67","5","2021","7","39.981522","-75.224059","1425","6","0","0","0","0","0","1","0","0","","0","0","0","14","1","1","","1","0","39 58:53.480","","0","75 13:26.612","3","0","0","0","67301","1","0","0","N","0","0","0","2","67301","0","","1.0","","1","N","N","N","0","","1","0","0","3","2","","1420","2","1","0","0","0","0","0","2","0","1","1","0","0","3","03","","N","","","","","","","","","",""
"2021046943","1301","0","0","0","0","0","0","0","0","0","2","0","","67","5","2021","3","39.951278","-75.238944","1301","6","0","0","0","0","0","1","0","0","","0","0","0","13","1","1","N","0","0","39 57:04.600","","0","75 14:20.200","8","0","0","0","67301","0","0","0","N","0","0","0","2","67301","0","","1.0","","1","N","N","N","0","","0","0","2","0","0","","1301","2","1","0","0","0","1","0","2","0","2","0","0","0","3","03","","N","","","","","","","","","",""
"2021040445","2015","0","0","0","0","0","0","0","0","0","8","0","","67","5","2021","3","40.043228","-75.182364","2010","6","0","0","0","0","0","0","0","0","","0","0","0","20","1","1","N","0","0","40 02:35.620","","0","75 10:56.510","3","0","0","0","67301","1","0","0","N","1","0","0","2","67301","0","","1.0","","1","N","N","N","0","","1","0","1","0","0","","2000","2","1","0","0","0","0","0","2","0","1","1","0","0","3","03","","N","","","","","","","","","",""
"2021070522","1620","1","0","0","0","0","0","0","0","0","1","0","","67","7","2021","6","40.015144","-75.147203","1620","6","0","0","0","0","0","0","0","0","","0","0","0","15","1","1","N","0","9","40 00:54.520","","0","75 08:49.930","4","0","0","0","67301","0","0","0","N","0","0","0","2","67301","1","","1.0","","1","N","N","N","0","","0","0","1","3","2","U","1500","2","1","0","0","0","0","1","2","0","2","0","0","0","3","","","N","","","","","","","","","",""
"2021075158","1259","0","0","0","0","0","0","0","0","0","1","1","","67","8","2021","3","39.959335","-75.173502","1259","6","0","0","0","0","0","0","0","0","","0","1","0","12","1","0","N","0","0","39 57:33.607","","0","75 10:24.606","0","0","0","0","67301","0","0","0","N","0","0","0","4","68K01","0","","1.0","","1","N","N","N","0","","0","0","1","0","0","","1259","2","0","0","0","0","0","0","2","0","2","0","0","0","3","","","N","","","","","","","","","",""
"2021070387","2000","1","0","0","0","0","0","0","0","0","4","0","","67","7","2021","2","40.068807","-75.006611","1959","6","0","0","0","1","0","0","1","0","","0","0","0","19","1","1","N","0","1","40 04:07.706","3","7","75 00:23.801","3","0","0","0","67301","0","0","0","N","0","0","0","2","67301","0","","1.0","30.0","1","N","N","N","1","","1","0","0","0","0","Y","1958","2","1","0","0","0","0","1","2","0","2","0","0","0","3","03","","N","","","","","","","","","",""
"2021070544","1225","0","0","0","0","0","0","0","0","0","4","0","","67","7","2021","1","40.039672","-75.123086","1218","6","0","0","0","0","0","0","0","0","","0","0","0","11","1","1","N","0","0","40 02:22.820","","0","75 07:23.110","3","0","0","1","67301","0","0","0","N","0","0","0","2","67301","0","","1.0","","1","N","N","N","0","","1","0","1","0","0","","1153","2","1","0","0","0","0","0","2","0","2","0","0","0","3","","","N","","","","","","","","","",""
"2021039652","330","1","0","0","0","0","0","0","0","0","6","0","","67","5","2021","1","39.989519","-75.118329","324","6","0","0","0","0","0","1","0","0","","0","0","0","3","3","0","","2","0","39 59:22.267","","0","75 07:05.986","0","0","0","0","67301","0","0","0","N","0","0","0","2","67301","0","","1.0","","1","N","N","N","0","","0","0","2","0","0","","317","3","0","2","0","0","0","0","2","0","3","0","0","0","3","03","","N","","","","","","","","","",""
"2021041253","1751","1","0","0","0","0","0","0","0","0","1","0","","67","5","2021","5","39.976753","-75.113996","1742","6","0","0","0","0","0","1","0","0","","0","0","0","17","1","0","N","0","1","39 58:36.309","2","3","75 06:50.384","0","0","0","0","67301","0","0","0","N","0","0","0","2","68K01","0","","1.0","1840.0","1","N","N","N","0","","0","0","1","0","0","N","1736","2","0","0","0","0","0","0","2","0","2","0","0","0","3","03","","N","","","","","","","","","",""
"2021044008","750","1","0","0","0","0","0","0","0","0","4","0","","67","5","2021","6","39.967819","-75.22813","750","6","0","0","0","0","0","0","1","0","","0","0","0","7","1","3","","1","2","39 58:04.148","2","0","75 13:41.267","3","0","0","0","67301","0","0","0","N","0","0","0","3","67301","0","","1.0","1000.0","1","N","N","N","0","","3","0","2","3","2","Y","750","3","3","0","0","0","0","0","2","0","3","0","0","0","3","03","","N","","","","","","","","","",""
"2021055243","1950","0","0","0","0","0","0","0","0","0","8","0","","67","6","2021","6","40.021757","-75.148409","1945","6","0","0","0","0","0","0","0","0","","0","0","0","19","1","1","N","0","0","40 01:18.325","","0","75 08:54.271","8","0","0","0","67301","1","0","0","N","1","0","0","2","67301","0","","1.0","","1","N","N","N","0","","0","0","1","0","0","","1920","2","1","0","0","0","1","0","2","0","1","1","0","0","3","98","","N","","","","","","","","","",""
"2021073809","2144","1","0","0","0","0","0","0","0","0","7","0","","67","8","2021","7","40.003592","-75.190506","2139","6","0","0","1","0","0","0","0","0","","0","0","0","21","3","4","N","0","1","40 00:12.931","2","0","75 11:25.822","3","0","0","0","67301","0","0","0","N","0","0","0","4","67301","0","","4.0","1030.0","1","N","N","Y","0","","4","0","0","0","0","N","2135","1","4","0","0","0","0","0","2","0","1","0","0","0","3","","","N","","","","","","","","","",""
"2021040553","956","0","0","0","0","0","0","0","0","0","8","0","","67","5","2021","4","39.946056","-75.156278","954","6","0","0","0","0","0","1","0","0","","0","0","0","9","1","1","N","0","0","39 56:45.800","","0","75 09:22.600","3","0","0","0","67301","1","0","0","N","1","0","0","2","67301","0","","4.0","","9","N","N","N","1","","1","0","0","0","0","","930","2","1","1","0","0","0","0","2","0","1","1","0","0","7","07","","N","","","","","","","","","",""
"2021041653","1859","4","0","0","0","0","0","0","0","0","1","0","","67","5","2021","3","39.997167","-75.118959","1859","6","0","1","0","0","0","0","0","0","","0","0","0","18","1","2","N","0","2","39 59:49.802","3","0","75 07:08.252","2","0","0","0","67301","1","0","1","N","1","0","1","4","67301","0","","1.0","130.0","1","N","N","N","0","","1","1","0","0","0","N","1855","5","2","3","0","0","0","0","2","0","4","1","0","1","3","03","","N","","","","","","","","","",""
"2021069884","1740","1","0","0","0","0","0","0","0","0","7","0","","67","7","2021","7","40.001306","-75.113964","1732","6","0","0","0","0","0","0","0","0","","0","0","0","17","1","0","N","0","0","40 00:04.700","","0","75 06:50.270","9","0","0","0","67301","0","0","0","N","0","0","0","2","67301","0","","5.0","","1","N","N","N","0","","0","0","0","0","0","","1726","1","0","0","0","0","0","2","2","0","1","0","0","0","3","","","N","","","","","","","","","",""
"2021036412","2032","1","0","0","0","0","0","0","0","0","7","0","55","67","4","2021","1","39.898855","-75.171978","2019","6","0","0","0","0","0","0","0","0","","0","0","0","20","3","0","N","0","0","39 53:55.879","","0","75 10:19.120","9","0","0","0","67301","0","0","0","N","0","0","0","1","68K01","0","","3.0","","1","N","N","N","0","","0","0","0","0","0","","2018","1","0","0","0","0","0","1","2","0","1","0","0","0","3","03","N","Y","2","1","","","N","","","","Y","N"
"2021036265","128","0","0","0","0","0","0","0","0","0","5","0","","67","4","2021","1","40.039933","-75.057897","125","6","0","0","0","0","0","0","0","0","","0","0","0","23","3","0","N","0","1","40 02:23.760","3","0","75 03:28.430","9","0","0","0","67301","0","0","0","N","0","0","0","1","67301","0","","6.0","100.0","1","N","N","N","0","","0","0","3","0","0","N","2319","3","0","0","0","0","0","1","2","0","3","0","0","0","3","03","","N","","","","","","","","","",""
"2021064205","1659","0","0","0","0","0","0","0","0","0","0","0","","67","6","2021","3","40.090849","-75.03287","1659","6","0","0","0","0","0","0","0","0","","0","0","0","16","1","1","N","0","1","40 05:27.057","2","0","75 01:58.333","3","0","0","1","67301","0","0","0","N","0","0","0","1","67301","0","","1.0","1720.0","1","N","N","N","0","","1","0","0","0","0","N","1650","1","1","0","0","0","0","0","2","0","1","0","0","0","3","03","","N","","","","","","","","","",""
"2021042275","516","1","0","0","0","0","0","0","0","0","7","0","","67","5","2021","7","40.037813","-75.011914","516","6","0","0","0","0","0","0","0","0","","0","0","0","4","3","0","N","0","0","40 02:16.126","","0","75 00:42.892","0","0","0","0","67301","0","0","0","N","0","0","0","1","68K01","0","","4.0","","8","N","N","N","0","","0","0","0","0","0","","417","1","0","0","0","0","0","0","2","0","1","0","0","0","7","07","","N","","","","","","","","","",""
"2021064325","1629","0","0","0","0","0","0","0","0","0","8","0","","67","7","2021","6","39.982806","-75.177753","1623","6","0","0","0","0","0","0","0","0","","0","0","0","15","1","1","N","0","0","39 58:58.100","","0","75 10:39.910","3","0","0","0","67301","1","0","0","N","1","0","0","2","67301","0","","1.0","","9","N","N","N","0","","1","0","0","0","0","","1553","2","1","0","0","0","0","1","2","0","1","1","0","0","4","07","","N","","","","","","","","","",""
"2021070372","1120","0","0","0","0","0","0","0","0","0","1","1","","67","7","2021","3","39.954405","-75.163068","1119","6","0","0","0","0","0","0","0","0","","0","1","0","11","1","0","","1","0","39 57:15.859","","0","75 09:47.045","0","0","0","0","67301","0","0","0","N","0","0","0","2","67301","0","","1.0","","1","N","N","N","0","","0","0","1","3","2","","1118","2","0","2","0","0","0","0","2","0","2","0","0","0","3","03","","N","","","","","","","","","",""
"2021046933","1155","1","0","0","0","0","0","0","0","0","4","0","","67","5","2021","3","39.964512","-75.204522","1150","6","0","0","0","0","0","0","0","0","","0","0","0","11","1","0","","2","0","39 57:52.244","","0","75 12:16.279","0","0","0","0","67301","0","0","0","N","0","0","0","2","67301","0","","1.0","","1","N","N","N","0","","0","0","1","0","0","","1145","2","0","1","0","0","0","0","2","0","2","0","0","0","3","03","","N","","","","","","","","","",""
"2021074699","340","1","0","0","0","0","0","0","0","0","7","0","","67","8","2021","2","39.938168","-75.234062","340","6","0","0","0","0","0","0","0","0","","0","0","0","3","3","0","N","0","0","39 56:17.406","","0","75 14:02.624","9","0","0","0","67301","0","0","0","N","0","0","0","1","67301","0","","9.0","","1","N","N","N","0","","0","0","0","3","2","","339","1","0","0","0","0","0","1","2","0","1","0","0","0","3","03","","N","","","","","","","","","",""
"2021035853","1509","2","0","0","0","0","0","0","0","0","1","0","45","67","4","2021","2","40.010387","-75.06326","1445","6","0","0","0","0","0","0","0","0","","0","0","0","14","1","1","N","0","1","40 00:37.393","2","3","75 03:47.736","3","0","0","0","67301","0","0","0","N","0","0","0","3","68K01","0","","1.0","30.0","1","N","N","N","0","","1","0","1","0","0","N","1444","3","1","0","0","0","0","1","2","0","3","0","0","0","4","","N","Y","4","1","","","N","Y","","","Y","N"
"2021067873","2205","2","0","0","0","0","0","1","0","0","4","1","","67","7","2021","3","39.974821","-75.198444","2145","6","0","0","0","0","0","0","0","0","","0","0","0","21","3","1","","2","0","39 58:29.354","","2","75 11:54.397","8","0","0","0","67301","0","0","0","N","0","0","0","4","67508","0","","1.0","","1","N","N","Y","0","","0","0","0","3","2","","2145","4","1","0","0","0","1","0","2","0","4","0","0","0","3","03","","N","","","","","","","","","",""
"2021042024","3","1","0","0","0","0","0","0","0","0","7","0","","67","5","2021","6","40.030101","-75.022154","2347","6","0","0","0","0","0","0","0","0","","0","0","0","23","3","0","N","0","2","40 01:48.364","2","3","75 01:19.754","0","0","0","0","67301","0","0","0","N","0","0","0","1","68K01","0","","4.0","25.0","9","N","N","N","0","","0","0","0","0","0","N","2338","1","0","0","0","0","0","0","2","0","1","0","0","0","7","07","","N","","","","","","","","","",""
"2021040368","2058","1","0","0","0","0","0","0","0","0","6","0","","67","5","2021","1","40.070194","-75.172111","2055","6","0","0","0","0","0","0","0","0","","0","0","0","20","3","1","N","0","0","40 04:12.700","","0","75 10:19.600","3","0","0","0","67301","0","0","0","N","0","0","0","1","67301","0","","6.0","","1","N","N","Y","0","","1","0","2","0","0","","2054","3","1","0","0","0","0","0","2","0","3","0","0","0","3","03","","N","","","","","","","","","",""
"2021039593","257","2","0","0","0","0","0","0","0","0","4","0","","67","5","2021","7","39.970844","-75.207292","257","6","0","0","0","0","0","0","0","0","","0","0","0","2","3","1","","1","0","39 58:15.038","","0","75 12:26.251","3","0","0","0","67301","0","0","0","N","0","0","0","2","67301","0","","1.0","","1","N","N","N","0","","1","0","1","3","3","","255","3","1","0","0","0","0","0","2","0","3","0","0","0","3","03","","N","","","","","","","","","",""
"2021040155","1610","1","0","0","0","0","0","0","0","0","4","0","","67","5","2021","7","39.918225","-75.208762","1600","6","0","0","0","0","0","0","0","0","","0","0","0","15","1","3","","2","0","39 55:05.610","","0","75 12:31.544","3","0","0","0","67301","0","0","0","N","0","0","0","3","67301","0","","1.0","","1","N","N","N","0","","3","0","1","3","2","","1547","2","3","0","0","0","0","0","2","0","2","0","0","0","3","03","","N","","","","","","","","","",""
"2021041102","1010","0","0","0","0","0","0","0","0","0","4","0","","67","5","2021","5","40.025873","-75.153793","1010","6","0","0","0","0","0","0","1","0","","0","0","0","9","1","0","","1","0","40 01:33.142","","0","75 09:13.654","9","0","0","0","67301","0","0","0","N","0","0","0","2","67301","0","","1.0","","99","N","N","N","0","","0","0","2","3","3","","900","2","0","2","0","0","0","1","2","0","2","0","0","0","3","","","N","","","","","","","","","",""
"2021035292","1736","2","0","0","0","0","0","0","0","0","1","0","","67","4","2021","2","39.955612","-75.189821","1734","6","0","0","0","0","0","0","0","0","","0","0","0","17","1","1","Y","0","2","39 57:20.203","3","0","75 11:23.355","3","0","0","0","67301","0","0","0","N","0","0","0","2","67507","0","","1.0","1830.0","1","N","N","N","0","","1","0","0","3","2","N","1730","2","1","0","0","0","0","0","2","0","2","0","0","0","3","03","","N","","","","","","","","","",""
"2021035546","2135","1","0","0","0","0","0","0","0","0","3","0","","67","4","2021","7","40.073592","-75.174622","2132","6","0","0","0","0","0","0","0","0","","0","0","0","21","3","1","N","0","0","40 04:24.930","","0","75 10:28.640","3","0","0","0","67301","0","0","0","N","0","0","0","3","67301","0","","1.0","","1","N","N","N","0","","1","0","1","0","0","","2130","2","1","1","0","0","0","2","2","0","2","0","0","0","3","03","","N","","","","","","","","","",""
"2021035549","1208","2","0","0","0","0","0","0","0","0","4","0","","67","4","2021","1","40.060067","-75.166377","1204","6","0","0","0","0","0","0","0","0","","0","0","0","23","3","2","N","0","0","40 03:36.240","","0","75 09:58.957","3","0","0","0","67301","0","0","0","N","0","0","0","2","67301","0","","1.0","","1","N","N","N","0","","2","0","0","0","0","","2353","2","2","0","0","0","0","0","2","0","2","0","0","0","3","03","","N","","","","","","","","","",""