"CRN","ARRIVAL_TM","AUTOMOBILE_COUNT","BELTED_DEATH_COUNT","BELTED_SUSP_SERIOUS_INJ_COUNT","BICYCLE_COUNT","BICYCLE_DEATH_COUNT","BICYCLE_SUSP_SERIOUS_INJ_COUNT","BUS_COUNT","CHLDPAS_DEATH_COUNT","CHLDPAS_SUSP_SERIOUS_INJ_COUNT","COLLISION_TYPE","COMM_VEH_COUNT","CONS_ZONE_SPD_LIM","COUNTY","CRASH_MONTH","CRASH_YEAR","DAY_OF_WEEK","DEC_LATITUDE","DEC_LONGITUDE","DISPATCH_TM","DISTRICT","DRIVER_COUNT_16YR","DRIVER_COUNT_17YR","DRIVER_COUNT_18YR","DRIVER_COUNT_19YR","DRIVER_COUNT_20YR","DRIVER_COUNT_50_64YR","DRIVER_COUNT_65_74YR","DRIVER_COUNT_75PLUS","EST_HRS_CLOSED","FATAL_COUNT","HEAVY_TRUCK_COUNT","HORSE_BUGGY_COUNT","HOUR_OF_DAY","ILLUMINATION","INJURY_COUNT","INTERSECTION_RELATED","INTERSECT_TYPE","LANE_CLOSED","LATITUDE","LN_CLOSE_DIR","LOCATION_TYPE","LONGITUDE","MAX_SEVERITY_LEVEL","MCYCLE_DEATH_COUNT","MCYCLE_SUSP_SERIOUS_INJ_COUNT","MOTORCYCLE_COUNT","MUNICIPALITY","NONMOTR_COUNT","NONMOTR_DEATH_COUNT","NONMOTR_SUSP_SERIOUS_INJ_COUNT","NTFY_HIWY_MAINT","PED_COUNT","PED_DEATH_COUNT","PED_SUSP_SERIOUS_INJ_COUNT","PERSON_COUNT","POLICE_AGCY","POSSIBLE_INJ_COUNT","RDWY_SURF_TYPE_CD","RELATION_TO_ROAD","ROADWAY_CLEARED","ROAD_CONDITION","SCH_BUS_IND","SCH_ZONE_IND","SECONDARY_CRASH","SMALL_TRUCK_COUNT","SPEC_JURIS_CD","SUSP_MINOR_INJ_COUNT","SUSP_SERIOUS_INJ_COUNT","SUV_COUNT","TCD_FUNC_CD","TCD_TYPE","TFC_DETOUR_IND","TIME_OF_DAY","TOTAL_UNITS","TOT_INJ_COUNT","UNBELTED_OCC_COUNT","UNB_DEATH_COUNT","UNB_SUSP_SERIOUS_INJ_COUNT","UNK_INJ_DEG_COUNT","UNK_INJ_PER_COUNT","URBAN_RURAL","VAN_COUNT","VEHICLE_COUNT","VULNERABLE_ROAD_USER_COUNT","VULNERABLE_ROAD_USER_DEATH_COUNT","VULNERABLE_ROAD_USER_SER_INJ_COUNT","WEATHER1","WEATHER2","WORKERS_PRES","WORK_ZONE_IND","WORK_ZONE_LOC","WORK_ZONE_TYPE","WZ_CLOSE_DETOUR","WZ_FLAGGER","WZ_LAW_OFFCR_IND","WZ_LN_CLOSURE","WZ_MOVING","WZ_OTHER","WZ_SHLDER_MDN","WZ_WORKERS_INJ_KILLED"
"2021035900","2348","2","0","0","0","0","0","0","0","0","2","0","","67","4","2021","7","40.034179","-75.04415","2347","6","0","0","0","0","0","0","0","0","","0","0","0","22","3","0","N","0","1","40 02:03.043","3","0","75 02:38.940","9","0","0","0","67301","0","0","0","N","0","0","0","1","67301","0","","6.0","100.0","1","N","N","N","0","","0","0","0","0","0","N","2232","3","0","0","0","0","0","1","2","1","3","0","0","0","3","03","","N","","","","","","","","","",""
"2021044773","1620","0","0","0","0","0","0","0","0","0","4","0","","67","5","2021","3","40.024299","-75.133167","1620","6","0","0","0","0","0","1","0","0","","0","0","0","17","1","1","","2","0","40 01:27.476","","0","75 07:59.401","4","0","0","1","67301","0","0","0","N","0","0","0","2","67301","1","","1.0","","1","N","N","N","0","","0","0","1","0","0","","1730","2","1","0","0","0","0","1","2","0","2","0","0","0","3","98","","N","","","","","","","","","",""
"2021041065","1544","3","0","0","0","0","0","0","0","0","5","0","","67","5","2021","4","40.062556","-75.022611","1537","6","0","0","0","0","0","0","0","0","","0","0","0","15","1","1","N","0","0","40 03:45.200","","0","75 01:21.400","3","0","0","0","67301","0","0","0","N","0","0","0","1","67301","0","","6.0","","1","N","N","Y","0","","1","0","1","0","0","","1536","4","1","0","0","0","0","0","2","0","4","0","0","0","4","","","N","","","","","","","","","",""
"2021042251","1854","1","0","0","0","0","0","0","0","0","1","0","45","67","5","2021","5","40.009186","-75.06683","1847","6","0","0","0","0","0","1","0","0","","0","0","0","18","1","1","N","0","1","40 00:33.068","1","0","75 04:00.589","8","0","0","0","67301","0","0","0","N","0","0","0","2","68K01","0","","1.0","1924.0","1","N","N","N","0","","0","0","1","0","0","N","1844","2","1","0","0","0","1","0","2","0","2","0","0","0","3","","N","Y","4","1","","","N","Y","","","Y","N"
"2021064313","1605","0","0","0","0","0","0","0","0","0","8","0","","67","6","2021","7","39.993273","-75.154607","1555","6","0","0","0","0","0","0","0","0","","0","0","0","13","1","1","N","0","0","39 59:35.782","","7","75 09:16.585","3","0","0","0","67301","1","0","0","N","0","0","0","1","67301","0","","1.0","","1","N","N","N","0","","1","0","1","0","0","","1333","2","1","0","0","0","0","0","2","0","1","1","0","0","3","04","","N","","","","","","","","","",""
"2021075164","758","1","0","0","0","0","0","0","0","0","1","0","","67","8","2021","4","39.958645","-75.169001","758","6","0","0","0","0","0","0","0","0","","0","0","0","7","1","0","N","0","1","39 57:31.122","3","0","75 10:08.403","0","0","0","0","67301","0","0","0","N","0","0","0","3","68K01","0","","1.0","800.0","1","N","N","N","0","","0","0","2","0","0","N","756","3","0","0","0","0","0","0","2","0","3","0","0","0","3","","","N","","","","","","","","","",""
"2021040758","819","1","0","0","0","0","0","0","0","0","1","0","","67","5","2021","5","39.95299","-75.202953","816","6","0","0","0","0","0","0","1","0","","0","0","0","8","1","0","N","0","0","39 57:10.763","","0","75 12:10.631","0","0","0","0","67301","0","0","0","N","0","0","0","2","67504","0","","6.0","","1","N","N","N","1","","0","0","0","0","0","","816","2","0","0","0","0","0","0","2","0","2","0","0","0","3","03","","N","","","","","","","","","",""
"2021039934","1622","1","0","0","0","0","0","0","0","0","8","0","","67","5","2021","2","39.9552","-75.225869","1617","6","0","0","0","0","0","0","0","0","","0","0","0","16","1","1","","1","0","39 57:18.720","","0","75 13:33.128","8","0","0","0","67301","1","0","0","N","1","0","0","2","67301","0","","1.0","","1","N","N","N","0","","0","0","0","3","3","","1616","2","1","0","0","0","1","0","2","0","1","1","0","0","4","","","N","","","","","","","","","",""
"2021073552","2000","1","0","0","0","0","0","0","0","0","4","1","","67","7","2021","5","39.988153","-75.232692","1945","6","0","0","0","0","0","1","0","0","","0","1","0","18","6","1","N","0","0","39 59:17.350","","7","75 13:57.690","3","0","0","0","67301","0","0","0","N","0","0","0","2","67301","0","","1.0","","1","N","N","N","0","","1","0","0","3","2","","1827","2","1","0","0","0","0","0","2","0","2","0","0","0","3","98","","N","","","","","","","","","",""
"2021064642","734","2","0","0","0","0","0","0","0","0","7","0","","67","7","2021","7","39.957314","-75.151316","724","6","0","0","0","0","0","0","0","0","","0","0","0","7","1","1","N","0","0","39 57:26.331","","0","75 09:04.737","8","0","0","0","67301","0","0","0","N","0","0","0","2","68K01","0","","3.0","","1","N","N","N","0","","0","0","0","0","0","","720","2","1","0","0","0","1","0","2","0","2","0","0","0","3","03","","N","","","","","","","","","",""
"2021044765","1910","1","0","0","0","0","0","0","0","0","4","0","","67","5","2021","6","39.958242","-75.223208","1909","6","0","0","0","0","0","2","0","0","","0","0","0","19","4","0","","1","0","39 57:29.670","","0","75 13:23.548","9","0","0","0","67301","0","0","0","N","0","0","0","5","67301","0","","1.0","","9","N","N","N","0","","0","0","0","3","2","","1908","2","0","0","0","0","0","2","2","1","2","0","0","0","7","04","","N","","","","","","","","","",""
"2021075380","18","2","0","0","0","0","0","0","0","0","4","0","","67","8","2021","6","40.029911","-75.103076","14","6","0","0","0","0","0","0","0","0","","0","0","0","0","3","0","","2","0","40 01:47.679","","0","75 06:11.073","9","0","0","0","67301","0","0","0","N","0","0","0","2","67301","0","","1.0","","1","N","N","N","0","","0","0","0","3","2","","9","2","0","0","0","0","0","1","2","0","2","0","0","0","3","03","","N","","","","","","","","","",""
"2021044010","1351","1","0","0","0","0","0","0","0","0","6","0","","67","5","2021","5","39.987503","-75.216181","1351","6","0","0","0","0","0","0","0","0","","0","0","0","20","3","3","N","0","0","39 59:15.010","","0","75 12:58.253","3","0","0","0","67301","0","0","0","N","0","0","0","4","67301","0","","1.0","","1","N","N","N","0","","3","0","1","0","0","","2000","2","3","0","0","0","0","1","2","0","2","0","0","0","3","","","N","","","","","","","","","",""
"2021040666","305","1","0","0","0","0","0","0","0","0","7","0","","67","5","2021","3","39.959989","-75.178698","303","6","0","0","0","0","0","0","0","0","","0","0","0","2","3","0","N","0","1","39 57:35.960","4","3","75 10:43.314","0","0","0","0","67301","0","0","0","N","0","0","0","1","68K01","0","","4.0","330.0","9","N","N","N","0","","0","0","0","0","0","N","205","1","0","0","0","0","0","0","2","0","1","0","0","0","7","","","N","","","","","","","","","",""
"2021021102","2127","3","0","0","0","0","0","0","0","0","5","0","","67","2","2021","7","39.99113","-75.248076","2124","6","0","0","0","0","0","0","0","0","","0","0","0","21","3","1","N","0","2","39 59:28.068","2","0","75 14:53.073","3","0","0","0","67301","0","0","0","Y","0","0","0","3","46104","0","","1.0","2150.0","1","N","N","Y","0","","1","0","0","0","0","N","2124","3","1","0","0","0","0","0","2","0","3","0","0","0","3","","","N","","","","","","","","","",""
"2021050211","235","1","0","0","0","0","0","0","0","0","4","0","","67","5","2021","6","40.053585","-75.141452","225","6","0","0","0","0","0","0","0","0","","0","0","0","2","3","0","","1","0","40 03:12.905","","0","75 08:29.228","9","0","0","0","67301","0","0","0","N","0","0","0","2","67301","0","","1.0","","1","N","N","N","0","","0","0","1","3","2","","218","2","0","1","0","0","0","1","2","0","2","0","0","0","3","","","N","","","","","","","","","",""
"2021036333","2000","2","0","0","0","0","0","0","0","0","1","0","","67","4","2021","4","39.906538","-75.193837","1500","6","0","0","0","0","0","0","0","0","","0","0","0","13","1","1","N","0","0","39 54:23.537","","0","75 11:37.812","8","0","0","0","67301","0","0","0","N","0","0","0","2","67301","0","","1.0","","9","N","N","N","0","","0","0","0","0","0","","1343","2","1","0","0","0","1","0","2","0","2","0","0","0","7","04","","N","","","","","","","","","",""
"2021069661","1325","4","0","0","0","0","0","0","0","0","1","0","","67","7","2021","2","40.001983","-75.22496","1320","6","0","0","0","0","0","1","0","1","","0","0","0","13","1","2","N","0","0","40 00:07.138","","0","75 13:29.857","3","0","0","0","67301","0","0","0","N","0","0","0","5","46104","1","","1.0","","1","N","N","N","0","","1","0","0","0","0","","1320","4","2","1","0","0","0","0","2","0","4","0","0","0","3","","","N","","","","","","","","","",""
"2021040647","2103","1","0","0","0","0","0","0","0","0","7","0","","67","5","2021","7","40.000201","-75.195168","2053","6","0","0","0","1","0","0","0","0","","0","0","0","20","3","1","N","0","0","40 00:00.724","","0","75 11:42.606","4","0","0","0","67301","0","0","0","N","0","0","0","1","68K01","1","","3.0","","1","N","N","N","0","","0","0","0","0","0","","2045","1","1","0","0","0","0","0","2","0","1","0","0","0","3","","","N","","","","","","","","","",""
"2021048013","2240","2","0","0","0","0","0","0","0","0","5","0","","67","5","2021","7","39.97966","-75.106202","2240","6","0","0","0","0","0","0","0","0","","0","0","0","22","3","0","N","0","1","39 58:46.775","1","0","75 06:22.326","0","0","0","0","67301","0","0","0","N","0","0","0","2","68K01","0","","1.0","10.0","1","N","N","N","0","","0","0","0","0","0","N","2240","2","0","0","0","0","0","0","2","0","2","0","0","0","3","03","","N","","","","","","","","","",""
"2021046144","202","0","0","0","0","0","0","0","0","0","8","0","","67","5","2021","6","39.924713","-75.235563","156","6","0","0","0","0","0","0","0","0","","0","0","0","0","3","1","","1","0","39 55:28.966","","0","75 14:08.026","3","0","0","0","67301","1","0","0","N","1","0","0","2","67301","0","","1.0","","1","N","N","N","0","","1","0","0","0","0","","51","2","1","0","0","0","0","0","2","0","1","1","0","0","3","","","N","","","","","","","","","",""
"2021069903","1840","2","0","0","0","0","0","0","0","0","4","0","","67","7","2021","3","39.969323","-75.14323","1835","6","0","0","0","0","0","0","0","0","","0","0","0","18","1","0","","1","0","39 58:09.564","","0","75 08:35.628","0","0","0","0","67301","0","0","0","N","0","0","0","2","67301","0","","1.0","","1","N","N","N","0","","0","0","0","3","3","","1834","2","0","2","0","0","0","0","2","0","2","0","0","0","3","03","","N","","","","","","","","","",""
"2021039737","1750","0","0","0","0","0","0","0","0","0","5","0","","67","5","2021","1","40.01097","-75.060849","1746","6","0","1","0","0","0","0","0","0","","0","0","0","17","1","1","N","0","0","40 00:39.492","","0","75 03:39.055","3","0","0","2","67301","0","0","0","N","0","0","0","2","67301","0","","1.0","","1","N","N","N","0","","1","0","0","0","0","","1743","2","1","0","0","0","0","0","2","0","2","0","0","0","3","03","","N","","","","","","","","","",""
"2021069768","230","1","0","0","0","0","0","0","0","0","7","0","","67","6","2021","2","39.986478","-75.208094","223","6","0","0","0","0","0","0","0","0","","0","0","0","2","3","0","N","0","1","39 59:11.321","3","0","75 12:29.139","0","0","0","0","67301","0","0","0","N","0","0","0","1","68K01","0","","3.0","250.0","1","N","N","N","0","","0","0","0","0","0","N","221","1","0","0","0","0","0","0","2","0","1","0","0","0","3","","","N","","","","","","","","","",""
"2021070430","105","0","0","0","0","0","0","0","0","0","6","1","","67","7","2021","6","40.030044","-75.073544","56","6","0","0","0","0","0","0","0","0","","0","1","0","0","3","1","N","0","0","40 01:48.159","","0","75 04:24.760","3","0","0","0","67301","0","0","0","N","0","0","0","1","67301","0","","6.0","","1","N","N","N","0","","1","0","1","0","0","","41","2","1","0","0","0","0","0","2","0","2","0","0","0","3","03","","N","","","","","","","","","",""
"2021039457","1902","1","0","0","0","0","0","0","0","0","4","0","","67","5","2021","7","40.084681","-75.025077","1858","6","0","0","0","0","0","0","0","0","","0","0","0","18","1","1","","1","1","40 05:04.850","5","0","75 01:30.277","8","0","0","0","67301","0","0","0","N","0","0","0","3","67301","0","","1.0","30.0","1","N","N","N","0","","0","0","1","3","2","Y","1845","2","1","0","0","0","1","0","2","0","2","0","0","0","3","","","N","","","","","","","","","",""
"2021044766","1500","1","0","0","0","0","0","0","0","0","4","0","","67","5","2021","7","39.953336","-75.183775","1500","6","0","0","0","0","0","0","0","0","","0","0","0","16","1","1","","1","0","39 57:12.011","","0","75 11:01.589","3","0","0","0","67301","0","0","0","N","0","0","0","3","67301","0","","1.0","","9","N","N","N","0","","1","0","1","3","2","","1620","2","1","0","0","0","0","2","2","0","2","0","0","0","7","04","","N","","","","","","","","","",""
"2021039651","2322","1","0","0","0","0","0","0","0","0","2","0","","67","5","2021","7","40.010232","-75.098089","2320","6","0","0","0","0","0","0","0","0","","0","0","0","23","3","4","","1","0","40 00:36.834","","0","75 05:53.119","3","0","0","0","67301","0","0","0","N","0","0","0","4","67301","0","","1.0","","1","N","N","N","0","","4","0","1","3","2","","2302","2","4","0","0","0","0","0","2","0","2","0","0","0","3","03","","N","","","","","","","","","",""
"2021069809","2053","1","0","0","0","0","0","0","0","0","8","0","","67","7","2021","5","39.951859","-75.171915","2051","6","0","0","0","0","0","0","0","0","","0","0","0","20","3","1","","1","9","39 57:06.693","","0","75 10:18.895","8","0","0","0","67301","1","0","0","N","1","0","0","1","67301","0","","1.0","","1","N","N","N","0","","0","0","0","3","2","U","2048","2","1","0","0","0","1","0","2","0","1","1","0","0","3","03","","N","","","","","","","","","",""
"2021041462","2010","2","0","0","0","0","0","0","0","0","4","0","","67","5","2021","6","40.060129","-75.153765","1949","6","0","0","0","0","0","0","0","0","","0","0","0","19","4","1","","1","0","40 03:36.464","","0","75 09:13.553","3","0","0","0","67301","0","0","0","N","0","0","0","3","67301","0","","1.0","","9","N","N","N","0","","1","0","0","3","2","","1900","2","1","0","0","0","0","1","2","0","2","0","0","0","98","98","","N","","","","","","","","","",""
"2021075353","310","2","0","0","0","0","0","0","0","0","1","0","","67","8","2021","1","40.027984","-75.110231","310","6","0","0","0","0","0","1","0","0","","0","0","0","5","5","2","N","0","9","40 01:40.744","","0","75 06:36.833","3","0","0","0","67301","0","0","0","N","0","0","0","2","67301","0","","1.0","","1","N","N","N","0","","2","0","0","0","0","U","500","2","2","0","0","0","0","0","2","0","2","0","0","0","3","","","N","","","","","","","","","",""
"2021040667","231","1","0","0","0","0","0","0","0","0","7","0","","67","5","2021","3","39.933137","-75.200011","224","6","0","0","0","0","0","0","0","0","","0","0","0","2","3","0","N","0","2","39 55:59.293","4","0","75 12:00.041","9","0","0","0","67301","0","0","0","N","0","0","0","1","68K01","0","","3.0","255.0","9","N","N","N","0","","0","0","0","0","0","N","222","1","0","0","0","0","0","1","2","0","1","0","0","0","7","07","","N","","","","","","","","","",""
"2021045331","618","1","0","0","0","0","0","0","0","0","1","0","","67","5","2021","7","40.004945","-75.195205","613","6","0","0","0","0","0","0","0","0","","0","0","0","6","1","1","N","0","2","40 00:17.803","4","0","75 11:42.738","8","0","0","0","67301","0","0","0","N","0","0","0","2","68K01","0","","1.0","700.0","1","N","N","N","0","","0","0","1","0","0","N","605","2","1","0","0","0","1","0","2","0","2","0","0","0","3","","","N","","","","","","","","","",""
"2021041745","1445","1","0","0","0","0","0","0","0","0","4","0","","67","5","2021","7","40.004481","-75.175277","1440","6","0","0","0","0","1","0","0","0","","0","0","0","14","1","1","","2","0","40 00:16.132","","0","75 10:30.996","3","0","0","1","67301","0","0","0","N","0","0","0","3","67301","0","","1.0","","1","N","N","N","0","","1","0","0","3","2","","1438","2","1","0","0","0","0","0","2","0","2","0","0","0","4","04","","N","","","","","","","","","",""
"2021039741","1315","1","0","0","0","0","0","0","0","0","4","0","","67","5","2021","2","39.970158","-75.145059","1314","6","0","0","0","0","0","0","0","0","","0","0","0","13","1","1","","1","0","39 58:12.569","","0","75 08:42.214","3","0","0","0","67301","0","0","0","N","0","0","0","3","67301","0","","1.0","","1","N","N","N","0","","1","0","1","3","2","","1307","2","1","0","0","0","0","0","2","0","2","0","0","0","3","03","","N","","","","","","","","","",""
"2021039733","1955","1","0","0","0","0","0","0","0","0","4","0","","67","5","2021","1","40.122413","-74.99892","1944","6","0","0","0","0","0","1","0","0","","0","0","0","19","1","1","","2","2","40 07:20.686","6","0","74 59:56.111","8","0","0","1","67301","0","0","0","N","0","0","0","3","67301","0","","1.0","30.0","1","N","N","N","0","","0","0","0","3","3","Y","1940","2","1","0","0","0","1","0","2","0","2","0","0","0","3","","","N","","","","","","","","","",""
"2021040644","52","1","0","0","0","0","0","0","0","0","7","0","","67","5","2021","7","39.974797","-75.194414","47","6","0","0","0","0","0","0","0","0","","0","0","0","0","3","0","N","0","0","39 58:29.268","","0","75 11:39.890","0","0","0","0","67301","0","0","0","N","0","0","0","1","68K01","0","","3.0","","1","N","N","N","0","","0","0","0","0","0","","45","1","0","0","0","0","0","0","2","0","1","0","0","0","3","","","N","","","","","","","","","",""
"2021069858","1044","2","0","0","0","0","0","0","0","0","5","2","","67","7","2021","5","39.937261","-75.191814","1041","6","0","0","0","0","0","0","0","0","","0","2","0","10","1","1","N","0","0","39 56:14.140","","0","75 11:30.530","3","0","0","0","67301","0","0","0","N","0","0","0","4","67301","0","","1.0","","1","N","N","N","0","","1","0","2","0","0","","1039","6","1","0","0","0","0","0","2","0","6","0","0","0","3","03","","N","","","","","","","","","",""
"2021069767","119","0","0","0","0","0","0","0","0","0","6","0","","67","6","2021","2","39.965773","-75.186469","119","6","0","0","0","0","0","1","0","0","","0","0","0","0","3","1","N","0","0","39 57:56.783","","0","75 11:11.288","3","0","0","0","67301","0","0","0","N","0","0","0","2","68K01","0","","1.0","","1","N","N","N","0","","1","0","2","0","0","","19","2","1","0","0","0","0","0","2","0","2","0","0","0","3","","","N","","","","","","","","","",""
"2021069842","1323","1","0","0","0","0","0","0","0","0","4","1","","67","7","2021","5","40.02888","-75.106009","1258","6","0","0","0","0","0","0","0","0","","0","1","0","12","1","0","","1","1","40 01:43.967","7","0","75 06:21.632","0","0","0","0","67301","0","0","0","N","0","0","0","2","67301","0","","1.0","1348.0","1","N","N","N","0","","0","0","0","3","2","N","1245","2","0","0","0","0","0","0","2","0","2","0","0","0","4","","","N","","","","","","","","","",""
"2021070548","1428","0","0","0","0","0","0","0","0","0","1","2","","67","7","2021","3","40.017908","-75.171702","1402","6","0","0","0","0","0","1","0","0","","0","2","0","12","1","0","","6","0","40 01:04.467","","2","75 10:18.128","9","0","0","0","67301","0","0","0","N","0","0","0","2","67301","0","","7.0","","1","N","N","N","0","","0","0","0","3","4","","1215","2","0","0","0","0","0","2","2","0","2","0","0","0","3","03","","N","","","","","","","","","",""
"2021040340","2344","2","0","0","0","0","0","0","0","0","4","0","","67","5","2021","7","39.921042","-75.228921","2344","6","0","0","0","0","1","0","0","0","","0","0","0","23","3","2","","1","0","39 55:15.752","","0","75 13:44.116","3","0","0","0","67301","0","0","0","N","0","0","0","3","67301","0","","1.0","","1","N","N","N","0","","2","0","0","3","2","","2344","2","2","0","0","0","0","0","2","0","2","0","0","0","3","03","","N","","","","","","","","","",""
"2021041060","1132","1","0","0","0","0","0","0","0","0","4","0","","67","5","2021","5","39.958132","-75.150458","1129","6","0","0","0","0","0","0","0","0","","0","0","0","11","1","0","","1","1","39 57:29.275","1","0","75 09:01.648","0","0","0","0","67301","0","0","0","N","0","0","0","2","67301","0","","1.0","1200.0","1","N","N","N","0","","0","0","1","3","2","N","1126","2","0","2","0","0","0","0","2","0","2","0","0","0","3","03","","N","","","","","","","","","",""
"2021070344","1845","1","0","0","0","0","0","0","0","0","1","0","","67","7","2021","2","40.053212","-75.069664","1840","6","0","0","0","0","0","1","0","0","","0","0","0","18","1","1","N","0","0","40 03:11.563","","0","75 04:10.790","3","0","0","0","67301","0","0","0","N","0","0","0","3","67301","0","","1.0","","1","N","N","N","0","","1","0","2","0","0","","1835","3","1","0","0","0","0","0","2","0","3","0","0","0","3","03","","N","","","","","","","","","",""
"2021054711","358","2","0","0","0","0","0","0","0","0","4","0","","67","6","2021","2","39.940486","-75.231628","351","6","0","0","0","0","0","0","0","0","","0","0","0","1","3","1","N","0","0","39 56:25.750","","0","75 13:53.860","8","0","0","0","67301","0","0","0","N","0","0","0","1","67301","0","","1.0","","1","N","N","N","0","","0","0","0","0","0","","149","2","1","0","0","0","1","0","2","0","2","0","0","0","3","03","","N","","","","","","","","","",""
"2021045870","640","2","0","0","0","0","0","0","0","0","1","0","","67","5","2021","7","40.005293","-75.195531","639","6","0","0","0","0","0","0","0","0","","0","0","0","6","1","1","N","0","0","40 00:19.053","","0","75 11:43.910","3","0","0","0","67301","0","0","0","N","0","0","0","1","68K01","0","","2.0","","9","N","N","Y","0","","1","0","0","0","0","","610","2","1","0","0","0","0","0","2","0","2","0","0","0","3","","","N","","","","","","","","","",""
"2021042030","1754","2","0","0","0","0","0","0","0","0","1","0","45","67","5","2021","7","39.980277","-75.105259","1742","6","0","0","0","0","0","1","0","0","","0","0","0","17","1","2","N","0","1","39 58:48.996","2","3","75 06:18.931","4","0","0","0","67301","0","0","0","N","0","0","0","4","68K01","2","","1.0","30.0","1","N","N","N","0","","0","0","0","0","0","N","1734","2","2","0","0","0","0","1","2","0","2","0","0","0","3","","N","Y","4","1","","","N","Y","","","Y","N"
"2021070057","309","2","0","0","0","0","0","0","0","0","5","0","","67","7","2021","7","39.97076","-75.193003","302","6","0","0","0","1","0","1","0","0","","0","0","0","3","3","0","N","0","1","39 58:14.736","4","0","75 11:34.809","0","0","0","0","67301","0","0","0","N","0","0","0","3","68K01","0","","1.0","340.0","1","N","N","N","0","","0","0","0","0","0","N","301","2","0","0","0","0","0","0","2","0","2","0","0","0","3","","","N","","","","","","","","","",""
"2021070681","207","2","0","0","0","0","0","0","0","0","5","0","","67","7","2021","1","40.065469","-75.019656","200","6","0","0","0","0","0","0","0","0","","0","0","0","1","3","1","N","0","0","40 03:55.690","","0","75 01:10.760","3","0","0","0","67301","0","0","0","N","0","0","0","1","67301","0","","1.0","","1","N","N","N","0","","1","0","0","0","0","","150","2","1","0","0","0","0","0","2","0","2","0","0","0","3","03","","N","","","","","","","","","",""
"2021041379","1800","1","0","0","0","0","0","0","0","0","5","0","","67","5","2021","5","39.971575","-75.164394","1746","6","0","0","0","0","0","0","0","0","","0","0","0","15","1","0","N","0","0","39 58:17.670","","0","75 09:51.820","0","0","0","0","67301","0","0","0","N","0","0","0","1","67301","0","","6.0","","1","N","N","N","0","","0","0","0","0","0","","1530","2","0","0","0","0","0","0","2","0","2","0","0","0","3","03","","N","","","","","","","","","",""
"2021041648","2200","2","0","0","0","0","0","0","0","0","4","0","","67","5","2021","5","39.927258","-75.236326","2200","6","0","0","0","0","0","0","0","0","","0","0","0","22","3","0","","1","0","39 55:38.128","","0","75 14:10.774","0","0","0","0","67301","0","0","0","N","0","0","0","2","67301","0","","1.0","","1","N","N","N","0","","0","0","0","3","3","","2200","2","0","2","0","0","0","0","2","0","2","0","0","0","3","03","","N","","","","","","","","","",""
"2021039901","1644","3","0","0","0","0","0","0","0","0","1","1","","67","5","2021","2","40.031728","-75.168149","1636","6","0","0","0","0","0","1","1","0","","0","1","0","16","1","0","N","0","0","40 01:54.220","","0","75 10:05.337","9","0","0","0","67301","0","0","0","N","0","0","0","6","67301","0","","1.0","","1","N","N","N","0","","0","0","0","0","0","","1620","4","0","0","0","0","0","5","2","0","4","0","0","0","4","","","N","","","","","","","","","",""
"2021069805","935","1","0","0","0","0","0","0","0","0","4","0","","67","7","2021","2","40.083521","-74.974531","926","6","0","0","0","0","0","0","0","0","","0","0","0","8","1","2","N","0","0","40 05:00.676","","0","74 58:28.312","3","0","0","0","67301","0","0","0","N","0","0","0","2","67301","0","","1.0","","1","N","N","N","0","","2","0","1","0","0","","845","2","2","0","0","0","0","0","2","0","2","0","0","0","3","","","N","","","","","","","","","",""
"2021070520","626","2","0","0","0","0","0","1","0","0","4","1","","67","7","2021","6","39.999745","-75.138532","610","6","0","0","0","0","0","1","0","0","","0","0","0","5","5","6","","1","2","39 59:59.082","6","0","75 08:18.715","2","0","0","0","67301","0","0","0","N","0","0","0","6","67301","5","","1.0","900.0","1","N","N","N","1","","0","1","0","3","2","Y","547","4","6","1","0","1","0","0","2","0","4","0","0","0","3","03","","N","","","","","","","","","",""
"2021050170","800","2","0","0","0","0","0","0","0","0","1","0","","67","5","2021","6","39.978048","-75.153248","800","6","0","0","0","0","0","0","0","0","","0","0","0","1","3","0","N","0","0","39 58:40.974","","0","75 09:11.694","0","0","0","0","67301","0","0","0","N","0","0","0","1","67505","0","","6.0","","1","N","N","Y","0","","0","0","1","0","0","","130","3","0","0","0","0","0","0","2","0","3","0","0","0","3","","","N","","","","","","","","","",""
"2021041024","1453","0","0","0","0","0","0","0","0","0","1","0","","67","5","2021","3","39.908972","-75.151389","1453","6","0","0","0","0","0","0","0","0","","0","0","0","14","1","1","N","0","0","39 54:32.300","","3","75 09:05.000","3","0","0","0","67301","0","0","0","N","0","0","0","2","67501","0","","1.0","","1","N","N","N","2","","1","0","0","0","0","","1453","2","1","0","0","0","0","0","2","0","2","0","0","0","3","03","","N","","","","","","","","","",""
"2021070545","1708","1","0","0","0","0","0","0","0","0","4","0","","67","7","2021","7","40.027644","-75.14723","1708","6","0","0","0","0","0","1","0","0","","0","0","0","17","1","1","","1","9","40 01:39.520","","0","75 08:50.028","8","0","0","0","67301","0","0","0","N","0","0","0","2","67301","0","","1.0","","99","N","N","N","0","","0","0","1","3","2","U","1715","3","1","0","0","0","1","1","2","0","3","0","0","0","99","","","N","","","","","","","","","",""