"CRN","ARRIVAL_TM","AUTOMOBILE_COUNT","BELTED_DEATH_COUNT","BELTED_SUSP_SERIOUS_INJ_COUNT","BICYCLE_COUNT","BICYCLE_DEATH_COUNT","BICYCLE_SUSP_SERIOUS_INJ_COUNT","BUS_COUNT","CHLDPAS_DEATH_COUNT","CHLDPAS_SUSP_SERIOUS_INJ_COUNT","COLLISION_TYPE","COMM_VEH_COUNT","CONS_ZONE_SPD_LIM","COUNTY","CRASH_MONTH","CRASH_YEAR","DAY_OF_WEEK","DEC_LATITUDE","DEC_LONGITUDE","DISPATCH_TM","DISTRICT","DRIVER_COUNT_16YR","DRIVER_COUNT_17YR","DRIVER_COUNT_18YR","DRIVER_COUNT_19YR","DRIVER_COUNT_20YR","DRIVER_COUNT_50_64YR","DRIVER_COUNT_65_74YR","DRIVER_COUNT_75PLUS","EST_HRS_CLOSED","FATAL_COUNT","HEAVY_TRUCK_COUNT","HORSE_BUGGY_COUNT","HOUR_OF_DAY","ILLUMINATION","INJURY_COUNT","INTERSECTION_RELATED","INTERSECT_TYPE","LANE_CLOSED","LATITUDE","LN_CLOSE_DIR","LOCATION_TYPE","LONGITUDE","MAX_SEVERITY_LEVEL","MCYCLE_DEATH_COUNT","MCYCLE_SUSP_SERIOUS_INJ_COUNT","MOTORCYCLE_COUNT","MUNICIPALITY","NONMOTR_COUNT","NONMOTR_DEATH_COUNT","NONMOTR_SUSP_SERIOUS_INJ_COUNT","NTFY_HIWY_MAINT","PED_COUNT","PED_DEATH_COUNT","PED_SUSP_SERIOUS_INJ_COUNT","PERSON_COUNT","POLICE_AGCY","POSSIBLE_INJ_COUNT","RDWY_SURF_TYPE_CD","RELATION_TO_ROAD","ROADWAY_CLEARED","ROAD_CONDITION","SCH_BUS_IND","SCH_ZONE_IND","SECONDARY_CRASH","SMALL_TRUCK_COUNT","SPEC_JURIS_CD","SUSP_MINOR_INJ_COUNT","SUSP_SERIOUS_INJ_COUNT","SUV_COUNT","TCD_FUNC_CD","TCD_TYPE","TFC_DETOUR_IND","TIME_OF_DAY","TOTAL_UNITS","TOT_INJ_COUNT","UNBELTED_OCC_COUNT","UNB_DEATH_COUNT","UNB_SUSP_SERIOUS_INJ_COUNT","UNK_INJ_DEG_COUNT","UNK_INJ_PER_COUNT","URBAN_RURAL","VAN_COUNT","VEHICLE_COUNT","VULNERABLE_ROAD_USER_COUNT","VULNERABLE_ROAD_USER_DEATH_COUNT","VULNERABLE_ROAD_USER_SER_INJ_COUNT","WEATHER1","WEATHER2","WORKERS_PRES","WORK_ZONE_IND","WORK_ZONE_LOC","WORK_ZONE_TYPE","WZ_CLOSE_DETOUR","WZ_FLAGGER","WZ_LAW_OFFCR_IND","WZ_LN_CLOSURE","WZ_MOVING","WZ_OTHER","WZ_SHLDER_MDN","WZ_WORKERS_INJ_KILLED"
"2021039149","30","0","0","0","0","0","0","0","0","0","4","0","","67","5","2021","7","40.035857","-75.077662","22","6","0","0","0","0","0","1","0","0","","0","0","0","0","3","1","","1","0","40 02:09.085","","0","75 04:39.583","3","0","0","0","67301","0","0","0","N","0","0","0","2","67301","0","","1.0","","1","N","N","N","0","","1","0","1","3","2","","5","2","1","0","0","0","0","0","2","0","2","0","0","0","3","03","","N","","","","","","","","","",""
"2021040342","1114","0","0","0","0","0","0","0","0","0","1","0","","67","5","2021","1","39.914278","-75.2215","1114","6","0","0","0","0","0","0","1","0","","0","0","0","11","1","1","","2","0","39 54:51.400","","0","75 13:17.400","3","0","0","0","67301","0","0","0","N","0","0","0","3","67301","0","","1.0","","1","N","N","N","0","","1","0","2","3","2","","1108","3","1","0","0","0","0","0","2","1","3","0","0","0","3","","","N","","","","","","","","","",""
"2021065613","1053","1","0","0","0","0","0","0","0","0","5","0","","67","7","2021","5","39.946109","-75.19802","1048","6","0","0","0","0","0","2","0","0","","0","0","0","10","1","0","N","1","0","39 56:45.994","","0","75 11:52.872","0","0","0","0","67301","0","0","0","N","0","0","0","2","67504","0","","1.0","","1","N","N","N","1","","0","0","0","3","2","","1048","2","0","0","0","0","0","0","2","0","2","0","0","0","3","","","N","","","","","","","","","",""
"2021044012","1426","0","0","0","0","0","0","0","0","0","8","0","","67","5","2021","7","39.976706","-75.241983","1426","6","0","0","0","0","0","1","0","0","","0","0","0","14","1","1","N","0","0","39 58:36.140","","0","75 14:31.140","3","0","0","0","67301","1","0","0","N","1","0","0","2","67301","0","","1.0","","1","N","N","N","0","","1","0","1","0","0","","1415","2","1","0","0","0","0","0","2","0","1","1","0","0","3","","","N","","","","","","","","","",""
"2021041237","537","1","0","0","0","0","0","0","0","0","7","0","","67","5","2021","1","40.037027","-75.013327","526","6","0","0","0","0","0","0","0","0","","0","0","0","5","3","1","N","0","0","40 02:13.297","","0","75 00:47.976","3","0","0","0","67301","0","0","0","N","0","0","0","1","68K01","0","","3.0","","1","N","N","N","0","","1","0","0","0","0","","525","1","1","0","0","0","0","0","2","0","1","0","0","0","3","","","N","","","","","","","","","",""
"2021039592","530","1","0","0","0","0","0","0","0","0","5","0","","67","5","2021","7","40.043917","-75.095333","522","6","0","0","0","0","0","0","0","0","","0","0","0","5","3","0","N","0","0","40 02:38.100","","0","75 05:43.200","0","0","0","0","67301","0","0","0","N","0","0","0","1","67301","0","","6.0","","1","N","N","N","0","","0","0","1","0","0","","521","2","0","0","0","0","0","0","2","0","2","0","0","0","3","03","","N","","","","","","","","","",""
"2021039736","1718","1","0","0","0","0","0","0","0","0","5","0","","67","5","2021","1","40.029639","-75.044867","1711","6","0","0","0","0","0","0","0","0","","0","0","0","15","1","0","N","0","0","40 01:46.700","","0","75 02:41.520","9","0","0","0","67301","0","0","0","N","0","0","0","1","67301","0","","6.0","","1","N","N","Y","0","","0","0","1","0","0","","1549","3","0","0","0","0","0","1","2","1","3","0","0","0","3","03","","N","","","","","","","","","",""
"2021070205","1919","0","0","0","0","0","0","0","0","0","5","0","","67","5","2021","5","40.042194","-75.164722","1919","6","0","0","0","0","0","0","0","0","","0","0","0","19","1","0","N","0","0","40 02:31.900","","0","75 09:53.000","0","0","0","0","67301","0","0","0","N","0","0","0","1","67301","0","","6.0","","1","N","N","Y","0","","0","0","1","0","0","","1919","2","0","0","0","0","0","0","2","1","2","0","0","0","3","03","","N","","","","","","","","","",""
"2021041422","752","2","0","0","0","0","0","0","0","0","1","0","","67","5","2021","4","39.944618","-75.191186","740","6","0","0","0","0","0","0","0","0","","0","0","0","7","1","1","N","0","0","39 56:40.623","","2","75 11:28.269","3","0","0","0","67301","0","0","0","N","0","0","0","5","68K01","0","","1.0","","1","N","N","N","0","","1","0","1","0","0","","734","3","1","0","0","0","0","0","2","0","3","0","0","0","4","","","N","","","","","","","","","",""
"2021070402","305","2","0","0","0","0","0","0","0","0","4","0","","67","7","2021","1","39.921919","-75.243014","257","6","0","0","0","0","0","0","0","0","","0","0","0","2","3","0","N","0","0","39 55:18.910","","0","75 14:34.850","9","0","0","0","67301","0","0","0","N","0","0","0","1","67301","0","","6.0","","9","N","N","N","0","","0","0","1","0","0","","227","3","0","0","0","0","0","1","2","0","3","0","0","0","3","03","","N","","","","","","","","","",""
"2021069911","1330","1","0","0","0","0","0","0","0","0","6","0","","67","7","2021","3","40.026327","-75.137098","1330","6","0","0","0","0","0","0","1","0","","0","0","0","13","1","0","","1","9","40 01:34.777","","0","75 08:13.552","9","0","0","0","67301","0","0","0","N","0","0","0","2","67301","0","","1.0","","99","N","N","N","0","","0","0","1","9","3","U","1310","2","0","0","0","0","0","2","2","0","2","0","0","0","3","","","N","","","","","","","","","",""
"2021040454","1107","2","0","0","0","0","0","0","0","0","4","0","","67","5","2021","4","39.976176","-75.160962","1050","6","0","0","0","0","0","0","0","0","","0","0","0","10","1","0","","1","0","39 58:34.232","","0","75 09:39.464","0","0","0","0","67301","0","0","0","N","0","0","0","2","67505","0","","1.0","","9","N","N","N","0","","0","0","0","3","3","","1045","2","0","0","0","0","0","0","2","0","2","0","0","0","7","07","","N","","","","","","","","","",""
"2021070397","1848","1","0","0","0","0","0","0","0","0","4","0","","67","7","2021","6","39.924186","-75.224397","1848","6","0","0","0","0","0","0","0","0","","0","0","0","18","1","0","N","0","0","39 55:27.070","","0","75 13:27.830","0","0","0","0","67301","0","0","0","N","0","0","0","2","67301","0","","1.0","","1","N","N","N","0","","0","0","1","0","0","","1842","2","0","2","0","0","0","0","2","0","2","0","0","0","3","03","","N","","","","","","","","","",""
"2021070541","726","0","0","0","0","0","0","0","0","0","8","0","","67","7","2021","6","40.03902","-75.14449","725","6","0","0","0","0","0","1","0","0","","0","0","0","7","1","1","N","0","0","40 02:20.471","","0","75 08:40.164","8","0","0","0","67301","1","0","0","N","1","0","0","2","67301","0","","1.0","","1","N","N","N","0","","0","0","1","0","0","","725","2","1","0","0","0","1","0","2","0","1","1","0","0","3","","","N","","","","","","","","","",""
"2021075490","959","0","0","0","0","0","0","0","0","0","1","0","","67","8","2021","5","39.963626","-75.184044","949","6","0","0","0","0","0","1","0","0","","0","0","0","9","1","0","N","0","2","39 57:49.054","4","0","75 11:02.558","0","0","0","0","67301","0","0","0","N","0","0","0","5","68K01","0","","1.0","20.0","1","N","N","N","0","","0","0","1","0","0","Y","940","3","0","0","0","0","0","0","2","2","3","0","0","0","3","03","","N","","","","","","","","","",""
"2021047709","2055","1","0","0","1","0","0","0","0","0","8","0","","67","5","2021","6","39.989502","-75.144509","2053","6","0","0","0","0","0","0","0","0","","0","0","0","20","3","1","","1","0","39 59:22.207","","0","75 08:40.232","8","0","0","0","67301","1","0","0","N","0","0","0","2","67301","0","","1.0","","1","N","N","N","0","","0","0","0","3","2","","2047","2","1","0","0","0","1","0","2","0","1","1","0","0","3","03","","N","","","","","","","","","",""
"2021070400","1643","1","0","0","0","0","0","0","0","0","2","0","","67","7","2021","7","39.918422","-75.225608","1643","6","0","0","0","0","0","0","0","0","","0","0","0","16","1","2","Y","0","0","39 55:06.320","","0","75 13:32.190","3","0","0","0","67301","0","0","0","N","0","0","0","2","67301","1","","6.0","","1","N","N","N","0","","1","0","3","3","2","","1602","4","2","0","0","0","0","0","2","0","4","0","0","0","3","","","N","","","","","","","","","",""
"2021039069","220","1","0","0","0","0","0","0","0","0","4","0","","67","5","2021","7","39.977806","-75.162221","218","6","0","0","0","1","0","0","0","0","","0","0","0","2","3","0","","1","2","39 58:40.101","4","0","75 09:43.997","0","0","0","0","67301","0","0","0","N","0","0","0","3","67505","0","","1.0","300.0","1","N","N","N","0","","0","0","3","3","3","Y","216","4","0","0","0","0","0","0","2","0","4","0","0","0","3","03","","N","","","","","","","","","",""
"2021070442","1931","1","0","0","0","0","0","0","0","0","7","0","","67","7","2021","2","40.00853","-75.091526","1927","6","0","0","0","0","0","0","0","0","","0","0","0","19","1","1","N","1","0","40 00:30.707","","0","75 05:29.493","4","0","0","0","67301","0","0","0","N","0","0","0","3","67301","1","","4.0","","1","N","N","N","0","","0","0","0","3","2","","1925","1","1","0","0","0","0","1","2","0","1","0","0","0","3","","","N","","","","","","","","","",""
"2021069086","1604","1","0","0","0","0","0","0","0","0","1","0","","67","7","2021","5","39.958345","-75.180388","1541","6","0","0","0","0","0","0","0","0","","0","0","0","15","1","2","N","7","2","39 57:30.041","4","2","75 10:49.395","3","0","0","0","67301","0","0","0","N","0","0","0","4","68K01","0","","1.0","1610.0","1","N","N","N","0","","2","0","2","0","0","Y","1537","3","2","0","0","0","0","0","2","0","3","0","0","0","3","","","N","","","","","","","","","",""
"2021041064","1320","1","0","0","0","0","0","0","0","0","4","0","","67","5","2021","4","40.082861","-75.000556","1309","6","0","0","0","0","0","0","0","0","","0","0","0","13","1","0","N","0","0","40 04:58.300","","7","75 00:02.000","0","0","0","0","67301","0","0","0","N","0","0","0","2","67301","0","","1.0","","1","N","N","N","0","","0","0","1","0","0","","1307","2","0","0","0","0","0","0","2","0","2","0","0","0","3","03","","N","","","","","","","","","",""
"2021041091","1726","0","0","0","1","0","0","0","0","0","8","0","","67","5","2021","4","39.992088","-75.099614","1725","6","0","0","0","0","0","0","0","0","","0","0","0","17","1","1","N","0","0","39 59:31.515","","0","75 05:58.609","3","0","0","0","67301","1","0","0","N","0","0","0","2","67301","0","","1.0","","1","N","N","N","0","","1","0","0","0","0","","1711","2","1","0","0","0","0","0","2","0","1","1","0","0","4","03","","N","","","","","","","","","",""
"2021069874","2228","2","0","0","0","0","0","0","0","0","4","0","","67","7","2021","6","39.964336","-75.246364","2228","6","0","0","0","0","0","1","0","0","","0","0","0","22","3","0","N","0","1","39 57:51.608","1","0","75 14:46.912","9","0","0","0","67301","0","0","0","N","0","0","0","3","67301","0","","1.0","2325.0","1","N","N","N","0","","0","0","0","0","0","N","2225","2","0","0","0","0","0","2","2","0","2","0","0","0","3","03","","N","","","","","","","","","",""
"2021039899","2009","3","0","0","0","0","0","0","0","0","5","0","","67","5","2021","7","40.012561","-75.161145","2004","6","0","0","0","0","0","0","0","0","","0","0","0","20","1","2","N","0","0","40 00:45.220","","0","75 09:40.121","4","0","0","0","67301","0","0","0","N","0","0","0","8","67301","1","","1.0","","1","N","N","N","0","","0","0","1","0","0","","2000","4","2","0","0","0","1","1","2","0","4","0","0","0","3","03","","N","","","","","","","","","",""
"2021075339","510","1","0","0","0","0","0","0","0","0","7","0","","67","8","2021","2","39.976468","-75.13504","505","6","0","0","0","0","0","0","0","0","","0","0","0","5","3","0","N","2","0","39 58:35.284","","0","75 08:06.143","0","0","0","0","67301","0","0","0","N","0","0","0","1","67301","0","","5.0","","1","N","N","N","0","","0","0","0","0","0","","500","1","0","0","0","0","0","0","2","0","1","0","0","0","3","03","","N","","","","","","","","","",""
"2021043324","1003","1","0","0","0","0","0","0","0","0","4","0","","67","5","2021","2","39.944694","-75.226342","951","6","0","0","0","0","0","0","0","0","","0","0","0","16","1","5","","2","0","39 56:40.900","","0","75 13:34.830","4","0","0","0","67301","0","0","0","N","0","0","0","8","67301","5","","1.0","","1","N","N","N","0","","0","0","1","3","3","","1600","2","5","0","0","0","0","1","2","0","2","0","0","0","3","","","N","","","","","","","","","",""
"2021070530","2143","2","0","0","0","0","0","0","0","0","5","1","","67","7","2021","3","39.987739","-75.142894","2141","6","0","0","0","0","0","0","0","0","","0","1","0","21","3","0","N","0","0","39 59:15.860","","0","75 08:34.420","9","0","0","0","67301","0","0","0","N","0","0","0","1","67301","0","","6.0","","1","N","N","N","0","","0","0","0","0","0","","2110","3","0","0","0","0","0","1","2","0","3","0","0","0","3","03","","N","","","","","","","","","",""
"2021039666","1055","2","0","0","0","0","0","0","0","0","4","0","","67","5","2021","2","39.955569","-75.189487","1055","6","0","0","0","0","0","1","0","0","","0","0","0","10","1","1","","1","2","39 57:20.049","4","0","75 11:22.152","3","0","0","0","67301","0","0","0","N","0","0","0","2","67507","0","","1.0","1135.0","1","N","N","N","0","","1","0","0","3","2","N","1055","2","1","0","0","0","0","0","2","0","2","0","0","0","3","","","N","","","","","","","","","",""
"2021045460","1832","3","0","0","0","0","0","0","0","0","4","0","","67","5","2021","3","39.989098","-75.113723","1830","6","0","0","0","0","0","1","0","0","","0","0","0","18","1","1","","2","2","39 59:20.752","7","0","75 06:49.402","3","0","0","0","67301","0","0","0","N","0","0","0","2","67301","0","","1.0","1930.0","1","N","N","N","0","","1","0","1","0","0","N","1830","4","1","2","0","0","0","0","2","0","4","0","0","0","3","03","","N","","","","","","","","","",""
"2021041277","1416","1","0","0","0","0","0","0","0","0","4","0","","67","5","2021","6","39.953723","-75.23228","1416","6","0","0","0","0","0","2","0","0","","0","0","0","14","1","1","","1","0","39 57:13.402","","0","75 13:56.207","3","0","0","0","67301","0","0","0","N","0","0","0","3","67301","0","","1.0","","1","N","N","N","0","","1","0","1","3","3","","1416","3","1","0","0","0","0","0","2","1","3","0","0","0","3","03","","N","","","","","","","","","",""
"2021039076","321","1","0","0","0","0","0","0","0","0","4","0","","67","5","2021","7","39.98558","-75.156298","319","6","0","0","0","1","0","0","0","0","","0","0","0","3","3","0","N","0","0","39 59:08.087","","0","75 09:22.671","0","0","0","0","67301","0","0","0","N","0","0","0","2","67505","0","","1.0","","1","N","N","N","0","","0","0","1","0","0","","315","2","0","0","0","0","0","0","2","0","2","0","0","0","3","03","","N","","","","","","","","","",""
"2021070374","1049","1","0","0","0","0","0","0","0","0","8","0","","67","7","2021","3","39.945732","-75.154781","1049","6","0","0","0","0","0","1","0","0","","0","0","0","12","1","1","","1","0","39 56:44.634","","0","75 09:17.213","3","0","0","0","67301","1","0","0","N","1","0","0","2","67301","0","","1.0","","1","N","N","N","0","","1","0","0","3","2","","1235","2","1","0","0","0","0","0","2","0","1","1","0","0","3","03","","N","","","","","","","","","",""
"2021041088","1300","0","0","0","0","0","0","0","0","0","5","0","","67","5","2021","1","39.994083","-75.126269","1253","6","0","0","0","0","0","0","0","0","","0","0","0","12","1","0","N","0","2","39 59:38.700","1","0","75 07:34.570","0","0","0","0","67301","0","0","0","N","0","0","0","8","67301","0","","6.0","1430.0","1","N","N","N","0","","0","0","2","0","0","Y","1244","2","0","0","0","0","0","0","2","0","2","0","0","0","3","03","","N","","","","","","","","","",""
"2021041080","1806","0","0","0","0","0","0","0","0","0","1","0","","67","5","2021","5","39.973555","-75.208899","1741","6","0","0","0","0","0","0","0","0","","0","0","0","17","1","1","","2","0","39 58:24.797","","0","75 12:32.036","2","0","1","1","67301","0","0","0","N","0","0","0","2","67301","0","","1.0","","1","N","N","N","1","","0","1","0","3","2","","1728","2","1","0","0","0","0","0","2","0","2","0","0","0","3","03","","N","","","","","","","","","",""
"2021041062","254","1","0","0","0","0","0","0","0","0","7","0","","67","5","2021","6","40.118344","-75.006964","249","6","0","0","0","0","0","0","0","0","","0","0","0","2","3","1","N","0","0","40 07:06.040","","0","75 00:25.070","3","0","0","0","67301","0","0","0","N","0","0","0","1","67301","0","","4.0","","1","N","N","N","0","","1","0","0","0","0","","230","1","1","0","0","0","0","0","2","0","1","0","0","0","3","","","N","","","","","","","","","",""
"2021043327","1800","1","0","0","0","0","0","0","0","0","4","0","","67","5","2021","7","39.938455","-75.229243","1757","6","0","0","0","0","0","0","0","0","","0","0","0","17","1","0","","1","0","39 56:18.437","","0","75 13:45.274","0","0","0","0","67301","0","0","0","N","0","0","0","2","67301","0","","1.0","","1","N","N","N","0","","0","0","1","3","3","","1730","2","0","0","0","0","0","0","2","0","2","0","0","0","3","","","N","","","","","","","","","",""
"2021048488","2040","0","0","0","0","0","0","0","0","0","0","0","","67","5","2021","5","39.977392","-75.200046","2035","6","0","0","0","0","0","0","0","0","","0","0","0","20","3","1","N","0","2","39 58:38.612","4","0","75 12:00.164","8","0","0","1","67301","0","0","0","N","0","0","0","1","68K01","0","","1.0","30.0","1","N","N","N","0","","0","0","0","0","0","N","2034","1","1","0","0","0","1","0","2","0","1","0","0","0","3","","","N","","","","","","","","","",""
"2021069390","1010","1","0","0","0","0","0","0","0","0","4","0","","67","7","2021","3","40.048","-74.99912","948","6","0","0","0","0","1","0","1","0","","0","0","0","9","1","1","N","0","1","40 02:52.800","1","0","74 59:56.833","3","0","0","0","67301","0","0","0","Y","0","0","0","2","68K01","0","","4.0","1030.0","1","N","N","N","0","","1","0","1","0","0","Y","946","2","1","1","0","0","0","0","2","0","2","0","0","0","3","","","N","","","","","","","","","",""
"2021041650","1314","2","0","0","0","0","0","0","0","0","4","0","","67","5","2021","7","40.045333","-75.182833","1259","6","0","0","0","0","0","0","0","1","","0","0","0","12","1","1","N","0","0","40 02:43.200","","7","75 10:58.200","4","0","0","0","67301","0","0","0","N","0","0","0","2","67301","1","","1.0","","1","N","N","Y","0","","0","0","1","0","0","","1256","3","1","0","0","0","0","0","2","0","3","0","0","0","3","03","","N","","","","","","","","","",""
"2021043326","254","3","0","0","0","0","0","0","0","0","6","0","","67","5","2021","6","39.945028","-75.231767","253","6","0","0","0","0","0","0","0","0","","0","0","0","2","3","0","N","0","0","39 56:42.100","","0","75 13:54.360","0","0","0","0","67301","0","0","0","N","0","0","0","2","67301","0","","1.0","","1","N","N","N","0","","0","0","1","0","0","","240","5","0","0","0","0","0","0","2","1","5","0","0","0","3","03","","N","","","","","","","","","",""
"2021074703","1140","1","0","0","0","0","0","0","0","0","4","0","","67","8","2021","1","40.049152","-75.145824","1140","6","0","0","0","0","0","0","0","1","","0","0","0","9","1","0","","2","9","40 02:56.947","","0","75 08:44.966","9","0","0","0","67301","0","0","0","N","0","0","0","2","67301","0","","1.0","","99","N","N","N","0","","0","0","1","0","0","U","900","2","0","0","0","0","0","1","2","0","2","0","0","0","3","98","","N","","","","","","","","","",""
"2021070462","1917","1","0","0","0","0","0","0","0","0","2","0","","67","7","2021","7","39.94118","-75.205156","1916","6","0","0","0","0","0","0","0","1","","0","0","0","19","1","1","N","0","0","39 56:28.247","","3","75 12:18.563","3","0","0","0","67301","0","0","0","N","0","0","0","2","67301","0","","1.0","","1","N","N","N","1","","1","0","0","0","0","","1910","2","1","2","0","0","0","0","2","0","2","0","0","0","3","98","","N","","","","","","","","","",""
"2021042276","448","1","0","0","0","0","0","0","0","0","7","0","","67","5","2021","7","39.97289","-75.120674","448","6","0","0","0","0","0","0","0","0","","0","0","0","4","3","0","N","0","0","39 58:22.403","","0","75 07:14.426","0","0","0","0","67301","0","0","0","N","0","0","0","1","68K01","0","","4.0","","8","N","N","N","0","","0","0","0","0","0","","400","1","0","0","0","0","0","0","2","0","1","0","0","0","7","","","N","","","","","","","","","",""
"2021039738","2028","3","0","0","0","0","0","0","0","0","1","0","","67","5","2021","1","40.039923","-75.032104","2027","6","0","0","0","0","0","0","0","0","","0","0","0","20","3","0","N","0","0","40 02:23.721","","0","75 01:55.574","0","0","0","0","67301","0","0","0","N","0","0","0","1","67301","0","","6.0","","1","N","N","N","0","","0","0","1","0","0","","2026","4","0","0","0","0","0","0","2","0","4","0","0","0","3","03","","N","","","","","","","","","",""
"2021039428","1337","1","0","0","0","0","0","0","0","0","1","0","","67","5","2021","1","39.980111","-75.153722","1331","6","0","0","0","0","0","0","0","0","","0","0","0","13","1","1","N","0","0","39 58:48.400","","0","75 09:13.400","3","0","0","0","67301","0","0","0","N","0","0","0","2","67505","0","","1.0","","1","N","N","N","0","","1","0","1","0","0","","1325","2","1","0","0","0","0","0","2","0","2","0","0","0","3","","","N","","","","","","","","","",""
"2021041651","1622","2","0","0","0","0","0","0","0","0","4","0","","67","5","2021","7","39.971446","-75.159371","1617","6","0","0","0","0","0","0","0","0","","0","0","0","16","1","3","","1","0","39 58:17.205","","0","75 09:33.736","4","0","0","0","67301","1","0","0","N","1","0","0","3","67301","1","","1.0","","1","N","N","Y","0","","0","0","0","3","2","","1613","3","3","0","0","0","2","0","2","0","2","1","0","0","3","03","","N","","","","","","","","","",""
"2021041103","1759","2","0","0","0","0","0","0","0","0","4","0","","67","5","2021","3","40.017181","-75.171849","1756","6","0","0","0","0","0","1","0","0","","0","0","0","17","1","0","N","0","0","40 01:01.852","","0","75 10:18.657","0","0","0","0","67301","0","0","0","N","0","0","0","2","67301","0","","1.0","","1","N","N","N","0","","0","0","0","0","0","","1740","2","0","0","0","0","0","0","2","0","2","0","0","0","3","03","","N","","","","","","","","","",""
"2021039933","1545","2","0","0","0","0","0","0","0","0","4","0","","67","5","2021","1","39.953154","-75.248748","1545","6","0","0","1","0","0","0","0","0","","0","0","0","15","1","1","","2","0","39 57:11.353","","0","75 14:55.491","3","0","0","0","67301","0","0","0","N","0","0","0","2","67301","0","","1.0","","1","N","N","N","0","","1","0","0","3","2","","1513","2","1","0","0","0","0","0","2","0","2","0","0","0","3","03","","N","","","","","","","","","",""
"2021039556","1015","1","0","0","0","0","0","0","0","0","5","0","","67","5","2021","1","39.997999","-75.187562","1002","6","0","0","0","0","0","1","0","0","","0","0","0","9","1","1","N","0","0","39 59:52.796","","0","75 11:15.222","3","0","0","0","67301","0","0","0","N","0","0","0","3","67301","0","","1.0","","1","N","N","N","0","","1","0","1","0","0","","933","2","1","0","0","0","0","0","2","0","2","0","0","0","3","03","","N","","","","","","","","","",""
"2021041884","619","1","0","0","0","0","0","0","0","0","4","0","","67","5","2021","5","40.007403","-75.078111","607","6","0","0","0","0","0","0","0","0","","0","0","0","6","1","1","","1","0","40 00:26.651","","0","75 04:41.199","3","0","0","0","67301","0","0","0","N","0","0","0","2","67301","0","","1.0","","1","N","N","N","0","","1","0","1","3","2","","601","2","1","0","0","0","0","0","2","0","2","0","0","0","3","","","N","","","","","","","","","",""
"2021047595","832","3","0","0","0","0","0","0","0","0","5","0","","67","5","2021","3","39.904589","-75.150245","829","6","0","0","1","0","0","0","0","0","","0","0","0","8","1","1","N","0","2","39 54:16.522","2","0","75 09:00.882","8","0","0","0","67301","0","0","0","N","0","0","0","4","68K01","0","","1.0","919.0","1","N","N","N","0","","0","0","1","0","0","N","827","4","1","0","0","0","1","0","2","0","4","0","0","0","3","03","","N","","","","","","","","","",""
"2021070348","824","1","0","0","0","0","0","0","0","0","8","0","","67","7","2021","6","40.054351","-75.071655","815","6","0","0","0","0","0","0","0","0","","0","0","0","8","1","1","","1","0","40 03:15.663","","0","75 04:17.959","2","0","0","0","67301","1","0","1","N","1","0","1","2","67301","0","","1.0","","1","N","N","N","0","","0","1","0","3","2","","800","2","1","0","0","0","0","0","2","0","1","1","0","1","3","","","N","","","","","","","","","",""
"2021040450","19","1","0","0","0","0","0","0","0","0","7","0","","67","5","2021","4","39.977447","-75.126214","16","6","0","0","0","0","0","0","0","0","","0","0","0","0","3","1","N","0","0","39 58:38.810","","0","75 07:34.370","4","0","0","0","67301","0","0","0","N","0","0","0","1","67301","1","","5.0","","1","N","N","N","0","","0","0","0","0","0","","16","1","1","1","0","0","0","0","2","0","1","0","0","0","3","03","","N","","","","","","","","","",""
"2021045463","1200","1","0","0","0","0","0","0","0","0","4","0","","67","5","2021","1","40.004199","-75.099379","1200","6","0","0","0","0","0","0","0","0","","0","0","0","8","3","1","","1","0","40 00:15.118","","1","75 05:57.764","2","0","1","1","67301","0","0","0","N","0","0","0","2","67301","0","","1.0","","1","N","N","N","0","","0","1","0","3","1","","830","2","1","0","0","0","0","0","2","0","2","0","0","0","3","","","N","","","","","","","","","",""
"2021040694","1610","1","0","0","0","0","0","0","0","0","4","0","","67","5","2021","4","39.977018","-75.119418","1607","6","0","0","0","0","0","0","0","0","","0","0","0","15","1","2","N","0","0","39 58:37.266","","7","75 07:09.906","3","0","0","0","67301","0","0","0","N","0","0","0","4","67301","0","","1.0","","1","N","N","N","0","","2","0","1","0","0","","1558","2","2","0","0","0","0","0","2","0","2","0","0","0","4","","","N","","","","","","","","","",""
"2021040344","2205","1","0","0","0","0","0","0","0","0","5","0","","67","5","2021","2","39.925194","-75.228194","2200","6","0","0","0","0","0","0","0","0","","0","0","0","21","3","0","N","0","0","39 55:30.700","","0","75 13:41.500","0","0","0","0","67301","0","0","0","N","0","0","0","1","67301","0","","1.0","","9","N","N","N","0","","0","0","1","0","0","","2150","2","0","1","0","0","0","0","2","0","2","0","0","0","7","04","","N","","","","","","","","","",""
"2021041390","1118","1","0","0","0","0","0","0","0","0","4","0","","67","5","2021","7","39.982517","-75.151592","1118","6","0","0","0","0","0","1","0","0","","0","0","0","11","1","2","","1","0","39 58:57.061","","0","75 09:05.731","3","0","0","0","67301","0","0","0","N","0","0","0","4","67505","0","","1.0","","1","N","N","N","1","","1","0","0","3","2","","1118","2","2","0","0","0","1","1","2","0","2","0","0","0","4","04","","N","","","","","","","","","",""
"2021069103","152","1","0","0","0","0","0","0","0","0","7","0","","67","7","2021","7","39.959439","-75.140525","150","6","0","0","0","0","0","0","0","0","","0","0","0","1","3","0","N","0","1","39 57:33.982","1","0","75 08:25.889","0","0","0","0","67301","0","0","0","N","0","0","0","1","68K01","0","","4.0","155.0","1","N","N","N","0","","0","0","0","0","0","N","149","1","0","0","0","0","0","0","2","0","1","0","0","0","3","","","N","","","","","","","","","",""