"CRN","ARRIVAL_TM","AUTOMOBILE_COUNT","BELTED_DEATH_COUNT","BELTED_SUSP_SERIOUS_INJ_COUNT","BICYCLE_COUNT","BICYCLE_DEATH_COUNT","BICYCLE_SUSP_SERIOUS_INJ_COUNT","BUS_COUNT","CHLDPAS_DEATH_COUNT","CHLDPAS_SUSP_SERIOUS_INJ_COUNT","COLLISION_TYPE","COMM_VEH_COUNT","CONS_ZONE_SPD_LIM","COUNTY","CRASH_MONTH","CRASH_YEAR","DAY_OF_WEEK","DEC_LATITUDE","DEC_LONGITUDE","DISPATCH_TM","DISTRICT","DRIVER_COUNT_16YR","DRIVER_COUNT_17YR","DRIVER_COUNT_18YR","DRIVER_COUNT_19YR","DRIVER_COUNT_20YR","DRIVER_COUNT_50_64YR","DRIVER_COUNT_65_74YR","DRIVER_COUNT_75PLUS","EST_HRS_CLOSED","FATAL_COUNT","HEAVY_TRUCK_COUNT","HORSE_BUGGY_COUNT","HOUR_OF_DAY","ILLUMINATION","INJURY_COUNT","INTERSECTION_RELATED","INTERSECT_TYPE","LANE_CLOSED","LATITUDE","LN_CLOSE_DIR","LOCATION_TYPE","LONGITUDE","MAX_SEVERITY_LEVEL","MCYCLE_DEATH_COUNT","MCYCLE_SUSP_SERIOUS_INJ_COUNT","MOTORCYCLE_COUNT","MUNICIPALITY","NONMOTR_COUNT","NONMOTR_DEATH_COUNT","NONMOTR_SUSP_SERIOUS_INJ_COUNT","NTFY_HIWY_MAINT","PED_COUNT","PED_DEATH_COUNT","PED_SUSP_SERIOUS_INJ_COUNT","PERSON_COUNT","POLICE_AGCY","POSSIBLE_INJ_COUNT","RDWY_SURF_TYPE_CD","RELATION_TO_ROAD","ROADWAY_CLEARED","ROAD_CONDITION","SCH_BUS_IND","SCH_ZONE_IND","SECONDARY_CRASH","SMALL_TRUCK_COUNT","SPEC_JURIS_CD","SUSP_MINOR_INJ_COUNT","SUSP_SERIOUS_INJ_COUNT","SUV_COUNT","TCD_FUNC_CD","TCD_TYPE","TFC_DETOUR_IND","TIME_OF_DAY","TOTAL_UNITS","TOT_INJ_COUNT","UNBELTED_OCC_COUNT","UNB_DEATH_COUNT","UNB_SUSP_SERIOUS_INJ_COUNT","UNK_INJ_DEG_COUNT","UNK_INJ_PER_COUNT","URBAN_RURAL","VAN_COUNT","VEHICLE_COUNT","VULNERABLE_ROAD_USER_COUNT","VULNERABLE_ROAD_USER_DEATH_COUNT","VULNERABLE_ROAD_USER_SER_INJ_COUNT","WEATHER1","WEATHER2","WORKERS_PRES","WORK_ZONE_IND","WORK_ZONE_LOC","WORK_ZONE_TYPE","WZ_CLOSE_DETOUR","WZ_FLAGGER","WZ_LAW_OFFCR_IND","WZ_LN_CLOSURE","WZ_MOVING","WZ_OTHER","WZ_SHLDER_MDN","WZ_WORKERS_INJ_KILLED"
"2021070429","2335","2","0","0","0","0","0","0","0","0","2","0","","67","7","2021","5","40.043977","-75.053556","2334","6","0","0","0","0","1","1","0","0","","0","0","0","23","3","1","N","0","0","40 02:38.316","","0","75 03:12.802","3","0","0","0","67301","0","0","0","N","0","0","0","3","67301","0","","1.0","","1","N","N","N","0","","1","0","1","0","0","","2319","3","1","0","0","0","0","0","2","0","3","0","0","0","3","03","","N","","","","","","","","","",""
"2021042614","1545","1","0","0","0","0","0","0","0","0","1","0","","67","5","2021","7","39.983752","-75.188134","1528","6","0","0","0","0","0","0","0","1","","0","0","0","15","1","1","Y","0","0","39 59:01.506","","0","75 11:17.281","8","0","0","0","67301","0","0","0","N","0","0","0","2","67301","0","","1.0","","1","N","N","N","0","","0","0","1","3","2","","1517","2","1","1","0","0","1","0","2","0","2","0","0","0","3","03","","N","","","","","","","","","",""
"2021039590","59","2","0","0","0","0","0","0","0","0","5","0","","67","5","2021","1","39.922864","-75.179817","59","6","0","0","0","1","0","0","0","0","","0","0","0","0","3","0","N","0","0","39 55:22.310","","0","75 10:47.340","0","0","0","0","67301","0","0","0","N","0","0","0","1","67301","0","","1.0","","1","N","N","N","0","","0","0","0","0","0","","22","3","0","0","0","0","0","0","2","1","3","0","0","0","3","","","N","","","","","","","","","",""
"2021069846","1948","0","0","0","0","0","0","0","0","0","2","0","","67","7","2021","6","40.026936","-75.065761","1837","6","0","0","0","1","0","0","0","0","","0","0","0","18","1","2","N","0","1","40 01:36.971","2","0","75 03:56.741","3","0","0","0","67301","0","0","0","N","0","0","0","3","67301","0","","1.0","1930.0","1","N","N","N","0","","2","0","2","0","0","N","1834","2","2","0","0","0","0","0","2","0","2","0","0","0","3","","","N","","","","","","","","","",""
"2021053639","1105","2","0","0","0","0","0","0","0","0","5","0","","67","5","2021","4","40.025704","-75.121886","1100","6","0","0","0","0","0","0","1","0","","0","0","0","10","1","0","N","0","0","40 01:32.534","","0","75 07:18.788","0","0","0","0","67301","0","0","0","N","0","0","0","5","67301","0","","1.0","","1","N","N","N","0","","0","0","3","0","0","","1050","5","0","0","0","0","0","0","2","0","5","0","0","0","3","04","","N","","","","","","","","","",""
"2021053666","2035","2","0","0","0","0","0","0","0","0","6","0","","67","6","2021","5","40.028708","-75.146887","2031","6","0","0","0","0","0","0","0","0","","0","0","0","20","3","0","N","0","0","40 01:43.347","","0","75 08:48.792","9","0","0","0","67301","0","0","0","N","0","0","0","1","67301","0","","6.0","","9","N","N","N","0","","0","0","0","0","0","","2023","2","0","0","0","0","0","1","2","0","2","0","0","0","7","","","N","","","","","","","","","",""
"2021070432","431","1","0","0","0","0","0","0","0","0","2","0","","67","7","2021","6","40.018114","-75.064178","430","6","0","0","0","0","0","0","0","0","","0","0","0","2","3","1","N","0","0","40 01:05.211","","0","75 03:51.040","3","0","0","0","67301","0","0","0","N","0","0","0","1","67301","0","","1.0","","1","N","N","N","0","","1","0","1","0","0","","218","2","1","0","0","0","0","0","2","0","2","0","0","0","3","03","","N","","","","","","","","","",""
"2021070483","353","2","0","0","0","0","0","0","0","0","1","0","","67","7","2021","6","39.993986","-75.182536","352","6","0","0","0","0","0","0","0","0","","0","0","0","3","3","0","N","0","0","39 59:38.350","","0","75 10:57.130","0","0","0","0","67301","0","0","0","N","0","0","0","0","67301","0","","2.0","","1","N","N","N","0","","0","0","1","0","0","","350","3","0","0","0","0","0","0","2","0","3","0","0","0","3","03","","N","","","","","","","","","",""
"2021069100","2044","1","0","0","0","0","0","0","0","0","1","0","","67","7","2021","6","39.926554","-75.194758","2036","6","1","0","0","0","0","2","0","0","","0","0","0","20","2","3","N","0","1","39 55:35.595","3","0","75 11:41.129","4","0","0","0","67301","0","0","0","N","0","0","0","8","68K01","3","","1.0","2140.0","1","N","N","N","2","","0","0","2","0","0","N","2031","5","3","0","0","0","0","0","2","0","5","0","0","0","3","","","N","","","","","","","","","",""
"2021069184","1540","0","0","0","0","0","0","0","0","0","1","0","","67","7","2021","7","39.959912","-75.1781","1532","6","0","0","0","0","0","1","1","0","","0","0","0","15","1","1","N","0","1","39 57:35.683","1","0","75 10:41.159","3","0","0","0","67301","0","0","0","N","0","0","0","4","68K01","0","","1.0","1610.0","1","N","N","N","1","","1","0","1","0","0","N","1523","2","1","0","0","0","0","0","2","0","2","0","0","0","3","","","N","","","","","","","","","",""
"2021070546","1132","0","0","0","0","0","0","0","0","0","1","0","","67","7","2021","3","40.020309","-75.142201","1132","6","0","0","0","0","0","1","0","0","","0","0","0","11","1","0","N","0","0","40 01:13.113","","0","75 08:31.924","0","0","0","0","67301","0","0","0","N","0","0","0","2","67301","0","","1.0","","1","N","N","N","1","","0","0","1","0","0","","1125","2","0","0","0","0","0","0","2","0","2","0","0","0","3","03","","N","","","","","","","","","",""
"2021045984","133","1","0","0","0","0","0","0","0","0","7","0","","67","5","2021","5","39.972259","-75.21716","130","6","0","0","0","0","0","0","0","0","","0","0","0","1","3","1","N","0","2","39 58:20.132","7","0","75 13:01.777","3","0","0","0","67301","0","0","0","N","0","0","0","1","67301","0","","4.0","230.0","1","N","N","N","0","","1","0","0","0","0","N","127","1","1","0","0","0","0","0","2","0","1","0","0","0","3","","","N","","","","","","","","","",""
"2021070498","2316","0","0","0","0","0","0","0","0","0","8","0","","67","7","2021","4","40.008271","-75.098509","2314","6","0","0","0","0","0","0","0","0","","0","0","0","23","3","1","N","0","0","40 00:29.774","","0","75 05:54.631","3","0","0","0","67301","1","0","0","N","1","0","0","1","67301","0","","6.0","","1","N","N","N","0","","1","0","1","0","0","","2310","2","1","0","0","0","0","0","2","0","1","1","0","0","3","03","","N","","","","","","","","","",""
"2021041378","1830","4","0","0","0","0","0","0","0","0","4","0","","67","5","2021","6","39.982931","-75.178528","1828","6","0","0","0","0","0","0","0","0","","0","0","0","18","1","1","","1","2","39 58:58.551","4","0","75 10:42.700","3","0","0","0","67301","0","0","0","N","0","0","0","2","67301","0","","1.0","1926.0","9","N","N","N","0","","1","0","0","3","3","Y","1826","4","1","1","0","0","0","0","2","0","4","0","0","0","7","07","","N","","","","","","","","","",""
"2021073496","1602","0","0","0","0","0","0","0","0","0","1","0","","67","7","2021","7","39.924181","-75.19246","1555","6","0","0","0","0","0","0","0","0","","0","0","0","15","1","1","N","0","2","39 55:27.052","4","0","75 11:32.857","2","0","0","0","67301","1","0","1","N","1","0","1","3","68K01","0","","1.0","1635.0","1","N","N","N","0","","0","1","0","0","0","Y","1551","3","1","1","0","0","0","0","2","2","2","1","0","1","3","","","N","","","","","","","","","",""
"2021039591","150","0","0","0","0","0","0","0","0","0","5","0","","67","5","2021","1","39.920272","-75.184008","150","6","0","0","0","0","0","0","0","0","","0","0","0","1","3","1","N","0","2","39 55:12.980","7","0","75 11:02.430","3","0","0","0","67301","0","0","0","N","0","0","0","1","67301","0","","6.0","300.0","1","N","N","N","0","","1","0","3","0","0","N","150","3","1","0","0","0","0","0","2","0","3","0","0","0","3","03","","N","","","","","","","","","",""
"2021047059","1550","2","0","0","0","0","0","0","0","0","5","0","","67","5","2021","7","39.993781","-75.150756","1544","6","0","0","0","0","0","0","0","0","","0","0","0","15","1","0","N","0","0","39 59:37.610","","0","75 09:02.720","0","0","0","0","67301","0","0","0","N","0","0","0","1","67301","0","","6.0","","1","N","N","Y","0","","0","0","1","0","0","","1540","3","0","0","0","0","0","0","2","0","3","0","0","0","3","03","","N","","","","","","","","","",""
"2021054292","101","2","0","0","0","0","0","0","0","0","4","0","","67","6","2021","5","39.99696","-75.129612","100","6","0","0","0","0","0","0","0","0","","0","0","0","6","3","2","","1","0","39 59:49.055","","0","75 07:46.603","4","0","0","0","67301","0","0","0","N","0","0","0","3","67301","1","","1.0","","99","N","N","N","0","","0","0","0","3","3","","600","2","2","0","0","0","1","1","2","0","2","0","0","0","99","07","","N","","","","","","","","","",""
"2021053677","1232","2","0","0","0","0","0","0","0","0","4","0","","67","6","2021","2","40.009232","-75.15778","1228","6","0","0","0","1","0","0","0","0","","0","0","0","22","3","2","","1","0","40 00:33.235","","0","75 09:28.008","3","0","0","0","67301","0","0","0","N","0","0","0","2","67301","0","","1.0","","1","N","N","N","0","","2","0","0","3","3","","2244","2","2","2","0","0","0","0","2","0","2","0","0","0","3","98","","N","","","","","","","","","",""
"2021041962","935","2","0","0","0","0","0","0","0","0","5","0","","67","5","2021","6","39.994119","-75.116608","934","6","0","0","0","0","0","0","0","0","","0","0","0","9","1","0","N","0","0","39 59:38.830","","0","75 06:59.790","0","0","0","0","67301","0","0","0","N","0","0","0","1","67301","0","","6.0","","1","N","N","N","0","","0","0","1","0","0","","920","3","0","0","0","0","0","0","2","0","3","0","0","0","3","03","","N","","","","","","","","","",""
"2021039465","2029","1","0","0","0","0","0","0","0","0","4","0","","67","5","2021","7","39.990417","-75.1245","2029","6","0","0","0","0","0","0","0","0","","0","0","0","18","4","1","","2","0","39 59:25.500","","1","75 07:28.200","2","0","0","0","67301","0","0","0","N","0","0","0","7","67301","0","","1.0","","1","N","N","N","0","","0","1","0","3","3","","1846","2","1","0","0","0","0","0","2","1","2","0","0","0","3","03","","N","","","","","","","","","",""
"2021047149","411","0","0","0","0","0","0","0","0","0","7","0","","67","5","2021","7","40.011078","-75.061482","411","6","0","0","0","0","0","0","0","0","","0","0","0","4","3","1","N","0","2","40 00:39.882","1","0","75 03:41.334","4","0","0","0","67301","0","0","0","N","0","0","0","1","68K01","1","","3.0","100.0","9","N","N","N","0","","0","0","1","0","0","N","411","1","1","0","0","0","0","0","2","0","1","0","0","0","7","07","","N","","","","","","","","","",""
"2021069909","2000","2","0","0","0","0","0","0","0","0","2","0","","67","7","2021","2","40.038972","-75.150035","1953","6","0","0","0","0","0","0","0","0","","0","0","0","19","4","1","","1","9","40 02:20.299","","0","75 09:00.127","3","0","0","0","67301","0","0","0","N","0","0","0","2","67301","0","","1.0","","9","N","N","N","0","","1","0","0","3","2","U","1922","2","1","0","0","0","0","1","2","0","2","0","0","0","7","04","","N","","","","","","","","","",""
"2021044127","1613","1","0","0","0","0","0","0","0","0","5","0","","67","5","2021","4","40.008653","-75.14665","1559","6","0","0","0","0","0","0","0","0","","0","0","0","15","1","0","N","2","0","40 00:31.150","","0","75 08:47.939","0","0","0","0","67301","0","0","0","N","0","0","0","1","67301","0","","2.0","","1","N","N","N","0","","0","0","0","0","0","","1556","3","0","0","0","0","0","0","2","1","2","0","0","0","3","","","N","","","","","","","","","",""
"2021041061","1644","2","0","0","0","0","0","0","0","0","1","0","","67","5","2021","4","40.102141","-75.039179","1638","6","0","0","0","0","0","1","0","0","","0","0","0","16","1","1","Y","0","0","40 06:07.709","","0","75 02:21.046","3","0","0","0","67301","0","0","0","N","0","0","0","2","67301","0","","1.0","","1","N","N","N","0","","1","0","0","3","2","","1635","2","1","0","0","0","0","0","2","0","2","0","0","0","4","04","","N","","","","","","","","","",""
"2021041101","419","2","0","0","0","0","0","0","0","0","7","0","","67","5","2021","5","40.045519","-75.143211","418","6","0","0","0","0","0","0","0","0","","0","0","0","3","3","0","N","0","0","40 02:43.868","","0","75 08:35.560","0","0","0","0","67301","0","0","0","N","0","0","0","1","67301","0","","5.0","","1","N","N","N","0","","0","0","0","0","0","","334","2","0","0","0","0","0","0","2","0","2","0","0","0","3","03","","N","","","","","","","","","",""
"2021069338","920","1","0","0","0","0","0","0","0","0","1","0","","67","7","2021","2","39.956844","-75.153263","848","6","0","0","0","0","0","0","1","0","","0","0","0","8","1","0","N","0","0","39 57:24.638","","0","75 09:11.746","0","0","0","0","67301","0","0","0","N","0","0","0","2","68K01","0","","1.0","","1","N","N","N","0","","0","0","1","0","0","","835","2","0","0","0","0","0","0","2","0","2","0","0","0","3","","","N","","","","","","","","","",""
"2021070058","224","1","0","0","0","0","0","0","0","0","7","0","","67","7","2021","2","40.004015","-75.194639","217","6","0","0","0","0","0","0","0","0","","0","0","0","2","3","1","N","0","1","40 00:14.453","1","0","75 11:40.701","8","0","0","0","67301","0","0","0","N","0","0","0","2","68K01","0","","2.0","255.0","1","N","N","N","0","","0","0","0","0","0","N","215","2","1","1","0","0","1","1","2","0","2","0","0","0","3","","","N","","","","","","","","","",""
"2021069841","1310","0","0","0","0","0","0","0","0","0","1","0","","67","7","2021","5","40.045043","-75.053313","1300","6","0","0","0","0","0","0","0","0","","0","0","0","12","1","0","N","0","0","40 02:42.154","","0","75 03:11.927","0","0","0","0","67301","0","0","0","N","0","0","0","3","67301","0","","1.0","","1","N","N","N","0","","0","0","3","0","0","","1200","3","0","0","0","0","0","0","2","0","3","0","0","0","3","03","","N","","","","","","","","","",""
"2021054294","225","1","0","0","0","0","0","0","0","0","5","0","","67","6","2021","6","39.994828","-75.108342","225","6","0","0","0","0","0","0","0","0","","0","0","0","21","3","0","N","0","1","39 59:41.380","3","0","75 06:30.030","9","0","0","0","67301","0","0","0","N","0","0","0","1","67301","0","","6.0","320.0","1","N","N","N","0","","0","0","2","0","0","Y","2130","3","0","0","0","0","0","1","2","0","3","0","0","0","3","03","","N","","","","","","","","","",""
"2021052000","2235","1","0","0","0","0","0","0","0","0","1","0","","67","6","2021","4","39.975171","-75.11625","2235","6","0","0","0","0","0","1","0","0","","0","0","0","22","3","2","N","0","2","39 58:30.616","1","0","75 06:58.500","2","0","0","0","67301","0","0","0","N","0","0","0","3","68K01","0","","1.0","2359.0","1","N","N","N","0","","1","1","1","0","0","Y","2223","2","2","1","0","1","0","0","2","0","2","0","0","0","3","03","","N","","","","","","","","","",""
"2021069189","2141","0","0","0","0","0","0","0","0","0","7","0","","67","7","2021","2","39.890231","-75.220196","2136","6","0","0","0","0","0","0","0","0","","0","0","0","21","3","1","N","0","1","39 53:24.830","2","0","75 13:12.705","3","0","0","0","67301","0","0","0","N","0","0","0","1","68K01","0","","4.0","2148.0","1","N","N","N","0","","1","0","1","0","0","N","2136","1","1","0","0","0","0","0","2","0","1","0","0","0","3","","","N","","","","","","","","","",""
"2021043242","1935","1","0","0","0","0","0","0","0","0","8","0","","67","5","2021","5","40.033431","-75.131492","1935","6","0","0","0","0","0","0","0","0","","0","0","0","16","1","1","N","0","0","40 02:00.350","","0","75 07:53.370","8","0","0","0","67301","1","0","0","N","0","0","0","2","67301","0","","1.0","","1","N","N","N","0","","0","0","0","0","0","","1656","2","1","0","0","0","1","0","2","0","1","1","0","0","3","03","","N","","","","","","","","","",""
"2021040015","114","1","0","0","0","0","0","0","0","0","4","0","","67","5","2021","3","39.957321","-75.152234","110","6","0","0","0","0","0","0","0","0","","0","0","0","1","3","0","","1","0","39 57:26.357","","0","75 09:08.042","0","0","0","0","67301","0","0","0","N","0","0","0","2","67301","0","","1.0","","9","N","N","N","0","","0","0","0","3","2","","109","2","0","0","0","0","0","0","2","0","2","0","0","0","7","07","","N","","","","","","","","","",""
"2021080535","758","1","0","0","0","0","0","0","0","0","7","0","","67","8","2021","1","39.907971","-75.149574","738","6","0","0","0","0","0","0","0","0","","0","0","0","7","1","0","N","0","0","39 54:28.696","","0","75 08:58.468","0","0","0","0","67301","0","0","0","N","0","0","0","1","68K01","0","","4.0","","9","N","N","N","0","","0","0","0","0","0","","738","1","0","0","0","0","0","0","2","0","1","0","0","0","7","03","","N","","","","","","","","","",""
"2021053623","2219","3","0","0","0","0","0","0","0","0","4","0","","67","6","2021","1","39.975348","-75.245499","2218","6","0","0","0","0","0","0","0","0","","0","0","0","22","3","3","","1","0","39 58:31.251","","0","75 14:43.798","2","0","0","0","67301","0","0","0","N","0","0","0","3","67301","0","","1.0","","1","N","N","N","0","","0","3","0","3","2","","2210","3","3","3","0","3","0","0","2","0","3","0","0","0","3","03","","N","","","","","","","","","",""
"2021042015","1554","1","0","0","0","0","0","0","0","0","1","0","","67","5","2021","6","39.963314","-75.138711","1540","6","0","0","0","0","1","1","0","0","","0","0","0","15","1","1","N","0","1","39 57:47.930","1","0","75 08:19.359","3","0","0","0","67301","0","0","0","N","0","0","0","3","68K01","0","","1.0","10.0","1","N","N","N","0","","1","0","2","0","0","N","1536","3","1","0","0","0","0","0","2","0","3","0","0","0","4","","","N","","","","","","","","","",""
"2021080569","1415","1","0","0","0","0","0","0","0","0","7","0","","67","8","2021","2","39.996438","-75.113451","1400","6","0","0","0","0","0","0","0","0","","0","0","0","13","1","1","","1","0","39 59:47.175","","0","75 06:48.425","3","0","0","0","67301","0","0","0","N","0","0","0","1","67301","0","","5.0","","1","N","N","N","0","","1","0","0","0","0","","1338","1","1","1","0","0","0","0","2","0","1","0","0","0","3","03","","N","","","","","","","","","",""
"2021051646","155","2","0","0","0","0","0","0","0","0","1","0","","67","6","2021","1","39.963116","-75.202264","155","6","0","0","0","0","1","0","0","0","","0","0","0","1","3","2","","1","2","39 57:47.216","6","0","75 12:08.151","3","0","0","0","67301","0","0","0","N","0","0","0","3","67301","0","","1.0","345.0","1","N","N","N","0","","2","0","0","3","2","Y","149","3","2","0","0","0","0","0","2","1","3","0","0","0","3","03","","N","","","","","","","","","",""
"2021049742","2050","0","0","0","0","0","0","0","0","0","4","0","","67","5","2021","1","40.105161","-75.032846","2048","6","0","0","0","0","0","0","0","0","","0","0","0","20","3","1","","1","1","40 06:18.580","7","0","75 01:58.246","8","0","0","0","67301","0","0","0","N","0","0","0","4","67301","0","","1.0","2110.0","9","N","N","N","0","","0","0","2","3","2","N","2045","2","1","0","0","0","1","2","2","0","2","0","0","0","7","04","","N","","","","","","","","","",""
"2021045622","1710","0","0","0","0","0","0","0","0","0","4","0","","67","5","2021","4","39.995896","-75.169711","1707","6","0","0","0","0","0","1","0","0","","0","0","0","16","1","1","","2","0","39 59:45.224","","0","75 10:10.961","3","0","0","1","67301","0","0","0","N","0","0","0","2","67301","0","","1.0","","1","N","N","N","1","","1","0","0","3","3","","1658","2","1","0","0","0","0","0","2","0","2","0","0","0","3","03","","N","","","","","","","","","",""
"2021049341","1121","1","0","0","0","0","0","0","0","0","4","0","","67","5","2021","1","39.970586","-75.150888","1120","6","0","0","0","0","0","0","0","0","","0","0","0","11","1","2","","1","1","39 58:14.110","4","1","75 09:03.197","3","0","0","0","67301","0","0","0","N","0","0","0","2","67301","1","","1.0","1210.0","9","N","N","N","0","","1","0","1","3","3","N","1100","2","2","0","0","0","0","0","2","0","2","0","0","0","7","","","N","","","","","","","","","",""
"2021050680","1420","6","0","0","0","0","0","0","0","0","6","0","","67","6","2021","3","40.068444","-75.051472","1407","6","0","0","0","0","0","0","0","0","","0","0","0","14","1","1","N","0","0","40 04:06.400","","7","75 03:05.300","4","0","0","0","67301","0","0","0","N","0","0","0","4","67301","1","","1.0","","1","N","N","Y","0","","0","0","0","0","0","","1400","6","1","0","0","0","0","2","2","0","6","0","0","0","3","","","N","","","","","","","","","",""
"2021050212","1118","2","0","0","0","0","0","0","0","0","1","0","","67","5","2021","2","40.035139","-75.132056","1118","6","0","0","0","0","0","1","0","0","","0","0","0","23","6","1","N","0","0","40 02:06.500","","0","75 07:55.400","3","0","0","0","67301","0","0","0","N","0","0","0","2","67301","0","","1.0","","99","N","N","N","0","","1","0","0","0","0","","2335","2","1","2","0","0","0","1","2","0","2","0","0","0","99","","","N","","","","","","","","","",""
"2021051737","1334","2","0","0","0","0","0","0","0","0","4","0","","67","6","2021","7","39.962324","-75.155997","1334","6","0","0","0","0","0","0","0","0","","0","0","0","13","1","0","","1","0","39 57:44.366","","0","75 09:21.589","0","0","0","0","67301","0","0","0","N","0","0","0","2","67301","0","","1.0","","1","N","N","N","0","","0","0","0","0","0","","1320","2","0","0","0","0","0","0","2","0","2","0","0","0","3","03","","N","","","","","","","","","",""
"2021051597","238","2","0","0","0","0","0","0","0","0","5","0","","67","6","2021","6","39.9738","-75.206735","238","6","0","0","0","0","0","0","0","0","","0","0","0","2","3","1","N","0","2","39 58:25.679","7","0","75 12:24.246","3","0","0","0","67301","0","0","0","N","0","0","0","2","67301","0","","1.0","600.0","9","N","N","N","0","","1","0","0","0","0","Y","235","3","1","0","0","0","0","0","2","1","3","0","0","0","5","07","","N","","","","","","","","","",""
"2021080052","1415","1","0","0","0","0","0","0","0","0","1","0","","67","8","2021","2","39.898118","-75.210724","1415","6","0","0","0","0","0","0","0","0","","0","0","0","1","3","2","N","0","0","39 53:53.225","","3","75 12:38.606","3","0","0","0","67301","0","0","0","N","0","0","0","2","67301","0","","1.0","","1","N","N","N","0","","1","0","0","0","0","","115","2","2","0","0","0","1","0","2","0","2","0","0","0","4","","","N","","","","","","","","","",""
"2021078436","50","2","0","0","0","0","0","0","0","0","2","0","","67","8","2021","6","40.037664","-75.042522","47","6","0","1","0","0","0","0","0","0","","0","0","0","0","3","2","","1","0","40 02:15.591","","0","75 02:33.078","3","0","0","0","67301","0","0","0","N","0","0","0","4","67301","0","","1.0","","1","N","N","N","1","","2","0","0","3","3","","46","3","2","0","0","0","0","0","2","0","3","0","0","0","3","03","","N","","","","","","","","","",""
"2021053646","921","2","0","0","0","0","0","0","0","0","1","0","","67","5","2021","2","39.996119","-75.136403","916","6","0","0","0","0","0","0","0","0","","0","0","0","9","1","1","N","0","0","39 59:46.030","","0","75 08:11.050","8","0","0","0","67301","0","0","0","N","0","0","0","1","67301","0","","6.0","","1","N","N","N","0","","0","0","0","0","0","","916","2","1","1","0","0","1","0","2","0","2","0","0","0","3","","","N","","","","","","","","","",""
"2021039896","118","1","0","0","0","0","0","0","0","0","7","0","","67","5","2021","2","40.075583","-75.051458","115","6","0","0","0","0","0","0","0","0","","0","0","0","1","3","1","N","0","2","40 04:32.100","7","0","75 03:05.250","3","0","0","0","67301","0","0","0","N","0","0","0","1","67301","0","","4.0","130.0","1","N","N","N","0","","1","0","0","0","0","Y","114","1","1","1","0","0","0","0","2","0","1","0","0","0","3","","","N","","","","","","","","","",""
"2021057805","122","1","0","0","0","0","0","0","0","0","5","0","","67","6","2021","6","39.960098","-75.179663","116","6","0","0","0","0","0","0","0","0","","0","0","0","1","3","3","N","0","2","39 57:36.354","4","3","75 10:46.785","3","0","0","0","67301","0","0","0","N","0","0","0","3","68K01","0","","1.0","20.0","1","N","N","N","0","","3","0","2","0","0","Y","115","3","3","0","0","0","0","0","2","0","3","0","0","0","3","03","","N","","","","","","","","","",""
"2021079665","1420","0","0","0","0","0","0","0","0","0","8","0","","67","8","2021","2","39.989845","-75.125417","1404","6","0","0","0","0","0","0","0","0","","0","0","0","12","1","1","","1","0","39 59:23.441","","0","75 07:31.502","3","0","0","0","67301","1","0","0","N","1","0","0","1","67301","0","","1.0","","1","N","N","N","0","","1","0","0","3","2","","1213","2","1","0","0","0","0","0","2","0","1","1","0","0","3","03","","N","","","","","","","","","",""
"2021051567","1515","1","0","0","0","0","0","0","0","0","4","0","","67","6","2021","6","40.001054","-75.226699","1515","6","0","0","0","0","0","0","0","0","","0","0","0","14","1","1","N","0","0","40 00:03.794","","7","75 13:36.117","3","0","0","0","67301","0","0","0","N","0","0","0","2","67301","0","","1.0","","99","N","N","Y","0","","1","0","1","0","0","","1431","2","1","0","0","0","0","0","2","0","2","0","0","0","4","","","N","","","","","","","","","",""
"2021069910","400","0","0","0","0","0","0","0","0","0","5","1","","67","7","2021","3","40.027174","-75.114799","350","6","0","0","0","0","0","0","0","0","","0","1","0","3","3","1","N","0","0","40 01:37.825","","0","75 06:53.275","3","0","0","0","67301","0","0","0","N","0","0","0","2","67301","0","","1.0","","1","N","N","N","0","","1","0","1","0","0","","332","2","1","0","0","0","0","0","2","0","2","0","0","0","3","","","N","","","","","","","","","",""
"2021070376","1335","2","0","0","0","0","0","0","0","0","4","0","","67","7","2021","3","39.968117","-75.160105","1335","6","0","0","0","0","0","0","0","0","","0","0","0","13","1","1","","1","0","39 58:05.221","","0","75 09:36.378","3","0","0","0","67301","0","0","0","N","0","0","0","2","67301","0","","1.0","","1","N","N","N","0","","1","0","0","9","3","","1335","2","1","0","0","0","0","0","2","0","2","0","0","0","3","03","","N","","","","","","","","","",""
"2021041593","43","0","0","0","0","0","0","0","0","0","8","0","","67","5","2021","6","39.96444","-75.134259","43","6","0","0","0","0","0","0","0","0","","0","0","0","22","3","1","","1","0","39 57:51.984","","0","75 08:03.331","3","0","0","0","67301","1","0","0","N","1","0","0","2","67301","0","","1.0","","9","N","N","N","0","","1","0","1","3","2","","2230","2","1","0","0","0","0","0","2","0","1","1","0","0","7","07","","N","","","","","","","","","",""
"2021078209","553","2","0","0","0","0","0","0","0","0","5","0","","67","8","2021","7","39.930475","-75.168294","547","6","0","0","0","0","0","1","1","0","","0","0","0","5","1","0","N","0","1","39 55:49.711","2","0","75 10:05.860","0","0","0","0","67301","0","0","0","N","0","0","0","3","67505","0","","1.0","650.0","1","N","N","N","0","","0","0","0","0","0","N","545","2","0","2","0","0","0","0","2","0","2","0","0","0","3","","","N","","","","","","","","","",""