"CRN","ARRIVAL_TM","AUTOMOBILE_COUNT","BELTED_DEATH_COUNT","BELTED_SUSP_SERIOUS_INJ_COUNT","BICYCLE_COUNT","BICYCLE_DEATH_COUNT","BICYCLE_SUSP_SERIOUS_INJ_COUNT","BUS_COUNT","CHLDPAS_DEATH_COUNT","CHLDPAS_SUSP_SERIOUS_INJ_COUNT","COLLISION_TYPE","COMM_VEH_COUNT","CONS_ZONE_SPD_LIM","COUNTY","CRASH_MONTH","CRASH_YEAR","DAY_OF_WEEK","DEC_LATITUDE","DEC_LONGITUDE","DISPATCH_TM","DISTRICT","DRIVER_COUNT_16YR","DRIVER_COUNT_17YR","DRIVER_COUNT_18YR","DRIVER_COUNT_19YR","DRIVER_COUNT_20YR","DRIVER_COUNT_50_64YR","DRIVER_COUNT_65_74YR","DRIVER_COUNT_75PLUS","EST_HRS_CLOSED","FATAL_COUNT","HEAVY_TRUCK_COUNT","HORSE_BUGGY_COUNT","HOUR_OF_DAY","ILLUMINATION","INJURY_COUNT","INTERSECTION_RELATED","INTERSECT_TYPE","LANE_CLOSED","LATITUDE","LN_CLOSE_DIR","LOCATION_TYPE","LONGITUDE","MAX_SEVERITY_LEVEL","MCYCLE_DEATH_COUNT","MCYCLE_SUSP_SERIOUS_INJ_COUNT","MOTORCYCLE_COUNT","MUNICIPALITY","NONMOTR_COUNT","NONMOTR_DEATH_COUNT","NONMOTR_SUSP_SERIOUS_INJ_COUNT","NTFY_HIWY_MAINT","PED_COUNT","PED_DEATH_COUNT","PED_SUSP_SERIOUS_INJ_COUNT","PERSON_COUNT","POLICE_AGCY","POSSIBLE_INJ_COUNT","RDWY_SURF_TYPE_CD","RELATION_TO_ROAD","ROADWAY_CLEARED","ROAD_CONDITION","SCH_BUS_IND","SCH_ZONE_IND","SECONDARY_CRASH","SMALL_TRUCK_COUNT","SPEC_JURIS_CD","SUSP_MINOR_INJ_COUNT","SUSP_SERIOUS_INJ_COUNT","SUV_COUNT","TCD_FUNC_CD","TCD_TYPE","TFC_DETOUR_IND","TIME_OF_DAY","TOTAL_UNITS","TOT_INJ_COUNT","UNBELTED_OCC_COUNT","UNB_DEATH_COUNT","UNB_SUSP_SERIOUS_INJ_COUNT","UNK_INJ_DEG_COUNT","UNK_INJ_PER_COUNT","URBAN_RURAL","VAN_COUNT","VEHICLE_COUNT","VULNERABLE_ROAD_USER_COUNT","VULNERABLE_ROAD_USER_DEATH_COUNT","VULNERABLE_ROAD_USER_SER_INJ_COUNT","WEATHER1","WEATHER2","WORKERS_PRES","WORK_ZONE_IND","WORK_ZONE_LOC","WORK_ZONE_TYPE","WZ_CLOSE_DETOUR","WZ_FLAGGER","WZ_LAW_OFFCR_IND","WZ_LN_CLOSURE","WZ_MOVING","WZ_OTHER","WZ_SHLDER_MDN","WZ_WORKERS_INJ_KILLED"
"2021069708","205","0","0","0","0","0","0","0","0","0","4","0","","67","7","2021","7","40.063808","-75.172901","202","6","0","0","0","0","0","1","0","0","","1","0","0","1","3","0","N","1","2","40 03:49.709","7","0","75 10:22.442","1","1","0","1","67301","0","0","0","N","0","0","0","3","67301","0","2","1.0","530.0","1","N","N","N","0","0","0","0","1","3","2","Y","155","2","0","1","0","0","0","0","2","0","2","0","0","0","3","03","","N","","","","","","","","","",""
"2021041073","2244","1","0","0","0","0","0","0","0","0","4","0","","67","5","2021","1","40.029761","-75.05581","2226","6","0","0","0","0","0","0","0","0","","0","0","0","21","1","0","N","0","0","40 01:47.138","","7","75 03:20.915","0","0","0","0","67301","0","0","0","N","0","0","0","2","67301","0","","1.0","","1","N","N","N","0","","0","0","1","0","0","","2133","2","0","2","0","0","0","0","2","0","2","0","0","0","3","03","","N","","","","","","","","","",""
"2021041279","1635","1","0","0","0","0","0","0","0","0","5","0","","67","5","2021","3","40.022409","-75.138378","1630","6","0","0","0","0","0","0","0","0","","0","0","0","13","1","2","N","0","0","40 01:20.673","","6","75 08:18.162","3","0","0","0","67301","0","0","0","N","0","0","0","3","67301","0","","1.0","","1","N","N","N","0","","2","0","1","0","0","","1355","2","2","1","0","0","0","0","2","0","2","0","0","0","3","03","","N","","","","","","","","","",""
"2021050133","2359","0","0","0","0","0","0","0","0","0","4","0","","67","6","2021","3","40.053316","-75.069664","2357","6","0","0","0","0","1","0","0","0","","0","0","0","23","3","0","","1","0","40 03:11.937","","0","75 04:10.789","0","0","0","0","67301","0","0","0","N","0","0","0","3","67301","0","","1.0","","1","N","N","N","0","","0","0","2","3","2","","2355","2","0","0","0","0","0","0","2","0","2","0","0","0","3","03","","N","","","","","","","","","",""
"2021053637","1559","0","0","0","0","0","0","0","0","0","1","0","","67","5","2021","2","40.005108","-75.127869","1559","6","0","0","0","0","0","0","0","0","","0","0","0","14","1","1","N","0","0","40 00:18.390","","3","75 07:40.330","3","0","0","0","67301","0","0","0","N","0","0","0","3","67301","0","","1.0","","1","N","N","N","0","","1","0","3","0","0","","1406","3","1","0","0","0","0","0","2","0","3","0","0","0","4","04","","N","","","","","","","","","",""
"2021041806","2026","1","0","0","0","0","0","0","0","0","7","0","","67","5","2021","6","39.933337","-75.199993","2015","6","0","0","0","0","0","0","0","0","","0","0","0","20","3","0","N","0","0","39 56:00.013","","0","75 11:59.975","0","0","0","0","67301","0","0","0","N","0","0","0","1","68K01","0","","3.0","","9","N","N","N","0","","0","0","0","0","0","","2011","1","0","0","0","0","0","0","2","0","1","0","0","0","7","07","","N","","","","","","","","","",""
"2021070493","1015","0","0","0","0","0","0","0","0","0","7","0","","67","7","2021","3","39.994914","-75.1163","1010","6","0","0","0","0","0","0","0","0","","0","0","0","10","1","0","N","0","0","39 59:41.690","","0","75 06:58.680","9","0","0","0","67301","0","0","0","N","0","0","0","2","67301","0","","6.0","","1","N","N","N","0","","0","0","1","0","0","","1000","1","0","1","0","0","0","1","2","0","1","0","0","0","4","04","","N","","","","","","","","","",""
"2021073825","144","2","0","0","0","0","0","0","0","0","5","0","","67","8","2021","6","39.959439","-75.174341","106","6","0","0","0","0","0","0","0","0","","0","0","0","0","3","0","N","0","0","39 57:33.981","","0","75 10:27.626","0","0","0","0","67301","0","0","0","N","0","0","0","2","68K01","0","","1.0","","1","N","N","N","0","","0","0","0","0","0","","53","2","0","0","0","0","0","0","2","0","2","0","0","0","3","","","N","","","","","","","","","",""
"2021041374","1406","0","0","0","0","0","0","0","0","0","1","0","","67","5","2021","5","39.95844","-75.237444","1402","6","0","0","0","0","0","1","1","0","","0","0","0","13","1","1","","1","0","39 57:30.385","","0","75 14:14.799","3","0","0","0","67301","0","0","0","N","0","0","0","2","67301","0","","1.0","","1","N","N","N","1","","1","0","1","3","2","","1355","2","1","0","0","0","0","0","2","0","2","0","0","0","3","03","","N","","","","","","","","","",""
"2021053658","1909","1","0","0","0","0","0","0","0","0","1","0","","67","6","2021","1","39.999066","-75.133546","1904","6","0","0","0","0","0","0","0","0","","0","0","0","18","1","2","N","0","0","39 59:56.637","","0","75 08:00.764","8","0","0","0","67301","0","0","0","N","0","0","0","9","67301","0","","1.0","","1","N","N","N","0","","0","0","1","0","0","","1845","3","2","0","0","0","2","1","2","0","3","0","0","0","3","","","N","","","","","","","","","",""
"2021040153","1640","1","0","0","0","0","0","0","0","0","6","0","","67","5","2021","1","40.016957","-75.211375","1639","6","0","0","0","0","0","0","0","0","","0","0","0","16","1","1","N","0","1","40 01:01.046","1","3","75 12:40.950","8","0","0","1","67301","0","0","0","N","0","0","0","3","67301","0","","1.0","1705.0","1","N","N","N","0","","0","0","0","0","0","N","1634","2","1","0","0","0","1","0","2","0","2","0","0","0","3","","","N","","","","","","","","","",""
"2021069155","629","0","0","0","0","0","0","0","0","0","7","0","","67","7","2021","1","39.962829","-75.183283","629","6","0","0","0","0","0","0","0","0","","0","0","0","6","1","1","N","0","0","39 57:46.184","","0","75 10:59.817","3","0","0","0","67301","0","0","0","N","0","0","0","1","68K01","0","","2.0","","1","N","N","N","1","","1","0","0","0","0","","629","1","1","0","0","0","0","0","2","0","1","0","0","0","3","","","N","","","","","","","","","",""
"2021057163","729","2","0","0","0","0","0","0","0","0","4","0","","67","6","2021","1","40.030433","-75.115481","729","6","0","0","0","0","0","0","0","0","","0","0","0","23","3","1","","2","0","40 01:49.558","","0","75 06:55.731","3","0","0","0","67301","0","0","0","N","0","0","0","2","67301","0","","1.0","","1","N","N","N","0","","1","0","0","3","3","","2300","2","1","0","0","0","0","1","2","0","2","0","0","0","3","03","","N","","","","","","","","","",""
"2021070011","1304","1","0","0","0","0","0","0","0","0","5","0","","67","7","2021","4","39.898171","-75.183782","1254","6","0","0","0","0","0","0","0","1","","0","0","0","12","1","0","N","0","0","39 53:53.415","","0","75 11:01.614","9","0","0","0","67301","0","0","0","N","0","0","0","3","68K01","0","","1.0","","1","N","N","N","0","","0","0","2","0","0","","1254","3","0","1","0","0","0","1","2","0","3","0","0","0","3","","","N","","","","","","","","","",""
"2021051643","1125","0","0","0","0","0","0","0","0","0","4","0","","67","6","2021","6","40.087537","-74.971134","1125","6","0","0","0","0","0","0","1","0","","0","0","0","11","1","1","","1","0","40 05:15.133","","2","74 58:16.083","4","0","0","0","67301","0","0","0","N","0","0","0","2","67301","1","","1.0","","1","N","N","N","0","","0","0","2","3","1","","1105","2","1","0","0","0","0","0","2","0","2","0","0","0","4","04","","N","","","","","","","","","",""
"2021050564","1649","0","0","0","0","0","0","0","0","0","5","0","","67","5","2021","2","39.924042","-75.227707","1649","6","0","0","0","0","0","0","0","0","","0","0","0","16","1","1","","1","1","39 55:26.552","6","0","75 13:39.745","3","0","0","1","67301","0","0","0","N","0","0","0","2","67301","0","","1.0","1700.0","1","N","N","N","0","","1","0","0","3","2","Y","1645","2","1","0","0","0","0","0","2","0","2","0","0","0","3","03","","N","","","","","","","","","",""
"2021069897","230","1","0","0","0","0","0","0","0","0","8","0","","67","7","2021","6","39.979511","-75.118368","228","6","0","0","0","0","0","0","0","0","","0","0","0","2","3","1","N","0","0","39 58:46.241","","0","75 07:06.123","4","0","0","0","67301","1","0","0","N","1","0","0","2","67301","1","","1.0","","1","N","N","N","0","","0","0","0","0","0","","222","2","1","0","0","0","0","0","2","0","1","1","0","0","3","03","","N","","","","","","","","","",""
"2021070386","938","1","0","0","0","0","0","0","0","0","7","0","","67","7","2021","7","40.075832","-75.033352","936","6","0","0","0","0","0","0","0","0","","0","0","0","9","1","1","N","0","2","40 04:32.996","1","0","75 02:00.066","3","0","0","0","67301","0","0","0","N","0","0","0","1","67301","0","","5.0","1030.0","1","N","N","N","0","","1","0","0","0","0","N","935","1","1","0","0","0","0","0","2","0","1","0","0","0","3","03","","N","","","","","","","","","",""
"2021049431","0030","1","0","0","0","0","0","0","0","0","5","0","","67","5","2021","2","39.984949","-75.158241","0029","6","0","0","0","0","0","0","0","0","","0","0","0","0","3","0","","1","1","39 59:05.816","2","0","75 09:29.666","0","0","0","0","67301","0","0","0","N","0","0","0","2","67505","0","","1.0","100.0","1","N","N","N","0","","0","0","1","3","2","Y","20","2","0","2","0","0","0","0","2","0","2","0","0","0","3","04","","N","","","","","","","","","",""
"2021051069","1217","1","0","0","0","0","0","0","0","0","4","0","","67","6","2021","3","39.99891","-75.168489","1213","6","0","0","0","0","1","0","0","0","","0","0","0","12","1","0","","1","0","39 59:56.075","","0","75 10:06.560","9","0","0","0","67301","0","0","0","N","0","0","0","4","67301","0","","1.0","","1","N","N","N","0","","0","0","1","3","2","","1212","2","0","0","0","0","0","1","2","0","2","0","0","0","4","04","","N","","","","","","","","","",""
"2021051897","1830","0","0","0","0","0","0","0","0","0","8","0","","67","5","2021","5","39.925378","-75.225813","1820","6","0","0","0","0","0","0","0","0","","0","0","0","18","1","1","","2","0","39 55:31.362","","0","75 13:32.927","8","0","0","0","67301","1","0","0","N","1","0","0","2","67508","0","","1.0","","1","N","N","Y","0","","0","0","0","0","0","","1820","2","1","0","0","0","1","0","2","0","1","1","0","0","3","03","","N","","","","","","","","","",""
"2021039898","1623","2","0","0","0","0","0","0","0","0","2","0","","67","5","2021","1","39.990139","-75.161472","1623","6","0","0","0","0","0","0","0","0","","0","0","0","16","1","0","N","0","0","39 59:24.500","","0","75 09:41.300","0","0","0","0","67301","0","0","0","N","0","0","0","1","67301","0","","6.0","","1","N","N","N","0","","0","0","1","0","0","","1622","4","0","0","0","0","0","0","2","1","4","0","0","0","3","98","","N","","","","","","","","","",""
"2021041100","1908","1","0","0","0","0","0","0","0","0","4","0","","67","5","2021","4","40.027194","-75.151242","1908","6","0","0","0","0","0","1","0","0","","0","0","0","11","1","0","","1","0","40 01:37.898","","0","75 09:04.471","9","0","0","0","67301","0","0","0","N","0","0","0","2","67301","0","","1.0","","9","N","N","N","0","","0","0","1","3","2","","1100","2","0","0","0","0","0","1","2","0","2","0","0","0","7","07","","N","","","","","","","","","",""
"2021045607","0720","1","0","0","0","0","0","0","0","0","7","0","","67","5","2021","3","40.048194","-74.99725","0720","6","0","0","0","0","0","0","0","0","","0","0","0","7","1","0","","3","0","40 02:53.500","","2","74 59:50.100","0","0","0","0","67301","0","0","0","N","0","0","0","1","67301","0","","4.0","","1","N","N","N","0","","0","0","0","0","0","","717","1","0","0","0","0","0","0","2","0","1","0","0","0","3","03","","N","","","","","","","","","",""
"2021040311","0309","1","0","0","0","0","0","0","0","0","7","0","","67","5","2021","2","39.95713","-75.156272","0304","6","0","0","0","0","0","0","0","0","","0","0","0","3","3","1","N","0","2","39 57:25.667","4","0","75 09:22.579","3","0","0","0","67301","0","0","0","N","0","0","0","1","68K01","0","","4.0","349.0","1","N","N","N","0","","1","0","0","0","0","N","304","1","1","0","0","0","0","0","2","0","1","0","0","0","3","","","N","","","","","","","","","",""
"2021042844","1910","1","0","0","1","0","0","0","0","0","8","0","","67","5","2021","6","40.070611","-75.056944","1857","6","0","0","0","0","0","0","0","0","","0","0","0","18","1","1","N","0","0","40 04:14.200","","0","75 03:25.000","3","0","0","0","67301","1","0","0","N","0","0","0","2","67301","0","","1.0","","1","N","N","N","0","","1","0","0","0","0","","1856","2","1","0","0","0","0","0","2","0","1","1","0","0","3","03","","N","","","","","","","","","",""
"2021070421","1659","0","0","0","0","0","0","0","0","0","8","0","","67","6","2021","3","40.016825","-75.076178","1659","6","0","0","0","0","0","1","0","0","","0","0","0","16","1","1","N","0","0","40 01:00.570","","0","75 04:34.240","8","0","0","0","67301","1","0","0","N","1","0","0","2","67301","0","","1.0","","1","N","N","N","1","","0","0","0","0","0","","1650","2","1","1","0","0","1","0","2","0","1","1","0","0","3","03","","N","","","","","","","","","",""
"2021040152","1514","2","0","0","0","0","0","0","0","0","1","0","","67","5","2021","1","40.029833","-75.229356","1506","6","0","0","0","0","0","1","1","0","","0","0","0","14","1","2","Y","0","0","40 01:47.400","","0","75 13:45.680","8","0","0","0","67301","0","0","0","N","0","0","0","3","67301","0","","1.0","","1","N","N","N","0","","0","0","0","3","2","","1458","2","2","0","0","0","2","0","2","0","2","0","0","0","3","03","","N","","","","","","","","","",""
"2021053581","0200","2","0","0","0","0","0","0","0","0","5","0","","67","6","2021","7","39.939289","-75.2292","0200","6","0","0","0","0","0","0","0","0","","0","0","0","0","3","0","N","0","0","39 56:21.440","","0","75 13:45.120","0","0","0","0","67301","0","0","0","N","0","0","0","1","67301","0","","6.0","","1","N","N","N","0","","0","0","1","0","0","","56","4","0","0","0","0","0","0","2","1","4","0","0","0","3","","","N","","","","","","","","","",""
"2021058816","1901","2","0","0","0","0","0","0","0","0","1","0","","67","6","2021","6","39.948856","-75.217086","1900","6","0","0","0","0","0","0","0","0","","0","0","0","17","4","2","N","0","0","39 56:55.880","","0","75 13:01.510","3","0","0","0","67301","0","0","0","N","0","0","0","4","67301","0","","1.0","","9","N","N","N","0","","2","0","1","0","0","","1745","3","2","0","0","0","0","0","2","0","3","0","0","0","3","03","","N","","","","","","","","","",""
"2021039732","1842","1","0","0","0","0","0","0","0","0","8","0","","67","5","2021","7","40.04278","-75.086196","1835","6","0","0","0","0","0","0","0","0","","0","0","0","18","1","1","N","0","0","40 02:34.008","","0","75 05:10.307","3","0","0","0","67301","1","0","0","N","1","0","0","2","67301","0","","1.0","","1","N","N","N","0","","1","0","0","9","9","","1830","2","1","1","0","0","0","0","2","0","1","1","0","0","3","","","N","","","","","","","","","",""
"2021041369","2035","1","0","0","0","0","0","0","0","0","1","0","","67","5","2021","2","40.069752","-75.06946","2035","6","0","0","0","0","0","0","0","0","","0","0","0","20","3","0","N","0","0","40 04:11.108","","0","75 04:10.055","0","0","0","0","67301","0","0","0","N","0","0","0","1","67301","0","","6.0","","9","N","N","N","0","","0","0","1","0","0","","2020","2","0","1","0","0","0","0","2","0","2","0","0","0","7","07","","N","","","","","","","","","",""
"2021070669","0146","1","0","0","0","0","0","0","0","0","4","0","","67","7","2021","5","40.044597","-75.120412","0145","6","0","0","0","0","0","0","0","0","","0","0","0","1","3","0","N","0","0","40 02:40.548","","0","75 07:13.483","0","0","0","0","67301","0","0","0","N","0","0","0","1","67301","0","","4.0","","1","N","N","N","0","","0","0","1","0","0","","140","2","0","0","0","0","0","0","2","0","2","0","0","0","3","","","N","","","","","","","","","",""
"2021069894","1950","3","0","0","0","0","0","0","0","0","5","1","","67","7","2021","2","40.025804","-75.120388","1935","6","0","0","0","0","0","0","0","0","","0","1","0","19","1","0","N","0","1","40 01:32.895","1","0","75 07:13.395","0","0","0","0","67301","0","0","0","N","0","0","0","2","67301","0","","1.0","2000.0","1","N","N","N","0","","0","0","0","0","0","N","1930","4","0","0","0","0","0","0","2","0","4","0","0","0","3","03","","N","","","","","","","","","",""
"2021078559","1035","0","0","0","0","0","0","0","0","0","8","0","","67","8","2021","7","40.028549","-75.057919","1035","6","0","0","0","0","0","0","0","0","","0","1","0","10","1","1","","1","0","40 01:42.775","","0","75 03:28.507","8","0","0","0","67301","1","0","0","N","1","0","0","1","67301","0","","1.0","","1","N","N","N","0","","0","0","0","3","2","","1034","2","1","0","0","0","1","0","2","0","1","1","0","0","4","04","","N","","","","","","","","","",""
"2021051067","0409","2","0","0","0","0","0","0","0","0","5","0","","67","6","2021","5","39.967746","-75.245656","0357","6","0","0","0","0","0","0","0","0","","0","0","0","3","3","2","N","0","0","39 58:03.887","","0","75 14:44.362","4","0","0","0","67301","0","0","0","N","0","0","0","2","67301","1","","6.0","","1","N","N","N","0","","0","0","3","0","0","","322","5","2","0","0","0","1","0","2","0","5","0","0","0","3","03","","N","","","","","","","","","",""
"2021051931","1714","1","0","0","0","0","0","0","0","0","4","0","","67","6","2021","1","40.089186","-75.021009","1709","6","0","0","0","0","0","2","0","0","","0","0","0","17","1","1","","1","0","40 05:21.068","","0","75 01:15.633","3","0","0","0","67301","0","0","0","N","0","0","0","3","67301","0","","1.0","","1","N","N","N","0","","1","0","1","1","2","","1700","3","1","0","0","0","0","0","2","1","3","0","0","0","3","03","","N","","","","","","","","","",""
"2021079631","0522","1","0","0","0","0","0","0","0","0","6","1","","67","8","2021","7","40.049935","-75.086218","0515","6","0","0","0","0","0","0","0","0","","0","1","0","5","3","0","N","0","0","40 02:59.765","","0","75 05:10.386","0","0","0","0","67301","0","0","0","N","0","0","0","1","67301","0","","1.0","","1","N","N","N","0","","0","0","0","0","0","","515","2","0","0","0","0","0","0","2","0","2","0","0","0","3","03","","N","","","","","","","","","",""
"2021051487","1130","0","0","0","0","0","0","0","0","0","4","0","","67","6","2021","6","39.922656","-75.219261","1115","6","0","0","0","0","1","0","0","0","","0","0","0","10","1","3","N","0","0","39 55:21.560","","7","75 13:09.340","3","0","0","0","67301","0","0","0","N","0","0","0","3","67301","0","","1.0","","1","N","N","N","0","","3","0","1","0","0","","1053","2","3","3","0","0","0","0","2","1","2","0","0","0","3","03","","N","","","","","","","","","",""
"2021050568","2213","1","0","0","0","0","0","0","0","0","1","0","","67","6","2021","3","39.91951","-75.203812","2210","6","0","0","0","0","0","0","0","0","","0","0","0","22","3","2","N","0","0","39 55:10.235","","3","75 12:13.724","8","0","0","0","67301","0","0","0","N","0","0","0","2","67301","0","","1.0","","1","N","N","N","0","","0","0","0","0","0","","2200","2","2","0","0","0","2","0","2","1","2","0","0","0","3","","","N","","","","","","","","","",""
"2021121178","1421","1","0","0","0","0","0","0","0","0","1","1","","67","11","2021","2","39.979378","-75.204112","1415","6","0","0","0","1","0","1","0","0","","0","1","0","14","1","2","N","0","1","39 58:45.760","3","0","75 12:14.804","8","0","0","0","67301","0","0","0","N","0","0","0","5","68K01","0","","1.0","1521.0","1","N","N","N","1","","0","0","2","0","0","N","1403","5","2","0","0","0","2","0","2","0","5","0","0","0","3","","","N","","","","","","","","","",""
"2021070904","1600","1","0","0","0","0","0","0","0","0","7","0","","67","7","2021","4","39.920591","-75.147952","1543","6","0","0","0","1","0","0","0","0","","0","0","0","15","1","0","N","0","1","39 55:14.128","1","0","75 08:52.627","0","0","0","0","67301","0","0","0","N","0","0","0","1","68K01","0","","4.0","1608.0","1","N","N","N","0","","0","0","0","0","0","N","1540","1","0","0","0","0","0","0","2","0","1","0","0","0","3","03","","N","","","","","","","","","",""
"2021070437","1029","2","0","0","0","0","0","0","0","0","4","1","","67","7","2021","7","40.008621","-75.068836","1028","6","0","0","0","0","0","0","0","0","","0","1","0","10","1","2","","1","0","40 00:31.034","","0","75 04:07.810","3","0","0","0","67301","0","0","0","N","0","0","0","4","67301","0","","1.0","","1","N","N","N","0","","2","0","0","3","2","","1024","3","2","0","0","0","0","0","2","0","3","0","0","0","3","03","","N","","","","","","","","","",""
"2021041106","2137","0","0","0","0","0","0","0","0","0","5","0","","67","5","2021","5","39.997503","-75.167164","2135","6","0","0","0","0","0","0","0","0","","0","0","0","21","3","0","N","0","2","39 59:51.010","5","0","75 10:01.790","0","0","0","0","67301","0","0","0","N","0","0","0","1","67301","0","","6.0","2229.0","1","N","N","N","0","","0","0","1","0","0","Y","2133","2","0","0","0","0","0","0","2","1","2","0","0","0","3","03","","N","","","","","","","","","",""
"2021051741","1420","2","0","0","0","0","0","0","0","0","1","0","","67","6","2021","4","39.985458","-75.258546","1400","6","0","0","0","0","0","0","0","0","","0","0","0","12","1","1","","2","0","39 59:07.647","","0","75 15:30.765","4","0","0","0","67301","0","0","0","N","0","0","0","2","67301","1","","1.0","","1","N","N","N","0","","0","0","0","3","2","","1200","2","1","1","0","0","0","0","2","0","2","0","0","0","3","03","","N","","","","","","","","","",""
"2021050683","2150","1","0","0","0","0","0","0","0","0","2","0","","67","6","2021","3","40.008615","-75.083512","2132","6","0","0","0","0","1","0","0","0","","0","0","0","21","3","2","N","0","1","40 00:31.014","1","0","75 05:00.644","4","0","0","0","67301","0","0","0","N","0","0","0","5","67301","2","","1.0","2300.0","1","N","N","Y","1","","0","0","1","0","0","N","2130","3","2","0","0","0","0","3","2","0","3","0","0","0","3","03","","N","","","","","","","","","",""
"2021051338","0945","1","0","0","0","0","0","0","0","0","8","0","","67","6","2021","5","39.995615","-75.16754","0939","6","0","0","0","0","0","0","0","0","","0","0","0","20","4","1","","1","0","39 59:44.213","","0","75 10:03.144","3","0","0","0","67301","1","0","0","N","1","0","0","2","67301","0","","1.0","","1","N","N","N","0","","1","0","0","3","2","","2030","2","1","0","0","0","0","0","2","0","1","1","0","0","3","03","","N","","","","","","","","","",""
"2021053653","1250","1","0","0","0","0","0","0","0","0","4","0","","67","6","2021","3","40.021723","-75.125668","1239","6","0","0","0","0","0","0","0","0","","0","0","0","14","1","1","","1","0","40 01:18.202","","0","75 07:32.404","3","0","0","0","67301","0","0","0","N","0","0","0","2","67301","0","","1.0","","1","N","N","N","0","","1","0","1","3","2","","1430","2","1","0","0","0","0","1","2","0","2","0","0","0","3","03","","N","","","","","","","","","",""
"2021046135","1930","2","0","0","0","0","0","0","0","0","5","0","","67","5","2021","3","40.023642","-75.211486","1924","6","0","0","0","0","0","0","0","0","","0","0","0","19","1","0","N","0","2","40 01:25.110","2","0","75 12:41.350","9","0","0","0","67301","0","0","0","N","0","0","0","1","67301","0","","6.0","2035.0","1","N","N","N","0","","0","0","1","0","0","Y","1907","3","0","0","0","0","0","1","2","0","3","0","0","0","3","03","","N","","","","","","","","","",""
"2021079932","2207","1","0","0","0","0","0","0","0","0","2","0","","67","8","2021","3","39.934464","-75.233022","2205","6","0","0","0","0","0","0","0","0","","0","0","0","22","3","1","N","0","0","39 56:04.070","","0","75 13:58.880","4","0","0","0","67301","0","0","0","N","0","0","0","1","67301","1","","1.0","","1","N","N","N","0","","0","0","1","3","2","","2205","2","1","0","0","0","0","0","2","0","2","0","0","0","3","","","N","","","","","","","","","",""
"2021039381","0056","1","0","0","0","0","0","0","0","0","4","0","","67","5","2021","1","39.952578","-75.148464","0056","6","0","0","0","0","0","0","0","0","","0","0","0","0","3","1","","1","2","39 57:09.282","1","0","75 08:54.470","3","0","0","0","67301","0","0","0","N","0","0","0","3","67301","0","","1.0","300.0","1","N","N","N","0","","1","0","1","3","2","Y","56","2","1","0","0","0","0","0","2","0","2","0","0","0","3","","","N","","","","","","","","","",""
"2021069341","1921","1","0","0","0","0","0","0","0","0","1","0","","67","7","2021","2","39.939395","-75.14378","1921","6","0","0","0","0","0","0","0","0","","0","0","0","19","1","0","N","0","0","39 56:21.821","","0","75 08:37.608","0","0","0","0","67301","0","0","0","N","0","0","0","4","68K01","0","","1.0","","1","N","N","N","1","","0","0","0","0","0","","1905","2","0","0","0","0","0","0","2","0","2","0","0","0","3","","","N","","","","","","","","","",""
"2021040011","1340","0","0","0","0","0","0","0","0","0","5","0","","67","5","2021","2","40.031753","-75.102747","1331","6","0","0","0","0","0","1","0","0","","0","0","0","13","1","1","N","0","0","40 01:54.310","","0","75 06:09.890","3","0","0","0","67301","0","0","0","N","0","0","0","3","67301","0","","1.0","","1","N","N","N","0","","1","0","2","0","0","","1329","2","1","1","0","0","0","0","2","0","2","0","0","0","3","03","","N","","","","","","","","","",""
"2021070640","2320","2","0","0","0","0","0","0","0","0","4","0","","67","7","2021","5","40.01828","-75.148777","2310","6","0","0","0","0","0","0","0","0","","0","0","0","23","3","1","N","0","1","40 01:05.807","4","0","75 08:55.596","4","0","0","0","67301","0","0","0","N","0","0","0","2","67505","1","","1.0","1145.0","9","N","N","N","0","","0","0","0","0","0","N","2300","2","1","0","0","0","0","1","2","0","2","0","0","0","3","","","N","","","","","","","","","",""
"2021062677","1215","1","0","0","0","0","0","0","0","0","4","0","","67","7","2021","4","39.975573","-75.156318","1204","6","0","0","0","0","0","0","1","0","","0","0","0","12","1","1","","1","0","39 58:32.062","","0","75 09:22.744","8","0","0","0","67301","0","0","0","N","0","0","0","2","67509","0","","1.0","","1","N","N","N","1","","0","0","0","3","2","","1204","2","1","0","0","0","1","0","2","0","2","0","0","0","3","03","","N","","","","","","","","","",""
"2021049753","2215","1","0","0","0","0","0","0","0","0","4","0","","67","5","2021","1","39.974821","-75.198444","2210","6","0","0","0","0","1","0","0","0","","0","0","0","22","3","1","","2","0","39 58:29.354","","7","75 11:54.397","3","0","0","0","67301","0","0","0","N","0","0","0","2","67301","0","","1.0","","1","N","N","N","0","","1","0","1","3","2","","2200","2","1","0","0","0","0","0","2","0","2","0","0","0","3","03","","N","","","","","","","","","",""
"2021051298","1641","1","0","0","0","0","0","0","0","0","1","0","","67","6","2021","3","39.943156","-75.192927","1637","6","0","0","0","0","0","0","0","0","","0","0","0","16","1","1","N","0","1","39 56:35.362","3","0","75 11:34.537","3","0","0","0","67301","0","0","0","N","0","0","0","2","68K01","0","","1.0","1655.0","1","N","N","N","0","","1","0","1","0","0","N","1635","2","1","0","0","0","0","0","2","0","2","0","0","0","3","","","N","","","","","","","","","",""
"2021080534","0716","0","0","0","0","0","0","0","0","0","7","0","","67","8","2021","1","39.957258","-75.1519","0714","6","0","0","0","0","0","0","0","0","","0","0","0","7","1","1","N","0","1","39 57:26.128","4","0","75 09:06.839","8","0","0","0","67301","0","0","0","N","0","0","0","1","68K01","0","","2.0","720.0","9","N","N","N","0","","0","0","1","0","0","N","713","1","1","0","0","0","1","0","2","0","1","0","0","0","7","07","","N","","","","","","","","","",""