"CRN","ARRIVAL_TM","AUTOMOBILE_COUNT","BELTED_DEATH_COUNT","BELTED_SUSP_SERIOUS_INJ_COUNT","BICYCLE_COUNT","BICYCLE_DEATH_COUNT","BICYCLE_SUSP_SERIOUS_INJ_COUNT","BUS_COUNT","CHLDPAS_DEATH_COUNT","CHLDPAS_SUSP_SERIOUS_INJ_COUNT","COLLISION_TYPE","COMM_VEH_COUNT","CONS_ZONE_SPD_LIM","COUNTY","CRASH_MONTH","CRASH_YEAR","DAY_OF_WEEK","DEC_LATITUDE","DEC_LONGITUDE","DISPATCH_TM","DISTRICT","DRIVER_COUNT_16YR","DRIVER_COUNT_17YR","DRIVER_COUNT_18YR","DRIVER_COUNT_19YR","DRIVER_COUNT_20YR","DRIVER_COUNT_50_64YR","DRIVER_COUNT_65_74YR","DRIVER_COUNT_75PLUS","EST_HRS_CLOSED","FATAL_COUNT","HEAVY_TRUCK_COUNT","HORSE_BUGGY_COUNT","HOUR_OF_DAY","ILLUMINATION","INJURY_COUNT","INTERSECTION_RELATED","INTERSECT_TYPE","LANE_CLOSED","LATITUDE","LN_CLOSE_DIR","LOCATION_TYPE","LONGITUDE","MAX_SEVERITY_LEVEL","MCYCLE_DEATH_COUNT","MCYCLE_SUSP_SERIOUS_INJ_COUNT","MOTORCYCLE_COUNT","MUNICIPALITY","NONMOTR_COUNT","NONMOTR_DEATH_COUNT","NONMOTR_SUSP_SERIOUS_INJ_COUNT","NTFY_HIWY_MAINT","PED_COUNT","PED_DEATH_COUNT","PED_SUSP_SERIOUS_INJ_COUNT","PERSON_COUNT","POLICE_AGCY","POSSIBLE_INJ_COUNT","RDWY_SURF_TYPE_CD","RELATION_TO_ROAD","ROADWAY_CLEARED","ROAD_CONDITION","SCH_BUS_IND","SCH_ZONE_IND","SECONDARY_CRASH","SMALL_TRUCK_COUNT","SPEC_JURIS_CD","SUSP_MINOR_INJ_COUNT","SUSP_SERIOUS_INJ_COUNT","SUV_COUNT","TCD_FUNC_CD","TCD_TYPE","TFC_DETOUR_IND","TIME_OF_DAY","TOTAL_UNITS","TOT_INJ_COUNT","UNBELTED_OCC_COUNT","UNB_DEATH_COUNT","UNB_SUSP_SERIOUS_INJ_COUNT","UNK_INJ_DEG_COUNT","UNK_INJ_PER_COUNT","URBAN_RURAL","VAN_COUNT","VEHICLE_COUNT","VULNERABLE_ROAD_USER_COUNT","VULNERABLE_ROAD_USER_DEATH_COUNT","VULNERABLE_ROAD_USER_SER_INJ_COUNT","WEATHER1","WEATHER2","WORKERS_PRES","WORK_ZONE_IND","WORK_ZONE_LOC","WORK_ZONE_TYPE","WZ_CLOSE_DETOUR","WZ_FLAGGER","WZ_LAW_OFFCR_IND","WZ_LN_CLOSURE","WZ_MOVING","WZ_OTHER","WZ_SHLDER_MDN","WZ_WORKERS_INJ_KILLED"
"2021051486","1020","1","0","0","0","0","0","0","0","0","4","0","","67","6","2021","5","39.933477","-75.215566","0930","6","0","0","0","0","0","1","0","0","","0","0","0","9","1","1","","3","0","39 56:00.517","","7","75 12:56.036","3","0","0","0","67301","0","0","0","N","0","0","0","2","67301","0","","1.0","","9","N","N","N","0","","1","0","1","3","2","","929","2","1","0","0","0","0","1","2","0","2","0","0","0","4","07","","N","","","","","","","","","",""
"2021050213","1939","1","0","0","1","0","0","0","0","0","8","0","","67","6","2021","3","40.027579","-75.147244","1939","6","0","0","1","0","0","0","0","0","","0","0","0","14","1","1","","1","0","40 01:39.286","","0","75 08:50.079","3","0","0","0","67301","1","0","0","N","0","0","0","2","67301","0","","1.0","","1","N","N","N","0","","1","0","0","3","2","","1400","2","1","0","0","0","0","0","2","0","1","1","0","0","3","","","N","","","","","","","","","",""
"2021051828","1005","0","0","0","0","0","0","0","0","0","4","0","","67","5","2021","2","40.02958","-75.103989","1005","6","0","0","0","0","0","0","0","0","","0","0","0","23","6","1","","3","0","40 01:46.488","","0","75 06:14.359","2","0","0","0","67301","0","0","0","N","0","0","0","4","67301","0","","1.0","","99","N","N","N","0","","0","1","2","9","2","","2300","2","1","3","0","1","0","2","2","0","2","0","0","0","99","","","N","","","","","","","","","",""
"2021053673","1955","1","0","0","0","0","0","0","0","0","4","0","","67","6","2021","7","40.017979","-75.155001","1951","6","0","0","0","0","0","0","0","0","","0","0","0","19","4","2","","1","1","40 01:04.726","2","0","75 09:18.002","3","0","0","0","67301","0","0","0","N","0","0","0","2","67301","0","","1.0","2130.0","1","N","N","N","0","","1","0","1","3","2","Y","1930","2","2","0","0","0","1","0","2","0","2","0","0","0","3","","","N","","","","","","","","","",""
"2021051648","0955","0","0","0","1","0","0","0","0","0","8","0","","67","6","2021","7","39.97773","-75.226476","0950","6","0","0","0","0","0","0","0","0","","0","0","0","9","1","1","","2","0","39 58:39.829","","0","75 13:35.313","4","0","0","0","67301","1","0","0","N","0","0","0","2","67301","1","","1.0","","1","N","N","N","0","","0","0","1","3","3","","937","2","1","0","0","0","0","0","2","0","1","1","0","0","3","03","","N","","","","","","","","","",""
"2021080551","2045","0","0","0","0","0","0","0","0","0","1","0","","67","7","2021","1","39.968242","-75.129044","2030","6","0","0","0","0","0","1","0","0","","0","0","0","19","1","2","N","0","0","39 58:05.672","","0","75 07:44.558","8","0","0","0","67301","0","0","0","N","0","0","0","3","68K01","0","","1.0","","1","N","N","N","0","","0","0","1","0","0","","1914","2","2","0","0","0","2","1","2","0","2","0","0","0","3","03","","N","","","","","","","","","",""
"2021051166","1906","2","0","0","0","0","0","0","0","0","4","0","","67","6","2021","4","40.047122","-75.097998","1904","6","0","0","0","0","0","0","0","0","","0","0","0","19","1","1","","1","1","40 02:49.639","1","0","75 05:52.794","3","0","0","0","67301","0","0","0","N","0","0","0","2","67301","0","","1.0","2037.0","1","N","N","N","0","","1","0","0","3","2","N","1900","2","1","0","0","0","0","0","2","0","2","0","0","0","3","","","N","","","","","","","","","",""
"2021052278","1555","0","0","0","0","0","0","0","0","0","0","0","","67","6","2021","1","39.968817","-75.160093","1555","6","0","0","0","0","0","0","0","0","","0","0","0","1","3","0","N","0","0","39 58:07.741","","0","75 09:36.333","0","0","0","0","67301","0","0","0","N","0","0","0","1","67301","0","","1.0","","1","N","N","N","0","","0","0","1","0","0","","100","1","0","1","0","0","0","0","2","0","1","0","0","0","3","03","","N","","","","","","","","","",""
"2021079133","1719","1","0","0","0","0","0","0","0","0","4","0","","67","8","2021","2","39.984697","-75.15663","1719","6","0","0","0","0","0","1","0","0","","0","0","0","17","1","1","Y","1","0","39 59:04.910","","0","75 09:23.867","4","0","0","0","67301","0","0","0","N","0","0","0","3","67301","1","","1.0","","9","N","N","N","1","","0","0","0","0","0","","1719","2","1","0","0","0","0","0","2","0","2","0","0","0","7","04","","N","","","","","","","","","",""
"2021036471","1400","3","0","0","0","0","0","0","0","0","4","0","","67","4","2021","4","39.905757","-75.193824","1355","6","0","0","0","0","0","0","0","0","","0","0","0","13","1","1","","1","0","39 54:20.725","","0","75 11:37.765","8","0","0","0","67301","0","0","0","N","0","0","0","3","67301","0","","1.0","","9","N","N","N","0","","0","0","0","3","2","","1353","3","1","2","0","0","1","0","2","0","3","0","0","0","7","07","","N","","","","","","","","","",""
"2021053571","1330","0","0","0","0","0","0","0","0","0","8","0","","67","6","2021","1","39.953949","-75.159464","1325","6","0","0","0","0","0","0","0","0","","0","0","0","13","1","1","","1","0","39 57:14.217","","0","75 09:34.069","3","0","0","0","67301","1","0","0","N","1","0","0","2","67301","0","","1.0","","1","N","N","N","0","","1","0","1","3","2","","1323","2","1","0","0","0","0","0","2","0","1","1","0","0","3","03","","N","","","","","","","","","",""
"2021078405","1911","0","0","0","0","0","0","0","0","0","7","0","","67","8","2021","7","40.067069","-75.195767","1905","6","0","0","0","0","1","0","0","0","","0","0","0","19","4","1","N","0","0","40 04:01.450","","0","75 11:44.760","8","0","0","0","67301","0","0","0","N","0","0","0","1","67301","0","","5.0","","9","N","N","N","0","","0","0","1","0","0","","1900","1","1","0","0","0","1","0","2","0","1","0","0","0","4","07","","N","","","","","","","","","",""
"2021048484","0942","0","0","0","0","0","0","0","0","0","1","0","","67","5","2021","5","39.960068","-75.179394","0941","6","0","0","0","0","0","0","0","0","","0","0","0","9","1","0","N","0","1","39 57:36.245","4","0","75 10:45.819","0","0","0","0","67301","0","0","0","N","0","0","0","3","68K01","0","","1.0","1030.0","1","N","N","N","0","","0","0","1","0","0","N","937","2","0","0","0","0","0","0","2","1","2","0","0","0","3","","","N","","","","","","","","","",""
"2021057149","1833","1","0","0","0","0","0","0","0","0","2","0","","67","6","2021","5","39.997758","-75.102703","1832","6","0","0","0","0","0","0","0","0","","0","0","0","18","1","1","N","0","0","39 59:51.930","","0","75 06:09.730","8","0","0","0","67301","0","0","0","N","0","0","0","4","67301","0","","1.0","","9","N","N","N","0","","0","0","1","0","0","","1826","2","1","0","0","0","1","0","2","0","2","0","0","0","4","07","","N","","","","","","","","","",""
"2021060662","1728","1","0","0","0","0","0","0","0","0","1","0","","67","6","2021","6","39.932159","-75.145415","1640","6","0","0","0","0","0","1","0","0","","0","0","0","16","1","1","N","0","0","39 55:55.773","","3","75 08:43.495","4","0","0","0","67301","0","0","0","N","0","0","0","2","68K01","1","","1.0","","9","N","N","N","0","","0","0","1","0","0","","1627","2","1","0","0","0","0","0","2","0","2","0","0","0","7","","","N","","","","","","","","","",""
"2021051744","1044","1","0","0","0","0","0","0","0","0","8","0","","67","6","2021","7","39.993194","-75.161444","1034","6","0","0","0","0","0","0","0","0","","0","0","0","10","1","1","N","0","0","39 59:35.500","","0","75 09:41.200","8","0","0","0","67301","1","0","0","N","1","0","0","2","67301","0","","1.0","","1","N","N","N","0","","0","0","0","0","0","","1034","2","1","0","0","0","1","0","2","0","1","1","0","0","3","03","","N","","","","","","","","","",""
"2021045428","1810","0","0","0","0","0","0","0","0","0","4","0","","67","5","2021","3","40.007393","-75.078188","1807","6","0","0","0","0","0","1","0","0","","0","0","0","18","1","0","","1","1","40 00:26.614","2","0","75 04:41.477","0","0","0","0","67301","0","0","0","N","0","0","0","4","67301","0","","1.0","1925.0","1","N","N","N","0","","0","0","2","3","2","N","1800","2","0","3","0","0","0","0","2","0","2","0","0","0","3","03","","N","","","","","","","","","",""
"2021080352","0649","2","0","0","0","0","0","0","0","0","5","0","","67","8","2021","1","39.95718","-75.15665","0634","6","0","0","0","0","0","2","0","0","","0","0","0","6","5","0","N","0","0","39 57:25.848","","0","75 09:23.939","0","0","0","0","67301","0","0","0","N","0","0","0","3","68K01","0","","1.0","","9","N","N","N","1","","0","0","0","0","0","","624","3","0","0","0","0","0","0","2","0","3","0","0","0","7","","","N","","","","","","","","","",""
"2021053668","1820","2","0","0","0","0","0","0","0","0","4","0","","67","6","2021","2","40.045755","-75.14316","1820","6","0","0","1","0","0","0","0","0","","0","0","0","17","1","0","","2","0","40 02:44.717","","0","75 08:35.375","9","0","0","0","67301","0","0","0","N","0","0","0","2","67301","0","","1.0","","99","N","N","N","0","","0","0","0","3","3","","1750","2","0","0","0","0","0","1","2","0","2","0","0","0","3","","","N","","","","","","","","","",""
"2021035621","1311","2","0","0","0","0","0","0","0","0","5","0","","67","4","2021","5","40.013973","-75.157949","1307","6","0","0","0","0","0","0","0","1","","0","0","0","13","1","1","","1","1","40 00:50.303","4","0","75 09:28.618","3","0","0","0","67301","0","0","0","N","0","0","0","2","67301","0","","1.0","1345.0","1","N","Y","N","0","","1","0","0","0","0","Y","1305","2","1","0","0","0","0","0","2","0","2","0","0","0","4","04","","N","","","","","","","","","",""
"2021078355","1050","2","0","0","0","0","0","0","0","0","1","0","","67","8","2021","2","40.017973","-75.170974","1050","6","0","0","0","0","0","0","0","0","","0","0","0","22","6","0","N","0","0","40 01:04.701","","2","75 10:15.507","9","0","0","0","67301","0","0","0","N","0","0","0","2","67301","0","","1.0","","1","N","N","N","0","","0","0","0","0","0","","2227","2","0","0","0","0","0","1","2","0","2","0","0","0","3","03","","N","","","","","","","","","",""
"2021050842","1630","3","0","0","0","0","0","0","0","0","5","0","","67","6","2021","4","39.995272","-75.112044","1630","6","0","0","0","0","0","0","0","1","","0","0","0","16","1","0","N","0","0","39 59:42.980","","0","75 06:43.360","9","0","0","0","67301","0","0","0","N","0","0","0","3","67301","0","","1.0","","1","N","N","N","0","","0","0","1","0","0","","1630","4","0","0","0","0","0","1","2","0","4","0","0","0","3","98","","N","","","","","","","","","",""
"2021051571","0034","1","0","0","0","0","0","1","0","0","4","1","","67","6","2021","7","40.020228","-75.148743","0032","6","0","0","0","0","0","0","0","0","","0","0","0","0","3","2","","1","0","40 01:12.821","","0","75 08:55.476","2","0","0","0","67301","0","0","0","N","0","0","0","7","67301","0","","1.0","","1","N","N","N","0","","1","1","0","3","2","","30","2","2","0","0","0","0","0","2","0","2","0","0","0","3","03","","N","","","","","","","","","",""
"2021053606","1735","2","0","0","0","0","0","0","0","0","1","0","","67","6","2021","2","40.038","-75.054528","1730","6","0","0","0","0","0","0","0","0","","0","0","0","17","1","3","N","0","1","40 02:16.800","3","0","75 03:16.300","3","0","0","0","67301","0","0","0","N","0","0","0","3","67301","0","","6.0","1900.0","1","N","N","N","0","","3","0","1","0","0","Y","1729","3","3","0","0","0","0","0","2","0","3","0","0","0","3","03","","N","","","","","","","","","",""
"2021054837","0739","1","0","0","0","0","0","0","0","0","7","0","99","67","6","2021","7","39.982499","-75.100189","0739","6","0","0","0","0","0","0","0","0","","0","0","0","7","1","0","N","0","1","39 58:56.998","2","0","75 06:00.680","0","0","0","0","67301","0","0","0","N","0","0","0","1","68K01","0","","4.0","825.0","1","N","N","N","0","","0","0","0","3","8","N","737","1","0","0","0","0","0","0","2","0","1","0","0","0","3","","U","Y","4","1","","","U","","","","Y","N"
"2021056437","0130","0","0","0","0","0","0","0","0","0","1","0","","67","6","2021","5","39.95087","-75.14107","0130","6","0","0","0","0","0","0","0","0","","0","0","0","1","3","1","","7","1","39 57:03.131","1","2","75 08:27.851","4","0","0","0","67301","0","0","0","N","0","0","0","2","68K01","1","","7.0","200.0","1","N","N","N","0","","0","0","1","0","0","N","125","2","1","0","0","0","0","0","2","1","2","0","0","0","3","03","","N","","","","","","","","","",""
"2021053624","1111","2","0","0","0","0","0","0","0","0","4","0","","67","6","2021","2","39.986524","-75.157896","1110","6","0","0","0","0","0","0","0","0","","0","0","0","11","1","0","","1","0","39 59:11.485","","0","75 09:28.427","0","0","0","0","67301","0","0","0","N","0","0","0","2","67301","0","","1.0","","1","N","N","N","0","","0","0","0","3","2","","1106","2","0","2","0","0","0","0","2","0","2","0","0","0","3","04","","N","","","","","","","","","",""
"2021052064","2028","0","0","0","0","0","0","0","0","0","1","0","","67","6","2021","1","40.050667","-75.173272","2027","6","0","0","0","0","0","0","0","0","","0","0","0","19","4","3","","1","0","40 03:02.401","","0","75 10:23.780","3","0","0","0","67301","0","0","0","N","0","0","0","8","67301","0","","1.0","","1","N","N","N","0","","1","0","1","3","2","","1920","2","3","0","0","0","2","5","2","1","2","0","0","0","3","03","","N","","","","","","","","","",""
"2021078506","0920","1","0","0","0","0","0","0","0","0","1","0","","67","8","2021","6","39.992764","-75.140061","0910","6","0","0","0","0","0","0","0","0","","0","0","0","8","1","0","N","0","9","39 59:33.950","","0","75 08:24.220","0","0","0","0","67301","0","0","0","N","0","0","0","0","67301","0","","6.0","","9","N","N","Y","0","","0","0","1","0","0","U","832","2","0","0","0","0","0","0","2","0","2","0","0","0","7","07","","N","","","","","","","","","",""
"2021080137","1410","1","0","0","0","0","0","0","0","0","5","1","","67","8","2021","2","40.010372","-75.147335","1350","6","0","0","0","0","0","1","0","0","","0","1","0","13","1","0","","2","2","40 00:37.339","5","0","75 08:50.406","0","0","0","0","67301","0","0","0","N","0","0","0","1","67301","0","","1.0","1515.0","1","N","N","N","0","","0","0","0","0","0","Y","1330","2","0","0","0","0","0","0","2","0","2","0","0","0","3","03","","N","","","","","","","","","",""
"2021047244","2206","0","0","0","0","0","0","0","0","0","5","0","","67","5","2021","6","40.091227","-74.976823","2200","6","0","0","0","0","1","1","0","0","","0","0","0","22","3","0","N","0","1","40 05:28.418","4","0","74 58:36.562","0","0","0","0","67301","0","0","0","N","0","0","0","2","67301","0","","1.0","2320.0","1","N","N","N","1","","0","0","1","0","0","N","2200","2","0","0","0","0","0","0","2","0","2","0","0","0","3","03","","N","","","","","","","","","",""
"2021051929","1010","0","0","0","0","0","0","0","0","0","8","0","","67","6","2021","6","40.11992","-74.995246","1001","6","0","0","0","0","0","0","0","0","","0","0","0","9","1","1","","2","0","40 07:11.711","","0","74 59:42.885","8","0","0","0","67301","1","0","0","N","1","0","0","2","67301","0","","1.0","","1","N","N","N","0","","0","0","1","3","3","","955","2","1","1","0","0","1","0","2","0","1","1","0","0","4","","","N","","","","","","","","","",""
"2021079694","0021","1","0","0","0","0","0","0","0","0","1","0","","67","8","2021","4","39.99175","-75.140281","0020","6","0","0","0","0","0","0","0","0","","0","0","0","0","3","1","N","0","0","39 59:30.300","","0","75 08:25.010","4","0","0","0","67301","0","0","0","N","0","0","0","1","67301","1","","6.0","","1","N","N","N","1","","0","0","0","0","0","","0","2","1","0","0","0","0","0","2","0","2","0","0","0","3","03","","N","","","","","","","","","",""
"2021053676","1710","1","0","0","0","0","0","0","0","0","5","0","","67","6","2021","2","40.01719","-75.149512","1707","6","0","0","0","0","0","0","0","0","","0","0","0","17","1","0","Y","0","0","40 01:01.885","","0","75 08:58.243","9","0","0","0","67301","0","0","0","N","0","0","0","3","67301","0","","1.0","","1","N","N","N","0","","0","0","1","3","2","","1700","3","0","1","0","0","0","1","2","1","3","0","0","0","3","03","","N","","","","","","","","","",""
"2021073838","2259","1","0","0","0","0","0","0","0","0","8","0","","67","8","2021","5","39.956963","-75.225502","2257","6","0","0","0","0","0","0","0","0","","0","0","0","22","3","1","","1","0","39 57:25.067","","0","75 13:31.807","3","0","0","0","67301","1","0","0","N","1","0","0","2","67301","0","","1.0","","1","N","N","N","0","","1","0","0","3","2","","2255","2","1","0","0","0","0","0","2","0","1","1","0","0","3","03","","N","","","","","","","","","",""
"2021052066","0922","3","0","0","0","0","0","0","0","0","5","0","","67","6","2021","2","39.951064","-75.241031","0914","6","0","0","1","0","0","0","0","0","","0","0","0","9","1","0","N","0","0","39 57:03.830","","0","75 14:27.710","0","0","0","0","67301","0","0","0","N","0","0","0","1","67301","0","","6.0","","1","N","N","N","0","","0","0","0","0","0","","903","4","0","0","0","0","0","0","2","1","4","0","0","0","3","03","","N","","","","","","","","","",""
"2021080538","0936","1","0","0","0","0","0","0","0","0","7","0","","67","8","2021","1","40.039732","-75.007029","0932","6","0","1","0","0","0","0","0","0","","0","0","0","9","1","0","N","0","0","40 02:23.036","","0","75 00:25.306","0","0","0","0","67301","0","0","0","N","0","0","0","1","68K01","0","","4.0","","9","N","N","N","0","","0","0","0","0","0","","929","1","0","0","0","0","0","0","2","0","1","0","0","0","7","","","N","","","","","","","","","",""
"2021057807","0245","1","0","0","0","0","0","0","0","0","5","0","","67","6","2021","1","39.958076","-75.164233","0241","6","0","0","0","0","0","0","0","0","","0","0","0","2","3","1","N","0","0","39 57:29.075","","0","75 09:51.238","3","0","0","0","67301","0","0","0","N","0","0","0","4","68K01","0","","1.0","","1","N","N","N","0","","1","0","1","0","0","","237","2","1","0","0","0","0","0","2","0","2","0","0","0","3","","","N","","","","","","","","","",""
"2021046054","1805","1","0","0","0","0","0","0","0","0","4","0","","67","5","2021","3","40.014849","-75.206492","1754","6","0","0","0","0","1","0","0","0","","0","0","0","17","1","2","","1","0","40 00:53.458","","2","75 12:23.372","8","0","0","0","67301","0","0","0","N","0","0","0","3","67301","0","","1.0","","1","N","N","N","0","","0","0","1","3","3","","1745","2","2","0","0","0","2","0","2","0","2","0","0","0","3","03","","N","","","","","","","","","",""
"2021061848","2042","1","0","0","0","0","0","0","0","0","5","0","","67","6","2021","1","40.003008","-75.077589","2040","6","0","0","0","0","0","1","0","0","","0","0","0","20","3","0","N","0","0","40 00:10.830","","3","75 04:39.321","0","0","0","0","67301","0","0","0","N","0","0","0","5","68K01","0","","1.0","","1","N","N","N","0","","0","0","1","0","0","","2021","3","0","0","0","0","0","0","2","1","3","0","0","0","3","","","N","","","","","","","","","",""
"2021078708","1748","1","0","0","0","0","0","0","0","0","2","0","","67","8","2021","1","39.978668","-75.215834","1740","6","0","0","0","0","0","0","0","0","","0","0","0","17","4","0","N","0","0","39 58:43.203","","0","75 12:57.003","0","0","0","0","67301","0","0","0","N","0","0","0","2","67301","0","","2.0","","1","N","N","N","0","","0","0","1","0","0","","1708","2","0","0","0","0","0","0","2","0","2","0","0","0","4","03","","N","","","","","","","","","",""
"2021053598","0809","2","0","0","0","0","0","0","0","0","4","0","","67","6","2021","5","40.036661","-75.048579","0808","6","0","0","0","0","0","0","0","0","","0","0","0","8","1","1","","1","0","40 02:11.979","","0","75 02:54.884","4","0","0","0","67301","0","0","0","N","0","0","0","3","67301","1","","1.0","","9","N","N","N","0","","0","0","0","3","3","","806","2","1","0","0","0","0","0","2","0","2","0","0","0","4","","","N","","","","","","","","","",""
"2021079817","1955","0","0","0","0","0","0","0","0","0","5","0","","67","8","2021","7","39.898966","-75.169119","1944","6","0","0","0","0","0","0","0","0","","0","0","0","19","3","0","N","0","0","39 53:56.279","","0","75 10:08.827","0","0","0","0","67301","0","0","0","N","0","0","0","2","68K01","0","","1.0","","9","N","N","N","0","","0","0","2","0","0","","1940","2","0","0","0","0","0","0","2","0","2","0","0","0","7","","","N","","","","","","","","","",""
"2021045548","1525","0","0","0","0","0","0","0","0","0","1","0","","67","5","2021","3","39.957866","-75.162477","1500","6","0","0","0","0","0","0","0","0","","0","0","0","14","1","3","N","0","0","39 57:28.316","","0","75 09:44.918","8","0","0","0","67301","0","0","0","N","0","0","0","6","68K01","0","","1.0","","1","N","N","N","0","","0","0","2","0","0","","1432","2","3","0","0","0","3","0","2","0","2","0","0","0","3","03","","N","","","","","","","","","",""
"2021044893","0205","2","0","0","0","0","0","0","0","0","4","0","","67","5","2021","3","40.076528","-75.19494","0157","6","0","0","0","0","0","0","0","0","","0","0","0","1","3","0","","1","0","40 04:35.501","","0","75 11:41.783","9","0","0","0","67301","0","0","0","N","0","0","0","3","67301","0","","1.0","","1","N","N","N","0","","0","0","0","3","2","","157","2","0","0","0","0","0","1","2","0","2","0","0","0","3","03","","N","","","","","","","","","",""
"2021039647","2201","2","0","0","0","0","0","0","0","0","4","0","","67","5","2021","7","40.063842","-75.147465","2201","6","0","0","0","0","0","1","1","0","","0","0","0","22","3","1","","1","0","40 03:49.831","","0","75 08:50.874","3","0","0","0","67301","0","0","0","N","0","0","0","2","67301","0","","1.0","","1","N","N","N","0","","1","0","0","3","3","","2201","2","1","0","0","0","0","0","2","0","2","0","0","0","3","03","","N","","","","","","","","","",""
"2021051864","1201","0","0","0","0","0","0","0","0","0","5","0","","67","6","2021","1","40.056708","-75.011703","1154","6","0","0","0","1","0","0","0","0","","0","0","0","11","1","1","N","0","1","40 03:24.147","4","0","75 00:42.132","3","0","0","0","67301","0","0","0","N","0","0","0","2","67301","0","","1.0","1315.0","1","N","N","N","0","","1","0","3","0","0","Y","1152","4","1","0","0","0","0","0","2","1","4","0","0","0","3","03","","N","","","","","","","","","",""
"2021051653","1950","1","0","0","0","0","0","0","0","0","2","0","","67","6","2021","7","40.004139","-75.17262","1949","6","0","0","0","0","0","1","0","0","","0","0","0","19","1","3","N","0","2","40 00:14.899","6","0","75 10:21.431","3","0","0","0","67301","0","0","0","N","0","0","0","3","67301","1","","1.0","1005.0","1","N","N","N","0","","2","0","1","0","0","Y","1941","2","3","1","0","0","0","0","2","0","2","0","0","0","3","03","","N","","","","","","","","","",""
"2021079812","2325","1","0","0","0","0","0","0","0","0","7","0","","67","8","2021","6","39.950175","-75.141704","2318","6","0","0","0","0","1","0","0","0","","0","0","0","23","3","0","N","0","1","39 57:00.629","2","0","75 08:30.133","0","0","0","0","67301","0","0","0","N","0","0","0","4","68K01","0","","4.0","2328.0","1","N","N","N","0","","0","0","0","0","0","N","2317","1","0","0","0","0","0","0","2","0","1","0","0","0","3","","","N","","","","","","","","","",""
"2021079663","1655","0","0","0","1","0","1","0","0","0","8","0","","67","8","2021","3","40.114858","-75.03125","1648","6","0","0","0","0","0","1","0","0","","0","0","0","16","1","1","","1","2","40 06:53.488","5","0","75 01:52.500","2","0","0","0","67301","1","0","1","N","0","0","0","2","67301","0","","1.0","2012.0","1","N","N","N","0","","0","1","1","3","3","Y","1647","2","1","0","0","0","0","0","2","0","1","1","0","1","3","03","","N","","","","","","","","","",""
"2021051175","2128","1","0","0","0","0","0","0","0","0","2","0","","67","6","2021","5","40.055038","-75.157574","2123","6","0","0","0","0","0","0","0","0","","0","0","0","21","3","1","","5","0","40 03:18.135","","0","75 09:27.265","3","0","0","0","67301","0","0","0","N","0","0","0","3","67301","0","","1.0","","9","N","N","N","0","","1","0","1","3","2","","2120","2","1","0","0","0","0","1","2","0","2","0","0","0","7","","","N","","","","","","","","","",""
"2021053619","2248","3","0","0","0","0","0","0","0","0","5","0","","67","6","2021","1","39.955328","-75.215714","2243","6","0","0","0","0","0","1","0","0","","0","0","0","22","3","0","N","0","0","39 57:19.180","","0","75 12:56.570","0","0","0","0","67301","0","0","0","N","0","0","0","4","67301","0","","1.0","","1","N","N","N","0","","0","0","0","0","0","","2228","4","0","4","0","0","0","0","2","1","4","0","0","0","3","98","","N","","","","","","","","","",""
"2021050603","0226","2","0","0","0","0","0","0","0","0","4","0","","67","6","2021","4","39.985572","-75.127863","0225","6","0","0","0","0","0","0","0","0","","0","0","0","2","3","1","","1","1","39 59:08.059","3","0","75 07:40.306","8","0","0","0","67301","0","0","0","N","0","0","0","2","67301","0","","1.0","300.0","1","N","N","N","0","","0","0","1","3","3","N","224","3","1","0","0","0","1","0","2","0","3","0","0","0","3","","","N","","","","","","","","","",""
"2021051346","0050","1","0","0","0","0","0","0","0","0","1","0","","67","6","2021","7","39.953636","-75.198619","0052","6","0","0","0","0","0","0","0","0","","0","0","0","0","3","1","","1","0","39 57:13.089","","0","75 11:55.030","8","0","0","0","67301","0","0","0","N","0","0","0","2","67504","0","","1.0","","1","N","N","N","0","","0","0","1","3","2","","50","2","1","0","0","0","1","1","2","0","2","0","0","0","3","","","N","","","","","","","","","",""
"2021070736","1742","1","0","0","0","0","0","0","0","0","2","0","","67","7","2021","7","39.990879","-75.155279","1741","6","0","0","0","0","0","0","0","0","","0","0","0","17","1","1","","1","0","39 59:27.165","","0","75 09:19.006","8","0","0","0","67301","0","0","0","N","0","0","0","2","67301","0","","9.0","","1","N","N","N","0","","0","0","1","3","2","","1728","2","1","0","0","0","1","0","2","0","2","0","0","0","3","04","","N","","","","","","","","","",""
"2021049757","1630","0","0","0","0","0","0","0","0","0","8","0","","67","5","2021","2","39.994631","-75.094531","1627","6","0","0","0","0","0","0","0","0","","0","0","0","15","1","1","","1","0","39 59:40.673","","0","75 05:40.311","3","0","0","0","67301","1","0","0","N","1","0","0","2","67301","0","","1.0","","1","N","N","N","1","","1","0","0","3","2","","1529","2","1","1","0","0","0","0","2","0","1","1","0","0","3","03","","N","","","","","","","","","",""
"2021073618","0116","1","0","0","0","0","0","0","0","0","5","0","","67","8","2021","7","40.034103","-75.128944","0113","6","0","0","0","0","0","0","0","0","","0","0","0","1","3","0","N","0","0","40 02:02.770","","0","75 07:44.200","0","0","0","0","67301","0","0","0","N","0","0","0","2","67301","0","","1.0","","1","N","N","N","0","","0","0","2","0","0","","108","3","0","2","0","0","0","0","2","0","3","0","0","0","3","","","N","","","","","","","","","",""