"CRN","ARRIVAL_TM","AUTOMOBILE_COUNT","BELTED_DEATH_COUNT","BELTED_SUSP_SERIOUS_INJ_COUNT","BICYCLE_COUNT","BICYCLE_DEATH_COUNT","BICYCLE_SUSP_SERIOUS_INJ_COUNT","BUS_COUNT","CHLDPAS_DEATH_COUNT","CHLDPAS_SUSP_SERIOUS_INJ_COUNT","COLLISION_TYPE","COMM_VEH_COUNT","CONS_ZONE_SPD_LIM","COUNTY","CRASH_MONTH","CRASH_YEAR","DAY_OF_WEEK","DEC_LATITUDE","DEC_LONGITUDE","DISPATCH_TM","DISTRICT","DRIVER_COUNT_16YR","DRIVER_COUNT_17YR","DRIVER_COUNT_18YR","DRIVER_COUNT_19YR","DRIVER_COUNT_20YR","DRIVER_COUNT_50_64YR","DRIVER_COUNT_65_74YR","DRIVER_COUNT_75PLUS","EST_HRS_CLOSED","FATAL_COUNT","HEAVY_TRUCK_COUNT","HORSE_BUGGY_COUNT","HOUR_OF_DAY","ILLUMINATION","INJURY_COUNT","INTERSECTION_RELATED","INTERSECT_TYPE","LANE_CLOSED","LATITUDE","LN_CLOSE_DIR","LOCATION_TYPE","LONGITUDE","MAX_SEVERITY_LEVEL","MCYCLE_DEATH_COUNT","MCYCLE_SUSP_SERIOUS_INJ_COUNT","MOTORCYCLE_COUNT","MUNICIPALITY","NONMOTR_COUNT","NONMOTR_DEATH_COUNT","NONMOTR_SUSP_SERIOUS_INJ_COUNT","NTFY_HIWY_MAINT","PED_COUNT","PED_DEATH_COUNT","PED_SUSP_SERIOUS_INJ_COUNT","PERSON_COUNT","POLICE_AGCY","POSSIBLE_INJ_COUNT","RDWY_SURF_TYPE_CD","RELATION_TO_ROAD","ROADWAY_CLEARED","ROAD_CONDITION","SCH_BUS_IND","SCH_ZONE_IND","SECONDARY_CRASH","SMALL_TRUCK_COUNT","SPEC_JURIS_CD","SUSP_MINOR_INJ_COUNT","SUSP_SERIOUS_INJ_COUNT","SUV_COUNT","TCD_FUNC_CD","TCD_TYPE","TFC_DETOUR_IND","TIME_OF_DAY","TOTAL_UNITS","TOT_INJ_COUNT","UNBELTED_OCC_COUNT","UNB_DEATH_COUNT","UNB_SUSP_SERIOUS_INJ_COUNT","UNK_INJ_DEG_COUNT","UNK_INJ_PER_COUNT","URBAN_RURAL","VAN_COUNT","VEHICLE_COUNT","VULNERABLE_ROAD_USER_COUNT","VULNERABLE_ROAD_USER_DEATH_COUNT","VULNERABLE_ROAD_USER_SER_INJ_COUNT","WEATHER1","WEATHER2","WORKERS_PRES","WORK_ZONE_IND","WORK_ZONE_LOC","WORK_ZONE_TYPE","WZ_CLOSE_DETOUR","WZ_FLAGGER","WZ_LAW_OFFCR_IND","WZ_LN_CLOSURE","WZ_MOVING","WZ_OTHER","WZ_SHLDER_MDN","WZ_WORKERS_INJ_KILLED"
"2021087448","0106","1","0","0","0","0","0","0","0","0","1","0","","67","9","2021","7","39.997842","-75.104406","0104","6","0","0","0","0","0","0","0","0","","0","0","0","1","3","0","N","0","0","39 59:52.230","","0","75 06:15.860","0","0","0","0","67301","0","0","0","N","0","0","0","2","67301","0","","1.0","","1","N","N","N","0","","0","0","1","3","2","","104","2","0","2","0","0","0","0","2","0","2","0","0","0","3","03","","N","","","","","","","","","",""
"2021064184","2225","1","0","0","0","0","0","0","0","0","1","0","","67","7","2021","1","40.038311","-75.109616","2214","6","0","0","0","0","0","1","0","0","","0","0","0","22","3","1","N","0","0","40 02:17.921","","0","75 06:34.619","3","0","0","0","67301","0","0","0","N","0","0","0","3","67301","0","","1.0","","1","N","N","N","0","","1","0","1","0","0","","2201","2","1","0","0","0","0","1","2","0","2","0","0","0","3","","","N","","","","","","","","","",""
"2021062712","1618","1","0","0","0","0","0","0","0","0","1","0","","67","6","2021","2","39.98135","-75.1022","1606","6","0","0","0","0","0","0","0","0","","0","0","0","15","1","0","N","0","0","39 58:52.860","","0","75 06:07.919","0","0","0","0","67301","0","0","0","N","0","0","0","3","68K01","0","","1.0","","1","N","N","N","0","","0","0","2","0","0","","1547","3","0","0","0","0","0","0","2","0","3","0","0","0","3","","","N","","","","","","","","","",""
"2021070551","2338","0","0","0","0","0","0","0","0","0","7","0","","67","7","2021","6","39.998314","-75.190818","2320","6","0","0","0","0","0","0","0","0","","0","0","0","22","3","1","N","0","0","39 59:53.932","","0","75 11:26.945","3","0","0","0","67301","0","0","0","N","0","0","0","1","67301","0","","3.0","","1","N","N","N","0","","1","0","0","0","0","","2254","1","1","0","0","0","0","0","2","0","1","0","0","0","3","03","","N","","","","","","","","","",""
"2021041072","1919","1","0","0","0","0","0","0","0","0","2","0","","67","5","2021","5","40.043281","-75.164553","1919","6","0","0","0","0","0","0","0","0","","0","0","0","19","1","0","N","0","0","40 02:35.810","","0","75 09:52.390","0","0","0","0","67301","0","0","0","N","0","0","0","2","67301","0","","1.0","","1","N","N","N","0","","0","0","1","0","0","","1919","3","0","0","0","0","0","0","2","1","3","0","0","0","3","03","","N","","","","","","","","","",""
"2021050517","0054","1","0","0","0","0","0","0","0","0","7","0","","67","5","2021","1","40.037765","-75.012046","0054","6","0","1","0","0","0","0","0","0","","0","0","0","0","3","0","N","0","0","40 02:15.954","","0","75 00:43.364","0","0","0","0","67301","0","0","0","N","0","0","0","1","68K01","0","","3.0","","9","N","N","N","0","","0","0","0","0","0","","46","1","0","0","0","0","0","0","2","0","1","0","0","0","7","","","N","","","","","","","","","",""
"2021053566","1951","0","0","0","1","0","0","0","0","0","8","0","","67","6","2021","5","39.941667","-75.149389","1949","6","0","0","0","0","0","0","0","0","","0","0","0","19","4","1","N","0","0","39 56:30.000","","0","75 08:57.800","8","0","0","0","67301","1","0","0","N","0","0","0","2","67301","0","","1.0","","9","N","N","N","0","","0","0","1","0","0","","1930","2","1","0","0","0","1","0","2","0","1","1","0","0","7","07","","N","","","","","","","","","",""
"2021053616","0521","4","0","0","0","0","0","0","0","0","5","0","","67","6","2021","1","39.9401","-75.166842","0520","6","0","0","0","0","0","0","0","0","","0","0","0","5","1","0","N","0","0","39 56:24.360","","0","75 10:00.630","0","0","0","0","67301","0","0","0","N","0","0","0","1","67301","0","","6.0","","1","N","N","Y","0","","0","0","0","0","0","","517","5","0","1","0","0","0","0","2","1","5","0","0","0","3","03","","N","","","","","","","","","",""
"2021035612","2153","0","0","0","0","0","0","0","0","0","2","0","","67","4","2021","3","40.029297","-75.122708","2144","6","0","0","0","0","0","0","0","0","","0","0","0","21","3","1","N","0","1","40 01:45.470","1","0","75 07:21.750","4","0","0","0","67301","0","0","0","N","0","0","0","1","67301","1","","6.0","2217.0","1","N","N","N","1","","0","0","2","0","0","Y","2144","3","1","0","0","0","0","0","2","0","3","0","0","0","4","04","","N","","","","","","","","","",""
"2021064262","1635","3","0","0","0","0","0","0","0","0","1","0","","67","6","2021","2","40.009194","-75.082139","1600","6","0","0","0","0","0","0","0","0","","0","0","0","16","1","1","N","0","1","40 00:33.099","2","0","75 04:55.701","3","0","0","0","67301","0","0","0","N","0","0","0","6","67301","0","","1.0","1715.0","1","N","N","N","0","","1","0","0","3","2","N","1623","3","1","0","0","0","0","0","2","0","3","0","0","0","3","03","","N","","","","","","","","","",""
"2021064219","1548","0","0","0","0","0","0","0","0","0","8","0","","67","6","2021","4","39.948689","-75.172592","1541","6","0","0","0","0","0","0","0","0","","0","0","0","15","1","1","","2","0","39 56:55.280","","0","75 10:21.330","8","0","0","0","67301","1","0","0","N","1","0","0","2","67301","0","","1.0","","1","N","N","N","0","","0","0","1","3","3","","1538","2","1","1","0","0","1","0","2","0","1","1","0","0","3","","","N","","","","","","","","","",""
"2021050105","1353","2","0","0","0","0","0","0","0","0","4","0","","67","6","2021","3","39.946088","-75.176762","1353","6","0","0","0","0","0","0","0","0","","0","0","0","13","1","0","","1","0","39 56:45.916","","0","75 10:36.344","0","0","0","0","67301","0","0","0","N","0","0","0","2","67301","0","","1.0","","1","N","N","N","0","","0","0","0","3","2","","1353","2","0","0","0","0","0","0","2","0","2","0","0","0","4","04","","N","","","","","","","","","",""
"2021079633","0405","1","0","0","0","0","0","0","0","0","7","0","","67","8","2021","5","40.024768","-75.091554","0404","6","0","0","0","0","0","0","0","0","","0","0","0","4","3","1","","2","0","40 01:29.164","","0","75 05:29.593","3","0","0","0","67301","0","0","0","N","0","0","0","1","67301","0","","2.0","","9","N","N","N","0","","1","0","0","3","3","","404","1","1","0","0","0","0","0","2","0","1","0","0","0","7","07","","N","","","","","","","","","",""
"2021050368","1031","3","0","0","0","0","0","0","0","0","5","0","","67","6","2021","3","40.028808","-75.135919","1030","6","0","0","0","0","0","0","0","0","","0","0","0","10","1","0","N","0","2","40 01:43.710","1","0","75 08:09.310","0","0","0","0","67301","0","0","0","N","0","0","0","1","67301","0","","6.0","1100.0","1","N","N","N","0","","0","0","0","0","0","Y","1020","3","0","0","0","0","0","0","2","0","3","0","0","0","3","03","","N","","","","","","","","","",""
"2021051863","1307","2","0","0","0","0","0","0","0","0","4","0","","67","6","2021","7","40.080153","-74.997251","1305","6","0","0","0","0","0","1","0","0","","0","0","0","13","1","0","","2","1","40 04:48.550","2","0","74 59:50.104","0","0","0","0","67301","0","0","0","N","0","0","0","4","67301","0","","1.0","1400.0","1","N","N","N","0","","0","0","0","3","2","Y","1303","2","0","0","0","0","0","0","2","0","2","0","0","0","3","03","","N","","","","","","","","","",""
"2021051415","2028","0","0","0","0","0","0","0","0","0","4","0","","67","6","2021","4","40.021125","-75.139925","2028","6","0","0","0","0","0","0","0","0","","0","0","0","19","4","0","","1","0","40 01:16.051","","0","75 08:23.731","9","0","0","0","67301","0","0","0","N","0","0","0","3","67301","0","","1.0","","1","N","N","N","0","","0","0","3","3","2","","1911","3","0","0","0","0","0","1","2","0","3","0","0","0","3","03","","N","","","","","","","","","",""
"2021050828","0945","2","0","0","0","0","0","0","0","0","4","0","","67","6","2021","5","40.097156","-75.018134","0943","6","0","0","0","0","0","1","0","0","","0","0","0","9","1","1","","1","1","40 05:49.760","6","0","75 01:05.283","3","0","0","0","67301","0","0","0","N","0","0","0","4","67301","0","","1.0","15.0","9","N","N","N","0","","1","0","2","3","2","N","940","4","1","0","0","0","0","0","2","0","4","0","0","0","7","04","","N","","","","","","","","","",""
"2021050601","0004","1","0","0","0","0","0","0","0","0","5","0","","67","6","2021","3","39.9749","-75.197734","0000","6","0","0","0","0","0","0","0","0","","0","0","0","23","3","1","N","0","0","39 58:29.641","","0","75 11:51.843","3","0","0","1","67301","0","0","0","N","0","0","0","2","67301","0","","1.0","","1","N","N","N","0","","1","0","0","0","0","","2342","2","1","0","0","0","0","0","2","0","2","0","0","0","3","","","N","","","","","","","","","",""
"2021049413","1541","0","0","0","0","0","0","0","0","0","8","0","","67","5","2021","1","40.045765","-75.165297","1541","6","0","0","0","0","0","0","0","0","","0","0","0","15","1","1","N","0","0","40 02:44.754","","0","75 09:55.069","4","0","0","0","67301","1","0","0","N","1","0","0","2","67301","1","","1.0","","9","N","N","N","0","","0","0","1","0","0","","1541","2","1","0","0","0","0","0","2","0","1","1","0","0","4","07","","N","","","","","","","","","",""
"2021053576","0952","0","0","0","0","0","0","0","0","0","4","0","","67","6","2021","1","39.958286","-75.164069","0942","6","0","1","0","0","0","0","0","0","","0","0","0","9","1","1","","1","0","39 57:29.829","","3","75 09:50.647","3","0","0","0","67301","0","0","0","N","0","0","0","2","67301","0","","1.0","","1","N","N","N","1","","1","0","1","3","2","","935","2","1","1","0","0","0","0","2","0","2","0","0","0","3","03","","N","","","","","","","","","",""
"2021079995","2220","1","0","0","0","0","0","0","0","0","7","0","","67","8","2021","5","39.996276","-75.197094","2216","6","0","0","0","0","0","0","0","0","","0","0","0","22","3","1","N","0","1","39 59:46.592","3","0","75 11:49.537","3","0","0","0","67301","0","0","0","N","0","0","0","1","68K01","0","","4.0","2300.0","1","N","N","N","0","","1","0","0","0","0","N","2214","1","1","0","0","0","0","0","2","0","1","0","0","0","3","","","N","","","","","","","","","",""
"2021080512","2001","1","0","0","0","0","0","0","0","0","1","0","","67","8","2021","5","39.958998","-75.170811","1949","6","0","0","0","0","0","0","0","0","","0","0","0","19","1","1","N","0","2","39 57:32.391","4","0","75 10:14.919","8","0","0","0","67301","0","0","0","N","0","0","0","3","68K01","0","","1.0","2029.0","1","N","N","N","0","","0","0","1","0","0","N","1945","2","1","1","0","0","1","0","2","0","2","0","0","0","3","","","N","","","","","","","","","",""
"2021050363","1654","2","0","0","0","0","0","0","0","0","4","0","","67","6","2021","3","40.038049","-75.109354","1639","6","0","0","0","0","0","0","0","0","","0","0","0","16","1","2","N","0","0","40 02:16.976","","7","75 06:33.673","3","0","0","0","67301","0","0","0","N","0","0","0","2","67301","0","","1.0","","1","N","N","N","0","","2","0","0","3","3","","1638","2","2","0","0","0","0","0","2","0","2","0","0","0","3","","","N","","","","","","","","","",""
"2021051337","1605","1","0","0","0","0","0","0","0","0","5","0","","67","6","2021","5","40.038868","-75.191663","1558","6","0","0","0","1","0","1","0","0","","0","0","0","15","1","1","N","0","0","40 02:19.923","","0","75 11:29.985","3","0","0","0","67301","0","0","0","N","0","0","0","3","67301","0","","1.0","","1","N","N","N","0","","1","0","1","0","0","","1515","2","1","0","0","0","0","0","2","0","2","0","0","0","3","03","","N","","","","","","","","","",""
"2021053656","1818","1","0","0","0","0","0","0","0","0","4","0","","67","6","2021","5","40.020905","-75.119106","1816","6","0","0","1","0","0","0","0","0","","0","0","0","18","4","1","","2","2","40 01:15.258","6","0","75 07:08.781","3","0","0","1","67301","0","0","0","N","0","0","0","2","67301","0","","1.0","1900.0","9","N","N","N","0","","1","0","0","3","3","Y","1800","2","1","0","0","0","0","0","2","0","2","0","0","0","7","","","N","","","","","","","","","",""
"2021053607","2009","2","0","0","0","0","0","0","0","0","4","0","","67","6","2021","2","40.036793","-75.033921","2002","6","0","0","0","0","0","0","0","0","","0","0","0","19","1","0","","1","0","40 02:12.456","","0","75 02:02.116","0","0","0","0","67301","0","0","0","N","0","0","0","2","67301","0","","1.0","","1","N","N","N","0","","0","0","0","3","3","","1929","2","0","0","0","0","0","0","2","0","2","0","0","0","3","03","","N","","","","","","","","","",""
"2021074965","1832","1","0","0","0","0","0","0","0","0","1","0","","67","8","2021","3","39.95797","-75.1626","1806","6","0","0","1","0","0","1","0","0","","0","0","0","17","1","0","N","0","2","39 57:28.691","4","0","75 09:45.360","0","0","0","0","67301","0","0","0","N","0","0","0","3","68K01","0","","1.0","1822.0","1","N","N","N","0","","0","0","1","0","0","N","1759","2","0","0","0","0","0","0","2","0","2","0","0","0","3","","","N","","","","","","","","","",""
"2021050843","0150","1","0","0","0","0","0","0","0","0","5","0","","67","6","2021","4","40.005592","-75.103281","0148","6","0","0","0","0","0","0","0","0","","0","0","0","21","3","1","","1","0","40 00:20.131","","0","75 06:11.812","3","0","0","0","67301","0","0","0","N","0","0","0","2","67301","0","","1.0","","1","N","N","N","0","","1","0","0","3","1","","2145","2","1","1","0","0","0","0","2","0","2","0","0","0","3","03","","N","","","","","","","","","",""
"2021078343","0605","1","0","0","0","0","0","0","0","0","3","1","","67","7","2021","2","40.013476","-75.173205","0604","6","0","0","0","0","0","0","0","0","","0","1","0","6","1","0","N","0","2","40 00:48.515","6","0","75 10:23.537","0","0","0","0","67301","0","0","0","N","0","0","0","2","67301","0","","1.0","1100.0","1","N","N","N","0","","0","0","0","0","0","Y","604","2","0","0","0","0","0","0","2","0","2","0","0","0","3","03","","N","","","","","","","","","",""
"2021053876","1959","1","0","0","0","0","0","0","0","0","7","0","","67","6","2021","1","39.908129","-75.149543","1947","6","0","0","0","0","0","0","0","0","","0","0","0","19","3","2","N","0","1","39 54:29.263","2","0","75 08:58.354","8","0","0","0","67301","0","0","0","Y","0","0","0","2","68K01","0","","2.0","2110.0","1","N","N","N","0","","0","0","0","0","0","N","1944","1","2","0","0","0","2","0","2","0","1","0","0","0","3","03","","N","","","","","","","","","",""
"2021049637","1528","1","0","0","0","0","0","0","0","0","0","0","","67","5","2021","1","40.033582","-75.02034","1502","6","0","0","0","0","1","0","0","0","","0","0","0","14","1","0","N","0","2","40 02:00.895","2","3","75 01:13.225","0","0","0","0","67301","0","0","0","N","0","0","0","2","68K01","0","","1.0","5.0","9","N","N","N","0","","0","0","0","0","0","N","1435","1","0","0","0","0","0","0","2","0","1","0","0","0","7","04","","N","","","","","","","","","",""
"2021078385","0455","2","0","0","0","0","0","0","0","0","2","0","","67","8","2021","6","40.004175","-75.178639","0448","6","0","0","0","0","0","0","0","0","","0","0","0","2","3","1","N","0","0","40 00:15.030","","0","75 10:43.100","3","0","0","0","67301","0","0","0","N","0","0","0","2","67301","0","","1.0","","1","N","N","N","0","","1","0","0","0","0","","213","2","1","0","0","0","0","1","2","0","2","0","0","0","3","03","","N","","","","","","","","","",""
"2021051740","1852","1","0","0","0","0","0","0","0","0","1","0","","67","6","2021","7","40.020661","-75.094862","1842","6","0","0","0","0","0","1","0","0","","0","0","0","18","1","1","N","0","0","40 01:14.381","","0","75 05:41.503","3","0","0","0","67301","0","0","0","N","0","0","0","4","67301","0","","1.0","","1","N","N","N","1","","1","0","0","0","0","","1841","2","1","0","0","0","0","0","2","0","2","0","0","0","3","","","N","","","","","","","","","",""
"2021053667","2112","0","0","0","0","0","0","0","0","0","8","0","","67","6","2021","5","40.029589","-75.138369","2029","6","0","0","0","0","0","0","0","0","","0","0","0","18","3","1","N","0","0","40 01:46.520","","0","75 08:18.130","8","0","0","0","67301","1","0","0","N","1","0","0","2","67301","0","","1.0","","9","N","N","N","0","","0","0","0","0","0","","1812","2","1","0","0","0","1","1","2","0","1","1","0","0","7","","","N","","","","","","","","","",""
"2021064216","1508","1","0","0","0","0","0","0","0","0","4","0","","67","7","2021","1","40.042323","-75.025601","1503","6","0","0","0","0","0","1","0","0","","0","1","0","14","1","1","","1","0","40 02:32.362","","0","75 01:32.162","3","0","0","0","67301","0","0","0","N","0","0","0","2","67301","0","","1.0","","1","N","N","N","0","","1","0","0","3","2","","1445","2","1","0","0","0","0","0","2","0","2","0","0","0","3","03","","N","","","","","","","","","",""
"2021045230","2320","1","0","0","0","0","0","0","0","0","4","0","","67","5","2021","3","39.9732","-75.183769","2318","6","0","0","0","0","0","0","0","0","","0","0","0","22","3","1","","1","0","39 58:23.520","","0","75 11:01.568","4","0","0","0","67301","0","0","0","N","0","0","0","2","67301","1","","1.0","","1","N","N","N","1","","0","0","0","3","2","","2230","2","1","0","0","0","0","1","2","0","2","0","0","0","3","03","","N","","","","","","","","","",""
"2021078346","0155","1","0","0","0","0","0","0","0","0","4","0","","67","8","2021","1","40.002775","-75.184273","0151","6","0","0","0","0","0","0","0","0","","0","0","0","1","3","1","N","0","2","40 00:09.989","2","0","75 11:03.383","8","0","0","0","67301","0","0","0","N","0","0","0","3","67301","0","","1.0","225.0","1","N","N","N","0","","0","0","1","0","0","N","145","2","1","0","0","0","1","0","2","0","2","0","0","0","3","03","","N","","","","","","","","","",""
"2021049855","0716","1","0","0","0","0","0","0","0","0","8","0","","67","6","2021","3","39.930028","-75.155167","0714","6","0","0","0","0","0","0","0","0","","0","0","0","7","1","1","N","0","0","39 55:48.100","","0","75 09:18.600","8","0","0","0","67301","1","0","0","N","1","0","0","2","67301","0","","1.0","","1","N","Y","N","0","","0","0","0","0","0","","710","2","1","0","0","0","1","0","2","0","1","1","0","0","3","","","N","","","","","","","","","",""
"2021064323","2001","1","0","0","0","0","0","0","0","0","4","0","","67","6","2021","4","39.99576","-75.184363","2000","6","0","0","0","1","0","0","0","0","","0","0","0","20","4","1","","2","0","39 59:44.736","","0","75 11:03.706","8","0","0","1","67301","0","0","0","N","0","0","0","1","67301","0","","4.0","","1","N","N","N","0","","0","0","0","0","0","","2000","2","1","0","0","0","1","0","2","0","2","0","0","0","3","03","","N","","","","","","","","","",""
"2021051167","1245","1","0","0","1","0","0","0","0","0","8","0","","67","6","2021","5","40.041304","-75.075568","1242","6","0","0","0","0","0","1","0","0","","0","0","0","12","1","1","N","0","0","40 02:28.694","","0","75 04:32.043","3","0","0","0","67301","1","0","0","N","0","0","0","2","67301","0","","6.0","","1","N","N","N","0","","1","0","0","0","0","","1239","2","1","0","0","0","0","0","2","0","1","1","0","0","3","","","N","","","","","","","","","",""
"2021064554","2244","1","0","0","0","0","0","0","0","0","7","0","","67","6","2021","1","39.997207","-75.196271","2241","6","0","0","0","0","0","0","0","0","","0","0","0","22","3","0","N","0","1","39 59:49.945","4","0","75 11:46.576","9","0","0","0","67301","0","0","0","N","0","0","0","1","68K01","0","","4.0","2245.0","1","N","N","N","0","","0","0","0","0","0","N","2230","1","0","0","0","0","0","1","2","0","1","0","0","0","3","","","N","","","","","","","","","",""
"2021079618","1857","1","0","0","0","0","0","1","0","0","4","1","","67","8","2021","2","40.031468","-75.17235","1853","6","0","0","0","0","0","1","0","0","","0","0","0","18","1","3","","1","2","40 01:53.284","7","0","75 10:20.459","3","0","0","0","67301","0","0","0","N","0","0","0","7","67301","0","","1.0","2125.0","1","N","N","N","0","","2","0","0","3","2","Y","1852","2","3","0","0","0","1","1","2","0","2","0","0","0","3","03","","N","","","","","","","","","",""
"2021035568","1415","1","0","0","0","0","0","0","0","0","6","0","","67","4","2021","2","40.026404","-75.097487","1411","6","0","0","0","0","0","0","0","0","","0","0","0","13","1","2","","1","0","40 01:35.054","","0","75 05:50.952","3","0","0","0","67301","0","0","0","N","0","0","0","2","67301","0","","1.0","","1","N","N","N","1","","2","0","0","3","2","","1357","2","2","0","0","0","0","0","2","0","2","0","0","0","4","","","N","","","","","","","","","",""
"2021036669","1125","0","0","0","0","0","0","0","0","0","8","0","","67","4","2021","5","39.992692","-75.12034","1122","6","0","0","0","0","0","0","0","0","","0","0","0","10","1","1","","5","0","39 59:33.691","","1","75 07:13.223","4","0","0","0","67301","1","0","0","N","1","0","0","2","67301","1","","1.0","","1","N","N","N","0","","0","0","1","3","2","","1000","2","1","1","0","0","0","0","2","0","1","1","0","0","3","03","","N","","","","","","","","","",""
"2021064795","2152","0","0","0","0","0","0","0","0","0","4","0","","67","6","2021","7","39.973778","-75.1947","2144","6","0","0","0","0","0","0","0","0","","1","0","0","21","3","1","N","0","0","39 58:25.600","","0","75 11:40.920","1","1","0","1","67301","0","0","0","N","0","0","0","3","67301","0","2","1.0","","1","N","N","N","0","0","0","0","1","0","0","","2137","2","1","0","0","0","1","0","2","0","2","0","0","0","3","03","","N","","","","","","","","","",""
"2021035603","1147","0","0","0","0","0","0","0","0","0","7","0","","67","4","2021","7","40.023464","-75.126949","1142","6","0","0","0","0","0","0","0","0","","0","0","0","11","1","1","","11","2","40 01:24.470","1","0","75 07:37.016","8","0","0","0","67301","0","0","0","N","0","0","0","1","67301","0","","4.0","1217.0","1","N","N","N","0","","0","0","1","0","0","Y","1136","1","1","0","0","0","1","0","2","0","1","0","0","0","3","","","N","","","","","","","","","",""
"2021033382","0515","0","0","0","0","0","0","0","0","0","7","0","","67","4","2021","2","39.960945","-75.181919","0510","6","0","0","0","0","0","0","0","0","","0","0","0","5","3","0","N","0","2","39 57:39.402","4","0","75 10:54.908","0","0","0","0","67301","0","0","0","N","0","0","0","1","68K01","0","","2.0","545.0","9","N","N","N","1","","0","0","0","0","0","N","503","1","0","0","0","0","0","0","2","0","1","0","0","0","3","03","","N","","","","","","","","","",""
"2021035983","2118","1","0","0","0","0","0","0","0","0","7","0","","67","4","2021","1","40.017556","-75.20225","2100","6","0","0","0","0","0","0","0","0","","0","0","0","20","3","0","N","0","2","40 01:03.200","2","0","75 12:08.100","9","0","0","0","67301","0","0","0","N","0","0","0","1","67301","0","","3.0","100.0","1","N","N","N","0","","0","0","0","0","0","Y","2055","1","0","0","0","0","0","1","2","0","1","0","0","0","3","03","","N","","","","","","","","","",""
"2021064403","0003","1","0","0","0","0","0","0","0","0","4","0","","67","6","2021","1","40.011764","-75.162729","2354","6","0","0","0","0","0","0","0","0","","0","0","0","23","2","2","N","0","0","40 00:42.349","","0","75 09:45.825","3","0","0","0","67301","0","0","0","N","0","0","0","3","67301","0","","1.0","","1","N","N","N","0","","2","0","2","0","0","","2352","3","2","0","0","0","0","1","2","0","3","0","0","0","3","03","","N","","","","","","","","","",""
"2021064350","0755","1","0","0","0","0","0","0","0","0","1","1","","67","7","2021","5","40.006901","-75.120993","0746","6","0","0","0","0","0","0","0","0","","0","1","0","7","1","1","N","0","1","40 00:24.842","4","0","75 07:15.576","3","0","0","0","67301","0","0","0","N","0","0","0","2","67301","0","","1.0","940.0","1","N","N","N","0","","1","0","0","3","2","N","740","2","1","0","0","0","0","0","2","0","2","0","0","0","3","03","","N","","","","","","","","","",""
"2021036598","2045","2","0","0","0","0","0","0","0","0","4","0","","67","4","2021","2","40.03593","-75.126522","2035","6","0","0","0","0","0","0","0","0","","0","0","0","20","3","1","","1","2","40 02:09.347","6","0","75 07:35.479","3","0","0","0","67301","0","0","0","N","0","0","0","3","67301","0","","1.0","2256.0","1","N","N","N","0","","1","0","1","3","3","Y","2031","3","1","0","0","0","0","2","2","0","3","0","0","0","3","","","N","","","","","","","","","",""
"2021035571","1440","0","0","0","0","0","0","0","0","0","8","0","","67","4","2021","5","39.935638","-75.17902","1440","6","0","0","0","0","0","0","0","0","","0","0","0","14","1","1","","1","0","39 56:08.298","","0","75 10:44.471","2","0","0","0","67301","1","0","1","N","1","0","1","2","67301","0","","1.0","","1","N","N","N","0","","0","1","1","3","2","","1430","2","1","1","0","0","0","0","2","0","1","1","0","1","3","03","","N","","","","","","","","","",""
"2021036075","1655","2","0","0","0","0","0","0","0","0","1","0","","67","4","2021","6","40.015139","-75.136028","1648","6","0","0","0","1","0","0","0","0","","0","0","0","16","1","0","N","0","0","40 00:54.500","","0","75 08:09.700","0","0","0","0","67301","0","0","0","N","0","0","0","2","67301","0","","1.0","","2","N","N","N","0","","0","0","1","0","0","","1647","3","0","0","0","0","0","0","2","0","3","0","0","0","4","","","N","","","","","","","","","",""
"2021051179","2322","0","0","0","0","0","0","0","0","0","4","0","","67","6","2021","5","39.990868","-75.155282","2320","6","0","0","0","0","0","0","0","0","","0","0","0","23","3","1","","1","0","39 59:27.126","","0","75 09:19.014","8","0","0","0","67301","0","0","0","N","0","0","0","2","67301","0","","1.0","","9","N","N","N","0","","0","0","0","3","2","","2319","2","1","0","0","0","1","0","2","1","2","0","0","0","7","07","","N","","","","","","","","","",""
"2021064310","2013","0","0","0","0","0","0","0","0","0","7","1","","67","6","2021","2","39.991475","-75.225628","1853","6","0","0","0","0","0","0","0","0","","0","1","0","17","1","0","N","0","1","39 59:29.310","3","1","75 13:32.260","0","0","0","0","67301","0","0","0","N","0","0","0","1","67301","0","","5.0","2202.0","1","N","N","N","0","","0","0","0","3","8","N","1750","1","0","0","0","0","0","0","2","0","1","0","0","0","3","","","N","","","","","","","","","",""
"2021051414","1810","0","0","0","0","0","0","0","0","0","7","0","","67","6","2021","3","40.054429","-75.147899","1803","6","0","0","0","0","0","0","0","0","","0","0","0","17","1","0","","1","0","40 03:15.944","","0","75 08:52.436","0","0","0","0","67301","0","0","0","N","0","0","0","1","67301","0","","4.0","","1","N","N","N","0","","0","0","2","3","2","","1756","2","0","1","0","0","0","0","2","0","2","0","0","0","3","03","","N","","","","","","","","","",""
"2021051413","0900","2","0","0","0","0","0","0","0","0","1","0","","67","6","2021","5","40.000544","-75.215583","0852","6","0","0","0","0","0","0","0","0","","0","0","0","7","1","3","N","0","0","40 00:01.960","","0","75 12:56.100","3","0","0","0","67301","0","0","0","N","0","0","0","4","67301","0","","1.0","","9","N","N","N","0","","2","0","2","0","0","","724","4","3","0","0","0","1","1","2","0","4","0","0","0","7","04","","N","","","","","","","","","",""