"CRN","ARRIVAL_TM","AUTOMOBILE_COUNT","BELTED_DEATH_COUNT","BELTED_SUSP_SERIOUS_INJ_COUNT","BICYCLE_COUNT","BICYCLE_DEATH_COUNT","BICYCLE_SUSP_SERIOUS_INJ_COUNT","BUS_COUNT","CHLDPAS_DEATH_COUNT","CHLDPAS_SUSP_SERIOUS_INJ_COUNT","COLLISION_TYPE","COMM_VEH_COUNT","CONS_ZONE_SPD_LIM","COUNTY","CRASH_MONTH","CRASH_YEAR","DAY_OF_WEEK","DEC_LATITUDE","DEC_LONGITUDE","DISPATCH_TM","DISTRICT","DRIVER_COUNT_16YR","DRIVER_COUNT_17YR","DRIVER_COUNT_18YR","DRIVER_COUNT_19YR","DRIVER_COUNT_20YR","DRIVER_COUNT_50_64YR","DRIVER_COUNT_65_74YR","DRIVER_COUNT_75PLUS","EST_HRS_CLOSED","FATAL_COUNT","HEAVY_TRUCK_COUNT","HORSE_BUGGY_COUNT","HOUR_OF_DAY","ILLUMINATION","INJURY_COUNT","INTERSECTION_RELATED","INTERSECT_TYPE","LANE_CLOSED","LATITUDE","LN_CLOSE_DIR","LOCATION_TYPE","LONGITUDE","MAX_SEVERITY_LEVEL","MCYCLE_DEATH_COUNT","MCYCLE_SUSP_SERIOUS_INJ_COUNT","MOTORCYCLE_COUNT","MUNICIPALITY","NONMOTR_COUNT","NONMOTR_DEATH_COUNT","NONMOTR_SUSP_SERIOUS_INJ_COUNT","NTFY_HIWY_MAINT","PED_COUNT","PED_DEATH_COUNT","PED_SUSP_SERIOUS_INJ_COUNT","PERSON_COUNT","POLICE_AGCY","POSSIBLE_INJ_COUNT","RDWY_SURF_TYPE_CD","RELATION_TO_ROAD","ROADWAY_CLEARED","ROAD_CONDITION","SCH_BUS_IND","SCH_ZONE_IND","SECONDARY_CRASH","SMALL_TRUCK_COUNT","SPEC_JURIS_CD","SUSP_MINOR_INJ_COUNT","SUSP_SERIOUS_INJ_COUNT","SUV_COUNT","TCD_FUNC_CD","TCD_TYPE","TFC_DETOUR_IND","TIME_OF_DAY","TOTAL_UNITS","TOT_INJ_COUNT","UNBELTED_OCC_COUNT","UNB_DEATH_COUNT","UNB_SUSP_SERIOUS_INJ_COUNT","UNK_INJ_DEG_COUNT","UNK_INJ_PER_COUNT","URBAN_RURAL","VAN_COUNT","VEHICLE_COUNT","VULNERABLE_ROAD_USER_COUNT","VULNERABLE_ROAD_USER_DEATH_COUNT","VULNERABLE_ROAD_USER_SER_INJ_COUNT","WEATHER1","WEATHER2","WORKERS_PRES","WORK_ZONE_IND","WORK_ZONE_LOC","WORK_ZONE_TYPE","WZ_CLOSE_DETOUR","WZ_FLAGGER","WZ_LAW_OFFCR_IND","WZ_LN_CLOSURE","WZ_MOVING","WZ_OTHER","WZ_SHLDER_MDN","WZ_WORKERS_INJ_KILLED"
"2021038686","1954","1","0","0","0","0","0","0","0","0","7","0","","67","4","2021","3","39.941147","-75.143454","1943","6","0","0","0","0","0","0","0","0","","0","0","0","19","3","0","N","0","2","39 56:28.129","2","0","75 08:36.436","0","0","0","0","67301","0","0","0","N","0","0","0","1","68K01","0","","4.0","130.0","1","N","N","N","0","","0","0","0","0","0","Y","1940","1","0","1","0","0","0","0","2","0","1","0","0","0","3","03","","N","","","","","","","","","",""
"2021050844","0721","2","0","0","0","0","0","0","0","0","4","0","","67","6","2021","5","39.995168","-75.112208","0719","6","0","0","0","0","0","1","0","0","","0","0","0","7","1","0","","1","1","39 59:42.604","3","0","75 06:43.950","0","0","0","0","67301","0","0","0","N","0","0","0","2","67301","0","","1.0","100.0","9","N","N","N","0","","0","0","0","3","2","N","719","2","0","0","0","0","0","0","2","0","2","0","0","0","4","07","","N","","","","","","","","","",""
"2021064342","2054","1","0","0","0","0","0","0","0","0","4","0","","67","6","2021","7","40.009204","-75.150818","2053","6","0","0","0","0","0","1","0","0","","0","0","0","20","4","0","","1","0","40 00:33.133","","0","75 09:02.943","0","0","0","0","67301","0","0","0","N","0","0","0","3","67301","0","","1.0","","1","N","N","N","0","","0","0","2","3","2","","2053","3","0","0","0","0","0","0","2","0","3","0","0","0","3","03","","N","","","","","","","","","",""
"2021057161","1406","2","0","0","0","0","0","0","0","0","4","0","","67","6","2021","7","40.054656","-75.141242","1406","6","0","0","0","0","0","0","0","0","","0","0","0","12","1","1","","3","0","40 03:16.760","","0","75 08:28.471","8","0","0","0","67301","0","0","0","N","0","0","0","3","67301","0","","1.0","","1","N","N","N","0","","0","0","1","3","2","","1240","3","1","0","0","0","1","0","2","0","3","0","0","0","3","03","","N","","","","","","","","","",""
"2021051363","0512","1","0","0","0","0","0","0","0","0","5","0","","67","6","2021","6","39.937442","-75.181978","0454","6","0","0","0","0","0","0","0","0","","0","0","0","2","3","0","N","0","0","39 56:14.790","","0","75 10:55.120","9","0","0","0","67301","0","0","0","N","0","0","0","1","67301","0","","6.0","","9","N","N","N","0","","0","0","0","0","0","","245","2","0","0","0","0","0","1","2","0","2","0","0","0","7","","","N","","","","","","","","","",""
"2021078045","2304","2","0","0","0","0","0","0","0","0","5","1","","67","7","2021","5","39.877644","-75.252676","2302","6","0","0","0","0","0","0","0","0","","0","1","0","23","2","0","N","0","1","39 52:39.520","2","0","75 15:09.634","0","0","0","0","67301","0","0","0","N","0","0","0","3","68K02","0","","1.0","115.0","1","N","N","N","0","","0","0","0","0","0","N","2302","3","0","0","0","0","0","0","2","0","3","0","0","0","3","03","","N","","","","","","","","","",""
"2021051647","1756","0","0","0","0","0","0","0","0","0","7","0","","67","5","2021","2","39.972159","-75.216995","1741","6","0","0","0","0","0","0","0","0","","0","0","0","17","1","1","N","0","0","39 58:19.774","","0","75 13:01.181","4","0","0","0","67301","0","0","0","N","0","0","0","1","67301","1","","4.0","","1","N","N","N","0","","0","0","0","0","0","","1734","1","1","0","0","0","0","0","2","1","1","0","0","0","3","03","","N","","","","","","","","","",""
"2021064258","2229","0","0","0","0","0","0","1","0","0","8","1","","67","6","2021","6","40.037024","-75.062025","2224","6","0","0","0","0","0","0","1","0","","0","0","0","22","3","1","N","0","0","40 02:13.288","","0","75 03:43.290","3","0","0","0","67301","1","0","0","N","1","0","0","2","67301","0","","1.0","","1","N","N","N","0","","1","0","0","0","0","","2214","2","1","0","0","0","0","0","2","0","1","1","0","0","3","03","","N","","","","","","","","","",""
"2021050362","0823","1","0","0","0","0","0","0","0","0","4","0","","67","6","2021","3","40.045997","-75.082334","0823","6","0","0","0","0","0","1","0","0","","0","0","0","8","1","1","","1","1","40 02:45.589","1","0","75 04:56.402","3","0","0","0","67301","0","0","0","N","0","0","0","4","67301","0","","1.0","900.0","1","N","N","Y","0","","1","0","2","3","2","N","802","3","1","0","0","0","0","1","2","0","3","0","0","0","3","","","N","","","","","","","","","",""
"2021049765","0057","2","0","0","0","0","0","0","0","0","1","0","","67","5","2021","2","40.020564","-75.156611","0053","6","0","0","0","0","0","0","0","0","","0","0","0","0","3","1","N","0","2","40 01:14.031","1","3","75 09:23.800","3","0","0","0","67301","0","0","0","N","0","0","0","3","67301","0","","1.0","155.0","1","N","N","N","1","","1","0","0","0","0","Y","48","3","1","0","0","0","0","1","2","0","3","0","0","0","4","04","","N","","","","","","","","","",""
"2021049343","0758","0","0","0","0","0","0","0","0","0","4","0","","67","5","2021","1","40.027194","-75.151242","0758","6","0","0","0","0","0","2","0","0","","0","0","0","7","1","2","","1","0","40 01:37.898","","0","75 09:04.471","4","0","0","0","67301","0","0","0","N","0","0","0","2","67301","2","","1.0","","9","N","N","N","0","","0","0","2","3","2","","758","2","2","0","0","0","0","0","2","0","2","0","0","0","7","07","","N","","","","","","","","","",""
"2021050107","1405","2","0","0","0","0","0","0","0","0","4","0","","67","6","2021","3","40.065559","-75.179201","1400","6","0","0","0","0","0","0","1","0","","0","0","0","13","1","1","","1","0","40 03:56.012","","0","75 10:45.123","3","0","0","0","67301","0","0","0","N","0","0","0","3","67301","0","","1.0","","1","N","N","N","0","","1","0","0","3","3","","1345","2","1","0","0","0","0","0","2","0","2","0","0","0","3","","","N","","","","","","","","","",""
"2021050571","1935","2","0","0","0","0","0","0","0","0","5","0","","67","6","2021","3","40.045672","-75.156594","1913","6","0","0","0","0","0","0","0","0","","0","0","0","18","1","1","N","0","0","40 02:44.420","","0","75 09:23.740","3","0","0","0","67301","0","0","0","N","0","0","0","2","67301","0","","1.0","","1","N","N","N","0","","1","0","0","0","0","","1813","2","1","0","0","0","0","0","2","0","2","0","0","0","3","03","","N","","","","","","","","","",""
"2021059416","2017","1","0","0","0","0","0","0","0","0","4","0","","67","6","2021","7","40.007909","-75.0852","2009","6","0","0","0","0","0","1","0","0","","0","0","0","19","4","0","","2","1","40 00:28.472","2","0","75 05:06.719","0","0","0","0","67301","0","0","0","N","0","0","0","2","67301","0","","1.0","2100.0","1","N","N","N","0","","0","0","1","3","3","N","1958","2","0","2","0","0","0","0","2","0","2","0","0","0","3","03","","N","","","","","","","","","",""
"2021078579","1725","1","0","0","0","0","0","0","0","0","4","0","","67","8","2021","6","40.039531","-75.084418","1712","6","0","0","0","0","0","1","0","0","","0","0","0","17","1","3","","1","0","40 02:22.311","","0","75 05:03.904","4","0","0","0","67301","0","0","0","N","0","0","0","4","67301","1","","1.0","","1","N","N","N","0","","0","0","2","3","2","","1707","3","3","0","0","0","2","1","2","0","3","0","0","0","3","03","","N","","","","","","","","","",""
"2021069765","2000","1","0","0","0","0","0","0","0","0","7","0","","67","5","2021","2","39.962057","-75.161408","1951","6","0","0","0","0","0","0","0","0","","0","0","0","19","1","1","N","0","0","39 57:43.406","","0","75 09:41.067","3","0","0","0","67301","0","0","0","N","0","0","0","2","67301","0","","4.0","","1","N","N","N","0","","1","0","0","0","0","","1940","1","1","0","0","0","0","0","2","0","1","0","0","0","3","03","","N","","","","","","","","","",""
"2021053649","1802","1","0","0","0","0","0","0","0","0","1","0","","67","6","2021","3","40.009784","-75.12168","1802","6","0","0","0","0","0","0","0","0","","0","0","0","18","1","0","Y","0","0","40 00:35.224","","0","75 07:18.048","9","0","0","0","67301","0","0","0","N","0","0","0","2","67301","0","","1.0","","1","N","N","N","0","","0","0","1","3","2","","1801","2","0","0","0","0","0","1","2","0","2","0","0","0","3","03","","N","","","","","","","","","",""
"2021053582","1612","2","0","0","0","0","0","0","0","0","4","0","","67","6","2021","7","39.939355","-75.217504","1612","6","0","0","0","0","0","0","0","0","","0","0","0","2","3","1","","1","0","39 56:21.677","","0","75 13:03.014","3","0","0","0","67301","0","0","0","N","0","0","0","2","67301","0","","1.0","","1","N","N","N","0","","1","0","0","3","2","","200","2","1","1","0","0","0","1","2","0","2","0","0","0","3","03","","N","","","","","","","","","",""
"2021053620","1938","0","0","0","0","0","0","0","0","0","8","0","","67","6","2021","2","39.953664","-75.235542","1937","6","0","0","0","0","0","0","0","0","","0","0","0","19","1","1","N","0","0","39 57:13.190","","0","75 14:07.950","3","0","0","0","67301","1","0","0","N","1","0","0","2","67301","0","","1.0","","1","N","N","N","0","","1","0","1","0","0","","1930","2","1","0","0","0","0","0","2","0","1","1","0","0","3","","","N","","","","","","","","","",""
"2021053578","1900","0","0","0","0","0","0","0","0","0","4","0","","67","6","2021","4","39.947236","-75.226833","1900","6","0","0","0","0","0","0","0","0","","0","0","0","16","1","0","","1","0","39 56:50.048","","0","75 13:36.599","0","0","0","0","67301","0","0","0","N","0","0","0","2","67301","0","","1.0","","1","N","N","N","0","","0","0","2","3","2","","1659","2","0","0","0","0","0","0","2","0","2","0","0","0","3","03","","N","","","","","","","","","",""
"2021046062","2149","1","0","0","0","0","0","0","0","0","5","0","","67","5","2021","4","40.029937","-75.153268","2146","6","0","0","0","1","0","0","0","0","","0","0","0","21","3","1","","5","0","40 01:47.773","","0","75 09:11.764","3","0","0","0","67301","0","0","0","N","0","0","0","2","67301","0","","1.0","","1","N","N","Y","0","","1","0","1","3","2","","2128","2","1","0","0","0","0","0","2","0","2","0","0","0","3","","","N","","","","","","","","","",""
"2021053654","0555","0","0","0","0","0","0","0","0","0","8","0","","67","6","2021","5","40.008796","-75.147623","0550","6","0","0","0","0","0","0","0","0","","0","0","0","5","1","1","","1","0","40 00:31.666","","0","75 08:51.441","8","0","0","0","67301","1","0","0","N","1","0","0","2","67301","0","","1.0","","9","N","N","N","0","","0","0","0","3","2","","524","2","1","0","0","0","1","0","2","0","1","1","0","0","7","04","","N","","","","","","","","","",""
"2021051867","2130","3","0","0","0","0","0","0","0","0","4","0","","67","6","2021","6","40.042934","-75.149956","2130","6","0","0","0","0","0","0","0","0","","0","0","0","21","3","1","","1","0","40 02:34.562","","0","75 08:59.841","3","0","0","0","67301","0","0","0","N","0","0","0","2","67301","0","","1.0","","1","N","N","N","0","","1","0","3","3","2","","2120","6","1","1","0","0","0","0","2","0","6","0","0","0","3","03","","N","","","","","","","","","",""
"2021078174","0135","2","0","0","0","0","0","0","0","0","7","0","","67","8","2021","6","40.01045","-75.103603","0134","6","0","0","0","0","0","0","0","0","","0","0","0","1","3","0","N","0","0","40 00:37.620","","0","75 06:12.970","9","0","0","0","67301","0","0","0","N","0","0","0","1","67301","0","","2.0","","1","N","N","N","0","","0","0","0","0","0","","134","2","0","1","0","0","0","1","2","0","2","0","0","0","3","03","","N","","","","","","","","","",""
"2021049756","1945","2","0","0","0","0","0","0","0","0","4","0","","67","5","2021","1","39.972323","-75.248868","1938","6","0","0","0","0","0","0","0","0","","0","0","0","19","1","3","","1","0","39 58:20.364","","0","75 14:55.925","3","0","0","0","67301","0","0","0","N","0","0","0","3","67301","0","","1.0","","1","N","N","N","0","","2","0","0","3","2","","1938","3","3","0","0","0","1","0","2","1","3","0","0","0","4","04","","N","","","","","","","","","",""
"2021051932","1629","1","0","0","0","0","0","0","0","0","4","0","","67","6","2021","6","39.971044","-75.184986","1621","6","0","0","0","0","0","0","0","0","","0","0","0","16","1","0","N","0","1","39 58:15.760","1","0","75 11:05.950","0","0","0","0","67301","0","0","0","N","0","0","0","2","67301","0","","1.0","1840.0","9","N","N","N","0","","0","0","1","0","0","N","1617","2","0","0","0","0","0","0","2","0","2","0","0","0","7","","","N","","","","","","","","","",""
"2021051745","0535","1","0","0","0","0","0","0","0","0","7","0","99","67","6","2021","5","40.020575","-75.155393","0528","6","0","0","0","0","0","0","0","0","","0","0","0","5","5","0","N","0","2","40 01:14.069","2","0","75 09:19.414","0","0","0","0","67301","0","0","0","N","0","0","0","1","67301","0","","1.0","755.0","1","N","N","N","0","","0","0","0","0","0","Y","500","1","0","0","0","0","0","0","2","0","1","0","0","0","3","03","U","Y","4","1","","","U","","","","","N"
"2021074611","2029","1","0","0","0","0","0","1","0","0","4","1","","67","8","2021","7","40.058997","-75.044079","2022","6","0","0","0","0","0","1","0","0","","0","0","0","19","3","3","","1","0","40 03:32.389","","0","75 02:38.685","3","0","0","0","67301","0","0","0","N","0","0","0","7","67301","0","","1.0","","1","N","N","N","1","","3","0","0","3","2","","1948","3","3","0","0","0","0","0","2","0","3","0","0","0","3","03","","N","","","","","","","","","",""
"2021051642","2355","2","0","0","0","0","0","0","0","0","5","0","","67","6","2021","7","39.941622","-75.162122","2350","6","0","0","0","0","0","0","0","0","","0","0","0","23","3","0","N","0","1","39 56:29.840","1","0","75 09:43.640","0","0","0","0","67301","0","0","0","N","0","0","0","1","67301","0","","6.0","55.0","1","N","N","N","1","","0","0","0","0","0","N","2345","3","0","0","0","0","0","0","2","0","3","0","0","0","3","","","N","","","","","","","","","",""
"2021050566","1601","0","0","0","0","0","0","0","0","0","4","0","","67","6","2021","3","39.938719","-75.224301","1601","6","0","0","0","0","0","0","0","0","","0","0","0","16","1","1","","1","2","39 56:19.388","5","0","75 13:27.483","3","0","0","0","67301","0","0","0","N","0","0","0","2","67301","0","","1.0","1800.0","1","N","N","N","0","","1","0","3","3","2","N","1601","3","1","0","0","0","0","0","2","0","3","0","0","0","4","","","N","","","","","","","","","",""
"2021053675","0225","1","0","0","0","0","0","0","0","0","1","0","","67","6","2021","1","39.995787","-75.191486","0209","6","0","0","0","0","0","0","0","0","","0","0","0","1","3","1","N","0","0","39 59:44.833","","0","75 11:29.348","3","0","0","1","67301","0","0","0","N","0","0","0","2","67301","0","","1.0","","1","N","N","N","0","","1","0","0","0","0","","100","2","1","0","0","0","0","0","2","0","2","0","0","0","3","03","","N","","","","","","","","","",""
"2021053602","1519","2","0","0","0","0","0","0","0","0","5","0","","67","6","2021","7","40.037361","-75.032806","1511","6","0","0","0","0","0","0","0","0","","0","0","0","15","1","0","N","0","0","40 02:14.500","","0","75 01:58.100","0","0","0","0","67301","0","0","0","N","0","0","0","1","67301","0","","6.0","","1","N","N","N","0","","0","0","1","0","0","","1510","3","0","1","0","0","0","0","2","0","3","0","0","0","3","","","N","","","","","","","","","",""
"2021053651","1915","1","0","0","0","0","0","0","0","0","4","0","","67","6","2021","3","40.001585","-75.152798","1910","6","0","0","0","0","0","0","0","0","","0","0","0","18","1","1","","1","0","40 00:05.705","","0","75 09:10.074","3","0","0","1","67301","0","0","0","N","0","0","0","2","67301","0","","1.0","","1","N","N","N","0","","1","0","0","3","2","","1827","2","1","0","0","0","0","0","2","0","2","0","0","0","3","","","N","","","","","","","","","",""
"2021065763","1934","1","0","0","0","0","0","0","0","0","7","0","","67","7","2021","6","39.976555","-75.196661","1924","6","0","0","0","0","0","1","0","0","","0","0","0","19","1","1","N","7","2","39 58:35.599","4","2","75 11:47.980","3","0","0","0","67301","0","0","0","N","0","0","0","1","68K01","0","","4.0","2029.0","1","N","N","N","0","","1","0","0","0","0","Y","1923","1","1","1","0","0","0","0","2","0","1","0","0","0","3","","","N","","","","","","","","","",""
"2021051930","1809","0","0","0","0","0","0","0","0","0","4","0","","67","6","2021","6","40.128935","-75.008739","1809","6","0","0","0","0","0","0","0","0","","0","0","0","18","1","0","","1","0","40 07:44.165","","0","75 00:31.460","9","0","0","0","67301","0","0","0","N","0","0","0","2","67301","0","","1.0","","9","N","N","N","0","","0","0","2","3","3","","1809","2","0","0","0","0","0","1","2","0","2","0","0","0","7","04","","N","","","","","","","","","",""
"2021074621","1725","1","0","0","1","0","0","0","0","0","4","0","","67","8","2021","3","39.942209","-75.153922","1708","6","0","0","0","0","0","0","1","0","","0","0","0","17","1","1","","1","0","39 56:31.954","","0","75 09:14.118","8","0","0","0","67301","1","0","0","N","0","0","0","2","67301","0","","1.0","","1","N","N","N","0","","0","0","0","3","2","","1700","2","1","0","0","0","1","0","2","0","1","1","0","0","3","","","N","","","","","","","","","",""
"2021051068","1912","0","0","0","0","0","0","0","0","0","8","0","","67","6","2021","3","40.027986","-75.149716","1911","6","0","0","0","0","0","0","0","0","","0","0","0","19","4","1","","1","0","40 01:40.749","","0","75 08:58.977","3","0","0","0","67301","1","0","0","N","1","0","0","2","67301","0","","1.0","","1","N","N","N","0","","1","0","0","0","0","","1910","2","1","0","0","0","0","0","2","1","1","1","0","0","99","03","","N","","","","","","","","","",""
"2021052023","2359","2","0","0","0","0","0","0","0","0","1","0","","67","6","2021","7","39.959461","-75.174513","2358","6","0","0","0","0","0","0","0","0","","0","0","0","23","3","0","N","0","0","39 57:34.058","","0","75 10:28.248","0","0","0","0","67301","0","0","0","N","0","0","0","3","68K01","0","","1.0","","1","N","N","N","0","","0","0","1","0","0","","2358","3","0","0","0","0","0","0","2","0","3","0","0","0","3","03","","N","","","","","","","","","",""
"2021070489","2205","1","0","0","0","0","0","0","0","0","7","0","","67","6","2021","7","40.019822","-75.110512","2200","6","0","0","0","0","0","0","0","0","","0","0","0","21","3","0","","2","0","40 01:11.359","","0","75 06:37.843","0","0","0","0","67301","0","0","0","N","0","0","0","1","67301","0","","4.0","","1","N","N","N","0","","0","0","0","3","2","","2135","1","0","1","0","0","0","0","2","0","1","0","0","0","3","03","","N","","","","","","","","","",""
"2021079774","0035","1","0","0","0","0","0","0","0","0","1","0","","67","8","2021","1","39.972361","-75.193669","0035","6","0","0","0","0","0","0","0","0","","0","0","0","0","3","0","N","0","2","39 58:20.501","3","0","75 11:37.209","0","0","0","0","67301","0","0","0","N","0","0","0","2","68K01","0","","1.0","35.0","9","N","N","Y","0","","0","0","1","0","0","N","35","2","0","0","0","0","0","0","2","0","2","0","0","0","7","","","N","","","","","","","","","",""
"2021053617","0819","1","0","0","1","0","0","0","0","0","8","0","","67","6","2021","2","39.938267","-75.170015","0811","6","0","0","0","0","0","0","0","0","","0","0","0","7","1","1","","1","0","39 56:17.761","","0","75 10:12.053","8","0","0","0","67301","1","0","0","N","0","0","0","2","67301","0","","1.0","","1","N","N","N","0","","0","0","0","3","2","","756","2","1","0","0","0","1","1","2","0","1","1","0","0","3","","","N","","","","","","","","","",""
"2021078168","0200","0","0","0","0","0","0","0","0","0","4","0","","67","8","2021","7","39.996227","-75.106209","0156","6","0","0","0","0","0","0","0","0","","0","0","0","1","3","0","","1","0","39 59:46.417","","0","75 06:22.352","9","0","0","0","67301","0","0","0","N","0","0","0","1","67301","0","","1.0","","1","N","N","N","0","","0","0","2","0","0","","148","2","0","0","0","0","0","1","2","0","2","0","0","0","3","03","","N","","","","","","","","","",""
"2021064267","0822","2","0","0","0","0","0","0","0","0","1","0","","67","6","2021","2","40.038977","-75.044815","0811","6","0","0","0","0","0","0","0","0","","0","0","0","7","1","0","N","0","0","40 02:20.318","","0","75 02:41.333","0","0","0","0","67301","0","0","0","N","0","0","0","2","67301","0","","1.0","","1","N","N","N","0","","0","0","0","0","0","","759","2","0","0","0","0","0","0","2","0","2","0","0","0","3","","","N","","","","","","","","","",""
"2021095400","1647","0","0","0","0","0","0","1","0","0","2","1","","67","10","2021","5","39.97956","-75.164664","1647","6","0","0","0","0","0","1","0","0","","0","0","0","16","1","1","N","0","2","39 58:46.416","6","0","75 09:52.790","3","0","0","0","67301","0","0","0","N","0","0","0","2","67301","0","","1.0","1730.0","1","N","N","N","0","","1","0","2","0","0","Y","1647","3","1","0","0","0","0","0","2","0","3","0","0","0","3","03","","N","","","","","","","","","",""
"2021053587","1944","0","0","0","0","0","0","0","0","0","8","0","","67","6","2021","2","39.919329","-75.234411","1944","6","0","0","0","0","0","0","0","0","","0","0","0","19","1","1","","2","0","39 55:09.583","","0","75 14:03.880","8","0","0","0","67301","1","0","0","N","1","0","0","2","67301","0","","1.0","","1","N","N","N","1","","0","0","0","0","0","","1935","2","1","0","0","0","1","0","2","0","1","1","0","0","3","03","","N","","","","","","","","","",""
"2021052229","0833","1","0","0","0","0","0","0","0","0","7","0","","67","6","2021","6","40.052308","-74.987999","0820","6","0","0","0","0","0","0","0","0","","0","0","0","8","1","1","N","0","2","40 03:08.309","5","0","74 59:16.798","3","0","0","0","67301","0","0","0","Y","0","0","0","2","68K01","0","","3.0","30.0","1","N","N","N","0","","1","0","1","0","0","N","804","2","1","0","0","0","0","0","2","0","2","0","0","0","3","","","N","","","","","","","","","",""
"2021036228","1508","2","0","0","0","0","0","0","0","0","4","0","","67","4","2021","3","40.068905","-75.18175","1458","6","0","0","0","0","0","2","0","0","","0","0","0","14","1","1","","1","0","40 04:08.058","","0","75 10:54.300","3","0","0","0","67301","0","0","0","N","0","0","0","3","67301","0","","1.0","","1","N","N","N","0","","1","0","1","3","2","","1456","3","1","0","0","0","0","0","2","0","3","0","0","0","3","","","N","","","","","","","","","",""
"2021053579","1645","0","0","0","0","0","0","0","0","0","4","0","","67","6","2021","5","39.913006","-75.240336","1638","6","0","0","0","0","0","0","1","0","","0","0","0","15","1","2","","1","0","39 54:46.821","","0","75 14:25.209","3","0","0","0","67301","0","0","0","N","0","0","0","2","67301","0","","1.0","","1","N","N","N","0","","2","0","2","3","2","","1508","2","2","0","0","0","0","0","2","0","2","0","0","0","3","03","","N","","","","","","","","","",""
"2021036783","1725","0","0","0","1","0","0","0","0","0","8","0","","67","4","2021","5","39.953557","-75.173193","1720","6","0","0","0","0","0","1","0","0","","0","0","0","17","1","1","","1","0","39 57:12.805","","0","75 10:23.496","3","0","0","0","67301","1","0","0","N","0","0","0","2","67301","0","","1.0","","1","N","N","N","0","","1","0","1","3","2","","1713","2","1","1","0","0","0","0","2","0","1","1","0","0","3","03","","N","","","","","","","","","",""
"2021064175","1606","2","0","0","0","0","0","0","0","0","5","0","","67","6","2021","2","40.034478","-75.092142","1547","6","0","0","0","0","0","0","0","0","","0","0","0","15","1","0","N","0","0","40 02:04.120","","0","75 05:31.710","9","0","0","0","67301","0","0","0","N","0","0","0","1","67301","0","","6.0","","1","N","N","N","0","","0","0","0","0","0","","1532","2","0","0","0","0","0","1","2","0","2","0","0","0","3","03","","N","","","","","","","","","",""
"2021079048","1935","1","0","0","0","0","0","0","0","0","5","0","","67","8","2021","2","39.982863","-75.098961","1927","6","0","0","0","0","0","0","0","0","","0","0","0","19","3","1","N","0","0","39 58:58.308","","0","75 05:56.260","4","0","0","0","67301","0","0","0","N","0","0","0","5","68K01","1","","3.0","","1","N","N","N","0","","0","0","2","0","0","","1908","3","1","0","0","0","0","1","2","0","3","0","0","0","3","","","N","","","","","","","","","",""
"2021053770","1540","2","0","0","0","0","0","0","0","0","4","0","","67","6","2021","2","39.989746","-75.134668","1540","6","0","0","0","0","1","1","0","0","","0","0","0","22","3","0","","1","0","39 59:23.085","","0","75 08:04.804","9","0","0","0","67301","0","0","0","N","0","0","0","2","67301","0","","1.0","","1","N","N","N","0","","0","0","0","3","3","","2240","2","0","1","0","0","0","2","2","0","2","0","0","0","3","03","","N","","","","","","","","","",""
"2021036401","1801","0","0","0","0","0","0","0","0","0","1","0","","67","4","2021","6","40.039603","-75.0068","1753","6","0","0","0","0","0","1","0","0","","0","0","0","16","1","3","N","0","1","40 02:22.570","1","0","75 00:24.479","8","0","0","0","67301","0","0","0","N","0","0","0","3","68K01","0","","1.0","1909.0","1","N","N","N","0","","0","0","3","0","0","N","1638","3","3","0","0","0","3","0","2","0","3","0","0","0","3","","","N","","","","","","","","","",""
"2021035538","1905","2","0","0","0","0","0","0","0","0","4","0","","67","4","2021","5","39.92165","-75.242695","1905","6","0","0","0","0","0","0","0","0","","0","0","0","19","1","9","","1","0","39 55:17.939","","0","75 14:33.701","8","0","0","0","67301","0","0","0","N","0","0","0","9","67301","0","","1.0","","1","N","N","N","0","","0","0","0","3","2","","1900","3","9","0","0","0","9","0","2","1","3","0","0","0","3","03","","N","","","","","","","","","",""
"2021035730","2007","0","0","0","0","0","0","0","0","0","7","0","","67","4","2021","2","40.055028","-74.995833","1956","6","0","0","0","0","0","0","0","0","","0","0","0","19","3","1","N","0","0","40 03:18.100","","0","74 59:45.000","3","0","0","0","67301","0","0","0","N","0","0","0","1","67301","0","","4.0","","1","N","N","N","0","","1","0","1","0","0","","1932","1","1","0","0","0","0","0","2","0","1","0","0","0","3","03","","N","","","","","","","","","",""
"2021035607","1333","1","0","0","0","0","0","0","0","0","4","0","","67","4","2021","7","39.970158","-75.145059","1333","6","0","0","0","0","1","0","0","0","","0","0","0","13","1","0","","1","0","39 58:12.569","","0","75 08:42.214","0","0","0","0","67301","0","0","0","N","0","0","0","3","67301","0","","1.0","","1","N","N","N","0","","0","0","1","3","2","","1329","2","0","3","0","0","0","0","2","0","2","0","0","0","3","03","","N","","","","","","","","","",""
"2021035618","1240","2","0","0","0","0","0","0","0","0","4","0","","67","4","2021","7","40.032578","-75.149443","1232","6","0","0","0","0","0","0","0","0","","0","0","0","12","1","0","","2","0","40 01:57.280","","0","75 08:57.994","9","0","0","0","67301","0","0","0","N","0","0","0","2","67301","0","","1.0","","1","N","N","N","0","","0","0","0","3","3","","1225","2","0","1","0","0","0","1","2","0","2","0","0","0","3","03","","N","","","","","","","","","",""
"2021062524","0308","2","0","0","0","0","0","0","0","0","1","0","","67","7","2021","2","39.975995","-75.114676","0308","6","0","0","0","0","0","0","0","0","","0","0","0","3","3","1","N","0","0","39 58:33.581","","0","75 06:52.833","3","0","0","0","67301","0","0","0","N","0","0","0","4","68K01","0","","1.0","","1","N","N","Y","0","","1","0","1","0","0","","308","3","1","0","0","0","0","1","2","0","3","0","0","0","3","","","N","","","","","","","","","",""