"CRN","ARRIVAL_TM","AUTOMOBILE_COUNT","BELTED_DEATH_COUNT","BELTED_SUSP_SERIOUS_INJ_COUNT","BICYCLE_COUNT","BICYCLE_DEATH_COUNT","BICYCLE_SUSP_SERIOUS_INJ_COUNT","BUS_COUNT","CHLDPAS_DEATH_COUNT","CHLDPAS_SUSP_SERIOUS_INJ_COUNT","COLLISION_TYPE","COMM_VEH_COUNT","CONS_ZONE_SPD_LIM","COUNTY","CRASH_MONTH","CRASH_YEAR","DAY_OF_WEEK","DEC_LATITUDE","DEC_LONGITUDE","DISPATCH_TM","DISTRICT","DRIVER_COUNT_16YR","DRIVER_COUNT_17YR","DRIVER_COUNT_18YR","DRIVER_COUNT_19YR","DRIVER_COUNT_20YR","DRIVER_COUNT_50_64YR","DRIVER_COUNT_65_74YR","DRIVER_COUNT_75PLUS","EST_HRS_CLOSED","FATAL_COUNT","HEAVY_TRUCK_COUNT","HORSE_BUGGY_COUNT","HOUR_OF_DAY","ILLUMINATION","INJURY_COUNT","INTERSECTION_RELATED","INTERSECT_TYPE","LANE_CLOSED","LATITUDE","LN_CLOSE_DIR","LOCATION_TYPE","LONGITUDE","MAX_SEVERITY_LEVEL","MCYCLE_DEATH_COUNT","MCYCLE_SUSP_SERIOUS_INJ_COUNT","MOTORCYCLE_COUNT","MUNICIPALITY","NONMOTR_COUNT","NONMOTR_DEATH_COUNT","NONMOTR_SUSP_SERIOUS_INJ_COUNT","NTFY_HIWY_MAINT","PED_COUNT","PED_DEATH_COUNT","PED_SUSP_SERIOUS_INJ_COUNT","PERSON_COUNT","POLICE_AGCY","POSSIBLE_INJ_COUNT","RDWY_SURF_TYPE_CD","RELATION_TO_ROAD","ROADWAY_CLEARED","ROAD_CONDITION","SCH_BUS_IND","SCH_ZONE_IND","SECONDARY_CRASH","SMALL_TRUCK_COUNT","SPEC_JURIS_CD","SUSP_MINOR_INJ_COUNT","SUSP_SERIOUS_INJ_COUNT","SUV_COUNT","TCD_FUNC_CD","TCD_TYPE","TFC_DETOUR_IND","TIME_OF_DAY","TOTAL_UNITS","TOT_INJ_COUNT","UNBELTED_OCC_COUNT","UNB_DEATH_COUNT","UNB_SUSP_SERIOUS_INJ_COUNT","UNK_INJ_DEG_COUNT","UNK_INJ_PER_COUNT","URBAN_RURAL","VAN_COUNT","VEHICLE_COUNT","VULNERABLE_ROAD_USER_COUNT","VULNERABLE_ROAD_USER_DEATH_COUNT","VULNERABLE_ROAD_USER_SER_INJ_COUNT","WEATHER1","WEATHER2","WORKERS_PRES","WORK_ZONE_IND","WORK_ZONE_LOC","WORK_ZONE_TYPE","WZ_CLOSE_DETOUR","WZ_FLAGGER","WZ_LAW_OFFCR_IND","WZ_LN_CLOSURE","WZ_MOVING","WZ_OTHER","WZ_SHLDER_MDN","WZ_WORKERS_INJ_KILLED"
"2021064375","2223","0","0","0","0","0","0","0","0","0","8","0","","67","6","2021","2","40.033048","-75.116073","2220","6","0","0","0","0","0","0","0","0","","0","0","0","22","3","1","N","1","2","40 01:58.974","6","0","75 06:57.861","2","0","0","0","67301","1","0","1","N","1","0","1","2","67301","0","","1.0","2343.0","1","N","N","N","0","","0","1","1","3","3","N","2200","2","1","0","0","0","0","0","2","0","1","1","0","1","3","03","","N","","","","","","","","","",""
"2021063131","1559","1","0","0","0","0","0","0","0","0","4","0","","67","6","2021","4","39.958485","-75.166656","1557","6","0","0","0","0","0","2","0","0","","0","0","0","14","1","1","N","0","0","39 57:30.547","","0","75 09:59.960","4","0","0","0","67301","0","0","0","N","0","0","0","4","68K01","1","","1.0","","1","N","N","N","0","","0","0","2","0","0","","1454","3","1","0","0","0","0","1","2","0","3","0","0","0","3","","","N","","","","","","","","","",""
"2021035536","0102","1","0","0","0","0","0","0","0","0","4","0","","67","4","2021","4","39.923905","-75.222104","0100","6","0","0","0","0","0","0","0","0","","0","0","0","10","8","1","","1","0","39 55:26.057","","0","75 13:19.574","3","0","0","0","67301","0","0","0","N","0","0","0","2","67301","0","","1.0","","1","N","N","N","0","","1","0","0","3","2","","1045","2","1","0","0","0","0","0","2","0","2","0","0","0","3","","","N","","","","","","","","","",""
"2021035550","0947","1","0","0","0","0","0","0","0","0","8","0","","67","4","2021","5","40.066612","-75.196376","0945","6","0","0","0","0","0","0","0","1","","0","0","0","14","1","1","","1","0","40 03:59.804","","0","75 11:46.952","4","0","0","0","67301","1","0","0","N","1","0","0","2","67301","1","","1.0","","99","N","N","N","0","","0","0","0","3","2","","1430","2","1","0","0","0","0","0","2","0","1","1","0","0","99","","","N","","","","","","","","","",""
"2021036667","0900","0","0","0","0","0","0","0","0","0","8","0","","67","4","2021","3","39.991448","-75.122507","0855","6","0","0","0","0","0","0","0","0","","0","0","0","8","1","2","","5","0","39 59:29.212","","1","75 07:21.025","3","0","0","1","67301","1","0","0","N","1","0","0","2","67301","0","","1.0","","1","N","N","N","0","","2","0","0","3","2","","850","2","2","0","0","0","0","0","2","0","1","1","0","0","3","03","","N","","","","","","","","","",""
"2021035988","1255","1","0","0","0","0","0","0","0","0","8","0","","67","4","2021","3","39.975836","-75.158419","1251","6","0","0","0","0","0","0","0","0","","0","0","0","12","1","1","","1","1","39 58:33.009","1","0","75 09:30.309","3","0","0","0","67301","1","0","0","N","1","0","0","2","67505","0","","1.0","1315.0","1","N","N","N","0","","1","0","0","3","2","Y","1249","2","1","0","0","0","0","0","2","0","1","1","0","0","3","03","","N","","","","","","","","","",""
"2021036780","0750","0","0","0","0","0","0","0","0","0","1","0","","67","4","2021","4","40.083756","-75.039025","0742","6","0","0","0","0","0","1","0","0","","0","0","0","7","1","1","Y","0","0","40 05:01.521","","0","75 02:20.489","3","0","0","0","67301","0","0","0","N","0","0","0","3","67301","0","","1.0","","1","N","N","N","0","","1","0","2","3","2","","735","2","1","0","0","0","0","0","2","0","2","0","0","0","3","04","","N","","","","","","","","","",""
"2021051862","0658","1","0","0","0","0","0","0","0","0","4","0","","67","6","2021","1","39.917989","-75.180003","0657","6","0","0","0","0","0","1","0","0","","0","0","0","6","1","1","N","0","2","39 55:04.760","4","7","75 10:48.010","8","0","0","0","67301","0","0","0","N","0","0","0","2","67301","0","","1.0","728.0","1","N","N","N","0","","0","0","1","0","0","Y","652","2","1","0","0","0","1","1","2","0","2","0","0","0","3","03","","N","","","","","","","","","",""
"2021054293","2338","2","0","0","0","0","0","0","0","0","4","0","","67","6","2021","6","39.997424","-75.102411","2338","6","0","0","0","1","0","0","0","0","","0","0","0","23","3","1","","1","0","39 59:50.727","","0","75 06:08.680","3","0","0","0","67301","0","0","0","N","0","0","0","2","67301","0","","1.0","","1","N","N","N","0","","1","0","1","3","2","","2332","3","1","0","0","0","0","0","2","0","3","0","0","0","3","03","","N","","","","","","","","","",""
"2021053601","0908","1","0","0","1","0","0","0","0","0","8","0","","67","6","2021","7","39.99858","-75.070996","0902","6","0","0","1","0","0","0","0","0","","0","0","0","8","1","1","","1","0","39 59:54.888","","0","75 04:15.587","8","0","0","0","67301","1","0","0","N","0","0","0","2","67301","0","","1.0","","1","N","N","N","0","","0","0","0","3","2","","855","2","1","0","0","0","1","0","2","0","1","1","0","0","3","03","","N","","","","","","","","","",""
"2021079984","1301","1","0","0","0","0","0","0","0","0","7","0","","67","8","2021","4","39.999639","-75.219413","1301","6","0","0","0","0","0","0","0","0","","0","0","0","13","1","0","N","0","0","39 59:58.702","","0","75 13:09.888","0","0","0","0","67301","0","0","0","N","0","0","0","1","68K01","0","","2.0","","1","N","N","N","0","","0","0","1","0","0","","1301","2","0","0","0","0","0","0","2","0","2","0","0","0","3","03","","N","","","","","","","","","",""
"2021080381","2044","2","0","0","0","0","0","0","0","0","4","0","","67","8","2021","7","40.028683","-75.117741","2037","6","0","0","0","0","0","0","0","0","","0","0","0","20","3","0","","1","1","40 01:43.257","7","0","75 07:03.868","9","0","0","0","67301","0","0","0","N","0","0","0","3","67301","0","","1.0","2105.0","9","N","N","N","0","","0","0","0","3","2","N","2033","2","0","0","0","0","0","3","2","0","2","0","0","0","7","","","N","","","","","","","","","",""
"2021035505","1715","1","0","0","0","0","0","0","0","0","1","0","","67","4","2021","5","39.933306","-75.143376","1700","6","0","0","0","0","0","0","0","0","","0","0","0","18","1","1","","2","0","39 55:59.902","","0","75 08:36.154","3","0","0","0","67301","0","0","0","N","0","0","0","2","67301","0","","1.0","","1","N","N","N","0","","1","0","0","3","2","","1845","2","1","0","0","0","0","0","2","0","2","0","0","0","3","03","","N","","","","","","","","","",""
"2021036660","2345","1","0","0","0","0","0","0","0","0","8","0","","67","4","2021","2","39.918532","-75.225906","2339","6","0","0","0","0","0","0","0","0","","0","0","0","8","1","1","","1","0","39 55:06.715","","0","75 13:33.263","3","0","0","0","67301","1","0","0","N","1","0","0","2","67301","0","","1.0","","1","N","N","N","0","","1","0","0","3","2","","840","2","1","0","0","0","0","0","2","0","1","1","0","0","3","03","","N","","","","","","","","","",""
"2021049751","1621","1","0","0","0","0","0","0","0","0","4","0","","67","5","2021","1","40.007909","-75.0852","1602","6","0","0","0","0","0","0","0","0","","0","0","0","15","1","1","","2","0","40 00:28.472","","0","75 05:06.719","3","0","0","0","67301","0","0","0","N","0","0","0","2","67301","0","","1.0","","9","N","N","N","0","","1","0","0","3","3","","1533","2","1","0","0","0","0","0","2","1","2","0","0","0","4","07","","N","","","","","","","","","",""
"2021051846","0101","1","0","0","0","0","0","0","0","0","5","0","","67","6","2021","2","39.977255","-75.158096","0110","6","0","0","0","0","0","0","1","0","","0","0","0","1","3","0","","1","0","39 58:38.118","","0","75 09:29.146","0","0","0","0","67301","0","0","0","N","0","0","0","2","67505","0","","1.0","","1","N","N","N","0","","0","0","1","3","2","","100","2","0","0","0","0","0","0","2","0","2","0","0","0","3","03","","N","","","","","","","","","",""
"2021062926","0150","1","0","0","0","0","0","0","0","0","7","0","","67","7","2021","1","40.034956","-75.018189","0137","6","0","0","0","0","0","0","0","0","","0","0","0","1","3","0","N","0","0","40 02:05.843","","0","75 01:05.482","0","0","0","0","67301","0","0","0","N","0","0","0","1","68K01","0","","2.0","","1","N","N","N","0","","0","0","0","0","0","","134","1","0","0","0","0","0","0","2","0","1","0","0","0","3","","","N","","","","","","","","","",""
"2021062912","0134","0","0","0","0","0","0","0","0","0","7","1","","67","7","2021","6","40.045258","-75.001895","0110","6","0","0","0","0","0","0","0","0","","0","1","0","1","3","0","","7","0","40 02:42.930","","2","75 00:06.821","9","0","0","0","67301","0","0","0","Y","0","0","0","1","68K01","0","","7.0","","9","N","N","N","0","","0","0","0","0","0","","102","1","0","0","0","0","0","1","2","0","1","0","0","0","7","","","N","","","","","","","","","",""
"2021034145","2213","2","0","0","0","0","0","0","0","0","1","0","","67","4","2021","4","39.905889","-75.132917","2212","6","0","0","0","0","0","0","0","0","","0","0","0","22","3","2","N","0","2","39 54:21.200","4","3","75 07:58.500","8","0","0","0","67301","0","0","0","N","0","0","0","3","67501","0","","1.0","2250.0","9","N","N","N","0","","0","0","0","0","0","N","2212","2","2","0","0","0","2","0","2","0","2","0","0","0","7","04","","N","","","","","","","","","",""
"2021035613","0230","0","0","0","0","0","0","0","0","0","7","0","","67","4","2021","4","40.047","-75.151056","0226","6","0","0","0","0","0","0","0","0","","0","0","0","2","3","0","N","0","0","40 02:49.200","","0","75 09:03.800","0","0","0","0","67301","0","0","0","N","0","0","0","3","67301","0","","4.0","","1","N","N","N","1","","0","0","1","0","0","","225","2","0","3","0","0","0","0","2","0","2","0","0","0","3","03","","N","","","","","","","","","",""
"2021035850","0208","0","0","0","0","0","0","0","0","0","7","0","","67","4","2021","1","40.037636","-75.011734","0201","6","0","0","0","0","0","1","0","0","","0","0","0","1","3","1","N","0","0","40 02:15.488","","0","75 00:42.242","3","0","0","0","67301","0","0","0","N","0","0","0","2","68K01","0","","3.0","","1","N","N","N","0","","1","0","1","0","0","","159","1","1","0","0","0","0","0","2","0","1","0","0","0","3","","","N","","","","","","","","","",""
"2021035577","1248","2","0","0","0","0","0","0","0","0","4","0","","67","4","2021","4","39.957511","-75.217339","1248","6","0","0","0","0","0","0","1","0","","0","0","0","12","1","1","","1","0","39 57:27.041","","0","75 13:02.421","3","0","0","0","67301","0","0","0","N","0","0","0","3","67301","0","","1.0","","1","N","N","N","0","","1","0","0","3","2","","1245","2","1","0","0","0","0","0","2","0","2","0","0","0","4","04","","N","","","","","","","","","",""
"2021036232","1713","0","0","0","0","0","0","0","0","0","7","0","","67","4","2021","2","40.01889","-75.140438","1704","6","0","0","0","0","0","1","0","0","","0","0","0","17","1","0","","1","0","40 01:08.004","","0","75 08:25.576","0","0","0","0","67301","0","0","0","N","0","0","0","1","67301","0","","4.0","","1","N","N","N","1","","0","0","0","3","2","","1700","1","0","0","0","0","0","0","2","0","1","0","0","0","3","03","","N","","","","","","","","","",""
"2021034103","2317","0","0","0","0","0","0","0","0","0","7","0","","67","4","2021","2","39.995577","-75.197648","2310","6","0","0","0","0","0","0","0","0","","0","0","0","23","2","1","N","0","0","39 59:44.077","","0","75 11:51.532","2","0","1","1","67301","0","0","0","Y","0","0","0","1","68K01","0","","2.0","","3","N","N","N","0","","0","1","0","3","8","","2308","1","1","0","0","0","0","0","2","0","1","0","0","0","3","","","N","","","","","","","","","",""
"2021036266","0124","3","0","0","0","0","0","0","0","0","1","0","","67","4","2021","4","40.033481","-75.037844","0119","6","0","0","0","0","0","0","0","0","","0","0","0","1","3","1","N","0","2","40 02:00.533","6","0","75 02:16.240","3","0","0","0","67301","0","0","0","N","0","0","0","2","67301","0","","1.0","130.0","1","N","N","Y","0","","1","0","3","0","0","N","115","6","1","0","0","0","0","0","2","0","6","0","0","0","3","03","","N","","","","","","","","","",""
"2021035670","2246","2","0","0","0","0","0","0","0","0","1","0","","67","4","2021","5","39.946054","-75.18938","2224","6","0","0","0","0","0","0","0","0","","0","0","0","22","3","0","N","0","0","39 56:45.796","","0","75 11:21.768","0","0","0","0","67301","0","0","0","N","0","0","0","2","68K01","0","","1.0","","1","N","N","N","0","","0","0","0","0","0","","2214","2","0","0","0","0","0","0","2","0","2","0","0","0","3","","","N","","","","","","","","","",""
"2021033775","0022","1","0","0","0","0","0","0","0","0","7","0","","67","4","2021","3","40.038381","-75.010351","0007","6","0","0","1","0","0","0","0","0","","0","0","0","0","3","0","N","0","1","40 02:18.170","2","0","75 00:37.262","0","0","0","0","67301","0","0","0","N","0","0","0","1","68K01","0","","2.0","30.0","9","N","N","N","0","","0","0","0","0","0","N","6","1","0","0","0","0","0","0","2","0","1","0","0","0","7","","","N","","","","","","","","","",""
"2021036063","1911","1","0","0","1","0","0","0","0","0","4","0","","67","4","2021","3","39.947777","-75.171181","1911","6","0","0","0","0","0","1","0","0","","0","0","0","19","1","1","","1","0","39 56:51.996","","0","75 10:16.250","3","0","0","0","67301","1","0","0","N","0","0","0","2","67301","0","","1.0","","1","N","N","N","0","","1","0","0","3","2","","1911","2","1","0","0","0","0","0","2","0","1","1","0","0","3","03","","N","","","","","","","","","",""
"2021035719","1607","4","0","0","0","0","0","0","0","0","4","0","","67","4","2021","3","39.983637","-75.160147","1604","6","0","0","0","0","0","0","0","0","","0","0","0","16","1","0","","1","0","39 59:01.093","","0","75 09:36.529","0","0","0","0","67301","0","0","0","N","0","0","0","2","67505","0","","1.0","","1","N","N","Y","0","","0","0","1","3","2","","1600","5","0","0","0","0","0","0","2","0","5","0","0","0","3","03","","N","","","","","","","","","",""
"2021033434","1814","1","0","0","0","0","0","0","0","0","4","0","","67","4","2021","2","39.947241","-75.217894","1804","6","0","0","0","0","0","0","0","0","","0","0","0","17","1","0","","1","0","39 56:50.067","","0","75 13:04.418","9","0","0","0","67301","0","0","0","N","0","0","0","3","67301","0","","1.0","","1","N","N","N","0","","0","0","1","3","3","","1700","2","0","0","0","0","0","1","2","0","2","0","0","0","3","03","","N","","","","","","","","","",""
"2021048480","2017","1","0","0","0","0","0","0","0","0","0","0","","67","5","2021","4","40.002893","-75.077678","2015","6","0","0","0","0","0","0","0","0","","0","0","0","20","1","1","N","0","0","40 00:10.413","","3","75 04:39.639","8","0","0","0","67301","0","0","0","N","0","0","0","1","68K01","0","","1.0","","1","N","N","N","0","","0","0","0","1","8","","2013","1","1","0","0","0","1","0","2","0","1","0","0","0","99","","","N","","","","","","","","","",""
"2021053580","2147","0","0","0","0","0","0","0","0","0","4","0","","67","6","2021","6","39.918554","-75.225852","2146","6","0","0","0","0","0","0","1","0","","0","0","0","21","3","1","","1","0","39 55:06.796","","0","75 13:33.067","3","0","0","1","67301","0","0","0","N","0","0","0","3","67301","0","","1.0","","1","N","N","N","0","","1","0","1","3","2","","2144","2","1","0","0","0","0","0","2","0","2","0","0","0","3","03","","N","","","","","","","","","",""
"2021054291","2259","1","0","0","0","0","0","0","0","0","4","0","","67","6","2021","5","39.99696","-75.129612","2258","6","0","0","0","0","0","0","0","0","","0","0","0","22","3","2","","1","0","39 59:49.055","","0","75 07:46.603","3","0","0","0","67301","0","0","0","N","0","0","0","4","67301","1","","1.0","","9","N","N","N","0","","1","0","1","3","3","","2220","2","2","2","0","0","0","2","2","0","2","0","0","0","99","07","","N","","","","","","","","","",""
"2021035578","2033","2","0","0","0","0","0","0","0","0","4","0","","67","4","2021","4","39.941304","-75.209341","2032","6","0","1","0","0","0","0","0","0","","0","0","0","20","3","1","","1","0","39 56:28.693","","0","75 12:33.626","3","0","0","0","67301","0","0","0","N","0","0","0","7","67301","0","","1.0","","1","N","N","N","0","","1","0","0","3","2","","2032","2","1","6","0","0","0","0","2","0","2","0","0","0","3","03","","N","","","","","","","","","",""
"2021036073","1905","1","0","0","0","0","0","0","0","0","7","0","","67","4","2021","3","39.974648","-75.173784","1855","6","0","0","0","0","0","0","0","0","","0","0","0","18","1","1","","2","0","39 58:28.732","","0","75 10:25.622","8","0","0","0","67301","0","0","0","N","0","0","0","1","67301","0","","4.0","","1","N","N","N","0","","0","0","0","0","0","","1850","1","1","0","0","0","1","0","2","0","1","0","0","0","3","03","","N","","","","","","","","","",""
"2021034431","0128","1","0","0","0","0","0","0","0","0","7","0","","67","4","2021","6","39.956723","-75.198135","0125","6","0","0","0","0","0","0","0","0","","0","0","0","1","3","0","","1","0","39 57:24.202","","0","75 11:53.285","0","0","0","0","67301","0","0","0","Y","0","0","0","1","67504","0","","5.0","","1","N","N","N","0","","0","0","0","3","1","","124","1","0","0","0","0","0","0","2","0","1","0","0","0","3","03","","N","","","","","","","","","",""
"2021034774","0831","1","0","0","0","0","0","0","0","0","7","0","45","67","4","2021","3","40.01277","-75.058478","0816","6","0","0","0","0","0","0","0","0","","0","0","0","8","1","1","N","0","1","40 00:45.973","1","0","75 03:30.520","3","0","0","0","67301","0","0","0","N","0","0","0","2","68K01","0","","3.0","846.0","9","N","N","N","0","","1","0","1","0","0","N","813","2","1","0","0","0","0","0","2","0","2","0","0","0","3","","Y","Y","4","1","N","N","N","N","N","N","Y","N"
"2021064334","1028","0","0","0","0","0","0","0","0","0","0","0","","67","7","2021","7","39.995342","-75.111908","1028","6","0","1","0","0","0","0","0","0","","0","0","0","9","1","0","N","0","0","39 59:43.230","","0","75 06:42.870","0","0","0","0","67301","0","0","0","N","0","0","0","1","67301","0","","3.0","","1","N","N","N","0","","0","0","1","0","0","","950","1","0","0","0","0","0","0","2","0","1","0","0","0","3","03","","N","","","","","","","","","",""
"2021036573","2300","1","0","0","0","0","0","0","0","0","4","0","","67","4","2021","4","40.003814","-75.157356","2300","6","0","0","0","0","0","1","0","0","","0","0","0","22","3","1","","1","0","40 00:13.730","","0","75 09:26.481","3","0","0","0","67301","0","0","0","N","0","0","0","2","67301","0","","1.0","","99","N","N","N","0","","1","0","1","3","3","","2200","2","1","0","0","0","0","0","2","0","2","0","0","0","3","03","","N","","","","","","","","","",""
"2021064411","0105","3","0","0","0","0","0","0","0","0","2","0","","67","7","2021","6","39.999733","-75.174893","0105","6","0","0","0","0","1","0","0","0","","0","0","0","1","3","0","","1","2","39 59:59.038","7","0","75 10:29.614","0","0","0","0","67301","0","0","0","N","0","0","0","2","67301","0","","1.0","155.0","9","N","N","N","0","","0","0","0","3","3","U","103","3","0","0","0","0","0","0","2","0","3","0","0","0","7","","","N","","","","","","","","","",""
"2021034133","1440","2","0","0","0","0","0","0","0","0","4","0","","67","4","2021","3","39.934569","-75.170813","1430","6","0","0","0","0","0","0","0","0","","0","0","0","19","4","0","","1","0","39 56:04.448","","0","75 10:14.927","9","0","0","0","67301","0","0","0","N","0","0","0","2","67301","0","","1.0","","99","N","N","N","0","","0","0","0","3","3","","1945","2","0","0","0","0","0","2","2","0","2","0","0","0","99","98","","N","","","","","","","","","",""
"2021035494","0031","2","0","0","0","0","0","0","0","0","4","0","","67","4","2021","3","40.035918","-75.088134","0017","6","0","0","0","1","0","0","1","0","","0","0","0","23","3","0","","1","2","40 02:09.304","3","0","75 05:17.282","0","0","0","0","67301","0","0","0","N","0","0","0","2","67301","0","","1.0","135.0","1","N","N","N","0","","0","0","1","3","3","N","2341","3","0","0","0","0","0","0","2","0","3","0","0","0","3","03","","N","","","","","","","","","",""
"2021062340","1722","1","0","0","0","0","0","0","0","0","7","0","","67","7","2021","1","39.949354","-75.141866","1710","6","0","0","0","0","1","0","0","0","","0","0","0","17","1","3","N","0","0","39 56:57.673","","0","75 08:30.716","3","0","0","0","67301","0","0","0","N","0","0","0","5","68K01","0","","4.0","","9","N","N","N","0","","2","0","0","0","0","","1707","1","3","1","0","0","1","0","2","0","1","0","0","0","3","","","N","","","","","","","","","",""
"2021035491","1810","3","0","0","0","0","0","0","0","0","1","0","","67","4","2021","3","39.89819","-75.210563","1810","6","0","0","0","0","0","1","0","0","","0","0","0","18","1","0","N","0","0","39 53:53.484","","3","75 12:38.028","0","0","0","0","67301","0","0","0","N","0","0","0","3","67301","0","","1.0","","1","N","N","N","0","","0","0","0","0","0","","1805","3","0","0","0","0","0","0","2","0","3","0","0","0","3","","","N","","","","","","","","","",""
"2021033995","0713","0","0","0","0","0","0","0","0","0","1","0","","67","4","2021","3","39.940809","-75.203116","0710","6","0","0","0","0","0","0","0","0","","0","0","0","7","1","1","N","0","0","39 56:26.911","","3","75 12:11.217","3","0","0","1","67301","0","0","0","N","0","0","0","2","67301","0","","1.0","","9","N","N","N","0","","1","0","0","0","0","","710","2","1","0","0","0","0","0","2","0","2","0","0","0","7","04","","N","","","","","","","","","",""
"2021062521","2253","2","0","0","0","0","0","0","0","0","1","0","","67","7","2021","1","39.991394","-75.203514","2253","6","0","0","0","0","0","0","0","0","","0","0","0","22","3","1","N","0","1","39 59:29.019","3","0","75 12:12.650","8","0","0","0","67301","0","0","0","N","0","0","0","2","68K01","0","","1.0","2322.0","1","N","N","N","0","","0","0","0","0","0","N","2230","2","1","0","0","0","1","0","2","0","2","0","0","0","3","03","","N","","","","","","","","","",""
"2021035611","1858","1","0","0","0","0","0","0","0","0","4","0","","67","4","2021","2","40.041","-75.141226","1858","6","0","0","0","0","0","0","0","0","","0","0","0","18","1","2","","1","1","40 02:27.600","2","0","75 08:28.413","4","0","0","0","67301","0","0","0","N","0","0","0","3","67301","2","","1.0","1915.0","1","N","N","N","0","","0","0","1","3","3","N","1854","2","2","0","0","0","0","0","2","0","2","0","0","0","3","03","","N","","","","","","","","","",""
"2021053584","1615","1","0","0","0","0","0","0","0","0","4","0","","67","6","2021","1","39.912591","-75.242235","1557","6","0","0","0","0","0","1","0","0","","0","0","0","15","1","0","","2","0","39 54:45.327","","0","75 14:32.045","0","0","0","0","67301","0","0","0","N","0","0","0","2","67301","0","","1.0","","1","N","N","N","0","","0","0","0","3","3","","1500","2","0","0","0","0","0","0","2","0","2","0","0","0","3","03","","N","","","","","","","","","",""
"2021050364","0300","1","0","0","0","0","0","0","0","0","1","0","","67","6","2021","3","39.915098","-75.157561","0255","6","0","0","0","0","0","1","0","0","","0","0","0","2","3","1","N","0","0","39 54:54.354","","0","75 09:27.221","3","0","0","0","67301","0","0","0","N","0","0","0","3","67301","0","","1.0","","1","N","N","N","0","","1","0","1","0","0","","253","2","1","0","0","0","0","0","2","0","2","0","0","0","3","03","","N","","","","","","","","","",""
"2021056086","2141","1","0","0","0","0","0","0","0","0","7","0","","67","6","2021","7","39.8918","-75.237271","2141","6","0","0","0","0","0","0","0","0","","0","0","0","21","3","1","N","0","2","39 53:30.480","2","0","75 14:14.175","4","0","0","0","67301","0","0","0","Y","0","0","0","1","68K02","1","","4.0","2245.0","1","N","N","N","0","","0","0","0","0","0","N","2141","1","1","0","0","0","0","0","2","0","1","0","0","0","3","","","N","","","","","","","","","",""
"2021035518","1200","1","0","0","0","0","0","0","0","0","1","0","","67","4","2021","4","40.087824","-75.035084","1157","6","0","0","0","0","0","0","0","0","","0","0","0","11","1","1","N","0","0","40 05:16.167","","0","75 02:06.303","3","0","0","0","67301","0","0","0","N","0","0","0","3","67301","0","","1.0","","1","N","N","N","0","","1","0","1","0","0","","1147","2","1","2","0","0","0","0","2","0","2","0","0","0","3","03","","N","","","","","","","","","",""
"2021050365","1650","0","0","0","0","0","0","0","0","0","8","0","","67","6","2021","3","39.9153","-75.159789","1646","6","0","0","0","0","0","1","0","0","","0","0","0","16","1","1","","1","0","39 54:55.080","","0","75 09:35.241","3","0","0","0","67301","1","0","0","N","1","0","0","2","67301","0","","1.0","","1","N","N","N","0","","1","0","1","3","2","","1633","2","1","0","0","0","0","0","2","0","1","1","0","0","3","03","","N","","","","","","","","","",""
"2021035558","2000","0","0","0","0","0","0","0","0","0","4","0","","67","4","2021","5","40.030122","-75.067394","1958","6","0","0","0","0","0","0","0","0","","0","0","0","19","3","3","","2","0","40 01:48.440","","0","75 04:02.620","3","0","0","0","67301","0","0","0","N","0","0","0","3","67301","0","","1.0","","1","N","N","N","0","","3","0","1","3","3","","1933","2","3","0","0","0","0","0","2","0","2","0","0","0","3","03","","N","","","","","","","","","",""
"2021035582","0110","2","0","0","0","0","0","0","0","0","4","0","","67","4","2021","4","39.967336","-75.245842","0055","6","0","0","1","0","0","0","0","0","","0","0","0","0","6","1","","1","0","39 58:02.410","","0","75 14:45.030","3","0","0","0","67301","0","0","0","N","0","0","0","2","67301","0","","1.0","","1","N","N","N","0","","1","0","0","3","2","","55","2","1","1","0","0","0","0","2","0","2","0","0","0","3","03","","N","","","","","","","","","",""
"2021035527","0110","2","0","0","0","0","0","0","0","0","4","0","","67","4","2021","5","40.062519","-75.009434","0110","6","0","0","0","0","0","0","0","0","","0","0","0","1","3","1","","1","0","40 03:45.067","","0","75 00:33.961","8","0","0","0","67301","0","0","0","N","0","0","0","2","67301","0","","1.0","","1","N","N","N","0","","0","0","0","3","2","","108","2","1","0","0","0","1","0","2","0","2","0","0","0","3","03","","N","","","","","","","","","",""
"2021035567","1237","3","0","0","0","0","0","0","0","0","4","0","","67","4","2021","2","40.011259","-75.081915","1233","6","0","0","0","0","1","1","0","0","","0","0","0","12","1","1","","1","0","40 00:40.532","","0","75 04:54.894","8","0","0","0","67301","0","0","0","N","0","0","0","3","67301","0","","1.0","","1","N","N","Y","0","","0","0","1","3","3","","1215","4","1","0","0","0","1","1","2","0","4","0","0","0","4","04","","N","","","","","","","","","",""
"2021062504","0036","1","0","0","0","0","0","0","0","0","1","0","","67","7","2021","6","39.89335","-75.230135","0018","6","0","0","0","0","0","1","0","0","","0","0","0","0","3","0","N","0","0","39 53:36.061","","0","75 13:48.485","0","0","0","0","67301","0","0","0","N","0","0","0","2","68K01","0","","1.0","","8","N","N","N","1","","0","0","0","0","0","","1","2","0","0","0","0","0","0","2","0","2","0","0","0","7","07","","N","","","","","","","","","",""