"CRN","ARRIVAL_TM","AUTOMOBILE_COUNT","BELTED_DEATH_COUNT","BELTED_SUSP_SERIOUS_INJ_COUNT","BICYCLE_COUNT","BICYCLE_DEATH_COUNT","BICYCLE_SUSP_SERIOUS_INJ_COUNT","BUS_COUNT","CHLDPAS_DEATH_COUNT","CHLDPAS_SUSP_SERIOUS_INJ_COUNT","COLLISION_TYPE","COMM_VEH_COUNT","CONS_ZONE_SPD_LIM","COUNTY","CRASH_MONTH","CRASH_YEAR","DAY_OF_WEEK","DEC_LATITUDE","DEC_LONGITUDE","DISPATCH_TM","DISTRICT","DRIVER_COUNT_16YR","DRIVER_COUNT_17YR","DRIVER_COUNT_18YR","DRIVER_COUNT_19YR","DRIVER_COUNT_20YR","DRIVER_COUNT_50_64YR","DRIVER_COUNT_65_74YR","DRIVER_COUNT_75PLUS","EST_HRS_CLOSED","FATAL_COUNT","HEAVY_TRUCK_COUNT","HORSE_BUGGY_COUNT","HOUR_OF_DAY","ILLUMINATION","INJURY_COUNT","INTERSECTION_RELATED","INTERSECT_TYPE","LANE_CLOSED","LATITUDE","LN_CLOSE_DIR","LOCATION_TYPE","LONGITUDE","MAX_SEVERITY_LEVEL","MCYCLE_DEATH_COUNT","MCYCLE_SUSP_SERIOUS_INJ_COUNT","MOTORCYCLE_COUNT","MUNICIPALITY","NONMOTR_COUNT","NONMOTR_DEATH_COUNT","NONMOTR_SUSP_SERIOUS_INJ_COUNT","NTFY_HIWY_MAINT","PED_COUNT","PED_DEATH_COUNT","PED_SUSP_SERIOUS_INJ_COUNT","PERSON_COUNT","POLICE_AGCY","POSSIBLE_INJ_COUNT","RDWY_SURF_TYPE_CD","RELATION_TO_ROAD","ROADWAY_CLEARED","ROAD_CONDITION","SCH_BUS_IND","SCH_ZONE_IND","SECONDARY_CRASH","SMALL_TRUCK_COUNT","SPEC_JURIS_CD","SUSP_MINOR_INJ_COUNT","SUSP_SERIOUS_INJ_COUNT","SUV_COUNT","TCD_FUNC_CD","TCD_TYPE","TFC_DETOUR_IND","TIME_OF_DAY","TOTAL_UNITS","TOT_INJ_COUNT","UNBELTED_OCC_COUNT","UNB_DEATH_COUNT","UNB_SUSP_SERIOUS_INJ_COUNT","UNK_INJ_DEG_COUNT","UNK_INJ_PER_COUNT","URBAN_RURAL","VAN_COUNT","VEHICLE_COUNT","VULNERABLE_ROAD_USER_COUNT","VULNERABLE_ROAD_USER_DEATH_COUNT","VULNERABLE_ROAD_USER_SER_INJ_COUNT","WEATHER1","WEATHER2","WORKERS_PRES","WORK_ZONE_IND","WORK_ZONE_LOC","WORK_ZONE_TYPE","WZ_CLOSE_DETOUR","WZ_FLAGGER","WZ_LAW_OFFCR_IND","WZ_LN_CLOSURE","WZ_MOVING","WZ_OTHER","WZ_SHLDER_MDN","WZ_WORKERS_INJ_KILLED"
"2021035616","0335","1","0","0","0","0","0","0","0","0","1","0","","67","4","2021","5","40.027644","-75.14723","0334","6","0","0","0","0","0","0","0","0","","0","0","0","3","3","0","","1","1","40 01:39.520","2","0","75 08:50.028","9","0","0","0","67301","0","0","0","N","0","0","0","2","67301","0","","1.0","420.0","1","N","N","N","0","","0","0","1","3","2","Y","334","2","0","0","0","0","0","2","2","0","2","0","0","0","3","","","N","","","","","","","","","",""
"2021062916","0831","1","0","0","0","0","0","0","0","0","7","0","","67","7","2021","6","39.976425","-75.196201","0831","6","0","0","0","1","0","0","0","0","","0","0","0","8","1","0","N","0","0","39 58:35.129","","0","75 11:46.322","0","0","0","0","67301","0","0","0","N","0","0","0","1","68K01","0","","3.0","","1","N","N","N","0","","0","0","0","0","0","","831","1","0","0","0","0","0","0","2","0","1","0","0","0","4","","","N","","","","","","","","","",""
"2021035512","0828","1","0","0","0","0","0","0","0","0","8","0","","67","4","2021","2","39.951934","-75.159863","0828","6","0","0","0","0","0","0","1","0","","0","0","0","8","1","1","","1","2","39 57:06.961","3","0","75 09:35.508","3","0","0","0","67301","1","0","0","N","1","0","0","2","67301","0","","1.0","900.0","1","N","N","N","0","","1","0","0","3","2","Y","827","2","1","0","0","0","0","0","2","0","1","1","0","0","4","04","","N","","","","","","","","","",""
"2021063511","1646","1","0","0","0","0","0","0","0","0","1","0","","67","7","2021","4","39.961024","-75.181756","1621","6","0","0","0","0","0","1","0","0","","0","0","0","16","1","0","N","0","1","39 57:39.687","4","0","75 10:54.321","0","0","0","0","67301","0","0","0","N","0","0","0","3","68K01","0","","1.0","1650.0","1","N","N","N","0","","0","0","2","0","0","Y","1618","3","0","0","0","0","0","0","2","0","3","0","0","0","3","03","","N","","","","","","","","","",""
"2021035559","1302","1","0","0","0","0","0","0","0","0","4","0","","67","4","2021","4","40.019837","-75.047737","1301","6","0","0","0","0","0","0","0","0","","0","0","0","13","1","1","","2","0","40 01:11.413","","0","75 02:51.853","3","0","0","0","67301","0","0","0","N","0","0","0","2","67301","0","","1.0","","1","N","N","N","0","","1","0","0","3","3","","1300","2","1","0","0","0","0","1","2","0","2","0","0","0","3","03","","N","","","","","","","","","",""
"2021060479","1636","0","0","0","0","0","0","1","0","0","4","1","","67","6","2021","2","39.947712","-75.151093","1633","6","0","0","0","0","0","1","0","0","","0","0","0","16","1","0","","1","0","39 56:51.762","","0","75 09:03.936","0","0","0","0","67301","0","0","0","N","0","0","0","5","67508","0","","1.0","","1","N","N","Y","0","","0","0","1","3","2","","1633","2","0","2","0","0","0","0","2","0","2","0","0","0","3","03","","N","","","","","","","","","",""
"2021062746","0254","1","0","0","0","0","0","0","0","0","7","0","","67","7","2021","7","39.972697","-75.193431","0249","6","0","0","0","0","0","0","0","0","","0","0","0","2","3","1","N","0","2","39 58:21.708","4","2","75 11:36.352","8","0","0","0","67301","0","0","0","N","0","0","0","1","68K01","0","","4.0","330.0","1","N","N","N","0","","0","0","0","0","0","N","248","1","1","0","0","0","1","0","2","0","1","0","0","0","3","","","N","","","","","","","","","",""
"2021033997","1414","2","0","0","0","0","0","0","0","0","3","0","","67","4","2021","3","39.990944","-75.1618","1411","6","0","0","0","0","0","1","0","0","","0","0","0","14","1","1","N","0","0","39 59:27.400","","0","75 09:42.480","3","0","0","0","67301","0","0","0","N","0","0","0","2","67301","0","","1.0","","1","N","N","N","0","","1","0","0","0","0","","1408","2","1","1","0","0","0","0","2","0","2","0","0","0","3","03","","N","","","","","","","","","",""
"2021035554","1550","0","0","0","0","0","0","0","0","0","1","0","","67","4","2021","3","40.032514","-75.080809","1540","6","0","0","0","0","0","0","0","0","","0","0","0","15","1","1","","1","1","40 01:57.052","1","0","75 04:50.912","8","0","0","0","67301","0","0","0","N","0","0","0","2","67301","0","","1.0","1610.0","1","N","N","N","1","","0","0","1","3","2","N","1508","2","1","0","0","0","1","0","2","0","2","0","0","0","3","","","N","","","","","","","","","",""
"2021035586","1652","2","0","0","0","0","0","0","0","0","4","0","","67","4","2021","5","39.976176","-75.160962","1652","6","0","0","0","0","0","1","0","0","","0","0","0","16","1","2","","1","0","39 58:34.232","","0","75 09:39.464","3","0","0","0","67301","0","0","0","N","0","0","0","3","67301","1","","1.0","","1","N","N","N","0","","1","0","0","3","3","","1637","2","2","0","0","0","0","0","2","0","2","0","0","0","3","","","N","","","","","","","","","",""
"2021033611","0615","0","0","0","0","0","0","0","0","0","5","0","","67","4","2021","2","39.923094","-75.150283","0615","6","0","0","0","0","0","0","0","0","","0","0","0","6","1","1","N","0","0","39 55:23.140","","0","75 09:01.020","3","0","0","0","67301","0","0","0","N","0","0","0","1","67301","0","","6.0","","1","N","N","N","1","","1","0","1","0","0","","610","2","1","0","0","0","0","0","2","0","2","0","0","0","3","03","","N","","","","","","","","","",""
"2021033767","0343","0","0","0","0","0","0","0","0","0","7","0","","67","4","2021","2","39.987511","-75.090028","0313","6","0","0","0","0","0","0","0","0","","0","0","0","3","2","0","N","0","2","39 59:15.040","2","0","75 05:24.102","0","0","0","0","67301","0","0","0","N","0","0","0","1","68K01","0","","3.0","350.0","9","N","N","N","0","","0","0","1","0","0","N","306","1","0","0","0","0","0","0","2","0","1","0","0","0","7","","","N","","","","","","","","","",""
"2021037383","2030","1","0","0","0","0","0","0","0","0","2","0","","67","4","2021","6","39.968861","-75.247583","2030","6","0","0","0","0","0","0","0","0","","0","0","0","20","3","1","N","0","0","39 58:07.900","","0","75 14:51.300","3","0","0","0","67301","0","0","0","N","0","0","0","1","67301","0","","6.0","","1","N","N","N","0","","1","0","0","0","0","","2030","2","1","0","0","0","0","0","2","1","2","0","0","0","3","03","","N","","","","","","","","","",""
"2021061911","0312","1","0","0","0","0","0","0","0","0","2","0","","67","7","2021","2","39.977782","-75.150998","0310","6","0","0","0","0","0","1","0","0","","0","0","0","3","3","1","","1","0","39 58:40.016","","0","75 09:03.593","8","0","0","0","67301","0","0","0","N","0","0","0","2","67505","0","","1.0","","1","N","N","N","0","","0","0","1","3","2","","305","2","1","0","0","0","1","0","2","0","2","0","0","0","3","03","","N","","","","","","","","","",""
"2021035587","1903","1","0","0","0","0","0","0","0","0","4","0","","67","4","2021","5","39.973399","-75.16399","1859","6","0","0","0","0","0","0","0","0","","0","0","0","18","1","1","","2","0","39 58:24.236","","0","75 09:50.364","4","0","0","0","67301","0","0","0","N","0","0","0","3","67301","1","","1.0","","1","N","N","N","0","","0","0","1","3","3","","1852","2","1","0","0","0","0","0","2","0","2","0","0","0","3","03","","N","","","","","","","","","",""
"2021035615","1943","1","0","0","0","0","0","0","0","0","2","0","","67","4","2021","4","40.029231","-75.135838","1943","6","0","0","0","0","0","0","0","0","","0","0","0","19","3","0","","2","0","40 01:45.231","","0","75 08:09.016","0","0","0","0","67301","0","0","0","N","0","0","0","2","67301","0","","1.0","","99","N","N","N","0","","0","0","2","0","0","","1942","3","0","0","0","0","0","0","2","0","3","0","0","0","4","","","N","","","","","","","","","",""
"2021064186","0039","1","0","0","0","0","0","0","0","0","8","0","","67","7","2021","1","40.05501","-75.090298","0039","6","0","0","0","0","0","0","0","0","","0","0","0","23","8","2","N","0","9","40 03:18.037","","0","75 05:25.071","2","0","0","0","67301","2","0","1","N","2","0","1","3","67301","0","","1.0","","1","N","N","N","0","","1","1","0","9","9","U","2345","3","2","0","0","0","0","1","2","0","1","2","0","1","3","","","N","","","","","","","","","",""
"2021033614","2108","1","0","0","0","0","0","0","0","0","4","0","","67","4","2021","2","39.981209","-75.188697","2107","6","0","0","0","0","0","0","0","0","","0","0","0","21","3","0","","1","0","39 58:52.351","","0","75 11:19.309","0","0","0","0","67301","0","0","0","N","0","0","0","2","67301","0","","1.0","","1","N","N","N","0","","0","0","1","3","2","","2106","2","0","0","0","0","0","0","2","0","2","0","0","0","3","","","N","","","","","","","","","",""
"2021033865","0610","3","0","0","0","0","0","0","0","0","1","0","","67","4","2021","4","39.956086","-75.205895","0607","6","0","0","0","0","0","0","0","0","","0","0","0","6","1","0","N","0","0","39 57:21.911","","0","75 12:21.222","0","0","0","0","67301","0","0","0","N","0","0","0","1","67504","0","","6.0","","1","N","N","N","0","","0","0","0","0","0","","606","3","0","0","0","0","0","0","2","0","3","0","0","0","3","03","","N","","","","","","","","","",""
"2021035584","1000","1","0","0","0","0","0","0","0","0","1","0","","67","4","2021","2","39.989793","-75.226581","0949","6","0","0","0","0","0","0","0","0","","0","0","0","9","1","1","","3","0","39 59:23.254","","0","75 13:35.691","3","0","0","0","67301","0","0","0","N","0","0","0","2","67301","0","","1.0","","1","N","N","N","0","","1","0","0","0","0","","929","2","1","0","0","0","0","0","2","1","2","0","0","0","3","03","","N","","","","","","","","","",""
"2021035596","1045","0","0","0","0","0","0","0","0","0","1","0","","67","4","2021","4","39.989651","-75.107345","1041","6","0","0","0","0","0","0","0","0","","0","0","0","8","1","1","","1","0","39 59:22.742","","0","75 06:26.442","3","0","0","0","67301","0","0","0","N","0","0","0","3","67301","0","","1.0","","1","N","N","N","1","","1","0","1","3","2","","841","2","1","2","0","0","0","0","2","0","2","0","0","0","3","","","N","","","","","","","","","",""
"2021035566","1728","1","0","0","0","0","0","0","0","0","4","0","","67","4","2021","1","40.023591","-75.092708","1723","6","0","0","0","0","0","0","0","0","","0","0","0","17","1","0","","1","0","40 01:24.926","","0","75 05:33.748","0","0","0","0","67301","0","0","0","N","0","0","0","2","67301","0","","1.0","","1","N","N","N","0","","0","0","1","3","2","","1705","2","0","0","0","0","0","0","2","0","2","0","0","0","3","","","N","","","","","","","","","",""
"2021064289","2034","2","0","0","0","0","0","0","0","0","1","0","","67","7","2021","1","39.94016","-75.200907","2024","6","0","0","1","0","0","0","0","0","","0","0","0","20","4","1","Y","0","0","39 56:24.575","","0","75 12:03.266","3","0","0","0","67301","0","0","0","N","0","0","0","2","67301","0","","1.0","","1","N","N","N","0","","1","0","0","3","2","","2015","2","1","0","0","0","0","0","2","0","2","0","0","0","3","03","","N","","","","","","","","","",""
"2021035590","0401","2","0","0","0","0","0","0","0","0","5","0","","67","4","2021","2","39.992806","-75.182083","0358","6","0","0","0","0","0","0","0","0","","0","0","0","3","3","0","N","0","0","39 59:34.100","","0","75 10:55.500","0","0","0","0","67301","0","0","0","N","0","0","0","1","67301","0","","6.0","","1","N","N","N","1","","0","0","1","0","0","","357","4","0","0","0","0","0","0","2","0","4","0","0","0","3","03","","N","","","","","","","","","",""
"2021033496","2339","2","0","0","0","0","0","0","0","0","4","0","","67","4","2021","2","40.102486","-75.028736","2321","6","0","0","0","0","2","0","0","0","","0","0","0","22","3","1","","1","0","40 06:08.948","","0","75 01:43.450","3","0","0","0","67301","0","0","0","N","0","0","0","2","67301","0","","1.0","","9","N","N","N","0","","1","0","0","3","2","","2235","2","1","0","0","0","0","1","2","0","2","0","0","0","7","","","N","","","","","","","","","",""
"2021033498","0245","2","0","0","0","0","0","0","0","0","4","0","","67","4","2021","2","40.023721","-75.164619","0245","6","0","0","0","0","0","1","0","0","","0","0","0","2","3","3","","2","2","40 01:25.397","7","0","75 09:52.628","8","0","0","0","67301","0","0","0","N","0","0","0","3","67301","0","","1.0","315.0","9","N","N","N","0","","0","0","0","0","0","Y","242","2","3","2","0","0","3","0","2","0","2","0","0","0","3","03","","N","","","","","","","","","",""
"2021064867","0105","1","0","0","0","0","0","0","0","0","7","0","","67","7","2021","6","39.988443","-75.088388","0105","6","0","0","0","0","0","0","0","0","","0","0","0","1","3","0","N","0","1","39 59:18.396","1","0","75 05:18.197","0","0","0","0","67301","0","0","0","N","0","0","0","1","68K01","0","","4.0","140.0","9","N","N","N","0","","0","0","0","0","0","N","104","1","0","0","0","0","0","0","2","0","1","0","0","0","7","","","N","","","","","","","","","",""
"2021033844","0453","2","0","0","0","0","0","0","0","0","4","0","","67","4","2021","3","39.970354","-75.235708","0450","6","0","0","0","0","0","0","0","0","","0","0","0","4","3","0","","1","0","39 58:13.274","","0","75 14:08.548","9","0","0","0","67301","0","0","0","N","0","0","0","2","67301","0","","1.0","","9","N","N","N","0","","0","0","0","3","2","","449","2","0","0","0","0","0","1","2","0","2","0","0","0","7","04","","N","","","","","","","","","",""
"2021035517","0759","0","0","0","0","0","0","0","0","0","4","0","","67","4","2021","4","40.089675","-75.057032","0736","6","0","0","0","0","0","0","0","0","","0","0","0","6","1","1","","1","0","40 05:22.829","","0","75 03:25.316","3","0","0","0","67301","0","0","0","N","0","0","0","2","67301","0","","1.0","","1","N","N","N","0","","1","0","2","3","2","","651","2","1","0","0","0","0","0","2","0","2","0","0","0","3","","","N","","","","","","","","","",""
"2021034782","1806","0","0","0","0","0","0","0","0","0","1","0","45","67","4","2021","5","39.994797","-75.083667","1752","6","0","0","0","1","0","2","0","0","","0","0","0","17","1","0","N","0","1","39 59:41.268","1","0","75 05:01.201","0","0","0","0","67301","0","0","0","N","0","0","0","3","68K01","0","","1.0","1820.0","1","N","N","N","2","","0","0","1","0","0","N","1751","3","0","0","0","0","0","0","2","0","3","0","0","0","3","03","N","Y","2","1","","","N","Y","","Y","","N"
"2021062535","0701","0","0","0","0","0","0","0","0","0","7","0","","67","7","2021","3","39.968382","-75.129556","0658","6","0","0","0","0","0","0","0","0","","0","0","0","6","1","1","N","7","2","39 58:06.174","1","2","75 07:46.403","8","0","0","0","67301","0","0","0","Y","0","0","0","1","68K01","0","","4.0","727.0","1","N","N","N","1","","0","0","0","0","0","Y","656","1","1","0","0","0","1","0","2","0","1","0","0","0","3","03","","N","","","","","","","","","",""
"2021035541","1924","2","0","0","0","0","0","0","0","0","4","0","","67","4","2021","4","40.06369","-75.200149","1911","6","0","0","0","0","0","0","0","0","","0","0","0","17","1","1","","2","0","40 03:49.283","","0","75 12:00.536","3","0","0","0","67301","0","0","0","N","0","0","0","2","67301","0","","1.0","","9","N","N","N","0","","1","0","0","3","3","","1740","2","1","0","0","0","0","0","2","0","2","0","0","0","7","07","","N","","","","","","","","","",""
"2021036571","1340","1","0","0","0","0","0","0","0","0","1","0","","67","4","2021","4","40.078112","-75.023623","1335","6","0","0","0","1","0","0","0","0","","0","0","0","13","1","3","","2","0","40 04:41.204","","0","75 01:25.042","8","0","0","0","67301","0","0","0","N","0","0","0","4","67301","0","","1.0","","1","N","N","N","0","","0","0","1","3","2","","1325","2","3","0","0","0","3","0","2","0","2","0","0","0","3","03","","N","","","","","","","","","",""
"2021035492","2135","1","0","0","0","0","0","0","0","0","6","0","","67","4","2021","4","39.920194","-75.187472","2132","6","0","0","0","0","0","0","0","0","","0","0","0","21","3","2","N","0","2","39 55:12.700","5","0","75 11:14.900","4","0","0","0","67301","0","0","0","N","0","0","0","2","67301","1","","1.0","2353.0","9","N","N","N","0","","0","0","1","0","0","Y","2130","2","2","0","0","0","1","0","2","0","2","0","0","0","7","07","","N","","","","","","","","","",""
"2021035526","1541","0","0","0","0","0","0","0","0","0","8","0","","67","4","2021","4","40.072142","-75.032961","1531","6","0","0","0","0","0","0","0","0","","0","0","0","15","1","1","","2","2","40 04:19.712","4","0","75 01:58.660","8","0","0","0","67301","1","0","0","N","1","0","0","2","67301","0","","1.0","1627.0","1","N","N","N","0","","0","0","1","3","2","Y","1517","2","1","0","0","0","1","1","2","0","1","1","0","0","3","03","","N","","","","","","","","","",""
"2021063485","0842","1","0","0","0","0","0","0","0","0","4","0","","67","6","2021","2","40.046963","-75.000521","0813","6","0","1","0","0","0","0","0","0","","0","0","0","8","1","1","N","0","1","40 02:49.067","1","0","75 00:01.876","3","0","0","0","67301","0","0","0","N","0","0","0","1","68K01","0","","4.0","954.0","1","N","N","N","0","","1","0","0","0","0","N","812","1","1","0","0","0","0","0","2","0","1","0","0","0","3","","","N","","","","","","","","","",""
"2021062710","0241","1","0","0","0","0","0","0","0","0","7","0","","67","6","2021","2","39.901836","-75.151787","0229","6","0","0","0","0","0","0","0","0","","0","0","0","2","3","1","N","0","0","39 54:06.609","","0","75 09:06.433","4","0","0","0","67301","0","0","0","N","0","0","0","1","68K01","1","","4.0","","1","N","N","N","0","","0","0","0","0","0","","225","1","1","0","0","0","0","0","2","0","1","0","0","0","3","","","N","","","","","","","","","",""
"2021064410","0010","1","0","0","0","0","0","0","0","0","5","0","","67","7","2021","5","40.014199","-75.157461","0007","6","0","0","0","0","0","1","0","0","","0","0","0","0","3","1","N","0","1","40 00:51.117","3","0","75 09:26.859","3","0","0","0","67301","0","0","0","N","0","0","0","1","67301","0","","6.0","1255.0","1","N","N","N","0","","1","0","1","0","0","Y","5","2","1","0","0","0","0","0","2","0","2","0","0","0","3","","","N","","","","","","","","","",""
"2021065464","2349","1","0","0","0","0","0","0","0","0","7","0","","67","7","2021","2","39.995341","-75.197854","2344","6","0","0","1","0","0","0","0","0","","0","0","0","23","3","3","N","0","0","39 59:43.227","","0","75 11:52.276","3","0","0","0","67301","0","0","0","N","0","0","0","4","68K01","0","","4.0","","1","N","N","N","0","","3","0","0","0","0","","2342","1","3","0","0","0","0","0","2","0","1","0","0","0","3","","","N","","","","","","","","","",""
"2021061579","1620","1","0","0","0","0","0","1","0","0","1","1","","67","6","2021","3","39.97279","-75.216328","1610","6","0","0","0","0","0","1","0","0","","0","0","0","16","1","1","","1","0","39 58:22.044","","0","75 12:58.781","8","0","0","0","67301","0","0","0","N","0","0","0","2","67508","0","","1.0","","1","N","N","Y","0","","0","0","0","3","2","","1610","2","1","0","0","0","1","0","2","0","2","0","0","0","3","03","","N","","","","","","","","","",""
"2021060511","2058","0","0","0","0","0","0","0","0","0","0","1","35","67","6","2021","2","39.955536","-75.148171","2000","6","0","0","0","0","0","1","0","0","","0","1","0","19","3","1","N","0","1","39 57:19.931","4","2","75 08:53.415","3","0","0","0","67301","0","0","0","N","0","0","0","1","67501","0","","1.0","136.0","1","N","N","N","0","","1","0","0","0","0","N","1957","1","1","0","0","0","0","0","2","0","1","0","0","0","3","","Y","Y","5","1","","","N","Y","","","","N"
"2021035501","2017","1","0","0","0","0","0","0","0","0","4","0","","67","4","2021","7","40.040321","-75.101862","2001","6","0","0","0","0","0","0","0","1","","0","0","0","19","1","0","","1","0","40 02:25.154","","0","75 06:06.703","0","0","0","0","67301","0","0","0","N","0","0","0","2","67301","0","","1.0","","1","N","N","Y","0","","0","0","1","3","3","","1930","2","0","2","0","0","0","0","2","0","2","0","0","0","3","03","","N","","","","","","","","","",""
"2021035425","0123","4","0","0","0","0","0","0","0","0","5","0","","67","4","2021","3","39.986333","-75.161167","0122","6","0","0","0","0","0","0","0","0","","0","0","0","1","3","0","N","0","2","39 59:10.800","2","0","75 09:40.200","0","0","0","0","67301","0","0","0","N","0","0","0","1","67505","0","","6.0","230.0","1","N","N","N","0","","0","0","1","0","0","N","120","5","0","0","0","0","0","0","2","0","5","0","0","0","98","03","","N","","","","","","","","","",""
"2021033229","0935","2","0","0","0","0","0","0","0","0","4","0","","67","4","2021","2","40.097156","-75.018134","0932","6","0","0","0","0","0","1","0","0","","0","0","0","9","1","0","","1","0","40 05:49.760","","0","75 01:05.283","0","0","0","0","67301","0","0","0","N","0","0","0","2","67301","0","","1.0","","9","N","N","N","0","","0","0","0","3","2","","930","2","0","0","0","0","0","0","2","0","2","0","0","0","7","","","N","","","","","","","","","",""
"2021036243","2030","1","0","0","0","0","0","0","0","0","1","0","35","67","4","2021","1","39.910778","-75.160444","2027","6","0","1","0","0","0","0","1","0","","0","0","0","20","3","0","N","0","0","39 54:38.800","","3","75 09:37.600","0","0","0","0","67301","0","0","0","N","0","0","0","2","67501","0","","1.0","","1","N","N","N","0","","0","0","1","0","0","","2027","2","0","0","0","0","0","0","2","0","2","0","0","0","3","","N","Y","4","1","","","N","Y","","","","N"
"2021033994","2117","1","0","0","0","0","0","0","0","0","1","0","","67","4","2021","3","40.050667","-75.173272","2115","6","0","0","0","0","0","1","0","0","","0","0","0","21","3","0","","1","1","40 03:02.401","2","0","75 10:23.780","0","0","0","0","67301","0","0","0","N","0","0","0","3","67301","0","","1.0","1.0","1","N","N","N","1","","0","0","1","3","2","N","2114","3","0","2","0","0","0","0","2","0","3","0","0","0","3","03","","N","","","","","","","","","",""
"2021035521","1716","2","0","0","0","0","0","0","0","0","4","0","","67","4","2021","6","40.085459","-75.037453","1710","6","0","0","0","0","0","2","0","0","","0","0","0","17","1","1","","1","0","40 05:07.651","","0","75 02:14.830","8","0","0","0","67301","0","0","0","N","0","0","0","3","67301","0","","1.0","","1","N","N","N","0","","0","0","0","3","2","","1710","2","1","0","0","0","1","0","2","0","2","0","0","0","4","04","","N","","","","","","","","","",""
"2021064639","1955","1","0","0","0","0","0","0","0","0","1","0","","67","7","2021","6","39.89777","-75.185205","1947","6","0","0","0","0","0","0","0","0","","0","0","0","19","1","0","N","0","1","39 53:51.972","1","0","75 11:06.739","0","0","0","0","67301","0","0","0","N","0","0","0","2","68K01","0","","1.0","2000.0","1","N","N","N","0","","0","0","1","0","0","Y","1944","2","0","0","0","0","0","0","2","0","2","0","0","0","3","","","N","","","","","","","","","",""
"2021062505","0121","0","0","0","0","0","0","0","0","0","7","0","","67","7","2021","6","39.893341","-75.229586","0121","6","0","0","0","0","0","0","0","0","","0","0","0","1","3","0","N","0","0","39 53:36.029","","0","75 13:46.510","0","0","0","0","67301","0","0","0","N","0","0","0","1","68K01","0","","4.0","","9","N","N","N","0","","0","0","1","0","0","","120","1","0","0","0","0","0","0","2","0","1","0","0","0","7","07","","N","","","","","","","","","",""
"2021064273","1932","0","0","0","0","0","0","0","0","0","4","0","","67","6","2021","4","40.024164","-75.095536","1913","6","0","0","0","0","0","0","0","0","","0","0","0","19","4","1","","1","1","40 01:26.990","1","0","75 05:43.929","3","0","0","0","67301","0","0","0","N","0","0","0","2","67301","0","","1.0","1945.0","1","N","N","N","1","","1","0","0","3","2","N","1905","2","1","0","0","0","0","0","2","1","2","0","0","0","3","03","","N","","","","","","","","","",""
"2021103182","0154","1","0","0","0","0","0","0","0","0","4","0","","67","8","2021","4","40.010121","-75.121438","0152","6","0","0","0","0","0","0","0","0","","0","0","0","0","3","2","","1","1","40 00:36.436","6","0","75 07:17.178","2","0","1","1","67301","0","0","0","N","0","0","0","2","67301","0","","1.0","420.0","1","N","N","N","0","","1","1","1","3","2","Y","51","3","2","0","0","0","0","0","2","0","3","0","0","0","3","","","N","","","","","","","","","",""
"2021035496","2040","2","0","0","0","0","0","0","0","0","4","0","","67","4","2021","4","40.045593","-75.071436","2037","6","0","0","0","0","0","0","0","0","","0","0","0","20","3","0","","1","1","40 02:44.136","2","0","75 04:17.168","0","0","0","0","67301","0","0","0","N","0","0","0","2","67301","0","","1.0","2100.0","9","N","N","N","0","","0","0","0","3","2","N","2035","2","0","0","0","0","0","0","2","0","2","0","0","0","7","04","","N","","","","","","","","","",""
"2021077508","1812","1","0","0","0","0","0","0","0","0","4","0","","67","7","2021","4","40.009067","-75.173294","1801","6","0","0","0","0","0","0","0","0","","0","0","0","15","1","1","N","0","0","40 00:32.640","","7","75 10:23.860","8","0","0","1","67301","0","0","0","N","0","0","0","3","67301","0","","1.0","","1","N","N","N","0","","0","0","0","0","0","","1530","2","1","0","0","0","1","1","2","0","2","0","0","0","3","","","N","","","","","","","","","",""
"2021072624","0338","4","0","0","0","0","0","0","0","0","1","0","","67","8","2021","2","39.956586","-75.152396","0330","6","0","0","0","0","0","1","0","1","","0","0","0","3","3","0","","5","1","39 57:23.708","5","2","75 09:08.624","0","0","0","0","67301","0","0","0","N","0","0","0","4","67301","0","","1.0","445.0","1","N","N","N","0","","0","0","0","3","2","N","310","4","0","0","0","0","0","0","2","0","4","0","0","0","3","03","","N","","","","","","","","","",""
"2021062951","0336","1","0","0","0","0","0","0","0","0","1","0","","67","7","2021","4","39.959581","-75.17647","0328","6","0","0","0","0","0","0","0","0","","0","0","0","3","3","1","N","0","0","39 57:34.490","","0","75 10:35.292","8","0","0","0","67301","0","0","0","N","0","0","0","2","68K01","0","","1.0","","1","N","N","N","0","","0","0","0","0","0","","324","2","1","0","0","0","1","1","2","0","2","0","0","0","3","03","","N","","","","","","","","","",""
"2021104838","","1","0","0","0","0","0","0","0","0","1","0","","67","6","2021","3","39.94882","-75.185491","","6","0","0","0","0","0","0","1","0","","0","0","0","8","1","1","N","0","0","39 56:55.751","","0","75 11:07.767","4","0","0","0","67301","0","0","0","N","0","0","0","3","00000","1","","1.0","","1","N","N","N","0","","0","0","1","0","0","","815","2","1","0","0","0","0","0","2","0","2","0","0","0","3","","","N","","","","","","","","","",""
"2021072989","2027","2","0","0","0","0","0","0","0","0","4","0","","67","8","2021","5","40.064913","-75.051466","2023","6","0","0","0","0","1","0","0","0","","0","0","0","20","3","0","","1","0","40 03:53.687","","0","75 03:05.279","9","0","0","0","67301","0","0","0","N","0","0","0","2","67301","0","","1.0","","1","N","N","N","0","","0","0","0","3","2","","2020","2","0","0","0","0","0","1","2","0","2","0","0","0","3","03","","N","","","","","","","","","",""