"CRN","ARRIVAL_TM","AUTOMOBILE_COUNT","BELTED_DEATH_COUNT","BELTED_SUSP_SERIOUS_INJ_COUNT","BICYCLE_COUNT","BICYCLE_DEATH_COUNT","BICYCLE_SUSP_SERIOUS_INJ_COUNT","BUS_COUNT","CHLDPAS_DEATH_COUNT","CHLDPAS_SUSP_SERIOUS_INJ_COUNT","COLLISION_TYPE","COMM_VEH_COUNT","CONS_ZONE_SPD_LIM","COUNTY","CRASH_MONTH","CRASH_YEAR","DAY_OF_WEEK","DEC_LATITUDE","DEC_LONGITUDE","DISPATCH_TM","DISTRICT","DRIVER_COUNT_16YR","DRIVER_COUNT_17YR","DRIVER_COUNT_18YR","DRIVER_COUNT_19YR","DRIVER_COUNT_20YR","DRIVER_COUNT_50_64YR","DRIVER_COUNT_65_74YR","DRIVER_COUNT_75PLUS","EST_HRS_CLOSED","FATAL_COUNT","HEAVY_TRUCK_COUNT","HORSE_BUGGY_COUNT","HOUR_OF_DAY","ILLUMINATION","INJURY_COUNT","INTERSECTION_RELATED","INTERSECT_TYPE","LANE_CLOSED","LATITUDE","LN_CLOSE_DIR","LOCATION_TYPE","LONGITUDE","MAX_SEVERITY_LEVEL","MCYCLE_DEATH_COUNT","MCYCLE_SUSP_SERIOUS_INJ_COUNT","MOTORCYCLE_COUNT","MUNICIPALITY","NONMOTR_COUNT","NONMOTR_DEATH_COUNT","NONMOTR_SUSP_SERIOUS_INJ_COUNT","NTFY_HIWY_MAINT","PED_COUNT","PED_DEATH_COUNT","PED_SUSP_SERIOUS_INJ_COUNT","PERSON_COUNT","POLICE_AGCY","POSSIBLE_INJ_COUNT","RDWY_SURF_TYPE_CD","RELATION_TO_ROAD","ROADWAY_CLEARED","ROAD_CONDITION","SCH_BUS_IND","SCH_ZONE_IND","SECONDARY_CRASH","SMALL_TRUCK_COUNT","SPEC_JURIS_CD","SUSP_MINOR_INJ_COUNT","SUSP_SERIOUS_INJ_COUNT","SUV_COUNT","TCD_FUNC_CD","TCD_TYPE","TFC_DETOUR_IND","TIME_OF_DAY","TOTAL_UNITS","TOT_INJ_COUNT","UNBELTED_OCC_COUNT","UNB_DEATH_COUNT","UNB_SUSP_SERIOUS_INJ_COUNT","UNK_INJ_DEG_COUNT","UNK_INJ_PER_COUNT","URBAN_RURAL","VAN_COUNT","VEHICLE_COUNT","VULNERABLE_ROAD_USER_COUNT","VULNERABLE_ROAD_USER_DEATH_COUNT","VULNERABLE_ROAD_USER_SER_INJ_COUNT","WEATHER1","WEATHER2","WORKERS_PRES","WORK_ZONE_IND","WORK_ZONE_LOC","WORK_ZONE_TYPE","WZ_CLOSE_DETOUR","WZ_FLAGGER","WZ_LAW_OFFCR_IND","WZ_LN_CLOSURE","WZ_MOVING","WZ_OTHER","WZ_SHLDER_MDN","WZ_WORKERS_INJ_KILLED"
"2021035576","1217","2","0","0","0","0","0","0","0","0","4","0","","67","4","2021","4","39.961941","-75.246971","1214","6","0","0","0","0","0","0","0","0","","0","0","0","12","1","2","","2","0","39 57:42.989","","0","75 14:49.095","4","0","0","0","67301","0","0","0","N","0","0","0","3","67301","2","","1.0","","1","N","N","N","0","","0","0","0","3","3","","1214","2","2","0","0","0","0","0","2","0","2","0","0","0","4","04","","N","","","","","","","","","",""
"2021070508","1723","0","0","0","0","0","0","0","0","0","4","0","","67","7","2021","2","40.008649","-75.098428","1723","6","0","0","0","0","0","0","1","0","","0","0","0","16","1","1","","1","0","40 00:31.138","","0","75 05:54.339","3","0","0","0","67301","0","0","0","N","0","0","0","3","67301","0","","1.0","","1","N","N","N","0","","1","0","2","3","2","","1657","2","1","0","0","0","0","0","2","0","2","0","0","0","3","03","","N","","","","","","","","","",""
"2021073842","2341","1","0","0","0","0","0","0","0","0","5","0","","67","8","2021","7","39.976879","-75.182964","2341","6","0","0","0","0","0","0","0","0","","0","0","0","23","3","1","N","0","1","39 58:36.763","1","0","75 10:58.670","3","0","0","0","67301","0","0","0","N","0","0","0","1","67301","0","","6.0","2341.0","9","N","N","N","0","","1","0","3","3","2","N","2335","5","1","1","0","0","0","0","2","1","5","0","0","0","7","","","N","","","","","","","","","",""
"2021062935","0249","1","0","0","0","0","0","0","0","0","5","0","","67","7","2021","2","39.978978","-75.108653","0240","6","0","0","0","0","0","0","0","0","","0","0","0","2","3","2","N","0","1","39 58:44.321","1","0","75 06:31.151","8","0","0","0","67301","0","0","0","N","0","0","0","3","68K01","0","","1.0","400.0","1","N","N","N","0","","0","0","1","0","0","N","237","2","2","2","0","0","2","0","2","0","2","0","0","0","3","","","N","","","","","","","","","",""
"2021115033","0020","2","0","0","0","0","0","0","0","0","1","0","","67","11","2021","4","39.973237","-75.212226","0018","6","0","0","0","0","0","0","0","0","","0","0","0","0","3","1","","5","0","39 58:23.653","","0","75 12:44.012","8","0","0","0","67301","0","0","0","N","0","0","0","2","67301","0","","1.0","","1","N","N","N","0","","0","0","0","3","2","","1","2","1","0","0","0","1","0","2","0","2","0","0","0","3","03","","N","","","","","","","","","",""
"2021114231","2233","0","0","0","0","0","0","0","0","0","7","0","","67","11","2021","3","39.977168","-75.112491","2225","6","0","0","0","0","0","0","0","0","","0","0","0","22","3","2","N","0","1","39 58:37.806","1","0","75 06:44.967","4","0","0","0","67301","0","0","0","N","0","0","0","2","68K01","2","","4.0","1045.0","1","N","N","N","0","","0","0","1","0","0","N","2220","1","2","0","0","0","0","0","2","0","1","0","0","0","3","","","N","","","","","","","","","",""
"2021070332","1017","0","0","0","0","0","0","0","0","0","4","0","","67","7","2021","3","39.918098","-75.180885","1017","6","0","0","0","0","0","0","0","0","","0","0","0","10","1","2","","1","1","39 55:05.152","6","0","75 10:51.186","2","0","0","0","67301","0","0","0","N","0","0","0","2","67301","0","","1.0","1200.0","1","N","N","N","0","","1","1","2","3","2","Y","1016","2","2","0","0","0","0","0","2","0","2","0","0","0","3","","","N","","","","","","","","","",""
"2021082408","1900","0","0","0","0","0","0","0","0","0","7","0","45","67","7","2021","5","40.020829","-75.04271","1835","6","0","0","0","0","0","0","0","0","","0","0","0","18","1","1","N","0","1","40 01:14.983","2","0","75 02:33.757","3","0","0","0","67301","0","0","0","N","0","0","0","1","68K01","0","","4.0","1925.0","1","N","N","N","0","","1","0","0","3","8","N","1831","1","1","0","0","0","0","0","2","1","1","0","0","0","3","","N","Y","3","1","","","N","Y","","","Y","N"
"2021072759","1350","2","0","0","0","0","0","0","0","0","2","0","","67","8","2021","1","40.050217","-75.127471","1342","6","0","0","0","0","0","1","0","0","","0","0","0","13","1","1","","1","1","40 03:00.781","2","0","75 07:38.895","3","0","0","0","67301","0","0","0","N","0","0","0","2","67301","0","","1.0","1400.0","9","N","N","N","0","","1","0","0","3","2","Y","1328","2","1","0","0","0","0","0","2","0","2","0","0","0","7","04","","N","","","","","","","","","",""
"2021113507","1820","1","0","0","0","0","0","0","0","0","1","0","","67","11","2021","3","39.967127","-75.132969","1813","6","0","0","0","0","0","0","0","0","","0","0","0","18","3","1","N","0","2","39 58:01.657","1","0","75 07:58.690","3","0","0","0","67301","0","0","0","N","0","0","0","3","68K01","0","","1.0","1840.0","1","N","N","N","1","","1","0","0","0","0","N","1812","2","1","0","0","0","0","0","2","0","2","0","0","0","3","03","","N","","","","","","","","","",""
"2021070441","1655","1","0","0","0","0","0","0","0","0","4","0","","67","7","2021","1","40.02653","-75.097542","1650","6","0","0","0","0","0","0","0","0","","0","0","0","16","1","0","","1","0","40 01:35.508","","0","75 05:51.151","9","0","0","0","67301","0","0","0","N","0","0","0","2","67301","0","","1.0","","1","N","N","N","0","","0","0","1","3","2","","1645","2","0","0","0","0","0","1","2","0","2","0","0","0","3","03","","N","","","","","","","","","",""
"2021070828","0650","0","0","0","0","0","0","0","0","0","8","0","","67","7","2021","5","39.981519","-75.224064","0627","6","0","0","0","0","0","0","0","0","","0","0","0","6","1","1","","1","0","39 58:53.467","","0","75 13:26.630","8","0","0","0","67301","1","0","0","N","1","0","0","2","67301","0","","2.0","","1","N","N","N","0","","0","0","0","3","3","","610","2","1","0","0","0","1","0","2","0","1","1","0","0","3","","","N","","","","","","","","","",""
"2021062502","1934","0","0","0","0","0","0","0","0","0","1","0","","67","7","2021","5","40.005937","-75.074954","1908","6","0","0","0","0","0","0","0","0","","0","0","0","19","1","1","N","0","0","40 00:21.373","","0","75 04:29.833","3","0","0","0","67301","0","0","0","N","0","0","0","2","68K01","0","","1.0","","9","N","N","N","1","","1","0","1","0","0","","1904","2","1","0","0","0","0","0","2","0","2","0","0","0","7","","","N","","","","","","","","","",""
"2021033230","0931","0","0","0","0","0","0","0","0","0","4","0","","67","4","2021","2","40.097156","-75.018134","0923","6","0","0","0","0","0","1","0","0","","0","0","0","9","1","1","","1","0","40 05:49.760","","0","75 01:05.283","8","0","0","0","67301","0","0","0","N","0","0","0","3","67301","0","","1.0","","9","N","N","N","0","","0","0","2","3","2","","920","2","1","0","0","0","1","0","2","0","2","0","0","0","4","","","N","","","","","","","","","",""
"2021113446","1850","1","0","0","0","0","0","0","0","0","1","0","","67","11","2021","6","40.059587","-75.009123","1846","6","0","0","0","0","0","0","2","0","","0","0","0","18","3","3","N","0","0","40 03:34.512","","0","75 00:32.843","3","0","0","0","67301","0","0","0","N","0","0","0","6","67301","2","","1.0","","1","N","N","Y","0","","1","0","2","3","2","","1800","3","3","0","0","0","0","0","2","0","3","0","0","0","3","","","N","","","","","","","","","",""
"2021114556","0040","1","0","0","0","0","0","0","0","0","5","1","","67","11","2021","4","40.033853","-75.100664","0039","6","0","0","0","0","0","0","0","0","","0","1","0","0","3","1","N","0","0","40 02:01.870","","0","75 06:02.390","3","0","0","0","67301","0","0","0","N","0","0","0","1","67301","0","","1.0","","1","N","N","N","0","","1","0","0","0","0","","37","2","1","1","0","0","0","0","2","0","2","0","0","0","3","","","N","","","","","","","","","",""
"2021118064","1823","0","0","0","0","0","0","0","0","0","1","0","","67","11","2021","2","39.967494","-75.132555","1808","6","0","0","0","0","0","1","0","0","","0","0","0","18","3","0","N","0","0","39 58:02.980","","0","75 07:57.199","0","0","0","0","67301","0","0","0","N","0","0","0","2","68K01","0","","1.0","","1","N","N","N","0","","0","0","2","0","0","","1806","2","0","0","0","0","0","0","2","0","2","0","0","0","3","","","N","","","","","","","","","",""
"2021112981","2322","1","0","0","0","0","0","0","0","0","4","1","40","67","11","2021","5","40.020324","-75.153461","2318","6","0","0","0","0","0","1","0","0","","0","1","0","23","3","2","N","0","2","40 01:13.168","5","0","75 09:12.459","3","0","0","0","67301","0","0","0","N","0","0","0","2","67301","0","","1.0","240.0","1","N","N","N","1","","2","0","0","3","8","Y","2318","3","2","0","0","0","0","0","2","0","3","0","0","0","3","03","Y","Y","4","1","N","N","Y","Y","N","N","Y","Y"
"2021063632","1135","1","0","0","0","0","0","0","0","0","1","0","","67","7","2021","1","39.966787","-75.134892","1129","6","0","0","0","0","0","0","0","0","","0","0","0","11","1","4","N","0","1","39 58:00.434","2","0","75 08:05.610","3","0","0","0","67301","0","0","0","N","0","0","0","4","68K01","0","","1.0","1140.0","1","N","N","N","0","","4","0","1","0","0","N","1126","2","4","0","0","0","0","0","2","0","2","0","0","0","3","","","N","","","","","","","","","",""
"2021114744","1745","3","0","0","0","0","0","0","0","0","1","0","","67","11","2021","6","39.98264","-75.099443","1716","6","0","0","0","0","0","0","0","0","","0","0","0","17","3","0","N","0","0","39 58:57.503","","0","75 05:57.993","0","0","0","0","67301","0","0","0","N","0","0","0","4","68K01","0","","1.0","","1","N","N","N","1","","0","0","0","0","0","","1713","4","0","0","0","0","0","0","2","0","4","0","0","0","3","","","N","","","","","","","","","",""
"2021077507","1530","1","0","0","0","0","0","0","0","0","1","0","","67","7","2021","4","40.020555","-75.156397","1518","6","0","0","0","0","0","0","0","0","","0","0","0","14","1","2","N","0","0","40 01:13.998","","0","75 09:23.030","3","0","0","0","67301","0","0","0","N","0","0","0","4","67301","0","","1.0","","1","N","N","N","0","","2","0","1","0","0","","1450","3","2","0","0","0","0","0","2","0","3","0","0","0","3","03","","N","","","","","","","","","",""
"2021073171","1155","0","0","0","0","0","0","0","0","0","8","0","","67","7","2021","2","39.95405","-75.17662","1150","6","0","0","0","0","0","0","0","0","","0","0","0","11","1","1","","1","0","39 57:14.579","","0","75 10:35.833","8","0","0","0","67301","1","0","0","N","1","0","0","2","67301","0","","1.0","","1","N","N","N","0","","0","0","1","3","2","","1145","2","1","0","0","0","1","0","2","0","1","1","0","0","3","","","N","","","","","","","","","",""
"2021035829","0014","0","0","0","0","0","0","0","0","0","7","0","","67","4","2021","5","39.978104","-75.111399","0008","6","0","0","0","0","0","0","0","0","","0","0","0","0","3","1","N","0","1","39 58:41.175","2","3","75 06:41.038","3","0","0","0","67301","0","0","0","N","0","0","0","1","68K01","0","","2.0","30.0","1","N","N","N","0","","1","0","1","0","0","N","6","1","1","1","0","0","0","0","2","0","1","0","0","0","3","","","N","","","","","","","","","",""
"2021114707","1850","1","0","0","0","0","0","0","0","0","1","0","","67","10","2021","7","39.958721","-75.169614","1850","6","0","0","0","0","0","0","0","0","","0","0","0","18","3","0","N","0","0","39 57:31.397","","0","75 10:10.612","0","0","0","0","67301","0","0","0","N","0","0","0","2","68K01","0","","1.0","","1","N","N","N","0","","0","0","1","0","0","","1825","2","0","0","0","0","0","0","2","0","2","0","0","0","3","03","","N","","","","","","","","","",""
"2021062322","1636","1","0","0","0","0","0","0","0","0","7","0","","67","7","2021","5","40.013094","-75.057891","1550","6","0","0","0","0","0","0","0","0","","0","0","0","15","1","1","N","0","0","40 00:47.140","","0","75 03:28.407","8","0","0","0","67301","0","0","0","N","0","0","0","1","68K01","0","","4.0","","1","N","N","N","0","","0","0","0","0","0","","1546","1","1","0","0","0","1","0","2","0","1","0","0","0","3","","","N","","","","","","","","","",""
"2021071370","1236","1","0","0","0","0","0","0","0","0","5","0","","67","8","2021","1","39.921336","-75.165742","1235","6","0","0","0","0","0","0","0","0","","0","0","0","12","1","0","N","0","0","39 55:16.810","","0","75 09:56.670","0","0","0","0","67301","0","0","0","N","0","0","0","1","67301","0","","6.0","","1","N","N","N","0","","0","0","3","0","0","","1230","5","0","0","0","0","0","0","2","1","5","0","0","0","3","03","","N","","","","","","","","","",""
"2021036782","0918","1","0","0","0","0","0","0","0","0","1","0","","67","4","2021","5","40.097558","-75.030542","0845","6","0","0","0","0","0","1","0","0","","0","0","0","8","1","1","N","0","0","40 05:51.209","","0","75 01:49.951","4","0","0","0","67301","0","0","0","N","0","0","0","2","67301","1","","1.0","","1","N","N","N","1","","0","0","0","0","0","","838","2","1","2","0","0","0","0","2","0","2","0","0","0","3","03","","N","","","","","","","","","",""
"2021033802","2215","0","0","0","0","0","0","0","0","0","8","0","","67","4","2021","3","39.979301","-75.162653","2215","6","0","0","0","1","0","0","0","0","","0","0","0","22","3","1","","1","0","39 58:45.483","","0","75 09:45.551","4","0","0","0","67301","1","0","0","N","1","0","0","3","67505","1","","1.0","","1","N","N","N","0","","0","0","1","3","2","","2212","2","1","0","0","0","0","0","2","0","1","1","0","0","3","03","","N","","","","","","","","","",""
"2021036337","1248","2","0","0","0","0","0","0","0","0","5","0","","67","4","2021","5","39.992259","-75.154981","1244","6","0","0","0","0","0","0","0","0","","0","0","0","12","8","0","N","0","0","39 59:32.134","","0","75 09:17.931","0","0","0","0","67301","0","0","0","N","0","0","0","1","67301","0","","6.0","","1","N","N","N","0","","0","0","2","0","0","","1228","4","0","1","0","0","0","0","2","0","4","0","0","0","3","","","N","","","","","","","","","",""
"2021114219","1107","1","0","0","0","0","0","0","0","0","1","0","","67","10","2021","3","39.947066","-75.187846","1055","6","0","0","0","0","0","0","1","0","","0","1","0","10","1","3","N","0","1","39 56:49.439","4","0","75 11:16.247","3","0","0","0","67301","0","0","0","N","0","0","0","5","68K01","2","","1.0","1120.0","1","N","N","N","0","","1","0","1","0","0","N","1053","3","3","0","0","0","0","0","2","0","3","0","0","0","3","","","N","","","","","","","","","",""
"2021064166","0845","1","0","0","0","0","0","0","0","0","1","0","","67","6","2021","2","39.903633","-75.198431","0841","6","0","0","0","0","1","0","0","0","","0","0","0","8","1","1","N","0","0","39 54:13.077","","3","75 11:54.350","4","0","0","0","67301","0","0","0","N","0","0","0","2","67301","1","","1.0","","1","N","N","N","0","","0","0","0","0","0","","828","2","1","0","0","0","0","0","2","1","2","0","0","0","3","03","","N","","","","","","","","","",""
"2021035542","2325","2","0","0","0","0","0","0","0","0","1","0","","67","4","2021","4","40.068962","-75.156534","2315","6","0","0","0","0","0","0","0","0","","0","0","0","22","3","0","N","0","1","40 04:08.264","3","0","75 09:23.522","9","0","0","0","67301","0","0","0","N","0","0","0","1","67301","0","","6.0","100.0","1","N","N","N","0","","0","0","2","0","0","N","2230","4","0","0","0","0","0","1","2","0","4","0","0","0","3","03","","N","","","","","","","","","",""
"2021035597","1601","2","0","0","0","0","0","0","0","0","4","0","","67","4","2021","4","39.978705","-75.108634","1601","6","0","0","0","0","0","0","0","0","","0","0","0","15","1","0","","1","1","39 58:43.337","5","0","75 06:31.082","0","0","0","0","67301","0","0","0","N","0","0","0","2","67301","0","","1.0","1645.0","1","N","N","N","0","","0","0","0","3","2","N","1537","2","0","0","0","0","0","0","2","0","2","0","0","0","4","04","","N","","","","","","","","","",""
"2021074716","1404","2","0","0","0","0","0","0","0","0","4","0","","67","7","2021","4","39.961015","-75.232832","1404","6","0","0","0","0","0","0","0","0","","0","0","0","14","1","1","","1","0","39 57:39.654","","1","75 13:58.195","4","0","0","0","67301","0","0","0","N","0","0","0","3","67301","1","","1.0","","1","N","N","N","0","","0","0","2","3","2","","1401","4","1","0","0","0","0","0","2","0","4","0","0","0","3","03","","N","","","","","","","","","",""
"2021070366","0120","1","0","0","1","0","0","0","0","0","8","0","","67","7","2021","3","39.93418","-75.158209","0115","6","0","0","0","0","0","0","0","0","","0","0","0","1","3","1","","1","0","39 56:03.049","","0","75 09:29.554","4","0","0","0","67301","1","0","0","N","0","0","0","2","67301","1","","1.0","","1","N","N","N","0","","0","0","0","3","3","","112","2","1","1","0","0","0","0","2","0","1","1","0","0","3","03","","N","","","","","","","","","",""
"2021072756","1407","1","0","0","0","0","0","0","0","0","6","0","","67","7","2021","5","40.055944","-75.147311","1406","6","0","0","0","0","0","0","0","0","","0","0","0","13","1","0","N","0","0","40 03:21.400","","0","75 08:50.320","0","0","0","0","67301","0","0","0","N","0","0","0","1","67301","0","","6.0","","1","N","N","N","0","","0","0","3","0","0","","1306","4","0","0","0","0","0","0","2","0","4","0","0","0","3","","","N","","","","","","","","","",""
"2021063480","1455","0","0","0","0","0","0","0","0","0","5","0","","67","6","2021","6","39.91022","-75.149146","1455","6","0","0","0","1","0","0","0","0","","0","0","0","14","1","0","N","0","2","39 54:36.793","2","0","75 08:56.927","0","0","0","0","67301","0","0","0","N","0","0","0","3","68K01","0","","1.0","130.0","1","N","N","N","0","","0","0","3","0","0","Y","1451","3","0","0","0","0","0","0","2","0","3","0","0","0","3","03","","N","","","","","","","","","",""
"2021070358","1813","2","0","0","0","0","0","0","0","0","4","0","","67","7","2021","3","40.056751","-75.060779","1811","6","0","0","0","0","1","0","0","0","","0","0","0","18","1","2","","1","2","40 03:24.303","2","0","75 03:38.803","3","0","0","0","67301","0","0","0","N","0","0","0","2","67301","1","","1.0","100.0","1","N","N","N","0","","1","0","0","3","2","N","1808","2","2","0","0","0","0","0","2","0","2","0","0","0","3","03","","N","","","","","","","","","",""
"2021070367","0735","0","0","0","0","0","0","0","0","0","4","0","","67","7","2021","3","39.923132","-75.169882","0730","6","0","0","0","0","0","0","0","0","","0","0","0","6","1","0","","1","0","39 55:23.275","","0","75 10:11.576","0","0","0","0","67301","0","0","0","N","0","0","0","2","67301","0","","1.0","","1","N","N","N","0","","0","0","1","3","1","","645","2","0","2","0","0","0","0","2","1","2","0","0","0","3","03","","N","","","","","","","","","",""
"2021115680","2230","2","0","0","0","0","0","0","0","0","4","1","","67","11","2021","6","39.958734","-75.155143","2230","6","0","0","0","0","0","0","0","0","","0","1","0","22","3","1","","5","1","39 57:31.443","4","0","75 09:18.514","3","0","0","0","67301","0","0","0","N","0","0","0","2","67301","0","","1.0","2315.0","1","N","N","N","0","","1","0","0","3","2","N","2214","4","1","0","0","0","0","0","2","1","4","0","0","0","3","03","","N","","","","","","","","","",""
"2021071089","1027","0","0","0","0","0","0","0","0","0","4","0","","67","7","2021","5","39.970158","-75.145059","1026","6","0","0","0","0","0","1","0","0","","0","0","0","10","1","0","","1","0","39 58:12.569","","0","75 08:42.214","0","0","0","0","67301","0","0","0","N","0","0","0","2","67301","0","","1.0","","1","N","N","N","0","","0","0","1","3","2","","1025","2","0","1","0","0","0","0","2","1","2","0","0","0","3","03","","N","","","","","","","","","",""
"2021062317","1804","2","0","0","0","0","0","0","0","0","5","0","","67","6","2021","4","40.002041","-75.07832","1747","6","0","0","0","0","0","0","0","0","","0","0","0","17","1","2","N","0","0","40 00:07.347","","0","75 04:41.951","8","0","0","0","67301","0","0","0","N","0","0","0","2","68K01","0","","1.0","","1","N","N","N","0","","0","0","0","0","0","","1738","2","2","1","0","0","2","0","2","0","2","0","0","0","3","","","N","","","","","","","","","",""
"2021070352","1110","1","0","0","0","0","0","0","0","0","4","0","","67","7","2021","1","40.057509","-75.051792","1058","6","0","0","0","0","0","1","0","1","","0","0","0","10","1","1","","1","2","40 03:27.032","3","0","75 03:06.451","8","0","0","0","67301","0","0","0","N","0","0","0","3","67301","0","","1.0","1145.0","1","N","N","N","1","","0","0","1","3","3","N","1057","3","1","0","0","0","1","0","2","0","3","0","0","0","3","","","N","","","","","","","","","",""
"2021113502","1545","1","0","0","0","0","0","0","0","0","5","0","","67","11","2021","1","39.986265","-75.092391","1537","6","0","0","0","0","1","0","0","0","","0","0","0","15","1","3","N","0","1","39 59:10.554","2","0","75 05:32.607","3","0","0","0","67301","0","0","0","N","0","0","0","5","68K01","1","","1.0","1630.0","1","N","N","N","0","","2","0","1","0","0","N","1535","2","3","1","0","0","0","1","2","0","2","0","0","0","3","03","","N","","","","","","","","","",""
"2021071379","1948","0","0","0","0","0","0","0","0","0","8","0","","67","7","2021","4","39.976867","-75.249678","1948","6","0","0","0","0","0","0","0","0","","0","0","0","18","1","1","N","0","0","39 58:36.720","","0","75 14:58.840","4","0","0","0","67301","1","0","0","N","1","0","0","2","67301","1","","1.0","","1","N","N","N","1","","0","0","0","0","0","","1812","2","1","1","0","0","0","1","2","0","1","1","0","0","3","03","","N","","","","","","","","","",""
"2021072760","1416","2","0","0","0","0","0","0","0","0","4","0","","67","8","2021","3","40.040711","-75.158406","1415","6","0","0","0","1","0","0","0","0","","0","0","0","14","1","2","","2","0","40 02:26.559","","0","75 09:30.261","4","0","0","0","67301","0","0","0","N","0","0","0","5","67301","2","","1.0","","1","N","N","N","0","","0","0","1","3","3","","1405","3","2","0","0","0","0","0","2","0","3","0","0","0","3","","","N","","","","","","","","","",""
"2021113159","1825","1","0","0","0","0","0","0","0","0","4","1","","67","11","2021","6","39.983387","-75.170267","1825","6","0","0","0","1","0","0","0","0","","0","1","0","18","3","2","","1","0","39 59:00.193","","0","75 10:12.961","4","0","0","0","67301","0","0","0","N","0","0","0","2","67301","2","","1.0","","1","N","N","N","0","","0","0","1","3","2","","1825","3","2","0","0","0","0","0","2","0","3","0","0","0","3","03","","N","","","","","","","","","",""
"2021114755","0231","1","0","0","0","0","0","0","0","0","7","0","","67","11","2021","1","39.977984","-75.201917","0226","6","0","0","0","0","0","0","0","0","","0","0","0","2","3","0","N","0","1","39 58:40.743","3","0","75 12:06.900","0","0","0","0","67301","0","0","0","N","0","0","0","1","68K01","0","","4.0","255.0","1","N","N","N","0","","0","0","0","0","0","N","225","1","0","0","0","0","0","0","2","0","1","0","0","0","3","","","N","","","","","","","","","",""
"2021115051","1745","3","0","0","0","0","0","0","0","0","2","0","","67","11","2021","4","40.047864","-75.168711","1740","6","0","0","0","0","0","0","0","0","","0","0","0","17","3","1","N","0","0","40 02:52.310","","0","75 10:07.360","3","0","0","0","67301","0","0","0","N","0","0","0","1","67301","0","","6.0","","1","N","N","N","0","","1","0","0","0","0","","1735","3","1","0","0","0","0","0","2","0","3","0","0","0","3","","","N","","","","","","","","","",""
"2021070451","0129","1","0","0","0","0","0","0","0","0","5","0","","67","7","2021","4","39.971266","-75.215511","0129","6","0","0","0","0","0","0","0","0","","0","0","0","1","3","0","N","0","0","39 58:16.557","","0","75 12:55.840","0","0","0","0","67301","0","0","0","N","0","0","0","1","67301","0","","6.0","","1","N","N","N","0","","0","0","0","0","0","","105","2","0","0","0","0","0","0","2","1","2","0","0","0","3","","","N","","","","","","","","","",""
"2021113578","0310","1","0","0","0","0","0","0","0","0","7","0","","67","11","2021","1","39.966797","-75.216725","0302","6","0","0","0","0","0","0","0","0","","0","0","0","2","3","0","N","0","0","39 58:00.470","","0","75 13:00.210","0","0","0","0","67301","0","0","0","N","0","0","0","2","67301","0","","9.0","","1","N","N","N","0","","0","0","2","0","0","","259","3","0","0","0","0","0","0","2","0","3","0","0","0","3","03","","N","","","","","","","","","",""
"2021114226","0252","1","0","0","0","0","0","0","0","0","7","0","","67","10","2021","7","39.957186","-75.156694","0245","6","0","0","0","0","0","0","0","0","","0","0","0","2","3","0","N","0","1","39 57:25.869","4","0","75 09:24.100","0","0","0","0","67301","0","0","0","N","0","0","0","2","68K01","0","","3.0","345.0","9","N","N","N","0","","0","0","0","0","0","N","242","1","0","0","0","0","0","0","2","0","1","0","0","0","7","","","N","","","","","","","","","",""
"2021114223","2324","1","0","0","0","0","0","0","0","0","7","0","","67","10","2021","6","39.950246","-75.141691","2310","6","0","0","0","0","0","0","0","0","","0","0","0","23","3","1","N","0","1","39 57:00.886","2","0","75 08:30.087","3","0","0","0","67301","0","0","0","N","0","0","0","1","68K01","0","","4.0","0.0","9","N","N","N","0","","1","0","0","0","0","Y","2307","1","1","0","0","0","0","0","2","0","1","0","0","0","7","","","N","","","","","","","","","",""
"2021070439","0250","1","0","0","0","0","0","0","0","0","5","0","","67","7","2021","1","40.034554","-75.068639","0250","6","0","0","0","0","0","0","0","0","","0","0","0","2","3","0","N","0","1","40 02:04.393","4","0","75 04:07.099","0","0","0","0","67301","0","0","0","N","0","0","0","1","67301","0","","6.0","415.0","9","N","N","N","0","","0","0","2","0","0","N","245","4","0","0","0","0","0","0","2","1","4","0","0","0","7","","","N","","","","","","","","","",""
"2021070961","0243","0","0","0","0","0","0","0","0","0","1","0","","67","7","2021","6","40.045633","-75.071491","0242","6","0","0","0","0","0","1","0","0","","0","0","0","2","3","0","","1","1","40 02:44.278","2","0","75 04:17.368","0","0","0","0","67301","0","0","0","N","0","0","0","2","67301","0","","1.0","408.0","1","N","N","N","0","","0","0","2","3","2","N","210","2","0","0","0","0","0","0","2","0","2","0","0","0","3","","","N","","","","","","","","","",""
"2021075098","1420","0","0","0","0","0","0","0","0","0","8","0","","67","8","2021","7","40.029425","-75.206112","1417","6","0","0","0","0","0","0","0","0","","0","0","0","14","1","1","N","0","0","40 01:45.930","","0","75 12:22.003","8","0","0","0","67301","1","0","0","N","1","0","0","2","67301","0","","1.0","","1","N","N","N","0","","0","0","1","0","0","","1415","2","1","1","0","0","1","0","2","0","1","1","0","0","3","03","","N","","","","","","","","","",""
"2021070377","1240","1","0","0","0","0","0","0","0","0","8","0","","67","7","2021","3","39.949503","-75.157181","1231","6","0","0","0","0","0","0","0","0","","0","0","0","12","1","1","N","0","0","39 56:58.210","","0","75 09:25.850","3","0","0","0","67301","1","0","0","N","1","0","0","2","67301","0","","6.0","","1","N","N","N","0","","1","0","0","0","0","","1220","2","1","0","0","0","0","0","2","0","1","1","0","0","3","","","N","","","","","","","","","",""