"CRN","ARRIVAL_TM","AUTOMOBILE_COUNT","BELTED_DEATH_COUNT","BELTED_SUSP_SERIOUS_INJ_COUNT","BICYCLE_COUNT","BICYCLE_DEATH_COUNT","BICYCLE_SUSP_SERIOUS_INJ_COUNT","BUS_COUNT","CHLDPAS_DEATH_COUNT","CHLDPAS_SUSP_SERIOUS_INJ_COUNT","COLLISION_TYPE","COMM_VEH_COUNT","CONS_ZONE_SPD_LIM","COUNTY","CRASH_MONTH","CRASH_YEAR","DAY_OF_WEEK","DEC_LATITUDE","DEC_LONGITUDE","DISPATCH_TM","DISTRICT","DRIVER_COUNT_16YR","DRIVER_COUNT_17YR","DRIVER_COUNT_18YR","DRIVER_COUNT_19YR","DRIVER_COUNT_20YR","DRIVER_COUNT_50_64YR","DRIVER_COUNT_65_74YR","DRIVER_COUNT_75PLUS","EST_HRS_CLOSED","FATAL_COUNT","HEAVY_TRUCK_COUNT","HORSE_BUGGY_COUNT","HOUR_OF_DAY","ILLUMINATION","INJURY_COUNT","INTERSECTION_RELATED","INTERSECT_TYPE","LANE_CLOSED","LATITUDE","LN_CLOSE_DIR","LOCATION_TYPE","LONGITUDE","MAX_SEVERITY_LEVEL","MCYCLE_DEATH_COUNT","MCYCLE_SUSP_SERIOUS_INJ_COUNT","MOTORCYCLE_COUNT","MUNICIPALITY","NONMOTR_COUNT","NONMOTR_DEATH_COUNT","NONMOTR_SUSP_SERIOUS_INJ_COUNT","NTFY_HIWY_MAINT","PED_COUNT","PED_DEATH_COUNT","PED_SUSP_SERIOUS_INJ_COUNT","PERSON_COUNT","POLICE_AGCY","POSSIBLE_INJ_COUNT","RDWY_SURF_TYPE_CD","RELATION_TO_ROAD","ROADWAY_CLEARED","ROAD_CONDITION","SCH_BUS_IND","SCH_ZONE_IND","SECONDARY_CRASH","SMALL_TRUCK_COUNT","SPEC_JURIS_CD","SUSP_MINOR_INJ_COUNT","SUSP_SERIOUS_INJ_COUNT","SUV_COUNT","TCD_FUNC_CD","TCD_TYPE","TFC_DETOUR_IND","TIME_OF_DAY","TOTAL_UNITS","TOT_INJ_COUNT","UNBELTED_OCC_COUNT","UNB_DEATH_COUNT","UNB_SUSP_SERIOUS_INJ_COUNT","UNK_INJ_DEG_COUNT","UNK_INJ_PER_COUNT","URBAN_RURAL","VAN_COUNT","VEHICLE_COUNT","VULNERABLE_ROAD_USER_COUNT","VULNERABLE_ROAD_USER_DEATH_COUNT","VULNERABLE_ROAD_USER_SER_INJ_COUNT","WEATHER1","WEATHER2","WORKERS_PRES","WORK_ZONE_IND","WORK_ZONE_LOC","WORK_ZONE_TYPE","WZ_CLOSE_DETOUR","WZ_FLAGGER","WZ_LAW_OFFCR_IND","WZ_LN_CLOSURE","WZ_MOVING","WZ_OTHER","WZ_SHLDER_MDN","WZ_WORKERS_INJ_KILLED"
"2021074239","2101","0","0","0","0","0","0","0","0","0","7","0","","67","8","2021","1","39.939264","-75.185114","2055","6","0","0","0","0","0","0","0","0","","0","0","0","20","3","1","N","0","0","39 56:21.350","","0","75 11:06.410","8","0","0","0","67301","0","0","0","N","0","0","0","2","67301","0","","4.0","","1","N","N","N","0","","0","0","0","0","0","","2045","1","1","0","0","0","1","0","2","1","1","0","0","0","3","","","N","","","","","","","","","",""
"2021072336","1010","0","0","0","0","0","0","0","0","0","4","0","","67","8","2021","1","40.05513","-75.050968","1006","6","0","0","0","0","0","1","0","0","","0","0","0","10","1","1","","1","0","40 03:18.469","","0","75 03:03.484","3","0","0","0","67301","0","0","0","N","0","0","0","2","67301","0","","1.0","","1","N","N","N","0","","1","0","2","3","3","","1005","3","1","1","0","0","0","0","2","0","3","0","0","0","3","03","","N","","","","","","","","","",""
"2021070487","0251","2","0","0","0","0","0","0","0","0","5","0","","67","7","2021","1","39.980425","-75.171366","0250","6","0","0","0","1","1","0","0","0","","0","0","0","2","3","2","N","0","2","39 58:49.531","5","0","75 10:16.916","8","0","0","0","67301","0","0","0","N","0","0","0","4","67301","0","","1.0","342.0","1","N","N","N","0","","0","0","0","0","0","Y","250","2","2","0","0","0","2","2","2","0","2","0","0","0","3","03","","N","","","","","","","","","",""
"2021115415","0147","1","0","0","0","0","0","0","0","0","7","0","","67","10","2021","7","39.923087","-75.191175","0136","6","0","0","0","0","0","0","0","0","","0","0","0","1","3","0","N","0","1","39 55:23.113","4","0","75 11:28.230","9","0","0","0","67301","0","0","0","N","0","0","0","1","68K01","0","","2.0","220.0","1","N","N","N","0","","0","0","0","0","0","N","135","1","0","0","0","0","0","1","2","0","1","0","0","0","3","","","N","","","","","","","","","",""
"2021113530","1235","0","0","0","0","0","0","0","0","0","1","0","","67","11","2021","7","39.937964","-75.198083","1223","6","0","0","0","0","0","0","0","0","","0","0","0","12","1","0","N","0","1","39 56:16.672","4","0","75 11:53.100","0","0","0","0","67301","0","0","0","N","0","0","0","2","68K01","0","","1.0","1245.0","1","N","N","N","0","","0","0","2","0","0","N","1219","2","0","0","0","0","0","0","2","0","2","0","0","0","3","03","","N","","","","","","","","","",""
"2021113273","0315","3","0","0","0","0","0","0","0","0","5","0","","67","11","2021","5","40.054438","-75.04262","0309","6","0","0","0","0","0","0","0","0","","0","0","0","2","3","1","N","0","0","40 03:15.977","","0","75 02:33.432","8","0","0","0","67301","0","0","0","N","0","0","0","1","67301","0","","6.0","","1","N","N","N","0","","0","0","0","0","0","","246","3","1","0","0","0","1","0","2","0","3","0","0","0","3","03","","N","","","","","","","","","",""
"2021072990","1429","0","0","0","0","0","0","0","0","0","7","0","","67","8","2021","5","40.059521","-75.17362","1329","6","0","0","0","0","0","0","0","0","","0","0","0","13","1","1","N","0","0","40 03:34.274","","0","75 10:25.031","8","0","0","1","67301","0","0","0","N","0","0","0","1","67301","0","","4.0","","1","N","N","N","0","","0","0","0","0","0","","1324","1","1","0","0","0","1","0","2","0","1","0","0","0","3","03","","N","","","","","","","","","",""
"2021118072","1621","2","0","0","0","0","0","0","0","0","5","0","","67","11","2021","7","39.956907","-75.153797","1614","6","0","0","0","0","0","0","0","0","","0","0","0","16","1","1","N","7","0","39 57:24.866","","2","75 09:13.670","3","0","0","0","67301","0","0","0","N","0","0","0","4","68K01","0","","1.0","","1","N","N","N","0","","1","0","0","0","0","","1604","2","1","0","0","0","0","0","2","0","2","0","0","0","3","","","N","","","","","","","","","",""
"2021114671","1157","1","0","0","0","0","0","0","0","0","2","0","","67","11","2021","6","40.019514","-75.163355","1153","6","0","0","0","0","0","0","0","0","","0","0","0","0","6","1","N","0","9","40 01:10.250","","1","75 09:48.079","8","0","0","0","67301","0","0","0","N","0","0","0","2","67301","0","","1.0","","1","N","N","N","0","","0","0","1","0","0","U","26","2","1","0","0","0","1","1","2","0","2","0","0","0","3","03","","N","","","","","","","","","",""
"2021105391","","0","0","0","0","0","0","0","0","0","4","0","","67","5","2021","6","39.986343","-75.180236","","6","0","0","0","0","0","0","0","0","","0","0","0","16","1","1","","1","0","39 59:10.834","","0","75 10:48.850","8","0","0","0","67301","0","0","0","N","0","0","0","2","00000","0","","1.0","","1","N","N","N","0","","0","0","1","3","2","","1630","2","1","0","0","0","1","0","2","0","2","0","0","0","3","","","N","","","","","","","","","",""
"2021071544","1232","1","0","0","0","0","0","0","0","0","1","0","","67","8","2021","2","39.95906","-75.203602","1231","6","0","0","0","0","0","0","0","1","","0","0","0","12","1","1","","1","2","39 57:32.616","7","0","75 12:12.967","4","0","0","1","67301","0","0","0","N","0","0","0","2","67301","1","","1.0","100.0","1","N","N","N","0","","0","0","0","3","3","Y","1230","2","1","0","0","0","0","0","2","0","2","0","0","0","3","03","","N","","","","","","","","","",""
"2021113195","1631","2","0","0","0","0","0","0","0","0","1","0","","67","11","2021","6","39.947159","-75.142264","1625","6","0","0","0","0","0","0","0","0","","0","0","0","16","1","0","N","0","1","39 56:49.771","1","0","75 08:32.152","0","0","0","0","67301","0","0","0","N","0","0","0","3","68K01","0","","1.0","1730.0","1","N","N","N","1","","0","0","0","0","0","N","1619","3","0","0","0","0","0","0","2","0","3","0","0","0","3","","","N","","","","","","","","","",""
"2021070450","0117","2","0","0","0","0","0","0","0","0","4","0","","67","7","2021","1","39.974354","-75.201734","0113","6","0","0","0","0","0","0","0","0","","0","0","0","1","3","0","","2","0","39 58:27.673","","7","75 12:06.241","0","0","0","0","67301","0","0","0","N","0","0","0","2","67301","0","","1.0","","1","N","N","N","0","","0","0","0","3","2","","100","2","0","0","0","0","0","0","2","0","2","0","0","0","3","","","N","","","","","","","","","",""
"2021072347","0717","2","0","0","0","0","0","0","0","0","2","0","","67","8","2021","3","39.962972","-75.201528","0715","6","0","0","0","0","0","1","0","0","","0","0","0","6","1","2","N","0","2","39 57:46.700","4","0","75 12:05.500","2","0","0","0","67301","0","0","0","N","0","0","0","2","67301","0","","1.0","1100.0","1","N","N","N","1","","1","1","0","0","0","Y","635","4","2","1","0","1","0","0","2","1","4","0","0","0","3","03","","N","","","","","","","","","",""
"2021114708","0254","1","0","0","0","0","0","0","0","0","1","0","","67","10","2021","6","39.968207","-75.12916","0246","6","0","0","0","0","0","0","0","0","","0","0","0","2","3","2","N","0","1","39 58:05.545","1","0","75 07:44.976","4","0","0","0","67301","0","0","0","N","0","0","0","3","68K01","2","","1.0","315.0","1","N","N","N","0","","0","0","1","0","0","N","242","2","2","0","0","0","0","0","2","0","2","0","0","0","3","","","N","","","","","","","","","",""
"2021114209","0850","1","0","0","0","0","0","0","0","0","8","0","","67","11","2021","3","40.031717","-75.231236","0845","6","0","0","0","0","0","0","0","0","","0","0","0","8","1","1","N","0","0","40 01:54.180","","0","75 13:52.450","8","0","0","0","67301","1","0","0","N","1","0","0","2","67301","0","","1.0","","1","N","Y","N","0","","0","0","0","0","0","","840","2","1","0","0","0","1","0","2","0","1","1","0","0","3","03","","N","","","","","","","","","",""
"2021035614","0400","0","0","0","0","0","0","0","0","0","5","0","","67","4","2021","4","40.021639","-75.149694","0400","6","0","0","0","0","0","0","0","0","","0","0","0","4","3","2","N","0","0","40 01:17.900","","0","75 08:58.900","3","0","0","0","67301","0","0","0","N","0","0","0","2","67301","0","","6.0","","1","N","N","N","0","","2","0","2","0","0","","400","3","2","2","0","0","0","0","2","0","3","0","0","0","3","03","","N","","","","","","","","","",""
"2021114972","1718","0","0","0","0","0","0","0","0","0","8","0","","67","11","2021","4","40.020636","-75.182954","1716","6","0","0","0","0","0","0","1","0","","0","0","0","17","3","1","N","0","0","40 01:14.291","","0","75 10:58.635","3","0","0","0","67301","1","0","0","N","1","0","0","2","67301","0","","1.0","","1","N","N","N","0","","1","0","1","0","0","","1710","2","1","0","0","0","0","0","2","0","1","1","0","0","3","03","","N","","","","","","","","","",""
"2021070355","0358","1","0","0","0","0","0","0","0","0","5","0","","67","7","2021","2","40.040499","-75.058879","0348","6","0","0","0","0","0","0","0","0","","0","0","0","3","3","1","","1","0","40 02:25.798","","0","75 03:31.964","8","0","0","0","67301","0","0","0","N","0","0","0","2","67301","0","","1.0","","1","N","N","N","1","","0","0","0","3","2","","335","2","1","0","0","0","1","0","2","0","2","0","0","0","3","03","","N","","","","","","","","","",""
"2021070351","0040","1","0","0","0","0","0","0","0","0","4","0","","67","7","2021","1","40.043134","-75.073804","0038","6","0","0","0","0","0","0","0","0","","0","0","0","0","3","0","","1","1","40 02:35.284","1","0","75 04:25.695","0","0","0","0","67301","0","0","0","Y","0","0","0","3","67301","0","","1.0","150.0","1","N","N","N","0","","0","0","1","3","2","Y","30","3","0","0","0","0","0","0","2","1","3","0","0","0","3","03","","N","","","","","","","","","",""
"2021079607","1245","0","0","0","0","0","0","0","0","0","7","0","","67","8","2021","2","39.97531","-75.165182","1244","6","0","0","0","0","0","0","0","0","","0","0","0","12","1","0","","1","0","39 58:31.117","","0","75 09:54.656","9","0","0","0","67301","0","0","0","N","0","0","0","1","67301","0","","4.0","","1","N","N","N","0","","0","0","1","3","2","","1243","1","0","0","0","0","0","1","2","0","1","0","0","0","3","03","","N","","","","","","","","","",""
"2021114709","1820","1","0","0","0","0","0","0","0","0","8","0","","67","11","2021","5","39.917604","-75.212108","1818","6","0","0","0","0","0","0","0","0","","1","0","0","18","3","0","N","0","0","39 55:03.373","","0","75 12:43.588","1","0","0","0","67301","1","1","0","N","1","1","0","3","67301","0","2","1.0","","1","N","N","N","0","0","0","0","0","0","0","","1818","2","0","0","0","0","0","0","2","0","1","1","1","0","3","03","","N","","","","","","","","","",""
"2021116800","0955","1","0","0","0","0","0","0","0","0","4","1","","67","11","2021","6","39.940402","-75.201921","0922","6","0","0","0","0","0","0","1","0","","0","1","0","9","1","1","N","0","0","39 56:25.446","","7","75 12:06.915","8","0","0","0","67301","0","0","0","N","0","0","0","2","67301","0","","1.0","","1","N","N","N","0","","0","0","0","0","0","","900","2","1","1","0","0","1","0","2","0","2","0","0","0","3","04","","N","","","","","","","","","",""
"2021114313","1634","0","0","0","0","0","0","0","0","0","8","0","","67","11","2021","4","39.947186","-75.178142","1634","6","0","0","0","0","0","0","0","0","","0","0","0","16","1","1","","1","0","39 56:49.869","","0","75 10:41.311","3","0","0","0","67301","1","0","0","N","1","0","0","2","67301","0","","1.0","","1","N","N","N","1","","1","0","0","3","2","","1634","2","1","0","0","0","0","0","2","0","1","1","0","0","3","03","","N","","","","","","","","","",""
"2021114214","2055","2","0","0","0","0","0","0","0","0","1","0","","67","10","2021","2","39.969186","-75.127412","2049","6","0","0","1","0","0","0","0","0","","0","0","0","20","3","3","N","0","1","39 58:09.069","2","0","75 07:38.683","8","0","0","0","67301","0","0","0","N","0","0","0","5","68K01","0","","4.0","2120.0","9","N","N","N","0","","0","0","0","3","8","N","2047","2","3","0","0","0","3","0","2","0","2","0","0","0","7","07","","N","","","","","","","","","",""
"2021073452","1848","0","0","0","0","0","0","0","0","0","1","0","","67","7","2021","2","40.043108","-75.143737","1844","6","0","0","0","0","0","1","0","0","","0","0","0","18","1","0","N","0","0","40 02:35.187","","0","75 08:37.453","0","0","0","0","67301","0","0","0","N","0","0","0","2","67301","0","","1.0","","1","N","N","N","0","","0","0","2","0","0","","1815","2","0","0","0","0","0","0","2","0","2","0","0","0","3","03","","N","","","","","","","","","",""
"2021072902","2100","1","0","0","0","0","0","0","0","0","4","0","","67","7","2021","7","40.040363","-75.124174","2100","6","0","0","0","0","0","2","0","0","","0","0","0","21","3","3","","1","0","40 02:25.306","","0","75 07:27.026","8","0","0","0","67301","0","0","0","N","0","0","0","4","67301","0","","1.0","","99","N","N","N","0","","0","0","0","3","2","","2140","2","3","0","0","0","3","1","2","1","2","0","0","0","3","","","N","","","","","","","","","",""
"2021070446","0145","1","0","0","0","0","0","0","0","0","4","0","","67","7","2021","5","40.008621","-75.068836","0139","6","0","0","0","0","0","0","0","0","","0","0","0","1","3","0","","1","0","40 00:31.034","","0","75 04:07.810","9","0","0","0","67301","0","0","0","N","0","0","0","2","67301","0","","1.0","","1","N","N","N","0","","0","0","1","3","2","","122","2","0","0","0","0","0","1","2","0","2","0","0","0","3","03","","N","","","","","","","","","",""
"2021073287","2109","1","0","0","0","0","0","0","0","0","1","0","","67","7","2021","4","39.959892","-75.177941","2109","6","0","0","1","0","0","1","0","0","","0","0","0","21","3","1","N","0","1","39 57:35.610","4","3","75 10:40.589","8","0","0","0","67301","0","0","0","N","0","0","0","4","68K01","0","","1.0","30.0","1","N","N","N","0","","0","0","2","0","0","Y","2104","3","1","0","0","0","1","0","2","0","3","0","0","0","3","03","","N","","","","","","","","","",""
"2021072517","1419","0","0","0","0","0","0","0","0","0","1","0","","67","7","2021","4","39.949106","-75.184964","1406","6","0","0","0","0","0","0","0","0","","0","0","0","14","1","0","N","0","1","39 56:56.782","3","0","75 11:05.872","0","0","0","0","67301","0","0","0","N","0","0","0","5","68K01","0","","1.0","1425.0","1","N","N","N","0","","0","0","2","0","0","N","1404","2","0","0","0","0","0","0","2","0","2","0","0","0","3","","","N","","","","","","","","","",""
"2021071276","1257","0","0","0","0","0","0","0","0","0","4","0","","67","7","2021","7","40.012311","-75.150574","1257","6","0","0","0","0","0","0","1","0","","0","0","0","12","1","0","","1","0","40 00:44.321","","0","75 09:02.067","9","0","0","0","67301","0","0","0","N","0","0","0","2","67301","0","","1.0","","1","N","N","N","0","","0","0","2","3","2","","1248","2","0","0","0","0","0","2","2","0","2","0","0","0","3","","","N","","","","","","","","","",""
"2021070978","2350","4","0","0","0","0","0","0","0","0","4","0","","67","7","2021","5","39.986776","-75.125564","2336","6","0","0","0","0","0","1","0","0","","0","0","0","23","3","3","","1","0","39 59:12.393","","0","75 07:32.030","3","0","0","0","67301","0","0","0","N","0","0","0","3","67301","0","","1.0","","1","N","N","N","1","","3","0","0","3","3","","2325","5","3","0","0","0","0","0","2","0","5","0","0","0","3","03","","N","","","","","","","","","",""
"2021073463","0313","2","0","0","0","0","0","0","0","0","4","0","","67","8","2021","7","39.959724","-75.235182","0309","6","0","0","0","0","0","0","0","0","","0","0","0","0","3","1","","1","0","39 57:35.006","","0","75 14:06.655","4","0","0","0","67301","0","0","0","N","0","0","0","2","67301","1","","1.0","","1","N","N","N","0","","0","0","0","3","1","","59","2","1","0","0","0","0","0","2","0","2","0","0","0","3","03","","N","","","","","","","","","",""
"2021078299","0302","2","0","0","0","0","0","0","0","0","4","0","","67","7","2021","7","39.957208","-75.227482","0300","6","0","0","0","0","0","0","0","0","","0","0","0","2","3","1","","1","0","39 57:25.949","","0","75 13:38.934","3","0","0","0","67301","0","0","0","N","0","0","0","2","67301","0","","1.0","","1","N","N","N","0","","1","0","1","3","2","","252","3","1","1","0","0","0","1","2","0","3","0","0","0","3","03","","N","","","","","","","","","",""
"2021071149","1951","1","0","0","0","0","0","0","0","0","4","0","","67","7","2021","6","40.045609","-75.056416","1949","6","0","0","0","1","0","0","0","0","","0","0","0","19","1","1","","2","1","40 02:44.193","4","7","75 03:23.098","4","0","0","0","67301","0","0","0","N","0","0","0","3","67301","1","","1.0","2020.0","1","N","N","N","1","","0","0","0","3","2","N","1940","2","1","0","0","0","0","0","2","0","2","0","0","0","3","03","","N","","","","","","","","","",""
"2021113553","1734","1","0","0","0","0","0","0","0","0","4","0","","67","11","2021","3","40.051385","-75.148574","1734","6","0","0","0","0","0","0","1","0","","0","0","0","12","1","1","","1","0","40 03:04.985","","0","75 08:54.866","8","0","0","0","67301","0","0","0","N","0","0","0","2","67301","0","","1.0","","1","N","N","N","0","","0","0","0","3","3","","1228","2","1","0","0","0","1","1","2","1","2","0","0","0","3","03","","N","","","","","","","","","",""
"2021114669","2110","0","0","0","0","0","0","0","0","0","1","0","","67","11","2021","5","40.020578","-75.157636","2019","6","0","0","0","0","0","1","0","0","","0","0","0","20","3","1","N","0","2","40 01:14.079","1","3","75 09:27.490","3","0","0","0","67301","0","0","0","N","0","0","0","2","67301","0","","1.0","2230.0","9","N","N","N","0","","1","0","1","0","0","N","2013","2","1","0","0","0","0","1","2","0","2","0","0","0","7","","","N","","","","","","","","","",""
"2021117736","0242","2","0","0","0","0","0","0","0","0","4","0","","67","11","2021","7","39.970959","-75.124571","0232","6","0","0","0","0","0","0","0","0","","0","0","0","2","3","3","N","7","2","39 58:15.454","1","2","75 07:28.455","8","0","0","0","67301","0","0","0","N","0","0","0","4","68K01","0","","1.0","315.0","1","N","N","N","0","","0","0","1","0","0","N","231","3","3","0","0","0","3","0","2","0","3","0","0","0","3","","","N","","","","","","","","","",""
"2021073082","2022","3","0","0","0","0","0","0","0","0","4","0","","67","7","2021","5","39.934656","-75.232705","2019","6","0","0","0","0","0","0","0","0","","0","0","0","20","4","2","","1","2","39 56:04.761","1","0","75 13:57.737","3","0","0","0","67301","0","0","0","N","0","0","0","3","67301","0","","1.0","2139.0","1","N","N","N","1","","2","0","1","3","2","N","2019","5","2","0","0","0","0","0","2","0","5","0","0","0","4","04","","N","","","","","","","","","",""
"2021072478","1913","1","0","0","0","0","0","0","0","0","4","0","","67","8","2021","2","39.926643","-75.235595","1912","6","0","0","0","0","0","0","0","0","","0","0","0","18","1","2","","1","0","39 55:35.914","","0","75 14:08.141","3","0","0","0","67301","0","0","0","N","0","0","0","2","67301","0","","1.0","","1","N","N","N","0","","2","0","1","3","2","","1824","2","2","0","0","0","0","0","2","0","2","0","0","0","3","04","","N","","","","","","","","","",""
"2021077512","1540","0","0","0","0","0","0","0","0","0","5","0","","67","8","2021","4","40.010868","-75.164805","1540","6","0","0","0","0","0","1","0","0","","0","0","0","15","1","0","N","0","0","40 00:39.124","","0","75 09:53.299","9","0","0","0","67301","0","0","0","N","0","0","0","1","67301","0","","6.0","","1","N","N","N","0","","0","0","3","0","0","","1540","3","0","1","0","0","0","1","2","0","3","0","0","0","3","03","","N","","","","","","","","","",""
"2021071185","0404","1","0","0","0","0","0","0","0","0","6","0","","67","7","2021","3","39.917328","-75.237566","0404","6","0","0","0","0","0","1","0","0","","0","0","0","4","3","0","N","0","0","39 55:02.380","","0","75 14:15.237","0","0","0","0","67301","0","0","0","N","0","0","0","1","67301","0","","6.0","","1","N","N","N","1","","0","0","0","0","0","","404","2","0","1","0","0","0","0","2","0","2","0","0","0","3","03","","N","","","","","","","","","",""
"2021072761","1320","2","0","0","0","0","0","0","0","0","4","0","","67","8","2021","4","40.054648","-75.125005","1310","6","0","0","0","0","0","0","1","0","","0","0","0","12","1","1","","1","0","40 03:16.733","","0","75 07:30.018","3","0","0","0","67301","0","0","0","N","0","0","0","4","67301","0","","1.0","","1","N","N","N","0","","1","0","0","3","2","","1230","2","1","4","0","0","0","0","2","0","2","0","0","0","3","","","N","","","","","","","","","",""
"2021070354","0117","1","0","0","0","0","0","0","0","0","7","0","","67","7","2021","2","40.049938","-75.058053","0115","6","0","0","0","0","0","0","0","0","","0","0","0","1","3","0","N","0","0","40 02:59.777","","0","75 03:28.989","0","0","0","0","67301","0","0","0","N","0","0","0","3","67301","0","","4.0","","1","N","N","N","0","","0","0","0","0","0","","108","1","0","0","0","0","0","0","2","0","1","0","0","0","3","03","","N","","","","","","","","","",""
"2021071639","0445","2","0","0","0","0","0","0","0","0","5","0","","67","7","2021","5","39.979175","-75.2501","0444","6","0","0","0","0","0","0","0","0","","0","0","0","4","3","0","N","0","0","39 58:45.030","","0","75 15:00.360","0","0","0","0","67301","0","0","0","N","0","0","0","1","67301","0","","6.0","","1","N","N","N","0","","0","0","2","0","0","","430","4","0","0","0","0","0","0","2","0","4","0","0","0","3","03","","N","","","","","","","","","",""
"2021072682","1600","1","0","0","0","0","0","0","0","0","4","0","","67","8","2021","3","39.954002","-75.168199","1555","6","0","0","0","1","0","1","0","0","","0","0","0","15","1","0","","1","1","39 57:14.406","7","0","75 10:05.518","0","0","0","0","67301","0","0","0","N","0","0","0","2","67301","0","","1.0","30.0","1","N","N","N","0","","0","0","1","3","2","Y","1550","2","0","0","0","0","0","0","2","0","2","0","0","0","3","03","","N","","","","","","","","","",""
"2021070554","0115","2","0","0","0","0","0","0","0","0","5","0","","67","7","2021","2","39.9962","-75.163328","0109","6","0","0","0","0","0","0","0","0","","0","0","0","0","3","0","N","0","0","39 59:46.320","","0","75 09:47.980","9","0","0","0","67301","0","0","0","N","0","0","0","1","67301","0","","6.0","","1","N","N","N","0","","0","0","1","0","0","","10","3","0","0","0","0","0","1","2","0","3","0","0","0","3","03","","N","","","","","","","","","",""
"2021105348","","1","0","1","0","0","0","0","0","0","7","0","","67","5","2021","7","39.973701","-75.212339","","6","0","0","0","0","0","0","0","0","","0","0","0","16","1","2","N","0","0","39 58:25.323","","0","75 12:44.422","2","0","0","0","67301","0","0","0","N","0","0","0","2","00000","0","","4.0","","1","N","N","N","0","","0","1","0","0","0","","1600","2","2","0","0","0","1","0","2","0","1","0","0","0","3","","","N","","","","","","","","","",""
"2021072304","1326","4","0","0","0","0","0","0","0","0","1","0","","67","7","2021","6","39.973325","-75.158975","1321","6","0","0","0","0","0","0","0","0","","0","0","0","13","1","2","N","0","0","39 58:23.969","","0","75 09:32.309","3","0","0","0","67301","0","0","0","N","0","0","0","5","67301","0","","1.0","","1","N","N","N","0","","2","0","1","0","0","","1306","5","2","0","0","0","0","0","2","0","5","0","0","0","3","03","","N","","","","","","","","","",""
"2021064413","1550","2","0","0","0","0","0","0","0","0","4","0","","67","7","2021","7","40.024314","-75.161267","1546","6","0","0","0","0","0","0","1","0","","0","0","0","15","1","1","","1","0","40 01:27.530","","0","75 09:40.561","3","0","0","0","67301","0","0","0","N","0","0","0","2","67301","0","","1.0","","9","N","N","N","0","","1","0","0","3","3","","1530","3","1","0","0","0","0","1","2","0","3","0","0","0","4","07","","N","","","","","","","","","",""
"2021114748","0103","0","0","0","0","0","0","0","0","0","1","0","","67","11","2021","7","39.925215","-75.193399","0054","6","0","0","0","0","0","0","0","0","","0","1","0","0","3","2","N","0","2","39 55:30.775","4","0","75 11:36.237","8","0","0","0","67301","0","0","0","N","0","0","0","3","68K01","0","","1.0","130.0","1","N","N","N","0","","0","0","1","0","0","N","44","2","2","0","0","0","2","1","2","0","2","0","0","0","3","","","N","","","","","","","","","",""
"2021114758","1523","0","0","0","0","0","0","0","0","0","1","1","","67","11","2021","1","39.967296","-75.132344","1507","6","0","0","0","0","0","0","0","1","","0","1","0","14","1","1","N","0","0","39 58:02.266","","0","75 07:56.438","3","0","0","0","67301","0","0","0","N","0","0","0","2","68K01","0","","1.0","","1","N","N","N","0","","1","0","1","0","0","","1435","2","1","0","0","0","0","0","2","0","2","0","0","0","3","","","N","","","","","","","","","",""
"2021073514","1025","2","0","0","0","0","0","0","0","0","1","0","","67","7","2021","5","40.045003","-75.123562","1025","6","0","0","0","0","0","0","0","1","","0","0","0","16","1","1","","1","0","40 02:42.011","","0","75 07:24.823","4","0","0","0","67301","0","0","0","N","0","0","0","2","67301","1","","1.0","","99","N","N","N","0","","0","0","0","3","2","","1600","2","1","1","0","0","0","1","2","0","2","0","0","0","99","98","","N","","","","","","","","","",""
"2021068890","2323","1","0","0","0","0","0","0","0","0","5","0","","67","7","2021","1","39.979009","-75.160395","2321","6","0","0","0","0","0","0","0","0","","0","0","0","23","3","2","N","0","2","39 58:44.434","6","0","75 09:37.421","4","0","0","0","67301","0","0","0","N","0","0","0","2","67505","1","","6.0","110.0","1","N","N","N","1","","0","0","1","0","0","Y","2320","3","2","0","0","0","1","0","2","0","3","0","0","0","3","03","","N","","","","","","","","","",""
"2021070417","1248","0","0","0","0","0","0","0","0","0","4","0","","67","7","2021","3","40.052236","-75.175821","1244","6","0","0","0","0","0","1","0","0","","0","0","0","12","1","2","","1","2","40 03:08.049","5","0","75 10:32.957","2","0","0","0","67301","0","0","0","N","0","0","0","2","67301","0","","1.0","1522.0","1","N","N","Y","0","","0","1","1","3","2","Y","1233","2","2","0","0","0","1","0","2","1","2","0","0","0","3","","","N","","","","","","","","","",""
"2021114632","0910","0","0","0","0","0","0","1","0","0","8","1","","67","11","2021","5","39.938065","-75.16844","0905","6","0","0","0","0","0","1","0","0","","0","0","0","8","1","1","","1","0","39 56:17.034","","0","75 10:06.383","3","0","0","0","67301","1","0","0","N","1","0","0","2","67301","0","","1.0","","1","N","N","N","0","","1","0","0","3","2","","820","2","1","0","0","0","0","0","2","0","1","1","0","0","3","03","","N","","","","","","","","","",""
"2021114114","2340","2","0","0","0","0","0","0","0","0","1","0","","67","11","2021","1","40.094253","-75.024475","2335","6","0","0","0","0","0","0","0","0","","0","0","0","23","3","0","N","0","0","40 05:39.310","","0","75 01:28.110","0","0","0","0","67301","0","0","0","N","0","0","0","1","67301","0","","1.0","","1","N","N","N","0","","0","0","0","0","0","","2330","2","0","0","0","0","0","0","2","0","2","0","0","0","3","","","N","","","","","","","","","",""
"2021070341","1810","2","0","0","0","0","0","0","0","0","5","0","","67","7","2021","3","39.926121","-75.169357","1805","6","0","0","0","0","0","0","0","0","","0","0","0","18","1","0","N","0","0","39 55:34.037","","0","75 10:09.684","0","0","0","0","67301","0","0","0","N","0","0","0","1","67301","0","","6.0","","1","N","N","N","0","","0","0","1","0","0","","1800","3","0","0","0","0","0","0","2","0","3","0","0","0","3","03","","N","","","","","","","","","",""