"CRN","ARRIVAL_TM","AUTOMOBILE_COUNT","BELTED_DEATH_COUNT","BELTED_SUSP_SERIOUS_INJ_COUNT","BICYCLE_COUNT","BICYCLE_DEATH_COUNT","BICYCLE_SUSP_SERIOUS_INJ_COUNT","BUS_COUNT","CHLDPAS_DEATH_COUNT","CHLDPAS_SUSP_SERIOUS_INJ_COUNT","COLLISION_TYPE","COMM_VEH_COUNT","CONS_ZONE_SPD_LIM","COUNTY","CRASH_MONTH","CRASH_YEAR","DAY_OF_WEEK","DEC_LATITUDE","DEC_LONGITUDE","DISPATCH_TM","DISTRICT","DRIVER_COUNT_16YR","DRIVER_COUNT_17YR","DRIVER_COUNT_18YR","DRIVER_COUNT_19YR","DRIVER_COUNT_20YR","DRIVER_COUNT_50_64YR","DRIVER_COUNT_65_74YR","DRIVER_COUNT_75PLUS","EST_HRS_CLOSED","FATAL_COUNT","HEAVY_TRUCK_COUNT","HORSE_BUGGY_COUNT","HOUR_OF_DAY","ILLUMINATION","INJURY_COUNT","INTERSECTION_RELATED","INTERSECT_TYPE","LANE_CLOSED","LATITUDE","LN_CLOSE_DIR","LOCATION_TYPE","LONGITUDE","MAX_SEVERITY_LEVEL","MCYCLE_DEATH_COUNT","MCYCLE_SUSP_SERIOUS_INJ_COUNT","MOTORCYCLE_COUNT","MUNICIPALITY","NONMOTR_COUNT","NONMOTR_DEATH_COUNT","NONMOTR_SUSP_SERIOUS_INJ_COUNT","NTFY_HIWY_MAINT","PED_COUNT","PED_DEATH_COUNT","PED_SUSP_SERIOUS_INJ_COUNT","PERSON_COUNT","POLICE_AGCY","POSSIBLE_INJ_COUNT","RDWY_SURF_TYPE_CD","RELATION_TO_ROAD","ROADWAY_CLEARED","ROAD_CONDITION","SCH_BUS_IND","SCH_ZONE_IND","SECONDARY_CRASH","SMALL_TRUCK_COUNT","SPEC_JURIS_CD","SUSP_MINOR_INJ_COUNT","SUSP_SERIOUS_INJ_COUNT","SUV_COUNT","TCD_FUNC_CD","TCD_TYPE","TFC_DETOUR_IND","TIME_OF_DAY","TOTAL_UNITS","TOT_INJ_COUNT","UNBELTED_OCC_COUNT","UNB_DEATH_COUNT","UNB_SUSP_SERIOUS_INJ_COUNT","UNK_INJ_DEG_COUNT","UNK_INJ_PER_COUNT","URBAN_RURAL","VAN_COUNT","VEHICLE_COUNT","VULNERABLE_ROAD_USER_COUNT","VULNERABLE_ROAD_USER_DEATH_COUNT","VULNERABLE_ROAD_USER_SER_INJ_COUNT","WEATHER1","WEATHER2","WORKERS_PRES","WORK_ZONE_IND","WORK_ZONE_LOC","WORK_ZONE_TYPE","WZ_CLOSE_DETOUR","WZ_FLAGGER","WZ_LAW_OFFCR_IND","WZ_LN_CLOSURE","WZ_MOVING","WZ_OTHER","WZ_SHLDER_MDN","WZ_WORKERS_INJ_KILLED"
"2021070445","0732","1","0","0","0","0","0","0","0","0","4","0","","67","7","2021","4","40.028315","-75.027121","0722","6","0","0","0","0","0","0","0","0","","0","0","0","7","1","1","N","0","0","40 01:41.935","","0","75 01:37.636","3","0","0","0","67301","0","0","0","N","0","0","0","3","67301","0","","1.0","","1","N","N","N","0","","1","0","2","0","0","","720","3","1","0","0","0","0","0","2","0","3","0","0","0","3","","","N","","","","","","","","","",""
"2021070378","1620","0","0","0","0","0","0","0","0","0","4","0","","67","7","2021","3","39.954315","-75.139727","1615","6","0","0","0","0","0","0","0","0","","0","0","0","16","1","2","","2","0","39 57:15.535","","0","75 08:23.018","3","0","0","0","67301","0","0","0","N","0","0","0","2","67301","0","","1.0","","1","N","N","N","0","","2","0","2","0","0","","1610","2","2","0","0","0","0","0","2","0","2","0","0","0","3","03","","N","","","","","","","","","",""
"2021114720","0836","1","0","0","0","0","0","0","0","0","7","1","","67","10","2021","6","39.968382","-75.129556","0815","6","0","0","0","0","0","0","0","0","","0","1","0","8","1","1","N","7","1","39 58:06.174","1","2","75 07:46.403","3","0","0","0","67301","0","0","0","Y","0","0","0","1","68K01","0","","4.0","900.0","1","N","N","N","0","","1","0","0","0","0","N","812","2","1","0","0","0","0","0","2","0","2","0","0","0","3","","","N","","","","","","","","","",""
"2021114751","0630","1","0","0","0","0","0","0","0","0","5","0","","67","11","2021","7","39.994174","-75.084414","0617","6","0","0","0","0","0","1","0","0","","0","0","0","6","1","0","N","0","0","39 59:39.028","","0","75 05:03.892","0","0","0","0","67301","0","0","0","N","0","0","0","3","68K01","0","","1.0","","1","N","N","N","0","","0","0","1","0","0","","607","2","0","0","0","0","0","0","2","0","2","0","0","0","3","03","","N","","","","","","","","","",""
"2021113511","0759","1","0","0","0","0","0","0","0","0","5","1","","67","11","2021","2","39.956977","-75.152609","0750","6","0","0","0","0","0","2","0","0","","0","1","0","7","1","0","N","0","0","39 57:25.118","","0","75 09:09.393","0","0","0","0","67301","0","0","0","N","0","0","0","3","68K01","0","","1.0","","1","N","N","N","0","","0","0","1","0","0","","747","3","0","0","0","0","0","0","2","0","3","0","0","0","3","","","N","","","","","","","","","",""
"2021118047","1020","1","0","0","0","0","0","0","0","0","7","0","","67","12","2021","6","39.990764","-75.154368","1011","6","0","0","0","0","0","0","0","0","","0","0","0","10","1","1","N","0","0","39 59:26.750","","0","75 09:15.724","8","0","0","0","67301","0","0","0","N","0","0","0","2","67301","0","","5.0","","1","N","N","N","0","","0","0","0","0","0","","1000","1","1","1","0","0","1","0","2","0","1","0","0","0","3","03","","N","","","","","","","","","",""
"2021104948","","1","0","0","0","0","0","0","0","0","1","0","","67","6","2021","3","39.947746","-75.187191","","6","0","0","0","0","0","0","0","0","","0","0","0","23","3","1","N","0","0","39 56:51.885","","2","75 11:13.889","8","0","0","0","67301","0","0","0","N","0","0","0","2","00000","0","","1.0","","1","N","N","N","0","","0","0","0","0","0","","2346","2","1","0","0","0","1","0","2","0","2","0","0","0","3","","","N","","","","","","","","","",""
"2021113687","1655","0","0","0","0","0","0","0","0","0","8","0","","67","11","2021","5","39.952781","-75.166828","1650","6","0","0","0","0","0","0","0","0","","0","0","0","14","1","1","","1","0","39 57:10.013","","0","75 10:00.580","8","0","0","0","67301","1","0","0","N","1","0","0","1","67301","0","","1.0","","1","N","N","N","0","","0","0","0","3","2","","1400","2","1","0","0","0","1","0","2","0","1","1","0","0","3","03","","N","","","","","","","","","",""
"2021070532","0850","0","0","0","0","0","0","0","0","0","8","0","","67","7","2021","4","39.972483","-75.141435","0848","6","0","0","0","0","0","0","0","0","","0","0","0","8","1","1","","1","0","39 58:20.938","","0","75 08:29.165","4","0","0","0","67301","1","0","0","N","1","0","0","2","67301","1","","1.0","","1","N","N","N","0","","0","0","0","3","3","","836","2","1","0","0","0","0","0","2","0","1","1","0","0","3","03","","N","","","","","","","","","",""
"2021070023","0524","0","0","0","0","0","0","0","0","0","7","0","45","67","7","2021","3","39.898183","-75.182813","0514","6","0","0","0","0","0","0","0","0","","0","0","0","4","5","0","N","0","1","39 53:53.457","1","0","75 10:58.128","0","0","0","0","67301","0","0","0","N","0","0","0","1","68K01","0","","4.0","600.0","1","N","N","N","0","","0","0","1","0","0","N","443","1","0","0","0","0","0","0","2","0","1","0","0","0","3","","N","Y","2","1","","","N","","","","Y","N"
"2021071783","2254","2","0","0","0","0","0","0","0","0","4","0","","67","8","2021","2","40.050408","-75.184565","2254","6","0","1","0","0","0","0","0","0","","0","0","0","22","3","1","","3","0","40 03:01.467","","0","75 11:04.434","3","0","0","0","67301","0","0","0","N","0","0","0","2","67301","0","","1.0","","1","N","N","Y","0","","1","0","1","3","3","","2213","3","1","0","0","0","0","0","2","0","3","0","0","0","3","03","","N","","","","","","","","","",""
"2021115645","0316","0","0","0","0","0","0","0","0","0","7","0","","67","10","2021","3","39.958276","-75.165918","0311","6","0","0","0","0","0","0","0","0","","0","0","0","3","3","0","N","0","1","39 57:29.794","3","0","75 09:57.306","0","0","0","0","67301","0","0","0","N","0","0","0","1","68K01","0","","3.0","355.0","9","N","N","N","0","","0","0","1","0","0","N","310","1","0","0","0","0","0","0","2","0","1","0","0","0","7","","","N","","","","","","","","","",""
"2021075190","0950","1","0","0","0","0","0","0","0","0","2","0","","67","7","2021","5","39.993594","-75.08073","0945","6","0","0","0","0","0","0","1","0","","0","0","0","9","1","0","N","0","0","39 59:36.940","","3","75 04:50.627","0","0","0","0","67301","0","0","0","N","0","0","0","2","67301","0","","1.0","","1","N","N","N","0","","0","0","1","0","0","","940","2","0","1","0","0","0","0","2","0","2","0","0","0","3","03","","N","","","","","","","","","",""
"2021070651","0505","3","0","0","0","0","0","0","0","0","6","0","","67","7","2021","5","40.041417","-75.185083","0502","6","0","0","0","0","0","0","0","0","","0","0","0","5","3","1","N","0","0","40 02:29.100","","0","75 11:06.300","3","0","0","0","67301","0","0","0","N","0","0","0","1","67301","0","","6.0","","1","N","N","Y","1","","1","0","0","0","0","","501","4","1","0","0","0","0","0","2","0","4","0","0","0","3","03","","N","","","","","","","","","",""
"2021117007","2106","2","0","0","0","0","0","0","0","0","5","0","","67","11","2021","4","40.032692","-75.021006","2051","6","0","0","1","0","0","0","0","0","","0","0","0","20","3","1","N","0","2","40 01:57.692","2","0","75 01:15.620","8","0","0","0","67301","0","0","0","N","0","0","0","3","68K01","0","","1.0","2140.0","1","N","N","N","0","","0","0","0","0","0","Y","2048","2","1","1","0","0","1","0","2","0","2","0","0","0","3","03","","N","","","","","","","","","",""
"2021118109","1354","1","0","0","0","0","0","0","0","0","5","1","","67","11","2021","6","39.968673","-75.127759","1354","6","0","0","0","1","0","0","0","0","","0","1","0","13","1","0","N","0","1","39 58:07.221","1","0","75 07:39.931","0","0","0","0","67301","0","0","0","N","0","0","0","2","68K01","0","","1.0","1410.0","1","N","N","N","0","","0","0","0","0","0","N","1350","2","0","0","0","0","0","0","2","0","2","0","0","0","3","03","","N","","","","","","","","","",""
"2021115766","0240","0","0","0","0","0","0","1","0","0","1","1","","67","10","2021","7","39.987068","-75.10506","0227","6","0","0","0","0","0","0","0","0","","0","0","0","2","3","1","","1","0","39 59:13.445","","0","75 06:18.215","4","0","0","0","67301","0","0","0","N","0","0","0","2","67508","1","","1.0","","1","N","N","Y","0","","0","0","0","3","2","","227","2","1","0","0","0","0","0","2","0","2","0","0","0","3","03","","N","","","","","","","","","",""
"2021073841","2345","1","0","0","0","0","0","0","0","0","8","0","","67","8","2021","7","39.974517","-75.183145","2335","6","0","0","0","0","0","0","0","0","","0","0","0","23","3","1","N","0","1","39 58:28.262","3","0","75 10:59.322","4","0","0","0","67301","1","0","0","N","1","0","0","2","67301","1","","1.0","1150.0","1","N","N","N","0","","0","0","0","0","0","N","2335","2","1","1","0","0","0","0","2","0","1","1","0","0","3","03","","N","","","","","","","","","",""
"2021115042","1406","1","0","0","0","0","0","0","0","0","4","0","","67","11","2021","6","40.007403","-75.078111","1401","6","0","0","0","1","0","0","0","0","","0","0","0","13","1","1","","1","0","40 00:26.651","","0","75 04:41.199","8","0","0","1","67301","0","0","0","N","0","0","0","3","67301","0","","1.0","","9","N","N","N","0","","0","0","0","3","2","","1347","2","1","0","0","0","1","0","2","0","2","0","0","0","3","","","N","","","","","","","","","",""
"2021116892","0849","1","0","0","0","0","0","0","0","0","1","0","","67","11","2021","2","39.946061","-75.189628","0823","6","0","0","0","0","0","0","0","0","","0","0","0","8","1","0","N","6","2","39 56:45.818","3","2","75 11:22.661","0","0","0","0","67301","0","0","0","N","0","0","0","3","68K01","0","","1.0","918.0","1","N","N","N","0","","0","0","2","3","8","N","821","3","0","0","0","0","0","0","2","0","3","0","0","0","3","","","N","","","","","","","","","",""
"2021073414","1109","0","0","0","0","0","0","0","0","0","4","0","","67","8","2021","5","40.034278","-75.074591","1052","6","0","0","0","0","0","1","0","0","","0","0","0","10","1","5","","1","1","40 02:03.402","3","0","75 04:28.528","8","0","0","0","67301","0","0","0","N","0","0","0","5","67301","0","","1.0","1240.0","1","N","N","N","0","","0","0","2","3","2","Y","1051","2","5","0","0","0","5","0","2","0","2","0","0","0","3","03","","N","","","","","","","","","",""
"2021071029","1854","1","0","0","0","0","0","0","0","0","8","0","","67","7","2021","6","39.995528","-75.17175","1836","6","0","0","0","0","0","0","0","0","","0","0","0","18","1","1","N","0","0","39 59:43.900","","0","75 10:18.300","3","0","0","0","67301","1","0","0","N","1","0","0","2","67301","0","","1.0","","1","N","N","N","0","","1","0","0","0","0","","1836","2","1","0","0","0","0","0","2","0","1","1","0","0","3","03","","N","","","","","","","","","",""
"2021070357","1238","1","0","0","0","0","0","0","0","0","4","0","","67","7","2021","2","40.044291","-75.096344","1233","6","0","0","0","0","0","0","0","0","","0","0","0","12","1","0","","1","1","40 02:39.447","6","0","75 05:46.838","0","0","0","0","67301","0","0","0","N","0","0","0","3","67301","0","","1.0","1310.0","1","N","N","N","0","","0","0","1","0","0","N","1220","2","0","0","0","0","0","0","2","0","2","0","0","0","3","","","N","","","","","","","","","",""
"2021072019","0315","1","0","0","0","0","0","0","0","0","4","0","","67","7","2021","6","39.922284","-75.153475","0310","6","0","0","0","0","0","1","0","0","","0","0","0","3","3","0","","1","0","39 55:20.221","","0","75 09:12.510","0","0","0","0","67301","0","0","0","N","0","0","0","2","67301","0","","1.0","","1","N","N","N","0","","0","0","1","3","2","","305","2","0","0","0","0","0","0","2","0","2","0","0","0","3","03","","N","","","","","","","","","",""
"2021073862","2355","2","0","0","0","0","0","0","0","0","1","0","","67","8","2021","7","40.056445","-75.075277","2355","6","0","0","0","1","0","0","0","0","","0","0","0","23","3","1","N","0","0","40 03:23.202","","0","75 04:30.998","2","0","0","0","67301","0","0","0","N","0","0","0","5","67301","0","","1.0","","9","N","N","N","0","","0","1","2","0","0","","2321","4","1","4","0","0","0","0","2","0","4","0","0","0","7","07","","N","","","","","","","","","",""
"2021072784","1914","1","0","0","0","0","0","0","0","0","8","0","","67","8","2021","4","39.957043","-75.226147","1913","6","0","0","0","0","0","1","0","0","","0","0","0","19","1","1","N","0","0","39 57:25.354","","0","75 13:34.128","3","0","0","0","67301","1","0","0","N","1","0","0","2","67301","0","","1.0","","1","N","N","N","0","","1","0","0","0","0","","1900","2","1","1","0","0","0","0","2","0","1","1","0","0","3","03","","N","","","","","","","","","",""
"2021071384","1020","0","0","0","0","0","0","0","0","0","1","0","","67","8","2021","1","40.007258","-75.093836","1002","6","0","0","0","0","0","0","0","0","","0","0","0","9","1","0","N","0","0","40 00:26.130","","1","75 05:37.810","0","0","0","0","67301","0","0","0","N","0","0","0","1","67301","0","","6.0","","1","N","N","N","0","","0","0","2","0","0","","954","2","0","0","0","0","0","0","2","0","2","0","0","0","3","03","","N","","","","","","","","","",""
"2021073821","1053","2","0","1","0","0","0","0","0","0","1","0","","67","8","2021","4","39.977227","-75.199438","1036","6","0","0","0","0","0","1","1","0","","0","0","0","10","1","1","N","0","0","39 58:38.017","","0","75 11:57.978","2","0","0","0","67301","0","0","0","N","0","0","0","3","68K01","0","","1.0","","1","N","N","N","0","","0","1","1","0","0","","1034","3","1","0","0","0","0","0","2","0","3","0","0","0","3","","","N","","","","","","","","","",""
"2021073807","1831","1","0","0","0","0","0","0","0","0","8","0","","67","8","2021","5","39.996235","-75.172334","1822","6","0","0","0","0","0","0","0","0","","0","0","0","17","1","1","","1","0","39 59:46.445","","0","75 10:20.401","2","0","0","0","67301","1","0","1","N","1","0","1","2","67301","0","","1.0","","1","N","N","N","0","","0","1","0","3","2","","1706","2","1","0","0","0","0","0","2","0","1","1","0","1","3","03","","N","","","","","","","","","",""
"2021115651","1852","1","0","0","0","0","0","0","0","0","4","0","","67","11","2021","1","40.016334","-75.061818","1852","6","0","0","0","0","0","0","0","0","","0","0","0","18","3","0","N","0","0","40 00:58.803","","0","75 03:42.545","0","0","0","0","67301","0","0","0","N","0","0","0","1","67301","0","","1.0","","1","N","N","N","0","","0","0","0","0","0","","1852","2","0","1","0","0","0","0","2","1","2","0","0","0","3","03","","N","","","","","","","","","",""
"2021123297","1930","1","0","0","0","0","0","0","0","0","2","0","","67","12","2021","4","40.085406","-75.037359","1927","6","0","0","0","0","0","0","0","0","","0","0","0","19","3","2","","1","0","40 05:07.463","","0","75 02:14.492","8","0","0","0","67301","0","0","0","N","0","0","0","2","67301","0","","1.0","","1","N","N","N","0","","0","0","1","3","2","","1926","2","2","0","0","0","2","0","2","0","2","0","0","0","3","03","","N","","","","","","","","","",""
"2021104953","","0","0","0","0","0","0","0","0","0","1","0","","67","4","2021","4","40.051193","-75.066138","","6","0","0","0","0","0","0","0","0","","0","0","0","14","1","3","","1","0","40 03:04.296","","0","75 03:58.096","2","0","0","0","67301","0","0","0","N","0","0","0","4","00000","0","","1.0","","1","N","N","N","0","","0","3","0","3","2","","1400","2","3","0","0","0","0","0","2","0","2","0","0","0","3","","","N","","","","","","","","","",""
"2021070388","2158","1","0","0","0","0","0","0","0","0","6","0","","67","7","2021","3","40.054827","-74.984141","2150","6","0","0","0","0","0","1","0","0","","0","0","0","21","3","0","N","0","1","40 03:17.377","6","1","74 59:02.909","9","0","0","0","67301","0","0","0","N","0","0","0","2","67301","0","","1.0","2326.0","1","N","N","N","0","","0","0","1","0","0","N","2150","2","0","0","0","0","0","1","2","0","2","0","0","0","3","03","","N","","","","","","","","","",""
"2021072036","1818","0","0","0","1","0","0","0","0","0","1","0","","67","8","2021","2","39.967948","-75.143515","1816","6","0","0","0","0","0","0","0","0","","0","0","0","18","1","1","","1","0","39 58:04.611","","0","75 08:36.654","3","0","0","0","67301","1","0","0","N","0","0","0","3","67301","0","","1.0","","1","N","N","N","0","","1","0","1","3","3","","1815","2","1","0","0","0","0","0","2","0","1","1","0","0","3","03","","N","","","","","","","","","",""
"2021069070","0920","4","0","0","0","0","0","0","0","0","6","0","","67","7","2021","2","39.980694","-75.16125","0920","6","1","0","0","0","0","0","0","0","","0","0","0","9","1","0","N","0","0","39 58:50.500","","0","75 09:40.500","9","0","0","0","67301","0","0","0","N","0","0","0","2","67505","0","","6.0","","1","N","N","N","0","","0","0","1","0","0","","920","5","0","2","0","0","0","1","2","0","5","0","0","0","3","03","","N","","","","","","","","","",""
"2021077633","1847","1","0","0","0","0","0","0","0","0","4","0","","67","8","2021","4","39.995778","-75.1875","1838","6","0","0","0","0","1","0","0","0","","0","0","0","18","1","1","","3","0","39 59:44.799","","0","75 11:15.000","3","0","0","1","67301","0","0","0","N","0","0","0","2","67301","0","","1.0","","1","N","N","N","0","","1","0","0","3","2","","1827","2","1","0","0","0","0","0","2","0","2","0","0","0","3","03","","N","","","","","","","","","",""
"2021114612","","1","0","0","0","0","0","0","0","0","4","0","","67","5","2021","2","40.016129","-75.149636","","6","0","0","0","0","0","0","0","0","","0","0","0","11","1","1","","2","0","40 00:58.063","","0","75 08:58.689","8","0","0","0","67301","0","0","0","N","0","0","0","4","00000","0","","1.0","","1","N","N","N","0","","0","0","1","3","3","","1130","2","1","0","0","0","1","0","2","0","2","0","0","0","3","","","N","","","","","","","","","",""
"2021074132","1740","2","0","0","0","0","0","0","0","0","4","0","","67","8","2021","1","39.9753","-75.121195","1733","6","0","0","0","0","0","0","0","0","","0","0","0","17","1","0","","1","0","39 58:31.081","","0","75 07:16.303","0","0","0","0","67301","0","0","0","N","0","0","0","4","67301","0","","1.0","","1","N","N","N","0","","0","0","0","3","2","","1720","2","0","0","0","0","0","0","2","0","2","0","0","0","3","","","N","","","","","","","","","",""
"2021116057","1225","1","0","0","0","0","0","0","0","0","8","0","","67","11","2021","1","39.937393","-75.142088","1221","6","0","0","0","0","0","1","0","0","","0","0","0","12","1","1","N","0","0","39 56:14.615","","0","75 08:31.516","2","0","0","0","67301","1","0","1","N","1","0","1","3","67301","0","","1.0","","1","N","N","N","0","","0","1","0","0","0","","1220","2","1","0","0","0","0","0","2","0","1","1","0","1","3","","","N","","","","","","","","","",""
"2021114245","0821","0","0","0","0","0","0","0","0","0","1","0","","67","11","2021","6","39.959645","-75.175986","0801","6","0","0","0","0","0","0","1","0","","0","0","0","8","1","1","N","0","1","39 57:34.721","4","0","75 10:33.550","4","0","0","0","67301","0","0","0","N","0","0","0","3","68K01","1","","4.0","855.0","9","N","N","N","0","","0","0","2","3","8","N","800","2","1","1","0","0","0","0","2","0","2","0","0","0","7","","","N","","","","","","","","","",""
"2021083272","1600","2","0","0","0","0","0","0","0","0","4","0","","67","8","2021","3","40.003105","-75.177252","1600","6","0","0","0","0","0","1","0","0","","0","0","0","15","1","1","","1","0","40 00:11.177","","0","75 10:38.108","3","0","0","0","67301","0","0","0","N","0","0","0","2","67301","0","","1.0","","1","N","N","N","0","","1","0","0","3","2","","1530","2","1","0","0","0","0","0","2","0","2","0","0","0","3","03","","N","","","","","","","","","",""
"2021072372","0733","3","0","0","0","0","0","0","0","0","5","0","","67","7","2021","7","39.938747","-75.173944","0729","6","0","0","0","0","0","0","0","0","","0","0","0","7","1","1","N","0","1","39 56:19.490","3","0","75 10:26.200","3","0","0","0","67301","0","0","0","N","0","0","0","2","67301","0","","1.0","755.0","1","N","N","N","0","","1","0","1","0","0","N","700","4","1","0","0","0","0","0","2","0","4","0","0","0","3","","","N","","","","","","","","","",""
"2021078347","0610","2","0","0","0","0","0","0","0","0","4","0","","67","8","2021","1","40.009832","-75.166871","0607","6","0","0","0","0","0","1","0","0","","0","0","0","6","1","1","","1","0","40 00:35.396","","0","75 10:00.737","8","0","0","0","67301","0","0","0","N","0","0","0","2","67301","0","","1.0","","1","N","N","N","0","","0","0","0","3","2","","600","2","1","0","0","0","1","0","2","0","2","0","0","0","3","03","","N","","","","","","","","","",""
"2021074743","1355","1","0","0","0","0","0","0","0","0","7","0","","67","8","2021","1","40.003008","-75.222567","1343","6","0","0","0","0","1","0","0","0","","0","0","0","13","1","0","N","0","0","40 00:10.830","","0","75 13:21.240","0","0","0","0","67301","0","0","0","N","0","0","0","2","67301","0","","4.0","","1","N","N","N","0","","0","0","0","0","0","","1335","1","0","0","0","0","0","0","2","0","1","0","0","0","3","","","N","","","","","","","","","",""
"2021118112","2335","0","0","0","0","0","0","0","0","0","7","0","","67","11","2021","7","39.96243","-75.139705","2327","6","0","0","0","0","0","0","0","0","","0","0","0","23","3","0","N","0","0","39 57:44.747","","0","75 08:22.938","0","0","0","0","67301","0","0","0","N","0","0","0","1","68K01","0","","2.0","","1","N","N","N","0","","0","0","1","0","0","","2319","1","0","0","0","0","0","0","2","0","1","0","0","0","3","03","","N","","","","","","","","","",""
"2021071027","1000","1","0","0","0","0","0","0","0","0","4","0","","67","7","2021","4","39.913711","-75.147666","0950","6","0","0","0","1","0","0","0","0","","0","0","0","9","1","1","","1","0","39 54:49.359","","0","75 08:51.599","3","0","0","0","67301","0","0","0","N","0","0","0","2","67301","0","","1.0","","1","N","N","N","0","","1","0","1","0","0","","950","2","1","0","0","0","0","0","2","0","2","0","0","0","3","03","","N","","","","","","","","","",""
"2021115454","1640","1","0","0","0","0","0","0","0","0","8","0","","67","11","2021","4","40.001085","-75.215382","1621","6","0","0","0","0","0","0","1","0","","0","0","0","15","1","1","","1","0","40 00:03.907","","0","75 12:55.374","3","0","0","0","67301","1","0","0","N","1","0","0","2","67301","0","","1.0","","1","N","N","N","0","","1","0","0","3","2","","1540","2","1","0","0","0","0","1","2","0","1","1","0","0","3","03","","N","","","","","","","","","",""
"2021071327","1831","1","0","0","0","0","0","0","0","0","4","0","","67","7","2021","7","40.051737","-75.127136","1831","6","0","0","0","0","0","0","0","0","","0","0","0","11","1","0","","1","0","40 03:06.253","","0","75 07:37.689","0","0","0","0","67301","0","0","0","N","0","0","0","2","67301","0","","1.0","","99","N","N","N","0","","0","0","1","3","2","","1120","2","0","0","0","0","0","0","2","0","2","0","0","0","3","98","","N","","","","","","","","","",""
"2021096328","0220","1","0","0","0","0","0","0","0","0","4","0","","67","7","2021","3","39.954223","-75.248522","0208","6","0","1","0","0","0","0","0","0","","0","0","0","2","6","0","","2","0","39 57:15.202","","0","75 14:54.679","0","0","0","0","67301","0","0","0","N","0","0","0","2","67301","0","","1.0","","1","N","N","N","0","","0","0","1","0","0","","208","2","0","0","0","0","0","0","2","0","2","0","0","0","3","","","N","","","","","","","","","",""
"2021071728","2040","1","0","0","0","0","0","0","0","0","1","0","","67","7","2021","6","40.048614","-75.012646","2040","6","0","0","0","0","0","1","0","0","","0","0","0","20","3","0","N","0","0","40 02:55.011","","0","75 00:45.525","0","0","0","0","67301","0","0","0","N","0","0","0","3","67301","0","","1.0","","1","N","N","N","0","","0","0","1","0","0","","2030","2","0","0","0","0","0","0","2","0","2","0","0","0","3","03","","N","","","","","","","","","",""
"2021071793","0349","1","0","0","0","0","0","0","0","0","4","0","","67","7","2021","7","39.924854","-75.183026","0344","6","0","0","0","0","0","0","0","0","","0","0","0","3","3","2","","1","2","39 55:29.474","1","0","75 10:58.893","3","0","0","0","67301","0","0","0","N","0","0","0","2","67301","0","","1.0","514.0","1","N","N","N","0","","2","0","1","3","3","N","344","2","2","0","0","0","0","0","2","0","2","0","0","0","3","03","","N","","","","","","","","","",""
"2021117148","0105","1","0","0","0","0","0","0","0","0","8","0","","67","10","2021","4","39.932133","-75.171346","1259","6","0","0","0","0","0","0","0","0","","0","0","0","16","1","1","","1","0","39 55:55.677","","0","75 10:16.845","3","0","0","0","67301","1","0","0","N","1","0","0","2","67301","0","","1.0","","1","N","N","N","0","","1","0","0","3","3","","1600","2","1","0","0","0","0","1","2","0","1","1","0","0","3","03","","N","","","","","","","","","",""
"2021073933","1643","1","0","1","0","0","0","0","0","0","4","0","","67","8","2021","5","39.995034","-75.227631","1643","6","0","0","0","0","0","0","0","1","","0","0","0","14","1","1","","1","0","39 59:42.122","","0","75 13:39.471","2","0","0","0","67301","0","0","0","N","0","0","0","3","67301","0","","1.0","","1","N","N","N","0","","0","1","1","3","3","","1425","2","1","0","0","0","0","0","2","0","2","0","0","0","3","03","","N","","","","","","","","","",""
"2021114670","0831","1","0","0","0","0","0","0","0","0","4","0","","67","11","2021","2","40.017859","-75.149536","0828","6","0","0","0","0","0","1","0","0","","0","0","0","8","1","3","N","0","1","40 01:04.294","4","0","75 08:58.329","3","0","0","0","67301","0","0","0","N","0","0","0","4","67301","0","","1.0","1000.0","99","N","N","N","0","","3","0","2","0","0","Y","828","3","3","0","0","0","0","1","2","0","3","0","0","0","4","","","N","","","","","","","","","",""
"2021078167","0110","2","0","0","0","0","0","0","0","0","4","0","","67","8","2021","7","39.98665","-75.113081","0102","6","0","0","0","0","0","1","0","0","","0","0","0","0","3","3","N","0","2","39 59:11.940","1","0","75 06:47.090","3","0","0","0","67301","2","0","0","N","2","0","0","3","67301","1","","1.0","200.0","1","N","N","N","1","","2","0","3","0","0","Y","49","8","3","1","0","0","0","0","2","0","6","2","0","0","3","03","","N","","","","","","","","","",""
"2021117732","0122","0","0","0","0","0","0","0","0","0","7","0","","67","11","2021","5","40.008092","-75.071338","0106","6","0","0","0","0","0","0","0","0","","0","0","0","1","3","1","N","0","1","40 00:29.132","2","0","75 04:16.816","8","0","0","0","67301","0","0","0","N","0","0","0","2","68K01","0","","4.0","145.0","1","N","N","N","0","","0","0","1","0","0","N","103","1","1","1","0","0","1","0","2","0","1","0","0","0","3","03","","N","","","","","","","","","",""
"2021070543","0300","1","0","0","0","0","0","0","0","0","2","0","","67","7","2021","1","40.044174","-75.113035","0252","6","0","0","0","0","0","0","0","0","","0","0","0","2","3","0","N","0","0","40 02:39.025","","0","75 06:46.925","0","0","0","0","67301","0","0","0","N","0","0","0","1","67301","0","","6.0","","1","N","N","N","0","","0","0","2","0","0","","231","3","0","0","0","0","0","0","2","0","3","0","0","0","3","03","","N","","","","","","","","","",""