"CRN","ARRIVAL_TM","AUTOMOBILE_COUNT","BELTED_DEATH_COUNT","BELTED_SUSP_SERIOUS_INJ_COUNT","BICYCLE_COUNT","BICYCLE_DEATH_COUNT","BICYCLE_SUSP_SERIOUS_INJ_COUNT","BUS_COUNT","CHLDPAS_DEATH_COUNT","CHLDPAS_SUSP_SERIOUS_INJ_COUNT","COLLISION_TYPE","COMM_VEH_COUNT","CONS_ZONE_SPD_LIM","COUNTY","CRASH_MONTH","CRASH_YEAR","DAY_OF_WEEK","DEC_LATITUDE","DEC_LONGITUDE","DISPATCH_TM","DISTRICT","DRIVER_COUNT_16YR","DRIVER_COUNT_17YR","DRIVER_COUNT_18YR","DRIVER_COUNT_19YR","DRIVER_COUNT_20YR","DRIVER_COUNT_50_64YR","DRIVER_COUNT_65_74YR","DRIVER_COUNT_75PLUS","EST_HRS_CLOSED","FATAL_COUNT","HEAVY_TRUCK_COUNT","HORSE_BUGGY_COUNT","HOUR_OF_DAY","ILLUMINATION","INJURY_COUNT","INTERSECTION_RELATED","INTERSECT_TYPE","LANE_CLOSED","LATITUDE","LN_CLOSE_DIR","LOCATION_TYPE","LONGITUDE","MAX_SEVERITY_LEVEL","MCYCLE_DEATH_COUNT","MCYCLE_SUSP_SERIOUS_INJ_COUNT","MOTORCYCLE_COUNT","MUNICIPALITY","NONMOTR_COUNT","NONMOTR_DEATH_COUNT","NONMOTR_SUSP_SERIOUS_INJ_COUNT","NTFY_HIWY_MAINT","PED_COUNT","PED_DEATH_COUNT","PED_SUSP_SERIOUS_INJ_COUNT","PERSON_COUNT","POLICE_AGCY","POSSIBLE_INJ_COUNT","RDWY_SURF_TYPE_CD","RELATION_TO_ROAD","ROADWAY_CLEARED","ROAD_CONDITION","SCH_BUS_IND","SCH_ZONE_IND","SECONDARY_CRASH","SMALL_TRUCK_COUNT","SPEC_JURIS_CD","SUSP_MINOR_INJ_COUNT","SUSP_SERIOUS_INJ_COUNT","SUV_COUNT","TCD_FUNC_CD","TCD_TYPE","TFC_DETOUR_IND","TIME_OF_DAY","TOTAL_UNITS","TOT_INJ_COUNT","UNBELTED_OCC_COUNT","UNB_DEATH_COUNT","UNB_SUSP_SERIOUS_INJ_COUNT","UNK_INJ_DEG_COUNT","UNK_INJ_PER_COUNT","URBAN_RURAL","VAN_COUNT","VEHICLE_COUNT","VULNERABLE_ROAD_USER_COUNT","VULNERABLE_ROAD_USER_DEATH_COUNT","VULNERABLE_ROAD_USER_SER_INJ_COUNT","WEATHER1","WEATHER2","WORKERS_PRES","WORK_ZONE_IND","WORK_ZONE_LOC","WORK_ZONE_TYPE","WZ_CLOSE_DETOUR","WZ_FLAGGER","WZ_LAW_OFFCR_IND","WZ_LN_CLOSURE","WZ_MOVING","WZ_OTHER","WZ_SHLDER_MDN","WZ_WORKERS_INJ_KILLED"
"2021070626","1616","0","0","0","1","0","0","0","0","0","8","0","","67","7","2021","5","39.993883","-75.080151","1601","6","0","0","0","0","0","0","0","0","","0","0","0","16","1","1","","2","0","39 59:37.980","","2","75 04:48.542","3","0","0","0","67301","1","0","0","N","0","0","0","2","67301","0","","1.0","","9","N","N","N","0","","1","0","1","0","0","","1601","2","1","0","0","0","0","0","2","0","1","1","0","0","7","","","N","","","","","","","","","",""
"2021078160","0638","0","0","0","0","0","0","0","0","0","4","0","","67","8","2021","5","40.021538","-75.139814","0636","6","0","0","0","0","0","0","0","0","","0","0","0","6","5","2","","1","1","40 01:17.537","2","0","75 08:23.331","3","0","0","0","67301","0","0","0","N","0","0","0","3","67301","1","","1.0","830.0","1","N","N","N","1","","1","0","1","3","2","N","630","2","2","0","0","0","0","0","2","0","2","0","0","0","3","","","N","","","","","","","","","",""
"2021075969","1343","1","0","0","0","0","0","0","0","0","4","0","","67","8","2021","5","39.990944","-75.101578","1343","6","0","0","0","0","0","1","0","0","","0","0","0","13","1","1","","1","0","39 59:27.397","","0","75 06:05.681","3","0","0","0","67301","0","0","0","N","0","0","0","2","67301","0","","1.0","","1","N","N","N","0","","1","0","1","3","2","","1343","2","1","0","0","0","0","0","2","0","2","0","0","0","3","","","N","","","","","","","","","",""
"2021071270","1028","1","0","0","0","0","0","0","0","0","4","0","","67","7","2021","7","40.013861","-75.184775","1023","6","0","0","0","0","0","0","0","0","","0","0","0","10","1","1","","2","0","40 00:49.901","","0","75 11:05.191","3","0","0","0","67301","0","0","0","N","0","0","0","2","67301","0","","1.0","","1","N","N","N","0","","1","0","1","3","3","","1020","2","1","0","0","0","0","0","2","0","2","0","0","0","3","03","","N","","","","","","","","","",""
"2021118078","1513","1","0","0","0","0","0","0","0","0","1","0","","67","11","2021","1","39.876564","-75.257221","1509","6","0","0","0","0","0","0","0","0","","0","0","0","15","1","1","N","0","0","39 52:35.629","","0","75 15:25.995","3","0","0","0","67301","0","0","0","N","0","0","0","5","68K01","0","","1.0","","1","N","N","N","0","","1","0","1","0","0","","1506","2","1","0","0","0","0","0","2","0","2","0","0","0","3","","","N","","","","","","","","","",""
"2021073413","1906","2","0","0","0","0","0","0","0","0","5","0","","67","8","2021","3","40.029898","-75.087801","1905","6","0","0","0","0","0","1","0","1","","0","0","0","18","1","0","","1","0","40 01:47.633","","0","75 05:16.085","0","0","0","0","67301","0","0","0","N","0","0","0","2","67301","0","","1.0","","1","N","N","N","0","","0","0","0","3","2","","1850","2","0","0","0","0","0","0","2","0","2","0","0","0","3","03","","N","","","","","","","","","",""
"2021070529","2052","1","0","0","0","0","0","0","0","0","8","0","","67","7","2021","3","39.984711","-75.147872","2050","6","0","0","0","0","0","0","0","0","","0","0","0","20","3","1","N","0","0","39 59:04.960","","0","75 08:52.340","3","0","0","0","67301","1","0","0","N","1","0","0","2","67301","0","","1.0","","1","N","N","N","0","","1","0","0","0","0","","2048","2","1","0","0","0","0","0","2","0","1","1","0","0","3","03","","N","","","","","","","","","",""
"2021084379","0109","1","0","0","0","0","0","0","0","0","7","0","","67","7","2021","3","39.933794","-75.199954","0103","6","0","0","0","0","1","0","0","0","","0","0","0","1","3","0","N","0","0","39 56:01.658","","0","75 11:59.833","0","0","0","0","67301","0","0","0","N","0","0","0","1","68K01","0","","3.0","","1","N","N","N","0","","0","0","0","0","0","","100","1","0","1","0","0","0","0","2","0","1","0","0","0","3","03","","N","","","","","","","","","",""
"2021078580","1625","0","0","0","0","0","0","0","0","0","4","0","","67","8","2021","7","40.045593","-75.071436","1619","6","0","0","0","0","0","1","0","0","","0","0","0","16","1","1","","1","1","40 02:44.136","1","0","75 04:17.168","3","0","0","0","67301","0","0","0","N","0","0","0","3","67301","0","","1.0","1800.0","1","N","N","N","0","","1","0","3","3","2","N","1604","3","1","0","0","0","0","0","2","0","3","0","0","0","3","","","N","","","","","","","","","",""
"2021115666","1055","1","0","0","0","0","0","0","0","0","1","0","","67","11","2021","4","40.039709","-75.007073","1055","6","0","0","0","1","0","0","1","0","","0","0","0","10","1","3","N","0","1","40 02:22.953","2","0","75 00:25.461","3","0","0","0","67301","0","0","0","N","0","0","0","5","68K01","0","","1.0","1120.0","1","N","N","N","0","","3","0","1","0","0","N","1055","2","3","0","0","0","0","0","2","0","2","0","0","0","3","","","N","","","","","","","","","",""
"2021077510","1656","2","0","0","0","0","0","0","0","0","4","0","","67","8","2021","3","40.020659","-75.148756","1635","6","0","0","0","0","0","0","1","0","","0","0","0","15","1","1","","2","0","40 01:14.374","","0","75 08:55.521","8","0","0","0","67301","0","0","0","N","0","0","0","2","67301","0","","1.0","","1","N","N","N","0","","0","0","0","0","0","","1530","2","1","0","0","0","1","1","2","0","2","0","0","0","3","03","","N","","","","","","","","","",""
"2021071090","1321","1","0","0","0","0","0","0","0","0","4","0","","67","7","2021","6","39.979851","-75.142873","1319","6","0","0","0","0","0","0","0","1","","0","0","0","13","1","0","","1","0","39 58:47.465","","0","75 08:34.342","9","0","0","0","67301","0","0","0","N","0","0","0","2","67301","0","","1.0","","1","N","N","N","0","","0","0","1","3","2","","1305","2","0","0","0","0","0","1","2","0","2","0","0","0","3","03","","N","","","","","","","","","",""
"2021072491","0238","0","0","0","0","0","0","0","0","0","7","0","35","67","8","2021","1","39.914889","-75.189583","0234","6","0","0","0","0","0","0","0","0","","0","0","0","2","3","0","N","0","2","39 54:53.600","4","3","75 11:22.500","0","0","0","0","67301","0","0","0","N","0","0","0","1","67501","0","","3.0","333.0","1","N","N","N","0","","0","0","1","0","0","N","234","1","0","0","0","0","0","0","2","0","1","0","0","0","3","","N","Y","4","1","","","N","Y","","","Y","N"
"2021114763","2234","1","0","0","0","0","0","0","0","0","5","0","","67","11","2021","1","39.898851","-75.169044","2216","6","0","0","0","0","0","0","0","0","","0","0","0","22","3","1","N","0","1","39 53:55.863","1","0","75 10:08.557","8","0","0","0","67301","0","0","0","N","0","0","0","2","68K01","0","","1.0","2250.0","9","N","N","N","0","","0","0","1","0","0","N","2200","2","1","0","0","0","1","0","2","0","2","0","0","0","7","","","N","","","","","","","","","",""
"2021115105","0843","1","0","0","0","0","0","0","0","0","4","0","","67","11","2021","5","39.921728","-75.221535","0839","6","0","0","0","0","0","0","1","0","","0","0","0","8","1","2","","2","2","39 55:18.220","6","0","75 13:17.525","3","0","0","0","67301","0","0","0","N","0","0","0","3","67301","0","","1.0","1045.0","1","N","N","N","0","","2","0","2","3","3","Y","838","3","2","0","0","0","0","0","2","0","3","0","0","0","3","","","N","","","","","","","","","",""
"2021070573","1828","2","0","0","0","0","0","0","0","0","4","0","","67","7","2021","4","39.971098","-75.128021","1828","6","0","0","0","0","0","0","0","0","","0","0","0","17","1","0","N","0","0","39 58:15.954","","7","75 07:40.875","0","0","0","0","67301","0","0","0","N","0","0","0","2","67301","0","","1.0","","1","N","N","N","0","","0","0","0","0","0","","1745","2","0","2","0","0","0","0","2","0","2","0","0","0","3","","","N","","","","","","","","","",""
"2021122914","1130","2","0","0","0","0","0","0","0","0","1","0","","67","12","2021","1","39.926862","-75.195045","1122","6","0","0","0","0","0","0","0","0","","0","0","0","11","1","2","N","0","0","39 55:36.702","","0","75 11:42.162","3","0","0","0","67301","0","0","0","N","0","0","0","3","68K01","0","","1.0","","1","N","N","N","0","","1","0","0","0","0","","1120","2","2","0","0","0","1","0","2","0","2","0","0","0","3","","","N","","","","","","","","","",""
"2021072686","1230","0","0","0","0","0","0","0","0","0","1","0","35","67","8","2021","4","39.954556","-75.143472","1230","6","0","0","0","0","0","0","0","0","","0","0","0","12","1","1","N","0","0","39 57:16.400","","3","75 08:36.500","4","0","0","0","67301","0","0","0","N","0","0","0","2","67501","1","","1.0","","1","N","N","N","0","","0","0","1","3","8","","1219","2","1","0","0","0","0","0","2","0","2","0","0","0","4","03","Y","Y","4","1","","","N","Y","","","","N"
"2021114602","0825","0","0","0","0","0","0","1","0","0","1","1","","67","11","2021","3","40.023647","-75.140987","0810","6","0","0","0","0","0","1","0","0","","0","0","0","8","1","1","","1","0","40 01:25.129","","0","75 08:27.553","8","0","0","0","67301","0","0","0","N","0","0","0","2","67508","0","","1.0","","1","N","N","N","0","","0","0","0","3","2","","810","2","1","0","0","0","1","0","2","1","2","0","0","0","3","03","","N","","","","","","","","","",""
"2021077509","1658","1","0","0","0","0","0","0","0","0","4","0","","67","7","2021","7","39.999733","-75.174893","1654","6","0","0","0","0","0","1","0","0","","0","0","0","16","1","0","","1","0","39 59:59.038","","0","75 10:29.614","0","0","0","0","67301","0","0","0","N","0","0","0","2","67301","0","","1.0","","1","N","N","N","0","","0","0","1","3","3","","1640","2","0","0","0","0","0","0","2","0","2","0","0","0","3","","","N","","","","","","","","","",""
"2021072386","2125","1","0","0","0","0","0","0","0","0","4","0","","67","8","2021","3","40.009868","-75.156024","2125","6","0","0","0","0","1","0","0","0","","0","0","0","21","3","5","","1","0","40 00:35.524","","0","75 09:21.688","4","0","0","0","67301","0","0","0","N","0","0","0","6","67301","5","","1.0","","1","N","N","N","0","","0","0","2","3","2","","2125","3","5","1","0","0","0","0","2","0","3","0","0","0","3","03","","N","","","","","","","","","",""
"2021074919","1501","2","0","0","0","0","0","0","0","0","5","0","45","67","8","2021","2","39.973081","-75.120305","1501","6","0","0","0","0","0","0","0","0","","0","0","0","14","1","0","N","0","1","39 58:23.093","1","0","75 07:13.098","0","0","0","0","67301","0","0","0","N","0","0","0","5","68K01","0","","1.0","1550.0","1","N","N","N","0","","0","0","1","0","0","N","1454","3","0","0","0","0","0","0","2","0","3","0","0","0","3","","N","Y","4","1","","","N","Y","","","Y","N"
"2021072305","1410","1","0","0","0","0","0","0","0","0","5","0","","67","8","2021","2","39.979249","-75.162253","1350","6","0","0","0","0","0","0","0","0","","0","0","0","13","1","0","N","0","0","39 58:45.297","","0","75 09:44.111","0","0","0","0","67301","0","0","0","N","0","0","0","1","67301","0","","1.0","","1","N","N","N","0","","0","0","1","0","0","","1345","2","0","1","0","0","0","0","2","0","2","0","0","0","3","03","","N","","","","","","","","","",""
"2021071326","1717","2","0","0","0","0","0","0","0","0","1","0","","67","7","2021","7","40.046018","-75.132128","1717","6","0","0","0","0","0","0","0","0","","0","0","0","16","1","3","","1","0","40 02:45.666","","0","75 07:55.659","4","0","0","0","67301","0","0","0","N","0","0","0","3","67301","2","","1.0","","99","N","N","N","0","","0","0","1","3","2","","1600","3","3","0","0","0","1","0","2","0","3","0","0","0","3","","","N","","","","","","","","","",""
"2021117152","1107","0","0","0","0","0","0","0","0","0","1","2","","67","10","2021","6","39.948208","-75.186139","1039","6","0","0","0","0","0","1","0","0","","0","1","0","10","1","0","N","0","2","39 56:53.549","4","0","75 11:10.101","0","0","0","0","67301","0","0","0","N","0","0","0","2","68K01","0","","1.0","1130.0","1","N","N","N","1","","0","0","0","0","0","N","1036","2","0","0","0","0","0","0","2","0","2","0","0","0","3","03","","N","","","","","","","","","",""
"2021075053","0905","1","0","0","0","0","0","0","0","0","5","0","","67","7","2021","6","39.955798","-75.203581","0900","6","0","0","0","0","0","1","0","0","","0","0","0","8","1","0","N","0","2","39 57:20.873","3","0","75 12:12.891","0","0","0","0","67301","0","0","0","N","0","0","0","2","67504","0","","1.0","30.0","1","N","N","N","0","","0","0","1","0","0","Y","845","2","0","0","0","0","0","0","2","0","2","0","0","0","3","","","N","","","","","","","","","",""
"2021074702","1809","1","0","0","0","0","0","0","0","0","5","0","","67","8","2021","5","40.015043","-75.135168","1809","6","0","0","0","0","0","0","0","0","","0","0","0","15","1","0","","1","0","40 00:54.154","","0","75 08:06.604","9","0","0","0","67301","0","0","0","N","0","0","0","2","67301","0","","1.0","","1","N","N","N","0","","0","0","0","3","2","","1500","2","0","0","0","0","0","2","2","0","2","0","0","0","3","03","","N","","","","","","","","","",""
"2021118083","1551","1","0","0","0","0","0","0","0","0","1","0","","67","11","2021","2","39.899284","-75.176014","1551","6","0","0","0","0","1","0","0","0","","0","0","0","15","1","0","N","0","0","39 53:57.421","","0","75 10:33.650","0","0","0","0","67301","0","0","0","N","0","0","0","2","68K01","0","","3.0","","1","N","N","N","0","","0","0","1","0","0","","1551","2","0","0","0","0","0","0","2","0","2","0","0","0","3","","","N","","","","","","","","","",""
"2021072650","0440","4","0","0","0","0","0","0","0","0","5","0","","67","8","2021","1","40.0082","-75.139861","0440","6","0","0","0","0","0","0","0","0","","0","0","0","0","3","0","N","0","0","40 00:29.520","","0","75 08:23.500","0","0","0","0","67301","0","0","0","N","0","0","0","1","67301","0","","6.0","","1","N","N","N","0","","0","0","0","0","0","","0","4","0","0","0","0","0","0","2","0","4","0","0","0","3","","","N","","","","","","","","","",""
"2021073092","1946","1","0","0","0","0","0","0","0","0","8","0","","67","7","2021","6","39.960461","-75.235046","1945","6","0","0","0","0","0","0","0","0","","0","0","0","19","1","2","","1","1","39 57:37.659","7","7","75 14:06.165","8","0","0","0","67301","1","0","0","N","0","0","0","2","67301","0","","1.0","2010.0","1","N","N","N","0","","0","0","0","0","0","N","1943","2","2","0","0","0","2","0","2","0","1","1","0","0","3","","","N","","","","","","","","","",""
"2021104841","","1","0","1","0","0","0","0","0","0","1","0","","67","6","2021","3","","","","6","0","0","0","0","0","0","0","0","","0","0","0","99","1","1","N","0","0","","","0","","2","0","0","0","67301","0","0","0","N","0","0","0","3","00000","0","","1.0","","1","N","N","N","0","","0","1","0","0","0","","9999","2","1","0","0","0","0","0","1","0","2","0","0","0","3","","","N","","","","","","","","","",""
"2021102945","0707","0","0","0","0","0","0","0","0","0","8","0","","67","10","2021","4","39.994322","-75.134244","0700","6","0","0","0","0","0","0","0","0","","1","0","0","6","5","0","N","0","2","39 59:39.560","2","0","75 08:03.280","1","0","0","0","67301","1","1","0","N","1","1","0","2","67301","0","2","1.0","850.0","1","N","N","N","0","0","0","0","0","0","0","Y","632","2","0","0","0","0","0","0","2","0","1","1","1","0","3","03","","N","","","","","","","","","",""
"2021080885","0017","1","0","0","0","0","0","0","0","0","4","0","","67","8","2021","7","39.903449","-75.15844","0017","6","0","0","0","0","0","0","0","0","","0","0","0","0","3","2","","1","1","39 54:12.416","4","0","75 09:30.383","3","0","0","0","67301","0","0","0","N","0","0","0","4","67301","1","","1.0","100.0","1","N","N","N","0","","1","0","0","3","2","N","10","2","2","4","0","0","0","0","2","1","2","0","0","0","3","03","","N","","","","","","","","","",""
"2021071443","0209","3","0","0","0","0","0","0","0","0","5","0","","67","8","2021","1","39.967425","-75.225013","0207","6","0","0","0","0","0","0","0","0","","0","0","0","2","3","2","N","0","1","39 58:02.730","5","0","75 13:30.046","3","0","0","0","67301","0","0","0","N","0","0","0","2","67301","0","","6.0","502.0","1","N","N","N","0","","2","0","1","0","0","Y","202","4","2","0","0","0","0","0","2","0","4","0","0","0","3","03","","N","","","","","","","","","",""
"2021070668","0010","1","0","0","0","0","0","0","0","0","8","0","","67","7","2021","3","40.054649","-75.149706","0003","6","0","0","0","0","0","0","0","0","","0","0","0","22","3","1","","1","0","40 03:16.736","","0","75 08:58.941","2","0","0","0","67301","1","0","1","N","1","0","1","2","67301","0","","1.0","","1","N","N","N","0","","0","1","0","3","2","","2200","2","1","0","0","0","0","0","2","0","1","1","0","1","3","03","","N","","","","","","","","","",""
"2021071371","0110","2","0","0","0","0","0","0","0","0","5","0","","67","8","2021","1","39.897582","-75.212148","0105","6","0","0","0","0","0","0","0","0","","0","0","0","1","3","0","N","0","0","39 53:51.295","","3","75 12:43.733","0","0","0","0","67301","0","0","0","N","0","0","0","2","67301","0","","1.0","","1","N","N","N","0","","0","0","0","0","0","","100","2","0","1","0","0","0","0","2","0","2","0","0","0","3","03","","N","","","","","","","","","",""
"2021074641","2228","0","0","0","0","0","0","0","0","0","8","0","35","67","8","2021","5","39.955299","-75.147798","2228","6","0","0","0","0","0","0","0","0","","0","0","0","22","3","1","N","0","1","39 57:19.076","4","3","75 08:52.074","2","0","0","0","67301","1","0","1","N","1","0","1","2","67501","0","","1.0","2259.0","1","N","N","N","0","","0","1","1","0","0","N","2228","2","1","0","0","0","0","0","2","0","1","1","0","1","3","03","U","Y","5","2","","","N","Y","","","","N"
"2021071019","1247","1","0","0","0","0","0","0","0","0","4","0","","67","7","2021","6","40.00468","-75.152126","1245","6","0","0","0","0","1","1","0","0","","0","0","0","12","1","1","","1","1","40 00:16.847","4","0","75 09:07.652","3","0","0","1","67301","0","0","0","Y","0","0","0","3","67505","0","","1.0","115.0","1","","","N","0","","1","0","0","3","2","N","1245","2","1","0","0","0","0","0","2","0","2","0","0","0","3","03","","N","","","","","","","","","",""
"2021116192","0621","1","0","0","0","0","0","0","0","0","7","0","","67","10","2021","3","39.931211","-75.145857","0613","6","0","0","0","0","0","0","0","0","","0","0","0","6","3","0","N","0","1","39 55:52.361","2","0","75 08:45.084","0","0","0","0","67301","0","0","0","N","0","0","0","2","68K01","0","","4.0","645.0","9","N","N","N","0","","0","0","0","0","0","N","605","1","0","0","0","0","0","0","2","0","1","0","0","0","7","07","","N","","","","","","","","","",""
"2021073675","1854","1","0","0","0","0","0","0","0","0","6","0","","67","7","2021","7","39.996083","-75.195597","1848","6","0","0","0","0","1","0","0","0","","0","0","0","16","1","2","N","0","0","39 59:45.900","","3","75 11:44.150","8","0","0","0","67301","0","0","0","N","0","0","0","3","67301","0","","1.0","","1","N","N","N","0","","0","0","1","0","0","","1645","2","2","2","0","0","2","0","2","0","2","0","0","0","3","03","","N","","","","","","","","","",""
"2021075211","0405","1","0","0","0","0","0","0","0","0","7","0","","67","8","2021","7","39.958063","-75.165675","0405","6","0","0","0","0","0","0","0","0","","0","0","0","4","3","0","","1","1","39 57:29.026","3","3","75 09:56.430","0","0","0","0","67301","0","0","0","N","0","0","0","1","67301","0","","4.0","503.0","1","N","N","N","0","","0","0","0","3","2","Y","400","1","0","0","0","0","0","0","2","0","1","0","0","0","3","","","N","","","","","","","","","",""
"2021072373","1440","3","0","0","0","0","0","0","0","0","5","0","","67","8","2021","3","39.982528","-75.163444","1436","6","0","0","0","0","0","0","0","0","","0","0","0","14","1","1","N","0","0","39 58:57.100","","0","75 09:48.400","3","0","0","0","67301","0","0","0","N","0","0","0","1","67301","0","","6.0","","1","N","N","N","0","","1","0","0","0","0","","1430","3","1","0","0","0","0","0","2","0","3","0","0","0","3","03","","N","","","","","","","","","",""
"2021077468","1610","1","0","0","0","0","0","0","0","0","1","0","","67","8","2021","4","40.118875","-75.01809","1605","6","0","0","0","0","0","0","0","0","","0","0","0","15","1","1","","1","1","40 07:07.949","5","0","75 01:05.123","8","0","0","0","67301","0","0","0","N","0","0","0","2","67301","0","","1.0","1620.0","1","N","N","N","0","","0","0","1","3","2","N","1540","2","1","0","0","0","1","1","2","0","2","0","0","0","3","","","N","","","","","","","","","",""
"2021115649","1201","0","0","0","0","0","0","0","0","0","1","0","","67","10","2021","3","40.011936","-75.06036","1145","6","0","0","0","0","0","0","0","0","","0","0","0","11","1","0","N","0","0","40 00:42.971","","0","75 03:37.296","0","0","0","0","67301","0","0","0","N","0","0","0","3","68K01","0","","1.0","","9","N","N","N","1","","0","0","2","0","0","","1139","3","0","0","0","0","0","0","2","0","3","0","0","0","3","","","N","","","","","","","","","",""
"2021073966","0316","1","0","0","0","0","0","0","0","0","4","0","","67","8","2021","7","39.952788","-75.166871","0313","6","0","0","0","0","0","1","0","0","","0","0","0","3","3","2","","1","2","39 57:10.036","7","0","75 10:00.736","3","0","0","0","67301","0","0","0","N","0","0","0","2","67301","0","","1.0","500.0","1","N","N","N","0","","2","0","1","3","2","Y","310","2","2","0","0","0","0","0","2","0","2","0","0","0","3","","","N","","","","","","","","","",""
"2021123067","0128","1","0","0","0","0","0","0","0","0","4","0","","67","12","2021","3","39.965808","-75.246149","0128","6","0","0","0","0","0","1","0","0","","0","0","0","1","3","2","","1","0","39 57:56.909","","0","75 14:46.136","3","0","0","0","67301","0","0","0","N","0","0","0","2","67301","0","","1.0","","1","N","N","N","1","","2","0","0","3","2","","126","2","2","2","0","0","0","0","2","0","2","0","0","0","3","","","N","","","","","","","","","",""
"2021073863","0248","1","0","0","0","0","0","0","0","0","7","0","","67","8","2021","1","40.037998","-75.088681","0243","6","0","0","0","0","0","0","0","0","","0","0","0","2","3","0","","3","2","40 02:16.791","5","0","75 05:19.252","9","0","0","0","67301","0","0","0","N","0","0","0","1","67301","0","","4.0","500.0","9","N","N","N","0","","0","0","0","3","2","Y","242","1","0","0","0","0","0","1","2","0","1","0","0","0","7","07","","N","","","","","","","","","",""
"2021118101","0908","0","0","0","0","0","0","0","0","0","1","0","","67","11","2021","2","39.957007","-75.180298","0857","6","0","0","0","0","0","0","0","0","","0","0","0","8","1","1","N","0","1","39 57:25.225","4","1","75 10:49.071","2","0","0","0","67301","0","0","0","N","0","0","0","2","68K01","0","","1.0","930.0","1","N","N","N","0","","0","1","1","0","0","N","853","2","1","0","0","0","0","0","2","1","2","0","0","0","3","03","","N","","","","","","","","","",""
"2021073967","0241","1","0","0","0","0","0","0","0","0","7","0","","67","8","2021","1","39.954782","-75.166384","0238","6","0","0","0","0","0","0","0","0","","0","0","0","2","3","0","","5","0","39 57:17.215","","0","75 09:58.983","0","0","0","0","67301","0","0","0","N","0","0","0","2","67301","0","","4.0","","9","N","N","N","0","","0","0","0","3","2","","220","1","0","0","0","0","0","0","2","0","1","0","0","0","7","","","N","","","","","","","","","",""
"2021115901","1700","0","0","0","0","0","0","0","0","0","4","1","","67","11","2021","4","40.025489","-75.125437","1645","6","0","0","0","0","0","0","0","0","","0","1","0","16","4","1","","1","0","40 01:31.761","","0","75 07:31.573","3","0","0","0","67301","0","0","0","N","0","0","0","2","67301","0","","1.0","","1","N","N","N","0","","1","0","1","3","2","","1620","2","1","0","0","0","0","0","2","0","2","0","0","0","3","03","","N","","","","","","","","","",""
"2021073144","2057","1","0","0","0","0","0","0","0","0","8","0","","67","8","2021","5","39.991913","-75.139254","2056","6","0","0","0","0","0","0","0","0","","0","0","0","20","3","1","","1","0","39 59:30.888","","0","75 08:21.316","2","0","0","0","67301","1","0","1","N","1","0","1","2","67301","0","","1.0","","1","N","N","N","0","","0","1","0","9","9","","2055","2","1","0","0","0","0","0","2","0","1","1","0","1","98","98","","N","","","","","","","","","",""
"2021116480","1618","1","0","0","0","0","0","0","0","0","1","0","","67","11","2021","2","40.023211","-75.03424","1618","6","0","0","0","0","0","1","0","0","","0","0","0","16","1","0","N","0","0","40 01:23.561","","0","75 02:03.264","9","0","0","0","67301","0","0","0","N","0","0","0","5","68K01","0","","1.0","","1","N","N","N","0","","0","0","1","0","0","","1618","3","0","0","0","0","0","1","2","0","3","0","0","0","3","","","N","","","","","","","","","",""
"2021071347","1633","1","0","0","0","0","0","0","0","0","1","0","","67","8","2021","1","40.0367","-75.158384","1633","6","0","0","0","0","0","1","0","0","","0","0","0","16","1","1","","1","0","40 02:12.120","","0","75 09:30.184","3","0","0","0","67301","0","0","0","N","0","0","0","3","67301","0","","1.0","","9","N","N","N","0","","1","0","1","3","2","","1625","3","1","0","0","0","0","0","2","0","3","0","0","0","7","","","N","","","","","","","","","",""
"2021116194","0936","1","0","0","0","0","0","0","0","0","1","0","","67","10","2021","3","40.037413","-75.012324","0849","6","0","0","0","1","0","0","0","0","","0","0","0","8","1","0","N","0","0","40 02:14.688","","0","75 00:44.367","0","0","0","0","67301","0","0","0","N","0","0","0","2","68K01","0","","3.0","","1","N","N","N","0","","0","0","1","0","0","","847","2","0","0","0","0","0","0","2","0","2","0","0","0","3","","","N","","","","","","","","","",""
"2021073697","1745","0","0","0","0","0","0","0","0","0","5","0","","67","8","2021","6","39.959519","-75.24748","1737","6","0","0","0","0","0","0","0","0","","0","0","0","17","1","2","N","0","0","39 57:34.267","","0","75 14:50.927","3","0","0","0","67301","0","0","0","N","0","0","0","4","67301","0","","1.0","","1","N","N","N","0","","2","0","2","0","0","","1708","3","2","0","0","0","0","0","2","0","3","0","0","0","3","03","","N","","","","","","","","","",""
"2021117012","1755","1","0","0","0","0","0","0","0","0","7","0","","67","11","2021","5","39.969901","-75.125519","1746","6","0","0","0","0","0","0","0","0","","0","0","0","17","3","0","N","0","0","39 58:11.642","","0","75 07:31.867","0","0","0","0","67301","0","0","0","N","0","0","0","1","68K01","0","","4.0","","1","N","N","N","0","","0","0","0","0","0","","1745","1","0","0","0","0","0","0","2","0","1","0","0","0","3","03","","N","","","","","","","","","",""
"2021073363","1705","1","0","0","0","0","0","0","0","0","2","0","","67","8","2021","5","40.025438","-75.073048","1705","6","0","0","0","0","0","1","0","0","","0","0","0","17","1","3","N","0","1","40 01:31.578","5","0","75 04:22.972","2","0","0","0","67301","0","0","0","N","0","0","0","3","67301","0","","1.0","2040.0","1","N","N","N","1","","2","1","0","0","0","Y","1705","2","3","0","0","0","0","0","2","0","2","0","0","0","3","","","N","","","","","","","","","",""