"CRN","ARRIVAL_TM","AUTOMOBILE_COUNT","BELTED_DEATH_COUNT","BELTED_SUSP_SERIOUS_INJ_COUNT","BICYCLE_COUNT","BICYCLE_DEATH_COUNT","BICYCLE_SUSP_SERIOUS_INJ_COUNT","BUS_COUNT","CHLDPAS_DEATH_COUNT","CHLDPAS_SUSP_SERIOUS_INJ_COUNT","COLLISION_TYPE","COMM_VEH_COUNT","CONS_ZONE_SPD_LIM","COUNTY","CRASH_MONTH","CRASH_YEAR","DAY_OF_WEEK","DEC_LATITUDE","DEC_LONGITUDE","DISPATCH_TM","DISTRICT","DRIVER_COUNT_16YR","DRIVER_COUNT_17YR","DRIVER_COUNT_18YR","DRIVER_COUNT_19YR","DRIVER_COUNT_20YR","DRIVER_COUNT_50_64YR","DRIVER_COUNT_65_74YR","DRIVER_COUNT_75PLUS","EST_HRS_CLOSED","FATAL_COUNT","HEAVY_TRUCK_COUNT","HORSE_BUGGY_COUNT","HOUR_OF_DAY","ILLUMINATION","INJURY_COUNT","INTERSECTION_RELATED","INTERSECT_TYPE","LANE_CLOSED","LATITUDE","LN_CLOSE_DIR","LOCATION_TYPE","LONGITUDE","MAX_SEVERITY_LEVEL","MCYCLE_DEATH_COUNT","MCYCLE_SUSP_SERIOUS_INJ_COUNT","MOTORCYCLE_COUNT","MUNICIPALITY","NONMOTR_COUNT","NONMOTR_DEATH_COUNT","NONMOTR_SUSP_SERIOUS_INJ_COUNT","NTFY_HIWY_MAINT","PED_COUNT","PED_DEATH_COUNT","PED_SUSP_SERIOUS_INJ_COUNT","PERSON_COUNT","POLICE_AGCY","POSSIBLE_INJ_COUNT","RDWY_SURF_TYPE_CD","RELATION_TO_ROAD","ROADWAY_CLEARED","ROAD_CONDITION","SCH_BUS_IND","SCH_ZONE_IND","SECONDARY_CRASH","SMALL_TRUCK_COUNT","SPEC_JURIS_CD","SUSP_MINOR_INJ_COUNT","SUSP_SERIOUS_INJ_COUNT","SUV_COUNT","TCD_FUNC_CD","TCD_TYPE","TFC_DETOUR_IND","TIME_OF_DAY","TOTAL_UNITS","TOT_INJ_COUNT","UNBELTED_OCC_COUNT","UNB_DEATH_COUNT","UNB_SUSP_SERIOUS_INJ_COUNT","UNK_INJ_DEG_COUNT","UNK_INJ_PER_COUNT","URBAN_RURAL","VAN_COUNT","VEHICLE_COUNT","VULNERABLE_ROAD_USER_COUNT","VULNERABLE_ROAD_USER_DEATH_COUNT","VULNERABLE_ROAD_USER_SER_INJ_COUNT","WEATHER1","WEATHER2","WORKERS_PRES","WORK_ZONE_IND","WORK_ZONE_LOC","WORK_ZONE_TYPE","WZ_CLOSE_DETOUR","WZ_FLAGGER","WZ_LAW_OFFCR_IND","WZ_LN_CLOSURE","WZ_MOVING","WZ_OTHER","WZ_SHLDER_MDN","WZ_WORKERS_INJ_KILLED"
"2021075281","2108","1","0","0","0","0","0","0","0","0","4","0","","67","8","2021","7","40.015303","-75.137158","2102","6","0","0","0","0","0","0","0","0","","0","0","0","20","3","3","","1","0","40 00:55.090","","0","75 08:13.768","3","0","0","0","67301","0","0","0","N","0","0","0","4","67301","0","","1.0","","1","N","N","N","0","","3","0","1","3","2","","2059","2","3","0","0","0","0","0","2","0","2","0","0","0","3","03","","N","","","","","","","","","",""
"2021072112","1320","0","0","0","0","0","0","0","0","0","6","0","","67","8","2021","3","40.102008","-74.972064","1318","6","0","0","0","0","0","1","0","0","","0","0","0","13","1","1","N","0","2","40 06:07.230","5","0","74 58:19.430","8","0","0","0","67301","0","0","0","N","0","0","0","1","67301","0","","1.0","1400.0","1","N","N","N","0","","0","0","2","0","0","Y","1316","2","1","0","0","0","1","0","2","0","2","0","0","0","3","03","","N","","","","","","","","","",""
"2021117044","1244","1","0","0","0","0","0","0","0","0","1","0","","67","11","2021","2","39.945224","-75.190711","1244","6","0","0","0","0","0","0","0","0","","0","1","0","12","1","2","N","0","1","39 56:42.806","3","0","75 11:26.561","4","0","0","0","67301","0","0","0","N","0","0","0","2","68K01","2","","1.0","1250.0","1","N","N","N","0","","0","0","0","0","0","N","1243","2","2","0","0","0","0","0","2","0","2","0","0","0","3","","","N","","","","","","","","","",""
"2021116841","0440","1","0","0","0","0","0","0","0","0","7","0","","67","8","2021","6","39.938539","-75.143966","0418","6","0","0","0","0","0","0","0","0","","0","0","0","4","3","0","N","0","0","39 56:18.739","","0","75 08:38.278","9","0","0","0","67301","0","0","0","N","0","0","0","1","68K01","0","","4.0","","1","N","N","N","0","","0","0","0","0","0","","409","1","0","0","0","0","0","1","2","0","1","0","0","0","3","","","N","","","","","","","","","",""
"2021072879","1316","1","0","0","0","0","0","0","0","0","1","0","","67","8","2021","5","39.990764","-75.116211","1316","6","0","0","0","0","0","1","0","0","","0","0","0","12","1","2","N","0","0","39 59:26.750","","0","75 06:58.360","3","0","0","0","67301","0","0","0","N","0","0","0","3","67301","0","","1.0","","1","N","N","N","1","","2","0","1","0","0","","1230","3","2","2","0","0","0","0","2","0","3","0","0","0","3","","","N","","","","","","","","","",""
"2021074143","2258","0","0","0","0","0","0","0","0","0","8","0","","67","8","2021","1","40.023036","-75.137087","2258","6","0","0","0","0","0","0","0","0","","0","0","0","20","3","1","","1","0","40 01:22.930","","0","75 08:13.514","3","0","0","0","67301","1","0","0","N","1","0","0","2","67301","0","","1.0","","1","N","N","N","0","","1","0","0","3","2","","2042","2","1","0","0","0","0","0","2","0","1","1","0","0","3","03","","N","","","","","","","","","",""
"2021072868","1600","1","0","0","0","0","0","0","0","0","4","0","","67","8","2021","2","40.096361","-75.017306","1554","6","0","0","0","0","0","0","0","1","","0","0","0","15","1","1","N","0","0","40 05:46.900","","7","75 01:02.300","3","0","0","0","67301","0","0","0","N","0","0","0","2","67301","0","","1.0","","1","N","N","N","0","","1","0","1","0","0","","1513","2","1","0","0","0","0","0","2","0","2","0","0","0","3","03","","N","","","","","","","","","",""
"2021073856","1540","1","0","0","0","0","0","0","0","0","1","0","","67","8","2021","1","39.942183","-75.235892","1530","6","0","0","0","0","0","0","0","0","","0","0","0","15","1","2","N","0","0","39 56:31.860","","0","75 14:09.210","3","0","0","0","67301","0","0","0","N","0","0","0","6","67301","0","","6.0","","1","N","N","N","1","","2","0","1","0","0","","1530","3","2","0","0","0","0","0","2","0","3","0","0","0","3","03","","N","","","","","","","","","",""
"2021073543","1135","2","0","0","0","0","0","0","0","0","4","0","","67","8","2021","6","40.045593","-75.071436","1133","6","0","1","0","0","0","0","1","0","","0","0","0","11","1","2","","1","0","40 02:44.136","","0","75 04:17.168","4","0","0","0","67301","0","0","0","N","0","0","0","2","67301","2","","1.0","","1","N","N","N","0","","0","0","0","9","2","","1132","2","2","0","0","0","0","0","2","0","2","0","0","0","3","03","","N","","","","","","","","","",""
"2021081393","1120","2","0","0","0","0","0","0","0","0","1","0","","67","7","2021","7","39.958593","-75.167537","1059","6","0","0","0","0","0","0","0","0","","0","0","0","10","1","2","N","0","2","39 57:30.935","4","0","75 10:03.133","4","0","0","0","67301","0","0","0","N","0","0","0","5","68K01","1","","1.0","1220.0","1","N","N","N","0","","0","0","1","0","0","N","1058","3","2","0","0","0","1","0","2","0","3","0","0","0","3","","","N","","","","","","","","","",""
"2021116203","2341","1","0","0","0","0","0","0","0","0","0","0","","67","10","2021","6","39.981225","-75.206849","2331","6","0","0","0","0","0","0","0","0","","0","0","0","23","3","1","N","0","0","39 58:52.409","","0","75 12:24.658","3","0","0","0","67301","0","0","0","N","0","0","0","1","68K01","0","","1.0","","9","N","N","N","0","","1","0","0","0","0","","2326","1","1","1","0","0","0","0","2","0","1","0","0","0","7","","","N","","","","","","","","","",""
"2021105771","","2","0","0","0","0","0","0","0","0","1","0","","67","8","2021","2","40.030139","-75.16475","","6","0","0","0","0","0","0","0","0","","0","0","0","18","1","2","N","0","0","40 01:48.500","","0","75 09:53.100","3","0","0","0","67301","0","0","0","N","0","0","0","3","00000","0","","1.0","","1","N","N","N","0","","2","0","0","0","0","","1800","2","2","0","0","0","0","0","2","0","2","0","0","0","3","","","N","","","","","","","","","",""
"2021071419","0951","0","0","0","0","0","0","0","0","0","4","0","","67","7","2021","6","39.925405","-75.177655","0951","6","0","0","0","0","0","1","0","0","","0","0","0","9","1","2","","1","0","39 55:31.459","","0","75 10:39.557","4","0","0","0","67301","0","0","0","N","0","0","0","3","67301","2","","1.0","","1","N","N","N","0","","0","0","2","3","2","","950","2","2","0","0","0","0","0","2","0","2","0","0","0","3","03","","N","","","","","","","","","",""
"2021071467","0025","2","0","0","0","0","0","0","0","0","1","0","","67","8","2021","1","39.977109","-75.182914","0012","6","0","0","0","0","0","0","0","0","","0","0","0","0","3","1","N","0","1","39 58:37.591","1","0","75 10:58.490","8","0","0","0","67301","0","0","0","N","0","0","0","2","67301","0","","1.0","128.0","1","N","N","N","0","","0","0","1","0","0","Y","10","4","1","0","0","0","1","1","2","1","4","0","0","0","3","03","","N","","","","","","","","","",""
"2021071000","2045","0","0","0","0","0","0","0","0","0","8","0","","67","7","2021","6","40.037041","-75.076532","2021","6","0","0","0","0","0","0","0","0","","0","0","0","19","3","1","","1","0","40 02:13.347","","0","75 04:35.515","3","0","0","0","67301","1","0","0","N","1","0","0","2","67301","0","","1.0","","1","N","N","N","0","","1","0","1","3","3","","1945","2","1","0","0","0","0","0","2","0","1","1","0","0","3","03","","N","","","","","","","","","",""
"2021074990","1748","1","0","0","0","0","0","0","0","0","7","0","","67","8","2021","7","39.905414","-75.223924","1748","6","0","0","0","0","0","0","0","0","","0","0","0","14","1","2","N","0","0","39 54:19.492","","0","75 13:26.128","3","0","0","0","67301","0","0","0","N","0","0","0","2","67301","0","","9.0","","1","N","N","N","0","","2","0","0","0","0","","1422","1","2","0","0","0","0","0","2","0","1","0","0","0","3","03","","N","","","","","","","","","",""
"2021116193","0620","1","0","0","0","0","0","0","0","0","1","0","","67","10","2021","3","39.929825","-75.146159","0612","6","0","0","0","0","0","2","0","0","","0","1","0","6","3","1","N","0","0","39 55:47.369","","0","75 08:46.172","3","0","0","0","67301","0","0","0","N","0","0","0","2","68K01","0","","1.0","","9","N","N","Y","0","","1","0","0","0","0","","605","2","1","0","0","0","0","0","2","0","2","0","0","0","7","07","","N","","","","","","","","","",""
"2021073687","1723","1","0","0","0","0","0","0","0","0","4","0","","67","8","2021","6","39.977974","-75.152589","1715","6","0","0","0","0","0","0","0","0","","0","0","0","17","1","1","","1","0","39 58:40.705","","0","75 09:09.321","3","0","0","0","67301","0","0","0","N","0","0","0","2","67301","0","","1.0","","1","N","N","N","0","","1","0","1","3","2","","1715","2","1","2","0","0","0","0","2","0","2","0","0","0","3","03","","N","","","","","","","","","",""
"2021071815","0458","0","0","0","0","0","0","0","0","0","8","0","","67","8","2021","3","39.984562","-75.156659","0455","6","0","0","0","0","0","1","0","0","","0","0","0","4","3","1","N","0","2","39 59:04.423","5","0","75 09:23.973","2","0","0","0","67301","1","0","1","N","1","0","1","2","67505","0","","1.0","455.0","1","N","N","N","1","","0","1","0","0","0","Y","450","2","1","0","0","0","0","0","2","0","1","1","0","1","4","03","","N","","","","","","","","","",""
"2021115488","0043","1","0","0","0","0","0","0","0","0","8","0","","67","11","2021","6","40.018002","-75.149228","0043","6","0","0","0","0","0","0","0","0","","0","0","0","0","3","1","","1","0","40 01:04.807","","0","75 08:57.222","3","0","0","0","67301","1","0","0","N","1","0","0","2","67301","0","","1.0","","9","N","N","N","0","","1","0","0","3","2","","8","2","1","0","0","0","0","0","2","0","1","1","0","0","7","07","","N","","","","","","","","","",""
"2021078344","0049","0","0","0","0","0","0","0","0","0","1","0","","67","8","2021","1","40.012638","-75.160979","0044","6","0","0","0","0","0","0","1","0","","0","0","0","0","3","2","","1","1","40 00:45.495","6","0","75 09:39.526","3","0","0","0","67301","0","0","0","N","0","0","0","5","67301","0","","1.0","110.0","1","N","N","N","0","","2","0","2","3","2","N","43","2","2","1","0","0","0","1","2","0","2","0","0","0","3","","","N","","","","","","","","","",""
"2021118118","1438","2","0","0","0","0","0","0","0","0","7","0","","67","11","2021","4","39.958188","-75.165175","1431","6","0","0","0","0","0","1","1","0","","0","0","0","14","1","1","N","0","2","39 57:29.477","3","0","75 09:54.630","3","0","0","0","67301","0","0","0","N","0","0","0","4","68K01","0","","3.0","1510.0","1","N","N","N","0","","1","0","0","0","0","N","1429","2","1","0","0","0","0","0","2","0","2","0","0","0","3","","","N","","","","","","","","","",""
"2021090688","0037","2","0","0","0","0","0","0","0","0","1","0","","67","8","2021","1","39.978627","-75.110403","0016","6","0","0","0","0","1","0","0","0","","0","0","0","0","3","1","N","0","2","39 58:43.058","2","0","75 06:37.451","3","0","0","0","67301","0","0","0","N","0","0","0","3","68K01","0","","1.0","40.0","1","N","N","N","0","","1","0","1","0","0","N","13","3","1","0","0","0","0","0","2","0","3","0","0","0","3","03","","N","","","","","","","","","",""
"2021073074","0546","1","0","0","0","0","0","0","0","0","1","0","","67","8","2021","5","39.955986","-75.217603","0544","6","0","0","0","0","1","0","0","0","","0","0","0","5","3","0","","1","0","39 57:21.549","","0","75 13:03.370","9","0","0","0","67301","0","0","0","N","0","0","0","3","67301","0","","1.0","","1","N","N","N","0","","0","0","0","3","2","","540","2","0","0","0","0","0","1","2","1","2","0","0","0","3","","","N","","","","","","","","","",""
"2021073424","0739","1","0","0","0","0","0","0","0","0","5","0","","67","8","2021","5","40.060572","-75.186694","0732","6","0","0","0","0","0","0","0","0","","0","0","0","23","3","1","N","0","0","40 03:38.060","","0","75 11:12.100","3","0","0","0","67301","0","0","0","N","0","0","0","1","67301","0","","6.0","","1","N","N","N","0","","1","0","1","0","0","","2330","2","1","0","0","0","0","0","2","0","2","0","0","0","3","","","N","","","","","","","","","",""
"2021081569","1422","2","0","0","0","0","0","0","0","0","5","0","45","67","8","2021","3","39.997806","-75.081696","1421","6","0","0","0","0","0","1","0","0","","0","0","0","14","1","0","N","0","1","39 59:52.103","2","0","75 04:54.104","0","0","0","0","67301","0","0","0","N","0","0","0","2","68K01","0","","1.0","30.0","1","N","N","N","0","","0","0","0","0","0","N","1418","2","0","1","0","0","0","0","2","0","2","0","0","0","4","","N","Y","4","1","","","N","","","","Y","N"
"2021072481","1743","3","0","0","0","0","0","0","0","0","4","0","","67","8","2021","3","39.943169","-75.229562","1742","6","0","0","0","0","0","0","0","0","","0","0","0","17","1","2","","1","0","39 56:35.408","","0","75 13:46.423","3","0","0","0","67301","0","0","0","N","0","0","0","3","67301","0","","1.0","","1","N","N","N","1","","2","0","1","3","3","","1738","5","2","0","0","0","0","0","2","0","5","0","0","0","3","03","","N","","","","","","","","","",""
"2021116198","1357","1","0","0","0","0","0","0","0","0","7","0","","67","10","2021","5","39.893283","-75.196436","1332","6","0","0","0","0","0","0","0","0","","0","0","0","13","1","1","N","0","2","39 53:35.819","2","0","75 11:47.168","8","0","0","0","67301","0","0","0","N","0","0","0","1","68K01","0","","2.0","1601.0","1","N","N","N","0","","0","0","0","3","8","Y","1332","1","1","0","0","0","1","0","2","0","1","0","0","0","3","","","N","","","","","","","","","",""
"2021072480","1749","1","0","0","0","0","0","0","0","0","4","0","","67","8","2021","3","39.942218","-75.230936","1749","6","0","0","0","0","0","1","0","0","","0","0","0","17","1","0","","1","0","39 56:31.984","","0","75 13:51.369","9","0","0","0","67301","0","0","0","N","0","0","0","3","67301","0","","1.0","","1","N","N","Y","0","","0","0","1","3","3","","1745","3","0","1","0","0","0","1","2","1","3","0","0","0","3","","","N","","","","","","","","","",""
"2021114995","0239","1","0","0","0","0","0","0","0","0","4","0","","67","11","2021","5","40.006188","-75.151929","0237","6","0","0","0","0","0","0","0","0","","1","0","0","2","3","0","","1","2","40 00:22.276","1","0","75 09:06.943","1","1","0","1","67301","0","0","0","N","0","0","0","3","67505","0","2","1.0","400.0","1","N","N","N","0","0","0","0","0","3","2","Y","237","2","0","0","0","0","0","0","2","0","2","0","0","0","3","","","N","","","","","","","","","",""
"2021117737","0456","0","0","0","0","0","0","0","0","0","1","0","","67","11","2021","7","40.036258","-75.015377","0444","6","0","0","0","0","0","0","0","0","","0","0","0","4","3","1","N","0","1","40 02:10.527","1","0","75 00:55.357","8","0","0","0","67301","0","0","0","N","0","0","0","2","68K01","0","","1.0","545.0","1","N","N","N","2","","0","0","1","0","0","N","439","3","1","1","0","0","1","0","2","0","3","0","0","0","3","","","N","","","","","","","","","",""
"2021072675","2307","1","0","0","0","0","0","0","0","0","4","0","","67","8","2021","5","39.986404","-75.169612","2304","6","0","0","0","0","0","0","0","0","","0","0","0","23","3","0","","1","0","39 59:11.054","","0","75 10:10.603","9","0","0","0","67301","0","0","0","N","0","0","0","3","67301","0","","1.0","","1","N","N","N","0","","0","0","1","3","2","","2303","2","0","0","0","0","0","3","2","0","2","0","0","0","3","","","N","","","","","","","","","",""
"2021072456","0854","2","0","2","0","0","0","0","0","0","4","0","","67","8","2021","4","39.985802","-75.215608","0853","6","0","0","0","0","0","1","1","0","","0","0","0","8","1","2","","1","1","39 59:08.888","5","0","75 12:56.190","2","0","0","0","67301","0","0","0","N","0","0","0","2","67301","0","","1.0","1130.0","1","N","N","N","0","","0","2","0","3","2","Y","853","2","2","0","0","0","0","0","2","0","2","0","0","0","3","","","N","","","","","","","","","",""
"2021073594","0140","0","0","0","0","0","0","0","0","0","1","0","","67","8","2021","4","39.953111","-75.181921","0124","6","0","0","0","0","0","0","0","0","","0","0","0","1","3","0","","5","0","39 57:11.198","","2","75 10:54.916","0","0","0","0","67301","0","0","0","N","0","0","0","2","67301","0","","1.0","","1","N","N","N","0","","0","0","1","3","2","","123","2","0","1","0","0","0","0","2","1","2","0","0","0","3","03","","N","","","","","","","","","",""
"2021073031","0135","2","0","0","0","0","0","0","0","0","4","0","","67","8","2021","5","39.922772","-75.235675","0132","6","0","0","0","0","0","0","0","0","","0","0","0","23","3","1","","1","0","39 55:21.979","","0","75 14:08.429","2","0","0","0","67301","0","0","0","N","0","0","0","3","67301","0","","1.0","","1","N","N","N","1","","0","1","1","3","2","","2355","4","1","0","0","0","0","2","2","0","4","0","0","0","3","03","","N","","","","","","","","","",""
"2021073667","2027","1","0","0","0","0","0","0","0","0","5","0","","67","8","2021","7","39.964028","-75.167639","2025","6","0","0","0","0","0","0","0","0","","0","0","0","20","3","0","N","0","1","39 57:50.500","1","0","75 10:03.500","0","0","0","0","67301","0","0","0","N","0","0","0","1","67301","0","","6.0","2050.0","1","N","N","N","0","","0","0","1","0","0","Y","2025","2","0","0","0","0","0","0","2","0","2","0","0","0","3","03","","N","","","","","","","","","",""
"2021076377","0033","0","0","0","0","0","0","0","0","0","0","0","","67","7","2021","7","39.981098","-75.206698","0027","6","0","0","0","0","0","0","0","0","","0","0","0","0","3","1","N","0","0","39 58:51.952","","0","75 12:24.114","8","0","0","1","67301","0","0","0","N","0","0","0","1","68K01","0","","1.0","","1","N","N","N","0","","0","0","0","0","0","","24","1","1","0","0","0","1","0","2","0","1","0","0","0","3","","","N","","","","","","","","","",""
"2021073354","1303","2","0","0","0","0","0","0","0","0","4","0","","67","8","2021","2","39.921528","-75.187111","1303","6","0","0","0","0","0","0","0","0","","0","0","0","13","1","2","N","0","0","39 55:17.500","","7","75 11:13.600","4","0","0","0","67301","0","0","0","N","0","0","0","5","67301","2","","1.0","","1","N","N","N","0","","0","0","0","3","3","","1303","2","2","0","0","0","0","0","2","0","2","0","0","0","3","03","","N","","","","","","","","","",""
"2021116583","2310","0","0","0","0","0","0","0","0","0","6","1","","67","11","2021","2","40.036689","-75.157417","2305","6","0","0","0","0","0","1","0","0","","0","1","0","22","3","1","N","0","0","40 02:12.080","","0","75 09:26.700","8","0","0","0","67301","0","0","0","N","0","0","0","2","67301","0","","1.0","","1","N","N","N","0","","0","0","1","0","0","","2245","2","1","0","0","0","1","0","2","0","2","0","0","0","3","","","N","","","","","","","","","",""
"2021114749","0354","0","0","0","0","0","0","0","0","0","7","0","","67","11","2021","7","39.985729","-75.093045","0316","6","0","0","0","0","0","0","0","0","","0","0","0","3","3","0","N","0","1","39 59:08.625","1","0","75 05:34.961","0","0","0","0","67301","0","0","0","N","0","0","0","1","68K01","0","","3.0","355.0","1","N","N","N","0","","0","0","1","0","0","N","316","1","0","0","0","0","0","0","2","0","1","0","0","0","3","","","N","","","","","","","","","",""
"2021079606","0153","0","0","0","0","0","0","0","0","0","6","0","","67","8","2021","6","39.980538","-75.198043","0142","6","0","0","0","0","0","0","0","0","","0","0","0","23","3","2","","2","0","39 58:49.935","","0","75 11:52.955","8","0","0","0","67301","0","0","0","N","0","0","0","3","67301","0","","1.0","","1","N","N","N","0","","0","0","2","3","2","","2338","2","2","0","0","0","2","1","2","0","2","0","0","0","3","","","N","","","","","","","","","",""
"2021105379","","1","0","0","0","0","0","0","0","0","1","0","","67","8","2021","1","39.91875","-75.209528","","6","0","0","0","0","0","0","0","0","","0","0","0","2","3","1","N","0","0","39 55:07.500","","0","75 12:34.300","8","0","0","0","67301","0","0","0","N","0","0","0","2","00000","0","","1.0","","1","N","N","N","0","","0","0","1","0","0","","200","2","1","1","0","0","1","0","2","0","2","0","0","0","3","","","N","","","","","","","","","",""
"2021117940","0358","1","0","0","0","0","0","0","0","0","7","0","","67","12","2021","6","39.948147","-75.152614","0358","6","0","0","0","0","0","0","0","0","","0","0","0","3","3","0","N","0","0","39 56:53.330","","0","75 09:09.410","0","0","0","0","67301","0","0","0","N","0","0","0","1","67301","0","","5.0","","1","N","N","N","0","","0","0","0","0","0","","330","1","0","0","0","0","0","0","2","0","1","0","0","0","3","03","","N","","","","","","","","","",""
"2021118089","0615","0","0","0","0","0","0","0","0","0","1","0","45","67","11","2021","4","39.980089","-75.105864","0603","6","0","0","0","0","0","1","0","0","","0","0","0","6","5","1","N","0","0","39 58:48.322","","0","75 06:21.111","3","0","0","0","67301","0","0","0","N","0","0","0","2","68K01","0","","1.0","","1","N","N","N","0","","1","0","2","0","0","","601","2","1","0","0","0","0","0","2","0","2","0","0","0","3","","Y","Y","4","1","N","N","N","N","N","N","Y","N"
"2021071794","2248","0","0","0","0","0","0","0","0","0","4","0","","67","8","2021","2","40.026801","-75.097355","2232","6","0","0","0","0","0","0","0","0","","0","0","0","22","3","0","","1","0","40 01:36.484","","0","75 05:50.479","0","0","0","0","67301","0","0","0","N","0","0","0","3","67301","0","","1.0","","1","N","N","N","1","","0","0","1","3","2","","2225","2","0","0","0","0","0","0","2","0","2","0","0","0","3","03","","N","","","","","","","","","",""
"2021071119","0320","3","0","0","0","0","0","0","0","0","1","0","","67","7","2021","7","40.02533","-75.181301","0315","6","0","0","0","0","0","0","0","0","","0","0","0","3","3","0","N","0","2","40 01:31.187","5","0","75 10:52.684","0","0","0","0","67301","0","0","0","N","0","0","0","2","67301","0","","6.0","400.0","1","N","N","N","0","","0","0","1","0","0","N","300","4","0","0","0","0","0","0","2","0","4","0","0","0","3","03","","N","","","","","","","","","",""
"2021072869","0905","1","0","0","0","0","0","0","0","0","1","0","","67","8","2021","3","40.119742","-75.008892","0858","6","0","0","0","0","0","0","1","0","","0","0","0","8","1","1","Y","0","0","40 07:11.070","","0","75 00:32.010","3","0","0","0","67301","0","0","0","N","0","0","0","3","67301","0","","1.0","","1","N","N","N","1","","1","0","1","3","2","","856","3","1","0","0","0","0","0","2","0","3","0","0","0","3","","","N","","","","","","","","","",""
"2021074790","2335","0","0","0","0","0","0","0","0","0","1","0","","67","8","2021","6","39.959679","-75.176261","2325","6","0","0","0","0","0","0","0","0","","0","0","0","23","3","0","N","0","1","39 57:34.845","4","0","75 10:34.540","0","0","0","0","67301","0","0","0","N","0","0","0","3","68K01","0","","1.0","2340.0","1","N","N","N","1","","0","0","1","0","0","Y","2321","2","0","0","0","0","0","0","2","0","2","0","0","0","3","","","N","","","","","","","","","",""
"2021073462","1525","2","0","0","0","0","0","0","0","0","4","0","","67","7","2021","7","40.024559","-75.130612","1522","6","0","0","0","0","0","1","0","0","","0","0","0","15","1","0","","1","0","40 01:28.411","","0","75 07:50.204","0","0","0","0","67301","0","0","0","N","0","0","0","2","67301","0","","1.0","","1","N","N","N","0","","0","0","0","3","2","","1513","2","0","0","0","0","0","0","2","0","2","0","0","0","3","03","","N","","","","","","","","","",""
"2021071088","0035","1","0","0","0","0","0","0","0","0","1","0","","67","7","2021","7","39.97191","-75.23601","0033","6","0","0","0","0","0","0","0","0","","0","0","0","0","3","2","","1","2","39 58:18.876","6","0","75 14:09.635","3","0","0","0","67301","0","0","0","N","0","0","0","3","67301","0","","1.0","400.0","1","N","N","N","0","","1","0","3","3","3","Y","33","4","2","0","0","0","1","0","2","0","4","0","0","0","3","","","N","","","","","","","","","",""
"2021087226","2253","3","0","0","0","0","0","0","0","0","5","0","","67","8","2021","7","39.999797","-75.195054","2243","6","0","0","0","0","0","0","0","0","","0","0","0","22","3","1","N","0","2","39 59:59.269","4","0","75 11:42.195","3","0","0","0","67301","0","0","0","N","0","0","0","4","68K01","0","","1.0","1110.0","1","N","N","N","0","","1","0","0","0","0","N","2234","3","1","0","0","0","0","0","2","0","3","0","0","0","3","","","N","","","","","","","","","",""
"2021074038","1654","1","0","0","0","0","0","0","0","0","7","0","","67","8","2021","7","39.980812","-75.198483","1652","6","0","0","0","1","0","0","0","0","","0","0","0","16","1","2","N","0","0","39 58:50.922","","0","75 11:54.537","3","0","0","0","67301","0","0","0","N","0","0","0","2","67301","0","","5.0","","1","N","N","N","0","","2","0","0","0","0","","1650","1","2","0","0","0","0","0","2","0","1","0","0","0","4","04","","N","","","","","","","","","",""
"2021074142","1715","0","0","0","0","0","0","0","0","0","8","0","","67","8","2021","7","40.033894","-75.142789","1709","6","0","0","0","0","0","0","0","0","","0","0","0","14","1","1","N","0","0","40 02:02.020","","0","75 08:34.040","3","0","0","0","67301","1","0","0","N","1","0","0","2","67301","0","","6.0","","1","N","N","N","0","","1","0","0","0","0","","1400","2","1","0","0","0","0","0","2","1","1","1","0","0","3","03","","N","","","","","","","","","",""
"2021074020","0015","1","0","0","0","0","0","0","0","0","7","0","","67","8","2021","7","39.958407","-75.211783","2358","6","0","0","0","0","0","0","0","0","","0","0","0","23","3","0","N","0","0","39 57:30.265","","0","75 12:42.417","0","0","0","0","67301","0","0","0","N","0","0","0","1","67301","0","","4.0","","9","N","N","N","0","","0","0","0","0","0","","2354","1","0","0","0","0","0","0","2","0","1","0","0","0","7","","","N","","","","","","","","","",""
"2021109579","1435","0","0","0","0","0","0","0","0","0","0","0","","67","10","2021","1","39.878058","-75.253915","1432","6","0","0","0","0","0","1","0","0","","0","0","0","14","1","1","N","0","2","39 52:41.009","2","2","75 15:14.095","8","0","0","1","67301","0","0","0","N","0","0","0","1","68K01","0","","4.0","1440.0","1","N","N","N","0","","0","0","0","0","0","N","1404","1","1","0","0","0","1","0","2","0","1","0","0","0","3","03","","N","","","","","","","","","",""
"2021052299","0438","4","0","0","0","0","0","0","0","0","6","0","","67","6","2021","2","40.027653","-75.143342","0436","6","0","0","0","0","0","0","0","0","","0","0","0","4","3","0","N","0","1","40 01:39.550","1","0","75 08:36.030","0","0","0","0","67301","0","0","0","N","0","0","0","1","67301","0","","6.0","545.0","1","N","N","N","0","","0","0","0","0","0","N","430","4","0","0","0","0","0","0","2","0","4","0","0","0","3","","","N","","","","","","","","","",""
"2021072755","0126","2","0","0","0","0","0","0","0","0","5","0","","67","8","2021","5","39.928744","-75.239497","0126","6","0","0","0","1","0","0","0","0","","0","0","0","1","3","0","N","0","0","39 55:43.478","","0","75 14:22.189","9","0","0","0","67301","0","0","0","N","0","0","0","1","67301","0","","6.0","","1","N","N","N","0","","0","0","0","0","0","","125","2","0","0","0","0","0","1","2","0","2","0","0","0","3","03","","N","","","","","","","","","",""
"2021114711","2001","0","0","0","1","1","0","0","0","0","8","0","","67","11","2021","2","39.970916","-75.214931","2000","6","0","0","0","0","0","0","0","0","","1","0","0","20","3","1","N","0","0","39 58:15.297","","0","75 12:53.751","1","0","0","0","67301","1","1","0","N","0","0","0","3","67301","0","2","2.0","","1","N","N","N","0","0","1","0","1","0","0","","2000","2","1","0","0","0","0","0","2","0","1","1","1","0","3","03","","N","","","","","","","","","",""