"CRN","ARRIVAL_TM","AUTOMOBILE_COUNT","BELTED_DEATH_COUNT","BELTED_SUSP_SERIOUS_INJ_COUNT","BICYCLE_COUNT","BICYCLE_DEATH_COUNT","BICYCLE_SUSP_SERIOUS_INJ_COUNT","BUS_COUNT","CHLDPAS_DEATH_COUNT","CHLDPAS_SUSP_SERIOUS_INJ_COUNT","COLLISION_TYPE","COMM_VEH_COUNT","CONS_ZONE_SPD_LIM","COUNTY","CRASH_MONTH","CRASH_YEAR","DAY_OF_WEEK","DEC_LATITUDE","DEC_LONGITUDE","DISPATCH_TM","DISTRICT","DRIVER_COUNT_16YR","DRIVER_COUNT_17YR","DRIVER_COUNT_18YR","DRIVER_COUNT_19YR","DRIVER_COUNT_20YR","DRIVER_COUNT_50_64YR","DRIVER_COUNT_65_74YR","DRIVER_COUNT_75PLUS","EST_HRS_CLOSED","FATAL_COUNT","HEAVY_TRUCK_COUNT","HORSE_BUGGY_COUNT","HOUR_OF_DAY","ILLUMINATION","INJURY_COUNT","INTERSECTION_RELATED","INTERSECT_TYPE","LANE_CLOSED","LATITUDE","LN_CLOSE_DIR","LOCATION_TYPE","LONGITUDE","MAX_SEVERITY_LEVEL","MCYCLE_DEATH_COUNT","MCYCLE_SUSP_SERIOUS_INJ_COUNT","MOTORCYCLE_COUNT","MUNICIPALITY","NONMOTR_COUNT","NONMOTR_DEATH_COUNT","NONMOTR_SUSP_SERIOUS_INJ_COUNT","NTFY_HIWY_MAINT","PED_COUNT","PED_DEATH_COUNT","PED_SUSP_SERIOUS_INJ_COUNT","PERSON_COUNT","POLICE_AGCY","POSSIBLE_INJ_COUNT","RDWY_SURF_TYPE_CD","RELATION_TO_ROAD","ROADWAY_CLEARED","ROAD_CONDITION","SCH_BUS_IND","SCH_ZONE_IND","SECONDARY_CRASH","SMALL_TRUCK_COUNT","SPEC_JURIS_CD","SUSP_MINOR_INJ_COUNT","SUSP_SERIOUS_INJ_COUNT","SUV_COUNT","TCD_FUNC_CD","TCD_TYPE","TFC_DETOUR_IND","TIME_OF_DAY","TOTAL_UNITS","TOT_INJ_COUNT","UNBELTED_OCC_COUNT","UNB_DEATH_COUNT","UNB_SUSP_SERIOUS_INJ_COUNT","UNK_INJ_DEG_COUNT","UNK_INJ_PER_COUNT","URBAN_RURAL","VAN_COUNT","VEHICLE_COUNT","VULNERABLE_ROAD_USER_COUNT","VULNERABLE_ROAD_USER_DEATH_COUNT","VULNERABLE_ROAD_USER_SER_INJ_COUNT","WEATHER1","WEATHER2","WORKERS_PRES","WORK_ZONE_IND","WORK_ZONE_LOC","WORK_ZONE_TYPE","WZ_CLOSE_DETOUR","WZ_FLAGGER","WZ_LAW_OFFCR_IND","WZ_LN_CLOSURE","WZ_MOVING","WZ_OTHER","WZ_SHLDER_MDN","WZ_WORKERS_INJ_KILLED"
"2021073566","0248","1","0","0","0","0","0","0","0","0","5","0","","67","8","2021","6","40.088472","-74.982444","0248","6","0","0","0","0","0","0","0","0","","0","0","0","2","3","1","N","0","0","40 05:18.500","","0","74 58:56.800","3","0","0","0","67301","0","0","0","N","0","0","0","1","67301","0","","6.0","","1","N","N","N","0","","1","0","2","0","0","","238","3","1","1","0","0","0","0","2","0","3","0","0","0","3","03","","N","","","","","","","","","",""
"2021117808","1657","0","0","0","0","0","0","0","0","0","5","0","","67","12","2021","5","39.928617","-75.229995","1657","6","0","0","0","0","0","1","0","0","","0","0","0","16","3","0","N","0","0","39 55:43.021","","0","75 13:47.981","0","0","0","0","67301","0","0","0","N","0","0","0","1","67301","0","","9.0","","1","N","N","N","0","","0","0","2","0","0","","1655","2","0","0","0","0","0","0","2","0","2","0","0","0","3","03","","N","","","","","","","","","",""
"2021072492","1715","0","0","0","1","0","0","0","0","0","8","0","","67","8","2021","3","39.936214","-75.161694","1703","6","0","0","0","0","0","0","0","0","","0","0","0","16","1","1","N","0","0","39 56:10.370","","7","75 09:42.100","3","0","0","0","67301","1","0","0","N","0","0","0","2","67301","0","","1.0","","1","N","N","N","0","","1","0","1","0","0","","1655","2","1","1","0","0","0","0","2","0","1","1","0","0","3","03","","N","","","","","","","","","",""
"2021074750","2133","4","0","0","0","0","0","0","0","0","1","0","","67","8","2021","1","39.957054","-75.235742","2128","6","0","0","0","0","0","0","0","0","","0","0","0","21","3","1","","1","0","39 57:25.394","","0","75 14:08.671","3","0","0","0","67301","0","0","0","N","0","0","0","2","67301","0","","1.0","","1","N","N","N","0","","1","0","0","3","3","","2127","4","1","0","0","0","0","0","2","0","4","0","0","0","3","","","N","","","","","","","","","",""
"2021117697","1600","1","0","0","0","0","0","0","0","0","1","0","","67","11","2021","2","39.946593","-75.246258","1600","6","0","0","0","0","0","0","0","0","","0","0","0","20","3","1","N","0","0","39 56:47.734","","0","75 14:46.527","8","0","0","0","67301","0","0","0","N","0","0","0","2","67301","0","","6.0","","99","N","N","N","0","","0","0","0","0","0","","2000","2","1","0","0","0","1","1","2","0","2","0","0","0","99","","","N","","","","","","","","","",""
"2021071373","0250","1","0","0","0","0","0","0","0","0","4","0","","67","8","2021","1","39.897531","-75.252476","0250","6","0","0","0","0","0","1","0","0","","0","0","0","2","3","2","","1","0","39 53:51.111","","0","75 15:08.912","3","0","0","0","67301","0","0","0","N","0","0","0","3","67301","0","","1.0","","1","N","N","N","0","","2","0","1","3","2","","239","2","2","0","0","0","0","0","2","0","2","0","0","0","3","03","","N","","","","","","","","","",""
"2021118085","1905","2","0","0","0","0","0","0","0","0","1","0","","67","11","2021","3","39.968291","-75.129866","1754","6","0","0","0","0","0","0","0","0","","0","0","0","17","3","1","N","0","2","39 58:05.847","2","0","75 07:47.516","3","0","0","0","67301","0","0","0","N","0","0","0","2","68K01","0","","1.0","1920.0","1","N","N","N","0","","1","0","0","0","0","N","1752","2","1","0","0","0","0","0","2","0","2","0","0","0","3","03","","N","","","","","","","","","",""
"2021073593","1616","1","0","0","0","0","0","0","0","0","5","0","","67","8","2021","7","39.948182","-75.154864","1615","6","0","0","0","0","0","0","0","0","","0","0","0","15","1","1","N","0","0","39 56:53.454","","0","75 09:17.511","3","0","0","1","67301","0","0","0","N","0","0","0","2","67301","0","","1.0","","1","N","N","N","0","","1","0","0","0","0","","1531","2","1","0","0","0","0","0","2","0","2","0","0","0","3","03","","N","","","","","","","","","",""
"2021071374","1640","0","0","0","0","0","0","0","0","0","8","0","","67","7","2021","7","39.995392","-75.121239","1638","6","0","0","0","0","0","0","0","0","","0","0","0","16","1","1","N","0","2","39 59:43.410","2","0","75 07:16.460","2","0","0","1","67301","1","0","1","N","1","0","1","2","67301","0","","1.0","1745.0","1","N","N","N","0","","0","1","0","0","0","Y","1635","2","1","0","0","0","0","0","2","0","1","1","0","1","3","03","","N","","","","","","","","","",""
"2021105749","","1","0","0","0","0","0","0","0","0","4","0","","67","8","2021","7","40.023167","-75.124407","","6","0","0","0","0","0","0","0","0","","0","0","0","13","1","1","","1","0","40 01:23.401","","0","75 07:27.865","8","0","0","0","67301","0","0","0","N","0","0","0","2","00000","0","","1.0","","1","N","N","N","0","","0","0","1","3","3","","1300","2","1","0","0","0","1","0","2","0","2","0","0","0","3","","","N","","","","","","","","","",""
"2021115876","1210","0","0","0","0","0","0","0","0","0","2","0","","67","11","2021","1","40.054244","-75.160451","1205","6","0","0","0","0","0","1","0","0","","0","0","0","12","1","2","","2","0","40 03:15.278","","0","75 09:37.624","3","0","0","0","67301","0","0","0","N","0","0","0","3","67301","0","","1.0","","1","N","N","N","0","","2","0","2","0","0","","1201","2","2","0","0","0","0","0","2","0","2","0","0","0","3","","","N","","","","","","","","","",""
"2021118092","1331","1","0","0","0","0","0","0","0","0","7","0","","67","11","2021","5","39.93678","-75.1992","1308","6","0","0","0","0","0","0","0","0","","0","0","0","12","1","1","N","0","1","39 56:12.408","4","0","75 11:57.119","3","0","0","0","67301","0","0","0","N","0","0","0","1","68K01","0","","7.0","1315.0","1","N","N","N","0","","1","0","0","0","0","Y","1231","1","1","0","0","0","0","0","2","0","1","0","0","0","3","","","N","","","","","","","","","",""
"2021116381","1506","1","0","0","0","0","0","0","0","0","4","0","","67","11","2021","2","39.996447","-75.109796","1506","6","0","0","0","0","0","0","0","0","","0","0","0","5","3","0","","1","9","39 59:47.209","","0","75 06:35.265","0","0","0","0","67301","0","0","0","N","0","0","0","1","67301","0","","1.0","","99","N","N","N","0","","0","0","0","3","3","U","550","2","0","0","0","0","0","0","2","0","2","0","0","0","99","","","N","","","","","","","","","",""
"2021071884","1933","1","0","0","0","0","0","0","0","0","4","0","","67","8","2021","2","40.059359","-75.15115","1933","6","0","0","0","0","0","0","0","0","","0","0","0","19","1","2","","1","0","40 03:33.692","","0","75 09:04.139","2","0","0","0","67301","0","0","0","N","0","0","0","2","67301","1","","1.0","","1","N","N","N","0","","0","1","2","3","3","","1928","3","2","0","0","0","0","0","2","0","3","0","0","0","3","","","N","","","","","","","","","",""
"2021075259","1307","1","0","1","0","0","0","0","0","0","4","0","","67","8","2021","6","39.957931","-75.164145","1258","6","0","0","0","0","1","0","0","0","","0","0","0","12","1","1","","5","2","39 57:28.550","3","2","75 09:50.921","2","0","0","0","67301","0","0","0","N","0","0","0","2","67301","0","","1.0","125.0","1","N","N","N","0","","0","1","1","3","2","Y","1245","2","1","0","0","0","0","0","2","0","2","0","0","0","3","03","","N","","","","","","","","","",""
"2021104846","","1","0","0","0","0","0","0","0","0","4","0","","67","6","2021","2","40.005843","-75.096428","","6","0","0","0","0","0","0","0","0","","0","0","0","22","3","1","","1","0","40 00:21.036","","1","75 05:47.139","8","0","0","0","67301","0","0","0","N","0","0","0","3","00000","0","","1.0","","9","N","N","N","0","","0","0","1","3","2","","2250","2","1","0","0","0","1","0","2","0","2","0","0","0","7","","","N","","","","","","","","","",""
"2021105328","","2","0","0","0","0","0","0","0","0","4","0","","67","6","2021","6","40.032893","-75.177728","","6","0","0","0","0","0","1","0","0","","0","0","0","12","1","1","","1","0","40 01:58.414","","0","75 10:39.820","3","0","0","0","67301","0","0","0","N","0","0","0","2","00000","0","","1.0","","9","N","N","N","0","","1","0","0","3","2","","1200","2","1","0","0","0","0","0","2","0","2","0","0","0","7","","","N","","","","","","","","","",""
"2021072455","1510","1","0","0","0","0","0","0","0","0","8","0","","67","8","2021","3","40.019889","-75.091403","1459","6","0","0","0","0","0","1","0","0","","0","0","0","14","1","1","N","0","0","40 01:11.600","","0","75 05:29.050","3","0","0","0","67301","1","0","0","N","1","0","0","2","67301","0","","1.0","","1","N","N","N","0","","1","0","0","0","0","","1430","2","1","1","0","0","0","0","2","0","1","1","0","0","3","03","","N","","","","","","","","","",""
"2021071369","1920","0","0","0","0","0","0","0","0","0","8","0","","67","7","2021","7","39.949442","-75.152508","1920","6","0","0","0","0","0","1","0","0","","0","0","0","19","1","1","N","0","0","39 56:57.991","","0","75 09:09.028","3","0","0","0","67301","1","0","0","N","1","0","0","2","67301","0","","1.0","","1","N","N","N","0","","1","0","1","0","0","","1920","2","1","1","0","0","0","0","2","0","1","1","0","0","3","03","","N","","","","","","","","","",""
"2021071492","0150","1","0","0","0","0","0","0","0","0","1","0","","67","8","2021","1","39.993392","-75.169681","0145","6","0","0","0","0","0","0","0","0","","0","0","0","22","3","0","N","0","0","39 59:36.210","","0","75 10:10.850","0","0","0","0","67301","0","0","0","N","0","0","0","1","67301","0","","6.0","","9","N","N","N","0","","0","0","1","0","0","","2230","2","0","0","0","0","0","0","2","0","2","0","0","0","7","","","N","","","","","","","","","",""
"2021073494","1923","1","0","0","0","0","0","0","0","0","7","0","55","67","8","2021","6","39.979","-75.10858","1916","6","0","0","0","0","0","0","0","0","","0","0","0","19","1","0","N","0","2","39 58:44.399","1","0","75 06:30.889","0","0","0","0","67301","0","0","0","N","0","0","0","3","68K01","0","","4.0","1930.0","1","N","N","N","0","","0","0","0","0","0","N","1912","1","0","0","0","0","0","0","2","0","1","0","0","0","3","03","N","Y","4","1","","","N","","","","Y","N"
"2021072354","2150","0","0","0","0","0","0","0","0","0","8","0","","67","8","2021","3","39.948863","-75.147708","2150","6","0","0","0","0","0","0","0","0","","0","0","1","21","3","3","N","0","0","39 56:55.906","","0","75 08:51.750","3","0","0","0","67301","4","0","0","N","0","0","0","5","67301","2","","1.0","","1","N","N","N","0","","1","0","0","0","0","","2120","2","3","0","0","0","0","0","2","0","1","0","0","0","3","","","N","","","","","","","","","",""
"2021072649","0415","2","0","0","0","0","0","0","0","0","7","0","05","67","7","2021","7","40.007273","-75.1358","0406","6","0","0","0","0","0","0","0","0","","0","0","0","4","3","0","N","0","0","40 00:26.184","","0","75 08:08.881","9","0","0","0","67301","0","0","0","N","0","0","0","1","67301","0","","1.0","","1","N","N","N","0","","0","0","0","3","8","","402","2","0","0","0","0","0","1","2","0","2","0","0","0","3","03","N","Y","2","1","Y","N","N","Y","N","N","N","N"
"2021121888","1541","0","0","0","0","0","0","0","0","0","1","0","","67","11","2021","3","39.959155","-75.140596","1534","6","0","0","0","0","0","0","0","0","","0","0","0","15","1","2","N","0","0","39 57:32.957","","0","75 08:26.146","4","0","0","0","67301","0","0","0","N","0","0","0","4","68K01","1","","1.0","","1","N","N","N","1","","0","0","1","0","0","","1517","2","2","0","0","0","1","0","2","0","2","0","0","0","3","","","N","","","","","","","","","",""
"2021117292","1626","1","0","0","0","0","0","0","0","0","8","0","","67","12","2021","4","39.927346","-75.192812","1619","6","0","0","0","0","0","0","0","0","","0","0","0","15","1","1","N","0","0","39 55:38.445","","0","75 11:34.124","3","0","0","0","67301","1","0","0","N","1","0","0","2","67301","0","","1.0","","1","N","N","N","0","","1","0","0","0","0","","1559","2","1","0","0","0","0","0","2","0","1","1","0","0","3","","","N","","","","","","","","","",""
"2021071260","0955","0","0","0","0","0","0","0","0","0","4","0","","67","7","2021","7","40.088976","-75.020927","0955","6","0","0","0","0","0","1","0","0","","0","0","0","9","1","3","","1","0","40 05:20.314","","0","75 01:15.336","4","0","0","0","67301","0","0","0","N","0","0","0","3","67301","2","","1.0","","1","N","N","N","0","","0","0","1","3","2","","945","2","3","1","0","0","1","0","2","1","2","0","0","0","3","","","N","","","","","","","","","",""
"2021071678","0111","1","0","0","0","0","0","0","0","0","7","0","45","67","8","2021","1","40.021597","-75.040472","0100","6","0","0","0","0","0","0","0","0","","0","0","0","0","3","0","N","0","0","40 01:17.750","","0","75 02:25.699","9","0","0","0","67301","0","0","0","Y","0","0","0","1","68K01","0","","4.0","","1","N","N","N","0","","0","0","0","3","1","","57","1","0","0","0","0","0","1","2","0","1","0","0","0","3","","N","Y","2","1","","","N","Y","","","Y","N"
"2021073391","0215","2","0","0","0","0","0","0","0","0","5","0","","67","8","2021","6","40.051472","-75.149966","0208","6","0","0","0","0","0","0","0","0","","0","0","0","2","3","0","N","0","1","40 03:05.300","3","0","75 08:59.877","0","0","0","0","67301","0","0","0","N","0","0","0","2","67301","0","","1.0","330.0","1","N","N","N","0","","0","0","0","0","0","N","205","3","0","0","0","0","0","0","2","1","3","0","0","0","3","03","","N","","","","","","","","","",""
"2021072020","1701","1","0","0","1","0","0","0","0","0","8","0","","67","8","2021","2","39.95112","-75.178518","1701","6","0","0","0","0","0","1","0","0","","0","0","0","16","1","1","","1","0","39 57:04.033","","0","75 10:42.665","3","0","0","0","67301","1","0","0","N","0","0","0","2","67301","0","","1.0","","1","N","N","N","0","","1","0","0","3","2","","1622","2","1","1","0","0","0","0","2","0","1","1","0","0","3","03","","N","","","","","","","","","",""
"2021116553","1433","1","0","0","0","0","0","0","0","0","4","0","","67","11","2021","5","40.000341","-75.0838","1425","6","0","0","0","0","0","1","0","0","","1","0","0","14","1","1","","2","2","40 00:01.228","2","2","75 05:01.679","1","1","0","1","67301","0","0","0","N","0","0","0","3","67301","1","2","1.0","1715.0","1","N","N","N","0","0","0","0","0","3","2","Y","1425","2","1","2","0","0","0","0","2","0","2","0","0","0","3","03","","N","","","","","","","","","",""
"2021116910","0546","1","0","0","0","0","0","0","0","0","7","0","","67","11","2021","6","39.982634","-75.099891","0539","6","0","0","0","0","0","0","0","0","","0","0","0","5","3","1","N","0","2","39 58:57.483","2","0","75 05:59.607","3","0","0","0","67301","0","0","0","N","0","0","0","1","68K01","0","","4.0","600.0","9","N","N","N","0","","1","0","0","0","0","N","537","1","1","0","0","0","0","0","2","0","1","0","0","0","7","","","N","","","","","","","","","",""
"2021071268","1045","2","0","0","0","0","0","0","0","0","1","0","","67","7","2021","7","39.94425","-75.148611","1039","6","0","0","0","0","0","0","0","0","","0","0","0","2","3","0","N","0","0","39 56:39.300","","0","75 08:55.000","9","0","0","0","67301","0","0","0","N","0","0","0","1","67301","0","","6.0","","1","N","N","N","0","","0","0","0","0","0","","200","3","0","0","0","0","0","1","2","0","3","0","0","0","3","03","","N","","","","","","","","","",""
"2021073551","1849","2","0","0","0","0","0","0","0","0","4","0","","67","7","2021","7","39.959218","-75.231111","1846","6","0","0","0","0","0","0","0","0","","0","0","0","18","1","4","","1","0","39 57:33.183","","0","75 13:52.001","2","0","0","0","67301","0","0","0","N","0","0","0","4","67301","0","","1.0","","1","N","N","N","0","","3","1","0","3","2","","1840","2","4","0","0","0","0","0","2","0","2","0","0","0","3","","","N","","","","","","","","","",""
"2021073729","1158","1","0","0","0","0","0","0","0","0","1","0","","67","8","2021","7","40.034485","-75.048146","1154","6","0","0","0","1","0","0","1","0","","0","0","0","11","1","1","","1","0","40 02:04.146","","0","75 02:53.325","4","0","0","0","67301","0","0","0","N","0","0","0","2","67301","1","","1.0","","1","N","N","N","0","","0","0","1","0","0","","1132","2","1","0","0","0","0","0","2","0","2","0","0","0","3","","","N","","","","","","","","","",""
"2021071800","0146","2","0","0","0","0","0","0","0","0","1","0","","67","8","2021","3","40.053979","-75.126645","0144","6","0","0","0","0","0","2","0","0","","0","0","0","1","3","1","","3","0","40 03:14.324","","0","75 07:35.922","3","0","0","0","67301","0","0","0","N","0","0","0","2","67301","0","","1.0","","1","N","N","N","0","","1","0","1","3","2","","140","3","1","0","0","0","0","0","2","0","3","0","0","0","3","03","","N","","","","","","","","","",""
"2021117320","0305","3","0","0","0","0","0","0","0","0","4","0","","67","12","2021","5","40.056844","-75.157458","0301","6","0","0","0","0","0","0","0","0","","0","0","0","2","3","0","N","0","0","40 03:24.640","","0","75 09:26.850","0","0","0","0","67301","0","0","0","N","0","0","0","1","67301","0","","1.0","","9","N","N","N","0","","0","0","0","0","0","","245","3","0","0","0","0","0","0","2","0","3","0","0","0","7","07","","N","","","","","","","","","",""
"2021075731","1418","1","0","0","0","0","0","0","0","0","4","0","","67","7","2021","7","39.958712","-75.162143","1408","6","0","0","0","0","0","0","0","0","","0","0","0","14","1","1","","1","0","39 57:31.362","","0","75 09:43.713","8","0","0","0","67301","0","0","0","N","0","0","0","2","67508","0","","1.0","","1","N","N","Y","0","","0","0","1","0","0","","1408","2","1","0","0","0","1","0","2","0","2","0","0","0","3","03","","N","","","","","","","","","",""
"2021073891","2054","1","0","0","0","0","0","0","0","0","4","0","","67","8","2021","1","40.067015","-75.156291","2053","6","0","0","0","0","0","0","0","0","","0","0","0","19","3","1","","1","0","40 04:01.254","","0","75 09:22.647","3","0","0","0","67301","0","0","0","N","0","0","0","2","67301","0","","1.0","","1","N","N","N","0","","1","0","1","3","2","","1944","2","1","0","0","0","0","0","2","0","2","0","0","0","3","03","","N","","","","","","","","","",""
"2021115768","1340","2","0","0","0","0","0","0","0","0","4","0","","67","11","2021","4","39.925923","-75.16233","1330","6","0","0","0","0","0","0","1","0","","0","0","0","13","1","0","","1","9","39 55:33.323","","0","75 09:44.389","0","0","0","0","67301","0","0","0","N","0","0","0","1","67301","0","","1.0","","1","N","N","N","0","","0","0","0","3","3","","1307","2","0","1","0","0","0","0","2","0","2","0","0","0","3","","","N","","","","","","","","","",""
"2021105358","","1","0","2","0","0","0","0","0","0","4","0","","67","6","2021","1","40.039458","-75.077435","","6","0","0","0","0","0","0","0","0","","0","0","0","2","3","2","","1","0","40 02:22.048","","0","75 04:38.765","2","0","0","0","67301","0","0","0","N","0","0","0","3","00000","0","","1.0","","1","N","N","N","0","","0","2","0","3","2","","230","2","2","0","0","0","0","0","2","0","2","0","0","0","3","","","N","","","","","","","","","",""
"2021105755","","0","0","0","0","0","0","0","0","0","5","0","","67","6","2021","5","40.021022","-75.041377","","6","0","0","0","0","0","0","0","0","","0","0","0","13","1","2","N","0","0","40 01:15.679","","0","75 02:28.958","8","0","0","0","67301","0","0","0","N","0","0","0","3","00000","0","","1.0","","1","N","N","N","0","","0","0","2","0","0","","1300","2","2","0","0","0","2","0","2","0","2","0","0","0","3","","","N","","","","","","","","","",""
"2021115654","2225","0","0","0","0","0","0","0","0","0","7","0","","67","10","2021","3","40.042725","-75.003558","2214","6","0","0","0","0","0","1","0","0","","0","0","0","22","3","0","N","0","1","40 02:33.811","2","0","75 00:12.808","0","0","0","0","67301","0","0","0","N","0","0","0","1","68K01","0","","3.0","2237.0","9","N","N","N","0","","0","0","1","0","0","N","2206","1","0","0","0","0","0","0","2","0","1","0","0","0","4","","","N","","","","","","","","","",""
"2021104212","0735","1","0","0","0","0","0","0","0","0","1","0","","67","10","2021","7","40.095872","-75.016661","0730","6","0","0","0","0","0","0","0","0","","0","0","0","6","3","1","N","0","1","40 05:45.140","3","0","75 00:59.980","3","0","0","0","67301","0","0","0","N","0","0","0","2","67301","0","","1.0","100.0","9","N","N","N","0","","1","0","1","0","0","N","648","2","1","0","0","0","0","0","2","0","2","0","0","0","7","","","N","","","","","","","","","",""
"2021104726","2142","2","0","0","0","0","0","0","0","0","4","0","","67","10","2021","4","40.036753","-75.040739","2139","6","0","0","0","0","0","1","0","0","","0","0","0","21","3","2","","1","0","40 02:12.310","","0","75 02:26.659","8","0","0","0","67301","0","0","0","N","0","0","0","2","67301","0","","1.0","","1","N","N","Y","0","","0","0","0","3","2","","2138","2","2","0","0","0","2","0","2","0","2","0","0","0","3","03","","N","","","","","","","","","",""
"2021124521","1307","1","0","0","0","0","0","0","0","0","4","0","","67","12","2021","4","39.997843","-75.110972","1305","6","0","0","0","0","0","0","1","0","","0","1","0","12","1","0","","5","0","39 59:52.234","","1","75 06:39.499","0","0","0","0","67301","0","0","0","N","0","0","0","3","67301","0","","1.0","","1","N","N","N","0","","0","0","0","3","2","","1226","2","0","0","0","0","0","0","2","0","2","0","0","0","3","03","","N","","","","","","","","","",""
"2021073369","0035","2","0","0","0","0","0","0","0","0","1","0","","67","8","2021","4","40.041334","-75.106702","0025","6","0","0","0","0","0","1","0","0","","0","0","0","0","3","2","","1","1","40 02:28.801","2","0","75 06:24.126","3","0","0","0","67301","0","0","0","N","0","0","0","3","67301","1","","1.0","30.0","1","N","N","N","0","","1","0","0","3","2","N","17","2","2","0","0","0","0","0","2","0","2","0","0","0","3","03","","N","","","","","","","","","",""
"2021122335","0926","1","0","0","0","0","0","0","0","0","4","0","","67","12","2021","2","40.030709","-75.093211","0919","6","0","0","1","0","0","0","0","0","","0","0","0","8","1","2","","1","0","40 01:50.552","","0","75 05:35.559","4","0","0","0","67301","0","0","0","N","0","0","0","2","67301","1","","1.0","","1","N","N","N","0","","0","0","1","3","3","","859","2","2","0","0","0","1","0","2","0","2","0","0","0","3","03","","N","","","","","","","","","",""
"2021073102","1412","2","0","0","0","0","0","0","0","0","4","0","","67","8","2021","5","39.958361","-75.208725","1412","6","0","0","0","0","0","0","0","0","","0","0","0","13","1","2","","2","0","39 57:30.099","","0","75 12:31.410","3","0","0","0","67301","0","0","0","N","0","0","0","3","67301","0","","1.0","","1","N","N","N","0","","2","0","0","3","3","","1326","2","2","0","0","0","0","1","2","0","2","0","0","0","3","","","N","","","","","","","","","",""
"2021077424","2201","0","0","0","0","0","0","0","0","0","7","0","","67","8","2021","4","40.013639","-75.078472","2200","6","0","0","0","0","0","0","0","0","","0","0","0","21","3","0","N","0","0","40 00:49.100","","0","75 04:42.500","0","0","0","0","67301","0","0","0","N","0","0","0","1","67301","0","","5.0","","1","N","N","N","0","","0","0","1","0","0","","2155","1","0","1","0","0","0","0","2","0","1","0","0","0","3","03","","N","","","","","","","","","",""
"2021121365","0525","1","0","0","0","0","0","0","0","0","7","0","","67","12","2021","5","39.942944","-75.142844","0513","6","0","0","0","0","0","0","0","0","","0","0","0","5","3","1","N","0","0","39 56:34.599","","0","75 08:34.237","8","0","0","0","67301","0","0","0","N","0","0","0","2","68K01","0","","4.0","","9","N","N","N","0","","0","0","0","0","0","","512","1","1","0","0","0","1","0","2","0","1","0","0","0","7","","","N","","","","","","","","","",""
"2021121286","2245","0","0","0","0","0","0","0","0","0","1","0","","67","12","2021","3","39.983778","-75.136667","2238","6","0","0","0","0","0","0","0","0","","0","0","0","22","3","0","N","0","0","39 59:01.600","","0","75 08:12.000","0","0","0","0","67301","0","0","0","N","0","0","0","1","67301","0","","6.0","","1","N","N","N","0","","0","0","1","0","0","","2238","2","0","1","0","0","0","0","2","1","2","0","0","0","3","03","","N","","","","","","","","","",""
"2021105389","0734","1","0","0","0","0","0","0","0","0","4","0","","67","10","2021","6","39.948517","-75.20568","0724","6","0","0","0","0","0","1","0","0","","0","0","0","7","5","3","","1","0","39 56:54.661","","0","75 12:20.448","3","0","0","0","67301","0","0","0","N","0","0","0","3","67301","1","","1.0","","8","N","N","N","0","","2","0","1","3","3","","700","2","3","0","0","0","0","0","2","0","2","0","0","0","7","04","","N","","","","","","","","","",""
"2021077511","2120","0","0","0","0","0","0","0","0","0","2","0","","67","8","2021","3","40.004232","-75.173343","2118","6","0","0","0","0","0","2","0","0","","0","0","0","21","3","1","N","0","0","40 00:15.235","","0","75 10:24.035","4","0","0","0","67301","0","0","0","N","0","0","0","2","67301","1","","1.0","","1","N","N","N","0","","0","0","2","0","0","","2110","2","1","2","0","0","0","0","2","0","2","0","0","0","3","03","","N","","","","","","","","","",""
"2021072938","0651","2","0","0","0","0","0","0","0","0","1","0","","67","8","2021","4","39.95897","-75.170575","0646","6","0","0","0","0","0","0","0","0","","0","0","0","6","1","0","N","0","2","39 57:32.293","4","0","75 10:14.069","0","0","0","0","67301","0","0","0","N","0","0","0","3","68K01","0","","1.0","658.0","1","N","N","N","1","","0","0","0","0","0","N","631","3","0","0","0","0","0","0","2","0","3","0","0","0","3","","","N","","","","","","","","","",""
"2021116360","2007","0","0","0","0","0","0","0","0","0","2","0","","67","11","2021","1","40.000289","-75.119186","1955","6","0","0","0","0","0","0","0","0","","0","0","0","19","3","0","N","0","0","40 00:01.040","","0","75 07:09.070","0","0","0","0","67301","0","0","0","N","0","0","0","0","67301","0","","6.0","","1","N","N","N","0","","0","0","2","3","3","","1948","2","0","0","0","0","0","0","2","0","2","0","0","0","3","03","","N","","","","","","","","","",""
"2021073073","1449","1","0","0","0","0","0","0","0","0","4","0","","67","8","2021","5","39.945967","-75.168342","1437","6","0","0","0","0","0","0","0","0","","0","0","0","14","1","1","","1","0","39 56:45.480","","0","75 10:06.032","4","0","0","0","67301","0","0","0","N","0","0","0","3","67301","1","","1.0","","1","N","N","N","1","","0","0","0","3","2","","1426","2","1","1","0","0","0","0","2","0","2","0","0","0","3","03","","N","","","","","","","","","",""
"2021078345","0104","1","0","0","0","0","0","0","0","0","4","0","","67","8","2021","1","40.027605","-75.165415","0058","6","0","0","0","0","0","0","0","0","","0","0","0","0","3","1","","1","1","40 01:39.377","5","0","75 09:55.494","3","0","0","0","67301","0","0","0","N","0","0","0","2","67301","0","","1.0","130.0","1","N","N","N","1","","1","0","0","3","2","Y","56","2","1","1","0","0","0","0","2","0","2","0","0","0","3","03","","N","","","","","","","","","",""