"CRN","ARRIVAL_TM","AUTOMOBILE_COUNT","BELTED_DEATH_COUNT","BELTED_SUSP_SERIOUS_INJ_COUNT","BICYCLE_COUNT","BICYCLE_DEATH_COUNT","BICYCLE_SUSP_SERIOUS_INJ_COUNT","BUS_COUNT","CHLDPAS_DEATH_COUNT","CHLDPAS_SUSP_SERIOUS_INJ_COUNT","COLLISION_TYPE","COMM_VEH_COUNT","CONS_ZONE_SPD_LIM","COUNTY","CRASH_MONTH","CRASH_YEAR","DAY_OF_WEEK","DEC_LATITUDE","DEC_LONGITUDE","DISPATCH_TM","DISTRICT","DRIVER_COUNT_16YR","DRIVER_COUNT_17YR","DRIVER_COUNT_18YR","DRIVER_COUNT_19YR","DRIVER_COUNT_20YR","DRIVER_COUNT_50_64YR","DRIVER_COUNT_65_74YR","DRIVER_COUNT_75PLUS","EST_HRS_CLOSED","FATAL_COUNT","HEAVY_TRUCK_COUNT","HORSE_BUGGY_COUNT","HOUR_OF_DAY","ILLUMINATION","INJURY_COUNT","INTERSECTION_RELATED","INTERSECT_TYPE","LANE_CLOSED","LATITUDE","LN_CLOSE_DIR","LOCATION_TYPE","LONGITUDE","MAX_SEVERITY_LEVEL","MCYCLE_DEATH_COUNT","MCYCLE_SUSP_SERIOUS_INJ_COUNT","MOTORCYCLE_COUNT","MUNICIPALITY","NONMOTR_COUNT","NONMOTR_DEATH_COUNT","NONMOTR_SUSP_SERIOUS_INJ_COUNT","NTFY_HIWY_MAINT","PED_COUNT","PED_DEATH_COUNT","PED_SUSP_SERIOUS_INJ_COUNT","PERSON_COUNT","POLICE_AGCY","POSSIBLE_INJ_COUNT","RDWY_SURF_TYPE_CD","RELATION_TO_ROAD","ROADWAY_CLEARED","ROAD_CONDITION","SCH_BUS_IND","SCH_ZONE_IND","SECONDARY_CRASH","SMALL_TRUCK_COUNT","SPEC_JURIS_CD","SUSP_MINOR_INJ_COUNT","SUSP_SERIOUS_INJ_COUNT","SUV_COUNT","TCD_FUNC_CD","TCD_TYPE","TFC_DETOUR_IND","TIME_OF_DAY","TOTAL_UNITS","TOT_INJ_COUNT","UNBELTED_OCC_COUNT","UNB_DEATH_COUNT","UNB_SUSP_SERIOUS_INJ_COUNT","UNK_INJ_DEG_COUNT","UNK_INJ_PER_COUNT","URBAN_RURAL","VAN_COUNT","VEHICLE_COUNT","VULNERABLE_ROAD_USER_COUNT","VULNERABLE_ROAD_USER_DEATH_COUNT","VULNERABLE_ROAD_USER_SER_INJ_COUNT","WEATHER1","WEATHER2","WORKERS_PRES","WORK_ZONE_IND","WORK_ZONE_LOC","WORK_ZONE_TYPE","WZ_CLOSE_DETOUR","WZ_FLAGGER","WZ_LAW_OFFCR_IND","WZ_LN_CLOSURE","WZ_MOVING","WZ_OTHER","WZ_SHLDER_MDN","WZ_WORKERS_INJ_KILLED"
"2021074120","1215","1","0","0","0","0","0","0","0","0","4","0","","67","8","2021","2","39.930783","-75.161264","1213","6","0","0","0","0","0","1","0","0","","0","0","0","11","1","0","","1","0","39 55:50.818","","0","75 09:40.550","0","0","0","0","67301","0","0","0","N","0","0","0","2","67301","0","","1.0","","1","N","N","N","0","","0","0","0","3","3","","1157","2","0","0","0","0","0","0","2","1","2","0","0","0","3","03","","N","","","","","","","","","",""
"2021103665","1105","1","0","0","0","0","0","0","0","0","4","0","","67","10","2021","3","39.99218","-75.233706","1105","6","0","0","0","0","0","0","0","1","","0","0","0","10","1","0","","1","0","39 59:31.848","","0","75 14:01.341","0","0","0","0","67301","0","0","0","N","0","0","0","1","67301","0","","1.0","","9","N","N","N","0","","0","0","2","3","2","","1059","3","0","1","0","0","0","0","2","0","3","0","0","0","3","03","","N","","","","","","","","","",""
"2021073758","1314","1","0","0","0","0","0","0","0","0","6","0","","67","8","2021","1","40.065189","-75.145556","1307","6","0","0","0","0","0","0","0","0","","0","0","0","12","1","1","","2","0","40 03:54.680","","0","75 08:44.001","3","0","0","0","67301","1","0","0","N","1","0","0","3","67301","0","","1.0","","1","N","N","N","1","","1","0","0","0","0","","1250","3","1","1","0","0","0","1","2","0","2","1","0","0","4","","","N","","","","","","","","","",""
"2021116990","1840","1","0","0","0","0","0","0","0","0","7","0","","67","11","2021","1","39.971158","-75.123657","1832","6","0","0","0","0","0","0","0","0","","0","0","0","18","3","1","N","0","2","39 58:16.167","1","0","75 07:25.166","8","0","0","0","67301","0","0","0","N","0","0","0","1","68K01","0","","4.0","1930.0","9","N","N","N","0","","0","0","0","0","0","N","1831","1","1","1","0","0","1","0","2","0","1","0","0","0","7","07","","N","","","","","","","","","",""
"2021104369","1505","1","0","0","0","0","0","0","0","0","4","0","","67","10","2021","7","40.088452","-75.044039","1501","6","0","0","0","0","0","1","0","0","","0","0","0","15","1","2","","1","1","40 05:18.426","3","0","75 02:38.540","3","0","0","0","67301","0","0","0","N","0","0","0","2","67301","0","","1.0","1552.0","1","N","N","N","0","","2","0","1","3","2","N","1500","2","2","0","0","0","0","0","2","0","2","0","0","0","3","03","","N","","","","","","","","","",""
"2021114813","0018","2","0","0","0","0","0","0","0","0","7","0","","67","11","2021","7","40.030033","-75.103888","0016","6","0","0","0","0","0","1","0","0","","2","0","0","0","3","4","N","0","2","40 01:48.117","7","0","75 06:13.998","1","0","0","0","67301","0","0","0","N","0","0","0","6","67301","1","2","4.0","800.0","1","N","N","Y","0","0","1","2","1","0","0","Y","15","3","4","0","0","0","0","0","2","0","3","0","0","0","3","03","","N","","","","","","","","","",""
"2021075711","0932","1","0","0","0","0","0","0","0","0","4","0","","67","8","2021","4","40.01207","-75.112176","0926","6","0","0","0","0","0","1","0","0","","0","0","0","16","1","1","","1","0","40 00:43.452","","0","75 06:43.833","4","0","0","0","67301","0","0","0","N","0","0","0","3","67301","1","","1.0","","99","N","N","N","0","","0","0","1","3","2","","1610","2","1","0","0","0","0","0","2","0","2","0","0","0","99","","","N","","","","","","","","","",""
"2021072757","1147","0","0","0","0","0","0","0","0","0","1","0","","67","7","2021","6","40.048272","-75.118683","1140","6","0","0","0","0","0","1","1","0","","0","0","0","11","1","1","N","0","0","40 02:53.780","","0","75 07:07.260","3","0","0","0","67301","0","0","0","N","0","0","0","3","67301","0","","1.0","","1","N","N","N","1","","1","0","1","0","0","","1115","2","1","3","0","0","0","0","2","0","2","0","0","0","3","03","","N","","","","","","","","","",""
"2021117975","0920","1","0","0","0","0","0","0","0","0","4","0","","67","12","2021","5","40.095984","-74.982494","0914","6","0","0","0","1","0","0","0","0","","0","0","0","9","1","0","N","0","1","40 05:45.543","4","0","74 58:56.979","0","0","0","0","67301","0","0","0","N","0","0","0","2","67301","0","","1.0","915.0","1","N","N","N","0","","0","0","1","0","0","N","908","2","0","0","0","0","0","0","2","0","2","0","0","0","4","","","N","","","","","","","","","",""
"2021112685","1053","0","0","0","0","0","0","0","0","0","1","1","","67","11","2021","3","39.913194","-75.180556","1053","6","0","0","0","0","0","0","0","0","","0","1","0","10","1","1","N","0","0","39 54:47.500","","3","75 10:50.000","8","0","0","0","67301","0","0","0","N","0","0","0","3","67501","0","","1.0","","1","N","N","N","0","","0","0","1","3","8","","1053","2","1","0","0","0","1","0","2","0","2","0","0","0","3","03","","N","","","","","","","","","",""
"2021105761","","2","0","0","0","0","0","0","0","0","5","1","","67","8","2021","4","39.924916","-75.147026","","6","0","0","0","0","0","0","0","0","","0","1","0","10","1","1","N","0","0","39 55:29.697","","3","75 08:49.294","8","0","0","0","67301","0","0","0","N","0","0","0","3","00000","0","","1.0","","1","N","N","Y","0","","0","0","0","0","0","","1030","3","1","0","0","0","1","0","2","0","3","0","0","0","3","","","N","","","","","","","","","",""
"2021071529","0926","1","0","0","1","0","0","0","0","0","8","0","","67","7","2021","7","39.927419","-75.193385","0925","6","0","0","0","0","0","0","0","0","","0","0","0","9","1","2","","2","0","39 55:38.710","","0","75 11:36.186","3","0","0","0","67301","1","0","0","N","0","0","0","2","67301","0","","1.0","","1","N","N","N","0","","2","0","0","3","3","","920","2","2","1","0","0","0","0","2","0","1","1","0","0","3","03","","N","","","","","","","","","",""
"2021075401","2327","1","0","0","1","0","0","0","0","0","8","0","","67","8","2021","7","39.924712","-75.173734","2325","6","0","0","0","0","0","0","0","0","","0","0","0","23","3","1","","2","1","39 55:28.962","4","0","75 10:25.444","3","0","0","0","67301","1","0","0","N","0","0","0","2","67301","0","","1.0","100.0","1","N","N","N","0","","1","0","0","3","2","N","2315","2","1","0","0","0","0","0","2","0","1","1","0","0","3","03","","N","","","","","","","","","",""
"2021073606","0350","1","0","0","0","0","0","0","0","0","1","0","","67","8","2021","7","39.970314","-75.227058","0346","6","0","0","0","0","0","0","0","0","","0","0","0","3","3","0","","1","0","39 58:13.130","","0","75 13:37.408","0","0","0","0","67301","0","0","0","N","0","0","0","2","67301","0","","1.0","","1","N","N","N","0","","0","0","1","3","3","","340","2","0","2","0","0","0","0","2","0","2","0","0","0","3","03","","N","","","","","","","","","",""
"2021073447","0650","1","0","0","0","0","0","0","0","0","7","0","","67","8","2021","7","39.958132","-75.150458","0645","6","0","0","0","0","0","0","0","0","","0","0","0","6","1","0","","1","0","39 57:29.275","","0","75 09:01.648","0","0","0","0","67301","0","0","0","N","0","0","0","1","67301","0","","4.0","","1","N","N","N","0","","0","0","0","3","2","","630","1","0","0","0","0","0","0","2","0","1","0","0","0","3","03","","N","","","","","","","","","",""
"2021081238","1743","2","0","0","0","0","0","0","0","0","4","0","","67","8","2021","2","39.949438","-75.237333","1743","6","0","0","0","0","0","0","0","0","","0","0","0","17","1","1","","1","0","39 56:57.976","","0","75 14:14.398","8","0","0","1","67301","0","0","0","N","0","0","0","2","67301","0","","1.0","","1","N","N","N","0","","0","0","0","0","0","","1734","3","1","0","0","0","1","0","2","0","3","0","0","0","3","03","","N","","","","","","","","","",""
"2021126469","0505","1","0","0","0","0","0","0","0","0","7","0","","67","12","2021","5","39.958199","-75.164412","0451","6","0","0","0","0","0","0","0","0","","0","0","0","4","3","0","N","0","0","39 57:29.515","","0","75 09:51.882","0","0","0","0","67301","0","0","0","N","0","0","0","1","68K01","0","","2.0","","1","N","N","N","0","","0","0","0","0","0","","451","1","0","0","0","0","0","0","2","0","1","0","0","0","3","03","","N","","","","","","","","","",""
"2021106851","1915","1","0","0","0","0","0","0","0","0","4","0","","67","11","2021","2","39.945732","-75.154781","1911","6","0","0","0","0","0","0","0","0","","0","0","0","18","3","1","","1","0","39 56:44.634","","0","75 09:17.213","3","0","0","0","67301","0","0","0","N","0","0","0","4","67301","0","","1.0","","1","N","N","N","0","","1","0","1","3","2","","1855","2","1","0","0","0","0","0","2","0","2","0","0","0","3","03","","N","","","","","","","","","",""
"2021118219","0330","3","0","0","0","0","0","0","0","0","4","0","","67","12","2021","6","39.927411","-75.234553","0319","6","0","0","0","0","0","0","0","0","","0","0","0","3","3","0","N","0","0","39 55:38.680","","0","75 14:04.390","9","0","0","0","67301","0","0","0","N","0","0","0","1","67301","0","","6.0","","1","N","N","N","0","","0","0","1","0","0","","305","4","0","1","0","0","0","1","2","0","4","0","0","0","3","03","","N","","","","","","","","","",""
"2021117977","1924","1","0","0","0","0","0","0","0","0","1","1","","67","12","2021","5","39.885733","-75.231575","1919","6","0","0","0","0","0","2","0","0","","0","1","0","19","3","1","N","0","1","39 53:08.640","2","7","75 13:53.670","3","0","0","0","67301","0","0","0","N","0","0","0","4","67301","0","","1.0","200.0","1","N","N","N","0","","1","0","1","0","0","N","1908","3","1","0","0","0","0","0","2","0","3","0","0","0","3","03","","N","","","","","","","","","",""
"2021106091","0706","1","0","0","0","0","0","0","0","0","1","0","","67","10","2021","5","39.959826","-75.177427","0703","6","0","0","0","0","0","1","0","0","","0","0","0","6","5","1","N","0","0","39 57:35.372","","0","75 10:38.738","3","0","0","0","67301","0","0","0","N","0","0","0","3","68K01","0","","1.0","","1","N","N","N","1","","1","0","1","0","0","","658","3","1","0","0","0","0","0","2","0","3","0","0","0","3","","","N","","","","","","","","","",""
"2021122666","0255","1","0","0","0","0","0","0","0","0","5","0","","67","12","2021","4","40.049579","-75.171502","0253","6","0","0","0","1","0","0","0","0","","0","0","0","2","3","1","N","0","1","40 02:58.485","5","0","75 10:17.408","3","0","0","0","67301","0","0","0","N","0","0","0","1","67301","0","","6.0","345.0","1","N","N","N","0","","1","0","1","0","0","Y","253","4","1","1","0","0","0","0","2","2","4","0","0","0","3","03","","N","","","","","","","","","",""
"2021115493","0005","0","0","0","0","0","0","0","0","0","8","0","","67","11","2021","6","40.080854","-75.208119","0000","6","0","0","0","0","0","0","1","0","","0","0","0","21","3","1","N","0","0","40 04:51.074","","0","75 12:29.230","3","0","0","0","67301","1","0","0","N","1","0","0","2","67301","0","","1.0","","1","N","N","N","0","","1","0","1","3","2","","2159","2","1","0","0","0","0","0","2","0","1","1","0","0","3","","","N","","","","","","","","","",""
"2021118069","0010","0","0","0","0","0","0","0","0","0","1","0","","67","11","2021","5","39.985265","-75.093934","0000","6","0","0","0","1","0","0","0","0","","0","0","0","23","3","0","N","0","1","39 59:06.955","1","0","75 05:38.162","0","0","0","0","67301","0","0","0","N","0","0","0","2","68K01","0","","1.0","101.0","1","N","N","N","0","","0","0","2","0","0","Y","2359","2","0","0","0","0","0","0","2","0","2","0","0","0","3","","","N","","","","","","","","","",""
"2021072453","1730","1","0","0","0","0","0","0","0","0","5","0","","67","8","2021","3","39.955115","-75.140507","1720","6","0","0","0","0","0","1","0","0","","0","0","0","15","1","1","","3","0","39 57:18.414","","2","75 08:25.824","3","0","0","0","67301","0","0","0","N","0","0","0","2","67301","0","","1.0","","99","N","N","N","0","","1","0","1","3","4","","1530","2","1","0","0","0","0","1","2","0","2","0","0","0","3","03","","N","","","","","","","","","",""
"2021071273","0542","1","0","0","0","0","0","0","0","0","1","0","","67","8","2021","1","39.900044","-75.206636","0541","6","0","0","0","0","0","1","0","0","","0","0","0","5","1","2","N","0","1","39 54:00.159","4","3","75 12:23.889","2","0","0","0","67301","0","0","0","N","0","0","0","3","67301","0","","1.0","749.0","1","N","N","N","0","","1","1","2","0","0","Y","541","3","2","2","0","1","0","0","2","0","3","0","0","0","3","","","N","","","","","","","","","",""
"2021116204","0441","1","0","0","0","0","0","0","0","0","7","0","","67","10","2021","7","39.961221","-75.182403","0430","6","0","0","0","0","0","0","0","0","","0","0","0","4","3","1","N","6","0","39 57:40.397","","2","75 10:56.651","3","0","0","0","67301","0","0","0","N","0","0","0","1","68K01","0","","2.0","","9","N","N","N","0","","1","0","0","0","0","","427","1","1","0","0","0","0","0","2","0","1","0","0","0","7","","","N","","","","","","","","","",""
"2021104598","1714","1","0","0","0","0","0","0","0","0","4","0","","67","10","2021","6","39.983535","-75.247116","1711","6","0","0","0","0","0","1","0","0","","0","0","0","16","6","1","","1","0","39 59:00.727","","0","75 14:49.618","3","0","0","0","67301","0","0","0","N","0","0","0","2","67301","0","","1.0","","9","N","N","N","0","","1","0","1","1","2","","1645","2","1","1","0","0","0","0","2","0","2","0","0","0","7","04","","N","","","","","","","","","",""
"2021117362","1358","0","0","0","0","0","0","0","0","0","2","0","","67","12","2021","4","40.063527","-75.16983","1350","6","0","0","0","0","0","1","0","1","","0","0","0","13","1","1","N","1","0","40 03:48.698","","0","75 10:11.388","3","0","0","0","67301","0","0","0","N","0","0","0","4","67301","0","","5.0","","1","N","N","N","1","","1","0","3","3","2","","1348","4","1","0","0","0","0","0","2","0","4","0","0","0","3","","","N","","","","","","","","","",""
"2021077513","0902","2","0","0","0","0","0","0","0","0","1","0","","67","8","2021","1","40.008303","-75.194369","0900","6","0","0","0","0","0","1","0","0","","0","0","0","8","1","1","","2","0","40 00:29.891","","0","75 11:39.727","3","0","0","0","67301","0","0","0","N","0","0","0","2","67301","0","","1.0","","1","N","N","N","0","","1","0","0","3","2","","850","2","1","2","0","0","0","0","2","0","2","0","0","0","4","04","","N","","","","","","","","","",""
"2021073683","1854","2","0","0","0","0","0","0","0","0","1","0","","67","8","2021","3","39.98628","-75.104371","1853","6","0","0","0","0","0","0","0","0","","0","0","0","18","1","1","","1","0","39 59:10.608","","0","75 06:15.736","8","0","0","0","67301","0","0","0","N","0","0","0","3","67301","0","","1.0","","1","N","N","N","0","","0","0","0","3","2","","1809","2","1","0","0","0","1","0","2","0","2","0","0","0","3","03","","N","","","","","","","","","",""
"2021102920","0955","0","0","0","0","0","0","0","0","0","4","0","","67","10","2021","4","40.043736","-75.13821","0942","6","0","0","0","0","0","1","0","0","","0","0","0","8","1","1","","1","0","40 02:37.449","","0","75 08:17.555","3","0","0","0","67301","0","0","0","N","0","0","0","2","67301","0","","1.0","","1","N","N","N","0","","1","0","2","3","3","","815","2","1","0","0","0","0","0","2","0","2","0","0","0","4","","","N","","","","","","","","","",""
"2021073731","0735","2","0","0","0","0","0","0","0","0","4","0","","67","8","2021","7","40.027383","-75.076803","0735","6","0","0","0","0","0","0","0","0","","0","0","0","20","6","0","","1","0","40 01:38.578","","0","75 04:36.490","9","0","0","0","67301","0","0","0","N","0","0","0","3","67301","0","","1.0","","1","N","N","N","0","","0","0","0","3","3","","2056","2","0","0","0","0","0","2","2","0","2","0","0","0","3","03","","N","","","","","","","","","",""
"2021071470","2104","1","0","0","0","0","0","0","0","0","7","0","","67","8","2021","1","39.982023","-75.166162","2056","6","0","0","0","0","0","0","0","0","","0","0","0","20","3","1","","2","0","39 58:55.282","","0","75 09:58.183","3","0","0","0","67301","0","0","0","N","0","0","0","1","67301","0","","5.0","","1","N","N","N","0","","1","0","0","0","0","","2054","1","1","0","0","0","0","0","2","0","1","0","0","0","3","","","N","","","","","","","","","",""
"2021115310","1207","1","0","0","0","0","0","0","0","0","4","1","","67","11","2021","4","40.114146","-74.987744","1156","6","1","0","0","0","0","0","0","1","","0","1","0","11","1","0","","1","1","40 06:50.926","6","0","74 59:15.880","0","0","0","0","67301","0","0","0","N","0","0","0","3","67301","0","","1.0","100.0","1","N","N","N","0","","0","0","1","3","2","Y","1142","3","0","0","0","0","0","0","2","0","3","0","0","0","3","03","","N","","","","","","","","","",""
"2021104777","1035","2","0","0","0","0","0","0","0","0","1","0","","67","10","2021","1","39.987156","-75.122576","1030","6","0","0","0","0","0","1","0","1","","0","0","0","10","1","0","Y","0","0","39 59:13.762","","0","75 07:21.272","0","0","0","0","67301","0","0","0","N","0","0","0","3","67301","0","","1.0","","1","N","N","N","0","","0","0","1","0","0","","1000","3","0","1","0","0","0","0","2","0","3","0","0","0","3","03","","N","","","","","","","","","",""
"2021104880","1750","1","0","0","0","0","0","0","0","0","2","0","","67","10","2021","6","39.993372","-75.197969","1739","6","0","0","0","0","1","0","0","0","","0","0","0","15","1","1","N","0","0","39 59:36.140","","0","75 11:52.690","3","0","0","0","67301","0","0","0","N","0","0","0","4","67301","0","","1.0","","9","N","N","N","0","","1","0","0","0","0","","1545","2","1","1","0","0","0","0","2","0","2","0","0","0","7","04","","N","","","","","","","","","",""
"2021050833","2117","2","0","0","0","0","0","0","0","0","1","0","","67","6","2021","3","39.99721","-75.187648","2116","6","0","0","0","0","0","0","1","0","","0","0","0","21","1","1","Y","0","0","39 59:49.956","","0","75 11:15.532","8","0","0","0","67301","0","0","0","N","0","0","0","3","67301","0","","1.0","","1","N","N","N","0","","0","0","1","3","2","","2115","3","1","0","0","0","1","2","2","0","3","0","0","0","3","","","N","","","","","","","","","",""
"2021115282","1225","1","0","0","0","0","0","0","0","0","4","1","","67","11","2021","4","40.008888","-75.071869","1204","6","0","0","0","0","0","0","0","0","","0","1","0","11","1","0","","5","1","40 00:31.996","1","0","75 04:18.728","0","0","0","0","67301","0","0","0","N","0","0","0","2","67301","0","","1.0","1235.0","1","N","N","N","0","","0","0","0","3","8","N","1135","2","0","0","0","0","0","0","2","0","2","0","0","0","3","03","","N","","","","","","","","","",""
"2021071640","0432","0","0","0","0","0","0","0","0","0","4","0","","67","8","2021","1","39.970115","-75.243139","0430","6","0","0","0","0","0","0","0","0","","0","0","0","4","3","3","","1","0","39 58:12.414","","0","75 14:35.300","3","0","0","0","67301","0","0","0","N","0","0","0","3","67301","0","","1.0","","1","N","N","N","0","","3","0","1","3","3","","413","2","3","3","0","0","0","0","2","1","2","0","0","0","3","03","","N","","","","","","","","","",""
"2021117742","0430","1","0","0","0","0","0","0","0","0","7","0","","67","11","2021","2","39.982469","-75.207689","0425","6","0","0","0","0","0","0","0","0","","0","0","0","4","3","1","N","0","2","39 58:56.890","4","0","75 12:27.679","4","0","0","0","67301","0","0","0","N","0","0","0","1","68K01","1","","2.0","435.0","9","N","N","Y","0","","0","0","0","0","0","N","420","1","1","0","0","0","0","0","2","0","1","0","0","0","7","","","N","","","","","","","","","",""
"2021074686","0234","2","0","0","0","0","0","0","0","0","1","0","","67","8","2021","1","39.944314","-75.2445","0234","6","0","0","0","0","0","0","0","0","","0","0","0","1","3","0","N","0","0","39 56:39.531","","0","75 14:40.200","9","0","0","0","67301","0","0","0","N","0","0","0","1","67301","0","","6.0","","9","N","N","N","1","","0","0","1","0","0","","158","4","0","0","0","0","0","1","2","0","4","0","0","0","7","07","","N","","","","","","","","","",""
"2021079473","0809","5","0","0","0","0","0","0","0","0","1","0","","67","8","2021","5","39.909189","-75.19316","0805","6","0","0","0","0","0","0","0","1","","0","0","0","7","1","1","N","0","0","39 54:33.082","","0","75 11:35.377","3","0","0","0","67301","0","0","0","N","0","0","0","6","67301","0","","1.0","","1","N","N","Y","0","","1","0","1","0","0","","750","6","1","0","0","0","0","0","2","0","6","0","0","0","3","03","","N","","","","","","","","","",""
"2021124057","0738","1","0","0","0","0","0","0","0","0","7","0","","67","12","2021","4","40.019092","-75.164237","0728","6","0","0","0","0","0","0","0","0","","0","0","0","7","1","0","N","0","1","40 01:08.732","1","0","75 09:51.254","0","0","0","0","67301","0","0","0","N","0","0","0","1","67301","0","","4.0","810.0","1","N","N","N","0","","0","0","0","0","0","N","714","1","0","1","0","0","0","0","2","0","1","0","0","0","3","03","","N","","","","","","","","","",""
"2021124061","2247","1","0","0","0","0","0","0","0","0","1","0","","67","12","2021","4","40.030583","-75.146476","2247","6","0","0","0","0","0","1","0","0","","0","0","0","21","3","1","","1","0","40 01:50.100","","0","75 08:47.313","8","0","0","0","67301","0","0","0","N","0","0","0","4","67301","0","","1.0","","1","N","N","N","0","","0","0","1","3","2","","2100","2","1","2","0","0","1","2","2","0","2","0","0","0","3","03","","N","","","","","","","","","",""
"2021073563","1130","0","0","0","0","0","0","0","0","0","1","0","","67","8","2021","2","40.107566","-75.053807","1126","6","0","0","0","0","0","0","0","0","","0","0","0","11","1","2","","2","0","40 06:27.237","","0","75 03:13.704","3","0","0","0","67301","0","0","0","N","0","0","0","3","67301","0","","1.0","","1","N","N","N","0","","2","0","2","3","2","","1125","2","2","0","0","0","0","1","2","0","2","0","0","0","3","03","","N","","","","","","","","","",""
"2021118073","1853","1","0","0","0","0","0","0","0","0","5","0","","67","11","2021","7","39.993422","-75.084685","1842","6","0","0","0","0","0","0","0","0","","0","0","0","18","4","1","N","0","2","39 59:36.318","1","0","75 05:04.865","3","0","0","0","67301","0","0","0","N","0","0","0","2","68K01","0","","1.0","1922.0","1","N","N","N","0","","1","0","1","0","0","N","1840","2","1","0","0","0","0","1","2","0","2","0","0","0","3","","","N","","","","","","","","","",""
"2021074245","1809","1","0","0","0","0","0","0","0","0","4","0","","67","8","2021","7","39.897624","-75.252377","1803","6","0","0","0","0","0","0","0","0","","0","0","0","16","1","0","","1","0","39 53:51.445","","0","75 15:08.556","0","0","0","0","67301","0","0","0","N","0","0","0","3","67301","0","","1.0","","1","N","N","N","0","","0","0","1","3","2","","1642","2","0","0","0","0","0","0","2","0","2","0","0","0","3","03","","N","","","","","","","","","",""
"2021122618","0846","1","0","0","0","0","0","0","0","0","7","0","","67","12","2021","2","39.942209","-75.153922","0840","6","0","0","0","1","0","0","0","0","","0","0","0","8","1","1","","1","0","39 56:31.954","","0","75 09:14.118","3","0","0","0","67301","0","0","0","N","0","0","0","2","67301","0","","4.0","","1","N","N","N","0","","1","0","0","3","2","","810","1","1","1","0","0","0","0","2","0","1","0","0","0","3","","","N","","","","","","","","","",""
"2021107500","0330","1","0","0","0","0","0","0","0","0","4","0","","67","11","2021","2","39.97713","-75.133812","0330","6","0","0","0","0","0","0","0","0","","0","0","0","3","3","0","","2","0","39 58:37.668","","1","75 08:01.723","0","0","0","0","67301","0","0","0","N","0","0","0","2","67301","0","","1.0","","1","N","N","N","0","","0","0","0","3","3","","315","2","0","0","0","0","0","0","2","0","2","0","0","0","3","03","","N","","","","","","","","","",""
"2021122780","1955","2","0","0","0","0","0","0","0","0","5","0","","67","12","2021","5","40.116261","-75.010683","1950","6","0","0","0","0","0","0","1","0","","0","0","0","19","3","0","N","0","0","40 06:58.540","","0","75 00:38.460","0","0","0","0","67301","0","0","0","N","0","0","0","1","67301","0","","6.0","","1","N","N","N","0","","0","0","0","0","0","","1945","2","0","0","0","0","0","0","2","0","2","0","0","0","3","03","","N","","","","","","","","","",""
"2021128665","1555","2","0","0","0","0","0","0","0","0","4","0","","67","12","2021","5","40.019528","-75.148896","1555","6","0","0","0","0","0","1","0","0","","0","0","0","18","6","1","","2","0","40 01:10.299","","0","75 08:56.025","4","0","0","0","67301","0","0","0","N","0","0","0","2","67301","1","","1.0","","99","N","N","N","0","","0","0","0","3","2","","1857","2","1","2","0","0","0","1","2","0","2","0","0","0","99","","","N","","","","","","","","","",""
"2021127235","","1","0","0","0","0","0","0","0","0","1","0","","67","12","2021","6","40.006645","-75.197987","","6","0","0","0","0","0","0","0","0","","0","0","0","14","1","1","N","0","0","40 00:23.922","","0","75 11:52.752","8","0","0","0","67301","0","0","0","N","0","0","0","2","00000","0","","1.0","","1","N","N","N","0","","0","0","1","0","0","","1446","2","1","0","0","0","1","0","2","0","2","0","0","0","3","","","N","","","","","","","","","",""
"2021115478","0115","1","0","0","0","0","0","0","0","0","4","0","","67","11","2021","6","40.036753","-75.040739","0112","6","0","0","0","0","0","1","0","0","","0","0","0","0","3","0","","1","1","40 02:12.310","4","0","75 02:26.659","0","0","0","0","67301","0","0","0","N","0","0","0","2","67301","0","","1.0","145.0","9","N","N","N","0","","0","0","1","3","2","N","50","2","0","0","0","0","0","0","2","0","2","0","0","0","7","07","","N","","","","","","","","","",""
"2021114510","1801","1","0","0","0","0","0","0","0","0","8","0","","67","11","2021","3","40.009866","-75.166801","1800","6","0","0","0","0","0","0","0","0","","0","0","0","7","1","1","","1","0","40 00:35.518","","0","75 10:00.484","3","0","0","0","67301","1","0","0","N","1","0","0","2","67301","0","","1.0","","1","N","N","N","0","","1","0","0","3","2","","745","2","1","0","0","0","0","0","2","0","1","1","0","0","3","03","","N","","","","","","","","","",""
"2021104108","0722","1","0","0","0","0","0","0","0","0","7","0","","67","10","2021","7","39.909722","-75.154389","0721","6","0","0","0","0","0","0","0","0","","0","0","0","7","1","0","N","0","0","39 54:35.000","","5","75 09:15.800","0","0","0","0","67301","0","0","0","N","0","0","0","1","67501","0","","4.0","","9","N","N","N","0","","0","0","0","3","8","","721","1","0","0","0","0","0","0","2","0","1","0","0","0","4","","","N","","","","","","","","","",""
"2021121168","0810","1","0","0","0","0","0","0","0","0","8","0","","67","12","2021","6","40.068663","-75.156786","0803","6","0","0","0","0","0","0","0","0","","0","0","0","9","1","1","","5","0","40 04:07.186","","0","75 09:24.430","3","0","0","0","67301","1","0","0","N","1","0","0","2","67301","0","","1.0","","1","N","N","N","0","","1","0","0","3","2","","930","2","1","0","0","0","0","0","2","0","1","1","0","0","3","98","","N","","","","","","","","","",""