"CRN","ARRIVAL_TM","AUTOMOBILE_COUNT","BELTED_DEATH_COUNT","BELTED_SUSP_SERIOUS_INJ_COUNT","BICYCLE_COUNT","BICYCLE_DEATH_COUNT","BICYCLE_SUSP_SERIOUS_INJ_COUNT","BUS_COUNT","CHLDPAS_DEATH_COUNT","CHLDPAS_SUSP_SERIOUS_INJ_COUNT","COLLISION_TYPE","COMM_VEH_COUNT","CONS_ZONE_SPD_LIM","COUNTY","CRASH_MONTH","CRASH_YEAR","DAY_OF_WEEK","DEC_LATITUDE","DEC_LONGITUDE","DISPATCH_TM","DISTRICT","DRIVER_COUNT_16YR","DRIVER_COUNT_17YR","DRIVER_COUNT_18YR","DRIVER_COUNT_19YR","DRIVER_COUNT_20YR","DRIVER_COUNT_50_64YR","DRIVER_COUNT_65_74YR","DRIVER_COUNT_75PLUS","EST_HRS_CLOSED","FATAL_COUNT","HEAVY_TRUCK_COUNT","HORSE_BUGGY_COUNT","HOUR_OF_DAY","ILLUMINATION","INJURY_COUNT","INTERSECTION_RELATED","INTERSECT_TYPE","LANE_CLOSED","LATITUDE","LN_CLOSE_DIR","LOCATION_TYPE","LONGITUDE","MAX_SEVERITY_LEVEL","MCYCLE_DEATH_COUNT","MCYCLE_SUSP_SERIOUS_INJ_COUNT","MOTORCYCLE_COUNT","MUNICIPALITY","NONMOTR_COUNT","NONMOTR_DEATH_COUNT","NONMOTR_SUSP_SERIOUS_INJ_COUNT","NTFY_HIWY_MAINT","PED_COUNT","PED_DEATH_COUNT","PED_SUSP_SERIOUS_INJ_COUNT","PERSON_COUNT","POLICE_AGCY","POSSIBLE_INJ_COUNT","RDWY_SURF_TYPE_CD","RELATION_TO_ROAD","ROADWAY_CLEARED","ROAD_CONDITION","SCH_BUS_IND","SCH_ZONE_IND","SECONDARY_CRASH","SMALL_TRUCK_COUNT","SPEC_JURIS_CD","SUSP_MINOR_INJ_COUNT","SUSP_SERIOUS_INJ_COUNT","SUV_COUNT","TCD_FUNC_CD","TCD_TYPE","TFC_DETOUR_IND","TIME_OF_DAY","TOTAL_UNITS","TOT_INJ_COUNT","UNBELTED_OCC_COUNT","UNB_DEATH_COUNT","UNB_SUSP_SERIOUS_INJ_COUNT","UNK_INJ_DEG_COUNT","UNK_INJ_PER_COUNT","URBAN_RURAL","VAN_COUNT","VEHICLE_COUNT","VULNERABLE_ROAD_USER_COUNT","VULNERABLE_ROAD_USER_DEATH_COUNT","VULNERABLE_ROAD_USER_SER_INJ_COUNT","WEATHER1","WEATHER2","WORKERS_PRES","WORK_ZONE_IND","WORK_ZONE_LOC","WORK_ZONE_TYPE","WZ_CLOSE_DETOUR","WZ_FLAGGER","WZ_LAW_OFFCR_IND","WZ_LN_CLOSURE","WZ_MOVING","WZ_OTHER","WZ_SHLDER_MDN","WZ_WORKERS_INJ_KILLED"
"2021105355","1345","1","0","0","0","0","0","0","0","0","4","0","","67","11","2021","2","39.937028","-75.218069","1339","6","0","0","0","0","0","0","0","0","","0","0","0","13","1","1","","2","0","39 56:13.300","","0","75 13:05.048","4","0","0","0","67301","0","0","0","N","0","0","0","3","67301","1","","1.0","","1","N","N","N","0","","0","0","1","3","3","","1339","2","1","0","0","0","0","0","2","0","2","0","0","0","3","","","N","","","","","","","","","",""
"2021103651","0825","2","0","0","0","0","0","0","0","0","1","0","","67","10","2021","4","40.006936","-75.074461","0815","6","0","0","0","0","0","0","1","0","","0","0","0","8","1","0","N","0","0","40 00:24.970","","8","75 04:28.059","0","0","0","0","67301","0","0","0","N","0","0","0","5","67301","0","","1.0","","1","N","N","N","0","","0","0","1","0","0","","815","3","0","5","0","0","0","0","2","0","3","0","0","0","3","03","","N","","","","","","","","","",""
"2021107351","1828","0","0","0","0","0","0","0","0","0","8","0","","67","10","2021","1","39.953994","-75.234313","1827","6","0","0","0","0","0","1","0","0","","0","0","0","18","3","1","","1","0","39 57:14.378","","0","75 14:03.526","3","0","0","0","67301","1","0","0","N","1","0","0","2","67301","0","","1.0","","1","N","N","N","0","","1","0","1","0","0","","1803","2","1","0","0","0","0","0","2","0","1","1","0","0","3","","","N","","","","","","","","","",""
"2021123015","1640","1","0","0","0","0","0","0","0","0","4","0","","67","12","2021","4","40.022111","-75.1161","1639","6","0","0","0","0","0","0","0","0","","0","0","0","16","1","1","","1","0","40 01:19.599","","0","75 06:57.960","8","0","0","0","67301","0","0","0","N","0","0","0","2","67301","0","","1.0","","1","N","N","N","0","","0","0","1","3","3","","1609","2","1","0","0","0","1","1","2","0","2","0","0","0","3","03","","N","","","","","","","","","",""
"2021103130","1630","0","0","0","0","0","0","0","0","0","7","0","","67","10","2021","3","40.033286","-75.076977","1622","6","0","0","0","0","0","0","0","0","","0","0","0","16","4","1","N","0","2","40 01:59.829","1","0","75 04:37.116","4","0","0","0","67301","0","0","0","N","0","0","0","1","67301","1","","4.0","1645.0","9","N","N","N","0","","0","0","1","0","0","N","1611","1","1","0","0","0","0","0","2","0","1","0","0","0","4","04","","N","","","","","","","","","",""
"2021104142","1229","0","0","0","0","0","0","0","0","0","8","0","","67","10","2021","4","39.925526","-75.159216","1229","6","0","0","0","0","0","0","0","0","","0","0","0","8","1","1","","1","0","39 55:31.893","","0","75 09:33.177","3","0","0","0","67301","1","0","0","N","1","0","0","2","67301","0","","1.0","","1","N","N","N","0","","1","0","1","0","0","","800","2","1","1","0","0","0","0","2","0","1","1","0","0","3","03","","N","","","","","","","","","",""
"2021113007","0038","0","0","0","0","0","0","0","0","0","4","0","","67","11","2021","5","40.01384","-75.12598","0028","6","0","0","0","0","0","1","0","0","","0","0","0","21","3","2","","1","0","40 00:49.824","","0","75 07:33.527","3","0","0","0","67301","0","0","0","N","0","0","0","2","67301","0","","1.0","","9","N","N","N","0","","2","0","2","3","2","","2150","2","2","0","0","0","0","0","2","0","2","0","0","0","7","","","N","","","","","","","","","",""
"2021127679","1305","1","0","0","0","0","0","0","0","0","7","0","","67","12","2021","1","39.945265","-75.14311","1303","6","0","0","0","0","0","0","0","0","","0","0","0","4","3","0","","2","0","39 56:42.953","","0","75 08:35.195","0","0","0","0","67301","0","0","0","N","0","0","0","1","67301","0","","4.0","","99","N","N","N","0","","0","0","0","3","3","","400","1","0","0","0","0","0","0","2","0","1","0","0","0","3","03","","N","","","","","","","","","",""
"2021127231","","1","0","0","0","0","0","0","0","0","5","0","","67","12","2021","3","","","","6","0","0","0","1","0","0","0","0","","0","0","0","3","2","1","N","0","0","","","0","","8","0","0","0","67301","0","0","0","N","0","0","0","2","00000","0","","1.0","","1","N","N","N","0","","0","0","0","0","0","","305","2","1","0","0","0","1","0","1","0","2","0","0","0","3","","","N","","","","","","","","","",""
"2021122163","1735","1","0","0","0","0","0","0","0","0","4","0","","67","12","2021","2","40.013881","-75.175344","1724","6","0","0","0","0","0","0","0","0","","0","0","0","15","1","1","N","0","0","40 00:49.970","","0","75 10:31.240","2","0","1","1","67301","0","0","0","N","0","0","0","2","67301","0","","1.0","","1","N","N","N","0","","0","1","0","0","0","","1545","2","1","0","0","0","0","1","2","0","2","0","0","0","3","","","N","","","","","","","","","",""
"2021121004","0107","4","0","0","0","0","0","0","0","0","7","0","","67","12","2021","7","40.038194","-75.170528","0102","6","0","0","0","0","0","0","0","0","","0","0","0","0","3","0","N","0","0","40 02:17.500","","0","75 10:13.900","9","0","0","0","67301","0","0","0","N","0","0","0","1","67301","0","","4.0","","9","N","N","N","0","","0","0","0","0","0","","55","4","0","1","0","0","0","1","2","0","4","0","0","0","7","","","N","","","","","","","","","",""
"2021121234","1848","1","0","0","0","0","0","0","0","0","1","0","","67","12","2021","5","39.909956","-75.193096","1847","6","0","0","0","0","0","1","1","0","","0","0","0","18","3","0","N","0","0","39 54:35.841","","0","75 11:35.145","0","0","0","0","67301","0","0","0","N","0","0","0","2","67301","0","","1.0","","1","N","N","N","1","","0","0","0","0","0","","1828","2","0","0","0","0","0","0","2","0","2","0","0","0","3","03","","N","","","","","","","","","",""
"2021116500","0703","0","0","0","0","0","0","0","0","0","0","0","","67","11","2021","4","39.891783","-75.236699","0703","6","0","0","0","0","0","1","0","0","","0","0","0","6","3","0","N","0","1","39 53:30.417","1","0","75 14:12.117","0","0","0","0","67301","0","0","0","Y","0","0","0","1","68K01","0","","1.0","740.0","1","N","N","N","1","","0","0","0","0","0","N","632","1","0","0","0","0","0","0","2","0","1","0","0","0","3","03","","N","","","","","","","","","",""
"2021105357","0917","1","0","0","0","0","0","0","0","0","5","0","","67","10","2021","1","40.027244","-75.141814","0912","6","0","0","0","0","0","0","0","0","","0","0","0","9","5","0","N","0","0","40 01:38.080","","0","75 08:30.530","0","0","0","0","67301","0","0","0","N","0","0","0","1","67301","0","","6.0","","1","N","N","N","0","","0","0","1","0","0","","910","2","0","0","0","0","0","0","2","0","2","0","0","0","3","","","N","","","","","","","","","",""
"2021104380","1900","2","0","0","0","0","0","0","0","0","4","0","","67","10","2021","7","40.009009","-75.156218","1900","6","0","0","0","0","0","0","0","0","","0","0","0","16","1","3","","2","0","40 00:32.432","","0","75 09:22.384","3","0","0","0","67301","0","0","0","N","0","0","0","4","67301","2","","1.0","","1","N","N","N","0","","1","0","0","3","3","","1630","2","3","0","0","0","0","0","2","0","2","0","0","0","4","04","","N","","","","","","","","","",""
"2021122111","0900","0","0","0","0","0","0","0","0","0","1","0","","67","12","2021","2","40.05679","-75.1286","0836","6","0","0","0","0","0","0","1","0","","0","0","0","7","1","1","N","0","0","40 03:24.444","","0","75 07:42.959","8","0","0","0","67301","0","0","0","N","0","0","0","3","67301","0","","1.0","","1","N","N","N","0","","0","0","1","0","0","","730","2","1","0","0","0","1","0","2","0","2","0","0","0","3","03","","N","","","","","","","","","",""
"2021128146","","1","0","0","0","0","0","0","0","0","1","0","","67","12","2021","4","39.950184","-75.180885","","6","0","0","0","0","0","0","1","0","","0","0","0","16","1","1","N","0","0","39 57:00.663","","99","75 10:51.186","8","0","0","0","67301","0","0","0","N","0","0","0","2","00000","0","","1.0","","1","N","N","N","0","","0","0","0","0","0","","1630","2","1","0","0","0","1","0","2","0","2","0","0","0","3","","","N","","","","","","","","","",""
"2021103664","0021","1","0","0","0","0","0","0","0","0","1","0","","67","10","2021","5","39.904061","-75.240291","0014","6","0","0","0","0","0","1","0","0","","0","0","0","0","3","4","","1","2","39 54:14.619","2","0","75 14:25.049","3","0","0","0","67301","0","0","0","N","0","0","0","6","67301","0","","1.0","237.0","1","N","N","N","0","","4","0","3","3","2","N","7","4","4","1","0","0","0","0","2","0","4","0","0","0","3","03","","N","","","","","","","","","",""
"2021104594","1605","2","0","0","0","0","0","0","0","0","6","0","","67","10","2021","3","39.993439","-75.237039","1605","6","0","0","0","0","0","0","0","0","","0","0","0","16","4","3","N","0","2","39 59:36.380","5","0","75 14:13.340","3","0","0","0","67301","0","0","0","N","0","0","0","3","67301","0","","6.0","1856.0","9","N","N","N","0","","3","0","3","0","0","Y","1605","5","3","0","0","0","0","0","2","0","5","0","0","0","7","04","","N","","","","","","","","","",""
"2021106136","2036","0","0","0","0","0","0","0","0","0","5","0","45","67","10","2021","6","39.968258","-75.129978","2010","6","0","0","0","0","0","0","0","0","","0","0","0","20","3","1","N","0","1","39 58:05.728","2","3","75 07:47.919","3","0","0","0","67301","0","0","0","N","0","0","0","2","68K01","0","","1.0","2050.0","9","N","N","N","0","","1","0","2","0","0","N","2005","2","1","0","0","0","0","0","2","0","2","0","0","0","7","","N","Y","5","1","","","N","","","","Y","N"
"2021123454","2216","2","0","0","0","0","0","0","0","0","2","0","","67","12","2021","4","39.910722","-75.163333","2215","6","0","0","0","0","0","1","0","0","","0","0","0","22","3","1","N","0","2","39 54:38.600","3","2","75 09:48.000","3","0","0","0","67301","0","0","0","N","0","0","0","2","67501","0","","1.0","2311.0","1","N","N","N","0","","1","0","0","0","0","Y","2215","2","1","0","0","0","0","0","2","0","2","0","0","0","3","03","","N","","","","","","","","","",""
"2021105373","1301","2","0","0","0","0","0","0","0","0","4","0","","67","11","2021","2","39.923095","-75.159735","1258","6","0","0","0","0","0","1","1","0","","0","0","0","12","1","0","","1","0","39 55:23.141","","0","75 09:35.045","9","0","0","0","67301","0","0","0","N","0","0","0","3","67301","0","","1.0","","1","N","N","N","0","","0","0","1","3","2","","1258","3","0","0","0","0","0","2","2","0","3","0","0","0","3","","","N","","","","","","","","","",""
"2021122975","1735","2","0","0","0","0","0","0","0","0","4","0","","67","12","2021","3","39.991664","-75.195571","1718","6","0","0","0","0","0","0","0","0","","0","0","0","17","3","0","N","0","1","39 59:29.990","2","0","75 11:44.054","9","0","0","0","67301","0","0","0","N","0","0","0","3","67301","0","","1.0","1820.0","1","N","N","N","0","","0","0","0","0","0","N","1700","2","0","0","0","0","0","1","2","0","2","0","0","0","3","","","N","","","","","","","","","",""
"2021105319","0640","0","0","0","0","0","0","0","0","0","8","0","","67","10","2021","3","40.016994","-75.188321","0631","6","0","0","0","0","0","0","0","0","","0","0","0","6","3","1","","1","0","40 01:01.180","","0","75 11:17.957","3","0","0","0","67301","2","0","0","N","2","0","0","3","67301","0","","1.0","","9","N","N","N","1","","1","0","0","3","2","","629","3","1","0","0","0","0","1","2","0","1","2","0","0","7","03","","N","","","","","","","","","",""
"2021115721","0521","0","0","0","0","0","0","0","0","0","4","0","","67","11","2021","6","40.041952","-75.075034","0517","6","0","0","0","0","0","0","0","0","","0","1","0","5","3","0","","5","1","40 02:31.027","1","0","75 04:30.123","9","0","0","0","67301","0","0","0","N","0","0","0","8","67301","0","","1.0","635.0","9","N","N","N","0","","0","0","1","3","2","N","516","2","0","0","0","0","0","3","2","0","2","0","0","0","7","","","N","","","","","","","","","",""
"2021104378","1940","0","0","0","0","0","0","0","0","0","4","0","","67","10","2021","5","39.95577","-75.15905","1931","6","0","0","0","0","0","1","0","0","","0","0","0","19","3","0","","1","1","39 57:20.771","3","0","75 09:32.581","0","0","0","0","67301","0","0","0","N","0","0","0","2","67301","0","","1.0","2015.0","1","N","N","N","1","","0","0","1","3","2","Y","1930","2","0","0","0","0","0","0","2","0","2","0","0","0","3","03","","N","","","","","","","","","",""
"2021104254","1700","1","0","0","0","0","0","0","0","0","8","0","","67","10","2021","5","40.01384","-75.12598","1626","6","0","0","0","0","0","0","0","0","","0","0","0","14","1","1","","1","0","40 00:49.824","","0","75 07:33.527","3","0","0","0","67301","1","0","0","N","1","0","0","2","67301","0","","1.0","","1","N","N","N","0","","1","0","0","3","2","","1455","2","1","0","0","0","0","1","2","0","1","1","0","0","4","","","N","","","","","","","","","",""
"2021120357","1757","0","0","0","0","0","0","0","0","0","5","0","","67","12","2021","4","39.97528","-75.194341","1757","6","0","0","1","0","0","0","0","0","","0","0","0","17","3","0","N","0","0","39 58:31.008","","3","75 11:39.627","0","0","0","0","67301","0","0","0","N","0","0","0","3","67301","0","","1.0","","1","N","N","N","1","","0","0","2","0","0","","1757","3","0","1","0","0","0","0","2","0","3","0","0","0","3","03","","N","","","","","","","","","",""
"2021121287","0849","1","0","0","0","0","0","0","0","0","4","0","","67","12","2021","4","39.989809","-75.125532","0847","6","0","0","0","0","0","1","0","0","","0","0","0","8","1","1","","1","0","39 59:23.311","","1","75 07:31.914","3","0","0","0","67301","0","0","0","N","0","0","0","3","67301","0","","1.0","","1","N","N","N","0","","1","0","1","3","2","","842","2","1","0","0","0","0","0","2","0","2","0","0","0","3","","","N","","","","","","","","","",""
"2021115044","0743","1","0","0","0","0","0","0","0","0","4","0","","67","11","2021","3","40.04324","-75.052268","0729","6","0","0","0","0","0","0","0","0","","0","0","0","7","1","1","","1","0","40 02:35.664","","0","75 03:08.163","3","0","0","0","67301","0","0","0","N","0","0","0","3","67301","0","","1.0","","1","N","N","N","0","","1","0","1","3","2","","720","2","1","1","0","0","0","0","2","0","2","0","0","0","3","03","","N","","","","","","","","","",""
"2021103803","1520","1","0","0","0","0","0","0","0","0","4","0","","67","10","2021","4","40.005582","-75.09689","1501","6","0","0","1","0","0","1","0","0","","0","0","0","14","1","1","","1","0","40 00:20.095","","1","75 05:48.804","3","0","0","0","67301","0","0","0","N","0","0","0","2","67301","0","","1.0","","1","N","N","N","0","","1","0","1","3","2","","1455","2","1","0","0","0","0","0","2","0","2","0","0","0","3","03","","N","","","","","","","","","",""
"2021072053","2236","1","0","0","0","0","0","0","0","0","4","0","","67","8","2021","2","39.969199","-75.228382","2235","6","0","0","1","0","0","0","0","0","","0","0","0","22","3","0","","1","0","39 58:09.116","","0","75 13:42.175","0","0","0","0","67301","0","0","0","N","0","0","0","2","67301","0","","1.0","","1","N","N","N","0","","0","0","1","3","3","","2230","3","0","1","0","0","0","0","2","1","3","0","0","0","3","03","","N","","","","","","","","","",""
"2021073461","1312","3","0","0","0","0","0","0","0","0","1","0","","67","8","2021","6","40.013448","-75.086678","1310","6","0","0","0","0","0","0","2","0","","0","0","0","12","1","4","Y","0","1","40 00:48.413","1","0","75 05:12.042","3","0","0","0","67301","0","0","0","N","0","0","0","4","67301","2","","1.0","20.0","1","N","N","N","0","","2","0","0","3","2","N","1249","3","4","0","0","0","0","0","2","0","3","0","0","0","3","03","","N","","","","","","","","","",""
"2021125486","1821","2","0","0","0","0","0","0","0","0","4","0","","67","12","2021","5","39.976859","-75.231782","1821","6","0","0","0","0","0","0","0","0","","0","0","0","18","3","1","","1","0","39 58:36.692","","0","75 13:54.415","3","0","0","0","67301","0","0","0","N","0","0","0","2","67301","0","","1.0","","1","N","N","Y","1","","1","0","0","3","2","","1821","3","1","1","0","0","0","0","2","0","3","0","0","0","3","03","","N","","","","","","","","","",""
"2021103695","0907","1","0","0","0","0","0","0","0","0","4","0","","67","10","2021","6","39.977154","-75.229026","0902","6","0","1","0","0","0","1","0","0","","0","0","0","8","1","0","","2","0","39 58:37.754","","0","75 13:44.493","9","0","0","0","67301","0","0","0","N","0","0","0","2","67301","0","","1.0","","9","N","N","N","0","","0","0","1","3","3","","819","2","0","0","0","0","0","1","2","0","2","0","0","0","4","07","","N","","","","","","","","","",""
"2021109158","0403","1","0","0","0","0","0","0","0","0","7","0","","67","10","2021","7","39.982489","-75.207701","0358","6","0","0","0","1","0","0","0","0","","0","0","0","3","3","1","N","0","1","39 58:56.961","4","0","75 12:27.722","8","0","0","0","67301","0","0","0","N","0","0","0","1","68K01","0","","2.0","420.0","9","N","N","N","0","","0","0","0","0","0","N","353","1","1","0","0","0","1","0","2","0","1","0","0","0","7","","","N","","","","","","","","","",""
"2021104678","1717","1","0","0","1","0","0","0","0","0","8","0","","67","10","2021","7","39.911236","-75.177072","1716","6","0","0","0","0","0","0","1","0","","0","0","0","17","1","1","","2","0","39 54:40.450","","0","75 10:37.460","8","0","0","0","67301","1","0","0","N","0","0","0","3","67301","0","","1.0","","1","N","N","N","0","","0","0","0","0","0","","1716","2","1","0","0","0","1","0","2","0","1","1","0","0","3","","","N","","","","","","","","","",""
"2021116359","1801","1","0","0","0","0","0","0","0","0","5","0","","67","11","2021","1","39.997378","-75.129519","1801","6","0","0","0","0","0","1","0","0","","0","0","0","17","3","1","N","0","1","39 59:50.560","1","0","75 07:46.270","3","0","0","0","67301","0","0","0","N","0","0","0","1","67301","0","","6.0","1810.0","1","N","N","N","0","","1","0","1","0","0","N","1755","2","1","1","0","0","0","0","2","0","2","0","0","0","3","","","N","","","","","","","","","",""
"2021110433","1232","2","0","0","0","0","0","0","0","0","4","0","","67","10","2021","7","40.006682","-75.094888","1230","6","0","0","0","0","0","0","0","0","","0","0","0","0","3","1","","3","0","40 00:24.055","","1","75 05:41.596","4","0","0","0","67301","0","0","0","N","0","0","0","2","67301","1","","1.0","","9","N","N","N","0","","0","0","0","3","3","","15","2","1","0","0","0","0","1","2","0","2","0","0","0","7","07","","N","","","","","","","","","",""
"2021102932","1726","0","0","0","0","0","0","0","0","0","1","0","","67","10","2021","3","39.923211","-75.160632","1720","6","0","0","0","0","0","0","0","0","","0","0","0","16","1","1","Y","0","0","39 55:23.558","","0","75 09:38.274","3","0","0","0","67301","0","0","0","N","0","0","0","2","67301","0","","1.0","","1","N","N","N","1","","1","0","1","3","2","","1659","2","1","0","0","0","0","0","2","0","2","0","0","0","4","","","N","","","","","","","","","",""
"2021110434","0109","0","0","0","0","0","0","0","0","0","5","0","","67","10","2021","1","40.007508","-75.104919","0109","6","0","0","0","0","0","0","0","0","","0","0","0","0","3","0","N","0","0","40 00:27.030","","0","75 06:17.710","0","0","0","0","67301","0","0","0","N","0","0","0","1","67301","0","","6.0","","9","N","N","N","1","","0","0","2","0","0","","56","5","0","0","0","0","0","0","2","1","4","0","0","0","7","04","","N","","","","","","","","","",""
"2021120669","0930","1","0","1","0","0","0","0","0","0","4","0","","67","12","2021","4","40.010074","-75.157612","0930","6","0","0","0","0","0","1","0","0","","0","0","0","10","1","4","","1","0","40 00:36.265","","0","75 09:27.402","2","0","0","0","67301","0","0","0","N","0","0","0","4","67301","0","","1.0","","1","N","N","N","0","","2","1","1","3","2","","1003","3","4","0","0","0","1","0","2","1","3","0","0","0","3","","","N","","","","","","","","","",""
"2021127678","1224","1","0","0","0","0","0","0","0","0","4","0","","67","12","2021","6","39.957191","-75.158716","1224","6","0","0","0","0","0","1","0","0","","0","0","0","12","1","0","","1","0","39 57:25.888","","3","75 09:31.377","0","0","0","0","67301","0","0","0","N","0","0","0","2","67301","0","","1.0","","1","N","N","N","1","","0","0","0","3","2","","1201","2","0","0","0","0","0","0","2","0","2","0","0","0","3","04","","N","","","","","","","","","",""
"2021105611","2221","1","0","0","0","0","0","0","0","0","2","0","","67","10","2021","7","40.007887","-75.104149","2217","6","0","0","0","0","0","0","0","0","","0","0","0","18","3","0","","1","0","40 00:28.394","","0","75 06:14.938","0","0","0","0","67301","0","0","0","N","0","0","0","2","67301","0","","1.0","","1","N","N","N","0","","0","0","1","0","0","","1840","2","0","0","0","0","0","0","2","0","2","0","0","0","3","98","","N","","","","","","","","","",""
"2021104127","1710","0","0","0","0","0","0","0","0","0","4","0","","67","10","2021","5","40.048462","-75.181386","1705","6","0","0","0","0","0","1","0","0","","0","0","0","17","1","1","","1","2","40 02:54.463","3","0","75 10:52.989","3","0","0","0","67301","0","0","0","N","0","0","0","2","67301","0","","1.0","1735.0","1","N","N","N","0","","1","0","2","3","3","N","1700","2","1","0","0","0","0","0","2","0","2","0","0","0","3","03","","N","","","","","","","","","",""
"2021120778","1822","1","0","0","0","0","0","0","0","0","1","0","","67","12","2021","5","40.009734","-75.063881","1815","6","0","0","0","0","0","1","0","0","","0","0","0","18","3","0","N","0","1","40 00:35.044","2","0","75 03:49.973","0","0","0","0","67301","0","0","0","N","0","0","0","2","67301","0","","1.0","100.0","1","N","N","N","0","","0","0","1","0","0","N","1810","2","0","0","0","0","0","0","2","0","2","0","0","0","3","03","","N","","","","","","","","","",""
"2021106277","1125","1","0","0","0","0","0","0","0","0","4","0","","67","10","2021","6","39.927555","-75.146102","1125","6","0","0","0","0","0","0","0","0","","0","0","0","20","3","1","","1","0","39 55:39.198","","0","75 08:45.967","8","0","0","0","67301","0","0","0","N","0","0","0","2","67301","0","","1.0","","1","N","N","N","0","","0","0","1","3","3","","2000","2","1","0","0","0","1","1","2","0","2","0","0","0","3","03","","N","","","","","","","","","",""
"2021120528","1701","2","0","0","0","0","0","0","0","0","4","0","","67","12","2021","5","40.027532","-75.134487","1701","6","0","0","0","0","0","0","0","0","","0","0","0","16","3","0","","1","0","40 01:39.115","","0","75 08:04.153","9","0","0","0","67301","0","0","0","N","0","0","0","2","67301","0","","1.0","","1","N","N","N","0","","0","0","0","3","3","","1640","2","0","0","0","0","0","1","2","0","2","0","0","0","3","","","N","","","","","","","","","",""
"2021104484","1016","1","0","0","0","0","0","0","0","0","1","0","","67","10","2021","6","40.017025","-75.149548","1014","6","0","0","0","0","0","0","1","0","","0","0","0","9","1","0","N","0","0","40 01:01.291","","0","75 08:58.372","0","0","0","0","67301","0","0","0","N","0","0","0","2","67301","0","","1.0","","9","N","N","N","1","","0","0","0","0","0","","922","2","0","0","0","0","0","0","2","0","2","0","0","0","3","","","N","","","","","","","","","",""
"2021104720","0049","2","0","0","0","0","0","0","0","0","4","0","","67","10","2021","6","40.036501","-75.131034","0039","6","0","0","0","0","0","0","0","0","","0","0","0","19","3","0","N","0","0","40 02:11.405","","7","75 07:51.721","0","0","0","0","67301","0","0","0","N","0","0","0","1","67301","0","","1.0","","9","N","N","N","0","","0","0","0","0","0","","1916","2","0","0","0","0","0","0","2","0","2","0","0","0","7","07","","N","","","","","","","","","",""
"2021118062","1324","0","0","0","0","0","0","0","0","0","1","0","","67","10","2021","1","40.019384","-75.045799","1315","6","0","0","0","0","0","0","0","1","","0","0","0","13","1","0","N","0","0","40 01:09.781","","0","75 02:44.877","0","0","0","0","67301","0","0","0","N","0","0","0","2","68K01","0","","1.0","","1","N","N","N","0","","0","0","1","0","0","","1314","2","0","0","0","0","0","0","2","1","2","0","0","0","3","","","N","","","","","","","","","",""
"2021115750","0756","0","0","0","0","0","0","0","0","0","7","0","","67","11","2021","7","40.02595","-75.09715","0748","6","0","0","0","0","0","0","0","0","","0","0","0","7","8","0","N","0","0","40 01:33.420","","0","75 05:49.740","9","0","0","0","67301","0","0","0","N","0","0","0","1","67301","0","","4.0","","99","N","N","N","0","","0","0","1","0","0","","700","1","0","0","0","0","0","1","2","0","1","0","0","0","99","","","N","","","","","","","","","",""
"2021121718","0505","0","0","0","0","0","0","0","0","0","7","0","","67","12","2021","7","39.961002","-75.181981","0505","6","0","0","0","0","0","0","0","0","","0","0","0","5","3","1","N","0","2","39 57:39.608","4","0","75 10:55.130","8","0","0","0","67301","0","0","0","N","0","0","0","1","68K01","0","","4.0","510.0","9","N","N","N","0","","0","0","1","0","0","N","505","1","1","0","0","0","1","0","2","0","1","0","0","0","7","07","","N","","","","","","","","","",""
"2021104774","0353","2","0","0","0","0","0","0","0","0","4","0","","67","10","2021","1","39.917691","-75.212144","0348","6","0","0","0","1","0","0","0","0","","0","0","0","3","3","1","N","0","0","39 55:03.686","","7","75 12:43.719","4","0","0","0","67301","0","0","0","N","0","0","0","2","67301","1","","1.0","","9","N","N","N","0","","0","0","0","0","0","","328","2","1","0","0","0","0","0","2","0","2","0","0","0","3","","","N","","","","","","","","","",""
"2021116196","0630","1","0","0","0","0","0","0","0","0","5","0","","67","10","2021","5","39.973474","-75.194005","0618","6","0","0","0","0","0","0","0","0","","0","0","0","6","3","1","N","0","1","39 58:24.505","3","0","75 11:38.417","3","0","0","0","67301","0","0","0","N","0","0","0","2","68K01","0","","1.0","652.0","1","N","N","N","0","","1","0","0","0","0","N","608","2","1","0","0","0","0","0","2","0","2","0","0","0","3","03","","N","","","","","","","","","",""
"2021114087","1323","1","0","0","0","0","0","0","0","0","6","0","","67","11","2021","2","40.116173","-75.020385","1311","6","0","0","0","0","0","1","0","1","","0","0","0","13","1","0","N","0","0","40 06:58.221","","0","75 01:13.387","0","0","0","0","67301","0","0","0","N","0","0","0","2","67301","0","","1.0","","1","N","N","N","0","","0","0","1","3","2","","1305","2","0","0","0","0","0","0","2","0","2","0","0","0","4","04","","N","","","","","","","","","",""
"2021121669","1710","1","0","0","0","0","0","0","0","0","4","0","","67","12","2021","1","40.049721","-75.171733","1705","6","0","0","0","0","0","2","0","0","","0","0","0","16","3","1","","1","0","40 02:58.996","","0","75 10:18.240","3","0","0","0","67301","0","0","0","N","0","0","0","2","67301","0","","1.0","","1","N","N","N","0","","1","0","1","3","3","","1630","2","1","0","0","0","0","0","2","0","2","0","0","0","3","","","N","","","","","","","","","",""
"2021104384","1903","1","0","0","0","0","0","0","0","0","4","0","","67","10","2021","6","40.00827","-75.156377","1903","6","0","0","0","0","0","0","0","0","","0","0","0","15","1","2","","1","0","40 00:29.772","","0","75 09:22.957","3","0","0","0","67301","0","0","0","N","0","0","0","3","67301","0","","1.0","","1","N","N","N","0","","2","0","0","3","3","","1510","2","2","0","0","0","0","0","2","1","2","0","0","0","4","04","","N","","","","","","","","","",""