"CRN","ARRIVAL_TM","AUTOMOBILE_COUNT","BELTED_DEATH_COUNT","BELTED_SUSP_SERIOUS_INJ_COUNT","BICYCLE_COUNT","BICYCLE_DEATH_COUNT","BICYCLE_SUSP_SERIOUS_INJ_COUNT","BUS_COUNT","CHLDPAS_DEATH_COUNT","CHLDPAS_SUSP_SERIOUS_INJ_COUNT","COLLISION_TYPE","COMM_VEH_COUNT","CONS_ZONE_SPD_LIM","COUNTY","CRASH_MONTH","CRASH_YEAR","DAY_OF_WEEK","DEC_LATITUDE","DEC_LONGITUDE","DISPATCH_TM","DISTRICT","DRIVER_COUNT_16YR","DRIVER_COUNT_17YR","DRIVER_COUNT_18YR","DRIVER_COUNT_19YR","DRIVER_COUNT_20YR","DRIVER_COUNT_50_64YR","DRIVER_COUNT_65_74YR","DRIVER_COUNT_75PLUS","EST_HRS_CLOSED","FATAL_COUNT","HEAVY_TRUCK_COUNT","HORSE_BUGGY_COUNT","HOUR_OF_DAY","ILLUMINATION","INJURY_COUNT","INTERSECTION_RELATED","INTERSECT_TYPE","LANE_CLOSED","LATITUDE","LN_CLOSE_DIR","LOCATION_TYPE","LONGITUDE","MAX_SEVERITY_LEVEL","MCYCLE_DEATH_COUNT","MCYCLE_SUSP_SERIOUS_INJ_COUNT","MOTORCYCLE_COUNT","MUNICIPALITY","NONMOTR_COUNT","NONMOTR_DEATH_COUNT","NONMOTR_SUSP_SERIOUS_INJ_COUNT","NTFY_HIWY_MAINT","PED_COUNT","PED_DEATH_COUNT","PED_SUSP_SERIOUS_INJ_COUNT","PERSON_COUNT","POLICE_AGCY","POSSIBLE_INJ_COUNT","RDWY_SURF_TYPE_CD","RELATION_TO_ROAD","ROADWAY_CLEARED","ROAD_CONDITION","SCH_BUS_IND","SCH_ZONE_IND","SECONDARY_CRASH","SMALL_TRUCK_COUNT","SPEC_JURIS_CD","SUSP_MINOR_INJ_COUNT","SUSP_SERIOUS_INJ_COUNT","SUV_COUNT","TCD_FUNC_CD","TCD_TYPE","TFC_DETOUR_IND","TIME_OF_DAY","TOTAL_UNITS","TOT_INJ_COUNT","UNBELTED_OCC_COUNT","UNB_DEATH_COUNT","UNB_SUSP_SERIOUS_INJ_COUNT","UNK_INJ_DEG_COUNT","UNK_INJ_PER_COUNT","URBAN_RURAL","VAN_COUNT","VEHICLE_COUNT","VULNERABLE_ROAD_USER_COUNT","VULNERABLE_ROAD_USER_DEATH_COUNT","VULNERABLE_ROAD_USER_SER_INJ_COUNT","WEATHER1","WEATHER2","WORKERS_PRES","WORK_ZONE_IND","WORK_ZONE_LOC","WORK_ZONE_TYPE","WZ_CLOSE_DETOUR","WZ_FLAGGER","WZ_LAW_OFFCR_IND","WZ_LN_CLOSURE","WZ_MOVING","WZ_OTHER","WZ_SHLDER_MDN","WZ_WORKERS_INJ_KILLED"
"2021122665","1139","1","0","0","0","0","0","0","0","0","4","0","","67","12","2021","3","40.064226","-75.158953","1139","6","0","0","0","0","0","0","0","0","","0","0","0","11","1","1","","2","2","40 03:51.213","5","0","75 09:32.230","2","0","0","0","67301","0","0","0","N","0","0","0","1","67301","0","","1.0","350.0","1","N","N","N","0","","0","1","1","0","0","N","1139","2","1","0","0","0","0","0","2","0","2","0","0","0","3","03","","N","","","","","","","","","",""
"2021106839","1710","1","0","0","0","0","0","1","0","0","4","1","","67","10","2021","5","39.952601","-75.165374","1700","6","0","0","0","0","0","0","0","0","","0","0","0","17","1","1","","2","0","39 57:09.365","","0","75 09:55.348","4","0","0","0","67301","0","0","0","N","0","0","0","3","67508","1","","1.0","","1","N","N","Y","0","","0","0","0","3","1","N","1700","2","1","0","0","0","0","0","2","0","2","0","0","0","3","03","","N","","","","","","","","","",""
"2021105715","2249","0","0","0","0","0","0","0","0","0","4","0","","67","11","2021","2","40.013545","-75.158876","2249","6","0","0","0","0","1","0","0","0","","0","0","0","22","3","2","","2","1","40 00:48.761","4","0","75 09:31.952","4","0","0","0","67301","0","0","0","N","0","0","0","2","67301","2","","1.0","1115.0","1","N","N","N","0","","0","0","3","0","0","N","2249","3","2","0","0","0","0","0","2","0","3","0","0","0","3","","","N","","","","","","","","","",""
"2021120519","1918","0","0","0","0","0","0","0","0","0","1","0","","67","12","2021","5","40.113684","-74.989079","1918","6","0","0","0","0","0","0","0","0","","0","0","0","19","3","0","N","0","2","40 06:49.263","2","0","74 59:20.684","9","0","0","0","67301","0","0","0","N","0","0","0","2","67301","0","","1.0","1930.0","1","N","N","N","1","","0","0","0","0","0","N","1918","2","0","0","0","0","0","1","2","1","2","0","0","0","3","","","N","","","","","","","","","",""
"2021126748","1930","1","0","0","0","0","0","0","0","0","1","0","","67","12","2021","4","39.880046","-75.253477","1854","6","0","0","0","0","0","0","0","0","","0","0","0","18","3","0","N","0","0","39 52:48.165","","2","75 15:12.518","9","0","0","0","67301","0","0","0","N","0","0","0","2","68K01","0","","2.0","","1","N","N","N","1","","0","0","0","0","0","","1851","2","0","0","0","0","0","1","2","0","2","0","0","0","3","","","N","","","","","","","","","",""
"2021104000","1945","2","0","0","0","0","0","0","0","0","4","0","","67","10","2021","6","40.013136","-75.156924","1945","6","0","0","0","0","0","0","0","0","","0","0","0","13","1","1","","1","0","40 00:47.289","","0","75 09:24.926","3","0","0","0","67301","0","0","0","N","0","0","0","2","67301","0","","1.0","","1","N","N","N","0","","1","0","0","3","3","","1345","2","1","0","0","0","0","0","2","0","2","0","0","0","4","04","","N","","","","","","","","","",""
"2021121317","1230","0","0","0","0","0","0","0","0","0","8","0","","67","12","2021","6","40.013178","-75.070421","1224","6","0","0","0","0","0","1","0","0","","0","0","0","12","1","1","","1","0","40 00:47.439","","0","75 04:13.514","3","0","0","0","67301","1","0","0","N","0","0","0","2","67301","0","","1.0","","1","N","N","N","0","","1","0","1","3","2","","1220","2","1","0","0","0","0","0","2","0","1","1","0","0","3","03","","N","","","","","","","","","",""
"2021104815","0745","2","0","0","0","0","0","0","0","0","5","0","","67","10","2021","5","39.956022","-75.227333","0743","6","0","0","0","0","0","0","0","0","","0","0","0","7","1","0","N","0","0","39 57:21.680","","0","75 13:38.400","9","0","0","0","67301","0","0","0","N","0","0","0","1","67301","0","","6.0","","1","N","N","N","0","","0","0","0","0","0","","708","2","0","0","0","0","0","1","2","0","2","0","0","0","3","03","","N","","","","","","","","","",""
"2021103312","1748","2","0","0","0","0","0","0","0","0","4","0","","67","10","2021","3","39.956096","-75.199781","1748","6","0","0","0","0","0","0","0","0","","0","0","0","17","1","1","","1","0","39 57:21.945","","0","75 11:59.211","3","0","0","0","67301","0","0","0","N","0","0","0","3","67301","0","","1.0","","1","N","N","N","0","","1","0","0","3","3","","1745","2","1","1","0","0","0","0","2","0","2","0","0","0","4","03","","N","","","","","","","","","",""
"2021105610","0430","1","0","0","0","0","0","0","0","0","5","0","","67","10","2021","5","39.999681","-75.113658","0412","6","0","0","0","0","0","0","0","0","","0","0","0","4","5","1","N","0","0","39 59:58.850","","0","75 06:49.170","3","0","0","1","67301","0","0","0","N","0","0","0","1","67301","0","","6.0","","1","N","N","N","0","","1","0","1","0","0","","405","3","1","0","0","0","0","0","2","0","3","0","0","0","3","03","","N","","","","","","","","","",""
"2021122619","1950","1","0","0","0","0","0","0","0","0","4","0","","67","12","2021","2","40.026822","-75.11729","1950","6","0","0","0","0","0","1","1","0","","0","0","0","18","6","0","","1","0","40 01:36.559","","0","75 07:02.243","9","0","0","0","67301","0","0","0","N","0","0","0","3","67301","0","","1.0","","99","N","N","N","0","","0","0","1","3","2","","1830","2","0","3","0","0","0","3","2","0","2","0","0","0","99","","","N","","","","","","","","","",""
"2021113691","0832","2","0","0","0","0","0","0","0","0","4","0","","67","10","2021","4","39.998004","-75.233208","0830","6","0","0","0","0","0","1","0","0","","0","0","0","8","1","1","","1","2","39 59:52.816","2","0","75 13:59.550","4","0","0","0","67301","0","0","0","N","0","0","0","2","46104","1","","1.0","915.0","1","N","N","Y","0","","0","0","0","0","0","N","830","2","1","0","0","0","0","0","2","0","2","0","0","0","3","","","N","","","","","","","","","",""
"2021125396","1245","1","0","0","0","0","0","0","0","0","4","0","","67","12","2021","7","39.90369","-75.243239","1245","6","0","0","0","0","0","0","0","0","","0","0","0","22","3","0","","1","0","39 54:13.285","","0","75 14:35.660","9","0","0","0","67301","0","0","0","N","0","0","0","2","67301","0","","1.0","","1","N","N","N","0","","0","0","1","3","2","","2230","2","0","0","0","0","0","1","2","0","2","0","0","0","3","","","N","","","","","","","","","",""
"2021104731","0335","0","0","0","0","0","0","0","0","0","1","0","","67","10","2021","7","40.045998","-75.112648","0326","6","0","0","0","0","0","0","0","0","","0","0","0","20","3","1","N","0","0","40 02:45.594","","0","75 06:45.531","8","0","0","0","67301","0","0","0","N","0","0","0","2","67301","0","","1.0","","9","N","N","N","1","","0","0","0","0","0","","2024","3","1","0","0","0","1","1","2","1","3","0","0","0","7","07","","N","","","","","","","","","",""
"2021104494","0307","3","0","0","0","0","0","0","0","0","6","0","","67","10","2021","1","40.043819","-75.1737","0305","6","0","0","0","0","0","0","0","0","","0","0","0","2","3","1","N","0","2","40 02:37.750","5","0","75 10:25.320","3","0","0","0","67301","0","0","0","N","0","0","0","1","67301","0","","6.0","445.0","9","N","N","N","0","","1","0","2","0","0","Y","230","5","1","1","0","0","0","0","2","0","5","0","0","0","3","","","N","","","","","","","","","",""
"2021122532","0210","2","0","0","0","0","0","0","0","0","2","0","","67","12","2021","7","40.046618","-75.052227","0202","6","0","0","0","0","0","0","1","0","","0","0","0","1","3","1","N","0","2","40 02:47.824","2","0","75 03:08.017","8","0","0","0","67301","0","0","0","N","0","0","0","2","67301","0","","1.0","500.0","9","N","N","N","0","","0","0","0","0","0","Y","140","2","1","0","0","0","1","0","2","0","2","0","0","0","7","07","","N","","","","","","","","","",""
"2021103297","0243","0","0","0","0","0","0","0","0","0","7","0","","67","10","2021","5","40.048233","-75.183392","0243","6","0","0","0","0","0","0","0","0","","0","0","0","2","3","0","","1","0","40 02:53.638","","0","75 11:00.210","0","0","0","0","67301","0","0","0","N","0","0","0","1","67301","0","","5.0","","1","N","N","N","0","","0","0","1","3","2","","235","2","0","0","0","0","0","0","2","0","1","0","0","0","3","03","","N","","","","","","","","","",""
"2021122792","1851","1","0","0","0","0","0","0","0","0","1","0","","67","12","2021","3","40.01326","-75.159492","1842","6","0","0","0","0","0","0","0","0","","0","0","0","17","3","0","N","0","0","40 00:47.736","","0","75 09:34.172","9","0","0","0","67301","0","0","0","N","0","0","0","1","67301","0","","6.0","","1","N","N","Y","0","","0","0","1","0","0","","1725","3","0","0","0","0","0","1","2","1","3","0","0","0","3","","","N","","","","","","","","","",""
"2021117925","","2","0","0","0","0","0","0","0","0","4","0","","67","11","2021","6","39.933144","-75.169513","","6","0","0","0","0","0","0","0","0","","0","0","0","7","1","1","","1","0","39 55:59.318","","0","75 10:10.246","3","0","0","0","67301","0","0","0","N","0","0","0","2","00000","0","","1.0","","1","N","N","N","0","","1","0","0","3","3","","700","2","1","0","0","0","0","0","2","0","2","0","0","0","3","","","N","","","","","","","","","",""
"2021104569","1951","2","0","0","0","0","0","0","0","0","4","0","","67","10","2021","7","39.907492","-75.151237","1948","6","0","0","0","0","0","0","0","0","","0","0","0","19","3","0","","2","1","39 54:26.971","3","0","75 09:04.453","0","0","0","0","67301","0","0","0","N","0","0","0","4","67301","0","","1.0","2100.0","1","N","N","N","0","","0","0","0","3","2","N","1946","2","0","3","0","0","0","0","2","0","2","0","0","0","3","03","","N","","","","","","","","","",""
"2021121433","1710","1","0","0","0","0","0","0","0","0","4","0","","67","12","2021","7","39.922897","-75.158205","1705","6","0","0","0","0","0","1","0","0","","0","0","0","17","3","0","","1","0","39 55:22.430","","0","75 09:29.537","0","0","0","0","67301","0","0","0","N","0","0","0","2","67301","0","","1.0","","9","N","N","N","0","","0","0","0","3","2","","1704","2","0","0","0","0","0","0","2","1","2","0","0","0","7","","","N","","","","","","","","","",""
"2021113460","1610","1","0","0","0","0","0","0","0","0","4","0","","67","11","2021","7","39.902346","-75.24744","1601","6","0","0","0","0","0","0","0","0","","0","0","0","15","1","1","","1","1","39 54:08.446","4","0","75 14:50.783","3","0","0","0","67301","0","0","0","N","0","0","0","3","67301","0","","1.0","30.0","1","N","N","N","0","","1","0","1","3","2","Y","1544","2","1","0","0","0","0","0","2","0","2","0","0","0","3","03","","N","","","","","","","","","",""
"2021122574","0614","1","0","0","0","0","0","0","0","0","7","0","","67","12","2021","1","40.032583","-75.136939","0610","6","0","0","0","0","0","0","0","0","","0","0","0","6","3","1","N","0","0","40 01:57.300","","0","75 08:12.980","3","0","0","0","67301","0","0","0","N","0","0","0","1","67301","0","","5.0","","1","N","N","N","0","","1","0","0","0","0","","609","1","1","0","0","0","0","0","2","0","1","0","0","0","3","","","N","","","","","","","","","",""
"2021121318","1240","1","0","0","0","0","0","0","0","0","4","0","","67","12","2021","7","40.034985","-75.025756","1236","6","0","0","0","0","0","1","1","0","","0","0","0","12","1","2","N","0","0","40 02:05.945","","7","75 01:32.720","3","0","0","0","67301","0","0","0","N","0","0","0","2","67301","0","","1.0","","9","N","N","N","1","","2","0","1","0","0","","1230","3","2","0","0","0","0","0","2","0","3","0","0","0","4","07","","N","","","","","","","","","",""
"2021105763","0846","2","0","0","0","0","0","0","0","0","4","0","","67","10","2021","1","39.939051","-75.176312","0845","6","0","0","0","0","1","0","0","0","","0","0","0","8","1","1","","1","0","39 56:20.584","","0","75 10:34.724","3","0","0","0","67301","0","0","0","N","0","0","0","3","67301","0","","1.0","","1","N","N","N","0","","1","0","0","3","2","","800","2","1","3","0","0","0","0","2","0","2","0","0","0","3","03","","N","","","","","","","","","",""
"2021104882","1103","2","0","0","0","0","0","0","0","0","4","0","","67","10","2021","7","39.977768","-75.21345","1051","6","0","0","0","1","0","1","0","0","","0","0","0","10","1","1","","1","1","39 58:39.965","3","0","75 12:48.419","3","0","0","0","67301","0","0","0","N","0","0","0","3","67301","0","","1.0","1205.0","1","N","N","N","0","","1","0","0","3","2","N","1046","2","1","0","0","0","0","0","2","0","2","0","0","0","3","","","N","","","","","","","","","",""
"2021104483","0900","0","0","0","0","0","0","0","0","0","8","0","","67","10","2021","6","40.006351","-75.165233","0849","6","0","0","0","0","0","0","0","0","","0","0","0","7","5","1","","1","0","40 00:22.863","","0","75 09:54.838","3","0","0","0","67301","1","0","0","N","1","0","0","2","67301","0","","4.0","","99","N","N","N","0","","1","0","1","3","3","","704","2","1","0","0","0","0","0","2","0","1","1","0","0","3","","","N","","","","","","","","","",""
"2021102509","1420","0","0","0","0","0","0","0","0","0","4","0","","67","10","2021","3","40.066786","-75.160829","1420","6","0","0","0","0","0","1","0","0","","0","0","0","9","1","2","","1","0","40 04:00.429","","0","75 09:38.984","3","0","0","0","67301","0","0","0","N","0","0","0","3","67301","0","","1.0","","1","N","N","N","0","","2","0","2","3","3","","900","2","2","1","0","0","0","0","2","0","2","0","0","0","3","04","","N","","","","","","","","","",""
"2021122992","1605","2","0","0","0","0","0","0","0","0","4","0","","67","12","2021","4","40.096795","-75.022239","1602","6","0","0","0","0","0","0","1","0","","0","0","0","15","1","2","","2","0","40 05:48.462","","0","75 01:20.060","8","0","0","0","67301","0","0","0","N","0","0","0","3","67301","0","","1.0","","1","N","N","N","0","","0","0","1","0","0","","1534","3","2","0","0","0","2","0","2","0","3","0","0","0","3","03","","N","","","","","","","","","",""
"2021105218","1920","0","0","0","0","0","0","0","0","0","0","0","","67","10","2021","7","40.016414","-75.055817","1908","6","0","0","0","0","0","0","0","0","","0","0","0","19","3","2","N","0","0","40 00:59.090","","0","75 03:20.940","2","0","0","0","67301","0","0","0","N","0","0","0","2","67301","0","","1.0","","1","N","N","N","0","","1","1","0","0","0","","1902","1","2","0","0","0","0","0","2","0","1","0","0","0","3","03","","N","","","","","","","","","",""
"2021123296","1901","2","0","0","0","0","0","0","0","0","4","0","","67","12","2021","4","40.071076","-75.037949","1900","6","0","0","0","0","0","1","0","0","","0","0","0","18","3","1","","1","0","40 04:15.873","","0","75 02:16.618","3","0","0","0","67301","0","0","0","N","0","0","0","2","67301","0","","1.0","","1","N","N","N","0","","1","0","0","3","1","","1856","2","1","2","0","0","0","0","2","0","2","0","0","0","3","03","","N","","","","","","","","","",""
"2021116206","1506","2","0","0","0","0","0","0","0","0","5","0","","67","10","2021","7","39.967728","-75.131755","1439","6","0","0","0","0","0","0","0","0","","0","0","0","14","1","0","N","0","0","39 58:03.822","","0","75 07:54.318","0","0","0","0","67301","0","0","0","N","0","0","0","2","68K01","0","","7.0","","1","N","N","N","0","","0","0","0","0","0","","1423","2","0","1","0","0","0","0","2","0","2","0","0","0","3","","","N","","","","","","","","","",""
"2021121417","1820","2","0","0","0","0","0","0","0","0","4","0","","67","12","2021","7","39.991086","-75.156907","1815","6","0","0","0","0","0","0","0","0","","0","0","0","18","3","0","","1","0","39 59:27.909","","0","75 09:24.865","0","0","0","0","67301","0","0","0","N","0","0","0","2","67301","0","","1.0","","9","N","N","N","0","","0","0","0","3","2","","1811","2","0","0","0","0","0","0","2","0","2","0","0","0","7","07","","N","","","","","","","","","",""
"2021104481","0430","1","0","0","0","0","0","0","0","0","4","0","","67","10","2021","1","39.951191","-75.232791","0430","6","0","0","0","0","0","0","0","0","","0","0","0","3","3","1","","1","0","39 57:04.287","","0","75 13:58.047","3","0","0","0","67301","0","0","0","N","0","0","0","3","67301","0","","1.0","","9","N","N","N","0","","1","0","1","3","2","","330","2","1","0","0","0","0","2","2","0","2","0","0","0","3","03","","N","","","","","","","","","",""
"2021104625","1730","1","0","0","0","0","0","0","0","0","4","0","","67","10","2021","7","40.043746","-75.095386","1725","6","0","0","0","0","0","1","0","0","","0","0","0","17","1","1","","2","0","40 02:37.485","","0","75 05:43.389","8","0","0","0","67301","0","0","0","N","0","0","0","2","67301","0","","1.0","","1","N","N","Y","0","","0","0","2","3","3","","1721","3","1","0","0","0","1","1","2","0","3","0","0","0","4","","","N","","","","","","","","","",""
"2021103668","0731","0","0","0","0","0","0","0","0","0","4","0","","67","10","2021","6","39.947484","-75.187686","0727","6","0","0","0","0","0","0","0","0","","0","0","0","7","1","1","","1","0","39 56:50.944","","8","75 11:15.670","3","0","0","0","67301","0","0","0","N","0","0","0","4","67504","0","","1.0","","9","N","N","N","0","","1","0","1","3","2","","727","2","1","0","0","0","0","0","2","1","2","0","0","0","7","07","","N","","","","","","","","","",""
"2021102761","2002","1","0","0","0","0","0","0","0","0","4","0","","67","10","2021","3","40.065073","-75.154896","2002","6","0","0","0","0","0","1","0","0","","0","0","0","19","3","0","","2","0","40 03:54.262","","0","75 09:17.625","0","0","0","0","67301","0","0","0","N","0","0","0","3","67301","0","","1.0","","1","N","N","N","1","","0","0","1","3","2","","1952","3","0","0","0","0","0","0","2","0","3","0","0","0","3","03","","N","","","","","","","","","",""
"2021123404","0720","1","0","0","0","0","0","0","0","0","1","0","","67","12","2021","4","39.932863","-75.200036","0655","6","0","0","0","0","0","1","0","0","","0","0","0","6","1","0","N","0","0","39 55:58.306","","0","75 12:00.130","0","0","0","0","67301","0","0","0","N","0","0","0","2","68K01","0","","1.0","","1","N","N","N","0","","0","0","1","0","0","","652","2","0","0","0","0","0","0","2","0","2","0","0","0","3","03","","N","","","","","","","","","",""
"2021104719","0000","2","0","0","0","0","0","0","0","0","4","0","","67","10","2021","5","39.974728","-75.19828","2330","6","0","0","0","0","0","0","0","0","","0","0","0","23","3","0","","2","0","39 58:29.022","","2","75 11:53.809","0","0","0","0","67301","0","0","0","N","0","0","0","3","67301","0","","1.0","","1","N","N","N","0","","0","0","0","3","2","","2325","2","0","0","0","0","0","0","2","0","2","0","0","0","3","03","","N","","","","","","","","","",""
"2021104778","1025","1","0","0","0","0","0","0","0","0","7","0","","67","10","2021","1","39.973983","-75.118143","1022","6","0","0","0","0","0","0","0","0","","0","0","0","10","1","1","N","0","0","39 58:26.340","","0","75 07:05.316","3","0","0","0","67301","0","0","0","N","0","0","0","1","67301","0","","5.0","","1","N","N","N","0","","1","0","0","0","0","","1015","1","1","0","0","0","0","0","2","0","1","0","0","0","3","","","N","","","","","","","","","",""
"2021103405","1619","1","0","0","0","0","0","0","0","0","5","0","","67","10","2021","4","40.043218","-75.010662","1619","6","0","0","0","0","0","0","0","0","","0","0","0","16","1","0","N","0","1","40 02:35.583","2","0","75 00:38.384","0","0","0","0","67301","0","0","0","N","0","0","0","1","67301","0","","6.0","100.0","1","N","N","N","1","","0","0","1","0","0","N","1618","3","0","1","0","0","0","0","2","0","3","0","0","0","4","04","","N","","","","","","","","","",""
"2021105739","2039","0","0","0","0","0","0","0","0","0","1","1","","67","11","2021","3","40.044519","-75.169511","2034","6","0","0","0","0","0","0","0","0","","0","1","0","19","3","1","N","0","0","40 02:40.270","","0","75 10:10.240","3","0","0","0","67301","0","0","0","N","0","0","0","1","67301","0","","6.0","","1","N","N","N","0","","1","0","1","0","0","","1910","2","1","0","0","0","0","0","2","0","2","0","0","0","3","03","","N","","","","","","","","","",""
"2021106083","1452","0","0","0","0","0","0","0","0","0","1","0","","67","10","2021","4","39.957101","-75.156756","1427","6","0","0","0","0","0","1","0","0","","0","0","0","14","1","0","N","0","0","39 57:25.564","","0","75 09:24.321","0","0","0","0","67301","0","0","0","N","0","0","0","2","68K01","0","","1.0","","1","N","N","N","0","","0","0","2","0","0","","1425","2","0","0","0","0","0","0","2","0","2","0","0","0","3","","","N","","","","","","","","","",""
"2021104424","0050","2","0","0","0","0","0","0","0","0","1","0","","67","10","2021","1","39.958165","-75.156897","0050","6","0","0","0","0","0","0","0","0","","0","0","0","0","3","2","","1","0","39 57:29.393","","0","75 09:24.829","4","0","0","0","67301","0","0","0","N","0","0","0","3","67301","2","","1.0","","9","N","N","N","0","","0","0","0","3","3","","25","2","2","0","0","0","0","0","2","0","2","0","0","0","7","","","N","","","","","","","","","",""
"2021103916","0645","1","0","0","0","0","0","0","0","0","2","0","","67","10","2021","3","40.014573","-75.156653","0645","6","0","0","0","0","0","0","0","0","","0","0","0","8","1","1","","1","0","40 00:52.463","","0","75 09:23.952","3","0","0","0","67301","0","0","0","N","0","0","0","2","67301","0","","1.0","","1","N","N","N","0","","1","0","0","3","2","","845","2","1","0","0","0","0","0","2","0","2","0","0","0","4","04","","N","","","","","","","","","",""
"2021104056","2345","1","0","0","0","0","0","0","0","0","5","0","","67","10","2021","6","40.029161","-75.130183","2345","6","0","0","0","0","0","0","0","0","","0","0","0","23","3","0","N","0","0","40 01:44.980","","0","75 07:48.660","0","0","0","0","67301","0","0","0","N","0","0","0","1","67301","0","","6.0","","9","N","N","N","3","","0","0","0","0","0","","2317","4","0","0","0","0","0","0","2","0","4","0","0","0","7","","","N","","","","","","","","","",""
"2021103490","1539","0","0","0","0","0","0","0","0","0","4","0","","67","10","2021","3","40.092748","-75.047262","1534","6","0","0","0","0","0","1","0","0","","0","0","0","15","1","1","","2","0","40 05:33.894","","0","75 02:50.144","3","0","0","0","67301","0","0","0","N","0","0","0","3","67301","0","","1.0","","9","N","N","N","0","","1","0","2","3","3","","1530","2","1","3","0","0","0","0","2","0","2","0","0","0","7","07","","N","","","","","","","","","",""
"2021105318","0826","0","0","0","0","0","0","0","0","0","7","0","","67","10","2021","1","39.984381","-75.224667","0826","6","0","0","0","0","0","0","0","0","","0","0","0","8","1","1","N","0","0","39 59:03.770","","0","75 13:28.800","3","0","0","0","67301","0","0","0","N","0","0","0","2","67301","0","","5.0","","9","N","N","N","0","","1","0","1","0","0","","824","1","1","0","0","0","0","0","2","0","1","0","0","0","3","03","","N","","","","","","","","","",""
"2021124434","1830","1","0","0","0","0","0","0","0","0","5","0","","67","12","2021","7","40.027886","-75.120394","1824","6","0","0","0","0","0","0","0","0","","0","0","0","2","3","0","N","0","0","40 01:40.391","","0","75 07:13.418","9","0","0","0","67301","0","0","0","N","0","0","0","1","67301","0","","6.0","","1","N","N","N","0","","0","0","0","0","0","","200","2","0","0","0","0","0","1","2","0","2","0","0","0","3","","","N","","","","","","","","","",""
"2021122514","1453","1","0","0","0","0","0","0","0","0","4","0","","67","12","2021","3","39.95577","-75.15905","1453","6","0","0","0","0","0","0","0","0","","0","0","0","14","1","1","","1","2","39 57:20.771","3","0","75 09:32.581","3","0","0","0","67301","0","0","0","N","0","0","0","2","67301","0","","1.0","1443.0","1","N","N","N","0","","1","0","1","3","2","Y","1443","2","1","0","0","0","0","0","2","0","2","0","0","0","3","03","","N","","","","","","","","","",""
"2021120955","1110","2","0","0","0","0","0","0","0","0","4","0","","67","12","2021","6","39.955022","-75.168","1043","6","0","0","0","0","0","0","0","0","","0","0","0","10","1","2","","1","0","39 57:18.079","","0","75 10:04.799","4","0","0","0","67301","0","0","0","N","0","0","0","3","67301","2","","1.0","","1","N","N","N","0","","0","0","0","3","2","","1042","2","2","0","0","0","0","0","2","0","2","0","0","0","3","","","N","","","","","","","","","",""
"2021105320","0311","1","0","0","0","0","0","0","0","0","4","0","","67","10","2021","1","40.007656","-75.151478","0311","6","0","0","0","0","1","0","0","0","","0","0","0","2","3","0","","1","0","40 00:27.560","","0","75 09:05.322","9","0","0","0","67301","0","0","0","N","0","0","0","2","67301","0","","1.0","","9","N","N","N","0","","0","0","1","3","1","","250","2","0","0","0","0","0","1","2","0","2","0","0","0","3","03","","N","","","","","","","","","",""
"2021104022","0946","1","0","0","0","0","0","0","0","0","1","0","","67","10","2021","4","40.08068","-75.028469","0946","6","0","0","0","0","0","0","0","0","","0","0","0","8","1","1","","1","0","40 04:50.449","","0","75 01:42.488","8","0","0","0","67301","0","0","0","N","0","0","0","2","67301","0","","1.0","","99","N","N","N","0","","0","0","1","9","2","","833","2","1","0","0","0","1","1","2","0","2","0","0","0","3","","","N","","","","","","","","","",""
"2021106038","1620","1","0","0","0","0","0","0","0","0","5","1","","67","10","2021","6","40.043385","-75.002847","1609","6","0","0","0","0","0","1","0","0","","0","1","0","16","1","1","N","0","2","40 02:36.186","1","0","75 00:10.250","3","0","0","0","67301","0","0","0","N","0","0","0","3","68K01","0","","1.0","1650.0","1","N","N","N","0","","1","0","1","0","0","N","1609","3","1","0","0","0","0","0","2","0","3","0","0","0","3","03","","N","","","","","","","","","",""
"2021107397","2017","2","0","0","0","0","0","0","0","0","1","0","","67","10","2021","4","39.899195","-75.167209","2017","6","0","0","0","0","0","0","0","0","","0","0","0","19","3","0","N","0","0","39 53:57.102","","3","75 10:01.951","0","0","0","0","67301","0","0","0","N","0","0","0","3","68K01","0","","1.0","","1","N","N","N","0","","0","0","0","0","0","","1959","2","0","0","0","0","0","0","2","0","2","0","0","0","3","03","","N","","","","","","","","","",""
"2021103663","1645","1","0","0","0","0","0","0","0","0","8","0","","67","10","2021","5","39.967111","-75.163139","1644","6","0","0","0","0","0","0","0","0","","0","0","0","16","1","1","N","0","0","39 58:01.600","","0","75 09:47.300","3","0","0","0","67301","1","0","0","N","1","0","0","2","67301","0","","1.0","","1","N","N","N","0","","1","0","0","0","0","","1630","2","1","0","0","0","0","0","2","0","1","1","0","0","3","03","","N","","","","","","","","","",""
"2021120521","0102","2","0","0","0","0","0","0","0","0","1","0","","67","12","2021","5","39.953093","-75.181793","0044","6","0","0","0","0","0","0","0","0","","0","0","0","0","3","0","","1","0","39 57:11.135","","8","75 10:54.456","0","0","0","0","67301","0","0","0","N","0","0","0","2","67301","0","","1.0","","1","N","N","N","0","","0","0","0","3","2","","41","2","0","0","0","0","0","0","2","0","2","0","0","0","3","03","","N","","","","","","","","","",""