"CRN","ARRIVAL_TM","AUTOMOBILE_COUNT","BELTED_DEATH_COUNT","BELTED_SUSP_SERIOUS_INJ_COUNT","BICYCLE_COUNT","BICYCLE_DEATH_COUNT","BICYCLE_SUSP_SERIOUS_INJ_COUNT","BUS_COUNT","CHLDPAS_DEATH_COUNT","CHLDPAS_SUSP_SERIOUS_INJ_COUNT","COLLISION_TYPE","COMM_VEH_COUNT","CONS_ZONE_SPD_LIM","COUNTY","CRASH_MONTH","CRASH_YEAR","DAY_OF_WEEK","DEC_LATITUDE","DEC_LONGITUDE","DISPATCH_TM","DISTRICT","DRIVER_COUNT_16YR","DRIVER_COUNT_17YR","DRIVER_COUNT_18YR","DRIVER_COUNT_19YR","DRIVER_COUNT_20YR","DRIVER_COUNT_50_64YR","DRIVER_COUNT_65_74YR","DRIVER_COUNT_75PLUS","EST_HRS_CLOSED","FATAL_COUNT","HEAVY_TRUCK_COUNT","HORSE_BUGGY_COUNT","HOUR_OF_DAY","ILLUMINATION","INJURY_COUNT","INTERSECTION_RELATED","INTERSECT_TYPE","LANE_CLOSED","LATITUDE","LN_CLOSE_DIR","LOCATION_TYPE","LONGITUDE","MAX_SEVERITY_LEVEL","MCYCLE_DEATH_COUNT","MCYCLE_SUSP_SERIOUS_INJ_COUNT","MOTORCYCLE_COUNT","MUNICIPALITY","NONMOTR_COUNT","NONMOTR_DEATH_COUNT","NONMOTR_SUSP_SERIOUS_INJ_COUNT","NTFY_HIWY_MAINT","PED_COUNT","PED_DEATH_COUNT","PED_SUSP_SERIOUS_INJ_COUNT","PERSON_COUNT","POLICE_AGCY","POSSIBLE_INJ_COUNT","RDWY_SURF_TYPE_CD","RELATION_TO_ROAD","ROADWAY_CLEARED","ROAD_CONDITION","SCH_BUS_IND","SCH_ZONE_IND","SECONDARY_CRASH","SMALL_TRUCK_COUNT","SPEC_JURIS_CD","SUSP_MINOR_INJ_COUNT","SUSP_SERIOUS_INJ_COUNT","SUV_COUNT","TCD_FUNC_CD","TCD_TYPE","TFC_DETOUR_IND","TIME_OF_DAY","TOTAL_UNITS","TOT_INJ_COUNT","UNBELTED_OCC_COUNT","UNB_DEATH_COUNT","UNB_SUSP_SERIOUS_INJ_COUNT","UNK_INJ_DEG_COUNT","UNK_INJ_PER_COUNT","URBAN_RURAL","VAN_COUNT","VEHICLE_COUNT","VULNERABLE_ROAD_USER_COUNT","VULNERABLE_ROAD_USER_DEATH_COUNT","VULNERABLE_ROAD_USER_SER_INJ_COUNT","WEATHER1","WEATHER2","WORKERS_PRES","WORK_ZONE_IND","WORK_ZONE_LOC","WORK_ZONE_TYPE","WZ_CLOSE_DETOUR","WZ_FLAGGER","WZ_LAW_OFFCR_IND","WZ_LN_CLOSURE","WZ_MOVING","WZ_OTHER","WZ_SHLDER_MDN","WZ_WORKERS_INJ_KILLED"
"2021122700","1945","2","0","0","0","0","0","0","0","0","4","0","","67","11","2021","3","40.049043","-75.002448","1924","6","0","0","0","0","0","1","1","0","","0","0","0","19","3","0","N","0","1","40 02:56.556","2","0","75 00:08.813","0","0","0","0","67301","0","0","0","N","0","0","0","2","68K01","0","","1.0","1950.0","1","N","N","N","0","","0","0","0","0","0","Y","1919","2","0","0","0","0","0","0","2","0","2","0","0","0","3","","","N","","","","","","","","","",""
"2021122541","0525","0","0","0","0","0","0","0","0","0","4","0","","67","12","2021","1","39.944846","-75.166982","0514","6","0","0","0","0","0","0","0","0","","0","0","0","5","3","1","","1","0","39 56:41.445","","0","75 10:01.135","4","0","0","0","67301","0","0","0","N","0","0","0","4","67301","1","","1.0","","1","N","N","N","0","","0","0","1","3","2","","500","2","1","0","0","0","0","0","2","1","2","0","0","0","4","","","N","","","","","","","","","",""
"2021121185","1035","2","0","0","0","0","0","0","0","0","1","0","45","67","12","2021","3","40.003279","-75.077595","1025","6","0","0","1","0","0","0","0","0","","0","0","0","9","1","0","N","0","0","40 00:11.806","","3","75 04:39.342","0","0","0","0","67301","0","0","0","N","0","0","0","3","68K01","0","","1.0","","1","N","N","N","0","","0","0","1","0","0","","952","3","0","0","0","0","0","0","2","0","3","0","0","0","3","","N","Y","4","1","","","N","","","","Y","N"
"2021123591","2242","1","0","0","0","0","0","0","0","0","7","0","","67","12","2021","7","39.965998","-75.186547","2238","6","0","0","0","0","0","0","0","0","","0","0","0","22","3","0","N","0","0","39 57:57.593","","0","75 11:11.570","0","0","0","0","67301","0","0","0","N","0","0","0","1","68K01","0","","2.0","","1","N","N","N","0","","0","0","0","0","0","","2236","1","0","1","0","0","0","0","2","0","1","0","0","0","3","","","N","","","","","","","","","",""
"2021120545","0520","1","0","0","0","0","0","0","0","0","1","0","","67","12","2021","3","40.03305","-75.079915","0511","6","0","0","0","0","1","1","0","0","","0","0","0","5","3","1","Y","0","0","40 01:58.981","","0","75 04:47.694","3","0","0","0","67301","0","0","0","N","0","0","0","3","67301","0","","1.0","","1","N","N","Y","0","","1","0","2","3","2","","505","3","1","0","0","0","0","1","2","0","3","0","0","0","3","03","","N","","","","","","","","","",""
"2021104467","1401","1","0","0","0","0","0","0","0","0","4","0","","67","10","2021","4","40.021294","-75.160219","1400","6","0","0","0","0","0","0","0","0","","0","0","0","13","1","3","","1","0","40 01:16.660","","0","75 09:36.790","4","0","0","0","67301","0","0","0","N","0","0","0","4","67301","3","","1.0","","1","N","N","N","0","","0","0","1","3","2","","1350","2","3","0","0","0","0","0","2","0","2","0","0","0","3","04","","N","","","","","","","","","",""
"2021103984","2300","1","0","0","0","0","0","0","0","0","4","0","","67","10","2021","5","39.949607","-75.199671","2300","6","0","0","0","0","0","0","0","0","","0","0","0","19","3","1","","2","0","39 56:58.586","","0","75 11:58.815","3","0","0","0","67301","0","0","0","N","0","0","0","2","67301","0","","1.0","","1","N","N","N","0","","1","0","1","3","2","","1920","2","1","0","0","0","0","0","2","0","2","0","0","0","3","","","N","","","","","","","","","",""
"2021106993","1149","1","0","0","1","0","0","0","0","0","8","0","","67","10","2021","1","39.927289","-75.182478","1147","6","0","0","0","0","0","0","0","1","","0","0","0","11","1","1","","1","0","39 55:38.240","","0","75 10:56.920","3","0","0","0","67301","1","0","0","N","0","0","0","2","67301","0","","1.0","","9","N","N","N","0","","1","0","0","3","3","","1145","2","1","1","0","0","0","0","2","0","1","1","0","0","7","07","","N","","","","","","","","","",""
"2021106366","1700","2","0","0","0","0","0","0","0","0","1","0","","67","11","2021","2","40.024411","-75.046205","1652","6","0","0","0","0","0","0","0","0","","0","0","0","16","1","0","N","0","0","40 01:27.880","","0","75 02:46.337","9","0","0","0","67301","0","0","0","N","0","0","0","3","67301","0","","1.0","","1","N","N","N","0","","0","0","0","0","0","","1652","2","0","0","0","0","0","1","2","0","2","0","0","0","3","03","","N","","","","","","","","","",""
"2021122572","2335","1","0","0","0","0","0","0","0","0","7","0","","67","12","2021","7","40.056936","-75.128841","2333","6","0","0","0","0","0","0","0","0","","0","0","0","23","3","1","N","0","1","40 03:24.969","3","0","75 07:43.829","2","0","0","0","67301","0","0","0","N","0","0","0","1","67301","0","","4.0","6.0","9","N","N","N","0","","0","1","0","0","0","Y","2324","1","1","0","0","0","0","0","2","0","1","0","0","0","7","07","","N","","","","","","","","","",""
"2021113493","1309","0","0","0","0","0","0","0","0","0","1","0","","67","10","2021","1","39.945602","-75.190059","1256","6","0","0","0","0","0","0","0","0","","0","0","0","12","1","1","N","0","2","39 56:44.167","4","0","75 11:24.212","4","0","0","0","67301","0","0","0","N","0","0","0","4","68K01","1","","1.0","1257.0","1","N","N","N","0","","0","0","2","0","0","N","1255","3","1","0","0","0","0","1","2","0","3","0","0","0","3","","","N","","","","","","","","","",""
"2021120949","1417","0","0","0","0","0","0","0","0","0","4","0","","67","12","2021","6","40.058127","-75.177375","1417","6","0","0","0","0","0","1","0","0","","0","0","0","14","1","1","","1","2","40 03:29.257","6","0","75 10:38.550","3","0","0","0","67301","0","0","0","N","0","0","0","3","67301","0","","1.0","1505.0","1","N","N","Y","0","","1","0","3","3","3","N","1402","3","1","0","0","0","0","0","2","0","3","0","0","0","3","03","","N","","","","","","","","","",""
"2021124745","1305","2","0","0","0","0","0","0","0","0","1","0","","67","12","2021","3","39.974066","-75.117882","1301","6","0","0","0","0","0","0","0","0","","0","0","0","12","1","2","","1","2","39 58:26.639","6","0","75 07:04.374","8","0","0","0","67301","0","0","0","N","0","0","0","3","67301","0","","1.0","1300.0","1","N","N","N","0","","0","0","1","3","2","Y","1247","3","2","1","0","0","2","1","2","0","3","0","0","0","3","","","N","","","","","","","","","",""
"2021121190","0152","0","0","0","0","0","0","0","0","0","0","0","","67","12","2021","5","39.981463","-75.207106","0151","6","0","0","0","0","0","0","0","0","","0","0","0","1","3","3","N","0","1","39 58:53.265","3","0","75 12:25.582","3","0","0","0","67301","0","0","0","N","0","0","0","3","68K01","0","","1.0","228.0","1","N","N","N","0","","3","0","1","0","0","N","149","1","3","1","0","0","0","0","2","0","1","0","0","0","3","","","N","","","","","","","","","",""
"2021104626","1925","1","0","0","0","0","0","0","0","0","4","0","","67","10","2021","7","40.045384","-75.105195","1920","6","0","0","0","0","0","1","0","0","","0","0","0","18","3","3","","1","2","40 02:43.382","4","0","75 06:18.702","2","0","0","0","67301","0","0","0","N","0","0","0","3","67301","0","","1.0","2000.0","1","N","N","Y","0","","0","1","2","3","3","N","1858","3","3","0","0","0","2","0","2","0","3","0","0","0","4","","","N","","","","","","","","","",""
"2021123635","1530","1","0","0","0","0","0","0","0","0","5","0","","67","12","2021","5","40.036408","-75.023001","1520","6","0","0","0","0","0","0","0","1","","0","0","0","15","1","0","N","0","0","40 02:11.068","","0","75 01:22.803","0","0","0","0","67301","0","0","0","N","0","0","0","2","67301","0","","1.0","","1","N","N","N","0","","0","0","0","0","0","","1515","2","0","0","0","0","0","0","2","1","2","0","0","0","3","03","","N","","","","","","","","","",""
"2021104685","1919","1","0","0","0","0","0","0","0","0","8","0","","67","10","2021","6","39.961269","-75.161708","1913","6","0","0","0","0","0","0","0","0","","0","0","0","19","3","1","N","0","0","39 57:40.568","","0","75 09:42.147","3","0","0","0","67301","1","0","0","N","1","0","0","2","67301","0","","1.0","","9","N","Y","N","0","","1","0","0","3","2","","1909","2","1","0","0","0","0","0","2","0","1","1","0","0","7","07","","N","","","","","","","","","",""
"2021128664","2044","0","0","0","0","0","0","0","0","0","8","0","","67","10","2021","1","40.034746","-75.130874","2112","6","0","0","0","0","0","1","0","0","","0","0","0","20","3","1","","1","0","40 02:05.085","","0","75 07:51.146","3","0","0","0","67301","1","0","0","N","1","0","0","2","67301","0","","1.0","","1","N","N","N","0","","1","0","1","3","2","","2043","2","1","0","0","0","0","0","2","0","1","1","0","0","3","03","","N","","","","","","","","","",""
"2021123099","","1","0","0","0","0","0","0","0","0","1","0","","67","12","2021","6","","","","6","0","0","0","0","0","0","0","0","","0","0","0","15","1","2","N","0","0","","","3","","8","0","0","0","67301","0","0","0","N","0","0","0","3","00000","0","","1.0","","1","N","N","N","0","","0","0","0","0","0","","1558","2","2","0","0","0","2","0","1","0","2","0","0","0","3","","","N","","","","","","","","","",""
"2021109103","1412","1","0","0","0","0","0","0","0","0","4","0","","67","10","2021","7","39.952083","-75.205584","1412","6","0","0","0","0","0","0","0","0","","0","0","0","14","1","0","","1","0","39 57:07.498","","0","75 12:20.102","9","0","0","0","67301","0","0","0","N","0","0","0","4","67504","0","","1.0","","1","N","N","N","0","","0","0","1","3","2","","1412","2","0","0","0","0","0","2","2","0","2","0","0","0","4","04","","N","","","","","","","","","",""
"2021103150","1655","1","0","0","0","0","0","0","0","0","4","0","","67","10","2021","4","40.037997","-75.067987","1648","6","0","0","0","0","0","1","0","0","","0","0","0","16","1","1","","1","0","40 02:16.788","","0","75 04:04.754","2","0","0","0","67301","0","0","0","N","0","0","0","2","67301","0","","1.0","","1","N","N","N","0","","0","1","1","3","2","","1642","2","1","0","0","0","0","0","2","0","2","0","0","0","3","03","","N","","","","","","","","","",""
"2021124279","1945","1","0","0","0","0","0","0","0","0","7","0","","67","12","2021","7","39.981899","-75.170586","1946","6","0","0","0","0","0","0","0","0","","0","0","0","19","3","0","","1","0","39 58:54.836","","0","75 10:14.109","9","0","0","0","67301","0","0","0","N","0","0","0","1","67301","0","","4.0","","9","N","N","N","0","","0","0","0","3","2","","1945","1","0","0","0","0","0","1","2","0","1","0","0","0","7","07","","N","","","","","","","","","",""
"2021125818","1453","1","0","0","0","0","0","0","0","0","4","0","","67","12","2021","3","40.01005","-75.089267","1445","6","0","0","0","0","0","0","1","0","","0","0","0","14","1","1","","1","0","40 00:36.180","","1","75 05:21.361","8","0","0","0","67301","0","0","0","N","0","0","0","2","67508","0","","1.0","","1","N","N","Y","1","","0","0","0","3","2","","1453","2","1","0","0","0","1","0","2","0","2","0","0","0","3","03","","N","","","","","","","","","",""
"2021104816","1344","2","0","0","0","0","0","0","0","0","6","0","","67","10","2021","7","39.954553","-75.225761","1341","6","0","0","0","0","0","0","1","0","","0","0","0","13","1","1","N","0","0","39 57:16.390","","0","75 13:32.740","8","0","0","0","67301","0","0","0","N","0","0","0","2","67301","0","","1.0","","1","N","N","N","0","","0","0","0","0","0","","1337","2","1","0","0","0","1","0","2","0","2","0","0","0","3","","","N","","","","","","","","","",""
"2021104735","1519","0","0","0","0","0","0","0","0","0","7","0","","67","10","2021","1","40.018224","-75.147154","1519","6","0","0","1","0","0","0","0","0","","0","0","0","15","1","0","","2","0","40 01:05.606","","0","75 08:49.754","0","0","0","0","67301","0","0","0","N","0","0","0","2","67301","0","","4.0","","1","N","N","N","0","","0","0","1","0","0","","1519","1","0","0","0","0","0","0","2","0","1","0","0","0","3","03","","N","","","","","","","","","",""
"2021120823","1836","1","0","0","0","0","0","0","0","0","1","0","","67","12","2021","5","40.014164","-75.178808","1820","6","0","0","0","0","0","0","0","0","","0","0","0","18","3","0","N","0","0","40 00:50.991","","0","75 10:43.710","9","0","0","0","67301","0","0","0","N","0","0","0","2","67301","0","","1.0","","1","N","N","N","0","","0","0","0","0","0","","1819","2","0","1","0","0","0","1","2","1","2","0","0","0","3","03","","N","","","","","","","","","",""
"2021101372","2350","1","0","0","0","0","0","1","0","0","4","1","","67","10","2021","4","39.960957","-75.141364","2340","6","0","0","0","0","0","0","0","0","","0","0","0","23","3","1","","1","1","39 57:39.445","6","0","75 08:28.910","8","0","0","0","67301","0","0","0","N","0","0","0","3","67508","0","","1.0","9999.0","1","N","N","Y","0","","0","0","0","3","3","N","2340","2","1","0","0","0","1","1","2","0","2","0","0","0","3","03","","N","","","","","","","","","",""
"2021103544","1929","2","0","0","0","0","0","0","0","0","4","0","","67","10","2021","4","39.954661","-75.149521","1924","6","0","0","0","0","0","0","0","0","","0","0","0","19","3","0","","5","1","39 57:16.781","2","2","75 08:58.276","9","0","0","0","67301","0","0","0","N","0","0","0","5","67301","0","","1.0","2024.0","1","N","N","N","0","","0","0","1","3","2","N","1924","3","0","0","0","0","0","2","2","0","3","0","0","0","3","","","N","","","","","","","","","",""
"2021103815","1625","2","0","0","0","0","0","0","0","0","4","0","","67","10","2021","5","39.988324","-75.091068","1611","6","0","0","0","0","0","1","1","0","","0","0","0","14","1","0","","2","0","39 59:17.967","","0","75 05:27.844","0","0","0","0","67301","0","0","0","N","0","0","0","2","67301","0","","1.0","","1","N","N","N","0","","0","0","0","0","0","","1415","2","0","0","0","0","0","0","2","0","2","0","0","0","3","03","","N","","","","","","","","","",""
"2021123300","1739","1","0","0","0","0","0","0","0","0","2","0","","67","12","2021","4","40.010296","-75.166054","1737","6","0","0","0","0","0","0","0","0","","0","0","0","17","3","0","N","0","0","40 00:37.065","","0","75 09:57.796","0","0","0","0","67301","0","0","0","N","0","0","0","2","67301","0","","1.0","","1","N","N","N","0","","0","0","1","0","0","","1730","2","0","2","0","0","0","0","2","0","2","0","0","0","3","03","","N","","","","","","","","","",""
"2021122260","1942","0","0","0","0","0","0","0","0","0","1","0","","67","12","2021","2","40.028949","-75.089525","1936","6","0","0","0","0","0","0","0","0","","0","0","0","19","3","0","","1","1","40 01:44.217","1","0","75 05:22.290","0","0","0","0","67301","0","0","0","N","0","0","0","2","67301","0","","1.0","1957.0","1","N","N","N","1","","0","0","1","3","2","N","1935","2","0","0","0","0","0","0","2","0","2","0","0","0","3","","","N","","","","","","","","","",""
"2021104404","1221","1","0","0","0","0","0","0","0","0","4","0","","67","10","2021","1","39.954079","-75.189725","1220","6","0","0","0","0","0","0","0","0","","0","0","0","0","3","0","","1","0","39 57:14.683","","0","75 11:23.010","0","0","0","0","67301","0","0","0","N","0","0","0","2","67507","0","","1.0","","9","N","N","N","0","","0","0","1","3","2","","10","2","0","0","0","0","0","0","2","0","2","0","0","0","7","07","","N","","","","","","","","","",""
"2021120656","0855","1","0","0","0","0","0","0","0","0","7","0","","67","12","2021","4","39.976719","-75.158369","0842","6","0","0","0","0","0","1","0","0","","0","0","0","8","1","0","N","0","1","39 58:36.188","1","0","75 09:30.127","9","0","0","0","67301","0","0","0","N","0","0","0","1","67301","0","","3.0","935.0","1","N","N","N","0","","0","0","0","0","0","N","841","1","0","0","0","0","0","1","2","0","1","0","0","0","3","","","N","","","","","","","","","",""
"2021122976","1536","2","0","0","0","0","0","0","0","0","4","0","","67","12","2021","3","39.970586","-75.150888","1529","6","0","0","0","0","0","0","0","0","","0","0","0","15","1","1","","1","0","39 58:14.110","","1","75 09:03.197","3","0","0","0","67301","0","0","0","N","0","0","0","2","67301","0","","1.0","","1","N","N","N","0","","1","0","0","3","3","","1522","2","1","0","0","0","0","0","2","0","2","0","0","0","3","","","N","","","","","","","","","",""
"2021122688","1920","1","0","0","0","0","0","0","0","0","4","0","","67","12","2021","2","39.891942","-75.241906","1910","6","0","0","0","0","0","0","0","0","","0","0","0","14","1","1","","2","0","39 53:30.990","","0","75 14:30.862","3","0","0","0","67301","0","0","0","N","0","0","0","2","67301","0","","1.0","","1","N","N","N","0","","1","0","0","3","2","","1400","2","1","0","0","0","0","1","2","1","2","0","0","0","3","03","","N","","","","","","","","","",""
"2021121609","0914","0","0","0","0","0","0","0","0","0","4","0","","67","11","2021","2","39.957799","-75.147108","0913","6","0","0","0","0","0","0","0","0","","0","0","0","9","1","1","","1","0","39 57:28.076","","0","75 08:49.588","3","0","0","0","67301","0","0","0","N","0","0","0","2","67301","0","","1.0","","1","N","N","N","0","","1","0","1","3","2","","909","2","1","0","0","0","0","0","2","1","2","0","0","0","3","03","","N","","","","","","","","","",""
"2021107768","1300","1","0","0","0","0","0","0","0","0","4","0","","67","10","2021","3","39.981729","-75.103801","1255","6","0","0","0","0","0","0","0","0","","0","0","0","12","1","2","","1","2","39 58:54.226","7","0","75 06:13.685","2","0","1","1","67301","0","0","0","N","0","0","0","2","67301","1","","1.0","1500.0","1","N","N","N","0","","0","1","0","3","2","N","1255","2","2","0","0","0","0","0","2","0","2","0","0","0","4","","","N","","","","","","","","","",""
"2021104800","0839","1","0","0","0","0","0","0","0","0","4","0","","67","10","2021","1","39.997103","-75.235306","0835","6","0","0","0","0","0","0","0","0","","0","0","0","8","1","0","","1","0","39 59:49.570","","0","75 14:07.103","0","0","0","0","67301","0","0","0","N","0","0","0","2","46104","0","","1.0","","1","N","N","N","0","","0","0","0","3","2","","835","2","0","0","0","0","0","0","2","1","2","0","0","0","3","","","N","","","","","","","","","",""
"2021105196","2225","2","0","0","0","0","0","0","0","1","1","0","","67","10","2021","1","39.902142","-75.201949","2217","6","0","0","0","0","0","0","0","0","","0","0","0","22","3","4","N","0","0","39 54:07.712","","3","75 12:07.017","2","0","0","0","67301","0","0","0","N","0","0","0","6","67301","0","","1.0","","1","N","N","N","0","","3","1","0","0","0","","2200","2","4","0","0","0","0","1","2","0","2","0","0","0","3","03","","N","","","","","","","","","",""
"2021122972","1700","0","0","0","0","0","0","0","0","0","5","0","","67","12","2021","4","39.989283","-75.147031","1700","6","0","0","0","0","0","0","0","0","","0","0","0","15","1","1","N","0","0","39 59:21.420","","0","75 08:49.310","3","0","0","0","67301","0","0","0","N","0","0","0","2","67301","0","","6.0","","1","N","N","N","0","","1","0","1","0","0","","1500","2","1","0","0","0","0","0","2","0","2","0","0","0","3","03","","N","","","","","","","","","",""
"2021104420","0234","2","0","0","0","0","0","0","0","0","1","0","","67","10","2021","1","40.043728","-75.143602","0233","6","0","0","0","0","0","0","0","0","","0","0","0","2","3","1","N","0","0","40 02:37.420","","0","75 08:36.966","4","0","0","0","67301","0","0","0","N","0","0","0","5","67301","1","","1.0","","9","N","N","N","0","","0","0","1","0","0","","223","3","1","0","0","0","0","0","2","0","3","0","0","0","4","07","","N","","","","","","","","","",""
"2021070555","1634","1","0","0","0","0","0","0","0","0","4","0","","67","7","2021","2","40.002292","-75.171061","1633","6","0","0","0","0","0","0","0","0","","0","0","0","16","1","2","","1","0","40 00:08.251","","0","75 10:15.819","2","0","0","0","67301","0","0","0","N","0","0","0","2","67301","0","","3.0","","1","N","N","N","0","","0","2","1","3","3","","1630","2","2","0","0","0","0","0","2","0","2","0","0","0","3","","","N","","","","","","","","","",""
"2021114229","0432","1","0","0","0","0","0","0","0","0","7","0","","67","10","2021","1","39.925127","-75.193496","0426","6","0","0","0","0","0","0","0","0","","0","0","0","4","3","0","N","0","1","39 55:30.456","3","0","75 11:36.587","0","0","0","0","67301","0","0","0","N","0","0","0","1","68K01","0","","4.0","510.0","1","N","N","N","0","","0","0","0","0","0","N","425","1","0","0","0","0","0","0","2","0","1","0","0","0","3","03","","N","","","","","","","","","",""
"2021121628","1721","2","0","0","0","0","0","0","0","0","4","0","","67","12","2021","6","39.916539","-75.245844","1721","6","0","0","0","0","0","0","0","0","","0","0","0","17","3","1","","2","0","39 54:59.542","","7","75 14:45.039","3","0","0","0","67301","0","0","0","N","0","0","0","2","67301","0","","1.0","","1","N","Y","N","0","","1","0","0","3","3","","1710","2","1","0","0","0","0","0","2","0","2","0","0","0","3","03","","N","","","","","","","","","",""
"2021120625","1840","2","0","0","0","0","0","0","0","0","6","0","","67","12","2021","5","39.969563","-75.163724","1834","6","0","0","0","0","0","0","0","0","","0","0","0","18","3","1","N","0","0","39 58:10.426","","0","75 09:49.407","3","0","0","0","67301","0","0","0","N","0","0","0","2","67301","0","","6.0","","1","N","N","N","0","","1","0","0","0","0","","1820","2","1","0","0","0","0","0","2","0","2","0","0","0","3","03","","N","","","","","","","","","",""
"2021105228","1900","0","0","0","0","0","0","0","0","0","8","0","","67","10","2021","6","40.013178","-75.070421","1900","6","0","0","0","0","0","1","0","0","","0","0","0","18","3","1","","1","0","40 00:47.439","","0","75 04:13.514","3","0","0","0","67301","1","0","0","N","1","0","0","2","67301","0","","1.0","","9","N","N","N","0","","1","0","1","3","2","","1830","2","1","0","0","0","0","0","2","0","1","1","0","0","7","04","","N","","","","","","","","","",""
"2021118061","0447","1","0","0","0","0","0","0","0","0","7","0","","67","10","2021","1","39.960121","-75.180596","0447","6","0","0","0","0","0","0","0","0","","0","0","0","4","3","1","N","0","2","39 57:36.436","3","3","75 10:50.147","3","0","0","0","67301","0","0","0","N","0","0","0","1","68K01","0","","3.0","510.0","1","N","N","N","0","","1","0","0","0","0","N","447","1","1","0","0","0","0","0","2","0","1","0","0","0","3","","","N","","","","","","","","","",""
"2021107771","2155","2","0","0","0","0","0","0","0","0","4","0","","67","11","2021","6","40.00713","-75.094069","2150","6","0","0","0","1","0","1","0","0","","0","0","0","21","3","1","","1","0","40 00:25.667","","0","75 05:38.650","3","0","0","0","67301","0","0","0","N","0","0","0","2","67301","0","","1.0","","1","N","N","N","0","","1","0","0","3","1","","2148","2","1","0","0","0","0","0","2","0","2","0","0","0","4","04","","N","","","","","","","","","",""
"2021077440","0226","2","0","0","0","0","0","0","0","0","4","0","","67","8","2021","7","40.018906","-75.14723","0226","6","0","0","0","0","0","0","0","0","","0","0","0","2","2","1","N","1","0","40 01:08.061","","0","75 08:50.029","3","0","0","0","67301","0","0","0","N","0","0","0","2","67301","0","","1.0","","1","N","N","N","0","","1","0","0","0","0","","222","2","1","0","0","0","0","0","2","0","2","0","0","0","3","03","","N","","","","","","","","","",""
"2021105317","0430","1","0","0","0","0","0","0","0","0","4","1","","67","11","2021","2","40.006922","-75.068388","0027","6","0","0","0","0","0","1","0","0","","0","1","0","0","3","4","","2","2","40 00:24.918","6","2","75 04:06.198","2","0","0","0","67301","0","0","0","N","0","0","0","4","67301","0","","1.0","651.0","1","N","N","N","0","","2","2","0","0","0","Y","20","2","4","0","0","0","0","0","2","0","2","0","0","0","3","03","","N","","","","","","","","","",""
"2021104248","1916","1","0","0","0","0","0","0","0","0","5","1","","67","10","2021","5","39.98936","-75.180055","1916","6","0","0","0","0","0","0","0","0","","0","1","0","19","3","0","N","0","2","39 59:21.697","4","0","75 10:48.198","0","0","0","0","67301","0","0","0","N","0","0","0","1","67301","0","","6.0","2000.0","1","N","N","N","0","","0","0","0","0","0","Y","1909","2","0","0","0","0","0","0","2","0","2","0","0","0","3","04","","N","","","","","","","","","",""
"2021106897","1929","0","0","0","0","0","0","0","0","0","7","0","","67","10","2021","2","39.969859","-75.125582","1919","6","0","0","0","0","0","0","1","0","","0","0","0","19","3","1","N","0","1","39 58:11.491","1","0","75 07:32.094","3","0","0","0","67301","0","0","0","Y","0","0","0","1","68K01","0","","4.0","2000.0","1","N","N","N","0","","1","0","1","0","0","N","1919","1","1","0","0","0","0","0","2","0","1","0","0","0","3","","","N","","","","","","","","","",""
"2021104827","1355","2","0","0","0","0","0","0","0","0","5","0","","67","3","2021","4","39.999642","-75.146497","1355","6","0","0","0","0","0","0","0","0","","0","0","0","13","1","1","N","0","0","39 59:58.710","","0","75 08:47.390","3","0","0","0","67301","0","0","0","N","0","0","0","1","67301","0","","6.0","","1","N","N","N","0","","1","0","0","0","0","","1355","2","1","0","0","0","0","0","2","0","2","0","0","0","3","03","","N","","","","","","","","","",""
"2021104571","1620","1","0","0","0","0","0","0","0","0","1","0","","67","10","2021","7","39.971787","-75.1593","1618","6","0","0","0","1","0","0","0","0","","0","0","0","16","1","1","N","0","0","39 58:18.432","","0","75 09:33.480","3","0","0","0","67301","0","0","0","N","0","0","0","2","67301","0","","1.0","","1","N","N","N","0","","1","0","1","0","0","","1618","2","1","0","0","0","0","1","2","0","2","0","0","0","3","03","","N","","","","","","","","","",""
"2021106662","2348","0","0","0","0","0","0","0","0","0","4","1","","67","10","2021","2","39.967263","-75.132459","2338","6","0","0","0","0","0","0","0","0","","0","1","0","23","3","1","N","0","2","39 58:02.148","1","0","75 07:56.851","3","0","0","0","67301","0","0","0","N","0","0","0","2","68K01","0","","2.0","15.0","9","N","N","N","0","","1","0","1","0","0","N","2336","2","1","1","0","0","0","0","2","0","2","0","0","0","7","","","N","","","","","","","","","",""
"2021106278","1300","1","0","0","0","0","0","0","0","0","1","0","","67","11","2021","3","40.080562","-75.02879","1236","6","0","0","0","0","0","1","0","0","","0","0","0","10","1","1","N","0","9","40 04:50.024","","0","75 01:43.643","3","0","0","0","67301","0","0","0","N","0","0","0","1","67301","0","","1.0","","1","N","N","N","0","","1","0","0","9","2","U","1035","2","1","0","0","0","0","0","2","0","2","0","0","0","4","04","","N","","","","","","","","","",""
"2021070488","1615","3","0","0","0","0","0","0","0","0","4","0","","67","7","2021","1","39.994976","-75.170977","1610","6","0","0","0","0","1","0","0","0","","0","0","0","16","1","0","","1","0","39 59:41.913","","0","75 10:15.517","0","0","0","0","67301","0","0","0","N","0","0","0","2","67301","0","","1.0","","1","N","N","N","0","","0","0","0","3","3","","1609","3","0","0","0","0","0","0","2","0","3","0","0","0","4","","","N","","","","","","","","","",""