"CRN","ARRIVAL_TM","AUTOMOBILE_COUNT","BELTED_DEATH_COUNT","BELTED_SUSP_SERIOUS_INJ_COUNT","BICYCLE_COUNT","BICYCLE_DEATH_COUNT","BICYCLE_SUSP_SERIOUS_INJ_COUNT","BUS_COUNT","CHLDPAS_DEATH_COUNT","CHLDPAS_SUSP_SERIOUS_INJ_COUNT","COLLISION_TYPE","COMM_VEH_COUNT","CONS_ZONE_SPD_LIM","COUNTY","CRASH_MONTH","CRASH_YEAR","DAY_OF_WEEK","DEC_LATITUDE","DEC_LONGITUDE","DISPATCH_TM","DISTRICT","DRIVER_COUNT_16YR","DRIVER_COUNT_17YR","DRIVER_COUNT_18YR","DRIVER_COUNT_19YR","DRIVER_COUNT_20YR","DRIVER_COUNT_50_64YR","DRIVER_COUNT_65_74YR","DRIVER_COUNT_75PLUS","EST_HRS_CLOSED","FATAL_COUNT","HEAVY_TRUCK_COUNT","HORSE_BUGGY_COUNT","HOUR_OF_DAY","ILLUMINATION","INJURY_COUNT","INTERSECTION_RELATED","INTERSECT_TYPE","LANE_CLOSED","LATITUDE","LN_CLOSE_DIR","LOCATION_TYPE","LONGITUDE","MAX_SEVERITY_LEVEL","MCYCLE_DEATH_COUNT","MCYCLE_SUSP_SERIOUS_INJ_COUNT","MOTORCYCLE_COUNT","MUNICIPALITY","NONMOTR_COUNT","NONMOTR_DEATH_COUNT","NONMOTR_SUSP_SERIOUS_INJ_COUNT","NTFY_HIWY_MAINT","PED_COUNT","PED_DEATH_COUNT","PED_SUSP_SERIOUS_INJ_COUNT","PERSON_COUNT","POLICE_AGCY","POSSIBLE_INJ_COUNT","RDWY_SURF_TYPE_CD","RELATION_TO_ROAD","ROADWAY_CLEARED","ROAD_CONDITION","SCH_BUS_IND","SCH_ZONE_IND","SECONDARY_CRASH","SMALL_TRUCK_COUNT","SPEC_JURIS_CD","SUSP_MINOR_INJ_COUNT","SUSP_SERIOUS_INJ_COUNT","SUV_COUNT","TCD_FUNC_CD","TCD_TYPE","TFC_DETOUR_IND","TIME_OF_DAY","TOTAL_UNITS","TOT_INJ_COUNT","UNBELTED_OCC_COUNT","UNB_DEATH_COUNT","UNB_SUSP_SERIOUS_INJ_COUNT","UNK_INJ_DEG_COUNT","UNK_INJ_PER_COUNT","URBAN_RURAL","VAN_COUNT","VEHICLE_COUNT","VULNERABLE_ROAD_USER_COUNT","VULNERABLE_ROAD_USER_DEATH_COUNT","VULNERABLE_ROAD_USER_SER_INJ_COUNT","WEATHER1","WEATHER2","WORKERS_PRES","WORK_ZONE_IND","WORK_ZONE_LOC","WORK_ZONE_TYPE","WZ_CLOSE_DETOUR","WZ_FLAGGER","WZ_LAW_OFFCR_IND","WZ_LN_CLOSURE","WZ_MOVING","WZ_OTHER","WZ_SHLDER_MDN","WZ_WORKERS_INJ_KILLED"
"2021104817","0852","4","0","0","0","0","0","0","0","0","5","0","","67","10","2021","1","39.956293","-75.207551","0852","6","0","0","0","0","0","0","0","0","","0","1","0","7","5","0","N","0","0","39 57:22.653","","0","75 12:27.182","0","0","0","0","67301","0","0","0","N","0","0","0","0","67301","0","","1.0","","1","N","N","N","0","","0","0","1","0","0","","730","6","0","0","0","0","0","0","2","0","6","0","0","0","3","03","","N","","","","","","","","","",""
"2021105967","0035","2","0","0","0","0","0","0","0","0","5","0","","67","10","2021","2","39.968602","-75.191406","0024","6","0","0","0","0","0","0","0","0","","0","0","0","0","3","2","N","0","1","39 58:06.968","3","0","75 11:29.062","3","0","0","0","67301","0","0","0","N","0","0","0","2","68K01","1","","1.0","110.0","1","N","N","N","0","","1","0","0","0","0","N","14","2","2","0","0","0","0","0","2","0","2","0","0","0","3","","","N","","","","","","","","","",""
"2021104570","0756","1","0","0","0","0","0","0","0","0","7","0","","67","10","2021","1","39.970472","-75.193336","0755","6","0","0","0","0","0","0","1","0","","0","0","0","7","5","1","N","0","0","39 58:13.700","","0","75 11:36.010","2","0","0","0","67301","0","0","0","N","0","0","0","1","67301","0","","5.0","","9","N","N","N","0","","0","1","0","0","0","","754","1","1","0","0","0","0","0","2","0","1","0","0","0","4","04","","N","","","","","","","","","",""
"2021106001","1656","2","0","0","0","0","0","0","0","0","4","0","","67","10","2021","2","39.943644","-75.142706","1647","6","0","0","0","0","0","0","0","0","","0","0","0","16","1","1","N","0","2","39 56:37.117","1","0","75 08:33.742","8","0","0","0","67301","0","0","0","N","0","0","0","3","68K01","0","","1.0","1745.0","1","N","N","N","1","","0","0","0","0","0","N","1646","3","1","0","0","0","1","0","2","0","3","0","0","0","3","","","N","","","","","","","","","",""
"2021105613","1350","1","0","0","0","0","0","0","0","0","1","0","","67","10","2021","1","39.99802","-75.125586","1342","6","0","0","0","0","0","0","1","0","","0","0","0","11","1","1","N","0","0","39 59:52.873","","0","75 07:32.108","3","0","0","0","67301","0","0","0","N","0","0","0","2","67301","0","","1.0","","1","N","N","N","0","","1","0","1","3","1","","1141","2","1","0","0","0","0","0","2","0","2","0","0","0","3","03","","N","","","","","","","","","",""
"2021105217","1650","0","0","0","0","0","0","0","0","0","8","1","","67","10","2021","7","40.028541","-75.08536","1643","6","0","0","0","0","0","0","0","0","","0","1","0","16","1","1","","1","0","40 01:42.749","","0","75 05:07.295","3","0","0","0","67301","1","0","0","N","1","0","0","2","67301","0","","1.0","","1","N","N","N","0","","1","0","0","3","2","","1640","2","1","0","0","0","0","0","2","0","1","1","0","0","3","03","","N","","","","","","","","","",""
"2021106066","2313","0","0","0","0","0","0","0","0","0","7","0","","67","10","2021","2","39.978597","-75.202918","2312","6","0","0","0","0","0","0","0","0","","0","0","0","23","3","0","N","0","1","39 58:42.950","3","0","75 12:10.505","0","0","0","0","67301","0","0","0","N","0","0","0","1","68K01","0","","4.0","2330.0","9","N","N","N","0","","0","0","1","0","0","N","2310","1","0","0","0","0","0","0","2","0","1","0","0","0","7","07","","N","","","","","","","","","",""
"2021103487","0740","1","0","0","0","0","0","0","0","0","2","0","","67","10","2021","3","40.090799","-75.064361","0733","6","0","0","0","0","0","0","1","0","","0","0","0","7","1","0","","2","0","40 05:26.876","","0","75 03:51.699","0","0","0","0","67301","0","0","0","N","0","0","0","3","67301","0","","1.0","","9","N","N","N","0","","0","0","1","3","3","","730","2","0","0","0","0","0","0","2","0","2","0","0","0","7","07","","N","","","","","","","","","",""
"2021123447","0030","2","0","0","0","0","0","0","0","0","4","0","","67","11","2021","7","39.991898","-75.109331","2300","6","0","0","0","0","0","0","0","0","","0","0","0","22","3","0","","2","0","39 59:30.833","","0","75 06:33.593","9","0","0","0","67301","0","0","0","N","0","0","0","2","67301","0","","1.0","","1","N","N","N","0","","0","0","0","3","3","","2250","2","0","0","0","0","0","2","2","0","2","0","0","0","99","98","","N","","","","","","","","","",""
"2021104237","1045","0","0","0","0","0","0","0","0","0","5","0","","67","10","2021","7","40.062933","-75.200364","1039","6","0","0","0","0","0","0","0","0","","0","0","0","10","1","0","N","0","1","40 03:46.560","4","0","75 12:01.310","0","0","0","0","67301","0","0","0","N","0","0","0","2","67301","0","","1.0","1128.0","1","N","N","N","0","","0","0","1","0","0","N","1028","2","0","0","0","0","0","0","2","0","2","0","0","0","3","03","","N","","","","","","","","","",""
"2021104497","0517","1","0","0","0","0","0","0","0","0","4","0","","67","10","2021","1","39.995823","-75.169147","0515","6","0","0","0","0","0","0","0","0","","0","0","0","5","3","0","","1","0","39 59:44.961","","0","75 10:08.930","0","0","0","0","67301","0","0","0","N","0","0","0","2","67301","0","","1.0","","9","N","N","N","1","","0","0","0","3","2","","505","2","0","0","0","0","0","0","2","0","2","0","0","0","3","03","","N","","","","","","","","","",""
"2021103589","0118","2","0","0","0","0","0","0","0","0","5","0","","67","10","2021","5","40.013178","-75.070421","0112","6","0","0","0","0","0","0","0","0","","0","0","0","1","3","0","","1","0","40 00:47.439","","0","75 04:13.514","0","0","0","0","67301","0","0","0","N","0","0","0","2","67301","0","","1.0","","1","N","N","N","0","","0","0","0","3","2","","110","2","0","0","0","0","0","0","2","0","2","0","0","0","3","","","N","","","","","","","","","",""
"2021123217","1158","0","0","0","0","0","0","0","0","0","4","0","","67","12","2021","4","39.988892","-75.151834","1157","6","0","0","0","0","0","0","0","0","","0","0","0","11","1","1","","1","0","39 59:20.011","","1","75 09:06.602","3","0","0","0","67301","0","0","0","N","0","0","0","2","67301","0","","1.0","","1","N","N","N","1","","1","0","0","3","3","","1140","2","1","0","0","0","0","0","2","1","2","0","0","0","3","03","","N","","","","","","","","","",""
"2021103780","1900","1","0","0","0","0","0","0","0","0","6","0","","67","10","2021","5","40.082153","-75.038117","1857","6","0","0","0","0","0","0","0","0","","0","0","0","18","3","1","N","0","0","40 04:55.750","","0","75 02:17.220","8","0","0","0","67301","0","0","0","N","0","0","0","3","67301","0","","1.0","","1","N","N","N","0","","0","0","1","0","0","","1840","2","1","0","0","0","1","0","2","0","2","0","0","0","3","03","","N","","","","","","","","","",""
"2021121549","0425","2","0","0","0","0","0","0","0","0","6","0","","67","12","2021","7","40.024653","-75.121708","0422","6","0","0","0","0","0","0","0","0","","0","0","0","3","3","0","N","0","0","40 01:28.750","","0","75 07:18.150","9","0","0","0","67301","0","0","0","N","0","0","0","1","67301","0","","6.0","","9","N","N","N","0","","0","0","1","0","0","","313","3","0","0","0","0","0","1","2","0","3","0","0","0","7","05","","N","","","","","","","","","",""
"2021105944","1334","1","0","0","0","0","0","0","0","0","1","0","","67","9","2021","5","39.89305","-75.228628","1325","6","0","0","0","0","0","1","0","0","","0","0","0","13","1","2","N","0","0","39 53:34.981","","0","75 13:43.062","3","0","0","0","67301","0","0","0","N","0","0","0","2","68K01","0","","1.0","","1","N","N","N","0","","2","0","1","0","0","","1320","2","2","0","0","0","0","0","2","0","2","0","0","0","3","03","","N","","","","","","","","","",""
"2021105968","0124","1","0","0","0","0","0","0","0","0","1","0","","67","10","2021","2","39.981276","-75.102346","0115","6","0","0","0","0","0","0","1","0","","0","0","0","1","2","0","N","0","1","39 58:52.594","1","0","75 06:08.445","0","0","0","0","67301","0","0","0","N","0","0","0","3","68K01","0","","1.0","131.0","1","N","N","N","0","","0","0","2","0","0","N","107","3","0","0","0","0","0","0","2","0","3","0","0","0","3","","","N","","","","","","","","","",""
"2021107126","1639","1","0","0","0","0","0","0","0","0","8","0","","67","11","2021","6","40.020505","-75.095014","1634","6","0","0","0","0","0","0","0","0","","0","0","0","15","1","1","N","0","0","40 01:13.818","","0","75 05:42.052","3","0","0","0","67301","1","0","0","N","1","0","0","2","67301","0","","1.0","","1","N","Y","N","0","","1","0","0","0","0","","1513","2","1","0","0","0","0","0","2","0","1","1","0","0","3","","","N","","","","","","","","","",""
"2021104466","1355","1","0","0","0","0","0","1","0","0","4","1","","67","10","2021","3","39.968453","-75.235363","1349","6","0","0","0","0","0","2","0","0","","0","0","0","13","1","1","","5","0","39 58:06.431","","0","75 14:07.306","4","0","0","0","67301","0","0","0","N","0","0","0","2","67508","1","","1.0","","1","N","N","Y","0","","0","0","1","3","2","","1349","3","1","0","0","0","0","0","2","0","3","0","0","0","3","03","","N","","","","","","","","","",""
"2021104759","0058","1","0","0","0","0","0","0","0","0","4","0","","67","10","2021","1","39.903766","-75.17382","0046","6","0","0","0","0","0","1","0","0","","0","0","0","23","3","2","N","0","1","39 54:13.558","1","0","75 10:25.751","8","0","0","0","67301","0","0","0","N","0","0","0","2","67301","0","","1.0","300.0","1","N","N","N","0","","0","0","1","3","2","N","2350","2","2","0","0","0","2","0","2","0","2","0","0","0","3","03","","N","","","","","","","","","",""
"2021104452","0037","2","0","0","0","0","0","0","0","0","4","0","","67","10","2021","7","40.038726","-75.144668","0036","6","0","0","0","0","0","0","0","1","","0","0","0","19","3","0","","1","9","40 02:19.413","","0","75 08:40.805","9","0","0","0","67301","0","0","0","N","0","0","0","6","67301","0","","1.0","","9","N","N","N","0","","0","0","0","3","2","U","1941","2","0","0","0","0","0","1","2","0","2","0","0","0","7","07","","N","","","","","","","","","",""
"2021106907","2150","1","0","0","0","0","0","0","0","0","1","0","","67","10","2021","2","39.960094","-75.179627","2150","6","0","0","0","0","0","0","0","0","","0","0","0","21","3","0","N","0","0","39 57:36.340","","0","75 10:46.658","0","0","0","0","67301","0","0","0","N","0","0","0","3","68K01","0","","1.0","","9","N","N","Y","0","","0","0","1","0","0","","2150","2","0","1","0","0","0","0","2","0","2","0","0","0","7","","","N","","","","","","","","","",""
"2021108519","2000","1","0","0","0","0","0","0","0","0","8","0","","67","11","2021","2","40.036706","-75.040848","1755","6","0","0","0","1","0","0","0","0","","0","0","0","17","4","1","","1","0","40 02:12.142","","0","75 02:27.052","3","0","0","0","67301","1","0","0","N","1","0","0","3","67301","0","","1.0","","1","N","N","N","0","","1","0","0","3","2","","1754","2","1","2","0","0","0","0","2","0","1","1","0","0","3","","","N","","","","","","","","","",""
"2021103674","2027","2","0","0","0","0","0","0","0","0","1","1","","67","10","2021","2","40.031866","-75.063836","2026","6","0","0","0","1","0","0","0","0","","0","1","0","20","3","1","","2","0","40 01:54.716","","0","75 03:49.809","3","0","0","0","67301","0","0","0","N","0","0","0","2","67301","0","","1.0","","9","N","N","N","0","","1","0","0","0","0","","2025","3","1","0","0","0","0","0","2","0","3","0","0","0","7","","","N","","","","","","","","","",""
"2021106165","0149","1","0","0","0","0","0","0","0","0","5","0","","67","10","2021","1","39.95977","-75.177971","0141","6","0","0","0","0","0","0","0","0","","0","0","0","1","3","0","N","0","1","39 57:35.173","3","0","75 10:40.697","0","0","0","0","67301","0","0","0","N","0","0","0","3","68K01","0","","1.0","215.0","9","N","N","N","0","","0","0","1","0","0","N","138","2","0","0","0","0","0","0","2","0","2","0","0","0","7","07","","N","","","","","","","","","",""
"2021061260","1447","1","0","0","0","0","0","0","0","0","1","0","","67","6","2021","6","39.989383","-75.251783","1444","6","0","0","0","0","0","0","0","1","","0","0","0","14","1","0","Y","0","0","39 59:21.778","","0","75 15:06.419","0","0","0","0","67301","0","0","0","N","0","0","0","2","46104","0","","1.0","","1","N","N","N","0","","0","0","1","3","2","","1444","2","0","0","0","0","0","0","2","0","2","0","0","0","3","","","N","","","","","","","","","",""
"2021104954","1029","1","0","0","0","0","0","0","0","0","7","0","","67","6","2021","6","40.014518","-75.131119","1029","6","0","0","0","0","0","0","0","0","","0","0","0","17","1","0","","5","0","40 00:52.264","","0","75 07:52.028","0","0","0","0","67301","0","0","0","N","0","0","0","1","67301","0","","5.0","","1","N","N","N","0","","0","0","0","3","2","","1701","2","0","0","0","0","0","0","2","0","1","0","0","0","3","03","","N","","","","","","","","","",""
"2021104395","0026","1","0","0","0","0","0","0","0","0","5","0","","67","10","2021","7","39.934183","-75.192703","0019","6","0","0","0","0","0","0","0","0","","0","0","0","0","3","1","N","0","2","39 56:03.060","2","0","75 11:33.730","3","0","0","0","67301","0","0","0","N","0","0","0","1","67301","0","","6.0","100.0","9","N","N","N","0","","1","0","3","0","0","Y","15","4","1","0","0","0","0","0","2","0","4","0","0","0","7","07","","N","","","","","","","","","",""
"2021108604","1640","1","0","0","0","0","0","0","0","0","4","0","","67","11","2021","7","40.00957","-75.153694","1620","6","0","0","0","0","0","1","0","0","","0","0","0","14","1","0","","2","0","40 00:34.453","","0","75 09:13.299","9","0","0","0","67301","0","0","0","N","0","0","0","2","67301","0","","1.0","","1","N","N","N","0","","0","0","1","9","9","","1430","2","0","0","0","0","0","2","2","0","2","0","0","0","3","","","N","","","","","","","","","",""
"2021078558","1243","2","0","0","0","0","0","0","0","0","4","0","","67","8","2021","6","40.032429","-75.069899","1239","6","0","0","0","0","0","0","0","0","","0","0","0","12","1","2","","1","0","40 01:56.744","","0","75 04:11.636","3","0","0","0","67301","0","0","0","N","0","0","0","3","67301","0","","1.0","","9","N","N","N","0","","2","0","1","3","3","","1223","3","2","0","0","0","0","1","2","0","3","0","0","0","4","03","","N","","","","","","","","","",""
"2021108828","1239","2","0","0","0","0","0","0","0","0","4","0","","67","11","2021","3","40.029662","-75.126692","1239","6","0","0","0","1","0","0","0","0","","0","0","0","23","3","0","","1","0","40 01:46.783","","0","75 07:36.091","9","0","0","0","67301","0","0","0","N","0","0","0","2","67301","0","","1.0","","1","N","N","N","0","","0","0","1","3","3","","2330","3","0","2","0","0","0","2","2","0","3","0","0","0","3","03","","N","","","","","","","","","",""
"2021105077","1937","0","0","0","0","0","0","0","0","0","1","0","","67","10","2021","2","39.899429","-75.16531","1937","6","0","1","0","0","0","0","0","0","","0","0","0","19","3","0","N","0","1","39 53:57.946","2","0","75 09:55.117","0","0","0","0","67301","0","0","0","N","0","0","0","5","68K01","0","","1.0","2020.0","1","N","N","N","1","","0","0","1","0","0","N","1937","2","0","0","0","0","0","0","2","0","2","0","0","0","3","03","","N","","","","","","","","","",""
"2021106612","0820","0","0","0","0","0","0","1","0","0","3","2","","67","10","2021","5","39.972564","-75.123993","0800","6","0","0","0","0","0","0","0","0","","0","1","0","99","1","1","","2","0","39 58:21.229","","2","75 07:26.373","8","0","0","0","67301","0","0","0","N","0","0","0","1","67508","0","","1.0","","1","N","N","Y","0","","0","0","0","0","0","","9999","2","1","0","0","0","1","0","2","0","2","0","0","0","3","03","","N","","","","","","","","","",""
"2021106729","0758","0","0","0","0","0","0","0","0","0","8","0","","67","11","2021","5","40.066182","-75.052029","0744","6","0","0","0","0","0","0","0","0","","0","0","0","7","1","1","N","0","0","40 03:58.255","","0","75 03:07.303","3","0","0","0","67301","1","0","0","N","1","0","0","2","67301","0","","1.0","","1","N","N","N","0","","1","0","1","0","0","","743","2","1","0","0","0","0","1","2","0","1","1","0","0","4","03","","N","","","","","","","","","",""
"2021106556","1655","0","0","0","0","0","0","2","0","0","1","2","","67","10","2021","6","39.989651","-75.107345","1645","6","0","0","0","0","0","1","0","0","","0","0","0","16","1","1","","1","1","39 59:22.742","4","0","75 06:26.442","4","0","0","0","67301","0","0","0","N","0","0","0","3","67508","1","","1.0","9999.0","1","N","N","Y","0","","0","0","1","3","2","N","1645","3","1","0","0","0","0","0","2","0","3","0","0","0","3","03","","N","","","","","","","","","",""
"2021106663","0451","1","0","0","0","0","0","0","0","0","7","0","","67","10","2021","3","40.047333","-75.00007","0443","6","0","0","0","0","0","0","0","0","","0","0","0","4","3","0","N","0","0","40 02:50.400","","0","75 00:00.252","0","0","0","0","67301","0","0","0","Y","0","0","0","1","68K01","0","","5.0","","9","N","N","N","0","","0","0","0","0","0","","440","1","0","0","0","0","0","0","2","0","1","0","0","0","7","","","N","","","","","","","","","",""
"2021104884","0904","1","0","0","0","0","0","0","0","0","4","1","","67","10","2021","5","40.057135","-75.128985","0902","6","0","0","0","0","0","0","0","0","","0","1","0","8","1","2","","1","0","40 03:25.687","","0","75 07:44.345","8","0","0","0","67301","0","0","0","N","0","0","0","3","67301","0","","1.0","","1","N","N","N","0","","0","0","0","3","2","","830","3","2","0","0","0","2","1","2","1","3","0","0","0","3","03","","N","","","","","","","","","",""
"2021106155","1119","1","0","0","0","0","0","0","0","0","4","0","","67","10","2021","7","40.049762","-74.994633","1100","6","0","1","0","0","0","0","1","0","","0","0","0","10","1","0","N","0","2","40 02:59.144","2","0","74 59:40.680","0","0","0","0","67301","0","0","0","N","0","0","0","2","68K01","0","","1.0","1125.0","1","N","N","N","1","","0","0","0","0","0","N","1059","2","0","0","0","0","0","0","2","0","2","0","0","0","3","","","N","","","","","","","","","",""
"2021105902","0949","1","0","0","0","0","0","0","0","0","5","0","","67","11","2021","4","40.046122","-75.162394","0949","6","0","0","0","0","0","0","0","0","","0","0","0","9","1","0","N","0","0","40 02:46.040","","0","75 09:44.620","9","0","0","0","67301","0","0","0","N","0","0","0","1","67301","0","","1.0","","1","N","N","N","1","","0","0","1","0","0","","910","3","0","0","0","0","0","1","2","0","3","0","0","0","3","03","","N","","","","","","","","","",""
"2021104116","0515","1","0","0","0","0","0","0","0","0","2","0","","67","10","2021","4","39.999027","-75.133244","0513","6","0","0","0","0","0","0","0","0","","1","0","0","5","3","0","","1","0","39 59:56.498","","0","75 07:59.680","1","1","0","1","67301","0","0","0","N","0","0","0","2","67301","0","2","1.0","","9","N","N","N","0","0","0","0","0","3","2","","508","2","0","0","0","0","0","0","2","0","2","0","0","0","3","03","","N","","","","","","","","","",""
"2021107767","1947","0","0","0","0","0","0","0","0","0","7","0","","67","10","2021","7","39.995469","-75.09314","1944","6","0","0","0","0","0","1","0","0","","0","0","0","19","3","1","N","0","1","39 59:43.689","2","0","75 05:35.304","3","0","0","0","67301","0","0","0","N","0","0","0","1","67301","0","","9.0","2045.0","1","N","N","N","1","","1","0","0","0","0","Y","1944","1","1","0","0","0","0","0","2","0","1","0","0","0","3","03","","N","","","","","","","","","",""
"2021106075","0711","2","0","0","0","0","0","0","0","0","1","0","","67","10","2021","4","39.898761","-75.169947","0653","6","0","0","0","0","0","1","0","0","","0","0","0","6","5","0","N","0","0","39 53:55.541","","0","75 10:11.809","0","0","0","0","67301","0","0","0","N","0","0","0","4","68K01","0","","1.0","","9","N","N","N","0","","0","0","2","0","0","","643","4","0","0","0","0","0","0","2","0","4","0","0","0","3","03","","N","","","","","","","","","",""
"2021105989","0425","0","0","0","0","0","0","0","0","0","7","0","","67","10","2021","7","39.926778","-75.194808","0419","6","0","0","0","0","0","0","0","0","","0","0","0","4","3","0","N","0","1","39 55:36.401","4","0","75 11:41.308","0","0","0","0","67301","0","0","0","N","0","0","0","2","68K01","0","","4.0","500.0","1","N","N","N","0","","0","0","1","0","0","N","418","1","0","0","0","0","0","0","2","0","1","0","0","0","3","","","N","","","","","","","","","",""
"2021106638","0650","1","0","0","0","0","0","0","0","0","1","1","","67","10","2021","5","39.993187","-75.200275","0645","6","0","0","0","0","0","2","0","0","","0","1","0","6","1","3","N","0","0","39 59:35.472","","0","75 12:00.990","4","0","0","0","67301","0","0","0","N","0","0","0","5","68K01","2","","1.0","","1","N","N","N","0","","0","0","1","0","0","","639","3","3","0","0","0","1","0","2","0","3","0","0","0","3","","","N","","","","","","","","","",""
"2021106011","1810","2","0","0","0","0","0","0","0","0","1","0","","67","10","2021","3","39.887271","-75.215913","1757","6","0","0","0","0","1","0","0","0","","0","0","0","17","1","3","N","0","2","39 53:14.176","1","0","75 12:57.285","8","0","0","0","67301","1","0","0","N","1","0","0","3","68K01","0","","2.0","1845.0","1","N","N","N","0","","0","0","0","0","0","N","1754","3","3","0","0","0","3","0","2","0","2","1","0","0","3","","","N","","","","","","","","","",""
"2021104703","0327","1","0","0","0","0","0","0","0","0","7","0","","67","10","2021","1","40.026419","-75.068704","0327","6","0","0","0","0","0","0","0","0","","0","0","0","2","3","2","N","0","9","40 01:35.110","","0","75 04:07.336","3","0","0","0","67301","0","0","0","N","0","0","0","2","67301","0","","5.0","","9","N","N","N","0","","2","0","0","0","0","U","250","1","2","0","0","0","0","0","2","0","1","0","0","0","7","07","","N","","","","","","","","","",""
"2021105764","1525","1","0","0","0","0","0","0","0","0","4","1","","67","11","2021","3","39.990048","-75.087699","1519","6","0","0","0","0","0","0","0","0","","1","1","0","15","1","0","N","0","2","39 59:24.171","2","0","75 05:15.715","1","0","0","0","67301","0","0","0","N","0","0","0","1","67301","0","2","6.0","1715.0","9","N","N","N","0","0","0","0","0","0","0","N","1515","2","0","0","0","0","0","0","2","0","2","0","0","0","7","04","","N","","","","","","","","","",""
"2021123314","2310","4","0","0","0","0","0","0","0","0","1","0","","67","10","2021","7","39.926652","-75.194849","2259","6","0","0","0","0","0","1","0","0","","0","0","0","22","3","0","N","0","2","39 55:35.948","3","0","75 11:41.458","9","0","0","0","67301","0","0","0","N","0","0","0","4","68K01","0","","1.0","15.0","1","N","N","N","0","","0","0","0","0","0","N","2249","4","0","0","0","0","0","1","2","0","4","0","0","0","3","","","N","","","","","","","","","",""
"2021106258","1640","1","0","0","0","0","0","0","0","0","4","0","","67","11","2021","4","39.987616","-75.178948","1628","6","0","0","0","0","0","0","0","0","","0","1","0","15","1","0","","1","2","39 59:15.417","2","0","75 10:44.212","0","0","0","0","67301","0","0","0","N","0","0","0","4","67301","0","","1.0","1700.0","1","N","N","N","0","","0","0","0","3","2","N","1540","2","0","0","0","0","0","0","2","0","2","0","0","0","3","03","","N","","","","","","","","","",""
"2021104025","1915","3","0","0","0","0","0","0","0","0","1","0","","67","10","2021","6","40.065436","-75.02507","1915","6","0","1","0","0","0","0","0","1","","0","0","0","15","1","0","N","0","0","40 03:55.568","","0","75 01:30.253","0","0","0","0","67301","0","0","0","N","0","0","0","3","67301","0","","1.0","","9","N","N","N","0","","0","0","0","0","0","","1550","3","0","0","0","0","0","0","2","0","3","0","0","0","4","07","","N","","","","","","","","","",""
"2021079152","0157","4","0","0","0","0","0","0","0","0","5","0","","67","8","2021","1","40.059977","-75.137867","0155","6","0","0","0","0","0","0","0","0","","0","0","0","1","3","0","N","0","0","40 03:35.918","","0","75 08:16.322","0","0","0","0","67301","0","0","0","N","0","0","0","1","67301","0","","6.0","","9","N","N","N","0","","0","0","2","0","0","","150","6","0","0","0","0","0","0","2","0","6","0","0","0","7","07","","N","","","","","","","","","",""
"2021104702","0121","0","0","0","0","0","0","0","0","0","8","0","","67","10","2021","1","39.948884","-75.160546","0121","6","0","0","0","0","0","0","0","0","","0","0","0","1","3","1","","1","0","39 56:55.984","","0","75 09:37.967","4","0","0","0","67301","1","0","0","N","1","0","0","2","67301","1","","1.0","","9","N","N","N","0","","0","0","1","3","2","","100","2","1","0","0","0","0","0","2","0","1","1","0","0","7","","","N","","","","","","","","","",""
"2021104826","0831","0","0","0","0","0","0","0","0","0","4","0","","67","11","2021","2","40.041619","-75.080094","0829","6","0","0","0","0","0","0","0","0","","0","0","0","8","1","1","N","0","0","40 02:29.830","","0","75 04:48.340","3","0","0","0","67301","0","0","0","N","0","0","0","2","67301","0","","1.0","","1","N","N","N","0","","1","0","2","0","0","","825","2","1","0","0","0","0","0","2","0","2","0","0","0","3","03","","N","","","","","","","","","",""
"2021105615","1540","1","0","0","0","0","0","0","0","0","1","0","","67","11","2021","2","39.992828","-75.146356","1540","6","0","0","0","0","0","0","0","0","","0","0","0","11","1","1","N","0","0","39 59:34.181","","0","75 08:46.881","3","0","0","0","67301","0","0","0","N","0","0","0","1","67301","0","","1.0","","1","N","N","N","0","","1","0","0","0","0","","1100","2","1","0","0","0","0","0","2","0","2","0","0","0","3","04","","N","","","","","","","","","",""
"2021105216","1601","0","0","0","0","0","0","0","0","0","1","0","","67","10","2021","6","40.028694","-75.034035","1601","6","0","0","0","0","0","0","1","0","","0","0","0","16","1","2","N","0","1","40 01:43.299","3","0","75 02:02.526","3","0","0","0","67301","0","0","0","N","0","0","0","4","67301","0","","1.0","1620.0","9","N","N","N","0","","2","0","3","3","2","N","1600","3","2","0","0","0","0","0","2","0","3","0","0","0","7","","","N","","","","","","","","","",""
"2021104482","0240","1","0","0","0","0","0","0","0","0","7","0","","67","10","2021","6","40.000169","-75.190536","0236","6","0","0","0","0","0","0","0","0","","0","0","0","2","3","1","N","0","1","40 00:00.610","5","0","75 11:25.930","3","0","0","0","67301","0","0","0","N","0","0","0","1","67301","0","","2.0","400.0","1","N","N","N","0","","1","0","0","3","1","N","234","1","1","0","0","0","0","0","2","0","1","0","0","0","3","03","","N","","","","","","","","","",""
"2021111068","2141","1","0","0","0","0","0","0","0","0","7","0","","67","11","2021","1","39.992905","-75.154688","2138","6","0","0","0","0","0","1","0","0","","0","0","0","21","3","1","N","0","0","39 59:34.457","","0","75 09:16.878","8","0","0","0","67301","0","0","0","N","0","0","0","1","67301","0","","3.0","","9","N","N","N","0","","0","0","0","0","0","","2135","1","1","0","0","0","1","0","2","0","1","0","0","0","7","07","","N","","","","","","","","","",""