"CRN","ARRIVAL_TM","AUTOMOBILE_COUNT","BELTED_DEATH_COUNT","BELTED_SUSP_SERIOUS_INJ_COUNT","BICYCLE_COUNT","BICYCLE_DEATH_COUNT","BICYCLE_SUSP_SERIOUS_INJ_COUNT","BUS_COUNT","CHLDPAS_DEATH_COUNT","CHLDPAS_SUSP_SERIOUS_INJ_COUNT","COLLISION_TYPE","COMM_VEH_COUNT","CONS_ZONE_SPD_LIM","COUNTY","CRASH_MONTH","CRASH_YEAR","DAY_OF_WEEK","DEC_LATITUDE","DEC_LONGITUDE","DISPATCH_TM","DISTRICT","DRIVER_COUNT_16YR","DRIVER_COUNT_17YR","DRIVER_COUNT_18YR","DRIVER_COUNT_19YR","DRIVER_COUNT_20YR","DRIVER_COUNT_50_64YR","DRIVER_COUNT_65_74YR","DRIVER_COUNT_75PLUS","EST_HRS_CLOSED","FATAL_COUNT","HEAVY_TRUCK_COUNT","HORSE_BUGGY_COUNT","HOUR_OF_DAY","ILLUMINATION","INJURY_COUNT","INTERSECTION_RELATED","INTERSECT_TYPE","LANE_CLOSED","LATITUDE","LN_CLOSE_DIR","LOCATION_TYPE","LONGITUDE","MAX_SEVERITY_LEVEL","MCYCLE_DEATH_COUNT","MCYCLE_SUSP_SERIOUS_INJ_COUNT","MOTORCYCLE_COUNT","MUNICIPALITY","NONMOTR_COUNT","NONMOTR_DEATH_COUNT","NONMOTR_SUSP_SERIOUS_INJ_COUNT","NTFY_HIWY_MAINT","PED_COUNT","PED_DEATH_COUNT","PED_SUSP_SERIOUS_INJ_COUNT","PERSON_COUNT","POLICE_AGCY","POSSIBLE_INJ_COUNT","RDWY_SURF_TYPE_CD","RELATION_TO_ROAD","ROADWAY_CLEARED","ROAD_CONDITION","SCH_BUS_IND","SCH_ZONE_IND","SECONDARY_CRASH","SMALL_TRUCK_COUNT","SPEC_JURIS_CD","SUSP_MINOR_INJ_COUNT","SUSP_SERIOUS_INJ_COUNT","SUV_COUNT","TCD_FUNC_CD","TCD_TYPE","TFC_DETOUR_IND","TIME_OF_DAY","TOTAL_UNITS","TOT_INJ_COUNT","UNBELTED_OCC_COUNT","UNB_DEATH_COUNT","UNB_SUSP_SERIOUS_INJ_COUNT","UNK_INJ_DEG_COUNT","UNK_INJ_PER_COUNT","URBAN_RURAL","VAN_COUNT","VEHICLE_COUNT","VULNERABLE_ROAD_USER_COUNT","VULNERABLE_ROAD_USER_DEATH_COUNT","VULNERABLE_ROAD_USER_SER_INJ_COUNT","WEATHER1","WEATHER2","WORKERS_PRES","WORK_ZONE_IND","WORK_ZONE_LOC","WORK_ZONE_TYPE","WZ_CLOSE_DETOUR","WZ_FLAGGER","WZ_LAW_OFFCR_IND","WZ_LN_CLOSURE","WZ_MOVING","WZ_OTHER","WZ_SHLDER_MDN","WZ_WORKERS_INJ_KILLED"
"2021078416","1637","0","0","0","0","0","0","0","0","0","4","0","","67","8","2021","6","40.031922","-75.162919","1637","6","0","0","0","0","0","0","0","1","","0","0","0","15","1","1","","1","0","40 01:54.919","","0","75 09:46.508","4","0","0","0","67301","0","0","0","N","0","0","0","2","67301","1","","1.0","","1","N","N","N","0","","0","0","1","3","3","","1535","2","1","0","0","0","0","0","2","0","2","0","0","0","3","03","","N","","","","","","","","","",""
"2021105924","0649","1","0","0","0","0","0","0","0","0","7","0","","67","9","2021","6","39.960822","-75.1816","0634","6","0","0","0","0","0","0","0","0","","0","0","0","6","1","0","N","0","1","39 57:38.958","4","0","75 10:53.760","9","0","0","0","67301","0","0","0","Y","0","0","0","1","68K01","0","","4.0","10.0","9","N","N","N","0","","0","0","0","0","0","Y","629","1","0","0","0","0","0","1","2","0","1","0","0","0","7","04","","N","","","","","","","","","",""
"2021106635","1137","1","0","0","0","0","0","0","0","0","5","0","","67","10","2021","4","40.054918","-74.985171","1128","6","0","0","0","0","0","1","0","0","","0","0","0","11","1","1","N","0","1","40 03:17.705","2","0","74 59:06.615","8","0","0","0","67301","0","0","0","N","0","0","0","3","68K01","0","","1.0","1200.0","1","N","N","N","1","","0","0","0","0","0","N","1126","3","1","0","0","0","1","1","2","0","3","0","0","0","4","","","N","","","","","","","","","",""
"2021110787","0305","0","0","0","0","0","0","0","0","0","1","0","","67","11","2021","2","40.004206","-75.082289","0305","6","0","0","0","0","0","0","0","0","","0","0","0","2","3","0","N","0","0","40 00:15.140","","0","75 04:56.240","0","0","0","0","67301","0","0","0","N","0","0","0","0","67301","0","","6.0","","1","N","N","N","1","","0","0","1","0","0","","235","2","0","0","0","0","0","0","2","0","2","0","0","0","3","","","N","","","","","","","","","",""
"2021104965","1105","1","0","0","0","0","0","0","0","0","4","1","","67","11","2021","2","40.035496","-75.178766","1101","6","0","0","0","0","0","0","1","0","","0","1","0","11","1","1","","1","2","40 02:07.785","3","0","75 10:43.557","3","0","0","0","67301","0","0","0","N","0","0","0","2","67301","0","","1.0","15.0","1","N","N","N","0","","1","0","0","3","2","Y","1100","2","1","0","0","0","0","0","2","0","2","0","0","0","3","03","","N","","","","","","","","","",""
"2021082344","1330","2","0","0","0","0","0","0","0","0","4","0","","67","9","2021","4","39.974964","-75.151608","1328","6","0","0","0","0","0","0","0","0","","0","0","0","12","1","0","N","2","1","39 58:29.870","2","0","75 09:05.788","0","0","0","0","67301","0","0","0","N","0","0","0","2","67505","0","","1.0","1433.0","1","N","N","N","0","","0","0","0","3","2","Y","1245","2","0","1","0","0","0","0","2","0","2","0","0","0","3","03","","N","","","","","","","","","",""
"2021106206","1657","1","0","0","0","0","0","0","0","0","1","0","","67","11","2021","2","39.986241","-75.092063","1639","6","0","0","0","0","0","1","1","0","","0","0","0","16","1","0","N","0","0","39 59:10.466","","0","75 05:31.428","0","0","0","0","67301","0","0","0","N","0","0","0","2","68K01","0","","1.0","","1","N","N","N","0","","0","0","1","0","0","","1637","2","0","1","0","0","0","0","2","0","2","0","0","0","3","03","","N","","","","","","","","","",""
"2021110531","0130","2","0","0","0","0","0","0","0","0","1","0","","67","10","2021","1","39.928146","-75.196248","0128","6","0","0","0","0","0","0","0","0","","0","0","0","1","3","2","N","0","2","39 55:41.325","3","0","75 11:46.491","3","0","0","0","67301","0","0","0","N","0","0","0","2","68K01","1","","1.0","215.0","1","N","N","N","0","","1","0","0","0","0","N","110","2","2","0","0","0","0","0","2","0","2","0","0","0","3","","","N","","","","","","","","","",""
"2021112920","1632","0","0","0","0","0","0","0","0","0","7","0","","67","10","2021","4","39.932835","-75.200039","1608","6","0","0","0","0","0","0","0","0","","0","0","0","16","1","1","N","0","2","39 55:58.205","4","0","75 12:00.139","8","0","0","0","67301","0","0","0","N","0","0","0","1","68K01","0","","3.0","1650.0","1","N","N","N","0","","0","0","1","0","0","N","1607","1","1","0","0","0","1","0","2","0","1","0","0","0","3","","","N","","","","","","","","","",""
"2021072968","1505","3","0","0","0","0","0","0","0","0","5","0","","67","8","2021","3","40.021132","-75.113199","1500","6","0","0","0","0","0","0","0","0","","0","0","0","14","1","0","N","0","0","40 01:16.074","","0","75 06:47.515","9","0","0","0","67301","0","0","0","N","0","0","0","1","67301","0","","6.0","","1","N","N","N","0","","0","0","0","0","0","","1455","3","0","0","0","0","0","1","2","0","3","0","0","0","3","03","","N","","","","","","","","","",""
"2021106728","1413","2","0","0","0","0","0","0","0","0","4","0","","67","11","2021","2","40.105753","-75.0338","1405","6","0","0","0","0","0","1","0","0","","0","0","0","13","1","0","","2","0","40 06:20.710","","0","75 02:01.680","0","0","0","0","67301","0","0","0","N","0","0","0","3","67301","0","","1.0","","1","N","N","N","1","","0","0","0","3","3","","1359","3","0","0","0","0","0","0","2","0","3","0","0","0","3","","","N","","","","","","","","","",""
"2021121465","1732","0","0","0","0","0","0","0","0","0","8","0","","67","12","2021","5","39.955753","-75.233947","1732","6","0","0","0","0","0","0","0","0","","0","0","0","17","3","1","N","0","0","39 57:20.710","","0","75 14:02.210","8","0","0","0","67301","1","0","0","N","1","0","0","2","67301","0","","1.0","","1","N","N","N","0","","0","0","1","0","0","","1703","2","1","0","0","0","1","0","2","0","1","1","0","0","3","","","N","","","","","","","","","",""
"2021115790","1335","1","0","0","0","0","0","0","0","0","4","0","","67","11","2021","3","39.950209","-75.237177","1330","6","0","0","0","0","0","1","0","0","","0","0","0","13","1","1","","1","0","39 57:00.752","","0","75 14:13.837","3","0","0","0","67301","0","0","0","N","0","0","0","3","67301","0","","1.0","","1","N","N","N","0","","1","0","1","3","2","","1328","2","1","0","0","0","0","0","2","0","2","0","0","0","3","03","","N","","","","","","","","","",""
"2021106916","2111","1","0","0","0","0","0","0","0","0","7","0","","67","10","2021","6","39.946586","-75.142385","2058","6","0","0","1","0","0","0","0","0","","0","0","0","20","3","2","N","0","1","39 56:47.708","2","0","75 08:32.586","3","0","0","0","67301","0","0","0","N","0","0","0","3","68K01","1","","4.0","2111.0","9","N","N","N","0","","1","0","0","0","0","N","2045","1","2","0","0","0","0","0","2","0","1","0","0","0","7","","","N","","","","","","","","","",""
"2021105970","0659","2","0","0","0","0","0","0","0","0","1","0","","67","10","2021","3","39.992719","-75.08547","0646","6","0","0","0","1","0","0","0","0","","0","0","0","6","1","0","N","0","2","39 59:33.787","2","0","75 05:07.692","0","0","0","0","67301","0","0","0","N","0","0","0","3","68K01","0","","1.0","730.0","1","N","N","N","0","","0","0","1","0","0","N","643","3","0","0","0","0","0","0","2","0","3","0","0","0","3","03","","N","","","","","","","","","",""
"2021123065","2019","2","0","0","0","0","0","0","0","0","2","0","","67","12","2021","2","40.031236","-75.044652","1958","6","0","0","0","0","0","0","0","0","","0","0","0","19","3","3","","1","0","40 01:52.449","","0","75 02:40.748","8","0","0","0","67301","0","0","0","N","0","0","0","3","67301","0","","1.0","","1","N","N","N","0","","0","0","0","3","3","","1955","2","3","0","0","0","3","0","2","0","2","0","0","0","3","","","N","","","","","","","","","",""
"2021078589","0215","1","0","0","0","0","0","0","0","0","4","0","","67","8","2021","1","40.016994","-75.188321","0209","6","0","0","0","0","0","0","0","0","","0","0","0","2","3","3","","1","0","40 01:01.180","","0","75 11:17.957","3","0","0","0","67301","0","0","0","N","0","0","0","4","67301","1","","1.0","","9","N","N","N","0","","1","0","1","3","2","","203","2","3","2","0","0","1","1","2","0","2","0","0","0","7","07","","N","","","","","","","","","",""
"2021108105","0650","0","0","0","0","0","0","0","0","0","5","1","","67","10","2021","6","39.92794","-75.146366","0639","6","0","0","0","0","0","0","0","0","","0","1","0","6","5","0","N","0","0","39 55:40.585","","0","75 08:46.918","0","0","0","0","67301","0","0","0","Y","0","0","0","1","68K01","0","","2.0","","1","N","N","N","0","","0","0","0","0","0","","626","1","0","0","0","0","0","0","2","0","1","0","0","0","3","","","N","","","","","","","","","",""
"2021107199","0326","0","0","0","0","0","0","0","0","0","2","0","","67","11","2021","7","39.970559","-75.14996","0323","6","0","0","0","0","0","0","0","0","","0","0","0","3","3","1","","1","0","39 58:14.012","","0","75 08:59.857","3","0","0","0","67301","0","0","0","N","0","0","0","2","67301","0","","1.0","","1","N","N","N","0","","1","0","2","3","2","","310","2","1","0","0","0","0","0","2","0","2","0","0","0","3","03","","N","","","","","","","","","",""
"2021081229","1800","1","0","0","0","0","0","0","0","0","4","0","","67","8","2021","5","40.047081","-75.163182","1751","6","0","0","0","0","0","0","0","0","","0","0","0","17","1","3","","1","1","40 02:49.491","6","0","75 09:47.455","3","0","0","0","67301","0","0","0","N","0","0","0","4","67301","0","","1.0","1900.0","1","N","N","N","0","","3","0","1","3","2","Y","1732","2","3","0","0","0","0","1","2","0","2","0","0","0","3","03","","N","","","","","","","","","",""
"2021111502","1120","0","0","0","0","0","0","0","0","0","4","1","","67","11","2021","3","39.912516","-75.138099","1111","6","0","0","0","0","0","1","0","0","","0","1","0","10","1","0","","1","2","39 54:45.058","1","0","75 08:17.157","0","0","0","0","67301","0","0","0","N","0","0","0","2","67301","0","","1.0","1153.0","1","N","N","N","0","","0","0","0","3","2","Y","1045","2","0","0","0","0","0","0","2","1","2","0","0","0","3","","","N","","","","","","","","","",""
"2021112698","1141","1","0","0","0","0","0","0","0","0","7","0","","67","11","2021","5","39.95022","-75.224895","1141","6","0","0","0","0","0","0","0","0","","0","0","0","11","1","0","","1","2","39 57:00.791","7","0","75 13:29.621","9","0","0","0","67301","0","0","0","N","0","0","0","3","67301","0","","5.0","1250.0","1","N","N","Y","0","","0","0","0","3","3","Y","1141","1","0","0","0","0","0","3","2","0","1","0","0","0","3","03","","N","","","","","","","","","",""
"2021104304","1211","0","0","0","0","0","0","0","0","0","8","0","","67","7","2021","2","39.994517","-75.134204","1206","6","0","0","0","0","0","0","0","0","","0","0","0","16","1","1","","1","0","39 59:40.261","","0","75 08:03.134","8","0","0","0","67301","1","0","0","N","1","0","0","2","67301","0","","1.0","","1","N","N","N","1","","0","0","0","3","2","","1615","2","1","0","0","0","1","0","2","0","1","1","0","0","3","03","","N","","","","","","","","","",""
"2021112498","1551","0","0","0","0","0","0","0","0","0","1","0","","67","10","2021","5","39.957358","-75.157989","1523","6","0","0","0","0","0","1","0","0","","0","0","0","15","1","0","N","0","0","39 57:26.489","","0","75 09:28.759","0","0","0","0","67301","0","0","0","N","0","0","0","2","68K01","0","","1.0","","1","N","N","N","0","","0","0","2","0","0","","1522","2","0","0","0","0","0","0","2","0","2","0","0","0","3","03","","N","","","","","","","","","",""
"2021110715","1255","4","0","0","0","0","0","0","0","0","5","1","","67","10","2021","2","39.994281","-75.115042","1258","6","0","0","0","0","0","0","0","0","","0","1","0","12","1","1","N","0","0","39 59:39.410","","0","75 06:54.150","3","0","0","0","67301","0","0","0","N","0","0","0","1","67301","0","","6.0","","1","N","N","N","0","","1","0","1","0","0","","1255","6","1","1","0","0","0","0","2","0","6","0","0","0","3","03","","N","","","","","","","","","",""
"2021110711","2138","0","0","0","0","0","0","0","0","0","8","0","","67","9","2021","3","39.993561","-75.118769","2135","6","0","0","0","0","0","1","0","0","","0","0","0","21","3","1","N","0","0","39 59:36.820","","0","75 07:07.570","3","0","0","0","67301","1","0","0","N","1","0","0","2","67301","0","","1.0","","1","N","N","N","1","","1","0","0","3","2","","2115","2","1","0","0","0","0","0","2","0","1","1","0","0","3","03","","N","","","","","","","","","",""
"2021107015","1730","0","0","0","0","0","0","0","0","0","8","0","","67","10","2021","1","40.042426","-75.226288","1728","6","0","0","0","0","0","0","0","0","","0","0","0","17","1","1","","2","0","40 02:32.735","","0","75 13:34.636","4","0","0","0","67301","1","0","0","N","1","0","0","2","67301","1","","1.0","","1","N","N","N","0","","0","0","1","3","2","","1725","2","1","1","0","0","0","0","2","0","1","1","0","0","3","03","","N","","","","","","","","","",""
"2021107861","1415","2","0","0","0","0","0","0","0","0","4","0","","67","10","2021","3","39.995295","-75.238978","1415","6","0","0","0","0","1","0","0","0","","0","0","0","14","1","0","","2","1","39 59:43.063","2","0","75 14:20.321","0","0","0","0","67301","0","0","0","N","0","0","0","2","46104","0","","1.0","1645.0","1","N","N","N","0","","0","0","0","3","2","N","1415","2","0","0","0","0","0","0","2","0","2","0","0","0","4","","","N","","","","","","","","","",""
"2021095317","1620","0","0","0","0","0","0","0","0","0","1","0","","67","10","2021","5","40.032347","-75.174772","1612","6","0","0","0","0","0","0","0","0","","0","0","0","15","1","1","Y","0","0","40 01:56.450","","0","75 10:29.180","4","0","0","0","67301","0","0","0","N","0","0","0","2","67301","1","","1.0","","1","N","N","N","0","","0","0","0","3","2","","1530","2","1","0","0","0","0","0","2","2","2","0","0","0","3","","","N","","","","","","","","","",""
"2021058403","0931","2","0","0","0","0","0","0","0","0","4","0","","67","6","2021","6","39.997572","-75.234328","0928","6","0","0","0","0","0","0","0","0","","0","0","0","9","1","1","","2","0","39 59:51.258","","0","75 14:03.582","4","0","0","0","67301","0","0","0","N","0","0","0","2","46104","1","","1.0","","9","N","N","N","0","","0","0","0","3","3","","928","2","1","0","0","0","0","0","2","0","2","0","0","0","7","","","N","","","","","","","","","",""
"2021106049","0128","1","0","0","0","0","0","0","0","0","1","0","","67","10","2021","1","39.92602","-75.194273","0123","6","0","0","0","0","0","1","0","0","","0","0","0","1","3","2","N","0","1","39 55:33.671","3","0","75 11:39.383","3","0","0","0","67301","0","0","0","N","0","0","0","4","68K01","0","","1.0","205.0","1","N","N","N","0","","2","0","1","0","0","N","110","2","2","0","0","0","0","0","2","0","2","0","0","0","3","03","","N","","","","","","","","","",""
"2021110211","2345","3","0","0","0","0","0","0","0","0","2","0","","67","11","2021","6","40.016213","-75.154019","2331","6","0","0","0","0","0","0","0","0","","0","0","0","23","3","2","N","0","1","40 00:58.365","1","0","75 09:14.469","3","0","0","0","67301","0","0","0","N","0","0","0","3","67301","0","","1.0","45.0","9","N","N","N","0","","2","0","1","0","0","Y","2325","4","2","0","0","0","0","1","2","0","4","0","0","0","3","03","","N","","","","","","","","","",""
"2021112269","0557","1","0","0","0","0","0","0","0","0","8","0","","67","11","2021","4","40.009225","-75.151137","0547","6","0","0","0","0","0","0","0","0","","0","0","0","5","3","1","","5","1","40 00:33.209","1","0","75 09:04.094","2","0","0","0","67301","1","0","1","N","1","0","1","2","67301","0","","1.0","600.0","1","N","N","N","0","","0","1","0","3","2","N","544","2","1","0","0","0","0","1","2","0","1","1","0","1","3","","","N","","","","","","","","","",""
"2021110528","1746","0","0","0","0","0","0","0","0","0","8","1","","67","11","2021","6","39.950971","-75.177318","1736","6","0","0","0","0","0","0","0","0","","0","1","0","15","1","1","","1","1","39 57:03.495","4","0","75 10:38.343","4","0","0","0","67301","1","0","0","N","1","0","0","2","67301","1","","1.0","1645.0","1","N","N","N","0","","0","0","0","3","2","N","1535","2","1","0","0","0","0","0","2","0","1","1","0","0","3","","","N","","","","","","","","","",""
"2021110254","1245","1","0","0","0","0","0","0","0","0","1","0","","67","11","2021","6","39.949125","-75.212238","1235","6","0","0","0","0","0","1","0","0","","0","0","0","10","1","1","","2","0","39 56:56.850","","0","75 12:44.055","4","0","0","0","67301","0","0","0","N","0","0","0","1","67301","1","","1.0","","9","N","N","N","0","","0","0","1","9","9","","1050","2","1","0","0","0","0","0","2","0","2","0","0","0","3","03","","N","","","","","","","","","",""
"2021104250","1937","2","0","0","0","0","0","0","0","0","5","0","","67","7","2021","5","39.995376","-75.152965","1931","6","0","0","0","0","0","0","0","0","","0","0","0","18","1","0","","1","0","39 59:43.353","","0","75 09:10.674","9","0","0","0","67301","0","0","0","N","0","0","0","1","67301","0","","1.0","","1","N","N","N","0","","0","0","0","3","3","","1838","3","0","1","0","0","0","1","2","1","3","0","0","0","3","03","","N","","","","","","","","","",""
"2021111805","2145","1","0","0","0","0","0","1","0","0","4","1","","67","11","2021","4","39.977768","-75.21345","2140","6","0","0","0","0","0","1","0","0","","0","0","0","21","3","1","","1","0","39 58:39.965","","0","75 12:48.419","8","0","0","0","67301","0","0","0","N","0","0","0","2","67508","0","","1.0","","1","N","N","Y","0","","0","0","0","3","2","","2140","2","1","0","0","0","1","0","2","0","2","0","0","0","3","03","","N","","","","","","","","","",""
"2021067373","1440","1","0","0","0","0","0","0","0","0","1","0","","67","7","2021","5","40.056973","-75.128729","1431","6","0","0","0","0","1","2","0","0","","0","0","0","14","1","1","Y","0","1","40 03:25.102","4","0","75 07:43.426","8","0","0","0","67301","0","0","0","N","0","0","0","5","46102","0","","1.0","1445.0","1","N","N","N","0","","0","0","2","3","2","N","1410","4","1","0","0","0","1","0","2","1","4","0","0","0","3","","","N","","","","","","","","","",""
"2021111462","1629","1","0","0","0","0","0","0","0","0","1","0","","67","11","2021","7","39.957361","-75.151532","1621","6","0","0","0","0","0","0","0","1","","0","0","0","16","4","2","N","0","1","39 57:26.501","4","0","75 09:05.514","3","0","0","0","67301","0","0","0","N","0","0","0","2","68K01","0","","1.0","1648.0","1","N","N","N","0","","2","0","1","0","0","N","1606","2","2","0","0","0","0","0","2","0","2","0","0","0","3","","","N","","","","","","","","","",""
"2021019427","1655","0","0","0","0","0","0","0","0","0","8","0","","67","2","2021","5","39.989805","-75.125528","1645","6","0","0","0","0","0","0","0","0","","0","0","0","16","1","1","","2","0","39 59:23.298","","0","75 07:31.900","3","0","0","0","67301","1","0","0","N","1","0","0","2","67301","0","","1.0","","1","N","N","N","0","","1","0","0","0","0","","1630","2","1","0","0","0","0","1","2","0","1","1","0","0","3","","","N","","","","","","","","","",""
"2021093267","0617","0","0","0","0","0","0","0","0","0","7","0","","67","10","2021","1","39.95548","-75.148099","0615","6","0","0","0","0","0","0","0","0","","0","0","0","6","5","1","N","0","2","39 57:19.729","4","8","75 08:53.156","3","0","0","0","67301","0","0","0","N","0","0","0","3","67501","0","","4.0","706.0","1","N","N","N","1","","1","0","0","0","0","Y","615","1","1","0","0","0","0","0","2","0","1","0","0","0","5","","","N","","","","","","","","","",""
"2021093839","1724","2","0","0","0","0","0","0","0","0","1","0","","67","9","2021","5","39.957565","-75.14934","1659","6","0","0","0","0","0","1","0","0","","0","0","0","16","1","0","","3","0","39 57:27.234","","2","75 08:57.624","0","0","0","0","67301","0","0","0","N","0","0","0","5","68K01","0","","1.0","","1","N","N","N","0","","0","0","0","3","4","","1654","2","0","0","0","0","0","0","2","0","2","0","0","0","3","03","","N","","","","","","","","","",""
"2021110718","1925","1","0","0","0","0","0","0","0","0","8","0","","67","10","2021","4","39.998746","-75.109336","1921","6","0","0","0","0","0","0","0","0","","0","0","0","19","3","1","","2","0","39 59:55.485","","0","75 06:33.609","3","0","0","0","67301","1","0","0","N","1","0","0","2","67301","0","","1.0","","1","N","N","N","0","","1","0","0","2","3","","1901","2","1","0","0","0","0","0","2","0","1","1","0","0","3","03","","N","","","","","","","","","",""
"2021110876","0930","0","0","0","0","0","0","0","0","0","5","1","","67","11","2021","2","39.97078","-75.153692","0930","6","0","0","1","0","0","0","0","0","","0","1","0","9","1","0","N","0","0","39 58:14.807","","0","75 09:13.292","0","0","0","0","67301","0","0","0","N","0","0","0","1","67301","0","","6.0","","1","N","N","N","0","","0","0","1","0","0","","904","2","0","1","0","0","0","0","2","0","2","0","0","0","3","03","","N","","","","","","","","","",""
"2021110437","0016","1","0","0","0","0","0","0","0","0","5","0","","67","11","2021","2","39.995605","-75.105197","0015","6","0","0","0","0","0","0","0","0","","0","0","0","22","3","0","N","0","0","39 59:44.177","","0","75 06:18.710","9","0","0","0","67301","0","0","0","N","0","0","0","1","67301","0","","1.0","","1","N","N","N","1","","0","0","1","0","0","","2230","3","0","0","0","0","0","1","2","0","3","0","0","0","3","03","","N","","","","","","","","","",""
"2021093779","1525","0","0","0","0","0","0","0","0","0","8","0","","67","10","2021","7","39.915899","-75.164491","1518","6","0","0","0","0","0","0","0","0","","0","0","0","13","1","1","","1","0","39 54:57.236","","0","75 09:52.167","3","0","0","0","67301","1","0","0","N","1","0","0","2","67301","0","","1.0","","1","N","N","N","1","","1","0","0","3","2","","1315","2","1","0","0","0","0","0","2","0","1","1","0","0","3","03","","N","","","","","","","","","",""
"2021117712","2331","2","0","0","0","0","0","0","0","0","5","0","","67","11","2021","3","39.979994","-75.105223","2331","6","0","0","0","0","0","0","0","0","","0","0","0","23","3","1","N","0","0","39 58:47.978","","0","75 06:18.803","4","0","0","0","67301","0","0","0","N","0","0","0","1","68K01","1","","1.0","","1","N","N","N","0","","0","0","0","0","0","","2303","2","1","0","0","0","0","0","2","0","2","0","0","0","3","03","","N","","","","","","","","","",""
"2021110815","0850","0","0","0","0","0","0","0","0","0","4","0","","67","11","2021","6","40.037262","-75.089398","0840","6","0","0","0","1","0","0","0","0","","0","0","0","8","1","1","","1","0","40 02:14.142","","0","75 05:21.833","3","0","0","0","67301","0","0","0","N","0","0","0","2","67301","0","","1.0","","9","N","N","N","0","","1","0","2","3","3","","834","2","1","0","0","0","0","0","2","0","2","0","0","0","7","07","","N","","","","","","","","","",""
"2021110523","0821","2","0","0","0","0","0","0","0","0","4","0","","67","11","2021","6","39.933306","-75.143376","0811","6","0","0","0","1","0","0","0","0","","0","0","0","7","1","1","","2","1","39 55:59.902","3","0","75 08:36.154","3","0","0","0","67301","0","0","0","N","0","0","0","2","67301","0","","1.0","940.0","9","N","N","N","0","","1","0","0","3","2","N","743","2","1","0","0","0","0","0","2","0","2","0","0","0","7","07","","N","","","","","","","","","",""
"2021110231","1022","0","0","0","0","0","0","0","0","0","5","0","","67","11","2021","7","40.029872","-75.162342","1018","6","0","0","0","0","0","0","0","0","","0","0","0","2","2","0","N","0","0","40 01:47.540","","0","75 09:44.430","0","0","0","0","67301","0","0","0","N","0","0","0","0","67301","0","","1.0","","99","N","N","N","0","","0","0","2","0","0","","230","2","0","0","0","0","0","0","2","0","2","0","0","0","99","98","","N","","","","","","","","","",""
"2021110713","1740","1","0","0","0","0","0","0","0","0","4","0","","67","9","2021","1","39.987893","-75.123459","1740","6","0","0","0","0","0","0","0","0","","0","0","0","17","1","0","","1","0","39 59:16.416","","0","75 07:24.452","0","0","0","0","67301","0","0","0","N","0","0","0","1","67301","0","","1.0","","1","N","N","N","1","","0","0","0","3","2","","1710","2","0","0","0","0","0","0","2","0","2","0","0","0","3","03","","N","","","","","","","","","",""
"2021112598","0124","1","0","0","0","0","0","0","0","0","8","0","","67","11","2021","7","40.050777","-75.066441","0124","6","0","0","0","0","0","0","0","0","","0","0","0","1","3","1","N","0","2","40 03:02.797","5","0","75 03:59.188","2","0","0","0","67301","1","0","1","N","1","0","1","2","67301","0","","1.0","344.0","1","N","N","N","0","","0","1","0","0","0","Y","120","2","1","0","0","0","0","0","2","0","1","1","0","1","3","03","","N","","","","","","","","","",""
"2021110612","1340","2","0","0","0","0","0","0","0","0","2","0","","67","11","2021","6","39.931789","-75.149715","1330","6","0","1","0","0","0","0","0","0","","0","0","0","12","1","0","","1","2","39 55:54.440","1","0","75 08:58.973","0","0","0","0","67301","0","0","0","N","0","0","0","2","67301","0","","1.0","1450.0","1","N","N","N","0","","0","0","0","3","3","Y","1252","2","0","1","0","0","0","0","2","0","2","0","0","0","3","03","","N","","","","","","","","","",""
"2021112584","2333","0","0","0","0","0","0","0","0","0","4","0","","67","9","2021","7","40.036992","-75.07981","2330","6","0","0","0","0","0","0","0","0","","0","0","0","23","3","1","","1","1","40 02:13.172","5","0","75 04:47.317","2","0","1","1","67301","0","0","0","N","0","0","0","2","67301","0","","1.0","200.0","1","N","N","N","0","","0","1","0","3","2","Y","2329","2","1","0","0","0","0","0","2","0","2","0","0","0","3","","","N","","","","","","","","","",""
"2021104024","1150","1","0","0","0","0","0","0","0","0","5","0","","67","10","2021","6","40.075448","-74.979381","1148","6","0","0","0","1","0","0","0","0","","0","0","0","11","1","0","N","0","0","40 04:31.611","","0","74 58:45.772","9","0","0","0","67301","0","0","0","N","0","0","0","1","67301","0","","1.0","","1","N","N","N","0","","0","0","1","0","0","","1102","2","0","0","0","0","0","1","2","0","2","0","0","0","4","04","","N","","","","","","","","","",""
"2021112977","2307","0","0","0","0","0","0","0","0","0","8","0","","67","11","2021","5","39.936328","-75.218931","2306","6","0","0","0","0","0","0","0","0","","0","0","0","23","3","1","N","0","0","39 56:10.780","","0","75 13:08.150","3","0","0","0","67301","1","0","0","N","1","0","0","1","67301","0","","1.0","","9","N","N","N","0","","1","0","0","3","2","","2304","2","1","0","0","0","0","0","2","0","1","1","0","0","7","07","","N","","","","","","","","","",""
"2021093973","0807","2","0","0","0","0","0","0","0","0","1","0","","67","10","2021","2","40.027839","-75.099796","0754","6","0","0","0","0","0","0","0","0","","0","0","0","7","1","1","N","0","0","40 01:40.221","","0","75 05:59.264","3","0","0","0","67301","0","0","0","N","0","0","0","3","67301","0","","1.0","","9","N","N","N","0","","1","0","0","0","0","","735","2","1","0","0","0","0","0","2","0","2","0","0","0","7","07","","N","","","","","","","","","",""