"CRN","ARRIVAL_TM","AUTOMOBILE_COUNT","BELTED_DEATH_COUNT","BELTED_SUSP_SERIOUS_INJ_COUNT","BICYCLE_COUNT","BICYCLE_DEATH_COUNT","BICYCLE_SUSP_SERIOUS_INJ_COUNT","BUS_COUNT","CHLDPAS_DEATH_COUNT","CHLDPAS_SUSP_SERIOUS_INJ_COUNT","COLLISION_TYPE","COMM_VEH_COUNT","CONS_ZONE_SPD_LIM","COUNTY","CRASH_MONTH","CRASH_YEAR","DAY_OF_WEEK","DEC_LATITUDE","DEC_LONGITUDE","DISPATCH_TM","DISTRICT","DRIVER_COUNT_16YR","DRIVER_COUNT_17YR","DRIVER_COUNT_18YR","DRIVER_COUNT_19YR","DRIVER_COUNT_20YR","DRIVER_COUNT_50_64YR","DRIVER_COUNT_65_74YR","DRIVER_COUNT_75PLUS","EST_HRS_CLOSED","FATAL_COUNT","HEAVY_TRUCK_COUNT","HORSE_BUGGY_COUNT","HOUR_OF_DAY","ILLUMINATION","INJURY_COUNT","INTERSECTION_RELATED","INTERSECT_TYPE","LANE_CLOSED","LATITUDE","LN_CLOSE_DIR","LOCATION_TYPE","LONGITUDE","MAX_SEVERITY_LEVEL","MCYCLE_DEATH_COUNT","MCYCLE_SUSP_SERIOUS_INJ_COUNT","MOTORCYCLE_COUNT","MUNICIPALITY","NONMOTR_COUNT","NONMOTR_DEATH_COUNT","NONMOTR_SUSP_SERIOUS_INJ_COUNT","NTFY_HIWY_MAINT","PED_COUNT","PED_DEATH_COUNT","PED_SUSP_SERIOUS_INJ_COUNT","PERSON_COUNT","POLICE_AGCY","POSSIBLE_INJ_COUNT","RDWY_SURF_TYPE_CD","RELATION_TO_ROAD","ROADWAY_CLEARED","ROAD_CONDITION","SCH_BUS_IND","SCH_ZONE_IND","SECONDARY_CRASH","SMALL_TRUCK_COUNT","SPEC_JURIS_CD","SUSP_MINOR_INJ_COUNT","SUSP_SERIOUS_INJ_COUNT","SUV_COUNT","TCD_FUNC_CD","TCD_TYPE","TFC_DETOUR_IND","TIME_OF_DAY","TOTAL_UNITS","TOT_INJ_COUNT","UNBELTED_OCC_COUNT","UNB_DEATH_COUNT","UNB_SUSP_SERIOUS_INJ_COUNT","UNK_INJ_DEG_COUNT","UNK_INJ_PER_COUNT","URBAN_RURAL","VAN_COUNT","VEHICLE_COUNT","VULNERABLE_ROAD_USER_COUNT","VULNERABLE_ROAD_USER_DEATH_COUNT","VULNERABLE_ROAD_USER_SER_INJ_COUNT","WEATHER1","WEATHER2","WORKERS_PRES","WORK_ZONE_IND","WORK_ZONE_LOC","WORK_ZONE_TYPE","WZ_CLOSE_DETOUR","WZ_FLAGGER","WZ_LAW_OFFCR_IND","WZ_LN_CLOSURE","WZ_MOVING","WZ_OTHER","WZ_SHLDER_MDN","WZ_WORKERS_INJ_KILLED"
"2021092937","0235","1","0","0","0","0","0","0","0","0","7","0","","67","9","2021","5","40.045674","-75.031529","0226","6","0","0","0","0","0","0","0","0","","0","0","0","2","3","1","","1","0","40 02:44.428","","0","75 01:53.506","3","0","0","0","67301","0","0","0","N","0","0","0","1","67301","0","","4.0","","1","N","N","Y","0","","1","0","0","3","2","","220","1","1","0","0","0","0","0","2","0","1","0","0","0","3","03","","N","","","","","","","","","",""
"2021093888","0809","0","0","0","0","0","0","0","0","0","4","0","","67","10","2021","2","40.00965","-75.064147","0806","6","0","1","0","0","0","0","0","0","","0","0","0","8","1","0","","2","2","40 00:34.741","1","7","75 03:50.930","0","0","0","0","67301","0","0","0","N","0","0","0","2","67301","0","","1.0","920.0","1","N","N","N","0","","0","0","2","3","2","N","803","2","0","0","0","0","0","0","2","0","2","0","0","0","3","","","N","","","","","","","","","",""
"2021093032","0028","2","0","0","0","0","0","0","0","0","5","0","","67","10","2021","7","39.94305","-75.223172","0025","6","0","0","0","0","1","0","0","0","","0","0","0","0","3","0","N","0","0","39 56:34.980","","0","75 13:23.420","0","0","0","0","67301","0","0","0","N","0","0","0","1","67301","0","","6.0","","1","N","N","N","0","","0","0","1","0","0","","18","3","0","0","0","0","0","0","2","0","3","0","0","0","3","03","","N","","","","","","","","","",""
"2021111218","1826","1","0","0","0","0","0","0","0","0","2","0","","67","11","2021","2","40.051193","-75.066138","1826","6","0","0","0","0","0","1","0","0","","0","0","0","17","3","0","","1","0","40 03:04.296","","0","75 03:58.096","0","0","0","0","67301","0","0","0","N","0","0","0","2","67301","0","","1.0","","1","N","N","N","1","","0","0","0","3","2","","1759","2","0","0","0","0","0","0","2","0","2","0","0","0","3","03","","N","","","","","","","","","",""
"2021111326","2015","1","0","0","0","0","0","0","0","0","8","0","","67","11","2021","2","40.009649","-75.1803","2008","6","0","0","0","0","0","0","0","0","","0","0","0","20","3","1","","2","0","40 00:34.737","","0","75 10:49.079","3","0","0","0","67301","1","0","0","N","1","0","0","2","67301","0","","1.0","","1","N","N","N","0","","1","0","0","3","2","","2005","2","1","0","0","0","0","0","2","0","1","1","0","0","3","03","","N","","","","","","","","","",""
"2021070553","0145","1","0","0","0","0","0","0","0","0","0","0","","67","7","2021","1","40.006834","-75.193271","0143","6","0","0","0","0","0","0","0","0","","0","0","0","1","3","0","N","0","0","40 00:24.603","","3","75 11:35.775","0","0","0","0","67301","0","0","0","N","0","0","0","1","67301","0","","1.0","","1","N","N","N","0","","0","0","0","0","0","","140","1","0","0","0","0","0","0","2","0","1","0","0","0","3","03","","N","","","","","","","","","",""
"2021110432","2345","0","0","0","0","0","0","0","0","0","1","0","","67","10","2021","6","39.984627","-75.098268","2335","6","0","0","0","0","0","0","0","0","","0","0","0","23","3","0","N","0","0","39 59:04.656","","0","75 05:53.766","9","0","0","0","67301","0","0","0","N","0","0","0","1","67301","0","","6.0","","1","N","N","N","0","","0","0","2","0","0","","2300","2","0","0","0","0","0","1","2","0","2","0","0","0","3","03","","N","","","","","","","","","",""
"2021073626","0300","1","0","0","0","0","0","0","0","0","7","0","","67","8","2021","7","40.043924","-75.088885","0243","6","0","0","0","0","0","0","0","0","","0","0","0","2","3","0","N","0","0","40 02:38.126","","0","75 05:19.985","0","0","0","0","67301","0","0","0","N","0","0","0","1","67301","0","","5.0","","1","N","N","N","0","","0","0","0","0","0","","222","1","0","0","0","0","0","0","2","0","1","0","0","0","3","03","","N","","","","","","","","","",""
"2021101686","0518","2","0","0","0","0","0","0","0","0","4","0","","67","10","2021","3","40.001201","-75.226387","0514","6","0","0","0","0","0","0","0","0","","0","0","0","5","3","2","","1","2","40 00:04.324","2","0","75 13:34.993","3","0","0","0","67301","0","0","0","N","0","0","0","2","46104","0","","1.0","600.0","1","N","N","N","0","","2","0","0","3","2","N","514","2","2","0","0","0","0","0","2","0","2","0","0","0","3","","","N","","","","","","","","","",""
"2021111049","1245","2","0","0","0","0","0","0","0","0","2","0","","67","11","2021","4","39.968492","-75.245501","1241","6","0","0","0","0","0","1","0","0","","0","0","0","11","1","0","N","0","0","39 58:06.572","","0","75 14:43.805","0","0","0","0","67301","0","0","0","N","0","0","0","1","67301","0","","6.0","","1","N","N","N","0","","0","0","0","0","0","","1153","2","0","0","0","0","0","0","2","0","2","0","0","0","3","03","","N","","","","","","","","","",""
"2021110479","2125","1","0","0","0","0","0","0","0","0","8","0","","67","11","2021","5","40.106469","-74.998884","2122","6","0","0","0","0","0","0","0","0","","0","0","0","21","3","1","N","0","0","40 06:23.287","","7","74 59:55.982","3","0","0","0","67301","1","0","0","N","1","0","0","2","67301","0","","5.0","","1","N","N","N","0","","1","0","0","0","0","","2100","2","1","1","0","0","0","0","2","0","1","1","0","0","3","","","N","","","","","","","","","",""
"2021095813","0035","3","0","0","0","0","0","0","0","0","5","0","","67","10","2021","2","39.954813","-75.208149","0025","6","0","0","0","0","0","0","0","0","","0","0","0","23","3","0","N","0","0","39 57:17.328","","0","75 12:29.335","0","0","0","0","67301","0","0","0","N","0","0","0","1","67301","0","","6.0","","1","N","N","N","0","","0","0","0","0","0","","2350","3","0","0","0","0","0","0","2","0","3","0","0","0","3","03","","N","","","","","","","","","",""
"2021111470","1045","1","0","0","0","0","0","0","0","0","5","1","","67","11","2021","3","39.979747","-75.226189","1040","6","0","0","0","0","0","0","0","0","","0","1","0","10","1","1","N","0","0","39 58:47.090","","0","75 13:34.280","3","0","0","0","67301","0","0","0","N","0","0","0","3","67301","0","","1.0","","1","N","N","N","0","","1","0","0","0","0","","1030","2","1","2","0","0","0","1","2","0","2","0","0","0","3","03","","N","","","","","","","","","",""
"2021070683","1100","2","0","0","0","0","0","0","0","0","4","0","","67","7","2021","1","40.056565","-75.025654","1056","6","0","0","0","0","1","0","0","0","","0","0","0","10","1","0","","2","0","40 03:23.634","","0","75 01:32.356","0","0","0","0","67301","0","0","0","N","0","0","0","4","67301","0","","1.0","","1","N","N","N","0","","0","0","0","0","0","","1050","2","0","0","0","0","0","0","2","0","2","0","0","0","3","03","","N","","","","","","","","","",""
"2021094159","2110","0","0","0","0","0","0","0","0","0","4","0","","67","10","2021","1","39.945139","-75.150044","2052","6","0","0","0","0","0","1","0","0","","0","0","0","20","3","1","","1","0","39 56:42.500","","0","75 09:00.158","4","0","0","1","67301","0","0","0","N","0","0","0","2","67301","1","","1.0","","1","N","N","N","0","","0","0","1","3","2","","2024","2","1","1","0","0","0","0","2","0","2","0","0","0","3","03","","N","","","","","","","","","",""
"2021110186","0800","1","0","0","0","0","0","1","0","0","4","1","","67","11","2021","6","39.989809","-75.125532","0800","6","0","0","0","0","0","0","0","0","","0","0","0","8","1","2","","1","0","39 59:23.311","","0","75 07:31.914","2","0","0","0","67301","0","0","0","N","0","0","0","9","67301","0","","1.0","","9","Y","N","N","0","","1","1","0","3","1","","800","2","2","0","0","0","0","0","2","0","2","0","0","0","4","07","","N","","","","","","","","","",""
"2021092181","0940","0","0","0","0","0","0","0","0","0","4","0","","67","9","2021","3","39.974618","-75.191134","0920","6","0","0","0","0","0","0","0","0","","0","0","0","9","1","2","N","0","2","39 58:28.624","1","0","75 11:28.083","3","0","0","0","67301","0","0","0","N","0","0","0","2","67301","0","","1.0","100.0","1","N","N","N","0","","1","0","2","0","0","Y","900","2","2","0","0","0","1","0","2","0","2","0","0","0","4","04","","N","","","","","","","","","",""
"2021093270","0528","2","0","0","0","0","0","0","0","0","5","0","","67","10","2021","7","39.926303","-75.243783","0528","6","0","0","0","0","0","0","0","0","","0","0","0","2","3","0","N","0","0","39 55:34.692","","0","75 14:37.619","9","0","0","0","67301","0","0","0","N","0","0","0","1","67301","0","","6.0","","1","N","N","N","0","","0","0","0","0","0","","215","3","0","0","0","0","0","1","2","0","3","0","0","0","3","03","","N","","","","","","","","","",""
"2021094435","1120","1","0","0","0","0","0","0","0","0","4","0","","67","10","2021","4","40.033146","-75.10696","1104","6","0","0","0","0","0","0","0","0","","0","0","0","11","1","1","","1","0","40 01:59.326","","0","75 06:25.057","8","0","0","0","67301","0","0","0","N","0","0","0","2","67301","0","","1.0","","1","N","N","N","0","","0","0","1","3","2","","1100","2","1","0","0","0","1","1","2","0","2","0","0","0","4","04","","N","","","","","","","","","",""
"2021106297","0910","0","0","0","0","0","0","0","0","0","7","0","","67","10","2021","5","40.010447","-75.147322","0905","6","0","0","0","0","0","0","0","0","","0","0","0","9","1","0","N","0","0","40 00:37.610","","0","75 08:50.360","0","0","0","0","67301","0","0","0","N","0","0","0","1","67301","0","","4.0","","1","N","N","N","0","","0","0","1","0","0","","900","1","0","0","0","0","0","0","2","0","1","0","0","0","4","04","","N","","","","","","","","","",""
"2021096407","1717","0","0","0","0","0","0","0","0","0","8","0","","67","10","2021","7","39.957694","-75.225348","1717","6","0","0","0","0","0","0","0","0","","0","0","0","17","1","1","","1","0","39 57:27.700","","0","75 13:31.251","4","0","0","0","67301","1","0","0","N","1","0","0","2","67301","1","","1.0","","1","N","N","N","0","","0","0","1","0","0","","1715","2","1","0","0","0","0","0","2","0","1","1","0","0","3","03","","N","","","","","","","","","",""
"2021105954","0323","1","0","0","0","0","0","0","0","0","2","0","","67","10","2021","5","39.966707","-75.187686","0322","6","0","0","0","0","0","1","0","0","","0","0","0","3","3","1","N","0","2","39 58:00.144","3","0","75 11:15.670","8","0","0","0","67301","0","0","0","N","0","0","0","2","68K01","0","","1.0","400.0","1","N","N","N","1","","0","0","0","0","0","N","320","2","1","1","0","0","1","0","2","0","2","0","0","0","3","","","N","","","","","","","","","",""
"2021121665","1650","1","0","0","0","0","0","0","0","0","4","0","","67","12","2021","1","39.913816","-75.158379","1637","6","0","0","0","0","0","0","1","0","","0","0","0","16","1","0","","2","0","39 54:49.737","","0","75 09:30.164","0","0","0","0","67301","0","0","0","N","0","0","0","2","67301","0","","1.0","","1","N","N","N","1","","0","0","0","3","3","","1625","2","0","0","0","0","0","0","2","0","2","0","0","0","3","","","N","","","","","","","","","",""
"2021115769","1330","2","0","0","0","0","0","0","0","0","5","0","","67","11","2021","6","39.916928","-75.167547","1324","6","0","0","0","0","0","0","0","0","","0","0","0","13","1","0","N","0","0","39 55:00.940","","0","75 10:03.170","9","0","0","0","67301","0","0","0","N","0","0","0","1","67301","0","","6.0","","1","N","N","N","1","","0","0","2","0","0","","1320","5","0","0","0","0","0","1","2","0","5","0","0","0","3","","","N","","","","","","","","","",""
"2021110439","1915","0","0","0","0","0","0","0","0","0","6","1","","67","11","2021","7","40.018203","-75.125058","1915","6","0","0","0","0","0","0","0","0","","0","1","0","18","3","0","N","0","0","40 01:05.530","","0","75 07:30.210","0","0","0","0","67301","0","0","0","N","0","0","0","1","67301","0","","6.0","","1","N","N","N","0","","0","0","0","0","0","","1855","2","0","0","0","0","0","0","2","1","2","0","0","0","3","03","","N","","","","","","","","","",""
"2021111064","1905","1","0","0","0","0","0","0","0","0","3","0","","67","11","2021","7","39.961887","-75.239863","1902","6","0","0","0","0","0","0","0","0","","0","0","0","19","3","0","N","0","0","39 57:42.792","","0","75 14:23.505","0","0","0","0","67301","0","0","0","N","0","0","0","2","67301","0","","1.0","","1","N","N","N","0","","0","0","1","0","0","","1900","2","0","1","0","0","0","0","2","0","2","0","0","0","3","03","","N","","","","","","","","","",""
"2021094243","1143","1","0","0","0","0","0","0","0","0","1","0","","67","9","2021","1","40.036953","-75.013521","1138","6","0","0","0","0","0","1","1","0","","0","0","0","11","1","2","N","0","2","40 02:13.030","1","0","75 00:48.677","3","0","0","0","67301","0","0","0","N","0","0","0","6","68K01","0","","1.0","1300.0","1","N","N","N","1","","2","0","1","0","0","N","1138","4","2","1","0","0","0","0","2","1","4","0","0","0","3","","","N","","","","","","","","","",""
"2021110571","1805","3","0","0","0","0","0","0","0","0","1","0","","67","11","2021","6","39.957653","-75.147919","1755","6","0","0","0","0","0","1","0","0","","0","0","0","17","3","2","N","0","0","39 57:27.551","","0","75 08:52.507","8","0","0","0","67301","0","0","0","N","0","0","0","5","68K01","0","","1.0","","1","N","N","N","0","","0","0","0","0","0","","1751","3","2","1","0","0","2","0","2","0","3","0","0","0","3","03","","N","","","","","","","","","",""
"2021110290","1554","0","0","0","0","0","0","0","0","0","8","0","","67","11","2021","3","40.014835","-75.085404","1551","6","0","0","0","0","0","0","0","0","","0","0","0","15","1","1","N","0","0","40 00:53.406","","0","75 05:07.454","3","0","0","0","67301","1","0","0","N","1","0","0","2","67301","0","","1.0","","1","N","N","N","0","","1","0","1","0","0","","1545","2","1","0","0","0","0","0","2","0","1","1","0","0","3","","","N","","","","","","","","","",""
"2021112828","1240","0","0","0","0","0","0","0","0","0","8","0","","67","11","2021","5","40.068905","-75.18175","1229","6","0","0","0","0","0","0","0","0","","0","0","0","12","1","1","","1","0","40 04:08.058","","0","75 10:54.300","3","0","0","0","67301","1","0","0","N","1","0","0","2","67301","0","","1.0","","1","N","N","N","0","","1","0","0","3","2","","1223","2","1","0","0","0","0","1","2","0","1","1","0","0","3","03","","N","","","","","","","","","",""
"2021112483","1925","1","0","0","0","0","0","0","0","0","8","0","","67","11","2021","5","39.982734","-75.153164","1927","6","0","0","0","0","0","0","0","0","","0","0","0","19","3","1","","2","0","39 58:57.843","","0","75 09:11.390","4","0","0","0","67301","1","0","0","N","1","0","0","2","67505","1","","1.0","","1","N","N","N","0","","0","0","0","3","3","","1925","2","1","0","0","0","0","1","2","0","1","1","0","0","3","03","","N","","","","","","","","","",""
"2021110381","1410","1","0","0","0","0","0","0","0","0","4","0","","67","11","2021","3","40.018718","-75.101737","1400","6","0","0","0","0","0","0","0","0","","0","0","0","13","1","0","","2","0","40 01:07.384","","0","75 06:06.253","0","0","0","0","67301","0","0","0","N","0","0","0","2","67301","0","","1.0","","1","N","N","N","0","","0","0","1","3","3","","1355","2","0","1","0","0","0","0","2","0","2","0","0","0","3","03","","N","","","","","","","","","",""
"2021096547","1507","0","0","0","0","0","0","0","0","0","5","0","","67","10","2021","5","40.046495","-75.052334","1453","6","0","0","0","0","0","0","0","0","","0","0","0","14","1","0","N","0","1","40 02:47.383","5","0","75 03:08.401","0","0","0","0","67301","0","0","0","N","0","0","0","3","67301","0","","1.0","1530.0","1","N","N","N","0","","0","0","0","0","0","N","1450","2","0","0","0","0","0","0","2","1","2","0","0","0","3","03","","N","","","","","","","","","",""
"2021091872","0905","0","0","0","0","0","0","0","0","0","4","0","","67","9","2021","4","39.957191","-75.158716","0900","6","0","0","0","0","0","0","0","0","","0","0","0","8","1","1","","1","0","39 57:25.888","","3","75 09:31.377","4","0","0","0","67301","0","0","0","N","0","0","0","2","67301","1","","1.0","","1","N","N","N","0","","0","0","2","3","2","","855","2","1","0","0","0","0","0","2","0","2","0","0","0","3","03","","N","","","","","","","","","",""
"2021114309","1400","0","0","0","0","0","0","0","0","0","7","1","","67","11","2021","3","39.955278","-75.147917","1355","6","0","0","0","0","0","0","0","0","","0","1","0","13","1","0","N","0","1","39 57:19.000","3","2","75 08:52.500","0","0","0","0","67301","0","0","0","N","0","0","0","1","67501","0","","3.0","1504.0","1","N","N","N","0","","0","0","0","3","8","N","1355","1","0","0","0","0","0","0","2","0","1","0","0","0","3","03","","N","","","","","","","","","",""
"2021119767","","0","0","0","0","0","0","0","0","0","4","0","","67","5","2021","6","39.998312","-75.12779","","6","0","0","0","0","0","1","0","0","","0","0","0","13","1","1","N","0","0","39 59:53.923","","0","75 07:40.045","3","0","0","1","67301","0","0","0","N","0","0","0","2","00000","0","","1.0","","1","N","N","N","0","","1","0","0","0","0","","1330","2","1","0","0","0","0","0","2","0","2","0","0","0","3","","","N","","","","","","","","","",""
"2021097467","1548","2","0","0","0","0","0","0","0","0","1","0","","67","9","2021","5","39.985195","-75.094444","1511","6","0","0","0","0","0","1","0","0","","0","0","0","15","1","1","N","0","0","39 59:06.701","","0","75 05:39.998","8","0","0","0","67301","0","0","0","N","0","0","0","4","68K01","0","","1.0","","1","N","N","N","0","","0","0","1","0","0","","1504","4","1","0","0","0","1","0","2","0","4","0","0","0","3","","","N","","","","","","","","","",""
"2021093783","1354","2","0","0","0","0","0","0","0","0","1","0","","67","10","2021","7","39.967067","-75.175422","1347","6","0","0","0","0","0","1","0","0","","0","0","0","13","1","0","N","0","0","39 58:01.440","","0","75 10:31.520","0","0","0","0","67301","0","0","0","N","0","0","0","1","67301","0","","6.0","","1","N","N","N","0","","0","0","2","0","0","","1345","4","0","0","0","0","0","0","2","0","4","0","0","0","3","03","","N","","","","","","","","","",""
"2021107716","2120","1","0","0","0","0","0","0","0","0","1","1","","67","10","2021","2","39.960024","-75.179924","2117","6","0","0","0","0","0","0","0","0","","0","1","0","21","3","1","N","3","1","39 57:36.087","3","2","75 10:47.726","3","0","0","0","67301","0","0","0","N","0","0","0","2","68K01","0","","1.0","1.0","9","N","N","N","0","","1","0","0","0","0","Y","2117","2","1","0","0","0","0","0","2","0","2","0","0","0","7","","","N","","","","","","","","","",""
"2021097418","2230","3","0","0","0","0","0","0","0","0","5","0","","67","10","2021","3","39.941397","-75.149225","2229","6","0","0","0","0","0","0","0","0","","0","0","0","22","3","0","N","0","0","39 56:29.030","","0","75 08:57.210","0","0","0","0","67301","0","0","0","N","0","0","0","1","67301","0","","6.0","","1","N","N","N","0","","0","0","0","0","0","","2229","3","0","0","0","0","0","0","2","0","3","0","0","0","3","03","","N","","","","","","","","","",""
"2021092975","0057","0","0","0","0","0","0","0","0","0","8","0","","67","9","2021","5","40.027579","-75.147244","0057","6","0","0","0","0","0","0","0","0","","0","0","0","0","3","1","","1","0","40 01:39.286","","0","75 08:50.079","3","0","0","0","67301","1","0","0","N","1","0","0","2","67301","0","","1.0","","1","N","N","N","0","","1","0","0","3","2","","44","2","1","0","0","0","0","0","2","0","1","1","0","0","3","03","","N","","","","","","","","","",""
"2021092910","1304","0","0","0","0","0","0","0","0","0","7","0","","67","9","2021","4","39.996478","-75.091206","1304","6","0","0","0","0","0","1","0","0","","0","0","0","13","1","0","N","0","1","39 59:47.321","2","0","75 05:28.341","0","0","0","0","67301","0","0","0","N","0","0","0","1","68K01","0","","4.0","1400.0","1","N","N","N","0","","0","0","1","0","0","N","1304","1","0","0","0","0","0","0","2","0","1","0","0","0","3","03","","N","","","","","","","","","",""
"2021107265","1015","0","0","0","0","0","0","0","0","0","0","0","","67","10","2021","2","39.898906","-75.168587","1006","6","0","0","0","0","0","0","1","0","","0","0","0","10","1","0","N","0","0","39 53:56.062","","0","75 10:06.912","9","0","0","0","67301","0","0","0","N","0","0","0","2","68K01","0","","1.0","","1","N","N","N","0","","0","0","2","0","0","","1005","2","0","0","0","0","0","1","2","0","2","0","0","0","3","03","","N","","","","","","","","","",""
"2021097085","2025","1","0","0","0","0","0","0","0","0","1","0","","67","10","2021","6","40.059851","-75.15013","2025","6","0","0","0","0","0","0","0","0","","0","0","0","14","1","1","","1","0","40 03:35.463","","0","75 09:00.467","8","0","0","0","67301","0","0","0","N","0","0","0","2","67301","0","","1.0","","1","N","N","N","0","","0","0","1","3","2","","1430","2","1","0","0","0","1","1","2","0","2","0","0","0","3","","","N","","","","","","","","","",""
"2021097430","1335","2","0","0","0","0","0","0","0","0","4","0","","67","10","2021","6","39.956747","-75.217493","1320","6","0","0","0","0","0","0","0","0","","0","0","0","13","1","4","","1","0","39 57:24.289","","0","75 13:02.974","8","0","0","0","67301","0","0","0","N","0","0","0","4","67301","0","","1.0","","1","N","N","N","0","","0","0","1","3","3","","1300","3","4","0","0","0","4","0","2","0","3","0","0","0","3","03","","N","","","","","","","","","",""
"2021103185","0641","1","0","0","0","0","0","0","0","0","4","0","","67","10","2021","6","39.992393","-75.142188","0641","6","0","0","0","0","0","1","0","0","","0","0","0","6","5","2","","1","1","39 59:32.614","4","0","75 08:31.878","3","0","0","0","67301","0","0","0","N","0","0","0","2","67301","0","","1.0","649.0","1","N","N","N","0","","2","0","1","3","2","N","640","2","2","0","0","0","0","0","2","0","2","0","0","0","3","03","","N","","","","","","","","","",""
"2021095984","1652","2","0","0","0","0","0","0","0","0","4","0","","67","10","2021","2","40.033684","-75.145797","1649","6","0","0","0","0","0","1","0","0","","0","0","0","16","1","5","","1","0","40 02:01.264","","0","75 08:44.868","3","0","0","0","67301","0","0","0","N","0","0","0","6","67301","0","","1.0","","1","N","N","N","0","","5","0","0","3","2","","1611","2","5","0","0","0","0","1","2","0","2","0","0","0","3","03","","N","","","","","","","","","",""
"2021091512","1105","2","0","0","0","0","0","0","0","0","5","0","","67","9","2021","3","39.951601","-75.157786","1100","6","0","0","0","0","0","1","0","1","","0","0","0","10","1","0","N","0","0","39 57:05.762","","0","75 09:28.029","0","0","0","0","67301","0","0","0","N","0","0","0","3","67301","0","","1.0","","1","N","N","N","0","","0","0","0","0","0","","1047","2","0","0","0","0","0","0","2","0","2","0","0","0","3","","","N","","","","","","","","","",""
"2021095542","1700","1","0","0","0","0","0","0","0","0","4","0","","67","10","2021","5","39.915989","-75.164464","1627","6","0","0","0","0","0","1","0","0","","0","0","0","16","1","2","","1","0","39 54:57.561","","0","75 09:52.072","3","0","0","0","67301","0","0","0","N","0","0","0","5","67301","0","","1.0","","1","N","N","N","0","","2","0","1","3","2","","1626","2","2","0","0","0","0","0","2","0","2","0","0","0","3","03","","N","","","","","","","","","",""
"2021095502","1028","1","0","0","0","0","0","0","0","0","5","0","","67","10","2021","6","39.992863","-75.200758","1025","6","0","0","0","0","0","0","0","0","","0","0","0","10","1","0","N","0","2","39 59:34.306","3","0","75 12:02.728","0","0","0","0","67301","0","0","0","N","0","0","0","2","68K01","0","","1.0","1025.0","1","N","N","N","0","","0","0","1","0","0","N","1024","2","0","0","0","0","0","0","2","0","2","0","0","0","3","03","","N","","","","","","","","","",""
"2021093363","0052","1","0","0","0","0","0","0","0","0","4","0","","67","10","2021","1","39.966238","-75.137009","0052","6","0","0","0","1","0","0","0","0","","0","0","0","0","3","0","","1","0","39 57:58.456","","1","75 08:13.232","0","0","0","0","67301","0","0","0","N","0","0","0","3","67301","0","","1.0","","1","N","N","N","0","","0","0","1","3","3","","20","2","0","0","0","0","0","0","2","0","2","0","0","0","3","03","","N","","","","","","","","","",""
"2021093787","1837","3","0","0","0","0","0","0","0","0","5","0","","67","10","2021","1","39.995244","-75.185597","1837","6","0","0","0","0","0","0","0","0","","0","0","0","17","1","0","N","0","0","39 59:42.880","","0","75 11:08.150","0","0","0","0","67301","0","0","0","N","0","0","0","2","67301","0","","1.0","","1","N","N","N","0","","0","0","0","0","0","","1737","3","0","1","0","0","0","0","2","0","3","0","0","0","3","03","","N","","","","","","","","","",""
"2021091719","1755","0","0","0","0","0","0","0","0","0","4","0","","67","9","2021","3","40.120383","-75.023419","1750","6","0","0","0","0","0","1","0","0","","0","0","0","17","1","1","N","0","0","40 07:13.380","","7","75 01:24.310","8","0","0","1","67301","0","0","0","N","0","0","0","2","67301","0","","1.0","","1","N","N","N","1","","0","0","0","0","0","","1745","2","1","0","0","0","1","0","2","0","2","0","0","0","3","","","N","","","","","","","","","",""
"2021097260","0732","0","0","0","0","0","0","0","0","0","5","0","","67","9","2021","5","39.99037","-75.086712","0716","6","0","0","0","0","0","0","0","0","","0","0","0","6","1","1","N","0","1","39 59:25.332","1","0","75 05:12.163","8","0","0","0","67301","0","0","0","Y","0","0","0","2","68K01","0","","1.0","745.0","1","N","N","N","0","","0","0","1","3","8","N","647","2","1","1","0","0","1","0","2","1","2","0","0","0","3","","","N","","","","","","","","","",""
"2021092629","0328","1","0","0","0","0","0","0","0","0","1","0","","67","9","2021","5","40.036732","-75.064498","0325","6","0","0","0","0","0","0","1","0","","0","0","0","3","3","15","","1","0","40 02:12.235","","0","75 03:52.193","4","0","0","0","67301","0","0","0","N","0","0","0","16","67301","15","","1.0","","1","N","N","N","0","","0","0","0","3","2","","323","2","15","1","0","0","0","1","2","1","2","0","0","0","3","03","","N","","","","","","","","","",""
"2021095468","1410","1","0","0","0","0","0","0","0","0","4","0","","67","10","2021","5","40.051737","-75.127136","1405","6","0","0","0","0","1","0","0","0","","0","0","0","14","1","1","","1","0","40 03:06.253","","0","75 07:37.689","3","0","0","0","67301","0","0","0","N","0","0","0","2","67301","0","","1.0","","1","N","N","N","0","","1","0","1","3","2","","1400","2","1","0","0","0","0","0","2","0","2","0","0","0","3","","","N","","","","","","","","","",""
"2021100696","0105","2","0","0","0","0","0","0","0","0","4","0","","67","10","2021","7","39.943372","-75.232331","0101","6","0","0","0","0","0","0","0","0","","0","0","0","1","3","2","","1","0","39 56:36.138","","0","75 13:56.392","2","0","0","0","67301","0","0","0","N","0","0","0","2","67301","0","","1.0","","1","N","N","Y","0","","0","2","2","9","5","","100","4","2","0","0","0","0","0","2","0","4","0","0","0","3","03","","N","","","","","","","","","",""
"2021104725","1346","2","0","0","0","0","0","0","0","0","4","0","","67","10","2021","7","40.014871","-75.080207","1343","6","0","0","0","0","1","1","0","0","","0","0","0","13","1","0","","1","0","40 00:53.534","","0","75 04:48.745","0","0","0","0","67301","0","0","0","N","0","0","0","4","67301","0","","1.0","","1","N","N","Y","0","","0","0","0","3","3","","1330","2","0","4","0","0","0","0","2","0","2","0","0","0","3","03","","N","","","","","","","","","",""