"CRN","ARRIVAL_TM","AUTOMOBILE_COUNT","BELTED_DEATH_COUNT","BELTED_SUSP_SERIOUS_INJ_COUNT","BICYCLE_COUNT","BICYCLE_DEATH_COUNT","BICYCLE_SUSP_SERIOUS_INJ_COUNT","BUS_COUNT","CHLDPAS_DEATH_COUNT","CHLDPAS_SUSP_SERIOUS_INJ_COUNT","COLLISION_TYPE","COMM_VEH_COUNT","CONS_ZONE_SPD_LIM","COUNTY","CRASH_MONTH","CRASH_YEAR","DAY_OF_WEEK","DEC_LATITUDE","DEC_LONGITUDE","DISPATCH_TM","DISTRICT","DRIVER_COUNT_16YR","DRIVER_COUNT_17YR","DRIVER_COUNT_18YR","DRIVER_COUNT_19YR","DRIVER_COUNT_20YR","DRIVER_COUNT_50_64YR","DRIVER_COUNT_65_74YR","DRIVER_COUNT_75PLUS","EST_HRS_CLOSED","FATAL_COUNT","HEAVY_TRUCK_COUNT","HORSE_BUGGY_COUNT","HOUR_OF_DAY","ILLUMINATION","INJURY_COUNT","INTERSECTION_RELATED","INTERSECT_TYPE","LANE_CLOSED","LATITUDE","LN_CLOSE_DIR","LOCATION_TYPE","LONGITUDE","MAX_SEVERITY_LEVEL","MCYCLE_DEATH_COUNT","MCYCLE_SUSP_SERIOUS_INJ_COUNT","MOTORCYCLE_COUNT","MUNICIPALITY","NONMOTR_COUNT","NONMOTR_DEATH_COUNT","NONMOTR_SUSP_SERIOUS_INJ_COUNT","NTFY_HIWY_MAINT","PED_COUNT","PED_DEATH_COUNT","PED_SUSP_SERIOUS_INJ_COUNT","PERSON_COUNT","POLICE_AGCY","POSSIBLE_INJ_COUNT","RDWY_SURF_TYPE_CD","RELATION_TO_ROAD","ROADWAY_CLEARED","ROAD_CONDITION","SCH_BUS_IND","SCH_ZONE_IND","SECONDARY_CRASH","SMALL_TRUCK_COUNT","SPEC_JURIS_CD","SUSP_MINOR_INJ_COUNT","SUSP_SERIOUS_INJ_COUNT","SUV_COUNT","TCD_FUNC_CD","TCD_TYPE","TFC_DETOUR_IND","TIME_OF_DAY","TOTAL_UNITS","TOT_INJ_COUNT","UNBELTED_OCC_COUNT","UNB_DEATH_COUNT","UNB_SUSP_SERIOUS_INJ_COUNT","UNK_INJ_DEG_COUNT","UNK_INJ_PER_COUNT","URBAN_RURAL","VAN_COUNT","VEHICLE_COUNT","VULNERABLE_ROAD_USER_COUNT","VULNERABLE_ROAD_USER_DEATH_COUNT","VULNERABLE_ROAD_USER_SER_INJ_COUNT","WEATHER1","WEATHER2","WORKERS_PRES","WORK_ZONE_IND","WORK_ZONE_LOC","WORK_ZONE_TYPE","WZ_CLOSE_DETOUR","WZ_FLAGGER","WZ_LAW_OFFCR_IND","WZ_LN_CLOSURE","WZ_MOVING","WZ_OTHER","WZ_SHLDER_MDN","WZ_WORKERS_INJ_KILLED"
"2021127803","0423","2","0","0","0","0","0","0","0","0","1","0","","67","10","2021","6","40.030005","-75.206534","0417","6","0","0","0","0","0","0","0","0","","0","0","0","3","3","0","N","0","1","40 01:48.019","1","0","75 12:23.524","0","0","0","0","67301","0","0","0","N","0","0","0","1","67301","0","","6.0","610.0","1","N","N","N","1","","0","0","0","0","0","N","317","3","0","0","0","0","0","0","2","0","3","0","0","0","3","03","","N","","","","","","","","","",""
"2021093711","1604","2","0","0","0","0","0","0","0","0","1","0","","67","10","2021","1","40.053359","-75.230266","1601","6","0","0","0","0","0","1","0","0","","0","0","0","15","1","4","N","0","0","40 03:12.093","","0","75 13:48.958","3","0","0","0","67301","0","0","0","N","0","0","0","4","67301","0","","1.0","","1","N","N","Y","0","","4","0","1","0","0","","1525","3","4","0","0","0","0","0","2","0","3","0","0","0","3","03","","N","","","","","","","","","",""
"2021101009","0135","1","0","0","0","0","0","0","0","0","5","0","","67","10","2021","7","40.009185","-75.15067","0130","6","0","0","0","0","0","0","1","0","","0","0","0","1","3","1","N","0","0","40 00:33.065","","0","75 09:02.411","3","0","0","0","67301","0","0","0","N","0","0","0","1","67301","0","","6.0","","1","N","N","N","0","","1","0","2","0","0","","129","3","1","0","0","0","0","0","2","0","3","0","0","0","3","03","","N","","","","","","","","","",""
"2021096675","0130","2","0","0","0","0","0","0","0","0","5","0","","67","10","2021","6","39.954883","-75.240222","0139","6","0","0","0","0","0","0","0","0","","0","0","0","1","3","0","N","0","0","39 57:17.580","","0","75 14:24.800","0","0","0","0","67301","0","0","0","N","0","0","0","1","67301","0","","6.0","","1","N","N","N","0","","0","0","1","0","0","","129","3","0","1","0","0","0","0","2","0","3","0","0","0","3","03","","N","","","","","","","","","",""
"2021096692","1235","1","0","0","0","0","0","0","0","0","4","0","","67","10","2021","6","39.97025","-75.130482","1230","6","0","0","0","0","0","0","0","0","","0","0","0","23","3","0","","1","0","39 58:12.899","","0","75 07:49.736","0","0","0","0","67301","0","0","0","N","0","0","0","2","67301","0","","1.0","","1","N","N","N","0","","0","0","1","3","2","","2330","2","0","1","0","0","0","0","2","0","2","0","0","0","3","03","","N","","","","","","","","","",""
"2021110526","1710","0","0","0","0","0","0","0","0","0","1","0","","67","10","2021","7","39.958678","-75.169269","1649","6","0","0","0","0","0","1","0","0","","0","0","0","16","1","4","N","0","1","39 57:31.242","3","0","75 10:09.368","8","0","0","0","67301","0","0","0","N","0","0","0","6","68K01","0","","1.0","1730.0","1","N","N","N","1","","0","0","2","0","0","N","1645","3","4","1","0","0","4","0","2","0","3","0","0","0","3","","","N","","","","","","","","","",""
"2021094436","1902","1","0","0","0","0","0","0","0","0","1","0","","67","10","2021","3","39.95858","-75.162287","1857","6","0","0","0","1","0","0","0","0","","0","0","0","18","3","1","Y","0","1","39 57:30.887","2","0","75 09:44.233","3","0","0","0","67301","0","0","0","N","0","0","0","2","67301","0","","1.0","2000.0","1","N","N","N","0","","1","0","0","3","2","N","1852","2","1","0","0","0","0","0","2","1","2","0","0","0","3","03","","N","","","","","","","","","",""
"2021091802","0643","2","0","0","0","0","0","0","0","0","4","0","","67","9","2021","4","39.959725","-75.19521","0640","6","0","0","0","0","0","1","0","0","","0","0","0","6","5","1","","1","2","39 57:35.010","3","0","75 11:42.756","8","0","0","0","67301","0","0","0","N","0","0","0","2","67507","0","","1.0","750.0","1","N","N","N","0","","0","0","1","3","3","Y","630","3","1","0","0","0","1","0","2","0","3","0","0","0","3","","","N","","","","","","","","","",""
"2021094042","1235","1","0","0","0","0","0","0","0","0","8","0","","67","10","2021","2","40.083361","-75.048844","1231","6","0","0","0","0","0","0","0","0","","0","0","0","12","1","1","N","0","0","40 05:00.100","","0","75 02:55.840","3","0","0","0","67301","1","0","0","N","1","0","0","2","67301","0","","4.0","","1","N","N","N","0","","1","0","0","0","0","","1230","2","1","0","0","0","0","0","2","0","1","1","0","0","3","03","","N","","","","","","","","","",""
"2021097873","0314","0","0","0","0","0","0","0","0","0","7","0","","67","10","2021","6","39.885595","-75.211229","0304","6","0","0","0","0","0","0","0","0","","0","0","0","3","3","0","N","0","0","39 53:08.143","","0","75 12:40.426","0","0","0","0","67301","0","0","0","N","0","0","0","1","68K01","0","","2.0","","1","N","N","N","0","","0","0","1","0","0","","301","1","0","0","0","0","0","0","2","0","1","0","0","0","3","","","N","","","","","","","","","",""
"2021121184","0915","1","0","0","0","0","0","0","0","0","1","0","","67","12","2021","3","40.003213","-75.077649","0903","6","0","0","0","0","1","1","0","0","","0","0","0","8","1","0","N","0","0","40 00:11.566","","0","75 04:39.538","0","0","0","0","67301","0","0","0","N","0","0","0","2","68K01","0","","1.0","","1","N","N","N","0","","0","0","1","0","0","","840","2","0","0","0","0","0","0","2","0","2","0","0","0","3","","","N","","","","","","","","","",""
"2021094709","2345","1","0","0","0","0","0","0","0","0","5","0","","67","10","2021","7","40.021797","-75.158212","2330","6","0","0","0","0","0","1","0","0","","0","0","0","23","3","0","N","0","0","40 01:18.468","","0","75 09:29.564","0","0","0","0","67301","0","0","0","N","0","0","0","1","67301","0","","6.0","","1","N","N","N","0","","0","0","3","0","0","","2310","4","0","0","0","0","0","0","2","0","4","0","0","0","3","03","","N","","","","","","","","","",""
"2021094332","2344","0","0","0","0","0","0","0","0","0","4","0","","67","10","2021","3","39.96955","-75.139578","2344","6","0","0","0","0","0","0","0","0","","0","0","0","23","3","0","","5","1","39 58:10.379","2","0","75 08:22.482","0","0","0","0","67301","0","0","0","N","0","0","0","3","67301","0","","1.0","2344.0","1","N","N","N","0","","0","0","2","3","2","Y","2340","2","0","0","0","0","0","0","2","0","2","0","0","0","3","","","N","","","","","","","","","",""
"2021094434","1030","2","0","0","0","0","0","0","0","0","4","0","","67","10","2021","4","40.04373","-75.085093","1012","6","0","0","0","0","0","0","0","0","","0","0","0","9","1","3","","1","0","40 02:37.429","","0","75 05:06.333","3","0","0","0","67301","0","0","0","N","0","0","0","3","67301","0","","1.0","","1","N","N","N","0","","2","0","0","3","2","","946","2","3","0","0","0","1","0","2","0","2","0","0","0","4","","","N","","","","","","","","","",""
"2021095399","0918","1","0","0","0","0","0","0","0","0","4","0","","67","10","2021","5","40.040219","-75.031293","0918","6","0","0","0","0","0","0","0","0","","0","0","0","8","1","0","","2","1","40 02:24.789","2","0","75 01:52.656","0","0","0","0","67301","0","0","0","N","0","0","0","3","67301","0","","1.0","100.0","1","N","N","N","1","","0","0","1","0","0","N","858","3","0","0","0","0","0","0","2","0","3","0","0","0","3","","","N","","","","","","","","","",""
"2021096636","1253","1","0","0","0","0","0","0","0","0","8","0","","67","10","2021","6","39.966234","-75.153529","1250","6","0","0","0","0","0","0","0","0","","0","0","0","12","1","1","","1","0","39 57:58.442","","0","75 09:12.703","4","0","0","0","67301","1","0","0","N","1","0","0","2","67301","1","","1.0","","1","N","N","N","0","","0","0","0","3","3","","1245","2","1","1","0","0","0","0","2","0","1","1","0","0","3","03","","N","","","","","","","","","",""
"2021095449","1021","0","0","0","0","0","0","0","0","0","8","0","","67","10","2021","6","39.984681","-75.156494","1019","6","0","0","0","0","0","0","0","0","","0","0","0","10","1","1","","1","1","39 59:04.850","3","0","75 09:23.377","8","0","0","0","67301","1","0","0","N","1","0","0","2","67505","0","","1.0","1035.0","1","N","N","N","0","","0","0","1","3","2","N","1017","2","1","0","0","0","1","0","2","0","1","1","0","0","3","03","","N","","","","","","","","","",""
"2021084819","1605","0","0","0","0","0","0","0","0","0","8","0","","67","8","2021","7","40.022511","-75.132031","1600","6","0","0","0","0","0","0","0","0","","0","0","0","15","1","1","N","0","0","40 01:21.040","","0","75 07:55.310","8","0","0","0","67301","1","0","0","N","1","0","0","2","67301","0","","6.0","","1","N","N","N","0","","0","0","1","0","0","","1558","2","1","0","0","0","1","1","2","0","1","1","0","0","3","03","","N","","","","","","","","","",""
"2021097697","0513","1","0","0","0","0","0","0","0","0","1","0","","67","9","2021","4","40.020568","-75.042611","0501","6","0","0","0","0","0","1","0","0","","0","0","0","4","3","0","N","0","1","40 01:14.043","1","0","75 02:33.401","0","0","0","0","67301","0","0","0","N","0","0","0","2","68K01","0","","1.0","545.0","1","N","N","N","0","","0","0","1","0","0","N","458","2","0","0","0","0","0","0","2","0","2","0","0","0","3","","","N","","","","","","","","","",""
"2021095308","0015","2","0","0","0","0","0","0","0","0","1","0","","67","10","2021","4","40.080619","-74.993103","0012","6","0","0","0","0","0","0","0","0","","0","0","0","23","3","0","N","0","0","40 04:50.230","","0","74 59:35.170","0","0","0","0","67301","0","0","0","N","0","0","0","1","67301","0","","6.0","","1","N","N","Y","0","","0","0","2","0","0","","2345","4","0","0","0","0","0","0","2","0","4","0","0","0","3","03","","N","","","","","","","","","",""
"2021097858","1654","2","0","0","0","0","0","0","0","0","1","0","45","67","10","2021","7","40.023663","-75.033592","1632","6","0","0","0","0","0","0","0","0","","0","0","0","16","1","1","N","0","0","40 01:25.187","","0","75 02:00.930","8","0","0","0","67301","0","0","0","N","0","0","0","3","68K01","0","","1.0","","1","N","N","N","0","","0","0","0","0","0","","1630","2","1","0","0","0","1","0","2","0","2","0","0","0","3","","N","Y","2","1","","","N","Y","","","Y","N"
"2021093122","1625","2","0","0","0","0","0","0","0","0","4","0","","67","10","2021","6","40.038408","-75.12074","1625","6","0","0","0","0","0","0","0","0","","0","0","0","14","1","1","","2","0","40 02:18.268","","0","75 07:14.663","3","0","0","0","67301","0","0","0","N","0","0","0","2","67301","0","","1.0","","1","N","N","N","0","","1","0","0","3","3","","1453","2","1","0","0","0","0","0","2","0","2","0","0","0","3","03","","N","","","","","","","","","",""
"2021095953","0240","1","0","0","0","0","0","0","0","0","4","0","","67","10","2021","5","39.942628","-75.221405","0225","6","0","0","0","0","0","0","0","0","","0","0","0","1","3","1","","1","0","39 56:33.460","","0","75 13:17.058","3","0","0","0","67301","0","0","0","N","0","0","0","3","67301","0","","1.0","","1","N","N","N","0","","1","0","1","3","2","","126","2","1","0","0","0","0","2","2","0","2","0","0","0","3","03","","N","","","","","","","","","",""
"2021093082","0815","1","0","0","0","0","0","0","0","0","5","0","","67","10","2021","6","39.928511","-75.162797","0810","6","0","0","0","0","0","0","0","1","","0","0","0","8","1","0","N","0","0","39 55:42.640","","0","75 09:46.070","0","0","0","0","67301","0","0","0","N","0","0","0","1","67301","0","","6.0","","1","N","N","N","0","","0","0","2","0","0","","800","3","0","0","0","0","0","0","2","0","3","0","0","0","3","","","N","","","","","","","","","",""
"2021092678","0827","0","0","0","0","0","0","0","0","0","8","0","","67","9","2021","4","40.028339","-75.162266","0827","6","0","0","0","0","0","1","0","0","","0","0","0","8","1","1","","1","0","40 01:42.021","","0","75 09:44.156","3","0","0","0","67301","1","0","0","N","1","0","0","2","67301","0","","1.0","","1","N","N","N","0","","1","0","1","3","2","","825","2","1","0","0","0","0","0","2","0","1","1","0","0","3","03","","N","","","","","","","","","",""
"2021093614","1243","1","0","0","0","0","0","0","0","0","5","0","","67","10","2021","1","40.046043","-75.132683","1240","6","0","0","0","0","0","0","0","0","","0","0","0","12","1","0","N","0","0","40 02:45.756","","0","75 07:57.659","0","0","0","0","67301","0","0","0","N","0","0","0","1","67301","0","","6.0","","1","N","N","N","0","","0","0","1","0","0","","1234","2","0","0","0","0","0","0","2","0","2","0","0","0","3","03","","N","","","","","","","","","",""
"2021095938","2109","1","0","0","0","0","0","0","0","0","4","0","","67","10","2021","4","40.044752","-75.143489","2102","6","0","0","0","0","0","1","0","0","","0","0","0","21","3","3","N","0","1","40 02:41.108","2","7","75 08:36.559","3","0","0","0","67301","0","0","0","N","0","0","0","5","67301","0","","1.0","2311.0","1","N","N","N","0","","3","0","1","0","0","Y","2100","2","3","0","0","0","0","0","2","0","2","0","0","0","3","03","","N","","","","","","","","","",""
"2021126899","2336","0","0","0","0","0","0","0","0","0","7","0","","67","12","2021","1","39.974598","-75.199484","2335","6","0","0","0","0","0","0","0","0","","0","0","0","21","3","0","","2","2","39 58:28.552","4","0","75 11:58.141","9","0","0","0","67301","0","0","0","N","0","0","0","1","67301","0","","9.0","131.0","1","N","N","N","0","","0","0","1","3","2","N","2139","1","0","0","0","0","0","1","2","0","1","0","0","0","3","","","N","","","","","","","","","",""
"2021092295","1039","0","0","0","0","0","0","0","0","0","4","0","","67","9","2021","4","39.898917","-75.174889","1030","6","0","0","0","0","0","1","1","0","","0","0","0","10","1","0","","1","1","39 53:56.100","1","2","75 10:29.600","0","0","0","0","67301","0","0","0","N","0","0","0","2","67301","0","","1.0","1130.0","1","N","N","N","1","","0","0","0","3","2","Y","1029","2","0","0","0","0","0","0","2","1","2","0","0","0","3","03","","N","","","","","","","","","",""
"2021102302","1014","4","0","0","0","0","0","0","0","0","1","0","","67","10","2021","5","39.998832","-75.119011","1003","6","0","0","0","0","0","1","0","0","","0","0","0","9","1","1","","1","2","39 59:55.795","4","0","75 07:08.439","3","0","0","0","67301","0","0","0","N","0","0","0","3","67301","0","","1.0","1140.0","1","N","N","N","1","","1","0","2","3","3","N","935","7","1","0","0","0","0","1","2","0","7","0","0","0","4","04","","N","","","","","","","","","",""
"2021098667","1215","0","0","0","0","0","0","0","0","0","8","0","","67","10","2021","5","39.961734","-75.136493","1204","6","0","0","0","0","0","1","0","0","","0","0","0","11","1","1","","2","0","39 57:42.244","","0","75 08:11.375","2","0","0","0","67301","1","0","1","N","1","0","1","2","67301","0","","1.0","","1","N","N","N","0","","0","1","1","3","2","","1100","2","1","0","0","0","0","0","2","0","1","1","0","1","3","03","","N","","","","","","","","","",""
"2021091762","0135","4","0","0","0","0","0","0","0","0","5","0","","67","9","2021","4","40.004639","-75.151722","0133","6","0","0","0","0","0","0","0","0","","0","0","0","1","3","0","N","0","0","40 00:16.700","","0","75 09:06.200","9","0","0","0","67301","0","0","0","N","0","0","0","1","67505","0","","6.0","","1","N","N","N","0","","0","0","0","0","0","","133","4","0","0","0","0","0","1","2","0","4","0","0","0","3","","","N","","","","","","","","","",""
"2021099954","1735","1","0","0","0","0","0","0","0","0","4","0","","67","10","2021","6","40.003111","-75.128286","1730","6","0","0","0","0","0","0","0","0","","0","0","0","2","3","0","","1","0","40 00:11.199","","0","75 07:41.829","0","0","0","0","67301","0","0","0","N","0","0","0","2","67301","0","","1.0","","1","N","N","N","0","","0","0","0","3","2","","230","2","0","0","0","0","0","0","2","0","2","0","0","0","3","03","","N","","","","","","","","","",""
"2021091889","0750","1","0","0","1","0","0","0","0","0","8","0","","67","9","2021","4","39.954579","-75.225998","0741","6","0","0","0","0","0","0","0","0","","0","0","0","7","1","1","","1","0","39 57:16.485","","0","75 13:33.593","4","0","0","0","67301","1","0","0","N","0","0","0","8","67301","1","","1.0","","1","N","N","N","0","","0","0","2","3","2","","740","4","1","6","0","0","0","1","2","0","3","1","0","0","3","03","","N","","","","","","","","","",""
"2021093271","1715","1","0","0","0","0","0","0","0","0","6","0","","67","10","2021","7","39.896972","-75.251154","1711","6","0","0","0","0","0","1","1","0","","0","0","0","17","1","3","N","0","0","39 53:49.098","","0","75 15:04.154","3","0","0","0","67301","0","0","0","N","0","0","0","4","67301","1","","1.0","","1","N","N","Y","0","","1","0","2","0","0","","1700","3","3","0","0","0","1","1","2","0","3","0","0","0","3","03","","N","","","","","","","","","",""
"2021092688","0854","0","0","0","1","0","0","0","0","0","4","0","","67","10","2021","6","39.991899","-75.16319","0854","6","0","0","0","0","0","0","1","0","","0","0","0","8","1","1","","1","0","39 59:30.836","","0","75 09:47.484","3","0","0","0","67301","1","0","0","N","0","0","0","2","67301","0","","1.0","","1","N","N","N","0","","1","0","1","3","3","","850","2","1","0","0","0","0","0","2","0","1","1","0","0","3","03","","N","","","","","","","","","",""
"2021095065","1112","1","0","0","0","0","0","0","0","0","4","0","","67","10","2021","5","40.007656","-75.151478","1112","6","0","0","0","0","0","0","0","0","","0","0","0","11","1","5","","1","1","40 00:27.560","2","0","75 09:05.322","2","0","1","1","67301","0","0","0","N","0","0","0","5","67505","4","","1.0","1124.0","1","N","N","N","0","","0","1","0","3","2","N","1110","2","5","0","0","0","0","0","2","0","2","0","0","0","3","03","","N","","","","","","","","","",""
"2021093496","0116","0","0","0","0","0","0","0","0","0","4","0","","67","10","2021","7","39.991088","-75.132858","0113","6","0","0","0","0","0","0","0","0","","0","0","0","1","3","0","","1","0","39 59:27.918","","0","75 07:58.290","0","0","0","0","67301","0","0","0","N","0","0","0","2","67301","0","","1.0","","1","N","N","N","0","","0","0","1","3","2","","105","2","0","0","0","0","0","0","2","0","2","0","0","0","3","03","","N","","","","","","","","","",""
"2021095961","1700","1","0","0","1","0","1","0","0","0","8","0","","67","10","2021","6","39.928653","-75.229961","1655","6","0","0","0","0","0","0","0","0","","0","0","0","16","1","1","N","0","0","39 55:43.150","","0","75 13:47.860","2","0","0","0","67301","1","0","1","N","0","0","0","2","67301","0","","1.0","","1","N","N","N","0","","0","1","0","0","0","","1605","2","1","0","0","0","0","0","2","0","1","1","0","1","3","","","N","","","","","","","","","",""
"2021097560","0508","2","0","0","0","0","0","0","0","0","4","0","","67","10","2021","1","40.005516","-75.105344","0508","6","0","0","0","0","0","0","0","0","","0","0","0","5","3","1","","1","0","40 00:19.857","","0","75 06:19.237","3","0","0","0","67301","0","0","0","N","0","0","0","2","67301","0","","1.0","","1","N","N","N","0","","1","0","0","3","2","","508","2","1","1","0","0","0","0","2","0","2","0","0","0","3","03","","N","","","","","","","","","",""
"2021094403","1710","0","0","0","0","0","0","0","0","0","8","0","","67","10","2021","3","39.955542","-75.164641","1646","6","0","0","0","0","0","0","0","0","","0","0","0","15","1","1","","1","0","39 57:19.952","","0","75 09:52.706","8","0","0","0","67301","1","0","0","N","1","0","0","2","67301","0","","1.0","","99","N","N","N","0","","0","0","1","3","2","","1508","2","1","0","0","0","1","0","2","0","1","1","0","0","99","","","N","","","","","","","","","",""
"2021094381","1708","0","0","0","0","0","0","0","0","0","1","0","","67","10","2021","1","39.907833","-75.144861","1705","6","0","0","0","0","0","0","1","0","","0","0","0","17","1","1","N","0","2","39 54:28.200","3","3","75 08:41.500","4","0","0","0","67301","0","0","0","N","0","0","0","6","67501","1","","1.0","1824.0","1","N","N","N","0","","0","0","2","3","8","N","1705","3","1","0","0","0","0","1","2","1","3","0","0","0","3","03","","N","","","","","","","","","",""
"2021093895","2122","1","0","0","0","0","0","0","0","0","1","0","","67","10","2021","7","39.884553","-75.250638","2114","6","0","0","0","0","0","0","1","0","","0","0","0","20","3","0","N","0","1","39 53:04.389","3","0","75 15:02.298","0","0","0","0","67301","0","0","0","N","0","0","0","6","67301","0","","1.0","2145.0","1","N","N","N","0","","0","0","1","0","0","N","2054","2","0","0","0","0","0","0","2","0","2","0","0","0","3","","","N","","","","","","","","","",""
"2021095543","1945","2","0","0","0","0","0","0","0","0","4","0","","67","10","2021","5","39.930186","-75.159784","1945","6","0","0","0","0","0","0","0","0","","0","0","0","19","3","0","","1","2","39 55:48.669","7","0","75 09:35.222","0","0","0","0","67301","0","0","0","N","0","0","0","2","67301","0","","1.0","2035.0","1","N","N","N","0","","0","0","1","3","3","Y","1945","3","0","0","0","0","0","0","2","0","3","0","0","0","3","03","","N","","","","","","","","","",""
"2021094414","2038","3","0","0","0","0","0","0","0","0","1","0","","67","10","2021","2","40.044998","-75.123523","2038","6","0","0","0","0","0","0","0","0","","0","0","0","7","1","0","","1","0","40 02:41.993","","0","75 07:24.683","0","0","0","0","67301","0","0","0","N","0","0","0","4","67301","0","","1.0","","1","N","N","N","0","","0","0","1","3","2","","715","4","0","0","0","0","0","0","2","0","4","0","0","0","3","03","","N","","","","","","","","","",""
"2021093712","1940","0","0","0","0","0","0","0","0","0","7","0","","67","10","2021","1","39.9917","-75.229967","1927","6","0","0","0","0","0","1","0","0","","0","0","0","19","4","3","N","0","0","39 59:30.120","","0","75 13:47.880","3","0","0","0","67301","0","0","0","N","0","0","0","3","67301","0","","5.0","","1","N","N","N","0","","3","0","0","0","0","","1912","1","3","0","0","0","0","0","2","1","1","0","0","0","3","04","","N","","","","","","","","","",""
"2021095170","1005","1","0","0","0","0","0","0","0","0","4","0","","67","10","2021","5","40.01224","-75.150481","1004","6","0","0","0","0","0","1","0","0","","0","0","0","10","1","2","","1","1","40 00:44.064","2","0","75 09:01.733","3","0","0","0","67301","0","0","0","N","0","0","0","4","67301","0","","1.0","30.0","1","N","N","N","0","","2","0","1","3","2","N","1000","2","2","0","0","0","0","0","2","0","2","0","0","0","3","03","","N","","","","","","","","","",""
"2021122014","0424","0","0","0","0","0","0","0","0","0","7","0","","67","12","2021","3","40.023667","-75.030367","0359","6","0","0","0","0","0","0","0","0","","0","0","0","3","3","1","N","0","0","40 01:25.200","","0","75 01:49.320","3","0","0","0","67301","0","0","0","N","0","0","0","2","67301","0","","5.0","","1","N","N","N","1","","1","0","0","0","0","","357","1","1","0","0","0","0","0","2","0","1","0","0","0","3","03","","N","","","","","","","","","",""
"2021092930","1618","1","0","0","0","0","0","0","0","0","3","0","","67","9","2021","4","39.940953","-75.175897","1617","6","0","0","0","0","0","0","0","0","","0","0","0","16","1","0","N","0","0","39 56:27.430","","7","75 10:33.230","0","0","0","0","67301","0","0","0","N","0","0","0","1","67301","0","","6.0","","1","N","N","N","1","","0","0","1","0","0","","1605","3","0","0","0","0","0","0","2","0","3","0","0","0","3","03","","N","","","","","","","","","",""
"2021092686","2235","1","0","0","0","0","0","0","0","0","5","0","","67","9","2021","5","39.96525","-75.240111","2231","6","0","0","0","0","0","0","0","0","","0","0","0","22","3","0","N","0","0","39 57:54.900","","0","75 14:24.400","9","0","0","0","67301","0","0","0","N","0","0","0","3","67301","0","","6.0","","1","N","N","N","0","","0","0","2","0","0","","2225","3","0","1","0","0","0","1","2","0","3","0","0","0","3","03","","N","","","","","","","","","",""
"2021095954","1303","3","0","0","0","0","0","0","0","0","4","0","","67","10","2021","5","39.940534","-75.218905","1300","6","0","0","0","0","0","0","0","0","","0","0","0","12","1","1","","1","0","39 56:25.922","","0","75 13:08.059","3","0","0","0","67301","0","0","0","N","0","0","0","2","67301","0","","1.0","","98","N","N","Y","0","","1","0","0","3","2","","1253","3","1","0","0","0","0","0","2","0","3","0","0","0","3","03","","N","","","","","","","","","",""
"2021096483","1250","2","0","0","0","0","0","0","0","0","1","0","","67","10","2021","6","40.03411","-75.208307","1244","6","0","0","0","0","0","0","0","1","","0","0","0","12","1","1","","2","1","40 02:02.795","1","0","75 12:29.904","4","0","0","0","67301","0","0","0","N","0","0","0","3","67301","1","","1.0","1242.0","1","N","N","N","0","","0","0","0","3","2","N","1242","2","1","0","0","0","0","1","2","0","2","0","0","0","3","03","","N","","","","","","","","","",""
"2021095754","0121","1","0","0","0","0","0","0","0","0","1","0","","67","10","2021","7","40.035117","-75.070946","0116","6","0","0","0","0","0","1","0","0","","0","0","0","1","3","1","","1","1","40 02:06.421","3","0","75 04:15.407","4","0","0","1","67301","0","0","0","N","0","0","0","2","67301","1","","1.0","120.0","1","N","N","N","0","","0","0","0","3","2","N","111","2","1","0","0","0","0","0","2","0","2","0","0","0","3","03","","N","","","","","","","","","",""
"2021092677","0949","2","0","0","0","0","0","0","0","0","4","0","","67","9","2021","3","40.028881","-75.169363","0949","6","0","0","0","0","0","0","1","0","","0","0","0","9","1","1","","2","2","40 01:43.971","7","0","75 10:09.706","8","0","0","0","67301","0","0","0","N","0","0","0","2","67301","0","","1.0","1045.0","1","N","N","N","0","","0","0","0","3","3","Y","949","2","1","0","0","0","1","0","2","0","2","0","0","0","4","07","","N","","","","","","","","","",""
"2021096351","1902","1","0","0","0","0","0","0","0","0","4","0","","67","10","2021","2","39.997342","-75.120319","1902","6","0","0","1","0","0","0","0","0","","0","0","0","19","3","1","","1","0","39 59:50.432","","0","75 07:13.150","4","0","0","1","67301","0","0","0","N","0","0","0","2","67301","1","","1.0","","1","N","N","N","0","","0","0","0","3","3","","1900","2","1","1","0","0","0","0","2","0","2","0","0","0","3","03","","N","","","","","","","","","",""
"2021095306","1502","1","0","0","0","0","0","0","0","0","5","0","","67","10","2021","3","40.054581","-75.008493","1500","6","0","0","0","0","0","0","0","0","","0","0","0","13","1","0","N","0","0","40 03:16.490","","0","75 00:30.576","0","0","0","0","67301","0","0","0","N","0","0","0","1","67301","0","","6.0","","1","N","N","N","0","","0","0","1","0","0","","1355","3","0","0","0","0","0","0","2","1","3","0","0","0","3","03","","N","","","","","","","","","",""
"2021101030","0243","3","0","0","0","0","0","0","0","0","4","0","","67","10","2021","6","40.019613","-75.134173","0247","6","0","0","0","0","0","0","0","0","","0","0","0","2","3","1","","1","0","40 01:10.606","","0","75 08:03.022","2","0","0","0","67301","0","0","0","N","0","0","0","2","67301","0","","1.0","","1","N","N","N","0","","0","1","1","3","3","","209","4","1","0","0","0","0","0","2","0","4","0","0","0","3","03","","N","","","","","","","","","",""