"CRN","ARRIVAL_TM","AUTOMOBILE_COUNT","BELTED_DEATH_COUNT","BELTED_SUSP_SERIOUS_INJ_COUNT","BICYCLE_COUNT","BICYCLE_DEATH_COUNT","BICYCLE_SUSP_SERIOUS_INJ_COUNT","BUS_COUNT","CHLDPAS_DEATH_COUNT","CHLDPAS_SUSP_SERIOUS_INJ_COUNT","COLLISION_TYPE","COMM_VEH_COUNT","CONS_ZONE_SPD_LIM","COUNTY","CRASH_MONTH","CRASH_YEAR","DAY_OF_WEEK","DEC_LATITUDE","DEC_LONGITUDE","DISPATCH_TM","DISTRICT","DRIVER_COUNT_16YR","DRIVER_COUNT_17YR","DRIVER_COUNT_18YR","DRIVER_COUNT_19YR","DRIVER_COUNT_20YR","DRIVER_COUNT_50_64YR","DRIVER_COUNT_65_74YR","DRIVER_COUNT_75PLUS","EST_HRS_CLOSED","FATAL_COUNT","HEAVY_TRUCK_COUNT","HORSE_BUGGY_COUNT","HOUR_OF_DAY","ILLUMINATION","INJURY_COUNT","INTERSECTION_RELATED","INTERSECT_TYPE","LANE_CLOSED","LATITUDE","LN_CLOSE_DIR","LOCATION_TYPE","LONGITUDE","MAX_SEVERITY_LEVEL","MCYCLE_DEATH_COUNT","MCYCLE_SUSP_SERIOUS_INJ_COUNT","MOTORCYCLE_COUNT","MUNICIPALITY","NONMOTR_COUNT","NONMOTR_DEATH_COUNT","NONMOTR_SUSP_SERIOUS_INJ_COUNT","NTFY_HIWY_MAINT","PED_COUNT","PED_DEATH_COUNT","PED_SUSP_SERIOUS_INJ_COUNT","PERSON_COUNT","POLICE_AGCY","POSSIBLE_INJ_COUNT","RDWY_SURF_TYPE_CD","RELATION_TO_ROAD","ROADWAY_CLEARED","ROAD_CONDITION","SCH_BUS_IND","SCH_ZONE_IND","SECONDARY_CRASH","SMALL_TRUCK_COUNT","SPEC_JURIS_CD","SUSP_MINOR_INJ_COUNT","SUSP_SERIOUS_INJ_COUNT","SUV_COUNT","TCD_FUNC_CD","TCD_TYPE","TFC_DETOUR_IND","TIME_OF_DAY","TOTAL_UNITS","TOT_INJ_COUNT","UNBELTED_OCC_COUNT","UNB_DEATH_COUNT","UNB_SUSP_SERIOUS_INJ_COUNT","UNK_INJ_DEG_COUNT","UNK_INJ_PER_COUNT","URBAN_RURAL","VAN_COUNT","VEHICLE_COUNT","VULNERABLE_ROAD_USER_COUNT","VULNERABLE_ROAD_USER_DEATH_COUNT","VULNERABLE_ROAD_USER_SER_INJ_COUNT","WEATHER1","WEATHER2","WORKERS_PRES","WORK_ZONE_IND","WORK_ZONE_LOC","WORK_ZONE_TYPE","WZ_CLOSE_DETOUR","WZ_FLAGGER","WZ_LAW_OFFCR_IND","WZ_LN_CLOSURE","WZ_MOVING","WZ_OTHER","WZ_SHLDER_MDN","WZ_WORKERS_INJ_KILLED"
"2021093281","0754","1","0","0","0","0","0","0","0","0","6","0","","67","10","2021","7","39.977336","-75.119354","0754","6","0","0","0","0","0","0","1","0","","0","0","0","7","1","3","N","0","0","39 58:38.409","","0","75 07:09.674","3","0","0","0","67301","0","0","0","N","0","0","0","3","67301","0","","1.0","","1","N","N","N","0","","3","0","1","0","0","","754","2","3","3","0","0","0","0","2","0","2","0","0","0","3","03","","N","","","","","","","","","",""
"2021102848","0246","0","0","0","0","0","0","0","0","0","0","0","","67","10","2021","3","39.966955","-75.133638","0239","6","0","0","0","0","0","0","0","0","","0","0","0","2","3","0","N","0","1","39 58:01.037","1","0","75 08:01.096","0","0","0","0","67301","0","0","0","N","0","0","0","1","68K01","0","","1.0","330.0","9","N","N","N","0","","0","0","1","0","0","N","232","1","0","0","0","0","0","0","2","0","1","0","0","0","7","","","N","","","","","","","","","",""
"2021091835","1403","0","0","0","0","0","0","0","0","0","8","0","","67","9","2021","3","40.042323","-75.025601","1359","6","0","0","0","0","0","0","0","0","","0","0","0","13","1","1","","1","0","40 02:32.362","","0","75 01:32.162","3","0","0","0","67301","1","0","0","N","1","0","0","2","67301","0","","1.0","","1","N","N","N","0","","1","0","1","3","2","","1349","2","1","0","0","0","0","0","2","0","1","1","0","0","3","03","","N","","","","","","","","","",""
"2021092310","1818","0","0","0","1","0","0","0","0","0","8","0","","67","9","2021","4","39.969326","-75.184578","1816","6","0","0","0","0","0","0","0","0","","0","0","0","6","5","1","","1","0","39 58:09.574","","0","75 11:04.481","3","0","0","0","67301","1","0","0","N","0","0","0","2","67301","0","","1.0","","1","N","N","N","0","","1","0","0","3","2","","600","2","1","0","0","0","0","0","2","1","1","1","0","0","3","03","","N","","","","","","","","","",""
"2021093272","0350","1","0","0","0","0","0","0","0","0","4","0","","67","10","2021","1","39.984727","-75.144049","0350","6","0","0","0","0","0","0","0","0","","0","0","0","3","3","2","","1","2","39 59:05.017","7","0","75 08:38.576","3","0","0","0","67301","0","0","0","N","0","0","0","2","67301","0","","1.0","500.0","1","N","N","N","0","","1","0","1","3","2","Y","350","2","2","1","0","0","1","0","2","0","2","0","0","0","3","03","","N","","","","","","","","","",""
"2021096245","1511","1","0","0","0","0","0","0","0","0","5","0","","67","10","2021","5","39.95087","-75.14107","1502","6","0","0","0","0","0","1","0","0","","0","0","0","14","1","0","","7","0","39 57:03.131","","2","75 08:27.851","0","0","0","0","67301","0","0","0","N","0","0","0","2","68K01","0","","7.0","","1","N","N","N","0","","0","0","1","0","0","","1458","2","0","0","0","0","0","0","2","0","2","0","0","0","3","","","N","","","","","","","","","",""
"2021095316","1701","1","0","0","0","0","0","0","0","0","4","0","","67","10","2021","4","39.968117","-75.160105","1700","6","0","0","0","0","0","0","0","0","","0","0","0","18","1","1","","2","0","39 58:05.221","","0","75 09:36.378","3","0","0","0","67301","0","0","0","N","0","0","0","3","67301","0","","1.0","","1","N","N","N","0","","1","0","1","3","2","","1825","2","1","3","0","0","0","0","2","0","2","0","0","0","3","04","","N","","","","","","","","","",""
"2021093842","0119","0","0","0","0","0","0","0","0","0","7","0","","67","10","2021","6","39.942637","-75.193441","0113","6","0","0","0","0","0","0","0","0","","0","0","0","1","3","0","","7","2","39 56:33.493","3","2","75 11:36.386","9","0","0","1","67301","0","0","0","N","0","0","0","1","68K01","0","","7.0","200.0","1","N","N","N","0","","0","0","0","0","0","N","112","1","0","0","0","0","0","1","2","0","1","0","0","0","3","","","N","","","","","","","","","",""
"2021092176","1415","2","0","0","0","0","0","0","0","0","4","0","","67","9","2021","4","39.991192","-75.157696","1400","6","0","0","0","0","0","1","0","0","","0","0","0","9","1","1","","1","0","39 59:28.291","","0","75 09:27.705","3","0","0","0","67301","0","0","0","N","0","0","0","2","67301","0","","1.0","","1","N","N","N","0","","1","0","0","3","3","","915","2","1","2","0","0","0","1","2","0","2","0","0","0","3","03","","N","","","","","","","","","",""
"2021092227","0045","2","0","0","0","0","0","0","0","0","5","0","","67","9","2021","3","39.977008","-75.13685","0037","6","0","0","0","0","0","0","0","0","","0","0","0","0","3","0","N","0","0","39 58:37.230","","0","75 08:12.660","0","0","0","0","67301","0","0","0","N","0","0","0","1","67301","0","","6.0","","1","N","N","N","0","","0","0","1","0","0","","0","3","0","1","0","0","0","0","2","0","3","0","0","0","3","03","","N","","","","","","","","","",""
"2021093364","0212","0","0","0","0","0","0","0","0","0","5","0","","67","10","2021","1","39.983352","-75.133588","0212","6","0","0","0","0","0","0","0","0","","0","0","0","2","3","1","","1","0","39 59:00.067","","0","75 08:00.916","8","0","0","1","67301","0","0","0","N","0","0","0","2","67301","0","","1.0","","1","N","N","N","0","","0","0","0","3","3","","212","2","1","0","0","0","1","0","2","0","2","0","0","0","3","03","","N","","","","","","","","","",""
"2021094297","1741","0","0","0","0","0","0","0","0","0","8","0","","67","10","2021","3","39.985933","-75.161156","1740","6","0","0","0","0","0","0","0","0","","0","0","0","17","4","1","N","0","0","39 59:09.360","","0","75 09:40.160","4","0","0","0","67301","1","0","0","N","0","0","0","2","67301","1","","1.0","","1","N","N","N","1","","0","0","0","0","0","","1739","2","1","1","0","0","0","0","2","0","1","1","0","0","3","03","","N","","","","","","","","","",""
"2021094636","1153","0","0","0","0","0","0","0","0","0","8","0","","67","10","2021","4","40.044178","-75.162719","1153","6","0","0","0","0","0","1","0","0","","0","0","0","11","1","1","","1","0","40 02:39.040","","0","75 09:45.790","4","0","0","0","67301","1","0","0","N","1","0","0","2","67301","1","","1.0","","1","N","N","N","0","","0","0","1","3","2","","1135","2","1","0","0","0","0","0","2","0","1","1","0","0","4","04","","N","","","","","","","","","",""
"2021101031","2347","0","0","0","0","0","0","0","0","0","8","0","","67","10","2021","4","40.015677","-75.140093","2200","6","0","0","0","0","0","1","0","0","","0","0","0","22","3","1","","1","0","40 00:56.437","","0","75 08:24.334","3","0","0","0","67301","1","0","0","N","1","0","0","2","67301","0","","1.0","","1","N","N","N","0","","1","0","1","0","0","","2200","2","1","0","0","0","0","0","2","0","1","1","0","0","3","03","","N","","","","","","","","","",""
"2021093269","2248","3","0","0","0","0","0","0","0","0","6","0","","67","9","2021","4","39.926054","-75.234895","2248","6","0","0","0","0","0","0","0","0","","0","0","0","22","3","1","N","0","0","39 55:33.795","","0","75 14:05.621","3","0","0","0","67301","0","0","0","N","0","0","0","1","67301","0","","6.0","","1","N","N","N","0","","1","0","2","0","0","","2248","5","1","1","0","0","0","0","2","0","5","0","0","0","3","","","N","","","","","","","","","",""
"2021093887","1846","1","0","0","0","0","0","0","0","0","2","0","","67","10","2021","1","40.024179","-75.084481","1838","6","0","0","0","0","0","0","0","0","","0","0","0","18","3","1","","1","0","40 01:27.044","","0","75 05:04.131","3","0","0","1","67301","0","0","0","N","0","0","0","2","67301","0","","1.0","","1","N","N","N","0","","1","0","0","0","0","","1833","2","1","0","0","0","0","0","2","0","2","0","0","0","3","","","N","","","","","","","","","",""
"2021091800","0517","0","0","0","0","0","0","0","0","0","7","0","","67","9","2021","3","40.032717","-75.174403","0514","6","0","0","0","0","0","0","1","0","","0","0","0","5","3","0","","1","0","40 01:57.781","","0","75 10:27.850","0","0","0","0","67301","0","0","0","N","0","0","0","2","67301","0","","4.0","","1","N","N","N","0","","0","0","1","3","2","","512","1","0","0","0","0","0","0","2","0","1","0","0","0","3","03","","N","","","","","","","","","",""
"2021094066","1126","1","0","0","0","0","0","0","0","0","8","0","","67","10","2021","2","39.953837","-75.175075","1114","6","0","0","0","0","0","0","0","0","","0","0","0","8","1","1","","1","0","39 57:13.814","","0","75 10:30.270","4","0","0","0","67301","1","0","0","N","1","0","0","2","67301","1","","1.0","","1","N","N","N","0","","0","0","0","3","2","","800","2","1","0","0","0","0","0","2","0","1","1","0","0","4","04","","N","","","","","","","","","",""
"2021094161","1710","1","0","0","0","0","0","0","0","0","4","0","","67","10","2021","7","39.969842","-75.241138","1705","6","0","0","0","0","0","0","0","0","","0","0","0","17","1","3","","1","2","39 58:11.431","7","0","75 14:28.096","3","0","0","0","67301","0","0","0","N","0","0","0","4","67301","0","","1.0","1840.0","1","N","N","N","0","","3","0","1","3","3","Y","1700","2","3","0","0","0","0","0","2","0","2","0","0","0","3","03","","N","","","","","","","","","",""
"2021091751","0120","1","0","0","0","0","0","0","0","0","4","0","","67","9","2021","3","40.02888","-75.106009","0117","6","0","0","0","0","0","0","0","0","","0","0","0","1","3","1","","1","1","40 01:43.967","2","0","75 06:21.632","3","0","0","0","67301","0","0","0","N","0","0","0","3","67301","0","","1.0","220.0","1","N","N","N","1","","1","0","0","3","2","N","115","2","1","0","0","0","0","0","2","0","2","0","0","0","3","03","","N","","","","","","","","","",""
"2021093216","1950","1","0","0","0","0","0","0","0","0","4","0","","67","9","2021","5","39.969723","-75.141553","1950","6","0","0","0","0","0","0","0","0","","0","0","0","16","1","1","","1","0","39 58:11.001","","0","75 08:29.592","8","0","0","0","67301","0","0","0","N","0","0","0","2","67301","0","","1.0","","1","N","N","N","0","","0","0","0","3","2","","1645","2","1","0","0","0","1","0","2","0","2","0","0","0","3","","","N","","","","","","","","","",""
"2021094218","2356","1","0","0","0","0","0","0","0","0","5","0","","67","10","2021","2","40.096644","-75.052903","2352","6","0","0","0","0","0","0","0","0","","0","0","0","23","2","0","N","0","0","40 05:47.920","","0","75 03:10.450","0","0","0","0","67301","0","0","0","N","0","0","0","1","67301","0","","6.0","","1","N","N","N","1","","0","0","1","0","0","","2350","3","0","0","0","0","0","0","2","0","3","0","0","0","3","03","","N","","","","","","","","","",""
"2021094122","0138","1","0","0","0","0","0","0","0","0","5","0","","67","9","2021","3","39.956222","-75.2145","0128","6","0","0","0","0","0","0","0","0","","0","0","0","1","3","1","N","0","2","39 57:22.400","1","0","75 12:52.200","8","0","0","0","67301","0","0","0","N","0","0","0","1","67301","0","","6.0","200.0","1","N","N","N","0","","0","0","2","0","0","Y","128","3","1","1","0","0","1","0","2","0","3","0","0","0","3","03","","N","","","","","","","","","",""
"2021091994","1021","1","0","0","0","0","0","0","0","0","4","0","","67","9","2021","4","39.946965","-75.154502","1010","6","0","0","0","0","0","1","1","0","","0","0","0","9","1","1","","1","0","39 56:49.075","","0","75 09:16.207","8","0","0","0","67301","0","0","0","N","0","0","0","3","67301","0","","1.0","","1","N","N","N","0","","0","0","1","3","2","","925","2","1","0","0","0","1","0","2","0","2","0","0","0","3","03","","N","","","","","","","","","",""
"2021095417","0215","0","0","0","0","0","0","1","0","0","1","1","","67","10","2021","7","39.95577","-75.15905","0202","6","0","0","0","0","0","0","0","0","","0","0","0","2","3","2","","1","0","39 57:20.771","","0","75 09:32.581","3","0","0","0","67301","0","0","0","N","0","0","0","3","67508","0","","1.0","","1","N","N","Y","0","","2","0","1","3","2","","202","2","2","1","0","0","0","0","2","0","2","0","0","0","3","03","","N","","","","","","","","","",""
"2021078973","0921","2","0","0","0","0","0","0","0","0","1","0","","67","8","2021","1","39.936764","-75.229713","0920","6","0","0","0","0","0","0","0","0","","0","0","0","9","1","2","","1","1","39 56:12.350","1","0","75 13:46.966","4","0","0","0","67301","0","0","0","N","0","0","0","5","67301","2","","1.0","1030.0","9","N","N","N","0","","0","0","1","3","2","N","912","4","2","0","0","0","0","1","2","1","4","0","0","0","4","04","","N","","","","","","","","","",""
"2021096549","2030","0","0","0","1","0","0","0","0","0","8","0","","67","10","2021","5","40.050469","-75.051488","2017","6","0","0","0","0","0","0","0","0","","0","0","0","20","4","1","","2","0","40 03:01.689","","0","75 03:05.355","3","0","0","0","67301","1","0","0","N","0","0","0","2","67301","0","","1.0","","1","N","N","N","0","","1","0","1","3","3","","2010","2","1","0","0","0","0","0","2","0","1","1","0","0","3","03","","N","","","","","","","","","",""
"2021110191","0905","0","0","0","0","0","0","1","0","0","4","1","","67","10","2021","1","40.00713","-75.094069","0855","6","0","0","0","0","0","1","0","0","","0","0","0","8","1","6","","1","0","40 00:25.667","","0","75 05:38.650","4","0","0","0","67301","0","0","0","N","0","0","0","11","67508","4","","1.0","","1","N","N","Y","0","","0","0","1","3","2","","855","2","6","1","0","0","2","5","2","0","2","0","0","0","3","03","","N","","","","","","","","","",""
"2021096673","0142","2","0","0","0","0","0","0","0","0","4","0","","67","10","2021","4","39.959913","-75.243215","0140","6","0","0","0","0","0","0","0","0","","0","0","0","1","3","2","","1","0","39 57:35.686","","0","75 14:35.573","8","0","0","0","67301","0","0","0","N","0","0","0","3","67301","0","","1.0","","1","N","N","N","0","","0","0","1","3","3","","140","3","2","0","0","0","2","0","2","0","3","0","0","0","3","03","","N","","","","","","","","","",""
"2021093579","0845","0","0","0","0","0","0","0","0","0","4","0","","67","10","2021","7","40.045516","-75.088316","0840","6","0","0","0","0","0","1","0","1","","0","0","0","8","1","0","","1","0","40 02:43.859","","0","75 05:17.937","0","0","0","0","67301","0","0","0","N","0","0","0","3","67301","0","","1.0","","1","N","N","N","0","","0","0","3","3","2","","830","3","0","0","0","0","0","0","2","0","3","0","0","0","3","03","","N","","","","","","","","","",""
"2021096100","0206","1","0","0","0","0","0","0","0","0","5","0","","67","9","2021","3","39.961236","-75.238894","0203","6","0","0","0","0","0","0","0","0","","0","0","0","1","3","1","N","0","0","39 57:40.450","","0","75 14:20.020","8","0","0","0","67301","0","0","0","N","0","0","0","1","67301","0","","6.0","","1","N","N","N","0","","0","0","2","0","0","","155","3","1","0","0","0","1","0","2","0","3","0","0","0","3","03","","N","","","","","","","","","",""
"2021121077","0007","1","0","0","0","0","0","0","0","0","5","0","","67","11","2021","7","39.957024","-75.152422","2350","6","0","0","0","0","0","0","0","0","","0","0","0","23","3","2","N","0","0","39 57:25.288","","0","75 09:08.718","4","0","0","0","67301","0","0","0","N","0","0","0","3","68K01","1","","2.0","","1","N","N","N","0","","0","0","0","0","0","","2349","2","2","0","0","0","1","1","2","0","2","0","0","0","3","","","N","","","","","","","","","",""
"2021095221","1953","2","0","0","0","0","0","0","0","0","5","0","","67","10","2021","4","40.042214","-75.096947","1951","6","0","0","0","0","0","0","0","0","","0","0","0","19","1","0","N","0","0","40 02:31.970","","0","75 05:49.010","0","0","0","0","67301","0","0","0","N","0","0","0","1","67301","0","","6.0","","1","N","N","N","0","","0","0","1","0","0","","1901","4","0","0","0","0","0","0","2","1","4","0","0","0","3","","","N","","","","","","","","","",""
"2021079609","1155","1","0","0","0","0","0","0","0","0","4","0","","67","8","2021","3","39.972033","-75.16625","1146","6","0","0","0","0","0","0","0","0","","0","0","0","10","1","0","","2","0","39 58:19.317","","0","75 09:58.500","0","0","0","0","67301","0","0","0","N","0","0","0","5","67301","0","","1.0","","1","N","N","N","0","","0","0","1","3","3","","1055","2","0","4","0","0","0","0","2","0","2","0","0","0","3","03","","N","","","","","","","","","",""
"2021108695","0215","1","0","0","0","0","0","0","0","0","7","0","","67","11","2021","5","39.879996","-75.247995","0153","6","0","0","0","0","0","0","0","0","","0","0","0","1","3","0","N","0","0","39 52:47.986","","0","75 14:52.782","9","0","0","0","67301","0","0","0","N","0","0","0","1","68K01","0","","2.0","","1","N","N","N","0","","0","0","0","0","0","","141","1","0","1","0","0","0","1","2","0","1","0","0","0","3","","","N","","","","","","","","","",""
"2021102301","1853","0","0","0","0","0","0","0","0","0","8","0","","67","10","2021","3","40.000781","-75.132883","1853","6","0","0","0","0","0","0","0","0","","0","0","0","18","2","1","N","0","0","40 00:02.810","","0","75 07:58.380","3","0","0","0","67301","1","0","0","N","1","0","0","2","67301","0","","1.0","","1","N","N","N","1","","1","0","0","0","0","","1845","2","1","0","0","0","0","0","2","0","1","1","0","0","3","03","","N","","","","","","","","","",""
"2021109587","1905","0","0","0","0","0","0","0","0","0","1","0","","67","11","2021","3","40.036803","-75.014715","1842","6","0","0","0","0","0","0","0","0","","0","0","0","18","3","0","N","0","0","40 02:12.490","","0","75 00:52.973","0","0","0","0","67301","0","0","0","N","0","0","0","2","68K01","0","","1.0","","1","N","N","N","0","","0","0","2","0","0","","1839","2","0","0","0","0","0","0","2","0","2","0","0","0","3","03","","N","","","","","","","","","",""
"2021108367","2250","3","0","0","0","0","0","0","0","0","1","0","","67","11","2021","7","40.060439","-75.167031","2246","6","0","0","0","0","0","0","0","0","","2","0","0","22","3","1","","1","0","40 03:37.582","","0","75 10:01.312","1","0","0","0","67301","0","0","0","N","0","0","0","3","67301","0","2","1.0","","1","N","N","N","1","0","0","1","1","3","2","","2245","5","1","1","0","1","0","0","2","0","5","0","0","0","3","","","N","","","","","","","","","",""
"2021121388","0011","2","0","0","0","0","0","0","0","0","1","0","","67","12","2021","6","40.009745","-75.06504","2358","6","0","0","0","0","0","0","0","0","","0","0","0","23","3","0","N","0","0","40 00:35.082","","0","75 03:54.145","0","0","0","0","67301","0","0","0","N","0","0","0","2","68K01","0","","1.0","","9","N","N","Y","0","","0","0","0","0","0","","2356","2","0","0","0","0","0","0","2","0","2","0","0","0","7","07","","N","","","","","","","","","",""
"2021109975","2010","2","0","0","0","0","0","0","0","0","4","0","","67","11","2021","4","39.968405","-75.160043","2008","6","0","0","0","0","0","0","1","0","","0","0","0","18","3","1","N","0","0","39 58:06.257","","7","75 09:36.154","4","0","0","0","67301","0","0","0","N","0","0","0","2","67301","1","","2.0","","1","N","N","N","0","","0","0","0","0","0","","1845","2","1","0","0","0","0","1","2","0","2","0","0","0","3","03","","N","","","","","","","","","",""
"2021116351","0226","1","0","0","0","0","0","0","0","0","4","0","","67","11","2021","1","40.036314","-75.064305","0226","6","0","0","0","0","0","1","0","0","","0","0","0","2","3","3","","1","2","40 02:10.729","1","0","75 03:51.497","8","0","0","0","67301","0","0","0","N","0","0","0","5","67301","0","","1.0","410.0","1","N","N","N","0","","0","0","1","3","2","N","218","2","3","0","0","0","3","1","2","0","2","0","0","0","3","03","","N","","","","","","","","","",""
"2021113305","0434","3","0","0","0","0","0","0","0","0","2","0","","67","11","2021","7","40.034483","-75.123981","0430","6","0","0","0","0","1","0","0","0","","0","0","0","4","3","2","N","0","2","40 02:04.140","5","0","75 07:26.330","3","0","0","0","67301","0","0","0","N","0","0","0","2","67301","0","","1.0","544.0","1","N","N","N","0","","2","0","1","0","0","Y","429","4","2","0","0","0","0","0","2","0","4","0","0","0","3","03","","N","","","","","","","","","",""
"2021110495","1520","0","0","0","0","0","0","0","0","0","4","0","","67","11","2021","6","40.023853","-75.142546","1510","6","0","0","0","0","0","0","0","0","","0","0","0","14","1","1","","1","0","40 01:25.870","","0","75 08:33.165","3","0","0","0","67301","0","0","0","N","0","0","0","3","67301","0","","1.0","","1","N","N","N","1","","1","0","1","3","3","","1450","2","1","0","0","0","0","0","2","0","2","0","0","0","3","","","N","","","","","","","","","",""
"2021108886","1859","0","0","0","0","0","0","0","0","0","8","0","","67","11","2021","3","40.059958","-75.049463","1854","6","0","0","0","0","0","0","0","0","","0","0","0","17","3","1","","1","0","40 03:35.847","","0","75 02:58.066","3","0","0","0","67301","1","0","0","N","1","0","0","1","67301","0","","1.0","","1","N","N","N","0","","1","0","0","3","3","","1730","2","1","0","0","0","0","0","2","0","1","1","0","0","3","03","","N","","","","","","","","","",""
"2021096233","0910","2","0","0","0","0","0","0","0","0","1","0","","67","10","2021","2","39.970959","-75.124571","0900","6","0","0","0","0","0","1","0","0","","0","0","0","8","1","1","","6","2","39 58:15.451","2","2","75 07:28.455","3","0","0","0","67301","0","0","0","N","0","0","0","3","68K01","0","","7.0","915.0","1","N","N","N","0","","1","0","0","0","0","N","856","3","1","0","0","0","0","0","2","1","3","0","0","0","3","","","N","","","","","","","","","",""
"2021107817","0345","0","0","0","0","0","0","0","0","0","7","0","","67","11","2021","1","40.036375","-75.155831","0337","6","0","0","0","0","0","0","0","0","","0","0","0","3","3","0","N","0","0","40 02:10.950","","0","75 09:20.990","9","0","0","0","67301","0","0","0","N","0","0","0","1","67301","0","","4.0","","1","N","N","N","0","","0","0","1","0","0","","330","1","0","1","0","0","0","1","2","0","1","0","0","0","3","03","","N","","","","","","","","","",""
"2021065143","1309","1","0","0","0","0","0","0","0","0","4","0","","67","6","2021","6","39.998084","-75.233246","1309","6","0","0","0","0","0","0","0","0","","0","0","0","13","1","0","","1","2","39 59:53.101","6","0","75 13:59.687","0","0","0","0","67301","0","0","0","N","0","0","0","4","46104","0","","1.0","30.0","1","N","N","N","0","","0","0","2","3","3","Y","1309","3","0","1","0","0","0","0","2","0","3","0","0","0","3","03","","N","","","","","","","","","",""
"2021093085","1258","0","0","0","0","0","0","0","0","0","1","0","","67","9","2021","4","40.036957","-75.144895","1258","6","0","0","0","0","0","0","1","0","","0","0","0","11","1","2","N","0","0","40 02:13.046","","0","75 08:41.621","8","0","0","0","67301","0","0","0","N","0","0","0","5","67301","0","","1.0","","1","N","N","N","0","","0","0","0","0","0","","1115","2","2","0","0","0","2","2","2","1","2","0","0","0","3","","","N","","","","","","","","","",""
"2021092947","0030","1","0","0","0","0","0","0","0","0","4","0","","67","10","2021","6","40.041919","-75.074975","0030","6","0","0","0","0","0","1","0","0","","0","0","0","23","3","0","","5","0","40 02:30.909","","0","75 04:29.910","9","0","0","0","67301","0","0","0","N","0","0","0","2","67301","0","","1.0","","99","N","N","N","0","","0","0","1","3","2","","2310","2","0","0","0","0","0","1","2","0","2","0","0","0","3","03","","N","","","","","","","","","",""
"2021093612","1100","1","0","0","0","0","0","0","0","0","4","0","","67","10","2021","1","40.028683","-75.117741","1045","6","0","0","0","0","0","0","0","0","","0","0","0","9","1","0","","1","0","40 01:43.257","","0","75 07:03.868","0","0","0","0","67301","0","0","0","N","0","0","0","2","67301","0","","1.0","","1","N","N","N","0","","0","0","1","3","2","","955","2","0","0","0","0","0","0","2","0","2","0","0","0","3","","","N","","","","","","","","","",""
"2021118006","","1","0","0","0","0","0","0","0","0","4","0","","67","6","2021","5","39.97191","-75.23601","","6","0","0","0","0","0","0","1","0","","0","0","0","12","1","1","","1","0","39 58:18.876","","0","75 14:09.635","4","0","0","0","67301","0","0","0","N","0","0","0","2","00000","1","","1.0","","1","N","N","N","0","","0","0","1","3","3","","1230","2","1","0","0","0","0","0","2","0","2","0","0","0","3","","","N","","","","","","","","","",""
"2021115759","1320","1","0","0","0","0","0","0","0","0","4","0","","67","11","2021","4","39.968117","-75.160105","1315","6","0","0","0","0","0","0","0","0","","0","0","0","13","1","2","","2","1","39 58:05.221","3","0","75 09:36.378","8","0","0","0","67301","0","0","0","N","0","0","0","4","67301","0","","1.0","1330.0","99","N","N","N","0","","0","0","1","0","0","Y","1300","2","2","0","0","0","2","0","2","0","2","0","0","0","3","03","","N","","","","","","","","","",""
"2021088772","0426","3","0","0","0","0","0","0","0","0","1","0","","67","8","2021","3","39.95494","-75.209149","0425","6","0","0","0","1","0","0","0","0","","0","0","0","4","3","1","N","0","1","39 57:17.783","4","0","75 12:32.935","8","0","0","0","67301","0","0","0","N","0","0","0","2","67301","0","","6.0","530.0","1","N","N","N","0","","0","0","1","0","0","Y","422","5","1","0","0","0","1","0","2","1","5","0","0","0","3","03","","N","","","","","","","","","",""
"2021114607","","0","0","0","0","0","0","0","0","0","1","0","","67","5","2021","4","39.998389","-75.11","","6","0","0","0","0","0","1","0","0","","0","0","0","8","1","1","N","0","0","39 59:54.200","","1","75 06:36.000","8","0","0","0","67301","0","0","0","N","0","0","0","2","00000","0","","1.0","","1","N","N","N","0","","0","0","2","0","0","","802","2","1","0","0","0","1","0","2","0","2","0","0","0","3","","","N","","","","","","","","","",""
"2021121524","1319","1","0","0","0","0","0","0","0","0","2","0","","67","12","2021","7","40.047907","-75.168781","1316","6","0","0","0","0","0","0","0","0","","0","0","0","12","1","2","N","0","9","40 02:52.464","","0","75 10:07.610","3","0","0","0","67301","0","0","0","N","0","0","0","3","67301","0","","1.0","","1","N","N","N","0","","2","0","1","0","0","U","1244","2","2","1","0","0","0","1","2","0","2","0","0","0","3","98","","N","","","","","","","","","",""
"2021115559","0002","1","0","0","0","0","0","0","0","0","4","0","","67","11","2021","4","40.025648","-75.181669","0002","6","0","0","0","0","0","0","0","0","","0","0","0","23","3","3","","1","0","40 01:32.334","","0","75 10:54.007","3","0","0","0","67301","0","0","0","N","0","0","0","4","67301","0","","1.0","","1","N","N","N","0","","3","0","1","3","1","","2358","2","3","0","0","0","0","1","2","0","2","0","0","0","3","03","","N","","","","","","","","","",""
"2021115688","1530","1","0","0","0","0","0","0","0","0","4","0","","67","11","2021","2","40.085406","-75.037359","1500","6","0","0","0","1","0","0","0","0","","0","0","0","14","1","1","","1","0","40 05:07.463","","0","75 02:14.492","3","0","0","0","67301","0","0","0","N","0","0","0","2","67301","0","","1.0","","1","N","N","N","0","","1","0","0","3","2","","1441","2","1","0","0","0","0","0","2","1","2","0","0","0","3","03","","N","","","","","","","","","",""