"CRN","ARRIVAL_TM","AUTOMOBILE_COUNT","BELTED_DEATH_COUNT","BELTED_SUSP_SERIOUS_INJ_COUNT","BICYCLE_COUNT","BICYCLE_DEATH_COUNT","BICYCLE_SUSP_SERIOUS_INJ_COUNT","BUS_COUNT","CHLDPAS_DEATH_COUNT","CHLDPAS_SUSP_SERIOUS_INJ_COUNT","COLLISION_TYPE","COMM_VEH_COUNT","CONS_ZONE_SPD_LIM","COUNTY","CRASH_MONTH","CRASH_YEAR","DAY_OF_WEEK","DEC_LATITUDE","DEC_LONGITUDE","DISPATCH_TM","DISTRICT","DRIVER_COUNT_16YR","DRIVER_COUNT_17YR","DRIVER_COUNT_18YR","DRIVER_COUNT_19YR","DRIVER_COUNT_20YR","DRIVER_COUNT_50_64YR","DRIVER_COUNT_65_74YR","DRIVER_COUNT_75PLUS","EST_HRS_CLOSED","FATAL_COUNT","HEAVY_TRUCK_COUNT","HORSE_BUGGY_COUNT","HOUR_OF_DAY","ILLUMINATION","INJURY_COUNT","INTERSECTION_RELATED","INTERSECT_TYPE","LANE_CLOSED","LATITUDE","LN_CLOSE_DIR","LOCATION_TYPE","LONGITUDE","MAX_SEVERITY_LEVEL","MCYCLE_DEATH_COUNT","MCYCLE_SUSP_SERIOUS_INJ_COUNT","MOTORCYCLE_COUNT","MUNICIPALITY","NONMOTR_COUNT","NONMOTR_DEATH_COUNT","NONMOTR_SUSP_SERIOUS_INJ_COUNT","NTFY_HIWY_MAINT","PED_COUNT","PED_DEATH_COUNT","PED_SUSP_SERIOUS_INJ_COUNT","PERSON_COUNT","POLICE_AGCY","POSSIBLE_INJ_COUNT","RDWY_SURF_TYPE_CD","RELATION_TO_ROAD","ROADWAY_CLEARED","ROAD_CONDITION","SCH_BUS_IND","SCH_ZONE_IND","SECONDARY_CRASH","SMALL_TRUCK_COUNT","SPEC_JURIS_CD","SUSP_MINOR_INJ_COUNT","SUSP_SERIOUS_INJ_COUNT","SUV_COUNT","TCD_FUNC_CD","TCD_TYPE","TFC_DETOUR_IND","TIME_OF_DAY","TOTAL_UNITS","TOT_INJ_COUNT","UNBELTED_OCC_COUNT","UNB_DEATH_COUNT","UNB_SUSP_SERIOUS_INJ_COUNT","UNK_INJ_DEG_COUNT","UNK_INJ_PER_COUNT","URBAN_RURAL","VAN_COUNT","VEHICLE_COUNT","VULNERABLE_ROAD_USER_COUNT","VULNERABLE_ROAD_USER_DEATH_COUNT","VULNERABLE_ROAD_USER_SER_INJ_COUNT","WEATHER1","WEATHER2","WORKERS_PRES","WORK_ZONE_IND","WORK_ZONE_LOC","WORK_ZONE_TYPE","WZ_CLOSE_DETOUR","WZ_FLAGGER","WZ_LAW_OFFCR_IND","WZ_LN_CLOSURE","WZ_MOVING","WZ_OTHER","WZ_SHLDER_MDN","WZ_WORKERS_INJ_KILLED"
"2021121655","1750","1","0","0","0","0","0","0","0","0","4","0","","67","12","2021","7","39.956963","-75.225502","1747","6","0","0","0","0","0","0","0","0","","0","0","0","17","3","1","","1","0","39 57:25.067","","0","75 13:31.807","3","0","0","0","67301","0","0","0","N","0","0","0","1","67301","0","","1.0","","9","N","N","Y","0","","1","0","2","3","2","","1745","3","1","0","0","0","0","0","2","0","3","0","0","0","7","","","N","","","","","","","","","",""
"2021122092","2225","1","0","0","0","0","0","0","0","0","1","1","","67","12","2021","7","40.01384","-75.12598","2225","6","0","0","0","1","0","0","0","0","","0","1","0","21","3","0","","1","0","40 00:49.824","","0","75 07:33.527","0","0","0","0","67301","0","0","0","N","0","0","0","2","67301","0","","1.0","","9","N","N","N","0","","0","0","0","3","2","","2118","2","0","0","0","0","0","0","2","0","2","0","0","0","7","","","N","","","","","","","","","",""
"2021108337","1620","1","0","0","0","0","0","1","0","0","4","1","","67","10","2021","4","39.957931","-75.164145","1620","6","0","0","0","0","0","1","0","0","","0","0","0","16","1","1","","5","0","39 57:28.550","","8","75 09:50.921","3","0","0","0","67301","0","0","0","N","0","0","0","2","67301","0","","1.0","","1","N","N","N","0","","1","0","0","3","2","","1615","2","1","0","0","0","0","0","2","0","2","0","0","0","3","03","","N","","","","","","","","","",""
"2021120810","1040","1","0","0","0","0","0","0","0","0","5","0","","67","12","2021","6","40.009729","-75.151017","1030","6","0","0","0","0","1","0","0","0","","0","0","0","21","3","1","N","0","0","40 00:35.024","","0","75 09:03.661","4","0","0","0","67301","0","0","0","N","0","0","0","2","67301","1","","1.0","","1","N","N","N","0","","0","0","1","3","2","","2100","2","1","0","0","0","0","1","2","0","2","0","0","0","3","03","","N","","","","","","","","","",""
"2021107848","0145","3","0","0","0","0","0","0","0","0","4","0","","67","11","2021","2","39.988247","-75.131478","0140","6","0","0","0","0","0","0","0","0","","0","0","0","1","3","0","N","0","1","39 59:17.690","1","0","75 07:53.320","0","0","0","0","67301","0","0","0","N","0","0","0","1","67301","0","","1.0","200.0","1","N","N","N","0","","0","0","0","0","0","N","130","3","0","0","0","0","0","0","2","0","3","0","0","0","3","03","","N","","","","","","","","","",""
"2021110018","0000","1","0","0","0","0","0","0","0","0","5","0","","67","11","2021","7","39.968046","-75.190299","2344","6","0","0","0","0","0","1","0","0","","0","0","0","23","3","0","N","0","0","39 58:04.966","","0","75 11:25.077","0","0","0","0","67301","0","0","0","N","0","0","0","2","68K01","0","","1.0","","1","N","N","N","0","","0","0","0","0","0","","2344","2","0","0","0","0","0","0","2","1","2","0","0","0","3","","","N","","","","","","","","","",""
"2021107230","1845","2","0","0","0","0","0","0","0","0","4","0","","67","11","2021","3","40.042633","-75.072706","1832","6","0","0","0","0","0","0","0","0","","0","0","0","18","3","0","N","0","0","40 02:33.480","","0","75 04:21.740","9","0","0","0","67301","0","0","0","N","0","0","0","1","67301","0","","4.0","","9","N","N","N","0","","0","0","0","0","0","","1827","2","0","0","0","0","0","1","2","0","2","0","0","0","7","04","","N","","","","","","","","","",""
"2021078308","0815","2","0","0","0","0","0","0","0","0","6","0","","67","8","2021","7","40.070144","-75.155122","0807","6","0","0","0","0","0","0","0","0","","0","0","0","2","3","0","N","0","0","40 04:12.520","","0","75 09:18.440","9","0","0","0","67301","0","0","0","N","0","0","0","1","67301","0","","6.0","","1","N","N","N","0","","0","0","0","0","0","","215","2","0","0","0","0","0","1","2","0","2","0","0","0","3","03","","N","","","","","","","","","",""
"2021103653","2340","1","0","0","0","0","0","0","0","0","4","0","","67","10","2021","5","40.035821","-75.149886","2336","6","0","0","0","0","0","0","0","0","","0","0","0","23","3","1","","2","2","40 02:08.954","7","0","75 08:59.588","4","0","0","0","67301","0","0","0","N","0","0","0","1","67301","1","","1.0","158.0","1","N","N","N","0","","0","0","1","3","2","Y","2336","2","1","0","0","0","0","0","2","0","2","0","0","0","3","","","N","","","","","","","","","",""
"2021083587","1457","1","0","0","0","0","0","0","0","0","4","0","","67","8","2021","1","40.019019","-75.147199","1450","6","0","0","0","0","0","1","0","0","","0","0","0","14","1","0","","1","1","40 01:08.467","1","0","75 08:49.916","9","0","0","0","67301","0","0","0","N","0","0","0","2","67301","0","","1.0","1649.0","1","N","N","N","0","","0","0","1","3","2","N","1410","2","0","0","0","0","0","1","2","0","2","0","0","0","3","","","N","","","","","","","","","",""
"2021101441","0252","1","0","0","0","0","0","0","0","0","7","0","","67","10","2021","7","39.901921","-75.151686","0246","6","0","0","0","0","0","0","0","0","","0","0","0","2","3","1","N","0","1","39 54:06.914","2","0","75 09:06.068","8","0","0","0","67301","0","0","0","N","0","0","0","2","68K01","0","","3.0","322.0","1","N","N","N","0","","0","0","0","0","0","N","245","1","1","0","0","0","1","0","2","0","1","0","0","0","3","03","","N","","","","","","","","","",""
"2021110440","1945","1","0","0","0","0","0","0","0","0","5","0","","67","11","2021","7","40.026223","-75.117508","1931","6","0","0","0","0","0","0","0","0","","0","0","0","19","3","0","N","0","0","40 01:34.404","","0","75 07:03.029","0","0","0","0","67301","0","0","0","N","0","0","0","1","67301","0","","6.0","","1","N","N","N","0","","0","0","1","0","0","","1926","3","0","0","0","0","0","0","2","1","3","0","0","0","3","","","N","","","","","","","","","",""
"2021116410","2115","0","0","0","0","0","0","0","0","0","1","0","","67","11","2021","1","39.8965","-75.25027","2100","6","0","0","0","0","1","0","0","0","","0","0","0","20","3","2","","3","0","39 53:47.399","","6","75 15:00.972","8","0","0","0","67301","0","0","0","N","0","0","0","4","67301","0","","1.0","","1","N","N","N","0","","0","0","1","9","4","","2000","2","2","2","0","0","2","0","2","1","2","0","0","0","3","03","","N","","","","","","","","","",""
"2021110399","2120","1","0","0","0","0","0","0","0","0","4","0","","67","11","2021","4","39.949238","-75.217002","2120","6","0","1","0","0","0","1","0","0","","0","0","0","21","3","0","","1","1","39 56:57.256","6","0","75 13:01.206","0","0","0","0","67301","0","0","0","N","0","0","0","2","67301","0","","1.0","2205.0","1","N","N","Y","0","","0","0","3","3","3","N","2119","4","0","1","0","0","0","0","2","0","4","0","0","0","3","03","","N","","","","","","","","","",""
"2021113796","1919","2","0","0","0","0","0","0","0","0","4","0","","67","11","2021","1","39.911997","-75.150514","1919","6","0","0","0","0","0","0","0","0","","0","0","0","19","3","2","","2","2","39 54:43.190","2","2","75 09:01.850","3","0","0","0","67301","0","0","0","N","0","0","0","2","67301","0","","1.0","2100.0","1","N","N","N","0","","2","0","0","2","2","N","1915","2","2","0","0","0","0","0","2","0","2","0","0","0","3","","","N","","","","","","","","","",""
"2021110741","1959","1","0","0","0","0","0","0","0","0","5","0","","67","11","2021","1","40.041044","-75.029247","1954","6","0","0","0","0","0","0","0","0","","0","0","0","19","3","0","N","0","1","40 02:27.759","2","0","75 01:45.290","0","0","0","0","67301","0","0","0","N","0","0","0","1","67301","0","","6.0","2133.0","1","N","N","N","1","","0","0","1","0","0","N","1945","4","0","0","0","0","0","0","2","1","4","0","0","0","3","","","N","","","","","","","","","",""
"2021075503","0820","1","0","0","0","0","0","0","0","0","7","0","","67","8","2021","6","40.07065","-75.184553","0820","6","0","0","0","0","0","0","0","0","","0","0","0","1","2","0","N","0","0","40 04:14.340","","0","75 11:04.390","0","0","0","0","67301","0","0","0","N","0","0","0","1","67301","0","","4.0","","1","N","N","N","0","","0","0","0","0","0","","100","1","0","0","0","0","0","0","2","0","1","0","0","0","3","03","","N","","","","","","","","","",""
"2021107172","1558","0","0","0","0","0","0","0","0","0","8","0","","67","11","2021","6","40.091571","-75.032458","1541","6","0","0","0","0","0","0","0","0","","0","0","0","15","1","1","Y","0","0","40 05:29.655","","0","75 01:56.847","8","0","0","0","67301","1","0","0","N","1","0","0","2","67301","0","","1.0","","1","N","N","N","0","","0","0","1","0","0","","1540","2","1","0","0","0","1","0","2","0","1","1","0","0","3","03","","N","","","","","","","","","",""
"2021107498","1840","1","0","0","0","0","0","0","0","0","5","1","","67","11","2021","7","40.02639","-75.116358","1829","6","0","0","0","0","0","0","0","0","","0","1","0","18","3","0","N","0","0","40 01:35.005","","0","75 06:58.889","0","0","0","0","67301","0","0","0","N","0","0","0","2","67301","0","","1.0","","1","N","N","N","0","","0","0","0","0","0","","1812","2","0","0","0","0","0","0","2","0","2","0","0","0","3","","","N","","","","","","","","","",""
"2021081632","0125","2","0","0","0","0","0","0","0","0","1","0","","67","8","2021","3","39.952499","-75.14099","0118","6","0","0","0","0","0","0","0","0","","0","0","0","1","3","1","N","0","1","39 57:08.996","1","0","75 08:27.563","3","0","0","0","67301","0","0","0","N","0","0","0","2","68K01","0","","1.0","200.0","1","N","N","N","0","","1","0","0","0","0","N","112","2","1","1","0","0","0","0","2","0","2","0","0","0","3","","","N","","","","","","","","","",""
"2021073831","0631","1","0","0","0","0","0","0","0","0","7","0","","67","8","2021","1","39.983763","-75.208134","0624","6","0","0","0","0","0","0","0","0","","0","0","0","6","1","1","N","0","1","39 59:01.547","4","0","75 12:29.281","8","0","0","0","67301","0","0","0","N","0","0","0","1","68K01","0","","3.0","655.0","9","N","N","N","0","","0","0","0","0","0","N","615","1","1","0","0","0","1","0","2","0","1","0","0","0","4","","","N","","","","","","","","","",""
"2021109785","1015","1","0","0","0","0","0","0","0","0","4","0","","67","11","2021","5","39.986714","-75.172015","1006","6","0","0","0","0","0","1","0","0","","0","0","0","9","1","1","","1","0","39 59:12.170","","0","75 10:19.254","8","0","0","0","67301","0","0","0","N","0","0","0","2","67301","0","","1.0","","1","N","N","N","0","","0","0","1","3","3","","956","2","1","2","0","0","1","0","2","0","2","0","0","0","3","03","","N","","","","","","","","","",""
"2021107778","1654","2","0","0","0","0","0","0","0","0","3","0","","67","10","2021","5","39.996756","-75.115463","1654","6","0","0","0","0","0","0","0","0","","0","0","0","16","1","0","N","1","0","39 59:48.321","","0","75 06:55.666","0","0","0","0","67301","0","0","0","N","0","0","0","1","67301","0","","1.0","","1","N","N","N","0","","0","0","0","3","2","","1654","2","0","0","0","0","0","0","2","0","2","0","0","0","3","03","","N","","","","","","","","","",""
"2021101065","0347","2","0","0","0","0","0","0","0","0","4","0","","67","10","2021","7","39.926764","-75.243208","0327","6","0","0","0","0","0","0","0","0","","0","0","0","3","3","0","N","0","0","39 55:36.350","","0","75 14:35.550","0","0","0","0","67301","0","0","0","N","0","0","0","1","67301","0","","6.0","","1","N","N","N","0","","0","0","0","0","0","","325","2","0","0","0","0","0","0","2","0","2","0","0","0","3","03","","N","","","","","","","","","",""
"2021114667","1735","1","0","0","0","0","0","0","0","0","4","0","","67","11","2021","1","39.948513","-75.205028","1726","6","0","0","0","0","0","0","1","0","","0","0","0","16","3","2","","3","0","39 56:54.646","","0","75 12:18.100","3","0","0","0","67301","0","0","0","N","0","0","0","3","67301","0","","1.0","","1","N","N","N","0","","2","0","1","3","3","","1652","2","2","0","0","0","0","0","2","0","2","0","0","0","3","03","","N","","","","","","","","","",""
"2021115614","2113","4","0","0","0","0","0","0","0","0","6","0","","67","11","2021","6","40.060181","-75.068658","2113","6","0","0","0","0","0","0","0","0","","0","0","0","21","3","1","N","0","1","40 03:36.650","1","0","75 04:07.170","8","0","0","0","67301","0","0","0","N","0","0","0","1","67301","0","","6.0","2225.0","1","N","N","N","0","","0","0","0","0","0","N","2110","4","1","0","0","0","1","0","2","0","4","0","0","0","3","","","N","","","","","","","","","",""
"2021114306","1607","1","0","0","0","0","0","0","0","0","4","0","","67","11","2021","2","40.052316","-75.007986","1605","6","0","0","0","0","0","1","0","0","","0","0","0","16","1","2","","1","0","40 03:08.339","","0","75 00:28.750","4","0","0","0","67301","0","0","0","N","0","0","0","2","67301","1","","1.0","","1","N","N","N","0","","0","0","0","3","2","","1600","2","2","0","0","0","1","0","2","1","2","0","0","0","3","03","","N","","","","","","","","","",""
"2021116412","1626","1","0","0","0","0","0","0","0","0","1","0","","67","11","2021","6","39.976352","-75.133972","1623","6","0","0","0","0","0","0","0","0","","0","0","0","16","1","1","","1","0","39 58:34.867","","0","75 08:02.299","8","0","0","0","67301","0","0","0","N","0","0","0","3","67301","0","","1.0","","1","N","N","N","0","","0","0","1","3","3","","1610","2","1","0","0","0","1","0","2","0","2","0","0","0","3","","","N","","","","","","","","","",""
"2021114860","0953","1","0","0","0","0","0","0","0","0","1","0","","67","11","2021","1","40.058816","-75.131676","0949","6","0","0","0","0","0","1","1","0","","0","0","0","9","1","3","N","3","0","40 03:31.739","","0","75 07:54.035","3","0","0","0","67301","0","0","0","N","0","0","0","4","46102","0","","1.0","","1","N","N","N","0","","3","0","2","0","0","","949","3","3","0","0","0","0","1","2","0","3","0","0","0","3","","","N","","","","","","","","","",""
"2021109766","1206","1","0","0","0","0","0","0","0","0","4","0","","67","11","2021","3","39.97343","-75.160756","1205","6","0","0","0","0","0","0","0","0","","0","0","0","9","1","0","","1","0","39 58:24.348","","0","75 09:38.721","9","0","0","0","67301","0","0","0","N","0","0","0","2","67301","0","","1.0","","1","N","N","Y","0","","0","0","0","3","2","","900","2","0","1","0","0","0","1","2","0","2","0","0","0","3","04","","N","","","","","","","","","",""
"2021107459","2118","1","0","0","0","0","0","0","0","0","8","0","","67","11","2021","7","40.035269","-75.138783","2117","6","0","0","0","0","0","0","0","0","","0","0","0","16","1","1","N","0","0","40 02:06.970","","0","75 08:19.620","3","0","0","0","67301","1","0","0","N","1","0","0","2","67301","0","","1.0","","1","N","N","N","0","","1","0","0","0","0","","1635","2","1","0","0","0","0","0","2","0","1","1","0","0","3","03","","N","","","","","","","","","",""
"2021109128","2305","2","0","0","0","0","0","0","0","0","1","0","","67","10","2021","1","39.987563","-75.20766","2305","6","0","0","1","0","0","0","0","0","","0","0","0","22","3","3","N","0","1","39 59:15.226","3","0","75 12:27.575","8","0","0","0","67301","0","0","0","N","0","0","0","5","68K01","0","","1.0","1150.0","1","N","N","N","0","","0","0","1","0","0","N","2253","3","3","1","0","0","3","2","2","0","3","0","0","0","3","03","","N","","","","","","","","","",""
"2021107713","1712","1","0","0","0","0","0","0","0","0","1","0","","67","10","2021","7","39.950445","-75.14116","1712","6","0","0","0","0","0","1","0","0","","0","0","0","17","1","0","N","0","0","39 57:01.603","","0","75 08:28.177","0","0","0","0","67301","0","0","0","N","0","0","0","2","68K01","0","","1.0","","9","N","N","N","1","","0","0","0","0","0","","1707","2","0","0","0","0","0","0","2","0","2","0","0","0","3","","","N","","","","","","","","","",""
"2021107492","0218","1","0","0","0","0","0","0","0","0","7","0","","67","11","2021","1","39.9742","-75.204336","0218","6","0","0","0","0","0","0","0","0","","0","0","0","2","3","0","N","0","1","39 58:27.120","6","0","75 12:15.611","0","0","0","0","67301","0","0","0","N","0","0","0","0","67301","0","","3.0","250.0","1","N","N","N","0","","0","0","0","0","0","N","210","1","0","0","0","0","0","0","2","0","1","0","0","0","3","","","N","","","","","","","","","",""
"2021113465","0845","1","0","0","0","0","0","0","0","0","1","0","","67","11","2021","3","40.045106","-75.149739","0845","6","0","0","0","0","0","0","0","0","","0","0","0","5","1","1","Y","0","0","40 02:42.380","","0","75 08:59.060","8","0","0","0","67301","0","0","0","N","0","0","0","5","67301","0","","1.0","","1","N","N","N","0","","0","0","1","3","2","","550","2","1","0","0","0","1","4","2","0","2","0","0","0","3","03","","N","","","","","","","","","",""
"2021123463","0215","1","0","0","0","0","0","0","0","0","8","0","","67","11","2021","1","39.996718","-75.115468","0212","6","0","0","0","0","0","0","0","0","","0","0","0","2","3","1","","1","0","39 59:48.185","","0","75 06:55.684","3","0","0","0","67301","1","0","0","N","1","0","0","2","67301","0","","1.0","","1","N","N","N","0","","1","0","0","3","2","","210","2","1","0","0","0","0","0","2","0","1","1","0","0","3","03","","N","","","","","","","","","",""
"2021115726","0039","2","0","0","0","0","0","0","0","0","5","0","","67","11","2021","1","39.968806","-75.232444","0036","6","0","0","0","0","0","0","0","0","","0","0","0","0","3","0","N","0","0","39 58:07.700","","0","75 13:56.800","0","0","0","0","67301","0","0","0","N","0","0","0","1","67301","0","","6.0","","1","N","N","N","0","","0","0","0","0","0","","30","2","0","0","0","0","0","0","2","0","2","0","0","0","3","03","","N","","","","","","","","","",""
"2021113275","0808","0","0","0","0","0","0","0","0","0","8","0","","67","11","2021","7","40.017987","-75.133566","0807","6","0","0","0","0","0","0","0","0","","0","0","0","7","5","1","","1","0","40 01:04.753","","0","75 08:00.837","2","0","0","0","67301","1","0","1","N","1","0","1","2","67301","0","","1.0","","1","N","N","N","0","","0","1","0","3","3","","715","2","1","0","0","0","0","1","2","0","1","1","0","1","3","03","","N","","","","","","","","","",""
"2021109743","0300","1","0","0","0","0","0","0","0","0","8","0","","67","11","2021","3","40.023758","-75.186722","0300","6","0","0","0","0","0","0","0","0","","0","0","0","2","3","1","N","0","0","40 01:25.530","","0","75 11:12.200","8","0","0","0","67301","1","0","0","N","1","0","0","2","67301","0","","1.0","","1","N","Y","N","0","","0","0","0","0","0","","245","2","1","0","0","0","1","0","2","0","1","1","0","0","3","03","","N","","","","","","","","","",""
"2021115899","1656","2","0","0","0","0","0","0","0","0","5","0","","67","11","2021","7","40.048693","-75.002454","1651","6","0","0","0","0","0","0","0","0","","0","0","0","16","3","1","","2","1","40 02:55.294","5","2","75 00:08.836","8","0","0","0","67301","0","0","0","N","0","0","0","2","67301","0","","1.0","1710.0","1","N","N","N","0","","0","0","0","0","0","N","1645","2","1","0","0","0","1","1","2","0","2","0","0","0","3","03","","N","","","","","","","","","",""
"2021114740","0206","1","0","0","0","0","0","0","0","0","7","0","","67","11","2021","6","39.986843","-75.090906","0153","6","0","0","1","0","0","0","0","0","","0","0","0","1","3","2","N","0","1","39 59:12.633","1","0","75 05:27.263","4","0","0","0","67301","0","0","0","N","0","0","0","2","68K01","2","","4.0","208.0","1","N","N","N","0","","0","0","0","0","0","N","148","1","2","0","0","0","0","0","2","0","1","0","0","0","3","","","N","","","","","","","","","",""
"2021112730","1735","1","0","0","0","0","0","0","0","0","5","0","","67","11","2021","5","40.041053","-75.179119","1730","6","0","0","0","0","0","0","0","0","","0","0","0","17","4","1","","2","0","40 02:27.792","","0","75 10:44.829","3","0","0","0","67301","0","0","0","N","0","0","0","3","67301","0","","1.0","","1","N","N","N","0","","1","0","0","0","0","","1713","2","1","2","0","0","0","0","2","0","2","0","0","0","3","","","N","","","","","","","","","",""
"2021113177","1035","0","0","0","0","0","0","0","0","0","5","0","","67","11","2021","6","39.96742","-75.179575","1030","6","0","0","0","0","1","0","0","0","","0","0","0","9","1","0","","1","0","39 58:02.712","","0","75 10:46.469","0","0","0","0","67301","0","0","0","N","0","0","0","2","67301","0","","1.0","","1","N","N","N","0","","0","0","2","3","1","","930","2","0","0","0","0","0","0","2","0","2","0","0","0","3","03","","N","","","","","","","","","",""
"2021111376","0050","2","0","0","0","0","0","0","0","0","5","0","","67","11","2021","3","39.963253","-75.154272","0050","6","0","0","0","0","0","0","0","0","","0","0","0","0","3","0","N","0","2","39 57:47.710","4","0","75 09:15.380","0","0","0","0","67301","0","0","0","N","0","0","0","1","67301","0","","6.0","130.0","1","N","N","N","0","","0","0","2","0","0","Y","49","4","0","1","0","0","0","0","2","0","4","0","0","0","3","03","","N","","","","","","","","","",""
"2021114152","0737","0","0","0","0","0","0","0","0","0","8","0","","67","11","2021","2","40.026133","-75.211089","0732","6","0","0","0","0","0","1","0","0","","0","0","0","7","1","1","","1","0","40 01:34.078","","0","75 12:39.920","2","0","0","0","67301","1","0","1","N","1","0","1","2","67301","0","","1.0","","9","N","N","N","1","","0","1","0","3","3","","731","2","1","0","0","0","0","0","2","0","1","1","0","1","3","07","","N","","","","","","","","","",""
"2021109246","1445","0","0","0","0","0","0","0","0","0","8","0","","67","11","2021","4","40.034963","-75.173674","1445","6","0","0","0","0","0","1","0","0","","0","0","0","13","1","1","N","0","0","40 02:05.866","","0","75 10:25.228","2","0","0","0","67301","1","0","1","N","1","0","1","2","67301","0","","1.0","","1","N","N","N","0","","0","1","0","0","0","","1352","2","1","0","0","0","0","0","2","1","1","1","0","1","3","03","","N","","","","","","","","","",""
"2021114586","0635","2","0","0","0","0","0","0","0","0","5","0","","67","11","2021","1","39.921144","-75.193801","0628","6","0","0","0","0","0","0","0","0","","0","0","0","6","5","0","","1","0","39 55:16.119","","0","75 11:37.683","0","0","0","0","67301","0","0","0","N","0","0","0","2","67301","0","","1.0","","1","N","N","N","0","","0","0","0","3","2","","620","2","0","0","0","0","0","0","2","0","2","0","0","0","3","03","","N","","","","","","","","","",""
"2021114764","0055","1","0","0","0","0","0","0","0","0","5","0","","67","11","2021","2","39.983168","-75.098711","0042","6","0","0","0","0","0","0","0","0","","0","0","0","0","3","1","","7","1","39 58:59.403","2","2","75 05:55.361","3","0","0","0","67301","0","0","0","N","0","0","0","1","68K01","0","","7.0","125.0","1","N","N","N","2","","1","0","0","0","0","N","40","3","1","0","0","0","0","0","2","0","3","0","0","0","3","","","N","","","","","","","","","",""
"2021123080","","1","0","1","0","0","0","0","0","0","5","0","","67","11","2021","7","39.970146","-75.237445","","6","0","0","0","0","0","0","0","0","","0","0","0","3","3","1","N","0","0","39 58:12.525","","0","75 14:14.802","2","0","0","0","67301","0","0","0","N","0","0","0","2","00000","0","","1.0","","1","N","N","N","0","","0","1","0","0","0","","300","2","1","0","0","0","0","0","2","0","2","0","0","0","3","","","N","","","","","","","","","",""
"2021116331","1806","0","0","0","0","0","0","0","0","0","5","0","","67","11","2021","6","39.945164","-75.177725","1804","6","0","0","0","0","0","1","0","0","","0","0","0","17","3","1","N","0","0","39 56:42.590","","0","75 10:39.810","3","0","0","0","67301","0","0","0","N","0","0","0","2","67301","0","","6.0","","1","N","N","N","0","","1","0","2","0","0","","1743","2","1","2","0","0","0","0","2","0","2","0","0","0","3","03","","N","","","","","","","","","",""
"2021109860","1020","0","0","0","0","0","0","0","0","0","1","0","","67","11","2021","4","39.974147","-75.241881","1018","6","0","0","0","0","0","0","0","0","","0","0","0","10","1","1","N","0","0","39 58:26.930","","0","75 14:30.770","3","0","0","0","67301","0","0","0","N","0","0","0","1","67301","0","","6.0","","1","N","N","N","0","","1","0","2","0","0","","1015","2","1","0","0","0","0","0","2","0","2","0","0","0","3","","","N","","","","","","","","","",""
"2021113547","1703","0","0","0","0","0","0","0","0","0","4","0","","67","11","2021","1","40.04727","-75.167746","1700","6","0","0","0","0","0","1","0","0","","0","0","0","16","3","1","","1","2","40 02:50.173","7","0","75 10:03.884","3","0","0","0","67301","0","0","0","N","0","0","0","3","67301","0","","1.0","1810.0","1","N","N","N","1","","1","0","1","3","2","Y","1654","2","1","0","0","0","0","0","2","0","2","0","0","0","3","03","","N","","","","","","","","","",""
"2021107711","1200","1","0","0","0","0","0","0","0","0","4","0","","67","10","2021","5","39.898667","-75.180099","1145","6","0","0","0","0","0","0","0","0","","0","0","0","11","1","4","N","0","1","39 53:55.201","1","0","75 10:48.358","3","0","0","0","67301","0","0","0","Y","0","0","0","5","68K01","0","","1.0","1245.0","1","N","N","N","0","","4","0","1","0","0","N","1145","2","4","0","0","0","0","1","2","0","2","0","0","0","3","","","N","","","","","","","","","",""
"2021108927","0907","3","0","0","0","0","0","0","0","0","4","0","","67","11","2021","4","40.001422","-75.151546","0900","6","0","0","0","0","0","0","0","0","","0","0","0","8","1","2","","1","1","40 00:05.120","6","0","75 09:05.565","8","0","0","0","67301","0","0","0","N","0","0","0","4","67505","0","","1.0","955.0","1","N","N","Y","0","","0","0","0","3","3","Y","855","3","2","0","0","0","2","1","2","0","3","0","0","0","3","03","","N","","","","","","","","","",""
"2021112762","1656","0","0","0","0","0","0","0","0","0","4","0","","67","11","2021","5","39.899402","-75.17478","1656","6","0","0","0","0","0","1","0","0","","0","0","0","14","1","0","","1","0","39 53:57.846","","2","75 10:29.207","9","0","0","0","67301","0","0","0","N","0","0","0","2","67301","0","","1.0","","1","N","N","N","0","","0","0","1","3","2","","1400","2","0","2","0","0","0","1","2","1","2","0","0","0","3","","","N","","","","","","","","","",""
"2021114324","1855","2","0","0","0","0","0","0","0","0","5","0","","67","11","2021","2","39.909928","-75.185064","1852","6","0","0","0","0","0","0","0","0","","0","0","0","18","3","1","N","0","0","39 54:35.740","","0","75 11:06.230","3","0","0","0","67301","0","0","0","N","0","0","0","1","67301","0","","6.0","","1","N","N","N","0","","1","0","1","0","0","","1849","3","1","1","0","0","0","0","2","0","3","0","0","0","3","03","","N","","","","","","","","","",""
"2021112715","1950","0","0","0","0","0","0","0","0","0","1","0","","67","11","2021","3","39.960946","-75.247088","1950","6","0","0","0","0","0","1","0","0","","0","0","0","19","3","6","N","0","0","39 57:39.407","","0","75 14:49.518","3","0","0","0","67301","0","0","0","N","0","0","0","8","67301","0","","1.0","","1","N","N","N","0","","6","0","2","0","0","","1950","2","6","1","0","0","0","1","2","0","2","0","0","0","3","04","","N","","","","","","","","","",""
"2021115280","1358","1","0","0","0","0","0","0","0","0","2","0","","67","11","2021","2","40.026031","-75.199607","1353","6","0","0","0","0","0","2","0","0","","0","0","0","13","1","4","N","0","1","40 01:33.710","5","0","75 11:58.586","8","0","0","0","67301","0","0","0","N","0","0","0","5","67301","0","","1.0","1418.0","1","N","N","N","0","","0","0","2","0","0","N","1353","3","4","1","0","0","4","1","2","0","3","0","0","0","3","03","","N","","","","","","","","","",""