"CRN","ARRIVAL_TM","AUTOMOBILE_COUNT","BELTED_DEATH_COUNT","BELTED_SUSP_SERIOUS_INJ_COUNT","BICYCLE_COUNT","BICYCLE_DEATH_COUNT","BICYCLE_SUSP_SERIOUS_INJ_COUNT","BUS_COUNT","CHLDPAS_DEATH_COUNT","CHLDPAS_SUSP_SERIOUS_INJ_COUNT","COLLISION_TYPE","COMM_VEH_COUNT","CONS_ZONE_SPD_LIM","COUNTY","CRASH_MONTH","CRASH_YEAR","DAY_OF_WEEK","DEC_LATITUDE","DEC_LONGITUDE","DISPATCH_TM","DISTRICT","DRIVER_COUNT_16YR","DRIVER_COUNT_17YR","DRIVER_COUNT_18YR","DRIVER_COUNT_19YR","DRIVER_COUNT_20YR","DRIVER_COUNT_50_64YR","DRIVER_COUNT_65_74YR","DRIVER_COUNT_75PLUS","EST_HRS_CLOSED","FATAL_COUNT","HEAVY_TRUCK_COUNT","HORSE_BUGGY_COUNT","HOUR_OF_DAY","ILLUMINATION","INJURY_COUNT","INTERSECTION_RELATED","INTERSECT_TYPE","LANE_CLOSED","LATITUDE","LN_CLOSE_DIR","LOCATION_TYPE","LONGITUDE","MAX_SEVERITY_LEVEL","MCYCLE_DEATH_COUNT","MCYCLE_SUSP_SERIOUS_INJ_COUNT","MOTORCYCLE_COUNT","MUNICIPALITY","NONMOTR_COUNT","NONMOTR_DEATH_COUNT","NONMOTR_SUSP_SERIOUS_INJ_COUNT","NTFY_HIWY_MAINT","PED_COUNT","PED_DEATH_COUNT","PED_SUSP_SERIOUS_INJ_COUNT","PERSON_COUNT","POLICE_AGCY","POSSIBLE_INJ_COUNT","RDWY_SURF_TYPE_CD","RELATION_TO_ROAD","ROADWAY_CLEARED","ROAD_CONDITION","SCH_BUS_IND","SCH_ZONE_IND","SECONDARY_CRASH","SMALL_TRUCK_COUNT","SPEC_JURIS_CD","SUSP_MINOR_INJ_COUNT","SUSP_SERIOUS_INJ_COUNT","SUV_COUNT","TCD_FUNC_CD","TCD_TYPE","TFC_DETOUR_IND","TIME_OF_DAY","TOTAL_UNITS","TOT_INJ_COUNT","UNBELTED_OCC_COUNT","UNB_DEATH_COUNT","UNB_SUSP_SERIOUS_INJ_COUNT","UNK_INJ_DEG_COUNT","UNK_INJ_PER_COUNT","URBAN_RURAL","VAN_COUNT","VEHICLE_COUNT","VULNERABLE_ROAD_USER_COUNT","VULNERABLE_ROAD_USER_DEATH_COUNT","VULNERABLE_ROAD_USER_SER_INJ_COUNT","WEATHER1","WEATHER2","WORKERS_PRES","WORK_ZONE_IND","WORK_ZONE_LOC","WORK_ZONE_TYPE","WZ_CLOSE_DETOUR","WZ_FLAGGER","WZ_LAW_OFFCR_IND","WZ_LN_CLOSURE","WZ_MOVING","WZ_OTHER","WZ_SHLDER_MDN","WZ_WORKERS_INJ_KILLED"
"2021114665","0725","0","0","0","0","0","0","0","0","0","4","0","","67","11","2021","4","40.026943","-75.209429","0720","6","0","0","0","0","0","1","0","0","","0","0","0","6","1","0","","1","0","40 01:36.995","","0","75 12:33.945","0","0","0","0","67301","0","0","0","N","0","0","0","2","67301","0","","1.0","","1","N","N","N","1","","0","0","1","3","2","","657","2","0","0","0","0","0","0","2","0","2","0","0","0","3","","","N","","","","","","","","","",""
"2021115277","1042","1","0","0","0","0","0","0","0","0","4","0","","67","11","2021","3","40.038304","-75.075365","1037","6","0","0","0","0","0","1","1","0","","0","0","0","10","1","2","","1","0","40 02:17.896","","0","75 04:31.313","3","0","0","0","67301","0","0","0","N","0","0","0","2","67301","1","","1.0","","1","N","N","N","0","","1","0","1","2","2","","1035","2","2","0","0","0","0","0","2","0","2","0","0","0","3","03","","N","","","","","","","","","",""
"2021114020","1820","0","0","0","0","0","0","0","0","0","8","0","","67","11","2021","1","39.977085","-75.158135","1811","6","0","0","0","0","0","0","0","0","","0","0","0","18","3","1","N","0","0","39 58:37.506","","0","75 09:29.285","3","0","0","0","67301","1","0","0","N","1","0","0","2","67301","0","","1.0","","1","N","N","N","0","","1","0","0","0","0","","1805","2","1","0","0","0","0","0","2","0","1","1","0","0","3","03","","N","","","","","","","","","",""
"2021110496","1625","1","0","0","0","0","0","0","0","0","2","0","","67","11","2021","7","40.002888","-75.187263","1612","6","0","0","0","0","0","0","0","0","","0","0","0","15","1","1","","1","0","40 00:10.396","","0","75 11:14.148","3","0","0","0","67301","0","0","0","N","0","0","0","2","67301","0","","1.0","","1","N","N","N","0","","1","0","1","0","0","","1545","2","1","0","0","0","0","0","2","0","2","0","0","0","3","03","","N","","","","","","","","","",""
"2021115278","0545","1","0","0","0","0","0","0","0","0","2","0","","67","9","2021","3","40.042426","-75.226288","0543","6","0","0","0","0","0","0","0","0","","0","0","0","5","3","1","","2","1","40 02:32.735","1","0","75 13:34.636","3","0","0","0","67301","0","0","0","N","0","0","0","3","67301","0","","1.0","600.0","1","N","N","N","0","","1","0","2","3","2","N","542","3","1","1","0","0","0","1","2","0","3","0","0","0","3","","","N","","","","","","","","","",""
"2021097534","1813","0","0","0","0","0","0","0","0","0","6","0","","67","10","2021","4","40.004667","-75.151861","1811","6","0","0","0","0","0","0","0","0","","0","0","0","18","1","1","N","0","0","40 00:16.800","","0","75 09:06.700","3","0","0","0","67301","0","0","0","N","0","0","0","1","67505","0","","6.0","","1","N","N","N","0","","1","0","3","0","0","","1807","3","1","0","0","0","0","0","2","0","3","0","0","0","3","03","","N","","","","","","","","","",""
"2021089939","1751","1","0","0","0","0","0","0","0","0","4","0","","67","9","2021","5","39.984408","-75.15441","1750","6","0","0","0","0","0","0","1","0","","0","0","0","17","1","0","","1","0","39 59:03.868","","0","75 09:15.876","9","0","0","0","67301","0","0","0","N","0","0","0","2","67301","0","","1.0","","9","N","N","N","0","","0","0","1","3","2","","1746","2","0","0","0","0","0","1","2","0","2","0","0","0","7","07","","N","","","","","","","","","",""
"2021097940","1940","1","0","0","0","0","0","0","0","0","8","0","","67","10","2021","4","39.944662","-75.165226","1930","6","0","0","0","0","0","0","0","0","","0","0","0","18","1","1","","1","0","39 56:40.784","","0","75 09:54.813","8","0","0","0","67301","1","0","0","N","0","0","0","2","67301","0","","1.0","","1","N","N","N","0","","0","0","0","3","2","","1800","2","1","0","0","0","1","1","2","0","1","1","0","0","3","","","N","","","","","","","","","",""
"2021096425","1727","0","0","0","0","0","0","0","0","0","1","0","","67","9","2021","4","39.975549","-75.115523","1654","6","0","0","0","0","0","1","0","0","","0","0","0","16","1","0","N","0","0","39 58:31.975","","0","75 06:55.881","0","0","0","0","67301","0","0","0","N","0","0","0","3","68K01","0","","1.0","","1","N","N","N","1","","0","0","1","0","0","","1651","2","0","0","0","0","0","0","2","0","2","0","0","0","4","","","N","","","","","","","","","",""
"2021115021","1300","0","0","0","0","0","0","0","0","0","4","0","","67","11","2021","4","39.981635","-75.132839","1259","6","0","0","0","0","0","1","0","0","","0","0","0","12","1","1","","1","0","39 58:53.885","","1","75 07:58.220","3","0","0","0","67301","0","0","0","N","0","0","0","2","67301","0","","1.0","","1","N","N","N","1","","1","0","1","3","2","","1259","2","1","0","0","0","0","1","2","0","2","0","0","0","3","","","N","","","","","","","","","",""
"2021126740","2148","1","0","0","0","0","0","0","0","0","1","0","","67","11","2021","1","39.9954","-75.197571","2147","6","0","0","0","0","0","0","0","0","","0","0","0","21","3","0","N","0","0","39 59:43.441","","0","75 11:51.257","9","0","0","0","67301","0","0","0","N","0","0","0","2","68K01","0","","1.0","","1","N","N","N","0","","0","0","0","0","0","","2145","2","0","0","0","0","0","1","2","0","2","0","0","0","3","","","N","","","","","","","","","",""
"2021111712","2118","2","0","0","0","0","0","0","0","0","6","0","","67","11","2021","5","39.949278","-75.242286","2113","6","0","0","0","0","0","0","0","0","","0","0","0","20","3","0","N","0","0","39 56:57.400","","0","75 14:32.230","9","0","0","0","67301","0","0","0","N","0","0","0","1","67301","0","","6.0","","1","N","N","N","0","","0","0","2","0","0","","2050","4","0","0","0","0","0","1","2","0","4","0","0","0","3","","","N","","","","","","","","","",""
"2021077862","0137","1","0","0","0","0","0","0","0","0","1","0","","67","8","2021","5","40.023609","-75.179335","0137","6","0","0","0","0","0","1","0","0","","0","0","0","19","1","2","Y","0","0","40 01:24.991","","0","75 10:45.607","3","0","0","0","67301","0","0","0","N","0","0","0","3","67301","0","","1.0","","1","N","N","N","0","","2","0","1","3","2","","1918","2","2","0","0","0","0","1","2","0","2","0","0","0","3","","","N","","","","","","","","","",""
"2021117578","2036","2","0","0","0","0","0","0","0","0","1","0","","67","11","2021","4","40.007215","-75.213792","2034","6","0","0","0","0","0","0","0","0","","0","0","0","20","3","1","","1","1","40 00:25.975","2","0","75 12:49.652","3","0","0","0","67301","0","0","0","N","0","0","0","2","46104","0","","1.0","20.0","1","N","N","N","0","","1","0","0","3","2","N","2034","2","1","0","0","0","0","0","2","0","2","0","0","0","3","","","N","","","","","","","","","",""
"2021114115","0251","1","0","0","0","0","0","0","0","0","1","0","","67","11","2021","2","40.075042","-75.046016","0251","6","0","0","0","0","0","0","0","0","","0","0","0","2","3","1","","3","0","40 04:30.150","","0","75 02:45.657","3","0","0","0","67301","0","0","0","N","0","0","0","2","67301","0","","1.0","","9","N","N","N","0","","1","0","0","3","2","","251","2","1","0","0","0","0","1","2","0","2","0","0","0","7","07","","N","","","","","","","","","",""
"2021114971","1325","1","0","0","0","0","0","0","0","0","5","0","","67","11","2021","3","40.006814","-75.193297","1305","6","0","0","0","0","0","1","0","0","","0","0","0","13","1","0","N","0","0","40 00:24.532","","0","75 11:35.869","0","0","0","0","67301","0","0","0","N","0","0","0","2","67301","0","","1.0","","1","N","N","N","0","","0","0","1","0","0","","1302","2","0","0","0","0","0","0","2","0","2","0","0","0","3","03","","N","","","","","","","","","",""
"2021113343","0751","0","0","0","0","0","0","0","0","0","7","0","","67","11","2021","1","40.026861","-75.086114","0751","6","0","0","0","0","0","0","0","0","","0","0","0","7","5","0","N","0","0","40 01:36.700","","0","75 05:10.010","0","0","0","0","67301","0","0","0","N","0","0","0","1","67301","0","","4.0","","1","N","N","N","0","","0","0","0","0","0","","751","1","0","0","0","0","0","0","2","1","1","0","0","0","3","","","N","","","","","","","","","",""
"2021113561","1630","1","0","0","0","0","0","0","0","0","5","0","","67","11","2021","6","39.91665","-75.191644","1630","6","0","0","0","0","0","0","0","0","","0","0","0","12","1","0","N","0","1","39 54:59.941","2","0","75 11:29.920","0","0","0","0","67301","0","0","0","N","0","0","0","2","67301","0","","1.0","1300.0","1","N","N","N","0","","0","0","1","0","0","Y","1230","2","0","0","0","0","0","0","2","0","2","0","0","0","3","","","N","","","","","","","","","",""
"2021110149","1635","1","0","0","0","0","0","0","0","0","4","0","","67","11","2021","6","40.095074","-75.027716","1630","6","0","0","0","0","0","1","0","0","","0","0","0","16","1","0","","2","0","40 05:42.266","","0","75 01:39.777","0","0","0","0","67301","0","0","0","N","0","0","0","2","67301","0","","1.0","","1","N","N","N","0","","0","0","1","0","0","","1600","2","0","0","0","0","0","0","2","0","2","0","0","0","3","03","","N","","","","","","","","","",""
"2021114634","2024","1","0","0","0","0","0","0","0","0","4","0","","67","11","2021","3","39.948264","-75.227311","2024","6","0","0","0","0","0","0","0","0","","0","0","0","20","3","0","","2","0","39 56:53.750","","0","75 13:38.321","0","0","0","0","67301","0","0","0","N","0","0","0","2","67301","0","","1.0","","1","N","N","N","0","","0","0","0","3","3","","2020","2","0","0","0","0","0","0","2","1","2","0","0","0","3","03","","N","","","","","","","","","",""
"2021109977","0657","1","0","0","0","0","0","0","0","0","1","0","","67","10","2021","3","39.933391","-75.199988","0642","6","0","0","0","0","0","0","0","0","","0","0","0","6","3","0","N","0","0","39 56:00.208","","0","75 11:59.958","9","0","0","0","67301","0","0","0","N","0","0","0","2","68K01","0","","1.0","","9","N","N","N","0","","0","0","0","0","0","","640","2","0","0","0","0","0","1","2","0","2","0","0","0","4","01","","N","","","","","","","","","",""
"2021107496","1242","1","0","0","0","0","0","0","0","0","1","0","","67","11","2021","7","39.998856","-75.119189","1238","6","0","0","0","0","0","0","0","0","","0","1","0","12","1","1","N","0","0","39 59:55.880","","0","75 07:09.080","3","0","0","0","67301","0","0","0","N","0","0","0","1","67301","0","","1.0","","1","N","N","N","0","","1","0","0","0","0","","1238","2","1","0","0","0","0","0","2","0","2","0","0","0","3","","","N","","","","","","","","","",""
"2021112092","1037","1","0","0","0","0","0","0","0","0","8","0","","67","11","2021","4","39.9481","-75.154206","1037","6","0","0","0","0","0","0","0","0","","0","0","0","10","1","1","","1","2","39 56:53.161","2","0","75 09:15.143","3","0","0","0","67301","1","0","0","N","1","0","0","2","67301","0","","1.0","1110.0","1","N","N","N","0","","1","0","0","3","2","Y","1035","2","1","0","0","0","0","0","2","0","1","1","0","0","3","03","","N","","","","","","","","","",""
"2021115111","1824","1","0","0","0","0","0","0","0","0","4","0","","67","11","2021","4","40.029978","-75.211294","1820","6","0","0","0","0","0","0","0","0","","0","0","0","18","3","1","","1","0","40 01:47.922","","0","75 12:40.658","3","0","0","1","67301","0","0","0","N","0","0","0","3","67301","0","","1.0","","1","N","N","N","0","","1","0","0","3","2","","1819","2","1","0","0","0","0","0","2","0","2","0","0","0","3","03","","N","","","","","","","","","",""
"2021114392","1557","1","0","0","0","0","0","0","0","0","4","0","","67","11","2021","3","40.031825","-75.04642","1552","6","0","0","0","0","0","0","0","0","","0","0","0","15","1","0","","1","0","40 01:54.570","","0","75 02:47.112","9","0","0","1","67301","0","0","0","N","0","0","0","3","67301","0","","1.0","","1","N","N","N","0","","0","0","0","3","3","","1532","2","0","0","0","0","0","1","2","0","2","0","0","0","3","","","N","","","","","","","","","",""
"2021109803","0835","2","0","0","0","0","0","0","0","0","4","0","","67","11","2021","6","39.960785","-75.142391","0831","6","0","0","0","0","0","1","0","0","","0","0","0","8","1","2","","2","1","39 57:38.825","4","0","75 08:32.608","3","0","0","0","67301","0","0","0","N","0","0","0","2","67301","0","","1.0","910.0","9","N","N","N","0","","2","0","1","0","0","N","810","3","2","0","0","0","0","0","2","0","3","0","0","0","4","07","","N","","","","","","","","","",""
"2021109700","2332","4","0","0","0","0","0","0","0","0","5","0","","67","11","2021","5","40.104832","-75.033546","2324","6","0","0","0","0","0","0","0","0","","0","0","0","23","3","0","N","0","0","40 06:17.394","","0","75 02:00.767","0","0","0","0","67301","0","0","0","N","0","0","0","1","67301","0","","6.0","","1","N","N","N","0","","0","0","0","0","0","","2315","4","0","0","0","0","0","0","2","0","4","0","0","0","3","03","","N","","","","","","","","","",""
"2021109456","0729","0","0","0","0","0","0","0","0","0","4","0","","67","11","2021","5","40.067302","-75.059227","0719","6","0","0","0","0","0","0","1","0","","0","0","0","7","1","1","","1","0","40 04:02.287","","0","75 03:33.217","8","0","0","0","67301","0","0","0","N","0","0","0","2","67301","0","","1.0","","1","N","N","N","0","","0","0","2","3","3","","718","2","1","0","0","0","1","0","2","0","2","0","0","0","3","03","","N","","","","","","","","","",""
"2021110453","0445","1","0","0","0","0","0","0","0","0","7","0","","67","11","2021","7","40.005123","-75.152029","0439","6","0","0","0","0","0","0","0","0","","0","0","0","4","3","0","N","0","2","40 00:18.444","1","0","75 09:07.304","0","0","0","0","67301","0","0","0","N","0","0","0","2","67301","0","","4.0","630.0","1","N","N","N","0","","0","0","0","0","0","Y","430","1","0","0","0","0","0","0","2","0","1","0","0","0","3","03","","N","","","","","","","","","",""
"2021112213","2305","2","0","0","0","0","0","0","0","0","4","0","","67","11","2021","6","40.034819","-75.044697","2300","6","0","0","0","0","1","1","0","0","","0","0","0","22","3","3","","1","0","40 02:05.350","","0","75 02:40.909","3","0","0","0","67301","0","0","0","N","0","0","0","3","67301","0","","1.0","","1","N","N","N","0","","3","0","0","3","2","","2238","2","3","0","0","0","0","0","2","0","2","0","0","0","3","03","","N","","","","","","","","","",""
"2021109301","0343","0","0","0","0","0","0","0","0","0","7","0","","67","11","2021","5","40.118758","-75.007192","0241","6","0","0","0","0","0","0","0","0","","0","0","0","2","3","0","N","0","0","40 07:07.530","","0","75 00:25.890","0","0","0","0","67301","0","0","0","N","0","0","0","1","67301","0","","5.0","","1","N","N","N","0","","0","0","1","0","0","","240","1","0","0","0","0","0","0","2","0","1","0","0","0","3","03","","N","","","","","","","","","",""
"2021107733","1351","0","0","0","0","0","0","0","0","0","1","0","","67","11","2021","4","39.942086","-75.193883","1337","6","0","0","0","0","0","1","0","0","","0","0","0","13","1","0","N","0","1","39 56:31.510","4","0","75 11:37.978","0","0","0","0","67301","0","0","0","N","0","0","0","3","68K01","0","","1.0","1456.0","1","N","N","N","0","","0","0","3","0","0","N","1333","3","0","0","0","0","0","0","2","0","3","0","0","0","3","","","N","","","","","","","","","",""
"2021110482","1215","1","0","0","0","0","0","0","0","0","4","0","","67","11","2021","6","39.967697","-75.200473","1208","6","0","0","0","0","0","0","0","0","","0","0","0","12","1","0","","1","0","39 58:03.708","","0","75 12:01.704","0","0","0","0","67301","0","0","0","N","0","0","0","2","67301","0","","1.0","","1","N","N","N","0","","0","0","0","3","3","","1200","2","0","2","0","0","0","0","2","1","2","0","0","0","3","03","","N","","","","","","","","","",""
"2021113257","1857","0","0","0","0","0","0","0","0","0","2","0","","67","11","2021","6","40.095619","-75.016353","1857","6","0","0","0","0","0","1","0","0","","0","0","0","18","3","1","N","0","1","40 05:44.230","3","0","75 00:58.870","3","0","0","0","67301","0","0","0","N","0","0","0","2","67301","0","","1.0","1900.0","1","N","N","N","0","","1","0","2","0","0","N","1800","2","1","0","0","0","0","1","2","0","2","0","0","0","3","","","N","","","","","","","","","",""
"2021107737","1234","1","0","0","0","0","0","0","0","0","2","0","","67","11","2021","5","39.985372","-75.093729","1220","6","0","0","0","0","0","0","0","0","","0","0","0","12","1","1","N","0","2","39 59:07.339","1","0","75 05:37.426","3","0","0","0","67301","0","0","0","N","0","0","0","1","68K01","0","","2.0","1254.0","1","N","N","N","0","","1","0","0","0","0","N","1215","1","1","0","0","0","0","0","2","0","1","0","0","0","3","03","","N","","","","","","","","","",""
"2021110573","1919","1","0","0","0","0","0","0","0","0","4","0","","67","11","2021","6","39.986747","-75.207556","1915","6","0","0","0","0","0","0","0","0","","0","0","0","19","3","0","","1","2","39 59:12.288","4","2","75 12:27.201","0","0","0","0","67301","0","0","0","N","0","0","0","5","68K01","0","","1.0","2015.0","1","N","N","N","0","","0","0","1","3","2","N","1913","2","0","0","0","0","0","0","2","0","2","0","0","0","3","03","","N","","","","","","","","","",""
"2021113297","0411","2","0","0","0","0","0","0","0","0","4","0","","67","11","2021","6","39.979435","-75.225402","0411","6","0","0","0","0","0","1","0","0","","0","0","0","3","3","1","","1","0","39 58:45.965","","0","75 13:31.446","8","0","0","0","67301","0","0","0","N","0","0","0","2","67301","0","","1.0","","1","N","N","N","0","","0","0","0","3","2","","350","2","1","0","0","0","1","1","2","0","2","0","0","0","3","","","N","","","","","","","","","",""
"2021107993","1943","0","0","0","0","0","0","1","0","0","4","1","","67","11","2021","4","40.042896","-75.143783","1933","6","0","0","0","0","0","0","0","0","","0","0","0","19","3","0","","1","0","40 02:34.426","","0","75 08:37.618","0","0","0","0","67301","0","0","0","N","0","0","0","2","67508","0","","1.0","","1","N","N","Y","0","","0","0","1","3","2","","1933","2","0","0","0","0","0","0","2","0","2","0","0","0","3","03","","N","","","","","","","","","",""
"2021110773","0518","1","0","0","0","0","0","0","0","0","4","0","","67","11","2021","6","39.960207","-75.190892","0518","6","0","0","0","1","0","0","0","0","","0","0","0","5","3","3","","1","2","39 57:36.745","7","0","75 11:27.211","3","0","0","0","67301","0","0","0","N","0","0","0","3","67301","0","","1.0","625.0","1","N","N","N","0","","3","0","2","3","2","N","505","3","3","0","0","0","0","0","2","0","3","0","0","0","3","03","","N","","","","","","","","","",""
"2021115900","1734","1","0","0","0","0","0","0","0","0","7","0","","67","11","2021","7","40.065349","-74.982277","1731","6","0","0","0","0","0","2","0","0","","0","0","0","17","3","2","N","0","0","40 03:55.258","","0","74 58:56.196","8","0","0","0","67301","0","0","0","N","0","0","0","4","67301","0","","4.0","","1","N","N","Y","0","","0","0","0","0","0","","1730","2","2","0","0","0","2","0","2","1","2","0","0","0","3","03","","N","","","","","","","","","",""
"2021115332","1448","1","0","0","0","0","0","0","0","0","4","0","","67","11","2021","5","39.984124","-75.188052","1448","6","0","0","0","0","1","1","0","0","","0","0","0","14","1","1","","2","0","39 59:02.847","","0","75 11:16.987","3","0","0","0","67301","0","0","0","N","0","0","0","2","67301","0","","1.0","","1","N","N","N","1","","1","0","2","3","2","","1447","4","1","0","0","0","0","0","2","0","4","0","0","0","3","03","","N","","","","","","","","","",""
"2021120652","1620","2","0","0","0","0","0","0","0","0","5","0","","67","11","2021","4","39.980808","-75.162036","1620","6","0","0","0","0","0","0","0","0","","0","0","0","16","1","0","N","0","0","39 58:50.910","","0","75 09:43.330","0","0","0","0","67301","0","0","0","N","0","0","0","1","67301","0","","6.0","","1","N","N","N","0","","0","0","0","0","0","","1620","2","0","0","0","0","0","0","2","0","2","0","0","0","3","03","","N","","","","","","","","","",""
"2021113521","0632","0","0","0","0","0","0","0","0","0","1","0","","67","11","2021","6","39.998236","-75.195912","0625","6","0","0","0","0","0","0","0","0","","0","0","0","6","3","1","N","0","1","39 59:53.649","3","0","75 11:45.283","3","0","0","0","67301","0","0","0","N","0","0","0","2","68K01","0","","1.0","747.0","1","N","N","N","0","","1","0","1","0","0","N","615","2","1","0","0","0","0","0","2","1","2","0","0","0","3","","","N","","","","","","","","","",""
"2021114762","2147","1","0","0","0","0","0","0","0","0","7","0","","67","11","2021","1","39.960193","-75.180467","2137","6","0","0","1","0","0","0","0","0","","0","0","0","21","3","1","N","0","1","39 57:36.696","4","3","75 10:49.681","8","0","0","0","67301","0","0","0","N","0","0","0","1","68K01","0","","3.0","2200.0","9","N","N","N","0","","0","0","0","0","0","N","2129","1","1","0","0","0","1","0","2","0","1","0","0","0","7","","","N","","","","","","","","","",""
"2021114633","0758","1","0","0","0","0","0","0","0","0","6","0","","67","11","2021","3","39.954125","-75.212136","0744","6","0","0","0","0","0","0","0","0","","0","0","0","6","5","0","N","0","1","39 57:14.850","4","0","75 12:43.690","0","0","0","0","67301","0","0","0","N","0","0","0","1","67301","0","","6.0","858.0","1","N","N","N","0","","0","0","1","0","0","N","650","2","0","0","0","0","0","0","2","0","2","0","0","0","3","","","N","","","","","","","","","",""
"2021114135","1555","2","0","0","0","0","0","0","0","0","4","0","","67","11","2021","1","39.935982","-75.213799","1550","6","0","0","0","0","0","0","0","0","","0","0","0","15","1","1","","3","0","39 56:09.536","","0","75 12:49.678","3","0","0","0","67301","0","0","0","N","0","0","0","3","67301","0","","1.0","","1","N","N","N","0","","1","0","0","3","2","","1549","2","1","2","0","0","0","0","2","0","2","0","0","0","3","03","","N","","","","","","","","","",""
"2021123553","1821","1","0","0","0","0","0","0","0","0","4","0","","67","12","2021","5","40.086788","-74.971843","1819","6","0","0","0","0","0","0","0","0","","0","0","0","18","3","0","","1","0","40 05:12.438","","0","74 58:18.635","9","0","0","0","67301","0","0","0","N","0","0","0","2","67301","0","","1.0","","1","N","N","Y","0","","0","0","1","3","2","","1815","2","0","0","0","0","0","1","2","0","2","0","0","0","3","03","","N","","","","","","","","","",""
"2021108612","0141","2","0","0","0","0","0","0","0","0","5","0","","67","8","2021","6","39.985321","-75.208179","0134","6","0","0","0","0","0","0","0","0","","0","0","0","1","3","1","N","0","2","39 59:07.156","4","0","75 12:29.445","3","0","0","0","67301","0","0","0","N","0","0","0","2","68K01","0","","1.0","153.0","1","N","N","N","0","","1","0","0","0","0","N","124","2","1","0","0","0","0","1","2","0","2","0","0","0","3","","","N","","","","","","","","","",""
"2021115561","1345","2","0","0","0","0","0","0","0","0","1","0","","67","11","2021","6","40.006633","-75.193538","1328","6","0","0","0","0","0","1","0","0","","0","0","0","13","1","0","N","0","1","40 00:23.879","2","3","75 11:36.735","0","0","0","0","67301","0","0","0","N","0","0","0","4","67301","0","","1.0","1430.0","1","N","N","N","0","","0","0","1","0","0","N","1320","4","0","0","0","0","0","0","2","0","4","0","0","0","3","03","","N","","","","","","","","","",""
"2021111060","2001","0","0","0","0","0","0","0","0","0","8","0","","67","11","2021","5","39.985066","-75.247369","1957","6","0","0","0","0","0","1","0","0","","0","0","0","18","4","1","","1","0","39 59:06.236","","0","75 14:50.528","2","0","0","0","67301","1","0","1","N","1","0","1","2","67301","0","","1.0","","1","N","N","N","1","","0","1","0","3","2","","1809","2","1","1","0","0","0","0","2","0","1","1","0","1","3","","","N","","","","","","","","","",""
"2021115481","2351","1","0","0","0","0","0","0","0","0","7","0","","67","11","2021","6","39.957268","-75.191163","2350","6","0","0","0","0","0","0","0","0","","0","0","0","23","3","0","","3","0","39 57:26.165","","0","75 11:28.187","0","0","0","0","67301","0","0","0","N","0","0","0","2","67507","0","","4.0","","1","N","N","N","0","","0","0","0","3","2","","2345","1","0","0","0","0","0","0","2","0","1","0","0","0","3","03","","N","","","","","","","","","",""
"2021115650","1710","1","0","0","0","0","0","0","0","0","1","0","","67","11","2021","1","40.016662","-75.066747","1705","6","0","0","0","0","0","0","0","0","","0","0","0","17","3","1","","1","0","40 00:59.982","","0","75 04:00.290","3","0","0","0","67301","0","0","0","N","0","0","0","2","67301","0","","1.0","","1","N","N","N","0","","1","0","1","3","2","","1700","2","1","0","0","0","0","0","2","0","2","0","0","0","3","04","","N","","","","","","","","","",""
"2021111066","1847","2","0","0","0","0","0","0","0","0","4","0","","67","11","2021","7","39.991893","-75.234313","1846","6","0","0","0","0","0","0","0","0","","0","0","0","18","3","0","","1","0","39 59:30.814","","0","75 14:03.526","0","0","0","0","67301","0","0","0","N","0","0","0","2","67301","0","","1.0","","1","N","N","N","0","","0","0","0","3","2","","1841","2","0","0","0","0","0","0","2","0","2","0","0","0","3","03","","N","","","","","","","","","",""
"2021110508","1320","4","0","0","0","0","0","0","0","0","4","0","","67","11","2021","7","39.993148","-75.172993","1310","6","0","0","0","0","0","0","0","0","","0","0","0","12","1","0","","1","2","39 59:35.332","1","0","75 10:22.774","9","0","0","0","67301","0","0","0","N","0","0","0","2","67301","0","","1.0","1400.0","1","N","N","N","0","","0","0","0","3","3","Y","1237","5","0","1","0","0","0","1","2","0","5","0","0","0","4","04","","N","","","","","","","","","",""
"2021110230","0615","2","0","0","0","0","0","0","0","0","6","0","","67","11","2021","7","40.050793","-75.180814","0609","6","0","0","0","0","0","0","0","0","","0","0","0","6","5","0","N","0","0","40 03:02.854","","0","75 10:50.930","0","0","0","0","67301","0","0","0","N","0","0","0","1","67301","0","","6.0","","1","N","N","N","0","","0","0","2","0","0","","602","5","0","0","0","0","0","0","2","1","5","0","0","0","3","03","","N","","","","","","","","","",""
"2021114517","1927","0","0","0","0","0","0","0","0","0","8","0","","67","11","2021","3","40.038964","-75.046393","1924","6","0","0","0","0","0","0","0","0","","0","0","0","18","3","1","","1","0","40 02:20.270","","0","75 02:47.014","4","0","0","0","67301","1","0","0","N","1","0","0","2","67301","1","","1.0","","1","N","N","N","0","","0","0","0","3","3","","1805","2","1","0","0","0","0","1","2","0","1","1","0","0","3","03","","N","","","","","","","","","",""
"2021110243","0913","0","0","0","0","0","0","0","0","0","1","0","","67","11","2021","7","40.018539","-75.173108","0905","6","0","0","0","0","0","0","0","0","","0","0","0","0","3","0","N","0","0","40 01:06.740","","0","75 10:23.190","0","0","0","0","67301","0","0","0","N","0","0","0","1","67301","0","","6.0","","1","N","N","N","0","","0","0","1","0","0","","1","2","0","0","0","0","0","0","2","0","2","0","0","0","3","","","N","","","","","","","","","",""