"CRN","ARRIVAL_TM","AUTOMOBILE_COUNT","BELTED_DEATH_COUNT","BELTED_SUSP_SERIOUS_INJ_COUNT","BICYCLE_COUNT","BICYCLE_DEATH_COUNT","BICYCLE_SUSP_SERIOUS_INJ_COUNT","BUS_COUNT","CHLDPAS_DEATH_COUNT","CHLDPAS_SUSP_SERIOUS_INJ_COUNT","COLLISION_TYPE","COMM_VEH_COUNT","CONS_ZONE_SPD_LIM","COUNTY","CRASH_MONTH","CRASH_YEAR","DAY_OF_WEEK","DEC_LATITUDE","DEC_LONGITUDE","DISPATCH_TM","DISTRICT","DRIVER_COUNT_16YR","DRIVER_COUNT_17YR","DRIVER_COUNT_18YR","DRIVER_COUNT_19YR","DRIVER_COUNT_20YR","DRIVER_COUNT_50_64YR","DRIVER_COUNT_65_74YR","DRIVER_COUNT_75PLUS","EST_HRS_CLOSED","FATAL_COUNT","HEAVY_TRUCK_COUNT","HORSE_BUGGY_COUNT","HOUR_OF_DAY","ILLUMINATION","INJURY_COUNT","INTERSECTION_RELATED","INTERSECT_TYPE","LANE_CLOSED","LATITUDE","LN_CLOSE_DIR","LOCATION_TYPE","LONGITUDE","MAX_SEVERITY_LEVEL","MCYCLE_DEATH_COUNT","MCYCLE_SUSP_SERIOUS_INJ_COUNT","MOTORCYCLE_COUNT","MUNICIPALITY","NONMOTR_COUNT","NONMOTR_DEATH_COUNT","NONMOTR_SUSP_SERIOUS_INJ_COUNT","NTFY_HIWY_MAINT","PED_COUNT","PED_DEATH_COUNT","PED_SUSP_SERIOUS_INJ_COUNT","PERSON_COUNT","POLICE_AGCY","POSSIBLE_INJ_COUNT","RDWY_SURF_TYPE_CD","RELATION_TO_ROAD","ROADWAY_CLEARED","ROAD_CONDITION","SCH_BUS_IND","SCH_ZONE_IND","SECONDARY_CRASH","SMALL_TRUCK_COUNT","SPEC_JURIS_CD","SUSP_MINOR_INJ_COUNT","SUSP_SERIOUS_INJ_COUNT","SUV_COUNT","TCD_FUNC_CD","TCD_TYPE","TFC_DETOUR_IND","TIME_OF_DAY","TOTAL_UNITS","TOT_INJ_COUNT","UNBELTED_OCC_COUNT","UNB_DEATH_COUNT","UNB_SUSP_SERIOUS_INJ_COUNT","UNK_INJ_DEG_COUNT","UNK_INJ_PER_COUNT","URBAN_RURAL","VAN_COUNT","VEHICLE_COUNT","VULNERABLE_ROAD_USER_COUNT","VULNERABLE_ROAD_USER_DEATH_COUNT","VULNERABLE_ROAD_USER_SER_INJ_COUNT","WEATHER1","WEATHER2","WORKERS_PRES","WORK_ZONE_IND","WORK_ZONE_LOC","WORK_ZONE_TYPE","WZ_CLOSE_DETOUR","WZ_FLAGGER","WZ_LAW_OFFCR_IND","WZ_LN_CLOSURE","WZ_MOVING","WZ_OTHER","WZ_SHLDER_MDN","WZ_WORKERS_INJ_KILLED"
"2021113729","2105","3","0","0","0","0","0","0","0","0","1","0","","67","11","2021","1","40.054938","-75.180249","2102","6","0","0","0","0","0","0","0","0","","0","0","0","20","3","0","","2","0","40 03:17.778","","0","75 10:48.895","0","0","0","0","67301","0","0","0","N","0","0","0","5","67301","0","","1.0","","1","N","N","Y","0","","0","0","0","3","2","","2059","3","0","0","0","0","0","0","2","0","3","0","0","0","3","03","","N","","","","","","","","","",""
"2021115032","0021","2","0","0","0","0","0","0","0","0","4","0","","67","11","2021","2","40.003924","-75.220699","0018","6","0","0","0","0","1","0","0","0","","0","0","0","0","3","2","","1","1","40 00:14.125","1","0","75 13:14.515","8","0","0","0","67301","0","0","0","N","0","0","0","7","67301","0","","1.0","30.0","1","N","N","N","0","","0","0","0","3","2","Y","10","2","2","0","0","0","2","1","2","0","2","0","0","0","3","03","","N","","","","","","","","","",""
"2021112224","1737","1","0","0","0","0","0","0","0","0","1","0","","67","11","2021","4","40.025178","-75.125421","1732","6","0","0","0","0","0","0","0","0","","0","0","0","17","3","2","","1","0","40 01:30.639","","0","75 07:31.514","8","0","0","0","67301","0","0","0","N","0","0","0","4","67301","0","","1.0","","1","N","N","N","1","","0","0","0","3","2","","1728","2","2","0","0","0","2","0","2","0","2","0","0","0","3","03","","N","","","","","","","","","",""
"2021110448","0057","1","0","0","0","0","0","0","0","0","7","0","","67","11","2021","6","40.052391","-75.051119","0052","6","0","0","0","0","0","0","0","0","","0","0","0","0","3","1","N","0","0","40 03:08.609","","0","75 03:04.029","3","0","0","0","67301","0","0","0","N","0","0","0","1","67301","0","","5.0","","1","N","N","N","1","","1","0","0","0","0","","51","2","1","0","0","0","0","0","2","0","2","0","0","0","3","03","","N","","","","","","","","","",""
"2021122699","1442","0","0","0","0","0","0","0","0","0","1","0","","67","11","2021","3","39.962239","-75.183102","1427","6","0","0","0","0","0","1","0","0","","0","0","0","14","1","0","N","0","0","39 57:44.060","","0","75 10:59.166","0","0","0","0","67301","0","0","0","N","0","0","0","2","68K01","0","","1.0","","1","N","N","N","0","","0","0","1","0","0","","1417","2","0","0","0","0","0","0","2","1","2","0","0","0","3","","","N","","","","","","","","","",""
"2021114757","1456","0","0","0","0","0","0","0","0","0","7","0","","67","11","2021","1","39.911505","-75.152365","1452","6","0","0","0","0","0","0","0","0","","0","0","0","14","1","1","N","0","0","39 54:41.418","","8","75 09:08.515","3","0","0","0","67301","0","0","0","N","0","0","0","1","68K01","0","","4.0","","1","N","N","N","0","","1","0","1","0","0","","1428","1","1","0","0","0","0","0","2","0","1","0","0","0","3","","","N","","","","","","","","","",""
"2021114672","2345","2","0","0","0","0","0","0","0","0","4","0","","67","11","2021","2","40.003165","-75.152455","2333","6","0","0","0","0","0","0","0","0","","0","0","0","23","3","0","","5","0","40 00:11.393","","0","75 09:08.837","0","0","0","0","67301","0","0","0","N","0","0","0","2","67301","0","","1.0","","1","N","N","N","0","","0","0","0","3","2","","2322","2","0","2","0","0","0","0","2","0","2","0","0","0","3","03","","N","","","","","","","","","",""
"2021114158","2318","2","0","0","0","0","0","0","0","0","1","0","","67","11","2021","1","39.981166","-75.267148","2318","6","0","0","0","0","0","1","0","0","","0","0","0","23","3","0","N","0","1","39 58:52.196","2","0","75 16:01.733","9","0","0","0","67301","0","0","0","N","0","0","0","3","46104","0","","1.0","2358.0","9","N","N","N","0","","0","0","0","0","0","N","2318","2","0","0","0","0","0","2","2","0","2","0","0","0","3","03","","N","","","","","","","","","",""
"2021117510","2037","1","0","0","0","0","0","0","0","0","7","0","","67","11","2021","5","39.940806","-75.14311","2027","6","0","0","0","0","0","0","0","0","","0","0","0","20","3","3","N","0","0","39 56:26.900","","0","75 08:35.195","8","0","0","0","67301","0","0","0","N","0","0","0","3","68K01","0","","3.0","","1","N","N","N","0","","0","0","0","0","0","","2026","1","3","1","0","0","3","0","2","0","1","0","0","0","3","","","N","","","","","","","","","",""
"2021108837","1010","0","0","0","0","0","0","0","0","0","1","0","","67","11","2021","3","40.093958","-74.989096","1010","6","0","0","0","0","0","1","0","0","","0","0","0","10","1","0","","2","0","40 05:38.247","","0","74 59:20.747","0","0","0","0","67301","0","0","0","N","0","0","0","2","67301","0","","1.0","","1","N","N","N","0","","0","0","2","3","2","","1010","2","0","0","0","0","0","0","2","0","2","0","0","0","3","03","","N","","","","","","","","","",""
"2021108074","0840","2","0","0","0","0","0","0","0","0","4","0","","67","11","2021","2","39.913006","-75.240336","0838","6","0","0","0","1","0","1","0","0","","0","0","0","8","1","3","","1","1","39 54:46.821","4","0","75 14:25.209","3","0","0","0","67301","0","0","0","N","0","0","0","4","67301","1","","1.0","100.0","1","N","N","N","1","","2","0","0","3","2","N","838","3","3","0","0","0","0","0","2","0","3","0","0","0","3","03","","N","","","","","","","","","",""
"2021116325","0503","1","0","0","0","0","0","0","0","0","8","0","","67","11","2021","6","39.961372","-75.198988","0457","6","0","0","0","0","0","0","0","0","","0","0","0","8","1","1","","1","0","39 57:40.938","","0","75 11:56.355","2","0","0","0","67301","1","0","1","N","1","0","1","2","67301","0","","1.0","","1","N","N","N","0","","0","1","0","0","0","","815","2","1","0","0","0","0","1","2","0","1","1","0","1","3","03","","N","","","","","","","","","",""
"2021117815","0144","0","0","0","0","0","0","0","0","0","8","0","","67","11","2021","7","39.944056","-75.167139","0140","6","0","0","0","0","0","0","0","0","","0","0","0","1","3","1","N","0","0","39 56:38.600","","0","75 10:01.700","3","0","0","0","67301","1","0","0","N","0","0","0","2","67301","0","","1.0","","1","N","N","N","0","","1","0","0","0","0","","135","2","1","0","0","0","0","0","2","1","1","1","0","0","3","","","N","","","","","","","","","",""
"2021115779","1156","0","0","0","0","0","0","0","0","0","1","0","","67","11","2021","4","39.910779","-75.230291","1155","6","0","0","1","0","0","0","0","0","","0","0","0","11","1","5","","1","0","39 54:38.805","","3","75 13:49.047","8","0","0","0","67301","0","0","0","N","0","0","0","6","67301","0","","1.0","","1","N","N","N","0","","0","0","1","3","2","","1154","3","5","6","0","0","5","0","2","2","3","0","0","0","3","03","","N","","","","","","","","","",""
"2021110185","1330","0","0","0","0","0","0","0","0","0","4","0","","67","11","2021","6","39.938854","-75.174736","1320","6","0","0","0","0","0","0","0","0","","0","0","0","12","1","3","","1","0","39 56:19.874","","0","75 10:29.049","3","0","0","0","67301","0","0","0","N","0","0","0","3","67301","0","","1.0","","1","N","N","N","0","","3","0","1","3","2","","1252","2","3","0","0","0","0","0","2","1","2","0","0","0","3","03","","N","","","","","","","","","",""
"2021110396","1637","2","0","0","0","0","0","0","0","0","4","0","","67","11","2021","6","40.061286","-75.172063","1637","6","0","0","0","0","1","0","0","0","","0","0","0","20","3","1","","1","0","40 03:40.629","","0","75 10:19.427","3","0","0","0","67301","0","0","0","N","0","0","0","3","67301","0","","1.0","","1","N","N","N","0","","1","0","1","3","3","","2020","3","1","2","0","0","0","0","2","0","3","0","0","0","3","03","","N","","","","","","","","","",""
"2021112555","1441","1","0","0","1","0","0","0","0","0","8","0","","67","11","2021","5","39.961781","-75.15641","1439","6","0","0","0","0","0","0","0","0","","0","0","0","14","1","1","N","0","0","39 57:42.410","","7","75 09:23.077","3","0","0","0","67301","1","0","0","N","0","0","0","2","67301","0","","1.0","","1","N","N","N","0","","1","0","0","0","0","","1400","2","1","1","0","0","0","0","2","0","1","1","0","0","3","03","","N","","","","","","","","","",""
"2021116350","0033","2","0","0","0","0","0","0","0","0","4","0","","67","11","2021","6","40.036314","-75.064305","0033","6","0","0","0","0","0","0","0","0","","0","0","0","0","3","3","","1","1","40 02:10.729","1","0","75 03:51.497","4","0","0","0","67301","0","0","0","N","0","0","0","4","67301","1","","1.0","345.0","9","N","N","N","0","","0","0","0","3","2","N","13","2","3","0","0","0","2","0","2","0","2","0","0","0","7","07","","N","","","","","","","","","",""
"2021110387","1617","0","0","0","0","0","0","0","0","0","8","0","","67","11","2021","4","39.954999","-75.238168","1610","6","0","0","0","0","0","0","0","0","","0","0","0","16","1","1","","1","0","39 57:17.996","","0","75 14:17.404","8","0","0","0","67301","1","0","0","N","1","0","0","2","67301","0","","1.0","","1","N","N","N","0","","0","0","1","3","2","","1605","2","1","0","0","0","1","0","2","0","1","1","0","0","3","","","N","","","","","","","","","",""
"2021113482","1239","0","0","0","0","0","0","0","0","0","4","0","","67","11","2021","1","39.968799","-75.232213","1236","6","0","0","0","0","0","0","0","0","","0","0","0","10","1","5","","1","0","39 58:07.676","","0","75 13:55.966","3","0","0","0","67301","0","0","0","N","0","0","0","5","67301","0","","1.0","","1","N","N","N","0","","5","0","2","3","3","","1030","2","5","0","0","0","0","0","2","0","2","0","0","0","3","03","","N","","","","","","","","","",""
"2021112343","0850","0","0","0","0","0","0","0","0","0","8","0","","67","11","2021","5","39.936567","-75.170075","0844","6","0","0","0","0","0","0","0","0","","0","0","0","8","1","1","N","0","0","39 56:11.640","","0","75 10:12.270","8","0","0","0","67301","1","0","0","N","1","0","0","2","67301","0","","4.0","","1","N","N","N","0","","0","0","1","0","0","","840","2","1","0","0","0","1","0","2","0","1","1","0","0","3","","","N","","","","","","","","","",""
"2021114331","1340","1","0","0","0","0","0","0","0","0","4","0","","67","11","2021","5","40.015892","-75.05536","1339","6","0","0","0","0","0","0","0","0","","0","0","0","13","1","0","","2","0","40 00:57.211","","0","75 03:19.296","9","0","0","0","67301","0","0","0","N","0","0","0","1","67301","0","","1.0","","1","N","N","N","0","","0","0","1","3","3","","1325","2","0","0","0","0","0","1","2","0","2","0","0","0","3","03","","N","","","","","","","","","",""
"2021110208","1200","0","0","0","0","0","0","0","0","0","8","0","","67","11","2021","3","40.030411","-75.180285","1200","6","0","0","0","0","0","0","0","1","","0","0","0","9","1","1","","1","0","40 01:49.479","","0","75 10:49.025","3","0","0","0","67301","1","0","0","N","1","0","0","2","67301","0","","1.0","","99","N","N","N","0","","1","0","1","3","2","","901","2","1","0","0","0","0","0","2","0","1","1","0","0","99","","","N","","","","","","","","","",""
"2021113303","0035","2","0","0","0","0","0","0","0","0","5","0","","67","11","2021","7","40.026881","-75.148292","0033","6","0","0","0","0","0","0","0","0","","0","0","0","0","3","0","N","0","2","40 01:36.770","1","0","75 08:53.850","0","0","0","0","67301","0","0","0","N","0","0","0","2","67301","0","","6.0","148.0","1","N","N","N","0","","0","0","1","0","0","Y","10","3","0","0","0","0","0","0","2","0","3","0","0","0","3","03","","N","","","","","","","","","",""
"2021112314","0900","0","0","0","0","0","0","0","0","0","8","0","","67","11","2021","4","39.923909","-75.166048","0847","6","0","0","0","0","1","0","0","0","","0","0","0","8","1","1","","1","0","39 55:26.074","","0","75 09:57.773","8","0","0","0","67301","1","0","0","N","1","0","0","2","67301","0","","1.0","","1","N","N","N","0","","0","0","1","3","2","","846","2","1","0","0","0","1","0","2","0","1","1","0","0","3","03","","N","","","","","","","","","",""
"2021112728","0025","1","0","0","0","0","0","0","0","0","7","0","","67","11","2021","6","39.918532","-75.225906","0022","6","1","0","0","0","0","0","0","0","","0","0","0","0","2","1","","1","0","39 55:06.715","","0","75 13:33.263","8","0","0","0","67301","0","0","0","N","0","0","0","1","67301","0","","4.0","","99","N","N","N","0","","0","0","0","3","2","","0","1","1","0","0","0","1","0","2","0","1","0","0","0","99","98","","N","","","","","","","","","",""
"2021114970","1910","0","0","0","0","0","0","0","0","0","8","0","","67","11","2021","3","40.051105","-75.159048","1904","6","0","0","0","0","0","1","0","0","","0","0","0","19","3","2","","1","0","40 03:03.978","","0","75 09:32.572","3","0","0","0","67301","2","0","0","N","2","0","0","3","67301","0","","1.0","","1","N","N","N","0","","2","0","0","3","2","","1900","3","2","0","0","0","0","0","2","1","1","2","0","0","3","","","N","","","","","","","","","",""
"2021114747","0013","1","0","0","0","0","0","0","0","0","7","0","","67","11","2021","7","39.982036","-75.10187","0005","6","0","0","0","0","0","0","0","0","","0","0","0","0","3","0","N","0","0","39 58:55.330","","2","75 06:06.733","9","0","0","0","67301","0","0","0","Y","0","0","0","1","68K01","0","","4.0","","1","N","N","N","0","","0","0","0","0","0","","5","1","0","0","0","0","0","1","2","0","1","0","0","0","3","","","N","","","","","","","","","",""
"2021110385","0749","0","0","0","0","0","0","0","0","0","8","0","","67","11","2021","3","39.957754","-75.219287","0739","6","0","0","0","0","0","0","0","0","","0","0","0","7","1","1","","1","0","39 57:27.914","","0","75 13:09.434","4","0","0","0","67301","1","0","0","N","1","0","0","6","67301","1","","1.0","","1","N","N","N","0","","0","0","1","3","2","","738","2","1","0","0","0","0","0","2","0","1","1","0","0","3","03","","N","","","","","","","","","",""
"2021114085","2323","0","0","0","0","0","0","0","0","0","5","0","","67","11","2021","1","40.081417","-75.029511","2322","6","0","0","0","0","0","0","1","0","","0","0","0","23","3","0","N","0","0","40 04:53.102","","0","75 01:46.238","0","0","0","0","67301","0","0","0","N","0","0","0","1","67301","0","","6.0","","1","N","N","N","1","","0","0","2","0","0","","2320","3","0","0","0","0","0","0","2","0","3","0","0","0","3","","","N","","","","","","","","","",""
"2021110708","2035","2","0","0","0","0","0","0","0","0","1","0","","67","11","2021","7","39.904045","-75.240114","2035","6","0","0","0","0","0","1","1","0","","0","0","0","19","3","4","","1","0","39 54:14.563","","0","75 14:24.409","3","0","0","0","67301","0","0","0","N","0","0","0","5","67301","0","","1.0","","1","N","N","N","1","","4","0","0","3","2","","1911","3","4","0","0","0","0","1","2","0","3","0","0","0","3","03","","N","","","","","","","","","",""
"2021112419","2056","0","0","0","0","0","0","0","0","0","4","0","","67","11","2021","4","40.070585","-75.176274","2056","6","0","0","0","0","0","1","0","0","","0","0","0","20","3","1","","1","0","40 04:14.106","","0","75 10:34.586","3","0","0","0","67301","0","0","0","N","0","0","0","3","67301","0","","1.0","","1","N","N","N","0","","1","0","2","3","3","","2020","2","1","0","0","0","0","0","2","0","2","0","0","0","3","","","N","","","","","","","","","",""
"2021110253","0210","1","0","0","0","0","0","0","0","0","1","0","","67","11","2021","7","39.893134","-75.222101","0210","6","0","0","0","0","0","0","0","0","","0","0","0","2","3","0","N","0","2","39 53:35.281","2","3","75 13:19.565","0","0","0","0","67301","0","0","0","N","0","0","0","2","67301","0","","1.0","655.0","1","N","N","N","0","","0","0","1","0","0","N","209","2","0","0","0","0","0","0","2","0","2","0","0","0","3","03","","N","","","","","","","","","",""
"2021120655","1752","0","0","0","0","0","0","0","0","0","4","0","","67","11","2021","7","39.974451","-75.158729","1750","6","0","0","0","0","0","0","0","0","","0","0","0","23","3","0","","1","0","39 58:28.024","","0","75 09:31.424","9","0","0","0","67301","0","0","0","N","0","0","0","2","67301","0","","1.0","","1","N","N","N","0","","0","0","2","3","2","","2330","2","0","1","0","0","0","1","2","0","2","0","0","0","3","03","","N","","","","","","","","","",""
"2021109861","0943","2","0","0","0","0","0","0","0","0","4","0","","67","11","2021","6","39.967819","-75.22813","0941","6","0","0","0","0","0","1","0","0","","0","0","0","9","1","2","","1","2","39 58:04.148","2","0","75 13:41.267","3","0","0","0","67301","0","0","0","N","0","0","0","3","67301","1","","1.0","1045.0","9","N","N","Y","0","","1","0","0","3","2","Y","940","3","2","2","0","0","0","0","2","1","3","0","0","0","7","04","","N","","","","","","","","","",""
"2021120198","1415","0","0","0","0","0","0","0","0","0","8","0","","67","11","2021","7","39.961745","-75.157694","1412","6","0","0","0","0","0","0","0","0","","0","0","0","23","3","1","","5","0","39 57:42.281","","0","75 09:27.699","2","0","0","0","67301","1","0","1","N","1","0","1","2","67301","0","","1.0","","1","N","N","N","0","","0","1","1","3","2","","2300","2","1","0","0","0","0","0","2","0","1","1","0","1","3","03","","N","","","","","","","","","",""
"2021123459","2255","1","0","0","0","0","0","0","0","0","4","0","","67","11","2021","2","39.994397","-75.104607","2255","6","0","0","0","0","0","0","0","0","","0","0","0","18","3","1","N","1","0","39 59:39.829","","0","75 06:16.585","8","0","0","0","67301","0","0","0","N","0","0","0","2","67301","0","","1.0","","1","N","N","N","0","","0","0","0","3","3","","1800","2","1","0","0","0","1","1","2","1","2","0","0","0","3","03","","N","","","","","","","","","",""
"2021113438","1525","0","0","0","0","0","0","0","0","0","1","0","","67","11","2021","3","40.025894","-75.122645","1518","6","0","0","0","0","0","0","0","0","","0","0","0","15","1","1","N","0","0","40 01:33.218","","0","75 07:21.521","8","0","0","0","67301","0","0","0","N","0","0","0","2","67301","0","","1.0","","1","N","N","N","0","","0","0","2","0","0","","1505","2","1","0","0","0","1","1","2","0","2","0","0","0","3","03","","N","","","","","","","","","",""
"2021112576","2238","1","0","0","0","0","0","0","0","0","7","0","","67","11","2021","5","39.909139","-75.152472","2237","6","0","0","0","0","0","0","0","0","","0","0","0","22","3","0","N","0","2","39 54:32.900","3","3","75 09:08.900","0","0","0","0","67301","0","0","0","N","0","0","0","2","67501","0","","3.0","2321.0","9","N","N","N","0","","0","0","0","0","0","Y","2237","1","0","0","0","0","0","0","2","0","1","0","0","0","7","","","N","","","","","","","","","",""
"2021114522","1804","1","0","0","0","0","0","0","0","0","8","0","","67","11","2021","3","40.021529","-75.051773","1744","6","0","0","0","0","0","0","0","0","","0","0","0","17","3","1","","1","0","40 01:17.505","","0","75 03:06.381","3","0","0","0","67301","1","0","0","N","1","0","0","2","67301","0","","1.0","","1","N","N","N","0","","1","0","0","0","0","","1740","2","1","0","0","0","0","1","2","0","1","1","0","0","3","","","N","","","","","","","","","",""
"2021113544","1911","0","0","0","0","0","0","0","0","0","4","0","","67","11","2021","5","40.028851","-75.205086","1908","6","0","0","0","0","0","0","0","0","","0","0","0","19","3","1","N","0","0","40 01:43.865","","0","75 12:18.310","3","0","0","0","67301","0","0","0","N","0","0","0","2","67301","0","","1.0","","1","N","N","N","0","","1","0","2","0","0","","1908","2","1","1","0","0","0","1","2","0","2","0","0","0","3","03","","N","","","","","","","","","",""
"2021111324","2130","1","0","0","0","0","0","0","0","0","4","0","","67","11","2021","1","40.017083","-75.154485","2120","6","0","0","0","0","0","1","0","0","","0","0","0","18","3","3","","2","0","40 01:01.497","","0","75 09:16.145","3","0","0","0","67301","0","0","0","N","0","0","0","3","67301","0","","1.0","","9","N","N","N","0","","3","0","1","3","3","","1830","2","3","3","0","0","0","0","2","0","2","0","0","0","7","07","","N","","","","","","","","","",""
"2021114812","0748","0","0","0","0","0","0","0","0","0","1","0","","67","11","2021","2","39.905757","-75.193824","0739","6","0","0","0","0","0","1","0","0","","0","0","0","5","3","1","","1","0","39 54:20.725","","0","75 11:37.765","8","0","0","0","67301","0","0","0","N","0","0","0","3","67301","0","","1.0","","9","N","N","N","0","","0","0","2","3","2","","554","2","1","0","0","0","1","0","2","0","2","0","0","0","7","07","","N","","","","","","","","","",""
"2021115139","0050","0","0","0","0","0","0","0","0","0","8","0","","67","11","2021","4","39.948439","-75.166205","0049","6","0","0","0","0","0","0","0","0","","0","0","0","23","2","1","","1","0","39 56:54.380","","0","75 09:58.337","4","0","0","0","67301","1","0","0","N","1","0","0","2","67301","1","","1.0","","1","N","N","N","0","","0","0","1","3","2","","2300","2","1","0","0","0","0","0","2","0","1","1","0","0","3","03","","N","","","","","","","","","",""
"2021109270","1220","0","0","0","0","0","0","0","0","0","4","0","","67","11","2021","4","39.99554","-75.154264","1217","6","0","0","0","0","0","0","0","0","","0","0","0","12","8","1","","1","0","39 59:43.943","","0","75 09:15.350","8","0","0","0","67301","0","0","0","N","0","0","0","2","67301","0","","1.0","","99","N","N","N","1","","0","0","1","3","2","","1202","2","1","0","0","0","1","0","2","0","2","0","0","0","3","03","","N","","","","","","","","","",""
"2021111263","0457","2","0","0","0","0","0","0","0","0","5","0","","67","11","2021","1","39.964889","-75.225664","0448","6","0","0","0","0","0","0","0","0","","0","0","0","4","3","0","N","0","0","39 57:53.600","","0","75 13:32.390","0","0","0","0","67301","0","0","0","N","0","0","0","1","67301","0","","6.0","","1","N","N","N","0","","0","0","0","0","0","","443","2","0","0","0","0","0","0","2","0","2","0","0","0","3","03","","N","","","","","","","","","",""
"2021095888","0805","1","0","0","0","0","0","0","0","0","4","0","","67","10","2021","7","39.955359","-75.147924","0805","6","0","0","0","0","0","0","0","0","","0","0","0","8","1","0","","3","0","39 57:19.292","","2","75 08:52.528","0","0","0","0","67301","0","0","0","N","0","0","0","3","67501","0","","1.0","","1","N","N","N","1","","0","0","0","0","0","","805","2","0","0","0","0","0","0","2","0","2","0","0","0","3","03","","N","","","","","","","","","",""
"2021088541","0558","1","0","0","0","0","0","0","0","0","4","0","","67","9","2021","1","39.942944","-75.226794","0554","6","0","0","0","0","0","0","0","0","","0","0","0","5","3","1","","1","0","39 56:34.598","","0","75 13:36.458","3","0","0","0","67301","0","0","0","N","0","0","0","2","67301","0","","1.0","","1","N","N","N","0","","1","0","1","3","2","","540","2","1","0","0","0","0","0","2","0","2","0","0","0","3","03","","N","","","","","","","","","",""
"2021098277","1437","1","0","0","0","0","0","0","0","0","1","0","","67","10","2021","5","39.949422","-75.141711","1426","6","0","0","0","0","0","0","0","0","","0","0","0","14","1","1","N","0","0","39 56:57.920","","2","75 08:30.158","8","0","0","0","67301","0","0","0","N","0","0","0","3","68K01","0","","1.0","","1","N","N","N","1","","0","0","0","0","0","","1422","2","1","0","0","0","1","0","2","0","2","0","0","0","3","03","","N","","","","","","","","","",""
"2021090093","0845","2","0","0","0","0","0","0","0","0","4","0","","67","9","2021","6","39.985657","-75.16373","0836","6","0","0","0","0","0","0","0","0","","0","0","0","8","1","3","","2","0","39 59:08.365","","0","75 09:49.427","3","0","0","0","67301","0","0","0","N","0","0","0","4","67301","0","","1.0","","1","N","N","N","0","","3","0","0","3","3","","832","2","3","0","0","0","0","0","2","0","2","0","0","0","3","","","N","","","","","","","","","",""
"2021115405","0912","0","0","0","0","0","0","0","0","0","7","0","","67","10","2021","7","39.906394","-75.149669","0856","6","0","0","0","0","0","0","0","0","","0","0","0","8","1","1","N","0","0","39 54:23.020","","0","75 08:58.810","8","0","0","0","67301","0","0","0","N","0","0","0","1","68K01","0","","4.0","","1","N","N","N","1","","0","0","0","0","0","","856","1","1","1","0","0","1","0","2","0","1","0","0","0","3","03","","N","","","","","","","","","",""
"2021105506","","1","0","0","0","0","0","0","0","0","1","0","","67","9","2021","2","","","","6","0","0","0","0","0","0","1","0","","0","0","0","11","1","1","N","0","0","","","0","","4","0","0","0","67301","0","0","0","N","0","0","0","3","00000","1","","1.0","","1","N","N","N","0","","0","0","1","0","0","","1100","2","1","0","0","0","0","0","1","0","2","0","0","0","3","","","N","","","","","","","","","",""
"2021095785","1611","1","0","0","0","0","0","0","0","0","4","0","","67","10","2021","6","39.970235","-75.159775","1610","6","0","0","0","0","0","1","0","0","","0","0","0","16","1","6","","1","1","39 58:12.846","1","0","75 09:35.189","8","0","0","0","67301","0","0","0","N","0","0","0","8","67301","0","","1.0","1659.0","1","N","N","N","0","","0","0","0","3","2","N","1606","2","6","0","0","0","6","0","2","1","2","0","0","0","3","04","","N","","","","","","","","","",""
"2021093785","2118","1","0","0","0","0","0","0","0","0","4","0","","67","9","2021","4","39.980213","-75.157468","2116","6","0","0","0","0","0","0","0","0","","0","0","0","21","3","2","","1","0","39 58:48.767","","0","75 09:26.884","3","0","0","0","67301","0","0","0","N","0","0","0","3","67301","1","","1.0","","1","N","N","N","0","","1","0","1","3","2","","2116","2","2","0","0","0","0","1","2","0","2","0","0","0","3","","","N","","","","","","","","","",""
"2021112827","1215","0","0","0","0","0","0","0","0","0","4","0","","67","11","2021","4","40.082081","-75.219819","1142","6","0","0","0","0","0","0","1","0","","0","0","0","11","1","0","","1","0","40 04:55.491","","0","75 13:11.348","0","0","0","0","67301","0","0","0","N","0","0","0","2","67301","0","","1.0","","1","N","N","N","0","","0","0","1","3","2","","1142","2","0","0","0","0","0","0","2","1","2","0","0","0","3","03","","N","","","","","","","","","",""
"2021117284","1620","1","0","1","0","0","0","0","0","0","4","0","","67","11","2021","1","40.018245","-75.17303","1416","6","0","0","0","0","0","0","0","0","","0","0","0","21","3","1","N","0","0","40 01:05.683","","0","75 10:22.908","2","0","0","0","67301","0","0","0","N","0","0","0","2","67301","0","","1.0","","1","N","N","N","0","","0","1","1","0","0","","2140","2","1","0","0","0","0","0","2","0","2","0","0","0","3","03","","N","","","","","","","","","",""
"2021115140","1900","0","0","0","0","0","0","0","0","0","7","0","","67","11","2021","2","40.060163","-75.191048","1900","6","0","0","0","0","0","0","1","0","","0","0","0","18","3","0","","2","0","40 03:36.586","","0","75 11:27.771","0","0","0","0","67301","0","0","0","N","0","0","0","1","67301","0","","5.0","","1","N","N","N","0","","0","0","1","3","2","","1859","1","0","0","0","0","0","0","2","0","1","0","0","0","3","03","","N","","","","","","","","","",""