"CRN","ARRIVAL_TM","AUTOMOBILE_COUNT","BELTED_DEATH_COUNT","BELTED_SUSP_SERIOUS_INJ_COUNT","BICYCLE_COUNT","BICYCLE_DEATH_COUNT","BICYCLE_SUSP_SERIOUS_INJ_COUNT","BUS_COUNT","CHLDPAS_DEATH_COUNT","CHLDPAS_SUSP_SERIOUS_INJ_COUNT","COLLISION_TYPE","COMM_VEH_COUNT","CONS_ZONE_SPD_LIM","COUNTY","CRASH_MONTH","CRASH_YEAR","DAY_OF_WEEK","DEC_LATITUDE","DEC_LONGITUDE","DISPATCH_TM","DISTRICT","DRIVER_COUNT_16YR","DRIVER_COUNT_17YR","DRIVER_COUNT_18YR","DRIVER_COUNT_19YR","DRIVER_COUNT_20YR","DRIVER_COUNT_50_64YR","DRIVER_COUNT_65_74YR","DRIVER_COUNT_75PLUS","EST_HRS_CLOSED","FATAL_COUNT","HEAVY_TRUCK_COUNT","HORSE_BUGGY_COUNT","HOUR_OF_DAY","ILLUMINATION","INJURY_COUNT","INTERSECTION_RELATED","INTERSECT_TYPE","LANE_CLOSED","LATITUDE","LN_CLOSE_DIR","LOCATION_TYPE","LONGITUDE","MAX_SEVERITY_LEVEL","MCYCLE_DEATH_COUNT","MCYCLE_SUSP_SERIOUS_INJ_COUNT","MOTORCYCLE_COUNT","MUNICIPALITY","NONMOTR_COUNT","NONMOTR_DEATH_COUNT","NONMOTR_SUSP_SERIOUS_INJ_COUNT","NTFY_HIWY_MAINT","PED_COUNT","PED_DEATH_COUNT","PED_SUSP_SERIOUS_INJ_COUNT","PERSON_COUNT","POLICE_AGCY","POSSIBLE_INJ_COUNT","RDWY_SURF_TYPE_CD","RELATION_TO_ROAD","ROADWAY_CLEARED","ROAD_CONDITION","SCH_BUS_IND","SCH_ZONE_IND","SECONDARY_CRASH","SMALL_TRUCK_COUNT","SPEC_JURIS_CD","SUSP_MINOR_INJ_COUNT","SUSP_SERIOUS_INJ_COUNT","SUV_COUNT","TCD_FUNC_CD","TCD_TYPE","TFC_DETOUR_IND","TIME_OF_DAY","TOTAL_UNITS","TOT_INJ_COUNT","UNBELTED_OCC_COUNT","UNB_DEATH_COUNT","UNB_SUSP_SERIOUS_INJ_COUNT","UNK_INJ_DEG_COUNT","UNK_INJ_PER_COUNT","URBAN_RURAL","VAN_COUNT","VEHICLE_COUNT","VULNERABLE_ROAD_USER_COUNT","VULNERABLE_ROAD_USER_DEATH_COUNT","VULNERABLE_ROAD_USER_SER_INJ_COUNT","WEATHER1","WEATHER2","WORKERS_PRES","WORK_ZONE_IND","WORK_ZONE_LOC","WORK_ZONE_TYPE","WZ_CLOSE_DETOUR","WZ_FLAGGER","WZ_LAW_OFFCR_IND","WZ_LN_CLOSURE","WZ_MOVING","WZ_OTHER","WZ_SHLDER_MDN","WZ_WORKERS_INJ_KILLED"
"2021111912","0847","0","0","0","0","0","0","0","0","0","8","0","","67","11","2021","4","40.031309","-75.041637","0844","6","0","0","0","0","0","1","0","0","","0","0","0","8","1","1","","1","0","40 01:52.711","","0","75 02:29.892","3","0","0","0","67301","1","0","0","N","1","0","0","2","67301","0","","1.0","","1","N","N","N","0","","1","0","1","3","3","","830","2","1","0","0","0","0","0","2","0","1","1","0","0","3","03","","N","","","","","","","","","",""
"2021109784","0840","1","0","0","0","0","0","0","0","0","8","0","","67","11","2021","4","39.939956","-75.215069","0836","6","0","0","0","0","0","0","0","0","","0","0","0","8","1","1","N","0","0","39 56:23.840","","0","75 12:54.250","3","0","0","0","67301","1","0","0","N","1","0","0","2","67301","0","","1.0","","1","N","N","N","0","","1","0","0","0","0","","833","2","1","0","0","0","0","0","2","0","1","1","0","0","3","03","","N","","","","","","","","","",""
"2021113546","1950","2","0","0","0","0","0","0","0","0","4","0","","67","11","2021","6","40.072914","-75.158033","1939","6","0","0","0","1","0","0","0","0","","0","0","0","19","4","0","N","0","1","40 04:22.490","1","7","75 09:28.920","0","0","0","0","67301","0","0","0","N","0","0","0","3","67301","0","","1.0","2113.0","1","N","N","N","0","","0","0","0","0","0","N","1900","2","0","0","0","0","0","0","2","0","2","0","0","0","3","03","","N","","","","","","","","","",""
"2021111062","1758","1","0","0","0","0","0","0","0","0","4","0","","67","11","2021","6","39.975226","-75.222508","1756","6","0","0","0","0","0","0","0","0","","0","0","0","17","3","1","","2","0","39 58:30.814","","0","75 13:21.028","4","0","0","0","67301","0","0","0","N","0","0","0","2","67301","1","","1.0","","1","N","N","N","0","","0","0","1","3","3","","1755","2","1","0","0","0","0","0","2","0","2","0","0","0","3","03","","N","","","","","","","","","",""
"2021109543","1950","1","0","0","0","0","0","0","0","0","4","0","","67","11","2021","4","39.984903","-75.123919","1948","6","0","0","0","0","0","0","0","0","","0","0","0","19","3","6","","1","0","39 59:05.650","","0","75 07:26.108","3","0","0","0","67301","0","0","0","N","0","0","0","6","67301","4","","1.0","","1","N","N","N","0","","2","0","0","3","3","","1945","2","6","0","0","0","0","0","2","1","2","0","0","0","3","","","N","","","","","","","","","",""
"2021116308","2010","2","0","0","0","0","0","0","0","0","4","0","","67","11","2021","7","39.960442","-75.241062","2010","6","0","0","0","1","0","0","0","0","","0","0","0","20","3","1","","1","0","39 57:37.591","","0","75 14:27.822","4","0","0","0","67301","0","0","0","N","0","0","0","2","67301","1","","1.0","","1","N","N","N","0","","0","0","0","3","2","","2000","2","1","0","0","0","0","0","2","0","2","0","0","0","3","03","","N","","","","","","","","","",""
"2021109910","2045","2","0","0","0","0","0","0","0","0","4","0","","67","11","2021","5","40.054938","-75.155154","2030","6","0","0","0","0","0","1","0","0","","0","0","0","20","3","2","","1","0","40 03:17.776","","0","75 09:18.554","3","0","0","0","67301","0","0","0","N","0","0","0","3","67301","0","","1.0","","1","N","N","N","0","","2","0","0","3","3","","2023","2","2","0","0","0","0","1","2","0","2","0","0","0","3","","","N","","","","","","","","","",""
"2021113886","1930","2","0","0","0","0","0","0","0","0","1","0","","67","11","2021","1","39.985457","-75.248163","1930","6","0","0","0","0","0","0","0","0","","0","0","0","19","3","1","","1","0","39 59:07.645","","0","75 14:53.387","3","0","0","0","67301","0","0","0","N","0","0","0","2","67301","0","","1.0","","1","N","N","N","0","","1","0","0","3","2","","1900","2","1","0","0","0","0","0","2","0","2","0","0","0","3","03","","N","","","","","","","","","",""
"2021110398","1540","1","0","0","0","0","0","0","0","0","8","0","","67","11","2021","4","39.948417","-75.235222","1536","6","0","0","0","0","0","1","0","0","","0","0","0","14","1","1","N","0","0","39 56:54.300","","0","75 14:06.800","3","0","0","0","67301","1","0","0","N","1","0","0","2","67301","0","","1.0","","1","N","N","N","0","","1","0","0","0","0","","1405","2","1","0","0","0","0","0","2","0","1","1","0","0","3","03","","N","","","","","","","","","",""
"2021110614","1200","0","0","0","0","0","0","0","0","0","4","0","","67","11","2021","7","39.927672","-75.146952","1145","6","0","0","0","0","0","2","0","0","","0","0","0","11","1","0","","1","0","39 55:39.619","","0","75 08:49.027","0","0","0","0","67301","0","0","0","N","0","0","0","2","67301","0","","1.0","","1","N","N","N","0","","0","0","1","3","3","","1133","2","0","0","0","0","0","0","2","1","2","0","0","0","3","03","","N","","","","","","","","","",""
"2021117537","0904","1","0","0","0","0","0","0","0","0","7","0","","67","11","2021","6","39.923393","-75.191765","0856","6","0","0","0","0","0","0","0","0","","0","0","0","8","1","0","N","0","1","39 55:24.216","4","0","75 11:30.353","0","0","0","0","67301","0","0","0","N","0","0","0","2","68K01","0","","4.0","20.0","9","N","N","N","0","","0","0","0","0","0","N","853","1","0","0","0","0","0","0","2","0","1","0","0","0","4","","","N","","","","","","","","","",""
"2021110438","0200","0","0","0","0","0","0","0","0","0","8","0","","67","11","2021","4","39.989858","-75.125431","0146","6","0","0","0","0","0","0","0","0","","0","0","0","1","3","1","","1","0","39 59:23.487","","1","75 07:31.551","3","0","0","0","67301","1","0","0","N","1","0","0","2","67301","0","","1.0","","1","N","N","N","0","","1","0","1","3","2","","146","2","1","0","0","0","0","0","2","0","1","1","0","0","3","03","","N","","","","","","","","","",""
"2021120741","1910","1","0","0","0","0","0","0","0","0","7","0","","67","11","2021","2","39.977964","-75.171778","1905","6","0","0","0","0","0","0","0","0","","0","0","0","19","3","0","N","0","0","39 58:40.670","","0","75 10:18.400","9","0","0","0","67301","0","0","0","N","0","0","0","1","67301","0","","5.0","","1","N","N","N","0","","0","0","0","0","0","","1900","1","0","1","0","0","0","1","2","0","1","0","0","0","3","03","","N","","","","","","","","","",""
"2021114646","1114","1","0","0","0","0","0","0","0","0","8","0","","67","11","2021","1","39.998084","-75.233246","1114","6","0","0","0","0","0","1","0","0","","0","0","0","11","1","1","","1","1","39 59:53.101","2","0","75 13:59.687","8","0","0","0","67301","1","0","0","N","1","0","0","2","46104","0","","1.0","1130.0","1","N","N","N","0","","0","0","0","0","0","N","1114","2","1","1","0","0","1","0","2","0","1","1","0","0","3","","","N","","","","","","","","","",""
"2021115487","0956","2","0","0","0","0","0","0","0","0","4","0","","67","11","2021","5","40.013043","-75.119472","0955","6","0","0","0","1","0","0","0","0","","0","0","0","9","1","1","","1","0","40 00:46.955","","0","75 07:10.098","3","0","0","0","67301","0","0","0","N","0","0","0","2","67301","0","","1.0","","1","N","N","N","0","","1","0","2","3","2","","953","4","1","0","0","0","0","0","2","0","4","0","0","0","3","","","N","","","","","","","","","",""
"2021114294","0922","0","0","0","0","0","0","0","0","0","8","0","","67","11","2021","3","39.926048","-75.227937","0919","6","0","0","0","0","0","1","0","0","","0","0","0","9","1","1","","1","2","39 55:33.772","7","0","75 13:40.573","3","0","0","0","67301","1","0","0","N","1","0","0","2","67301","0","","1.0","1130.0","1","N","N","N","1","","1","0","0","3","2","Y","918","2","1","0","0","0","0","0","2","0","1","1","0","0","3","03","","N","","","","","","","","","",""
"2021116326","2356","2","0","0","0","0","0","0","0","0","4","0","","67","11","2021","5","39.97756","-75.210906","2355","6","0","0","0","1","0","1","0","0","","0","0","0","13","1","1","","1","0","39 58:39.216","","0","75 12:39.261","3","0","0","0","67301","0","0","0","N","0","0","0","2","67301","0","","1.0","","1","N","N","N","0","","1","0","0","0","0","","1315","2","1","0","0","0","0","1","2","0","2","0","0","0","3","","","N","","","","","","","","","",""
"2021113665","0748","1","0","0","0","0","0","0","0","0","4","0","","67","11","2021","6","40.00768","-75.15158","0743","6","0","0","0","0","0","1","0","0","","0","0","0","7","1","1","","1","1","40 00:27.648","2","0","75 09:05.687","3","0","0","0","67301","0","0","0","N","0","0","0","3","67301","0","","1.0","810.0","1","N","N","N","0","","1","0","1","3","2","N","735","2","1","0","0","0","0","0","2","0","2","0","0","0","3","03","","N","","","","","","","","","",""
"2021114796","2031","0","0","0","0","0","0","0","0","0","8","0","","67","11","2021","3","39.996524","-75.11388","2030","6","0","0","0","0","0","0","0","0","","0","0","0","20","3","1","N","0","0","39 59:47.488","","0","75 06:49.968","3","0","0","0","67301","1","0","0","N","1","0","0","2","67508","0","","1.0","","1","N","N","Y","0","","1","0","1","0","0","","2030","2","1","0","0","0","0","0","2","0","1","1","0","0","3","03","","N","","","","","","","","","",""
"2021123464","0432","1","0","0","0","0","0","0","0","0","1","0","","67","11","2021","1","39.998255","-75.127363","0415","6","0","0","0","0","0","0","0","0","","0","0","0","3","3","1","","1","0","39 59:53.719","","0","75 07:38.508","3","0","0","0","67301","0","0","0","N","0","0","0","2","67301","0","","1.0","","1","N","N","N","0","","1","0","1","3","2","","358","2","1","0","0","0","0","0","2","0","2","0","0","0","3","","","N","","","","","","","","","",""
"2021110763","0400","1","0","0","0","0","0","0","0","0","1","0","","67","11","2021","1","40.033998","-75.074369","0356","6","0","0","0","0","0","0","0","0","","0","0","0","3","3","0","","1","0","40 02:02.392","","0","75 04:27.730","9","0","0","0","67301","0","0","0","N","0","0","0","2","67301","0","","1.0","","1","N","N","N","0","","0","0","1","3","2","","355","2","0","0","0","0","0","1","2","0","2","0","0","0","3","03","","N","","","","","","","","","",""
"2021110762","0634","0","0","0","0","0","0","0","0","0","2","0","","67","11","2021","4","40.008148","-75.072467","0629","6","0","0","0","0","0","0","0","0","","0","0","0","6","1","1","","1","0","40 00:29.331","","0","75 04:20.880","3","0","0","0","67301","0","0","0","N","0","0","0","2","67301","0","","1.0","","1","N","N","N","0","","1","0","2","3","2","","625","2","1","0","0","0","0","0","2","0","2","0","0","0","3","03","","N","","","","","","","","","",""
"2021110816","1130","0","0","0","0","0","0","0","0","0","4","0","","67","11","2021","7","40.035437","-75.108493","1130","6","0","0","0","0","0","1","1","0","","0","0","0","11","1","2","","1","2","40 02:07.572","4","0","75 06:30.576","8","0","0","0","67301","0","0","0","N","0","0","0","3","67301","0","","1.0","1150.0","1","N","N","N","0","","0","0","2","3","2","N","1125","2","2","0","0","0","2","1","2","0","2","0","0","0","4","","","N","","","","","","","","","",""
"2021126666","1420","1","0","0","0","0","0","0","0","0","4","0","","67","11","2021","4","39.949903","-75.24734","1400","6","0","0","0","0","0","0","0","0","","0","0","0","13","1","4","","1","0","39 56:59.650","","0","75 14:50.423","4","0","0","0","67301","0","0","0","N","0","0","0","4","67301","4","","1.0","","1","N","N","N","0","","0","0","1","3","2","","1358","2","4","0","0","0","0","0","2","0","2","0","0","0","3","03","","N","","","","","","","","","",""
"2021113353","0053","1","0","0","0","0","0","0","0","0","1","0","","67","11","2021","1","39.94024","-75.167956","0051","6","0","0","0","0","0","0","0","0","","0","0","0","0","3","1","","1","0","39 56:24.864","","0","75 10:04.641","3","0","0","0","67301","0","0","0","N","0","0","0","4","67301","0","","1.0","","1","N","N","N","0","","1","0","1","3","2","","45","2","1","0","0","0","0","1","2","0","2","0","0","0","3","","","N","","","","","","","","","",""
"2021109284","1615","1","0","0","0","0","0","0","0","0","1","0","","67","11","2021","4","40.00781","-75.139908","1611","6","0","0","0","0","0","1","0","0","","0","0","0","16","1","1","N","0","1","40 00:28.117","3","0","75 08:23.670","4","0","0","0","67301","0","0","0","N","0","0","0","4","67301","1","","1.0","1720.0","1","N","N","N","0","","0","0","1","0","0","N","1610","3","1","2","0","0","0","0","2","1","3","0","0","0","3","03","","N","","","","","","","","","",""
"2021115619","1855","1","0","0","0","0","0","0","0","0","1","0","","67","11","2021","6","40.092767","-75.047336","1850","6","0","0","0","0","0","1","0","0","","0","0","0","18","3","1","","2","0","40 05:33.961","","0","75 02:50.408","3","0","0","0","67301","0","0","0","N","0","0","0","3","67301","0","","1.0","","1","N","N","N","0","","1","0","1","0","0","","1846","2","1","0","0","0","0","0","2","0","2","0","0","0","3","03","","N","","","","","","","","","",""
"2021109859","0802","2","0","0","0","0","0","0","0","0","5","0","","67","11","2021","6","40.02623","-75.058714","0758","6","0","0","0","0","0","0","0","0","","0","0","0","7","1","0","N","0","0","40 01:34.428","","0","75 03:31.372","0","0","0","0","67301","0","0","0","N","0","0","0","2","67301","0","","1.0","","9","N","N","Y","0","","0","0","1","0","0","","758","3","0","1","0","0","0","0","2","0","3","0","0","0","7","07","","N","","","","","","","","","",""
"2021113296","2317","0","0","0","0","0","0","0","0","0","1","0","","67","11","2021","5","39.972417","-75.222083","2315","6","0","0","0","0","0","1","0","0","","0","0","0","22","3","0","N","0","0","39 58:20.700","","0","75 13:19.500","0","0","0","0","67301","0","0","0","N","0","0","0","2","67301","0","","1.0","","9","N","N","N","1","","0","0","0","0","0","","2230","2","0","0","0","0","0","0","2","0","2","0","0","0","7","07","","N","","","","","","","","","",""
"2021115560","0850","0","0","0","0","0","0","0","0","0","5","0","","67","11","2021","6","40.007586","-75.162861","0846","6","0","0","0","0","0","0","0","0","","0","0","0","8","1","0","N","0","2","40 00:27.310","3","0","75 09:46.300","0","0","0","0","67301","0","0","0","N","0","0","0","3","67301","0","","1.0","200.0","9","N","N","Y","0","","0","0","3","0","0","N","845","3","0","0","0","0","0","0","2","0","3","0","0","0","3","","","N","","","","","","","","","",""
"2021111040","0108","2","0","0","0","0","0","0","0","0","4","0","","67","11","2021","7","39.94822","-75.164563","0105","6","0","0","0","0","0","1","0","0","","0","0","0","0","3","1","","1","0","39 56:53.591","","0","75 09:52.428","8","0","0","0","67301","0","0","0","N","0","0","0","2","67301","0","","1.0","","1","N","N","N","0","","0","0","0","3","2","","57","2","1","0","0","0","1","0","2","0","2","0","0","0","3","03","","N","","","","","","","","","",""
"2021080376","1620","1","0","0","0","0","0","0","0","0","4","0","","67","8","2021","5","40.107585","-75.053737","1618","6","0","0","0","0","0","0","0","0","","0","0","0","15","1","0","","2","0","40 06:27.306","","0","75 03:13.453","0","0","0","0","67301","0","0","0","N","0","0","0","3","67301","0","","1.0","","1","N","N","N","0","","0","0","1","3","2","","1545","2","0","0","0","0","0","0","2","0","2","0","0","0","3","","","N","","","","","","","","","",""
"2021118256","1141","2","0","0","0","0","0","0","0","0","1","0","","67","11","2021","6","40.041111","-75.151389","1139","6","0","0","0","0","0","0","0","0","","0","0","0","11","1","0","N","0","0","40 02:28.000","","0","75 09:05.000","0","0","0","0","67301","0","0","0","N","0","0","0","2","67301","0","","1.0","","1","N","N","N","0","","0","0","0","0","0","","1138","2","0","1","0","0","0","0","2","0","2","0","0","0","3","03","","N","","","","","","","","","",""
"2021111815","2235","2","0","0","0","0","0","0","0","0","5","0","","67","11","2021","1","39.903419","-75.244011","2235","6","0","0","0","0","0","0","0","0","","0","0","0","18","3","1","N","0","0","39 54:12.310","","0","75 14:38.440","3","0","0","0","67301","0","0","0","N","0","0","0","2","67301","0","","1.0","","9","N","N","N","0","","1","0","0","0","0","","1830","2","1","0","0","0","0","0","2","0","2","0","0","0","7","07","","N","","","","","","","","","",""
"2021112556","2203","1","0","0","0","0","0","0","0","0","6","0","","67","11","2021","4","40.126986","-75.021128","2158","6","0","0","0","0","1","0","0","0","","0","0","0","21","3","1","N","0","0","40 07:37.150","","0","75 01:16.060","4","0","0","0","67301","0","0","0","N","0","0","0","2","67301","1","","1.0","","1","N","N","N","0","","0","0","1","0","0","","2155","2","1","0","0","0","0","1","2","0","2","0","0","0","3","","","N","","","","","","","","","",""
"2021110151","1154","1","0","0","0","0","0","0","0","0","4","0","","67","11","2021","6","40.099146","-74.986864","1153","6","0","0","0","0","1","1","0","0","","0","0","0","11","1","1","","1","1","40 05:56.927","7","2","74 59:12.712","3","0","0","0","67301","0","0","0","N","0","0","0","3","67301","0","","1.0","100.0","9","N","N","N","0","","1","0","0","3","2","N","1151","2","1","3","0","0","0","0","2","1","2","0","0","0","7","07","","N","","","","","","","","","",""
"2021114027","0416","1","0","0","0","0","0","0","0","0","7","0","","67","11","2021","2","39.921278","-75.190639","0402","6","0","0","0","0","0","0","0","0","","0","0","0","4","3","0","N","0","1","39 55:16.602","2","1","75 11:26.301","0","0","0","0","67301","0","0","0","N","0","0","0","1","67301","0","","4.0","500.0","9","N","N","N","0","","0","0","0","0","0","N","402","1","0","1","0","0","0","0","2","0","1","0","0","0","7","04","","N","","","","","","","","","",""
"2021124876","0929","1","0","0","0","0","0","0","0","0","4","0","","67","12","2021","4","40.022111","-75.1161","0925","6","0","0","0","0","0","0","1","0","","0","0","0","15","1","1","","1","0","40 01:19.599","","0","75 06:57.960","8","0","0","0","67301","1","0","0","N","1","0","0","3","67301","0","","1.0","","1","N","N","N","0","","0","0","1","3","3","","1532","3","1","0","0","0","1","1","2","0","2","1","0","0","3","03","","N","","","","","","","","","",""
"2021113800","2045","1","0","0","0","0","0","0","0","0","8","0","","67","11","2021","1","39.950903","-75.151993","2045","6","0","0","0","0","0","0","0","0","","0","0","0","20","3","1","","1","0","39 57:03.252","","0","75 09:07.174","8","0","0","0","67301","1","0","0","N","1","0","0","2","67301","0","","1.0","","1","N","N","N","0","","0","0","0","3","2","","2030","2","1","1","0","0","1","0","2","0","1","1","0","0","3","03","","N","","","","","","","","","",""
"2021118778","1843","0","0","0","0","0","0","0","0","0","8","0","","67","11","2021","6","39.995168","-75.112208","1842","6","0","0","0","0","0","0","0","0","","0","0","0","18","1","2","","1","0","39 59:42.604","","0","75 06:43.950","4","0","0","0","67301","1","0","0","N","1","0","0","2","67301","2","","1.0","","1","N","N","N","0","","0","0","1","3","2","","1841","2","2","1","0","0","0","0","2","0","1","1","0","0","3","98","","N","","","","","","","","","",""
"2021110484","0300","2","0","0","0","0","0","0","0","0","4","0","","67","11","2021","4","40.003924","-75.220699","0300","6","0","0","0","0","0","1","0","0","","0","0","0","22","3","2","","1","0","40 00:14.125","","0","75 13:14.515","3","0","0","0","67301","0","0","0","N","0","0","0","3","67301","0","","1.0","","1","N","N","N","0","","1","0","0","3","2","","2200","2","2","0","0","0","1","0","2","0","2","0","0","0","3","03","","N","","","","","","","","","",""
"2021112666","1739","2","0","0","0","0","0","0","0","0","4","0","","67","11","2021","5","39.990208","-75.138215","1738","6","0","0","0","0","0","0","0","0","","0","0","0","17","3","1","","1","0","39 59:24.748","","0","75 08:17.573","2","0","1","1","67301","0","0","0","N","0","0","0","2","67301","0","","1.0","","99","N","N","N","0","","0","1","1","3","3","","1736","4","1","0","0","0","0","0","2","0","4","0","0","0","3","03","","N","","","","","","","","","",""
"2021106856","1443","1","0","0","0","0","0","1","0","0","1","1","","67","10","2021","5","40.027019","-75.075455","1440","6","0","0","0","0","0","0","0","0","","0","0","0","14","1","2","","1","1","40 01:37.269","1","0","75 04:31.638","4","0","0","0","67301","0","0","0","N","0","0","0","4","67508","2","","1.0","9999.0","1","N","N","Y","0","","0","0","0","3","2","N","1440","2","2","1","0","0","0","0","2","0","2","0","0","0","3","03","","N","","","","","","","","","",""
"2021114312","2226","2","0","0","0","0","0","0","0","0","4","0","","67","11","2021","2","39.950971","-75.177318","2226","6","0","1","0","0","0","0","0","0","","0","0","0","22","3","0","","1","1","39 57:03.495","1","0","75 10:38.343","0","0","0","0","67301","0","0","0","N","0","0","0","4","67301","0","","1.0","5.0","1","N","N","N","0","","0","0","0","3","2","Y","2225","2","0","0","0","0","0","0","2","0","2","0","0","0","3","03","","N","","","","","","","","","",""
"2021093018","1640","2","0","0","0","0","0","0","0","0","1","0","","67","9","2021","2","40.03643","-75.145195","1640","6","0","0","0","0","0","0","0","0","","0","0","0","16","1","1","N","0","0","40 02:11.149","","0","75 08:42.703","4","0","0","0","67301","0","0","0","N","0","0","0","2","67301","1","","1.0","","1","N","N","N","0","","0","0","0","0","0","","1605","2","1","2","0","0","0","1","2","0","2","0","0","0","3","","","N","","","","","","","","","",""
"2021100766","1730","0","0","0","0","0","0","0","0","0","7","0","","67","10","2021","3","39.898644","-75.180228","1720","6","0","0","0","0","0","1","0","0","","0","0","0","17","1","1","","7","0","39 53:55.118","","2","75 10:48.820","4","0","0","0","67301","0","0","0","Y","0","0","0","1","68K01","1","","7.0","","1","N","N","N","0","","0","0","0","0","0","","1717","1","1","0","0","0","0","0","2","1","1","0","0","0","3","","","N","","","","","","","","","",""
"2021099264","0139","1","0","0","0","0","0","0","0","0","7","0","","67","10","2021","6","39.89404","-75.17633","0139","6","0","0","0","0","0","0","0","0","","0","0","0","1","3","0","N","0","2","39 53:38.544","2","2","75 10:34.788","0","0","0","0","67301","0","0","0","N","0","0","0","1","67501","0","","4.0","220.0","1","N","N","N","0","","0","0","0","0","0","Y","139","1","0","0","0","0","0","0","2","0","1","0","0","0","3","","","N","","","","","","","","","",""
"2021110806","0505","1","0","0","0","0","0","0","0","0","4","0","","67","11","2021","2","39.960207","-75.190892","0505","6","0","0","0","0","0","0","0","0","","0","0","0","5","2","0","","1","1","39 57:36.745","4","0","75 11:27.211","0","0","0","0","67301","0","0","0","N","0","0","0","2","67507","0","","1.0","630.0","9","N","N","N","0","","0","0","1","1","2","Y","503","2","0","0","0","0","0","0","2","0","2","0","0","0","7","","","N","","","","","","","","","",""
"2021108836","0900","0","0","0","0","0","0","0","0","0","5","0","","67","11","2021","3","40.077111","-74.9796","0847","6","0","0","0","0","1","0","0","0","","0","0","0","8","1","1","N","0","0","40 04:37.600","","0","74 58:46.560","3","0","0","0","67301","0","0","0","N","0","0","0","1","67301","0","","6.0","","1","N","N","N","0","","1","0","1","0","0","","845","2","1","0","0","0","0","0","2","1","2","0","0","0","3","03","","N","","","","","","","","","",""
"2021116362","0243","2","0","0","0","0","0","0","0","0","4","0","","67","11","2021","1","40.038972","-75.150035","0241","6","0","0","0","0","0","0","0","0","","0","0","0","2","3","2","","1","2","40 02:20.299","7","0","75 09:00.127","3","0","0","0","67301","0","0","0","N","0","0","0","4","67301","0","","1.0","337.0","1","N","N","N","0","","2","0","1","3","2","Y","238","3","2","0","0","0","0","0","2","0","3","0","0","0","3","03","","N","","","","","","","","","",""
"2021116632","0822","1","0","0","0","0","0","0","0","0","7","0","","67","11","2021","1","39.889996","-75.240143","0808","6","0","0","0","0","0","0","0","0","","0","0","0","3","3","0","N","0","0","39 53:23.987","","0","75 14:24.516","9","0","0","0","67301","0","0","0","N","0","0","0","1","68K01","0","","4.0","","99","N","N","N","0","","0","0","0","0","0","","300","1","0","0","0","0","0","1","2","0","1","0","0","0","99","","","N","","","","","","","","","",""
"2021110478","2348","2","0","0","0","0","0","0","0","0","5","0","","67","11","2021","7","39.934083","-75.158917","2346","6","0","0","0","0","0","0","0","0","","0","0","0","22","3","0","N","0","2","39 56:02.700","1","0","75 09:32.100","0","0","0","0","67301","0","0","0","N","0","0","0","1","67301","0","","6.0","1.0","1","N","N","N","0","","0","0","0","0","0","Y","2229","2","0","0","0","0","0","0","2","0","2","0","0","0","3","","","N","","","","","","","","","",""
"2021113342","0619","1","0","0","0","0","0","0","0","0","4","0","","67","11","2021","1","40.0014","-75.081573","0600","6","0","0","0","0","0","1","0","0","","0","0","0","5","3","1","","3","0","40 00:05.039","","0","75 04:53.662","3","0","0","0","67301","0","0","0","N","0","0","0","2","67301","0","","1.0","","4","N","N","N","0","","1","0","1","3","2","","521","2","1","0","0","0","0","0","2","0","2","0","0","0","3","03","","N","","","","","","","","","",""
"2021111362","1600","1","0","0","0","0","0","0","0","0","4","0","","67","11","2021","2","40.071317","-75.03825","1600","6","0","0","0","0","0","0","1","0","","0","0","0","15","1","1","","1","1","40 04:16.742","2","0","75 02:17.701","3","0","0","0","67301","0","0","0","N","0","0","0","2","67301","0","","1.0","410.0","1","N","N","N","0","","1","0","1","3","1","N","1547","2","1","0","0","0","0","0","2","0","2","0","0","0","3","08","","N","","","","","","","","","",""
"2021113457","2109","2","0","0","0","0","0","0","0","0","4","0","","67","11","2021","5","40.038528","-75.107075","2109","6","0","0","0","0","0","0","0","0","","0","0","0","20","3","0","N","0","0","40 02:18.700","","7","75 06:25.470","0","0","0","0","67301","0","0","0","N","0","0","0","1","67301","0","","4.0","","9","N","N","N","0","","0","0","1","0","0","","2030","3","0","0","0","0","0","0","2","0","3","0","0","0","7","07","","N","","","","","","","","","",""
"2021109744","2340","1","0","0","0","0","0","0","0","0","4","0","","67","11","2021","4","40.010463","-75.165689","2335","6","0","0","0","0","0","1","0","0","","0","0","0","22","3","4","N","0","0","40 00:37.666","","0","75 09:56.480","3","0","0","0","67301","0","0","0","N","0","0","0","5","67301","0","","1.0","","1","N","N","N","0","","4","0","2","0","0","","2250","3","4","4","0","0","0","0","2","0","3","0","0","0","3","03","","N","","","","","","","","","",""
"2021114750","0433","0","0","0","0","0","0","0","0","0","7","0","","67","11","2021","7","39.980118","-75.205043","0428","6","0","0","0","0","0","0","0","0","","0","0","0","4","3","1","N","0","0","39 58:48.423","","0","75 12:18.153","8","0","0","1","67301","0","0","0","N","0","0","0","1","68K01","0","","4.0","","1","N","N","N","0","","0","0","0","0","0","","427","1","1","0","0","0","1","0","2","0","1","0","0","0","3","","","N","","","","","","","","","",""