"CRN","ARRIVAL_TM","AUTOMOBILE_COUNT","BELTED_DEATH_COUNT","BELTED_SUSP_SERIOUS_INJ_COUNT","BICYCLE_COUNT","BICYCLE_DEATH_COUNT","BICYCLE_SUSP_SERIOUS_INJ_COUNT","BUS_COUNT","CHLDPAS_DEATH_COUNT","CHLDPAS_SUSP_SERIOUS_INJ_COUNT","COLLISION_TYPE","COMM_VEH_COUNT","CONS_ZONE_SPD_LIM","COUNTY","CRASH_MONTH","CRASH_YEAR","DAY_OF_WEEK","DEC_LATITUDE","DEC_LONGITUDE","DISPATCH_TM","DISTRICT","DRIVER_COUNT_16YR","DRIVER_COUNT_17YR","DRIVER_COUNT_18YR","DRIVER_COUNT_19YR","DRIVER_COUNT_20YR","DRIVER_COUNT_50_64YR","DRIVER_COUNT_65_74YR","DRIVER_COUNT_75PLUS","EST_HRS_CLOSED","FATAL_COUNT","HEAVY_TRUCK_COUNT","HORSE_BUGGY_COUNT","HOUR_OF_DAY","ILLUMINATION","INJURY_COUNT","INTERSECTION_RELATED","INTERSECT_TYPE","LANE_CLOSED","LATITUDE","LN_CLOSE_DIR","LOCATION_TYPE","LONGITUDE","MAX_SEVERITY_LEVEL","MCYCLE_DEATH_COUNT","MCYCLE_SUSP_SERIOUS_INJ_COUNT","MOTORCYCLE_COUNT","MUNICIPALITY","NONMOTR_COUNT","NONMOTR_DEATH_COUNT","NONMOTR_SUSP_SERIOUS_INJ_COUNT","NTFY_HIWY_MAINT","PED_COUNT","PED_DEATH_COUNT","PED_SUSP_SERIOUS_INJ_COUNT","PERSON_COUNT","POLICE_AGCY","POSSIBLE_INJ_COUNT","RDWY_SURF_TYPE_CD","RELATION_TO_ROAD","ROADWAY_CLEARED","ROAD_CONDITION","SCH_BUS_IND","SCH_ZONE_IND","SECONDARY_CRASH","SMALL_TRUCK_COUNT","SPEC_JURIS_CD","SUSP_MINOR_INJ_COUNT","SUSP_SERIOUS_INJ_COUNT","SUV_COUNT","TCD_FUNC_CD","TCD_TYPE","TFC_DETOUR_IND","TIME_OF_DAY","TOTAL_UNITS","TOT_INJ_COUNT","UNBELTED_OCC_COUNT","UNB_DEATH_COUNT","UNB_SUSP_SERIOUS_INJ_COUNT","UNK_INJ_DEG_COUNT","UNK_INJ_PER_COUNT","URBAN_RURAL","VAN_COUNT","VEHICLE_COUNT","VULNERABLE_ROAD_USER_COUNT","VULNERABLE_ROAD_USER_DEATH_COUNT","VULNERABLE_ROAD_USER_SER_INJ_COUNT","WEATHER1","WEATHER2","WORKERS_PRES","WORK_ZONE_IND","WORK_ZONE_LOC","WORK_ZONE_TYPE","WZ_CLOSE_DETOUR","WZ_FLAGGER","WZ_LAW_OFFCR_IND","WZ_LN_CLOSURE","WZ_MOVING","WZ_OTHER","WZ_SHLDER_MDN","WZ_WORKERS_INJ_KILLED"
"2021124397","1012","0","0","0","0","0","0","0","0","0","4","0","","67","11","2021","7","39.977065","-75.229834","1010","6","0","0","0","0","0","0","0","0","","0","0","0","10","1","1","","1","1","39 58:37.434","3","0","75 13:47.402","3","0","0","0","67301","0","0","0","N","0","0","0","2","67301","0","","1.0","1030.0","1","N","N","N","0","","1","0","2","3","2","N","1007","2","1","0","0","0","0","0","2","0","2","0","0","0","3","03","","N","","","","","","","","","",""
"2021112729","0914","0","0","0","0","0","0","0","0","0","1","0","","67","11","2021","6","39.919569","-75.24022","0914","6","0","0","0","0","0","0","1","0","","0","0","0","7","1","1","","1","0","39 55:10.448","","0","75 14:24.792","3","0","0","0","67301","0","0","0","N","0","0","0","2","67301","0","","1.0","","1","N","N","N","0","","1","0","1","3","2","","720","2","1","0","0","0","0","0","2","1","2","0","0","0","3","03","","N","","","","","","","","","",""
"2021111056","2051","1","0","0","0","0","0","0","0","0","4","0","","67","11","2021","4","39.975728","-75.223582","2051","6","0","0","0","0","0","1","0","0","","0","0","0","20","3","0","","2","1","39 58:32.622","3","0","75 13:24.894","0","0","0","0","67301","0","0","0","N","0","0","0","2","67301","0","","1.0","2115.0","1","N","N","N","0","","0","0","1","0","0","N","2040","2","0","0","0","0","0","0","2","0","2","0","0","0","3","03","","N","","","","","","","","","",""
"2021110823","1150","2","0","0","0","0","0","0","0","0","1","0","","67","11","2021","1","40.031354","-75.146421","1141","6","0","0","0","0","0","1","0","0","","0","0","0","11","1","2","Y","0","0","40 01:52.876","","0","75 08:47.114","3","0","0","0","67301","0","0","0","N","0","0","0","3","67301","0","","1.0","","1","N","N","N","0","","2","0","0","3","2","","1130","2","2","0","0","0","0","0","2","0","2","0","0","0","4","","","N","","","","","","","","","",""
"2021115050","1859","2","0","0","0","0","0","0","0","0","4","0","","67","11","2021","7","39.961564","-75.151773","1855","6","0","0","0","0","0","0","0","0","","0","0","0","18","3","1","","1","0","39 57:41.631","","0","75 09:06.381","4","0","0","0","67301","0","0","0","N","0","0","0","3","67301","1","","1.0","","1","N","N","N","0","","0","0","1","3","2","","1850","3","1","0","0","0","0","1","2","0","3","0","0","0","3","03","","N","","","","","","","","","",""
"2021090912","0357","1","0","0","0","0","0","0","0","0","4","0","","67","9","2021","1","40.024497","-75.147918","0353","6","0","0","0","0","0","0","0","0","","0","0","0","3","3","0","","1","2","40 01:28.189","6","0","75 08:52.503","0","0","0","0","67301","0","0","0","N","0","0","0","3","67301","0","","1.0","605.0","1","N","N","N","0","","0","0","2","3","2","Y","348","3","0","0","0","0","0","0","2","0","3","0","0","0","3","03","","N","","","","","","","","","",""
"2021091341","1620","2","0","0","0","0","0","0","0","0","1","0","","67","9","2021","2","40.034298","-75.038613","1602","6","0","0","0","0","1","0","1","0","","0","0","0","15","1","1","","1","0","40 02:03.472","","0","75 02:19.006","4","0","0","0","67301","0","0","0","N","0","0","0","2","67301","1","","1.0","","1","N","N","N","0","","0","0","0","3","2","","1500","2","1","0","0","0","0","0","2","0","2","0","0","0","3","","","N","","","","","","","","","",""
"2021090809","0215","0","0","0","0","0","0","0","0","0","4","0","","67","9","2021","1","39.970158","-75.145059","0214","6","0","0","0","0","0","0","0","0","","0","0","0","2","3","2","","1","0","39 58:12.569","","0","75 08:42.214","4","0","0","0","67301","0","0","0","N","0","0","0","3","67301","2","","1.0","","1","N","N","N","0","","0","0","1","3","2","","210","2","2","0","0","0","0","0","2","0","2","0","0","0","3","03","","N","","","","","","","","","",""
"2021127228","","2","0","0","0","0","0","0","0","0","4","0","","67","9","2021","6","39.944339","-75.230956","","6","0","0","0","0","0","0","1","0","","0","0","0","20","4","1","","1","0","39 56:39.619","","0","75 13:51.440","8","0","0","0","67301","0","0","0","N","0","0","0","2","00000","0","","1.0","","1","N","N","N","0","","0","0","0","3","3","","2000","2","1","0","0","0","1","0","2","0","2","0","0","0","3","","","N","","","","","","","","","",""
"2021098094","1730","0","0","0","0","0","0","0","0","0","7","0","","67","10","2021","5","40.025194","-75.204625","1725","6","0","0","0","0","0","0","0","0","","0","0","0","17","1","1","N","0","0","40 01:30.700","","0","75 12:16.650","3","0","0","0","67301","0","0","0","N","0","0","0","1","67301","0","","4.0","","1","N","N","N","0","","1","0","1","0","0","","1715","1","1","0","0","0","0","0","2","0","1","0","0","0","98","03","","N","","","","","","","","","",""
"2021091834","0327","1","0","0","0","0","0","0","0","0","4","0","","67","9","2021","1","39.923299","-75.161318","0324","6","0","0","0","0","0","0","0","0","","0","0","0","3","3","0","","1","0","39 55:23.877","","0","75 09:40.743","0","0","0","0","67301","0","0","0","N","0","0","0","2","67301","0","","1.0","","1","N","N","N","0","","0","0","1","3","2","","321","2","0","0","0","0","0","0","2","0","2","0","0","0","3","03","","N","","","","","","","","","",""
"2021089643","0915","2","0","0","0","0","0","0","0","0","4","0","","67","9","2021","4","40.004387","-75.128544","0852","6","0","0","0","0","0","0","0","0","","0","0","0","8","1","4","","2","0","40 00:15.793","","0","75 07:42.758","3","0","0","0","67301","0","0","0","N","0","0","0","5","67301","0","","1.0","","1","N","N","N","0","","4","0","0","0","0","","845","2","4","0","0","0","0","1","2","0","2","0","0","0","4","","","N","","","","","","","","","",""
"2021123460","0936","1","0","0","0","0","0","0","0","0","5","1","","67","11","2021","1","39.986842","-75.108208","0935","6","0","0","0","0","0","0","0","0","","0","1","0","5","3","0","N","0","0","39 59:12.630","","0","75 06:29.550","9","0","0","0","67301","0","0","0","N","0","0","0","1","67301","0","","6.0","","1","N","N","N","0","","0","0","0","0","0","","530","2","0","0","0","0","0","1","2","0","2","0","0","0","3","","","N","","","","","","","","","",""
"2021114595","0020","0","0","0","0","0","0","0","0","0","4","0","","67","11","2021","4","40.014806","-75.085544","0019","6","0","0","0","0","1","0","0","0","","0","0","0","0","3","2","","1","0","40 00:53.302","","1","75 05:07.958","3","0","0","0","67301","0","0","0","N","0","0","0","2","67301","0","","1.0","","1","N","N","N","0","","2","0","1","3","2","","19","2","2","0","0","0","0","0","2","1","2","0","0","0","3","","","N","","","","","","","","","",""
"2021095765","1100","0","0","0","0","0","0","0","0","0","8","0","","67","10","2021","6","39.996634","-75.175421","1100","6","0","0","0","0","0","1","0","0","","0","0","0","10","1","1","N","0","2","39 59:47.883","6","0","75 10:31.517","3","0","0","0","67301","1","0","0","N","1","0","0","2","67301","0","","1.0","1115.0","1","N","N","N","0","","1","0","1","0","0","Y","1055","2","1","0","0","0","0","0","2","0","1","1","0","0","3","03","","N","","","","","","","","","",""
"2021101036","0037","2","0","0","0","0","0","0","0","0","5","0","","67","10","2021","7","40.020414","-75.115147","0037","6","0","0","0","0","0","0","0","0","","0","0","0","21","3","0","N","0","0","40 01:13.490","","0","75 06:54.530","0","0","0","0","67301","0","0","0","N","0","0","0","1","67301","0","","6.0","","9","N","N","N","1","","0","0","0","0","0","","2145","3","0","0","0","0","0","0","2","0","3","0","0","0","7","","","N","","","","","","","","","",""
"2021116977","0815","0","0","0","0","0","0","0","0","0","7","0","","67","11","2021","1","39.887449","-75.204421","0814","6","0","0","0","0","0","0","0","0","","0","0","0","8","1","1","N","0","2","39 53:14.818","2","3","75 12:15.916","8","0","0","0","67301","0","0","0","N","0","0","0","1","68K01","0","","3.0","845.0","1","N","N","N","0","","0","0","1","0","0","Y","812","1","1","0","0","0","1","0","2","0","1","0","0","0","3","03","","N","","","","","","","","","",""
"2021111325","1559","2","0","0","0","0","0","0","0","0","4","0","","67","11","2021","2","39.997823","-75.176749","1559","6","0","0","0","0","0","0","0","0","","0","0","0","15","1","0","","2","2","39 59:52.162","7","0","75 10:36.296","0","0","0","0","67301","0","0","0","N","0","0","0","2","67301","0","","1.0","1701.0","1","N","N","N","0","","0","0","2","3","3","Y","1540","4","0","0","0","0","0","0","2","0","4","0","0","0","4","","","N","","","","","","","","","",""
"2021090589","1755","0","0","0","0","0","0","0","0","0","4","0","","67","9","2021","7","39.982717","-75.175321","1750","6","0","0","0","0","0","0","0","0","","0","0","0","17","4","1","","1","0","39 58:57.782","","0","75 10:31.155","3","0","0","0","67301","0","0","0","N","0","0","0","2","67301","0","","1.0","","1","N","N","N","0","","1","0","1","3","2","","1749","2","1","0","0","0","0","0","2","0","2","0","0","0","3","03","","N","","","","","","","","","",""
"2021096850","0844","2","0","0","0","0","0","0","0","0","4","0","","67","10","2021","3","39.967095","-75.206655","0844","6","0","0","0","0","0","0","0","0","","0","0","0","8","1","1","","1","0","39 58:01.543","","0","75 12:23.959","4","0","0","0","67301","0","0","0","N","0","0","0","2","67301","1","","1.0","","1","N","N","N","0","","0","0","0","3","3","","844","2","1","0","0","0","0","0","2","0","2","0","0","0","4","","","N","","","","","","","","","",""
"2021110572","1937","1","0","0","0","0","0","0","0","0","5","0","","67","11","2021","6","39.970464","-75.124679","1919","6","0","0","0","0","0","1","0","0","","0","0","0","18","3","0","N","0","0","39 58:13.672","","0","75 07:28.843","0","0","0","0","67301","0","0","0","N","0","0","0","2","68K01","0","","1.0","","1","N","N","N","0","","0","0","1","0","0","","1850","2","0","0","0","0","0","0","2","0","2","0","0","0","3","03","","N","","","","","","","","","",""
"2021092434","0837","1","0","0","0","0","0","0","0","0","4","0","","67","9","2021","2","40.034656","-75.140995","0830","6","0","0","0","0","0","0","0","0","","0","0","0","7","1","1","","1","0","40 02:04.761","","0","75 08:27.581","3","0","0","0","67301","0","0","0","N","0","0","0","3","67301","0","","1.0","","1","N","N","N","0","","1","0","0","3","3","","710","2","1","0","0","0","0","1","2","0","2","0","0","0","3","03","","N","","","","","","","","","",""
"2021114552","0938","2","0","0","0","0","0","0","0","0","1","0","","67","11","2021","3","40.078561","-75.02469","0938","6","0","0","0","0","0","2","0","0","","0","0","0","9","1","1","Y","0","1","40 04:42.818","3","0","75 01:28.883","4","0","0","0","67301","0","0","0","N","0","0","0","3","67301","1","","1.0","950.0","1","N","N","N","0","","0","0","1","3","2","N","935","3","1","0","0","0","0","0","2","0","3","0","0","0","3","03","","N","","","","","","","","","",""
"2021111047","1618","1","0","0","0","0","0","0","0","0","1","0","","67","11","2021","2","40.061933","-75.057994","1557","6","0","0","0","0","0","0","0","0","","0","0","0","15","1","0","N","0","0","40 03:42.960","","0","75 03:28.780","0","0","0","0","67301","0","0","0","N","0","0","0","1","67301","0","","6.0","","1","N","N","N","0","","0","0","2","0","0","","1513","3","0","0","0","0","0","0","2","0","3","0","0","0","3","03","","N","","","","","","","","","",""
"2021089978","0220","0","0","0","0","0","0","0","0","0","7","0","","67","9","2021","5","40.01575","-75.2056","0211","6","0","0","0","0","0","0","0","0","","0","0","0","2","3","1","N","0","2","40 00:56.700","1","0","75 12:20.160","3","0","0","0","67301","0","0","0","N","0","0","0","1","67301","0","","5.0","340.0","1","N","N","N","0","","1","0","1","0","0","Y","209","1","1","0","0","0","0","0","2","0","1","0","0","0","3","03","","N","","","","","","","","","",""
"2021094123","0910","2","0","0","0","0","0","0","0","0","4","0","","67","9","2021","6","40.008779","-75.122541","0850","6","0","0","0","0","0","0","0","0","","0","0","0","8","1","0","N","0","0","40 00:31.603","","7","75 07:21.149","0","0","0","0","67301","0","0","0","N","0","0","0","2","67301","0","","1.0","","1","N","N","N","0","","0","0","0","0","0","","850","2","0","0","0","0","0","0","2","0","2","0","0","0","3","03","","N","","","","","","","","","",""
"2021092806","1450","0","0","0","0","0","0","0","0","0","8","0","","67","9","2021","1","39.998528","-75.129425","1450","6","0","0","0","0","0","1","0","0","","0","0","0","21","3","1","N","0","0","39 59:54.700","","0","75 07:45.929","3","0","0","0","67301","1","0","0","N","1","0","0","2","67301","0","","1.0","","99","N","N","N","0","","1","0","0","0","0","","2120","2","1","0","0","0","0","1","2","1","1","1","0","0","3","03","","N","","","","","","","","","",""
"2021097364","1552","2","0","0","0","0","0","0","0","0","1","0","","67","10","2021","2","39.965939","-75.227198","1535","6","0","0","0","0","0","0","0","0","","0","0","0","15","1","0","Y","0","2","39 57:57.380","6","0","75 13:37.912","0","0","0","0","67301","0","0","0","N","0","0","0","2","67301","0","","1.0","1630.0","1","N","N","N","0","","0","0","0","3","2","Y","1535","2","0","0","0","0","0","0","2","0","2","0","0","0","3","03","","N","","","","","","","","","",""
"2021097077","0745","2","0","0","0","0","0","0","0","0","1","0","","67","10","2021","6","40.021739","-75.139756","0741","6","0","0","1","0","0","0","0","0","","0","0","0","7","1","1","","5","0","40 01:18.260","","0","75 08:23.123","3","0","0","0","67301","0","0","0","N","0","0","0","2","67301","0","","1.0","","1","N","N","N","0","","1","0","0","3","2","","740","2","1","1","0","0","0","0","2","0","2","0","0","0","3","","","N","","","","","","","","","",""
"2021090676","1300","1","0","0","0","0","0","0","0","0","4","0","","67","9","2021","6","39.930986","-75.242954","1253","6","0","0","0","0","0","1","0","0","","0","0","0","12","1","2","","3","0","39 55:51.548","","0","75 14:34.635","2","0","0","0","67301","0","0","0","N","0","0","0","3","67301","0","","1.0","","1","N","N","N","0","","0","1","1","0","0","","1245","2","2","0","0","0","1","0","2","0","2","0","0","0","3","","","N","","","","","","","","","",""
"2021115490","1549","4","0","0","0","0","0","0","0","0","4","0","","67","11","2021","6","40.012123","-75.137131","1549","6","0","0","0","0","0","0","0","0","","0","0","0","15","1","1","","1","2","40 00:43.642","6","0","75 08:13.671","3","0","0","0","67301","0","0","0","N","0","0","0","2","67301","0","","1.0","1637.0","1","N","N","Y","0","","1","0","1","3","3","N","1549","5","1","1","0","0","0","0","2","0","5","0","0","0","3","03","","N","","","","","","","","","",""
"2021114553","1402","0","0","0","0","0","0","0","0","0","1","0","","67","11","2021","3","40.087536","-74.97113","1402","6","0","0","0","0","0","0","0","0","","0","0","0","12","1","1","N","7","0","40 05:15.131","","0","74 58:16.067","8","0","0","0","67301","0","0","0","N","0","0","0","2","67301","0","","1.0","","1","N","N","N","0","","0","0","2","3","2","","1240","2","1","0","0","0","1","0","2","0","2","0","0","0","3","03","","N","","","","","","","","","",""
"2021111997","1018","1","0","0","0","0","0","0","0","0","7","0","","67","11","2021","3","40.036576","-75.198211","1010","6","0","0","0","0","0","0","0","0","","0","0","0","22","3","0","","11","0","40 02:11.673","","0","75 11:53.559","0","0","0","0","67301","0","0","0","N","0","0","0","1","67301","0","","4.0","","99","N","N","N","0","","0","0","0","0","0","","2200","1","0","0","0","0","0","0","2","0","1","0","0","0","99","","","N","","","","","","","","","",""
"2021108744","0845","0","0","0","0","0","0","0","0","0","5","0","","67","11","2021","3","39.945858","-75.240283","0838","6","0","0","0","0","0","0","0","0","","0","0","0","7","1","1","","5","0","39 56:45.089","","0","75 14:25.018","3","0","0","0","67301","0","0","0","N","0","0","0","3","67301","0","","1.0","","1","N","N","N","0","","1","0","2","3","2","","743","2","1","0","0","0","0","0","2","0","2","0","0","0","3","03","","N","","","","","","","","","",""
"2021108835","0636","1","0","0","0","0","0","0","0","0","4","0","","67","11","2021","3","40.064442","-74.983076","0626","6","0","0","2","0","0","0","0","0","","0","0","0","6","5","0","N","0","1","40 03:51.992","2","7","74 58:59.074","0","0","0","0","67301","0","0","0","N","0","0","0","3","67301","0","","1.0","800.0","1","N","N","N","0","","0","0","1","0","0","N","625","2","0","3","0","0","0","0","2","0","2","0","0","0","3","03","","N","","","","","","","","","",""
"2021128112","","1","0","0","0","0","0","0","0","0","4","0","","67","9","2021","1","40.073063","-75.171758","","6","0","0","0","0","1","0","0","0","","0","0","0","9","1","1","","1","0","40 04:23.026","","0","75 10:18.328","8","0","0","0","67301","0","0","0","N","0","0","0","2","00000","0","","1.0","","1","N","N","N","0","","0","0","0","3","3","","930","2","1","0","0","0","1","0","2","0","2","0","0","0","3","","","N","","","","","","","","","",""
"2021095160","1525","1","0","0","0","0","0","0","0","0","5","0","","67","9","2021","2","39.927592","-75.180086","1522","6","0","0","0","0","0","0","0","0","","0","0","0","15","1","0","N","0","2","39 55:39.330","1","0","75 10:48.310","0","0","0","0","67301","0","0","0","N","0","0","0","1","67301","0","","6.0","100.0","1","N","N","N","0","","0","0","2","0","0","Y","1515","3","0","0","0","0","0","0","2","0","3","0","0","0","3","03","","N","","","","","","","","","",""
"2021092430","1309","0","0","0","0","0","0","0","0","0","4","0","","67","9","2021","6","40.057334","-75.140679","1303","6","0","0","0","0","0","1","0","0","","0","0","0","13","1","1","","1","0","40 03:26.402","","0","75 08:26.444","3","0","0","0","67301","0","0","0","N","0","0","0","2","67301","0","","1.0","","1","N","N","N","0","","1","0","2","3","3","","1302","2","1","0","0","0","0","0","2","0","2","0","0","0","3","03","","N","","","","","","","","","",""
"2021118478","1010","1","0","0","0","0","0","0","0","0","4","0","","67","11","2021","1","40.035741","-75.081016","1008","6","0","0","0","0","1","0","0","0","","0","0","0","10","1","1","","1","1","40 02:08.666","1","0","75 04:51.659","8","0","0","0","67301","0","0","0","N","0","0","0","2","67301","0","","1.0","1145.0","1","N","N","N","0","","0","0","1","3","2","N","1000","2","1","0","0","0","1","0","2","0","2","0","0","0","3","03","","N","","","","","","","","","",""
"2021113456","0822","1","0","0","0","0","0","0","0","0","4","0","","67","11","2021","2","40.059549","-75.080487","0820","6","0","0","0","0","0","1","0","0","","0","0","0","8","1","2","","1","1","40 03:34.377","4","0","75 04:49.754","3","0","0","0","67301","0","0","0","N","0","0","0","3","67301","0","","1.0","30.0","9","N","N","Y","0","","2","0","1","3","2","N","814","3","2","0","0","0","0","1","2","1","3","0","0","0","4","07","","N","","","","","","","","","",""
"2021117532","","0","0","0","0","0","0","0","0","0","4","0","","67","10","2021","7","39.966394","-75.207559","","6","0","0","0","0","0","0","0","0","","0","0","0","13","1","1","","1","0","39 57:59.017","","0","75 12:27.213","8","0","0","0","67301","0","0","0","N","0","0","0","2","00000","0","","1.0","","1","N","N","N","0","","0","0","0","3","2","","1300","2","1","0","0","0","1","0","2","0","2","0","0","0","3","","","N","","","","","","","","","",""
"2021097159","2308","2","0","0","1","0","1","0","0","0","8","0","","67","10","2021","2","39.919372","-75.160537","2307","6","0","0","0","0","0","0","0","0","","0","0","0","23","3","1","","1","0","39 55:09.739","","0","75 09:37.933","2","0","0","0","67301","1","0","1","N","0","0","0","2","67301","0","","1.0","","1","N","N","N","0","","0","1","0","3","3","","2305","3","1","0","0","0","0","0","2","0","2","1","0","1","3","03","","N","","","","","","","","","",""
"2021091255","0920","1","0","0","0","0","0","0","0","0","6","0","","67","9","2021","2","40.074316","-75.034824","0915","6","0","0","0","0","0","0","0","0","","0","0","0","9","1","1","","1","0","40 04:27.539","","0","75 02:05.367","4","0","0","0","67301","0","0","0","N","0","0","0","2","67301","1","","1.0","","1","N","N","N","0","","0","0","0","3","2","","910","2","1","0","0","0","0","0","2","0","2","0","0","0","3","","","N","","","","","","","","","",""
"2021089175","0037","1","0","0","0","0","0","0","0","0","7","0","","67","9","2021","3","40.029081","-75.146916","0037","6","0","0","0","0","0","0","0","0","","0","0","0","0","3","1","","1","1","40 01:44.692","2","0","75 08:48.898","3","0","0","0","67301","0","0","0","N","0","0","0","3","67301","0","","3.0","155.0","1","N","N","N","0","","1","0","0","3","2","N","34","1","1","0","0","0","0","0","2","0","1","0","0","0","3","03","","N","","","","","","","","","",""
"2021105321","2100","0","0","0","0","0","0","0","0","0","8","0","","67","10","2021","1","40.009234","-75.196876","2045","6","0","0","0","0","0","0","0","0","","0","0","0","20","3","1","","1","0","40 00:33.243","","0","75 11:48.753","2","0","0","0","67301","1","0","1","N","1","0","1","2","67301","0","","1.0","","1","N","N","N","0","","0","1","1","3","2","","2025","2","1","0","0","0","0","0","2","0","1","1","0","1","3","03","","N","","","","","","","","","",""
"2021121629","1617","2","0","0","0","0","0","0","0","0","4","0","","67","12","2021","1","39.943903","-75.225442","1617","6","0","0","0","0","0","1","1","0","","0","0","0","16","1","1","","1","0","39 56:38.050","","0","75 13:31.591","4","0","0","0","67301","0","0","0","N","0","0","0","3","67301","1","","1.0","","1","N","N","N","0","","0","0","1","3","3","","1617","3","1","0","0","0","0","0","2","0","3","0","0","0","3","","","N","","","","","","","","","",""
"2021106633","0724","1","0","0","0","0","0","0","0","0","7","0","","67","10","2021","2","39.956899","-75.141437","0718","6","0","0","0","0","0","0","0","0","","0","0","0","7","1","1","N","0","0","39 57:24.838","","0","75 08:29.173","3","0","0","0","67301","0","0","0","N","0","0","0","1","68K01","0","","4.0","","1","N","N","N","0","","1","0","0","0","0","","716","1","1","0","0","0","0","0","2","0","1","0","0","0","3","","","N","","","","","","","","","",""
"2021117501","","2","0","0","0","0","0","0","0","0","4","0","","67","10","2021","2","40.005208","-75.092731","","6","0","0","1","0","0","1","0","0","","0","0","0","17","1","1","","1","0","40 00:18.749","","0","75 05:33.830","8","0","0","0","67301","0","0","0","N","0","0","0","2","00000","0","","1.0","","1","N","N","N","0","","0","0","0","3","3","","1700","2","1","0","0","0","1","0","2","0","2","0","0","0","3","","","N","","","","","","","","","",""
"2021103390","0612","0","0","0","0","0","0","0","0","0","8","0","","67","10","2021","3","40.093473","-74.980409","0612","6","0","0","0","0","0","0","0","0","","0","0","0","6","5","1","N","0","0","40 05:36.503","","0","74 58:49.472","3","0","0","0","67301","1","0","0","N","1","0","0","2","67301","0","","1.0","","1","N","N","N","1","","1","0","0","0","0","","611","2","1","0","0","0","0","0","2","0","1","1","0","0","3","03","","N","","","","","","","","","",""
"2021102272","1030","1","0","0","0","0","0","0","0","0","1","0","","67","10","2021","3","40.028778","-75.113278","1024","6","0","0","0","0","0","0","0","0","","0","0","0","9","1","1","N","0","0","40 01:43.600","","0","75 06:47.800","4","0","0","0","67301","0","0","0","N","0","0","0","1","67301","1","","1.0","","99","N","N","N","0","","0","0","2","0","0","","919","3","1","0","0","0","0","0","2","0","3","0","0","0","4","04","","N","","","","","","","","","",""
"2021117456","","2","0","0","0","0","0","0","0","0","3","0","","67","9","2021","5","39.928893","-75.14663","","6","0","0","0","0","0","0","1","0","","0","0","0","13","1","1","","1","0","39 55:44.014","","7","75 08:47.867","8","0","0","0","67301","0","0","0","N","0","0","0","2","00000","0","","1.0","","1","N","N","N","0","","0","0","0","3","3","","1300","2","1","0","0","0","1","0","2","0","2","0","0","0","3","","","N","","","","","","","","","",""
"2021088527","0944","0","0","0","0","0","0","0","0","0","4","0","","67","9","2021","2","39.988969","-75.16438","0940","6","0","0","0","0","0","0","0","0","","0","0","0","9","1","1","","2","0","39 59:20.287","","0","75 09:51.768","2","0","0","0","67301","0","0","0","N","0","0","0","2","67301","0","","1.0","","1","N","N","N","1","","0","1","1","3","3","","936","3","1","0","0","0","0","0","2","0","3","0","0","0","3","03","","N","","","","","","","","","",""
"2021091506","1845","1","0","0","1","0","0","0","0","0","8","0","","67","9","2021","1","39.969161","-75.206542","1835","6","0","0","0","0","0","0","0","0","","0","0","0","18","1","1","N","0","0","39 58:08.980","","0","75 12:23.550","3","0","0","0","67301","1","0","0","N","0","0","0","2","67301","0","","1.0","","1","N","N","N","0","","1","0","0","0","0","","1805","2","1","1","0","0","0","0","2","0","1","1","0","0","3","03","","N","","","","","","","","","",""
"2021112714","2055","6","0","0","0","0","0","0","0","0","6","0","","67","11","2021","2","40.043047","-75.100897","2044","6","0","0","0","0","0","0","0","0","","0","0","0","20","3","0","N","0","0","40 02:34.970","","0","75 06:03.230","0","0","0","0","67301","0","0","0","N","0","0","0","1","67301","0","","6.0","","1","N","N","N","0","","0","0","2","0","0","","2044","8","0","0","0","0","0","0","2","0","8","0","0","0","3","03","","N","","","","","","","","","",""
"2021097644","1500","1","0","0","0","0","0","0","0","0","4","0","","67","10","2021","4","39.987779","-75.167648","1459","6","0","0","0","0","0","0","0","0","","0","0","0","14","1","3","","1","0","39 59:16.004","","0","75 10:03.532","3","0","0","0","67301","0","0","0","N","0","0","0","4","67301","0","","1.0","","1","N","N","N","0","","3","0","1","3","2","","1458","2","3","0","0","0","0","1","2","0","2","0","0","0","3","03","","N","","","","","","","","","",""
"2021095490","2034","1","0","0","0","0","0","0","0","0","1","0","","67","9","2021","1","39.944561","-75.191387","2022","6","0","0","0","0","0","0","0","0","","0","0","0","19","1","1","","6","1","39 56:40.420","4","2","75 11:28.994","4","0","0","0","67301","0","0","0","N","0","0","0","2","68K01","1","","7.0","2045.0","1","N","N","N","0","","0","0","1","3","4","Y","1938","2","1","0","0","0","0","0","2","0","2","0","0","0","3","","","N","","","","","","","","","",""
"2021090858","1030","0","0","0","0","0","0","0","0","0","5","0","","67","9","2021","7","39.940883","-75.143497","1018","6","0","0","0","0","0","1","0","0","","0","0","0","10","1","1","N","0","2","39 56:27.177","2","0","75 08:36.590","8","0","0","1","67301","0","0","0","N","0","0","0","2","68K01","0","","1.0","1049.0","1","N","N","N","0","","0","0","1","0","0","N","1015","2","1","0","0","0","1","0","2","0","2","0","0","0","3","03","","N","","","","","","","","","",""
"2021111707","1720","0","0","0","0","0","0","0","0","0","8","0","","67","11","2021","5","40.024988","-75.115829","1712","6","0","0","0","0","0","0","0","0","","0","0","0","13","1","1","","1","0","40 01:29.956","","0","75 06:56.984","3","0","0","0","67301","1","0","0","N","1","0","0","2","67301","0","","1.0","","99","N","N","N","0","","1","0","0","3","3","","1300","2","1","0","0","0","0","0","2","0","1","1","0","0","3","03","","N","","","","","","","","","",""