"CRN","ARRIVAL_TM","AUTOMOBILE_COUNT","BELTED_DEATH_COUNT","BELTED_SUSP_SERIOUS_INJ_COUNT","BICYCLE_COUNT","BICYCLE_DEATH_COUNT","BICYCLE_SUSP_SERIOUS_INJ_COUNT","BUS_COUNT","CHLDPAS_DEATH_COUNT","CHLDPAS_SUSP_SERIOUS_INJ_COUNT","COLLISION_TYPE","COMM_VEH_COUNT","CONS_ZONE_SPD_LIM","COUNTY","CRASH_MONTH","CRASH_YEAR","DAY_OF_WEEK","DEC_LATITUDE","DEC_LONGITUDE","DISPATCH_TM","DISTRICT","DRIVER_COUNT_16YR","DRIVER_COUNT_17YR","DRIVER_COUNT_18YR","DRIVER_COUNT_19YR","DRIVER_COUNT_20YR","DRIVER_COUNT_50_64YR","DRIVER_COUNT_65_74YR","DRIVER_COUNT_75PLUS","EST_HRS_CLOSED","FATAL_COUNT","HEAVY_TRUCK_COUNT","HORSE_BUGGY_COUNT","HOUR_OF_DAY","ILLUMINATION","INJURY_COUNT","INTERSECTION_RELATED","INTERSECT_TYPE","LANE_CLOSED","LATITUDE","LN_CLOSE_DIR","LOCATION_TYPE","LONGITUDE","MAX_SEVERITY_LEVEL","MCYCLE_DEATH_COUNT","MCYCLE_SUSP_SERIOUS_INJ_COUNT","MOTORCYCLE_COUNT","MUNICIPALITY","NONMOTR_COUNT","NONMOTR_DEATH_COUNT","NONMOTR_SUSP_SERIOUS_INJ_COUNT","NTFY_HIWY_MAINT","PED_COUNT","PED_DEATH_COUNT","PED_SUSP_SERIOUS_INJ_COUNT","PERSON_COUNT","POLICE_AGCY","POSSIBLE_INJ_COUNT","RDWY_SURF_TYPE_CD","RELATION_TO_ROAD","ROADWAY_CLEARED","ROAD_CONDITION","SCH_BUS_IND","SCH_ZONE_IND","SECONDARY_CRASH","SMALL_TRUCK_COUNT","SPEC_JURIS_CD","SUSP_MINOR_INJ_COUNT","SUSP_SERIOUS_INJ_COUNT","SUV_COUNT","TCD_FUNC_CD","TCD_TYPE","TFC_DETOUR_IND","TIME_OF_DAY","TOTAL_UNITS","TOT_INJ_COUNT","UNBELTED_OCC_COUNT","UNB_DEATH_COUNT","UNB_SUSP_SERIOUS_INJ_COUNT","UNK_INJ_DEG_COUNT","UNK_INJ_PER_COUNT","URBAN_RURAL","VAN_COUNT","VEHICLE_COUNT","VULNERABLE_ROAD_USER_COUNT","VULNERABLE_ROAD_USER_DEATH_COUNT","VULNERABLE_ROAD_USER_SER_INJ_COUNT","WEATHER1","WEATHER2","WORKERS_PRES","WORK_ZONE_IND","WORK_ZONE_LOC","WORK_ZONE_TYPE","WZ_CLOSE_DETOUR","WZ_FLAGGER","WZ_LAW_OFFCR_IND","WZ_LN_CLOSURE","WZ_MOVING","WZ_OTHER","WZ_SHLDER_MDN","WZ_WORKERS_INJ_KILLED"
"2021102803","1551","0","0","0","0","0","0","0","0","0","4","0","","67","10","2021","6","40.01285","-75.118231","1549","6","0","0","0","0","0","0","0","0","","0","0","0","15","1","3","N","0","1","40 00:46.260","3","7","75 07:05.630","8","0","0","0","67301","0","0","0","N","0","0","0","7","67301","0","","1.0","30.0","1","N","N","N","1","","0","0","2","0","0","Y","1544","4","3","0","0","0","3","0","2","1","4","0","0","0","3","03","","N","","","","","","","","","",""
"2021098007","0035","1","0","0","0","0","0","0","0","0","7","0","","67","10","2021","6","40.083293","-75.026401","0030","6","0","0","0","0","0","0","0","0","","0","0","0","0","3","0","N","0","0","40 04:59.853","","7","75 01:35.042","9","0","0","0","67301","0","0","0","N","0","0","0","1","67301","0","","3.0","","1","N","N","N","0","","0","0","0","3","2","","25","1","0","0","0","0","0","1","2","0","1","0","0","0","3","","","N","","","","","","","","","",""
"2021121065","2120","0","0","0","0","0","0","0","0","0","7","0","","67","11","2021","6","39.995507","-75.197706","2120","6","0","0","0","0","0","0","0","0","","0","0","0","21","3","2","N","0","1","39 59:43.824","3","0","75 11:51.742","3","0","0","0","67301","0","0","0","N","0","0","0","2","68K01","0","","3.0","2130.0","1","N","N","N","0","","2","0","1","0","0","Y","2119","1","2","0","0","0","0","0","2","0","1","0","0","0","3","","","N","","","","","","","","","",""
"2021118529","1131","1","0","0","0","0","0","0","0","0","8","0","","67","11","2021","4","40.035784","-75.125466","1113","6","0","0","0","0","0","0","0","0","","0","0","0","11","1","1","","1","0","40 02:08.822","","0","75 07:31.676","3","0","0","0","67301","1","0","0","N","1","0","0","2","67301","0","","1.0","","1","N","N","N","0","","1","0","0","3","2","","1100","2","1","0","0","0","0","1","2","0","1","1","0","0","3","","","N","","","","","","","","","",""
"2021115778","1800","0","0","0","0","0","0","0","0","0","4","0","","67","11","2021","1","39.883557","-75.251536","1738","6","0","1","0","0","0","1","0","0","","0","0","0","17","3","0","","2","0","39 53:00.806","","2","75 15:05.531","0","0","0","0","67301","0","0","0","N","0","0","0","4","67301","0","","1.0","","9","N","N","N","1","","0","0","1","2","2","","1715","2","0","0","0","0","0","0","2","0","2","0","0","0","7","07","","N","","","","","","","","","",""
"2021098503","1350","1","0","0","0","0","0","0","0","0","1","0","","67","10","2021","3","39.962301","-75.200756","1348","6","0","0","0","0","0","0","0","0","","0","0","0","13","1","1","N","1","0","39 57:44.283","","0","75 12:02.720","8","0","0","0","67301","0","0","0","N","0","0","0","2","67301","0","","1.0","","1","N","N","N","0","","0","0","1","0","0","","1347","2","1","0","0","0","1","0","2","0","2","0","0","0","3","","","N","","","","","","","","","",""
"2021090261","1740","0","0","0","0","0","0","0","0","0","7","0","","67","9","2021","5","39.999071","-75.18749","1738","6","0","0","0","0","1","0","0","0","","0","0","0","17","4","0","N","0","0","39 59:56.655","","0","75 11:14.964","0","0","0","0","67301","0","0","0","N","0","0","0","2","67301","0","","4.0","","9","N","N","N","0","","0","0","1","0","0","","1737","1","0","2","0","0","0","0","2","0","1","0","0","0","7","04","","N","","","","","","","","","",""
"2021089823","1719","1","0","0","0","0","0","0","0","0","2","0","","67","9","2021","3","39.952258","-75.205547","1719","6","0","0","0","0","1","0","0","0","","0","0","0","17","1","1","N","0","2","39 57:08.130","4","0","75 12:19.970","3","0","0","0","67301","0","0","0","N","0","0","0","3","67504","0","","1.0","1800.0","1","N","N","Y","0","","1","0","2","0","0","Y","1719","3","1","3","0","0","0","0","2","0","3","0","0","0","3","","","N","","","","","","","","","",""
"2021090414","0853","1","0","0","0","0","0","0","0","0","1","0","","67","9","2021","7","39.976454","-75.189359","0853","6","0","0","0","0","0","1","0","0","","0","0","0","7","1","2","","3","0","39 58:35.233","","0","75 11:21.692","3","0","0","0","67301","0","0","0","N","0","0","0","4","67301","0","","1.0","","1","N","N","N","0","","2","0","1","3","3","","708","2","2","0","0","0","0","0","2","0","2","0","0","0","3","03","","N","","","","","","","","","",""
"2021109639","1608","2","0","0","0","0","0","0","0","0","4","0","","67","11","2021","4","40.027692","-75.123037","1608","6","0","0","0","0","0","1","0","0","","0","0","0","20","3","1","","2","0","40 01:39.691","","0","75 07:22.933","3","0","0","0","67301","0","0","0","N","0","0","0","2","67301","0","","1.0","","1","N","N","N","0","","1","0","0","3","3","","2000","2","1","0","0","0","0","0","2","0","2","0","0","0","3","","","N","","","","","","","","","",""
"2021115043","1311","0","0","0","0","0","0","0","0","0","1","0","","67","11","2021","7","40.028181","-75.038898","1304","6","0","0","0","0","0","0","0","1","","0","0","0","13","1","2","","1","1","40 01:41.450","3","0","75 02:20.031","3","0","0","0","67301","0","0","0","N","0","0","0","4","67301","0","","1.0","1400.0","1","N","N","N","0","","2","0","4","3","2","N","1302","4","2","0","0","0","0","0","2","0","4","0","0","0","3","03","","N","","","","","","","","","",""
"2021116363","0416","2","0","0","0","0","0","0","0","0","4","0","","67","11","2021","1","40.029438","-75.153379","0416","6","0","0","0","0","0","0","0","0","","0","0","0","2","3","0","","2","0","40 01:45.976","","0","75 09:12.164","0","0","0","0","67301","0","0","0","N","0","0","0","2","67301","0","","1.0","","1","N","N","N","0","","0","0","1","0","0","","237","3","0","1","0","0","0","0","2","0","3","0","0","0","3","98","","N","","","","","","","","","",""
"2021114668","1615","1","0","0","0","0","0","0","0","0","1","0","","67","11","2021","3","40.016835","-75.174361","1537","6","0","0","0","0","0","0","0","0","","0","0","0","12","1","1","N","0","0","40 01:00.605","","6","75 10:27.699","3","0","0","0","67301","0","0","0","N","0","0","0","2","67301","0","","1.0","","1","N","N","N","1","","1","0","0","3","4","","1245","2","1","0","0","0","0","1","2","0","2","0","0","0","3","","","N","","","","","","","","","",""
"2021115067","0903","1","0","0","0","0","0","0","0","0","6","0","","67","11","2021","4","39.995037","-75.191989","0858","6","0","0","0","0","0","1","0","0","","0","0","0","8","1","0","N","0","1","39 59:42.134","2","0","75 11:31.160","0","0","0","0","67301","0","0","0","N","0","0","0","6","67301","0","","1.0","1114.0","1","N","N","N","2","","0","0","2","0","0","Y","858","6","0","0","0","0","0","0","2","1","6","0","0","0","3","03","","N","","","","","","","","","",""
"2021112585","0510","2","0","0","0","0","0","0","0","0","5","0","","67","11","2021","7","40.034892","-75.109886","0456","6","0","0","0","0","0","0","0","0","","0","0","0","4","3","0","N","0","0","40 02:05.610","","0","75 06:35.590","0","0","0","0","67301","0","0","0","N","0","0","0","1","67301","0","","6.0","","1","N","N","N","0","","0","0","1","0","0","","400","3","0","0","0","0","0","0","2","0","3","0","0","0","3","03","","N","","","","","","","","","",""
"2021089479","0547","1","0","0","0","0","0","0","0","0","5","0","45","67","9","2021","4","39.898779","-75.179476","0525","6","0","0","0","0","0","1","1","0","","0","0","0","5","3","1","N","0","2","39 53:55.603","1","0","75 10:46.112","3","0","0","0","67301","0","0","0","N","0","0","0","2","68K01","0","","1.0","644.0","1","N","N","N","0","","1","0","1","0","0","N","517","2","1","0","0","0","0","0","2","0","2","0","0","0","3","","N","Y","4","1","","","N","","","","Y","N"
"2021118095","0239","2","0","0","0","0","0","0","0","0","5","0","","67","11","2021","7","39.968536","-75.191317","0236","6","0","0","0","0","0","0","0","0","","0","0","0","2","3","0","N","0","2","39 58:06.728","3","0","75 11:28.741","9","0","0","0","67301","0","0","0","N","0","0","0","5","68K01","0","","1.0","330.0","1","N","N","N","0","","0","0","0","0","0","N","231","3","0","0","0","0","0","1","2","0","3","0","0","0","3","","","N","","","","","","","","","",""
"2021091340","1106","1","0","0","0","0","0","0","0","0","5","0","","67","9","2021","1","40.009733","-75.066131","1103","6","0","0","0","0","0","0","0","0","","0","0","0","11","1","1","N","0","2","40 00:35.040","2","0","75 03:58.070","8","0","0","0","67301","0","0","0","N","0","0","0","4","67301","0","","6.0","1309.0","1","N","N","Y","0","","0","0","3","0","0","N","1102","4","1","1","0","0","1","2","2","0","4","0","0","0","3","","","N","","","","","","","","","",""
"2021097113","0051","1","0","0","0","0","0","0","0","0","2","0","30","67","10","2021","3","40.019494","-75.145013","0050","6","0","0","0","0","0","0","0","0","","0","0","0","0","3","0","N","0","2","40 01:10.177","2","0","75 08:42.047","0","0","0","0","67301","0","0","0","N","0","0","0","3","67301","0","","1.0","50.0","1","N","N","N","0","","0","0","1","0","0","N","40","2","0","0","0","0","0","0","2","0","2","0","0","0","3","03","N","Y","4","1","N","N","N","Y","N","N","N","N"
"2021117436","","1","0","0","0","0","0","0","0","0","4","0","","67","9","2021","4","39.941618","-75.220167","","6","0","0","0","0","0","0","0","0","","0","0","0","19","1","1","","1","0","39 56:29.823","","0","75 13:12.601","8","0","0","0","67301","0","0","0","N","0","0","0","2","00000","0","","1.0","","1","N","N","N","0","","0","0","1","3","2","","1930","2","1","0","0","0","1","0","2","0","2","0","0","0","3","","","N","","","","","","","","","",""
"2021110720","0125","2","0","0","0","0","0","0","0","0","4","0","","67","11","2021","1","40.013124","-75.107695","0120","6","0","0","0","0","0","0","0","0","","0","0","0","1","3","1","","1","0","40 00:47.246","","0","75 06:27.701","3","0","0","0","67301","0","0","0","N","0","0","0","2","67301","0","","1.0","","1","N","N","N","0","","1","0","1","3","3","","119","3","1","0","0","0","0","0","2","0","3","0","0","0","3","03","","N","","","","","","","","","",""
"2021111319","1129","1","0","0","0","0","0","0","0","0","2","0","","67","11","2021","1","39.990078","-75.125826","1121","6","0","0","0","0","0","0","0","0","","0","0","0","11","1","0","N","0","0","39 59:24.279","","0","75 07:32.975","0","0","0","0","67301","0","0","0","N","0","0","0","1","67301","0","","6.0","","1","N","N","N","1","","0","0","1","0","0","","1120","3","0","0","0","0","0","0","2","0","3","0","0","0","3","03","","N","","","","","","","","","",""
"2021097155","0444","2","0","0","0","0","0","0","0","0","5","0","","67","10","2021","1","40.028597","-75.097864","0433","6","0","0","0","0","0","0","0","0","","0","0","0","4","3","1","N","0","0","40 01:42.950","","0","75 05:52.310","3","0","0","0","67301","0","0","0","N","0","0","0","1","67301","0","","6.0","","1","N","N","N","1","","1","0","0","0","0","","432","3","1","1","0","0","0","0","2","0","3","0","0","0","3","","","N","","","","","","","","","",""
"2021090263","0510","2","0","0","0","0","0","0","0","0","5","0","","67","9","2021","6","40.021889","-75.162615","0456","6","0","0","0","0","0","0","0","0","","0","0","0","4","3","1","N","0","0","40 01:18.800","","0","75 09:45.414","8","0","0","0","67301","0","0","0","N","0","0","0","1","67301","0","","6.0","","1","N","N","N","0","","0","0","2","0","0","","450","4","1","0","0","0","1","0","2","0","4","0","0","0","3","03","","N","","","","","","","","","",""
"2021110150","0800","2","0","0","0","0","0","0","0","0","4","0","","67","11","2021","6","40.044671","-75.026324","0749","6","0","0","0","0","0","1","0","0","","0","0","0","7","1","1","","1","0","40 02:40.815","","0","75 01:34.766","8","0","0","0","67301","0","0","0","N","0","0","0","2","67301","0","","1.0","","9","N","N","Y","0","","0","0","1","3","3","","749","3","1","0","0","0","1","0","2","0","3","0","0","0","7","04","","N","","","","","","","","","",""
"2021111999","0510","2","0","0","0","0","0","0","0","0","1","0","45","67","11","2021","3","40.019694","-75.162512","0457","6","0","0","0","0","0","0","0","0","","0","0","0","4","3","1","N","0","2","40 01:10.900","2","3","75 09:45.042","3","0","0","0","67301","0","0","0","N","0","0","0","3","67301","0","","1.0","800.0","2","N","N","N","0","","1","0","1","0","0","Y","450","3","1","0","0","0","0","0","2","0","3","0","0","0","3","03","N","Y","8","1","N","N","N","Y","N","N","Y","N"
"2021090885","0239","0","0","0","0","0","0","0","0","0","7","0","","67","9","2021","1","40.005196","-75.167497","0239","6","0","0","0","0","0","0","0","0","","0","0","0","2","3","0","","3","0","40 00:18.705","","0","75 10:02.989","0","0","0","0","67301","0","0","0","N","0","0","0","1","67301","0","","4.0","","1","N","N","N","0","","0","0","1","0","0","","239","1","0","0","0","0","0","0","2","0","1","0","0","0","3","","","N","","","","","","","","","",""
"2021114293","0905","1","0","0","0","0","0","0","0","0","4","0","","67","11","2021","3","40.082678","-75.032113","0902","6","0","0","0","0","0","0","0","0","","0","0","0","9","1","3","","1","0","40 04:57.639","","0","75 01:55.607","3","0","0","0","67301","0","0","0","N","0","0","0","4","67301","0","","1.0","","1","N","N","N","0","","3","0","1","3","2","","900","2","3","0","0","0","0","0","2","0","2","0","0","0","3","","","N","","","","","","","","","",""
"2021115486","2245","1","0","0","0","0","0","0","0","0","1","0","","67","11","2021","7","40.021","-75.116217","2245","6","0","0","0","0","0","0","0","0","","0","0","0","22","3","1","N","0","0","40 01:15.600","","0","75 06:58.380","3","0","0","0","67301","0","0","0","N","0","0","0","2","67301","0","","6.0","","1","N","N","N","0","","1","0","0","0","0","","2225","2","1","0","0","0","0","0","2","0","2","0","0","0","3","","","N","","","","","","","","","",""
"2021115284","0100","0","0","0","0","0","0","0","0","0","5","0","","67","11","2021","6","39.959764","-75.235531","0059","6","0","0","0","0","0","0","0","0","","0","0","0","0","3","0","N","0","0","39 57:35.151","","0","75 14:07.912","0","0","0","0","67301","0","0","0","N","0","0","0","2","67301","0","","1.0","","9","N","N","Y","0","","0","0","2","0","0","","46","2","0","0","0","0","0","0","2","0","2","0","0","0","7","07","","N","","","","","","","","","",""
"2021111478","0850","1","0","0","0","0","0","0","0","0","4","0","","67","11","2021","3","40.035694","-75.179078","0847","6","0","0","0","0","0","1","0","0","","0","0","0","7","1","0","N","0","0","40 02:08.500","","7","75 10:44.680","0","0","0","0","67301","0","0","0","N","0","0","0","2","67301","0","","1.0","","1","N","N","N","1","","0","0","1","0","0","","755","3","0","0","0","0","0","0","2","0","3","0","0","0","3","03","","N","","","","","","","","","",""
"2021115653","1747","0","0","0","0","0","0","0","0","0","4","0","","67","11","2021","3","40.028344","-75.027069","1747","6","0","0","0","0","0","1","0","0","","0","0","0","14","1","1","N","0","0","40 01:42.038","","7","75 01:37.448","8","0","0","0","67301","0","0","0","N","0","0","0","2","67301","0","","1.0","","1","N","N","N","0","","0","0","1","0","0","","1405","2","1","0","0","0","1","0","2","1","2","0","0","0","3","03","","N","","","","","","","","","",""
"2021116851","0324","1","0","0","0","0","0","0","0","0","7","0","","67","11","2021","2","39.959671","-75.247404","0320","6","0","0","0","0","0","0","0","0","","0","0","0","3","3","1","","2","0","39 57:34.816","","0","75 14:50.653","3","0","0","0","67301","0","0","0","N","0","0","0","1","67301","0","","4.0","","9","N","N","N","0","","1","0","0","3","2","","313","1","1","0","0","0","0","0","2","0","1","0","0","0","7","07","","N","","","","","","","","","",""
"2021117584","","0","0","0","0","0","0","0","0","0","1","0","","67","10","2021","2","40.047663","-75.059843","","6","0","0","0","0","0","1","0","0","","0","0","0","7","1","1","Y","0","0","40 02:51.585","","0","75 03:35.433","8","0","0","0","67301","0","0","0","N","0","0","0","2","00000","0","","1.0","","1","N","N","N","1","","0","0","0","3","2","","730","2","1","0","0","0","1","0","2","1","2","0","0","0","3","","","N","","","","","","","","","",""
"2021098378","1522","0","0","0","0","0","0","0","0","0","4","0","","67","10","2021","2","39.953653","-75.198763","1521","6","0","0","0","0","0","2","0","0","","0","0","0","15","1","1","","1","1","39 57:13.151","4","0","75 11:55.547","3","0","0","1","67301","0","0","0","N","0","0","0","2","67504","0","","1.0","1615.0","1","N","N","N","0","","1","0","0","3","2","Y","1520","2","1","0","0","0","0","0","2","1","2","0","0","0","3","03","","N","","","","","","","","","",""
"2021089059","2213","1","0","0","0","0","0","0","0","0","5","0","","67","9","2021","2","40.054245","-75.005455","2209","6","0","0","0","0","0","0","0","0","","0","0","0","22","3","0","N","0","1","40 03:15.282","2","0","75 00:19.639","9","0","0","0","67301","0","0","0","N","0","0","0","1","67301","0","","6.0","2311.0","1","N","N","N","0","","0","0","1","0","0","Y","2209","4","0","1","0","0","0","1","2","2","4","0","0","0","3","03","","N","","","","","","","","","",""
"2021109250","1831","0","0","0","0","0","0","0","0","0","8","0","","67","11","2021","4","40.054119","-75.145553","1826","6","0","0","0","0","0","1","0","0","","0","0","0","18","2","1","","1","2","40 03:14.828","6","0","75 08:43.990","2","0","0","0","67301","1","0","1","N","1","0","1","2","67301","0","","1.0","2000.0","1","N","N","N","0","","0","1","1","3","3","Y","1821","2","1","0","0","0","0","0","2","0","1","1","0","1","3","","","N","","","","","","","","","",""
"2021124398","2136","1","0","0","0","0","0","0","0","0","4","0","","67","11","2021","5","39.969199","-75.228382","2136","6","0","0","0","1","0","0","0","0","","0","0","0","21","3","2","","1","0","39 58:09.116","","0","75 13:42.175","4","0","0","0","67301","0","0","0","N","0","0","0","3","67301","2","","1.0","","1","N","N","N","0","","0","0","1","9","2","","2135","2","2","0","0","0","0","0","2","0","2","0","0","0","3","","","N","","","","","","","","","",""
"2021114666","1230","1","0","0","0","0","0","0","0","0","8","0","","67","11","2021","1","39.954079","-75.189725","1220","6","0","0","0","0","0","1","0","0","","0","0","0","12","1","1","","1","0","39 57:14.683","","0","75 11:23.010","3","0","0","0","67301","1","0","0","N","1","0","0","2","67301","0","","1.0","","1","N","N","N","0","","1","0","0","3","2","","1215","2","1","0","0","0","0","0","2","0","1","1","0","0","3","03","","N","","","","","","","","","",""
"2021110740","1618","1","0","0","0","0","0","0","0","0","4","0","","67","11","2021","1","40.02744","-75.062499","1539","6","0","0","0","0","0","0","0","0","","0","0","0","14","1","1","","1","0","40 01:38.783","","0","75 03:44.998","3","0","0","0","67301","0","0","0","N","0","0","0","2","67301","0","","1.0","","1","N","N","N","0","","1","0","1","3","2","","1420","2","1","0","0","0","0","0","2","0","2","0","0","0","3","03","","N","","","","","","","","","",""
"2021097939","2105","0","0","0","0","0","0","0","0","0","4","0","","67","10","2021","4","39.9257","-75.17996","2100","6","0","0","0","0","0","0","0","0","","0","0","0","20","3","1","","2","0","39 55:32.519","","0","75 10:47.855","4","0","0","0","67301","0","0","0","N","0","0","0","3","67301","1","","1.0","","1","N","N","N","0","","0","0","1","0","0","","2050","2","1","1","0","0","0","0","2","0","2","0","0","0","3","03","","N","","","","","","","","","",""
"2021096731","1350","2","0","0","0","0","0","0","0","0","4","0","","67","10","2021","2","40.000598","-75.108391","1340","6","0","0","0","0","0","0","0","0","","0","0","0","13","1","2","","1","0","40 00:02.151","","0","75 06:30.208","3","0","0","0","67301","0","0","0","N","0","0","0","2","67301","0","","1.0","","1","N","N","N","0","","2","0","2","9","3","","1328","4","2","0","0","0","0","0","2","0","4","0","0","0","4","04","","N","","","","","","","","","",""
"2021098302","1935","0","0","0","0","0","0","0","0","0","4","0","","67","10","2021","5","40.071726","-75.154084","1923","6","0","0","0","0","0","0","0","0","","0","0","0","19","3","1","","1","0","40 04:18.214","","0","75 09:14.704","8","0","0","1","67301","0","0","0","N","0","0","0","2","67301","0","","1.0","","1","N","N","N","0","","0","0","1","3","2","","1910","2","1","0","0","0","1","0","2","0","2","0","0","0","3","","","N","","","","","","","","","",""
"2021109725","1205","0","0","0","0","0","0","0","0","0","5","0","","67","11","2021","4","39.953186","-75.149829","1200","6","0","0","0","0","0","0","0","0","","0","0","0","11","1","0","N","0","1","39 57:11.468","2","0","75 08:59.385","9","0","0","0","67301","0","0","0","N","0","0","0","1","67301","0","","6.0","200.0","1","N","N","N","0","","0","0","3","0","0","N","1145","3","0","0","0","0","0","1","2","0","3","0","0","0","3","03","","N","","","","","","","","","",""
"2021118574","2142","1","0","0","0","0","0","0","0","0","4","0","","67","11","2021","6","39.954439","-75.205108","2142","6","0","0","0","0","0","0","0","0","","0","0","0","21","3","0","","1","0","39 57:15.980","","0","75 12:18.387","9","0","0","0","67301","0","0","0","N","0","0","0","4","67504","0","","1.0","","1","N","N","N","0","","0","0","1","3","2","","2142","2","0","0","0","0","0","1","2","0","2","0","0","0","3","03","","N","","","","","","","","","",""
"2021091500","0730","0","0","0","0","0","0","0","0","0","8","0","","67","9","2021","3","40.102486","-75.028736","0721","6","0","0","0","0","0","1","0","0","","0","0","0","7","1","1","","1","1","40 06:08.948","2","0","75 01:43.450","4","0","0","0","67301","1","0","0","N","1","0","0","2","67301","1","","1.0","740.0","1","N","N","N","0","","0","0","0","3","2","N","720","2","1","0","0","0","0","0","2","1","1","1","0","0","3","03","","N","","","","","","","","","",""
"2021092676","2110","3","0","0","0","0","0","0","0","0","1","0","","67","9","2021","2","40.020212","-75.152537","2100","6","0","0","0","0","0","0","0","0","","0","0","0","20","4","1","N","0","0","40 01:12.763","","0","75 09:09.133","3","0","0","0","67301","0","0","0","N","0","0","0","3","67301","0","","1.0","","1","N","N","N","0","","1","0","0","0","0","","2000","3","1","3","0","0","0","0","2","0","3","0","0","0","3","03","","N","","","","","","","","","",""
"2021113703","1600","2","0","0","0","0","0","0","0","0","1","0","","67","11","2021","2","39.989819","-75.250844","1600","6","0","0","0","0","0","1","0","0","","0","0","0","16","1","0","","2","0","39 59:23.348","","0","75 15:03.040","0","0","0","0","67301","0","0","0","N","0","0","0","2","46104","0","","1.0","","1","N","N","N","0","","0","0","0","3","2","","1600","2","0","0","0","0","0","0","2","0","2","0","0","0","3","03","","N","","","","","","","","","",""
"2021110707","1219","1","0","0","0","0","0","0","0","0","5","0","","67","11","2021","6","39.896245","-75.228057","1219","6","0","0","0","0","0","0","0","0","","0","0","0","12","1","0","N","0","0","39 53:46.481","","0","75 13:41.006","0","0","0","0","67301","0","0","0","N","0","0","0","2","67301","0","","1.0","","1","N","N","N","0","","0","0","0","0","0","","1214","2","0","2","0","0","0","0","2","1","2","0","0","0","3","03","","N","","","","","","","","","",""
"2021111321","1030","0","0","0","0","0","0","0","0","0","8","0","","67","11","2021","6","39.968227","-75.145493","1030","6","0","0","0","0","0","0","0","0","","0","0","0","11","1","1","","2","0","39 58:05.616","","0","75 08:43.773","4","0","0","0","67301","1","0","0","N","1","0","0","2","67301","1","","1.0","","99","N","N","N","0","","0","0","0","3","3","","1100","2","1","0","0","0","0","0","2","0","1","1","0","0","99","04","","N","","","","","","","","","",""
"2021109249","1735","1","0","0","0","0","0","0","0","0","5","0","","67","11","2021","3","40.037114","-75.139649","1728","6","0","0","0","0","0","0","0","0","","0","0","0","17","3","0","","1","0","40 02:13.610","","0","75 08:22.736","0","0","0","0","67301","0","0","0","N","0","0","0","2","67301","0","","1.0","","1","N","N","N","0","","0","0","1","3","2","","1719","2","0","0","0","0","0","0","2","0","2","0","0","0","3","03","","N","","","","","","","","","",""
"2021111736","0023","1","0","0","0","0","0","0","0","0","1","0","","67","11","2021","1","40.01198","-75.135844","0020","6","0","0","0","0","0","0","0","0","","0","0","0","23","3","1","","1","0","40 00:43.128","","0","75 08:09.038","3","0","0","0","67301","0","0","0","N","0","0","0","3","67301","0","","1.0","","9","N","N","N","0","","1","0","1","3","2","","2356","3","1","0","0","0","0","2","2","1","3","0","0","0","3","","","N","","","","","","","","","",""
"2021109455","1232","1","0","0","0","0","0","0","0","0","1","0","","67","11","2021","4","40.030399","-75.206821","1226","6","0","0","0","0","0","0","0","0","","0","0","0","12","1","0","N","0","0","40 01:49.435","","0","75 12:24.554","0","0","0","0","67301","0","0","0","N","0","0","0","2","67301","0","","1.0","","1","N","N","N","0","","0","0","1","0","0","","1225","2","0","0","0","0","0","0","2","0","2","0","0","0","3","03","","N","","","","","","","","","",""
"2021099881","1056","3","0","0","0","0","0","0","0","0","4","0","","67","10","2021","2","39.950204","-75.233029","1054","6","0","0","0","0","0","0","0","0","","0","0","0","10","1","1","","2","0","39 57:00.734","","0","75 13:58.904","3","0","0","0","67301","0","0","0","N","0","0","0","4","67301","0","","1.0","","1","N","N","N","0","","1","0","0","3","3","","1049","3","1","0","0","0","0","3","2","0","3","0","0","0","3","03","","N","","","","","","","","","",""
"2021097928","2114","1","0","0","0","0","0","0","0","0","5","0","","67","10","2021","3","39.952847","-75.240647","2109","6","0","0","0","0","0","1","0","0","","0","0","0","20","3","0","N","0","0","39 57:10.250","","0","75 14:26.330","9","0","0","0","67301","0","0","0","N","0","0","0","1","67301","0","","6.0","","1","N","N","N","0","","0","0","3","0","0","","2055","4","0","0","0","0","0","1","2","0","4","0","0","0","3","","","N","","","","","","","","","",""
"2021101463","1425","0","0","0","1","0","0","0","0","0","8","0","","67","10","2021","7","39.965097","-75.205466","1425","6","0","0","0","0","0","0","0","0","","0","0","0","14","1","1","","1","0","39 57:54.349","","0","75 12:19.677","3","0","0","0","67301","1","0","0","N","0","0","0","2","67301","0","","1.0","","1","N","N","N","0","","1","0","0","3","2","","1400","2","1","0","0","0","0","0","2","1","1","1","0","0","3","03","","N","","","","","","","","","",""
"2021098174","1900","0","0","0","0","0","0","0","0","0","1","0","","67","10","2021","2","39.944949","-75.239174","1900","6","0","0","0","0","0","2","0","0","","0","0","0","9","1","1","","2","0","39 56:41.817","","0","75 14:21.027","3","0","0","0","67301","0","0","0","N","0","0","0","2","67301","0","","1.0","","1","N","N","N","0","","1","0","2","3","3","","930","2","1","0","0","0","0","0","2","0","2","0","0","0","4","","","N","","","","","","","","","",""