"CRN","ARRIVAL_TM","AUTOMOBILE_COUNT","BELTED_DEATH_COUNT","BELTED_SUSP_SERIOUS_INJ_COUNT","BICYCLE_COUNT","BICYCLE_DEATH_COUNT","BICYCLE_SUSP_SERIOUS_INJ_COUNT","BUS_COUNT","CHLDPAS_DEATH_COUNT","CHLDPAS_SUSP_SERIOUS_INJ_COUNT","COLLISION_TYPE","COMM_VEH_COUNT","CONS_ZONE_SPD_LIM","COUNTY","CRASH_MONTH","CRASH_YEAR","DAY_OF_WEEK","DEC_LATITUDE","DEC_LONGITUDE","DISPATCH_TM","DISTRICT","DRIVER_COUNT_16YR","DRIVER_COUNT_17YR","DRIVER_COUNT_18YR","DRIVER_COUNT_19YR","DRIVER_COUNT_20YR","DRIVER_COUNT_50_64YR","DRIVER_COUNT_65_74YR","DRIVER_COUNT_75PLUS","EST_HRS_CLOSED","FATAL_COUNT","HEAVY_TRUCK_COUNT","HORSE_BUGGY_COUNT","HOUR_OF_DAY","ILLUMINATION","INJURY_COUNT","INTERSECTION_RELATED","INTERSECT_TYPE","LANE_CLOSED","LATITUDE","LN_CLOSE_DIR","LOCATION_TYPE","LONGITUDE","MAX_SEVERITY_LEVEL","MCYCLE_DEATH_COUNT","MCYCLE_SUSP_SERIOUS_INJ_COUNT","MOTORCYCLE_COUNT","MUNICIPALITY","NONMOTR_COUNT","NONMOTR_DEATH_COUNT","NONMOTR_SUSP_SERIOUS_INJ_COUNT","NTFY_HIWY_MAINT","PED_COUNT","PED_DEATH_COUNT","PED_SUSP_SERIOUS_INJ_COUNT","PERSON_COUNT","POLICE_AGCY","POSSIBLE_INJ_COUNT","RDWY_SURF_TYPE_CD","RELATION_TO_ROAD","ROADWAY_CLEARED","ROAD_CONDITION","SCH_BUS_IND","SCH_ZONE_IND","SECONDARY_CRASH","SMALL_TRUCK_COUNT","SPEC_JURIS_CD","SUSP_MINOR_INJ_COUNT","SUSP_SERIOUS_INJ_COUNT","SUV_COUNT","TCD_FUNC_CD","TCD_TYPE","TFC_DETOUR_IND","TIME_OF_DAY","TOTAL_UNITS","TOT_INJ_COUNT","UNBELTED_OCC_COUNT","UNB_DEATH_COUNT","UNB_SUSP_SERIOUS_INJ_COUNT","UNK_INJ_DEG_COUNT","UNK_INJ_PER_COUNT","URBAN_RURAL","VAN_COUNT","VEHICLE_COUNT","VULNERABLE_ROAD_USER_COUNT","VULNERABLE_ROAD_USER_DEATH_COUNT","VULNERABLE_ROAD_USER_SER_INJ_COUNT","WEATHER1","WEATHER2","WORKERS_PRES","WORK_ZONE_IND","WORK_ZONE_LOC","WORK_ZONE_TYPE","WZ_CLOSE_DETOUR","WZ_FLAGGER","WZ_LAW_OFFCR_IND","WZ_LN_CLOSURE","WZ_MOVING","WZ_OTHER","WZ_SHLDER_MDN","WZ_WORKERS_INJ_KILLED"
"2021088136","0450","0","0","0","0","0","0","0","0","0","8","0","","67","9","2021","1","39.984911","-75.156443","0448","6","0","0","0","0","0","0","0","0","","0","0","0","4","3","1","N","0","2","39 59:05.679","1","0","75 09:23.196","2","0","0","0","67301","1","0","1","N","1","0","1","2","67505","0","","1.0","700.0","1","N","N","N","0","","0","1","1","0","0","Y","445","2","1","0","0","0","0","0","2","0","1","1","0","1","3","03","","N","","","","","","","","","",""
"2021091072","2007","0","0","0","0","0","0","0","0","0","8","0","","67","9","2021","7","39.970405","-75.159604","2007","6","0","0","0","0","0","0","0","0","","0","0","0","1","3","1","N","0","0","39 58:13.459","","0","75 09:34.576","3","0","0","0","67301","1","0","0","N","1","0","0","2","67301","0","","1.0","","1","N","N","N","0","","1","0","0","0","0","","100","2","1","0","0","0","0","0","2","0","1","1","0","0","3","04","","N","","","","","","","","","",""
"2021096392","1755","1","0","0","1","0","0","0","0","0","8","0","","67","10","2021","6","40.072262","-75.076499","1746","6","0","0","0","0","0","1","0","0","","0","0","0","17","1","1","","2","0","40 04:20.144","","0","75 04:35.397","3","0","0","0","67301","1","0","0","N","0","0","0","2","67301","0","","1.0","","1","N","N","N","0","","1","0","0","0","0","","1745","2","1","0","0","0","0","0","2","0","1","1","0","0","3","03","","N","","","","","","","","","",""
"2021119543","1532","0","0","0","0","0","0","0","0","0","1","0","","67","11","2021","2","40.025273","-75.029219","1531","6","0","0","0","0","0","1","0","0","","0","0","0","15","1","1","N","0","0","40 01:30.981","","0","75 01:45.190","4","0","0","0","67301","0","0","0","N","0","0","0","6","68K01","1","","1.0","","1","N","N","N","1","","0","0","2","0","0","","1525","3","1","0","0","0","0","0","2","0","3","0","0","0","3","","","N","","","","","","","","","",""
"2021097675","1020","2","0","0","0","0","0","0","0","0","4","0","","67","10","2021","5","39.971038","-75.155724","1020","6","0","0","0","0","0","0","0","0","","0","0","0","10","1","1","","1","0","39 58:15.737","","0","75 09:20.607","3","0","0","0","67301","0","0","0","N","0","0","0","3","67301","0","","1.0","","1","N","N","N","0","","1","0","0","3","1","","1011","2","1","0","0","0","0","0","2","0","2","0","0","0","3","03","","N","","","","","","","","","",""
"2021088597","2046","2","0","0","0","0","0","0","0","0","1","0","","67","9","2021","1","40.032195","-75.051271","2046","6","0","0","0","0","0","0","0","0","","0","0","0","20","3","1","N","0","0","40 01:55.903","","0","75 03:04.574","2","0","0","0","67301","0","0","0","N","0","0","0","2","67301","0","","1.0","","1","N","N","N","0","","0","1","0","0","0","","2044","2","1","0","0","0","0","0","2","0","2","0","0","0","3","","","N","","","","","","","","","",""
"2021096372","0945","1","0","0","0","0","0","0","0","0","4","0","","67","10","2021","2","39.984194","-75.152838","0943","6","0","0","0","0","0","0","0","0","","0","0","0","9","1","1","","1","0","39 59:03.100","","0","75 09:10.215","3","0","0","0","67301","0","0","0","N","0","0","0","2","67505","0","","1.0","","1","N","N","N","0","","1","0","1","3","2","","935","2","1","0","0","0","0","0","2","0","2","0","0","0","3","03","","N","","","","","","","","","",""
"2021090079","0914","0","0","0","1","0","0","0","0","0","8","0","","67","9","2021","4","40.041194","-75.157837","0913","6","0","0","0","0","0","0","0","0","","0","0","0","9","1","1","N","0","0","40 02:28.298","","0","75 09:28.213","3","0","0","0","67301","1","0","0","N","0","0","0","2","67301","0","","1.0","","1","N","N","N","0","","1","0","1","0","0","","910","2","1","0","0","0","0","0","2","0","1","1","0","0","3","","","N","","","","","","","","","",""
"2021088198","0752","3","0","0","0","0","0","0","0","0","5","0","","67","9","2021","1","40.002417","-75.134583","0744","6","0","0","0","0","0","0","0","0","","0","0","0","5","5","0","N","0","0","40 00:08.700","","0","75 08:04.500","0","0","0","0","67301","0","0","0","N","0","0","0","1","67301","0","","6.0","","1","N","N","N","0","","0","0","1","0","0","","512","4","0","0","0","0","0","0","2","0","4","0","0","0","3","03","","N","","","","","","","","","",""
"2021097367","0000","0","0","0","0","0","0","0","0","0","4","0","","67","10","2021","1","39.99171","-75.170028","2356","6","0","0","0","0","0","0","0","0","","0","0","0","23","3","1","","3","2","39 59:30.156","1","0","75 10:12.100","8","0","0","0","67301","0","0","0","N","0","0","0","2","67301","0","","1.0","143.0","1","N","N","N","0","","0","0","1","0","0","Y","2324","2","1","0","0","0","1","0","2","0","2","0","0","0","3","03","","N","","","","","","","","","",""
"2021101032","0123","2","0","0","0","0","0","0","0","0","1","0","","67","10","2021","3","40.020675","-75.117228","0120","6","0","0","0","0","0","0","0","0","","0","0","0","1","3","0","N","0","0","40 01:14.430","","0","75 07:02.020","0","0","0","0","67301","0","0","0","N","0","0","0","2","67301","0","","1.0","","1","N","N","N","0","","0","0","0","0","0","","115","2","0","0","0","0","0","0","2","0","2","0","0","0","3","03","","N","","","","","","","","","",""
"2021088373","1203","1","0","0","0","0","0","0","0","0","4","0","","67","9","2021","7","40.051807","-75.154514","2358","6","0","0","1","0","0","1","0","0","","0","0","0","23","3","3","","1","2","40 03:06.505","6","0","75 09:16.250","3","0","0","0","67301","0","0","0","N","0","0","0","3","67301","0","","1.0","205.0","1","N","N","N","0","","3","0","1","3","3","Y","2352","2","3","0","0","0","0","0","2","0","2","0","0","0","3","03","","N","","","","","","","","","",""
"2021094426","0359","1","0","0","0","0","0","0","0","0","1","0","","67","9","2021","2","40.010488","-75.100032","0356","6","0","0","0","0","0","1","0","0","","0","0","0","3","3","1","","1","2","40 00:37.756","7","0","75 06:00.115","3","0","0","1","67301","0","0","0","N","0","0","0","2","67301","0","","1.0","536.0","1","N","N","N","1","","1","0","0","3","2","Y","354","3","1","0","0","0","0","0","2","0","3","0","0","0","3","","","N","","","","","","","","","",""
"2021088736","1656","1","0","0","0","0","0","0","0","0","5","0","","67","9","2021","7","40.032803","-75.140358","1655","6","0","0","0","0","0","1","0","0","","0","0","0","16","1","1","N","0","0","40 01:58.090","","0","75 08:25.290","3","0","0","0","67301","1","0","0","N","1","0","0","4","67301","0","","1.0","","1","N","N","N","0","","1","0","1","0","0","","1653","3","1","2","0","0","0","0","2","0","2","1","0","0","3","03","","N","","","","","","","","","",""
"2021090884","1859","2","0","0","0","0","0","0","0","0","4","0","","67","9","2021","7","40.031794","-75.182562","1857","6","0","0","0","0","0","1","0","0","","0","0","0","18","1","0","","2","0","40 01:54.460","","0","75 10:57.224","9","0","0","0","67301","0","0","0","N","0","0","0","4","67301","0","","1.0","","1","N","N","N","0","","0","0","0","3","3","","1850","2","0","0","0","0","0","2","2","0","2","0","0","0","3","","","N","","","","","","","","","",""
"2021098298","1800","0","0","0","0","0","0","0","0","0","4","0","","67","10","2021","6","39.979851","-75.142873","1800","6","0","0","0","0","0","0","0","0","","0","0","0","14","1","0","","1","0","39 58:47.465","","0","75 08:34.342","9","0","0","0","67301","0","0","0","N","0","0","0","2","67301","0","","1.0","","1","N","N","N","0","","0","0","2","3","2","","1400","2","0","0","0","0","0","1","2","0","2","0","0","0","3","03","","N","","","","","","","","","",""
"2021117413","","1","0","0","0","0","0","0","0","0","1","0","","67","9","2021","5","40.074334","-75.034609","","6","0","0","0","0","0","1","0","0","","0","0","0","10","1","1","Y","0","0","40 04:27.601","","0","75 02:04.592","8","0","0","0","67301","0","0","0","N","0","0","0","2","00000","0","","1.0","","1","N","N","N","0","","0","0","1","3","2","","1000","2","1","0","0","0","1","0","2","0","2","0","0","0","3","","","N","","","","","","","","","",""
"2021096658","2006","1","0","0","0","0","0","0","0","0","4","0","","67","10","2021","2","40.008666","-75.068949","2000","6","0","0","0","0","0","0","0","0","","0","0","0","19","3","1","","1","1","40 00:31.197","3","0","75 04:08.216","3","0","0","0","67301","0","0","0","N","0","0","0","2","67301","0","","1.0","2034.0","1","N","N","N","0","","1","0","1","3","2","N","1957","2","1","0","0","0","0","0","2","0","2","0","0","0","3","","","N","","","","","","","","","",""
"2021089947","1840","1","0","0","0","0","0","0","0","0","4","0","","67","9","2021","5","40.072396","-75.157881","1829","6","0","1","0","0","0","0","0","0","","0","0","0","18","1","1","","1","0","40 04:20.625","","0","75 09:28.371","8","0","0","0","67301","0","0","0","N","0","0","0","2","67301","0","","1.0","","9","N","N","N","1","","0","0","3","3","2","","1823","5","1","0","0","0","1","0","2","0","5","0","0","0","7","04","","N","","","","","","","","","",""
"2021089834","1700","1","0","0","0","0","0","0","0","0","4","0","","67","9","2021","4","39.946323","-75.244059","1700","6","0","0","0","1","0","0","0","0","","0","0","0","15","1","0","","1","0","39 56:46.761","","0","75 14:38.612","9","0","0","0","67301","0","0","0","N","0","0","0","2","67301","0","","1.0","","1","N","N","N","0","","0","0","0","3","2","","1500","2","0","0","0","0","0","1","2","1","2","0","0","0","3","04","","N","","","","","","","","","",""
"2021121725","0258","1","0","0","0","0","0","0","0","0","7","0","","67","10","2021","6","39.979075","-75.108328","0256","6","0","0","0","0","1","0","0","0","","0","0","0","2","3","0","N","0","2","39 58:44.670","1","0","75 06:29.980","0","0","0","0","67301","0","0","0","N","0","0","0","1","68K01","0","","2.0","430.0","1","N","N","Y","0","","0","0","0","0","0","N","256","1","0","0","0","0","0","0","2","0","1","0","0","0","3","03","","N","","","","","","","","","",""
"2021101416","0416","2","0","0","0","0","0","0","0","0","5","0","","67","10","2021","1","39.94596","-75.18976","0405","6","0","0","0","0","1","0","0","1","","0","0","0","4","3","2","N","0","0","39 56:45.455","","0","75 11:23.135","4","0","0","0","67301","0","0","0","N","0","0","0","2","68K01","2","","1.0","","9","N","N","N","0","","0","0","0","0","0","","403","2","2","0","0","0","0","0","2","0","2","0","0","0","3","03","","N","","","","","","","","","",""
"2021090500","1609","0","0","0","0","0","0","0","0","0","3","0","","67","9","2021","6","40.01348","-75.085159","1555","6","0","0","0","0","0","1","0","0","","0","0","0","15","1","0","","1","0","40 00:48.528","","0","75 05:06.572","0","0","0","0","67301","0","0","0","N","0","0","0","3","67301","0","","1.0","","1","N","N","N","0","","0","0","2","3","3","","1552","2","0","0","0","0","0","0","2","0","2","0","0","0","3","","","N","","","","","","","","","",""
"2021090911","0150","0","0","0","0","0","0","0","0","0","7","0","","67","9","2021","1","40.007997","-75.081578","0140","6","0","0","0","0","0","0","0","0","","0","0","0","1","3","0","N","0","0","40 00:28.790","","0","75 04:53.680","0","0","0","0","67301","0","0","0","N","0","0","0","1","67301","0","","4.0","","1","N","N","N","1","","0","0","0","0","0","","139","1","0","1","0","0","0","0","2","0","1","0","0","0","3","03","","N","","","","","","","","","",""
"2021098599","1110","0","0","0","0","0","0","0","0","0","1","0","","67","10","2021","3","39.943652","-75.165445","1105","6","0","0","0","0","0","1","0","0","","0","0","0","10","1","2","","1","0","39 56:37.148","","0","75 09:55.602","4","0","0","0","67301","0","0","0","N","0","0","0","3","67301","2","","1.0","","1","N","N","N","1","","0","0","1","3","2","","1000","2","2","0","0","0","0","0","2","0","2","0","0","0","4","04","","N","","","","","","","","","",""
"2021090426","1105","2","0","0","0","0","0","0","0","0","4","0","","67","9","2021","3","40.039237","-75.066819","1055","6","0","1","0","0","0","0","0","1","","0","0","0","10","1","2","","1","0","40 02:21.254","","0","75 04:00.550","3","0","0","0","67301","0","0","0","N","0","0","0","3","67301","0","","1.0","","1","N","N","N","0","","2","0","0","3","2","","1023","2","2","0","0","0","0","0","2","0","2","0","0","0","3","03","","N","","","","","","","","","",""
"2021098396","0900","0","0","0","1","0","0","0","0","0","8","0","","67","10","2021","2","39.925324","-75.16733","0847","6","0","0","0","0","0","1","0","0","","0","0","0","7","1","1","","1","0","39 55:31.168","","0","75 10:02.389","3","0","0","0","67301","1","0","0","N","0","0","0","2","67301","0","","1.0","","1","N","N","N","0","","1","0","1","3","3","","730","2","1","0","0","0","0","0","2","0","1","1","0","0","4","04","","N","","","","","","","","","",""
"2021096287","1828","2","0","0","0","0","0","0","0","0","5","0","","67","10","2021","1","40.002278","-75.133444","1911","6","0","0","0","0","0","0","0","0","","0","0","0","18","3","1","N","0","0","40 00:08.200","","0","75 08:00.400","3","0","0","0","67301","0","0","0","N","0","0","0","1","67301","0","","6.0","","9","N","N","N","0","","1","0","0","0","0","","1828","2","1","1","0","0","0","0","2","0","2","0","0","0","7","03","","N","","","","","","","","","",""
"2021097079","2113","2","0","0","0","0","0","0","0","0","4","0","","67","10","2021","2","40.036567","-75.137213","2113","6","0","0","0","0","0","1","0","0","","0","0","0","16","1","1","","1","0","40 02:11.641","","0","75 08:13.966","8","0","0","0","67301","0","0","0","N","0","0","0","2","67301","0","","1.0","","1","N","N","Y","0","","0","0","0","3","3","","1630","2","1","0","0","0","1","0","2","0","2","0","0","0","3","","","N","","","","","","","","","",""
"2021104306","1607","1","0","0","0","0","0","0","0","0","4","0","","67","10","2021","3","39.99835","-75.115123","1602","6","0","0","0","0","0","0","0","0","","0","0","0","14","1","0","","1","0","39 59:54.059","","0","75 06:54.442","0","0","0","0","67301","0","0","0","N","0","0","0","3","67301","0","","1.0","","1","N","N","Y","0","","0","0","1","3","2","","1450","2","0","3","0","0","0","0","2","0","2","0","0","0","3","","","N","","","","","","","","","",""
"2021091992","2220","1","0","0","0","0","0","0","0","0","4","0","","67","9","2021","1","40.040424","-75.065534","2215","6","0","0","0","0","0","0","0","0","","0","0","0","22","3","1","","5","0","40 02:25.526","","0","75 03:55.923","8","0","0","0","67301","0","0","0","N","0","0","0","2","67301","0","","1.0","","1","N","N","N","0","","0","0","0","3","2","","2214","2","1","0","0","0","1","0","2","1","2","0","0","0","3","","","N","","","","","","","","","",""
"2021096938","1625","1","0","0","0","0","0","0","0","0","4","0","","67","9","2021","1","40.00901","-75.11283","1625","6","0","0","0","0","0","0","0","0","","0","0","0","16","1","1","","1","0","40 00:32.435","","0","75 06:46.188","3","0","0","0","67301","0","0","0","N","0","0","0","2","67301","0","","1.0","","1","N","N","N","0","","1","0","1","3","2","","1625","2","1","0","0","0","0","0","2","0","2","0","0","0","3","","","N","","","","","","","","","",""
"2021093030","1851","0","0","0","0","0","0","0","0","0","1","0","","67","9","2021","1","39.943837","-75.237835","1849","6","0","0","0","0","0","0","0","0","","0","0","0","18","1","6","","1","0","39 56:37.812","","0","75 14:16.207","3","0","0","0","67301","0","0","0","N","0","0","0","7","67301","0","","1.0","","1","N","N","N","0","","6","0","3","3","2","","1846","3","6","0","0","0","0","0","2","0","3","0","0","0","3","03","","N","","","","","","","","","",""
"2021090883","1126","1","0","0","0","0","0","0","0","0","4","0","","67","9","2021","7","40.026728","-75.182939","1123","6","0","0","0","0","0","0","0","1","","0","0","0","11","1","0","N","0","1","40 01:36.219","1","7","75 10:58.581","0","0","0","0","67301","0","0","0","N","0","0","0","2","67301","0","","1.0","1130.0","1","N","N","N","1","","0","0","0","0","0","N","1115","2","0","0","0","0","0","0","2","0","2","0","0","0","3","","","N","","","","","","","","","",""
"2021098600","0245","1","0","0","0","0","0","0","0","0","1","0","","67","10","2021","6","39.911253","-75.169064","0240","6","0","0","0","0","0","1","0","0","","0","0","0","2","3","1","N","0","0","39 54:40.510","","0","75 10:08.630","3","0","0","0","67301","0","0","0","N","0","0","0","2","67301","0","","1.0","","1","N","N","N","0","","1","0","1","0","0","","230","2","1","0","0","0","0","0","2","0","2","0","0","0","3","03","","N","","","","","","","","","",""
"2021096688","0037","2","0","0","0","0","0","0","0","0","3","0","","67","10","2021","3","39.977978","-75.124578","0032","6","0","0","0","0","0","0","0","0","","0","0","0","0","3","0","N","0","0","39 58:40.720","","0","75 07:28.480","9","0","0","0","67301","0","0","0","N","0","0","0","2","67301","0","","1.0","","1","N","N","N","0","","0","0","0","0","0","","10","2","0","0","0","0","0","1","2","0","2","0","0","0","3","03","","N","","","","","","","","","",""
"2021088367","0035","2","0","0","0","0","0","0","0","0","6","0","","67","9","2021","7","40.026731","-75.128431","0026","6","0","0","0","0","0","1","0","0","","0","0","0","23","3","0","N","0","0","40 01:36.230","","0","75 07:42.350","9","0","0","0","67301","0","0","0","N","0","0","0","1","67301","0","","1.0","","1","N","N","N","0","","0","0","0","0","0","","2350","2","0","0","0","0","0","1","2","0","2","0","0","0","3","03","","N","","","","","","","","","",""
"2021089745","0000","3","0","0","0","0","0","0","0","0","4","0","","67","9","2021","1","40.044551","-75.069439","0000","6","0","0","0","0","0","1","0","0","","0","0","0","0","3","1","","1","2","40 02:40.383","7","0","75 04:09.980","8","0","0","0","67301","0","0","0","N","0","0","0","2","67301","0","","1.0","100.0","1","N","N","N","1","","0","0","0","3","3","N","0","5","1","0","0","0","1","0","2","1","5","0","0","0","3","03","","N","","","","","","","","","",""
"2021090579","1550","1","0","0","0","0","0","0","0","0","8","0","","67","9","2021","4","39.948661","-75.238225","1343","6","0","0","0","0","0","0","0","0","","0","0","0","7","1","1","N","0","0","39 56:55.180","","0","75 14:17.610","8","0","0","0","67301","1","0","0","N","1","0","0","2","67301","0","","1.0","","1","N","N","Y","0","","0","0","0","0","0","","715","2","1","0","0","0","1","0","2","0","1","1","0","0","3","03","","N","","","","","","","","","",""
"2021091081","1906","1","0","0","0","0","0","0","0","0","4","0","","67","9","2021","7","40.006786","-75.209092","1900","6","0","0","0","0","0","0","0","0","","0","0","0","18","4","1","N","0","0","40 00:24.430","","0","75 12:32.730","3","0","0","0","67301","0","0","0","N","0","0","0","2","67301","0","","1.0","","1","N","N","N","0","","1","0","1","0","0","","1800","2","1","1","0","0","0","0","2","0","2","0","0","0","3","03","","N","","","","","","","","","",""
"2021105695","","2","0","0","0","0","0","0","0","0","1","0","","67","9","2021","2","40.008518","-75.07215","","6","0","0","0","0","0","0","0","0","","0","0","0","16","1","3","Y","0","0","40 00:30.666","","0","75 04:19.741","8","0","0","0","67301","0","0","0","N","0","0","0","4","00000","0","","1.0","","1","N","N","N","0","","0","0","0","3","2","","1600","2","3","0","0","0","3","0","2","0","2","0","0","0","3","","","N","","","","","","","","","",""
"2021098313","1742","0","0","0","1","0","0","0","0","0","8","0","","67","10","2021","6","39.986099","-75.142165","1742","6","0","0","0","0","0","0","0","0","","0","0","0","17","1","1","","1","0","39 59:09.958","","0","75 08:31.793","8","0","0","0","67301","1","0","0","N","0","0","0","2","67301","0","","1.0","","1","N","N","N","0","","0","0","0","3","3","","1730","2","1","0","0","0","1","0","2","0","1","1","0","0","3","03","","N","","","","","","","","","",""
"2021092860","1135","1","0","0","0","0","0","0","0","0","8","0","","67","9","2021","2","39.991193","-75.132897","1127","6","0","0","0","0","0","0","0","0","","0","0","0","11","1","1","","1","0","39 59:28.296","","0","75 07:58.428","2","0","0","0","67301","1","0","1","N","1","0","1","3","67301","0","","1.0","","1","N","N","N","0","","0","1","0","3","2","","1112","2","1","0","0","0","0","0","2","0","1","1","0","1","3","03","","N","","","","","","","","","",""
"2021097760","1224","1","0","0","0","0","0","0","0","0","8","0","","67","10","2021","3","39.964013","-75.162812","1224","6","0","0","0","0","0","0","0","0","","0","0","0","10","1","1","","1","0","39 57:50.446","","0","75 09:46.123","2","0","0","0","67301","1","0","1","N","0","0","0","2","67301","0","","1.0","","99","N","N","N","0","","0","1","0","3","3","","1045","2","1","0","0","0","0","0","2","0","1","1","0","1","3","03","","N","","","","","","","","","",""
"2021096767","0817","0","0","0","0","0","0","0","0","0","4","0","","67","10","2021","3","40.034997","-75.188438","0810","6","0","0","0","0","0","0","0","0","","0","0","0","7","1","0","","2","0","40 02:05.989","","0","75 11:18.376","9","0","0","0","67301","0","0","0","N","0","0","0","2","67301","0","","1.0","","1","N","N","N","0","","0","0","1","0","0","","748","2","0","0","0","0","0","1","2","1","2","0","0","0","3","04","","N","","","","","","","","","",""
"2021102781","1732","2","0","0","0","0","0","0","0","0","4","0","","67","10","2021","5","40.007217","-75.123438","1732","6","0","0","0","0","0","0","0","0","","0","0","0","17","1","2","","1","0","40 00:25.981","","0","75 07:24.378","3","0","0","0","67301","0","0","0","N","0","0","0","2","67301","0","","1.0","","1","N","N","N","0","","2","0","0","3","2","","1700","2","2","0","0","0","0","0","2","0","2","0","0","0","4","03","","N","","","","","","","","","",""
"2021099956","1302","2","0","0","0","0","0","0","0","0","5","0","","67","10","2021","5","40.024041","-75.130986","1244","6","0","0","0","0","0","0","0","0","","0","0","0","12","1","1","N","0","0","40 01:26.549","","0","75 07:51.551","8","0","0","0","67301","0","0","0","N","0","0","0","1","67301","0","","6.0","","1","N","N","N","0","","0","0","0","0","0","","1242","2","1","0","0","0","1","0","2","0","2","0","0","0","3","03","","N","","","","","","","","","",""
"2021097941","1922","0","0","0","0","0","0","0","0","0","8","0","","67","10","2021","2","40.076741","-75.170288","1915","6","0","0","0","0","0","0","0","0","","0","0","0","19","2","1","","1","0","40 04:36.267","","0","75 10:13.036","3","0","0","0","67301","1","0","0","N","0","0","0","2","67301","0","","1.0","","1","N","N","N","0","","1","0","1","3","3","","1911","2","1","0","0","0","0","0","2","0","1","1","0","0","3","","","N","","","","","","","","","",""
"2021112583","0422","0","0","0","0","0","0","0","0","0","8","0","","67","9","2021","7","40.060517","-75.057232","0416","6","0","0","0","0","0","0","0","0","","0","0","0","4","3","1","","1","0","40 03:37.862","","0","75 03:26.035","2","0","0","0","67301","1","0","1","N","1","0","1","1","67301","0","","1.0","","1","N","N","N","0","","0","1","0","0","0","","412","2","1","0","0","0","0","0","2","0","1","1","0","1","3","03","","N","","","","","","","","","",""
"2021096778","1952","0","0","0","0","0","0","0","0","0","8","0","","67","10","2021","2","40.006454","-75.117544","1952","6","0","0","0","0","0","0","0","0","","0","0","0","15","1","1","N","0","0","40 00:23.236","","0","75 07:03.160","3","0","0","0","67301","1","0","0","N","1","0","0","2","67301","0","","1.0","","1","N","N","N","0","","1","0","0","0","0","","1509","2","1","0","0","0","0","0","2","0","1","1","0","0","3","03","","N","","","","","","","","","",""
"2021089935","1748","1","0","0","0","0","0","0","0","0","4","0","","67","9","2021","5","40.053843","-75.091456","1748","6","0","0","0","0","0","2","0","0","","0","0","0","17","1","2","","2","0","40 03:13.834","","0","75 05:29.240","3","0","0","0","67301","0","0","0","N","0","0","0","3","67301","0","","1.0","","9","N","N","N","0","","2","0","1","3","3","","1745","2","2","0","0","0","0","0","2","0","2","0","0","0","7","","","N","","","","","","","","","",""
"2021092345","1840","1","0","0","0","0","0","0","0","0","4","0","","67","9","2021","2","40.039531","-75.084418","1835","6","0","0","0","0","0","0","0","1","","0","0","0","18","1","1","","1","0","40 02:22.311","","0","75 05:03.904","3","0","0","0","67301","0","0","0","N","0","0","0","2","67301","0","","1.0","","1","N","N","N","0","","1","0","1","3","2","","1824","2","1","0","0","0","0","0","2","0","2","0","0","0","3","03","","N","","","","","","","","","",""
"2021097759","2030","2","0","0","0","0","0","0","0","0","4","0","25","67","10","2021","4","39.956856","-75.167616","2030","6","0","0","0","0","0","1","0","0","","0","0","0","20","3","0","","1","0","39 57:24.681","","0","75 10:03.417","0","0","0","0","67301","0","0","0","N","0","0","0","2","67301","0","","1.0","","1","N","N","N","0","","0","0","0","3","2","","2030","2","0","0","0","0","0","0","2","0","2","0","0","0","3","03","N","Y","2","1","N","N","N","Y","N","N","N","N"
"2021093015","0813","1","0","0","1","0","0","0","0","0","8","0","","67","9","2021","6","39.956946","-75.169364","0812","6","0","0","0","0","0","0","0","0","","0","0","0","8","1","1","","5","0","39 57:25.004","","0","75 10:09.709","8","0","0","0","67301","1","0","0","N","0","0","0","2","67301","0","","1.0","","1","N","N","N","0","","0","0","0","3","2","","810","2","1","0","0","0","1","0","2","0","1","1","0","0","3","03","","N","","","","","","","","","",""
"2021089596","0859","1","0","0","0","0","0","0","0","0","5","0","","67","9","2021","3","40.006216","-75.090263","0824","6","0","0","0","0","0","1","0","0","","0","0","0","0","8","0","N","0","0","40 00:22.378","","0","75 05:24.947","9","0","0","0","67301","0","0","0","N","0","0","0","2","67301","0","","6.0","","1","N","N","N","1","","0","0","1","0","0","","10","3","0","0","0","0","0","1","2","0","3","0","0","0","3","","","N","","","","","","","","","",""
"2021090431","1020","0","0","0","0","0","0","0","0","0","6","0","","67","9","2021","7","39.971956","-75.163289","1014","6","0","0","0","0","0","1","0","0","","0","0","0","10","1","2","N","0","0","39 58:19.042","","0","75 09:47.840","3","0","0","0","67301","0","0","0","N","0","0","0","4","67301","0","","1.0","","1","N","N","N","0","","2","0","3","0","0","","1011","3","2","0","0","0","0","0","2","0","3","0","0","0","3","03","","N","","","","","","","","","",""
"2021099329","0530","1","0","0","0","0","0","0","0","0","5","0","","67","10","2021","4","39.978108","-75.128153","0526","6","0","0","0","0","0","0","0","0","","0","0","0","5","3","0","N","0","2","39 58:41.190","3","0","75 07:41.350","0","0","0","0","67301","0","0","0","N","0","0","0","2","67301","0","","6.0","644.0","1","N","N","N","0","","0","0","1","0","0","N","520","2","0","0","0","0","0","0","2","0","2","0","0","0","3","03","","N","","","","","","","","","",""