"CRN","ARRIVAL_TM","AUTOMOBILE_COUNT","BELTED_DEATH_COUNT","BELTED_SUSP_SERIOUS_INJ_COUNT","BICYCLE_COUNT","BICYCLE_DEATH_COUNT","BICYCLE_SUSP_SERIOUS_INJ_COUNT","BUS_COUNT","CHLDPAS_DEATH_COUNT","CHLDPAS_SUSP_SERIOUS_INJ_COUNT","COLLISION_TYPE","COMM_VEH_COUNT","CONS_ZONE_SPD_LIM","COUNTY","CRASH_MONTH","CRASH_YEAR","DAY_OF_WEEK","DEC_LATITUDE","DEC_LONGITUDE","DISPATCH_TM","DISTRICT","DRIVER_COUNT_16YR","DRIVER_COUNT_17YR","DRIVER_COUNT_18YR","DRIVER_COUNT_19YR","DRIVER_COUNT_20YR","DRIVER_COUNT_50_64YR","DRIVER_COUNT_65_74YR","DRIVER_COUNT_75PLUS","EST_HRS_CLOSED","FATAL_COUNT","HEAVY_TRUCK_COUNT","HORSE_BUGGY_COUNT","HOUR_OF_DAY","ILLUMINATION","INJURY_COUNT","INTERSECTION_RELATED","INTERSECT_TYPE","LANE_CLOSED","LATITUDE","LN_CLOSE_DIR","LOCATION_TYPE","LONGITUDE","MAX_SEVERITY_LEVEL","MCYCLE_DEATH_COUNT","MCYCLE_SUSP_SERIOUS_INJ_COUNT","MOTORCYCLE_COUNT","MUNICIPALITY","NONMOTR_COUNT","NONMOTR_DEATH_COUNT","NONMOTR_SUSP_SERIOUS_INJ_COUNT","NTFY_HIWY_MAINT","PED_COUNT","PED_DEATH_COUNT","PED_SUSP_SERIOUS_INJ_COUNT","PERSON_COUNT","POLICE_AGCY","POSSIBLE_INJ_COUNT","RDWY_SURF_TYPE_CD","RELATION_TO_ROAD","ROADWAY_CLEARED","ROAD_CONDITION","SCH_BUS_IND","SCH_ZONE_IND","SECONDARY_CRASH","SMALL_TRUCK_COUNT","SPEC_JURIS_CD","SUSP_MINOR_INJ_COUNT","SUSP_SERIOUS_INJ_COUNT","SUV_COUNT","TCD_FUNC_CD","TCD_TYPE","TFC_DETOUR_IND","TIME_OF_DAY","TOTAL_UNITS","TOT_INJ_COUNT","UNBELTED_OCC_COUNT","UNB_DEATH_COUNT","UNB_SUSP_SERIOUS_INJ_COUNT","UNK_INJ_DEG_COUNT","UNK_INJ_PER_COUNT","URBAN_RURAL","VAN_COUNT","VEHICLE_COUNT","VULNERABLE_ROAD_USER_COUNT","VULNERABLE_ROAD_USER_DEATH_COUNT","VULNERABLE_ROAD_USER_SER_INJ_COUNT","WEATHER1","WEATHER2","WORKERS_PRES","WORK_ZONE_IND","WORK_ZONE_LOC","WORK_ZONE_TYPE","WZ_CLOSE_DETOUR","WZ_FLAGGER","WZ_LAW_OFFCR_IND","WZ_LN_CLOSURE","WZ_MOVING","WZ_OTHER","WZ_SHLDER_MDN","WZ_WORKERS_INJ_KILLED"
"2021096341","0752","0","0","0","0","0","0","0","0","0","8","0","","67","9","2021","2","39.950442","-75.192615","0752","6","0","0","0","0","0","1","0","0","","0","0","0","7","1","1","","1","0","39 57:01.592","","0","75 11:33.415","4","0","0","0","67301","1","0","0","N","1","0","0","2","67504","1","","1.0","","1","N","N","N","0","","0","0","1","3","2","","752","2","1","0","0","0","0","0","2","0","1","1","0","0","3","","","N","","","","","","","","","",""
"2021090808","0555","2","0","0","0","0","0","0","0","0","4","0","","67","9","2021","7","39.992136","-75.140198","0551","6","0","0","0","0","0","0","0","0","","0","0","0","5","3","1","","1","0","39 59:31.689","","0","75 08:24.712","3","0","0","0","67301","0","0","0","N","0","0","0","2","67301","0","","1.0","","1","N","N","N","0","","1","0","0","3","2","","551","2","1","1","0","0","0","0","2","0","2","0","0","0","3","03","","N","","","","","","","","","",""
"2021112504","0559","1","0","0","0","0","0","0","0","0","4","0","","67","10","2021","5","40.048831","-75.00159","0551","6","0","0","0","0","0","2","0","0","","0","0","0","5","3","0","","3","1","40 02:55.792","3","2","75 00:05.725","0","0","0","0","67301","0","0","0","N","0","0","0","2","68K01","0","","1.0","605.0","1","N","N","Y","0","","0","0","1","0","0","N","551","2","0","0","0","0","0","0","2","0","2","0","0","0","3","","","N","","","","","","","","","",""
"2021089839","0935","2","0","0","0","0","0","0","0","0","1","0","","67","9","2021","5","40.060398","-74.990435","0925","6","0","0","1","0","0","0","1","0","","0","0","0","9","1","1","","1","0","40 03:37.434","","0","74 59:25.565","3","0","0","0","67301","0","0","0","N","0","0","0","4","67301","0","","1.0","","1","N","N","N","0","","1","0","1","3","2","","916","3","1","0","0","0","0","0","2","0","3","0","0","0","3","03","","N","","","","","","","","","",""
"2021098720","0925","1","0","0","0","0","0","0","0","0","8","0","","67","10","2021","4","39.970509","-75.181234","0905","6","0","0","0","0","0","0","0","0","","0","0","0","8","1","1","","1","0","39 58:13.832","","0","75 10:52.444","3","0","0","0","67301","1","0","0","N","1","0","0","2","67301","0","","1.0","","1","N","N","N","0","","1","0","0","3","3","","815","2","1","0","0","0","0","0","2","0","1","1","0","0","3","03","","N","","","","","","","","","",""
"2021097538","1254","1","0","0","0","0","0","0","0","0","5","0","","67","10","2021","1","39.978363","-75.213671","1244","6","0","0","0","0","0","1","0","0","","0","0","0","10","1","0","N","0","0","39 58:42.105","","0","75 12:49.214","0","0","0","0","67301","0","0","0","N","0","0","0","2","67301","0","","1.0","","1","N","N","N","1","","0","0","0","0","0","","1040","2","0","0","0","0","0","0","2","0","2","0","0","0","4","04","","N","","","","","","","","","",""
"2021090757","0320","2","0","0","0","0","0","0","0","0","4","0","","67","9","2021","1","39.97531","-75.165182","0318","6","0","0","0","0","0","0","0","0","","0","0","0","2","3","1","","1","0","39 58:31.117","","0","75 09:54.656","4","0","0","0","67301","0","0","0","N","0","0","0","2","67301","1","","1.0","","1","N","N","N","0","","0","0","0","3","2","","230","2","1","0","0","0","0","1","2","0","2","0","0","0","3","03","","N","","","","","","","","","",""
"2021119808","","1","0","0","0","0","0","0","0","0","4","0","","67","10","2021","6","39.928019","-75.219299","","6","0","0","0","0","0","0","0","0","","0","0","0","10","1","0","","1","0","39 55:40.869","","0","75 13:09.477","0","0","0","0","67301","0","0","0","N","0","0","0","2","00000","0","","1.0","","1","N","N","N","0","","0","0","1","3","2","","1045","2","0","0","0","0","0","0","2","0","2","0","0","0","3","","","N","","","","","","","","","",""
"2021097562","2338","2","0","0","0","0","0","0","0","0","4","0","","67","10","2021","2","39.99788","-75.104336","2336","6","0","0","0","0","0","0","0","0","","0","0","0","23","3","1","","1","0","39 59:52.368","","0","75 06:15.609","3","0","0","0","67301","0","0","0","N","0","0","0","2","67301","0","","1.0","","1","N","N","N","0","","1","0","2","2","2","","2335","4","1","2","0","0","0","0","2","0","4","0","0","0","3","","","N","","","","","","","","","",""
"2021101035","0248","1","0","0","0","0","0","0","0","0","7","0","","67","10","2021","6","40.015497","-75.147197","0248","6","0","0","0","0","0","0","0","0","","0","0","0","2","3","0","N","0","0","40 00:55.790","","0","75 08:49.910","0","0","0","0","67301","0","0","0","N","0","0","0","1","67301","0","","4.0","","1","N","N","N","0","","0","0","0","0","0","","220","1","0","0","0","0","0","0","2","0","1","0","0","0","3","","","N","","","","","","","","","",""
"2021091267","1700","0","0","0","0","0","0","0","0","0","8","0","","67","9","2021","2","39.923145","-75.17001","1700","6","0","0","0","0","0","1","0","0","","0","0","0","15","1","1","","1","0","39 55:23.323","","0","75 10:12.037","3","0","0","0","67301","1","0","0","N","1","0","0","2","67301","0","","1.0","","1","N","N","N","0","","1","0","1","3","2","","1515","2","1","0","0","0","0","0","2","0","1","1","0","0","3","","","N","","","","","","","","","",""
"2021091489","1927","1","0","0","0","0","0","0","0","0","8","0","","67","9","2021","7","39.966239","-75.224802","1925","6","0","0","0","0","0","0","0","0","","0","0","0","19","3","1","","2","0","39 57:58.462","","0","75 13:29.288","3","0","0","0","67301","1","0","0","N","1","0","0","2","67301","0","","1.0","","1","N","N","N","0","","1","0","0","9","9","","1921","2","1","0","0","0","0","0","2","0","1","1","0","0","3","","","N","","","","","","","","","",""
"2021096019","0035","1","0","0","0","0","0","0","0","0","4","0","","67","10","2021","7","39.958664","-75.213975","0032","6","0","0","0","0","0","0","0","0","","0","0","0","0","3","1","","1","0","39 57:31.189","","1","75 12:50.310","3","0","0","0","67301","0","0","0","N","0","0","0","4","67301","0","","1.0","","1","N","N","N","0","","1","0","1","3","2","","30","3","1","0","0","0","0","0","2","1","3","0","0","0","3","","","N","","","","","","","","","",""
"2021091342","0222","1","0","0","0","0","0","0","0","0","4","0","","67","9","2021","7","40.032566","-75.124186","0217","6","0","0","0","0","0","0","0","0","","0","0","0","2","3","0","","1","1","40 01:57.237","2","1","75 07:27.069","0","0","0","0","67301","0","0","0","N","0","0","0","2","67301","0","","1.0","300.0","1","N","N","N","0","","0","0","1","3","2","N","214","2","0","0","0","0","0","0","2","0","2","0","0","0","3","03","","N","","","","","","","","","",""
"2021095764","0555","2","0","0","0","0","0","0","0","0","4","0","","67","10","2021","6","39.986924","-75.185714","0550","6","0","0","0","0","0","0","0","0","","0","0","0","5","3","0","","1","0","39 59:12.926","","0","75 11:08.570","0","0","0","0","67301","0","0","0","N","0","0","0","2","67301","0","","1.0","","1","N","N","N","0","","0","0","0","3","3","","520","2","0","0","0","0","0","0","2","0","2","0","0","0","3","","","N","","","","","","","","","",""
"2021092346","1655","0","0","0","0","0","0","0","0","0","8","0","","67","9","2021","7","39.956267","-75.239519","1650","6","0","0","0","0","0","1","0","0","","0","0","0","16","1","2","N","0","0","39 57:22.560","","0","75 14:22.270","3","0","0","0","67301","2","0","0","N","2","0","0","3","67301","0","","1.0","","1","N","N","N","0","","2","0","1","0","0","","1636","3","2","0","0","0","0","0","2","0","1","2","0","0","3","03","","N","","","","","","","","","",""
"2021092894","0817","1","0","0","0","0","0","0","0","0","1","0","","67","9","2021","5","39.978473","-75.202482","0811","6","0","0","0","0","0","0","0","0","","0","0","0","8","1","1","N","0","2","39 58:42.504","4","0","75 12:08.935","3","0","0","0","67301","0","0","0","N","0","0","0","3","68K01","0","","1.0","100.0","1","N","N","N","1","","1","0","1","0","0","N","810","3","1","0","0","0","0","0","2","0","3","0","0","0","3","","","N","","","","","","","","","",""
"2021095257","0130","1","0","0","0","0","0","0","0","0","1","0","","67","9","2021","7","39.956361","-75.142066","0115","6","0","0","0","0","0","0","0","0","","0","0","0","1","3","0","N","0","1","39 57:22.900","1","8","75 08:31.439","0","0","0","0","67301","0","0","0","N","0","0","0","2","68K01","0","","1.0","5.0","1","N","N","N","0","","0","0","1","0","0","N","112","2","0","0","0","0","0","0","2","0","2","0","0","0","3","03","","N","","","","","","","","","",""
"2021092886","0917","1","0","0","0","0","0","0","0","0","5","0","","67","9","2021","1","39.960957","-75.140603","0917","6","0","0","0","0","0","1","0","0","","0","0","0","9","1","1","N","0","1","39 57:39.444","2","2","75 08:26.170","3","0","0","0","67301","0","0","0","N","0","0","0","2","68K01","0","","1.0","922.0","1","N","N","N","0","","1","0","1","0","0","N","915","2","1","0","0","0","0","0","2","0","2","0","0","0","3","03","","N","","","","","","","","","",""
"2021098493","1905","1","0","0","0","0","0","0","0","0","4","0","","67","10","2021","6","40.013139","-75.150394","1858","6","0","0","0","0","0","0","0","0","","0","0","0","18","3","2","","3","0","40 00:47.299","","0","75 09:01.419","4","0","0","0","67301","0","0","0","N","0","0","0","4","67301","2","","1.0","","1","N","N","N","0","","0","0","1","0","0","","1849","2","2","0","0","0","0","0","2","0","2","0","0","0","3","","","N","","","","","","","","","",""
"2021110714","1132","0","0","0","0","0","0","0","0","0","8","0","","67","9","2021","2","39.987006","-75.122382","1123","6","0","0","0","0","0","0","0","0","","0","0","0","11","1","1","","5","0","39 59:13.221","","0","75 07:20.575","4","0","0","0","67301","1","0","0","N","1","0","0","2","67301","1","","1.0","","1","N","N","N","0","","0","0","1","3","2","","1123","2","1","0","0","0","0","0","2","0","1","1","0","0","3","04","","N","","","","","","","","","",""
"2021088612","0018","0","0","0","0","0","0","0","0","0","5","0","","67","9","2021","1","40.007833","-75.154858","0015","6","0","0","0","0","0","0","0","0","","0","0","0","23","3","0","N","0","2","40 00:28.200","1","0","75 09:17.490","0","0","0","0","67301","0","0","0","N","0","0","0","1","67301","0","","6.0","120.0","1","N","N","N","1","","0","0","3","0","0","N","2350","5","0","0","0","0","0","0","2","1","5","0","0","0","3","","","N","","","","","","","","","",""
"2021117433","","1","0","0","0","0","0","0","0","0","5","0","","67","9","2021","4","40.020477","-75.042838","","6","0","0","0","0","0","0","0","0","","0","0","0","5","2","1","N","0","0","40 01:13.718","","0","75 02:34.217","8","0","0","0","67301","0","0","0","N","0","0","0","2","00000","0","","1.0","","1","N","N","N","1","","0","0","0","0","0","","535","2","1","0","0","0","1","0","2","0","2","0","0","0","3","","","N","","","","","","","","","",""
"2021099084","1410","3","0","0","0","0","0","0","0","0","4","0","","67","10","2021","3","39.985761","-75.215703","1350","6","0","0","0","0","0","0","0","0","","0","0","0","13","1","3","","1","0","39 59:08.741","","0","75 12:56.531","3","0","0","0","67301","0","0","0","N","0","0","0","7","67301","2","","1.0","","1","N","N","Y","1","","1","0","0","3","2","","1345","4","3","0","0","0","0","0","2","0","4","0","0","0","3","03","","N","","","","","","","","","",""
"2021097917","2000","1","0","0","0","0","0","0","0","0","4","0","","67","10","2021","5","39.960022","-75.192565","1953","6","0","0","0","0","0","0","0","0","","0","0","0","18","1","0","","1","1","39 57:36.079","4","0","75 11:33.233","0","0","0","0","67301","0","0","0","N","0","0","0","2","67507","0","","1.0","840.0","1","N","N","N","0","","0","0","1","3","2","N","1810","2","0","1","0","0","0","0","2","0","2","0","0","0","3","","","N","","","","","","","","","",""
"2021096138","1740","1","0","0","0","0","0","0","0","0","4","0","","67","9","2021","3","39.957292","-75.247874","1736","6","0","0","0","0","0","0","0","0","","0","0","0","17","4","1","","1","0","39 57:26.251","","0","75 14:52.347","3","0","0","0","67301","0","0","0","N","0","0","0","2","67301","0","","1.0","","1","N","N","N","0","","1","0","1","3","2","","1734","2","1","2","0","0","0","0","2","0","2","0","0","0","3","","","N","","","","","","","","","",""
"2021098491","1855","1","0","0","0","0","0","0","0","0","4","0","","67","10","2021","6","39.97575","-75.192008","1855","6","0","0","0","0","0","0","0","1","","0","0","0","18","3","1","N","0","0","39 58:32.699","","0","75 11:31.230","3","0","0","0","67301","0","0","0","N","0","0","0","2","67301","0","","1.0","","1","N","N","N","0","","1","0","1","0","0","","1855","2","1","0","0","0","0","0","2","0","2","0","0","0","3","03","","N","","","","","","","","","",""
"2021092925","1019","2","0","0","0","0","0","0","0","0","4","0","","67","9","2021","1","39.971605","-75.242819","1018","6","0","0","0","0","0","0","0","0","","0","0","0","10","1","0","","1","0","39 58:17.779","","0","75 14:34.148","0","0","0","0","67301","0","0","0","N","0","0","0","2","67301","0","","1.0","","1","N","N","N","0","","0","0","0","3","2","","1017","2","0","0","0","0","0","0","2","0","2","0","0","0","3","03","","N","","","","","","","","","",""
"2021088538","1019","2","0","0","0","0","0","0","0","0","4","0","","67","9","2021","7","39.940644","-75.221552","1019","6","0","0","0","0","1","0","0","0","","0","0","0","10","1","0","","1","0","39 56:26.318","","0","75 13:17.587","0","0","0","0","67301","0","0","0","N","0","0","0","2","67301","0","","1.0","","1","N","N","N","0","","0","0","0","3","3","","1015","2","0","0","0","0","0","0","2","0","2","0","0","0","3","03","","N","","","","","","","","","",""
"2021090970","1310","0","0","0","0","0","0","0","0","0","8","0","","67","9","2021","7","40.027061","-75.041079","1306","6","0","0","0","0","0","0","0","0","","0","0","0","12","1","1","","1","0","40 01:37.419","","0","75 02:27.883","2","0","0","0","67301","1","0","1","N","1","0","1","2","67301","0","","1.0","","1","N","N","N","0","","0","1","1","3","2","","1256","2","1","0","0","0","0","0","2","0","1","1","0","1","3","03","","N","","","","","","","","","",""
"2021090595","1846","2","0","0","0","0","0","0","0","0","4","0","","67","9","2021","7","39.968845","-75.245428","1845","6","0","0","0","0","0","0","0","1","","0","0","0","18","1","0","","1","0","39 58:07.841","","0","75 14:43.541","0","0","0","0","67301","0","0","0","N","0","0","0","2","67301","0","","1.0","","1","N","N","N","0","","0","0","0","3","2","","1845","2","0","2","0","0","0","0","2","0","2","0","0","0","3","03","","N","","","","","","","","","",""
"2021117448","","3","0","0","0","0","0","0","0","0","5","0","","67","9","2021","7","39.916919","-75.21597","","6","0","0","0","0","0","0","0","0","","0","0","0","11","1","1","","2","0","39 55:00.909","","0","75 12:57.493","8","0","0","0","67301","0","0","0","N","0","0","0","3","00000","0","","1.0","","1","N","N","N","0","","0","0","0","3","2","","1145","3","1","0","0","0","1","0","2","0","3","0","0","0","3","","","N","","","","","","","","","",""
"2021092885","0855","1","0","0","0","0","0","0","0","0","5","0","25","67","9","2021","1","39.980528","-75.104591","0849","6","0","0","0","0","0","1","0","0","","0","0","0","8","1","0","N","0","0","39 58:49.899","","0","75 06:16.529","0","0","0","0","67301","0","0","0","N","0","0","0","2","68K01","0","","1.0","","1","N","N","N","0","","0","0","1","0","0","","841","2","0","0","0","0","0","0","2","0","2","0","0","0","3","","N","Y","4","1","","","N","","","","Y","N"
"2021096851","0715","3","0","0","0","0","0","0","0","0","4","0","","67","10","2021","3","39.978004","-75.163778","0714","6","0","0","0","0","0","1","0","0","","0","0","0","7","1","1","","1","0","39 58:40.814","","0","75 09:49.600","3","0","0","0","67301","0","0","0","N","0","0","0","2","67301","0","","1.0","","1","N","N","N","0","","1","0","2","3","3","","713","5","1","0","0","0","0","0","2","0","5","0","0","0","4","04","","N","","","","","","","","","",""
"2021111039","2150","1","0","0","0","0","0","0","0","0","4","0","","67","11","2021","7","40.046826","-75.070343","2145","6","0","0","0","1","0","0","0","0","","0","0","0","21","3","0","","1","1","40 02:48.573","2","0","75 04:13.233","9","0","0","0","67301","0","0","0","N","0","0","0","5","67301","0","","1.0","30.0","1","N","N","N","0","","0","0","0","3","2","N","2145","2","0","0","0","0","0","1","2","1","2","0","0","0","3","","","N","","","","","","","","","",""
"2021094212","0908","1","0","0","1","0","0","0","0","0","8","0","","67","9","2021","6","39.95044","-75.192585","0908","6","0","0","0","0","0","0","0","0","","0","0","0","3","3","1","","1","0","39 57:01.584","","0","75 11:33.305","3","0","0","0","67301","1","0","0","N","0","0","0","2","67504","0","","1.0","","1","N","N","N","0","","1","0","0","3","2","","315","2","1","0","0","0","0","0","2","0","1","1","0","0","3","03","","N","","","","","","","","","",""
"2021102835","2222","2","0","0","0","0","0","0","0","0","5","0","","67","10","2021","7","40.004472","-75.139528","2217","6","0","0","0","0","0","1","0","0","","0","0","0","21","3","0","N","0","0","40 00:16.100","","0","75 08:22.300","0","0","0","0","67301","0","0","0","N","0","0","0","1","67301","0","","6.0","","9","N","N","N","0","","0","0","0","0","0","","2144","2","0","0","0","0","0","0","2","0","2","0","0","0","7","","","N","","","","","","","","","",""
"2021088368","0235","1","0","0","0","0","0","0","0","0","5","0","","67","9","2021","1","40.044696","-75.121197","0225","6","0","0","0","0","0","0","0","0","","0","0","0","1","3","2","N","0","0","40 02:40.906","","0","75 07:16.310","3","0","0","0","67301","0","0","0","N","0","0","0","2","67301","0","","6.0","","1","N","N","N","0","","2","0","1","0","0","","156","2","2","0","0","0","0","0","2","0","2","0","0","0","3","","","N","","","","","","","","","",""
"2021098175","0929","2","0","0","0","0","0","0","0","0","5","0","","67","10","2021","5","39.9224","-75.226972","0925","6","0","0","0","0","0","0","0","0","","0","0","0","9","1","1","N","0","0","39 55:20.640","","0","75 13:37.100","3","0","0","0","67301","0","0","0","N","0","0","0","1","67301","0","","6.0","","1","N","N","N","0","","1","0","1","0","0","","918","3","1","0","0","0","0","0","2","0","3","0","0","0","3","","","N","","","","","","","","","",""
"2021098806","1618","1","0","0","0","0","0","0","0","0","7","0","","67","10","2021","5","40.011997","-75.099016","1611","6","0","0","0","0","0","0","0","1","","0","0","0","16","1","1","","2","0","40 00:43.189","","0","75 05:56.457","8","0","0","0","67301","0","0","0","N","0","0","0","1","67301","0","","4.0","","1","N","N","N","0","","0","0","0","3","3","","1608","1","1","0","0","0","1","0","2","0","1","0","0","0","3","03","","N","","","","","","","","","",""
"2021097672","1233","1","0","0","0","0","0","0","0","0","1","0","","67","10","2021","4","39.961598","-75.15465","1233","6","0","0","0","0","0","1","0","0","","0","0","0","12","1","0","Y","0","2","39 57:41.753","3","0","75 09:16.740","9","0","0","0","67301","0","0","0","N","0","0","0","4","67301","0","","1.0","1320.0","1","N","N","N","0","","0","0","2","3","2","Y","1233","3","0","1","0","0","0","1","2","0","3","0","0","0","3","04","","N","","","","","","","","","",""
"2021097075","1945","0","0","0","0","0","0","0","0","0","4","0","","67","10","2021","7","39.926328","-75.146361","1945","6","0","0","0","0","0","0","0","0","","0","0","0","12","1","0","","1","0","39 55:34.780","","2","75 08:46.899","0","0","0","0","67301","0","0","0","N","0","0","0","2","67301","0","","1.0","","1","N","N","N","0","","0","0","1","3","3","","1235","2","0","0","0","0","0","0","2","0","2","0","0","0","3","03","","N","","","","","","","","","",""
"2021088342","0137","2","0","0","0","0","0","0","0","0","4","0","","67","9","2021","1","39.938148","-75.154807","0134","6","0","0","0","0","0","0","0","0","","0","0","0","1","3","3","","1","0","39 56:17.332","","0","75 09:17.305","3","0","0","0","67301","0","0","0","N","0","0","0","3","67301","2","","1.0","","1","N","N","N","0","","1","0","1","3","3","","130","3","3","1","0","0","0","0","2","0","3","0","0","0","3","03","","N","","","","","","","","","",""
"2021089582","1200","1","0","0","0","0","0","0","0","0","1","0","","67","9","2021","3","39.987025","-75.1086","1159","6","0","0","0","0","0","0","0","0","","0","0","0","11","1","0","N","0","0","39 59:13.290","","0","75 06:30.960","9","0","0","0","67301","0","0","0","N","0","0","0","1","67301","0","","6.0","","1","N","N","N","0","","0","0","1","0","0","","1158","2","0","1","0","0","0","1","2","0","2","0","0","0","3","03","","N","","","","","","","","","",""
"2021091731","0910","1","0","0","0","0","0","0","0","0","4","0","","67","9","2021","2","39.940099","-75.200184","0907","6","0","0","0","0","0","0","0","0","","0","0","0","8","1","4","","2","0","39 56:24.356","","0","75 12:00.663","3","0","0","0","67301","0","0","0","N","0","0","0","4","67301","0","","1.0","","1","N","N","N","0","","4","0","0","3","3","","815","2","4","0","0","0","0","0","2","1","2","0","0","0","3","03","","N","","","","","","","","","",""
"2021097112","0055","0","0","0","0","0","0","0","0","0","0","0","15","67","10","2021","3","39.974673","-75.198791","0053","6","0","0","0","0","0","0","0","0","","0","0","0","0","3","1","N","0","1","39 58:28.822","6","0","75 11:55.649","3","0","0","1","67301","0","0","0","N","0","0","0","1","67301","0","","1.0","700.0","3","N","N","N","0","","1","0","0","0","0","N","50","1","1","0","0","0","0","0","2","0","1","0","0","0","3","","Y","Y","4","1","N","N","Y","Y","Y","N","N","N"
"2021098312","1715","0","0","0","0","0","0","0","0","0","4","0","","67","10","2021","6","39.960798","-75.196919","1713","6","0","0","0","0","0","1","0","0","","0","0","0","17","1","0","","1","0","39 57:38.872","","0","75 11:48.910","0","0","0","0","67301","0","0","0","N","0","0","0","2","67301","0","","1.0","","1","N","N","N","0","","0","0","1","3","3","","1707","2","0","0","0","0","0","0","2","1","2","0","0","0","3","03","","N","","","","","","","","","",""
"2021088437","1700","1","0","0","0","0","0","0","0","0","4","0","","67","9","2021","1","39.906381","-75.181192","1644","6","0","0","0","0","0","0","0","0","","0","0","0","16","1","1","N","0","1","39 54:22.970","4","7","75 10:52.290","3","0","0","0","67301","0","0","0","N","0","0","0","2","67301","0","","1.0","1720.0","1","N","N","N","0","","1","0","0","0","0","N","1642","2","1","0","0","0","0","0","2","1","2","0","0","0","3","03","","N","","","","","","","","","",""
"2021098601","0505","0","0","0","0","0","0","0","0","0","0","0","","67","10","2021","6","39.913908","-75.137929","0500","6","0","0","0","0","0","0","0","0","","0","0","0","4","2","1","N","0","0","39 54:50.070","","0","75 08:16.543","8","0","0","0","67301","0","0","0","N","0","0","0","1","67301","0","","3.0","","1","N","N","N","0","","0","0","1","0","0","","459","1","1","0","0","0","1","0","2","0","1","0","0","0","3","03","","N","","","","","","","","","",""
"2021090523","1806","2","0","0","0","0","0","0","0","0","5","0","","67","9","2021","5","39.982925","-75.253872","1737","6","0","0","0","0","0","1","0","0","","0","0","0","15","1","0","N","0","0","39 58:58.530","","7","75 15:13.940","0","0","0","0","67301","0","0","0","N","0","0","0","2","67301","0","","1.0","","9","N","N","N","0","","0","0","0","0","0","","1525","2","0","1","0","0","0","0","2","0","2","0","0","0","7","04","","N","","","","","","","","","",""
"2021095447","1628","0","0","0","1","0","0","0","0","0","8","0","","67","9","2021","4","39.959958","-75.237124","1625","6","0","0","0","0","0","0","1","0","","0","0","0","16","1","1","","1","0","39 57:35.847","","0","75 14:13.645","3","0","0","0","67301","1","0","0","N","0","0","0","2","67301","0","","1.0","","1","N","N","N","0","","1","0","1","3","2","","1600","2","1","1","0","0","0","0","2","0","1","1","0","0","3","03","","N","","","","","","","","","",""
"2021110155","1105","0","0","0","0","0","0","0","0","0","98","0","","67","11","2021","6","40.045774","-75.00013","1100","6","0","0","0","0","0","1","0","0","","0","0","0","10","1","2","N","0","0","40 02:44.786","","2","75 00:00.467","8","0","0","0","67301","0","0","0","N","0","0","0","2","67301","0","","7.0","","9","N","N","N","1","","0","0","0","0","0","","1055","1","2","0","0","0","2","0","2","0","1","0","0","0","7","07","","N","","","","","","","","","",""
"2021100697","1519","0","0","0","0","0","0","0","0","0","4","0","","67","10","2021","7","39.945302","-75.229585","1519","6","0","1","0","0","0","0","0","0","","0","0","0","15","1","1","","1","1","39 56:43.086","4","0","75 13:46.506","3","0","0","0","67301","0","0","0","N","0","0","0","2","67301","0","","1.0","1700.0","1","N","N","N","0","","1","0","1","3","2","N","1519","2","1","1","0","0","0","0","2","1","2","0","0","0","3","03","","N","","","","","","","","","",""
"2021117632","1040","1","0","0","0","0","0","0","0","0","4","0","","67","11","2021","3","40.012311","-75.150574","1036","6","0","0","0","0","0","0","0","0","","0","0","0","10","1","0","","1","0","40 00:44.321","","0","75 09:02.067","9","0","0","0","67301","0","0","0","N","0","0","0","3","67301","0","","1.0","","1","N","N","N","1","","0","0","0","3","2","","1030","2","0","0","0","0","0","3","2","0","2","0","0","0","3","","","N","","","","","","","","","",""
"2021088550","1917","1","0","0","0","0","0","0","0","0","4","0","","67","9","2021","1","39.972194","-75.244888","1915","6","0","0","0","0","0","1","0","0","","0","0","0","19","3","3","","1","1","39 58:19.899","6","0","75 14:41.596","8","0","0","0","67301","0","0","0","N","0","0","0","3","67301","0","","1.0","45.0","1","N","N","N","1","","0","0","0","3","2","N","1910","3","3","0","0","0","3","0","2","1","3","0","0","0","3","","","N","","","","","","","","","",""
"2021096271","1010","1","0","0","0","0","0","0","0","0","4","0","","67","10","2021","7","40.00468","-75.152126","0942","6","0","0","0","0","0","1","0","0","","0","0","0","16","1","0","","1","0","40 00:16.847","","0","75 09:07.652","0","0","0","0","67301","0","0","0","N","0","0","0","2","67301","0","","1.0","","1","N","N","N","0","","0","0","1","3","2","","1630","2","0","0","0","0","0","0","2","0","2","0","0","0","4","","","N","","","","","","","","","",""
"2021098492","0134","1","0","0","0","0","0","0","0","0","4","0","","67","10","2021","5","40.030763","-75.187766","0116","6","0","0","0","0","0","1","0","0","","0","0","0","1","3","0","","1","0","40 01:50.746","","0","75 11:15.959","0","0","0","0","67301","0","0","0","N","0","0","0","2","67301","0","","1.0","","1","N","N","N","0","","0","0","1","3","2","","102","2","0","0","0","0","0","0","2","0","2","0","0","0","3","03","","N","","","","","","","","","",""
"2021090673","1651","0","0","0","0","0","0","0","0","0","5","0","","67","9","2021","3","39.928314","-75.232069","1641","6","0","0","0","0","0","1","0","0","","0","0","0","16","1","2","N","0","0","39 55:41.930","","0","75 13:55.450","8","0","0","0","67301","0","0","0","N","0","0","0","3","67301","0","","1.0","","99","N","N","N","0","","0","0","2","0","0","","1615","2","2","0","0","0","2","0","2","0","2","0","0","0","3","03","","N","","","","","","","","","",""