"CRN","ARRIVAL_TM","AUTOMOBILE_COUNT","BELTED_DEATH_COUNT","BELTED_SUSP_SERIOUS_INJ_COUNT","BICYCLE_COUNT","BICYCLE_DEATH_COUNT","BICYCLE_SUSP_SERIOUS_INJ_COUNT","BUS_COUNT","CHLDPAS_DEATH_COUNT","CHLDPAS_SUSP_SERIOUS_INJ_COUNT","COLLISION_TYPE","COMM_VEH_COUNT","CONS_ZONE_SPD_LIM","COUNTY","CRASH_MONTH","CRASH_YEAR","DAY_OF_WEEK","DEC_LATITUDE","DEC_LONGITUDE","DISPATCH_TM","DISTRICT","DRIVER_COUNT_16YR","DRIVER_COUNT_17YR","DRIVER_COUNT_18YR","DRIVER_COUNT_19YR","DRIVER_COUNT_20YR","DRIVER_COUNT_50_64YR","DRIVER_COUNT_65_74YR","DRIVER_COUNT_75PLUS","EST_HRS_CLOSED","FATAL_COUNT","HEAVY_TRUCK_COUNT","HORSE_BUGGY_COUNT","HOUR_OF_DAY","ILLUMINATION","INJURY_COUNT","INTERSECTION_RELATED","INTERSECT_TYPE","LANE_CLOSED","LATITUDE","LN_CLOSE_DIR","LOCATION_TYPE","LONGITUDE","MAX_SEVERITY_LEVEL","MCYCLE_DEATH_COUNT","MCYCLE_SUSP_SERIOUS_INJ_COUNT","MOTORCYCLE_COUNT","MUNICIPALITY","NONMOTR_COUNT","NONMOTR_DEATH_COUNT","NONMOTR_SUSP_SERIOUS_INJ_COUNT","NTFY_HIWY_MAINT","PED_COUNT","PED_DEATH_COUNT","PED_SUSP_SERIOUS_INJ_COUNT","PERSON_COUNT","POLICE_AGCY","POSSIBLE_INJ_COUNT","RDWY_SURF_TYPE_CD","RELATION_TO_ROAD","ROADWAY_CLEARED","ROAD_CONDITION","SCH_BUS_IND","SCH_ZONE_IND","SECONDARY_CRASH","SMALL_TRUCK_COUNT","SPEC_JURIS_CD","SUSP_MINOR_INJ_COUNT","SUSP_SERIOUS_INJ_COUNT","SUV_COUNT","TCD_FUNC_CD","TCD_TYPE","TFC_DETOUR_IND","TIME_OF_DAY","TOTAL_UNITS","TOT_INJ_COUNT","UNBELTED_OCC_COUNT","UNB_DEATH_COUNT","UNB_SUSP_SERIOUS_INJ_COUNT","UNK_INJ_DEG_COUNT","UNK_INJ_PER_COUNT","URBAN_RURAL","VAN_COUNT","VEHICLE_COUNT","VULNERABLE_ROAD_USER_COUNT","VULNERABLE_ROAD_USER_DEATH_COUNT","VULNERABLE_ROAD_USER_SER_INJ_COUNT","WEATHER1","WEATHER2","WORKERS_PRES","WORK_ZONE_IND","WORK_ZONE_LOC","WORK_ZONE_TYPE","WZ_CLOSE_DETOUR","WZ_FLAGGER","WZ_LAW_OFFCR_IND","WZ_LN_CLOSURE","WZ_MOVING","WZ_OTHER","WZ_SHLDER_MDN","WZ_WORKERS_INJ_KILLED"
"2021089173","0405","2","0","0","0","0","0","0","0","0","4","0","","67","9","2021","2","40.022789","-75.159023","0403","6","0","0","0","0","0","0","0","0","","0","0","0","3","3","1","","5","0","40 01:22.042","","0","75 09:32.483","3","0","0","0","67301","0","0","0","N","0","0","0","2","67301","0","","1.0","","1","N","N","N","0","","1","0","0","3","2","","352","2","1","0","0","0","0","0","2","0","2","0","0","0","3","03","","N","","","","","","","","","",""
"2021098173","1631","1","0","0","0","0","0","0","0","0","6","0","","67","10","2021","4","39.918532","-75.225906","1630","6","0","0","0","0","0","0","0","0","","0","0","0","16","1","2","","1","1","39 55:06.715","4","0","75 13:33.263","3","0","0","0","67301","0","0","0","N","0","0","0","6","67301","0","","1.0","1650.0","1","N","N","N","0","","2","0","1","3","2","Y","1623","2","2","0","0","0","0","0","2","0","2","0","0","0","3","","","N","","","","","","","","","",""
"2021115409","1603","3","0","0","0","0","0","0","0","0","1","0","","67","10","2021","6","40.005689","-75.075002","1547","6","0","0","0","0","0","0","0","0","","0","0","0","15","1","0","N","0","1","40 00:20.482","1","0","75 04:30.007","0","0","0","0","67301","0","0","0","N","0","0","0","4","68K01","0","","1.0","1625.0","1","N","N","N","0","","0","0","1","0","0","N","1543","4","0","0","0","0","0","0","2","0","4","0","0","0","3","","","N","","","","","","","","","",""
"2021100162","2220","1","0","0","0","0","0","0","0","0","2","0","","67","10","2021","4","39.957433","-75.223189","2220","6","0","0","0","0","0","0","0","0","","0","0","0","22","3","0","N","0","0","39 57:26.760","","0","75 13:23.480","0","0","0","0","67301","0","0","0","N","0","0","0","1","67301","0","","6.0","","1","N","N","N","0","","0","0","2","0","0","","2220","3","0","0","0","0","0","0","2","0","3","0","0","0","3","","","N","","","","","","","","","",""
"2021100356","0836","0","0","0","0","0","0","0","0","0","1","0","","67","10","2021","5","40.001821","-75.078714","0806","6","0","0","0","0","0","1","0","0","","0","0","0","8","1","0","N","0","0","40 00:06.555","","0","75 04:43.371","0","0","0","0","67301","0","0","0","N","0","0","0","2","68K01","0","","1.0","","1","N","N","N","0","","0","0","1","0","0","","803","2","0","0","0","0","0","0","2","1","2","0","0","0","3","","","N","","","","","","","","","",""
"2021090235","1248","1","0","0","0","0","0","0","0","0","8","0","","67","9","2021","6","39.952296","-75.175409","1243","6","0","0","0","0","0","0","0","0","","0","0","0","12","1","1","","1","0","39 57:08.267","","0","75 10:31.472","2","0","0","0","67301","1","0","1","N","1","0","1","2","67301","0","","1.0","","1","N","N","N","0","","0","1","0","3","2","","1227","2","1","0","0","0","0","0","2","0","1","1","0","1","3","","","N","","","","","","","","","",""
"2021090672","1740","0","0","0","0","0","0","0","0","0","4","0","","67","9","2021","2","39.969193","-75.184458","1728","6","0","0","0","0","0","0","0","0","","0","0","0","17","1","1","","1","2","39 58:09.095","4","0","75 11:04.050","2","0","1","1","67301","0","0","0","N","0","0","0","3","67301","0","","1.0","100.0","1","N","N","N","0","","0","1","1","3","2","Y","1715","2","1","0","0","0","0","0","2","0","2","0","0","0","3","03","","N","","","","","","","","","",""
"2021096393","1850","2","0","0","0","0","0","0","0","0","4","0","","67","10","2021","7","40.056362","-75.075135","1848","6","0","0","0","0","0","0","0","0","","0","0","0","18","1","1","","1","0","40 03:22.903","","0","75 04:30.486","3","0","0","0","67301","0","0","0","N","0","0","0","3","67301","0","","1.0","","1","N","N","N","0","","1","0","1","3","2","","1845","3","1","3","0","0","0","0","2","0","3","0","0","0","3","","","N","","","","","","","","","",""
"2021101025","2350","3","0","0","0","0","0","0","0","0","2","0","","67","9","2021","1","40.016149","-75.149739","2350","6","0","0","0","0","0","0","0","0","","0","0","0","23","3","0","","2","0","40 00:58.135","","0","75 08:59.060","0","0","0","0","67301","0","0","0","N","0","0","0","1","67301","0","","1.0","","1","N","N","N","0","","0","0","1","0","0","","2305","4","0","0","0","0","0","0","2","0","4","0","0","0","3","","","N","","","","","","","","","",""
"2021097574","0100","1","0","0","0","0","0","0","0","0","4","0","","67","10","2021","5","39.979851","-75.142873","0058","6","0","0","0","0","1","0","0","0","","0","0","0","0","3","1","","1","2","39 58:47.465","6","0","75 08:34.342","4","0","0","0","67301","0","0","0","N","0","0","0","4","67301","1","","1.0","45.0","1","N","N","N","0","","0","0","1","3","2","N","50","2","1","0","0","0","0","0","2","0","2","0","0","0","3","03","","N","","","","","","","","","",""
"2021090746","1414","1","0","0","0","0","0","0","0","0","4","0","","67","9","2021","2","40.076623","-75.032867","1414","6","0","0","0","0","0","0","0","0","","0","0","0","13","1","1","","1","0","40 04:35.844","","0","75 01:58.321","8","0","0","0","67301","0","0","0","N","0","0","0","2","67301","0","","1.0","","1","N","N","N","0","","0","0","1","3","2","","1356","2","1","0","0","0","1","0","2","0","2","0","0","0","3","03","","N","","","","","","","","","",""
"2021106890","2138","1","0","0","0","0","0","0","0","0","0","0","","67","9","2021","3","39.985368","-75.208317","2137","6","0","0","0","0","0","0","0","0","","0","0","0","21","3","1","N","0","1","39 59:07.325","3","0","75 12:29.940","2","0","1","1","67301","0","0","0","N","0","0","0","3","68K01","0","","1.0","2158.0","1","N","N","N","0","","0","1","0","0","0","N","2133","3","1","1","0","0","0","0","2","0","2","0","0","0","3","","","N","","","","","","","","","",""
"2021091014","1111","0","0","0","0","0","0","0","0","0","8","0","","67","9","2021","4","39.955961","-75.22571","1111","6","0","0","0","0","0","1","0","0","","0","0","0","11","1","1","N","0","0","39 57:21.461","","0","75 13:32.557","8","0","0","0","67301","1","0","0","N","1","0","0","2","67301","0","","1.0","","1","N","N","N","0","","0","0","1","0","0","","1110","2","1","0","0","0","1","0","2","0","1","1","0","0","3","","","N","","","","","","","","","",""
"2021098184","1525","1","0","0","0","0","0","0","0","0","8","0","","67","10","2021","5","40.035771","-75.042692","1520","6","0","0","0","0","0","0","0","0","","0","0","0","15","1","1","N","0","0","40 02:08.775","","0","75 02:33.690","8","0","0","0","67301","1","0","0","N","1","0","0","2","67301","0","","1.0","","1","N","N","N","0","","0","0","1","0","0","","1509","3","1","1","0","0","1","0","2","0","2","1","0","0","3","03","","N","","","","","","","","","",""
"2021096663","1046","2","0","0","0","0","0","0","0","0","2","0","","67","10","2021","2","39.993556","-75.214639","1042","6","0","0","0","0","0","0","0","0","","0","0","0","10","1","2","N","0","0","39 59:36.800","","0","75 12:52.700","4","0","0","0","67301","0","0","0","N","0","0","0","2","67301","1","","1.0","","1","N","N","N","0","","0","0","0","0","0","","1035","2","2","0","0","0","1","0","2","0","2","0","0","0","3","03","","N","","","","","","","","","",""
"2021090377","0141","3","0","0","0","0","0","0","0","0","4","0","","67","9","2021","7","39.985753","-75.164533","0134","6","0","0","0","0","0","0","1","0","","0","0","0","1","3","2","","1","0","39 59:08.710","","0","75 09:52.318","2","0","0","0","67301","0","0","0","N","0","0","0","3","67301","0","","1.0","","1","N","N","N","0","","0","1","1","3","2","","134","4","2","0","0","0","1","0","2","0","4","0","0","0","3","03","","N","","","","","","","","","",""
"2021090995","1400","1","0","0","0","0","0","0","0","0","5","0","","67","9","2021","5","39.952917","-75.134722","1358","6","0","0","0","0","0","2","0","0","","0","0","0","13","1","0","N","0","2","39 57:10.500","3","3","75 08:05.000","9","0","0","0","67301","0","0","0","N","0","0","0","3","67501","0","","1.0","1405.0","9","N","N","N","1","","0","0","0","3","8","N","1358","3","0","0","0","0","0","1","2","1","3","0","0","0","7","04","","N","","","","","","","","","",""
"2021128675","1525","2","0","0","0","0","0","0","0","0","2","0","","67","12","2021","6","40.034038","-75.076191","1521","6","0","0","0","0","0","0","0","0","","0","0","0","15","1","5","N","0","1","40 02:02.537","2","0","75 04:34.289","3","0","0","0","67301","0","0","0","N","0","0","0","5","67301","0","","1.0","1730.0","1","N","N","N","0","","1","0","0","0","0","N","1515","2","5","2","0","0","4","0","2","0","2","0","0","0","3","03","","N","","","","","","","","","",""
"2021097100","2335","0","0","0","0","0","0","0","0","0","5","0","","67","10","2021","2","39.923331","-75.187075","2335","6","0","0","0","0","0","1","0","0","","0","0","0","23","3","0","N","0","2","39 55:23.990","2","0","75 11:13.470","0","0","0","0","67301","0","0","0","N","0","0","0","2","67301","0","","6.0","100.0","1","N","N","N","0","","0","0","2","0","0","Y","2335","2","0","0","0","0","0","0","2","0","2","0","0","0","3","03","","N","","","","","","","","","",""
"2021101028","0248","2","0","0","0","0","0","0","0","0","5","0","","67","9","2021","6","40.006708","-75.140761","0247","6","0","0","0","0","0","0","0","0","","0","0","0","1","3","0","N","0","0","40 00:24.150","","0","75 08:26.740","9","0","0","0","67301","0","0","0","N","0","0","0","1","67301","0","","6.0","","1","N","N","N","0","","0","0","4","0","0","","154","6","0","0","0","0","0","1","2","0","6","0","0","0","3","03","","N","","","","","","","","","",""
"2021090416","1255","0","0","0","0","0","0","0","0","0","4","0","","67","9","2021","6","40.009868","-75.156024","1253","6","0","0","0","1","0","0","0","0","","0","0","0","12","1","1","","1","0","40 00:35.524","","0","75 09:21.688","2","0","1","1","67301","0","0","0","N","0","0","0","2","67301","0","","1.0","","1","N","N","N","0","","0","1","1","3","2","","1251","2","1","0","0","0","0","0","2","0","2","0","0","0","3","03","","N","","","","","","","","","",""
"2021093426","1605","0","0","0","0","0","0","0","0","0","1","0","","67","9","2021","4","39.95167","-75.141474","1600","6","0","0","0","0","0","1","0","0","","0","0","0","15","1","1","N","0","1","39 57:06.012","2","0","75 08:29.307","3","0","0","1","67301","0","0","0","N","0","0","0","2","68K01","0","","1.0","1640.0","1","N","N","N","0","","1","0","1","0","0","N","1559","2","1","0","0","0","0","0","2","0","2","0","0","0","3","03","","N","","","","","","","","","",""
"2021098303","1140","1","0","0","0","0","0","0","0","0","7","0","","67","10","2021","6","40.033844","-75.174883","1140","6","0","0","0","0","0","0","0","0","","0","0","0","11","1","0","N","0","0","40 02:01.840","","0","75 10:29.580","0","0","0","0","67301","0","0","0","N","0","0","0","1","67301","0","","4.0","","1","N","Y","N","0","","0","0","0","0","0","","1140","1","0","1","0","0","0","0","2","0","1","0","0","0","3","03","","N","","","","","","","","","",""
"2021124546","1602","1","1","0","0","0","0","0","0","0","4","0","","67","12","2021","1","40.069168","-75.156923","1553","6","0","0","0","0","0","0","1","0","","1","0","0","15","1","0","","1","0","40 04:09.004","","0","75 09:24.922","1","0","0","0","67301","0","0","0","N","0","0","0","2","67301","0","2","1.0","","1","N","N","N","1","0","0","0","0","3","3","","1523","2","0","0","0","0","0","0","2","0","2","0","0","0","3","98","","N","","","","","","","","","",""
"2021098692","0811","1","0","0","0","0","0","0","0","0","8","0","","67","10","2021","6","39.926479","-75.186026","0810","6","0","0","0","0","0","1","0","0","","0","0","0","8","1","1","","1","0","39 55:35.325","","0","75 11:09.693","3","0","0","0","67301","1","0","0","N","1","0","0","2","67301","0","","1.0","","1","N","Y","N","0","","1","0","0","3","2","","805","2","1","1","0","0","0","0","2","0","1","1","0","0","3","03","","N","","","","","","","","","",""
"2021100373","1637","2","0","0","0","0","0","0","0","0","1","0","","67","10","2021","7","39.986711","-75.208018","1637","6","0","0","0","0","0","0","1","0","","0","0","0","16","1","2","N","0","2","39 59:12.159","3","0","75 12:28.866","3","0","0","0","67301","0","0","0","N","0","0","0","5","68K01","0","","1.0","1640.0","9","N","N","N","1","","2","0","0","0","0","N","1634","3","2","0","0","0","0","0","2","0","3","0","0","0","7","","","N","","","","","","","","","",""
"2021095768","1910","1","0","0","0","0","0","0","0","0","8","0","","67","10","2021","6","39.996374","-75.173412","1910","6","0","0","0","0","0","1","0","0","","0","0","0","19","3","1","N","0","2","39 59:46.947","6","0","75 10:24.284","2","0","0","0","67301","1","0","1","N","1","0","1","3","67301","0","","1.0","1935.0","1","N","N","N","0","","0","1","0","0","0","Y","1908","2","1","0","0","0","0","0","2","0","1","1","0","1","3","03","","N","","","","","","","","","",""
"2021090909","0337","2","0","0","0","0","0","0","0","0","5","0","","67","9","2021","1","40.012552","-75.073222","0337","6","0","0","0","1","0","0","0","0","","0","0","0","2","6","1","","1","0","40 00:45.188","","0","75 04:23.599","3","0","0","0","67301","0","0","0","N","0","0","0","2","67301","0","","1.0","","99","N","N","N","0","","1","0","0","3","2","","200","2","1","0","0","0","0","1","2","0","2","0","0","0","99","","","N","","","","","","","","","",""
"2021097218","1505","1","0","0","0","0","0","0","0","0","7","0","","67","10","2021","3","40.036419","-75.149394","1504","6","0","0","0","0","0","0","0","0","","0","0","0","14","1","0","N","0","0","40 02:11.110","","0","75 08:57.820","0","0","0","0","67301","0","0","0","N","0","0","0","1","67301","0","","4.0","","1","N","N","N","0","","0","0","0","0","0","","1458","1","0","0","0","0","0","0","2","0","1","0","0","0","3","03","","N","","","","","","","","","",""
"2021097765","1335","1","0","0","0","0","0","0","0","0","7","0","","67","10","2021","5","39.912444","-75.173944","1332","6","0","0","0","0","0","1","0","0","","0","0","0","13","1","1","","7","0","39 54:44.800","","8","75 10:26.200","3","0","0","0","67301","0","0","0","N","0","0","0","2","67501","0","","4.0","","1","N","N","N","0","","1","0","0","0","0","","1331","1","1","0","0","0","0","0","2","0","1","0","0","0","3","03","","N","","","","","","","","","",""
"2021096052","1915","2","0","0","0","0","0","0","0","0","2","0","","67","10","2021","7","39.99178","-75.186379","1910","6","0","0","0","0","0","0","0","0","","0","0","0","19","3","0","","1","0","39 59:30.408","","0","75 11:10.966","0","0","0","0","67301","0","0","0","N","0","0","0","2","67301","0","","1.0","","9","N","N","N","0","","0","0","0","3","2","","1910","2","0","0","0","0","0","0","2","0","2","0","0","0","7","07","","N","","","","","","","","","",""
"2021128282","1800","2","0","0","0","0","0","0","0","0","4","0","","67","12","2021","2","40.017982","-75.096988","1758","6","0","0","0","0","0","0","1","0","","0","0","0","17","3","1","","12","0","40 01:04.736","","0","75 05:49.156","3","0","0","0","67301","0","0","0","N","0","0","0","3","67301","0","","1.0","","9","N","N","N","0","","1","0","0","3","4","","1754","2","1","0","0","0","0","0","2","0","2","0","0","0","7","","","N","","","","","","","","","",""
"2021096792","0702","1","0","0","0","0","0","0","0","0","7","0","","67","9","2021","2","39.971729","-75.193332","0651","6","0","0","0","0","0","0","0","0","","0","0","0","6","1","1","","7","2","39 58:18.224","4","2","75 11:35.996","3","0","0","0","67301","0","0","0","N","0","0","0","1","68K01","0","","7.0","707.0","1","N","N","N","0","","1","0","0","0","0","N","649","1","1","0","0","0","0","0","2","0","1","0","0","0","3","","","N","","","","","","","","","",""
"2021098475","1730","1","0","0","0","0","0","0","0","0","4","0","","67","10","2021","6","39.986404","-75.169612","1722","6","0","0","0","0","0","0","0","0","","0","0","0","17","1","1","","1","1","39 59:11.054","4","0","75 10:10.603","4","0","0","0","67301","0","0","0","N","0","0","0","3","67301","1","","1.0","1910.0","1","N","N","N","0","","0","0","1","3","2","Y","1720","2","1","2","0","0","0","0","2","0","2","0","0","0","3","03","","N","","","","","","","","","",""
"2021119544","1831","0","0","0","0","0","0","0","0","0","0","0","","67","11","2021","2","39.89897","-75.169083","1814","6","0","0","0","0","0","0","0","0","","0","0","0","18","3","0","N","0","1","39 53:56.293","2","3","75 10:08.700","0","0","0","0","67301","0","0","0","N","0","0","0","1","68K01","0","","1.0","1840.0","1","N","N","N","0","","0","0","1","0","0","N","1813","1","0","0","0","0","0","0","2","0","1","0","0","0","3","","","N","","","","","","","","","",""
"2021096021","0242","1","0","0","0","0","0","0","0","0","1","0","","67","10","2021","1","39.978167","-75.152556","0240","6","0","0","0","0","0","0","0","0","","0","0","0","2","3","1","N","0","0","39 58:41.400","","0","75 09:09.200","4","0","0","0","67301","0","0","0","N","0","0","0","1","67505","1","","6.0","","9","N","N","Y","0","","0","0","3","0","0","","234","4","1","0","0","0","0","0","2","0","4","0","0","0","7","07","","N","","","","","","","","","",""
"2021096722","0719","1","0","0","0","0","0","0","0","0","4","0","","67","10","2021","2","39.914939","-75.237602","0717","6","0","0","0","0","0","0","0","0","","0","0","0","7","1","2","","1","2","39 54:53.780","7","0","75 14:15.367","3","0","0","0","67301","0","0","0","N","0","0","0","2","67301","0","","1.0","850.0","1","N","N","N","0","","2","0","1","3","2","Y","713","2","2","0","0","0","0","0","2","0","2","0","0","0","4","04","","N","","","","","","","","","",""
"2021093120","0925","1","0","0","0","0","0","0","0","0","1","0","","67","9","2021","2","40.02346","-75.139367","0916","6","0","0","0","0","0","1","0","0","","0","0","0","8","1","1","","1","0","40 01:24.455","","0","75 08:21.721","3","0","0","0","67301","0","0","0","N","0","0","0","3","67301","0","","1.0","","1","N","N","N","0","","1","0","1","3","2","","810","2","1","0","0","0","0","1","2","0","2","0","0","0","3","03","","N","","","","","","","","","",""
"2021095787","1956","0","0","0","0","0","0","0","0","0","8","0","","67","10","2021","6","39.95762","-75.145687","1955","6","0","0","0","0","0","0","0","0","","0","0","0","19","3","1","","1","0","39 57:27.432","","0","75 08:44.473","4","0","0","0","67301","1","0","0","N","1","0","0","2","67301","1","","1.0","","1","N","N","N","0","","0","0","1","3","2","","1955","2","1","0","0","0","0","0","2","0","1","1","0","0","3","03","","N","","","","","","","","","",""
"2021096939","1810","0","0","0","0","0","0","0","0","0","1","0","","67","9","2021","2","40.011802","-75.13432","1809","6","0","0","0","0","0","0","0","0","","0","0","0","18","1","2","","3","0","40 00:42.487","","0","75 08:03.551","4","0","0","0","67301","0","0","0","N","0","0","0","4","67301","2","","1.0","","1","N","N","N","0","","0","0","1","3","3","","1804","2","2","0","0","0","0","0","2","1","2","0","0","0","3","03","","N","","","","","","","","","",""
"2021088820","1645","1","0","0","0","0","0","0","0","0","4","0","","67","9","2021","2","40.116674","-75.019906","1644","6","0","0","0","0","1","0","0","1","","0","0","0","16","1","3","","1","2","40 07:00.028","2","0","75 01:11.660","3","0","0","0","67301","0","0","0","N","0","0","0","3","67301","0","","1.0","1755.0","1","N","N","N","0","","3","0","0","3","2","Y","1642","2","3","0","0","0","0","0","2","1","2","0","0","0","3","04","","N","","","","","","","","","",""
"2021098554","0926","2","0","0","0","0","0","0","0","0","1","0","","67","10","2021","6","39.967795","-75.131525","0925","6","0","0","0","1","0","1","0","0","","0","0","0","9","1","1","N","0","1","39 58:04.062","2","0","75 07:53.491","3","0","0","0","67301","0","0","0","N","0","0","0","3","68K01","0","","1.0","930.0","1","N","N","N","0","","1","0","0","0","0","N","922","3","1","0","0","0","0","0","2","1","3","0","0","0","3","03","","N","","","","","","","","","",""
"2021091326","1905","3","0","0","0","0","0","0","0","0","1","0","","67","9","2021","6","39.955152","-75.19832","1906","6","0","0","0","0","0","1","0","0","","0","0","0","19","4","2","","1","0","39 57:18.548","","0","75 11:53.953","8","0","0","0","67301","0","0","0","N","0","0","0","4","67504","0","","1.0","","1","N","N","Y","0","","0","0","0","3","2","","1905","3","2","0","0","0","2","0","2","0","3","0","0","0","3","03","","N","","","","","","","","","",""
"2021090678","0208","0","0","0","0","0","0","0","0","0","0","0","","67","9","2021","7","39.932843","-75.241468","0205","6","0","0","0","0","0","0","0","0","","0","0","0","2","3","1","N","0","0","39 55:58.236","","0","75 14:29.283","3","0","0","0","67301","0","0","0","N","0","0","0","2","67301","0","","1.0","","1","N","N","N","0","","1","0","1","0","0","","200","1","1","2","0","0","0","1","2","0","1","0","0","0","3","03","","N","","","","","","","","","",""
"2021090614","1918","2","0","0","0","0","0","0","0","0","4","0","","67","9","2021","5","40.042016","-75.184613","1918","6","0","0","0","0","0","0","0","0","","0","0","0","18","3","1","","2","1","40 02:31.257","7","6","75 11:04.606","3","0","0","0","67301","0","0","0","N","0","0","0","2","67301","0","","1.0","1615.0","9","N","N","N","0","","1","0","1","3","3","N","1835","3","1","0","0","0","0","0","2","0","3","0","0","0","7","07","","N","","","","","","","","","",""
"2021107566","1551","1","0","0","0","0","0","0","0","0","4","0","","67","10","2021","4","40.039826","-75.144452","1551","6","0","0","0","1","0","1","0","0","","0","0","0","15","1","1","","1","0","40 02:23.374","","0","75 08:40.028","3","0","0","0","67301","0","0","0","N","0","0","0","3","67301","0","","1.0","","1","N","N","N","0","","1","0","1","3","2","","1551","2","1","0","0","0","0","0","2","0","2","0","0","0","3","03","","N","","","","","","","","","",""
"2021090092","0737","1","0","0","0","0","0","0","0","0","4","0","","67","9","2021","6","39.927338","-75.144778","0734","6","0","0","0","0","0","1","0","0","","0","0","0","7","1","0","","1","0","39 55:38.416","","0","75 08:41.201","0","0","0","0","67301","0","0","0","N","0","0","0","2","67301","0","","1.0","","1","N","N","N","0","","0","0","0","3","2","","730","2","0","0","0","0","0","0","2","1","2","0","0","0","3","","","N","","","","","","","","","",""
"2021088357","1645","1","0","0","0","0","0","0","0","0","4","0","","67","9","2021","1","40.059854","-75.173438","1643","6","0","0","0","0","0","1","0","0","","0","0","0","16","1","2","","1","1","40 03:35.475","5","0","75 10:24.377","3","0","0","0","67301","0","0","0","N","0","0","0","3","67301","0","","1.0","1710.0","1","N","N","N","0","","2","0","2","3","2","Y","1640","3","2","3","0","0","0","0","2","0","3","0","0","0","3","03","","N","","","","","","","","","",""
"2021090228","0847","0","0","0","1","0","0","0","0","0","8","0","","67","9","2021","6","39.951673","-75.164178","0844","6","0","0","0","0","0","0","0","0","","0","0","0","8","1","1","N","0","0","39 57:06.023","","0","75 09:51.042","8","0","0","0","67301","1","0","0","N","0","0","0","2","67301","0","","1.0","","1","N","N","N","0","","0","0","0","0","0","","830","2","1","0","0","0","1","0","2","0","1","1","0","0","3","","","N","","","","","","","","","",""
"2021119803","","1","0","1","0","0","0","0","0","0","4","0","","67","9","2021","5","39.904249","-75.164635","","6","0","0","0","0","0","2","0","0","","0","0","0","10","1","1","","1","0","39 54:15.296","","0","75 09:52.687","2","0","0","0","67301","0","0","0","N","0","0","0","2","00000","0","","1.0","","1","N","N","N","0","","0","1","0","3","2","","1030","2","1","0","0","0","0","0","2","1","2","0","0","0","3","","","N","","","","","","","","","",""
"2021088851","2006","2","0","0","0","0","0","0","0","0","4","0","","67","9","2021","2","40.052316","-75.007986","2003","6","0","1","0","0","0","0","0","0","","0","0","0","20","3","0","","1","1","40 03:08.339","1","0","75 00:28.750","0","0","0","0","67301","0","0","0","N","0","0","0","2","67301","0","","1.0","900.0","1","N","N","N","0","","0","0","0","3","2","N","2000","2","0","0","0","0","0","0","2","0","2","0","0","0","3","03","","N","","","","","","","","","",""
"2021096723","0735","2","0","0","0","0","0","0","0","0","4","0","","67","10","2021","2","39.928628","-75.233644","0727","6","0","0","0","0","0","0","0","0","","0","0","0","7","1","2","N","0","0","39 55:43.060","","7","75 14:01.120","3","0","0","0","67301","0","0","0","N","0","0","0","3","67301","0","","1.0","","1","N","N","N","0","","2","0","0","0","0","","718","2","2","0","0","0","0","0","2","0","2","0","0","0","3","03","","N","","","","","","","","","",""
"2021098106","1823","0","0","0","0","0","0","0","0","0","4","0","","67","10","2021","3","39.935979","-75.146815","1821","6","0","0","0","0","0","0","1","0","","0","0","0","18","4","1","","5","0","39 56:09.524","","0","75 08:48.533","3","0","0","0","67301","0","0","0","N","0","0","0","2","67301","0","","1.0","","1","N","N","N","0","","1","0","2","3","3","","1820","2","1","1","0","0","0","0","2","0","2","0","0","0","4","04","","N","","","","","","","","","",""
"2021115407","0355","0","0","0","0","0","0","0","0","0","7","0","","67","10","2021","6","39.972005","-75.122336","0355","6","0","0","0","0","0","0","0","0","","0","0","0","3","3","0","N","0","2","39 58:19.219","1","0","75 07:20.409","0","0","0","0","67301","0","0","0","N","0","0","0","1","68K01","0","","2.0","430.0","1","N","N","N","0","","0","0","1","0","0","N","309","1","0","0","0","0","0","0","2","0","1","0","0","0","3","","","N","","","","","","","","","",""
"2021105315","2035","1","0","0","0","0","0","0","0","0","4","0","","67","9","2021","1","39.958023","-75.148822","2033","6","0","0","0","0","0","0","0","0","","0","0","0","20","3","0","","1","0","39 57:28.881","","0","75 08:55.758","0","0","0","0","67301","0","0","0","N","0","0","0","4","67301","0","","1.0","","1","N","N","N","0","","0","0","1","3","2","","2030","2","0","0","0","0","0","0","2","0","2","0","0","0","3","03","","N","","","","","","","","","",""
"2021092175","1755","2","0","0","0","0","0","0","0","0","4","0","","67","9","2021","2","39.986293","-75.168793","1750","6","0","0","1","0","0","0","0","0","","0","0","0","21","3","1","","1","0","39 59:10.654","","0","75 10:07.654","3","0","0","0","67301","0","0","0","N","0","0","0","2","67301","0","","1.0","","99","N","N","N","0","","1","0","0","0","0","","2120","2","1","0","0","0","0","0","2","0","2","0","0","0","98","98","","N","","","","","","","","","",""
"2021090821","0959","1","0","0","0","0","0","0","0","0","1","0","","67","9","2021","5","39.960981","-75.149906","0957","6","0","0","0","0","0","1","0","0","","0","0","0","9","1","1","Y","0","0","39 57:39.530","","0","75 08:59.660","3","0","0","0","67301","0","0","0","N","0","0","0","2","67301","0","","1.0","","1","N","N","N","0","","1","0","1","3","2","","955","2","1","0","0","0","0","0","2","0","2","0","0","0","4","04","","N","","","","","","","","","",""