"CRN","ARRIVAL_TM","AUTOMOBILE_COUNT","BELTED_DEATH_COUNT","BELTED_SUSP_SERIOUS_INJ_COUNT","BICYCLE_COUNT","BICYCLE_DEATH_COUNT","BICYCLE_SUSP_SERIOUS_INJ_COUNT","BUS_COUNT","CHLDPAS_DEATH_COUNT","CHLDPAS_SUSP_SERIOUS_INJ_COUNT","COLLISION_TYPE","COMM_VEH_COUNT","CONS_ZONE_SPD_LIM","COUNTY","CRASH_MONTH","CRASH_YEAR","DAY_OF_WEEK","DEC_LATITUDE","DEC_LONGITUDE","DISPATCH_TM","DISTRICT","DRIVER_COUNT_16YR","DRIVER_COUNT_17YR","DRIVER_COUNT_18YR","DRIVER_COUNT_19YR","DRIVER_COUNT_20YR","DRIVER_COUNT_50_64YR","DRIVER_COUNT_65_74YR","DRIVER_COUNT_75PLUS","EST_HRS_CLOSED","FATAL_COUNT","HEAVY_TRUCK_COUNT","HORSE_BUGGY_COUNT","HOUR_OF_DAY","ILLUMINATION","INJURY_COUNT","INTERSECTION_RELATED","INTERSECT_TYPE","LANE_CLOSED","LATITUDE","LN_CLOSE_DIR","LOCATION_TYPE","LONGITUDE","MAX_SEVERITY_LEVEL","MCYCLE_DEATH_COUNT","MCYCLE_SUSP_SERIOUS_INJ_COUNT","MOTORCYCLE_COUNT","MUNICIPALITY","NONMOTR_COUNT","NONMOTR_DEATH_COUNT","NONMOTR_SUSP_SERIOUS_INJ_COUNT","NTFY_HIWY_MAINT","PED_COUNT","PED_DEATH_COUNT","PED_SUSP_SERIOUS_INJ_COUNT","PERSON_COUNT","POLICE_AGCY","POSSIBLE_INJ_COUNT","RDWY_SURF_TYPE_CD","RELATION_TO_ROAD","ROADWAY_CLEARED","ROAD_CONDITION","SCH_BUS_IND","SCH_ZONE_IND","SECONDARY_CRASH","SMALL_TRUCK_COUNT","SPEC_JURIS_CD","SUSP_MINOR_INJ_COUNT","SUSP_SERIOUS_INJ_COUNT","SUV_COUNT","TCD_FUNC_CD","TCD_TYPE","TFC_DETOUR_IND","TIME_OF_DAY","TOTAL_UNITS","TOT_INJ_COUNT","UNBELTED_OCC_COUNT","UNB_DEATH_COUNT","UNB_SUSP_SERIOUS_INJ_COUNT","UNK_INJ_DEG_COUNT","UNK_INJ_PER_COUNT","URBAN_RURAL","VAN_COUNT","VEHICLE_COUNT","VULNERABLE_ROAD_USER_COUNT","VULNERABLE_ROAD_USER_DEATH_COUNT","VULNERABLE_ROAD_USER_SER_INJ_COUNT","WEATHER1","WEATHER2","WORKERS_PRES","WORK_ZONE_IND","WORK_ZONE_LOC","WORK_ZONE_TYPE","WZ_CLOSE_DETOUR","WZ_FLAGGER","WZ_LAW_OFFCR_IND","WZ_LN_CLOSURE","WZ_MOVING","WZ_OTHER","WZ_SHLDER_MDN","WZ_WORKERS_INJ_KILLED"
"2021090674","1120","1","0","0","0","0","0","0","0","0","4","0","","67","9","2021","6","39.92558","-75.234331","1120","6","0","0","0","0","0","0","0","0","","0","0","0","11","1","1","","1","0","39 55:32.089","","0","75 14:03.592","3","0","0","0","67301","0","0","0","N","0","0","0","2","67301","0","","1.0","","1","N","N","N","0","","1","0","3","3","2","","1117","4","1","0","0","0","0","0","2","0","4","0","0","0","3","","","N","","","","","","","","","",""
"2021098092","1430","0","0","0","0","0","0","0","0","0","8","0","","67","10","2021","5","39.958229","-75.211","1430","6","0","0","0","0","0","0","0","0","","0","0","0","14","1","1","","2","0","39 57:29.626","","0","75 12:39.599","3","0","0","0","67301","1","0","0","N","1","0","0","2","67507","0","","1.0","","1","","","N","0","","1","0","0","3","2","","1430","2","1","0","0","0","0","0","2","1","1","1","0","0","4","04","","N","","","","","","","","","",""
"2021096366","2015","1","0","0","0","0","0","0","0","0","4","0","","67","10","2021","7","40.057273","-75.174769","2003","6","0","0","1","0","0","0","0","0","","0","0","0","21","3","1","","2","0","40 03:26.182","","0","75 10:29.170","3","0","0","0","67301","0","0","0","N","0","0","0","2","67301","0","","1.0","","1","N","N","N","0","","1","0","1","3","3","","2130","2","1","0","0","0","0","1","2","0","2","0","0","0","3","03","","N","","","","","","","","","",""
"2021090758","0714","1","0","0","0","0","0","0","0","0","5","0","","67","9","2021","1","39.994625","-75.111732","0714","6","0","0","0","0","0","0","0","0","","0","0","0","7","1","1","N","0","0","39 59:40.650","","0","75 06:42.236","3","0","0","0","67301","0","0","0","N","0","0","0","1","67301","0","","6.0","","1","N","N","N","0","","1","0","2","0","0","","714","3","1","0","0","0","0","0","2","0","3","0","0","0","3","03","","N","","","","","","","","","",""
"2021098005","1147","1","0","0","0","0","0","0","0","0","4","0","","67","10","2021","5","40.131656","-75.0122","1147","6","0","0","0","0","0","0","0","0","","0","0","0","11","1","2","","1","1","40 07:53.962","1","0","75 00:43.919","3","0","0","0","67301","0","0","0","N","0","0","0","2","67301","0","","1.0","1155.0","1","N","N","N","0","","2","0","1","3","2","N","1147","2","2","0","0","0","0","0","2","0","2","0","0","0","3","03","","N","","","","","","","","","",""
"2021096768","0907","0","0","0","0","0","0","0","0","0","1","0","","67","9","2021","2","40.010967","-75.127831","0907","6","0","0","0","0","1","1","0","0","","0","0","0","7","1","2","N","0","0","40 00:39.480","","0","75 07:40.190","4","0","0","0","67301","0","0","0","N","0","0","0","4","67301","2","","1.0","","1","N","Y","N","0","","0","0","1","0","0","","755","2","2","0","0","0","0","0","2","1","2","0","0","0","3","03","","N","","","","","","","","","",""
"2021092556","1615","3","0","0","0","0","0","0","0","0","5","0","","67","9","2021","2","40.028989","-75.145764","1610","6","0","0","0","0","0","1","1","0","","0","0","0","15","1","2","N","0","2","40 01:44.360","6","0","75 08:44.750","3","0","0","0","67301","0","0","0","N","0","0","0","3","67301","0","","1.0","100.0","1","N","N","N","0","","2","0","0","0","0","N","1550","3","2","0","0","0","0","0","2","0","3","0","0","0","3","03","","N","","","","","","","","","",""
"2021090594","1640","0","0","0","0","0","0","0","0","0","8","0","","67","9","2021","6","39.975453","-75.230158","1635","6","0","0","0","0","0","0","1","0","","0","0","0","16","1","1","N","0","0","39 58:31.630","","0","75 13:48.570","4","0","0","0","67301","1","0","0","N","1","0","0","2","67301","1","","1.0","","1","N","N","N","0","","0","0","0","0","0","","1615","2","1","0","0","0","0","0","2","1","1","1","0","0","3","03","","N","","","","","","","","","",""
"2021093609","1920","0","0","0","0","0","0","0","0","0","4","0","","67","9","2021","2","39.992957","-75.110258","1920","6","0","0","0","0","0","1","0","0","","0","0","0","18","1","2","","1","0","39 59:34.645","","0","75 06:36.928","4","0","0","0","67301","0","0","0","N","0","0","0","4","67301","2","","1.0","","1","N","N","N","1","","0","0","2","3","2","","1820","3","2","4","0","0","0","2","2","0","3","0","0","0","3","","","N","","","","","","","","","",""
"2021091353","0919","1","0","0","0","0","0","0","0","0","1","0","","67","9","2021","2","40.037778","-75.073111","0913","6","0","0","0","0","0","0","0","0","","0","0","0","9","1","2","N","0","0","40 02:16.000","","0","75 04:23.200","8","0","0","0","67301","0","0","0","N","0","0","0","4","67301","0","","1.0","","1","N","Y","N","0","","0","0","1","0","0","","910","2","2","0","0","0","2","1","2","0","2","0","0","0","3","03","","N","","","","","","","","","",""
"2021090668","1626","1","0","0","0","0","0","0","0","0","1","0","","67","9","2021","7","39.954944","-75.145556","1622","6","0","0","0","0","0","1","0","0","","0","0","0","16","1","2","N","0","2","39 57:17.800","4","3","75 08:44.000","3","0","0","0","67301","0","0","0","N","0","0","0","5","67501","0","","1.0","1630.0","1","N","N","N","0","","2","0","2","0","0","N","1621","3","2","0","0","0","0","0","2","0","3","0","0","0","3","03","","N","","","","","","","","","",""
"2021090524","1229","1","0","0","0","0","0","0","0","0","4","0","","67","9","2021","6","39.995034","-75.227631","1221","6","0","1","0","0","0","0","0","1","","0","0","0","11","1","2","","1","0","39 59:42.122","","0","75 13:39.471","3","0","0","0","67301","0","0","0","N","0","0","0","2","67301","0","","1.0","","1","N","N","N","0","","2","0","1","3","3","","1134","2","2","0","0","0","0","0","2","0","2","0","0","0","3","","","N","","","","","","","","","",""
"2021117475","","1","0","0","0","0","0","0","0","0","1","0","","67","9","2021","3","40.106469","-74.998884","","6","0","0","0","0","0","1","0","0","","0","0","0","11","1","1","","2","0","40 06:23.287","","0","74 59:55.982","8","0","0","0","67301","0","0","0","N","0","0","0","2","00000","0","","1.0","","1","N","N","N","0","","0","0","1","3","2","","1140","2","1","0","0","0","1","0","2","0","2","0","0","0","3","","","N","","","","","","","","","",""
"2021094211","0533","0","0","0","0","0","0","0","0","0","2","0","","67","9","2021","2","39.950299","-75.191739","0530","6","0","0","0","0","0","0","0","0","","0","0","0","5","3","1","","1","0","39 57:01.078","","0","75 11:30.262","8","0","0","1","67301","0","0","0","N","0","0","0","2","67504","0","","1.0","","1","N","N","N","0","","0","0","0","3","2","","528","2","1","0","0","0","1","0","2","0","2","0","0","0","3","03","","N","","","","","","","","","",""
"2021093084","1745","1","0","0","0","0","0","0","0","0","4","0","","67","9","2021","2","40.045744","-75.14327","1745","6","0","0","0","0","0","0","1","0","","0","0","0","16","1","1","","2","0","40 02:44.679","","0","75 08:35.773","8","0","0","0","67301","0","0","0","N","0","0","0","5","67301","0","","1.0","","1","N","N","N","1","","0","0","1","0","0","","1645","3","1","5","0","0","1","1","2","0","3","0","0","0","3","","","N","","","","","","","","","",""
"2021109020","1025","1","0","0","0","0","0","0","0","0","4","0","","67","11","2021","7","39.952948","-75.151553","1015","6","0","0","0","0","0","0","0","0","","0","0","0","10","1","1","","1","1","39 57:10.614","4","0","75 09:05.590","3","0","0","0","67301","0","0","0","N","0","0","0","2","67301","0","","1.0","1215.0","1","N","N","N","0","","1","0","1","3","2","N","1010","2","1","0","0","0","0","0","2","0","2","0","0","0","99","03","","N","","","","","","","","","",""
"2021115646","1923","1","0","0","0","0","0","0","0","0","4","0","","67","11","2021","4","40.016662","-75.066747","1923","6","0","0","1","0","0","0","0","0","","0","0","0","19","3","1","","1","0","40 00:59.982","","0","75 04:00.290","3","0","0","0","67301","0","0","0","N","0","0","0","2","67301","0","","1.0","","1","N","N","N","0","","1","0","1","3","2","","1918","2","1","0","0","0","0","0","2","0","2","0","0","0","3","03","","N","","","","","","","","","",""
"2021116485","1729","1","0","0","0","0","0","0","0","0","1","0","","67","11","2021","4","39.989596","-75.087562","1722","6","0","0","0","0","0","3","0","0","","0","0","0","17","3","2","N","0","0","39 59:22.546","","0","75 05:15.222","8","0","0","0","67301","0","0","0","N","0","0","0","5","68K01","0","","1.0","","1","N","N","N","2","","0","0","1","3","8","","1718","4","2","0","0","0","2","0","2","0","4","0","0","0","3","03","","N","","","","","","","","","",""
"2021110636","1908","1","0","0","0","0","0","0","0","0","8","0","","67","11","2021","7","39.954339","-75.191786","1859","6","0","0","0","0","0","0","0","0","","0","0","0","18","4","1","","1","0","39 57:15.621","","0","75 11:30.428","3","0","0","0","67301","1","0","0","N","1","0","0","2","67301","0","","1.0","","1","N","N","N","0","","1","0","0","3","2","","1800","2","1","0","0","0","0","0","2","0","1","1","0","0","3","","","N","","","","","","","","","",""
"2021112289","2018","2","0","0","0","0","0","0","0","0","5","0","","67","11","2021","4","39.923461","-75.236503","2017","6","0","0","0","0","0","0","0","0","","0","0","0","20","3","0","N","0","2","39 55:24.460","5","0","75 14:11.410","0","0","0","0","67301","0","0","0","N","0","0","0","1","67301","0","","6.0","100.0","1","N","N","N","0","","0","0","0","0","0","Y","2013","3","0","0","0","0","0","0","2","1","3","0","0","0","3","03","","N","","","","","","","","","",""
"2021095401","0015","1","0","0","0","0","0","0","0","0","4","0","","67","10","2021","6","39.987821","-75.180584","0013","6","0","0","0","0","0","0","0","0","","0","0","0","0","3","1","","1","0","39 59:16.154","","0","75 10:50.102","8","0","0","1","67301","0","0","0","N","0","0","0","2","67301","0","","1.0","","1","N","N","N","0","","0","0","0","3","2","","11","2","1","0","0","0","1","0","2","0","2","0","0","0","3","03","","N","","","","","","","","","",""
"2021094788","1641","1","0","0","0","0","0","0","0","0","4","0","","67","9","2021","4","40.079655","-75.200422","1637","6","0","0","0","0","0","0","0","0","","0","0","0","16","1","1","N","1","0","40 04:46.758","","0","75 12:01.518","3","0","0","0","67301","0","0","0","N","0","0","0","4","46108","0","","1.0","","1","N","N","N","1","","1","0","0","3","2","","1637","2","1","0","0","0","0","0","2","0","2","0","0","0","3","","","N","","","","","","","","","",""
"2021095767","1745","0","0","0","0","0","0","0","0","0","7","0","","67","10","2021","6","39.994556","-75.191556","1740","6","0","0","0","0","0","0","0","0","","0","0","0","17","1","0","N","0","0","39 59:40.400","","0","75 11:29.600","9","0","0","0","67301","0","0","0","N","0","0","0","1","67301","0","","4.0","","1","N","N","N","0","","0","0","0","0","0","","1738","1","0","1","0","0","0","1","2","1","1","0","0","0","3","","","N","","","","","","","","","",""
"2021119781","","1","0","0","0","0","0","0","0","0","4","0","","67","9","2021","2","39.911336","-75.242664","","6","0","0","0","0","0","1","0","0","","0","0","0","23","3","1","","5","0","39 54:40.810","","0","75 14:33.592","4","0","0","0","67301","0","0","0","N","0","0","0","2","00000","1","","1.0","","1","N","N","N","0","","0","0","1","3","2","","2305","2","1","0","0","0","0","0","2","0","2","0","0","0","3","","","N","","","","","","","","","",""
"2021098476","1109","2","0","0","0","0","0","0","0","0","4","0","","67","10","2021","7","39.983458","-75.181532","1107","6","0","0","0","0","0","0","0","0","","0","0","0","11","1","4","","5","0","39 59:00.448","","0","75 10:53.514","3","0","0","0","67301","0","0","0","N","0","0","0","4","67301","0","","1.0","","1","N","N","N","0","","4","0","0","3","2","","1105","2","4","0","0","0","0","0","2","0","2","0","0","0","3","03","","N","","","","","","","","","",""
"2021117458","","1","0","0","0","0","0","0","0","0","4","0","","67","9","2021","6","40.03145","-75.154773","","6","0","0","0","0","0","0","0","0","","0","0","0","6","1","1","","1","0","40 01:53.219","","0","75 09:17.182","3","0","0","0","67301","0","0","0","N","0","0","0","2","00000","0","","1.0","","9","N","N","N","0","","1","0","1","3","2","","620","2","1","0","0","0","0","0","2","0","2","0","0","0","3","","","N","","","","","","","","","",""
"2021091016","0000","1","0","0","0","0","0","0","0","0","5","0","","67","9","2021","1","39.947868","-75.223979","0000","6","0","0","0","0","0","0","0","0","","0","0","0","23","3","0","N","0","0","39 56:52.325","","0","75 13:26.326","0","0","0","0","67301","0","0","0","N","0","0","0","1","67301","0","","6.0","","1","N","N","N","0","","0","0","1","0","0","","2300","2","0","0","0","0","0","0","2","0","2","0","0","0","3","03","","N","","","","","","","","","",""
"2021097691","1651","1","0","0","0","0","0","0","0","0","5","1","","67","9","2021","2","39.959598","-75.140907","1649","6","0","0","0","0","1","0","0","0","","0","1","0","16","1","4","N","0","2","39 57:34.552","2","0","75 08:27.264","3","0","0","0","67301","0","0","0","Y","0","0","0","5","68K01","0","","1.0","1812.0","1","N","N","N","0","","4","0","0","0","0","Y","1648","2","4","0","0","0","0","0","2","0","2","0","0","0","3","","","N","","","","","","","","","",""
"2021088396","1402","2","0","0","0","0","0","0","0","0","4","0","","67","9","2021","7","39.991564","-75.136544","1319","6","0","0","0","0","0","0","0","0","","0","0","0","13","1","0","N","0","0","39 59:29.630","","7","75 08:11.560","0","0","0","0","67301","0","0","0","N","0","0","0","2","67301","0","","1.0","","1","N","N","N","0","","0","0","0","0","0","","1304","2","0","2","0","0","0","0","2","0","2","0","0","0","3","03","","N","","","","","","","","","",""
"2021102661","0940","1","0","0","0","0","0","0","0","0","4","0","","67","10","2021","1","40.003184","-75.141429","0927","6","0","0","0","0","0","0","0","0","","0","0","0","9","1","1","","1","0","40 00:11.462","","0","75 08:29.144","3","0","0","0","67301","0","0","0","N","0","0","0","2","67301","0","","1.0","","9","N","N","N","0","","1","0","1","0","0","","905","2","1","0","0","0","0","0","2","0","2","0","0","0","4","04","","N","","","","","","","","","",""
"2021112330","0531","1","0","0","0","0","0","0","0","0","4","0","","67","11","2021","4","39.945858","-75.240283","0526","6","0","0","0","0","0","1","0","0","","0","0","0","5","3","1","","5","0","39 56:45.089","","0","75 14:25.018","4","0","0","0","67301","0","0","0","N","0","0","0","2","67301","1","","1.0","","1","N","N","N","1","","0","0","0","3","2","","511","2","1","0","0","0","0","0","2","0","2","0","0","0","3","03","","N","","","","","","","","","",""
"2021110761","0410","0","0","0","0","0","0","0","0","0","7","0","","67","11","2021","1","40.036576","-75.198211","0404","6","0","0","0","0","0","0","0","0","","0","0","0","4","3","0","","11","0","40 02:11.673","","0","75 11:53.559","0","0","0","0","67301","0","0","0","N","0","0","0","1","67301","0","","5.0","","1","N","N","N","0","","0","0","1","0","0","","402","1","0","0","0","0","0","0","2","0","1","0","0","0","3","","","N","","","","","","","","","",""
"2021109662","0845","0","0","0","0","0","0","0","0","0","4","0","","67","11","2021","4","39.99999","-75.153145","0845","6","0","0","0","0","0","0","0","0","","0","0","0","18","3","2","","1","0","39 59:59.964","","0","75 09:11.322","3","0","0","0","67301","0","0","0","N","0","0","0","4","67301","1","","1.0","","1","N","N","N","0","","1","0","1","3","2","","1808","2","2","0","0","0","0","1","2","0","2","0","0","0","3","03","","N","","","","","","","","","",""
"2021111816","2024","2","0","0","0","0","0","0","0","0","1","0","","67","11","2021","3","40.026724","-75.041731","2017","6","0","0","0","0","0","0","0","0","","0","0","0","19","3","0","N","0","0","40 01:36.208","","0","75 02:30.230","0","0","0","0","67301","0","0","0","N","0","0","0","3","67301","0","","1.0","","1","N","N","N","0","","0","0","1","0","0","","1951","3","0","0","0","0","0","0","2","0","3","0","0","0","3","","","N","","","","","","","","","",""
"2021096937","1720","1","0","0","0","0","0","0","0","0","1","0","","67","10","2021","3","40.00768","-75.15158","1715","6","0","0","0","0","0","0","0","0","","0","0","0","17","1","1","","1","0","40 00:27.648","","0","75 09:05.687","4","0","0","0","67301","0","0","0","N","0","0","0","5","67505","1","","1.0","","1","N","N","N","1","","0","0","0","3","2","","1710","2","1","3","0","0","0","0","2","0","2","0","0","0","4","04","","N","","","","","","","","","",""
"2021104474","0749","0","0","0","0","0","0","0","0","0","8","0","","67","10","2021","4","39.955824","-75.191467","0739","6","0","0","0","0","0","0","0","0","","0","0","0","7","1","1","","1","2","39 57:20.966","2","0","75 11:29.280","3","0","0","0","67301","1","0","0","N","1","0","0","2","67508","0","","1.0","9999.0","1","N","N","Y","0","","1","0","1","3","2","N","739","2","1","1","0","0","0","0","2","0","1","1","0","0","3","03","","N","","","","","","","","","",""
"2021096866","1510","1","0","0","0","0","0","0","0","0","8","0","","67","10","2021","3","39.954836","-75.182917","1505","6","0","0","0","0","0","0","0","0","","0","0","0","15","1","1","N","0","0","39 57:17.408","","0","75 10:58.501","2","0","0","0","67301","1","0","1","N","0","0","0","2","67507","0","","1.0","","1","N","N","N","0","","0","1","0","0","0","","1500","2","1","0","0","0","0","0","2","0","1","1","0","1","3","03","","N","","","","","","","","","",""
"2021096009","2246","1","0","0","0","0","0","0","0","0","7","0","","67","10","2021","7","39.912444","-75.173972","2244","6","0","0","0","0","0","0","0","0","","0","0","0","22","3","0","","7","2","39 54:44.800","3","8","75 10:26.300","0","0","0","0","67301","0","0","0","N","0","0","0","1","67501","0","","7.0","2330.0","1","N","N","N","0","","0","0","0","0","0","Y","2244","1","0","0","0","0","0","0","2","0","1","0","0","0","3","03","","N","","","","","","","","","",""
"2021101382","1827","0","0","0","0","0","0","0","0","0","0","0","","67","9","2021","4","40.026147","-75.116519","1825","6","0","0","0","1","0","0","0","0","","0","0","0","18","1","2","N","0","0","40 01:34.130","","0","75 06:59.470","3","0","0","1","67301","0","0","0","N","0","0","0","2","67301","0","","1.0","","1","N","N","N","0","","2","0","0","0","0","","1820","1","2","0","0","0","0","0","2","0","1","0","0","0","3","03","","N","","","","","","","","","",""
"2021096365","1600","1","0","0","0","0","0","0","0","0","4","0","","67","10","2021","1","40.035003","-75.173723","1558","6","0","0","0","0","0","0","0","0","","0","0","0","15","1","1","","1","0","40 02:06.009","","0","75 10:25.403","4","0","0","0","67301","0","0","0","N","0","0","0","2","67301","1","","1.0","","9","N","N","N","0","","0","0","1","3","2","","1555","2","1","1","0","0","0","0","2","0","2","0","0","0","7","04","","N","","","","","","","","","",""
"2021128174","0837","2","0","0","0","0","0","0","0","0","4","0","","67","12","2021","5","39.996842","-75.116434","0836","6","0","0","0","0","0","0","0","0","","0","0","0","8","1","0","","2","2","39 59:48.632","6","0","75 06:59.164","0","0","0","0","67301","0","0","0","N","0","0","0","2","67301","0","","1.0","930.0","9","N","N","Y","0","","0","0","1","3","3","Y","835","4","0","0","0","0","0","0","2","1","4","0","0","0","4","07","","N","","","","","","","","","",""
"2021128486","0940","2","0","0","0","0","0","0","0","0","4","0","","67","12","2021","5","40.076374","-75.08909","0932","6","0","0","0","0","0","1","0","0","","0","0","0","9","1","4","","1","1","40 04:34.946","5","0","75 05:20.724","3","0","0","0","67301","0","0","0","N","0","0","0","4","67301","0","","1.0","45.0","9","N","N","N","0","","4","0","0","3","3","Y","931","2","4","0","0","0","0","0","2","0","2","0","0","0","4","07","","N","","","","","","","","","",""
"2021120225","0733","1","0","0","0","0","0","0","0","0","4","0","","67","12","2021","4","39.955372","-75.155889","0723","6","0","0","0","0","0","0","0","0","","0","0","0","7","1","1","","1","0","39 57:19.340","","0","75 09:21.200","8","0","0","0","67301","0","0","0","N","0","0","0","3","67301","0","","1.0","","1","N","N","N","0","","0","0","0","3","2","","720","2","1","0","0","0","1","0","2","1","2","0","0","0","3","03","","N","","","","","","","","","",""
"2021124435","2204","1","0","0","0","0","0","0","0","0","4","0","","67","12","2021","2","40.031392","-75.152378","2204","6","0","0","0","0","0","1","0","0","","0","0","0","20","2","2","","1","0","40 01:53.011","","0","75 09:08.560","4","0","0","0","67301","0","0","0","N","0","0","0","3","67301","2","","1.0","","99","N","N","N","0","","0","0","1","3","2","","2000","2","2","3","0","0","0","1","2","0","2","0","0","0","99","","","N","","","","","","","","","",""
"2021107376","2128","0","0","0","0","0","0","0","0","0","4","0","","67","11","2021","6","39.911708","-75.172371","2127","6","0","0","0","0","0","1","0","0","","0","0","0","20","3","1","","1","0","39 54:42.148","","0","75 10:20.534","3","0","0","0","67301","0","0","0","N","0","0","0","2","67301","0","","1.0","","1","N","N","N","1","","1","0","1","3","2","","2030","2","1","0","0","0","0","1","2","0","2","0","0","0","3","","","N","","","","","","","","","",""
"2021102660","1531","1","0","0","0","0","0","0","0","0","4","0","","67","10","2021","3","39.92899","-75.153614","1531","6","0","0","0","0","0","0","0","0","","0","0","0","15","1","0","","1","0","39 55:44.364","","0","75 09:13.010","0","0","0","0","67301","0","0","0","N","0","0","0","2","67301","0","","1.0","","9","N","N","N","0","","0","0","1","3","3","","1531","2","0","0","0","0","0","0","2","0","2","0","0","0","4","07","","N","","","","","","","","","",""
"2021109247","1530","0","0","0","0","0","0","0","0","0","8","0","","67","11","2021","3","40.046756","-75.161747","1530","6","0","0","0","0","0","0","0","0","","0","0","0","15","1","1","N","0","0","40 02:48.320","","0","75 09:42.290","2","0","0","0","67301","1","0","1","N","1","0","1","2","67301","0","","1.0","","99","N","N","N","0","","0","1","1","0","0","","1520","2","1","1","0","0","0","1","2","0","1","1","0","1","99","","","N","","","","","","","","","",""
"2021105831","0858","2","0","0","0","0","0","0","0","0","1","0","","67","11","2021","4","39.99588","-75.169591","0851","6","0","0","0","0","0","0","0","0","","0","0","0","8","1","1","N","0","0","39 59:45.168","","0","75 10:10.529","4","0","0","0","67301","0","0","0","N","0","0","0","4","67301","1","","1.0","","1","N","Y","N","1","","0","0","0","0","0","","845","3","1","0","0","0","0","0","2","0","3","0","0","0","3","03","","N","","","","","","","","","",""
"2021123060","1647","1","0","0","0","0","0","0","0","0","1","0","35","67","12","2021","4","39.9535","-75.137333","1640","6","0","0","0","0","0","0","1","0","","0","0","0","16","3","1","N","0","0","39 57:12.600","","3","75 08:14.400","4","0","0","0","67301","0","0","0","N","0","0","0","2","67501","1","","1.0","","1","Y","N","N","0","","0","0","1","0","0","","1640","2","1","0","0","0","0","0","2","0","2","0","0","0","3","03","N","Y","8","1","","","N","","","Y","","N"
"2021122973","1145","2","0","0","0","0","0","0","0","0","5","0","","67","12","2021","1","39.972914","-75.170707","1145","6","0","0","0","0","0","0","0","0","","0","0","0","11","1","0","N","0","0","39 58:22.492","","0","75 10:14.545","0","0","0","0","67301","0","0","0","N","0","0","0","1","67301","0","","6.0","","1","N","N","N","1","","0","0","1","0","0","","1140","4","0","1","0","0","0","0","2","0","4","0","0","0","3","03","","N","","","","","","","","","",""
"2021108602","1748","1","0","0","0","0","0","0","0","0","5","0","","67","11","2021","2","39.931164","-75.163928","1700","6","0","0","0","0","0","0","0","1","","0","0","0","14","1","1","N","0","0","39 55:52.190","","0","75 09:50.140","8","0","0","0","67301","0","0","0","N","0","0","0","1","67301","0","","6.0","","1","N","N","N","0","","0","0","1","0","0","","1440","2","1","0","0","0","1","0","2","0","2","0","0","0","3","03","","N","","","","","","","","","",""
"2021108237","1535","1","0","0","0","0","0","0","0","0","4","0","","67","11","2021","2","39.979851","-75.142873","1535","6","0","0","0","0","0","1","0","0","","0","0","0","14","1","0","","1","0","39 58:47.465","","0","75 08:34.342","9","0","0","0","67301","0","0","0","N","0","0","0","2","67301","0","","1.0","","1","N","N","N","0","","0","0","0","3","2","","1407","2","0","1","0","0","0","1","2","1","2","0","0","0","3","","","N","","","","","","","","","",""
"2021122667","0055","2","0","0","0","0","0","0","0","0","1","0","","67","12","2021","2","39.954439","-75.205108","0053","6","0","0","0","0","0","1","0","0","","0","0","0","22","3","1","","1","0","39 57:15.980","","0","75 12:18.387","3","0","0","0","67301","0","0","0","N","0","0","0","2","67301","0","","1.0","","1","N","N","N","0","","1","0","0","3","2","","2230","2","1","0","0","0","0","0","2","0","2","0","0","0","3","03","","N","","","","","","","","","",""
"2021107494","0322","0","0","0","0","0","0","0","0","0","1","0","","67","11","2021","7","40.026388","-75.117154","0314","6","0","0","0","0","0","0","0","0","","0","0","0","3","3","0","","1","1","40 01:34.996","3","0","75 07:01.756","9","0","0","0","67301","0","0","0","N","0","0","0","2","67301","0","","1.0","400.0","1","N","N","N","0","","0","0","1","3","2","N","305","2","0","0","0","0","0","2","2","1","2","0","0","0","3","03","","N","","","","","","","","","",""
"2021110483","1820","1","0","0","0","0","0","0","0","0","4","0","","67","11","2021","7","39.978597","-75.213624","1813","6","0","0","0","0","0","2","0","0","","0","0","0","17","3","1","","1","0","39 58:42.950","","0","75 12:49.048","3","0","0","0","67301","0","0","0","N","0","0","0","7","67301","0","","1.0","","1","N","N","N","0","","1","0","3","3","2","","1744","4","1","0","0","0","0","0","2","0","4","0","0","0","3","03","","N","","","","","","","","","",""
"2021109021","0216","0","0","0","0","0","0","0","0","0","4","0","","67","11","2021","1","39.957952","-75.233499","0214","6","0","0","0","0","0","0","0","0","","0","0","0","2","3","2","","1","1","39 57:28.628","4","0","75 14:00.595","4","0","0","0","67301","1","0","0","N","1","0","0","4","67301","2","","1.0","500.0","1","N","N","N","0","","0","0","0","3","1","Y","205","3","2","0","0","0","0","0","2","2","2","1","0","0","3","03","","N","","","","","","","","","",""
"2021110436","2338","1","0","0","0","0","0","0","0","0","4","0","","67","11","2021","7","40.005516","-75.105344","2338","6","0","1","0","0","0","0","0","0","","0","0","0","23","3","0","","1","0","40 00:19.857","","0","75 06:19.237","0","0","0","0","67301","0","0","0","N","0","0","0","2","67301","0","","1.0","","1","N","N","N","0","","0","0","1","3","2","","2335","2","0","0","0","0","0","0","2","0","2","0","0","0","3","03","","N","","","","","","","","","",""