"CRN","ARRIVAL_TM","AUTOMOBILE_COUNT","BELTED_DEATH_COUNT","BELTED_SUSP_SERIOUS_INJ_COUNT","BICYCLE_COUNT","BICYCLE_DEATH_COUNT","BICYCLE_SUSP_SERIOUS_INJ_COUNT","BUS_COUNT","CHLDPAS_DEATH_COUNT","CHLDPAS_SUSP_SERIOUS_INJ_COUNT","COLLISION_TYPE","COMM_VEH_COUNT","CONS_ZONE_SPD_LIM","COUNTY","CRASH_MONTH","CRASH_YEAR","DAY_OF_WEEK","DEC_LATITUDE","DEC_LONGITUDE","DISPATCH_TM","DISTRICT","DRIVER_COUNT_16YR","DRIVER_COUNT_17YR","DRIVER_COUNT_18YR","DRIVER_COUNT_19YR","DRIVER_COUNT_20YR","DRIVER_COUNT_50_64YR","DRIVER_COUNT_65_74YR","DRIVER_COUNT_75PLUS","EST_HRS_CLOSED","FATAL_COUNT","HEAVY_TRUCK_COUNT","HORSE_BUGGY_COUNT","HOUR_OF_DAY","ILLUMINATION","INJURY_COUNT","INTERSECTION_RELATED","INTERSECT_TYPE","LANE_CLOSED","LATITUDE","LN_CLOSE_DIR","LOCATION_TYPE","LONGITUDE","MAX_SEVERITY_LEVEL","MCYCLE_DEATH_COUNT","MCYCLE_SUSP_SERIOUS_INJ_COUNT","MOTORCYCLE_COUNT","MUNICIPALITY","NONMOTR_COUNT","NONMOTR_DEATH_COUNT","NONMOTR_SUSP_SERIOUS_INJ_COUNT","NTFY_HIWY_MAINT","PED_COUNT","PED_DEATH_COUNT","PED_SUSP_SERIOUS_INJ_COUNT","PERSON_COUNT","POLICE_AGCY","POSSIBLE_INJ_COUNT","RDWY_SURF_TYPE_CD","RELATION_TO_ROAD","ROADWAY_CLEARED","ROAD_CONDITION","SCH_BUS_IND","SCH_ZONE_IND","SECONDARY_CRASH","SMALL_TRUCK_COUNT","SPEC_JURIS_CD","SUSP_MINOR_INJ_COUNT","SUSP_SERIOUS_INJ_COUNT","SUV_COUNT","TCD_FUNC_CD","TCD_TYPE","TFC_DETOUR_IND","TIME_OF_DAY","TOTAL_UNITS","TOT_INJ_COUNT","UNBELTED_OCC_COUNT","UNB_DEATH_COUNT","UNB_SUSP_SERIOUS_INJ_COUNT","UNK_INJ_DEG_COUNT","UNK_INJ_PER_COUNT","URBAN_RURAL","VAN_COUNT","VEHICLE_COUNT","VULNERABLE_ROAD_USER_COUNT","VULNERABLE_ROAD_USER_DEATH_COUNT","VULNERABLE_ROAD_USER_SER_INJ_COUNT","WEATHER1","WEATHER2","WORKERS_PRES","WORK_ZONE_IND","WORK_ZONE_LOC","WORK_ZONE_TYPE","WZ_CLOSE_DETOUR","WZ_FLAGGER","WZ_LAW_OFFCR_IND","WZ_LN_CLOSURE","WZ_MOVING","WZ_OTHER","WZ_SHLDER_MDN","WZ_WORKERS_INJ_KILLED"
"2021106887","0733","2","0","0","0","0","0","0","0","0","1","0","","67","11","2021","5","40.021244","-75.077561","0713","6","0","0","0","0","0","0","0","0","","0","0","0","6","5","0","N","0","0","40 01:16.480","","0","75 04:39.220","0","0","0","0","67301","0","0","0","N","0","0","0","1","67301","0","","6.0","","1","N","N","Y","0","","0","0","0","0","0","","650","3","0","0","0","0","0","0","2","1","3","0","0","0","3","","","N","","","","","","","","","",""
"2021106252","2038","2","0","0","0","0","0","0","0","0","5","0","","67","11","2021","4","39.983583","-75.159639","2037","6","0","0","0","0","0","0","0","0","","0","0","0","20","3","0","N","0","2","39 59:00.900","4","0","75 09:34.700","9","0","0","0","67301","0","0","0","N","0","0","0","1","67505","0","","6.0","2115.0","1","N","N","N","0","","0","0","1","0","0","Y","2035","3","0","0","0","0","0","1","2","0","3","0","0","0","3","03","","N","","","","","","","","","",""
"2021124404","2241","2","0","0","0","0","0","0","0","0","4","0","","67","12","2021","5","39.970683","-75.232585","2241","6","0","0","0","0","0","0","0","0","","0","0","0","21","3","1","","1","0","39 58:14.458","","0","75 13:57.306","3","0","0","0","67301","0","0","0","N","0","0","0","4","67301","0","","1.0","","1","N","N","N","0","","1","0","0","3","2","","2100","2","1","3","0","0","0","0","2","0","2","0","0","0","3","03","","N","","","","","","","","","",""
"2021121921","1507","2","0","0","0","0","0","0","0","0","1","0","","67","12","2021","3","39.954031","-75.18129","1456","6","0","0","0","0","0","2","0","0","","0","0","0","14","1","2","N","0","1","39 57:14.513","4","1","75 10:52.645","4","0","0","0","67301","0","0","0","N","0","0","0","4","68K01","1","","1.0","30.0","1","N","N","N","0","","0","0","2","0","0","N","1442","4","2","1","0","0","1","0","2","0","4","0","0","0","3","","","N","","","","","","","","","",""
"2021107017","0232","1","0","0","0","0","0","0","0","0","4","0","","67","11","2021","6","39.956963","-75.225502","0225","6","0","0","0","0","0","0","0","0","","0","0","0","2","3","1","","1","0","39 57:25.067","","0","75 13:31.807","8","0","0","0","67301","0","0","0","N","0","0","0","2","67301","0","","1.0","","1","N","N","N","0","","0","0","0","3","2","","210","2","1","0","0","0","1","0","2","0","2","0","0","0","3","03","","N","","","","","","","","","",""
"2021108072","1610","1","0","1","0","0","0","0","0","0","4","0","","67","11","2021","1","39.917183","-75.246303","1609","6","0","0","0","0","0","2","0","0","","0","0","0","15","1","2","","1","1","39 55:01.859","4","0","75 14:46.691","2","0","0","0","67301","0","0","0","N","0","0","0","3","67301","0","","1.0","1830.0","1","N","N","N","0","","1","1","1","3","2","N","1558","2","2","1","0","0","0","0","2","0","2","0","0","0","3","03","","N","","","","","","","","","",""
"2021116353","2110","1","0","0","0","0","0","0","0","0","4","0","","67","11","2021","4","40.020881","-75.1486","2110","6","0","0","0","0","0","0","0","0","","0","0","0","11","1","1","","2","0","40 01:15.173","","0","75 08:54.961","3","0","0","0","67301","0","0","0","N","0","0","0","2","67301","0","","1.0","","1","N","N","N","0","","1","0","1","0","0","","1130","2","1","1","0","0","0","1","2","0","2","0","0","0","3","03","","N","","","","","","","","","",""
"2021108600","1917","2","0","0","0","0","0","0","0","0","4","0","","67","11","2021","7","39.94275","-75.161876","1916","6","0","0","0","0","0","0","0","0","","0","0","0","19","3","0","","1","0","39 56:33.899","","0","75 09:42.753","0","0","0","0","67301","0","0","0","N","0","0","0","2","67301","0","","1.0","","99","N","N","N","0","","0","0","0","3","3","","1911","2","0","1","0","0","0","0","2","0","2","0","0","0","3","03","","N","","","","","","","","","",""
"2021128674","1822","2","0","0","0","0","0","0","0","0","2","0","","67","12","2021","6","39.874859","-75.25717","1815","6","0","0","0","0","0","0","1","0","","0","0","0","18","3","1","N","0","0","39 52:29.492","","8","75 15:25.812","4","0","0","0","67301","0","0","0","N","0","0","0","2","23109","1","","1.0","","1","N","N","N","0","","0","0","0","0","0","","1812","2","1","0","0","0","0","0","2","0","2","0","0","0","3","03","","N","","","","","","","","","",""
"2021107502","0142","1","0","0","0","0","0","0","0","0","1","0","","67","11","2021","7","40.032362","-75.146199","0142","6","0","0","0","1","0","0","0","0","","0","0","0","22","3","0","N","0","0","40 01:56.503","","0","75 08:46.318","9","0","0","0","67301","0","0","0","N","0","0","0","3","67301","0","","1.0","","1","N","N","N","0","","0","0","0","0","0","","2242","2","0","3","0","0","0","3","2","1","2","0","0","0","3","03","","N","","","","","","","","","",""
"2021106709","0044","4","0","0","0","0","0","0","0","0","4","0","","67","11","2021","5","40.018021","-75.149331","0044","6","0","0","0","0","0","1","0","0","","0","0","0","0","3","1","","1","2","40 01:04.874","2","0","75 08:57.592","2","0","0","0","67301","0","0","0","N","0","0","0","5","67301","0","","1.0","215.0","1","N","N","N","0","","0","1","0","3","2","Y","44","4","1","0","0","0","0","0","2","0","4","0","0","0","3","03","","N","","","","","","","","","",""
"2021105322","0830","1","0","0","0","0","0","0","0","0","1","0","","67","11","2021","2","40.010483","-75.160772","0819","6","0","0","0","0","0","0","0","0","","0","0","0","8","1","1","","1","0","40 00:37.740","","0","75 09:38.779","4","0","0","0","67301","0","0","0","N","0","0","0","2","67301","1","","1.0","","1","N","N","N","0","","0","0","1","3","3","","818","2","1","2","0","0","0","0","2","0","2","0","0","0","3","03","","N","","","","","","","","","",""
"2021107770","0758","1","0","0","0","0","0","0","0","0","4","0","","67","11","2021","3","40.01207","-75.112176","0758","6","0","0","1","0","0","0","0","0","","0","0","0","7","1","3","","1","1","40 00:43.452","1","0","75 06:43.833","3","0","0","0","67301","0","0","0","N","0","0","0","3","67301","0","","1.0","820.0","1","N","N","N","0","","3","0","1","3","2","Y","738","2","3","0","0","0","0","0","2","0","2","0","0","0","3","03","","N","","","","","","","","","",""
"2021120947","0815","2","0","0","0","0","0","0","0","0","5","0","","67","12","2021","6","39.903614","-75.240152","0757","6","0","0","0","0","0","0","0","0","","0","0","0","6","1","0","N","0","0","39 54:13.010","","0","75 14:24.547","0","0","0","0","67301","0","0","0","N","0","0","0","2","67301","0","","1.0","","1","N","N","N","0","","0","0","0","0","0","","658","3","0","0","0","0","0","0","2","0","2","0","0","0","3","03","","N","","","","","","","","","",""
"2021115331","1817","0","0","0","0","0","0","0","0","0","4","0","","67","11","2021","5","39.962155","-75.242703","1815","6","0","0","0","0","0","0","0","0","","0","0","0","18","3","1","","1","2","39 57:43.759","4","1","75 14:33.730","3","0","0","0","67301","0","0","0","N","0","0","0","2","67301","0","","1.0","1850.0","1","N","N","N","0","","1","0","2","3","2","Y","1810","2","1","0","0","0","0","0","2","0","2","0","0","0","3","03","","N","","","","","","","","","",""
"2021108717","0140","0","0","0","0","0","0","0","0","0","7","0","","67","11","2021","1","39.906668","-75.149394","0115","6","0","0","0","0","0","1","0","0","","0","0","0","1","3","1","N","0","0","39 54:24.004","","8","75 08:57.819","8","0","0","0","67301","0","0","0","N","0","0","0","1","68K01","0","","2.0","","1","N","N","N","0","","0","0","1","0","0","","111","1","1","1","0","0","1","0","2","0","1","0","0","0","3","","","N","","","","","","","","","",""
"2021121651","0420","1","0","0","0","0","0","0","0","0","7","0","","67","12","2021","6","39.894612","-75.236717","0416","6","0","0","0","0","0","0","0","0","","0","0","0","4","3","0","N","1","0","39 53:40.603","","0","75 14:12.181","0","0","0","0","67301","0","0","0","N","0","0","0","1","67301","0","","4.0","","1","N","N","N","0","","0","0","0","3","2","","400","1","0","1","0","0","0","0","2","0","1","0","0","0","3","04","","N","","","","","","","","","",""
"2021124518","2127","0","0","0","0","0","0","0","0","0","4","0","","67","12","2021","4","40.007438","-75.100698","2124","6","0","0","0","0","0","0","0","0","","0","0","0","21","3","1","","1","2","40 00:26.778","7","0","75 06:02.514","8","0","0","0","67301","0","0","0","N","0","0","0","3","67301","0","","1.0","2230.0","1","N","N","N","0","","0","0","2","3","2","Y","2124","3","1","0","0","0","1","2","2","1","3","0","0","0","3","03","","N","","","","","","","","","",""
"2021113501","1240","1","0","0","0","0","0","0","0","0","5","0","","67","11","2021","1","39.947693","-75.187502","1217","6","0","0","0","0","0","0","0","0","","0","0","0","12","1","2","N","0","1","39 56:51.694","3","0","75 11:15.007","3","0","0","0","67301","0","0","0","N","0","0","0","5","68K01","0","","1.0","1330.0","1","N","N","N","0","","2","0","1","0","0","N","1216","2","2","0","0","0","0","0","2","0","2","0","0","0","3","","","N","","","","","","","","","",""
"2021105254","0033","2","0","0","0","0","0","0","0","0","5","0","","67","11","2021","2","40.030909","-75.065513","0028","6","0","0","0","0","0","0","0","0","","0","0","0","0","3","0","N","0","0","40 01:51.271","","0","75 03:55.845","0","0","0","0","67301","0","0","0","N","0","0","0","1","67301","0","","6.0","","1","N","N","N","0","","0","0","1","0","0","","25","4","0","0","0","0","0","0","2","1","4","0","0","0","3","03","","N","","","","","","","","","",""
"2021110210","1130","0","0","0","0","0","0","0","0","0","8","0","","67","11","2021","6","40.021418","-75.148483","1130","6","0","0","0","0","0","0","0","0","","0","0","0","14","1","1","","1","0","40 01:17.105","","0","75 08:54.538","2","0","0","0","67301","1","0","1","N","1","0","1","2","67301","0","","1.0","","1","N","N","N","0","","0","1","1","3","2","","1455","2","1","0","0","0","0","0","2","0","1","1","0","1","3","03","","N","","","","","","","","","",""
"2021108889","1303","1","0","0","0","0","0","0","0","0","4","0","","67","11","2021","2","40.044366","-75.054037","1246","6","0","0","0","0","0","0","0","0","","0","0","0","12","1","0","","1","0","40 02:39.718","","0","75 03:14.534","9","0","0","0","67301","0","0","0","N","0","0","0","2","67301","0","","1.0","","1","N","N","N","0","","0","0","1","3","2","","1238","2","0","0","0","0","0","1","2","0","2","0","0","0","3","","","N","","","","","","","","","",""
"2021127220","1518","0","0","0","0","0","0","0","0","0","8","0","","67","12","2021","5","39.950167","-75.158565","1508","6","0","0","0","0","0","0","0","0","","0","0","0","13","1","1","","1","0","39 57:00.602","","0","75 09:30.834","4","0","0","0","67301","1","0","0","N","1","0","0","2","67301","1","","1.0","","1","N","N","N","0","","0","0","1","3","2","","1330","2","1","1","0","0","0","0","2","0","1","1","0","0","3","03","","N","","","","","","","","","",""
"2021109116","2350","1","0","0","0","0","0","0","0","0","7","0","","67","11","2021","1","39.912139","-75.173833","2350","6","0","0","0","0","0","0","0","0","","0","0","0","23","3","0","N","0","2","39 54:43.700","3","2","75 10:25.800","0","0","0","0","67301","0","0","0","N","0","0","0","2","67501","0","","4.0","40.0","1","N","N","N","0","","0","0","0","0","0","Y","2350","1","0","0","0","0","0","0","2","0","1","0","0","0","3","","","N","","","","","","","","","",""
"2021111050","1835","1","0","0","0","0","0","0","0","0","4","0","","67","11","2021","7","39.965816","-75.246147","1830","6","0","0","0","0","0","0","0","0","","0","0","0","18","3","3","","1","0","39 57:56.938","","0","75 14:46.130","8","0","0","0","67301","0","0","0","N","0","0","0","5","67301","0","","1.0","","1","N","N","N","1","","0","0","1","2","1","","1814","3","3","1","0","0","3","0","2","0","3","0","0","0","3","03","","N","","","","","","","","","",""
"2021110406","2145","1","0","0","0","0","0","0","0","0","4","0","","67","11","2021","7","39.977228","-75.210014","2135","6","0","0","0","0","0","1","0","0","","0","0","0","21","3","1","","1","0","39 58:38.020","","0","75 12:36.050","8","0","0","0","67301","0","0","0","N","0","0","0","2","67301","0","","1.0","","1","N","N","N","0","","0","0","1","3","3","","2100","2","1","0","0","0","1","1","2","0","2","0","0","0","4","04","","N","","","","","","","","","",""
"2021128663","0800","2","0","0","0","0","0","0","0","0","1","0","","67","12","2021","6","39.943372","-75.232331","0751","6","0","0","0","0","0","0","0","0","","0","0","0","7","3","0","","1","0","39 56:36.138","","0","75 13:56.392","0","0","0","0","67301","0","0","0","N","0","0","0","2","67301","0","","1.0","","9","N","N","N","0","","0","0","0","3","2","","737","2","0","0","0","0","0","0","2","0","2","0","0","0","5","","","N","","","","","","","","","",""
"2021107458","0054","2","0","0","0","0","0","0","0","0","2","0","","67","11","2021","7","40.050433","-75.154058","0051","6","0","0","0","0","0","0","0","0","","0","0","0","0","3","1","N","0","0","40 03:01.560","","0","75 09:14.610","3","0","0","0","67301","0","0","0","N","0","0","0","2","67301","0","","6.0","","1","N","N","N","0","","1","0","0","0","0","","44","2","1","2","0","0","0","0","2","0","2","0","0","0","3","03","","N","","","","","","","","","",""
"2021109399","1400","1","0","0","0","0","0","0","0","0","4","0","","67","11","2021","6","40.012411","-75.150553","1400","6","0","0","0","0","0","0","1","0","","0","0","0","20","3","1","","1","0","40 00:44.679","","0","75 09:01.989","4","0","0","0","67301","0","0","0","N","0","0","0","2","67301","1","","1.0","","1","N","N","N","0","","0","0","1","3","2","","2030","2","1","0","0","0","0","0","2","0","2","0","0","0","3","03","","N","","","","","","","","","",""
"2021106708","0905","0","0","0","0","0","0","0","0","0","8","0","","67","11","2021","4","40.006992","-75.158268","0905","6","0","0","0","0","0","0","0","0","","0","0","0","8","1","1","","1","0","40 00:25.171","","0","75 09:29.764","4","0","0","0","67301","1","0","0","N","1","0","0","2","67301","1","","1.0","","1","N","N","N","0","","0","0","1","3","3","","847","2","1","0","0","0","0","0","2","0","1","1","0","0","3","03","","N","","","","","","","","","",""
"2021105387","0958","1","0","0","0","0","0","0","0","0","4","0","","67","11","2021","3","39.960679","-75.141393","0958","6","0","0","1","0","0","0","0","0","","0","0","0","9","1","1","","1","0","39 57:38.443","","0","75 08:29.016","3","0","0","0","67301","0","0","0","N","0","0","0","3","67301","0","","1.0","","1","N","N","N","0","","1","0","1","3","2","","925","2","1","0","0","0","0","0","2","0","2","0","0","0","3","03","","N","","","","","","","","","",""
"2021109392","0911","0","0","0","0","0","0","0","0","0","8","0","","67","11","2021","2","39.968966","-75.136447","0904","6","0","0","0","0","0","0","0","0","","0","0","0","9","1","1","N","0","0","39 58:08.276","","0","75 08:11.208","3","0","0","0","67301","1","0","0","N","1","0","0","2","67301","0","","1.0","","1","N","N","N","0","","1","0","1","0","0","","903","2","1","1","0","0","0","0","2","0","1","1","0","0","3","03","","N","","","","","","","","","",""
"2021107814","1544","1","0","0","0","0","0","0","0","0","1","0","","67","11","2021","6","40.050748","-75.010003","1544","6","0","0","0","0","0","1","0","0","","0","0","0","14","1","1","Y","0","1","40 03:02.692","1","0","75 00:36.009","3","0","0","0","67301","0","0","0","N","0","0","0","2","67301","0","","1.0","1505.0","1","N","N","N","0","","1","0","1","3","2","N","1430","2","1","0","0","0","0","1","2","0","2","0","0","0","3","03","","N","","","","","","","","","",""
"2021108066","1945","1","0","0","0","0","0","0","0","0","7","0","","67","11","2021","1","39.946842","-75.186778","1942","6","0","0","0","0","0","0","0","0","","0","0","0","19","3","1","N","0","0","39 56:48.630","","3","75 11:12.400","3","0","0","0","67301","0","0","0","N","0","0","0","1","67301","0","","4.0","","1","N","N","N","0","","1","0","0","0","0","","1939","1","1","0","0","0","0","0","2","0","1","0","0","0","3","03","","N","","","","","","","","","",""
"2021109376","0220","2","0","0","0","0","0","0","0","0","4","0","","67","11","2021","5","39.953336","-75.183775","0214","6","0","0","0","0","0","0","0","0","","0","0","0","2","3","0","","1","0","39 57:12.011","","0","75 11:01.589","0","0","0","0","67301","0","0","0","N","0","0","0","3","67301","0","","1.0","","1","N","N","N","0","","0","0","0","3","2","","210","2","0","0","0","0","0","0","2","0","2","0","0","0","3","03","","N","","","","","","","","","",""
"2021106350","0843","2","0","0","0","0","0","0","0","0","4","0","","67","11","2021","4","40.099181","-75.012354","0825","6","0","0","0","0","1","1","0","0","","0","0","0","8","1","1","","1","0","40 05:57.051","","0","75 00:44.474","3","0","0","0","67301","0","0","0","N","0","0","0","2","67301","0","","1.0","","1","N","N","N","0","","1","0","0","3","2","","824","2","1","0","0","0","0","0","2","0","2","0","0","0","3","03","","N","","","","","","","","","",""
"2021107197","0225","1","0","0","0","0","0","0","0","0","8","0","","67","11","2021","6","40.020244","-75.114084","0223","6","0","0","0","0","0","0","0","0","","0","0","0","2","3","1","","1","1","40 01:12.880","1","0","75 06:50.704","3","0","0","0","67301","1","0","0","N","1","0","0","2","67301","0","","1.0","345.0","1","N","N","N","0","","1","0","0","3","2","Y","221","2","1","0","0","0","0","1","2","0","1","1","0","0","3","03","","N","","","","","","","","","",""
"2021123637","0837","1","0","0","0","0","0","0","0","0","5","0","","67","12","2021","6","40.047278","-75.155694","0836","6","0","0","0","0","0","1","0","0","","0","0","0","8","1","0","N","0","1","40 02:50.200","2","0","75 09:20.500","0","0","0","0","67301","0","0","0","N","0","0","0","1","67301","0","","6.0","900.0","1","N","N","N","0","","0","0","2","0","0","N","830","3","0","0","0","0","0","0","2","0","3","0","0","0","4","","","N","","","","","","","","","",""
"2021106784","1744","0","0","0","0","0","0","0","0","0","3","0","","67","11","2021","4","40.055671","-75.126533","1738","6","0","0","0","0","0","2","0","0","","0","0","0","17","4","0","N","0","0","40 03:20.417","","0","75 07:35.517","0","0","0","0","67301","0","0","0","N","0","0","0","3","46102","0","","1.0","","1","N","N","Y","0","","0","0","1","0","0","","1737","2","0","0","0","0","0","0","2","1","2","0","0","0","3","03","","N","","","","","","","","","",""
"2021108827","1440","1","0","0","0","0","0","0","0","0","4","0","","67","11","2021","1","40.077992","-75.023685","1427","6","0","0","0","0","0","0","0","0","","0","0","0","14","1","1","","2","0","40 04:40.772","","0","75 01:25.266","3","0","0","0","67301","0","0","0","N","0","0","0","2","67301","0","","1.0","","1","N","N","N","0","","1","0","0","3","2","","1425","2","1","0","0","0","0","0","2","1","2","0","0","0","4","04","","N","","","","","","","","","",""
"2021109123","1358","0","0","0","0","0","0","0","0","0","8","0","","67","11","2021","2","39.957102","-75.201857","1350","6","0","0","0","0","0","1","0","0","","0","0","0","13","1","1","","1","0","39 57:25.567","","0","75 12:06.686","3","0","0","0","67301","1","0","0","N","1","0","0","2","67301","0","","1.0","","1","N","N","N","0","","1","0","1","3","2","","1341","2","1","0","0","0","0","0","2","0","1","1","0","0","3","03","","N","","","","","","","","","",""
"2021107431","0200","1","0","0","0","0","0","0","0","0","4","0","","67","11","2021","7","39.943822","-75.237857","0200","6","0","0","0","0","0","0","0","0","","0","0","0","1","3","4","","1","0","39 56:37.760","","0","75 14:16.286","3","0","0","0","67301","0","0","0","N","0","0","0","4","67301","0","","1.0","","1","N","N","N","0","","4","0","1","3","2","","138","2","4","0","0","0","0","0","2","0","2","0","0","0","3","03","","N","","","","","","","","","",""
"2021120821","1707","1","0","0","0","0","0","0","0","0","4","0","","67","12","2021","5","40.011956","-75.176015","1707","6","0","0","0","0","0","1","0","0","","0","0","0","17","3","1","","1","0","40 00:43.041","","0","75 10:33.654","3","0","0","0","67301","0","0","0","N","0","0","0","3","67301","0","","1.0","","1","N","N","N","0","","1","0","1","3","2","","1707","2","1","1","0","0","0","1","2","0","2","0","0","0","3","","","N","","","","","","","","","",""
"2021120819","1701","0","0","0","0","0","0","0","0","0","4","0","","67","12","2021","5","40.003004","-75.163792","1651","6","0","0","0","0","0","1","0","0","","0","0","0","16","1","2","N","0","1","40 00:10.813","6","7","75 09:49.650","3","0","0","0","67301","0","0","0","N","0","0","0","2","67301","0","","1.0","1755.0","1","N","N","N","0","","2","0","1","0","0","N","1640","2","2","0","0","0","0","0","2","1","2","0","0","0","3","","","N","","","","","","","","","",""
"2021107810","0438","1","0","0","0","0","0","0","0","0","4","0","","67","11","2021","7","40.040314","-75.043293","0436","6","0","0","0","0","0","0","0","0","","0","0","0","4","3","0","","1","1","40 02:25.130","4","0","75 02:35.854","0","0","0","0","67301","0","0","0","N","0","0","0","2","67301","0","","1.0","515.0","1","N","N","N","0","","0","0","0","3","2","N","424","2","0","0","0","0","0","0","2","0","2","0","0","0","99","","","N","","","","","","","","","",""
"2021107471","0635","3","0","0","0","0","0","0","0","0","5","0","","67","11","2021","7","39.964165","-75.246494","0627","6","0","0","0","0","0","1","0","0","","0","0","0","6","5","0","N","0","0","39 57:50.995","","0","75 14:47.377","9","0","0","0","67301","0","0","0","N","0","0","0","2","67301","0","","1.0","","1","N","N","N","1","","0","0","0","0","0","","620","4","0","0","0","0","0","1","2","0","4","0","0","0","3","03","","N","","","","","","","","","",""
"2021114216","1821","0","0","0","0","0","0","0","0","0","7","0","","67","11","2021","2","39.991675","-75.111806","1820","6","0","0","0","1","0","0","0","0","","0","0","0","17","2","1","N","0","2","39 59:30.030","4","0","75 06:42.500","3","0","0","0","67301","0","0","0","N","0","0","0","2","67301","0","","4.0","1930.0","1","N","N","N","0","","1","0","1","0","0","N","1721","1","1","0","0","0","0","0","2","0","1","0","0","0","3","03","","N","","","","","","","","","",""
"2021088980","0823","2","0","0","0","0","0","0","0","0","5","0","","67","9","2021","3","39.981694","-75.180972","0822","6","0","0","0","0","0","1","0","0","","0","0","0","8","1","0","N","0","0","39 58:54.100","","0","75 10:51.500","0","0","0","0","67301","0","0","0","N","0","0","0","1","67301","0","","6.0","","1","N","N","N","0","","0","0","0","0","0","","820","2","0","1","0","0","0","0","2","0","2","0","0","0","3","04","","N","","","","","","","","","",""
"2021108691","0833","0","0","0","0","0","0","0","0","0","1","0","","67","11","2021","4","39.946993","-75.142027","0832","6","0","1","0","0","0","0","0","0","","0","0","0","8","1","0","N","0","0","39 56:49.174","","0","75 08:31.297","0","0","0","0","67301","0","0","0","N","0","0","0","3","68K01","0","","1.0","","1","N","N","N","0","","0","0","2","0","0","","831","3","0","0","0","0","0","0","2","1","3","0","0","0","3","","","N","","","","","","","","","",""
"2021121370","1247","0","0","0","0","0","0","0","0","0","1","0","","67","12","2021","5","39.958052","-75.164027","1235","6","0","0","0","0","0","1","0","0","","0","0","0","12","1","1","N","0","0","39 57:28.987","","0","75 09:50.497","3","0","0","0","67301","0","0","0","N","0","0","0","2","68K01","0","","1.0","","1","N","N","N","1","","1","0","1","0","0","","1233","2","1","0","0","0","0","1","2","0","2","0","0","0","3","","","N","","","","","","","","","",""
"2021113919","1447","2","0","0","0","0","0","0","0","0","4","0","","67","11","2021","5","40.006183","-75.133328","1418","6","0","1","0","0","0","1","0","0","","0","0","0","14","1","0","N","0","0","40 00:22.260","","0","75 07:59.980","0","0","0","0","67301","0","0","0","N","0","0","0","2","68K01","0","","1.0","","1","N","N","N","0","","0","0","0","0","0","","1403","2","0","0","0","0","0","0","2","0","2","0","0","0","3","","","N","","","","","","","","","",""
"2021120790","2321","1","0","0","0","0","0","0","0","0","6","0","","67","11","2021","7","40.01172","-75.162963","2321","6","0","0","0","0","0","0","0","0","","0","0","0","22","3","2","N","0","0","40 00:42.191","","0","75 09:46.665","8","0","0","0","67301","2","0","0","N","2","0","0","3","67301","0","","6.0","","1","N","N","N","0","","0","0","0","0","0","","2240","4","2","0","0","0","2","0","2","0","2","2","0","0","3","03","","N","","","","","","","","","",""
"2021124277","0148","2","0","0","0","0","0","0","0","0","4","0","","67","12","2021","3","39.957292","-75.247874","0145","6","0","0","0","0","0","0","1","0","","0","0","0","1","3","0","","1","2","39 57:26.251","7","0","75 14:52.347","0","0","0","0","67301","0","0","0","N","0","0","0","2","67301","0","","1.0","420.0","1","N","N","N","0","","0","0","0","3","2","Y","140","2","0","0","0","0","0","0","2","0","2","0","0","0","3","03","","N","","","","","","","","","",""
"2021107497","1543","1","0","0","0","0","0","0","0","0","4","0","","67","11","2021","7","40.014119","-75.128067","1543","6","0","0","0","0","0","1","1","0","","0","0","0","15","1","2","N","0","0","40 00:50.830","","0","75 07:41.040","8","0","0","0","67301","0","0","0","N","0","0","0","3","67301","0","","1.0","","1","N","N","N","1","","0","0","0","0","0","","1542","2","2","1","0","0","2","0","2","0","2","0","0","0","3","03","","N","","","","","","","","","",""
"2021105388","0920","0","0","0","0","0","0","0","0","0","1","0","","67","11","2021","3","40.098044","-74.984661","0915","6","0","0","0","0","0","0","0","0","","0","0","0","9","1","2","N","0","0","40 05:52.960","","0","74 59:04.780","3","0","0","0","67301","0","0","0","N","0","0","0","3","67301","0","","1.0","","1","N","N","N","1","","2","0","1","0","0","","900","2","2","0","0","0","0","0","2","0","2","0","0","0","4","","","N","","","","","","","","","",""
"2021107465","0320","3","0","0","0","0","0","0","0","0","4","0","","67","11","2021","7","39.946088","-75.176762","0314","6","0","0","0","0","0","0","0","0","","0","0","0","2","3","2","","1","0","39 56:45.916","","0","75 10:36.344","3","0","0","0","67301","0","0","0","N","0","0","0","2","67301","0","","1.0","","1","N","N","N","0","","2","0","0","3","2","","259","3","2","0","0","0","0","0","2","0","3","0","0","0","3","03","","N","","","","","","","","","",""
"2021124519","2047","0","0","0","0","0","0","0","0","0","8","0","","67","12","2021","7","39.994436","-75.122164","2045","6","0","0","0","0","0","0","0","0","","0","0","0","20","3","1","N","0","0","39 59:39.970","","0","75 07:19.790","3","0","0","1","67301","1","0","0","N","1","0","0","2","67301","0","","1.0","","9","N","N","N","0","","1","0","0","0","0","","2045","2","1","0","0","0","0","0","2","0","1","1","0","0","7","07","","N","","","","","","","","","",""
"2021109327","0922","1","0","0","0","0","0","0","0","0","5","0","","67","10","2021","6","39.984405","-75.260566","0918","6","0","0","0","0","0","0","0","0","","0","0","0","9","1","0","N","0","0","39 59:03.859","","0","75 15:38.038","0","0","0","0","67301","0","0","0","N","0","0","0","2","46104","0","","1.0","","1","N","N","N","0","","0","0","1","0","0","","917","2","0","0","0","0","0","0","2","0","2","0","0","0","3","","","N","","","","","","","","","",""