"CRN","ARRIVAL_TM","AUTOMOBILE_COUNT","BELTED_DEATH_COUNT","BELTED_SUSP_SERIOUS_INJ_COUNT","BICYCLE_COUNT","BICYCLE_DEATH_COUNT","BICYCLE_SUSP_SERIOUS_INJ_COUNT","BUS_COUNT","CHLDPAS_DEATH_COUNT","CHLDPAS_SUSP_SERIOUS_INJ_COUNT","COLLISION_TYPE","COMM_VEH_COUNT","CONS_ZONE_SPD_LIM","COUNTY","CRASH_MONTH","CRASH_YEAR","DAY_OF_WEEK","DEC_LATITUDE","DEC_LONGITUDE","DISPATCH_TM","DISTRICT","DRIVER_COUNT_16YR","DRIVER_COUNT_17YR","DRIVER_COUNT_18YR","DRIVER_COUNT_19YR","DRIVER_COUNT_20YR","DRIVER_COUNT_50_64YR","DRIVER_COUNT_65_74YR","DRIVER_COUNT_75PLUS","EST_HRS_CLOSED","FATAL_COUNT","HEAVY_TRUCK_COUNT","HORSE_BUGGY_COUNT","HOUR_OF_DAY","ILLUMINATION","INJURY_COUNT","INTERSECTION_RELATED","INTERSECT_TYPE","LANE_CLOSED","LATITUDE","LN_CLOSE_DIR","LOCATION_TYPE","LONGITUDE","MAX_SEVERITY_LEVEL","MCYCLE_DEATH_COUNT","MCYCLE_SUSP_SERIOUS_INJ_COUNT","MOTORCYCLE_COUNT","MUNICIPALITY","NONMOTR_COUNT","NONMOTR_DEATH_COUNT","NONMOTR_SUSP_SERIOUS_INJ_COUNT","NTFY_HIWY_MAINT","PED_COUNT","PED_DEATH_COUNT","PED_SUSP_SERIOUS_INJ_COUNT","PERSON_COUNT","POLICE_AGCY","POSSIBLE_INJ_COUNT","RDWY_SURF_TYPE_CD","RELATION_TO_ROAD","ROADWAY_CLEARED","ROAD_CONDITION","SCH_BUS_IND","SCH_ZONE_IND","SECONDARY_CRASH","SMALL_TRUCK_COUNT","SPEC_JURIS_CD","SUSP_MINOR_INJ_COUNT","SUSP_SERIOUS_INJ_COUNT","SUV_COUNT","TCD_FUNC_CD","TCD_TYPE","TFC_DETOUR_IND","TIME_OF_DAY","TOTAL_UNITS","TOT_INJ_COUNT","UNBELTED_OCC_COUNT","UNB_DEATH_COUNT","UNB_SUSP_SERIOUS_INJ_COUNT","UNK_INJ_DEG_COUNT","UNK_INJ_PER_COUNT","URBAN_RURAL","VAN_COUNT","VEHICLE_COUNT","VULNERABLE_ROAD_USER_COUNT","VULNERABLE_ROAD_USER_DEATH_COUNT","VULNERABLE_ROAD_USER_SER_INJ_COUNT","WEATHER1","WEATHER2","WORKERS_PRES","WORK_ZONE_IND","WORK_ZONE_LOC","WORK_ZONE_TYPE","WZ_CLOSE_DETOUR","WZ_FLAGGER","WZ_LAW_OFFCR_IND","WZ_LN_CLOSURE","WZ_MOVING","WZ_OTHER","WZ_SHLDER_MDN","WZ_WORKERS_INJ_KILLED"
"2021108888","1624","0","0","0","0","0","0","0","0","0","8","0","","67","11","2021","3","40.029898","-75.087801","1611","6","0","0","0","0","0","0","0","0","","0","0","0","14","1","1","","1","0","40 01:47.633","","0","75 05:16.085","3","0","0","0","67301","1","0","0","N","1","0","0","2","67301","0","","1.0","","1","N","N","N","0","","1","0","0","3","5","","1430","2","1","0","0","0","0","0","2","0","1","1","0","0","3","03","","N","","","","","","","","","",""
"2021123571","0923","2","0","0","0","0","0","0","0","0","5","0","","67","12","2021","5","40.055986","-75.092717","0917","6","0","0","0","0","0","0","0","0","","0","0","0","9","1","1","N","0","2","40 03:21.550","7","0","75 05:33.780","3","0","0","0","67301","0","0","0","N","0","0","0","1","67301","0","","6.0","1029.0","1","N","N","N","1","","1","0","0","0","0","N","915","3","1","0","0","0","0","0","2","0","3","0","0","0","3","","","N","","","","","","","","","",""
"2021124402","0843","0","0","0","0","0","0","0","0","0","4","0","","67","12","2021","5","39.991883","-75.233669","0837","6","0","0","0","0","0","1","0","1","","0","0","0","8","1","2","","1","0","39 59:30.778","","0","75 14:01.208","3","0","0","0","67301","0","0","0","N","0","0","0","3","67301","0","","1.0","","1","N","N","N","1","","2","0","2","2","2","","830","3","2","0","0","0","0","0","2","0","3","0","0","0","3","03","","N","","","","","","","","","",""
"2021122074","0815","2","0","0","0","0","0","0","0","0","4","0","","67","12","2021","1","40.099527","-74.986368","0808","6","0","0","0","0","0","1","0","0","","0","0","0","7","1","0","","1","0","40 05:58.296","","2","74 59:10.926","0","0","0","0","67301","0","0","0","N","0","0","0","2","67301","0","","1.0","","1","N","N","N","0","","0","0","0","3","2","","755","2","0","0","0","0","0","0","2","0","2","0","0","0","3","03","","N","","","","","","","","","",""
"2021107489","2000","2","0","0","0","0","0","0","0","0","4","0","","67","11","2021","7","39.926479","-75.186026","1959","6","0","0","0","0","0","0","0","0","","0","0","0","19","3","4","","1","0","39 55:35.325","","0","75 11:09.693","3","0","0","0","67301","0","0","0","N","0","0","0","8","67301","0","","1.0","","1","N","N","N","0","","4","0","0","3","2","","1950","2","4","7","0","0","0","0","2","0","2","0","0","0","3","03","","N","","","","","","","","","",""
"2021107234","2015","2","0","0","0","0","0","0","0","0","4","0","","67","11","2021","6","39.982446","-75.162841","2010","6","0","0","0","0","1","0","0","0","","0","0","0","20","3","1","","2","0","39 58:56.805","","0","75 09:46.227","3","0","0","0","67301","0","0","0","N","0","0","0","2","67301","0","","1.0","","1","N","N","N","0","","1","0","1","3","3","","2010","3","1","0","0","0","0","1","2","0","3","0","0","0","3","03","","N","","","","","","","","","",""
"2021107809","0130","0","0","0","0","0","0","0","0","0","5","0","","67","11","2021","6","40.019547","-75.048303","0130","6","0","0","0","0","0","0","0","0","","0","0","0","23","3","0","N","0","0","40 01:10.370","","0","75 02:53.890","9","0","0","0","67301","0","0","0","N","0","0","0","1","67301","0","","6.0","","1","N","N","N","0","","0","0","2","0","0","","2330","2","0","0","0","0","0","1","2","0","2","0","0","0","3","","","N","","","","","","","","","",""
"2021106370","1655","0","0","0","0","0","0","0","0","0","8","0","","67","11","2021","4","40.035989","-75.042459","1650","6","0","0","0","0","0","1","0","0","","0","0","0","16","1","1","","1","0","40 02:09.560","","0","75 02:32.853","3","0","0","0","67301","1","0","0","N","1","0","0","2","67301","0","","1.0","","1","N","N","N","1","","1","0","0","3","2","","1644","2","1","0","0","0","0","0","2","0","1","1","0","0","3","","","N","","","","","","","","","",""
"2021122112","1120","0","0","0","0","0","0","0","0","0","8","0","","67","12","2021","2","40.045003","-75.123562","1058","6","0","0","0","0","0","1","0","0","","0","0","0","10","1","1","","1","0","40 02:42.011","","0","75 07:24.823","3","0","0","0","67301","1","0","0","N","1","0","0","2","67301","0","","1.0","","1","N","N","N","0","","1","0","0","3","2","","1050","2","1","0","0","0","0","0","2","1","1","1","0","0","3","03","","N","","","","","","","","","",""
"2021104008","2224","1","0","0","0","0","0","0","0","0","4","0","","67","10","2021","5","39.955283","-75.147756","2224","6","0","0","0","0","0","1","0","0","","0","0","0","22","3","1","","3","1","39 57:19.018","4","2","75 08:51.923","3","0","0","0","67301","0","0","0","N","0","0","0","3","67501","0","","1.0","2228.0","1","N","N","N","0","","1","0","1","0","0","N","2224","2","1","0","0","0","0","0","2","0","2","0","0","0","3","03","","N","","","","","","","","","",""
"2021107205","2343","1","0","0","0","0","0","0","0","0","5","0","","67","11","2021","6","40.069902","-75.050319","2341","6","0","0","0","0","0","0","0","0","","0","0","0","22","3","1","N","0","0","40 04:11.648","","0","75 03:01.147","3","0","0","0","67301","0","0","0","N","0","0","0","2","67301","0","","1.0","","1","N","N","N","0","","1","0","1","0","0","","2245","2","1","0","0","0","0","0","2","0","2","0","0","0","3","03","","N","","","","","","","","","",""
"2021107200","2302","2","0","0","0","0","0","0","0","0","4","0","","67","11","2021","6","40.028261","-75.152038","2302","6","0","0","0","0","0","0","0","0","","0","0","0","20","3","0","","5","0","40 01:41.739","","0","75 09:07.336","0","0","0","0","67301","0","0","0","N","0","0","0","3","67301","0","","1.0","","1","N","N","N","0","","0","0","0","3","2","","2030","2","0","2","0","0","0","0","2","0","2","0","0","0","3","03","","N","","","","","","","","","",""
"2021107518","0851","3","0","0","0","0","0","0","0","0","5","0","","67","11","2021","7","39.997666","-75.072783","0841","6","0","0","0","0","0","0","0","0","","0","0","0","8","1","0","N","0","1","39 59:51.597","2","0","75 04:22.020","0","0","0","0","67301","0","0","0","N","0","0","0","1","67301","0","","6.0","912.0","1","N","N","Y","0","","0","0","0","0","0","N","839","3","0","0","0","0","0","0","2","0","3","0","0","0","3","","","N","","","","","","","","","",""
"2021123299","1714","0","0","0","1","0","0","0","0","0","8","0","","67","12","2021","4","40.004023","-75.17172","1714","6","0","0","0","0","0","0","0","0","","0","0","0","17","4","1","","1","0","40 00:14.481","","0","75 10:18.192","3","0","0","0","67301","1","0","0","N","0","0","0","2","67301","0","","1.0","","1","N","N","N","0","","1","0","0","3","3","","1710","2","1","0","0","0","0","0","2","0","1","1","0","0","3","","","N","","","","","","","","","",""
"2021106722","0012","2","0","0","0","0","0","0","0","0","4","0","","67","11","2021","3","39.945973","-75.21398","0003","6","0","0","0","0","1","0","0","0","","0","0","0","23","3","0","","1","1","39 56:45.502","5","0","75 12:50.328","0","0","0","0","67301","0","0","0","N","0","0","0","2","67301","0","","1.0","40.0","1","N","N","N","0","","0","0","0","3","2","N","2330","2","0","1","0","0","0","0","2","0","2","0","0","0","3","03","","N","","","","","","","","","",""
"2021121654","2235","2","0","0","0","0","0","0","0","0","8","0","","67","12","2021","6","39.954003","-75.221178","2235","6","0","0","0","0","0","0","0","1","","0","0","0","22","3","1","N","0","2","39 57:14.410","6","0","75 13:16.240","2","0","0","0","67301","1","0","1","N","1","0","1","3","67301","0","","1.0","2300.0","1","N","N","N","0","","0","1","0","0","0","N","2230","3","1","0","0","0","0","0","2","0","2","1","0","1","3","","","N","","","","","","","","","",""
"2021123303","1739","1","0","0","0","0","0","0","0","0","4","0","","67","12","2021","5","39.981144","-75.164732","1735","6","0","0","0","0","0","0","0","0","","0","0","0","17","3","0","","1","2","39 58:52.118","3","0","75 09:53.035","0","0","0","0","67301","0","0","0","N","0","0","0","3","67505","0","","1.0","1900.0","1","N","N","N","0","","0","0","1","3","3","Y","1730","2","0","0","0","0","0","0","2","0","2","0","0","0","3","03","","N","","","","","","","","","",""
"2021124135","0825","2","0","0","0","0","0","0","0","0","1","0","","67","12","2021","5","39.905738","-75.193924","0819","6","0","0","0","0","0","1","0","0","","0","0","0","7","1","2","","1","0","39 54:20.655","","0","75 11:38.126","4","0","0","0","67301","0","0","0","N","0","0","0","3","67301","2","","1.0","","99","N","N","N","0","","0","0","0","3","2","","700","3","2","1","0","0","0","0","2","0","3","0","0","0","3","03","","N","","","","","","","","","",""
"2021092360","1025","0","0","0","0","0","0","0","0","0","5","0","","67","9","2021","3","39.947022","-75.239833","1020","6","0","0","0","0","0","1","0","0","","0","0","0","10","1","1","N","0","0","39 56:49.280","","0","75 14:23.400","3","0","0","0","67301","0","0","0","N","0","0","0","2","67301","0","","1.0","","1","N","N","N","0","","1","0","3","0","0","","1010","4","1","0","0","0","0","0","2","1","4","0","0","0","4","04","","N","","","","","","","","","",""
"2021094402","1000","1","0","0","0","0","0","0","0","0","4","0","","67","10","2021","3","40.041549","-75.225429","0955","6","0","0","0","0","0","0","0","0","","0","0","0","9","1","1","N","0","0","40 02:29.578","","7","75 13:31.543","4","0","0","0","67301","0","0","0","N","0","0","0","4","67301","1","","1.0","","1","N","N","N","1","","0","0","0","0","0","","935","2","1","0","0","0","0","0","2","0","2","0","0","0","4","04","","N","","","","","","","","","",""
"2021112901","1109","0","0","0","0","0","0","0","0","0","4","0","","67","11","2021","3","39.988657","-75.187059","1107","6","0","0","0","0","0","2","0","0","","0","0","0","10","1","1","","1","0","39 59:19.164","","0","75 11:13.413","3","0","0","0","67301","0","0","0","N","0","0","0","2","67301","0","","1.0","","1","N","N","N","2","","1","0","0","3","2","","1035","2","1","2","0","0","0","0","2","0","2","0","0","0","3","03","","N","","","","","","","","","",""
"2021109248","1615","2","0","0","0","0","0","0","0","0","4","0","","67","11","2021","6","40.015272","-75.088901","1600","6","0","0","0","0","0","1","0","0","","0","0","0","15","1","0","","1","0","40 00:54.979","","0","75 05:20.043","9","0","0","0","67301","0","0","0","N","0","0","0","2","67301","0","","1.0","","99","N","N","N","0","","0","0","0","3","3","","1540","2","0","2","0","0","0","2","2","0","2","0","0","0","99","","","N","","","","","","","","","",""
"2021106706","0834","0","0","0","0","0","0","0","0","0","8","0","","67","11","2021","4","40.004056","-75.176889","0831","6","0","0","0","0","0","0","0","0","","0","0","0","8","1","1","N","0","0","40 00:14.600","","0","75 10:36.800","3","0","0","0","67301","1","0","0","N","1","0","0","2","67301","0","","1.0","","1","N","N","N","0","","1","0","1","0","0","","825","2","1","0","0","0","0","0","2","0","1","1","0","0","3","03","","N","","","","","","","","","",""
"2021107493","0125","1","0","0","0","0","0","0","0","0","4","0","","67","11","2021","7","39.971089","-75.228729","0119","6","0","0","0","0","1","0","0","0","","0","0","0","22","3","3","","1","0","39 58:15.920","","0","75 13:43.424","3","0","0","0","67301","0","0","0","N","0","0","0","4","67301","0","","1.0","","1","N","N","N","0","","3","0","1","3","2","","2206","2","3","0","0","0","0","0","2","0","2","0","0","0","3","03","","N","","","","","","","","","",""
"2021107853","0708","0","0","0","0","0","0","0","0","0","4","0","","67","11","2021","2","39.954818","-75.183402","0705","6","0","0","0","0","1","1","0","0","","0","0","0","6","1","0","","1","0","39 57:17.345","","0","75 11:00.247","0","0","0","0","67301","0","0","0","N","0","0","0","2","67507","0","","1.0","","1","N","N","N","0","","0","0","2","3","2","","655","2","0","2","0","0","0","0","2","0","2","0","0","0","3","","","N","","","","","","","","","",""
"2021109259","0345","0","0","0","0","0","0","0","0","0","7","0","","67","11","2021","7","39.915167","-75.189778","0345","6","0","0","0","0","0","0","0","0","","0","0","0","3","3","0","N","0","2","39 54:54.600","4","3","75 11:23.200","0","0","0","0","67301","0","0","0","N","0","0","0","1","67501","0","","4.0","516.0","1","N","N","N","0","","0","0","1","0","0","N","345","1","0","1","0","0","0","0","2","0","1","0","0","0","3","03","","N","","","","","","","","","",""
"2021107912","0152","2","0","0","0","0","0","0","0","0","4","0","","67","11","2021","6","39.991604","-75.228061","0148","6","0","0","1","0","1","0","0","0","","0","0","0","1","8","0","","1","0","39 59:29.774","","0","75 13:41.019","0","0","0","0","67301","0","0","0","N","0","0","0","3","67301","0","","1.0","","1","N","N","N","0","","0","0","0","3","3","","130","2","0","1","0","0","0","0","2","0","2","0","0","0","3","03","","N","","","","","","","","","",""
"2021116886","1848","1","0","0","0","0","0","0","0","0","1","0","","67","11","2021","7","40.042959","-75.003116","1829","6","0","0","0","0","0","2","0","0","","0","0","0","18","3","0","N","0","1","40 02:34.654","1","0","75 00:11.216","0","0","0","0","67301","0","0","0","N","0","0","0","4","68K01","0","","1.0","1931.0","1","N","N","N","1","","0","0","1","0","0","N","1827","4","0","1","0","0","0","0","2","1","4","0","0","0","3","","","N","","","","","","","","","",""
"2021106721","1827","2","0","0","0","0","0","0","0","0","4","0","","67","11","2021","5","40.00868","-75.068855","1825","6","0","0","0","0","0","0","0","0","","0","0","0","18","2","1","","2","1","40 00:31.249","5","0","75 04:07.877","3","0","0","0","67301","0","0","0","N","0","0","0","3","67301","0","","1.0","1900.0","1","N","N","N","0","","1","0","0","3","2","Y","1824","2","1","0","0","0","0","0","2","0","2","0","0","0","3","03","","N","","","","","","","","","",""
"2021107499","0056","0","0","0","0","0","0","0","0","0","4","0","","67","11","2021","1","40.022705","-75.133512","0056","6","0","0","0","0","0","0","0","0","","0","0","0","0","3","0","","1","0","40 01:21.738","","0","75 08:00.643","0","0","0","0","67301","0","0","0","N","0","0","0","5","67301","0","","1.0","","1","N","N","N","0","","0","0","2","3","2","","53","2","0","0","0","0","0","0","2","0","2","0","0","0","3","","","N","","","","","","","","","",""
"2021108246","1200","0","0","0","0","0","0","0","0","0","4","0","","67","11","2021","6","40.024436","-75.146915","1154","6","0","0","0","0","0","0","0","0","","0","0","0","11","1","2","","1","0","40 01:27.969","","0","75 08:48.894","3","0","0","0","67301","0","0","0","N","0","0","0","2","67301","0","","1.0","","1","N","N","N","0","","2","0","2","3","2","","1150","2","2","0","0","0","0","0","2","0","2","0","0","0","3","","","N","","","","","","","","","",""
"2021108267","2359","2","0","0","0","0","0","0","0","0","5","0","","67","11","2021","1","39.95768","-75.162367","2355","6","0","0","0","0","1","1","0","0","","0","0","0","23","3","0","","1","0","39 57:27.649","","8","75 09:44.521","0","0","0","0","67301","0","0","0","N","0","0","0","5","67301","0","","1.0","","1","N","N","N","0","","0","0","1","3","2","","2350","3","0","0","0","0","0","0","2","0","3","0","0","0","3","03","","N","","","","","","","","","",""
"2021121548","0600","0","0","0","0","0","0","0","0","0","7","0","","67","12","2021","7","39.923212","-75.191594","0554","6","0","0","0","0","0","0","0","0","","0","0","0","5","3","1","N","0","1","39 55:23.563","4","0","75 11:29.740","4","0","0","0","67301","0","0","0","N","0","0","0","1","67301","1","","3.0","700.0","9","N","N","N","0","","0","0","1","0","0","N","545","1","1","0","0","0","0","0","2","0","1","0","0","0","7","07","","N","","","","","","","","","",""
"2021105829","1930","1","0","0","0","0","0","0","0","0","1","0","","67","11","2021","3","39.92175","-75.153556","1857","6","0","0","0","0","0","0","0","0","","0","0","0","18","2","1","N","0","0","39 55:18.300","","0","75 09:12.800","3","0","0","0","67301","0","0","0","N","0","0","0","1","67301","0","","6.0","","9","N","N","N","0","","1","0","2","0","0","","1846","3","1","0","0","0","0","0","2","0","3","0","0","0","4","07","","N","","","","","","","","","",""
"2021105886","1204","1","0","0","0","0","0","0","0","0","1","0","","67","11","2021","3","40.050336","-75.117097","1159","6","0","0","0","0","0","0","0","0","","0","0","0","11","1","2","","1","0","40 03:01.210","","0","75 07:01.548","3","0","0","0","67301","0","0","0","N","0","0","0","2","46102","0","","1.0","","9","N","N","N","0","","2","0","1","3","2","","1159","2","2","0","0","0","0","0","2","0","2","0","0","0","4","07","","N","","","","","","","","","",""
"2021105230","1711","1","0","0","0","0","0","0","0","0","4","0","","67","11","2021","2","40.020508","-75.08729","1700","6","0","0","0","0","0","0","0","0","","0","0","0","16","1","1","","1","0","40 01:13.828","","0","75 05:14.243","3","0","0","0","67301","0","0","0","N","0","0","0","3","67301","0","","1.0","","1","N","N","N","0","","1","0","1","3","3","","1629","2","1","0","0","0","0","1","2","0","2","0","0","0","3","03","","N","","","","","","","","","",""
"2021124395","1721","1","0","1","0","0","0","0","0","0","4","0","","67","11","2021","1","39.965057","-75.240142","1721","6","0","0","0","0","0","0","0","0","","0","0","0","16","1","4","","1","0","39 57:54.205","","0","75 14:24.511","2","0","0","0","67301","0","0","0","N","0","0","0","6","67301","0","","1.0","","1","N","N","N","1","","3","1","1","3","2","","1605","3","4","0","0","0","0","0","2","0","3","0","0","0","3","03","","N","","","","","","","","","",""
"2021106962","1650","1","0","0","0","0","0","0","0","0","7","0","","67","11","2021","4","40.051885","-75.008528","1640","6","0","0","0","0","0","0","0","0","","0","0","0","16","1","0","N","0","0","40 03:06.787","","0","75 00:30.699","0","0","0","0","67301","0","0","0","N","0","0","0","1","67301","0","","4.0","","1","N","N","N","0","","0","0","0","0","0","","1635","1","0","0","0","0","0","0","2","0","1","0","0","0","3","03","","N","","","","","","","","","",""
"2021107466","0015","1","0","0","0","0","0","0","0","0","4","0","","67","11","2021","7","39.969904","-75.131064","0013","6","0","0","1","0","0","0","0","0","","0","0","0","23","3","0","","1","0","39 58:11.656","","0","75 07:51.830","0","0","0","0","67301","0","0","0","N","0","0","0","4","67301","0","","1.0","","1","N","N","N","0","","0","0","1","3","3","","2350","2","0","0","0","0","0","0","2","0","2","0","0","0","3","03","","N","","","","","","","","","",""
"2021123526","1040","1","0","0","0","0","0","0","0","0","8","0","","67","12","2021","4","40.008197","-75.071686","1026","6","0","0","0","0","0","0","0","0","","0","0","0","10","1","1","","2","0","40 00:29.508","","0","75 04:18.071","3","0","0","0","67301","1","0","0","N","1","0","0","3","67301","0","","1.0","","1","N","N","N","0","","1","0","0","3","3","","1003","2","1","2","0","0","0","0","2","0","1","1","0","0","3","03","","N","","","","","","","","","",""
"2021107188","0354","2","0","0","0","0","0","0","0","0","2","0","","67","11","2021","6","39.956778","-75.206222","0354","6","0","0","0","0","0","0","0","0","","0","0","0","3","3","0","N","0","0","39 57:24.400","","0","75 12:22.400","0","0","0","0","67301","0","0","0","N","0","0","0","1","67504","0","","6.0","","1","N","N","N","1","","0","0","0","0","0","","353","3","0","1","0","0","0","0","2","0","3","0","0","0","3","","","N","","","","","","","","","",""
"2021106734","2210","1","0","0","0","0","0","0","0","0","4","0","","67","11","2021","5","39.984286","-75.161622","2205","6","0","0","0","0","2","0","0","0","","0","0","0","22","3","0","","1","0","39 59:03.429","","0","75 09:41.838","0","0","0","0","67301","0","0","0","N","0","0","0","2","67505","0","","1.0","","1","N","N","N","0","","0","0","1","3","3","","2200","2","0","1","0","0","0","0","2","0","2","0","0","0","3","","","N","","","","","","","","","",""
"2021124764","0456","2","0","0","0","0","0","0","0","0","4","0","","67","11","2021","1","39.98673","-75.159493","0455","6","0","0","0","0","0","0","0","0","","0","0","0","4","2","3","","1","0","39 59:12.227","","0","75 09:34.174","3","0","0","0","67301","0","0","0","N","0","0","0","4","67301","0","","1.0","","1","N","N","N","0","","3","0","0","9","2","","450","2","3","1","0","0","0","0","2","0","2","0","0","0","3","03","","N","","","","","","","","","",""
"2021111054","1625","1","0","0","0","0","0","0","0","0","8","0","","67","11","2021","2","39.986085","-75.247762","1619","6","0","0","0","0","0","1","0","0","","0","0","0","16","4","1","N","0","0","39 59:09.906","","0","75 14:51.942","3","0","0","0","67301","1","0","0","N","1","0","0","2","67301","0","","1.0","","1","N","N","N","0","","1","0","0","0","0","","1613","2","1","0","0","0","0","0","2","0","1","1","0","0","3","03","","N","","","","","","","","","",""
"2021099769","1800","2","0","0","0","0","0","0","0","0","4","0","","67","10","2021","2","39.989479","-75.156446","1758","6","0","0","0","0","0","0","1","0","","0","0","0","17","1","0","","1","0","39 59:22.124","","0","75 09:23.205","9","0","0","0","67301","0","0","0","N","0","0","0","2","67301","0","","1.0","","1","N","N","Y","0","","0","0","1","3","3","","1750","3","0","0","0","0","0","1","2","0","3","0","0","0","3","03","","N","","","","","","","","","",""
"2021105841","2020","3","0","0","0","0","0","0","0","0","4","0","","67","11","2021","3","40.058818","-75.044171","2016","6","0","0","0","0","0","0","1","0","","0","0","0","20","3","2","","1","0","40 03:31.744","","0","75 02:39.016","3","0","0","0","67301","0","0","0","N","0","0","0","5","67301","0","","1.0","","9","N","N","N","0","","2","0","1","3","2","","2000","4","2","0","0","0","0","0","2","0","4","0","0","0","4","07","","N","","","","","","","","","",""
"2021107125","1307","2","0","0","0","0","0","0","0","0","4","0","","67","11","2021","6","40.034485","-75.048146","1255","6","0","0","0","0","0","0","0","0","","0","0","0","12","1","1","","1","0","40 02:04.146","","0","75 02:53.325","3","0","0","0","67301","0","0","0","N","0","0","0","2","67301","0","","1.0","","1","N","N","N","0","","1","0","2","3","3","","1242","4","1","0","0","0","0","0","2","0","4","0","0","0","3","03","","N","","","","","","","","","",""
"2021109268","1805","1","0","0","0","0","0","0","0","0","1","0","","67","11","2021","2","40.042792","-75.024302","1754","6","0","0","0","0","0","2","0","0","","0","0","0","17","3","1","Y","0","0","40 02:34.051","","0","75 01:27.487","3","0","0","0","67301","0","0","0","N","0","0","0","4","67301","0","","1.0","","1","N","N","N","1","","1","0","1","3","2","","1750","3","1","0","0","0","0","0","2","0","3","0","0","0","3","03","","N","","","","","","","","","",""
"2021124778","1035","0","0","0","0","0","0","0","0","0","8","0","","67","12","2021","4","39.932972","-75.164017","1029","6","0","0","0","0","0","0","0","0","","0","0","0","10","1","1","N","0","0","39 55:58.700","","0","75 09:50.460","8","0","0","0","67301","1","0","0","N","1","0","0","2","67301","0","","1.0","","1","N","N","N","0","","0","0","0","0","0","","1022","2","1","0","0","0","1","0","2","1","1","1","0","0","3","03","","N","","","","","","","","","",""
"2021107433","0854","0","0","0","0","0","0","0","0","0","8","0","","67","11","2021","6","39.990868","-75.155282","0842","6","0","0","0","0","0","0","0","1","","0","0","0","8","1","1","","1","0","39 59:27.126","","0","75 09:19.014","4","0","0","0","67301","1","0","0","N","1","0","0","2","67301","1","","1.0","","1","N","N","N","1","","0","0","0","3","2","","838","2","1","0","0","0","0","0","2","0","1","1","0","0","3","03","","N","","","","","","","","","",""
"2021124410","1630","0","0","0","0","0","0","0","0","0","4","0","","67","12","2021","3","39.987671","-75.22498","1627","6","0","0","0","0","0","1","0","1","","0","0","0","14","1","1","","2","0","39 59:15.615","","0","75 13:29.927","3","0","0","0","67301","0","0","0","N","0","0","0","4","67301","0","","1.0","","1","N","N","Y","0","","1","0","1","3","2","","1457","4","1","0","0","0","0","0","2","3","4","0","0","0","3","","","N","","","","","","","","","",""
"2021107690","1452","0","0","0","0","0","0","0","0","0","5","0","","67","11","2021","7","39.931788","-75.14401","1446","6","0","0","0","0","0","0","0","0","","0","0","0","14","1","1","N","0","0","39 55:54.435","","0","75 08:38.436","3","0","0","1","67301","0","0","0","N","0","0","0","3","67301","0","","1.0","","1","N","N","N","0","","1","0","1","0","0","","1432","2","1","0","0","0","0","0","2","0","2","0","0","0","3","","","N","","","","","","","","","",""
"2021105862","1940","1","0","0","0","0","0","0","0","0","8","0","","67","11","2021","3","39.936775","-75.159946","1931","6","0","0","0","0","0","0","0","0","","0","0","0","18","3","1","","1","0","39 56:12.390","","0","75 09:35.805","8","0","0","0","67301","1","0","0","N","1","0","0","2","67301","0","","1.0","","9","N","N","N","0","","0","0","0","3","2","","1854","2","1","0","0","0","1","0","2","0","1","1","0","0","7","07","","N","","","","","","","","","",""
"2021108601","1819","0","0","0","0","0","0","0","0","0","4","0","","67","11","2021","1","39.922264","-75.163152","1818","6","0","0","0","0","0","0","0","0","","0","0","0","18","3","1","","1","0","39 55:20.150","","0","75 09:47.347","3","0","0","0","67301","0","0","0","N","0","0","0","2","67301","0","","1.0","","1","N","N","N","0","","1","0","3","3","3","","1818","4","1","0","0","0","0","0","2","1","4","0","0","0","3","03","","N","","","","","","","","","",""
"2021123916","0752","1","0","0","0","0","0","0","0","0","1","0","","67","12","2021","5","39.951145","-75.249165","0752","6","0","0","0","0","0","1","1","0","","0","0","0","7","1","2","N","0","0","39 57:04.121","","0","75 14:56.995","3","0","0","0","67301","0","0","0","N","0","0","0","5","67301","0","","1.0","","9","N","N","N","0","","2","0","1","0","0","","733","3","2","0","0","0","0","3","2","1","3","0","0","0","3","","","N","","","","","","","","","",""
"2021108004","1936","1","0","0","1","0","0","0","0","0","8","0","","67","11","2021","1","39.953807","-75.166593","1932","6","0","0","0","0","0","0","0","0","","0","0","0","19","3","1","","1","0","39 57:13.704","","0","75 09:59.736","3","0","0","0","67301","1","0","0","N","0","0","0","2","67301","0","","1.0","","1","N","N","N","0","","1","0","0","3","2","","1930","2","1","0","0","0","0","0","2","0","1","1","0","0","3","03","","N","","","","","","","","","",""
"2021120520","0814","2","0","0","0","0","0","0","0","0","4","0","","67","12","2021","4","39.960176","-75.245187","0814","6","0","0","0","0","0","0","0","0","","0","0","0","7","1","2","","1","0","39 57:36.633","","0","75 14:42.673","3","0","0","0","67301","0","0","0","N","0","0","0","2","67301","0","","1.0","","1","N","N","Y","0","","2","0","1","3","3","","749","3","2","0","0","0","0","0","2","0","3","0","0","0","3","","","N","","","","","","","","","",""