"CRN","ARRIVAL_TM","AUTOMOBILE_COUNT","BELTED_DEATH_COUNT","BELTED_SUSP_SERIOUS_INJ_COUNT","BICYCLE_COUNT","BICYCLE_DEATH_COUNT","BICYCLE_SUSP_SERIOUS_INJ_COUNT","BUS_COUNT","CHLDPAS_DEATH_COUNT","CHLDPAS_SUSP_SERIOUS_INJ_COUNT","COLLISION_TYPE","COMM_VEH_COUNT","CONS_ZONE_SPD_LIM","COUNTY","CRASH_MONTH","CRASH_YEAR","DAY_OF_WEEK","DEC_LATITUDE","DEC_LONGITUDE","DISPATCH_TM","DISTRICT","DRIVER_COUNT_16YR","DRIVER_COUNT_17YR","DRIVER_COUNT_18YR","DRIVER_COUNT_19YR","DRIVER_COUNT_20YR","DRIVER_COUNT_50_64YR","DRIVER_COUNT_65_74YR","DRIVER_COUNT_75PLUS","EST_HRS_CLOSED","FATAL_COUNT","HEAVY_TRUCK_COUNT","HORSE_BUGGY_COUNT","HOUR_OF_DAY","ILLUMINATION","INJURY_COUNT","INTERSECTION_RELATED","INTERSECT_TYPE","LANE_CLOSED","LATITUDE","LN_CLOSE_DIR","LOCATION_TYPE","LONGITUDE","MAX_SEVERITY_LEVEL","MCYCLE_DEATH_COUNT","MCYCLE_SUSP_SERIOUS_INJ_COUNT","MOTORCYCLE_COUNT","MUNICIPALITY","NONMOTR_COUNT","NONMOTR_DEATH_COUNT","NONMOTR_SUSP_SERIOUS_INJ_COUNT","NTFY_HIWY_MAINT","PED_COUNT","PED_DEATH_COUNT","PED_SUSP_SERIOUS_INJ_COUNT","PERSON_COUNT","POLICE_AGCY","POSSIBLE_INJ_COUNT","RDWY_SURF_TYPE_CD","RELATION_TO_ROAD","ROADWAY_CLEARED","ROAD_CONDITION","SCH_BUS_IND","SCH_ZONE_IND","SECONDARY_CRASH","SMALL_TRUCK_COUNT","SPEC_JURIS_CD","SUSP_MINOR_INJ_COUNT","SUSP_SERIOUS_INJ_COUNT","SUV_COUNT","TCD_FUNC_CD","TCD_TYPE","TFC_DETOUR_IND","TIME_OF_DAY","TOTAL_UNITS","TOT_INJ_COUNT","UNBELTED_OCC_COUNT","UNB_DEATH_COUNT","UNB_SUSP_SERIOUS_INJ_COUNT","UNK_INJ_DEG_COUNT","UNK_INJ_PER_COUNT","URBAN_RURAL","VAN_COUNT","VEHICLE_COUNT","VULNERABLE_ROAD_USER_COUNT","VULNERABLE_ROAD_USER_DEATH_COUNT","VULNERABLE_ROAD_USER_SER_INJ_COUNT","WEATHER1","WEATHER2","WORKERS_PRES","WORK_ZONE_IND","WORK_ZONE_LOC","WORK_ZONE_TYPE","WZ_CLOSE_DETOUR","WZ_FLAGGER","WZ_LAW_OFFCR_IND","WZ_LN_CLOSURE","WZ_MOVING","WZ_OTHER","WZ_SHLDER_MDN","WZ_WORKERS_INJ_KILLED"
"2021109394","1315","1","0","1","0","0","0","0","0","0","4","0","","67","11","2021","2","39.96444","-75.134259","1315","6","0","0","0","0","0","0","1","0","","0","0","0","20","3","1","","1","0","39 57:51.984","","7","75 08:03.331","2","0","0","0","67301","0","0","0","N","0","0","0","2","67301","0","","1.0","","1","N","N","N","0","","0","1","1","3","2","","2000","2","1","0","0","0","0","0","2","0","2","0","0","0","3","04","","N","","","","","","","","","",""
"2021103298","1200","0","0","0","0","0","0","0","0","0","4","0","","67","10","2021","2","39.982842","-75.142214","1200","6","0","0","0","0","0","1","0","0","","0","0","0","12","1","2","","1","0","39 58:58.231","","0","75 08:31.970","3","0","0","0","67301","0","0","0","N","0","0","0","3","67301","0","","1.0","","1","N","N","N","0","","2","0","2","3","2","","1215","2","2","3","0","0","0","0","2","0","2","0","0","0","3","04","","N","","","","","","","","","",""
"2021124349","1054","1","0","0","0","0","0","0","0","0","4","0","","67","12","2021","1","39.980155","-75.180584","1053","6","0","0","0","0","0","1","0","0","","0","0","0","10","1","0","","1","0","39 58:48.559","","0","75 10:50.104","0","0","0","0","67301","0","0","0","N","0","0","0","2","67301","0","","1.0","","1","N","N","N","0","","0","0","1","3","2","","1053","3","0","0","0","0","0","0","2","1","3","0","0","0","3","03","","N","","","","","","","","","",""
"2021102128","0340","2","0","0","0","0","0","0","0","0","5","0","","67","10","2021","7","40.049417","-75.064861","0325","6","0","0","0","0","0","0","0","0","","0","0","0","3","3","1","N","0","0","40 02:57.900","","0","75 03:53.500","4","0","0","0","67301","0","0","0","N","0","0","0","1","67301","1","","6.0","","1","N","N","N","0","","0","0","2","0","0","","315","5","1","1","0","0","0","0","2","1","5","0","0","0","3","","","N","","","","","","","","","",""
"2021099413","0247","1","0","0","0","0","0","0","0","0","2","0","","67","10","2021","2","40.062889","-75.004769","0240","6","0","0","0","0","0","0","0","0","","0","0","0","2","3","0","N","0","0","40 03:46.400","","0","75 00:17.170","0","0","0","0","67301","0","0","0","N","0","0","0","1","67301","0","","6.0","","1","N","N","N","0","","0","0","0","0","0","","235","2","0","1","0","0","0","0","2","1","2","0","0","0","3","03","","N","","","","","","","","","",""
"2021100041","1602","1","0","0","0","0","0","0","0","0","6","0","","67","10","2021","3","39.977094","-75.243881","1602","6","0","0","0","0","0","1","0","0","","0","0","0","13","1","0","N","0","0","39 58:37.540","","0","75 14:37.970","9","0","0","0","67301","0","0","0","N","0","0","0","1","67301","0","","6.0","","1","N","N","N","0","","0","0","1","0","0","","1334","2","0","0","0","0","0","1","2","0","2","0","0","0","3","03","","N","","","","","","","","","",""
"2021099904","0822","1","0","0","0","0","0","0","0","0","4","0","","67","10","2021","4","40.011234","-75.142107","0822","6","0","0","0","0","0","0","0","0","","0","0","0","7","1","0","","1","0","40 00:40.442","","0","75 08:31.585","0","0","0","0","67301","0","0","0","N","0","0","0","2","67301","0","","1.0","","1","N","N","N","0","","0","0","0","3","2","","755","2","0","0","0","0","0","0","2","1","2","0","0","0","3","03","","N","","","","","","","","","",""
"2021099635","2040","1","0","0","0","0","0","0","0","0","4","0","","67","10","2021","2","39.932841","-75.157582","2035","6","0","1","0","0","0","0","0","0","","0","0","0","19","3","0","","1","0","39 55:58.229","","0","75 09:27.294","0","0","0","0","67301","0","0","0","N","0","0","0","5","67301","0","","1.0","","1","N","N","N","0","","0","0","2","3","3","","1957","3","0","0","0","0","0","0","2","0","3","0","0","0","3","","","N","","","","","","","","","",""
"2021102131","0349","1","0","0","0","0","0","0","0","0","5","0","","67","10","2021","1","40.056047","-75.047073","0339","6","0","0","0","0","0","0","0","0","","0","0","0","3","3","2","N","0","0","40 03:21.770","","0","75 02:49.462","3","0","0","0","67301","0","0","0","N","0","0","0","2","67301","0","","1.0","","1","N","N","N","0","","2","0","1","0","0","","321","2","2","0","0","0","0","0","2","0","2","0","0","0","3","03","","N","","","","","","","","","",""
"2021124428","0915","2","0","0","0","0","0","0","0","0","1","0","","67","12","2021","5","40.029811","-75.175569","0910","6","0","0","0","0","0","0","0","0","","0","0","0","8","1","0","N","0","0","40 01:47.321","","0","75 10:32.047","9","0","0","0","67301","0","0","0","N","0","0","0","1","67301","0","","6.0","","1","N","N","N","0","","0","0","1","0","0","","830","3","0","0","0","0","0","1","2","0","3","0","0","0","3","03","","N","","","","","","","","","",""
"2021107779","1537","0","0","0","0","0","0","0","0","0","8","0","","67","10","2021","2","39.996438","-75.113451","1537","6","0","0","0","0","0","0","0","0","","0","0","0","15","1","1","","5","1","39 59:47.175","4","0","75 06:48.425","3","0","0","0","67301","1","0","0","N","1","0","0","2","67301","0","","1.0","1629.0","1","N","N","N","1","","1","0","0","3","2","N","1537","2","1","0","0","0","0","0","2","0","1","1","0","0","3","","","N","","","","","","","","","",""
"2021107085","1907","2","0","0","0","0","0","0","0","0","5","0","45","67","10","2021","5","39.994442","-75.083931","1848","6","0","0","0","0","0","0","1","0","","0","0","0","18","3","0","N","0","2","39 59:39.991","1","0","75 05:02.152","0","0","0","0","67301","0","0","0","N","0","0","0","4","68K01","0","","1.0","1950.0","1","N","N","N","0","","0","0","1","0","0","N","1846","3","0","0","0","0","0","0","2","0","3","0","0","0","3","03","N","Y","8","1","","","N","","","Y","","N"
"2021114023","2000","2","0","0","0","0","0","0","0","0","5","0","","67","11","2021","1","39.920396","-75.198456","2000","6","0","0","0","0","1","0","0","0","","0","0","0","19","3","0","N","0","0","39 55:13.426","","3","75 11:54.443","0","0","0","0","67301","0","0","0","N","0","0","0","2","67301","0","","1.0","","1","N","N","N","0","","0","0","0","0","0","","1930","2","0","0","0","0","0","0","2","0","2","0","0","0","3","03","","N","","","","","","","","","",""
"2021115193","0810","0","0","0","0","0","0","0","0","0","4","0","","67","11","2021","2","40.073722","-75.032778","0801","6","0","0","0","0","0","0","0","0","","0","0","0","6","3","0","N","0","0","40 04:25.400","","7","75 01:58.000","0","0","0","0","67301","0","0","0","N","0","0","0","2","67301","0","","1.0","","9","N","N","N","1","","0","0","1","0","0","","620","2","0","0","0","0","0","0","2","0","2","0","0","0","7","07","","N","","","","","","","","","",""
"2021127493","1426","1","0","0","0","0","0","0","0","0","7","0","","67","12","2021","7","39.96655","-75.187241","1413","6","0","0","0","0","0","0","0","0","","0","0","0","14","1","0","N","0","2","39 57:59.580","4","0","75 11:14.067","0","0","0","0","67301","0","0","0","N","0","0","0","1","68K01","0","","3.0","1434.0","9","N","N","N","0","","0","0","0","0","0","N","1405","1","0","0","0","0","0","0","2","0","1","0","0","0","3","03","","N","","","","","","","","","",""
"2021107628","2006","1","0","0","0","0","0","0","0","0","4","0","","67","11","2021","7","40.020881","-75.1486","1945","6","0","0","0","0","0","0","0","0","","0","0","0","17","4","1","","2","0","40 01:15.173","","0","75 08:54.961","3","0","0","0","67301","0","0","0","N","0","0","0","2","67301","0","","1.0","","99","N","N","N","0","","1","0","0","0","0","","1741","2","1","0","0","0","0","0","2","0","2","0","0","0","99","","","N","","","","","","","","","",""
"2021124411","1901","0","0","0","0","0","0","0","0","0","4","0","","67","12","2021","4","39.962735","-75.246806","1901","6","0","0","0","0","0","0","0","0","","0","0","0","19","3","3","","1","0","39 57:45.845","","0","75 14:48.500","4","0","0","0","67301","0","0","0","N","0","0","0","4","67301","3","","1.0","","1","N","N","N","0","","0","0","2","3","2","","1901","2","3","0","0","0","0","1","2","0","2","0","0","0","3","03","","N","","","","","","","","","",""
"2021107995","1644","1","0","0","0","0","0","0","0","0","1","0","","67","11","2021","7","40.028181","-75.038898","1633","6","0","0","0","0","0","0","0","0","","0","0","0","15","1","1","","1","0","40 01:41.450","","0","75 02:20.031","4","0","0","0","67301","0","0","0","N","0","0","0","2","67301","1","","1.0","","1","N","N","N","0","","0","0","0","3","2","","1554","2","1","0","0","0","0","0","2","1","2","0","0","0","3","","","N","","","","","","","","","",""
"2021122571","0336","2","0","0","0","0","0","0","0","0","5","0","","67","12","2021","4","40.015194","-75.131","0336","6","0","0","0","0","0","0","0","0","","0","0","0","3","3","0","N","0","0","40 00:54.700","","0","75 07:51.600","0","0","0","0","67301","0","0","0","N","0","0","0","1","67301","0","","6.0","","1","N","N","N","0","","0","0","1","0","0","","300","3","0","1","0","0","0","0","2","0","3","0","0","0","3","","","N","","","","","","","","","",""
"2021101076","2116","0","0","0","0","0","0","0","0","0","8","0","","67","10","2021","6","39.936383","-75.218989","2112","6","0","0","0","0","0","0","0","0","","0","0","0","21","3","1","","1","0","39 56:10.978","","0","75 13:08.360","2","0","0","0","67301","1","0","1","N","1","0","1","2","67301","0","","1.0","","1","N","N","N","0","","0","1","0","3","2","","2103","2","1","0","0","0","0","0","2","0","1","1","0","1","3","03","","N","","","","","","","","","",""
"2021102238","2157","1","0","0","0","0","0","0","0","0","1","0","","67","10","2021","1","40.025593","-75.168041","2157","6","0","0","0","0","0","0","0","0","","0","0","0","21","3","2","N","0","1","40 01:32.136","1","0","75 10:04.947","3","0","0","0","67301","0","0","0","N","0","0","0","2","67301","0","","1.0","2320.0","1","N","N","N","0","","2","0","0","0","0","N","2156","2","2","0","0","0","0","0","2","1","2","0","0","0","3","","","N","","","","","","","","","",""
"2021098693","0722","1","0","0","0","0","0","0","0","0","4","0","","67","10","2021","7","39.917902","-75.179294","0720","6","0","0","0","0","0","1","0","0","","0","0","0","7","1","2","","1","2","39 55:04.447","3","0","75 10:45.458","4","0","0","0","67301","0","0","0","N","0","0","0","2","67301","2","","1.0","830.0","1","N","N","N","0","","0","0","1","3","2","Y","718","2","2","0","0","0","0","0","2","0","2","0","0","0","3","03","","N","","","","","","","","","",""
"2021107424","1951","0","0","0","1","0","0","0","0","0","8","0","","67","11","2021","7","39.960556","-75.188","1951","6","0","0","0","0","0","0","0","0","","0","0","0","19","3","1","","2","0","39 57:38.000","","0","75 11:16.800","3","0","0","0","67301","1","0","0","N","0","0","0","2","67507","0","","1.0","","1","N","N","N","0","","1","0","1","3","3","","1947","2","1","0","0","0","0","0","2","0","1","1","0","0","3","03","","N","","","","","","","","","",""
"2021103421","1853","1","0","0","0","0","0","0","0","0","4","0","","67","10","2021","1","39.986471","-75.12615","1849","6","0","0","0","0","0","0","1","0","","0","0","0","18","3","2","","1","2","39 59:11.295","1","0","75 07:34.140","3","0","0","0","67301","0","0","0","N","0","0","0","4","67301","0","","1.0","200.0","1","N","N","N","0","","2","0","1","3","3","N","1845","2","2","0","0","0","0","0","2","0","2","0","0","0","4","","","N","","","","","","","","","",""
"2021100883","1228","0","0","0","0","0","0","0","0","0","8","0","","67","10","2021","3","39.950005","-75.157075","1223","6","0","0","0","0","0","0","1","0","","0","0","0","12","1","1","","1","1","39 57:00.019","3","0","75 09:25.469","4","0","0","0","67301","1","0","0","N","1","0","0","2","67301","1","","1.0","100.0","1","N","N","N","0","","0","0","1","3","2","N","1215","2","1","1","0","0","0","0","2","0","1","1","0","0","3","03","","N","","","","","","","","","",""
"2021125675","0208","1","0","0","0","0","0","0","0","0","7","0","","67","12","2021","1","39.916444","-75.190278","0205","6","0","0","0","0","0","1","0","0","","0","0","0","2","3","1","N","0","2","39 54:59.200","4","3","75 11:25.000","4","0","0","0","67301","0","0","0","N","0","0","0","2","67501","1","","3.0","245.0","9","N","N","N","0","","0","0","0","0","0","N","200","1","1","0","0","0","0","0","2","0","1","0","0","0","4","07","","N","","","","","","","","","",""
"2021099994","1720","0","0","0","0","0","0","0","0","0","4","0","","67","10","2021","3","40.063544","-75.152667","1716","6","0","0","0","0","0","1","0","0","","0","0","0","17","1","2","N","0","0","40 03:48.760","","0","75 09:09.600","2","0","1","1","67301","0","0","0","N","0","0","0","2","67301","0","","1.0","","1","N","N","N","0","","1","1","1","0","0","","1702","2","2","0","0","0","0","0","2","0","2","0","0","0","3","","","N","","","","","","","","","",""
"2021099389","1730","0","0","0","0","0","0","0","0","0","5","0","","67","10","2021","2","39.976625","-75.204878","1728","6","0","0","0","0","0","0","0","0","","0","0","0","17","4","1","N","0","0","39 58:35.850","","0","75 12:17.560","2","0","1","1","67301","0","0","0","N","0","0","0","2","67301","0","","1.0","","1","N","N","N","0","","0","1","1","0","0","","1724","2","1","0","0","0","0","0","2","0","2","0","0","0","3","03","","N","","","","","","","","","",""
"2021099849","1116","0","0","0","0","0","0","0","0","0","7","0","","67","10","2021","2","40.000118","-75.177903","1116","6","0","0","0","0","0","0","0","0","","0","0","0","15","8","0","","2","0","40 00:00.424","","0","75 10:40.450","0","0","0","0","67301","0","0","0","N","0","0","0","1","67301","0","","5.0","","1","N","N","N","0","","0","0","1","3","2","","1530","1","0","0","0","0","0","0","2","0","1","0","0","0","3","","","N","","","","","","","","","",""
"2021100704","1501","1","0","0","0","0","0","0","0","0","4","0","","67","10","2021","5","39.918554","-75.225852","1501","6","0","0","0","1","0","0","1","0","","0","0","0","14","1","1","","1","0","39 55:06.796","","0","75 13:33.067","3","0","0","0","67301","0","0","0","N","0","0","0","4","67301","0","","1.0","","1","N","N","N","0","","1","0","1","3","2","","1448","2","1","0","0","0","0","0","2","0","2","0","0","0","3","","","N","","","","","","","","","",""
"2021098867","2135","1","0","0","0","0","0","0","0","0","4","0","","67","10","2021","7","40.046744","-75.145414","2135","6","0","0","0","0","0","0","0","0","","0","0","0","21","3","1","","2","0","40 02:48.278","","0","75 08:43.490","4","0","0","0","67301","0","0","0","N","0","0","0","2","67301","1","","1.0","","9","N","N","N","0","","0","0","1","0","0","","2103","2","1","0","0","0","0","1","2","0","2","0","0","0","7","07","","N","","","","","","","","","",""
"2021100254","1140","2","0","0","0","0","0","0","0","0","1","0","","67","10","2021","4","39.964788","-75.224062","1137","6","0","0","0","0","0","0","1","0","","0","0","0","11","1","0","N","0","0","39 57:53.235","","0","75 13:26.624","9","0","0","0","67301","0","0","0","N","0","0","0","1","67301","0","","1.0","","1","N","N","N","0","","0","0","1","0","0","","1137","3","0","0","0","0","0","1","2","0","3","0","0","0","3","","","N","","","","","","","","","",""
"2021108065","1510","0","0","0","0","0","0","0","0","0","4","0","","67","11","2021","1","39.957754","-75.219287","1510","6","0","0","0","0","0","1","0","0","","0","0","0","14","1","0","","1","1","39 57:27.914","3","0","75 13:09.434","0","0","0","0","67301","0","0","0","N","0","0","0","2","67301","0","","1.0","1500.0","1","N","N","N","0","","0","0","1","3","2","N","1440","2","0","0","0","0","0","0","2","1","2","0","0","0","3","04","","N","","","","","","","","","",""
"2021098654","2130","0","0","0","0","0","0","0","0","0","8","0","","67","10","2021","7","39.959315","-75.159894","2120","6","0","0","0","0","0","0","0","0","","0","0","0","20","3","1","","1","0","39 57:33.533","","0","75 09:35.619","8","0","0","0","67301","1","0","0","N","1","0","0","2","67301","0","","1.0","","9","N","N","N","0","","0","0","1","3","2","","2000","2","1","1","0","0","1","1","2","0","1","1","0","0","7","","","N","","","","","","","","","",""
"2021125698","0030","2","0","0","0","0","0","0","0","0","5","0","","67","12","2021","5","40.042492","-75.128528","0028","6","0","0","0","0","0","0","0","0","","0","0","0","0","3","1","N","0","0","40 02:32.970","","0","75 07:42.700","3","0","0","0","67301","0","0","0","N","0","0","0","4","67301","0","","1.0","","1","N","N","N","0","","1","0","0","0","0","","24","2","1","1","0","0","0","0","2","0","2","0","0","0","3","","","N","","","","","","","","","",""
"2021098662","1614","2","0","0","0","0","0","0","0","0","1","0","","67","10","2021","7","39.907417","-75.142444","1614","6","0","0","0","0","0","0","0","0","","0","0","0","16","1","2","N","0","1","39 54:26.700","3","3","75 08:32.800","3","0","0","0","67301","0","0","0","N","0","0","0","4","67501","1","","1.0","1625.0","1","N","N","N","1","","1","0","0","0","0","N","1614","3","2","0","0","0","0","0","2","0","3","0","0","0","4","08","","N","","","","","","","","","",""
"2021101636","0126","1","0","0","0","0","0","0","0","0","98","0","","67","10","2021","2","40.041306","-75.115294","0118","6","0","0","0","0","0","0","0","0","","0","0","0","1","3","0","N","0","0","40 02:28.700","","0","75 06:55.060","0","0","0","0","67301","0","0","0","N","0","0","0","1","67301","0","","1.0","","1","N","N","N","0","","0","0","0","0","0","","110","1","0","0","0","0","0","0","2","0","1","0","0","0","3","03","","N","","","","","","","","","",""
"2021103403","1148","1","0","0","0","0","0","0","0","0","4","0","","67","10","2021","5","40.056338","-74.985855","1137","6","0","1","0","0","0","0","0","0","","0","0","0","10","1","3","N","0","0","40 03:22.816","","7","74 59:09.077","3","0","0","0","67301","0","0","0","N","0","0","0","3","67301","1","","1.0","","1","N","N","N","0","","2","0","1","3","3","","1054","2","3","0","0","0","0","0","2","0","2","0","0","0","3","03","","N","","","","","","","","","",""
"2021099388","1137","1","0","0","0","0","0","0","0","0","4","0","","67","10","2021","2","40.015033","-75.093453","1115","6","0","0","0","0","0","0","0","0","","0","0","0","11","1","0","","1","0","40 00:54.118","","0","75 05:36.430","0","0","0","0","67301","0","0","0","N","0","0","0","2","67301","0","","1.0","","1","N","N","N","0","","0","0","1","3","3","","1106","2","0","0","0","0","0","0","2","0","2","0","0","0","3","03","","N","","","","","","","","","",""
"2021103129","1837","3","0","0","0","0","0","0","0","0","6","0","","67","10","2021","1","40.039225","-75.059534","1831","6","0","0","0","0","0","0","1","0","","0","0","0","18","3","6","N","0","1","40 02:21.211","1","0","75 03:34.321","8","0","0","0","67301","0","0","0","N","0","0","0","6","67301","0","","1.0","150.0","1","N","N","N","0","","0","0","0","0","0","Y","1828","3","6","0","0","0","6","0","2","0","3","0","0","0","3","03","","N","","","","","","","","","",""
"2021101569","2027","1","0","0","0","0","0","0","0","0","5","0","","67","10","2021","1","39.979436","-75.159436","2026","6","0","0","0","0","0","0","0","0","","0","0","0","20","3","1","N","0","2","39 58:45.970","2","0","75 09:33.970","3","0","0","0","67301","0","0","0","N","0","0","0","2","67505","0","","6.0","2130.0","1","N","N","N","0","","1","0","1","0","0","Y","2025","2","1","0","0","0","0","0","2","0","2","0","0","0","3","03","","N","","","","","","","","","",""
"2021099957","0808","2","0","0","0","0","0","0","0","0","4","0","","67","10","2021","4","40.000473","-75.119614","0757","6","0","0","1","0","0","0","0","0","","0","0","0","7","1","0","","1","1","40 00:01.702","3","0","75 07:10.610","0","0","0","0","67301","0","0","0","N","0","0","0","2","67301","0","","1.0","920.0","1","N","N","N","0","","0","0","0","3","3","N","751","2","0","0","0","0","0","0","2","0","2","0","0","0","3","03","","N","","","","","","","","","",""
"2021119291","1433","2","0","0","0","0","0","0","0","0","5","0","","67","12","2021","7","40.0314","-75.050019","1422","6","0","0","0","0","0","0","0","0","","0","0","0","14","1","1","N","0","0","40 01:53.040","","0","75 03:00.070","4","0","0","0","67301","0","0","0","N","0","0","0","2","67301","1","","1.0","","1","N","N","N","0","","0","0","1","0","0","","1420","3","1","0","0","0","0","0","2","0","3","0","0","0","3","03","","N","","","","","","","","","",""
"2021105612","2241","2","0","0","0","0","0","0","0","0","6","0","","67","10","2021","1","40.017653","-75.140706","2241","6","0","0","0","0","0","1","0","0","","0","0","0","22","3","0","N","0","0","40 01:03.550","","0","75 08:26.540","9","0","0","0","67301","0","0","0","N","0","0","0","2","67301","0","","1.0","","1","N","N","N","0","","0","0","1","0","0","","2200","4","0","1","0","0","0","1","2","1","4","0","0","0","3","03","","N","","","","","","","","","",""
"2021108103","1852","1","0","0","0","0","0","0","0","0","1","0","","67","10","2021","5","39.97792","-75.201788","1847","6","0","0","0","0","0","1","0","0","","0","0","0","18","3","1","N","0","0","39 58:40.512","","0","75 12:06.438","4","0","0","0","67301","0","0","0","N","0","0","0","2","68K01","1","","1.0","","1","N","N","N","0","","0","0","1","0","0","","1837","2","1","0","0","0","0","0","2","0","2","0","0","0","3","","","N","","","","","","","","","",""
"2021099505","1848","1","0","0","0","0","0","0","0","0","8","0","","67","10","2021","3","40.002675","-75.223485","1844","6","0","0","0","0","0","0","0","0","","0","0","0","18","3","1","N","0","1","40 00:09.630","2","0","75 13:24.547","2","0","0","0","67301","1","0","1","N","1","0","1","2","46104","0","","1.0","2030.0","1","N","N","N","0","","0","1","0","3","2","N","1844","2","1","0","0","0","0","0","2","0","1","1","0","1","3","","","N","","","","","","","","","",""
"2021104850","0740","1","0","0","0","0","0","0","0","0","4","0","","67","11","2021","2","40.057049","-75.034259","0728","6","0","0","0","0","0","1","0","0","","0","0","0","7","1","1","","1","1","40 03:25.378","3","0","75 02:03.334","2","0","0","0","67301","0","0","0","N","0","0","0","4","67301","0","","1.0","100.0","1","N","N","Y","1","","0","1","1","3","2","N","723","3","1","0","0","0","0","2","2","0","3","0","0","0","3","03","","N","","","","","","","","","",""
"2021123975","2134","3","0","0","0","0","0","0","0","0","5","0","","67","12","2021","5","39.9635","-75.220144","2128","6","0","0","0","0","0","0","0","0","","0","0","0","21","3","0","N","0","0","39 57:48.600","","0","75 13:12.520","0","0","0","0","67301","0","0","0","N","0","0","0","1","67301","0","","6.0","","1","N","N","N","0","","0","0","2","0","0","","2125","5","0","0","0","0","0","0","2","0","5","0","0","0","3","03","","N","","","","","","","","","",""
"2021124763","0016","1","0","0","0","0","0","0","0","0","4","0","","67","12","2021","1","40.055319","-75.07335","0016","6","0","0","0","0","0","0","0","0","","0","0","0","0","3","0","","1","0","40 03:19.147","","0","75 04:24.059","0","0","0","0","67301","0","0","0","N","0","0","0","2","67301","0","","1.0","","9","N","N","N","0","","0","0","1","3","2","","10","2","0","0","0","0","0","0","2","0","2","0","0","0","7","07","","N","","","","","","","","","",""
"2021102250","1312","1","0","0","0","0","0","0","0","0","4","0","","67","10","2021","1","40.026503","-75.04216","1309","6","0","0","0","0","0","0","0","0","","0","0","0","12","1","2","","1","0","40 01:35.410","","0","75 02:31.777","3","0","0","0","67301","0","0","0","N","0","0","0","3","67301","0","","1.0","","1","N","N","N","0","","2","0","1","3","3","","1246","2","2","0","0","0","0","0","2","0","2","0","0","0","3","","","N","","","","","","","","","",""
"2021125669","2120","2","0","0","0","0","0","0","0","0","4","0","","67","12","2021","4","39.980655","-75.160797","2115","6","0","0","0","0","0","0","0","0","","0","0","0","21","3","1","","1","0","39 58:50.359","","0","75 09:38.870","4","0","0","0","67301","0","0","0","N","0","0","0","2","67505","1","","1.0","","1","N","N","N","0","","0","0","0","3","2","","2115","2","1","0","0","0","0","0","2","0","2","0","0","0","3","03","","N","","","","","","","","","",""
"2021123573","1905","2","0","0","0","0","0","0","0","0","5","0","","67","12","2021","5","39.921936","-75.16485","1901","6","0","0","0","0","0","0","0","0","","0","0","0","18","3","1","N","0","0","39 55:18.970","","0","75 09:53.460","3","0","0","0","67301","0","0","0","N","0","0","0","1","67301","0","","6.0","","1","N","N","N","0","","1","0","0","0","0","","1811","2","1","0","0","0","0","0","2","0","2","0","0","0","3","03","","N","","","","","","","","","",""
"2021106902","1200","1","0","0","0","0","0","0","0","0","0","0","","67","10","2021","6","39.893003","-75.228141","1156","6","0","0","0","0","0","0","0","0","","0","0","0","11","1","1","N","0","0","39 53:34.812","","0","75 13:41.306","3","0","0","0","67301","0","0","0","N","0","0","0","1","68K01","0","","1.0","","1","N","N","N","0","","1","0","0","0","0","","1154","1","1","0","0","0","0","0","2","0","1","0","0","0","3","","","N","","","","","","","","","",""
"2021126741","0611","1","0","0","0","0","0","0","0","0","5","0","","67","12","2021","1","40.064778","-75.156758","0605","6","0","0","0","0","0","0","0","0","","0","0","0","6","3","0","N","0","2","40 03:53.200","5","0","75 09:24.330","0","0","0","0","67301","0","0","0","N","0","0","0","1","67301","0","","6.0","705.0","9","N","N","N","0","","0","0","0","0","0","Y","603","2","0","1","0","0","0","0","2","1","2","0","0","0","3","03","","N","","","","","","","","","",""
"2021101413","0756","2","0","0","0","0","0","0","0","0","1","0","","67","10","2021","1","39.950148","-75.145914","0743","6","0","0","0","0","0","0","0","0","","0","0","0","2","3","1","N","0","0","39 57:00.534","","0","75 08:45.291","8","0","0","0","67301","0","0","0","N","0","0","0","2","67301","0","","1.0","","1","N","N","N","0","","0","0","0","0","0","","230","2","1","0","0","0","1","0","2","0","2","0","0","0","3","98","","N","","","","","","","","","",""
"2021101066","0243","1","0","0","0","0","0","0","0","0","4","0","","67","10","2021","7","40.014677","-75.118166","0243","6","0","0","0","0","1","1","0","0","","0","0","0","2","3","3","N","0","0","40 00:52.836","","7","75 07:05.397","3","0","0","0","67301","0","0","0","N","0","0","0","4","67301","0","","1.0","","1","N","N","N","0","","1","0","1","0","0","","230","2","3","0","0","0","2","0","2","0","2","0","0","0","3","03","","N","","","","","","","","","",""
"2021101393","1711","2","0","0","0","0","0","0","0","0","5","0","","67","10","2021","7","39.955353","-75.223836","1643","6","0","0","0","0","0","0","0","0","","0","0","0","14","1","0","N","0","0","39 57:19.270","","0","75 13:25.810","0","0","0","0","67301","0","0","0","N","0","0","0","1","67301","0","","6.0","","9","N","N","N","0","","0","0","0","0","0","","1440","2","0","0","0","0","0","0","2","0","2","0","0","0","7","07","","N","","","","","","","","","",""