"CRN","ARRIVAL_TM","AUTOMOBILE_COUNT","BELTED_DEATH_COUNT","BELTED_SUSP_SERIOUS_INJ_COUNT","BICYCLE_COUNT","BICYCLE_DEATH_COUNT","BICYCLE_SUSP_SERIOUS_INJ_COUNT","BUS_COUNT","CHLDPAS_DEATH_COUNT","CHLDPAS_SUSP_SERIOUS_INJ_COUNT","COLLISION_TYPE","COMM_VEH_COUNT","CONS_ZONE_SPD_LIM","COUNTY","CRASH_MONTH","CRASH_YEAR","DAY_OF_WEEK","DEC_LATITUDE","DEC_LONGITUDE","DISPATCH_TM","DISTRICT","DRIVER_COUNT_16YR","DRIVER_COUNT_17YR","DRIVER_COUNT_18YR","DRIVER_COUNT_19YR","DRIVER_COUNT_20YR","DRIVER_COUNT_50_64YR","DRIVER_COUNT_65_74YR","DRIVER_COUNT_75PLUS","EST_HRS_CLOSED","FATAL_COUNT","HEAVY_TRUCK_COUNT","HORSE_BUGGY_COUNT","HOUR_OF_DAY","ILLUMINATION","INJURY_COUNT","INTERSECTION_RELATED","INTERSECT_TYPE","LANE_CLOSED","LATITUDE","LN_CLOSE_DIR","LOCATION_TYPE","LONGITUDE","MAX_SEVERITY_LEVEL","MCYCLE_DEATH_COUNT","MCYCLE_SUSP_SERIOUS_INJ_COUNT","MOTORCYCLE_COUNT","MUNICIPALITY","NONMOTR_COUNT","NONMOTR_DEATH_COUNT","NONMOTR_SUSP_SERIOUS_INJ_COUNT","NTFY_HIWY_MAINT","PED_COUNT","PED_DEATH_COUNT","PED_SUSP_SERIOUS_INJ_COUNT","PERSON_COUNT","POLICE_AGCY","POSSIBLE_INJ_COUNT","RDWY_SURF_TYPE_CD","RELATION_TO_ROAD","ROADWAY_CLEARED","ROAD_CONDITION","SCH_BUS_IND","SCH_ZONE_IND","SECONDARY_CRASH","SMALL_TRUCK_COUNT","SPEC_JURIS_CD","SUSP_MINOR_INJ_COUNT","SUSP_SERIOUS_INJ_COUNT","SUV_COUNT","TCD_FUNC_CD","TCD_TYPE","TFC_DETOUR_IND","TIME_OF_DAY","TOTAL_UNITS","TOT_INJ_COUNT","UNBELTED_OCC_COUNT","UNB_DEATH_COUNT","UNB_SUSP_SERIOUS_INJ_COUNT","UNK_INJ_DEG_COUNT","UNK_INJ_PER_COUNT","URBAN_RURAL","VAN_COUNT","VEHICLE_COUNT","VULNERABLE_ROAD_USER_COUNT","VULNERABLE_ROAD_USER_DEATH_COUNT","VULNERABLE_ROAD_USER_SER_INJ_COUNT","WEATHER1","WEATHER2","WORKERS_PRES","WORK_ZONE_IND","WORK_ZONE_LOC","WORK_ZONE_TYPE","WZ_CLOSE_DETOUR","WZ_FLAGGER","WZ_LAW_OFFCR_IND","WZ_LN_CLOSURE","WZ_MOVING","WZ_OTHER","WZ_SHLDER_MDN","WZ_WORKERS_INJ_KILLED"
"2021125553","1815","2","0","0","0","0","0","0","0","0","4","0","","67","12","2021","1","40.003924","-75.220699","1801","6","0","0","0","0","0","0","0","1","","0","0","0","22","3","0","","1","0","40 00:14.125","","0","75 13:14.515","0","0","0","0","67301","0","0","0","N","0","0","0","2","67301","0","","1.0","","1","N","N","N","0","","0","0","0","3","2","","2200","2","0","0","0","0","0","0","2","0","2","0","0","0","3","03","","N","","","","","","","","","",""
"2021099762","1740","1","0","0","0","0","0","0","0","0","4","0","","67","10","2021","3","39.966748","-75.211089","1732","6","0","0","0","0","0","1","0","0","","0","0","0","17","1","0","","1","0","39 58:00.292","","0","75 12:39.920","9","0","0","0","67301","0","0","0","N","0","0","0","4","67301","0","","1.0","","1","N","N","Y","0","","0","0","0","3","2","","1711","3","0","0","0","0","0","2","2","0","3","0","0","0","3","03","","N","","","","","","","","","",""
"2021123528","0757","1","0","0","0","0","0","0","0","0","4","0","","67","12","2021","5","40.006922","-75.068388","0723","6","0","0","0","0","0","0","0","0","","0","0","0","7","1","4","","2","0","40 00:24.918","","2","75 04:06.198","2","0","0","0","67301","0","0","0","N","0","0","0","4","67301","0","","1.0","","1","N","N","N","0","","3","1","0","0","0","","709","2","4","1","0","1","0","0","2","1","2","0","0","0","3","03","","N","","","","","","","","","",""
"2021112227","1649","1","0","0","0","0","0","0","0","0","8","0","","67","10","2021","6","40.025884","-75.108479","1628","6","0","0","0","0","0","0","0","0","","0","0","0","1","3","1","","2","0","40 01:33.183","","0","75 06:30.523","3","0","0","0","67301","1","0","0","N","1","0","0","2","67301","0","","1.0","","1","N","N","N","0","","1","0","0","0","0","","100","2","1","0","0","0","0","0","2","0","1","1","0","0","3","03","","N","","","","","","","","","",""
"2021124429","1105","1","0","0","0","0","0","0","0","0","4","0","","67","12","2021","7","40.062475","-75.182376","1105","6","0","0","0","0","0","0","0","0","","0","0","0","6","3","0","","1","0","40 03:44.910","","6","75 10:56.553","0","0","0","0","67301","0","0","0","N","0","0","0","2","67301","0","","1.0","","9","N","N","N","0","","0","0","1","3","3","","651","2","0","0","0","0","0","0","2","0","2","0","0","0","3","03","","N","","","","","","","","","",""
"2021101562","1533","0","0","0","0","0","0","0","0","0","4","0","","67","10","2021","1","39.975462","-75.190909","1530","6","0","0","0","0","0","0","1","0","","0","0","0","15","1","0","","3","0","39 58:31.664","","0","75 11:27.272","0","0","0","0","67301","0","0","0","N","0","0","0","2","67301","0","","1.0","","1","N","N","N","0","","0","0","2","0","0","","1517","2","0","0","0","0","0","0","2","0","2","0","0","0","3","03","","N","","","","","","","","","",""
"2021125904","1954","0","0","0","0","0","0","0","0","0","4","0","","67","12","2021","4","39.941556","-75.214472","1954","6","0","0","0","0","0","0","0","0","","0","0","0","19","3","0","N","0","0","39 56:29.600","","0","75 12:52.100","0","0","0","0","67301","0","0","0","N","0","0","0","1","67301","0","","1.0","","1","N","N","N","0","","0","0","2","0","0","","1954","2","0","0","0","0","0","0","2","0","2","0","0","0","3","03","","N","","","","","","","","","",""
"2021101077","1054","0","0","0","0","0","0","0","0","0","4","0","","67","10","2021","1","40.033684","-75.145797","1052","6","0","0","0","0","0","0","0","0","","0","0","0","10","1","1","","1","2","40 02:01.264","7","0","75 08:44.868","4","0","0","0","67301","0","0","0","N","0","0","0","2","67301","1","","1.0","1500.0","1","N","N","N","0","","0","0","2","3","2","Y","1052","2","1","0","0","0","0","1","2","0","2","0","0","0","3","03","","N","","","","","","","","","",""
"2021101691","2234","4","0","0","0","0","0","0","0","0","1","0","","67","10","2021","7","39.943503","-75.165478","2234","6","0","0","0","0","0","1","1","0","","0","0","0","22","3","0","N","0","0","39 56:36.609","","0","75 09:55.719","0","0","0","0","67301","0","0","0","N","0","0","0","4","67301","0","","1.0","","1","N","N","N","0","","0","0","0","0","0","","2234","4","0","0","0","0","0","0","2","0","4","0","0","0","3","03","","N","","","","","","","","","",""
"2021117939","","1","0","0","0","0","0","0","0","0","1","0","","67","11","2021","4","39.929372","-75.150254","","6","0","0","0","0","0","0","1","0","","0","0","0","15","1","1","","1","0","39 55:45.739","","0","75 09:00.914","8","0","0","0","67301","0","0","0","N","0","0","0","2","00000","0","","1.0","","1","N","N","N","1","","0","0","0","3","2","","1540","2","1","0","0","0","1","0","2","0","2","0","0","0","3","","","N","","","","","","","","","",""
"2021099504","2310","2","0","0","0","0","0","0","0","0","1","0","","67","10","2021","4","40.004088","-75.220458","2310","6","0","0","0","0","0","0","0","0","","0","0","0","23","3","1","Y","0","0","40 00:14.715","","0","75 13:13.648","8","0","0","0","67301","0","0","0","N","0","0","0","3","46104","0","","1.0","","1","N","N","N","0","","0","0","0","0","0","","2310","2","1","0","0","0","1","0","2","0","2","0","0","0","3","","","N","","","","","","","","","",""
"2021099754","1606","1","0","0","0","0","0","0","0","0","5","0","","67","10","2021","2","40.018172","-75.073864","1600","6","0","0","0","0","0","0","0","0","","0","0","0","15","1","1","N","0","0","40 01:05.420","","0","75 04:25.910","3","0","0","0","67301","0","0","0","N","0","0","0","2","67301","0","","1.0","","1","N","N","N","0","","1","0","1","0","0","","1528","2","1","0","0","0","0","0","2","0","2","0","0","0","3","03","","N","","","","","","","","","",""
"2021117964","","1","0","0","0","0","0","0","0","0","3","0","","67","11","2021","3","39.977139","-75.247167","","6","0","0","0","0","0","0","0","0","","0","0","0","11","1","1","N","0","0","39 58:37.700","","0","75 14:49.800","8","0","0","0","67301","0","0","0","N","0","0","0","2","00000","0","","1.0","","1","N","N","N","0","","0","0","1","0","0","","1139","2","1","0","0","0","1","0","2","0","2","0","0","0","3","","","N","","","","","","","","","",""
"2021100046","1930","2","0","0","0","0","0","0","0","0","1","0","","67","10","2021","7","40.013888","-75.158277","1926","6","0","0","0","0","0","0","0","0","","0","0","0","18","3","1","N","0","0","40 00:49.997","","0","75 09:29.798","4","0","0","0","67301","0","0","0","N","0","0","0","2","67301","1","","1.0","","9","N","N","N","0","","0","0","0","0","0","","1850","2","1","0","0","0","0","0","2","0","2","0","0","0","7","04","","N","","","","","","","","","",""
"2021103683","1433","0","0","0","0","0","0","0","0","0","4","0","","67","10","2021","2","39.913021","-75.181938","1429","6","0","0","0","0","0","0","0","0","","0","0","0","14","1","2","","5","0","39 54:46.874","","0","75 10:54.977","4","0","0","0","67301","0","0","0","N","0","0","0","3","67301","2","","1.0","","1","N","N","N","1","","0","0","1","3","2","","1426","2","2","0","0","0","0","0","2","0","2","0","0","0","3","","","N","","","","","","","","","",""
"2021100600","1255","1","0","0","0","0","0","0","0","0","4","0","","67","10","2021","4","39.974629","-75.199199","1240","6","0","0","0","0","0","0","0","0","","0","0","0","12","1","0","","1","0","39 58:28.663","","2","75 11:57.118","0","0","0","0","67301","0","0","0","N","0","0","0","2","67301","0","","1.0","","1","N","N","N","0","","0","0","1","3","2","","1205","2","0","0","0","0","0","0","2","0","2","0","0","0","3","03","","N","","","","","","","","","",""
"2021124756","1730","1","0","0","0","0","0","0","0","0","7","0","","67","12","2021","7","39.919935","-75.200939","1727","6","0","0","0","0","0","0","0","0","","0","0","0","17","3","0","N","0","2","39 55:11.766","3","3","75 12:03.379","0","0","0","0","67301","0","0","0","N","0","0","0","1","67301","0","","4.0","15.0","9","N","N","N","0","","0","0","0","0","0","N","1727","1","0","0","0","0","0","0","2","0","1","0","0","0","7","04","","N","","","","","","","","","",""
"2021101287","1545","0","0","0","0","0","0","0","0","0","8","0","","67","10","2021","5","40.058005","-75.139066","1545","6","0","0","0","0","0","1","0","0","","0","0","0","6","5","1","","1","0","40 03:28.818","","0","75 08:20.636","8","0","0","0","67301","1","0","0","N","1","0","0","2","67301","0","","1.0","","1","N","N","N","0","","0","0","1","3","2","","640","2","1","1","0","0","1","0","2","0","1","1","0","0","99","","","N","","","","","","","","","",""
"2021108277","1943","1","0","0","0","0","0","0","0","0","5","0","","67","11","2021","2","39.968649","-75.15999","1937","6","0","0","0","0","0","1","0","0","","0","0","0","19","3","0","N","0","0","39 58:07.135","","0","75 09:35.963","0","0","0","0","67301","0","0","0","N","0","0","0","2","67301","0","","1.0","","1","N","N","N","0","","0","0","1","0","0","","1937","2","0","0","0","0","0","0","2","0","2","0","0","0","3","03","","N","","","","","","","","","",""
"2021120784","2107","2","0","0","0","0","0","0","0","0","4","0","","67","12","2021","5","39.991086","-75.156907","2107","6","0","0","0","0","0","0","0","0","","0","0","0","21","3","0","","1","0","39 59:27.909","","0","75 09:24.865","0","0","0","0","67301","0","0","0","N","0","0","0","3","67301","0","","1.0","","1","N","N","N","0","","0","0","0","3","2","","2105","2","0","0","0","0","0","0","2","0","2","0","0","0","3","","","N","","","","","","","","","",""
"2021107452","2049","1","0","0","0","0","0","0","0","0","7","0","","67","11","2021","7","39.912222","-75.173833","2046","6","0","0","1","0","0","0","0","0","","0","0","0","20","3","0","N","0","2","39 54:44.000","2","2","75 10:25.800","0","0","0","0","67301","0","0","0","N","0","0","0","1","67501","0","","4.0","2125.0","1","N","N","N","0","","0","0","0","0","0","Y","2043","1","0","0","0","0","0","0","2","0","1","0","0","0","3","03","","N","","","","","","","","","",""
"2021121653","0841","1","0","0","0","0","0","0","0","0","5","0","","67","12","2021","6","39.946108","-75.240019","0841","6","0","0","0","0","1","0","0","0","","0","0","0","8","3","1","N","0","0","39 56:45.990","","0","75 14:24.070","8","0","0","0","67301","0","0","0","N","0","0","0","2","67301","0","","1.0","","1","N","N","N","1","","0","0","0","0","0","","841","2","1","0","0","0","1","0","2","0","2","0","0","0","3","03","","N","","","","","","","","","",""
"2021106720","1513","1","0","0","0","0","0","0","0","0","4","0","","67","11","2021","4","39.942325","-75.233821","1513","6","0","0","0","0","0","0","1","0","","0","0","0","12","1","0","","1","0","39 56:32.369","","0","75 14:01.754","0","0","0","0","67301","0","0","0","N","0","0","0","2","67301","0","","1.0","","1","N","N","N","0","","0","0","1","3","2","","1220","2","0","0","0","0","0","0","2","0","2","0","0","0","3","03","","N","","","","","","","","","",""
"2021101304","0620","3","0","0","0","0","0","0","0","0","5","0","","67","10","2021","7","39.982519","-75.14395","0612","6","0","0","0","0","0","0","0","0","","0","0","0","6","3","0","N","0","0","39 58:57.070","","0","75 08:38.220","0","0","0","0","67301","0","0","0","N","0","0","0","1","67301","0","","6.0","","1","N","N","N","0","","0","0","0","0","0","","600","3","0","0","0","0","0","0","2","0","3","0","0","0","3","03","","N","","","","","","","","","",""
"2021101155","0914","2","0","0","0","0","0","0","0","0","5","0","","67","10","2021","3","40.027865","-75.039512","0914","6","0","0","0","0","0","0","0","0","","0","0","0","9","1","1","N","0","0","40 01:40.315","","0","75 02:22.242","3","0","0","0","67301","0","0","0","N","0","0","0","1","67301","0","","6.0","","1","N","N","N","0","","1","0","0","0","0","","910","3","1","0","0","0","0","0","2","1","3","0","0","0","3","03","","N","","","","","","","","","",""
"2021128126","","0","0","0","0","0","0","0","0","0","4","0","","67","10","2021","7","40.044882","-75.017418","","6","0","0","0","0","0","0","0","0","","0","0","0","18","1","1","","1","0","40 02:41.574","","0","75 01:02.705","8","0","0","0","67301","0","0","0","N","0","0","0","2","00000","0","","1.0","","1","N","N","N","0","","0","0","2","3","3","","1800","2","1","0","0","0","1","0","2","0","2","0","0","0","3","","","N","","","","","","","","","",""
"2021118013","","0","0","0","0","0","0","0","0","0","4","0","","67","11","2021","6","40.024576","-75.130555","","6","0","0","0","0","0","0","0","0","","0","0","0","21","3","1","","1","0","40 01:28.473","","0","75 07:49.998","4","0","0","0","67301","0","0","0","N","0","0","0","2","00000","1","","1.0","","1","N","N","N","0","","0","0","1","3","2","","2145","2","1","0","0","0","0","0","2","0","2","0","0","0","3","","","N","","","","","","","","","",""
"2021098974","1347","2","0","0","0","0","0","0","0","0","5","0","","67","10","2021","1","40.030031","-75.074303","1339","6","0","0","0","0","0","0","0","0","","0","0","0","13","1","0","N","0","0","40 01:48.110","","0","75 04:27.490","0","0","0","0","67301","0","0","0","N","0","0","0","1","67301","0","","6.0","","1","N","N","Y","0","","0","0","1","0","0","","1330","3","0","0","0","0","0","0","2","0","3","0","0","0","3","03","","N","","","","","","","","","",""
"2021101288","1630","2","0","0","0","0","0","0","0","0","4","0","","67","10","2021","6","40.033406","-75.131311","1630","6","0","0","0","0","0","0","0","0","","0","0","0","6","6","1","N","0","0","40 02:00.260","","7","75 07:52.720","4","0","0","0","67301","0","0","0","N","0","0","0","3","67301","1","","1.0","","99","N","N","N","0","","0","0","0","0","0","","650","2","1","3","0","0","0","1","2","0","2","0","0","0","99","","","N","","","","","","","","","",""
"2021117926","","0","0","0","0","0","0","0","0","0","7","0","","67","11","2021","2","39.898843","-75.170891","","6","0","0","0","0","0","0","0","0","","0","0","0","18","1","0","N","0","0","39 53:55.835","","0","75 10:15.206","0","0","0","0","67301","0","0","0","N","0","0","0","1","00000","0","","1.0","","1","N","N","N","1","","0","0","0","0","0","","1800","1","0","0","0","0","0","0","2","0","1","0","0","0","3","","","N","","","","","","","","","",""
"2021128107","0118","0","0","0","0","0","0","0","0","0","8","0","","67","12","2021","5","40.0455","-75.164866","0118","6","0","0","0","0","0","1","0","0","","0","0","0","1","3","1","","1","0","40 02:43.799","","0","75 09:53.518","3","0","0","0","67301","1","0","0","N","1","0","0","2","67301","0","","1.0","","9","N","N","N","0","","1","0","1","3","2","","115","2","1","0","0","0","0","0","2","0","1","1","0","0","7","07","","N","","","","","","","","","",""
"2021098756","2134","1","0","0","0","0","0","0","0","0","4","0","","67","10","2021","7","39.984862","-75.120404","2133","6","0","0","0","0","0","0","0","0","","0","0","0","21","3","2","N","0","0","39 59:05.502","","0","75 07:13.454","3","0","0","0","67301","0","0","0","N","0","0","0","3","67301","0","","1.0","","9","N","N","N","0","","2","0","2","0","0","","2124","3","2","3","0","0","0","0","2","0","3","0","0","0","7","","","N","","","","","","","","","",""
"2021101380","1748","1","0","0","0","0","0","0","0","0","4","0","","67","10","2021","6","39.90369","-75.243239","1748","6","0","0","0","0","0","0","0","0","","0","0","0","17","3","6","","1","2","39 54:13.285","7","0","75 14:35.660","2","0","0","0","67301","0","0","0","N","0","0","0","7","67301","4","","1.0","2300.0","1","N","N","Y","0","","1","1","2","3","2","Y","1748","3","6","0","0","0","0","0","2","0","3","0","0","0","3","03","","N","","","","","","","","","",""
"2021099085","0800","2","0","0","0","0","0","0","0","0","7","0","","67","10","2021","2","39.971089","-75.228729","0747","6","0","0","0","0","0","0","0","0","","0","0","0","7","1","0","","1","2","39 58:15.920","2","0","75 13:43.424","0","0","0","0","67301","0","0","0","N","0","0","0","1","67301","0","","4.0","941.0","1","N","N","N","1","","0","0","0","3","2","N","730","3","0","0","0","0","0","0","2","0","3","0","0","0","3","03","","N","","","","","","","","","",""
"2021102237","0208","1","0","0","0","0","0","0","0","0","5","0","","67","10","2021","1","40.016548","-75.175055","0201","6","0","0","0","0","0","0","0","0","","0","0","0","1","3","1","N","0","0","40 00:59.573","","0","75 10:30.198","3","0","0","0","67301","0","0","0","N","0","0","0","5","67301","0","","2.0","","1","N","N","N","0","","1","0","1","0","0","","123","3","1","0","0","0","0","0","2","0","2","0","0","0","3","03","","N","","","","","","","","","",""
"2021103025","1400","1","0","0","0","0","0","0","0","0","4","0","","67","10","2021","3","39.904045","-75.240114","1348","6","0","0","0","0","0","0","0","0","","0","0","0","13","1","4","","1","1","39 54:14.563","4","0","75 14:24.409","8","0","0","0","67301","0","0","0","N","0","0","0","5","67301","0","","1.0","1452.0","1","N","N","N","0","","0","0","1","3","2","N","1318","3","4","1","0","0","4","0","2","0","3","0","0","0","3","03","","N","","","","","","","","","",""
"2021101509","0847","2","0","0","0","0","0","0","0","0","5","0","","67","10","2021","5","39.971814","-75.245933","0841","6","0","0","0","0","0","0","1","0","","0","0","0","8","1","2","N","0","0","39 58:18.530","","0","75 14:45.360","3","0","0","0","67301","0","0","0","N","0","0","0","2","67301","0","","1.0","","1","N","N","N","0","","2","0","0","0","0","","801","2","2","0","0","0","0","0","2","0","2","0","0","0","3","","","N","","","","","","","","","",""
"2021128283","1554","1","0","0","0","0","0","0","0","0","4","0","","67","12","2021","3","40.012414","-75.087626","1554","6","0","0","0","0","0","1","0","0","","0","0","0","15","1","0","","1","0","40 00:44.691","","1","75 05:15.453","0","0","0","0","67301","0","0","0","N","0","0","0","2","67301","0","","1.0","","1","N","N","N","0","","0","0","1","3","2","","1551","2","0","0","0","0","0","0","2","0","2","0","0","0","3","","","N","","","","","","","","","",""
"2021110717","1641","1","0","0","0","0","0","0","0","0","2","0","","67","10","2021","3","39.986118","-75.117877","1640","6","0","0","0","0","0","1","0","0","","0","0","0","16","1","1","","2","0","39 59:10.024","","0","75 07:04.357","8","0","0","1","67301","0","0","0","N","0","0","0","2","67301","0","","1.0","","1","N","N","N","0","","0","0","0","0","0","","1638","2","1","0","0","0","1","0","2","0","2","0","0","0","3","03","","N","","","","","","","","","",""
"2021098694","0750","2","0","0","0","0","0","0","0","0","5","0","","67","10","2021","7","40.040428","-75.070619","0745","6","0","0","0","0","0","0","0","0","","0","0","0","6","3","0","N","0","0","40 02:25.540","","0","75 04:14.230","0","0","0","0","67301","0","0","0","N","0","0","0","1","67301","0","","6.0","","1","N","N","N","1","","0","0","0","0","0","","630","4","0","0","0","0","0","0","2","1","4","0","0","0","3","03","","N","","","","","","","","","",""
"2021115647","0926","1","0","0","0","0","0","0","0","0","1","0","","67","10","2021","3","40.032511","-75.020808","0835","6","0","0","0","0","0","0","0","0","","0","0","0","8","1","0","N","0","2","40 01:57.041","1","0","75 01:14.910","0","0","0","0","67301","0","0","0","N","0","0","0","2","68K01","0","","1.0","945.0","9","N","N","N","0","","0","0","1","0","0","N","833","2","0","0","0","0","0","0","2","0","2","0","0","0","7","","","N","","","","","","","","","",""
"2021127115","1336","1","0","0","0","0","0","0","0","0","4","0","","67","12","2021","7","40.052077","-75.141781","1336","6","0","1","0","0","0","0","0","0","","0","0","0","12","1","0","","1","0","40 03:07.476","","0","75 08:30.412","9","0","0","0","67301","0","0","0","N","0","0","0","3","67301","0","","1.0","","99","N","N","N","0","","0","0","1","9","2","","1235","3","0","2","0","0","0","3","2","0","3","0","0","0","99","","","N","","","","","","","","","",""
"2021124256","1016","1","0","0","0","0","0","0","0","0","5","0","","67","12","2021","6","39.967754","-75.131664","1014","6","0","0","0","1","0","0","1","0","","0","0","0","10","1","0","N","0","1","39 58:03.916","2","0","75 07:53.991","0","0","0","0","67301","0","0","0","N","0","0","0","4","68K01","0","","1.0","1023.0","1","N","N","N","0","","0","0","1","0","0","N","1012","3","0","0","0","0","0","0","2","1","3","0","0","0","3","03","","N","","","","","","","","","",""
"2021125692","1046","0","0","0","0","0","0","0","0","0","4","0","","67","12","2021","2","39.96248","-75.216215","1045","6","0","0","0","0","0","1","0","0","","0","0","0","10","1","0","","1","0","39 57:44.928","","0","75 12:58.374","9","0","0","0","67301","0","0","0","N","0","0","0","2","67301","0","","1.0","","1","N","N","N","0","","0","0","2","3","2","","1030","2","0","0","0","0","0","2","2","0","2","0","0","0","3","03","","N","","","","","","","","","",""
"2021102284","0725","2","0","0","0","0","0","0","0","0","4","0","","67","10","2021","2","39.945271","-75.170114","0716","6","0","0","0","0","0","0","0","0","","0","0","0","6","5","0","","1","0","39 56:42.977","","0","75 10:12.411","0","0","0","0","67301","0","0","0","N","0","0","0","2","67301","0","","1.0","","1","N","N","N","0","","0","0","0","3","2","","645","2","0","0","0","0","0","0","2","0","2","0","0","0","3","","","N","","","","","","","","","",""
"2021099837","0916","2","0","0","0","0","0","0","0","0","4","0","","67","10","2021","3","39.987689","-75.154503","0900","6","0","0","0","0","0","0","0","0","","0","0","0","9","1","1","","1","1","39 59:15.679","3","0","75 09:16.209","3","0","0","0","67301","0","0","0","N","0","0","0","4","67301","0","","1.0","945.0","1","N","N","Y","0","","1","0","1","3","3","Y","900","3","1","0","0","0","0","0","2","0","3","0","0","0","3","","","N","","","","","","","","","",""
"2021102528","1936","0","0","0","0","0","0","0","0","0","8","0","","67","10","2021","2","39.985947","-75.166115","1933","6","0","0","0","0","0","0","0","0","","0","0","0","19","3","1","","1","0","39 59:09.409","","0","75 09:58.013","4","0","0","0","67301","1","0","0","N","1","0","0","2","67301","1","","1.0","","9","N","N","N","0","","0","0","0","3","2","","1933","2","1","0","0","0","0","0","2","1","1","1","0","0","7","05","","N","","","","","","","","","",""
"2021126703","1120","1","0","0","0","0","0","0","0","0","8","0","","67","12","2021","4","39.958919","-75.205183","1114","6","0","0","0","0","0","0","0","0","","0","0","0","11","1","1","","1","0","39 57:32.108","","0","75 12:18.658","3","0","0","0","67301","1","0","0","N","1","0","0","2","67301","0","","1.0","","1","N","N","N","0","","1","0","0","3","2","","1110","2","1","1","0","0","0","0","2","0","1","1","0","0","3","03","","N","","","","","","","","","",""
"2021101646","0337","1","0","0","0","0","0","0","0","0","8","0","","67","10","2021","7","39.968891","-75.134424","0335","6","0","0","0","0","0","0","0","0","","0","0","0","3","3","1","","1","0","39 58:08.006","","0","75 08:03.925","3","0","0","0","67301","1","0","0","N","1","0","0","3","67301","0","","1.0","","1","N","N","N","0","","1","0","0","3","2","","326","2","1","0","0","0","0","0","2","0","1","1","0","0","3","03","","N","","","","","","","","","",""
"2021119811","","1","0","0","0","0","0","0","0","0","1","0","","67","10","2021","3","40.011496","-75.131811","","6","0","0","0","0","0","0","1","0","","0","0","0","8","1","1","","2","0","40 00:41.387","","0","75 07:54.518","8","0","0","0","67301","0","0","0","N","0","0","0","2","00000","0","","1.0","","1","N","N","N","0","","0","0","1","0","0","","830","2","1","0","0","0","1","0","2","0","2","0","0","0","3","","","N","","","","","","","","","",""
"2021123215","1207","2","0","0","0","0","0","0","0","0","1","0","","67","12","2021","5","40.060413","-75.166986","1203","6","0","0","0","0","0","0","0","0","","0","0","0","11","1","0","","1","0","40 03:37.486","","0","75 10:01.148","0","0","0","0","67301","0","0","0","N","0","0","0","3","67301","0","","1.0","","1","N","N","N","0","","0","0","1","3","2","","1145","3","0","0","0","0","0","0","2","0","3","0","0","0","3","03","","N","","","","","","","","","",""
"2021100885","1221","1","0","0","0","0","0","0","0","0","4","0","","67","10","2021","6","39.917762","-75.21176","1217","6","0","0","0","0","0","0","0","0","","0","0","0","12","1","1","N","0","1","39 55:03.944","4","7","75 12:42.335","4","0","0","0","67301","0","0","0","N","0","0","0","3","67301","1","","1.0","30.0","1","N","N","N","1","","0","0","0","0","0","N","1217","2","1","0","0","0","0","1","2","0","2","0","0","0","3","03","","N","","","","","","","","","",""
"2021102697","1040","1","0","0","0","0","0","0","0","0","4","0","","67","10","2021","1","39.975088","-75.194965","1037","6","0","0","0","0","0","0","0","0","","0","0","0","10","1","2","","1","0","39 58:30.316","","0","75 11:41.875","2","0","0","0","67301","0","0","0","N","0","0","0","2","67301","0","","1.0","","1","N","N","N","0","","1","1","1","3","2","","1021","2","2","0","0","0","0","0","2","0","2","0","0","0","3","03","","N","","","","","","","","","",""
"2021123110","","1","0","0","0","0","0","0","0","0","1","0","","67","11","2021","3","39.96681","-75.187857","","6","0","0","0","0","0","0","1","0","","0","0","0","17","1","1","N","0","0","39 58:00.517","","0","75 11:16.284","8","0","0","0","67301","0","0","0","N","0","0","0","2","00000","0","","1.0","","1","N","N","N","0","","0","0","1","0","0","","1716","2","1","0","0","0","1","0","2","0","2","0","0","0","3","","","N","","","","","","","","","",""
"2021112353","2325","1","0","0","0","0","0","0","0","0","4","0","","67","11","2021","4","40.106245","-75.034713","2319","6","0","0","1","0","0","1","0","0","","0","0","0","22","3","1","","2","0","40 06:22.482","","0","75 02:04.967","8","0","0","0","67301","0","0","0","N","0","0","0","4","67301","0","","1.0","","1","N","N","N","0","","0","0","1","3","3","","2259","2","1","0","0","0","1","0","2","0","2","0","0","0","3","","","N","","","","","","","","","",""
"2021100038","1701","0","0","0","0","0","0","0","0","0","4","0","","67","10","2021","1","39.983587","-75.247126","1701","6","0","0","0","0","0","0","0","0","","0","0","0","16","1","1","","1","0","39 59:00.913","","0","75 14:49.652","3","0","0","0","67301","0","0","0","N","0","0","0","3","67301","0","","1.0","","1","N","N","N","0","","1","0","1","3","2","","1630","2","1","0","0","0","0","0","2","0","2","0","0","0","3","03","","N","","","","","","","","","",""
"2021119825","","1","0","1","0","0","0","0","0","0","1","0","","67","11","2021","2","39.955991","-75.217645","","6","0","0","0","0","0","0","0","0","","0","0","0","23","3","1","","1","0","39 57:21.568","","0","75 13:03.523","2","0","0","0","67301","0","0","0","N","0","0","0","2","00000","0","","1.0","","1","N","N","N","0","","0","1","1","3","2","","2300","2","1","0","0","0","0","0","2","0","2","0","0","0","3","","","N","","","","","","","","","",""
"2021109865","2010","0","0","0","0","0","0","0","0","0","8","0","","67","11","2021","1","39.881242","-75.241842","2005","6","0","0","0","0","0","0","0","0","","0","0","0","20","3","1","N","0","0","39 52:52.470","","0","75 14:30.630","8","0","0","0","67301","1","0","0","N","1","0","0","2","67301","0","","1.0","","1","N","N","N","0","","0","0","1","0","0","","2000","2","1","0","0","0","1","0","2","0","1","1","0","0","3","03","","N","","","","","","","","","",""