"CRN","ARRIVAL_TM","AUTOMOBILE_COUNT","BELTED_DEATH_COUNT","BELTED_SUSP_SERIOUS_INJ_COUNT","BICYCLE_COUNT","BICYCLE_DEATH_COUNT","BICYCLE_SUSP_SERIOUS_INJ_COUNT","BUS_COUNT","CHLDPAS_DEATH_COUNT","CHLDPAS_SUSP_SERIOUS_INJ_COUNT","COLLISION_TYPE","COMM_VEH_COUNT","CONS_ZONE_SPD_LIM","COUNTY","CRASH_MONTH","CRASH_YEAR","DAY_OF_WEEK","DEC_LATITUDE","DEC_LONGITUDE","DISPATCH_TM","DISTRICT","DRIVER_COUNT_16YR","DRIVER_COUNT_17YR","DRIVER_COUNT_18YR","DRIVER_COUNT_19YR","DRIVER_COUNT_20YR","DRIVER_COUNT_50_64YR","DRIVER_COUNT_65_74YR","DRIVER_COUNT_75PLUS","EST_HRS_CLOSED","FATAL_COUNT","HEAVY_TRUCK_COUNT","HORSE_BUGGY_COUNT","HOUR_OF_DAY","ILLUMINATION","INJURY_COUNT","INTERSECTION_RELATED","INTERSECT_TYPE","LANE_CLOSED","LATITUDE","LN_CLOSE_DIR","LOCATION_TYPE","LONGITUDE","MAX_SEVERITY_LEVEL","MCYCLE_DEATH_COUNT","MCYCLE_SUSP_SERIOUS_INJ_COUNT","MOTORCYCLE_COUNT","MUNICIPALITY","NONMOTR_COUNT","NONMOTR_DEATH_COUNT","NONMOTR_SUSP_SERIOUS_INJ_COUNT","NTFY_HIWY_MAINT","PED_COUNT","PED_DEATH_COUNT","PED_SUSP_SERIOUS_INJ_COUNT","PERSON_COUNT","POLICE_AGCY","POSSIBLE_INJ_COUNT","RDWY_SURF_TYPE_CD","RELATION_TO_ROAD","ROADWAY_CLEARED","ROAD_CONDITION","SCH_BUS_IND","SCH_ZONE_IND","SECONDARY_CRASH","SMALL_TRUCK_COUNT","SPEC_JURIS_CD","SUSP_MINOR_INJ_COUNT","SUSP_SERIOUS_INJ_COUNT","SUV_COUNT","TCD_FUNC_CD","TCD_TYPE","TFC_DETOUR_IND","TIME_OF_DAY","TOTAL_UNITS","TOT_INJ_COUNT","UNBELTED_OCC_COUNT","UNB_DEATH_COUNT","UNB_SUSP_SERIOUS_INJ_COUNT","UNK_INJ_DEG_COUNT","UNK_INJ_PER_COUNT","URBAN_RURAL","VAN_COUNT","VEHICLE_COUNT","VULNERABLE_ROAD_USER_COUNT","VULNERABLE_ROAD_USER_DEATH_COUNT","VULNERABLE_ROAD_USER_SER_INJ_COUNT","WEATHER1","WEATHER2","WORKERS_PRES","WORK_ZONE_IND","WORK_ZONE_LOC","WORK_ZONE_TYPE","WZ_CLOSE_DETOUR","WZ_FLAGGER","WZ_LAW_OFFCR_IND","WZ_LN_CLOSURE","WZ_MOVING","WZ_OTHER","WZ_SHLDER_MDN","WZ_WORKERS_INJ_KILLED"
"2021110873","0413","3","0","0","0","0","0","0","0","0","4","0","","67","10","2021","7","39.985947","-75.166115","0413","6","0","0","0","1","0","0","0","0","","0","0","0","4","3","3","","1","2","39 59:09.409","6","0","75 09:58.013","4","0","0","0","67301","0","0","0","N","0","0","0","3","67301","3","","1.0","535.0","1","N","N","Y","0","","0","0","0","3","2","Y","411","3","3","0","0","0","0","0","2","0","3","0","0","0","3","","","N","","","","","","","","","",""
"2021123115","","1","0","0","0","0","0","0","0","0","1","0","","67","11","2021","2","39.96203","-75.182946","","6","0","0","0","0","0","1","0","0","","0","0","0","19","3","0","N","0","0","39 57:43.308","","0","75 10:58.605","0","0","0","0","67301","0","0","0","N","0","0","0","2","00000","0","","1.0","","1","N","N","N","0","","0","0","1","0","0","","1925","2","0","0","0","0","0","0","2","0","2","0","0","0","3","","","N","","","","","","","","","",""
"2021101379","2140","1","0","0","0","0","0","0","0","0","5","0","","67","10","2021","7","40.056806","-75.010872","2135","6","0","0","0","0","0","0","0","0","","0","0","0","21","3","1","N","0","0","40 03:24.503","","0","75 00:39.140","3","0","0","0","67301","0","0","0","N","0","0","0","1","67301","0","","6.0","","1","N","N","N","0","","1","0","1","0","0","","2129","2","1","0","0","0","0","0","2","0","2","0","0","0","3","03","","N","","","","","","","","","",""
"2021099122","1656","0","0","0","1","0","0","0","0","0","8","0","","67","10","2021","1","39.91545","-75.181456","1655","6","0","0","0","0","0","0","0","0","","0","0","0","16","1","1","N","0","0","39 54:55.620","","0","75 10:53.240","3","0","0","0","67301","1","0","0","N","0","0","0","2","67301","0","","1.0","","1","N","N","N","0","","1","0","0","0","0","","1655","2","1","0","0","0","0","0","2","1","1","1","0","0","3","03","","N","","","","","","","","","",""
"2021100700","1335","0","0","0","0","0","0","0","0","0","4","0","","67","10","2021","3","39.932283","-75.219145","1333","6","0","0","0","0","0","0","0","0","","0","0","0","13","1","0","","2","0","39 55:56.218","","0","75 13:08.922","0","0","0","0","67301","0","0","0","N","0","0","0","2","67301","0","","1.0","","1","N","N","N","1","","0","0","0","0","0","","1328","2","0","0","0","0","0","0","2","1","2","0","0","0","3","03","","N","","","","","","","","","",""
"2021102300","0630","2","0","0","0","0","0","0","0","0","2","0","","67","10","2021","1","39.960131","-75.161953","0621","6","0","0","1","0","1","0","0","0","","0","0","0","5","5","2","N","0","0","39 57:36.470","","0","75 09:43.030","8","0","0","0","67301","0","0","0","N","0","0","0","5","67301","0","","1.0","","1","N","N","N","0","","0","0","0","0","0","","559","2","2","0","0","0","2","0","2","0","2","0","0","0","3","03","","N","","","","","","","","","",""
"2021099797","0538","2","0","0","0","0","0","0","0","0","5","0","","67","10","2021","1","39.934783","-75.170761","0528","6","0","0","0","0","0","0","0","0","","0","0","0","5","3","0","N","0","2","39 56:05.220","1","0","75 10:14.740","0","0","0","0","67301","0","0","0","N","0","0","0","1","67301","0","","6.0","600.0","1","N","N","N","0","","0","0","4","0","0","Y","520","6","0","0","0","0","0","0","2","0","6","0","0","0","3","03","","N","","","","","","","","","",""
"2021103485","1425","2","0","0","0","0","0","0","0","0","1","0","","67","10","2021","2","40.087139","-75.040789","1410","6","0","0","0","0","0","1","0","0","","0","0","0","14","1","2","","3","1","40 05:13.701","4","0","75 02:26.839","4","0","0","0","67301","0","0","0","N","0","0","0","3","67301","2","","1.0","1420.0","1","N","N","N","0","","0","0","0","3","2","Y","1400","3","2","0","0","0","0","0","2","1","3","0","0","0","3","03","","N","","","","","","","","","",""
"2021102783","1302","1","0","0","0","0","0","0","0","0","4","0","","67","10","2021","1","40.00221","-75.1577","1302","6","0","0","0","0","0","0","0","0","","0","0","0","15","1","1","","1","0","40 00:07.957","","0","75 09:27.721","3","0","0","0","67301","0","0","0","N","0","0","0","5","67301","0","","1.0","","1","N","N","N","1","","1","0","0","3","2","","1504","2","1","5","0","0","0","0","2","0","2","0","0","0","3","03","","N","","","","","","","","","",""
"2021126623","1510","0","0","0","0","0","0","0","0","0","5","0","","67","12","2021","7","40.024817","-75.095958","1500","6","0","0","0","0","0","0","0","0","","0","0","0","14","1","1","N","0","0","40 01:29.340","","0","75 05:45.450","3","0","0","0","67301","0","0","0","N","0","0","0","2","67301","0","","1.0","","9","N","N","N","0","","1","0","1","0","0","","1455","2","1","0","0","0","0","0","2","1","2","0","0","0","3","03","","N","","","","","","","","","",""
"2021100177","2045","0","0","0","0","0","0","0","0","0","8","0","","67","10","2021","2","39.932978","-75.191353","2041","6","0","0","0","0","0","0","0","0","","0","0","0","20","3","1","N","0","0","39 55:58.720","","0","75 11:28.870","3","0","0","0","67301","1","0","0","N","1","0","0","2","67301","0","","1.0","","1","N","N","N","0","","1","0","0","0","0","","2020","2","1","0","0","0","0","0","2","0","1","1","0","0","3","","","N","","","","","","","","","",""
"2021101092","0829","2","0","0","0","0","0","0","0","0","4","0","","67","10","2021","5","39.956808","-75.233732","0829","6","0","0","0","0","0","0","1","0","","0","0","0","8","1","1","","1","0","39 57:24.508","","0","75 14:01.435","3","0","0","0","67301","0","0","0","N","0","0","0","2","67301","0","","1.0","","1","N","N","N","0","","1","0","0","3","3","","809","2","1","2","0","0","0","1","2","0","2","0","0","0","3","03","","N","","","","","","","","","",""
"2021125742","0305","0","0","0","0","0","0","0","0","0","5","0","","67","12","2021","7","39.920811","-75.196224","0258","6","0","0","0","0","0","0","0","0","","0","0","0","2","3","2","N","0","0","39 55:14.920","","0","75 11:46.405","4","0","0","0","67301","0","0","0","N","0","0","0","2","67301","2","","1.0","","9","N","N","N","0","","0","0","2","0","0","","250","2","2","0","0","0","0","0","2","0","2","0","0","0","7","07","","N","","","","","","","","","",""
"2021117481","","1","0","0","0","0","0","0","0","0","4","0","","67","10","2021","4","39.940369","-75.236609","","6","0","0","0","0","0","0","0","0","","0","0","0","14","1","0","","1","0","39 56:25.327","","0","75 14:11.791","0","0","0","0","67301","0","0","0","N","0","0","0","4","00000","0","","1.0","","1","N","N","N","0","","0","0","1","3","2","","1450","2","0","0","0","0","0","0","2","0","2","0","0","0","3","","","N","","","","","","","","","",""
"2021100601","2034","0","0","0","0","0","0","0","0","0","4","0","","67","10","2021","5","39.957947","-75.208133","2034","6","0","0","0","0","0","1","0","0","","0","0","0","19","3","0","","1","0","39 57:28.610","","0","75 12:29.280","0","0","0","0","67301","0","0","0","N","0","0","0","3","67301","0","","1.0","","1","N","N","N","0","","0","0","1","3","2","","1935","2","0","0","0","0","0","0","2","1","2","0","0","0","3","03","","N","","","","","","","","","",""
"2021128065","0641","2","0","0","0","0","0","0","0","0","4","0","","67","12","2021","4","40.02676","-75.046109","0634","6","0","0","0","0","0","0","0","0","","0","0","0","6","3","2","","1","0","40 01:36.336","","0","75 02:45.992","3","0","0","0","67301","0","0","0","N","0","0","0","4","67301","0","","1.0","","9","N","N","N","0","","2","0","0","3","3","","632","2","2","0","0","0","0","0","2","0","2","0","0","0","7","07","","N","","","","","","","","","",""
"2021104126","1502","1","0","0","0","0","0","0","0","0","8","0","","67","10","2021","3","40.056362","-75.075135","1457","6","0","0","0","0","0","0","0","0","","0","0","0","14","1","1","","1","0","40 03:22.903","","0","75 04:30.486","8","0","0","0","67301","1","0","0","N","1","0","0","2","67301","0","","1.0","","1","N","Y","N","0","","0","0","0","3","2","","1453","2","1","0","0","0","1","0","2","0","1","1","0","0","3","03","","N","","","","","","","","","",""
"2021104099","2150","2","0","0","0","0","0","0","0","0","4","0","","67","10","2021","5","40.002789","-75.137842","2125","6","0","0","0","0","0","1","0","0","","0","0","0","20","3","1","","5","0","40 00:10.040","","0","75 08:16.231","3","0","0","0","67301","0","0","0","N","0","0","0","2","67301","0","","1.0","","99","N","N","N","0","","1","0","0","3","1","","2000","2","1","0","0","0","0","0","2","0","2","0","0","0","3","03","","N","","","","","","","","","",""
"2021124889","1405","1","0","0","0","0","0","0","0","0","4","0","","67","12","2021","6","39.970556","-75.149879","1400","6","0","0","0","0","0","0","0","0","","0","0","0","13","1","1","","1","0","39 58:14.003","","0","75 08:59.563","8","0","0","1","67301","0","0","0","N","0","0","0","2","67301","0","","1.0","","1","N","N","N","0","","0","0","0","3","2","","1330","2","1","0","0","0","1","0","2","0","2","0","0","0","3","03","","N","","","","","","","","","",""
"2021102109","0054","1","0","0","0","0","0","0","0","0","4","0","","67","10","2021","7","39.974678","-75.212573","0052","6","0","0","0","0","0","0","0","0","","0","0","0","0","3","2","","2","2","39 58:28.840","5","0","75 12:45.264","2","0","2","1","67301","0","0","0","N","0","0","0","4","67301","0","","1.0","255.0","1","N","N","N","0","","0","2","0","0","0","Y","45","2","2","0","0","0","0","0","2","0","2","0","0","0","3","03","","N","","","","","","","","","",""
"2021124816","0241","1","0","0","0","0","0","0","0","0","7","0","","67","12","2021","1","39.945404","-75.179736","0237","6","0","0","0","0","0","0","0","0","","0","0","0","2","3","1","","1","0","39 56:43.455","","0","75 10:47.049","4","0","0","0","67301","0","0","0","N","0","0","0","1","67301","1","","5.0","","9","N","N","N","0","","0","0","0","3","2","","233","2","1","0","0","0","0","0","2","0","1","0","0","0","7","","","N","","","","","","","","","",""
"2021102269","0528","1","0","0","0","0","0","0","0","0","1","0","","67","10","2021","6","39.981952","-75.239038","0518","6","0","0","0","0","0","0","0","0","","0","0","0","16","1","2","","1","0","39 58:55.028","","0","75 14:20.537","4","0","0","0","67301","0","0","0","N","0","0","0","3","67301","2","","1.0","","1","N","N","N","0","","0","0","1","3","2","","1615","2","2","0","0","0","0","1","2","0","2","0","0","0","3","","","N","","","","","","","","","",""
"2021099937","1924","1","0","0","0","0","0","0","0","0","5","0","","67","10","2021","2","40.006144","-75.196846","1908","6","0","1","0","0","0","0","0","0","","0","0","0","19","1","1","N","0","0","40 00:22.118","","0","75 11:48.646","3","0","0","0","67301","0","0","0","N","0","0","0","2","68K01","0","","1.0","","1","N","N","N","0","","1","0","1","0","0","","1902","2","1","0","0","0","0","0","2","0","2","0","0","0","3","03","","N","","","","","","","","","",""
"2021098009","1015","1","0","0","0","0","0","0","0","0","7","0","","67","10","2021","5","39.970362","-75.124358","1010","6","0","0","0","0","0","0","0","0","","0","0","0","10","1","1","N","0","0","39 58:13.303","","0","75 07:27.690","3","0","0","0","67301","0","0","0","N","0","0","0","1","67301","0","","4.0","","1","N","N","Y","0","","1","0","0","0","0","","1008","1","1","0","0","0","0","0","2","0","1","0","0","0","3","03","","N","","","","","","","","","",""
"2021127463","2024","0","0","0","0","0","0","0","0","0","1","0","","67","12","2021","1","39.948582","-75.141058","2012","6","0","0","1","0","0","0","0","0","","0","0","0","20","3","0","Y","0","0","39 56:54.894","","0","75 08:27.807","0","0","0","0","67301","0","0","0","N","0","0","0","5","67301","0","","1.0","","1","N","N","N","1","","0","0","2","3","2","","2011","3","0","0","0","0","0","0","2","0","3","0","0","0","3","03","","N","","","","","","","","","",""
"2021102472","2121","0","0","0","0","0","0","0","0","0","4","0","","67","10","2021","2","40.039008","-75.056253","2116","6","0","0","0","0","1","0","0","0","","0","0","0","21","3","0","","1","0","40 02:20.428","","0","75 03:22.510","0","0","0","0","67301","0","0","0","N","0","0","0","2","67301","0","","1.0","","9","N","N","N","0","","0","0","2","3","2","","2115","2","0","0","0","0","0","0","2","0","2","0","0","0","7","07","","N","","","","","","","","","",""
"2021119822","","1","0","1","0","0","0","0","0","0","1","0","","67","11","2021","2","40.000102","-75.194946","","6","0","0","0","0","0","0","1","0","","0","0","0","18","1","1","N","0","0","40 00:00.368","","0","75 11:41.805","2","0","0","0","67301","0","0","0","N","0","0","0","3","00000","0","","1.0","","1","N","N","N","0","","0","1","1","0","0","","1815","3","1","0","0","0","0","0","2","0","3","0","0","0","3","","","N","","","","","","","","","",""
"2021086258","1301","1","0","0","0","0","0","0","0","0","4","0","","67","9","2021","5","40.052792","-75.135277","1301","6","0","0","0","0","0","0","0","0","","0","0","0","11","1","0","","1","0","40 03:10.051","","0","75 08:06.997","0","0","0","0","67301","0","0","0","N","0","0","0","2","67301","0","","1.0","","99","N","N","N","0","","0","0","1","3","3","","1130","2","0","2","0","0","0","0","2","0","2","0","0","0","99","","","N","","","","","","","","","",""
"2021100831","1657","1","0","0","0","0","0","0","0","0","8","0","","67","10","2021","5","40.02419","-75.045207","1650","6","0","0","0","0","0","0","0","0","","0","0","0","16","1","1","","2","0","40 01:27.084","","0","75 02:42.745","3","0","0","0","67301","1","0","0","N","1","0","0","2","67301","0","","1.0","","1","N","N","N","0","","1","0","0","0","0","","1645","2","1","0","0","0","0","1","2","0","1","1","0","0","3","","","N","","","","","","","","","",""
"2021092071","0154","1","0","0","0","0","0","0","0","0","7","0","","67","9","2021","1","40.050147","-74.992797","0154","6","0","0","0","0","0","0","0","0","","0","0","0","0","3","1","N","0","2","40 03:00.529","1","0","74 59:34.070","2","0","0","0","67301","0","0","0","N","0","0","0","1","68K01","0","","4.0","230.0","1","N","N","N","0","","0","1","0","0","0","N","55","1","1","0","0","0","0","0","2","0","1","0","0","0","3","03","","N","","","","","","","","","",""
"2021096554","1650","1","0","0","0","0","0","0","0","0","1","0","","67","9","2021","2","39.976768","-75.197699","1646","6","0","0","0","1","0","0","0","0","","0","0","0","16","1","2","N","0","1","39 58:36.366","4","0","75 11:51.716","3","0","0","0","67301","0","0","0","N","0","0","0","2","68K01","0","","1.0","1655.0","1","N","N","N","0","","2","0","1","0","0","N","1645","2","2","0","0","0","0","0","2","0","2","0","0","0","3","03","","N","","","","","","","","","",""
"2021124639","1705","2","0","0","0","0","0","0","0","0","1","0","","67","12","2021","7","40.013695","-75.158551","1702","6","0","0","0","0","0","0","0","0","","0","0","0","17","3","1","N","0","0","40 00:49.302","","0","75 09:30.783","3","0","0","0","67301","0","0","0","N","0","0","0","2","67301","0","","1.0","","9","N","N","N","0","","1","0","0","0","0","","1700","2","1","0","0","0","0","1","2","0","2","0","0","0","7","07","","N","","","","","","","","","",""
"2021099354","2100","1","0","0","0","0","0","0","0","0","5","0","","67","10","2021","1","40.041514","-75.067453","2100","6","0","0","0","1","0","0","0","0","","0","0","0","21","3","0","N","0","0","40 02:29.450","","0","75 04:02.830","0","0","0","0","67301","0","0","0","N","0","0","0","1","67301","0","","6.0","","1","N","N","N","1","","0","0","0","0","0","","2100","2","0","1","0","0","0","0","2","0","2","0","0","0","3","03","","N","","","","","","","","","",""
"2021124417","0431","2","0","0","0","0","0","0","0","0","5","0","","67","12","2021","1","39.984228","-75.229386","0430","6","0","0","0","0","0","0","0","0","","0","0","0","3","3","0","N","0","0","39 59:03.220","","0","75 13:45.790","0","0","0","0","67301","0","0","0","N","0","0","0","1","67301","0","","6.0","","1","N","N","N","0","","0","0","0","0","0","","322","2","0","0","0","0","0","0","2","0","2","0","0","0","3","03","","N","","","","","","","","","",""
"2021128063","0104","2","0","0","0","0","0","0","0","0","4","0","","67","12","2021","3","40.029527","-75.083622","0104","6","0","0","0","0","0","0","0","0","","0","0","0","1","3","0","","1","0","40 01:46.297","","0","75 05:01.039","0","0","0","0","67301","0","0","0","N","0","0","0","2","67301","0","","1.0","","9","N","N","N","0","","0","0","2","3","3","","101","4","0","0","0","0","0","0","2","0","4","0","0","0","7","07","","N","","","","","","","","","",""
"2021103782","2315","1","0","0","0","0","0","0","0","0","1","0","","67","10","2021","7","39.945748","-75.240612","2312","6","0","0","0","0","0","1","1","0","","0","0","0","23","3","1","Y","0","0","39 56:44.691","","0","75 14:26.202","3","0","0","0","67301","0","0","0","N","0","0","0","3","67301","0","","1.0","","1","N","N","N","0","","1","0","2","0","0","","2312","3","1","1","0","0","0","0","2","0","3","0","0","0","3","03","","N","","","","","","","","","",""
"2021117478","","0","0","0","0","0","0","0","0","0","4","0","","67","10","2021","4","40.024119","-75.056871","","6","0","0","0","0","0","0","0","0","","0","0","0","0","2","0","","1","0","40 01:26.830","","0","75 03:24.736","0","0","0","0","67301","0","0","0","N","0","0","0","2","00000","0","","1.0","","1","N","N","N","0","","0","0","2","0","0","","10","2","0","0","0","0","0","0","2","0","2","0","0","0","3","","","N","","","","","","","","","",""
"2021124873","0457","2","0","0","0","0","0","0","0","0","2","0","","67","12","2021","7","39.944528","-75.223664","0451","6","0","0","0","0","0","0","0","0","","0","0","0","4","3","0","N","0","0","39 56:40.300","","0","75 13:25.190","9","0","0","0","67301","0","0","0","N","0","0","0","1","67301","0","","6.0","","9","N","N","N","0","","0","0","2","0","0","","434","4","0","0","0","0","0","1","2","0","4","0","0","0","7","07","","N","","","","","","","","","",""
"2021101957","1709","0","0","0","0","0","0","0","0","0","4","0","","67","10","2021","2","40.004935","-75.178718","1709","6","0","0","0","0","0","1","0","0","","0","0","0","17","1","2","","5","1","40 00:17.766","6","0","75 10:43.386","4","0","0","0","67301","0","0","0","N","0","0","0","2","67301","2","","1.0","1730.0","1","N","N","N","0","","0","0","2","3","2","N","1709","2","2","0","0","0","0","0","2","0","2","0","0","0","3","","","N","","","","","","","","","",""
"2021099991","1255","0","0","0","0","0","0","0","0","0","8","0","","67","10","2021","3","39.953837","-75.175075","1251","6","0","0","0","0","0","0","1","0","","0","0","0","12","1","1","","1","0","39 57:13.814","","0","75 10:30.270","3","0","0","0","67301","1","0","0","N","1","0","0","2","67301","0","","1.0","","1","N","N","N","0","","1","0","1","3","2","","1250","2","1","0","0","0","0","0","2","0","1","1","0","0","3","","","N","","","","","","","","","",""
"2021093704","1624","2","0","0","0","0","0","0","0","0","4","0","","67","9","2021","7","39.993651","-75.230601","1620","6","0","0","0","0","0","1","0","0","","0","0","0","16","1","1","","1","0","39 59:37.143","","0","75 13:50.163","4","0","0","0","67301","0","0","0","N","0","0","0","5","67301","1","","1.0","","1","N","N","N","0","","0","0","0","3","3","","1604","2","1","0","0","0","0","0","2","0","2","0","0","0","3","03","","N","","","","","","","","","",""
"2021127054","1014","1","0","0","0","0","0","0","0","0","1","0","","67","12","2021","6","39.9379","-75.198147","1001","6","0","0","0","0","0","1","0","0","","0","0","0","9","1","0","N","0","0","39 56:16.439","","0","75 11:53.330","0","0","0","0","67301","0","0","0","N","0","0","0","2","68K01","0","","1.0","","1","N","N","N","0","","0","0","1","0","0","","959","2","0","0","0","0","0","0","2","0","2","0","0","0","4","04","","N","","","","","","","","","",""
"2021100839","1635","0","0","0","0","0","0","0","0","0","4","0","","67","10","2021","6","40.001336","-75.152853","1635","6","0","0","0","0","0","1","0","0","","0","0","0","14","1","1","N","0","0","40 00:04.808","","7","75 09:10.269","3","0","0","0","67301","0","0","0","N","0","0","0","3","67505","0","","1.0","","1","N","N","N","1","","1","0","1","0","0","","1435","2","1","0","0","0","0","0","2","0","2","0","0","0","3","03","","N","","","","","","","","","",""
"2021100042","2023","1","0","0","0","0","0","0","0","0","5","0","","67","10","2021","3","39.98623","-75.247865","2018","6","0","0","0","1","0","1","0","0","","0","0","0","18","3","0","N","0","0","39 59:10.427","","0","75 14:52.313","0","0","0","0","67301","0","0","0","N","0","0","0","3","67301","0","","1.0","","1","N","N","N","0","","0","0","1","0","0","","1803","2","0","0","0","0","0","0","2","0","2","0","0","0","3","","","N","","","","","","","","","",""
"2021125942","2145","0","0","0","0","0","0","0","0","0","4","0","","67","12","2021","4","39.980224","-75.157607","2145","6","0","0","0","0","0","0","0","0","","0","0","0","21","3","0","","1","0","39 58:48.805","","0","75 09:27.384","0","0","0","0","67301","0","0","0","N","0","0","0","3","67505","0","","1.0","","1","N","N","N","0","","0","0","0","3","2","","2144","2","0","0","0","0","0","0","2","2","2","0","0","0","3","03","","N","","","","","","","","","",""
"2021103189","0425","0","0","0","0","0","0","0","0","0","7","0","","67","10","2021","1","39.921583","-75.189556","0421","6","0","0","0","0","0","0","0","0","","0","0","0","4","3","0","N","0","1","39 55:17.700","4","3","75 11:22.400","0","0","0","0","67301","0","0","0","N","0","0","0","1","67501","0","","3.0","527.0","1","N","N","N","0","","0","0","1","0","0","N","421","1","0","0","0","0","0","0","2","0","1","0","0","0","3","","","N","","","","","","","","","",""
"2021108930","2230","4","0","0","0","0","0","0","0","0","1","0","","67","10","2021","2","39.958783","-75.227579","2228","6","0","0","0","0","0","0","0","0","","0","0","0","22","3","1","N","0","0","39 57:31.617","","0","75 13:39.284","4","0","0","0","67301","0","0","0","N","0","0","0","2","67301","1","","1.0","","9","N","N","N","0","","0","0","1","0","0","","2228","5","1","0","0","0","0","0","2","0","5","0","0","0","7","07","","N","","","","","","","","","",""
"2021102647","1100","2","0","0","0","0","0","0","0","0","1","0","","67","10","2021","1","40.024801","-75.127211","1050","6","1","0","0","0","0","0","0","0","","0","0","0","10","1","2","N","0","0","40 01:29.284","","0","75 07:37.959","3","0","0","0","67301","0","0","0","N","0","0","0","2","67301","0","","6.0","","1","N","N","N","0","","1","0","2","0","0","","1048","4","2","1","0","0","1","0","2","0","4","0","0","0","3","03","","N","","","","","","","","","",""
"2021101001","0145","1","0","0","0","0","0","0","0","0","4","0","","67","10","2021","5","40.028485","-75.146935","0140","6","0","0","0","0","0","0","0","0","","0","0","0","1","3","2","N","0","0","40 01:42.547","","0","75 08:48.967","3","0","0","0","67301","0","0","0","N","0","0","0","3","67301","0","","1.0","","1","N","N","N","0","","2","0","1","0","0","","122","2","2","1","0","0","0","0","2","0","2","0","0","0","3","03","","N","","","","","","","","","",""
"2021101842","2031","1","0","0","0","0","0","0","0","0","2","0","","67","10","2021","1","40.043333","-75.167028","2030","6","0","0","0","0","0","2","0","0","","0","0","0","19","3","1","N","0","0","40 02:36.000","","0","75 10:01.300","4","0","0","0","67301","0","0","0","N","0","0","0","2","67301","1","","1.0","","1","N","N","N","0","","0","0","1","0","0","","1945","2","1","0","0","0","0","1","2","0","2","0","0","0","3","03","","N","","","","","","","","","",""
"2021106565","0210","1","0","0","0","0","0","0","0","0","4","0","","67","10","2021","7","39.905417","-75.17356","0200","6","0","0","0","0","0","0","0","0","","0","0","0","2","3","3","","5","1","39 54:19.501","3","0","75 10:24.816","4","0","0","0","67301","0","0","0","N","0","0","0","3","67508","3","","1.0","9999.0","1","N","N","Y","0","","0","0","1","3","2","N","200","2","3","0","0","0","0","0","2","0","2","0","0","0","3","03","","N","","","","","","","","","",""
"2021128259","1958","3","0","0","0","0","0","0","0","0","4","0","","67","12","2021","2","39.993266","-75.169703","1958","6","0","0","0","0","0","0","0","0","","0","0","0","19","3","2","","1","0","39 59:35.757","","0","75 10:10.930","3","0","0","0","67301","0","0","0","N","0","0","0","2","67301","0","","1.0","","9","N","N","N","0","","2","0","0","3","3","","1950","4","2","2","0","0","0","0","2","1","4","0","0","0","4","07","","N","","","","","","","","","",""
"2021102425","0853","1","0","0","0","0","0","0","0","0","4","0","","67","10","2021","3","40.049721","-75.171733","0853","6","0","0","0","0","0","0","0","0","","0","0","0","8","1","1","","1","0","40 02:58.996","","0","75 10:18.240","3","0","0","0","67301","0","0","0","N","0","0","0","3","67301","0","","1.0","","9","N","N","N","0","","1","0","1","3","3","","853","2","1","0","0","0","0","0","2","0","2","0","0","0","4","03","","N","","","","","","","","","",""
"2021099093","2102","1","0","0","0","0","0","0","0","0","1","0","","67","10","2021","1","40.028094","-75.159175","2049","6","0","0","0","0","0","0","0","0","","0","0","0","20","3","1","N","0","0","40 01:41.140","","0","75 09:33.030","3","0","0","0","67301","0","0","0","N","0","0","0","1","67301","0","","1.0","","1","N","N","N","0","","1","0","1","0","0","","2040","2","1","0","0","0","0","0","2","0","2","0","0","0","3","","","N","","","","","","","","","",""
"2021102442","1952","0","0","0","0","0","0","0","0","0","4","0","","67","10","2021","2","39.937397","-75.163046","1948","6","0","0","0","0","0","2","0","0","","0","0","0","19","3","0","","1","2","39 56:14.629","2","0","75 09:46.965","0","0","0","0","67301","0","0","0","N","0","0","0","2","67301","0","","1.0","2125.0","9","N","N","Y","1","","0","0","0","3","2","Y","1945","2","0","0","0","0","0","0","2","1","2","0","0","0","7","","","N","","","","","","","","","",""
"2021101078","0950","2","0","0","0","0","0","0","0","0","4","0","","67","10","2021","4","40.0486","-75.151513","0939","6","0","0","0","0","0","0","0","0","","0","0","0","8","1","2","","1","0","40 02:54.960","","0","75 09:05.446","3","0","0","0","67301","0","0","0","N","0","0","0","2","67301","0","","1.0","","1","N","N","Y","0","","2","0","0","3","3","","811","2","2","0","0","0","0","0","2","0","2","0","0","0","3","03","","N","","","","","","","","","",""
"2021103404","1559","0","0","0","0","0","0","0","0","0","5","0","","67","10","2021","1","40.0802","-75.027329","1548","6","0","0","0","0","0","1","0","0","","0","0","0","15","1","1","Y","0","1","40 04:48.720","4","0","75 01:38.386","3","0","0","0","67301","0","0","0","N","0","0","0","3","67301","0","","1.0","100.0","1","N","N","N","1","","1","0","2","3","2","N","1540","3","1","3","0","0","0","0","2","0","3","0","0","0","3","03","","N","","","","","","","","","",""