"CRN","ARRIVAL_TM","AUTOMOBILE_COUNT","BELTED_DEATH_COUNT","BELTED_SUSP_SERIOUS_INJ_COUNT","BICYCLE_COUNT","BICYCLE_DEATH_COUNT","BICYCLE_SUSP_SERIOUS_INJ_COUNT","BUS_COUNT","CHLDPAS_DEATH_COUNT","CHLDPAS_SUSP_SERIOUS_INJ_COUNT","COLLISION_TYPE","COMM_VEH_COUNT","CONS_ZONE_SPD_LIM","COUNTY","CRASH_MONTH","CRASH_YEAR","DAY_OF_WEEK","DEC_LATITUDE","DEC_LONGITUDE","DISPATCH_TM","DISTRICT","DRIVER_COUNT_16YR","DRIVER_COUNT_17YR","DRIVER_COUNT_18YR","DRIVER_COUNT_19YR","DRIVER_COUNT_20YR","DRIVER_COUNT_50_64YR","DRIVER_COUNT_65_74YR","DRIVER_COUNT_75PLUS","EST_HRS_CLOSED","FATAL_COUNT","HEAVY_TRUCK_COUNT","HORSE_BUGGY_COUNT","HOUR_OF_DAY","ILLUMINATION","INJURY_COUNT","INTERSECTION_RELATED","INTERSECT_TYPE","LANE_CLOSED","LATITUDE","LN_CLOSE_DIR","LOCATION_TYPE","LONGITUDE","MAX_SEVERITY_LEVEL","MCYCLE_DEATH_COUNT","MCYCLE_SUSP_SERIOUS_INJ_COUNT","MOTORCYCLE_COUNT","MUNICIPALITY","NONMOTR_COUNT","NONMOTR_DEATH_COUNT","NONMOTR_SUSP_SERIOUS_INJ_COUNT","NTFY_HIWY_MAINT","PED_COUNT","PED_DEATH_COUNT","PED_SUSP_SERIOUS_INJ_COUNT","PERSON_COUNT","POLICE_AGCY","POSSIBLE_INJ_COUNT","RDWY_SURF_TYPE_CD","RELATION_TO_ROAD","ROADWAY_CLEARED","ROAD_CONDITION","SCH_BUS_IND","SCH_ZONE_IND","SECONDARY_CRASH","SMALL_TRUCK_COUNT","SPEC_JURIS_CD","SUSP_MINOR_INJ_COUNT","SUSP_SERIOUS_INJ_COUNT","SUV_COUNT","TCD_FUNC_CD","TCD_TYPE","TFC_DETOUR_IND","TIME_OF_DAY","TOTAL_UNITS","TOT_INJ_COUNT","UNBELTED_OCC_COUNT","UNB_DEATH_COUNT","UNB_SUSP_SERIOUS_INJ_COUNT","UNK_INJ_DEG_COUNT","UNK_INJ_PER_COUNT","URBAN_RURAL","VAN_COUNT","VEHICLE_COUNT","VULNERABLE_ROAD_USER_COUNT","VULNERABLE_ROAD_USER_DEATH_COUNT","VULNERABLE_ROAD_USER_SER_INJ_COUNT","WEATHER1","WEATHER2","WORKERS_PRES","WORK_ZONE_IND","WORK_ZONE_LOC","WORK_ZONE_TYPE","WZ_CLOSE_DETOUR","WZ_FLAGGER","WZ_LAW_OFFCR_IND","WZ_LN_CLOSURE","WZ_MOVING","WZ_OTHER","WZ_SHLDER_MDN","WZ_WORKERS_INJ_KILLED"
"2021100571","1815","0","0","0","1","0","0","0","0","0","8","0","","67","10","2021","4","39.97286","-75.219121","1810","6","0","0","0","0","0","0","0","0","","0","0","0","14","1","2","","3","0","39 58:22.296","","0","75 13:08.835","3","0","0","0","67301","1","0","0","N","0","0","0","2","67301","0","","1.0","","1","N","N","N","0","","2","0","1","0","0","","1446","2","2","1","0","0","0","0","2","0","1","1","0","0","3","03","","N","","","","","","","","","",""
"2021127125","2100","1","0","0","0","0","0","0","0","0","7","0","","67","12","2021","7","39.93317","-75.237619","2057","6","0","0","0","0","0","0","0","0","","0","0","0","18","3","1","N","0","0","39 55:59.412","","0","75 14:15.430","3","0","0","0","67301","0","0","0","N","0","0","0","1","67301","0","","4.0","","9","N","N","N","0","","1","0","0","0","0","","1820","1","1","1","0","0","0","0","2","0","1","0","0","0","7","","","N","","","","","","","","","",""
"2021098598","0113","1","0","0","0","0","0","0","0","0","1","0","","67","10","2021","7","40.036328","-75.082644","0043","6","0","0","0","0","0","0","0","0","","0","0","0","0","3","0","N","0","2","40 02:10.780","5","0","75 04:57.520","0","0","0","0","67301","0","0","0","N","0","0","0","3","67301","0","","1.0","242.0","1","N","N","N","1","","0","0","1","0","0","N","42","3","0","0","0","0","0","0","2","0","3","0","0","0","3","","","N","","","","","","","","","",""
"2021102098","2145","0","0","0","0","0","0","0","0","0","8","0","","67","10","2021","1","39.921264","-75.193813","2140","6","0","0","0","0","0","0","1","0","","0","0","0","21","3","1","","1","0","39 55:16.550","","0","75 11:37.727","3","0","0","0","67301","1","0","0","N","1","0","0","2","67301","0","","1.0","","1","N","N","N","1","","1","0","0","3","2","","2140","2","1","0","0","0","0","0","2","0","1","1","0","0","3","","","N","","","","","","","","","",""
"2021127238","1627","1","0","0","0","0","0","0","0","0","4","0","","67","12","2021","2","40.048233","-75.183392","1625","6","0","0","0","0","0","0","0","0","","0","0","0","16","4","1","","1","0","40 02:53.638","","0","75 11:00.210","3","0","0","0","67301","0","0","0","N","0","0","0","2","67301","0","","1.0","","1","N","N","N","0","","1","0","1","3","2","","1625","2","1","1","0","0","0","0","2","0","2","0","0","0","3","03","","N","","","","","","","","","",""
"2021126620","0859","3","0","0","0","0","0","0","0","0","5","0","","67","12","2021","7","39.925653","-75.159186","0859","6","0","0","0","0","0","0","0","0","","0","0","0","8","1","0","N","0","0","39 55:32.350","","0","75 09:33.070","0","0","0","0","67301","0","0","0","N","0","0","0","1","67301","0","","6.0","","9","N","N","N","0","","0","0","0","0","0","","857","3","0","0","0","0","0","0","2","0","3","0","0","0","7","07","","N","","","","","","","","","",""
"2021101451","1953","1","0","0","0","0","0","0","0","0","2","0","","67","10","2021","7","39.995052","-75.163187","1947","6","0","0","0","0","0","0","0","0","","0","0","0","19","3","1","","5","0","39 59:42.186","","0","75 09:47.473","3","0","0","0","67301","0","0","0","N","0","0","0","3","67301","0","","1.0","","1","N","N","N","0","","1","0","1","3","2","","1910","2","1","0","0","0","0","0","2","0","2","0","0","0","3","03","","N","","","","","","","","","",""
"2021124431","1342","3","0","0","0","0","0","0","0","0","5","0","","67","12","2021","7","39.960622","-75.242523","1327","6","0","0","0","0","0","0","0","0","","0","0","0","13","1","1","N","0","0","39 57:38.238","","0","75 14:33.084","4","0","0","0","67301","0","0","0","N","0","0","0","1","67301","1","","6.0","","9","N","N","N","0","","0","0","1","0","0","","1323","4","1","1","0","0","0","0","2","0","4","0","0","0","7","04","","N","","","","","","","","","",""
"2021101471","0750","0","0","0","0","0","0","0","0","0","7","0","","67","10","2021","7","40.096239","-75.005242","0739","6","0","0","0","0","0","0","0","0","","0","0","0","6","5","0","N","0","0","40 05:46.460","","0","75 00:18.870","0","0","0","0","67301","0","0","0","N","0","0","0","1","67301","0","","5.0","","99","N","N","N","0","","0","0","1","0","0","","615","1","0","0","0","0","0","0","2","0","1","0","0","0","99","04","","N","","","","","","","","","",""
"2021102801","0812","0","0","0","0","0","0","0","0","0","8","0","","67","10","2021","2","39.923459","-75.162556","0808","6","0","0","0","0","0","0","0","0","","0","0","0","7","1","1","N","0","0","39 55:24.452","","7","75 09:45.200","3","0","0","0","67301","1","0","0","N","1","0","0","2","67301","0","","1.0","","1","N","N","N","0","","1","0","0","0","0","","728","2","1","0","0","0","0","0","2","0","1","1","0","0","3","03","","N","","","","","","","","","",""
"2021101480","0144","0","0","0","0","0","0","0","0","0","6","0","","67","10","2021","1","40.043119","-75.026036","0141","6","0","0","0","0","0","0","0","0","","0","0","0","1","3","0","N","0","0","40 02:35.230","","0","75 01:33.730","0","0","0","0","67301","0","0","0","N","0","0","0","1","67301","0","","6.0","","1","N","N","Y","1","","0","0","1","0","0","","132","2","0","0","0","0","0","0","2","0","2","0","0","0","3","03","","N","","","","","","","","","",""
"2021126593","0031","1","0","0","0","0","0","0","0","0","4","0","","67","12","2021","2","40.031392","-75.152378","0030","6","0","0","0","0","0","0","0","0","","0","0","0","23","3","2","","1","0","40 01:53.011","","0","75 09:08.560","8","0","0","0","67301","0","0","0","N","0","0","0","3","67301","0","","1.0","","1","N","N","N","0","","0","0","1","3","2","","2355","2","2","0","0","0","2","0","2","0","2","0","0","0","3","03","","N","","","","","","","","","",""
"2021100163","2234","2","0","0","0","0","0","0","0","0","4","0","","67","10","2021","1","39.958928","-75.24139","2229","6","0","0","0","1","0","1","0","0","","0","0","0","22","3","2","","1","2","39 57:32.141","4","0","75 14:29.004","3","0","0","0","67301","0","0","0","N","0","0","0","3","67301","0","","1.0","2337.0","1","N","N","N","0","","2","0","0","3","2","Y","2229","2","2","1","0","0","0","0","2","0","2","0","0","0","3","03","","N","","","","","","","","","",""
"2021126670","2030","3","0","0","0","0","0","0","0","0","5","0","","67","12","2021","2","39.955031","-75.209881","2026","6","0","0","0","0","0","0","0","0","","0","0","0","20","3","1","N","0","0","39 57:18.111","","0","75 12:35.570","3","0","0","0","67301","0","0","0","N","0","0","0","2","67301","0","","1.0","","1","N","N","N","0","","1","0","0","0","0","","2021","4","1","0","0","0","0","0","2","1","4","0","0","0","3","","","N","","","","","","","","","",""
"2021123468","1615","2","0","0","0","0","0","0","0","0","4","0","","67","12","2021","5","39.994228","-75.094175","1610","6","0","0","0","0","0","0","0","0","","0","0","0","16","1","1","N","0","0","39 59:39.222","","7","75 05:39.030","4","0","0","0","67301","0","0","0","N","0","0","0","3","67301","1","","1.0","","1","N","N","N","0","","0","0","0","0","0","","1605","2","1","0","0","0","0","0","2","0","2","0","0","0","3","03","","N","","","","","","","","","",""
"2021102473","1900","0","0","0","0","0","0","0","0","0","4","0","","67","10","2021","1","40.047483","-75.142782","1854","6","0","0","0","0","0","0","0","0","","0","0","0","18","3","1","","1","0","40 02:50.940","","0","75 08:34.016","3","0","0","1","67301","0","0","0","N","0","0","0","2","67301","0","","1.0","","1","N","N","N","0","","1","0","1","3","2","","1845","2","1","0","0","0","0","0","2","0","2","0","0","0","3","","","N","","","","","","","","","",""
"2021125395","1205","2","0","0","0","0","0","0","0","0","4","0","","67","12","2021","6","39.897531","-75.252476","1157","6","0","0","0","0","0","0","0","0","","0","0","0","11","1","5","","1","0","39 53:51.111","","0","75 15:08.912","3","0","0","0","67301","0","0","0","N","0","0","0","5","67301","0","","1.0","","1","N","N","N","0","","5","0","1","3","2","","1155","3","5","0","0","0","0","0","2","0","3","0","0","0","3","","","N","","","","","","","","","",""
"2021127227","","1","0","0","0","0","0","0","0","0","1","0","","67","12","2021","4","39.915557","-75.161807","","6","0","0","0","0","0","1","0","0","","0","0","0","16","1","1","Y","0","0","39 54:56.005","","0","75 09:42.506","8","0","0","0","67301","0","0","0","N","0","0","0","2","00000","0","","1.0","","1","N","N","N","0","","0","0","1","3","2","","1634","2","1","0","0","0","1","0","2","0","2","0","0","0","3","","","N","","","","","","","","","",""
"2021100833","1012","1","0","0","0","0","0","0","0","0","7","0","","67","10","2021","1","40.010047","-75.096572","1008","6","0","0","0","0","0","0","0","0","","0","0","0","5","6","0","N","0","0","40 00:36.170","","0","75 05:47.660","0","0","0","0","67301","0","0","0","N","0","0","0","1","67301","0","","4.0","","99","N","N","N","0","","0","0","0","0","0","","530","1","0","0","0","0","0","0","2","0","1","0","0","0","98","98","","N","","","","","","","","","",""
"2021100493","1511","1","0","0","0","0","0","0","0","0","1","0","","67","10","2021","4","40.003273","-75.165898","1510","6","0","0","0","0","0","0","0","0","","0","0","0","15","1","1","","1","1","40 00:11.783","1","0","75 09:57.234","3","0","0","0","67301","0","0","0","N","0","0","0","4","67301","0","","1.0","1530.0","1","N","N","N","0","","1","0","1","3","2","Y","1510","2","1","3","0","0","0","0","2","0","2","0","0","0","3","03","","N","","","","","","","","","",""
"2021127656","2329","1","0","0","0","0","0","0","0","0","1","0","","67","12","2021","3","39.975088","-75.194965","2329","6","0","0","0","0","0","0","1","0","","0","0","0","23","3","1","","1","1","39 58:30.316","3","0","75 11:41.875","3","0","0","0","67301","0","0","0","N","0","0","0","4","67301","0","","1.0","2345.0","9","N","N","N","0","","1","0","0","3","2","N","2319","2","1","0","0","0","0","0","2","1","2","0","0","0","3","03","","N","","","","","","","","","",""
"2021118796","0050","0","0","0","0","0","0","0","0","0","4","0","","67","12","2021","6","39.974744","-75.138429","0050","6","0","0","0","0","0","0","0","0","","0","0","0","23","3","0","","1","0","39 58:29.078","","0","75 08:18.344","0","0","0","0","67301","0","0","0","N","0","0","0","2","67301","0","","1.0","","1","N","N","N","0","","0","0","1","3","2","","2300","2","0","0","0","0","0","0","2","0","2","0","0","0","3","03","","N","","","","","","","","","",""
"2021126913","0826","0","0","0","0","0","0","1","0","0","1","1","","67","12","2021","1","39.977189","-75.265427","0823","6","0","0","0","0","0","0","0","0","","1","0","0","8","1","2","","2","2","39 58:37.880","6","0","75 15:55.536","1","0","0","0","67301","0","0","0","N","0","0","0","3","67301","0","2","1.0","1036.0","1","N","N","N","0","0","2","0","1","3","2","Y","821","2","2","1","1","0","0","0","2","0","2","0","0","0","3","","","N","","","","","","","","","",""
"2021098992","0855","1","0","0","0","0","0","0","0","0","4","0","","67","10","2021","2","40.00768","-75.15158","0851","6","0","0","0","0","0","0","0","0","","0","0","0","8","1","2","","1","0","40 00:27.648","","0","75 09:05.687","4","0","0","0","67301","0","0","0","N","0","0","0","3","67505","2","","1.0","","1","N","N","N","0","","0","0","1","3","2","","851","2","2","0","0","0","0","0","2","0","2","0","0","0","3","03","","N","","","","","","","","","",""
"2021100703","0037","4","0","0","0","0","0","0","0","0","1","0","","67","10","2021","5","39.941278","-75.223331","0035","6","0","0","0","0","0","0","0","0","","0","0","0","0","3","1","N","0","0","39 56:28.600","","0","75 13:23.990","3","0","0","0","67301","0","0","0","N","0","0","0","1","67301","0","","6.0","","1","N","N","N","0","","1","0","0","0","0","","33","4","1","1","0","0","0","0","2","0","4","0","0","0","3","03","","N","","","","","","","","","",""
"2021101568","2302","1","0","0","0","0","0","0","0","0","5","0","","67","10","2021","7","39.955411","-75.148001","2302","6","0","0","0","0","0","0","0","0","","0","0","0","23","3","0","N","0","0","39 57:19.480","","2","75 08:52.805","0","0","0","0","67301","0","0","0","N","0","0","0","3","67501","0","","1.0","","1","N","N","N","0","","0","0","1","0","0","","2302","2","0","0","0","0","0","0","2","0","2","0","0","0","3","","","N","","","","","","","","","",""
"2021101561","0821","1","0","0","0","0","0","0","0","0","4","0","","67","10","2021","5","39.967095","-75.162135","0820","6","0","0","0","0","0","1","0","0","","0","0","0","12","1","2","","1","0","39 58:01.542","","0","75 09:43.685","3","0","0","0","67301","0","0","0","N","0","0","0","3","67301","0","","1.0","","99","N","N","N","0","","1","0","1","3","2","","1215","2","2","0","0","0","1","0","2","0","2","0","0","0","3","03","","N","","","","","","","","","",""
"2021098611","1222","1","0","0","0","0","0","0","0","0","4","0","","67","10","2021","1","40.053562","-75.177976","1222","6","0","0","0","0","1","0","0","0","","0","0","0","0","3","1","","1","1","40 03:12.823","5","0","75 10:40.715","3","0","0","0","67301","0","0","0","N","0","0","0","2","67301","0","","1.0","140.0","9","N","N","N","0","","1","0","1","3","2","Y","21","2","1","2","0","0","0","0","2","0","2","0","0","0","3","03","","N","","","","","","","","","",""
"2021104305","1110","2","0","0","0","0","0","0","0","0","4","0","","67","9","2021","7","40.004551","-75.132065","1110","6","0","0","0","0","0","0","0","0","","0","0","0","11","1","0","","1","0","40 00:16.383","","0","75 07:55.433","0","0","0","0","67301","0","0","0","N","0","0","0","2","67301","0","","1.0","","1","N","N","N","0","","0","0","0","3","2","","1110","2","0","0","0","0","0","0","2","0","2","0","0","0","3","03","","N","","","","","","","","","",""
"2021084157","1925","2","0","0","0","0","0","0","0","0","4","0","","67","9","2021","2","40.030257","-75.170222","1922","6","0","0","0","0","0","0","0","0","","0","0","0","19","1","2","","1","0","40 01:48.925","","0","75 10:12.799","3","0","0","0","67301","0","0","0","N","0","0","0","3","67301","0","","1.0","","1","N","N","N","0","","2","0","0","3","3","","1921","2","2","0","0","0","0","1","2","0","2","0","0","0","3","03","","N","","","","","","","","","",""
"2021089502","1250","1","0","0","0","0","0","0","0","0","1","0","","67","9","2021","4","40.015935","-75.134987","1250","6","0","0","0","0","0","1","0","0","","0","0","0","12","1","0","Y","0","0","40 00:57.367","","0","75 08:05.952","0","0","0","0","67301","0","0","0","N","0","0","0","2","67301","0","","1.0","","1","N","N","N","0","","0","0","1","3","2","","1235","2","0","1","0","0","0","0","2","0","2","0","0","0","3","","","N","","","","","","","","","",""
"2021124413","0852","1","0","0","0","0","0","0","0","0","4","0","","67","12","2021","6","39.967073","-75.243775","0849","6","0","0","0","0","0","0","0","0","","0","0","0","7","1","1","","1","0","39 58:01.462","","0","75 14:37.590","3","0","0","0","67301","0","0","0","N","0","0","0","3","67301","0","","1.0","","1","N","N","N","0","","1","0","1","3","3","","730","2","1","0","0","0","0","0","2","0","2","0","0","0","3","03","","N","","","","","","","","","",""
"2021126621","1840","0","0","0","0","0","0","0","0","0","4","0","","67","12","2021","5","40.054093","-75.049043","1832","6","0","0","0","0","0","1","0","0","","0","0","0","18","3","1","","1","0","40 03:14.733","","0","75 02:56.553","3","0","0","0","67301","0","0","0","N","0","0","0","3","67301","0","","1.0","","1","N","N","N","0","","1","0","1","3","2","","1825","2","1","0","0","0","0","0","2","1","2","0","0","0","3","03","","N","","","","","","","","","",""
"2021121689","1316","0","0","0","0","0","0","0","0","0","0","0","","67","12","2021","4","39.902643","-75.150995","1308","6","0","0","0","0","0","0","0","0","","0","0","0","13","1","1","N","0","2","39 54:09.513","2","0","75 09:03.581","3","0","0","0","67301","0","0","0","N","0","0","0","1","68K01","0","","1.0","1350.0","1","N","N","N","0","","1","0","1","0","0","N","1304","1","1","0","0","0","0","0","2","0","1","0","0","0","3","","","N","","","","","","","","","",""
"2021118858","0800","0","0","0","0","0","0","0","0","0","4","0","","67","12","2021","2","39.957697","-75.162478","0750","6","0","0","0","1","0","0","0","0","","0","0","0","6","5","2","","1","0","39 57:27.710","","2","75 09:44.921","3","0","0","0","67301","0","0","0","N","0","0","0","2","67301","0","","1.0","","1","N","N","N","0","","2","0","2","3","2","","623","2","2","1","0","0","0","0","2","0","2","0","0","0","4","04","","N","","","","","","","","","",""
"2021100675","0114","1","0","0","0","0","0","0","0","0","4","0","","67","10","2021","4","39.970451","-75.150975","0113","6","0","0","0","0","0","0","0","0","","0","0","0","12","1","0","","1","0","39 58:13.623","","1","75 09:03.509","0","0","0","0","67301","0","0","0","N","0","0","0","2","67301","0","","1.0","","1","N","N","N","0","","0","0","1","3","3","","1220","2","0","2","0","0","0","0","2","0","2","0","0","0","3","04","","N","","","","","","","","","",""
"2021114597","0000","1","0","0","0","0","0","0","0","0","4","0","","67","5","2021","6","40.005781","-75.179","","6","0","0","0","0","0","0","0","0","","0","0","0","17","1","2","N","0","0","40 00:20.813","","7","75 10:44.401","3","0","0","0","67301","0","0","0","N","0","0","0","3","00000","0","","1.0","","1","N","N","N","0","","2","0","1","0","0","","1700","2","2","0","0","0","0","0","2","0","2","0","0","0","3","","","N","","","","","","","","","",""
"2021084156","0518","1","0","0","0","0","0","0","0","0","7","0","","67","9","2021","2","39.951","-75.1785","0515","6","0","0","0","1","0","0","0","0","","0","0","0","5","1","0","N","0","0","39 57:03.600","","0","75 10:42.600","9","0","0","0","67301","0","0","0","N","0","0","0","1","67301","0","","4.0","","1","N","N","N","0","","0","0","0","0","0","","500","1","0","0","0","0","0","1","2","0","1","0","0","0","3","03","","N","","","","","","","","","",""
"2021120121","0405","2","0","0","0","0","0","0","0","0","5","0","","67","12","2021","1","39.931872","-75.159672","0357","6","0","0","0","0","0","0","0","0","","0","0","0","3","3","1","N","0","0","39 55:54.740","","0","75 09:34.820","8","0","0","0","67301","0","0","0","N","0","0","0","1","67301","0","","6.0","","1","N","N","N","0","","0","0","0","0","0","","355","3","1","0","0","0","1","0","2","1","3","0","0","0","3","03","","N","","","","","","","","","",""
"2021128257","0005","1","0","0","0","0","0","0","0","0","0","0","","67","12","2021","1","39.986785","-75.1808","2355","6","0","0","0","0","0","1","0","0","","0","0","0","23","3","1","","1","0","39 59:12.426","","0","75 10:50.881","2","0","1","1","67301","0","0","0","N","0","0","0","1","67301","0","","9.0","","1","N","N","N","0","","0","1","0","0","0","","2355","2","1","0","0","0","0","0","2","0","2","0","0","0","3","03","","N","","","","","","","","","",""
"2021115741","0104","0","0","0","0","0","0","0","0","0","1","0","","67","11","2021","1","40.040917","-75.163833","0102","6","0","0","0","0","0","0","0","0","","0","0","0","0","3","0","N","0","0","40 02:27.300","","0","75 09:49.800","0","0","0","0","67301","0","0","0","N","0","0","0","1","67301","0","","6.0","","1","N","N","N","0","","0","0","2","0","0","","58","2","0","0","0","0","0","0","2","0","2","0","0","0","3","03","","N","","","","","","","","","",""
"2021127477","0631","1","0","0","0","0","0","0","0","0","7","0","","67","12","2021","7","39.940426","-75.143136","0620","6","0","0","0","1","0","0","0","0","","0","0","0","6","3","1","N","6","0","39 56:25.534","","2","75 08:35.290","8","0","0","0","67301","0","0","0","N","0","0","0","1","68K01","0","","4.0","","1","N","N","N","0","","0","0","0","0","0","","618","1","1","1","0","0","1","0","2","0","1","0","0","0","3","","","N","","","","","","","","","",""
"2021103561","2146","1","0","0","0","0","0","0","0","0","2","0","","67","10","2021","6","40.016641","-75.149524","2146","6","0","0","0","0","0","0","0","0","","0","0","0","19","3","2","N","0","0","40 00:59.906","","0","75 08:58.288","8","0","0","0","67301","0","0","0","N","0","0","0","2","67301","0","","1.0","","1","N","N","N","0","","0","0","1","0","0","","1950","2","2","0","0","0","2","0","2","0","2","0","0","0","3","03","","N","","","","","","","","","",""
"2021102830","1547","0","0","0","0","0","0","0","0","0","1","0","","67","10","2021","7","39.908278","-75.146861","1543","6","0","0","0","0","0","1","0","0","","0","0","0","15","1","2","N","0","2","39 54:29.800","4","3","75 08:48.700","8","0","0","0","67301","0","0","0","N","0","0","0","3","67501","0","","1.0","1620.0","1","N","N","N","0","","0","0","1","3","8","N","1535","2","2","0","0","0","2","0","2","1","2","0","0","0","3","","","N","","","","","","","","","",""
"2021098558","0703","0","0","0","0","0","0","0","0","0","7","0","","67","10","2021","7","39.890959","-75.221935","0652","6","0","0","0","0","0","1","0","0","","0","0","0","6","1","0","N","0","0","39 53:27.452","","0","75 13:18.965","0","0","0","0","67301","0","0","0","N","0","0","0","1","68K01","0","","3.0","","1","N","N","N","1","","0","0","0","0","0","","651","1","0","0","0","0","0","0","2","0","1","0","0","0","3","03","","N","","","","","","","","","",""
"2021098972","0655","1","0","0","0","0","0","0","0","0","1","0","","67","10","2021","2","39.956136","-75.182989","0645","6","0","0","0","0","0","0","1","0","","0","0","0","6","5","0","","3","1","39 57:22.089","2","0","75 10:58.760","0","0","0","0","67301","0","0","0","N","0","0","0","3","67507","0","","1.0","810.0","1","N","N","N","1","","0","0","1","3","2","N","640","3","0","1","0","0","0","0","2","0","3","0","0","0","3","03","","N","","","","","","","","","",""
"2021127368","2030","1","0","0","0","0","0","0","0","0","8","0","","67","12","2021","5","39.986293","-75.168793","1956","6","0","0","0","0","0","0","0","0","","0","0","0","18","3","1","","1","0","39 59:10.654","","0","75 10:07.654","3","0","0","0","67301","1","0","0","N","1","0","0","2","67301","0","","1.0","","1","N","N","N","0","","1","0","0","0","0","","1836","2","1","0","0","0","0","0","2","0","1","1","0","0","3","03","","N","","","","","","","","","",""
"2021099370","0245","2","0","0","0","0","0","0","0","0","4","0","","67","10","2021","3","39.959468","-75.161976","0239","6","0","0","0","0","0","0","0","0","","0","0","0","2","3","0","","1","0","39 57:34.085","","0","75 09:43.114","0","0","0","0","67301","0","0","0","N","0","0","0","2","67301","0","","1.0","","1","N","N","N","0","","0","0","0","3","2","","238","2","0","0","0","0","0","0","2","0","2","0","0","0","3","","","N","","","","","","","","","",""
"2021126855","1150","1","0","0","0","0","0","0","0","0","1","0","","67","12","2021","1","40.040323","-75.058538","1145","6","0","0","0","0","0","1","0","0","","0","0","0","11","1","0","","1","0","40 02:25.164","","0","75 03:30.737","0","0","0","0","67301","0","0","0","N","0","0","0","2","67301","0","","1.0","","1","N","N","N","1","","0","0","0","3","2","","1122","2","0","0","0","0","0","0","2","0","2","0","0","0","3","04","","N","","","","","","","","","",""
"2021099412","0705","3","0","0","0","0","0","0","0","0","1","0","","67","10","2021","1","40.09286","-74.980996","0700","6","0","0","0","0","0","0","0","0","","0","0","0","6","1","1","N","0","0","40 05:34.297","","0","74 58:51.587","3","0","0","0","67301","0","0","0","N","0","0","0","1","67301","0","","6.0","","1","N","N","N","1","","1","0","0","0","0","","650","4","1","0","0","0","0","0","2","0","4","0","0","0","3","03","","N","","","","","","","","","",""
"2021100176","2004","2","0","0","0","0","0","0","0","0","4","0","","67","10","2021","7","39.910067","-75.163269","2003","6","0","0","0","0","0","0","0","0","","0","0","0","21","3","1","","1","0","39 54:36.241","","2","75 09:47.768","3","0","0","0","67301","0","0","0","N","0","0","0","2","67301","0","","1.0","","1","N","N","N","0","","1","0","0","3","2","","2115","2","1","0","0","0","0","0","2","0","2","0","0","0","3","03","","N","","","","","","","","","",""
"2021084739","0600","1","0","0","0","0","0","0","0","0","4","0","","67","9","2021","4","40.061778","-75.136861","0554","6","0","0","0","0","0","0","0","0","","0","0","0","5","5","2","","1","1","40 03:42.400","2","2","75 08:12.700","3","0","0","0","67301","0","0","0","N","0","0","0","3","67301","0","","1.0","705.0","1","N","N","N","1","","2","0","0","3","2","Y","540","2","2","0","0","0","0","0","2","0","2","0","0","0","3","03","","N","","","","","","","","","",""
"2021121686","1325","1","0","0","0","0","0","0","0","0","3","0","","67","11","2021","2","39.944256","-75.191837","1325","6","0","0","0","0","0","0","0","0","","0","0","0","13","1","0","N","0","1","39 56:39.322","3","0","75 11:30.614","0","0","0","0","67301","0","0","0","N","0","0","0","4","68K01","0","","1.0","1325.0","1","N","N","Y","2","","0","0","0","0","0","N","1318","3","0","0","0","0","0","0","2","0","3","0","0","0","3","","","N","","","","","","","","","",""
"2021118518","1936","1","0","0","0","0","0","0","0","0","4","0","","67","12","2021","7","39.976936","-75.158321","1935","6","0","1","0","0","0","0","0","0","","0","0","0","19","3","0","N","0","0","39 58:36.971","","7","75 09:29.954","9","0","0","0","67301","0","0","0","N","0","0","0","2","67505","0","","1.0","","1","N","N","N","0","","0","0","1","0","0","","1920","2","0","0","0","0","0","2","2","0","2","0","0","0","3","03","","N","","","","","","","","","",""
"2021123965","1425","1","0","1","0","0","0","0","0","0","0","0","","67","12","2021","7","39.93279","-75.151136","1409","6","0","0","0","0","0","0","0","0","","0","0","0","13","1","2","","1","0","39 55:58.043","","0","75 09:04.089","2","0","0","0","67301","0","0","0","N","0","0","0","2","67301","0","","1.0","","9","N","N","N","0","","1","1","3","3","3","","1358","5","2","0","0","0","0","0","2","0","4","0","0","0","7","07","","N","","","","","","","","","",""
"2021107776","2030","1","0","0","0","0","0","0","0","0","4","0","","67","10","2021","2","39.991762","-75.112747","2025","6","0","0","0","0","0","0","0","0","","0","0","0","20","3","1","","1","0","39 59:30.342","","0","75 06:45.889","3","0","0","0","67301","0","0","0","N","0","0","0","3","67301","0","","1.0","","1","N","N","N","0","","1","0","1","3","2","","2020","2","1","0","0","0","0","0","2","0","2","0","0","0","3","03","","N","","","","","","","","","",""
"2021128203","0816","1","0","0","0","0","0","0","0","0","7","0","","67","12","2021","4","39.891628","-75.223179","0810","6","0","0","0","0","0","0","0","0","","0","0","0","8","1","1","Y","0","0","39 53:29.859","","0","75 13:23.446","3","0","0","0","67301","0","0","0","N","0","0","0","1","68K01","0","","4.0","","9","N","N","N","0","","1","0","0","0","0","","805","1","1","0","0","0","0","0","2","0","1","0","0","0","4","04","","N","","","","","","","","","",""