"CRN","ARRIVAL_TM","AUTOMOBILE_COUNT","BELTED_DEATH_COUNT","BELTED_SUSP_SERIOUS_INJ_COUNT","BICYCLE_COUNT","BICYCLE_DEATH_COUNT","BICYCLE_SUSP_SERIOUS_INJ_COUNT","BUS_COUNT","CHLDPAS_DEATH_COUNT","CHLDPAS_SUSP_SERIOUS_INJ_COUNT","COLLISION_TYPE","COMM_VEH_COUNT","CONS_ZONE_SPD_LIM","COUNTY","CRASH_MONTH","CRASH_YEAR","DAY_OF_WEEK","DEC_LATITUDE","DEC_LONGITUDE","DISPATCH_TM","DISTRICT","DRIVER_COUNT_16YR","DRIVER_COUNT_17YR","DRIVER_COUNT_18YR","DRIVER_COUNT_19YR","DRIVER_COUNT_20YR","DRIVER_COUNT_50_64YR","DRIVER_COUNT_65_74YR","DRIVER_COUNT_75PLUS","EST_HRS_CLOSED","FATAL_COUNT","HEAVY_TRUCK_COUNT","HORSE_BUGGY_COUNT","HOUR_OF_DAY","ILLUMINATION","INJURY_COUNT","INTERSECTION_RELATED","INTERSECT_TYPE","LANE_CLOSED","LATITUDE","LN_CLOSE_DIR","LOCATION_TYPE","LONGITUDE","MAX_SEVERITY_LEVEL","MCYCLE_DEATH_COUNT","MCYCLE_SUSP_SERIOUS_INJ_COUNT","MOTORCYCLE_COUNT","MUNICIPALITY","NONMOTR_COUNT","NONMOTR_DEATH_COUNT","NONMOTR_SUSP_SERIOUS_INJ_COUNT","NTFY_HIWY_MAINT","PED_COUNT","PED_DEATH_COUNT","PED_SUSP_SERIOUS_INJ_COUNT","PERSON_COUNT","POLICE_AGCY","POSSIBLE_INJ_COUNT","RDWY_SURF_TYPE_CD","RELATION_TO_ROAD","ROADWAY_CLEARED","ROAD_CONDITION","SCH_BUS_IND","SCH_ZONE_IND","SECONDARY_CRASH","SMALL_TRUCK_COUNT","SPEC_JURIS_CD","SUSP_MINOR_INJ_COUNT","SUSP_SERIOUS_INJ_COUNT","SUV_COUNT","TCD_FUNC_CD","TCD_TYPE","TFC_DETOUR_IND","TIME_OF_DAY","TOTAL_UNITS","TOT_INJ_COUNT","UNBELTED_OCC_COUNT","UNB_DEATH_COUNT","UNB_SUSP_SERIOUS_INJ_COUNT","UNK_INJ_DEG_COUNT","UNK_INJ_PER_COUNT","URBAN_RURAL","VAN_COUNT","VEHICLE_COUNT","VULNERABLE_ROAD_USER_COUNT","VULNERABLE_ROAD_USER_DEATH_COUNT","VULNERABLE_ROAD_USER_SER_INJ_COUNT","WEATHER1","WEATHER2","WORKERS_PRES","WORK_ZONE_IND","WORK_ZONE_LOC","WORK_ZONE_TYPE","WZ_CLOSE_DETOUR","WZ_FLAGGER","WZ_LAW_OFFCR_IND","WZ_LN_CLOSURE","WZ_MOVING","WZ_OTHER","WZ_SHLDER_MDN","WZ_WORKERS_INJ_KILLED"
"2021102533","1857","1","0","0","0","0","0","0","0","0","2","0","","67","9","2021","2","40.017411","-75.140759","1856","6","0","0","0","0","0","1","0","0","","0","0","0","18","1","1","","2","0","40 01:02.679","","0","75 08:26.732","4","0","0","0","67301","0","0","0","N","0","0","0","2","67301","1","","1.0","","1","N","N","N","0","","0","0","0","0","0","","1855","2","1","0","0","0","0","0","2","1","2","0","0","0","3","03","","N","","","","","","","","","",""
"2021117126","1710","1","0","0","0","0","0","0","0","0","4","0","","67","11","2021","3","40.047508","-75.142894","1702","6","0","0","0","0","0","1","0","0","","0","0","0","17","3","2","","1","1","40 02:51.028","2","0","75 08:34.417","3","0","0","0","67301","0","0","0","N","0","0","0","2","67301","0","","1.0","1850.0","1","N","N","N","0","","2","0","1","3","2","Y","1700","2","2","0","0","0","0","0","2","0","2","0","0","0","3","03","","N","","","","","","","","","",""
"2021084734","1051","0","0","0","0","0","0","0","0","0","4","0","","67","9","2021","3","40.017042","-75.17168","1051","6","0","0","0","0","0","1","0","0","","0","0","0","10","1","1","N","0","1","40 01:01.350","2","0","75 10:18.048","8","0","0","0","67301","0","0","0","N","0","0","0","5","67301","0","","1.0","1157.0","1","N","N","N","0","","0","0","1","0","0","N","1045","2","1","4","0","0","1","0","2","1","2","0","0","0","3","03","","N","","","","","","","","","",""
"2021119421","2004","0","0","0","1","0","0","0","0","0","8","0","","67","12","2021","1","39.950351","-75.199385","2000","6","0","0","0","0","0","0","0","0","","0","0","0","9","1","1","N","0","0","39 57:01.263","","0","75 11:57.785","3","0","0","0","67301","1","0","0","N","0","0","0","2","67301","0","","1.0","","1","N","N","N","0","","1","0","0","3","2","","940","2","1","0","0","0","0","1","2","1","1","1","0","0","3","","","N","","","","","","","","","",""
"2021120797","1550","1","0","0","0","0","0","0","0","0","4","0","","67","12","2021","7","40.02811","-75.184556","1537","6","0","0","1","0","0","0","1","0","","0","0","0","13","1","2","N","0","0","40 01:41.197","","7","75 11:04.400","3","0","0","0","67301","0","0","0","N","0","0","0","3","67301","0","","1.0","","1","N","N","N","0","","1","0","1","0","0","","1350","2","2","1","0","0","1","1","2","0","2","0","0","0","3","03","","N","","","","","","","","","",""
"2021098099","0800","2","0","0","0","0","0","0","0","0","4","0","","67","10","2021","6","39.975433","-75.191828","0757","6","0","0","0","0","0","0","1","0","","0","0","0","7","1","2","N","0","0","39 58:31.558","","7","75 11:30.581","3","0","0","0","67301","0","0","0","N","0","0","0","4","67301","0","","1.0","","1","N","N","N","0","","2","0","1","0","0","","733","3","2","0","0","0","0","0","2","0","3","0","0","0","3","03","","N","","","","","","","","","",""
"2021111817","1540","0","0","0","0","0","0","0","0","0","4","0","","67","10","2021","3","39.940168","-75.197911","1533","6","0","0","0","0","0","0","0","0","","0","0","0","14","1","1","N","0","0","39 56:24.605","","7","75 11:52.480","4","0","0","1","67301","0","0","0","N","0","0","0","2","67301","1","","1.0","","1","N","N","N","1","","0","0","0","0","0","","1423","2","1","0","0","0","0","0","2","0","2","0","0","0","3","03","","N","","","","","","","","","",""
"2021116833","1155","0","0","0","0","0","0","0","0","0","8","0","","67","12","2021","4","39.984681","-75.156494","1154","6","0","0","0","0","0","0","0","0","","0","0","0","11","1","1","","1","0","39 59:04.850","","0","75 09:23.377","3","0","0","0","67301","1","0","0","N","1","0","0","2","67505","0","","1.0","","1","N","N","N","0","","1","0","1","3","2","","1138","2","1","0","0","0","0","1","2","0","1","1","0","0","3","03","","N","","","","","","","","","",""
"2021118263","2227","2","0","0","0","0","0","0","0","0","4","0","","67","12","2021","6","39.984506","-75.159957","2225","6","0","0","0","0","0","0","0","0","","0","0","0","22","3","0","","1","0","39 59:04.221","","0","75 09:35.845","0","0","0","0","67301","0","0","0","N","0","0","0","2","67505","0","","1.0","","1","N","N","N","0","","0","0","0","3","3","","2223","2","0","0","0","0","0","0","2","0","2","0","0","0","3","03","","N","","","","","","","","","",""
"2021118215","1206","2","0","0","0","0","0","0","0","0","4","0","","67","12","2021","5","39.922944","-75.238167","1205","6","0","0","0","0","0","0","0","0","","0","0","0","12","1","0","N","0","0","39 55:22.600","","7","75 14:17.400","9","0","0","0","67301","0","0","0","N","0","0","0","2","67301","0","","1.0","","1","N","N","N","1","","0","0","0","0","0","","1200","3","0","0","0","0","0","1","2","0","3","0","0","0","3","98","","N","","","","","","","","","",""
"2021087449","0058","2","0","0","0","0","0","0","0","0","4","0","","67","9","2021","7","39.996421","-75.12578","0057","6","0","0","0","0","0","0","0","0","","0","0","0","0","3","1","","1","0","39 59:47.115","","0","75 07:32.807","3","0","0","0","67301","0","0","0","N","0","0","0","2","67301","0","","1.0","","1","N","N","N","0","","1","0","0","3","3","","57","2","1","1","0","0","0","0","2","0","2","0","0","0","3","","","N","","","","","","","","","",""
"2021117149","1415","0","0","0","0","0","0","0","0","0","4","0","","67","11","2021","3","39.959446","-75.239265","1415","6","0","0","0","0","0","0","0","0","","0","0","0","12","1","0","","1","0","39 57:34.005","","0","75 14:21.353","0","0","0","0","67301","0","0","0","N","0","0","0","3","67301","0","","1.0","","1","N","N","N","0","","0","0","2","3","3","","1245","2","0","0","0","0","0","0","2","0","2","0","0","0","3","03","","N","","","","","","","","","",""
"2021084714","1557","1","0","0","0","0","0","0","0","0","5","0","","67","9","2021","1","40.036056","-75.088083","1549","6","0","0","0","0","0","0","0","0","","0","0","0","14","1","1","N","0","0","40 02:09.800","","0","75 05:17.100","3","0","0","0","67301","0","0","0","N","0","0","0","1","67301","0","","6.0","","99","N","N","N","1","","1","0","0","0","0","","1441","3","1","0","0","0","0","0","2","1","3","0","0","0","99","","","N","","","","","","","","","",""
"2021120814","2200","0","0","0","0","0","0","0","0","0","7","0","","67","12","2021","2","40.013615","-75.152638","2155","6","0","0","0","0","0","0","0","0","","0","0","0","21","3","0","N","0","0","40 00:49.015","","0","75 09:09.495","0","0","0","0","67301","0","0","0","N","0","0","0","1","67301","0","","4.0","","9","N","N","N","0","","0","0","0","0","0","","2150","1","0","0","0","0","0","0","2","1","1","0","0","0","7","07","","N","","","","","","","","","",""
"2021124400","0845","2","0","0","0","0","0","0","0","0","5","0","","67","12","2021","1","39.981242","-75.222799","0833","6","0","0","0","0","0","0","0","0","","0","0","0","6","1","0","N","0","0","39 58:52.470","","0","75 13:22.076","9","0","0","0","67301","0","0","0","N","0","0","0","1","67301","0","","6.0","","1","N","N","N","0","","0","0","4","0","0","","656","6","0","0","0","0","0","1","2","0","6","0","0","0","3","03","","N","","","","","","","","","",""
"2021116448","2153","1","0","0","0","0","0","0","0","0","7","0","","67","11","2021","2","40.026216","-75.094839","2147","6","0","0","0","0","0","0","0","0","","0","0","0","21","3","0","N","0","0","40 01:34.377","","0","75 05:41.420","0","0","0","0","67301","0","0","0","N","0","0","0","1","67301","0","","3.0","","1","N","N","N","0","","0","0","0","0","0","","2144","1","0","0","0","0","0","0","2","0","1","0","0","0","3","03","","N","","","","","","","","","",""
"2021122913","0251","1","0","0","0","0","0","0","0","0","7","0","","67","12","2021","1","39.911771","-75.149116","0241","6","0","0","0","0","0","0","0","0","","0","0","0","2","3","1","N","0","0","39 54:42.376","","2","75 08:56.816","4","0","0","0","67301","0","0","0","N","0","0","0","1","68K01","1","","2.0","","1","N","N","N","0","","0","0","0","0","0","","240","1","1","0","0","0","0","0","2","0","1","0","0","0","3","","","N","","","","","","","","","",""
"2021083250","0355","1","0","0","0","0","0","0","0","0","7","0","","67","9","2021","7","39.949732","-75.167339","0352","6","0","0","0","0","0","0","0","0","","0","0","0","3","3","1","N","0","0","39 56:59.036","","0","75 10:02.419","8","0","0","0","67301","0","0","0","N","0","0","0","1","67301","0","","4.0","","1","N","N","N","0","","0","0","0","0","0","","350","1","1","0","0","0","1","0","2","0","1","0","0","0","3","03","","N","","","","","","","","","",""
"2021121220","1807","0","0","0","0","0","0","0","0","0","8","0","","67","12","2021","4","40.019822","-75.110512","1807","6","0","0","0","0","0","0","0","0","","0","0","0","15","1","1","","2","0","40 01:11.359","","6","75 06:37.843","3","0","0","0","67301","1","0","0","N","1","0","0","2","67301","0","","1.0","","1","N","N","N","1","","1","0","0","3","2","","1500","2","1","1","0","0","0","0","2","0","1","1","0","0","3","03","","N","","","","","","","","","",""
"2021100168","2125","1","0","0","0","0","0","0","0","0","1","0","","67","10","2021","3","40.030072","-75.112103","2118","6","0","0","0","0","0","0","0","0","","0","0","0","21","3","1","N","0","0","40 01:48.260","","0","75 06:43.570","3","0","0","0","67301","0","0","0","N","0","0","0","1","67301","0","","6.0","","1","N","N","N","0","","1","0","0","0","0","","2100","2","1","0","0","0","0","0","2","1","2","0","0","0","3","","","N","","","","","","","","","",""
"2021114673","0601","0","0","0","0","0","0","0","0","0","8","0","","67","9","2021","1","40.007942","-75.172302","0600","6","0","0","0","0","0","0","0","0","","0","0","0","14","1","1","","1","0","40 00:28.592","","0","75 10:20.286","3","0","0","0","67301","1","0","0","N","1","0","0","2","67301","0","","1.0","","1","N","N","N","0","","1","0","1","3","2","","1400","2","1","0","0","0","0","0","2","0","1","1","0","0","3","03","","N","","","","","","","","","",""
"2021125620","1749","4","0","0","0","0","0","0","0","0","1","0","","67","12","2021","7","40.008521","-75.20309","1749","6","0","0","0","0","0","0","0","0","","0","0","0","17","3","0","N","0","0","40 00:30.674","","0","75 12:11.125","0","0","0","0","67301","0","0","0","N","0","0","0","8","68K01","0","","1.0","","9","N","N","N","0","","0","0","0","0","0","","1703","4","0","0","0","0","0","0","2","0","4","0","0","0","7","","","N","","","","","","","","","",""
"2021087547","1746","1","0","0","0","0","0","0","0","0","8","0","","67","9","2021","3","40.054821","-75.152728","1744","6","0","0","0","0","0","1","0","0","","0","0","0","17","1","1","","1","0","40 03:17.355","","0","75 09:09.820","3","0","0","0","67301","1","0","0","N","1","0","0","2","67301","0","","1.0","","1","N","N","N","0","","1","0","0","3","2","","1720","2","1","1","0","0","0","0","2","0","1","1","0","0","3","03","","N","","","","","","","","","",""
"2021118958","2020","3","0","0","0","0","0","0","0","0","4","0","","67","12","2021","1","40.040916","-75.187325","2020","6","0","0","0","0","0","0","1","0","","0","0","0","19","3","1","","1","1","40 02:27.297","3","0","75 11:14.370","3","0","0","0","67301","0","0","0","N","0","0","0","2","67301","0","","1.0","2100.0","1","N","N","Y","0","","1","0","1","3","2","N","1950","4","1","0","0","0","0","0","2","0","4","0","0","0","3","","","N","","","","","","","","","",""
"2021127328","1414","1","0","0","0","0","0","0","0","0","1","0","","67","12","2021","5","40.030186","-75.022115","1347","6","0","0","0","0","0","1","0","0","","0","0","0","13","1","0","N","0","1","40 01:48.668","2","0","75 01:19.614","0","0","0","0","67301","0","0","0","N","0","0","0","2","68K01","0","","1.0","1500.0","1","N","N","N","1","","0","0","0","0","0","N","1347","2","0","0","0","0","0","0","2","0","2","0","0","0","3","03","","N","","","","","","","","","",""
"2021116086","1400","2","0","0","0","0","0","0","0","0","4","0","","67","11","2021","1","39.99562","-75.167583","1335","6","0","0","0","0","0","1","0","0","","0","0","0","13","1","0","","1","0","39 59:44.232","","0","75 10:03.297","0","0","0","0","67301","0","0","0","N","0","0","0","3","67301","0","","1.0","","1","N","N","N","0","","0","0","0","3","1","","1335","2","0","3","0","0","0","0","2","0","2","0","0","0","3","03","","N","","","","","","","","","",""
"2021120663","0058","1","0","0","0","0","0","0","0","0","1","0","","67","11","2021","2","39.993852","-75.153861","0058","6","0","0","0","0","0","0","0","0","","0","0","0","23","3","0","N","0","0","39 59:37.866","","0","75 09:13.900","9","0","0","0","67301","0","0","0","N","0","0","0","2","67301","0","","1.0","","1","N","N","N","0","","0","0","1","0","0","","2336","2","0","0","0","0","0","1","2","0","2","0","0","0","3","","","N","","","","","","","","","",""
"2021117116","1815","1","0","0","0","0","0","0","0","0","8","0","","67","11","2021","3","40.037664","-75.042522","1810","6","0","0","0","0","0","0","0","0","","0","0","0","17","3","1","","1","0","40 02:15.591","","0","75 02:33.078","3","0","0","0","67301","1","0","0","N","1","0","0","2","67301","0","","1.0","","1","N","N","N","0","","1","0","0","3","2","","1745","2","1","0","0","0","0","1","2","0","1","1","0","0","3","","","N","","","","","","","","","",""
"2021107931","1205","1","0","0","0","0","0","0","0","0","4","0","","67","10","2021","2","39.976106","-75.238574","1140","6","0","0","0","0","0","0","0","0","","0","0","0","11","1","1","","1","0","39 58:33.981","","0","75 14:18.866","3","0","0","0","67301","0","0","0","N","0","0","0","3","67508","0","","1.0","","1","N","N","Y","0","","1","0","0","3","2","","1140","2","1","0","0","0","0","0","2","0","2","0","0","0","3","03","","N","","","","","","","","","",""
"2021084728","1810","1","0","0","0","0","0","0","0","0","7","0","","67","9","2021","2","39.968833","-75.2506","1800","6","0","0","0","0","0","0","1","0","","0","0","0","17","1","0","N","0","0","39 58:07.800","","0","75 15:02.160","0","0","0","0","67301","0","0","0","N","0","0","0","1","67301","0","","4.0","","1","N","N","N","0","","0","0","0","0","0","","1757","1","0","0","0","0","0","0","2","0","1","0","0","0","3","","","N","","","","","","","","","",""
"2021128268","1650","1","0","0","0","0","0","0","0","0","1","0","","67","12","2021","1","40.028803","-75.100419","1646","6","0","0","0","0","0","0","1","0","","0","0","0","15","1","1","N","0","0","40 01:43.689","","0","75 06:01.509","2","0","0","0","67301","0","0","0","N","0","0","0","1","67301","0","","1.0","","99","N","N","N","0","","0","1","1","0","0","","1530","2","1","0","0","0","0","0","2","0","2","0","0","0","99","","","N","","","","","","","","","",""
"2021124437","1156","1","0","0","0","0","0","0","0","0","4","0","","67","12","2021","7","40.0486","-75.151513","1156","6","0","0","0","0","0","1","0","0","","0","0","0","11","1","1","","1","0","40 02:54.960","","0","75 09:05.446","3","0","0","0","67301","0","0","0","N","0","0","0","2","67301","0","","1.0","","9","N","N","N","0","","1","0","1","3","3","","1103","2","1","0","0","0","0","1","2","0","2","0","0","0","4","03","","N","","","","","","","","","",""
"2021083506","0430","1","0","0","0","0","0","0","0","0","1","0","","67","9","2021","7","39.975576","-75.212825","0421","6","0","0","0","0","0","0","0","0","","0","0","0","4","3","0","N","0","0","39 58:32.075","","0","75 12:46.169","0","0","0","0","67301","0","0","0","N","0","0","0","1","67301","0","","6.0","","1","N","N","N","0","","0","0","0","0","0","","419","2","0","0","0","0","0","0","2","0","2","0","0","0","3","","","N","","","","","","","","","",""
"2021087573","1700","0","0","0","0","0","0","0","0","0","8","0","","67","9","2021","4","39.94907","-75.21293","1650","6","0","0","0","0","0","0","0","0","","0","0","0","22","3","1","","1","0","39 56:56.653","","0","75 12:46.547","3","0","0","0","67301","1","0","0","N","1","0","0","2","67301","0","","1.0","","1","N","N","N","1","","1","0","0","3","2","","2200","2","1","0","0","0","0","1","2","0","1","1","0","0","3","","","N","","","","","","","","","",""
"2021083739","1630","1","0","0","0","0","0","0","0","0","4","0","","67","9","2021","1","40.065073","-75.154896","1627","6","0","0","0","0","0","1","0","0","","0","0","0","15","1","0","","2","0","40 03:54.262","","0","75 09:17.625","0","0","0","0","67301","0","0","0","N","0","0","0","1","67301","0","","1.0","","9","N","N","N","0","","0","0","2","3","2","","1558","3","0","0","0","0","0","0","2","0","3","0","0","0","7","07","","N","","","","","","","","","",""
"2021116016","0354","2","0","0","0","0","0","0","0","0","7","0","","67","11","2021","1","40.036959","-75.175777","0353","6","0","0","0","0","0","0","0","0","","0","0","0","3","3","1","N","0","2","40 02:13.054","5","0","75 10:32.797","3","0","0","0","67301","0","0","0","N","0","0","0","1","67301","0","","4.0","415.0","1","N","N","N","0","","1","0","2","0","0","Y","353","4","1","0","0","0","0","0","2","0","4","0","0","0","3","03","","N","","","","","","","","","",""
"2021120646","1335","1","0","0","0","0","0","0","0","0","4","0","","67","12","2021","7","40.002109","-75.132573","1335","6","0","0","0","1","0","0","0","0","","0","0","0","12","1","0","","1","0","40 00:07.592","","0","75 07:57.262","0","0","0","0","67301","0","0","0","N","0","0","0","2","67301","0","","1.0","","1","N","N","N","0","","0","0","2","3","2","","1228","3","0","1","0","0","0","0","2","0","3","0","0","0","3","03","","N","","","","","","","","","",""
"2021128623","1830","1","0","0","0","0","0","0","0","0","4","0","","67","12","2021","5","39.946562","-75.246007","1830","6","0","0","0","0","0","0","0","0","","0","0","0","18","3","1","","1","0","39 56:47.623","","0","75 14:45.625","3","0","0","0","67301","0","0","0","N","0","0","0","4","67301","0","","1.0","","1","N","N","N","0","","1","0","2","3","2","","1830","3","1","0","0","0","0","0","2","0","3","0","0","0","3","03","","N","","","","","","","","","",""
"2021101093","0135","1","0","0","1","0","0","0","0","0","8","0","","67","10","2021","7","39.947766","-75.225373","0132","6","0","0","0","0","0","0","0","0","","0","0","0","1","3","1","","1","0","39 56:51.959","","0","75 13:31.342","8","0","0","0","67301","1","0","0","N","0","0","0","2","67301","0","","1.0","","1","N","N","N","0","","0","0","0","0","0","","108","2","1","0","0","0","1","0","2","0","1","1","0","0","3","03","","N","","","","","","","","","",""
"2021124749","0536","5","0","0","0","0","0","0","0","0","4","0","","67","12","2021","6","39.97674","-75.129093","0534","6","0","0","0","0","0","0","0","0","","0","0","0","5","3","0","","1","2","39 58:36.263","2","0","75 07:44.734","0","0","0","0","67301","0","0","0","N","0","0","0","1","67301","0","","1.0","700.0","1","N","N","N","0","","0","0","3","3","3","Y","532","8","0","0","0","0","0","0","2","0","8","0","0","0","3","","","N","","","","","","","","","",""
"2021118887","1900","0","0","0","1","0","0","0","0","0","8","0","","67","12","2021","6","39.942634","-75.148958","1900","6","0","0","0","0","0","0","0","0","","0","0","0","16","3","1","","1","0","39 56:33.482","","0","75 08:56.248","8","0","0","0","67301","1","0","0","N","0","0","0","2","67301","0","","1.0","","99","N","N","N","0","","0","0","1","3","2","","1645","3","1","0","0","0","1","0","2","0","2","1","0","0","99","03","","N","","","","","","","","","",""
"2021118315","0224","1","0","0","0","0","0","0","0","0","8","0","","67","12","2021","7","40.044086","-75.128829","0223","6","0","0","0","0","0","0","0","0","","0","0","0","2","3","1","","1","0","40 02:38.709","","0","75 07:43.784","3","0","0","0","67301","1","0","0","N","1","0","0","2","67301","0","","1.0","","1","N","N","N","0","","1","0","0","3","2","","220","2","1","0","0","0","0","0","2","0","1","1","0","0","3","","","N","","","","","","","","","",""
"2021120636","1425","2","0","0","0","0","0","0","0","0","4","0","","67","12","2021","2","40.030129","-75.035161","1420","6","0","0","1","0","0","0","0","0","","0","0","0","14","1","2","","1","0","40 01:48.464","","0","75 02:06.579","3","0","0","0","67301","0","0","0","N","0","0","0","2","67301","0","","1.0","","1","N","N","N","0","","2","0","0","3","2","","1414","2","2","0","0","0","0","0","2","0","2","0","0","0","3","03","","N","","","","","","","","","",""
"2021118248","1845","1","0","0","0","0","0","0","0","0","4","0","","67","12","2021","5","40.006025","-75.091515","1823","6","0","0","0","0","0","0","0","0","","0","0","0","18","3","1","N","0","0","40 00:21.690","","7","75 05:29.453","3","0","0","0","67301","0","0","0","N","0","0","0","2","67301","0","","1.0","","1","N","N","N","0","","1","0","1","0","0","","1823","2","1","1","0","0","0","1","2","0","2","0","0","0","3","03","","N","","","","","","","","","",""
"2021116607","0103","0","0","0","0","0","0","0","0","0","1","0","","67","10","2021","1","39.984591","-75.095625","0056","6","0","0","0","0","0","0","0","0","","0","0","0","0","3","3","N","0","1","39 59:04.528","2","0","75 05:44.251","8","0","0","0","67301","0","0","0","N","0","0","0","4","68K01","0","","1.0","210.0","1","N","N","N","0","","0","0","2","0","0","N","56","2","3","3","0","0","3","0","2","0","2","0","0","0","3","","","N","","","","","","","","","",""
"2021090251","1526","1","0","0","0","0","0","0","0","0","1","0","55","67","9","2021","3","39.967107","-75.133046","1454","6","0","1","0","0","0","1","0","0","","0","0","0","14","1","1","N","0","0","39 58:01.586","","0","75 07:58.966","3","0","0","0","67301","0","0","0","N","0","0","0","3","68K01","0","","1.0","","1","N","N","N","0","","1","0","1","0","0","","1451","2","1","0","0","0","0","0","2","0","2","0","0","0","3","03","N","Y","4","1","","","N","","","","Y","N"
"2021083327","1445","2","0","0","0","0","0","0","0","0","4","0","","67","9","2021","7","39.966238","-75.137009","1445","6","0","0","0","0","0","0","0","0","","0","0","0","14","1","2","","1","0","39 57:58.456","","1","75 08:13.232","3","0","0","0","67301","0","0","0","N","0","0","0","2","67508","0","","1.0","","1","N","N","N","0","","2","0","0","3","3","","1443","2","2","0","0","0","0","0","2","0","2","0","0","0","3","03","","N","","","","","","","","","",""
"2021118136","1804","1","0","0","0","0","0","0","0","0","1","0","","67","11","2021","3","39.997211","-75.081888","1755","6","0","0","1","0","0","0","1","1","","0","0","0","17","3","1","N","0","1","39 59:49.958","1","0","75 04:54.796","8","0","0","0","67301","0","0","0","N","0","0","0","3","68K01","0","","1.0","1810.0","1","N","N","N","0","","0","0","2","0","0","N","1750","3","1","0","0","0","1","0","2","0","3","0","0","0","4","04","","N","","","","","","","","","",""
"2021128514","2059","1","0","0","0","0","0","0","0","0","4","0","","67","12","2021","5","39.940419","-75.187489","2058","6","0","0","0","0","0","1","0","0","","0","0","0","20","3","1","","3","0","39 56:25.510","","0","75 11:14.960","3","0","0","0","67301","0","0","0","N","0","0","0","2","67301","0","","1.0","","1","N","N","N","0","","1","0","1","3","2","","2045","2","1","0","0","0","0","0","2","0","2","0","0","0","3","","","N","","","","","","","","","",""
"2021084029","1208","0","0","0","1","0","0","0","0","0","8","0","","67","9","2021","3","39.956417","-75.189333","1204","6","0","0","0","0","0","1","0","0","","0","0","0","12","1","1","N","0","0","39 57:23.100","","0","75 11:21.600","3","0","0","0","67301","1","0","0","N","0","0","0","2","67507","0","","1.0","","1","N","N","N","0","","1","0","1","3","4","","1200","2","1","0","0","0","0","0","2","0","1","1","0","0","3","03","","N","","","","","","","","","",""
"2021084831","1630","1","0","1","0","0","0","0","0","0","7","0","","67","9","2021","4","39.933664","-75.231537","1627","6","0","0","0","0","0","0","0","0","","0","0","0","16","1","1","","1","0","39 56:01.190","","0","75 13:53.533","2","0","0","0","67301","0","0","0","N","0","0","0","1","67301","0","","5.0","","1","N","N","N","0","","0","1","0","3","3","","1627","1","1","0","0","0","0","0","2","0","1","0","0","0","3","03","","N","","","","","","","","","",""
"2021120793","0415","1","0","0","0","0","0","0","0","0","5","0","","67","12","2021","7","40.026073","-75.168918","0403","6","0","0","0","0","0","0","0","0","","0","0","0","4","3","0","N","0","0","40 01:33.864","","0","75 10:08.105","0","0","0","0","67301","0","0","0","N","0","0","0","1","67301","0","","6.0","","1","N","N","N","0","","0","0","2","0","0","","400","3","0","0","0","0","0","0","2","0","3","0","0","0","3","03","","N","","","","","","","","","",""
"2021118771","0226","1","0","0","1","0","0","0","0","0","8","0","","67","12","2021","1","39.944113","-75.153515","0223","6","0","0","0","0","0","1","0","0","","0","0","0","1","3","1","","1","0","39 56:38.805","","0","75 09:12.654","3","0","0","0","67301","1","0","0","N","0","0","0","2","67301","0","","1.0","","1","N","N","N","0","","1","0","0","3","2","","132","2","1","0","0","0","0","0","2","0","1","1","0","0","3","03","","N","","","","","","","","","",""
"2021117834","0407","1","0","0","0","0","0","0","0","0","4","0","","67","12","2021","5","40.02653","-75.097542","0357","6","0","0","0","0","0","0","1","0","","0","0","0","3","3","1","","1","1","40 01:35.508","1","0","75 05:51.151","3","0","0","0","67301","0","0","0","N","0","0","0","2","67301","0","","1.0","435.0","1","N","N","N","0","","1","0","0","3","2","N","355","2","1","0","0","0","0","0","2","1","2","0","0","0","3","03","","N","","","","","","","","","",""
"2021083803","1120","1","0","0","0","0","0","0","0","0","4","0","","67","9","2021","1","40.025367","-75.036451","1115","6","0","0","0","0","0","1","0","0","","0","0","0","10","1","0","","2","0","40 01:31.321","","0","75 02:11.225","0","0","0","0","67301","0","0","0","N","0","0","0","2","67301","0","","1.0","","1","N","N","N","0","","0","0","1","3","3","","1050","2","0","0","0","0","0","0","2","0","2","0","0","0","3","03","","N","","","","","","","","","",""
"2021087736","2350","3","0","0","0","0","0","0","0","0","4","0","","67","9","2021","1","40.000936","-75.166408","2340","6","0","0","0","1","0","0","0","0","","0","0","0","23","3","1","","1","0","40 00:03.369","","0","75 09:59.068","4","0","0","0","67301","0","0","0","N","0","0","0","3","67301","1","","1.0","","1","N","N","N","0","","0","0","0","3","3","","2300","3","1","0","0","0","0","1","2","0","3","0","0","0","3","03","","N","","","","","","","","","",""
"2021127591","2351","0","0","2","0","0","0","0","0","0","7","0","","67","8","2021","5","40.075617","-75.233811","2341","6","0","0","0","0","0","0","0","0","","0","0","0","23","3","2","N","0","0","40 04:32.220","","0","75 14:01.720","2","0","0","0","67301","0","0","0","N","0","0","0","2","67301","0","","4.0","","1","N","N","N","0","","0","2","1","0","0","","2301","1","2","0","0","0","0","0","2","0","1","0","0","0","3","03","","N","","","","","","","","","",""
"2021120807","0445","0","0","0","0","0","0","0","0","0","7","0","","67","12","2021","1","40.001758","-75.185443","0437","6","0","0","0","0","0","0","0","0","","0","0","0","4","3","0","N","0","0","40 00:06.328","","0","75 11:07.596","0","0","0","0","67301","0","0","0","N","0","0","0","1","67301","0","","4.0","","1","N","N","N","0","","0","0","1","0","0","","425","1","0","0","0","0","0","0","2","0","1","0","0","0","3","03","","N","","","","","","","","","",""