"CRN","ARRIVAL_TM","AUTOMOBILE_COUNT","BELTED_DEATH_COUNT","BELTED_SUSP_SERIOUS_INJ_COUNT","BICYCLE_COUNT","BICYCLE_DEATH_COUNT","BICYCLE_SUSP_SERIOUS_INJ_COUNT","BUS_COUNT","CHLDPAS_DEATH_COUNT","CHLDPAS_SUSP_SERIOUS_INJ_COUNT","COLLISION_TYPE","COMM_VEH_COUNT","CONS_ZONE_SPD_LIM","COUNTY","CRASH_MONTH","CRASH_YEAR","DAY_OF_WEEK","DEC_LATITUDE","DEC_LONGITUDE","DISPATCH_TM","DISTRICT","DRIVER_COUNT_16YR","DRIVER_COUNT_17YR","DRIVER_COUNT_18YR","DRIVER_COUNT_19YR","DRIVER_COUNT_20YR","DRIVER_COUNT_50_64YR","DRIVER_COUNT_65_74YR","DRIVER_COUNT_75PLUS","EST_HRS_CLOSED","FATAL_COUNT","HEAVY_TRUCK_COUNT","HORSE_BUGGY_COUNT","HOUR_OF_DAY","ILLUMINATION","INJURY_COUNT","INTERSECTION_RELATED","INTERSECT_TYPE","LANE_CLOSED","LATITUDE","LN_CLOSE_DIR","LOCATION_TYPE","LONGITUDE","MAX_SEVERITY_LEVEL","MCYCLE_DEATH_COUNT","MCYCLE_SUSP_SERIOUS_INJ_COUNT","MOTORCYCLE_COUNT","MUNICIPALITY","NONMOTR_COUNT","NONMOTR_DEATH_COUNT","NONMOTR_SUSP_SERIOUS_INJ_COUNT","NTFY_HIWY_MAINT","PED_COUNT","PED_DEATH_COUNT","PED_SUSP_SERIOUS_INJ_COUNT","PERSON_COUNT","POLICE_AGCY","POSSIBLE_INJ_COUNT","RDWY_SURF_TYPE_CD","RELATION_TO_ROAD","ROADWAY_CLEARED","ROAD_CONDITION","SCH_BUS_IND","SCH_ZONE_IND","SECONDARY_CRASH","SMALL_TRUCK_COUNT","SPEC_JURIS_CD","SUSP_MINOR_INJ_COUNT","SUSP_SERIOUS_INJ_COUNT","SUV_COUNT","TCD_FUNC_CD","TCD_TYPE","TFC_DETOUR_IND","TIME_OF_DAY","TOTAL_UNITS","TOT_INJ_COUNT","UNBELTED_OCC_COUNT","UNB_DEATH_COUNT","UNB_SUSP_SERIOUS_INJ_COUNT","UNK_INJ_DEG_COUNT","UNK_INJ_PER_COUNT","URBAN_RURAL","VAN_COUNT","VEHICLE_COUNT","VULNERABLE_ROAD_USER_COUNT","VULNERABLE_ROAD_USER_DEATH_COUNT","VULNERABLE_ROAD_USER_SER_INJ_COUNT","WEATHER1","WEATHER2","WORKERS_PRES","WORK_ZONE_IND","WORK_ZONE_LOC","WORK_ZONE_TYPE","WZ_CLOSE_DETOUR","WZ_FLAGGER","WZ_LAW_OFFCR_IND","WZ_LN_CLOSURE","WZ_MOVING","WZ_OTHER","WZ_SHLDER_MDN","WZ_WORKERS_INJ_KILLED"
"2021124399","2120","0","0","0","0","0","0","0","0","0","8","0","","67","12","2021","5","39.97228","-75.248343","2117","6","0","0","0","0","0","1","0","0","","0","0","0","21","3","1","N","0","0","39 58:20.208","","0","75 14:54.035","3","0","0","0","67301","1","0","0","N","1","0","0","2","67301","0","","1.0","","1","N","N","N","1","","1","0","0","0","0","","2112","2","1","0","0","0","0","0","2","0","1","1","0","0","3","03","","N","","","","","","","","","",""
"2021099953","1900","1","0","0","0","0","0","0","0","0","1","0","","67","9","2021","2","40.008796","-75.147623","1900","6","0","0","0","0","0","0","0","0","","0","0","0","18","1","1","","1","0","40 00:31.666","","0","75 08:51.441","2","0","1","1","67301","0","0","0","N","0","0","0","2","67301","0","","1.0","","1","N","N","N","0","","0","1","0","3","2","","1857","2","1","0","0","0","0","0","2","0","2","0","0","0","3","03","","N","","","","","","","","","",""
"2021087957","0202","1","0","0","0","0","0","0","0","0","1","0","","67","9","2021","1","39.969045","-75.127709","0158","6","0","0","0","0","0","1","0","0","","0","0","0","1","3","0","N","0","1","39 58:08.561","2","0","75 07:39.753","0","0","0","0","67301","0","0","0","N","0","0","0","1","68K01","0","","1.0","204.0","1","N","N","N","0","","0","0","0","0","0","N","157","2","0","0","0","0","0","0","2","1","2","0","0","0","3","","","N","","","","","","","","","",""
"2021085487","1752","3","0","0","0","0","0","0","0","0","5","0","","67","9","2021","5","39.992967","-75.159553","1749","6","0","0","0","0","0","0","0","0","","0","0","0","17","1","2","N","0","0","39 59:34.680","","0","75 09:34.390","4","0","0","0","67301","0","0","0","N","0","0","0","2","67301","2","","6.0","","1","N","N","N","0","","0","0","2","0","0","","1749","5","2","0","0","0","0","0","2","0","5","0","0","0","3","03","","N","","","","","","","","","",""
"2021121459","1923","2","0","0","0","0","0","0","0","0","4","0","","67","12","2021","7","39.941618","-75.220167","1922","6","0","0","0","0","0","0","0","0","","0","0","0","19","3","0","","1","0","39 56:29.823","","0","75 13:12.601","0","0","0","0","67301","0","0","0","N","0","0","0","2","67301","0","","1.0","","9","N","N","N","0","","0","0","0","3","2","","1922","2","0","0","0","0","0","0","2","0","2","0","0","0","7","07","","N","","","","","","","","","",""
"2021118670","1721","1","0","0","0","0","0","0","0","0","4","0","","67","12","2021","7","39.944846","-75.166982","1721","6","0","0","0","0","1","0","0","0","","0","0","0","17","3","1","","1","0","39 56:41.445","","0","75 10:01.135","3","0","0","1","67301","0","0","0","N","0","0","0","2","67301","0","","1.0","","1","N","N","N","0","","1","0","0","3","2","","1721","2","1","0","0","0","0","0","2","0","2","0","0","0","3","03","","N","","","","","","","","","",""
"2021128671","2027","4","0","0","0","0","0","0","0","0","4","0","","67","12","2021","3","39.981045","-75.242799","2023","6","0","0","0","1","0","0","0","0","","0","0","0","20","3","1","","1","2","39 58:51.762","7","0","75 14:34.076","8","0","0","0","67301","0","0","0","N","0","0","0","4","67301","0","","1.0","2215.0","1","N","N","N","0","","0","0","0","3","2","N","2012","4","1","0","0","0","1","0","2","0","4","0","0","0","4","04","","N","","","","","","","","","",""
"2021083758","2316","0","0","0","1","0","0","0","0","0","8","0","","67","9","2021","7","39.926823","-75.169204","2316","6","0","0","0","0","0","0","0","0","","0","0","0","21","3","1","","1","0","39 55:36.564","","0","75 10:09.136","3","0","0","0","67301","1","0","0","N","0","0","0","2","67301","0","","1.0","","1","N","N","N","0","","1","0","1","3","2","","2114","2","1","0","0","0","0","0","2","0","1","1","0","0","3","","","N","","","","","","","","","",""
"2021116352","0050","1","0","0","0","0","0","0","0","0","5","0","","67","11","2021","3","40.01065","-75.090289","0050","6","0","0","0","0","0","0","0","0","","0","0","0","0","3","0","N","0","0","40 00:38.340","","0","75 05:25.040","0","0","0","0","67301","0","0","0","N","0","0","0","1","67301","0","","6.0","","1","N","N","N","0","","0","0","2","0","0","","50","3","0","0","0","0","0","0","2","0","3","0","0","0","3","","","N","","","","","","","","","",""
"2021099913","1910","1","0","0","0","0","0","0","0","0","5","0","","67","9","2021","5","40.04536","-75.000625","1851","6","0","0","0","0","0","1","0","0","","0","0","0","18","3","1","N","0","0","40 02:43.297","","2","75 00:02.250","8","0","0","1","67301","0","0","0","N","0","0","0","2","68K01","0","","1.0","","9","N","N","N","0","","0","0","0","0","0","","1849","2","1","0","0","0","1","0","2","0","2","0","0","0","7","07","","N","","","","","","","","","",""
"2021085169","0930","1","0","0","0","0","0","0","0","0","1","0","","67","9","2021","4","39.9795","-75.246279","0910","6","0","0","0","0","0","1","0","0","","0","0","0","8","1","1","N","0","0","39 58:46.201","","0","75 14:46.606","4","0","0","0","67301","0","0","0","N","0","0","0","3","67301","1","","1.0","","1","N","N","N","0","","0","0","0","0","0","","805","3","1","3","0","0","0","0","2","2","3","0","0","0","3","03","","N","","","","","","","","","",""
"2021119307","0655","1","0","0","0","0","0","0","0","0","4","0","","67","11","2021","2","40.037331","-75.125066","0655","6","0","0","0","0","0","1","0","0","","0","0","0","20","3","1","","1","0","40 02:14.391","","0","75 07:30.237","8","0","0","0","67301","0","0","0","N","0","0","0","2","67301","0","","1.0","","1","N","N","N","1","","0","0","0","3","3","","2000","2","1","0","0","0","1","1","2","0","2","0","0","0","3","03","","N","","","","","","","","","",""
"2021085822","1830","1","0","0","1","0","0","0","0","0","8","0","","67","9","2021","3","39.929287","-75.168557","1810","6","0","0","0","0","0","0","0","0","","0","0","0","17","1","1","","1","0","39 55:45.434","","0","75 10:06.804","3","0","0","0","67301","1","0","0","N","0","0","0","2","67301","0","","1.0","","1","N","N","N","0","","1","0","0","3","2","","1718","2","1","1","0","0","0","1","2","0","1","1","0","0","3","03","","N","","","","","","","","","",""
"2021094393","1035","0","0","0","0","0","0","0","0","0","4","0","","67","9","2021","3","40.005144","-75.144119","1028","6","0","0","0","0","0","0","0","0","","0","0","0","10","1","1","N","0","0","40 00:18.520","","0","75 08:38.830","3","0","0","0","67301","0","0","0","N","0","0","0","2","67301","0","","1.0","","1","N","N","N","0","","1","0","1","3","6","","1005","2","1","0","0","0","0","0","2","0","1","0","0","0","3","03","","N","","","","","","","","","",""
"2021119442","1623","3","0","0","0","0","0","0","0","0","3","0","","67","12","2021","1","39.990403","-75.234742","1623","6","0","0","0","0","0","0","0","0","","0","0","0","15","1","1","N","0","0","39 59:25.450","","0","75 14:05.070","3","0","0","0","67301","0","0","0","N","0","0","0","2","67301","0","","6.0","","1","N","N","N","0","","1","0","1","0","0","","1515","4","1","0","0","0","0","0","2","0","4","0","0","0","3","03","","N","","","","","","","","","",""
"2021125685","2020","2","0","0","0","0","0","0","0","0","1","0","","67","12","2021","3","40.019356","-75.148933","2020","6","0","0","0","0","0","1","0","0","","0","0","0","16","1","1","N","0","0","40 01:09.680","","0","75 08:56.160","8","0","0","0","67301","0","0","0","N","0","0","0","3","67301","0","","1.0","","1","N","N","N","0","","0","0","0","0","0","","1640","3","1","0","0","0","1","1","2","0","3","0","0","0","3","03","","N","","","","","","","","","",""
"2021128236","2110","0","0","0","0","0","0","0","0","0","7","0","","67","12","2021","2","40.003973","-75.195007","2106","6","0","0","0","0","0","0","0","0","","0","0","0","21","3","0","N","0","1","40 00:14.301","3","8","75 11:42.024","0","0","0","0","67301","0","0","0","N","0","0","0","1","68K01","0","","2.0","2157.0","9","N","N","N","0","","0","0","1","0","0","N","2105","1","0","1","0","0","0","0","2","0","1","0","0","0","7","","","N","","","","","","","","","",""
"2021126875","1745","2","0","0","0","0","0","0","0","0","5","0","","67","12","2021","6","39.996042","-75.170843","1745","6","0","0","0","0","0","1","0","0","","0","0","0","17","3","0","N","0","0","39 59:45.751","","0","75 10:15.034","9","0","0","0","67301","0","0","0","N","0","0","0","1","67301","0","","6.0","","1","N","N","N","0","","0","0","0","0","0","","1740","2","0","0","0","0","0","1","2","0","2","0","0","0","3","03","","N","","","","","","","","","",""
"2021085486","0858","1","0","0","0","0","0","0","0","0","8","0","","67","9","2021","4","40.036843","-75.040499","0850","6","0","0","0","0","0","0","0","0","","0","0","0","8","1","1","","1","0","40 02:12.634","","0","75 02:25.798","4","0","0","0","67301","1","0","0","N","1","0","0","2","67301","1","","1.0","","1","N","N","N","0","","0","0","0","3","2","","847","2","1","1","0","0","0","0","2","0","1","1","0","0","3","","","N","","","","","","","","","",""
"2021121627","2104","2","0","0","0","0","0","0","0","0","4","0","","67","12","2021","1","39.945184","-75.217746","2059","6","0","0","0","0","0","0","0","0","","0","0","0","20","3","1","","1","0","39 56:42.662","","0","75 13:03.885","4","0","0","0","67301","0","0","0","N","0","0","0","2","67301","1","","1.0","","1","N","N","N","0","","0","0","0","3","2","","2056","2","1","1","0","0","0","0","2","0","2","0","0","0","3","03","","N","","","","","","","","","",""
"2021083801","1507","1","0","0","0","0","0","0","0","0","8","0","","67","9","2021","1","39.950706","-75.162702","1503","6","0","0","0","0","0","0","0","0","","0","0","0","15","1","1","","1","2","39 57:02.541","3","0","75 09:45.726","4","0","0","0","67301","1","0","0","N","1","0","0","2","67301","1","","1.0","1520.0","1","N","N","N","0","","0","0","0","3","2","Y","1502","2","1","0","0","0","0","0","2","0","1","1","0","0","4","","","N","","","","","","","","","",""
"2021128188","0030","2","0","0","0","0","0","0","0","0","4","0","","67","12","2021","1","39.940426","-75.143136","0021","6","0","0","0","0","0","0","0","0","","0","0","0","0","3","0","N","6","1","39 56:25.534","1","2","75 08:35.290","0","0","0","0","67301","0","0","0","N","0","0","0","3","68K01","0","","7.0","115.0","9","N","N","N","0","","0","0","0","0","0","N","19","2","0","0","0","0","0","0","2","0","2","0","0","0","7","05","","N","","","","","","","","","",""
"2021090882","1422","2","0","0","0","0","0","0","0","0","1","0","","67","9","2021","5","40.004211","-75.169367","1408","6","0","0","1","0","0","1","0","0","","0","0","0","13","1","1","N","0","0","40 00:15.160","","0","75 10:09.720","3","0","0","0","67301","0","0","0","N","0","0","0","3","67301","0","","1.0","","1","N","N","N","0","","1","0","0","0","0","","1357","3","1","1","0","0","0","0","2","1","3","0","0","0","3","03","","N","","","","","","","","","",""
"2021085695","2230","0","0","0","0","0","0","0","0","0","4","0","","67","9","2021","4","40.006767","-75.087776","2212","6","0","0","0","0","0","0","0","0","","0","0","0","21","3","1","","3","0","40 00:24.360","","0","75 05:15.992","8","0","0","0","67301","0","0","0","N","0","0","0","5","67301","0","","1.0","","1","N","N","N","1","","0","0","1","0","0","","2140","2","1","0","0","0","1","0","2","0","2","0","0","0","3","03","","N","","","","","","","","","",""
"2021087569","2031","2","0","0","0","0","0","0","0","0","4","0","","67","9","2021","3","39.955058","-75.229782","2027","6","0","0","0","0","0","0","0","0","","0","0","0","20","3","2","","1","0","39 57:18.208","","0","75 13:47.215","3","0","0","0","67301","0","0","0","N","0","0","0","2","67301","0","","1.0","","1","N","N","N","0","","2","0","0","3","2","","2027","2","2","0","0","0","0","0","2","0","2","0","0","0","3","03","","N","","","","","","","","","",""
"2021121701","2007","0","0","0","0","0","0","0","0","0","7","0","","67","12","2021","2","39.958321","-75.166296","2000","6","0","0","0","0","0","0","0","0","","0","0","0","19","3","1","N","0","1","39 57:29.956","3","0","75 09:58.664","3","0","0","0","67301","0","0","0","N","0","0","0","2","68K01","0","","3.0","10.0","9","N","N","N","0","","1","0","1","0","0","N","1954","1","1","2","0","0","0","0","2","0","1","0","0","0","7","08","","N","","","","","","","","","",""
"2021127239","1720","0","0","0","0","0","0","0","0","0","4","1","","67","12","2021","3","40.051385","-75.148574","1703","6","0","0","0","0","0","0","0","1","","0","1","0","16","4","2","","1","0","40 03:04.985","","0","75 08:54.866","3","0","0","0","67301","0","0","0","N","0","0","0","4","67301","0","","1.0","","1","N","N","N","0","","2","0","1","3","3","","1636","2","2","0","0","0","0","0","2","0","2","0","0","0","3","","","N","","","","","","","","","",""
"2021084828","0754","0","0","0","0","0","0","0","0","0","4","0","","67","9","2021","4","39.915915","-75.245342","0754","6","0","0","0","0","0","1","0","0","","0","0","0","7","1","1","","2","0","39 54:57.295","","0","75 14:43.230","3","0","0","0","67301","0","0","0","N","0","0","0","2","67301","0","","1.0","","1","N","N","N","0","","1","0","2","3","3","","752","2","1","0","0","0","0","0","2","0","2","0","0","0","3","03","","N","","","","","","","","","",""
"2021122021","0735","3","0","0","0","0","0","0","0","0","5","0","","67","12","2021","5","40.023874","-75.062891","0730","6","0","0","0","0","0","1","1","0","","0","0","0","6","1","0","N","0","0","40 01:25.945","","0","75 03:46.407","0","0","0","0","67301","0","0","0","N","0","0","0","3","67301","0","","1.0","","1","N","N","N","0","","0","0","0","3","2","","625","3","0","0","0","0","0","0","2","0","3","0","0","0","4","04","","N","","","","","","","","","",""
"2021119347","2250","0","0","0","0","0","0","0","0","0","4","0","","67","12","2021","5","39.953284","-75.224262","2250","6","0","0","0","0","0","0","0","0","","0","0","0","19","3","1","","1","0","39 57:11.822","","0","75 13:27.343","3","0","0","0","67301","0","0","0","N","0","0","0","2","67301","0","","1.0","","99","N","N","N","0","","1","0","2","3","3","","1905","2","1","0","0","0","0","1","2","0","2","0","0","0","3","03","","N","","","","","","","","","",""
"2021085493","1400","2","0","0","0","0","0","0","0","0","3","0","","67","9","2021","4","40.03639","-75.040334","1350","6","0","0","0","0","0","0","0","0","","0","0","0","12","1","0","N","0","0","40 02:11.003","","7","75 02:25.201","0","0","0","0","67301","0","0","0","N","0","0","0","2","67301","0","","1.0","","1","N","N","N","0","","0","0","0","0","0","","1230","2","0","0","0","0","0","0","2","0","2","0","0","0","3","03","","N","","","","","","","","","",""
"2021118255","1730","1","0","0","0","0","0","0","0","0","4","0","","67","12","2021","5","39.956565","-75.209738","1730","6","0","0","0","0","0","1","0","0","","0","0","0","15","1","2","","1","0","39 57:23.634","","0","75 12:35.056","3","0","0","0","67301","0","0","0","N","0","0","0","3","67301","0","","1.0","","1","N","N","N","0","","2","0","1","3","2","","1530","2","2","2","0","0","0","1","2","0","2","0","0","0","3","03","","N","","","","","","","","","",""
"2021083681","1555","2","0","0","0","0","0","0","0","0","4","0","","67","9","2021","1","39.982006","-75.183702","1548","6","0","0","0","0","0","0","0","0","","0","0","0","15","1","0","","5","0","39 58:55.221","","0","75 11:01.327","0","0","0","0","67301","0","0","0","N","0","0","0","2","67301","0","","1.0","","9","N","N","N","0","","0","0","0","3","2","","1545","2","0","0","0","0","0","0","2","0","2","0","0","0","7","07","","N","","","","","","","","","",""
"2021102824","1552","1","0","0","0","0","0","0","0","0","1","0","","67","10","2021","7","39.908306","-75.146917","1552","6","0","1","0","0","0","1","0","0","","0","0","0","15","1","1","N","0","2","39 54:29.900","4","3","75 08:48.900","8","0","0","0","67301","0","0","0","N","0","0","0","2","67501","0","","1.0","1620.0","1","N","N","N","0","","0","0","1","3","8","N","1552","2","1","0","0","0","1","0","2","0","2","0","0","0","3","","","N","","","","","","","","","",""
"2021120637","1057","0","0","0","0","0","0","0","0","0","8","0","","67","12","2021","2","39.998768","-75.131259","1051","6","0","0","0","0","0","0","0","0","","0","0","0","10","1","1","","1","0","39 59:55.564","","0","75 07:52.533","3","0","0","0","67301","1","0","0","N","1","0","0","2","67301","0","","1.0","","1","N","N","N","0","","1","0","0","3","2","","1040","2","1","0","0","0","0","0","2","0","1","1","0","0","3","03","","N","","","","","","","","","",""
"2021116762","1201","2","0","0","0","0","0","0","0","0","4","0","","67","11","2021","2","39.970275","-75.217878","1200","6","0","0","0","0","0","1","0","0","","0","0","0","16","4","1","","2","0","39 58:12.990","","0","75 13:04.360","3","0","0","0","67301","0","0","0","N","0","0","0","2","67301","0","","1.0","","1","N","N","N","0","","1","0","0","2","3","","1630","2","1","0","0","0","0","0","2","0","2","0","0","0","3","03","","N","","","","","","","","","",""
"2021119432","0912","1","0","0","0","0","0","0","0","0","4","0","","67","12","2021","2","39.946551","-75.221697","0912","6","0","0","0","0","0","0","0","0","","0","0","0","14","1","1","","1","0","39 56:47.583","","0","75 13:18.109","3","0","0","0","67301","0","0","0","N","0","0","0","3","67301","0","","1.0","","1","N","N","N","0","","1","0","1","3","3","","1400","2","1","0","0","0","0","0","2","0","2","0","0","0","3","","","N","","","","","","","","","",""
"2021102536","1930","2","0","0","0","0","0","0","0","0","1","0","","67","9","2021","4","40.012635","-75.150396","1930","6","0","0","0","0","0","0","0","0","","0","0","0","15","1","1","N","0","0","40 00:45.485","","0","75 09:01.424","3","0","0","0","67301","0","0","0","N","0","0","0","2","67301","0","","1.0","","1","N","N","N","0","","1","0","0","0","0","","1540","2","1","2","0","0","0","0","2","0","2","0","0","0","3","03","","N","","","","","","","","","",""
"2021128060","0258","1","0","0","0","0","0","0","0","0","7","0","","67","12","2021","7","39.948803","-75.143975","0255","6","0","0","0","0","0","0","0","0","","0","0","0","2","3","0","N","0","0","39 56:55.690","","0","75 08:38.310","9","0","0","0","67301","0","0","0","N","0","0","0","1","67301","0","","9.0","","99","N","N","N","0","","0","0","0","0","0","","250","1","0","0","0","0","0","1","2","0","1","0","0","0","7","07","","N","","","","","","","","","",""
"2021118439","1744","2","0","0","0","0","0","0","0","0","4","0","","67","12","2021","6","40.037504","-75.210401","1740","6","0","1","0","0","0","0","0","0","","0","0","0","17","3","0","","2","0","40 02:15.016","","0","75 12:37.445","0","0","0","0","67301","0","0","0","N","0","0","0","4","67301","0","","1.0","","1","N","N","N","0","","0","0","0","3","2","","1739","2","0","0","0","0","0","0","2","0","2","0","0","0","3","03","","N","","","","","","","","","",""
"2021119201","1620","2","0","0","0","0","0","0","0","0","4","0","","67","12","2021","6","40.034076","-75.12402","1613","6","0","0","0","0","0","1","0","0","","0","0","0","15","1","0","","1","0","40 02:02.673","","0","75 07:26.472","0","0","0","0","67301","0","0","0","N","0","0","0","2","67301","0","","1.0","","1","N","N","N","0","","0","0","0","3","3","","1545","2","0","0","0","0","0","0","2","0","2","0","0","0","3","","","N","","","","","","","","","",""
"2021127195","0430","2","0","0","0","0","0","0","0","0","5","1","","67","12","2021","1","39.988","-75.225594","0429","6","0","0","0","0","0","0","0","0","","0","1","0","23","3","0","N","0","0","39 59:16.800","","0","75 13:32.140","9","0","0","0","67301","0","0","0","N","0","0","0","1","67301","0","","6.0","","1","N","N","N","0","","0","0","0","0","0","","2350","3","0","0","0","0","0","1","2","0","3","0","0","0","3","03","","N","","","","","","","","","",""
"2021119671","0816","1","0","0","0","0","0","0","0","0","4","0","","67","12","2021","2","39.944708","-75.217178","0725","6","0","0","0","0","0","0","0","0","","0","0","0","6","3","1","","2","0","39 56:40.948","","0","75 13:01.840","3","0","0","1","67301","0","0","0","N","0","0","0","2","67301","0","","1.0","","9","N","N","N","0","","1","0","0","3","3","","645","2","1","0","0","0","0","0","2","0","2","0","0","0","7","07","","N","","","","","","","","","",""
"2021120956","1915","1","0","0","0","0","0","0","0","0","8","0","","67","12","2021","1","40.022789","-75.159023","1908","6","0","0","0","0","0","1","0","0","","0","0","0","19","3","1","","5","0","40 01:22.042","","0","75 09:32.483","8","0","0","0","67301","1","0","0","N","1","0","0","2","67301","0","","1.0","","1","N","N","N","0","","0","0","0","3","2","","1904","2","1","0","0","0","1","0","2","0","1","1","0","0","3","03","","N","","","","","","","","","",""
"2021123467","0046","2","0","0","0","0","0","0","0","0","4","0","","67","12","2021","2","40.011545","-75.108042","0045","6","0","0","1","1","0","0","0","0","","0","0","0","23","3","0","","1","0","40 00:41.562","","0","75 06:28.950","9","0","0","0","67301","0","0","0","N","0","0","0","2","67301","0","","1.0","","1","N","N","N","0","","0","0","0","3","2","","2350","2","0","2","0","0","0","1","2","0","2","0","0","0","3","03","","N","","","","","","","","","",""
"2021126606","0040","1","0","0","0","0","0","0","0","0","1","0","","67","12","2021","7","40.042211","-75.126294","0022","6","0","0","0","0","0","1","0","0","","0","0","0","21","3","2","","1","0","40 02:31.958","","0","75 07:34.659","3","0","0","0","67301","0","0","0","N","0","0","0","4","67301","0","","1.0","","99","N","N","N","0","","2","0","1","3","2","","2132","2","2","0","0","0","0","0","2","0","2","0","0","0","99","","","N","","","","","","","","","",""
"2021087450","0600","1","0","0","0","0","0","0","0","0","2","0","","67","9","2021","2","39.996794","-75.103369","0430","6","0","0","0","0","0","0","0","0","","0","0","0","4","6","1","","1","0","39 59:48.460","","0","75 06:12.128","4","0","0","0","67301","0","0","0","N","0","0","0","3","67301","1","","1.0","","9","N","N","N","0","","0","0","1","3","2","","418","2","1","0","0","0","0","0","2","0","2","0","0","0","7","04","","N","","","","","","","","","",""
"2021116407","1030","1","0","0","0","0","0","0","0","0","8","0","","67","11","2021","2","39.984194","-75.152838","1027","6","0","0","0","0","0","0","0","0","","0","0","0","8","1","1","","1","0","39 59:03.100","","0","75 09:10.215","8","0","0","0","67301","1","0","0","N","1","0","0","2","67505","0","","1.0","","1","N","N","N","0","","0","0","0","3","2","","853","2","1","1","0","0","1","0","2","0","1","1","0","0","3","03","","N","","","","","","","","","",""
"2021084815","0948","1","0","0","0","0","0","0","0","0","1","0","","67","9","2021","3","39.920585","-75.24143","0946","6","0","0","0","0","0","0","0","0","","0","0","0","9","1","2","","1","1","39 55:14.106","4","0","75 14:29.147","3","0","0","0","67301","0","0","0","N","0","0","0","3","67301","0","","1.0","1010.0","1","N","N","N","0","","2","0","0","3","2","N","940","2","2","2","0","0","0","0","2","0","2","0","0","0","3","03","","N","","","","","","","","","",""
"2021119672","2140","2","0","0","0","0","0","0","0","0","1","0","","67","12","2021","2","39.995328","-75.218326","2123","6","0","0","0","0","0","0","0","0","","0","0","0","18","3","1","","3","0","39 59:43.180","","0","75 13:05.974","4","0","0","0","67301","0","0","0","N","0","0","0","2","67301","1","","1.0","","1","N","N","N","0","","0","0","0","3","2","","1819","2","1","0","0","0","0","0","2","0","2","0","0","0","3","03","","N","","","","","","","","","",""
"2021127055","1721","3","0","0","0","0","0","0","0","0","1","0","","67","12","2021","6","40.009208","-75.066703","1702","6","0","0","0","0","0","0","0","0","","0","0","0","17","3","2","N","0","0","40 00:33.150","","0","75 04:00.130","3","0","0","0","67301","0","0","0","N","0","0","0","4","68K01","1","","1.0","","1","N","N","N","0","","1","0","0","0","0","","1700","3","2","0","0","0","0","0","2","0","3","0","0","0","3","","","N","","","","","","","","","",""
"2021116573","0816","1","0","0","0","0","0","0","0","0","4","0","","67","11","2021","3","40.048829","-75.11448","0816","6","0","0","0","0","0","0","0","0","","0","0","0","6","1","3","","2","0","40 02:55.783","","0","75 06:52.129","3","0","0","0","67301","0","0","0","N","0","0","0","3","67301","0","","1.0","","1","N","N","N","0","","3","0","1","3","3","","649","2","3","0","0","0","0","0","2","0","2","0","0","0","3","03","","N","","","","","","","","","",""
"2021127871","2012","1","0","0","0","0","0","0","0","0","7","0","","67","11","2021","7","39.885977","-75.210791","1959","6","0","0","0","0","0","0","0","0","","0","0","0","19","3","1","N","0","0","39 53:09.518","","0","75 12:38.847","8","0","0","0","67301","0","0","0","N","0","0","0","1","68K01","0","","4.0","","1","N","N","N","0","","0","0","0","0","0","","1958","1","1","0","0","0","1","0","2","0","1","0","0","0","3","","","N","","","","","","","","","",""
"2021085166","1237","1","0","0","0","0","0","0","0","0","4","0","","67","9","2021","3","39.955331","-75.231948","1233","6","0","0","0","0","0","1","0","0","","0","0","0","12","1","2","","1","2","39 57:19.191","7","0","75 13:55.012","8","0","0","0","67301","0","0","0","N","0","0","0","2","67301","0","","1.0","1435.0","1","N","N","Y","0","","0","0","1","3","2","Y","1230","2","2","0","0","0","2","0","2","0","2","0","0","0","3","","","N","","","","","","","","","",""
"2021109121","2231","0","0","0","0","0","0","0","0","0","7","0","","67","9","2021","2","39.948584","-75.185944","2225","6","0","0","0","0","0","0","0","0","","0","0","0","22","3","4","","7","2","39 56:54.903","3","2","75 11:09.398","8","0","0","0","67301","0","0","0","N","0","0","0","4","68K01","0","","7.0","2300.0","1","N","N","N","0","","0","0","1","0","0","Y","2222","1","4","4","0","0","4","0","2","0","1","0","0","0","3","03","","N","","","","","","","","","",""
"2021087515","0350","1","0","0","0","0","0","0","0","0","1","0","","67","9","2021","7","40.006463","-75.193105","0344","6","0","0","0","0","0","0","0","0","","0","0","0","3","3","1","N","0","2","40 00:23.268","1","3","75 11:35.178","3","0","0","0","67301","0","0","0","N","0","0","0","3","67301","0","","1.0","440.0","1","N","N","N","0","","1","0","0","0","0","N","340","2","1","0","0","0","0","0","2","1","2","0","0","0","3","03","","N","","","","","","","","","",""
"2021084740","0029","1","0","0","0","0","0","0","0","0","1","0","","67","9","2021","5","40.030013","-75.146713","0025","6","0","0","0","0","0","1","0","0","","0","0","0","0","3","0","N","0","0","40 01:48.046","","7","75 08:48.166","9","0","0","0","67301","0","0","0","N","0","0","0","2","67301","0","","1.0","","1","N","N","N","0","","0","0","1","0","0","","15","2","0","0","0","0","0","2","2","0","2","0","0","0","4","04","","N","","","","","","","","","",""