"CRN","ARRIVAL_TM","AUTOMOBILE_COUNT","BELTED_DEATH_COUNT","BELTED_SUSP_SERIOUS_INJ_COUNT","BICYCLE_COUNT","BICYCLE_DEATH_COUNT","BICYCLE_SUSP_SERIOUS_INJ_COUNT","BUS_COUNT","CHLDPAS_DEATH_COUNT","CHLDPAS_SUSP_SERIOUS_INJ_COUNT","COLLISION_TYPE","COMM_VEH_COUNT","CONS_ZONE_SPD_LIM","COUNTY","CRASH_MONTH","CRASH_YEAR","DAY_OF_WEEK","DEC_LATITUDE","DEC_LONGITUDE","DISPATCH_TM","DISTRICT","DRIVER_COUNT_16YR","DRIVER_COUNT_17YR","DRIVER_COUNT_18YR","DRIVER_COUNT_19YR","DRIVER_COUNT_20YR","DRIVER_COUNT_50_64YR","DRIVER_COUNT_65_74YR","DRIVER_COUNT_75PLUS","EST_HRS_CLOSED","FATAL_COUNT","HEAVY_TRUCK_COUNT","HORSE_BUGGY_COUNT","HOUR_OF_DAY","ILLUMINATION","INJURY_COUNT","INTERSECTION_RELATED","INTERSECT_TYPE","LANE_CLOSED","LATITUDE","LN_CLOSE_DIR","LOCATION_TYPE","LONGITUDE","MAX_SEVERITY_LEVEL","MCYCLE_DEATH_COUNT","MCYCLE_SUSP_SERIOUS_INJ_COUNT","MOTORCYCLE_COUNT","MUNICIPALITY","NONMOTR_COUNT","NONMOTR_DEATH_COUNT","NONMOTR_SUSP_SERIOUS_INJ_COUNT","NTFY_HIWY_MAINT","PED_COUNT","PED_DEATH_COUNT","PED_SUSP_SERIOUS_INJ_COUNT","PERSON_COUNT","POLICE_AGCY","POSSIBLE_INJ_COUNT","RDWY_SURF_TYPE_CD","RELATION_TO_ROAD","ROADWAY_CLEARED","ROAD_CONDITION","SCH_BUS_IND","SCH_ZONE_IND","SECONDARY_CRASH","SMALL_TRUCK_COUNT","SPEC_JURIS_CD","SUSP_MINOR_INJ_COUNT","SUSP_SERIOUS_INJ_COUNT","SUV_COUNT","TCD_FUNC_CD","TCD_TYPE","TFC_DETOUR_IND","TIME_OF_DAY","TOTAL_UNITS","TOT_INJ_COUNT","UNBELTED_OCC_COUNT","UNB_DEATH_COUNT","UNB_SUSP_SERIOUS_INJ_COUNT","UNK_INJ_DEG_COUNT","UNK_INJ_PER_COUNT","URBAN_RURAL","VAN_COUNT","VEHICLE_COUNT","VULNERABLE_ROAD_USER_COUNT","VULNERABLE_ROAD_USER_DEATH_COUNT","VULNERABLE_ROAD_USER_SER_INJ_COUNT","WEATHER1","WEATHER2","WORKERS_PRES","WORK_ZONE_IND","WORK_ZONE_LOC","WORK_ZONE_TYPE","WZ_CLOSE_DETOUR","WZ_FLAGGER","WZ_LAW_OFFCR_IND","WZ_LN_CLOSURE","WZ_MOVING","WZ_OTHER","WZ_SHLDER_MDN","WZ_WORKERS_INJ_KILLED"
"2021087546","2132","1","0","0","0","0","0","0","0","0","6","0","","67","9","2021","1","40.053803","-75.143069","2132","6","0","0","0","0","0","0","0","0","","0","0","0","21","3","1","N","0","2","40 03:13.690","6","0","75 08:35.050","2","0","0","0","67301","0","0","0","N","0","0","0","2","67301","0","","1.0","2348.0","9","N","N","N","0","","0","1","0","0","0","Y","2130","3","1","0","0","0","0","0","2","1","3","0","0","0","4","","","N","","","","","","","","","",""
"2021085167","1055","0","0","0","0","0","0","0","0","0","7","0","","67","9","2021","3","39.994603","-75.24045","1055","6","0","0","0","0","0","0","0","0","","0","0","0","10","1","1","N","0","0","39 59:40.571","","0","75 14:25.621","4","0","0","1","67301","0","0","0","N","0","0","0","1","67301","1","","3.0","","1","N","Y","N","0","","0","0","0","0","0","","1053","2","1","0","0","0","0","0","2","0","1","0","0","0","3","","","N","","","","","","","","","",""
"2021083805","1147","2","0","0","0","0","0","0","0","0","4","0","","67","9","2021","1","40.00805","-75.084852","1147","6","0","0","0","2","0","0","0","0","","0","0","0","11","1","2","","2","2","40 00:28.981","5","0","75 05:05.466","3","0","0","0","67301","0","0","0","N","0","0","0","3","67301","0","","1.0","1320.0","1","N","N","N","0","","2","0","0","3","3","Y","1128","2","2","0","0","0","0","0","2","0","2","0","0","0","3","","","N","","","","","","","","","",""
"2021084814","2030","2","0","0","0","0","0","0","0","0","4","0","","67","9","2021","2","39.934667","-75.22724","2030","6","0","0","0","0","0","1","0","0","","0","0","0","20","3","0","","1","1","39 56:04.800","2","0","75 13:38.065","0","0","0","0","67301","0","0","0","N","0","0","0","2","67301","0","","1.0","2230.0","1","N","N","N","0","","0","0","0","3","2","Y","2027","2","0","0","0","0","0","0","2","0","2","0","0","0","3","","","N","","","","","","","","","",""
"2021084729","1836","0","0","0","0","0","0","0","0","0","4","0","","67","9","2021","2","39.980408","-75.239378","1836","6","0","0","0","0","0","0","0","0","","0","0","0","18","1","1","","1","0","39 58:49.468","","0","75 14:21.760","4","0","0","0","67301","0","0","0","N","0","0","0","3","67301","1","","1.0","","1","N","Y","N","0","","0","0","2","3","2","","1836","2","1","0","0","0","0","0","2","0","2","0","0","0","3","03","","N","","","","","","","","","",""
"2021083641","0430","2","0","0","0","0","0","0","0","0","1","0","","67","9","2021","1","40.027021","-75.093027","0430","6","0","0","0","0","0","0","0","0","","0","0","0","4","3","0","N","0","2","40 01:37.276","1","0","75 05:34.896","0","0","0","0","67301","0","0","0","N","0","0","0","2","67301","0","","1.0","100.0","1","N","N","Y","0","","0","0","0","0","0","Y","405","2","0","0","0","0","0","0","2","0","2","0","0","0","3","03","","N","","","","","","","","","",""
"2021083864","1737","1","0","0","0","0","0","0","0","0","8","0","","67","9","2021","7","40.026767","-75.175586","1734","6","0","0","0","0","0","0","0","0","","0","0","0","17","1","1","N","0","0","40 01:36.360","","0","75 10:32.110","3","0","0","0","67301","1","0","0","N","1","0","0","2","67301","0","","1.0","","1","N","N","N","0","","1","0","0","0","0","","1719","2","1","0","0","0","0","0","2","0","1","1","0","0","3","03","","N","","","","","","","","","",""
"2021117634","1117","1","0","0","0","0","0","0","0","0","4","0","","67","11","2021","3","40.021418","-75.148483","1115","6","0","0","0","1","0","0","0","0","","0","0","0","10","1","1","","1","0","40 01:17.105","","0","75 08:54.538","3","0","0","0","67301","0","0","0","N","0","0","0","3","67301","0","","1.0","","1","N","N","N","0","","1","0","1","3","2","","1050","2","1","3","0","0","0","0","2","0","2","0","0","0","4","04","","N","","","","","","","","","",""
"2021117629","0037","2","0","0","0","0","0","0","0","0","6","0","","67","12","2021","5","39.939786","-75.238583","0031","6","0","0","0","0","0","0","1","0","","0","0","0","0","3","0","N","0","0","39 56:23.230","","0","75 14:18.900","0","0","0","0","67301","0","0","0","N","0","0","0","2","67301","0","","1.0","","9","N","N","N","0","","0","0","0","0","0","","20","2","0","0","0","0","0","0","2","0","2","0","0","0","7","07","","N","","","","","","","","","",""
"2021120945","0145","0","0","0","0","0","0","0","0","0","5","0","","67","12","2021","2","39.956519","-75.176133","0135","6","0","0","0","0","0","0","0","0","","0","0","0","1","3","1","N","0","0","39 57:23.470","","0","75 10:34.080","3","0","0","0","67301","0","0","0","N","0","0","0","3","67301","0","","1.0","","1","N","N","Y","1","","1","0","0","0","0","","110","2","1","0","0","0","0","0","2","0","2","0","0","0","3","98","","N","","","","","","","","","",""
"2021118597","2103","1","0","0","0","0","0","0","0","0","7","0","","67","12","2021","6","40.003358","-75.197172","2103","6","0","0","0","0","1","0","0","0","","0","0","0","20","3","1","N","0","0","40 00:12.090","","0","75 11:49.820","3","0","0","0","67301","0","0","0","N","0","0","0","1","67301","0","","5.0","","1","N","N","N","0","","1","0","0","0","0","","2059","1","1","0","0","0","0","0","2","0","1","0","0","0","3","03","","N","","","","","","","","","",""
"2021126595","0202","1","0","0","0","0","0","0","0","0","8","0","","67","12","2021","6","40.024005","-75.156188","0201","6","0","0","0","0","0","0","0","0","","0","0","0","1","3","1","N","1","0","40 01:26.418","","0","75 09:22.276","3","0","0","0","67301","1","0","0","N","1","0","0","1","67301","0","","1.0","","1","N","N","N","0","","1","0","0","3","3","","100","2","1","0","0","0","0","0","2","0","1","1","0","0","3","03","","N","","","","","","","","","",""
"2021116329","1935","1","0","0","0","0","0","0","0","0","4","0","","67","11","2021","2","39.974354","-75.201727","1928","6","0","0","0","0","0","2","0","0","","0","0","0","19","3","3","","2","0","39 58:27.676","","7","75 12:06.216","3","0","0","0","67301","0","0","0","N","0","0","0","3","67301","0","","1.0","","1","N","N","N","0","","3","0","1","3","2","","1914","2","3","0","0","0","0","0","2","0","2","0","0","0","3","03","","N","","","","","","","","","",""
"2021116571","1005","0","0","0","0","0","0","0","0","0","4","0","","67","11","2021","2","39.913711","-75.147666","1000","6","0","0","0","0","0","1","0","0","","0","0","0","9","1","1","","2","0","39 54:49.359","","0","75 08:51.599","3","0","0","0","67301","0","0","0","N","0","0","0","2","67301","0","","1.0","","1","N","N","N","0","","1","0","2","0","0","","943","2","1","0","0","0","0","0","2","0","2","0","0","0","3","","","N","","","","","","","","","",""
"2021091414","1635","1","0","0","0","0","0","0","0","0","4","0","","67","9","2021","4","39.955608","-75.18948","1553","6","0","0","0","0","0","0","0","0","","0","0","0","15","1","0","","1","1","39 57:20.190","3","0","75 11:22.129","0","0","0","0","67301","0","0","0","N","0","0","0","2","67508","0","","1.0","9999.0","1","N","N","Y","0","","0","0","1","3","2","N","1553","2","0","0","0","0","0","0","2","0","2","0","0","0","3","03","","N","","","","","","","","","",""
"2021086343","0526","2","0","0","0","0","0","0","0","0","2","0","","67","9","2021","3","39.991358","-75.167092","0525","6","0","0","0","0","0","0","0","0","","0","0","0","5","3","1","N","0","0","39 59:28.890","","0","75 10:01.530","2","0","0","0","67301","0","0","0","N","0","0","0","2","67301","0","","1.0","","1","N","N","N","0","","0","1","0","0","0","","524","2","1","0","0","0","0","0","2","0","2","0","0","0","3","04","","N","","","","","","","","","",""
"2021127221","1751","0","0","0","0","0","0","0","0","0","2","0","","67","12","2021","5","39.954615","-75.149531","1748","6","0","0","0","0","0","0","0","0","","0","0","0","17","3","3","","1","0","39 57:16.613","","0","75 08:58.311","8","0","0","0","67301","0","0","0","N","0","0","0","4","67301","0","","1.0","","1","N","N","N","0","","0","0","2","3","2","","1747","2","3","0","0","0","3","0","2","0","2","0","0","0","3","03","","N","","","","","","","","","",""
"2021083507","0756","1","0","0","0","0","0","0","0","0","4","0","","67","9","2021","7","39.980367","-75.17092","0756","6","0","0","0","0","0","0","0","0","","0","0","0","7","1","2","","1","0","39 58:49.320","","0","75 10:15.311","4","0","0","0","67301","0","0","0","N","0","0","0","2","67301","1","","1.0","","1","N","N","N","0","","0","0","1","3","2","","756","2","2","1","0","0","1","0","2","0","2","0","0","0","3","03","","N","","","","","","","","","",""
"2021116411","1700","0","0","0","0","0","0","0","0","0","5","0","","67","11","2021","2","39.892893","-75.222441","1640","6","0","0","0","0","0","0","0","0","","0","0","0","16","4","2","N","0","1","39 53:34.413","3","3","75 13:20.789","4","0","0","0","67301","0","0","0","N","0","0","0","3","67301","2","","1.0","100.0","1","N","N","Y","0","","0","0","2","0","0","N","1620","2","2","0","0","0","0","1","2","0","2","0","0","0","3","","","N","","","","","","","","","",""
"2021120812","1949","2","0","0","0","0","0","0","0","0","5","0","","67","12","2021","1","40.004411","-75.176968","1927","6","0","0","0","0","0","0","0","0","","0","0","0","18","3","0","N","0","0","40 00:15.879","","0","75 10:37.084","0","0","0","0","67301","0","0","0","N","0","0","0","1","67301","0","","6.0","","1","N","N","N","0","","0","0","0","0","0","","1855","2","0","0","0","0","0","0","2","0","2","0","0","0","3","03","","N","","","","","","","","","",""
"2021123368","1429","0","0","0","0","0","0","0","0","0","1","0","","67","12","2021","1","39.969549","-75.126043","1414","6","0","0","0","0","1","1","0","0","","0","0","0","14","1","1","N","0","0","39 58:10.376","","3","75 07:33.753","4","0","0","0","67301","0","0","0","N","0","0","0","3","68K01","1","","1.0","","1","N","N","N","0","","0","0","2","0","0","","1404","3","1","0","0","0","0","0","2","0","3","0","0","0","3","","","N","","","","","","","","","",""
"2021128181","0750","1","0","0","0","0","0","0","0","0","1","0","","67","12","2021","3","39.96847","-75.191029","0736","6","0","0","0","0","0","0","0","0","","0","0","0","7","1","0","N","0","1","39 58:06.491","4","0","75 11:27.705","0","0","0","0","67301","0","0","0","N","0","0","0","2","68K01","0","","1.0","755.0","1","N","N","N","0","","0","0","1","0","0","N","734","2","0","0","0","0","0","0","2","0","2","0","0","0","3","","","N","","","","","","","","","",""
"2021086256","1145","0","0","0","0","0","0","0","0","0","4","0","","67","9","2021","7","40.037985","-75.130167","1145","6","0","0","0","0","0","0","0","0","","0","0","0","11","1","0","","1","0","40 02:16.746","","0","75 07:48.601","0","0","0","0","67301","0","0","0","N","0","0","0","2","67301","0","","1.0","","1","N","N","N","0","","0","0","2","3","2","","1120","2","0","2","0","0","0","0","2","0","2","0","0","0","3","","","N","","","","","","","","","",""
"2021119670","1414","2","0","0","0","0","0","0","0","0","4","0","","67","12","2021","2","40.131656","-75.0122","1414","6","0","0","0","0","0","1","0","0","","0","0","0","14","1","1","","1","0","40 07:53.962","","0","75 00:43.919","4","0","0","0","67301","0","0","0","N","0","0","0","2","67301","1","","1.0","","1","N","N","N","0","","0","0","0","3","2","","1410","2","1","0","0","0","0","0","2","0","2","0","0","0","3","","","N","","","","","","","","","",""
"2021128446","2342","0","0","0","0","0","0","0","0","0","7","0","","67","6","2021","6","40.039419","-75.088479","2335","6","0","0","0","0","0","0","0","0","","0","0","0","22","3","0","N","0","2","40 02:21.907","5","0","75 05:18.524","0","0","0","0","67301","0","0","0","N","0","0","0","1","67301","0","","5.0","500.0","1","N","N","N","1","","0","0","0","0","0","Y","2244","1","0","0","0","0","0","0","2","0","1","0","0","0","3","","","N","","","","","","","","","",""
"2021119708","2020","0","0","0","0","0","0","0","0","0","7","0","","67","12","2021","1","40.023292","-75.111053","2012","6","0","0","0","0","0","0","0","0","","0","0","0","20","3","1","N","0","2","40 01:23.850","1","3","75 06:39.792","3","0","0","0","67301","0","0","0","N","0","0","0","1","67301","0","","6.0","2056.0","1","N","N","N","1","","1","0","0","0","0","N","2011","1","1","0","0","0","0","0","2","0","1","0","0","0","3","03","","N","","","","","","","","","",""
"2021128002","1806","2","0","0","0","0","0","0","0","0","1","0","","67","12","2021","2","40.008113","-75.202034","1803","6","0","0","0","0","0","0","0","0","","0","0","0","18","3","0","N","0","0","40 00:29.205","","0","75 12:07.324","0","0","0","0","67301","0","0","0","N","0","0","0","2","68K01","0","","1.0","","1","N","N","N","0","","0","0","0","0","0","","1801","2","0","0","0","0","0","0","2","0","2","0","0","0","3","","","N","","","","","","","","","",""
"2021118849","1242","1","0","0","0","0","0","0","0","0","4","0","","67","12","2021","5","40.134374","-75.009144","1234","6","0","0","0","0","1","1","0","0","","0","0","0","12","1","3","","1","0","40 08:03.746","","0","75 00:32.919","4","0","0","0","67301","0","0","0","N","0","0","0","6","67301","2","","1.0","","1","N","N","Y","1","","0","0","1","3","2","","1230","3","3","0","0","0","1","0","2","0","3","0","0","0","3","","","N","","","","","","","","","",""
"2021118480","1848","2","0","0","0","0","0","0","0","0","4","0","","67","12","2021","4","40.03862","-75.078242","1841","6","0","0","0","0","0","0","0","0","","0","0","0","18","3","2","","2","2","40 02:19.033","5","0","75 04:41.671","3","0","0","0","67301","0","0","0","N","0","0","0","3","67301","0","","1.0","1915.0","1","N","N","N","0","","2","0","0","0","0","Y","1837","2","2","0","0","0","0","0","2","0","2","0","0","0","3","","","N","","","","","","","","","",""
"2021084723","1331","1","0","0","0","0","0","0","0","0","4","0","","67","9","2021","3","40.017799","-75.072154","1330","6","0","0","0","1","0","0","0","0","","0","0","0","13","1","2","","2","2","40 01:04.076","6","0","75 04:19.754","4","0","0","0","67301","0","0","0","N","0","0","0","4","67301","2","","1.0","1350.0","1","N","N","N","0","","0","0","1","3","3","Y","1315","2","2","1","0","0","0","0","2","0","2","0","0","0","3","","","N","","","","","","","","","",""
"2021086255","1232","1","0","0","0","0","0","0","0","0","4","0","","67","9","2021","1","40.040372","-75.166626","1232","6","0","0","0","0","0","0","0","0","","0","0","0","23","3","0","","1","0","40 02:25.339","","0","75 09:59.853","9","0","0","0","67301","0","0","0","N","0","0","0","2","67301","0","","1.0","","1","N","N","N","1","","0","0","0","3","3","","2350","2","0","1","0","0","0","1","2","0","2","0","0","0","3","","","N","","","","","","","","","",""
"2021117835","0039","1","0","0","0","0","0","0","0","0","1","0","","67","12","2021","5","40.021125","-75.139925","0030","6","0","0","0","0","0","0","0","0","","0","0","0","0","3","0","","1","1","40 01:16.051","1","0","75 08:23.731","0","0","0","0","67301","0","0","0","N","0","0","0","2","67301","0","","1.0","130.0","9","N","N","N","0","","0","0","1","3","2","N","19","2","0","0","0","0","0","0","2","0","2","0","0","0","7","07","","N","","","","","","","","","",""
"2021085180","1044","2","0","0","0","0","0","0","0","0","4","0","","67","9","2021","5","39.956486","-75.215481","1036","6","0","0","0","0","0","0","0","0","","0","0","0","10","1","2","","1","1","39 57:23.349","5","0","75 12:55.731","4","0","0","0","67301","0","0","0","N","0","0","0","3","67301","2","","1.0","1120.0","1","N","N","N","0","","0","0","0","3","3","N","1030","2","2","0","0","0","0","0","2","0","2","0","0","0","4","","","N","","","","","","","","","",""
"2021086242","2130","0","0","0","0","0","0","0","0","0","4","0","","67","9","2021","6","39.937075","-75.212245","2100","6","0","0","0","0","0","0","0","1","","0","0","0","19","8","1","","3","0","39 56:13.469","","0","75 12:44.082","8","0","0","0","67301","0","0","0","N","0","0","0","2","67301","0","","1.0","","1","N","N","N","0","","0","0","2","3","3","","1900","2","1","0","0","0","1","0","2","0","2","0","0","0","3","04","","N","","","","","","","","","",""
"2021125121","1227","1","0","0","0","0","0","0","0","0","8","0","","67","12","2021","4","39.954055","-75.176659","1141","6","0","0","0","0","0","0","0","0","","0","0","0","11","1","1","","1","0","39 57:14.597","","0","75 10:35.971","8","0","0","0","67301","1","0","0","N","1","0","0","2","67301","0","","1.0","","1","N","N","N","0","","0","0","0","3","2","","1118","2","1","0","0","0","1","0","2","0","1","1","0","0","99","03","","N","","","","","","","","","",""
"2021085985","0030","3","0","0","0","0","0","0","0","0","5","0","","67","9","2021","4","40.043303","-75.148722","0035","6","0","0","0","0","0","0","0","0","","0","0","0","23","3","0","N","0","0","40 02:35.890","","0","75 08:55.400","9","0","0","0","67301","0","0","0","N","0","0","0","1","67301","0","","6.0","","1","N","N","N","0","","0","0","1","0","0","","2353","4","0","0","0","0","0","1","2","0","4","0","0","0","3","","","N","","","","","","","","","",""
"2021128119","","0","0","2","0","0","0","0","0","0","1","0","","67","11","2021","3","39.950383","-75.160123","","6","0","0","0","0","0","0","0","0","","0","0","0","16","1","2","","1","0","39 57:01.379","","0","75 09:36.443","2","0","0","0","67301","0","0","0","N","0","0","0","3","00000","0","","1.0","","1","N","N","N","0","","0","2","2","3","2","","1622","2","2","0","0","0","0","0","2","0","2","0","0","0","3","","","N","","","","","","","","","",""
"2021083196","0148","2","0","0","0","0","0","0","0","0","4","0","","67","9","2021","7","40.04738","-75.176622","0142","6","0","0","0","0","0","0","0","0","","0","0","0","1","3","0","","2","0","40 02:50.567","","0","75 10:35.838","0","0","0","0","67301","0","0","0","N","0","0","0","1","67301","0","","1.0","","1","N","N","N","0","","0","0","1","0","0","","137","3","0","0","0","0","0","0","2","0","3","0","0","0","3","","","N","","","","","","","","","",""
"2021096551","1729","0","0","0","0","0","0","0","0","0","4","0","","67","9","2021","6","40.007066","-75.147037","1729","6","0","0","0","0","0","1","0","0","","0","0","0","6","1","1","","1","0","40 00:25.437","","0","75 08:49.333","3","0","0","0","67301","0","0","0","N","0","0","0","2","67301","0","","1.0","","1","N","N","N","0","","1","0","1","3","3","","655","2","1","0","0","0","0","0","2","0","2","0","0","0","3","03","","N","","","","","","","","","",""
"2021126787","1108","1","0","0","0","0","0","0","0","0","8","0","","67","12","2021","1","40.022857","-75.077499","1107","6","0","0","0","0","0","1","0","0","","0","0","0","11","1","1","","2","0","40 01:22.284","","0","75 04:38.996","4","0","0","0","67301","1","0","0","N","1","0","0","2","67301","1","","1.0","","1","N","N","N","0","","0","0","0","0","0","","1107","2","1","0","0","0","0","0","2","0","1","1","0","0","3","","","N","","","","","","","","","",""
"2021084721","0631","2","0","0","0","0","0","0","0","0","4","0","","67","9","2021","7","40.063523","-75.169834","0631","6","0","0","0","0","0","0","0","0","","0","0","0","6","1","0","","1","0","40 03:48.682","","0","75 10:11.404","0","0","0","0","67301","0","0","0","N","0","0","0","2","67301","0","","1.0","","1","N","N","N","0","","0","0","0","3","2","","630","2","0","0","0","0","0","0","2","0","2","0","0","0","3","03","","N","","","","","","","","","",""
"2021119776","1258","1","0","0","0","0","0","0","0","0","1","0","","67","12","2021","2","40.058141","-75.174302","1253","6","0","0","0","0","0","0","0","0","","0","0","0","22","3","1","","1","0","40 03:29.309","","0","75 10:27.487","3","0","0","0","67301","0","0","0","N","0","0","0","2","67301","0","","1.0","","1","N","N","N","0","","1","0","0","3","2","","2240","2","1","0","0","0","0","0","2","0","2","0","0","0","3","03","","N","","","","","","","","","",""
"2021127490","2038","2","0","0","0","0","0","0","0","0","1","0","","67","12","2021","6","40.010215","-75.063191","2038","6","0","0","0","0","0","0","0","0","","0","0","0","20","3","1","N","0","1","40 00:36.773","1","0","75 03:47.486","3","0","0","0","67301","0","0","0","N","0","0","0","2","68K01","0","","1.0","2055.0","1","N","N","N","0","","1","0","0","0","0","N","2038","2","1","0","0","0","0","0","2","0","2","0","0","0","3","","","N","","","","","","","","","",""
"2021102532","1626","1","0","0","0","0","0","0","0","0","4","0","","67","9","2021","1","40.001501","-75.145702","1626","6","0","1","0","0","0","0","0","0","","0","0","0","16","1","0","","3","0","40 00:05.402","","0","75 08:44.526","0","0","0","0","67301","0","0","0","N","0","0","0","5","67301","0","","1.0","","9","N","N","N","0","","0","0","1","9","3","","1626","2","0","0","0","0","0","0","2","0","2","0","0","0","7","07","","N","","","","","","","","","",""
"2021086269","1423","0","0","0","0","0","0","0","0","0","8","0","","67","9","2021","2","40.103906","-75.028276","1408","6","0","0","0","0","0","1","0","0","","0","0","0","14","1","2","N","0","0","40 06:14.060","","0","75 01:41.792","3","0","0","0","67301","1","0","0","N","1","0","0","2","67301","0","","5.0","","1","N","N","N","0","","1","0","2","0","0","","1400","3","2","0","0","0","1","0","2","0","2","1","0","0","3","03","","N","","","","","","","","","",""
"2021086860","1614","1","0","0","0","0","0","0","0","0","1","0","","67","9","2021","2","40.031696","-75.021468","1559","6","0","0","0","0","0","1","0","0","","0","0","0","15","1","1","N","0","2","40 01:54.107","2","0","75 01:17.286","3","0","0","0","67301","0","0","0","N","0","0","0","2","68K01","0","","1.0","1710.0","1","N","N","N","0","","1","0","1","0","0","N","1557","2","1","0","0","0","0","0","2","0","2","0","0","0","3","03","","N","","","","","","","","","",""
"2021118537","0017","1","0","0","0","0","0","0","0","0","4","0","","67","11","2021","2","39.903801","-75.173812","0011","6","0","0","0","0","0","1","0","0","","0","0","0","21","3","0","N","0","0","39 54:13.685","","7","75 10:25.724","9","0","0","0","67301","0","0","0","N","0","0","0","2","67301","0","","1.0","","1","N","N","N","0","","0","0","1","3","2","","2130","2","0","0","0","0","0","1","2","0","2","0","0","0","3","","","N","","","","","","","","","",""
"2021085415","1550","4","0","0","0","0","0","0","0","0","1","0","","67","9","2021","4","39.917195","-75.191526","1543","6","0","0","0","0","1","0","0","0","","0","0","0","15","1","1","N","0","0","39 55:01.903","","0","75 11:29.494","3","0","0","0","67301","0","0","0","N","0","0","0","4","67301","0","","1.0","","1","N","N","N","0","","1","0","0","0","0","","1543","4","1","0","0","0","0","0","2","0","4","0","0","0","3","03","","N","","","","","","","","","",""
"2021118273","1532","0","0","0","0","0","0","0","0","0","4","0","","67","12","2021","6","39.991834","-75.137856","1527","6","0","0","0","0","0","0","1","0","","0","0","0","14","1","0","","1","0","39 59:30.601","","0","75 08:16.280","0","0","0","0","67301","0","0","0","N","0","0","0","2","67301","0","","1.0","","1","N","N","N","1","","0","0","1","3","3","","1426","2","0","0","0","0","0","0","2","0","2","0","0","0","3","","","N","","","","","","","","","",""
"2021087466","0258","2","0","0","0","0","0","0","0","0","6","0","","67","9","2021","7","40.002244","-75.106047","0256","6","0","0","0","0","0","0","0","0","","0","0","0","2","3","0","N","0","0","40 00:08.080","","0","75 06:21.770","0","0","0","0","67301","0","0","0","N","0","0","0","2","67301","0","","6.0","","1","N","N","N","0","","0","0","2","0","0","","256","4","0","2","0","0","0","0","2","0","4","0","0","0","3","03","","N","","","","","","","","","",""
"2021120817","2320","0","0","0","0","0","0","0","0","0","1","0","","67","12","2021","2","40.017609","-75.17243","2320","6","0","0","0","0","0","0","0","0","","0","0","0","21","3","0","N","0","0","40 01:03.394","","1","75 10:20.747","0","0","0","0","67301","0","0","0","N","0","0","0","2","67301","0","","1.0","","99","N","N","Y","0","","0","0","0","0","0","","2150","2","0","0","0","0","0","0","2","1","2","0","0","0","3","03","","N","","","","","","","","","",""
"2021126174","1402","0","0","0","0","0","0","0","0","0","1","1","","67","12","2021","2","40.032973","-75.080248","1352","6","0","0","0","0","0","0","1","0","","0","1","0","13","1","1","","1","0","40 01:58.704","","0","75 04:48.893","8","0","0","0","67301","0","0","0","N","0","0","0","2","67301","0","","1.0","","1","N","N","N","0","","0","0","1","3","2","","1346","2","1","0","0","0","1","0","2","0","2","0","0","0","3","03","","N","","","","","","","","","",""
"2021096478","1500","0","0","0","0","0","0","0","0","0","4","1","","67","9","2021","4","40.009204","-75.150818","1450","6","0","0","0","0","0","1","0","0","","0","1","0","14","1","0","","1","0","40 00:33.133","","0","75 09:02.943","0","0","0","0","67301","0","0","0","N","0","0","0","2","67301","0","","1.0","","1","N","N","N","0","","0","0","1","3","2","","1414","2","0","0","0","0","0","0","2","0","2","0","0","0","3","98","","N","","","","","","","","","",""
"2021093551","1301","0","0","0","0","0","0","0","0","0","8","0","","67","9","2021","6","39.994704","-75.094595","1301","6","0","0","0","0","0","0","0","0","","0","0","0","20","1","1","","1","0","39 59:40.935","","0","75 05:40.542","2","0","0","1","67301","1","0","1","N","1","0","1","2","67301","0","","1.0","","99","N","N","N","0","","0","1","0","3","2","","2000","2","1","0","0","0","0","0","2","0","1","1","0","1","99","","","N","","","","","","","","","",""
"2021086272","1000","2","0","0","0","0","0","0","0","0","4","0","","67","9","2021","5","40.031117","-75.156545","1000","6","0","0","0","1","0","0","0","1","","0","0","0","13","1","1","","2","0","40 01:52.021","","0","75 09:23.561","4","0","0","0","67301","0","0","0","N","0","0","0","3","67301","1","","1.0","","9","N","N","N","0","","0","0","0","3","3","","1300","2","1","3","0","0","0","2","2","0","2","0","0","0","99","","","N","","","","","","","","","",""
"2021128183","1957","0","0","0","0","0","0","0","0","0","7","0","","67","12","2021","3","39.990771","-75.204366","1948","6","0","0","0","0","0","0","0","0","","0","0","0","19","3","0","N","0","2","39 59:26.775","4","0","75 12:15.719","0","0","0","0","67301","0","0","0","N","0","0","0","1","68K01","0","","3.0","2020.0","1","N","N","N","0","","0","0","1","0","0","N","1945","1","0","0","0","0","0","0","2","0","1","0","0","0","3","","","N","","","","","","","","","",""
"2021087678","0758","0","0","0","0","0","0","0","0","0","7","0","","67","9","2021","6","40.036576","-75.198211","0746","6","0","0","0","0","0","0","0","0","","0","0","0","7","1","0","","11","0","40 02:11.673","","0","75 11:53.559","9","0","0","0","67301","0","0","0","N","0","0","0","1","67301","0","","4.0","","9","N","N","N","0","","0","0","1","0","0","","728","1","0","0","0","0","0","1","2","0","1","0","0","0","7","04","","N","","","","","","","","","",""