"CRN","ARRIVAL_TM","AUTOMOBILE_COUNT","BELTED_DEATH_COUNT","BELTED_SUSP_SERIOUS_INJ_COUNT","BICYCLE_COUNT","BICYCLE_DEATH_COUNT","BICYCLE_SUSP_SERIOUS_INJ_COUNT","BUS_COUNT","CHLDPAS_DEATH_COUNT","CHLDPAS_SUSP_SERIOUS_INJ_COUNT","COLLISION_TYPE","COMM_VEH_COUNT","CONS_ZONE_SPD_LIM","COUNTY","CRASH_MONTH","CRASH_YEAR","DAY_OF_WEEK","DEC_LATITUDE","DEC_LONGITUDE","DISPATCH_TM","DISTRICT","DRIVER_COUNT_16YR","DRIVER_COUNT_17YR","DRIVER_COUNT_18YR","DRIVER_COUNT_19YR","DRIVER_COUNT_20YR","DRIVER_COUNT_50_64YR","DRIVER_COUNT_65_74YR","DRIVER_COUNT_75PLUS","EST_HRS_CLOSED","FATAL_COUNT","HEAVY_TRUCK_COUNT","HORSE_BUGGY_COUNT","HOUR_OF_DAY","ILLUMINATION","INJURY_COUNT","INTERSECTION_RELATED","INTERSECT_TYPE","LANE_CLOSED","LATITUDE","LN_CLOSE_DIR","LOCATION_TYPE","LONGITUDE","MAX_SEVERITY_LEVEL","MCYCLE_DEATH_COUNT","MCYCLE_SUSP_SERIOUS_INJ_COUNT","MOTORCYCLE_COUNT","MUNICIPALITY","NONMOTR_COUNT","NONMOTR_DEATH_COUNT","NONMOTR_SUSP_SERIOUS_INJ_COUNT","NTFY_HIWY_MAINT","PED_COUNT","PED_DEATH_COUNT","PED_SUSP_SERIOUS_INJ_COUNT","PERSON_COUNT","POLICE_AGCY","POSSIBLE_INJ_COUNT","RDWY_SURF_TYPE_CD","RELATION_TO_ROAD","ROADWAY_CLEARED","ROAD_CONDITION","SCH_BUS_IND","SCH_ZONE_IND","SECONDARY_CRASH","SMALL_TRUCK_COUNT","SPEC_JURIS_CD","SUSP_MINOR_INJ_COUNT","SUSP_SERIOUS_INJ_COUNT","SUV_COUNT","TCD_FUNC_CD","TCD_TYPE","TFC_DETOUR_IND","TIME_OF_DAY","TOTAL_UNITS","TOT_INJ_COUNT","UNBELTED_OCC_COUNT","UNB_DEATH_COUNT","UNB_SUSP_SERIOUS_INJ_COUNT","UNK_INJ_DEG_COUNT","UNK_INJ_PER_COUNT","URBAN_RURAL","VAN_COUNT","VEHICLE_COUNT","VULNERABLE_ROAD_USER_COUNT","VULNERABLE_ROAD_USER_DEATH_COUNT","VULNERABLE_ROAD_USER_SER_INJ_COUNT","WEATHER1","WEATHER2","WORKERS_PRES","WORK_ZONE_IND","WORK_ZONE_LOC","WORK_ZONE_TYPE","WZ_CLOSE_DETOUR","WZ_FLAGGER","WZ_LAW_OFFCR_IND","WZ_LN_CLOSURE","WZ_MOVING","WZ_OTHER","WZ_SHLDER_MDN","WZ_WORKERS_INJ_KILLED"
"2021083323","1032","1","0","0","1","0","0","0","0","0","5","0","","67","9","2021","7","39.958058","-75.162286","1030","6","0","0","0","0","0","0","0","0","","0","0","0","10","1","1","","1","0","39 57:29.007","","3","75 09:44.230","3","0","0","0","67301","1","0","0","N","0","0","0","2","67301","0","","1.0","","1","N","N","N","0","","1","0","0","3","2","","1020","2","1","1","0","0","0","0","2","0","1","1","0","0","3","04","","N","","","","","","","","","",""
"2021123465","2227","1","0","0","0","0","0","0","0","0","7","0","","67","12","2021","4","40.00541","-75.108205","2221","6","0","0","0","0","0","0","1","0","","0","0","0","22","3","1","N","0","0","40 00:19.477","","0","75 06:29.539","8","0","0","0","67301","0","0","0","N","0","0","0","1","67301","0","","4.0","","9","N","N","N","0","","0","0","0","0","0","","2203","1","1","0","0","0","1","0","2","0","1","0","0","0","7","","","N","","","","","","","","","",""
"2021099906","1416","0","0","0","0","0","0","0","0","0","1","0","","67","9","2021","1","39.969652","-75.125889","1402","6","0","0","0","0","0","0","0","0","","0","0","0","13","1","2","N","0","0","39 58:10.748","","0","75 07:33.200","3","0","0","0","67301","0","0","0","N","0","0","0","6","68K01","0","","1.0","","1","N","N","N","0","","2","0","2","0","0","","1348","3","2","0","0","0","0","1","2","0","3","0","0","0","3","04","","N","","","","","","","","","",""
"2021090988","1012","1","0","0","0","0","0","0","0","0","5","0","","67","9","2021","2","39.958618","-75.21358","1005","6","0","0","0","0","0","0","0","0","","0","0","0","9","1","0","N","0","0","39 57:31.023","","1","75 12:48.889","0","0","0","0","67301","0","0","0","N","0","0","0","1","67301","0","","6.0","","1","N","N","N","0","","0","0","1","0","0","","900","2","0","0","0","0","0","0","2","0","2","0","0","0","3","03","","N","","","","","","","","","",""
"2021127222","2150","1","0","0","0","0","0","0","0","0","4","0","","67","12","2021","6","40.017878","-75.080686","2150","6","0","0","0","0","0","0","0","0","","0","0","0","21","3","0","","1","0","40 01:04.360","","0","75 04:50.469","9","0","0","0","67301","0","0","0","N","0","0","0","2","67301","0","","1.0","","1","N","N","N","0","","0","0","1","3","3","","2140","2","0","0","0","0","0","1","2","0","2","0","0","0","3","03","","N","","","","","","","","","",""
"2021090387","0949","0","0","0","0","0","0","0","0","0","8","0","","67","9","2021","7","40.022355","-75.11796","0949","6","0","0","0","0","0","0","0","0","","0","0","0","5","1","1","","1","0","40 01:20.478","","0","75 07:04.655","3","0","0","0","67301","1","0","0","N","1","0","0","2","67301","0","","1.0","","1","N","N","N","1","","1","0","0","3","2","","510","2","1","0","0","0","0","0","2","0","1","1","0","0","3","03","","N","","","","","","","","","",""
"2021116177","1741","1","0","0","0","0","0","0","0","0","1","0","","67","11","2021","1","40.058118","-75.078154","1738","6","0","0","1","0","0","1","0","0","","0","0","0","17","3","2","","2","1","40 03:29.225","4","0","75 04:41.355","4","0","0","0","67301","0","0","0","N","0","0","0","2","67301","2","","1.0","1948.0","1","N","N","N","0","","0","0","1","0","0","N","1735","2","2","0","0","0","0","0","2","0","2","0","0","0","3","03","","N","","","","","","","","","",""
"2021087455","0006","2","0","0","0","0","0","0","0","0","2","0","","67","9","2021","3","40.003673","-75.094417","0005","6","0","0","0","0","0","0","0","0","","0","0","0","23","3","1","","1","0","40 00:13.224","","0","75 05:39.901","8","0","0","0","67301","0","0","0","N","0","0","0","1","67301","0","","1.0","","1","N","N","N","1","","0","0","0","3","2","","2350","4","1","0","0","0","1","0","2","0","3","0","0","0","3","","","N","","","","","","","","","",""
"2021085071","0645","0","0","0","0","0","0","0","0","0","1","0","","67","9","2021","5","39.945339","-75.190563","0634","6","0","0","0","0","0","1","0","0","","0","0","0","6","5","1","N","0","0","39 56:43.219","","0","75 11:26.028","8","0","0","0","67301","0","0","0","N","0","0","0","2","68K01","0","","1.0","","9","N","N","N","1","","0","0","1","0","0","","616","2","1","0","0","0","1","0","2","0","2","0","0","0","7","","","N","","","","","","","","","",""
"2021123907","1556","1","0","0","0","0","0","0","0","0","4","0","","67","12","2021","6","39.963943","-75.184723","1552","6","0","0","0","0","0","0","0","0","","0","0","0","15","1","3","","2","1","39 57:50.196","1","8","75 11:05.003","3","0","0","0","67301","2","0","0","N","2","0","0","4","68K01","0","","1.0","1630.0","1","N","N","N","0","","3","0","1","3","2","N","1544","4","3","1","0","0","0","0","2","0","2","2","0","0","3","","","N","","","","","","","","","",""
"2021101020","1205","1","0","0","0","0","0","0","0","0","4","0","","67","9","2021","7","40.015677","-75.140093","1200","6","0","0","0","0","0","0","0","0","","0","0","0","22","3","0","","1","0","40 00:56.437","","0","75 08:24.334","0","0","0","0","67301","0","0","0","N","0","0","0","2","67301","0","","1.0","","1","N","N","N","0","","0","0","2","3","2","","2245","4","0","0","0","0","0","0","2","0","4","0","0","0","3","03","","N","","","","","","","","","",""
"2021083277","0838","0","0","0","0","0","0","0","0","0","4","0","","67","9","2021","6","40.012411","-75.150553","0837","6","0","0","0","1","0","0","0","0","","0","0","0","8","1","1","","1","0","40 00:44.679","","0","75 09:01.989","3","0","0","1","67301","0","0","0","N","0","0","0","2","67301","0","","1.0","","1","N","N","N","1","","1","0","0","3","2","","815","2","1","0","0","0","0","0","2","0","2","0","0","0","3","03","","N","","","","","","","","","",""
"2021085721","0036","1","0","0","0","0","0","0","0","0","4","0","","67","9","2021","1","39.987876","-75.155938","0036","6","0","0","0","0","0","0","0","0","","0","0","0","0","3","1","","1","0","39 59:16.352","","0","75 09:21.375","8","0","0","0","67301","0","0","0","N","0","0","0","4","67301","0","","1.0","","1","N","N","N","0","","0","0","1","3","2","","25","2","1","0","0","0","1","1","2","0","2","0","0","0","3","","","N","","","","","","","","","",""
"2021118426","1730","2","0","0","0","0","0","0","0","0","4","0","","67","12","2021","6","40.009194","-75.082139","1726","6","0","0","1","0","0","0","0","0","","0","0","0","17","4","1","","1","0","40 00:33.098","","0","75 04:55.700","3","0","0","0","67301","0","0","0","N","0","0","0","3","67301","0","","1.0","","1","N","N","N","0","","1","0","0","3","3","","1708","2","1","0","0","0","0","0","2","0","2","0","0","0","3","03","","N","","","","","","","","","",""
"2021095480","1521","1","0","0","0","0","0","0","0","0","8","0","","67","9","2021","6","40.029422","-75.124695","1521","6","0","0","0","0","0","0","0","0","","0","0","0","15","1","1","","1","2","40 01:45.919","6","0","75 07:28.901","2","0","0","0","67301","1","0","1","N","1","0","1","2","67301","0","","1.0","1645.0","1","N","Y","N","0","","0","1","0","3","2","Y","1520","2","1","0","0","0","0","1","2","0","1","1","0","1","3","03","","N","","","","","","","","","",""
"2021085676","1934","4","0","1","0","0","0","0","0","0","1","0","","67","9","2021","7","39.975836","-75.158419","1932","6","0","0","0","0","0","1","0","0","","0","0","0","19","3","10","","1","2","39 58:33.009","7","0","75 09:30.309","2","0","0","0","67301","0","0","0","N","0","0","0","14","67505","0","","1.0","2107.0","1","N","N","N","0","","3","1","1","3","2","N","1930","5","10","0","0","0","6","0","2","0","5","0","0","0","3","","","N","","","","","","","","","",""
"2021116779","1106","3","0","0","0","0","0","0","0","0","4","0","","67","11","2021","3","39.984913","-75.163104","1101","6","0","0","0","0","0","1","0","0","","0","0","0","10","1","1","","1","0","39 59:05.688","","0","75 09:47.173","8","0","0","0","67301","0","0","0","N","0","0","0","2","67301","0","","1.0","","1","N","N","N","0","","0","0","0","3","3","","1055","3","1","0","0","0","1","1","2","0","3","0","0","0","4","04","","N","","","","","","","","","",""
"2021128192","0608","1","0","0","0","0","0","0","0","0","7","0","","67","12","2021","1","40.030536","-75.021952","0550","6","0","0","0","0","0","0","0","0","","0","0","0","5","3","1","N","0","1","40 01:49.931","2","0","75 01:19.026","4","0","0","0","67301","0","0","0","N","0","0","0","1","68K01","1","","4.0","640.0","9","N","N","N","0","","0","0","0","0","0","N","547","1","1","0","0","0","0","0","2","0","1","0","0","0","6","","","N","","","","","","","","","",""
"2021085689","1750","1","0","0","0","0","0","0","0","0","4","0","","67","9","2021","6","40.052316","-75.007986","1745","6","0","1","0","0","0","0","0","0","","0","0","0","17","3","2","","1","1","40 03:08.339","2","0","75 00:28.750","3","0","0","0","67301","0","0","0","N","0","0","0","3","67301","0","","1.0","2200.0","1","N","N","N","0","","2","0","1","3","2","N","1730","2","2","0","0","0","0","0","2","0","2","0","0","0","3","03","","N","","","","","","","","","",""
"2021087994","1615","1","0","0","0","0","0","0","0","0","5","0","","67","9","2021","5","39.971318","-75.158841","1621","6","0","0","0","0","0","1","0","0","","0","0","0","13","1","2","N","0","0","39 58:16.743","","0","75 09:31.828","3","0","0","1","67301","0","0","0","N","0","0","0","3","67301","0","","1.0","","1","N","N","N","0","","1","0","1","0","0","","1351","3","2","1","0","0","1","0","2","0","3","0","0","0","3","03","","N","","","","","","","","","",""
"2021087742","1801","1","0","0","0","0","0","0","0","0","1","0","","67","9","2021","4","40.007867","-75.191338","1801","6","0","0","0","0","0","0","0","0","","0","0","0","15","1","1","N","0","0","40 00:28.320","","3","75 11:28.816","3","0","0","0","67301","0","0","0","N","0","0","0","2","67301","0","","1.0","","1","N","N","N","0","","1","0","1","0","0","","1526","2","1","1","0","0","0","0","2","0","2","0","0","0","3","03","","N","","","","","","","","","",""
"2021126368","1245","2","0","0","0","0","0","0","0","0","4","0","","67","12","2021","6","40.009469","-75.152899","1240","6","0","0","0","0","0","0","0","0","","0","0","0","12","1","1","","1","0","40 00:34.088","","0","75 09:10.435","3","0","0","0","67301","0","0","0","N","0","0","0","2","67301","0","","1.0","","1","N","N","N","0","","1","0","0","3","2","","1235","2","1","0","0","0","0","1","2","0","2","0","0","0","3","03","","N","","","","","","","","","",""
"2021105744","","1","0","0","0","0","0","0","0","0","4","0","","67","9","2021","1","39.992746","-75.186155","","6","0","0","0","0","0","0","0","0","","0","0","0","21","3","1","","1","0","39 59:33.885","","0","75 11:10.157","3","0","0","0","67301","0","0","0","N","0","0","0","2","00000","0","","1.0","","9","N","N","N","0","","1","0","0","3","2","","2100","2","1","0","0","0","0","0","2","0","2","0","0","0","3","","","N","","","","","","","","","",""
"2021119293","0052","3","0","0","0","0","0","0","0","0","4","0","","67","12","2021","2","39.999297","-75.110655","0052","6","0","0","0","0","0","1","0","0","","0","0","0","0","3","0","","1","2","39 59:57.469","3","0","75 06:38.357","0","0","0","0","67301","0","0","0","N","0","0","0","3","67301","0","","1.0","200.0","9","N","N","N","0","","0","0","1","3","2","Y","52","4","0","0","0","0","0","0","2","0","4","0","0","0","7","","","N","","","","","","","","","",""
"2021118721","2231","2","0","0","0","0","0","0","0","0","1","0","","67","12","2021","7","39.954528","-75.143861","2227","6","0","0","0","0","0","0","0","0","","0","0","0","22","3","0","N","0","2","39 57:16.300","3","3","75 08:37.900","0","0","0","0","67301","0","0","0","N","0","0","0","4","67501","0","","1.0","2324.0","1","N","N","N","0","","0","0","0","0","0","N","2227","2","0","0","0","0","0","0","2","0","2","0","0","0","3","03","","N","","","","","","","","","",""
"2021087585","0239","2","0","0","0","0","0","0","0","0","5","0","","67","9","2021","6","39.953386","-75.225097","0238","6","0","0","0","0","0","0","0","0","","0","0","0","2","3","0","N","0","2","39 57:12.190","6","0","75 13:30.350","9","0","0","0","67301","0","0","0","N","0","0","0","1","67301","0","","6.0","303.0","1","N","N","N","0","","0","0","0","0","0","Y","230","2","0","1","0","0","0","1","2","0","2","0","0","0","3","03","","N","","","","","","","","","",""
"2021088733","1240","2","0","0","0","0","0","0","0","0","4","0","","67","9","2021","2","40.025747","-75.172514","1240","6","0","0","0","0","1","0","0","0","","0","0","0","15","1","0","","1","0","40 01:32.689","","0","75 10:21.050","0","0","0","0","67301","0","0","0","N","0","0","0","2","67301","0","","1.0","","1","N","N","N","0","","0","0","0","3","2","","1545","2","0","0","0","0","0","0","2","0","2","0","0","0","3","03","","N","","","","","","","","","",""
"2021084817","0610","1","0","0","0","0","0","0","0","0","7","0","","67","9","2021","5","39.884428","-75.248741","0601","6","0","0","0","0","0","1","0","0","","0","0","0","6","5","0","","2","0","39 53:03.940","","0","75 14:55.467","0","0","0","0","67301","0","0","0","N","0","0","0","1","67301","0","","5.0","","9","N","N","N","0","","0","0","0","0","0","","600","1","0","1","0","0","0","0","2","0","1","0","0","0","7","07","","N","","","","","","","","","",""
"2021117942","0254","2","0","0","0","0","0","0","0","0","6","0","","67","12","2021","5","39.983097","-75.118845","0252","6","0","0","0","0","0","0","0","0","","0","0","0","2","3","0","N","0","1","39 58:59.148","3","0","75 07:07.843","9","0","0","0","67301","0","0","0","N","0","0","0","1","67301","0","","3.0","400.0","9","N","N","N","0","","0","0","0","0","0","N","249","2","0","0","0","0","0","1","2","0","2","0","0","0","7","07","","N","","","","","","","","","",""
"2021119282","0733","0","0","0","0","0","0","0","0","0","7","0","","67","12","2021","3","39.97905","-75.157861","0730","6","0","0","0","0","0","0","0","0","","0","0","0","7","1","1","N","0","1","39 58:44.579","2","0","75 09:28.299","3","0","0","0","67301","0","0","0","N","0","0","0","7","67505","0","","5.0","815.0","1","N","N","N","0","","1","0","2","0","0","N","728","2","1","0","0","0","0","0","2","0","2","0","0","0","3","03","","N","","","","","","","","","",""
"2021083760","1842","1","0","0","0","0","0","0","0","0","4","0","","67","9","2021","1","40.073539","-75.158211","1837","6","0","0","0","0","0","0","0","0","","0","0","0","18","1","0","N","0","1","40 04:24.740","2","0","75 09:29.560","0","0","0","0","67301","0","0","0","N","0","0","0","3","67301","0","","1.0","100.0","9","N","N","N","0","","0","0","1","0","0","Y","1831","2","0","3","0","0","0","0","2","0","2","0","0","0","7","04","","N","","","","","","","","","",""
"2021117309","0825","1","0","0","0","0","0","0","0","0","4","0","","67","11","2021","2","40.02428","-75.130381","0822","6","0","0","0","0","0","0","0","0","","0","0","0","8","1","5","","1","1","40 01:27.407","1","0","75 07:49.370","3","0","0","0","67301","0","0","0","N","0","0","0","9","67301","0","","1.0","850.0","1","N","N","N","0","","5","0","2","3","2","Y","818","3","5","2","0","0","0","0","2","0","3","0","0","0","3","03","","N","","","","","","","","","",""
"2021117150","1019","1","0","0","0","0","0","0","0","0","4","0","","67","12","2021","4","39.941923","-75.213886","1019","6","0","0","0","0","0","0","0","0","","0","0","0","9","1","2","","1","0","39 56:30.922","","0","75 12:49.989","8","0","0","0","67301","0","0","0","N","0","0","0","2","67301","0","","1.0","","1","N","N","N","0","","0","0","1","3","2","","923","2","2","0","0","0","2","0","2","0","2","0","0","0","3","03","","N","","","","","","","","","",""
"2021120224","0452","0","0","0","0","0","0","0","0","0","4","0","","67","12","2021","1","39.952174","-75.14523","0452","6","0","0","0","0","0","0","0","0","","0","0","0","3","6","0","","1","0","39 57:07.825","","0","75 08:42.829","0","0","0","0","67301","0","0","0","N","0","0","0","2","67301","0","","1.0","","99","N","N","N","0","","0","0","2","3","2","","352","2","0","1","0","0","0","0","2","0","2","0","0","0","3","03","","N","","","","","","","","","",""
"2021119684","0044","1","0","0","0","0","0","0","0","0","4","0","","67","12","2021","2","40.060851","-75.059497","0031","6","0","1","0","0","0","0","0","0","","0","0","0","0","3","1","","1","0","40 03:39.063","","0","75 03:34.189","8","0","0","0","67301","0","0","0","N","0","0","0","3","67301","0","","1.0","","1","N","N","Y","1","","0","0","1","3","3","","25","3","1","0","0","0","1","0","2","0","3","0","0","0","3","03","","N","","","","","","","","","",""
"2021101021","0210","2","0","0","0","0","0","0","0","0","1","0","","67","9","2021","3","40.026217","-75.117554","0210","6","0","0","0","0","0","0","0","0","","0","0","0","0","3","1","N","0","0","40 01:34.380","","0","75 07:03.195","3","0","0","0","67301","0","0","0","N","0","0","0","1","67301","0","","6.0","","1","N","N","N","0","","1","0","0","0","0","","55","3","1","0","0","0","0","0","2","1","3","0","0","0","3","","","N","","","","","","","","","",""
"2021128173","1615","0","0","0","0","0","0","0","0","0","7","0","","67","12","2021","5","39.941925","-75.185061","1611","6","0","0","0","0","0","0","0","0","","0","0","0","16","1","0","N","0","1","39 56:30.930","4","0","75 11:06.220","0","0","0","0","67301","0","0","0","N","0","0","0","1","67301","0","","5.0","1645.0","1","N","N","N","0","","0","0","1","0","0","N","1605","1","0","0","0","0","0","0","2","0","1","0","0","0","3","","","N","","","","","","","","","",""
"2021084727","1429","2","0","0","0","0","0","0","0","0","4","0","","67","9","2021","2","39.949194","-75.235343","1427","6","0","0","0","0","0","0","0","0","","0","0","0","13","1","0","","1","0","39 56:57.098","","0","75 14:07.234","0","0","0","0","67301","0","0","0","N","0","0","0","2","67301","0","","1.0","","1","N","N","N","0","","0","0","0","3","3","","1332","2","0","2","0","0","0","0","2","0","2","0","0","0","3","03","","N","","","","","","","","","",""
"2021128187","1404","0","0","0","0","0","0","0","0","0","1","0","","67","12","2021","7","39.968002","-75.13084","1325","6","0","0","0","0","0","0","0","0","","0","0","0","13","1","0","N","0","0","39 58:04.808","","0","75 07:51.025","0","0","0","0","67301","0","0","0","N","0","0","0","2","68K01","0","","1.0","","1","N","N","N","1","","0","0","0","0","0","","1323","2","0","0","0","0","0","0","2","1","2","0","0","0","3","03","","N","","","","","","","","","",""
"2021119390","0033","1","0","0","0","0","0","0","0","0","7","0","","67","12","2021","5","39.971729","-75.193332","0025","6","0","0","0","0","0","0","0","0","","0","0","0","0","3","0","","7","0","39 58:18.224","","2","75 11:35.996","0","0","0","0","67301","0","0","0","N","0","0","0","1","68K01","0","","7.0","","9","N","N","N","0","","0","0","0","0","0","","24","1","0","1","0","0","0","0","2","0","1","0","0","0","7","","","N","","","","","","","","","",""
"2021092551","1910","4","0","0","0","0","0","0","0","0","1","0","","67","9","2021","6","40.033667","-75.233767","1905","6","0","0","0","0","0","1","0","0","","0","0","0","19","1","2","N","0","0","40 02:01.200","","0","75 14:01.560","3","0","0","0","67301","0","0","0","N","0","0","0","2","67301","0","","1.0","","1","N","N","N","0","","2","0","0","0","0","","1900","4","2","0","0","0","0","0","2","0","4","0","0","0","3","","","N","","","","","","","","","",""
"2021092754","0720","1","0","0","0","0","0","0","0","0","8","0","","67","9","2021","6","39.960801","-75.231087","0715","6","0","0","1","0","0","0","0","0","","0","0","0","7","1","1","N","0","0","39 57:38.885","","1","75 13:51.913","4","0","0","0","67301","1","0","0","N","1","0","0","2","67508","1","","1.0","","1","N","N","Y","0","","0","0","0","0","0","N","715","2","1","1","0","0","0","0","2","0","1","1","0","0","3","03","","N","","","","","","","","","",""
"2021087443","1640","1","0","0","0","0","0","0","0","0","4","0","","67","9","2021","5","39.976176","-75.160962","1633","6","0","0","0","0","0","0","0","0","","0","0","0","15","1","1","","1","0","39 58:34.232","","0","75 09:39.464","3","0","0","0","67301","0","0","0","N","0","0","0","3","67301","0","","1.0","","1","N","N","N","0","","1","0","1","3","3","","1558","2","1","0","0","0","0","0","2","0","2","0","0","0","4","","","N","","","","","","","","","",""
"2021115793","0815","1","0","0","0","0","0","0","0","0","7","0","","67","11","2021","1","39.982523","-75.230728","0814","6","0","0","0","0","0","0","0","0","","0","0","0","7","5","2","","1","0","39 58:57.082","","0","75 13:50.620","3","0","0","0","67301","0","0","0","N","0","0","0","3","67301","0","","4.0","","1","N","N","N","0","","2","0","0","3","2","","717","2","2","1","0","0","0","0","2","1","2","0","0","0","3","03","","N","","","","","","","","","",""
"2021122713","1109","0","0","1","0","0","0","0","0","0","0","0","","67","12","2021","6","39.985059","-75.094704","1058","6","0","0","0","0","0","1","0","0","","0","0","0","10","1","1","N","0","1","39 59:06.214","2","3","75 05:40.933","2","0","0","0","67301","0","0","0","N","0","0","0","4","68K01","0","","1.0","1130.0","1","N","N","N","0","","0","1","1","0","0","Y","1057","2","1","0","0","0","0","0","2","0","2","0","0","0","3","","","N","","","","","","","","","",""
"2021085461","2101","1","0","0","0","0","0","0","0","0","5","0","","67","9","2021","5","39.927517","-75.229822","2056","6","0","0","0","0","0","0","0","0","","0","0","0","19","3","1","N","0","0","39 55:39.060","","0","75 13:47.360","3","0","0","0","67301","1","0","0","N","1","0","0","2","67301","0","","6.0","","1","N","N","N","0","","1","0","1","0","0","","1945","3","1","0","0","0","0","1","2","0","2","1","0","0","3","03","","N","","","","","","","","","",""
"2021127680","2003","2","0","0","0","0","0","0","0","0","5","0","","67","12","2021","7","40.009175","-75.069825","2003","6","0","0","0","0","0","1","0","0","","0","0","0","19","3","0","N","0","0","40 00:33.030","","0","75 04:11.370","0","0","0","0","67301","0","0","0","N","0","0","0","1","67301","0","","6.0","","9","N","N","Y","0","","0","0","1","0","0","","1904","3","0","0","0","0","0","0","2","0","3","0","0","0","7","07","","N","","","","","","","","","",""
"2021089413","1805","2","0","0","0","0","0","0","0","0","4","0","","67","9","2021","2","40.034456","-75.107907","1751","6","0","0","0","0","0","0","0","0","","0","0","0","17","1","3","N","0","1","40 02:04.041","4","0","75 06:28.466","8","0","0","0","67301","0","0","0","N","0","0","0","5","67301","0","","1.0","1947.0","1","N","N","Y","0","","0","0","1","0","0","Y","1735","3","3","0","0","0","3","2","2","0","3","0","0","0","3","03","","N","","","","","","","","","",""
"2021128198","0001","2","0","0","0","0","0","0","0","0","1","0","","67","12","2021","2","39.888611","-75.202659","2347","6","0","0","0","0","0","0","0","0","","0","0","0","23","3","1","N","0","2","39 53:19.001","1","3","75 12:09.574","8","0","0","0","67301","0","0","0","N","0","0","0","2","68K01","0","","1.0","100.0","1","N","N","N","0","","0","0","0","0","0","N","2336","2","1","0","0","0","1","0","2","0","2","0","0","0","3","","","N","","","","","","","","","",""
"2021088734","0900","1","0","0","0","0","0","0","0","0","4","0","","67","9","2021","2","40.033041","-75.116078","0900","6","0","0","0","0","0","0","0","0","","0","0","0","8","3","2","","1","0","40 01:58.949","","0","75 06:57.882","4","0","0","0","67301","0","0","0","N","0","0","0","3","67301","2","","1.0","","1","N","N","N","0","","0","0","1","3","2","","800","2","2","0","0","0","0","0","2","0","2","0","0","0","3","03","","N","","","","","","","","","",""
"2021116788","0958","2","0","0","0","0","0","0","0","0","4","0","","67","11","2021","2","39.974597","-75.199487","0948","6","0","0","0","0","0","0","0","0","","0","0","0","9","1","2","","1","1","39 58:28.550","3","2","75 11:58.153","4","0","0","0","67301","0","0","0","N","0","0","0","4","67301","2","","1.0","1030.0","1","N","N","Y","0","","0","0","1","1","2","N","945","3","2","1","0","0","0","2","2","0","3","0","0","0","3","03","","N","","","","","","","","","",""
"2021124278","0152","2","0","0","0","0","0","0","0","0","4","0","","67","12","2021","5","39.983835","-75.161729","0152","6","0","0","0","0","0","0","0","0","","0","0","0","1","3","1","","1","0","39 59:01.806","","0","75 09:42.223","3","0","0","0","67301","0","0","0","N","0","0","0","2","67301","0","","1.0","","9","N","N","N","0","","1","0","0","3","2","","151","2","1","0","0","0","0","0","2","0","2","0","0","0","4","07","","N","","","","","","","","","",""
"2021086303","0331","3","0","0","0","0","0","0","0","0","1","0","","67","9","2021","3","39.983861","-75.160083","0330","6","0","0","0","0","0","0","0","0","","0","0","0","3","3","0","N","0","2","39 59:01.900","1","0","75 09:36.300","0","0","0","0","67301","0","0","0","N","0","0","0","1","67505","0","","6.0","420.0","1","N","N","N","0","","0","0","0","0","0","N","329","3","0","1","0","0","0","0","2","0","3","0","0","0","3","03","","N","","","","","","","","","",""
"2021118696","1932","1","0","0","0","0","0","0","0","0","4","0","","67","12","2021","6","39.978158","-75.176291","1926","6","0","0","0","0","1","0","0","0","","0","0","0","19","3","1","","1","0","39 58:41.367","","0","75 10:34.648","4","0","0","0","67301","0","0","0","N","0","0","0","2","67301","1","","1.0","","1","N","N","N","0","","0","0","1","3","2","","1921","2","1","0","0","0","0","0","2","0","2","0","0","0","3","03","","N","","","","","","","","","",""
"2021127137","1630","2","0","0","0","0","0","0","0","0","5","0","","67","12","2021","6","39.933289","-75.225606","1629","6","0","0","0","0","0","1","0","0","","0","0","0","16","4","1","N","0","0","39 55:59.840","","0","75 13:32.180","8","0","0","0","67301","2","0","0","N","2","0","0","3","67301","0","","6.0","","1","N","N","Y","1","","0","0","2","0","0","","1620","7","1","0","0","0","1","0","2","0","5","2","0","0","3","","","N","","","","","","","","","",""
"2021126175","1130","2","0","0","0","0","0","0","0","0","4","0","","67","12","2021","4","40.033146","-75.10696","1119","6","0","0","0","0","0","1","0","0","","0","0","0","11","1","2","","1","0","40 01:59.326","","0","75 06:25.057","3","0","0","0","67301","0","0","0","N","0","0","0","2","67301","0","","1.0","","1","N","N","N","0","","2","0","0","3","2","","1115","2","2","0","0","0","0","0","2","0","2","0","0","0","3","","","N","","","","","","","","","",""
"2021128409","0901","1","0","0","0","0","0","0","0","0","8","0","","67","12","2021","4","40.022705","-75.133512","0900","6","0","0","0","0","0","0","0","0","","0","0","0","10","1","1","","1","0","40 01:21.738","","0","75 08:00.643","3","0","0","0","67301","1","0","0","N","1","0","0","2","67301","0","","1.0","","1","N","N","N","0","","1","0","0","0","0","","1000","2","1","1","0","0","0","0","2","0","1","1","0","0","3","03","","N","","","","","","","","","",""