"CRN","ARRIVAL_TM","AUTOMOBILE_COUNT","BELTED_DEATH_COUNT","BELTED_SUSP_SERIOUS_INJ_COUNT","BICYCLE_COUNT","BICYCLE_DEATH_COUNT","BICYCLE_SUSP_SERIOUS_INJ_COUNT","BUS_COUNT","CHLDPAS_DEATH_COUNT","CHLDPAS_SUSP_SERIOUS_INJ_COUNT","COLLISION_TYPE","COMM_VEH_COUNT","CONS_ZONE_SPD_LIM","COUNTY","CRASH_MONTH","CRASH_YEAR","DAY_OF_WEEK","DEC_LATITUDE","DEC_LONGITUDE","DISPATCH_TM","DISTRICT","DRIVER_COUNT_16YR","DRIVER_COUNT_17YR","DRIVER_COUNT_18YR","DRIVER_COUNT_19YR","DRIVER_COUNT_20YR","DRIVER_COUNT_50_64YR","DRIVER_COUNT_65_74YR","DRIVER_COUNT_75PLUS","EST_HRS_CLOSED","FATAL_COUNT","HEAVY_TRUCK_COUNT","HORSE_BUGGY_COUNT","HOUR_OF_DAY","ILLUMINATION","INJURY_COUNT","INTERSECTION_RELATED","INTERSECT_TYPE","LANE_CLOSED","LATITUDE","LN_CLOSE_DIR","LOCATION_TYPE","LONGITUDE","MAX_SEVERITY_LEVEL","MCYCLE_DEATH_COUNT","MCYCLE_SUSP_SERIOUS_INJ_COUNT","MOTORCYCLE_COUNT","MUNICIPALITY","NONMOTR_COUNT","NONMOTR_DEATH_COUNT","NONMOTR_SUSP_SERIOUS_INJ_COUNT","NTFY_HIWY_MAINT","PED_COUNT","PED_DEATH_COUNT","PED_SUSP_SERIOUS_INJ_COUNT","PERSON_COUNT","POLICE_AGCY","POSSIBLE_INJ_COUNT","RDWY_SURF_TYPE_CD","RELATION_TO_ROAD","ROADWAY_CLEARED","ROAD_CONDITION","SCH_BUS_IND","SCH_ZONE_IND","SECONDARY_CRASH","SMALL_TRUCK_COUNT","SPEC_JURIS_CD","SUSP_MINOR_INJ_COUNT","SUSP_SERIOUS_INJ_COUNT","SUV_COUNT","TCD_FUNC_CD","TCD_TYPE","TFC_DETOUR_IND","TIME_OF_DAY","TOTAL_UNITS","TOT_INJ_COUNT","UNBELTED_OCC_COUNT","UNB_DEATH_COUNT","UNB_SUSP_SERIOUS_INJ_COUNT","UNK_INJ_DEG_COUNT","UNK_INJ_PER_COUNT","URBAN_RURAL","VAN_COUNT","VEHICLE_COUNT","VULNERABLE_ROAD_USER_COUNT","VULNERABLE_ROAD_USER_DEATH_COUNT","VULNERABLE_ROAD_USER_SER_INJ_COUNT","WEATHER1","WEATHER2","WORKERS_PRES","WORK_ZONE_IND","WORK_ZONE_LOC","WORK_ZONE_TYPE","WZ_CLOSE_DETOUR","WZ_FLAGGER","WZ_LAW_OFFCR_IND","WZ_LN_CLOSURE","WZ_MOVING","WZ_OTHER","WZ_SHLDER_MDN","WZ_WORKERS_INJ_KILLED"
"2021127669","1756","1","0","0","0","0","0","0","0","0","4","0","","67","12","2021","6","39.913325","-75.221785","1749","6","0","0","0","0","0","0","0","0","","0","0","0","17","3","1","N","0","0","39 54:47.969","","0","75 13:18.426","8","0","0","0","67301","0","0","0","N","0","0","0","3","67301","0","","1.0","","1","N","N","N","0","","0","0","1","3","2","","1730","2","1","0","0","0","1","0","2","0","2","0","0","0","3","03","","N","","","","","","","","","",""
"2021126306","2150","1","0","0","0","0","0","0","0","0","1","0","","67","12","2021","5","40.090942","-74.976463","2143","6","0","0","0","0","0","2","1","0","","0","0","0","21","3","1","N","0","0","40 05:27.390","","0","74 58:35.267","8","0","0","0","67301","0","0","0","N","0","0","0","3","67301","0","","1.0","","1","N","N","Y","1","","0","0","0","0","0","","2140","3","1","0","0","0","1","0","2","1","3","0","0","0","3","03","","N","","","","","","","","","",""
"2021087663","1612","2","0","0","0","0","0","0","0","0","1","0","","67","9","2021","5","40.045528","-75.176528","1611","6","0","0","0","0","0","0","0","0","","0","0","0","15","1","1","Y","0","0","40 02:43.900","","0","75 10:35.500","3","0","0","0","67301","0","0","0","N","0","0","0","2","67301","0","","1.0","","1","N","N","N","0","","1","0","0","3","3","","1556","2","1","0","0","0","0","1","2","0","2","0","0","0","4","","","N","","","","","","","","","",""
"2021087743","0453","0","0","0","0","0","0","0","0","0","7","0","","67","9","2021","5","39.997645","-75.158704","0449","6","0","0","0","0","0","0","0","0","","0","0","0","2","3","0","","2","0","39 59:51.522","","0","75 09:31.334","9","0","0","0","67301","0","0","0","N","0","0","0","1","67301","0","","4.0","","1","N","N","N","0","","0","0","1","3","3","","208","1","0","0","0","0","0","1","2","0","1","0","0","0","3","","","N","","","","","","","","","",""
"2021119440","2001","0","0","0","0","0","0","0","0","0","5","0","","67","12","2021","7","39.928331","-75.170569","1949","6","0","0","0","0","0","0","0","1","","0","0","0","19","3","1","N","0","0","39 55:41.990","","0","75 10:14.050","3","0","0","0","67301","0","0","0","N","0","0","0","1","67301","0","","6.0","","1","N","N","N","0","","1","0","2","0","0","","1945","2","1","0","0","0","0","0","2","0","2","0","0","0","3","03","","N","","","","","","","","","",""
"2021092882","2345","1","0","0","0","0","0","0","0","0","1","0","","67","9","2021","6","39.981294","-75.206727","2335","6","0","0","0","0","0","0","0","0","","0","0","0","23","3","0","N","0","0","39 58:52.659","","0","75 12:24.217","0","0","0","0","67301","0","0","0","N","0","0","0","2","68K01","0","","1.0","","1","N","N","N","0","","0","0","1","0","0","","2331","2","0","0","0","0","0","0","2","0","2","0","0","0","3","","","N","","","","","","","","","",""
"2021087989","0727","1","0","0","0","0","0","0","0","0","7","0","","67","9","2021","6","39.912417","-75.173889","0727","6","0","0","0","0","0","0","0","0","","0","0","0","7","1","0","","7","2","39 54:44.700","2","8","75 10:26.000","0","0","0","0","67301","0","0","0","N","0","0","0","4","67501","0","","7.0","750.0","9","N","N","N","0","","0","0","0","0","0","Y","727","1","0","0","0","0","0","0","2","0","1","0","0","0","4","","","N","","","","","","","","","",""
"2021117627","2345","2","0","0","0","0","0","0","0","0","4","0","","67","12","2021","4","39.911336","-75.242664","2338","6","0","0","0","0","0","0","0","0","","0","0","0","23","3","1","","5","0","39 54:40.810","","0","75 14:33.592","3","0","0","0","67301","0","0","0","N","0","0","0","3","67301","0","","1.0","","9","N","N","N","0","","1","0","0","3","2","","2335","2","1","0","0","0","0","1","2","0","2","0","0","0","7","07","","N","","","","","","","","","",""
"2021124858","1323","1","0","0","0","0","0","0","0","0","4","0","","67","12","2021","2","40.055806","-75.158167","1318","6","0","0","0","0","0","0","0","0","","0","0","0","13","1","0","N","0","0","40 03:20.900","","7","75 09:29.400","0","0","0","0","67301","0","0","0","N","0","0","0","2","67301","0","","1.0","","1","N","N","N","0","","0","0","0","0","0","","1315","2","0","0","0","0","0","0","2","1","2","0","0","0","3","","","N","","","","","","","","","",""
"2021086711","1625","1","0","0","0","0","0","0","0","0","7","0","","67","9","2021","1","39.912361","-75.173889","1623","6","1","0","0","0","0","0","0","0","","0","0","0","16","1","1","N","0","2","39 54:44.500","3","2","75 10:26.000","3","0","0","0","67301","0","0","0","N","0","0","0","1","67501","0","","4.0","1656.0","1","N","N","N","0","","1","0","0","0","0","Y","1623","1","1","0","0","0","0","0","2","0","1","0","0","0","3","03","","N","","","","","","","","","",""
"2021122012","0515","1","0","0","0","0","0","0","0","0","7","0","","67","11","2021","3","40.025001","-75.074072","0505","6","0","0","0","0","0","0","0","0","","0","0","0","3","3","0","N","0","0","40 01:30.004","","0","75 04:26.660","9","0","0","0","67301","0","0","0","N","0","0","0","1","67301","0","","4.0","","1","N","N","N","0","","0","0","0","0","0","","330","1","0","0","0","0","0","1","2","0","1","0","0","0","3","03","","N","","","","","","","","","",""
"2021085750","1138","2","0","0","0","0","0","0","0","0","4","0","","67","9","2021","6","40.02912","-75.089921","1129","6","0","0","0","0","1","0","0","0","","0","0","0","11","1","1","","1","2","40 01:44.832","2","6","75 05:23.717","3","0","0","0","67301","0","0","0","N","0","0","0","2","67301","0","","1.0","1219.0","1","N","N","N","0","","1","0","0","3","2","N","1115","2","1","0","0","0","0","0","2","0","2","0","0","0","3","03","","N","","","","","","","","","",""
"2021087511","2015","1","0","0","0","0","0","0","0","0","5","0","","67","9","2021","6","39.926778","-75.147194","1950","6","0","0","0","0","0","0","0","0","","0","0","0","17","1","0","N","0","0","39 55:36.400","","0","75 08:49.900","0","0","0","0","67301","0","0","0","N","0","0","0","2","67301","0","","6.0","","1","N","N","N","1","","0","0","0","0","0","","1715","2","0","0","0","0","0","0","2","0","2","0","0","0","3","03","","N","","","","","","","","","",""
"2021086954","1722","1","0","0","0","0","0","0","0","0","5","0","","67","9","2021","4","40.006439","-75.15187","1719","6","0","0","0","0","0","0","0","0","","0","0","0","17","1","0","Y","0","0","40 00:23.182","","0","75 09:06.731","0","0","0","0","67301","0","0","0","N","0","0","0","2","67505","0","","1.0","","1","","","N","0","","0","0","1","3","2","","1715","2","0","0","0","0","0","0","2","0","2","0","0","0","3","03","","N","","","","","","","","","",""
"2021088118","1309","1","0","0","0","0","0","0","0","0","4","0","","67","9","2021","6","40.097156","-75.018134","1309","6","0","0","0","0","0","0","0","0","","0","0","0","13","1","0","","1","2","40 05:49.760","7","0","75 01:05.283","0","0","0","0","67301","0","0","0","N","0","0","0","2","67301","0","","1.0","100.0","9","N","N","N","0","","0","0","1","3","2","Y","1300","2","0","0","0","0","0","0","2","0","2","0","0","0","3","07","","N","","","","","","","","","",""
"2021096670","0117","2","0","0","0","0","0","0","0","0","4","0","","67","9","2021","1","39.948897","-75.245515","0101","6","0","0","0","0","0","0","0","0","","0","0","0","1","3","1","","1","0","39 56:56.029","","0","75 14:43.854","8","0","0","0","67301","0","0","0","N","0","0","0","3","67301","0","","1.0","","1","N","N","N","0","","0","0","1","3","3","","101","4","1","1","0","0","1","0","2","1","4","0","0","0","4","03","","N","","","","","","","","","",""
"2021087477","2340","1","0","0","0","0","0","0","0","0","4","0","","67","9","2021","4","39.974638","-75.199108","2334","6","0","0","0","0","0","0","0","0","","0","0","0","21","3","0","","1","0","39 58:28.698","","2","75 11:56.790","0","0","0","0","67301","0","0","0","N","0","0","0","2","67301","0","","1.0","","1","N","N","N","0","","0","0","1","3","2","","2113","2","0","0","0","0","0","0","2","0","2","0","0","0","3","03","","N","","","","","","","","","",""
"2021088779","0314","2","0","0","0","0","0","0","0","0","1","0","","67","9","2021","7","39.955705","-75.215333","0314","6","0","0","0","0","0","0","0","0","","0","0","0","3","3","1","N","0","0","39 57:20.538","","0","75 12:55.198","8","0","0","0","67301","0","0","0","N","0","0","0","1","67301","0","","6.0","","1","N","N","N","0","","0","0","0","0","0","","310","2","1","0","0","0","1","0","2","0","2","0","0","0","3","03","","N","","","","","","","","","",""
"2021085720","1600","1","0","0","0","0","0","0","0","0","8","0","","67","9","2021","6","39.988657","-75.187059","1550","6","0","0","0","0","0","0","0","0","","0","0","0","15","1","1","","1","0","39 59:19.164","","0","75 11:13.413","8","0","0","0","67301","1","0","0","N","1","0","0","2","67301","0","","4.0","","1","N","N","N","0","","0","0","0","3","2","","1550","2","1","0","0","0","1","0","2","0","1","1","0","0","3","03","","N","","","","","","","","","",""
"2021125684","0017","2","0","0","0","0","0","0","0","0","4","0","","67","12","2021","4","40.036608","-75.064461","0011","6","0","0","0","0","0","0","0","0","","0","0","0","0","3","2","","1","1","40 02:11.789","2","0","75 03:52.061","3","0","0","0","67301","0","0","0","N","0","0","0","3","67301","1","","1.0","200.0","9","N","N","N","0","","1","0","0","3","2","Y","5","2","2","0","0","0","0","0","2","0","2","0","0","0","7","07","","N","","","","","","","","","",""
"2021087738","1010","1","0","0","1","0","0","0","0","0","8","0","","67","9","2021","3","40.004804","-75.177757","1005","6","0","0","0","0","0","1","0","0","","0","0","0","8","1","1","N","0","0","40 00:17.293","","7","75 10:39.925","3","0","0","0","67301","1","0","0","N","0","0","0","2","67301","0","","1.0","","1","N","N","N","0","","1","0","0","0","0","","815","2","1","0","0","0","0","0","2","0","1","1","0","0","3","","","N","","","","","","","","","",""
"2021085183","2140","1","0","0","0","0","0","0","0","0","7","0","","67","9","2021","5","39.980814","-75.198766","2138","6","0","0","0","0","0","0","0","0","","0","0","0","21","3","0","N","0","0","39 58:50.930","","0","75 11:55.556","0","0","0","0","67301","0","0","0","N","0","0","0","1","67301","0","","4.0","","1","N","N","N","0","","0","0","0","0","0","","2138","1","0","0","0","0","0","0","2","0","1","0","0","0","3","","","N","","","","","","","","","",""
"2021124041","0200","1","0","0","0","0","0","0","0","0","7","0","","67","12","2021","6","40.006221","-75.090236","0152","6","0","0","0","0","0","0","0","0","","0","0","0","1","3","0","N","0","0","40 00:22.396","","0","75 05:24.848","0","0","0","0","67301","0","0","0","N","0","0","0","1","67301","0","","4.0","","1","N","N","N","0","","0","0","0","0","0","","135","1","0","0","0","0","0","0","2","0","1","0","0","0","3","03","","N","","","","","","","","","",""
"2021086271","1648","2","0","0","0","0","0","0","0","0","1","0","","67","9","2021","2","40.076716","-75.176178","1642","6","0","0","0","0","0","0","1","0","","0","0","0","16","1","1","","1","0","40 04:36.177","","0","75 10:34.240","3","0","0","0","67301","0","0","0","N","0","0","0","3","67301","0","","1.0","","1","N","N","N","0","","1","0","0","3","3","","1639","3","1","2","0","0","0","0","2","0","3","0","0","0","3","03","","N","","","","","","","","","",""
"2021105716","","0","0","0","0","0","0","0","0","0","1","0","","67","9","2021","5","40.029917","-75.087527","","6","0","0","0","0","0","1","0","0","","0","0","0","15","1","1","","1","0","40 01:47.700","","0","75 05:15.098","8","0","0","0","67301","0","0","0","N","0","0","0","2","00000","0","","1.0","","1","N","N","N","0","","0","0","1","3","2","","1500","2","1","0","0","0","1","0","2","0","2","0","0","0","3","","","N","","","","","","","","","",""
"2021124280","0401","1","0","0","0","0","0","0","0","0","1","0","","67","12","2021","1","39.993931","-75.154462","0401","6","0","0","0","0","0","0","0","0","","0","0","0","4","3","1","","1","0","39 59:38.150","","0","75 09:16.063","4","0","0","0","67301","0","0","0","N","0","0","0","2","67301","1","","1.0","","9","N","N","Y","0","","0","0","1","3","2","","400","2","1","1","0","0","0","1","2","0","2","0","0","0","3","03","","N","","","","","","","","","",""
"2021085968","2301","0","0","0","0","0","0","0","0","0","4","0","","67","9","2021","1","40.0045","-75.150444","2257","6","0","0","0","0","0","0","0","0","","0","0","0","22","3","1","N","0","1","40 00:16.200","4","7","75 09:01.600","2","0","1","1","67301","0","0","0","N","0","0","0","2","67505","0","","1.0","200.0","1","N","N","N","0","","0","1","0","0","0","N","2257","2","1","0","0","0","0","0","2","1","2","0","0","0","3","","","N","","","","","","","","","",""
"2021124286","0233","1","0","0","0","0","0","0","0","0","5","0","","67","12","2021","6","39.959294","-75.244353","0230","6","0","0","0","0","0","0","0","0","","0","0","0","2","3","0","N","0","0","39 57:33.459","","0","75 14:39.670","9","0","0","0","67301","0","0","0","N","0","0","0","2","67301","0","","6.0","","1","N","N","N","0","","0","0","2","0","0","","229","3","0","2","0","0","0","1","2","0","3","0","0","0","3","","","N","","","","","","","","","",""
"2021097539","1636","0","0","0","0","0","0","0","0","0","8","0","","67","9","2021","5","40.004293","-75.149298","1636","6","0","0","0","0","0","0","0","0","","0","0","0","17","3","1","","1","0","40 00:15.454","","0","75 08:57.472","2","0","0","0","67301","1","0","1","N","1","0","1","2","67301","0","","1.0","","1","N","N","N","0","","0","1","0","3","2","","1700","2","1","0","0","0","0","0","2","0","1","1","0","1","3","03","","N","","","","","","","","","",""
"2021127205","0119","1","0","0","1","0","0","0","0","0","8","0","","67","12","2021","7","39.961401","-75.148166","0114","6","0","0","0","0","0","0","0","0","","0","0","0","0","3","1","","1","0","39 57:41.045","","0","75 08:53.398","3","0","0","0","67301","1","0","0","N","0","0","0","2","67301","0","","1.0","","1","N","N","N","0","","1","0","0","3","2","","4","2","1","0","0","0","0","0","2","0","1","1","0","0","3","03","","N","","","","","","","","","",""
"2021128444","0352","2","0","0","0","0","0","0","0","0","1","0","","67","4","2021","5","40.059549","-75.080487","0335","6","0","0","0","1","0","0","0","0","","0","0","0","3","3","1","","1","0","40 03:34.377","","0","75 04:49.754","3","0","0","0","67301","0","0","0","N","0","0","0","5","67301","0","","1.0","","1","N","N","N","0","","1","0","0","3","2","","334","2","1","0","0","0","0","0","2","0","2","0","0","0","3","03","","N","","","","","","","","","",""
"2021127606","0013","0","0","0","1","0","0","0","0","0","8","0","","67","12","2021","1","40.040505","-75.059087","0004","6","0","0","0","0","0","0","0","0","","0","0","0","21","3","1","","1","0","40 02:25.817","","0","75 03:32.713","4","0","0","0","67301","1","0","0","N","0","0","0","2","67301","1","","1.0","","1","N","N","N","0","","0","0","1","3","2","","2144","2","1","0","0","0","0","0","2","0","1","1","0","0","3","03","","N","","","","","","","","","",""
"2021086217","0825","2","0","0","0","0","0","0","0","0","4","0","","67","9","2021","6","39.947236","-75.226833","0815","6","0","0","0","0","1","0","0","0","","0","0","0","6","3","1","","1","1","39 56:50.048","5","0","75 13:36.599","3","0","0","0","67301","0","0","0","N","0","0","0","2","67301","0","","1.0","1000.0","1","N","N","N","0","","1","0","0","3","2","N","600","2","1","1","0","0","0","0","2","0","2","0","0","0","3","03","","N","","","","","","","","","",""
"2021126434","0935","1","0","0","0","0","0","0","0","0","4","0","","67","12","2021","7","39.986666","-75.156199","0933","6","0","0","0","0","0","1","0","0","","0","0","0","9","1","0","N","0","0","39 59:11.999","","0","75 09:22.316","0","0","0","0","67301","0","0","0","N","0","0","0","2","67505","0","","1.0","","9","N","N","N","0","","0","0","1","0","0","","925","2","0","0","0","0","0","0","2","0","2","0","0","0","7","07","","N","","","","","","","","","",""
"2021087834","2015","1","0","0","1","0","0","0","0","0","8","0","","67","9","2021","6","39.954782","-75.183114","2010","6","0","0","0","0","0","0","0","0","","0","0","0","17","1","1","N","0","0","39 57:17.215","","0","75 10:59.209","8","0","0","0","67301","1","0","0","N","0","0","0","2","67301","0","","1.0","","1","N","N","N","0","","0","0","0","0","0","","1750","2","1","0","0","0","1","1","2","0","1","1","0","0","3","03","","N","","","","","","","","","",""
"2021123925","1126","0","0","0","0","0","0","0","0","0","7","0","","67","12","2021","7","40.059089","-75.148847","1120","6","0","0","0","0","0","0","0","0","","0","0","0","11","1","1","N","0","0","40 03:32.720","","0","75 08:55.850","3","0","0","0","67301","0","0","0","N","0","0","0","1","67301","0","","5.0","","9","N","N","N","0","","1","0","1","0","0","","1115","1","1","0","0","0","0","0","2","0","1","0","0","0","4","","","N","","","","","","","","","",""
"2021121460","0916","1","0","0","0","0","0","0","0","0","4","0","","67","12","2021","4","39.957292","-75.247874","0912","6","0","0","0","0","0","1","0","0","","0","0","0","9","1","1","","1","0","39 57:26.251","","0","75 14:52.347","3","0","0","0","67301","0","0","0","N","0","0","0","2","67301","0","","1.0","","1","N","N","N","0","","1","0","0","3","2","","902","2","1","0","0","0","0","0","2","0","2","0","0","0","3","03","","N","","","","","","","","","",""
"2021085944","1750","2","0","0","0","0","0","0","0","0","4","0","","67","9","2021","1","39.974014","-75.162237","1745","6","0","0","0","0","0","0","0","0","","0","0","0","17","1","1","","1","0","39 58:26.450","","0","75 09:44.053","3","0","0","0","67301","0","0","0","N","0","0","0","4","67301","0","","1.0","","1","N","N","N","0","","1","0","0","3","3","","1730","2","1","0","0","0","0","1","2","0","2","0","0","0","3","03","","N","","","","","","","","","",""
"2021089595","1410","0","0","0","0","0","0","0","0","0","4","0","","67","9","2021","7","40.018922","-75.049504","1400","6","0","0","0","0","0","0","0","0","","0","0","0","13","1","2","","1","0","40 01:08.120","","0","75 02:58.216","4","0","0","0","67301","0","0","0","N","0","0","0","3","67301","1","","1.0","","1","N","N","N","1","","0","0","1","3","3","","1350","2","2","0","0","0","1","0","2","0","2","0","0","0","3","03","","N","","","","","","","","","",""
"2021085983","1224","2","0","0","0","0","0","0","0","0","4","0","","67","9","2021","7","39.960173","-75.137197","1222","6","0","0","0","0","0","0","0","0","","0","0","0","0","3","2","","2","2","39 57:36.624","2","0","75 08:13.909","4","0","0","0","67301","0","0","0","N","0","0","0","4","67301","2","","1.0","1250.0","1","N","N","N","0","","0","0","0","3","2","Y","20","2","2","1","0","0","0","1","2","0","2","0","0","0","3","03","","N","","","","","","","","","",""
"2021115758","0102","2","0","0","0","0","0","0","0","0","4","0","","67","9","2021","6","39.940969","-75.144049","2245","6","0","0","0","0","0","0","0","0","","0","0","0","22","3","0","","2","0","39 56:27.488","","0","75 08:38.576","0","0","0","0","67301","0","0","0","N","0","0","0","2","67301","0","","1.0","","1","N","N","N","0","","0","0","0","3","3","","2245","2","0","1","0","0","0","0","2","0","2","0","0","0","3","03","","N","","","","","","","","","",""
"2021110709","1126","0","0","0","0","0","0","0","0","0","8","0","","67","9","2021","3","39.991728","-75.122053","1126","6","0","0","0","0","0","0","0","1","","0","0","0","11","1","1","N","0","0","39 59:30.220","","1","75 07:19.390","8","0","0","0","67301","1","0","0","N","1","0","0","2","67301","0","","1.0","","1","N","N","N","0","","0","0","0","0","0","","1124","2","1","0","0","0","1","0","2","1","1","1","0","0","3","03","","N","","","","","","","","","",""
"2021128169","1849","1","0","0","0","0","0","0","0","0","4","0","","67","12","2021","7","39.944846","-75.166982","1849","6","0","0","0","0","0","0","0","0","","0","0","0","18","3","1","","1","1","39 56:41.445","4","0","75 10:01.135","3","0","0","0","67301","0","0","0","N","0","0","0","2","67301","0","","1.0","1955.0","9","N","N","N","0","","1","0","2","3","2","N","1849","3","1","0","0","0","0","0","2","0","3","0","0","0","4","07","","N","","","","","","","","","",""
"2021103186","2319","2","0","0","0","0","0","0","0","0","5","0","","67","10","2021","1","40.010072","-75.138292","2319","6","0","0","0","0","0","0","0","0","","0","0","0","23","3","0","N","0","2","40 00:36.260","2","0","75 08:17.850","9","0","0","0","67301","0","0","0","N","0","0","0","1","67301","0","","6.0","150.0","1","N","N","N","1","","0","0","2","0","0","Y","2312","6","0","0","0","0","0","1","2","1","6","0","0","0","3","03","","N","","","","","","","","","",""
"2021098754","1710","0","0","0","0","0","0","0","0","0","4","0","","67","10","2021","7","39.981768","-75.117094","1706","6","0","0","0","0","0","0","0","0","","0","0","0","16","1","2","N","0","0","39 58:54.366","","7","75 07:01.539","2","0","1","1","67301","0","0","0","N","0","0","0","2","67301","0","","1.0","","9","N","N","N","0","","1","1","1","0","0","","1657","2","2","0","0","0","0","0","2","0","2","0","0","0","7","07","","N","","","","","","","","","",""
"2021127194","2015","1","0","0","0","0","0","0","0","0","1","0","","67","12","2021","2","40.082139","-74.967056","2011","6","0","0","0","0","0","1","0","0","","0","0","0","20","3","1","","1","0","40 04:55.700","","3","74 58:01.400","8","0","0","0","67301","0","0","0","N","0","0","0","2","67301","0","","1.0","","1","N","N","Y","0","","0","0","1","3","2","","2005","2","1","0","0","0","1","1","2","0","2","0","0","0","4","04","","N","","","","","","","","","",""
"2021087929","1202","0","0","0","0","0","0","0","0","0","4","0","","67","9","2021","6","39.992136","-75.140198","1200","6","0","0","0","0","0","0","0","0","","0","0","0","10","1","2","","1","0","39 59:31.689","","0","75 08:24.712","4","0","0","0","67301","0","0","0","N","0","0","0","3","67301","2","","1.0","","1","N","N","N","0","","0","0","2","3","2","","1040","2","2","0","0","0","0","0","2","0","2","0","0","0","3","03","","N","","","","","","","","","",""
"2021085697","1601","2","0","0","0","0","0","0","0","0","4","0","","67","9","2021","7","40.024658","-75.054508","1556","6","0","0","0","0","0","1","0","0","","0","0","0","14","1","0","","1","0","40 01:28.770","","0","75 03:16.227","0","0","0","0","67301","0","0","0","N","0","0","0","2","67301","0","","1.0","","1","N","N","N","0","","0","0","0","3","2","","1441","2","0","0","0","0","0","0","2","0","2","0","0","0","3","03","","N","","","","","","","","","",""
"2021127237","0245","1","0","0","0","0","0","0","0","0","6","0","","67","12","2021","2","40.035503","-75.173217","0245","6","0","0","0","0","0","1","0","0","","0","0","0","2","3","0","N","0","0","40 02:07.810","","0","75 10:23.580","0","0","0","0","67301","0","0","0","N","0","0","0","1","67301","0","","6.0","","1","N","N","N","0","","0","0","1","0","0","","230","2","0","0","0","0","0","0","2","0","2","0","0","0","3","03","","N","","","","","","","","","",""
"2021087750","1531","2","0","0","0","0","0","0","0","0","5","0","","67","9","2021","7","39.981952","-75.239038","1530","6","0","0","0","0","0","0","0","0","","0","0","0","1","6","1","","1","0","39 58:55.028","","0","75 14:20.537","4","0","0","0","67301","0","0","0","N","0","0","0","2","67301","1","","1.0","","1","N","N","N","0","","0","0","0","3","2","","100","2","1","0","0","0","0","0","2","0","2","0","0","0","3","03","","N","","","","","","","","","",""
"2021126696","1850","2","0","0","0","0","0","0","0","0","4","0","","67","12","2021","6","39.948952","-75.227169","1844","6","0","0","1","0","0","0","1","0","","0","0","0","18","3","2","","1","0","39 56:56.228","","0","75 13:37.808","4","0","0","0","67301","0","0","0","N","0","0","0","4","67301","2","","1.0","","1","N","N","N","0","","0","0","0","3","2","","1839","2","2","0","0","0","0","0","2","0","2","0","0","0","3","03","","N","","","","","","","","","",""
"2021104289","2021","1","0","0","0","0","0","0","0","0","1","0","","67","9","2021","6","40.022332","-75.130669","2015","6","0","0","0","0","0","0","0","0","","0","0","0","20","3","1","","1","0","40 01:20.395","","0","75 07:50.408","3","0","0","0","67301","0","0","0","N","0","0","0","2","67301","0","","1.0","","1","N","N","N","1","","1","0","0","3","3","","2000","2","1","0","0","0","0","0","2","0","2","0","0","0","3","03","","N","","","","","","","","","",""
"2021126439","0718","0","0","0","0","0","0","0","0","0","7","0","","67","12","2021","2","40.023594","-75.133111","0716","6","0","0","0","0","0","0","0","0","","0","0","0","7","1","1","N","0","2","40 01:24.940","1","0","75 07:59.199","3","0","0","0","67301","0","0","0","N","0","0","0","1","67301","0","","4.0","200.0","1","N","N","N","0","","1","0","1","0","0","Y","712","1","1","0","0","0","0","0","2","0","1","0","0","0","3","03","","N","","","","","","","","","",""
"2021091897","2218","3","0","0","0","0","0","0","0","0","1","0","","67","9","2021","6","39.983615","-75.208254","2217","6","0","0","0","0","0","0","0","0","","0","0","0","22","3","1","N","0","1","39 59:01.013","3","0","75 12:29.714","3","0","0","0","67301","0","0","0","N","0","0","0","5","68K01","0","","1.0","2300.0","1","N","N","N","0","","1","0","0","0","0","N","2201","3","1","2","0","0","0","0","2","0","3","0","0","0","3","","","N","","","","","","","","","",""
"2021124137","1248","0","0","0","0","0","0","0","0","0","4","0","","67","12","2021","6","40.130877","-75.015261","1219","6","0","0","0","0","0","1","0","0","","0","0","0","12","1","1","N","0","1","40 07:51.157","3","7","75 00:54.940","2","0","1","1","67301","0","0","0","N","0","0","0","2","67301","0","","1.0","1432.0","1","Y","Y","N","0","","0","1","1","0","0","N","1213","2","1","0","0","0","0","0","2","0","2","0","0","0","3","03","","N","","","","","","","","","",""
"2021125991","2041","0","0","0","0","0","0","0","0","0","4","0","","67","12","2021","4","40.010402","-75.079275","2026","6","0","0","0","0","0","0","0","0","","0","0","0","20","3","1","","1","0","40 00:37.446","","0","75 04:45.390","3","0","0","0","67301","0","0","0","N","0","0","0","2","67301","0","","1.0","","1","N","N","N","0","","1","0","2","3","2","","2025","2","1","0","0","0","0","0","2","0","2","0","0","0","3","","","N","","","","","","","","","",""
"2021127148","0650","0","0","0","0","0","0","0","0","0","7","0","","67","12","2021","1","40.052583","-75.087222","0644","6","0","0","0","0","0","1","0","0","","0","0","0","6","3","0","N","0","0","40 03:09.300","","0","75 05:14.000","0","0","0","0","67301","0","0","0","N","0","0","0","1","67301","0","","4.0","","9","N","N","N","0","","0","0","1","0","0","","636","1","0","0","0","0","0","0","2","0","1","0","0","0","7","","","N","","","","","","","","","",""
"2021124600","0345","2","0","0","0","0","0","0","0","0","4","0","","67","12","2021","7","40.05688","-75.128579","0342","6","0","0","0","0","0","0","0","0","","0","0","0","3","3","2","N","0","2","40 03:24.768","4","0","75 07:42.886","8","0","0","0","67301","0","0","0","N","0","0","0","3","46102","0","","1.0","519.0","9","N","N","N","0","","0","0","0","0","0","Y","340","2","2","1","0","0","2","1","2","0","2","0","0","0","7","05","","N","","","","","","","","","",""