"CRN","ARRIVAL_TM","AUTOMOBILE_COUNT","BELTED_DEATH_COUNT","BELTED_SUSP_SERIOUS_INJ_COUNT","BICYCLE_COUNT","BICYCLE_DEATH_COUNT","BICYCLE_SUSP_SERIOUS_INJ_COUNT","BUS_COUNT","CHLDPAS_DEATH_COUNT","CHLDPAS_SUSP_SERIOUS_INJ_COUNT","COLLISION_TYPE","COMM_VEH_COUNT","CONS_ZONE_SPD_LIM","COUNTY","CRASH_MONTH","CRASH_YEAR","DAY_OF_WEEK","DEC_LATITUDE","DEC_LONGITUDE","DISPATCH_TM","DISTRICT","DRIVER_COUNT_16YR","DRIVER_COUNT_17YR","DRIVER_COUNT_18YR","DRIVER_COUNT_19YR","DRIVER_COUNT_20YR","DRIVER_COUNT_50_64YR","DRIVER_COUNT_65_74YR","DRIVER_COUNT_75PLUS","EST_HRS_CLOSED","FATAL_COUNT","HEAVY_TRUCK_COUNT","HORSE_BUGGY_COUNT","HOUR_OF_DAY","ILLUMINATION","INJURY_COUNT","INTERSECTION_RELATED","INTERSECT_TYPE","LANE_CLOSED","LATITUDE","LN_CLOSE_DIR","LOCATION_TYPE","LONGITUDE","MAX_SEVERITY_LEVEL","MCYCLE_DEATH_COUNT","MCYCLE_SUSP_SERIOUS_INJ_COUNT","MOTORCYCLE_COUNT","MUNICIPALITY","NONMOTR_COUNT","NONMOTR_DEATH_COUNT","NONMOTR_SUSP_SERIOUS_INJ_COUNT","NTFY_HIWY_MAINT","PED_COUNT","PED_DEATH_COUNT","PED_SUSP_SERIOUS_INJ_COUNT","PERSON_COUNT","POLICE_AGCY","POSSIBLE_INJ_COUNT","RDWY_SURF_TYPE_CD","RELATION_TO_ROAD","ROADWAY_CLEARED","ROAD_CONDITION","SCH_BUS_IND","SCH_ZONE_IND","SECONDARY_CRASH","SMALL_TRUCK_COUNT","SPEC_JURIS_CD","SUSP_MINOR_INJ_COUNT","SUSP_SERIOUS_INJ_COUNT","SUV_COUNT","TCD_FUNC_CD","TCD_TYPE","TFC_DETOUR_IND","TIME_OF_DAY","TOTAL_UNITS","TOT_INJ_COUNT","UNBELTED_OCC_COUNT","UNB_DEATH_COUNT","UNB_SUSP_SERIOUS_INJ_COUNT","UNK_INJ_DEG_COUNT","UNK_INJ_PER_COUNT","URBAN_RURAL","VAN_COUNT","VEHICLE_COUNT","VULNERABLE_ROAD_USER_COUNT","VULNERABLE_ROAD_USER_DEATH_COUNT","VULNERABLE_ROAD_USER_SER_INJ_COUNT","WEATHER1","WEATHER2","WORKERS_PRES","WORK_ZONE_IND","WORK_ZONE_LOC","WORK_ZONE_TYPE","WZ_CLOSE_DETOUR","WZ_FLAGGER","WZ_LAW_OFFCR_IND","WZ_LN_CLOSURE","WZ_MOVING","WZ_OTHER","WZ_SHLDER_MDN","WZ_WORKERS_INJ_KILLED"
"2021087939","1323","1","0","0","0","0","0","0","0","0","2","0","","67","9","2021","6","40.022718","-75.13636","1323","6","0","0","0","0","0","0","0","0","","0","0","0","12","1","1","N","0","0","40 01:21.785","","0","75 08:10.897","2","0","0","0","67301","0","0","0","N","0","0","0","2","67301","0","","1.0","","1","N","N","N","0","","0","1","1","0","0","","1245","2","1","0","0","0","0","0","2","0","2","0","0","0","3","03","","N","","","","","","","","","",""
"2021128262","1045","0","0","0","0","0","0","0","0","0","8","0","","67","12","2021","3","39.987377","-75.152091","1043","6","0","0","0","0","0","0","0","0","","0","0","0","16","1","1","","1","0","39 59:14.556","","0","75 09:07.529","3","0","0","0","67301","1","0","0","N","1","0","0","2","67301","0","","1.0","","1","N","N","N","0","","1","0","0","3","3","","1600","2","1","0","0","0","0","0","2","0","1","1","0","0","3","03","","N","","","","","","","","","",""
"2021128402","0936","0","0","0","0","0","0","0","0","0","4","0","","67","12","2021","5","40.013043","-75.119472","0935","6","0","0","0","0","0","0","0","0","","0","0","0","9","1","1","","1","0","40 00:46.955","","0","75 07:10.098","3","0","0","0","67301","0","0","0","N","0","0","0","3","67301","0","","1.0","","1","N","N","N","0","","1","0","2","3","2","","926","2","1","0","0","0","0","0","2","0","2","0","0","0","3","03","","N","","","","","","","","","",""
"2021086631","2121","1","0","0","0","0","0","0","0","0","5","0","","67","9","2021","2","39.991292","-75.138458","2118","6","0","0","0","0","0","0","0","0","","0","0","0","21","3","0","N","0","0","39 59:28.650","","0","75 08:18.450","0","0","0","0","67301","0","0","0","N","0","0","0","1","67301","0","","6.0","","1","N","N","N","0","","0","0","2","0","0","","2109","3","0","0","0","0","0","0","2","0","3","0","0","0","3","03","","N","","","","","","","","","",""
"2021126177","1935","2","0","0","0","0","0","0","0","0","6","0","","67","12","2021","4","40.002111","-75.16615","1932","6","0","0","0","0","0","0","0","0","","0","0","0","19","3","0","N","0","1","40 00:07.600","1","0","75 09:58.140","0","0","0","0","67301","0","0","0","N","0","0","0","3","67301","0","","1.0","2015.0","1","N","N","N","0","","0","0","0","0","0","N","1928","2","0","0","0","0","0","0","2","0","2","0","0","0","3","","","N","","","","","","","","","",""
"2021085740","2305","1","0","0","0","0","0","0","0","0","7","0","","67","9","2021","6","40.024417","-75.161389","2258","6","0","0","0","0","0","0","0","0","","0","0","0","20","1","0","N","0","0","40 01:27.900","","0","75 09:41.000","0","0","0","0","67301","0","0","0","N","0","0","0","1","67301","0","","4.0","","1","N","N","N","0","","0","0","0","0","0","","2019","1","0","0","0","0","0","0","2","0","1","0","0","0","3","03","","N","","","","","","","","","",""
"2021123508","0150","3","0","0","0","0","0","0","0","0","5","0","","67","12","2021","5","39.987789","-75.225197","0150","6","0","0","0","0","0","0","0","0","","0","0","0","1","3","0","N","0","0","39 59:16.040","","0","75 13:30.710","0","0","0","0","67301","0","0","0","N","0","0","0","1","67301","0","","6.0","","1","N","N","N","0","","0","0","1","0","0","","140","4","0","0","0","0","0","0","2","0","4","0","0","0","3","03","","N","","","","","","","","","",""
"2021087894","1220","1","0","0","0","0","0","0","0","0","1","0","","67","9","2021","5","39.933181","-75.184578","1215","6","0","0","0","0","0","0","0","0","","0","0","0","12","1","0","N","0","0","39 55:59.450","","0","75 11:04.480","0","0","0","0","67301","0","0","0","N","0","0","0","1","67301","0","","6.0","","1","N","N","N","1","","0","0","1","0","0","","1210","3","0","0","0","0","0","0","2","0","3","0","0","0","3","03","","N","","","","","","","","","",""
"2021119777","0228","1","0","0","0","0","0","0","0","0","7","0","","67","12","2021","3","40.081439","-75.171748","0225","6","0","0","0","0","1","0","0","0","","0","0","0","2","3","1","N","0","0","40 04:53.179","","0","75 10:18.291","3","0","0","0","67301","0","0","0","N","0","0","0","1","67301","0","","4.0","","1","N","N","N","0","","1","0","0","0","0","","223","1","1","0","0","0","0","0","2","0","1","0","0","0","3","03","","N","","","","","","","","","",""
"2021085987","0038","2","0","0","0","0","0","0","0","0","5","0","","67","9","2021","1","40.03515","-75.138928","0038","6","0","0","0","0","0","0","0","0","","0","0","0","0","3","0","N","0","0","40 02:06.540","","0","75 08:20.140","0","0","0","0","67301","0","0","0","N","0","0","0","1","67301","0","","6.0","","1","N","N","N","0","","0","0","1","0","0","","37","3","0","0","0","0","0","0","2","0","3","0","0","0","3","03","","N","","","","","","","","","",""
"2021124418","1502","1","0","0","0","0","0","0","0","0","4","0","","67","12","2021","1","39.98101","-75.224421","1502","6","0","0","0","0","0","0","0","0","","0","0","0","14","1","0","","2","0","39 58:51.635","","0","75 13:27.916","0","0","0","0","67301","0","0","0","N","0","0","0","2","67301","0","","1.0","","1","N","N","N","1","","0","0","0","3","3","","1428","2","0","0","0","0","0","0","2","0","2","0","0","0","3","03","","N","","","","","","","","","",""
"2021117431","","1","0","1","0","0","0","0","0","0","4","0","","67","9","2021","7","39.925843","-75.225147","","6","0","0","0","0","0","0","0","0","","0","0","0","23","3","2","N","0","0","39 55:33.033","","0","75 13:30.530","2","0","0","0","67301","0","0","0","N","0","0","0","4","00000","0","","1.0","","1","N","N","N","0","","1","1","0","0","0","","2332","3","2","0","0","0","0","0","2","0","3","0","0","0","3","","","N","","","","","","","","","",""
"2021124110","0948","1","0","0","0","0","0","0","0","0","1","0","","67","12","2021","7","40.02346","-75.139367","0948","6","0","0","0","0","0","1","0","0","","0","0","0","17","3","1","","1","0","40 01:24.455","","0","75 08:21.721","3","0","0","0","67301","0","0","0","N","0","0","0","2","67301","0","","1.0","","99","N","N","N","0","","1","0","1","3","2","","1730","2","1","0","0","0","0","0","2","0","2","0","0","0","99","","","N","","","","","","","","","",""
"2021085738","1120","1","0","0","0","0","0","0","0","0","4","0","","67","9","2021","6","40.016994","-75.188321","1100","6","0","0","0","0","0","1","0","0","","0","0","0","10","1","3","","1","0","40 01:01.180","","0","75 11:17.957","3","0","0","0","67301","0","0","0","N","0","0","0","3","67301","1","","1.0","","1","N","N","N","0","","1","0","1","3","2","","1056","2","3","0","0","0","1","0","2","0","2","0","0","0","3","","","N","","","","","","","","","",""
"2021085863","1127","1","0","0","0","0","0","0","0","0","4","0","","67","9","2021","7","39.954872","-75.202435","1127","6","0","0","0","0","0","0","0","0","","0","0","0","11","1","0","","1","0","39 57:17.539","","0","75 12:08.766","0","0","0","0","67301","0","0","0","N","0","0","0","2","67504","0","","1.0","","1","N","N","N","0","","0","0","2","3","3","","1127","3","0","0","0","0","0","0","2","0","3","0","0","0","3","03","","N","","","","","","","","","",""
"2021086296","0506","3","0","0","0","0","0","0","0","0","5","0","","67","9","2021","1","40.033572","-75.044892","0501","6","0","0","0","0","0","0","0","0","","0","0","0","2","3","0","N","0","0","40 02:00.860","","0","75 02:41.610","9","0","0","0","67301","0","0","0","N","0","0","0","1","67301","0","","6.0","","1","N","N","N","0","","0","0","0","0","0","","200","3","0","0","0","0","0","1","2","0","3","0","0","0","3","","","N","","","","","","","","","",""
"2021105372","","2","0","0","0","0","0","0","0","0","1","0","","67","9","2021","2","","","","6","0","0","0","0","0","0","0","0","","0","0","0","7","1","0","N","0","0","","","0","","0","0","0","0","67301","0","0","0","N","0","0","0","3","00000","0","","1.0","","1","N","N","N","0","","0","0","1","0","0","","738","3","0","0","0","0","0","0","1","0","3","0","0","0","3","","","N","","","","","","","","","",""
"2021117941","1640","1","0","0","0","0","0","0","0","0","7","0","","67","12","2021","5","40.114986","-75.037347","1632","6","0","0","0","1","0","0","0","0","","0","0","0","16","4","0","N","0","0","40 06:53.950","","0","75 02:14.450","0","0","0","0","67301","0","0","0","N","0","0","0","1","67301","0","","4.0","","1","N","N","N","0","","0","0","0","0","0","","1620","1","0","0","0","0","0","0","2","0","1","0","0","0","3","03","","N","","","","","","","","","",""
"2021087231","1854","0","0","0","0","0","0","0","0","0","1","0","","67","9","2021","3","39.953744","-75.240475","1850","6","0","0","0","0","0","0","0","0","","0","0","0","17","4","0","","1","0","39 57:13.478","","0","75 14:25.709","9","0","0","0","67301","0","0","0","N","0","0","0","5","67301","0","","1.0","","1","N","N","N","0","","0","0","1","3","2","","1738","2","0","2","0","0","0","1","2","1","2","0","0","0","3","03","","N","","","","","","","","","",""
"2021123834","1327","0","0","0","0","0","0","0","0","0","8","0","","67","12","2021","6","40.032702","-75.030177","1322","6","0","0","0","0","0","0","1","0","","0","0","0","13","1","1","N","0","0","40 01:57.728","","0","75 01:48.638","4","0","0","0","67301","1","0","0","N","0","0","0","2","67301","1","","1.0","","1","N","N","N","0","","0","0","1","0","0","","1319","2","1","1","0","0","0","0","2","0","1","1","0","0","3","","","N","","","","","","","","","",""
"2021127667","1345","1","0","0","0","0","0","0","0","0","1","0","","67","12","2021","5","40.112245","-74.990827","1345","6","0","0","0","0","0","0","0","0","","0","0","0","13","1","0","","1","0","40 06:44.081","","0","74 59:26.976","0","0","0","0","67301","0","0","0","N","0","0","0","2","67301","0","","1.0","","99","N","N","N","0","","0","0","1","3","2","","1345","2","0","0","0","0","0","0","2","0","2","0","0","0","99","03","","N","","","","","","","","","",""
"2021086337","1203","1","0","0","1","0","0","0","0","0","8","0","","67","9","2021","2","39.989261","-75.154697","1158","6","0","0","0","0","0","0","1","0","","0","0","0","11","1","1","N","0","2","39 59:21.340","4","0","75 09:16.910","3","0","0","0","67301","1","0","0","N","0","0","0","2","67301","0","","1.0","1330.0","1","N","N","N","0","","1","0","0","0","0","Y","1153","2","1","0","0","0","0","0","2","0","1","1","0","0","3","03","","N","","","","","","","","","",""
"2021128189","0204","1","0","0","0","0","0","0","0","0","7","0","","67","12","2021","1","39.960843","-75.181796","0204","6","0","0","0","0","0","0","0","0","","0","0","0","2","3","0","N","0","1","39 57:39.034","4","0","75 10:54.465","0","0","0","0","67301","0","0","0","N","0","0","0","2","68K01","0","","3.0","208.0","1","N","N","N","0","","0","0","0","0","0","N","201","1","0","0","0","0","0","0","2","0","1","0","0","0","3","","","N","","","","","","","","","",""
"2021128076","0414","0","0","0","0","0","0","0","0","0","8","0","","67","12","2021","2","40.039047","-75.144609","0413","6","0","0","0","0","0","0","0","0","","0","0","0","4","3","1","","1","1","40 02:20.569","4","0","75 08:40.591","3","0","0","0","67301","1","0","0","N","1","0","0","2","67301","0","","1.0","511.0","1","N","N","N","0","","1","0","1","3","2","Y","412","2","1","0","0","0","0","0","2","0","1","1","0","0","3","","","N","","","","","","","","","",""
"2021083695","0148","2","0","0","0","0","0","0","0","0","1","0","","67","9","2021","1","39.89456","-75.218654","0128","6","0","0","0","0","0","0","0","0","","0","0","0","1","3","4","N","0","0","39 53:40.415","","3","75 13:07.156","3","0","0","0","67301","0","0","0","N","0","0","0","4","67301","3","","1.0","","1","N","N","Y","0","","1","0","1","0","0","","128","3","4","0","0","0","0","0","2","0","3","0","0","0","3","03","","N","","","","","","","","","",""
"2021085425","1703","1","0","0","0","0","0","0","0","0","4","0","","67","9","2021","6","40.058748","-74.995671","1658","6","0","0","0","0","0","0","0","0","","0","0","0","16","1","3","","1","1","40 03:31.491","4","0","74 59:44.414","3","0","0","0","67301","0","0","0","N","0","0","0","3","67301","0","","1.0","1845.0","1","N","N","N","0","","3","0","1","3","3","N","1655","2","3","0","0","0","0","0","2","0","2","0","0","0","3","03","","N","","","","","","","","","",""
"2021105371","","1","0","0","0","0","0","0","0","0","5","0","","67","8","2021","1","39.933694","-75.223556","","6","0","0","0","0","0","0","1","0","","0","0","0","1","3","1","N","0","0","39 56:01.300","","0","75 13:24.800","8","0","0","0","67301","0","0","0","N","0","0","0","2","00000","0","","6.0","","1","N","N","N","0","","0","0","0","0","0","","130","2","1","0","0","0","1","0","2","0","2","0","0","0","3","","","N","","","","","","","","","",""
"2021088735","1545","0","0","0","0","0","0","0","0","0","2","0","","67","9","2021","4","40.027168","-75.132523","1545","6","0","0","0","0","0","0","1","0","","0","0","0","15","1","2","N","0","0","40 01:37.805","","0","75 07:57.083","8","0","0","0","67301","0","0","0","N","0","0","0","3","67301","0","","1.0","","1","N","N","N","0","","0","0","2","0","0","","1535","2","2","0","0","0","2","0","2","0","2","0","0","0","3","","","N","","","","","","","","","",""
"2021125236","1650","4","0","0","0","0","0","0","0","0","4","0","","67","12","2021","3","39.975817","-75.179266","1642","6","0","0","1","0","0","0","0","0","","0","0","0","16","1","0","","2","2","39 58:32.940","3","0","75 10:45.357","0","0","0","0","67301","0","0","0","N","0","0","0","3","67301","0","","1.0","1838.0","1","N","N","N","0","","0","0","1","3","3","N","1628","5","0","0","0","0","0","0","2","0","5","0","0","0","3","","","N","","","","","","","","","",""
"2021125180","0046","1","0","0","0","0","0","0","0","0","7","0","","67","12","2021","6","40.032487","-75.021118","0025","6","0","0","0","0","0","0","0","0","","0","0","0","0","3","0","N","0","2","40 01:56.952","2","3","75 01:16.023","0","0","0","0","67301","0","0","0","N","0","0","0","1","68K01","0","","3.0","1255.0","1","N","N","N","0","","0","0","0","0","0","Y","25","1","0","0","0","0","0","0","2","0","1","0","0","0","3","03","","N","","","","","","","","","",""
"2021085980","1945","2","0","0","0","0","0","0","0","0","1","0","","67","9","2021","1","39.971504","-75.21187","1930","6","0","0","0","0","0","1","0","0","","0","0","0","18","1","1","","2","0","39 58:17.414","","0","75 12:42.731","3","0","0","0","67301","0","0","0","N","0","0","0","2","67301","0","","1.0","","1","N","N","N","0","","1","0","0","3","2","","1800","2","1","0","0","0","0","0","2","0","2","0","0","0","3","03","","N","","","","","","","","","",""
"2021089921","2155","0","0","0","0","0","0","0","0","0","1","0","","67","9","2021","7","40.052362","-75.157748","2155","6","0","0","0","0","0","0","0","0","","0","0","0","17","1","1","","5","0","40 03:08.503","","0","75 09:27.892","3","0","0","0","67301","0","0","0","N","0","0","0","2","67301","0","","1.0","","1","N","N","N","0","","1","0","2","3","2","","1730","2","1","0","0","0","0","0","2","0","2","0","0","0","3","03","","N","","","","","","","","","",""
"2021128507","1400","0","0","0","0","0","0","0","0","0","8","0","","67","12","2021","1","39.934837","-75.172948","1400","6","0","0","0","0","0","0","0","0","","0","0","0","23","3","1","","2","0","39 56:05.414","","0","75 10:22.612","8","0","0","0","67301","1","0","0","N","1","0","0","2","67301","0","","1.0","","1","N","N","N","0","","0","0","1","0","0","","2345","2","1","0","0","0","1","0","2","0","1","1","0","0","3","","","N","","","","","","","","","",""
"2021123469","1723","1","0","0","0","0","0","0","0","0","8","0","","67","12","2021","5","39.992725","-75.106519","1723","6","0","0","0","0","0","0","0","0","","0","0","0","17","4","2","N","0","2","39 59:33.810","6","0","75 06:23.470","2","0","0","0","67301","2","0","1","N","2","0","1","3","67301","0","","1.0","2015.0","1","N","N","N","0","","1","1","0","0","0","N","1719","3","2","0","0","0","0","0","2","0","1","2","0","1","3","","","N","","","","","","","","","",""
"2021087484","0035","2","0","0","0","0","0","0","0","0","4","0","","67","9","2021","4","39.974066","-75.117882","0025","6","0","0","0","0","0","0","0","0","","0","0","0","23","3","0","","1","0","39 58:26.639","","0","75 07:04.374","0","0","0","0","67301","0","0","0","N","0","0","0","5","67301","0","","1.0","","9","N","N","N","0","","0","0","0","3","2","","2359","2","0","0","0","0","0","0","2","0","2","0","0","0","7","","","N","","","","","","","","","",""
"2021087740","0951","1","0","0","0","0","0","0","0","0","4","0","","67","9","2021","4","40.01224","-75.150481","0951","6","0","1","0","0","0","0","0","0","","0","0","0","9","1","0","","1","0","40 00:44.064","","0","75 09:01.733","0","0","0","0","67301","0","0","0","N","0","0","0","2","67301","0","","1.0","","1","N","N","N","0","","0","0","1","3","2","","940","2","0","0","0","0","0","0","2","0","2","0","0","0","3","03","","N","","","","","","","","","",""
"2021089594","1256","1","0","0","0","0","0","0","0","0","4","0","","67","9","2021","4","40.034485","-75.048146","1242","6","0","0","0","0","0","0","0","0","","0","0","0","12","1","0","","1","0","40 02:04.146","","0","75 02:53.325","0","0","0","0","67301","0","0","0","N","0","0","0","3","67301","0","","1.0","","1","N","N","N","0","","0","0","1","3","3","","1230","2","0","0","0","0","0","0","2","0","2","0","0","0","3","03","","N","","","","","","","","","",""
"2021117434","","1","0","0","0","0","0","0","0","0","1","1","","67","9","2021","3","39.989819","-75.250844","","6","0","0","0","0","0","0","0","0","","0","1","0","15","1","1","","2","0","39 59:23.348","","0","75 15:03.040","8","0","0","0","67301","0","0","0","N","0","0","0","2","00000","0","","1.0","","1","N","N","N","0","","0","0","0","3","2","","1510","2","1","0","0","0","1","0","2","0","2","0","0","0","3","","","N","","","","","","","","","",""
"2021089844","1618","0","0","0","0","0","0","0","0","0","4","0","","67","9","2021","6","39.988657","-75.187059","1557","6","0","0","1","0","0","0","0","0","","0","0","0","14","1","1","","1","0","39 59:19.164","","0","75 11:13.413","2","0","0","0","67301","0","0","0","N","0","0","0","2","67301","0","","1.0","","1","N","N","N","0","","0","1","1","3","2","","1437","2","1","0","0","0","0","0","2","0","2","0","0","0","4","04","","N","","","","","","","","","",""
"2021126856","1158","2","0","0","0","0","0","0","0","0","5","0","","67","12","2021","5","40.042528","-75.056001","1156","6","0","0","0","0","0","1","0","0","","0","0","0","11","1","1","Y","0","2","40 02:33.102","1","0","75 03:21.605","8","0","0","0","67301","0","0","0","N","0","0","0","6","67301","0","","1.0","40.0","1","N","N","N","0","","0","0","2","3","3","Y","1154","4","1","1","0","0","1","0","2","0","4","0","0","0","3","03","","N","","","","","","","","","",""
"2021087121","0129","2","0","0","0","0","0","0","0","0","5","0","","67","9","2021","5","40.041331","-75.083364","0126","6","0","0","0","0","0","0","0","0","","0","0","0","1","3","0","N","0","1","40 02:28.790","2","0","75 05:00.110","9","0","0","0","67301","0","0","0","N","0","0","0","1","67301","0","","6.0","250.0","9","N","N","Y","0","","0","0","1","0","0","N","125","3","0","0","0","0","0","1","2","0","3","0","0","0","3","","","N","","","","","","","","","",""
"2021088253","1700","0","0","0","0","0","0","0","0","0","1","0","","67","9","2021","6","39.958208","-75.210116","1700","6","0","0","0","0","0","0","0","0","","0","0","0","16","1","1","N","0","0","39 57:29.549","","0","75 12:36.416","3","0","0","0","67301","0","0","0","N","0","0","0","2","67301","0","","1.0","","1","N","N","N","0","","1","0","2","0","0","","1600","2","1","0","0","0","0","1","2","0","2","0","0","0","3","04","","N","","","","","","","","","",""
"2021126474","0628","1","0","0","0","0","0","0","0","0","7","0","","67","12","2021","1","39.910541","-75.149235","0619","6","0","0","0","0","0","0","0","0","","0","0","0","5","3","0","N","0","0","39 54:37.946","","8","75 08:57.246","0","0","0","0","67301","0","0","0","N","0","0","0","1","68K01","0","","4.0","","9","N","N","N","0","","0","0","0","0","0","","542","1","0","0","0","0","0","0","2","0","1","0","0","0","7","","","N","","","","","","","","","",""
"2021088539","1925","0","0","0","0","0","0","0","0","0","7","0","","67","9","2021","7","39.931474","-75.242788","1917","6","0","0","0","0","0","0","0","0","","0","0","0","16","1","1","N","0","0","39 55:53.307","","0","75 14:34.035","4","0","0","0","67301","0","0","0","N","0","0","0","1","67301","1","","4.0","","1","N","N","N","0","","0","0","1","0","0","","1645","1","1","0","0","0","0","0","2","0","1","0","0","0","3","03","","N","","","","","","","","","",""
"2021126877","0601","4","0","0","0","0","0","0","0","0","6","0","","67","12","2021","1","40.016974","-75.158489","0557","6","0","0","0","0","0","0","0","0","","0","0","0","5","3","1","N","0","0","40 01:01.106","","0","75 09:30.561","8","0","0","0","67301","0","0","0","N","0","0","0","2","67301","0","","6.0","","9","N","N","N","0","","0","0","1","0","0","","530","5","1","0","0","0","1","0","2","0","5","0","0","0","7","","","N","","","","","","","","","",""
"2021088119","1902","2","0","0","0","0","0","0","0","0","5","0","","67","9","2021","6","40.121731","-75.029256","1851","6","0","0","0","0","0","0","0","0","","0","0","0","18","4","0","N","0","0","40 07:18.230","","0","75 01:45.320","9","0","0","0","67301","0","0","0","N","0","0","0","2","67301","0","","1.0","","1","N","N","N","0","","0","0","1","0","0","","1831","3","0","1","0","0","0","1","2","0","3","0","0","0","3","03","","N","","","","","","","","","",""
"2021109144","0821","2","0","0","0","0","0","0","0","0","1","0","","67","10","2021","6","40.004686","-75.07611","0813","6","0","0","0","1","0","1","0","0","","0","0","0","8","1","2","N","0","1","40 00:16.871","1","0","75 04:33.995","3","0","0","0","67301","0","0","0","N","0","0","0","5","68K01","0","","1.0","913.0","1","N","N","N","1","","1","0","2","0","0","N","802","5","2","0","0","0","1","0","2","0","5","0","0","0","3","","","N","","","","","","","","","",""
"2021091841","1820","1","0","0","0","0","0","1","0","0","1","1","","67","9","2021","7","40.061626","-74.98837","1802","6","0","0","0","0","0","2","0","0","","0","0","0","18","1","1","","1","0","40 03:41.853","","0","74 59:18.132","8","0","0","0","67301","0","0","0","N","0","0","0","2","67508","0","","1.0","","1","N","N","Y","0","","0","0","0","3","2","","1802","2","1","0","0","0","1","0","2","0","2","0","0","0","3","03","","N","","","","","","","","","",""
"2021126173","0753","1","0","0","0","0","0","0","0","0","1","0","","67","12","2021","2","40.044994","-75.066933","0745","6","0","0","0","0","0","0","0","0","","0","0","0","7","1","1","N","0","1","40 02:41.980","3","0","75 04:00.960","3","0","0","0","67301","0","0","0","N","0","0","0","5","67301","0","","1.0","830.0","1","N","N","N","0","","1","0","1","0","0","N","745","2","1","0","0","0","0","1","2","0","2","0","0","0","3","","","N","","","","","","","","","",""
"2021087476","0115","0","0","0","0","0","0","0","0","0","5","0","","67","9","2021","4","40.049961","-75.042397","0110","6","0","0","0","0","0","0","0","0","","0","0","0","0","3","0","N","0","0","40 02:59.860","","0","75 02:32.630","0","0","0","0","67301","0","0","0","N","0","0","0","1","67301","0","","6.0","","1","N","N","N","0","","0","0","2","0","0","","26","2","0","0","0","0","0","0","2","0","2","0","0","0","3","03","","N","","","","","","","","","",""
"2021125691","1030","1","0","0","0","0","0","0","0","0","4","0","","67","12","2021","4","39.923282","-75.154883","1020","6","0","0","0","0","0","1","0","0","","0","0","0","8","5","1","","1","0","39 55:23.815","","0","75 09:17.578","4","0","0","0","67301","0","0","0","N","0","0","0","2","67301","1","","1.0","","9","N","N","N","0","","0","0","1","3","3","","820","2","1","0","0","0","0","1","2","0","2","0","0","0","3","","","N","","","","","","","","","",""
"2021085659","1635","1","0","0","0","0","0","0","0","0","3","0","","67","9","2021","7","39.975265","-75.12476","1629","6","0","0","0","0","0","0","0","0","","0","0","0","16","1","0","","3","0","39 58:30.954","","0","75 07:29.136","0","0","0","0","67301","0","0","0","N","0","0","0","2","67301","0","","1.0","","1","N","N","N","0","","0","0","1","3","3","","1615","2","0","0","0","0","0","0","2","0","2","0","0","0","3","03","","N","","","","","","","","","",""
"2021128066","0635","0","0","0","0","0","0","0","0","0","8","0","","67","12","2021","4","39.970366","-75.245113","0633","6","0","0","0","0","0","0","0","0","","0","0","0","6","5","1","","1","0","39 58:13.317","","0","75 14:42.405","3","0","0","0","67301","1","0","0","N","1","0","0","2","67301","0","","1.0","","9","N","N","N","0","","1","0","1","3","2","","630","2","1","1","0","0","0","0","2","0","1","1","0","0","7","07","","N","","","","","","","","","",""
"2021126567","1940","2","0","0","0","0","0","0","0","0","4","0","","67","12","2021","6","40.052161","-75.067642","1937","6","0","0","0","0","0","1","0","0","","0","0","0","19","3","1","","1","1","40 03:07.779","4","0","75 04:03.510","3","0","0","0","67301","0","0","0","N","0","0","0","2","67301","0","","1.0","30.0","1","N","N","N","0","","1","0","0","3","2","N","1930","2","1","0","0","0","0","0","2","0","2","0","0","0","3","","","N","","","","","","","","","",""
"2021082036","1644","1","0","0","0","0","0","0","0","0","4","0","","67","8","2021","1","40.094644","-75.015196","1638","6","0","0","1","0","0","0","0","0","","0","0","0","16","1","2","","1","0","40 05:40.718","","0","75 00:54.707","4","0","0","0","67301","0","0","0","N","0","0","0","3","67301","2","","1.0","","1","N","N","N","0","","0","0","1","3","2","","1637","2","2","0","0","0","0","0","2","0","2","0","0","0","3","03","","N","","","","","","","","","",""
"2021123868","1215","3","0","0","0","0","0","0","0","0","6","0","","67","12","2021","6","40.09571","-74.969707","1205","6","0","0","0","0","0","0","0","0","","0","0","0","12","1","4","N","0","0","40 05:44.555","","0","74 58:10.945","8","0","0","0","67301","0","0","0","N","0","0","0","4","67301","0","","1.0","","1","N","N","N","0","","0","0","0","0","0","","1200","3","4","0","0","0","4","0","2","0","3","0","0","0","3","03","","N","","","","","","","","","",""
"2021127193","1925","1","0","0","0","0","0","0","0","0","1","0","","67","12","2021","2","40.120714","-75.010531","1915","6","0","0","0","0","0","0","0","0","","0","0","0","19","3","0","N","0","0","40 07:14.570","","0","75 00:37.910","0","0","0","0","67301","0","0","0","N","0","0","0","3","67301","0","","1.0","","9","N","Y","N","0","","0","0","1","0","0","","1910","2","0","0","0","0","0","0","2","0","2","0","0","0","4","","","N","","","","","","","","","",""