"CRN","ARRIVAL_TM","AUTOMOBILE_COUNT","BELTED_DEATH_COUNT","BELTED_SUSP_SERIOUS_INJ_COUNT","BICYCLE_COUNT","BICYCLE_DEATH_COUNT","BICYCLE_SUSP_SERIOUS_INJ_COUNT","BUS_COUNT","CHLDPAS_DEATH_COUNT","CHLDPAS_SUSP_SERIOUS_INJ_COUNT","COLLISION_TYPE","COMM_VEH_COUNT","CONS_ZONE_SPD_LIM","COUNTY","CRASH_MONTH","CRASH_YEAR","DAY_OF_WEEK","DEC_LATITUDE","DEC_LONGITUDE","DISPATCH_TM","DISTRICT","DRIVER_COUNT_16YR","DRIVER_COUNT_17YR","DRIVER_COUNT_18YR","DRIVER_COUNT_19YR","DRIVER_COUNT_20YR","DRIVER_COUNT_50_64YR","DRIVER_COUNT_65_74YR","DRIVER_COUNT_75PLUS","EST_HRS_CLOSED","FATAL_COUNT","HEAVY_TRUCK_COUNT","HORSE_BUGGY_COUNT","HOUR_OF_DAY","ILLUMINATION","INJURY_COUNT","INTERSECTION_RELATED","INTERSECT_TYPE","LANE_CLOSED","LATITUDE","LN_CLOSE_DIR","LOCATION_TYPE","LONGITUDE","MAX_SEVERITY_LEVEL","MCYCLE_DEATH_COUNT","MCYCLE_SUSP_SERIOUS_INJ_COUNT","MOTORCYCLE_COUNT","MUNICIPALITY","NONMOTR_COUNT","NONMOTR_DEATH_COUNT","NONMOTR_SUSP_SERIOUS_INJ_COUNT","NTFY_HIWY_MAINT","PED_COUNT","PED_DEATH_COUNT","PED_SUSP_SERIOUS_INJ_COUNT","PERSON_COUNT","POLICE_AGCY","POSSIBLE_INJ_COUNT","RDWY_SURF_TYPE_CD","RELATION_TO_ROAD","ROADWAY_CLEARED","ROAD_CONDITION","SCH_BUS_IND","SCH_ZONE_IND","SECONDARY_CRASH","SMALL_TRUCK_COUNT","SPEC_JURIS_CD","SUSP_MINOR_INJ_COUNT","SUSP_SERIOUS_INJ_COUNT","SUV_COUNT","TCD_FUNC_CD","TCD_TYPE","TFC_DETOUR_IND","TIME_OF_DAY","TOTAL_UNITS","TOT_INJ_COUNT","UNBELTED_OCC_COUNT","UNB_DEATH_COUNT","UNB_SUSP_SERIOUS_INJ_COUNT","UNK_INJ_DEG_COUNT","UNK_INJ_PER_COUNT","URBAN_RURAL","VAN_COUNT","VEHICLE_COUNT","VULNERABLE_ROAD_USER_COUNT","VULNERABLE_ROAD_USER_DEATH_COUNT","VULNERABLE_ROAD_USER_SER_INJ_COUNT","WEATHER1","WEATHER2","WORKERS_PRES","WORK_ZONE_IND","WORK_ZONE_LOC","WORK_ZONE_TYPE","WZ_CLOSE_DETOUR","WZ_FLAGGER","WZ_LAW_OFFCR_IND","WZ_LN_CLOSURE","WZ_MOVING","WZ_OTHER","WZ_SHLDER_MDN","WZ_WORKERS_INJ_KILLED"
"2021126727","0805","1","0","0","0","0","0","0","0","0","4","0","","67","12","2021","7","39.941233","-75.210713","0801","6","0","0","0","0","0","0","0","0","","0","0","0","7","5","0","","3","0","39 56:28.438","","0","75 12:38.565","0","0","0","0","67301","0","0","0","N","0","0","0","2","67301","0","","1.0","","9","N","N","N","0","","0","0","1","0","0","","750","2","0","0","0","0","0","0","2","0","2","0","0","0","7","","","N","","","","","","","","","",""
"2021105731","","1","0","1","0","0","0","0","0","0","1","0","","67","9","2021","1","39.918926","-75.140216","","6","0","0","0","0","0","0","0","0","","0","0","0","1","3","5","N","0","0","39 55:08.134","","7","75 08:24.776","2","0","0","0","67301","0","0","0","N","0","0","0","6","00000","0","","1.0","","1","N","N","N","0","","0","1","1","3","2","","130","2","5","0","0","0","4","0","2","0","2","0","0","0","3","","","N","","","","","","","","","",""
"2021125937","1715","1","0","0","0","0","0","0","0","0","4","0","","67","12","2021","4","40.080757","-75.028601","1712","6","0","0","0","0","0","0","0","0","","0","0","0","17","3","0","","1","2","40 04:50.725","4","0","75 01:42.964","0","0","0","0","67301","0","0","0","N","0","0","0","2","67301","0","","1.0","1740.0","1","N","N","N","1","","0","0","0","3","2","Y","1711","2","0","0","0","0","0","0","2","0","2","0","0","0","3","","","N","","","","","","","","","",""
"2021086218","0612","1","0","0","0","0","0","0","0","0","6","0","","67","9","2021","1","39.933181","-75.240827","0611","6","0","0","0","0","0","1","0","0","","0","0","0","6","1","2","N","0","1","39 55:59.451","2","0","75 14:26.977","4","0","0","0","67301","0","0","0","N","0","0","0","2","67301","2","","1.0","654.0","1","N","N","N","0","","0","0","1","0","0","Y","611","2","2","0","0","0","0","0","2","0","2","0","0","0","3","","","N","","","","","","","","","",""
"2021125816","0920","1","0","0","0","0","0","0","0","0","4","0","","67","12","2021","4","39.954109","-75.177808","0900","6","0","0","0","0","0","0","0","0","","0","0","0","5","3","0","","1","0","39 57:14.793","","0","75 10:40.107","9","0","0","0","67301","0","0","0","N","0","0","0","2","67301","0","","1.0","","99","N","N","N","1","","0","0","0","3","2","","520","2","0","0","0","0","0","1","2","0","2","0","0","0","3","03","","N","","","","","","","","","",""
"2021124552","1630","2","0","0","0","0","0","0","0","0","4","0","","67","12","2021","6","39.941428","-75.147603","1622","6","0","0","1","0","0","0","0","0","","0","0","0","15","1","1","","1","0","39 56:29.142","","0","75 08:51.371","8","0","0","0","67301","0","0","0","N","0","0","0","3","67301","0","","1.0","","1","N","N","N","0","","0","0","0","3","2","","1535","2","1","2","0","0","1","0","2","0","2","0","0","0","3","03","","N","","","","","","","","","",""
"2021127127","2319","1","0","0","0","0","0","0","0","0","4","0","","67","12","2021","1","39.903646","-75.243235","2317","6","0","0","0","1","0","0","0","0","","0","0","0","20","3","0","","1","0","39 54:13.124","","0","75 14:35.647","0","0","0","0","67301","0","0","0","N","0","0","0","2","67301","0","","1.0","","1","N","N","N","0","","0","0","1","3","2","","2054","2","0","0","0","0","0","0","2","0","2","0","0","0","3","03","","N","","","","","","","","","",""
"2021125664","1654","1","0","0","0","0","0","0","0","0","1","0","","67","12","2021","4","39.904045","-75.240114","1654","6","0","0","0","0","0","1","0","0","","0","0","0","16","1","1","","1","0","39 54:14.563","","0","75 14:24.409","4","0","0","0","67301","0","0","0","N","0","0","0","2","67301","1","","1.0","","1","N","N","N","0","","0","0","1","3","2","","1630","2","1","0","0","0","0","0","2","0","2","0","0","0","3","03","","N","","","","","","","","","",""
"2021084830","1326","1","0","0","0","0","0","0","0","0","4","0","","67","9","2021","4","39.897624","-75.252377","1326","6","0","0","0","0","0","0","0","0","","0","0","0","13","1","1","","1","0","39 53:51.445","","0","75 15:08.556","3","0","0","0","67301","0","0","0","N","0","0","0","2","67301","0","","1.0","","1","N","N","N","0","","1","0","1","3","1","","1304","2","1","0","0","0","0","0","2","0","2","0","0","0","3","03","","N","","","","","","","","","",""
"2021115770","1710","1","0","0","0","0","0","0","0","0","8","0","","67","8","2021","3","40.029648","-75.229179","1705","6","0","0","0","0","0","0","0","0","","0","0","0","16","1","1","","2","0","40 01:46.732","","0","75 13:45.044","3","0","0","0","67301","1","0","0","N","1","0","0","2","67301","0","","1.0","","1","N","N","N","0","","1","0","0","3","2","","1657","2","1","0","0","0","0","0","2","0","1","1","0","0","3","03","","N","","","","","","","","","",""
"2021086701","1040","0","0","0","1","0","0","0","0","0","8","0","25","67","9","2021","3","39.96297","-75.161209","1031","6","0","0","0","0","0","1","0","0","","0","0","0","10","1","1","N","0","0","39 57:46.691","","0","75 09:40.352","4","0","0","0","67301","1","0","0","N","0","0","0","2","67301","1","","1.0","","1","N","N","N","0","","0","0","1","0","0","","1011","2","1","0","0","0","0","0","2","0","1","1","0","0","3","03","N","Y","8","1","","","N","","","","Y","N"
"2021088158","2119","0","0","0","0","0","0","0","0","0","5","0","","67","9","2021","7","39.999525","-75.099216","2119","6","0","0","0","0","0","0","0","0","","0","0","0","21","3","1","N","0","0","39 59:58.289","","0","75 05:57.177","3","0","0","1","67301","0","0","0","N","0","0","0","2","67301","0","","1.0","","1","N","N","N","0","","1","0","1","0","0","","2119","2","1","0","0","0","0","0","2","0","2","0","0","0","3","","","N","","","","","","","","","",""
"2021126367","1445","2","0","0","0","0","0","0","0","0","4","0","","67","12","2021","5","40.022303","-75.162025","1445","6","0","0","0","0","0","1","0","0","","0","0","0","14","1","1","","1","0","40 01:20.289","","0","75 09:43.290","3","0","0","0","67301","0","0","0","N","0","0","0","2","67301","0","","1.0","","1","N","N","N","0","","1","0","0","3","2","","1445","2","1","1","0","0","0","0","2","0","2","0","0","0","3","03","","N","","","","","","","","","",""
"2021085464","0248","1","0","0","0","0","0","0","0","0","5","0","","67","9","2021","7","40.03975","-75.177408","0248","6","0","0","0","0","0","0","0","0","","0","0","0","2","3","0","N","0","0","40 02:23.100","","0","75 10:38.670","9","0","0","0","67301","0","0","0","N","0","0","0","1","67301","0","","6.0","","1","N","N","Y","0","","0","0","1","0","0","","238","2","0","0","0","0","0","1","2","0","2","0","0","0","3","03","","N","","","","","","","","","",""
"2021094017","0802","0","0","0","0","0","0","0","0","0","8","0","","67","9","2021","6","39.999136","-75.147642","0802","6","0","0","0","0","0","0","0","0","","0","0","0","8","1","1","N","0","0","39 59:56.890","","0","75 08:51.510","3","0","0","0","67301","1","0","0","N","1","0","0","2","67301","0","","1.0","","1","N","N","N","0","","1","0","1","0","0","","800","2","1","0","0","0","0","0","2","0","1","1","0","0","3","04","","N","","","","","","","","","",""
"2021085954","1640","1","0","0","0","0","0","0","0","0","4","0","","67","9","2021","1","39.963592","-75.157328","1637","6","0","0","0","0","0","0","0","1","","0","0","0","16","1","1","","1","2","39 57:48.931","2","0","75 09:26.380","2","0","0","0","67301","0","0","0","N","0","0","0","3","67301","0","","1.0","1850.0","1","N","N","N","0","","0","1","0","3","3","Y","1636","2","1","0","0","0","0","2","2","1","2","0","0","0","3","","","N","","","","","","","","","",""
"2021088413","2159","1","0","0","0","0","0","0","0","0","4","0","","67","9","2021","1","40.049612","-75.122789","2159","6","0","0","0","0","0","0","0","0","","0","0","0","14","1","1","","1","0","40 02:58.603","","0","75 07:22.040","3","0","0","0","67301","0","0","0","N","0","0","0","2","67301","0","","1.0","","1","N","N","N","0","","1","0","1","3","2","","1414","2","1","0","0","0","0","0","2","0","2","0","0","0","3","03","","N","","","","","","","","","",""
"2021125936","2040","1","0","0","0","0","0","0","0","0","8","0","","67","12","2021","4","40.081057","-75.028856","2036","6","0","0","0","1","0","0","0","0","","0","0","0","20","3","1","","5","0","40 04:51.806","","0","75 01:43.881","8","0","0","0","67301","1","0","0","N","1","0","0","2","67301","0","","1.0","","1","N","N","N","0","","0","0","0","3","2","","2034","2","1","0","0","0","1","0","2","0","1","1","0","0","3","03","","N","","","","","","","","","",""
"2021126068","1527","1","0","0","0","0","0","0","0","0","6","0","","67","12","2021","3","39.975664","-75.19193","1500","6","0","0","0","0","0","0","1","0","","0","0","0","15","1","0","N","0","0","39 58:32.392","","0","75 11:30.948","9","0","0","0","67301","0","0","0","N","0","0","0","2","67301","0","","1.0","","99","N","N","N","0","","0","0","1","0","0","","1527","2","0","0","0","0","0","2","2","0","2","0","0","0","99","","","N","","","","","","","","","",""
"2021105381","","1","0","0","0","0","0","0","0","0","4","0","","67","9","2021","7","39.932918","-75.148727","","6","0","0","0","0","0","1","0","0","","0","0","0","14","1","2","","1","0","39 55:58.503","","0","75 08:55.417","8","0","0","0","67301","0","0","0","N","0","0","0","4","00000","0","","1.0","","1","N","N","N","0","","0","0","1","3","2","","1450","2","2","0","0","0","2","0","2","0","2","0","0","0","3","","","N","","","","","","","","","",""
"2021087752","1440","1","0","0","0","0","0","0","0","0","4","0","","67","9","2021","5","39.973776","-75.258236","1434","6","0","0","0","0","0","0","0","0","","0","0","0","14","1","1","","1","0","39 58:25.593","","0","75 15:29.649","3","0","0","0","67301","0","0","0","N","0","0","0","2","67301","0","","1.0","","1","N","N","N","0","","1","0","1","3","2","","1433","2","1","0","0","0","0","0","2","0","2","0","0","0","3","03","","N","","","","","","","","","",""
"2021126311","1531","0","0","0","0","0","0","0","0","0","8","0","","67","12","2021","6","40.041363","-75.028255","1530","6","0","0","0","0","1","0","0","0","","0","0","0","14","1","1","","1","0","40 02:28.908","","0","75 01:41.719","3","0","0","0","67301","1","0","0","N","1","0","0","2","67301","0","","1.0","","1","N","N","N","0","","1","0","1","3","2","","1400","2","1","0","0","0","0","0","2","0","1","1","0","0","3","03","","N","","","","","","","","","",""
"2021101007","0152","1","0","0","0","0","0","0","0","0","7","0","","67","9","2021","6","39.994241","-75.154549","0142","6","0","0","0","0","1","0","0","0","","0","0","0","1","3","1","N","0","1","39 59:39.266","1","0","75 09:16.377","3","0","0","0","67301","0","0","0","N","0","0","0","1","67301","0","","4.0","315.0","1","N","N","N","0","","1","0","0","0","0","N","131","1","1","0","0","0","0","0","2","0","1","0","0","0","3","03","","N","","","","","","","","","",""
"2021101023","2331","1","0","0","0","0","0","0","0","0","1","0","","67","9","2021","3","40.014518","-75.131119","2324","6","0","0","0","0","0","1","0","0","","0","0","0","23","3","3","","2","0","40 00:52.264","","0","75 07:52.028","3","0","0","0","67301","0","0","0","N","0","0","0","3","67301","0","","1.0","","1","N","N","Y","1","","3","0","1","3","2","","2324","3","3","0","0","0","0","0","2","0","3","0","0","0","3","03","","N","","","","","","","","","",""
"2021086065","0810","1","0","0","0","0","0","0","0","0","8","0","","67","9","2021","2","39.95194","-75.159916","0757","6","0","0","0","0","0","0","0","0","","0","0","0","7","1","1","","1","1","39 57:06.984","3","0","75 09:35.699","4","0","0","0","67301","1","0","0","N","1","0","0","2","67301","1","","1.0","820.0","1","N","N","N","0","","0","0","1","3","2","N","755","3","1","1","0","0","0","0","2","0","2","1","0","0","3","03","","N","","","","","","","","","",""
"2021086365","1150","0","0","0","0","0","0","0","0","0","8","0","","67","8","2021","3","39.932447","-75.161656","1139","6","0","0","0","0","0","0","0","0","","0","0","0","11","1","1","N","0","0","39 55:56.810","","7","75 09:41.960","3","0","0","0","67301","1","0","0","N","1","0","0","2","67301","0","","1.0","","1","N","N","N","0","","1","0","1","0","0","","1136","2","1","0","0","0","0","0","2","0","1","1","0","0","3","03","","N","","","","","","","","","",""
"2021124638","1625","1","0","0","0","0","0","0","0","0","7","0","","67","12","2021","7","40.02917","-75.168307","1621","6","0","0","0","0","0","0","0","0","","0","0","0","15","1","0","","2","0","40 01:45.012","","0","75 10:05.906","0","0","0","0","67301","0","0","0","N","0","0","0","0","67301","0","","5.0","","9","N","N","N","0","","0","0","0","0","0","","1557","1","0","0","0","0","0","0","2","0","1","0","0","0","7","04","","N","","","","","","","","","",""
"2021087739","0924","0","0","0","0","0","0","0","0","0","1","0","","67","9","2021","4","40.013938","-75.18476","0908","6","0","0","1","0","0","0","0","0","","0","0","0","8","1","3","","2","1","40 00:50.176","1","0","75 11:05.137","3","0","0","0","67301","0","0","0","N","0","0","0","4","67301","0","","1.0","845.0","1","N","N","N","0","","3","0","2","0","0","N","815","2","3","0","0","0","0","0","2","0","2","0","0","0","3","","","N","","","","","","","","","",""
"2021087513","2010","2","0","0","0","0","0","0","0","0","5","0","","67","9","2021","1","39.941644","-75.149358","2000","6","0","0","0","0","0","0","0","0","","0","0","0","18","2","3","N","0","0","39 56:29.920","","0","75 08:57.690","3","0","0","0","67301","0","0","0","N","0","0","0","4","67301","0","","1.0","","1","N","N","N","0","","3","0","0","0","0","","1859","2","3","0","0","0","0","0","2","0","2","0","0","0","3","03","","N","","","","","","","","","",""
"2021086750","1023","1","0","0","1","0","0","0","0","0","8","0","","67","9","2021","2","40.05557","-75.008477","1020","6","0","0","0","0","0","1","0","0","","0","0","0","10","1","1","N","0","0","40 03:20.051","","0","75 00:30.516","3","0","0","0","67301","1","0","0","N","0","0","0","2","67301","0","","1.0","","1","N","N","N","0","","1","0","0","0","0","","1018","2","1","0","0","0","0","0","2","0","1","1","0","0","3","03","","N","","","","","","","","","",""
"2021125829","1041","1","0","0","0","0","0","0","0","0","1","0","","67","12","2021","4","40.109825","-75.029814","1035","6","0","0","0","0","0","0","1","0","","0","0","0","10","1","1","N","0","0","40 06:35.370","","0","75 01:47.330","4","0","0","0","67301","0","0","0","N","0","0","0","1","67301","1","","6.0","","1","N","N","N","1","","0","0","1","0","0","","1033","3","1","0","0","0","0","0","2","0","3","0","0","0","3","","","N","","","","","","","","","",""
"2021085874","0908","1","0","0","0","0","0","0","0","0","1","0","","67","9","2021","7","40.017362","-75.083188","0858","6","0","0","0","0","0","0","0","0","","0","0","0","5","1","0","N","0","0","40 01:02.504","","0","75 04:59.478","0","0","0","0","67301","0","0","0","N","0","0","0","1","67301","0","","6.0","","1","N","N","N","0","","0","0","1","0","0","","558","2","0","0","0","0","0","0","2","0","2","0","0","0","3","03","","N","","","","","","","","","",""
"2021127861","1855","1","0","0","0","0","0","0","0","0","5","0","","67","12","2021","3","39.918662","-75.246894","1851","6","0","0","0","0","0","1","0","0","","0","0","0","17","1","1","","1","0","39 55:07.184","","0","75 14:48.818","8","0","0","0","67301","0","0","0","N","0","0","0","3","67301","0","","1.0","","99","N","N","N","0","","0","0","0","0","0","","1700","3","1","0","0","0","1","0","2","0","3","0","0","0","4","98","","N","","","","","","","","","",""
"2021085719","0320","1","0","0","0","0","0","0","0","0","1","0","","67","9","2021","1","40.029833","-75.083339","0319","6","0","0","0","0","0","0","0","0","","0","0","0","2","3","0","N","0","0","40 01:47.400","","0","75 05:00.020","0","0","0","0","67301","0","0","0","N","0","0","0","1","67301","0","","6.0","","1","N","N","N","0","","0","0","2","0","0","","229","3","0","0","0","0","0","0","2","0","3","0","0","0","3","03","","N","","","","","","","","","",""
"2021126797","1935","2","0","0","0","0","0","0","0","0","2","0","","67","12","2021","7","40.00235","-75.121975","1928","6","0","0","0","0","0","0","0","0","","0","0","0","18","3","2","N","0","0","40 00:08.460","","0","75 07:19.110","8","0","0","0","67301","0","0","0","N","0","0","0","2","67301","0","","1.0","","9","N","N","N","0","","0","0","0","0","0","","1800","2","2","0","0","0","2","0","2","0","2","0","0","0","7","","","N","","","","","","","","","",""
"2021125935","2054","1","0","0","0","0","0","0","0","0","8","0","","67","12","2021","3","40.108896","-75.025931","2054","6","0","0","0","0","0","0","0","0","","0","0","0","20","3","1","N","0","0","40 06:32.025","","0","75 01:33.352","8","0","0","0","67301","1","0","0","N","1","0","0","3","67301","0","","1.0","","1","N","N","N","0","","0","0","0","0","0","","2054","2","1","0","0","0","1","0","2","0","1","1","0","0","3","","","N","","","","","","","","","",""
"2021086299","1240","1","0","0","0","0","0","0","0","0","4","0","","67","9","2021","7","39.918294","-75.140864","1240","6","0","0","0","1","0","0","0","0","","0","0","0","16","1","0","N","0","0","39 55:05.860","","7","75 08:27.110","9","0","0","0","67301","0","0","0","N","0","0","0","2","67301","0","","1.0","","1","N","N","N","0","","0","0","1","3","3","","1630","2","0","2","0","0","0","1","2","0","2","0","0","0","3","","","N","","","","","","","","","",""
"2021085953","1555","1","0","0","0","0","0","0","0","0","4","0","","67","9","2021","7","40.048872","-75.073896","1549","6","0","0","0","0","0","1","0","0","","0","0","0","14","1","2","","1","0","40 02:55.939","","0","75 04:26.025","3","0","0","0","67301","0","0","0","N","0","0","0","3","67301","0","","1.0","","1","N","N","N","0","","1","0","1","3","2","","1441","3","2","0","0","0","1","0","2","1","3","0","0","0","3","","","N","","","","","","","","","",""
"2021124874","1151","0","0","0","0","0","0","0","0","0","4","0","","67","12","2021","1","39.935632","-75.22587","1149","6","0","0","0","0","0","1","0","0","","0","0","0","11","1","0","","1","2","39 56:08.274","5","0","75 13:33.131","9","0","0","0","67301","0","0","0","N","0","0","0","2","67301","0","","1.0","1400.0","1","N","N","N","0","","0","0","2","3","2","Y","1149","2","0","0","0","0","0","1","2","0","2","0","0","0","3","","","N","","","","","","","","","",""
"2021127126","1752","0","0","0","0","0","0","0","0","0","1","0","","67","12","2021","1","39.915915","-75.245342","1744","6","0","0","0","0","0","0","0","1","","0","0","0","17","3","2","","2","0","39 54:57.295","","0","75 14:43.230","3","0","0","0","67301","0","0","0","N","0","0","0","4","67301","0","","1.0","","1","N","N","N","0","","2","0","2","0","0","","1741","2","2","0","0","0","0","0","2","0","2","0","0","0","3","03","","N","","","","","","","","","",""
"2021096671","0305","2","0","0","0","0","0","0","0","0","4","0","","67","9","2021","1","39.953093","-75.181793","0305","6","0","0","0","0","0","0","0","0","","0","0","0","2","3","0","","1","0","39 57:11.135","","8","75 10:54.456","0","0","0","0","67301","0","0","0","N","0","0","0","2","67301","0","","1.0","","1","N","N","N","0","","0","0","0","3","2","","230","2","0","0","0","0","0","0","2","0","2","0","0","0","3","03","","N","","","","","","","","","",""
"2021085837","1114","0","0","0","0","0","0","0","0","0","0","0","","67","9","2021","1","40.099956","-75.000594","1114","6","0","0","0","0","0","0","0","0","","0","0","0","11","1","1","N","0","0","40 05:59.840","","7","75 00:02.140","8","0","0","1","67301","0","0","0","N","0","0","0","1","67301","0","","4.0","","1","N","N","N","0","","0","0","0","0","0","","1114","1","1","0","0","0","1","0","2","0","1","0","0","0","3","03","","N","","","","","","","","","",""
"2021088694","1802","2","0","0","0","0","0","0","0","0","5","0","","67","9","2021","4","40.047659","-75.000131","1722","6","0","0","1","0","0","0","0","0","","0","0","0","17","1","0","N","0","0","40 02:51.572","","0","75 00:00.473","0","0","0","0","67301","0","0","0","N","0","0","0","3","68K01","0","","1.0","","1","N","N","N","0","","0","0","0","0","0","","1720","2","0","0","0","0","0","0","2","0","2","0","0","0","3","03","","N","","","","","","","","","",""
"2021125188","1914","0","0","0","0","0","0","0","0","0","1","0","","67","12","2021","6","39.968339","-75.1297","1901","6","0","0","0","0","0","3","0","0","","0","0","0","18","3","1","N","0","2","39 58:06.022","2","0","75 07:46.921","4","0","0","0","67301","0","0","0","N","0","0","0","4","68K01","1","","1.0","1945.0","1","N","N","N","0","","0","0","2","0","0","N","1856","3","1","0","0","0","0","0","2","1","3","0","0","0","3","","","N","","","","","","","","","",""
"2021083775","1245","0","0","0","0","0","0","0","0","0","8","0","","67","9","2021","1","39.990772","-75.142515","1238","6","0","0","0","0","0","0","0","1","","0","0","0","16","1","1","","1","0","39 59:26.779","","0","75 08:33.054","3","0","0","0","67301","1","0","0","N","1","0","0","2","67301","0","","1.0","","9","N","N","N","0","","1","0","1","3","3","","1615","2","1","0","0","0","0","0","2","0","1","1","0","0","7","07","","N","","","","","","","","","",""
"2021086273","1444","1","0","0","0","0","0","0","0","0","4","0","","67","9","2021","7","40.038994","-75.148557","1434","6","0","0","0","0","0","0","0","0","","0","0","0","14","1","1","","2","1","40 02:20.379","1","0","75 08:54.805","3","0","0","0","67301","0","0","0","N","0","0","0","4","67301","0","","1.0","1550.0","1","N","N","N","0","","1","0","1","0","0","N","1425","2","1","0","0","0","0","0","2","0","2","0","0","0","3","03","","N","","","","","","","","","",""
"2021127584","1149","0","0","0","0","0","0","0","0","0","7","0","","67","12","2021","7","40.043639","-75.114","1149","6","0","0","0","0","0","0","0","0","","0","0","0","10","1","0","N","0","0","40 02:37.100","","0","75 06:50.400","9","0","0","0","67301","0","0","0","N","0","0","0","1","67301","0","","3.0","","1","N","N","N","0","","0","0","1","0","0","","1052","1","0","0","0","0","0","1","2","0","1","0","0","0","3","03","","N","","","","","","","","","",""
"2021088596","1725","1","0","0","0","0","0","0","0","0","4","0","","67","9","2021","6","40.04004","-75.027574","1719","6","0","0","0","0","0","1","0","0","","0","0","0","17","1","1","","1","0","40 02:24.144","","0","75 01:39.268","4","0","0","0","67301","0","0","0","N","0","0","0","2","67301","1","","1.0","","1","N","N","N","0","","0","0","1","3","3","","1714","2","1","0","0","0","0","0","2","0","2","0","0","0","4","","","N","","","","","","","","","",""
"2021128394","1759","1","0","0","0","0","0","0","0","0","7","0","","67","12","2021","3","40.068206","-75.194244","1759","6","0","0","0","0","0","0","0","0","","0","0","0","17","3","1","N","0","2","40 04:05.540","6","0","75 11:39.280","8","0","0","0","67301","0","0","0","N","0","0","0","1","67301","0","","4.0","1825.0","1","N","N","N","0","","0","0","0","0","0","Y","1736","1","1","0","0","0","1","0","2","0","1","0","0","0","3","03","","N","","","","","","","","","",""
"2021126873","1144","2","0","0","0","0","0","0","0","0","4","0","","67","12","2021","7","40.031348","-75.084948","1141","6","0","0","0","0","0","0","0","0","","0","0","0","11","1","1","","1","1","40 01:52.852","1","0","75 05:05.812","4","0","0","0","67301","0","0","0","N","0","0","0","3","67301","1","","1.0","1245.0","9","N","N","N","0","","0","0","0","3","2","Y","1140","2","1","0","0","0","0","0","2","0","2","0","0","0","4","07","","N","","","","","","","","","",""
"2021086280","2002","0","0","0","0","0","0","0","0","0","8","0","","67","9","2021","2","40.020284","-75.080378","1951","6","0","0","0","0","0","0","0","1","","0","0","0","19","3","1","","1","0","40 01:13.023","","1","75 04:49.359","3","0","0","0","67301","1","0","0","N","0","0","0","2","67301","0","","1.0","","1","N","N","N","0","","1","0","0","3","2","","1948","2","1","0","0","0","0","0","2","0","1","1","0","0","3","03","","N","","","","","","","","","",""
"2021126067","1409","1","0","0","0","0","0","0","0","0","5","0","","67","12","2021","5","39.952696","-75.166137","1408","6","0","0","0","0","0","2","0","0","","0","0","0","14","1","0","N","0","0","39 57:09.707","","0","75 09:58.092","0","0","0","0","67301","0","0","0","N","0","0","0","2","67301","0","","1.0","","1","N","N","N","1","","0","0","0","0","0","","1400","2","0","0","0","0","0","0","2","0","2","0","0","0","3","03","","N","","","","","","","","","",""
"2021092875","1413","0","0","0","0","0","0","0","0","0","1","0","","67","9","2021","2","39.965147","-75.185721","1400","6","0","0","0","0","0","0","0","0","","0","0","0","14","1","1","N","0","1","39 57:54.529","3","0","75 11:08.594","8","0","0","0","67301","0","0","0","N","0","0","0","3","68K01","0","","1.0","1401.0","1","N","N","N","2","","0","0","0","0","0","N","1400","3","1","0","0","0","1","0","2","1","3","0","0","0","3","","","N","","","","","","","","","",""
"2021085767","0810","1","0","0","0","0","0","0","0","0","1","0","","67","9","2021","6","39.957892","-75.220397","0757","6","0","0","0","0","0","0","0","0","","0","0","0","7","1","0","N","0","0","39 57:28.411","","0","75 13:13.428","0","0","0","0","67301","0","0","0","N","0","0","0","2","67301","0","","1.0","","1","N","N","N","0","","0","0","1","0","0","","730","2","0","0","0","0","0","0","2","0","2","0","0","0","3","","","N","","","","","","","","","",""
"2021085316","0115","1","0","0","0","0","0","0","0","0","7","0","","67","9","2021","6","39.971083","-75.158667","0110","6","0","0","0","0","0","0","0","0","","0","0","0","0","3","0","N","0","0","39 58:15.900","","0","75 09:31.200","0","0","0","0","67301","0","0","0","N","0","0","0","1","67301","0","","4.0","","1","N","N","Y","0","","0","0","0","0","0","","52","1","0","0","0","0","0","0","2","0","1","0","0","0","3","03","","N","","","","","","","","","",""
"2021086001","2348","0","0","0","0","0","0","0","0","0","4","0","","67","9","2021","1","39.947553","-75.159215","2248","6","0","0","0","0","0","2","0","0","","0","0","0","22","3","2","","1","2","39 56:51.189","7","0","75 09:33.175","8","0","0","0","67301","0","0","0","N","0","0","0","2","67301","0","","1.0","145.0","1","N","N","N","0","","0","0","2","3","2","Y","2248","2","2","0","0","0","2","0","2","0","2","0","0","0","3","03","","N","","","","","","","","","",""
"2021087514","2045","2","0","0","0","0","0","0","0","0","4","0","","67","9","2021","2","39.915989","-75.164464","2030","6","0","1","0","0","0","0","0","0","","0","0","0","20","3","0","","1","0","39 54:57.561","","0","75 09:52.072","0","0","0","0","67301","0","0","0","N","0","0","0","4","67301","0","","1.0","","1","N","N","N","0","","0","0","0","3","2","","2017","2","0","0","0","0","0","0","2","0","2","0","0","0","3","03","","N","","","","","","","","","",""
"2021083249","1845","1","0","0","0","0","0","0","0","0","8","0","","67","8","2021","3","39.961891","-75.161444","1830","6","0","0","0","0","0","0","0","0","","0","0","0","18","1","2","N","0","1","39 57:42.806","1","0","75 09:41.199","2","0","0","0","67301","2","0","1","N","2","0","1","4","67301","0","","1.0","2127.0","1","N","N","N","0","","1","1","0","0","0","N","1825","4","2","0","0","0","0","0","2","0","2","2","0","1","3","03","","N","","","","","","","","","",""