"CRN","ARRIVAL_TM","AUTOMOBILE_COUNT","BELTED_DEATH_COUNT","BELTED_SUSP_SERIOUS_INJ_COUNT","BICYCLE_COUNT","BICYCLE_DEATH_COUNT","BICYCLE_SUSP_SERIOUS_INJ_COUNT","BUS_COUNT","CHLDPAS_DEATH_COUNT","CHLDPAS_SUSP_SERIOUS_INJ_COUNT","COLLISION_TYPE","COMM_VEH_COUNT","CONS_ZONE_SPD_LIM","COUNTY","CRASH_MONTH","CRASH_YEAR","DAY_OF_WEEK","DEC_LATITUDE","DEC_LONGITUDE","DISPATCH_TM","DISTRICT","DRIVER_COUNT_16YR","DRIVER_COUNT_17YR","DRIVER_COUNT_18YR","DRIVER_COUNT_19YR","DRIVER_COUNT_20YR","DRIVER_COUNT_50_64YR","DRIVER_COUNT_65_74YR","DRIVER_COUNT_75PLUS","EST_HRS_CLOSED","FATAL_COUNT","HEAVY_TRUCK_COUNT","HORSE_BUGGY_COUNT","HOUR_OF_DAY","ILLUMINATION","INJURY_COUNT","INTERSECTION_RELATED","INTERSECT_TYPE","LANE_CLOSED","LATITUDE","LN_CLOSE_DIR","LOCATION_TYPE","LONGITUDE","MAX_SEVERITY_LEVEL","MCYCLE_DEATH_COUNT","MCYCLE_SUSP_SERIOUS_INJ_COUNT","MOTORCYCLE_COUNT","MUNICIPALITY","NONMOTR_COUNT","NONMOTR_DEATH_COUNT","NONMOTR_SUSP_SERIOUS_INJ_COUNT","NTFY_HIWY_MAINT","PED_COUNT","PED_DEATH_COUNT","PED_SUSP_SERIOUS_INJ_COUNT","PERSON_COUNT","POLICE_AGCY","POSSIBLE_INJ_COUNT","RDWY_SURF_TYPE_CD","RELATION_TO_ROAD","ROADWAY_CLEARED","ROAD_CONDITION","SCH_BUS_IND","SCH_ZONE_IND","SECONDARY_CRASH","SMALL_TRUCK_COUNT","SPEC_JURIS_CD","SUSP_MINOR_INJ_COUNT","SUSP_SERIOUS_INJ_COUNT","SUV_COUNT","TCD_FUNC_CD","TCD_TYPE","TFC_DETOUR_IND","TIME_OF_DAY","TOTAL_UNITS","TOT_INJ_COUNT","UNBELTED_OCC_COUNT","UNB_DEATH_COUNT","UNB_SUSP_SERIOUS_INJ_COUNT","UNK_INJ_DEG_COUNT","UNK_INJ_PER_COUNT","URBAN_RURAL","VAN_COUNT","VEHICLE_COUNT","VULNERABLE_ROAD_USER_COUNT","VULNERABLE_ROAD_USER_DEATH_COUNT","VULNERABLE_ROAD_USER_SER_INJ_COUNT","WEATHER1","WEATHER2","WORKERS_PRES","WORK_ZONE_IND","WORK_ZONE_LOC","WORK_ZONE_TYPE","WZ_CLOSE_DETOUR","WZ_FLAGGER","WZ_LAW_OFFCR_IND","WZ_LN_CLOSURE","WZ_MOVING","WZ_OTHER","WZ_SHLDER_MDN","WZ_WORKERS_INJ_KILLED"
"2021124406","2010","3","0","0","0","0","0","0","0","0","5","0","","67","12","2021","7","39.973861","-75.23","2000","6","0","0","0","0","0","0","0","0","","0","0","0","20","3","1","N","0","0","39 58:25.900","","0","75 13:48.000","4","0","0","0","67301","0","0","0","N","0","0","0","2","67301","1","","6.0","","9","N","N","N","1","","0","0","1","0","0","","2000","5","1","0","0","0","0","0","2","0","5","0","0","0","7","07","","N","","","","","","","","","",""
"2021093417","1736","1","0","0","0","0","0","0","0","0","5","0","","67","9","2021","1","40.035659","-75.016799","1730","6","0","0","0","0","0","0","0","0","","0","0","0","17","1","1","N","0","1","40 02:08.374","1","0","75 01:00.476","4","0","0","0","67301","0","0","0","N","0","0","0","6","68K01","1","","1.0","1800.0","1","N","N","N","0","","0","0","0","0","0","N","1729","2","1","0","0","0","0","0","2","1","2","0","0","0","3","","","N","","","","","","","","","",""
"2021086449","2002","2","0","0","0","0","0","0","0","0","4","0","","67","9","2021","2","40.019927","-75.076689","1959","6","0","0","0","0","0","0","0","0","","0","0","0","19","3","1","","1","0","40 01:11.737","","0","75 04:36.080","4","0","0","0","67301","0","0","0","N","0","0","0","2","67301","1","","1.0","","1","N","N","N","0","","0","0","0","3","3","","1945","2","1","0","0","0","0","1","2","0","2","0","0","0","3","","","N","","","","","","","","","",""
"2021083186","0159","1","0","0","0","0","0","0","0","0","4","0","","67","9","2021","4","39.96955","-75.139578","0155","6","0","0","0","0","0","0","0","0","","0","0","0","1","3","1","","5","0","39 58:10.379","","0","75 08:22.482","3","0","0","0","67301","0","0","0","N","0","0","0","6","67301","0","","1.0","","1","N","N","N","0","","1","0","1","3","2","","150","2","1","0","0","0","0","0","2","0","2","0","0","0","3","03","","N","","","","","","","","","",""
"2021108854","1125","0","0","0","0","0","0","0","0","0","8","0","","67","11","2021","5","39.986021","-75.097209","1125","6","0","0","0","0","0","0","0","0","","0","0","0","20","3","1","","1","0","39 59:09.674","","0","75 05:49.953","3","0","0","0","67301","1","0","0","N","1","0","0","2","67301","0","","1.0","","99","N","N","N","0","","1","0","1","3","3","","2030","2","1","0","0","0","0","0","2","0","1","1","0","0","99","","","N","","","","","","","","","",""
"2021117367","","1","0","0","0","0","0","0","0","0","5","0","","67","8","2021","4","39.884019","-75.241367","","6","0","0","0","0","0","1","0","0","","0","0","0","16","1","1","N","0","0","39 53:02.470","","2","75 14:28.920","3","0","0","0","67301","0","0","0","N","0","0","0","2","00000","0","","1.0","","1","N","N","N","0","","1","0","1","0","0","","1645","2","1","0","0","0","0","0","2","0","2","0","0","0","3","","","N","","","","","","","","","",""
"2021087995","2345","1","0","0","0","0","0","0","0","0","7","0","","67","9","2021","5","39.972506","-75.160074","2357","6","0","0","0","0","0","1","0","0","","0","0","0","23","3","1","","1","0","39 58:21.021","","0","75 09:36.266","8","0","0","0","67301","0","0","0","N","0","0","0","1","67301","0","","4.0","","1","N","N","N","0","","0","0","0","0","0","","2308","1","1","0","0","0","1","0","2","0","1","0","0","0","3","03","","N","","","","","","","","","",""
"2021126083","2001","1","0","0","0","0","0","0","0","0","4","0","","67","12","2021","5","40.007639","-75.127327","2001","6","0","0","0","0","0","2","0","0","","0","0","0","19","3","3","","1","0","40 00:27.502","","0","75 07:38.377","3","0","0","0","67301","0","0","0","N","0","0","0","4","67301","1","","1.0","","1","N","N","N","0","","2","0","1","3","2","","1949","2","3","0","0","0","0","0","2","0","2","0","0","0","3","03","","N","","","","","","","","","",""
"2021088111","2121","0","0","0","0","0","0","0","0","0","8","0","","67","9","2021","3","40.024521","-75.16608","2120","6","0","0","0","0","0","0","0","0","","0","0","0","21","3","1","","2","1","40 01:28.275","4","0","75 09:57.888","2","0","0","0","67301","1","0","1","N","1","0","1","2","67301","0","","1.0","2140.0","1","N","N","N","0","","0","1","1","3","2","N","2118","2","1","0","0","0","0","1","2","0","1","1","0","1","3","","","N","","","","","","","","","",""
"2021124029","0033","2","0","0","0","0","0","0","0","0","5","0","","67","12","2021","7","40.094128","-75.019908","0019","6","0","0","0","0","0","0","0","0","","0","0","0","0","3","0","N","0","2","40 05:38.860","1","0","75 01:11.670","0","0","0","0","67301","0","0","0","N","0","0","0","1","67301","0","","1.0","300.0","1","N","N","N","1","","0","0","0","0","0","Y","15","3","0","0","0","0","0","0","2","0","3","0","0","0","3","","","N","","","","","","","","","",""
"2021086723","2027","2","0","0","0","0","0","0","0","0","2","0","","67","9","2021","2","39.99356","-75.151634","2025","6","0","0","0","0","0","1","0","0","","0","0","0","20","3","3","N","0","2","39 59:36.816","6","0","75 09:05.883","3","0","0","0","67301","0","0","0","N","0","0","0","3","67301","0","","1.0","2230.0","1","N","N","N","0","","3","0","1","0","0","Y","2021","3","3","1","0","0","0","0","2","0","3","0","0","0","3","","","N","","","","","","","","","",""
"2021110712","0633","0","0","0","0","0","0","0","0","0","8","0","","67","9","2021","4","39.996589","-75.117953","0632","6","0","0","0","0","0","0","0","0","","0","0","0","6","1","1","N","0","0","39 59:47.720","","0","75 07:04.630","8","0","0","0","67301","1","0","0","N","1","0","0","2","67301","0","","1.0","","1","N","N","N","0","","0","0","0","0","0","","630","2","1","0","0","0","1","0","2","1","1","1","0","0","3","98","","N","","","","","","","","","",""
"2021126075","2250","0","0","0","0","0","0","0","0","0","5","0","","67","12","2021","5","39.979163","-75.157836","2245","6","0","0","0","0","0","0","0","0","","0","0","0","22","3","0","N","0","1","39 58:44.988","2","0","75 09:28.210","9","0","0","0","67301","0","0","0","N","0","0","0","1","67505","0","","6.0","1155.0","1","N","N","N","0","","0","0","2","0","0","Y","2240","2","0","0","0","0","0","1","2","0","2","0","0","0","3","03","","N","","","","","","","","","",""
"2021084281","0010","1","0","0","0","0","0","0","0","0","1","0","","67","9","2021","4","39.983556","-75.159556","0009","6","0","0","0","0","0","0","0","0","","0","0","0","0","3","0","N","0","2","39 59:00.800","4","0","75 09:34.400","9","0","0","0","67301","0","0","0","N","0","0","0","1","67505","0","","6.0","200.0","1","N","N","N","0","","0","0","1","0","0","Y","8","2","0","0","0","0","0","1","2","0","2","0","0","0","3","03","","N","","","","","","","","","",""
"2021080710","1558","0","0","0","0","0","0","0","0","0","1","0","","67","8","2021","6","40.070003","-75.162742","1548","6","0","0","0","0","0","1","1","0","","0","0","0","14","1","0","","1","0","40 04:12.010","","0","75 09:45.872","0","0","0","0","67301","0","0","0","N","0","0","0","2","67301","0","","1.0","","9","N","N","N","0","","0","0","2","3","2","","1430","2","0","0","0","0","0","0","2","0","2","0","0","0","7","04","","N","","","","","","","","","",""
"2021124019","1615","1","0","0","0","0","0","0","0","0","2","0","","67","12","2021","7","39.958951","-75.228949","1613","6","0","0","0","0","0","0","0","0","","0","0","0","16","4","2","","1","1","39 57:32.225","7","0","75 13:44.216","3","0","0","0","67301","0","0","0","N","0","0","0","4","67301","0","","1.0","1645.0","1","N","N","N","0","","1","0","1","3","2","Y","1611","2","2","0","0","0","1","0","2","0","2","0","0","0","3","03","","N","","","","","","","","","",""
"2021085679","1551","1","0","0","0","0","0","0","0","0","8","0","","67","9","2021","5","40.051193","-75.066138","1551","6","0","0","0","0","0","0","1","0","","0","0","0","15","1","1","","1","0","40 03:04.296","","0","75 03:58.096","4","0","0","0","67301","1","0","0","N","1","0","0","2","67301","1","","1.0","","1","N","N","N","0","","0","0","0","3","2","","1551","2","1","1","0","0","0","0","2","0","1","1","0","0","3","03","","N","","","","","","","","","",""
"2021085514","0144","1","0","0","0","0","0","0","0","0","8","0","","67","9","2021","5","39.928138","-75.219373","0140","6","0","0","0","0","0","0","0","0","","0","0","0","1","3","1","","1","0","39 55:41.296","","0","75 13:09.742","8","0","0","0","67301","1","0","0","N","1","0","0","2","67301","0","","1.0","","9","N","N","N","0","","0","0","0","3","2","","139","2","1","0","0","0","1","0","2","0","1","1","0","0","7","07","","N","","","","","","","","","",""
"2021128031","1020","0","0","0","0","0","0","0","0","0","4","0","","67","12","2021","1","39.970586","-75.150888","1020","6","0","0","0","0","0","1","0","0","","0","0","0","14","1","0","","1","0","39 58:14.110","","1","75 09:03.197","9","0","0","0","67301","0","0","0","N","0","0","0","2","67301","0","","1.0","","99","N","N","N","0","","0","0","1","0","0","","1445","2","0","0","0","0","0","1","2","1","2","0","0","0","99","","","N","","","","","","","","","",""
"2021085179","0950","1","0","0","0","0","0","0","0","0","1","0","","67","9","2021","5","39.957511","-75.217339","0950","6","0","0","0","0","0","0","0","0","","0","0","0","9","1","0","","1","1","39 57:27.041","5","0","75 13:02.421","9","0","0","0","67301","0","0","0","N","0","0","0","3","67301","0","","1.0","930.0","1","N","N","N","0","","0","0","1","3","2","N","900","3","0","0","0","0","0","2","2","1","3","0","0","0","4","04","","N","","","","","","","","","",""
"2021089280","2056","1","0","0","0","0","0","0","0","0","4","0","","67","9","2021","5","39.95656","-75.241884","2056","6","0","0","0","0","0","0","0","0","","0","0","0","20","3","1","","1","0","39 57:23.616","","0","75 14:30.782","3","0","0","0","67301","0","0","0","N","0","0","0","3","67301","0","","1.0","","1","N","N","N","0","","1","0","1","3","2","","2055","2","1","0","0","0","0","0","2","0","2","0","0","0","3","03","","N","","","","","","","","","",""
"2021083149","0919","0","0","0","0","0","0","0","0","0","4","0","","67","8","2021","3","40.060129","-75.153765","0844","6","0","0","0","0","0","1","0","0","","0","0","0","8","1","3","","1","0","40 03:36.464","","0","75 09:13.553","3","0","0","0","67301","0","0","0","N","0","0","0","3","67301","2","","1.0","","1","N","N","N","0","","1","0","2","3","2","","842","3","3","0","0","0","0","0","2","1","3","0","0","0","3","","","N","","","","","","","","","",""
"2021083467","1737","0","0","0","0","0","0","0","0","0","4","0","","67","9","2021","6","39.967383","-75.176995","1735","6","0","0","0","0","0","1","0","0","","0","0","0","17","1","2","","1","0","39 58:02.578","","0","75 10:37.182","3","0","0","0","67301","1","0","0","N","1","0","0","3","67301","1","","1.0","","1","N","N","N","0","","1","0","2","3","2","","1730","3","2","0","0","0","0","0","2","0","2","1","0","0","3","03","","N","","","","","","","","","",""
"2021126179","2130","0","0","0","0","0","0","0","0","0","4","0","","67","12","2021","5","40.018024","-75.155028","2130","6","0","0","0","0","0","0","0","0","","0","0","0","21","3","1","","2","9","40 01:04.885","","0","75 09:18.101","3","0","0","0","67301","0","0","0","N","0","0","0","1","67301","0","","1.0","","1","N","N","N","0","","1","0","2","3","2","U","2100","2","1","0","0","0","0","0","2","0","2","0","0","0","3","","","N","","","","","","","","","",""
"2021083248","1750","0","0","1","0","0","0","0","0","0","7","0","","67","8","2021","3","39.967339","-75.151694","1750","6","0","0","0","0","0","0","0","0","","0","0","0","15","1","1","N","0","0","39 58:02.420","","1","75 09:06.100","2","0","0","0","67301","0","0","0","N","0","0","0","1","67301","0","","4.0","","1","N","N","N","0","","0","1","1","0","0","","1500","1","1","0","0","0","0","0","2","0","1","0","0","0","3","03","","N","","","","","","","","","",""
"2021084068","1840","2","0","0","0","0","0","0","0","0","5","0","","67","9","2021","5","39.968294","-75.166347","1835","6","0","0","0","0","0","0","0","0","","0","0","0","18","1","0","N","0","2","39 58:05.860","3","0","75 09:58.850","0","0","0","0","67301","0","0","0","N","0","0","0","1","67301","0","","6.0","1930.0","1","N","N","N","0","","0","0","2","0","0","Y","1830","4","0","0","0","0","0","0","2","0","4","0","0","0","3","03","","N","","","","","","","","","",""
"2021082037","0917","0","0","0","0","0","0","0","0","0","5","0","","67","8","2021","2","40.083276","-75.0396","0903","6","0","0","0","0","0","1","0","0","","0","0","0","9","1","1","Y","0","0","40 04:59.794","","0","75 02:22.559","3","0","0","0","67301","0","0","0","N","0","0","0","2","67301","0","","1.0","","98","N","N","N","0","","1","0","2","0","0","","900","2","1","1","0","0","0","0","2","0","2","0","0","0","3","","","N","","","","","","","","","",""
"2021125629","1810","1","0","0","0","0","0","0","0","0","5","0","","67","12","2021","1","39.935109","-75.199905","1805","6","0","0","0","0","0","1","0","0","","0","0","0","17","3","0","N","0","2","39 56:06.394","3","0","75 11:59.657","0","0","0","0","67301","0","0","0","N","0","0","0","2","68K01","0","","1.0","1840.0","1","N","N","N","0","","0","0","1","0","0","N","1746","2","0","0","0","0","0","0","2","0","2","0","0","0","3","","","N","","","","","","","","","",""
"2021125187","1842","1","0","0","0","0","0","0","0","0","1","0","","67","12","2021","6","40.00077","-75.079257","1835","6","0","0","0","0","1","0","0","0","","0","0","0","18","3","2","N","0","2","40 00:02.771","1","0","75 04:45.326","3","0","0","0","67301","0","0","0","N","0","0","0","2","68K01","0","","1.0","1850.0","1","N","N","N","0","","2","0","1","0","0","N","1832","2","2","0","0","0","0","0","2","0","2","0","0","0","3","","","N","","","","","","","","","",""
"2021124408","1650","0","0","0","0","0","0","0","0","0","8","0","","67","12","2021","1","40.007105","-75.213717","1635","6","0","0","0","0","0","0","0","0","","0","0","0","14","1","1","","1","0","40 00:25.579","","0","75 12:49.382","2","0","0","0","67301","1","0","1","N","1","0","1","1","67301","0","","1.0","","1","N","N","N","0","","0","1","1","2","2","","1437","2","1","0","0","0","0","0","2","0","1","1","0","1","3","03","","N","","","","","","","","","",""
"2021085419","1652","1","0","0","0","0","0","0","0","0","4","0","","67","9","2021","7","39.9384","-75.171072","1649","6","0","0","0","0","0","0","0","0","","0","0","0","16","1","0","N","0","0","39 56:18.240","","0","75 10:15.860","9","0","0","0","67301","0","0","0","N","0","0","0","3","67301","0","","1.0","","1","N","N","N","0","","0","0","1","0","0","","1607","2","0","0","0","0","0","3","2","0","2","0","0","0","3","","","N","","","","","","","","","",""
"2021126010","0116","0","0","0","0","0","0","0","0","0","7","0","","67","12","2021","5","39.976555","-75.196658","0113","6","0","0","0","0","0","0","0","0","","0","0","0","1","3","0","N","7","1","39 58:35.597","4","2","75 11:47.969","0","0","0","0","67301","0","0","0","Y","0","0","0","1","68K01","0","","3.0","134.0","1","N","N","N","0","","0","0","1","0","0","N","111","1","0","0","0","0","0","0","2","0","1","0","0","0","3","","","N","","","","","","","","","",""
"2021124028","0112","2","0","0","0","0","0","0","0","0","1","0","","67","12","2021","6","40.096131","-75.052253","0104","6","0","0","0","0","0","0","0","0","","0","0","0","0","3","0","N","0","1","40 05:46.070","4","0","75 03:08.110","0","0","0","0","67301","0","0","0","N","0","0","0","1","67301","0","","5.0","145.0","1","N","N","N","0","","0","0","0","0","0","N","56","2","0","0","0","0","0","0","2","0","2","0","0","0","3","","","N","","","","","","","","","",""
"2021081453","0759","1","0","0","0","0","0","0","0","0","4","0","","67","8","2021","2","40.010493","-75.079058","0759","6","0","0","0","0","0","0","0","0","","0","0","0","7","1","1","","1","0","40 00:37.775","","0","75 04:44.609","4","0","0","0","67301","0","0","0","N","0","0","0","1","67301","1","","1.0","","1","N","N","N","0","","0","0","2","3","2","","755","3","1","1","0","0","0","0","2","0","3","0","0","0","3","","","N","","","","","","","","","",""
"2021124412","2342","3","0","0","0","0","0","0","0","0","1","0","","67","12","2021","5","39.991877","-75.233671","2340","6","0","0","0","0","0","0","0","0","","0","0","0","23","3","0","N","1","0","39 59:30.758","","0","75 14:01.217","0","0","0","0","67301","0","0","0","N","0","0","0","3","67301","0","","1.0","","1","N","N","N","0","","0","0","0","3","2","","2330","3","0","0","0","0","0","0","2","0","3","0","0","0","3","03","","N","","","","","","","","","",""
"2021125151","1043","1","0","0","0","0","0","0","0","0","7","0","","67","12","2021","7","40.033975","-75.019579","1035","6","0","0","0","0","0","0","0","0","","0","0","0","10","1","0","N","0","1","40 02:02.310","1","0","75 01:10.483","0","0","0","0","67301","0","0","0","N","0","0","0","1","68K01","0","","4.0","1130.0","9","N","N","N","0","","0","0","0","0","0","N","1028","1","0","0","0","0","0","0","2","0","1","0","0","0","4","04","","N","","","","","","","","","",""
"2021125622","2138","0","0","0","0","0","0","0","0","0","7","0","","67","12","2021","7","39.969454","-75.126187","2128","6","0","0","0","0","0","0","0","0","","0","0","0","21","3","0","N","0","1","39 58:10.035","1","0","75 07:34.273","0","0","0","0","67301","0","0","0","Y","0","0","0","3","68K01","0","","7.0","2150.0","1","N","N","N","0","","0","0","0","0","0","N","2127","1","0","0","0","0","0","0","2","1","1","0","0","0","3","","","N","","","","","","","","","",""
"2021089137","0845","1","0","0","0","0","0","0","0","0","7","0","","67","9","2021","4","40.059025","-75.200625","0831","6","0","0","0","1","0","0","1","0","","0","0","0","8","1","1","N","0","0","40 03:32.490","","0","75 12:02.250","3","0","0","0","67301","0","0","0","N","0","0","0","3","67301","0","","4.0","","9","N","N","N","0","","1","0","2","0","0","","823","3","1","0","0","0","0","0","2","0","3","0","0","0","7","04","","N","","","","","","","","","",""
"2021085185","1305","1","0","0","0","0","0","0","0","0","4","0","","67","9","2021","5","39.997342","-75.120319","1251","6","0","0","0","0","0","0","0","0","","0","0","0","12","1","4","","1","2","39 59:50.432","7","0","75 07:13.150","2","0","0","0","67301","0","0","0","N","0","0","0","4","67301","0","","1.0","1430.0","1","N","N","N","1","","3","1","0","3","3","Y","1250","2","4","0","0","0","0","0","2","0","2","0","0","0","3","03","","N","","","","","","","","","",""
"2021085876","1105","1","0","0","0","0","0","0","0","0","6","0","","67","9","2021","1","40.013539","-75.068767","1105","6","0","0","0","0","0","0","0","0","","0","0","0","3","3","0","N","0","0","40 00:48.739","","0","75 04:07.562","0","0","0","0","67301","0","0","0","N","0","0","0","1","67301","0","","6.0","","1","N","N","N","0","","0","0","0","0","0","","300","3","0","0","0","0","0","0","2","2","3","0","0","0","3","03","","N","","","","","","","","","",""
"2021114699","","2","0","0","0","0","0","0","0","0","4","0","","67","8","2021","7","39.937343","-75.217626","","6","0","0","0","0","0","1","0","0","","0","0","0","21","3","1","","1","0","39 56:14.434","","0","75 13:03.453","4","0","0","0","67301","0","0","0","N","0","0","0","2","00000","1","","1.0","","1","N","N","N","0","","0","0","0","3","3","","2140","2","1","0","0","0","0","0","2","0","2","0","0","0","3","","","N","","","","","","","","","",""
"2021125131","1745","1","0","0","0","0","0","0","0","0","1","0","","67","11","2021","6","39.993329","-75.20008","1738","6","0","0","0","0","0","0","0","0","","0","0","0","17","3","0","N","0","0","39 59:35.986","","0","75 12:00.287","0","0","0","0","67301","0","0","0","N","0","0","0","2","68K01","0","","1.0","","1","N","N","N","0","","0","0","1","0","0","","1736","2","0","0","0","0","0","0","2","0","2","0","0","0","3","03","","N","","","","","","","","","",""
"2021124744","2240","1","0","0","0","0","0","1","0","0","4","1","","67","12","2021","7","39.987694","-75.166981","2235","6","0","0","0","0","0","0","0","0","","0","0","0","22","3","2","","1","2","39 59:15.698","4","0","75 10:01.131","3","0","0","0","67301","0","0","0","N","0","0","0","3","67301","0","","1.0","2315.0","9","N","N","N","0","","2","0","1","3","3","N","2230","3","2","0","0","0","0","0","2","0","3","0","0","0","4","07","","N","","","","","","","","","",""
"2021086017","2107","1","0","0","0","0","0","0","0","0","4","0","","67","9","2021","2","40.011545","-75.108042","2105","6","0","0","0","0","0","0","0","0","","0","0","0","21","3","1","","1","0","40 00:41.562","","0","75 06:28.950","2","0","1","1","67301","0","0","0","N","0","0","0","4","67301","0","","1.0","","1","N","N","N","0","","0","1","0","3","2","","2100","2","1","0","0","0","0","0","2","0","2","0","0","0","3","","","N","","","","","","","","","",""
"2021084442","0850","1","0","0","0","0","0","0","0","0","1","0","","67","9","2021","6","39.978691","-75.203061","0843","6","0","0","0","1","0","1","0","0","","0","0","0","8","1","0","N","0","1","39 58:43.288","3","0","75 12:11.018","9","0","0","0","67301","0","0","0","N","0","0","0","3","68K01","0","","1.0","850.0","1","N","N","N","0","","0","0","1","0","0","N","840","3","0","0","0","0","0","1","2","0","3","0","0","0","3","03","","N","","","","","","","","","",""
"2021087464","0600","3","0","0","0","0","0","0","0","0","4","0","","67","8","2021","1","39.996794","-75.103369","0553","6","0","0","0","0","0","0","0","0","","0","0","0","5","5","0","","1","0","39 59:48.460","","0","75 06:12.128","9","0","0","0","67301","0","0","0","N","0","0","0","2","67301","0","","1.0","","1","N","N","N","0","","0","0","0","3","2","","541","3","0","0","0","0","0","1","2","0","3","0","0","0","3","03","","N","","","","","","","","","",""
"2021083515","1238","3","0","0","0","0","0","0","0","0","5","0","","67","8","2021","3","40.019426","-75.210836","1235","6","0","0","0","0","0","1","0","0","","0","0","0","12","1","1","N","0","2","40 01:09.933","5","0","75 12:39.009","3","0","0","0","67301","0","0","0","N","0","0","0","1","67301","0","","6.0","1300.0","1","N","N","N","0","","1","0","0","0","0","Y","1230","3","1","0","0","0","0","0","2","0","3","0","0","0","3","","","N","","","","","","","","","",""
"2021117490","","1","0","0","0","0","0","0","0","0","1","0","","67","10","2021","5","39.945302","-75.229585","","6","0","0","0","0","0","1","0","0","","0","0","0","16","1","1","","1","0","39 56:43.086","","0","75 13:46.506","3","0","0","0","67301","0","0","0","N","0","0","0","2","00000","0","","1.0","","1","N","N","N","1","","1","0","0","3","2","","1652","2","1","0","0","0","0","0","2","0","2","0","0","0","3","","","N","","","","","","","","","",""
"2021086329","0005","2","0","0","0","0","0","0","0","0","5","0","","67","9","2021","2","40.056664","-75.184536","0000","6","0","0","0","0","0","0","0","0","","0","0","0","20","3","0","N","0","2","40 03:23.990","3","0","75 11:04.330","9","0","0","0","67301","0","0","0","N","0","0","0","1","67301","0","","6.0","224.0","1","N","N","N","0","","0","0","2","0","0","Y","2050","5","0","0","0","0","0","1","2","1","5","0","0","0","3","03","","N","","","","","","","","","",""
"2021124430","1435","3","0","0","0","0","0","0","0","0","4","0","","67","12","2021","5","39.951191","-75.232791","1435","6","0","0","0","0","0","0","0","0","","0","0","0","14","1","0","","1","0","39 57:04.287","","0","75 13:58.047","0","0","0","0","67301","0","0","0","N","0","0","0","3","67301","0","","1.0","","1","N","N","N","0","","0","0","0","3","2","","1428","3","0","3","0","0","0","0","2","0","3","0","0","0","3","03","","N","","","","","","","","","",""
"2021083057","2115","1","0","0","0","0","0","0","0","0","4","0","","67","9","2021","5","39.950768","-75.150361","2111","6","0","0","0","0","0","1","0","0","","0","0","0","20","3","1","","1","0","39 57:02.764","","0","75 09:01.299","8","0","0","0","67301","0","0","0","N","0","0","0","5","67301","0","","1.0","","1","N","N","N","0","","0","0","1","3","2","","2027","2","1","0","0","0","1","0","2","0","2","0","0","0","3","03","","N","","","","","","","","","",""
"2021128204","1123","1","0","0","0","0","0","0","0","0","1","0","","67","12","2021","4","39.971576","-75.193286","1107","6","0","0","0","0","0","2","0","0","","0","0","0","11","1","1","N","0","1","39 58:17.672","4","0","75 11:35.831","4","0","0","0","67301","0","0","0","N","0","0","0","4","68K01","1","","1.0","1300.0","1","N","N","N","1","","0","0","1","0","0","Y","1105","3","1","0","0","0","0","0","2","0","3","0","0","0","3","","","N","","","","","","","","","",""
"2021083514","1655","1","0","0","0","0","0","0","0","0","4","0","","67","9","2021","4","40.056475","-75.053401","1648","6","0","0","0","0","0","1","0","0","","0","0","0","16","1","1","","1","0","40 03:23.309","","0","75 03:12.243","3","0","0","0","67301","0","0","0","N","0","0","0","2","67301","0","","1.0","","8","N","N","N","0","","1","0","1","3","2","","1633","2","1","0","0","0","0","0","2","0","2","0","0","0","7","04","","N","","","","","","","","","",""
"2021126014","0011","1","0","0","0","0","0","0","0","0","5","0","","67","12","2021","6","40.006585","-75.074094","2358","6","0","0","0","0","1","1","0","0","","0","0","0","23","3","1","N","0","0","40 00:23.705","","0","75 04:26.738","3","0","0","0","67301","0","0","0","N","0","0","0","3","68K01","0","","1.0","","9","N","N","N","0","","1","0","1","0","0","","2356","2","1","1","0","0","0","1","2","0","2","0","0","0","7","07","","N","","","","","","","","","",""
"2021124085","0705","1","0","0","0","0","0","0","0","0","5","0","","67","12","2021","7","40.01491","-75.206729","0655","6","0","0","0","0","0","0","0","0","","0","0","0","6","5","0","N","0","1","40 00:53.677","2","0","75 12:24.223","0","0","0","0","67301","0","0","0","N","0","0","0","1","67301","0","","1.0","815.0","9","N","N","N","0","","0","0","0","0","0","N","630","2","0","0","0","0","0","0","2","0","2","0","0","0","7","","","N","","","","","","","","","",""
"2021083399","2107","4","0","0","0","0","0","0","0","0","4","0","","67","8","2021","2","39.961968","-75.200119","2107","6","0","0","0","0","0","0","0","0","","0","0","0","21","3","1","","5","0","39 57:43.083","","0","75 12:00.429","3","0","0","0","67301","0","0","0","N","0","0","0","1","67301","0","","1.0","","1","N","N","N","0","","1","0","2","3","2","","2106","6","1","0","0","0","0","0","2","0","6","0","0","0","3","03","","N","","","","","","","","","",""
"2021083828","0940","2","0","0","0","0","0","0","0","0","4","0","","67","9","2021","2","39.944194","-75.142195","0930","6","0","0","0","0","0","0","0","1","","0","0","0","9","1","1","","2","0","39 56:39.099","","0","75 08:31.902","3","0","0","0","67301","0","0","0","N","0","0","0","4","67301","0","","1.0","","1","N","N","N","0","","1","0","0","3","2","","920","2","1","0","0","0","0","0","2","0","2","0","0","0","3","03","","N","","","","","","","","","",""