"CRN","ARRIVAL_TM","AUTOMOBILE_COUNT","BELTED_DEATH_COUNT","BELTED_SUSP_SERIOUS_INJ_COUNT","BICYCLE_COUNT","BICYCLE_DEATH_COUNT","BICYCLE_SUSP_SERIOUS_INJ_COUNT","BUS_COUNT","CHLDPAS_DEATH_COUNT","CHLDPAS_SUSP_SERIOUS_INJ_COUNT","COLLISION_TYPE","COMM_VEH_COUNT","CONS_ZONE_SPD_LIM","COUNTY","CRASH_MONTH","CRASH_YEAR","DAY_OF_WEEK","DEC_LATITUDE","DEC_LONGITUDE","DISPATCH_TM","DISTRICT","DRIVER_COUNT_16YR","DRIVER_COUNT_17YR","DRIVER_COUNT_18YR","DRIVER_COUNT_19YR","DRIVER_COUNT_20YR","DRIVER_COUNT_50_64YR","DRIVER_COUNT_65_74YR","DRIVER_COUNT_75PLUS","EST_HRS_CLOSED","FATAL_COUNT","HEAVY_TRUCK_COUNT","HORSE_BUGGY_COUNT","HOUR_OF_DAY","ILLUMINATION","INJURY_COUNT","INTERSECTION_RELATED","INTERSECT_TYPE","LANE_CLOSED","LATITUDE","LN_CLOSE_DIR","LOCATION_TYPE","LONGITUDE","MAX_SEVERITY_LEVEL","MCYCLE_DEATH_COUNT","MCYCLE_SUSP_SERIOUS_INJ_COUNT","MOTORCYCLE_COUNT","MUNICIPALITY","NONMOTR_COUNT","NONMOTR_DEATH_COUNT","NONMOTR_SUSP_SERIOUS_INJ_COUNT","NTFY_HIWY_MAINT","PED_COUNT","PED_DEATH_COUNT","PED_SUSP_SERIOUS_INJ_COUNT","PERSON_COUNT","POLICE_AGCY","POSSIBLE_INJ_COUNT","RDWY_SURF_TYPE_CD","RELATION_TO_ROAD","ROADWAY_CLEARED","ROAD_CONDITION","SCH_BUS_IND","SCH_ZONE_IND","SECONDARY_CRASH","SMALL_TRUCK_COUNT","SPEC_JURIS_CD","SUSP_MINOR_INJ_COUNT","SUSP_SERIOUS_INJ_COUNT","SUV_COUNT","TCD_FUNC_CD","TCD_TYPE","TFC_DETOUR_IND","TIME_OF_DAY","TOTAL_UNITS","TOT_INJ_COUNT","UNBELTED_OCC_COUNT","UNB_DEATH_COUNT","UNB_SUSP_SERIOUS_INJ_COUNT","UNK_INJ_DEG_COUNT","UNK_INJ_PER_COUNT","URBAN_RURAL","VAN_COUNT","VEHICLE_COUNT","VULNERABLE_ROAD_USER_COUNT","VULNERABLE_ROAD_USER_DEATH_COUNT","VULNERABLE_ROAD_USER_SER_INJ_COUNT","WEATHER1","WEATHER2","WORKERS_PRES","WORK_ZONE_IND","WORK_ZONE_LOC","WORK_ZONE_TYPE","WZ_CLOSE_DETOUR","WZ_FLAGGER","WZ_LAW_OFFCR_IND","WZ_LN_CLOSURE","WZ_MOVING","WZ_OTHER","WZ_SHLDER_MDN","WZ_WORKERS_INJ_KILLED"
"2021124139","1620","1","0","0","0","0","0","0","0","0","7","0","","67","12","2021","7","40.060703","-75.054156","1616","6","0","0","0","0","0","0","0","0","","0","0","0","16","4","1","","1","0","40 03:38.529","","0","75 03:14.962","8","0","0","0","67301","0","0","0","N","0","0","0","1","67301","0","","5.0","","9","N","N","N","0","","0","0","0","0","0","","1603","1","1","0","0","0","1","0","2","0","1","0","0","0","7","04","","N","","","","","","","","","",""
"2021088280","1316","1","0","0","0","0","0","0","0","0","4","0","","67","9","2021","5","39.96674","-75.178809","1314","6","0","0","0","0","0","0","1","0","","0","0","0","13","1","0","","1","0","39 58:00.264","","0","75 10:43.713","0","0","0","0","67301","0","0","0","N","0","0","0","2","67301","0","","1.0","","1","N","N","N","0","","0","0","1","3","2","","1300","2","0","0","0","0","0","0","2","0","2","0","0","0","3","03","","N","","","","","","","","","",""
"2021085680","2152","0","0","0","0","0","0","0","0","0","1","0","","67","9","2021","1","40.036508","-75.058483","2148","6","0","0","0","0","0","0","0","0","","0","0","0","21","3","0","N","0","1","40 02:11.430","6","0","75 03:30.540","9","0","0","0","67301","0","0","0","N","0","0","0","1","67301","0","","6.0","100.0","9","N","N","N","1","","0","0","4","0","0","Y","2147","6","0","0","0","0","0","1","2","1","6","0","0","0","7","07","","N","","","","","","","","","",""
"2021126230","1834","1","0","0","0","0","0","0","0","0","1","0","","67","12","2021","2","39.965121","-75.185689","1814","6","0","0","0","0","0","1","0","0","","0","0","0","18","3","2","N","0","1","39 57:54.434","3","0","75 11:08.482","3","0","0","0","67301","0","0","0","N","0","0","0","2","68K01","1","","1.0","1845.0","1","N","N","N","0","","1","0","1","0","0","N","1809","2","2","1","0","0","0","0","2","0","2","0","0","0","3","","","N","","","","","","","","","",""
"2021083491","1712","0","0","0","0","0","0","0","0","0","8","0","","67","9","2021","4","40.016855","-75.149585","1707","6","0","0","0","0","0","0","0","0","","0","0","0","19","3","1","","1","0","40 01:00.679","","0","75 08:58.505","3","0","0","0","67301","1","0","0","N","1","0","0","2","67301","0","","1.0","","9","N","N","N","0","","1","0","0","3","2","","1900","2","1","0","0","0","0","0","2","0","1","1","0","0","7","04","","N","","","","","","","","","",""
"2021080760","1405","0","0","0","0","0","0","0","0","0","4","0","","67","8","2021","6","39.982208","-75.185206","1403","6","0","0","0","0","0","1","0","0","","0","0","0","13","1","0","N","0","0","39 58:55.948","","3","75 11:06.741","0","0","0","0","67301","0","0","0","N","0","0","0","3","67301","0","","1.0","","9","N","N","N","0","","0","0","1","0","0","","1350","2","0","0","0","0","0","0","2","1","2","0","0","0","7","07","","N","","","","","","","","","",""
"2021081356","2201","1","0","0","0","0","0","0","0","0","5","0","","67","8","2021","1","40.008943","-75.151198","2151","6","0","0","0","0","0","0","0","0","","0","0","0","21","3","1","N","0","0","40 00:32.196","","0","75 09:04.314","3","0","0","0","67301","0","0","0","N","0","0","0","2","67301","0","","1.0","","1","N","N","N","1","","1","0","0","0","0","","2131","2","1","0","0","0","0","0","2","0","2","0","0","0","3","03","","N","","","","","","","","","",""
"2021085181","1726","2","0","0","0","0","0","0","0","0","4","0","","67","8","2021","3","39.97143","-75.158809","1723","6","0","0","0","0","0","0","0","0","","0","0","0","17","1","1","N","0","0","39 58:17.148","","7","75 09:31.712","4","0","0","0","67301","0","0","0","N","0","0","0","2","67301","1","","1.0","","1","N","N","N","0","","0","0","0","0","0","","1723","2","1","0","0","0","0","0","2","0","2","0","0","0","3","03","","N","","","","","","","","","",""
"2021086691","0600","0","0","0","0","0","0","1","0","0","8","1","","67","9","2021","4","39.968117","-75.225136","0545","6","0","0","0","0","0","0","0","0","","0","0","0","5","3","1","","1","0","39 58:05.221","","0","75 13:30.489","8","0","0","0","67301","1","0","0","N","0","0","0","2","67508","0","","1.0","","1","N","N","Y","0","","0","0","0","3","2","","545","2","1","0","0","0","1","0","2","0","1","1","0","0","7","07","","N","","","","","","","","","",""
"2021085751","1403","1","0","0","0","0","0","0","0","0","4","0","","67","9","2021","7","40.057322","-75.076779","1402","6","0","0","0","0","0","0","0","0","","0","0","0","13","1","2","","1","0","40 03:26.360","","0","75 04:36.403","3","0","0","0","67301","0","0","0","N","0","0","0","3","67301","0","","1.0","","1","N","N","N","0","","2","0","1","3","2","","1355","2","2","0","0","0","0","0","2","0","2","0","0","0","3","","","N","","","","","","","","","",""
"2021088014","1200","0","0","0","0","0","0","0","0","0","4","0","","67","9","2021","7","40.066559","-75.158674","1155","6","0","0","0","0","0","1","1","0","","0","0","0","11","1","2","","2","0","40 03:59.612","","0","75 09:31.227","3","0","0","0","67301","0","0","0","N","0","0","0","3","67301","0","","1.0","","1","N","N","N","0","","2","0","2","3","3","","1134","2","2","0","0","0","0","0","2","0","2","0","0","0","3","98","","N","","","","","","","","","",""
"2021125235","0124","1","0","0","0","0","0","0","0","0","2","0","","67","12","2021","3","39.993622","-75.174525","0118","6","0","0","0","0","0","0","0","0","","0","0","0","0","3","0","N","0","0","39 59:37.040","","0","75 10:28.290","9","0","0","0","67301","0","0","0","N","0","0","0","2","67301","0","","1.0","","1","N","N","N","0","","0","0","0","9","3","","40","2","0","0","0","0","0","2","2","0","2","0","0","0","3","03","","N","","","","","","","","","",""
"2021091176","0301","2","0","0","0","0","0","0","0","0","5","0","","67","8","2021","2","39.998757","-75.195461","0250","6","0","0","0","0","0","0","0","0","","0","0","0","2","3","1","N","0","2","39 59:55.525","4","0","75 11:43.661","3","0","0","0","67301","0","0","0","N","0","0","0","2","68K01","0","","1.0","45.0","1","N","N","N","0","","1","0","0","0","0","Y","246","2","1","0","0","0","0","0","2","0","2","0","0","0","3","03","","N","","","","","","","","","",""
"2021124023","1740","3","0","0","0","0","0","0","0","0","4","0","","67","12","2021","3","39.947194","-75.234239","1740","6","0","0","0","0","0","0","0","0","","0","0","0","15","1","1","N","0","0","39 56:49.900","","0","75 14:03.261","3","0","0","0","67301","0","0","0","N","0","0","0","5","67301","0","","1.0","","1","N","N","Y","0","","1","0","0","0","0","","1539","3","1","1","0","0","0","0","2","0","3","0","0","0","3","","","N","","","","","","","","","",""
"2021126082","1120","1","0","0","0","0","0","0","0","0","6","0","","67","12","2021","1","40.027058","-75.059128","1108","6","0","0","0","0","0","0","0","0","","0","0","0","10","8","1","N","0","0","40 01:37.410","","0","75 03:32.860","3","0","0","0","67301","0","0","0","N","0","0","0","1","67301","0","","5.0","","1","N","N","N","0","","1","0","1","0","0","","1059","2","1","0","0","0","0","0","2","0","2","0","0","0","3","03","","N","","","","","","","","","",""
"2021126212","0343","1","0","0","0","0","0","0","0","0","7","0","","67","12","2021","7","39.960452","-75.181239","0343","6","0","0","0","0","0","0","0","0","","0","0","0","3","3","0","N","7","1","39 57:37.626","4","0","75 10:52.459","0","0","0","0","67301","0","0","0","N","0","0","0","1","68K01","0","","2.0","357.0","9","N","N","N","0","","0","0","0","0","0","N","343","1","0","0","0","0","0","0","2","0","1","0","0","0","7","","","N","","","","","","","","","",""
"2021081794","0151","1","0","0","0","0","0","0","0","0","5","0","","67","8","2021","3","39.969061","-75.163155","0148","6","0","0","0","0","0","0","0","0","","0","0","0","1","3","0","N","0","0","39 58:08.619","","0","75 09:47.357","0","0","0","0","67301","0","0","0","N","0","0","0","1","67301","0","","6.0","","99","N","N","N","0","","0","0","1","0","0","","140","2","0","0","0","0","0","0","2","0","2","0","0","0","3","03","","N","","","","","","","","","",""
"2021083554","1505","1","0","0","0","0","0","0","0","0","8","0","","67","9","2021","5","39.97875","-75.169599","1500","6","0","0","0","0","0","0","0","0","","0","0","0","11","1","1","N","1","0","39 58:43.499","","0","75 10:10.556","3","0","0","0","67301","1","0","0","N","1","0","0","2","67301","0","","1.0","","1","N","N","N","0","","1","0","0","3","3","","1130","2","1","0","0","0","0","0","2","0","1","1","0","0","3","03","","N","","","","","","","","","",""
"2021125621","1844","1","0","0","0","0","0","0","0","0","7","0","","67","12","2021","7","40.032796","-75.020945","1826","6","0","0","0","0","0","0","0","0","","0","0","0","18","3","0","N","0","1","40 01:58.066","2","0","75 01:15.402","0","0","0","0","67301","0","0","0","N","0","0","0","1","68K01","0","","4.0","1915.0","9","N","N","N","0","","0","0","0","0","0","N","1823","1","0","0","0","0","0","0","2","0","1","0","0","0","7","07","","N","","","","","","","","","",""
"2021085712","0228","1","0","0","0","0","0","0","0","0","7","0","","67","9","2021","7","39.956748","-75.138605","0228","6","0","0","0","0","0","0","0","0","","0","0","0","2","3","1","","2","0","39 57:24.293","","0","75 08:18.977","3","0","0","0","67301","0","0","0","N","0","0","0","2","67301","0","","5.0","","1","N","N","N","0","","1","0","0","3","2","","220","1","1","1","0","0","0","0","2","0","1","0","0","0","3","04","","N","","","","","","","","","",""
"2021125896","1549","0","0","0","0","0","0","0","0","0","7","0","","67","12","2021","4","39.884646","-75.244127","1526","6","0","0","0","0","0","1","0","0","","0","0","0","15","1","1","N","0","1","39 53:04.725","2","0","75 14:38.856","8","0","0","0","67301","0","0","0","Y","0","0","0","1","68K01","0","","3.0","1625.0","1","N","N","N","0","","0","0","0","0","0","N","1524","1","1","0","0","0","1","0","2","1","1","0","0","0","3","03","","N","","","","","","","","","",""
"2021083691","1157","1","0","0","0","0","0","0","0","0","4","0","","67","8","2021","3","39.922406","-75.223162","1157","6","0","0","0","0","0","2","0","0","","0","0","0","11","1","1","","1","0","39 55:20.661","","0","75 13:23.382","4","0","0","0","67301","0","0","0","N","0","0","0","3","67301","1","","1.0","","1","N","N","N","0","","0","0","1","3","2","","1134","2","1","0","0","0","0","1","2","0","2","0","0","0","3","03","","N","","","","","","","","","",""
"2021085681","2159","0","0","0","0","0","0","0","0","0","7","0","","67","9","2021","5","40.021228","-75.079622","2158","6","0","0","0","0","0","0","0","0","","0","0","0","21","3","1","N","0","0","40 01:16.419","","1","75 04:46.640","3","0","0","0","67301","0","0","0","N","0","0","0","1","67301","0","","4.0","","1","N","N","N","0","","1","0","1","0","0","","2157","1","1","0","0","0","0","0","2","0","1","0","0","0","3","03","","N","","","","","","","","","",""
"2021125867","1454","1","0","0","0","0","0","0","0","0","2","0","","67","12","2021","4","40.007081","-75.199172","1447","6","0","0","0","0","0","1","0","0","","0","0","0","14","1","1","N","0","1","40 00:25.493","4","0","75 11:57.019","8","0","0","0","67301","0","0","0","N","0","0","0","1","68K01","0","","5.0","1515.0","1","N","N","N","0","","0","0","0","0","0","N","1443","1","1","1","0","0","1","0","2","0","1","0","0","0","3","03","","N","","","","","","","","","",""
"2021080746","0610","1","0","0","0","0","0","0","0","0","4","0","","67","8","2021","6","39.977241","-75.245968","0600","6","0","0","0","0","0","0","0","0","","0","0","0","5","3","0","N","0","0","39 58:38.068","","0","75 14:45.484","0","0","0","0","67301","0","0","0","N","0","0","0","1","67301","0","","6.0","","1","N","N","N","0","","0","0","1","0","0","","540","2","0","0","0","0","0","0","2","0","2","0","0","0","3","","","N","","","","","","","","","",""
"2021124636","1608","0","0","0","0","0","0","0","0","0","7","0","","67","12","2021","7","40.023617","-75.160514","1608","6","0","0","0","0","0","0","0","0","","0","0","0","15","1","0","N","0","9","40 01:25.020","","0","75 09:37.850","0","0","0","0","67301","0","0","0","N","0","0","0","2","67301","0","","4.0","","9","N","N","N","0","","0","0","1","0","0","U","1545","1","0","0","0","0","0","0","2","0","1","0","0","0","7","04","","N","","","","","","","","","",""
"2021083757","0450","1","0","0","0","0","0","0","0","0","5","0","","67","8","2021","3","39.9219","-75.182036","0443","6","0","0","0","0","0","0","0","0","","0","0","0","4","3","0","N","0","0","39 55:18.840","","0","75 10:55.330","0","0","0","0","67301","0","0","0","N","0","0","0","1","67301","0","","1.0","","1","N","N","Y","0","","0","0","2","0","0","","437","4","0","0","0","0","0","0","2","0","4","0","0","0","3","","","N","","","","","","","","","",""
"2021088775","0320","3","0","0","0","0","0","0","0","0","4","0","","67","8","2021","1","39.959174","-75.243377","0320","6","0","0","0","0","0","0","0","0","","0","0","0","3","3","0","","1","0","39 57:33.025","","0","75 14:36.157","0","0","0","0","67301","0","0","0","N","0","0","0","3","67301","0","","1.0","","1","N","N","N","0","","0","0","0","3","1","","320","3","0","3","0","0","0","0","2","0","3","0","0","0","3","03","","N","","","","","","","","","",""
"2021083238","0505","1","0","0","0","0","0","0","0","0","1","0","","67","9","2021","4","39.978329","-75.157875","0505","6","0","0","0","0","0","0","0","0","","0","0","0","5","3","0","N","0","0","39 58:41.984","","0","75 09:28.349","0","0","0","0","67301","0","0","0","N","0","0","0","1","67301","0","","6.0","","9","N","N","N","0","","0","0","0","0","0","","505","2","0","1","0","0","0","0","2","0","2","0","0","0","7","03","","N","","","","","","","","","",""
"2021081128","1639","1","0","0","0","0","0","0","0","0","6","0","","67","8","2021","7","40.054864","-75.186403","1638","6","0","0","0","0","0","1","0","0","","0","0","0","16","1","1","N","0","0","40 03:17.510","","0","75 11:11.050","8","0","0","0","67301","0","0","0","N","0","0","0","1","67301","0","","6.0","","9","N","N","N","0","","0","0","1","0","0","","1631","2","1","0","0","0","1","0","2","0","2","0","0","0","3","07","","N","","","","","","","","","",""
"2021087465","0140","4","0","0","0","0","0","0","0","0","2","0","","67","8","2021","3","39.992244","-75.117214","0127","6","0","0","0","0","0","0","0","0","","0","0","0","1","3","0","N","0","0","39 59:32.080","","0","75 07:01.970","0","0","0","0","67301","0","0","0","N","0","0","0","1","67301","0","","6.0","","1","N","N","N","1","","0","0","0","0","0","","112","6","0","0","0","0","0","0","2","1","6","0","0","0","3","03","","N","","","","","","","","","",""
"2021126130","0200","1","0","0","0","0","0","0","0","0","4","0","","67","12","2021","2","39.954523","-75.205823","0155","6","0","0","0","0","0","0","0","0","","0","0","0","1","3","0","N","0","0","39 57:16.282","","0","75 12:20.962","0","0","0","0","67301","0","0","0","N","0","0","0","1","67504","0","","6.0","","1","N","N","N","0","","0","0","1","0","0","","150","2","0","0","0","0","0","0","2","0","2","0","0","0","3","03","","N","","","","","","","","","",""
"2021083240","1730","1","0","0","0","0","0","0","0","0","5","0","","67","8","2021","3","39.984906","-75.13294","1730","6","0","0","0","0","0","0","0","0","","0","0","0","17","1","0","N","0","0","39 59:05.661","","0","75 07:58.583","0","0","0","0","67301","0","0","0","N","0","0","0","1","67301","0","","1.0","","1","N","N","N","0","","0","0","2","0","0","","1730","3","0","0","0","0","0","0","2","0","3","0","0","0","4","04","","N","","","","","","","","","",""
"2021082751","0310","0","0","0","0","0","0","0","0","0","0","0","","67","8","2021","7","39.947778","-75.227614","0304","6","0","0","0","0","0","0","0","0","","0","0","0","2","8","1","N","0","2","39 56:52.001","6","0","75 13:39.410","8","0","0","0","67301","0","0","0","N","0","0","0","2","67301","0","","1.0","500.0","9","N","N","N","0","","0","0","1","0","0","N","259","2","1","0","0","0","1","1","2","1","2","0","0","0","7","","","N","","","","","","","","","",""
"2021124762","0030","2","0","0","0","0","0","0","0","0","1","0","","67","12","2021","7","40.050225","-75.066973","0030","6","0","0","0","0","0","0","0","0","","0","0","0","23","3","0","N","0","0","40 03:00.811","","0","75 04:01.101","9","0","0","0","67301","0","0","0","N","0","0","0","5","67301","0","","1.0","","9","N","N","Y","0","","0","0","1","0","0","","2300","3","0","1","0","0","0","4","2","0","3","0","0","0","7","05","","N","","","","","","","","","",""
"2021128064","0217","0","0","0","0","0","0","0","0","0","8","0","","67","12","2021","4","40.006318","-75.08969","0212","6","0","0","0","0","0","0","0","0","","0","0","0","2","3","1","","1","2","40 00:22.743","5","0","75 05:22.883","3","0","0","0","67301","1","0","0","N","1","0","0","2","67301","0","","1.0","305.0","1","N","N","N","0","","1","0","0","0","0","Y","208","2","1","0","0","0","0","0","2","0","1","1","0","0","3","","","N","","","","","","","","","",""
"2021085682","1718","2","0","0","0","0","0","0","0","0","5","0","","67","9","2021","6","40.013742","-75.0928","1710","6","0","0","0","0","0","0","0","0","","0","0","0","17","1","1","N","0","2","40 00:49.470","7","0","75 05:34.080","3","0","0","0","67301","0","0","0","N","0","0","0","1","67301","0","","6.0","1755.0","1","N","N","N","0","","1","0","0","0","0","N","1709","3","1","0","0","0","0","0","2","1","3","0","0","0","3","","","N","","","","","","","","","",""
"2021086259","0000","0","0","0","0","0","0","0","0","0","4","0","","67","9","2021","7","40.036567","-75.137213","0245","6","0","0","0","0","0","0","0","0","","0","0","0","20","3","1","","1","0","40 02:11.641","","0","75 08:13.966","8","0","0","0","67301","0","0","0","N","0","0","0","2","67301","0","","1.0","","1","N","N","N","0","","0","0","2","3","3","","2050","2","1","0","0","0","1","0","2","0","2","0","0","0","3","03","","N","","","","","","","","","",""
"2021088083","1545","0","0","0","0","0","0","0","0","0","4","0","","67","8","2021","2","39.998137","-75.138861","1545","6","0","0","0","0","0","0","0","0","","0","0","0","15","1","3","","1","0","39 59:53.293","","0","75 08:19.899","3","0","0","0","67301","0","0","0","N","0","0","0","4","67301","0","","1.0","","1","N","N","N","0","","3","0","2","3","2","","1540","2","3","0","0","0","0","0","2","0","2","0","0","0","3","03","","N","","","","","","","","","",""
"2021128485","1903","1","0","0","0","0","0","0","0","0","8","0","","67","12","2021","4","40.048282","-75.065947","1859","6","0","0","0","0","0","1","0","0","","0","0","0","18","3","1","","1","0","40 02:53.815","","0","75 03:57.409","3","0","0","0","67301","1","0","0","N","1","0","0","2","67301","0","","1.0","","1","N","N","N","0","","1","0","0","9","3","","1852","2","1","0","0","0","0","0","2","0","1","1","0","0","3","","","N","","","","","","","","","",""
"2021124150","1145","2","0","0","0","0","0","0","0","0","1","0","","67","12","2021","2","39.945504","-75.190206","1145","6","0","0","0","0","0","0","0","0","","0","0","0","11","1","1","N","0","0","39 56:43.815","","0","75 11:24.740","4","0","0","0","67301","0","0","0","N","0","0","0","3","68K01","1","","1.0","","1","N","N","N","0","","0","0","0","0","0","","1145","2","1","0","0","0","0","0","2","0","2","0","0","0","3","","","N","","","","","","","","","",""
"2021083106","1305","4","0","0","0","0","0","0","0","0","4","0","","67","9","2021","5","39.984086","-75.160053","1305","6","0","0","0","0","1","0","1","0","","0","0","0","13","1","0","","1","0","39 59:02.710","","0","75 09:36.190","0","0","0","0","67301","0","0","0","N","0","0","0","2","67301","0","","1.0","","1","N","N","N","0","","0","0","2","3","3","","1300","6","0","2","0","0","0","0","2","0","6","0","0","0","3","03","","N","","","","","","","","","",""
"2021088087","2158","2","0","0","0","0","0","0","0","0","4","0","","67","8","2021","2","40.014518","-75.131119","2158","6","0","0","0","1","0","0","0","0","","0","0","0","21","4","2","","1","0","40 00:52.264","","0","75 07:52.028","3","0","0","0","67301","0","0","0","N","0","0","0","2","67301","0","","1.0","","1","N","N","N","0","","2","0","1","3","1","","2100","3","2","0","0","0","0","0","2","0","3","0","0","0","3","04","","N","","","","","","","","","",""
"2021083233","1427","1","0","0","0","0","0","0","0","0","0","0","","67","9","2021","6","39.90825","-75.147278","1423","6","0","0","0","0","0","0","0","0","","0","0","0","12","1","0","N","0","2","39 54:29.700","3","3","75 08:50.200","0","0","0","0","67301","0","0","0","N","0","0","0","1","67501","0","","1.0","1530.0","1","N","N","N","0","","0","0","0","3","8","N","1224","1","0","0","0","0","0","0","2","0","1","0","0","0","3","","","N","","","","","","","","","",""
"2021123835","1354","0","0","0","0","0","0","0","0","0","8","0","","67","12","2021","6","39.985553","-75.131997","1352","6","0","0","0","0","0","0","0","0","","0","0","0","13","1","1","N","0","0","39 59:07.990","","0","75 07:55.190","3","0","0","0","67301","1","0","0","N","1","0","0","2","67301","0","","1.0","","1","N","N","N","1","","1","0","0","0","0","","1350","2","1","0","0","0","0","0","2","0","1","1","0","0","3","03","","N","","","","","","","","","",""
"2021119773","","1","0","0","0","0","0","0","0","0","1","0","","67","8","2021","1","40.00967","-75.154472","","6","0","0","0","0","0","0","0","0","","0","0","0","0","3","1","","1","0","40 00:34.811","","0","75 09:16.100","8","0","0","0","67301","0","0","0","N","0","0","0","2","00000","0","","1.0","","1","N","N","N","0","","0","0","0","3","2","","55","2","1","0","0","0","1","0","2","0","2","0","0","0","3","","","N","","","","","","","","","",""
"2021127452","2158","1","0","0","0","0","0","0","0","0","4","0","","67","12","2021","2","40.000948","-75.166947","2151","6","0","0","0","0","0","0","0","0","","0","0","0","21","6","1","","5","0","40 00:03.412","","0","75 10:01.009","8","0","0","0","67301","0","0","0","N","0","0","0","2","67301","0","","1.0","","1","N","N","N","0","","0","0","1","3","3","","2140","2","1","0","0","0","1","1","2","0","2","0","0","0","3","","","N","","","","","","","","","",""
"2021125149","0935","1","0","0","0","0","0","0","0","0","7","0","","67","12","2021","7","40.030927","-75.021785","0935","6","0","0","0","0","0","0","0","0","","0","0","0","9","1","0","N","0","1","40 01:51.336","2","0","75 01:18.427","0","0","0","0","67301","0","0","0","N","0","0","0","1","68K01","0","","4.0","1015.0","9","N","N","N","0","","0","0","0","0","0","N","926","1","0","0","0","0","0","0","2","0","1","0","0","0","7","07","","N","","","","","","","","","",""
"2021085208","1318","1","0","0","0","0","0","0","0","0","1","0","","67","9","2021","2","40.047122","-75.097998","1301","6","0","0","0","0","0","0","0","0","","0","0","0","12","1","1","","1","0","40 02:49.639","","0","75 05:52.794","4","0","0","0","67301","0","0","0","N","0","0","0","5","67301","1","","1.0","","1","N","N","N","0","","0","0","1","3","2","","1243","3","1","0","0","0","0","1","2","1","3","0","0","0","3","03","","N","","","","","","","","","",""
"2021124994","0444","0","0","0","0","0","0","0","0","0","8","0","","67","12","2021","7","39.980327","-75.172088","0441","6","0","0","0","0","0","0","0","0","","1","0","0","4","3","0","N","0","0","39 58:49.176","","0","75 10:19.515","1","0","0","0","67301","1","1","0","N","1","1","0","2","67301","0","2","1.0","","99","N","N","N","0","0","0","0","1","0","0","","435","2","0","0","0","0","0","0","2","0","1","1","1","0","3","03","","N","","","","","","","","","",""
"2021127978","1734","0","0","0","0","0","0","0","0","0","1","0","","67","12","2021","1","39.957376","-75.158121","1731","6","0","0","0","0","0","0","0","0","","0","0","0","17","3","0","N","0","1","39 57:26.552","4","0","75 09:29.235","0","0","0","0","67301","0","0","0","N","0","0","0","4","68K01","0","","1.0","1846.0","1","N","N","N","0","","0","0","2","0","0","N","1731","2","0","0","0","0","0","0","2","0","2","0","0","0","3","","","N","","","","","","","","","",""
"2021097443","2307","1","0","0","0","0","0","0","0","0","5","0","","67","9","2021","1","40.051429","-74.989439","2248","6","0","0","0","0","0","1","0","0","","0","0","0","22","3","0","N","0","1","40 03:05.144","1","0","74 59:21.980","0","0","0","0","67301","0","0","0","N","0","0","0","4","68K01","0","","1.0","2347.0","1","N","N","N","0","","0","0","1","0","0","N","2245","2","0","0","0","0","0","0","2","0","2","0","0","0","3","","","N","","","","","","","","","",""
"2021085240","0326","0","0","0","0","0","0","0","0","0","1","0","","67","8","2021","2","39.995595","-75.197409","0324","6","0","0","0","0","0","0","0","0","","0","0","0","3","3","0","N","0","0","39 59:44.143","","0","75 11:50.673","0","0","0","0","67301","0","0","0","N","0","0","0","2","68K01","0","","1.0","","1","N","N","N","0","","0","0","2","0","0","","324","2","0","0","0","0","0","0","2","0","2","0","0","0","3","03","","N","","","","","","","","","",""
"2021084724","1245","0","0","0","0","0","0","0","0","0","4","0","","67","8","2021","3","39.935391","-75.196747","1245","6","0","0","0","0","0","0","1","0","","0","0","0","12","1","1","","1","0","39 56:07.409","","0","75 11:48.290","3","0","0","0","67301","0","0","0","N","0","0","0","2","67301","0","","1.0","","1","N","N","N","0","","1","0","1","3","3","","1230","2","1","0","0","0","0","0","2","1","2","0","0","0","3","03","","N","","","","","","","","","",""
"2021123480","2315","1","0","0","0","0","0","0","0","0","4","1","","67","12","2021","5","39.910347","-75.150855","2310","6","0","0","0","0","0","0","0","0","","0","1","0","22","3","0","","1","0","39 54:37.249","","2","75 09:03.078","0","0","0","0","67301","0","0","0","N","0","0","0","2","67301","0","","1.0","","1","N","N","N","0","","0","0","0","3","2","","2232","2","0","0","0","0","0","0","2","0","2","0","0","0","3","03","","N","","","","","","","","","",""
"2021080718","0052","2","0","0","0","0","0","0","0","0","1","0","","67","8","2021","7","39.955268","-75.147718","0052","6","0","0","0","1","0","0","0","0","","0","0","0","0","3","0","N","0","1","39 57:18.966","4","2","75 08:51.784","0","0","0","0","67301","0","0","0","N","0","0","0","3","67501","0","","1.0","128.0","1","N","N","N","0","","0","0","0","0","0","N","52","2","0","0","0","0","0","0","2","0","2","0","0","0","3","03","","N","","","","","","","","","",""
"2021084320","0530","2","0","0","0","0","0","0","0","0","1","0","","67","9","2021","4","40.004915","-75.152074","0525","6","0","0","0","0","0","0","0","0","","0","0","0","5","3","0","N","0","1","40 00:17.694","1","0","75 09:07.467","0","0","0","0","67301","0","0","0","N","0","0","0","1","67505","0","","6.0","630.0","1","N","N","N","0","","0","0","2","0","0","N","520","4","0","0","0","0","0","0","2","0","4","0","0","0","3","","","N","","","","","","","","","",""