"CRN","ARRIVAL_TM","AUTOMOBILE_COUNT","BELTED_DEATH_COUNT","BELTED_SUSP_SERIOUS_INJ_COUNT","BICYCLE_COUNT","BICYCLE_DEATH_COUNT","BICYCLE_SUSP_SERIOUS_INJ_COUNT","BUS_COUNT","CHLDPAS_DEATH_COUNT","CHLDPAS_SUSP_SERIOUS_INJ_COUNT","COLLISION_TYPE","COMM_VEH_COUNT","CONS_ZONE_SPD_LIM","COUNTY","CRASH_MONTH","CRASH_YEAR","DAY_OF_WEEK","DEC_LATITUDE","DEC_LONGITUDE","DISPATCH_TM","DISTRICT","DRIVER_COUNT_16YR","DRIVER_COUNT_17YR","DRIVER_COUNT_18YR","DRIVER_COUNT_19YR","DRIVER_COUNT_20YR","DRIVER_COUNT_50_64YR","DRIVER_COUNT_65_74YR","DRIVER_COUNT_75PLUS","EST_HRS_CLOSED","FATAL_COUNT","HEAVY_TRUCK_COUNT","HORSE_BUGGY_COUNT","HOUR_OF_DAY","ILLUMINATION","INJURY_COUNT","INTERSECTION_RELATED","INTERSECT_TYPE","LANE_CLOSED","LATITUDE","LN_CLOSE_DIR","LOCATION_TYPE","LONGITUDE","MAX_SEVERITY_LEVEL","MCYCLE_DEATH_COUNT","MCYCLE_SUSP_SERIOUS_INJ_COUNT","MOTORCYCLE_COUNT","MUNICIPALITY","NONMOTR_COUNT","NONMOTR_DEATH_COUNT","NONMOTR_SUSP_SERIOUS_INJ_COUNT","NTFY_HIWY_MAINT","PED_COUNT","PED_DEATH_COUNT","PED_SUSP_SERIOUS_INJ_COUNT","PERSON_COUNT","POLICE_AGCY","POSSIBLE_INJ_COUNT","RDWY_SURF_TYPE_CD","RELATION_TO_ROAD","ROADWAY_CLEARED","ROAD_CONDITION","SCH_BUS_IND","SCH_ZONE_IND","SECONDARY_CRASH","SMALL_TRUCK_COUNT","SPEC_JURIS_CD","SUSP_MINOR_INJ_COUNT","SUSP_SERIOUS_INJ_COUNT","SUV_COUNT","TCD_FUNC_CD","TCD_TYPE","TFC_DETOUR_IND","TIME_OF_DAY","TOTAL_UNITS","TOT_INJ_COUNT","UNBELTED_OCC_COUNT","UNB_DEATH_COUNT","UNB_SUSP_SERIOUS_INJ_COUNT","UNK_INJ_DEG_COUNT","UNK_INJ_PER_COUNT","URBAN_RURAL","VAN_COUNT","VEHICLE_COUNT","VULNERABLE_ROAD_USER_COUNT","VULNERABLE_ROAD_USER_DEATH_COUNT","VULNERABLE_ROAD_USER_SER_INJ_COUNT","WEATHER1","WEATHER2","WORKERS_PRES","WORK_ZONE_IND","WORK_ZONE_LOC","WORK_ZONE_TYPE","WZ_CLOSE_DETOUR","WZ_FLAGGER","WZ_LAW_OFFCR_IND","WZ_LN_CLOSURE","WZ_MOVING","WZ_OTHER","WZ_SHLDER_MDN","WZ_WORKERS_INJ_KILLED"
"2021126898","2145","2","0","0","0","0","0","0","0","0","5","0","","67","12","2021","5","40.098492","-74.985497","2141","6","0","0","0","0","0","1","0","0","","1","0","0","21","3","0","N","0","2","40 05:54.572","4","0","74 59:07.790","1","0","0","0","67301","0","0","0","N","0","0","0","2","67301","0","2","1.0","1200.0","1","N","N","N","0","0","0","0","0","0","0","Y","2140","2","0","0","0","0","0","0","2","0","2","0","0","0","3","03","","N","","","","","","","","","",""
"2021083505","1815","2","0","0","0","0","0","0","0","0","4","0","","67","9","2021","4","39.971605","-75.242819","1804","6","0","0","0","0","0","1","0","0","","0","0","0","18","4","0","","1","0","39 58:17.779","","0","75 14:34.148","0","0","0","0","67301","0","0","0","N","0","0","0","2","67301","0","","1.0","","9","N","N","N","0","","0","0","2","3","2","","1800","4","0","1","0","0","0","0","2","0","4","0","0","0","7","07","","N","","","","","","","","","",""
"2021081474","1320","1","0","0","0","0","0","0","0","0","4","0","","67","8","2021","2","39.984849","-75.237235","1316","6","0","0","0","0","0","0","1","0","","0","0","0","13","1","1","","5","0","39 59:05.457","","0","75 14:14.047","3","0","0","0","67301","0","0","0","N","0","0","0","2","67301","0","","1.0","","1","N","N","N","0","","1","0","0","3","2","","1315","2","1","0","0","0","0","0","2","0","2","0","0","0","3","","","N","","","","","","","","","",""
"2021081797","2332","2","0","0","0","0","0","0","0","0","4","0","","67","8","2021","2","40.031392","-75.152378","2326","6","0","0","0","0","0","0","0","0","","0","0","0","21","3","1","","1","0","40 01:53.011","","0","75 09:08.560","3","0","0","0","67301","0","0","0","N","0","0","0","3","67301","0","","1.0","","1","N","N","N","0","","1","0","0","3","2","","2147","2","1","0","0","0","0","0","2","0","2","0","0","0","3","03","","N","","","","","","","","","",""
"2021084271","0621","1","0","0","0","0","0","0","0","0","4","0","","67","9","2021","5","40.029857","-75.104305","0608","6","0","0","0","0","0","0","0","0","","0","0","0","6","1","1","","1","2","40 01:47.486","2","0","75 06:15.498","3","0","0","0","67301","0","0","0","N","0","0","0","4","67301","0","","1.0","730.0","1","N","N","N","0","","1","0","1","3","2","N","607","2","1","0","0","0","0","0","2","0","2","0","0","0","3","","","N","","","","","","","","","",""
"2021113663","1133","1","0","0","0","0","0","0","0","0","7","0","","67","9","2021","4","40.026444","-75.163533","1133","6","0","0","0","0","0","0","0","0","","0","0","0","11","1","1","N","0","1","40 01:35.200","5","0","75 09:48.720","3","0","0","0","67301","0","0","0","N","0","0","0","1","67301","0","","5.0","1150.0","1","N","N","N","0","","1","0","0","0","0","N","1133","1","1","0","0","0","0","0","2","0","1","0","0","0","4","","","N","","","","","","","","","",""
"2021082267","1137","2","0","0","0","0","0","0","0","0","4","0","","67","9","2021","4","39.978988","-75.160225","1136","6","0","0","0","0","0","1","0","0","","0","0","0","11","1","0","","1","0","39 58:44.355","","0","75 09:36.809","0","0","0","0","67301","0","0","0","N","0","0","0","3","67505","0","","1.0","","1","N","N","N","0","","0","0","0","3","3","","1135","2","0","0","0","0","0","0","2","0","2","0","0","0","3","04","","N","","","","","","","","","",""
"2021085902","1400","1","0","0","0","0","0","0","0","0","5","0","","67","8","2021","7","39.958921","-75.170159","1345","6","0","0","0","0","0","0","0","0","","0","0","0","13","1","0","N","0","2","39 57:32.115","4","0","75 10:12.574","0","0","0","0","67301","0","0","0","N","0","0","0","3","68K01","0","","1.0","1410.0","9","N","N","N","1","","0","0","1","0","0","N","1344","3","0","0","0","0","0","0","2","0","3","0","0","0","7","04","","N","","","","","","","","","",""
"2021126213","1823","2","0","0","0","0","0","0","0","0","1","0","","67","12","2021","7","39.995135","-75.198045","1807","6","0","0","0","0","0","0","0","0","","0","0","0","18","3","0","N","0","1","39 59:42.486","3","0","75 11:52.961","0","0","0","0","67301","0","0","0","N","0","0","0","1","68K01","0","","2.0","1845.0","1","N","N","N","0","","0","0","0","0","0","N","1804","2","0","0","0","0","0","0","2","0","2","0","0","0","3","","","N","","","","","","","","","",""
"2021083401","1000","2","0","0","0","0","0","0","0","0","4","0","","67","9","2021","4","39.976717","-75.238697","0957","6","0","0","0","0","0","0","0","0","","0","0","0","9","1","0","","2","0","39 58:36.181","","0","75 14:19.309","0","0","0","0","67301","0","0","0","N","0","0","0","1","67301","0","","1.0","","9","N","N","N","0","","0","0","1","3","3","","952","3","0","0","0","0","0","0","2","0","3","0","0","0","3","04","","N","","","","","","","","","",""
"2021087571","1950","1","0","0","0","0","0","0","0","0","4","0","","67","9","2021","4","39.954837","-75.227984","1945","6","0","0","0","0","0","1","0","0","","0","0","0","19","3","0","","1","0","39 57:17.413","","0","75 13:40.742","9","0","0","0","67301","0","0","0","N","0","0","0","2","67301","0","","1.0","","1","N","N","N","0","","0","0","0","3","2","","1945","2","0","0","0","0","0","1","2","1","2","0","0","0","3","03","","N","","","","","","","","","",""
"2021080957","1556","3","0","0","0","0","0","0","0","0","4","0","","67","8","2021","7","39.923905","-75.222104","1555","6","0","0","0","0","0","0","0","0","","0","0","0","15","1","0","","1","0","39 55:26.057","","0","75 13:19.574","0","0","0","0","67301","0","0","0","N","0","0","0","4","67301","0","","1.0","","9","N","N","N","0","","0","0","0","3","2","","1550","3","0","0","0","0","0","0","2","0","3","0","0","0","7","03","","N","","","","","","","","","",""
"2021123783","0219","2","0","0","0","0","0","0","0","0","1","0","","67","12","2021","7","39.927978","-75.172228","0219","6","0","0","0","0","0","0","0","0","","0","0","0","2","3","0","N","0","2","39 55:40.721","1","0","75 10:20.022","0","0","0","0","67301","0","0","0","N","0","0","0","1","67505","0","","1.0","330.0","1","N","N","N","0","","0","0","0","0","0","Y","219","2","0","1","0","0","0","0","2","0","2","0","0","0","3","","","N","","","","","","","","","",""
"2021125990","1620","1","0","0","0","0","0","0","0","0","8","0","","67","12","2021","7","40.087226","-75.041205","1616","6","0","0","0","0","0","0","0","0","","0","0","0","16","3","1","","1","1","40 05:14.015","3","0","75 02:28.339","2","0","0","0","67301","1","0","1","N","1","0","1","2","67301","0","","1.0","1740.0","1","N","N","N","0","","0","1","0","0","0","N","1603","2","1","0","0","0","0","0","2","0","1","1","0","1","3","","","N","","","","","","","","","",""
"2021081127","1332","2","0","0","0","0","0","0","0","0","4","0","","67","8","2021","7","40.048825","-75.166066","1325","6","0","0","0","0","1","0","0","0","","0","0","0","13","1","1","","1","0","40 02:55.770","","0","75 09:57.837","3","0","0","0","67301","0","0","0","N","0","0","0","2","67301","0","","1.0","","9","N","N","N","0","","1","0","0","3","3","","1308","2","1","0","0","0","0","0","2","0","2","0","0","0","7","04","","N","","","","","","","","","",""
"2021124634","2345","1","0","0","0","0","0","0","0","0","5","1","","67","12","2021","6","40.015917","-75.175447","2333","6","0","0","0","0","0","0","0","0","","0","1","0","21","3","1","N","0","2","40 00:57.300","1","0","75 10:31.610","8","0","0","0","67301","0","0","0","N","0","0","0","1","67301","0","","6.0","122.0","1","N","N","N","0","","0","0","0","0","0","Y","2136","2","1","1","0","0","1","0","2","0","2","0","0","0","3","03","","N","","","","","","","","","",""
"2021124433","1450","1","0","0","0","0","0","0","0","0","1","0","","67","12","2021","5","40.04274","-75.113559","1450","6","0","0","0","0","0","2","0","0","","0","0","0","6","1","1","","1","0","40 02:33.864","","0","75 06:48.811","4","0","0","0","67301","0","0","0","N","0","0","0","2","67301","1","","1.0","","99","N","N","N","0","","0","0","1","9","2","","634","2","1","2","0","0","0","1","2","0","2","0","0","0","99","","","N","","","","","","","","","",""
"2021117991","","1","0","0","0","0","0","0","0","0","4","0","","67","7","2021","5","39.929273","-75.242175","","6","0","0","0","0","0","0","0","0","","0","0","0","22","3","2","","2","0","39 55:45.381","","0","75 14:31.831","8","0","0","0","67301","0","0","0","N","0","0","0","3","00000","0","","1.0","","1","N","N","N","0","","0","0","1","3","3","","2230","2","2","0","0","0","2","0","2","0","2","0","0","0","3","","","N","","","","","","","","","",""
"2021124595","1650","1","0","0","0","0","0","0","0","0","8","0","","67","12","2021","1","40.059976","-75.133472","1647","6","0","0","0","0","0","0","0","0","","1","0","0","16","4","0","Y","0","2","40 03:35.915","4","0","75 08:00.499","1","0","0","0","67301","1","1","0","N","1","1","0","2","46102","0","2","1.0","1940.0","1","N","N","N","0","0","0","0","0","0","0","Y","1645","2","0","0","0","0","0","0","2","0","1","1","1","0","3","03","","N","","","","","","","","","",""
"2021126016","0835","0","0","0","0","0","0","0","0","0","5","1","","67","12","2021","7","39.983566","-75.208245","0829","6","0","0","0","0","0","0","1","0","","0","1","0","8","1","1","N","0","2","39 59:00.838","3","0","75 12:29.682","8","0","0","0","67301","0","0","0","N","0","0","0","2","68K01","0","","1.0","840.0","9","N","N","N","1","","0","0","0","0","0","N","827","2","1","0","0","0","1","0","2","0","2","0","0","0","4","","","N","","","","","","","","","",""
"2021081796","2200","2","0","0","0","0","0","0","0","0","4","0","","67","8","2021","2","40.044636","-75.145204","2154","6","0","0","0","0","0","0","0","1","","0","0","0","21","3","1","","2","0","40 02:40.689","","0","75 08:42.734","3","0","0","0","67301","0","0","0","N","0","0","0","2","67301","0","","1.0","","1","N","N","N","0","","1","0","0","3","3","","2145","2","1","0","0","0","0","0","2","0","2","0","0","0","3","","","N","","","","","","","","","",""
"2021083322","2022","1","0","0","0","0","0","0","0","0","5","0","","67","9","2021","5","40.078236","-74.990308","2019","6","0","0","0","0","0","0","0","0","","0","0","0","20","3","1","N","0","0","40 04:41.650","","0","74 59:25.110","3","0","0","0","67301","0","0","0","N","0","0","0","1","67301","0","","6.0","","1","N","N","N","0","","1","0","1","0","0","","2019","2","1","0","0","0","0","0","2","0","2","0","0","0","3","03","","N","","","","","","","","","",""
"2021083709","1856","2","0","0","0","0","0","0","0","0","4","0","","67","9","2021","6","39.941549","-75.238025","1854","6","0","0","0","0","0","0","0","0","","0","0","0","18","4","0","","2","0","39 56:29.575","","0","75 14:16.891","0","0","0","0","67301","0","0","0","N","0","0","0","2","67301","0","","1.0","","1","N","N","N","0","","0","0","0","3","3","","1846","2","0","0","0","0","0","0","2","0","2","0","0","0","3","98","","N","","","","","","","","","",""
"2021124194","0835","1","0","0","0","0","0","0","0","0","1","0","","67","12","2021","7","40.114045","-74.98789","0831","6","0","0","0","0","0","0","0","0","","0","0","0","8","5","2","N","0","1","40 06:50.563","1","0","74 59:16.405","3","0","0","0","67301","0","0","0","N","0","0","0","2","67301","0","","1.0","845.0","9","N","N","N","1","","1","0","0","9","2","N","825","2","2","0","0","0","1","0","2","0","2","0","0","0","7","05","","N","","","","","","","","","",""
"2021081795","0350","1","0","0","0","0","0","0","0","0","7","0","","67","8","2021","3","39.949006","-75.169292","0344","6","0","0","0","0","0","0","0","0","","0","0","0","3","3","0","N","0","0","39 56:56.420","","0","75 10:09.450","0","0","0","0","67301","0","0","0","N","0","0","0","1","67301","0","","1.0","","1","N","N","N","0","","0","0","0","0","0","","337","1","0","0","0","0","0","0","2","0","1","0","0","0","3","","","N","","","","","","","","","",""
"2021117357","","0","0","0","0","0","0","0","0","0","0","0","","67","8","2021","1","39.988278","-75.213861","","6","0","0","0","0","0","0","0","0","","0","0","0","20","4","1","N","0","0","39 59:17.800","","0","75 12:49.900","2","0","1","1","67301","0","0","0","N","0","0","0","1","00000","0","","1.0","","1","N","N","N","0","","0","1","0","0","0","","2015","2","1","0","0","0","0","0","2","0","1","0","0","0","3","","","N","","","","","","","","","",""
"2021081236","1920","2","0","0","0","0","0","0","0","0","4","0","","67","8","2021","1","40.025367","-75.036451","1913","6","0","0","0","0","0","0","0","0","","0","0","0","19","4","1","","2","1","40 01:31.321","3","0","75 02:11.225","3","0","0","0","67301","0","0","0","N","0","0","0","3","67301","0","","1.0","1955.0","1","N","N","N","0","","1","0","0","3","3","N","1906","2","1","1","0","0","0","0","2","0","2","0","0","0","4","","","N","","","","","","","","","",""
"2021125350","1420","0","0","0","0","0","0","1","0","0","4","2","","67","12","2021","5","39.922487","-75.155054","1350","6","0","0","0","0","0","0","0","0","","0","1","0","13","1","4","","1","2","39 55:20.952","1","0","75 09:18.195","3","0","0","0","67301","0","0","0","N","0","0","0","5","67508","3","","1.0","9999.0","1","N","N","Y","0","","1","0","0","3","2","Y","1350","2","4","0","0","0","0","0","2","0","2","0","0","0","3","03","","N","","","","","","","","","",""
"2021126214","1550","1","0","0","0","0","0","0","0","0","1","0","","67","12","2021","1","40.019783","-75.044991","1537","6","0","0","0","0","0","0","0","0","","0","0","0","15","1","1","N","0","0","40 01:11.219","","0","75 02:41.968","4","0","0","0","67301","0","0","0","N","0","0","0","2","68K01","1","","1.0","","1","N","N","N","0","","0","0","1","0","0","","1510","2","1","0","0","0","0","0","2","0","2","0","0","0","3","","","N","","","","","","","","","",""
"2021126220","1828","2","0","0","0","0","0","0","0","0","1","0","","67","12","2021","3","40.002346","-75.078323","1827","6","0","0","0","0","0","2","0","0","","0","0","0","18","3","1","N","0","1","40 00:08.446","2","0","75 04:41.964","4","0","0","0","67301","0","0","0","N","0","0","0","3","68K01","1","","1.0","2000.0","1","N","N","N","0","","0","0","0","0","0","N","1809","3","1","0","0","0","0","0","2","1","3","0","0","0","3","","","N","","","","","","","","","",""
"2021081719","1657","1","0","0","1","0","0","0","0","0","8","0","","67","8","2021","7","39.935575","-75.170583","1657","6","0","0","0","0","0","0","0","0","","0","0","0","17","1","1","N","0","0","39 56:08.070","","0","75 10:14.100","3","0","0","0","67301","1","0","0","N","0","0","0","2","67301","0","","1.0","","1","N","N","N","0","","1","0","0","0","0","","1740","2","1","1","0","0","0","0","2","0","1","1","0","0","3","","","N","","","","","","","","","",""
"2021081948","1840","3","0","0","0","0","0","0","0","0","4","0","","67","8","2021","2","39.922406","-75.223162","1834","6","0","0","0","0","0","1","0","0","","0","0","0","16","1","2","","1","0","39 55:20.661","","0","75 13:23.382","4","0","0","0","67301","0","0","0","N","0","0","0","3","67301","2","","1.0","","1","N","N","Y","0","","0","0","2","3","2","","1648","6","2","0","0","0","0","0","2","1","6","0","0","0","3","03","","N","","","","","","","","","",""
"2021124993","1440","0","0","0","1","0","1","0","0","0","8","1","","67","12","2021","1","39.949358","-75.170839","1423","6","0","0","0","0","0","1","0","0","","0","1","0","14","1","1","N","0","0","39 56:57.690","","0","75 10:15.020","2","0","0","0","67301","1","0","1","N","0","0","0","2","67301","0","","1.0","","1","N","N","N","0","","0","1","0","0","0","","1414","2","1","0","0","0","0","0","2","0","1","1","0","1","3","03","","N","","","","","","","","","",""
"2021083433","0043","1","0","0","0","0","0","0","0","0","1","0","","67","9","2021","1","40.038855","-75.185329","0037","6","0","0","0","0","0","0","0","0","","0","0","0","0","3","0","N","0","0","40 02:19.878","","0","75 11:07.186","0","0","0","0","67301","0","0","0","N","0","0","0","1","67301","0","","6.0","","1","N","N","N","0","","0","0","0","0","0","","25","2","0","0","0","0","0","0","2","1","2","0","0","0","3","03","","N","","","","","","","","","",""
"2021126176","1243","0","0","0","0","0","0","0","0","0","2","0","","67","12","2021","5","40.064628","-75.064467","1239","6","0","0","0","0","0","0","0","0","","0","0","0","12","1","2","N","0","2","40 03:52.660","5","0","75 03:52.080","3","0","0","0","67301","0","0","0","N","0","0","0","2","67301","1","","1.0","100.0","1","N","N","N","0","","1","0","2","0","0","Y","1235","2","2","0","0","0","0","0","2","0","2","0","0","0","3","03","","N","","","","","","","","","",""
"2021092948","1410","0","0","0","0","0","0","0","0","0","1","0","","67","8","2021","7","40.024052","-75.076845","1405","6","0","0","0","0","0","0","0","0","","0","0","0","14","1","2","","2","0","40 01:26.587","","0","75 04:36.643","3","0","0","0","67301","0","0","0","N","0","0","0","4","67301","0","","1.0","","9","N","N","N","0","","2","0","2","3","2","","1405","2","2","2","0","0","0","0","2","0","2","0","0","0","7","04","","N","","","","","","","","","",""
"2021081829","2035","1","0","0","1","0","0","0","0","0","8","0","","67","8","2021","1","39.962691","-75.174756","2029","6","0","0","0","0","0","1","0","0","","0","0","0","20","3","1","","1","0","39 57:45.688","","0","75 10:29.120","8","0","0","0","67301","1","0","0","N","0","0","0","2","67301","0","","1.0","","1","N","N","N","0","","0","0","0","3","2","","2025","2","1","0","0","0","1","0","2","0","1","1","0","0","3","","","N","","","","","","","","","",""
"2021124414","1210","1","0","0","0","0","0","0","0","0","8","0","","67","12","2021","6","39.967417","-75.2437","1207","6","0","0","0","0","0","0","0","0","","0","0","0","12","1","1","N","0","0","39 58:02.700","","0","75 14:37.320","3","0","0","0","67301","1","0","0","N","1","0","0","2","67301","0","","1.0","","1","N","N","N","0","","1","0","0","0","0","","1207","2","1","0","0","0","0","0","2","0","1","1","0","0","3","03","","N","","","","","","","","","",""
"2021083427","0027","0","0","0","0","0","0","0","0","0","4","0","","67","9","2021","5","40.030502","-75.114599","0022","6","0","0","0","0","0","0","0","0","","0","0","0","0","3","0","","2","0","40 01:49.807","","0","75 06:52.556","9","0","0","0","67301","0","0","0","N","0","0","0","3","67301","0","","1.0","","9","N","N","N","1","","0","0","3","3","3","","0","5","0","0","0","0","0","3","2","1","5","0","0","0","4","04","","N","","","","","","","","","",""
"2021082932","2334","1","0","0","0","0","0","0","0","0","5","0","","67","8","2021","1","40.025669","-75.121309","2256","6","0","0","0","0","0","0","0","0","","0","0","0","22","3","1","N","0","0","40 01:32.407","","0","75 07:16.713","3","0","0","0","67301","0","0","0","N","0","0","0","1","67301","0","","6.0","","1","N","N","N","1","","1","0","1","0","0","","2256","3","1","0","0","0","0","0","2","0","3","0","0","0","3","03","","N","","","","","","","","","",""
"2021118001","","2","0","0","0","0","0","0","0","0","1","0","","67","7","2021","3","39.956586","-75.152396","","6","0","0","0","0","0","1","0","0","","0","0","0","7","1","2","","5","0","39 57:23.708","","2","75 09:08.624","8","0","0","0","67301","0","0","0","N","0","0","0","3","00000","0","","1.0","","1","N","N","N","0","","0","0","0","3","2","","700","2","2","0","0","0","2","0","2","0","2","0","0","0","3","","","N","","","","","","","","","",""
"2021127491","0115","1","0","0","0","0","0","0","0","0","7","0","","67","12","2021","7","39.992126","-75.085595","0050","6","0","0","0","0","0","0","0","0","","0","0","0","0","3","0","N","0","0","39 59:31.655","","0","75 05:08.141","9","0","0","0","67301","0","0","0","Y","0","0","0","1","68K01","0","","4.0","","9","N","N","N","0","","0","0","0","0","0","","50","1","0","0","0","0","0","1","2","0","1","0","0","0","7","","","N","","","","","","","","","",""
"2021083159","1700","0","0","0","0","0","0","0","0","0","1","0","","67","8","2021","3","40.094472","-74.9585","1650","6","0","0","0","0","0","1","0","0","","0","0","0","16","1","1","","2","0","40 05:40.100","","0","74 57:30.600","4","0","0","0","67301","0","0","0","N","0","0","0","4","67301","1","","1.0","","1","N","N","N","0","","0","0","2","3","2","","1639","2","1","0","0","0","0","0","2","0","2","0","0","0","3","03","","N","","","","","","","","","",""
"2021083576","1550","2","0","0","0","0","0","0","0","0","4","0","","67","9","2021","6","40.058318","-75.078499","1546","6","0","0","0","0","0","0","0","0","","0","0","0","15","1","0","N","0","1","40 03:29.944","3","7","75 04:42.598","0","0","0","0","67301","0","0","0","N","0","0","0","3","67301","0","","1.0","1600.0","1","N","N","N","0","","0","0","0","0","0","N","1536","2","0","0","0","0","0","0","2","0","2","0","0","0","3","","","N","","","","","","","","","",""
"2021083584","1405","0","0","0","0","0","0","0","0","0","1","0","","67","9","2021","6","40.092811","-75.012903","1353","6","0","0","0","0","0","0","0","0","","0","0","0","13","1","0","N","0","1","40 05:34.120","4","7","75 00:46.450","9","0","0","0","67301","0","0","0","N","0","0","0","2","67301","0","","1.0","1429.0","1","N","N","N","0","","0","0","2","3","3","N","1338","2","0","0","0","0","0","1","2","0","2","0","0","0","3","","","N","","","","","","","","","",""
"2021124516","1220","1","0","0","0","0","0","0","0","0","4","0","","67","11","2021","7","40.001536","-75.104258","1220","6","0","0","0","0","0","0","0","0","","0","0","0","12","1","2","","1","0","40 00:05.531","","0","75 06:15.328","3","0","0","0","67301","0","0","0","N","0","0","0","3","67301","1","","1.0","","1","N","N","N","0","","1","0","1","3","2","","1215","2","2","0","0","0","0","0","2","0","2","0","0","0","3","03","","N","","","","","","","","","",""
"2021083903","2355","1","0","0","0","0","0","0","0","0","4","0","","67","8","2021","7","39.999027","-75.133244","2349","6","0","0","0","0","0","0","0","0","","0","0","0","23","3","1","","1","0","39 59:56.498","","0","75 07:59.680","3","0","0","0","67301","0","0","0","N","0","0","0","2","67301","0","","1.0","","1","N","N","N","0","","1","0","0","3","2","","2349","2","1","0","0","0","0","0","2","0","2","0","0","0","3","","","N","","","","","","","","","",""
"2021117350","","1","0","0","0","0","0","0","0","0","4","0","","67","8","2021","6","39.938369","-75.224815","","6","0","0","0","0","0","1","0","0","","0","0","0","15","1","1","","2","0","39 56:18.128","","0","75 13:29.333","8","0","0","0","67301","0","0","0","N","0","0","0","2","00000","0","","1.0","","1","N","N","N","1","","0","0","0","3","3","","1540","2","1","0","0","0","1","0","2","0","2","0","0","0","3","","","N","","","","","","","","","",""
"2021080721","0154","1","0","0","0","0","0","0","0","0","8","0","","67","8","2021","6","40.029478","-75.146829","0151","6","0","0","0","0","0","0","0","0","","0","0","0","1","3","1","","1","0","40 01:46.120","","0","75 08:48.586","2","0","0","0","67301","1","0","1","N","1","0","1","2","67301","0","","1.0","","1","N","N","N","0","","0","1","0","3","2","","145","2","1","0","0","0","0","0","2","0","1","1","0","1","3","","","N","","","","","","","","","",""
"2021091853","1311","1","0","0","0","0","0","0","0","0","4","0","","67","9","2021","6","40.022928","-75.136988","1310","6","0","0","0","0","0","0","0","0","","0","0","0","13","1","1","","1","0","40 01:22.541","","0","75 08:13.158","3","0","0","0","67301","0","0","0","N","0","0","0","3","67301","0","","1.0","","1","N","N","N","0","","1","0","1","3","2","","1306","2","1","0","0","0","0","0","2","0","2","0","0","0","3","03","","N","","","","","","","","","",""
"2021126668","1305","1","0","0","0","0","0","0","0","0","5","0","","67","11","2021","7","39.956622","-75.227597","1250","6","0","0","0","0","0","0","0","0","","0","0","0","12","1","1","","2","0","39 57:23.839","","0","75 13:39.349","3","0","0","0","67301","0","0","0","N","0","0","0","2","67301","0","","1.0","","9","N","N","N","0","","1","0","1","0","0","","1235","2","1","0","0","0","0","0","2","0","2","0","0","0","7","07","","N","","","","","","","","","",""
"2021083199","0518","1","0","0","0","0","0","0","0","0","4","0","","67","9","2021","4","39.970351","-75.146999","0515","6","0","0","0","0","0","0","0","0","","0","0","0","5","3","1","N","0","0","39 58:13.263","","0","75 08:49.196","3","0","0","0","67301","0","0","0","N","0","0","0","2","67301","0","","1.0","","9","N","N","N","0","","1","0","0","0","0","","500","2","1","0","0","0","0","0","2","1","2","0","0","0","7","","","N","","","","","","","","","",""
"2021125853","1016","2","0","0","0","0","0","0","0","0","5","0","","67","12","2021","7","39.960033","-75.179989","1015","6","0","0","0","0","0","0","0","0","","0","0","0","9","1","0","N","0","0","39 57:36.118","","0","75 10:47.959","0","0","0","0","67301","0","0","0","N","0","0","0","3","68K01","0","","1.0","","8","N","N","N","0","","0","0","0","0","0","","957","2","0","0","0","0","0","0","2","0","2","0","0","0","4","04","","N","","","","","","","","","",""
"2021084621","0457","1","0","0","0","0","0","0","0","0","7","0","","67","9","2021","5","40.023502","-75.033164","0447","6","0","0","0","0","0","1","0","0","","0","0","0","4","3","1","","7","0","40 01:24.608","","2","75 01:59.390","8","0","0","0","67301","0","0","0","Y","0","0","0","1","68K01","0","","7.0","","1","N","N","N","0","","0","0","0","0","0","","444","1","1","0","0","0","1","0","2","0","1","0","0","0","3","","","N","","","","","","","","","",""
"2021083107","1805","2","0","0","0","0","0","0","0","0","4","0","","67","9","2021","5","39.988899","-75.163844","1800","6","0","0","0","0","0","0","0","0","","0","0","0","18","1","1","","1","0","39 59:20.037","","0","75 09:49.839","3","0","0","0","67301","0","0","0","N","0","0","0","3","67301","0","","1.0","","1","N","N","N","0","","1","0","0","3","2","","1800","2","1","0","0","0","0","0","2","0","2","0","0","0","3","","","N","","","","","","","","","",""
"2021083734","1902","2","0","0","0","0","0","0","0","0","4","0","","67","9","2021","6","39.941592","-75.227707","1902","6","0","0","0","0","0","0","0","0","","0","0","0","18","1","3","","1","0","39 56:29.731","","0","75 13:39.745","3","0","0","0","67301","0","0","0","N","0","0","0","3","67301","1","","1.0","","1","N","N","N","0","","2","0","0","3","3","","1802","2","3","2","0","0","0","0","2","0","2","0","0","0","3","03","","N","","","","","","","","","",""
"2021084918","0845","1","0","0","0","0","0","0","0","0","2","0","","67","9","2021","6","40.04274","-75.113559","0827","6","0","0","0","0","0","0","1","0","","0","0","0","8","1","1","","1","0","40 02:33.864","","0","75 06:48.811","8","0","0","0","67301","0","0","0","N","0","0","0","2","67301","0","","1.0","","1","N","N","N","0","","0","0","1","3","2","","827","2","1","2","0","0","1","0","2","0","2","0","0","0","3","","","N","","","","","","","","","",""