"CRN","ARRIVAL_TM","AUTOMOBILE_COUNT","BELTED_DEATH_COUNT","BELTED_SUSP_SERIOUS_INJ_COUNT","BICYCLE_COUNT","BICYCLE_DEATH_COUNT","BICYCLE_SUSP_SERIOUS_INJ_COUNT","BUS_COUNT","CHLDPAS_DEATH_COUNT","CHLDPAS_SUSP_SERIOUS_INJ_COUNT","COLLISION_TYPE","COMM_VEH_COUNT","CONS_ZONE_SPD_LIM","COUNTY","CRASH_MONTH","CRASH_YEAR","DAY_OF_WEEK","DEC_LATITUDE","DEC_LONGITUDE","DISPATCH_TM","DISTRICT","DRIVER_COUNT_16YR","DRIVER_COUNT_17YR","DRIVER_COUNT_18YR","DRIVER_COUNT_19YR","DRIVER_COUNT_20YR","DRIVER_COUNT_50_64YR","DRIVER_COUNT_65_74YR","DRIVER_COUNT_75PLUS","EST_HRS_CLOSED","FATAL_COUNT","HEAVY_TRUCK_COUNT","HORSE_BUGGY_COUNT","HOUR_OF_DAY","ILLUMINATION","INJURY_COUNT","INTERSECTION_RELATED","INTERSECT_TYPE","LANE_CLOSED","LATITUDE","LN_CLOSE_DIR","LOCATION_TYPE","LONGITUDE","MAX_SEVERITY_LEVEL","MCYCLE_DEATH_COUNT","MCYCLE_SUSP_SERIOUS_INJ_COUNT","MOTORCYCLE_COUNT","MUNICIPALITY","NONMOTR_COUNT","NONMOTR_DEATH_COUNT","NONMOTR_SUSP_SERIOUS_INJ_COUNT","NTFY_HIWY_MAINT","PED_COUNT","PED_DEATH_COUNT","PED_SUSP_SERIOUS_INJ_COUNT","PERSON_COUNT","POLICE_AGCY","POSSIBLE_INJ_COUNT","RDWY_SURF_TYPE_CD","RELATION_TO_ROAD","ROADWAY_CLEARED","ROAD_CONDITION","SCH_BUS_IND","SCH_ZONE_IND","SECONDARY_CRASH","SMALL_TRUCK_COUNT","SPEC_JURIS_CD","SUSP_MINOR_INJ_COUNT","SUSP_SERIOUS_INJ_COUNT","SUV_COUNT","TCD_FUNC_CD","TCD_TYPE","TFC_DETOUR_IND","TIME_OF_DAY","TOTAL_UNITS","TOT_INJ_COUNT","UNBELTED_OCC_COUNT","UNB_DEATH_COUNT","UNB_SUSP_SERIOUS_INJ_COUNT","UNK_INJ_DEG_COUNT","UNK_INJ_PER_COUNT","URBAN_RURAL","VAN_COUNT","VEHICLE_COUNT","VULNERABLE_ROAD_USER_COUNT","VULNERABLE_ROAD_USER_DEATH_COUNT","VULNERABLE_ROAD_USER_SER_INJ_COUNT","WEATHER1","WEATHER2","WORKERS_PRES","WORK_ZONE_IND","WORK_ZONE_LOC","WORK_ZONE_TYPE","WZ_CLOSE_DETOUR","WZ_FLAGGER","WZ_LAW_OFFCR_IND","WZ_LN_CLOSURE","WZ_MOVING","WZ_OTHER","WZ_SHLDER_MDN","WZ_WORKERS_INJ_KILLED"
"2021114651","","1","0","0","0","0","0","0","0","0","1","0","","67","7","2021","7","39.960915","-75.247095","","6","0","0","0","0","0","0","0","0","","0","0","0","22","3","1","Y","0","0","39 57:39.295","","0","75 14:49.542","4","0","0","0","67301","0","0","0","N","0","0","0","4","00000","1","","1.0","","1","N","N","N","0","","0","0","0","3","2","","2200","3","1","0","0","0","0","0","2","0","3","0","0","0","3","","","N","","","","","","","","","",""
"2021124944","1558","1","0","0","0","0","0","0","0","0","1","0","","67","12","2021","2","40.009711","-75.065164","1540","6","0","0","0","0","0","1","0","0","","0","0","0","15","1","1","N","0","0","40 00:34.959","","0","75 03:54.592","3","0","0","0","67301","0","0","0","N","0","0","0","2","68K01","0","","1.0","","1","N","N","N","1","","1","0","0","0","0","","1528","2","1","1","0","0","0","0","2","0","2","0","0","0","3","","","N","","","","","","","","","",""
"2021083405","2325","0","0","0","0","0","0","0","0","0","5","0","","67","9","2021","4","40.029578","-75.10526","2320","6","0","0","0","1","0","0","0","0","","0","0","0","21","3","0","N","0","0","40 01:46.481","","0","75 06:18.936","0","0","0","0","67301","0","0","0","N","0","0","0","2","67301","0","","1.0","","9","N","N","N","1","","0","0","1","0","0","","2153","2","0","0","0","0","0","0","2","0","2","0","0","0","7","","","N","","","","","","","","","",""
"2021081798","0108","1","0","0","0","0","0","0","0","0","4","0","","67","8","2021","3","40.032137","-75.146136","0105","6","0","0","0","0","0","1","0","0","","0","0","0","1","3","1","","1","2","40 01:55.692","7","0","75 08:46.089","8","0","0","0","67301","0","0","0","N","0","0","0","3","67301","0","","1.0","234.0","1","N","N","N","0","","0","0","1","3","2","Y","102","2","1","0","0","0","1","0","2","0","2","0","0","0","3","","","N","","","","","","","","","",""
"2021091995","2142","0","0","0","0","0","0","0","0","0","4","0","","67","8","2021","6","40.052351","-75.00794","2141","6","0","0","0","0","0","0","0","0","","0","0","0","21","3","1","","1","0","40 03:08.465","","0","75 00:28.585","8","0","0","1","67301","0","0","0","N","0","0","0","2","67301","0","","1.0","","1","N","N","N","0","","0","0","1","3","2","","2135","2","1","0","0","0","1","1","2","0","2","0","0","0","3","03","","N","","","","","","","","","",""
"2021124394","1133","2","0","0","0","0","0","0","0","0","4","0","","67","9","2021","3","39.97191","-75.23601","1124","6","0","0","0","0","0","1","0","0","","0","0","0","14","1","2","","1","0","39 58:18.876","","0","75 14:09.635","4","0","0","0","67301","0","0","0","N","0","0","0","2","67301","1","","1.0","","1","N","N","N","0","","0","0","0","3","3","","1400","2","2","0","0","0","1","0","2","0","2","0","0","0","4","04","","N","","","","","","","","","",""
"2021083504","0025","1","0","0","0","0","0","0","0","0","4","0","","67","8","2021","3","39.980966","-75.236153","0023","6","0","0","0","0","0","0","1","0","","0","0","0","20","3","0","","1","0","39 58:51.478","","0","75 14:10.152","0","0","0","0","67301","0","0","0","N","0","0","0","2","67301","0","","1.0","","1","N","N","N","0","","0","0","0","3","2","","2000","2","0","0","0","0","0","0","2","0","2","0","0","0","3","03","","N","","","","","","","","","",""
"2021081169","1731","1","0","0","0","0","0","0","0","0","4","0","","67","8","2021","7","40.03694","-75.145084","1730","6","0","0","1","0","0","0","1","0","","0","0","0","17","1","2","","2","0","40 02:12.984","","0","75 08:42.301","3","0","0","0","67301","0","0","0","N","0","0","0","2","67301","0","","1.0","","9","N","N","N","0","","2","0","1","3","2","","1727","2","2","0","0","0","0","0","2","0","2","0","0","0","7","04","","N","","","","","","","","","",""
"2021083373","0827","2","0","0","0","0","0","0","0","0","4","0","","67","9","2021","6","40.068663","-75.156786","0820","6","0","0","0","0","0","0","1","0","","0","0","0","8","1","1","","5","1","40 04:07.186","4","0","75 09:24.430","3","0","0","0","67301","0","0","0","N","0","0","0","4","67301","0","","1.0","915.0","1","N","N","N","0","","1","0","1","3","2","Y","803","3","1","0","0","0","0","0","2","0","3","0","0","0","3","03","","N","","","","","","","","","",""
"2021082143","0221","1","0","0","0","0","0","0","0","0","4","0","","67","8","2021","3","40.029667","-75.048444","0216","6","0","0","0","0","0","0","0","0","","0","0","0","2","3","0","N","0","0","40 01:46.800","","0","75 02:54.400","0","0","0","0","67301","0","0","0","N","0","0","0","2","67301","0","","4.0","","1","N","N","N","0","","0","0","1","0","0","","206","2","0","0","0","0","0","0","2","0","2","0","0","0","3","03","","N","","","","","","","","","",""
"2021083287","2030","0","0","0","0","0","0","0","0","0","5","0","","67","8","2021","7","39.955028","-75.211722","2030","6","0","0","0","0","0","0","0","0","","0","0","0","14","1","0","N","0","0","39 57:18.100","","0","75 12:42.200","9","0","0","0","67301","0","0","0","N","0","0","0","4","67301","0","","1.0","","9","N","N","N","0","","0","0","2","0","0","","1430","2","0","0","0","0","0","3","2","0","2","0","0","0","7","07","","N","","","","","","","","","",""
"2021084711","1317","1","0","0","0","0","0","0","0","0","4","0","","67","9","2021","6","39.927685","-75.195459","1317","6","0","0","0","0","0","0","0","0","","0","0","0","6","1","1","","3","0","39 55:39.667","","0","75 11:43.654","3","0","0","0","67301","0","0","0","N","0","0","0","2","67301","0","","1.0","","1","N","N","N","0","","1","0","0","9","9","","654","2","1","0","0","0","0","0","2","0","2","0","0","0","3","03","","N","","","","","","","","","",""
"2021089432","1603","1","0","0","0","0","0","0","0","0","5","0","","67","8","2021","6","39.990375","-75.205238","1603","6","0","0","1","0","0","0","0","0","","0","0","0","16","1","1","N","0","0","39 59:25.349","","0","75 12:18.858","3","0","0","0","67301","0","0","0","N","0","0","0","3","68K01","0","","1.0","","9","N","N","N","0","","1","0","2","0","0","","1603","3","1","0","0","0","0","0","2","0","3","0","0","0","3","","","N","","","","","","","","","",""
"2021091182","2323","1","0","0","0","0","0","0","0","0","5","0","","67","8","2021","3","39.97669","-75.114115","2313","6","0","0","0","0","0","1","0","0","","0","0","0","23","3","0","N","0","2","39 58:36.085","2","0","75 06:50.813","0","0","0","0","67301","0","0","0","N","0","0","0","2","68K01","0","","1.0","25.0","1","N","N","N","0","","0","0","1","0","0","N","2310","2","0","0","0","0","0","0","2","0","2","0","0","0","3","03","","N","","","","","","","","","",""
"2021085650","1512","1","0","0","0","0","0","0","0","0","4","0","","67","9","2021","6","40.002106","-75.144234","1506","6","0","0","1","0","0","1","0","0","","0","0","0","14","1","0","","5","1","40 00:07.582","7","0","75 08:39.242","9","0","0","0","67301","0","0","0","N","0","0","0","5","67301","0","","1.0","1640.0","1","N","N","Y","0","","0","0","3","3","2","N","1448","4","0","2","0","0","0","1","2","0","4","0","0","0","3","03","","N","","","","","","","","","",""
"2021117375","","2","0","0","0","0","0","0","0","0","1","0","","67","8","2021","4","39.944056","-75.152889","","6","0","0","0","0","0","1","0","0","","0","0","0","19","1","1","N","0","0","39 56:38.600","","0","75 09:10.400","3","0","0","0","67301","0","0","0","N","0","0","0","2","00000","0","","1.0","","1","N","N","N","0","","1","0","0","0","0","","1945","2","1","0","0","0","0","0","2","0","2","0","0","0","3","","","N","","","","","","","","","",""
"2021083274","2140","1","0","0","0","0","0","0","0","0","8","0","","67","8","2021","1","40.016855","-75.149585","2134","6","0","0","0","0","0","0","0","0","","0","0","0","21","3","1","","1","0","40 01:00.679","","0","75 08:58.505","3","0","0","0","67301","1","0","0","N","1","0","0","2","67301","0","","1.0","","1","N","N","N","0","","1","0","0","3","2","","2108","2","1","0","0","0","0","0","2","0","1","1","0","0","3","03","","N","","","","","","","","","",""
"2021081355","1104","2","0","0","0","0","0","0","0","0","4","0","","67","8","2021","1","39.999745","-75.138532","1102","6","0","0","0","0","0","0","0","0","","0","0","0","10","1","0","","1","1","39 59:59.082","4","0","75 08:18.715","0","0","0","0","67301","0","0","0","N","0","0","0","2","67301","0","","1.0","1138.0","1","N","N","Y","0","","0","0","1","3","2","N","1039","3","0","0","0","0","0","0","2","0","3","0","0","0","3","04","","N","","","","","","","","","",""
"2021081734","1240","1","0","0","1","0","0","0","0","0","8","0","","67","8","2021","1","39.991953","-75.119686","1238","6","0","0","0","0","0","0","0","0","","0","0","0","12","1","1","N","0","0","39 59:31.030","","0","75 07:10.870","3","0","0","0","67301","1","0","0","N","0","0","0","2","67301","0","","1.0","","1","N","N","N","0","","1","0","0","0","0","","1224","2","1","0","0","0","0","0","2","0","1","1","0","0","3","03","","N","","","","","","","","","",""
"2021085873","1900","0","0","0","0","0","0","0","0","0","8","0","","67","9","2021","6","40.019854","-75.089712","1858","6","0","0","0","0","0","0","0","0","","0","0","0","18","1","1","","1","0","40 01:11.474","","0","75 05:22.963","8","0","0","0","67301","1","0","0","N","1","0","0","2","67301","0","","1.0","","1","N","N","N","0","","0","0","0","3","3","","1845","2","1","0","0","0","1","1","2","0","1","1","0","0","3","04","","N","","","","","","","","","",""
"2021085694","2010","2","0","0","0","0","0","0","0","0","4","0","","67","9","2021","4","40.041546","-75.053873","2010","6","0","0","0","0","0","1","0","0","","0","0","0","20","3","1","","1","0","40 02:29.567","","0","75 03:13.943","3","0","0","0","67301","0","0","0","N","0","0","0","3","67301","0","","1.0","","1","N","N","N","0","","1","0","0","3","3","","2007","2","1","0","0","0","0","0","2","0","2","0","0","0","3","03","","N","","","","","","","","","",""
"2021083694","1350","1","0","0","0","0","0","0","0","0","7","0","","67","9","2021","6","39.939449","-75.230447","1350","6","1","0","0","0","0","0","0","0","","0","0","0","13","1","0","","2","0","39 56:22.016","","0","75 13:49.609","0","0","0","0","67301","0","0","0","N","0","0","0","1","67301","0","","5.0","","1","N","N","N","0","","0","0","0","0","0","","1350","1","0","1","0","0","0","0","2","0","1","0","0","0","3","03","","N","","","","","","","","","",""
"2021125019","1922","1","0","0","0","0","0","0","0","0","4","0","","67","12","2021","2","40.042905","-75.107567","1920","6","0","0","0","0","1","1","0","0","","0","0","0","18","3","0","","1","1","40 02:34.458","1","0","75 06:27.241","0","0","0","0","67301","0","0","0","N","0","0","0","2","67301","0","","1.0","1945.0","1","N","N","N","0","","0","0","1","0","0","N","1851","2","0","0","0","0","0","0","2","0","2","0","0","0","3","","","N","","","","","","","","","",""
"2021128260","0900","1","0","0","0","0","0","0","0","0","3","0","","67","12","2021","5","39.988657","-75.187059","0857","6","0","0","0","0","0","0","0","0","","0","1","0","8","1","1","","2","0","39 59:19.164","","0","75 11:13.413","3","0","0","0","67301","0","0","0","N","0","0","0","2","67301","0","","1.0","","9","N","N","N","0","","1","0","0","3","2","","857","2","1","0","0","0","0","0","2","0","2","0","0","0","7","04","","N","","","","","","","","","",""
"2021081562","2040","2","0","0","0","0","0","0","0","0","1","0","","67","8","2021","1","40.02787","-75.120408","2040","6","0","0","0","0","0","1","0","0","","0","0","0","15","1","1","N","0","0","40 01:40.333","","0","75 07:13.467","4","0","0","0","67301","0","0","0","N","0","0","0","3","67301","1","","1.0","","99","N","N","N","0","","0","0","1","0","0","","1526","3","1","3","0","0","0","2","2","0","3","0","0","0","99","","","N","","","","","","","","","",""
"2021087451","2329","2","0","0","0","0","0","0","0","0","4","0","","67","9","2021","2","39.978818","-75.108356","2228","6","0","0","0","0","0","0","0","0","","0","0","0","21","6","0","","1","0","39 58:43.743","","0","75 06:30.081","9","0","0","0","67301","0","0","0","N","0","0","0","2","67301","0","","1.0","","1","N","N","N","0","","0","0","0","3","1","","2123","2","0","1","0","0","0","2","2","0","2","0","0","0","3","03","","N","","","","","","","","","",""
"2021125628","1736","1","0","0","0","0","0","0","0","0","1","0","","67","12","2021","1","39.967257","-75.133359","1730","6","0","1","0","0","0","0","0","0","","0","0","0","17","3","0","N","0","1","39 58:02.124","2","0","75 08:00.094","0","0","0","0","67301","0","0","0","N","0","0","0","8","68K01","0","","1.0","1740.0","1","N","N","N","0","","0","0","1","0","0","N","1727","2","0","0","0","0","0","0","2","0","2","0","0","0","3","03","","N","","","","","","","","","",""
"2021114691","","0","0","0","0","0","0","0","0","0","4","0","","67","7","2021","6","39.92165","-75.242695","","6","0","0","0","0","0","1","0","0","","0","0","0","18","1","1","","1","0","39 55:17.939","","0","75 14:33.701","8","0","0","0","67301","0","0","0","N","0","0","0","2","00000","0","","1.0","","1","N","N","N","0","","0","0","1","3","2","","1840","2","1","0","0","0","1","0","2","0","2","0","0","0","3","","","N","","","","","","","","","",""
"2021083708","1635","0","0","0","0","0","0","0","0","0","4","0","","67","9","2021","5","39.936985","-75.232498","1632","6","0","0","0","0","0","0","0","1","","0","0","0","16","1","0","","1","1","39 56:13.146","3","0","75 13:56.992","0","0","0","0","67301","0","0","0","N","0","0","0","2","67301","0","","1.0","1655.0","1","N","N","N","1","","0","0","2","3","3","Y","1606","4","0","0","0","0","0","0","2","1","4","0","0","0","3","98","","N","","","","","","","","","",""
"2021114681","","2","0","0","0","0","0","0","0","0","4","0","","67","7","2021","4","39.92843","-75.152699","","6","0","0","0","0","0","0","0","0","","0","0","0","19","1","2","","2","0","39 55:42.347","","0","75 09:09.717","3","0","0","0","67301","0","0","0","N","0","0","0","3","00000","0","","1.0","","1","N","N","N","0","","2","0","0","3","3","","1900","2","2","0","0","0","0","0","2","0","2","0","0","0","3","","","N","","","","","","","","","",""
"2021085491","0922","0","0","0","0","0","0","0","0","0","4","0","","67","9","2021","4","40.037863","-75.052399","0919","6","0","0","0","0","0","0","0","0","","0","0","0","8","1","1","","1","0","40 02:16.306","","0","75 03:08.636","3","0","0","0","67301","0","0","0","N","0","0","0","3","67301","0","","1.0","","1","N","N","N","0","","1","0","1","3","3","","845","2","1","0","0","0","0","0","2","1","2","0","0","0","3","03","","N","","","","","","","","","",""
"2021085478","0147","2","0","0","0","0","0","0","0","0","1","0","","67","9","2021","4","40.014864","-75.086747","0137","6","0","0","0","0","0","0","0","0","","0","0","0","1","3","0","N","0","0","40 00:53.510","","0","75 05:12.290","0","0","0","0","67301","0","0","0","N","0","0","0","1","67301","0","","6.0","","1","N","N","N","1","","0","0","2","0","0","","130","5","0","0","0","0","0","0","2","0","5","0","0","0","3","","","N","","","","","","","","","",""
"2021082985","1124","2","0","0","0","0","0","0","0","0","4","0","","67","9","2021","6","39.978167","-75.154155","1124","6","0","0","0","0","0","1","0","0","","0","0","0","11","1","0","","1","0","39 58:41.402","","0","75 09:14.958","0","0","0","0","67301","0","0","0","N","0","0","0","2","67505","0","","1.0","","1","N","N","N","0","","0","0","0","3","2","","1120","2","0","0","0","0","0","0","2","0","2","0","0","0","3","03","","N","","","","","","","","","",""
"2021081041","1125","0","0","0","0","0","0","0","0","0","4","0","","67","8","2021","7","40.031926","-75.119485","1059","6","0","0","0","0","0","1","0","0","","0","0","0","10","1","0","","2","0","40 01:54.933","","0","75 07:10.145","0","0","0","0","67301","0","0","0","N","0","0","0","2","67301","0","","1.0","","9","N","N","N","0","","0","0","2","3","3","","1056","2","0","2","0","0","0","0","2","0","2","0","0","0","7","","","N","","","","","","","","","",""
"2021128061","0129","1","0","0","0","0","0","0","0","0","7","0","","67","12","2021","2","40.010134","-75.062613","0129","6","0","0","0","0","0","0","0","0","","0","0","0","1","3","0","N","0","0","40 00:36.484","","0","75 03:45.407","0","0","0","0","67301","0","0","0","N","0","0","0","1","67301","0","","5.0","","1","N","N","N","0","","0","0","0","0","0","","110","1","0","0","0","0","0","0","2","0","1","0","0","0","3","03","","N","","","","","","","","","",""
"2021124415","2346","1","0","0","0","0","0","0","0","0","7","0","","67","12","2021","6","39.992869","-75.235658","2344","6","0","0","0","0","0","0","0","0","","0","0","0","22","3","0","N","0","0","39 59:34.330","","0","75 14:08.370","0","0","0","0","67301","0","0","0","N","0","0","0","1","67301","0","","5.0","","1","N","N","N","0","","0","0","0","0","0","","2245","1","0","0","0","0","0","0","2","0","1","0","0","0","3","03","","N","","","","","","","","","",""
"2021083276","2326","1","0","0","0","0","0","0","0","0","4","0","","67","9","2021","5","40.003377","-75.154217","2324","6","0","0","0","0","0","0","0","0","","0","0","0","23","3","5","","1","1","40 00:12.157","2","0","75 09:15.181","3","0","0","0","67301","0","0","0","N","0","0","0","5","67301","1","","1.0","30.0","1","N","N","N","0","","4","0","1","3","3","Y","2312","2","5","0","0","0","0","0","2","0","2","0","0","0","3","03","","N","","","","","","","","","",""
"2022012651","","1","0","0","0","0","0","0","0","0","1","0","","67","5","2021","3","39.975088","-75.194965","","6","0","0","0","0","0","0","0","0","","0","0","0","99","1","2","","1","0","39 58:30.316","","0","75 11:41.875","2","0","0","0","67301","0","0","0","N","0","0","0","3","00000","0","","1.0","","1","N","N","N","0","","0","2","0","3","2","","9999","2","2","0","0","0","0","0","2","0","2","0","0","0","3","","","N","","","","","","","","","",""
"2021083455","0335","2","0","0","0","0","0","0","0","0","6","0","","67","9","2021","1","39.983731","-75.1811","0328","6","0","0","0","0","0","0","0","0","","0","0","0","3","3","0","N","0","0","39 59:01.430","","0","75 10:51.960","0","0","0","0","67301","0","0","0","N","0","0","0","1","67301","0","","6.0","","1","N","N","N","0","","0","0","1","0","0","","320","3","0","0","0","0","0","0","2","0","3","0","0","0","3","","","N","","","","","","","","","",""
"2021124259","0724","0","0","0","0","0","0","0","0","0","2","0","","67","12","2021","7","39.983796","-75.097328","0716","6","0","0","0","0","0","1","0","0","","0","0","0","7","1","0","N","0","2","39 59:01.666","2","0","75 05:50.379","0","0","0","0","67301","0","0","0","N","0","0","0","1","68K01","0","","4.0","745.0","9","N","N","N","0","","0","0","0","0","0","N","714","1","0","0","0","0","0","0","2","1","1","0","0","0","7","07","","N","","","","","","","","","",""
"2021123820","2340","0","0","0","0","0","0","0","0","0","8","0","","67","12","2021","5","39.936905","-75.150225","2326","6","0","0","0","0","0","0","0","0","","0","0","0","20","3","1","","1","0","39 56:12.858","","0","75 09:00.810","3","0","0","0","67301","1","0","0","N","1","0","0","1","67301","0","","1.0","","1","N","N","N","0","","1","0","1","3","3","","2030","2","1","0","0","0","0","0","2","0","1","1","0","0","3","03","","N","","","","","","","","","",""
"2021085168","0846","2","0","0","0","0","0","0","0","0","1","0","","67","9","2021","4","39.965552","-75.226177","0843","6","0","0","0","0","0","0","1","0","","0","0","0","8","1","2","","1","0","39 57:55.987","","0","75 13:34.237","3","0","0","0","67301","0","0","0","N","0","0","0","3","67301","0","","1.0","","1","N","N","N","0","","2","0","1","3","2","","827","3","2","0","0","0","0","1","2","0","3","0","0","0","3","03","","N","","","","","","","","","",""
"2021114695","","2","0","0","0","0","0","0","0","0","1","0","","67","8","2021","6","40.03145","-75.154773","","6","0","0","0","0","0","1","0","0","","0","0","0","18","1","1","","1","0","40 01:53.219","","0","75 09:17.182","8","0","0","0","67301","0","0","0","N","0","0","0","2","00000","0","","1.0","","1","N","N","N","0","","0","0","0","3","2","","1800","2","1","0","0","0","1","0","2","0","2","0","0","0","3","","","N","","","","","","","","","",""
"2021086392","1852","1","0","0","0","0","0","0","0","0","4","0","25","67","9","2021","4","39.956856","-75.167616","1852","6","0","0","0","0","0","1","0","0","","0","0","0","17","3","0","","1","0","39 57:24.681","","0","75 10:03.417","0","0","0","0","67301","0","0","0","N","0","0","0","2","67301","0","","1.0","","9","N","N","N","0","","0","0","1","3","2","","1746","2","0","0","0","0","0","0","2","0","2","0","0","0","7","07","N","Y","4","1","N","N","N","Y","N","N","N","N"
"2021125617","1519","1","0","0","0","0","0","0","0","0","5","0","","67","12","2021","7","40.031781","-75.021434","1501","6","0","0","1","0","0","0","0","0","","0","0","0","14","1","0","N","0","2","40 01:54.412","2","0","75 01:17.162","0","0","0","0","67301","0","0","0","N","0","0","0","2","68K01","0","","3.0","1600.0","9","N","N","N","0","","0","0","0","0","0","N","1433","2","0","0","0","0","0","0","2","0","2","0","0","0","7","","","N","","","","","","","","","",""
"2021085443","0330","0","0","0","0","0","0","0","0","0","2","0","","67","9","2021","6","40.002049","-75.06477","0326","6","0","0","0","0","0","0","0","0","","0","0","0","3","3","0","N","0","1","40 00:07.377","2","0","75 03:53.173","0","0","0","0","67301","0","0","0","N","0","0","0","1","67301","0","","6.0","410.0","1","N","N","N","0","","0","0","2","0","0","N","305","2","0","0","0","0","0","0","2","0","2","0","0","0","3","","","N","","","","","","","","","",""
"2021083653","0639","0","0","0","0","0","0","0","0","0","4","0","","67","9","2021","6","40.050217","-75.127471","0636","6","0","0","0","0","0","0","0","0","","0","0","0","6","1","1","","1","0","40 03:00.781","","0","75 07:38.895","3","0","0","0","67301","0","0","0","N","0","0","0","3","67301","0","","1.0","","1","N","N","N","0","","1","0","3","3","2","","630","3","1","0","0","0","0","1","2","0","3","0","0","0","3","03","","N","","","","","","","","","",""
"2021081278","2359","1","0","0","0","0","0","0","0","0","5","0","","67","8","2021","1","40.047939","-75.075544","2358","6","0","0","0","0","0","0","0","0","","0","0","0","21","3","0","N","0","0","40 02:52.580","","0","75 04:31.960","9","0","0","0","67301","0","0","0","N","0","0","0","1","67301","0","","6.0","","1","N","N","N","0","","0","0","0","0","0","","2104","2","0","0","0","0","0","1","2","1","2","0","0","0","3","","","N","","","","","","","","","",""
"2021092949","0011","1","0","0","0","0","0","0","0","0","7","0","","67","8","2021","1","40.017028","-75.053194","0010","6","0","0","0","0","0","0","0","0","","0","0","0","0","3","0","N","0","0","40 01:01.300","","0","75 03:11.500","0","0","0","0","67301","0","0","0","N","0","0","0","1","67301","0","","4.0","","1","N","N","N","0","","0","0","0","0","0","","7","1","0","0","0","0","0","0","2","0","1","0","0","0","3","03","","N","","","","","","","","","",""
"2021084761","2354","2","0","0","0","0","0","0","0","0","4","0","","67","9","2021","1","40.064706","-75.089366","2351","6","0","0","0","0","0","0","0","0","","0","0","0","23","3","0","","2","0","40 03:52.941","","0","75 05:21.717","0","0","0","0","67301","0","0","0","N","0","0","0","2","67301","0","","1.0","","9","N","N","N","0","","0","0","0","3","3","","2324","2","0","1","0","0","0","0","2","0","2","0","0","0","7","07","","N","","","","","","","","","",""
"2021088052","1755","1","0","0","0","0","0","0","0","0","4","0","","67","8","2021","1","40.00243","-75.134983","1750","6","0","0","0","0","0","0","0","0","","0","0","0","17","1","0","","1","0","40 00:08.748","","0","75 08:05.938","9","0","0","0","67301","0","0","0","N","0","0","0","2","67301","0","","1.0","","1","N","N","N","0","","0","0","1","3","3","","1721","2","0","0","0","0","0","2","2","0","2","0","0","0","3","","","N","","","","","","","","","",""
"2021088054","2112","1","0","0","0","0","0","0","0","0","4","0","","67","8","2021","1","39.997997","-75.125411","2112","6","0","0","0","0","0","1","0","0","","0","0","0","20","3","1","","1","0","39 59:52.789","","0","75 07:31.478","3","0","0","1","67301","0","0","0","N","0","0","0","2","67301","0","","1.0","","1","N","N","N","0","","1","0","0","3","1","","2000","2","1","0","0","0","0","0","2","0","2","0","0","0","3","04","","N","","","","","","","","","",""
"2021085658","1553","1","0","0","0","0","0","0","0","0","8","0","","67","9","2021","6","39.992769","-75.139092","1547","6","0","0","1","0","0","0","0","0","","0","0","0","15","1","1","N","0","0","39 59:33.970","","0","75 08:20.730","3","0","0","0","67301","1","0","0","N","1","0","0","2","67301","0","","1.0","","1","N","Y","N","0","","1","0","0","0","0","","1543","2","1","0","0","0","0","0","2","0","1","1","0","0","3","03","","N","","","","","","","","","",""
"2021085736","1725","0","0","0","0","0","0","0","0","0","8","0","","67","9","2021","3","40.012649","-75.160955","1715","6","0","0","0","0","0","0","0","0","","0","0","0","17","4","1","","1","0","40 00:45.536","","0","75 09:39.438","3","0","0","0","67301","1","0","0","N","1","0","0","2","67301","0","","1.0","","1","N","N","N","0","","1","0","1","3","2","","1700","2","1","1","0","0","0","0","2","0","1","1","0","0","3","03","","N","","","","","","","","","",""
"2021123861","1130","1","0","0","0","0","0","0","0","0","2","0","","67","12","2021","6","40.095953","-74.976781","1130","6","0","0","0","0","0","0","0","1","","0","0","0","7","5","1","N","0","0","40 05:45.430","","7","74 58:36.413","3","0","0","0","67301","0","0","0","N","0","0","0","2","67301","0","","5.0","","1","N","N","N","0","","1","0","1","0","0","","748","2","1","0","0","0","0","0","2","0","2","0","0","0","3","03","","N","","","","","","","","","",""
"2021084731","2240","2","0","0","0","0","0","0","0","0","4","0","","67","9","2021","3","39.992858","-75.158713","2235","6","0","0","0","1","0","0","0","0","","0","0","0","22","3","4","","1","2","39 59:34.288","3","0","75 09:31.366","3","0","0","0","67301","0","0","0","N","0","0","0","6","67301","0","","1.0","2230.0","1","N","N","N","0","","4","0","0","3","3","Y","2230","2","4","0","0","0","0","0","2","0","2","0","0","0","3","03","","N","","","","","","","","","",""
"2021084195","0759","2","0","0","0","0","0","0","0","0","5","0","","67","8","2021","3","40.003157","-75.077475","0755","6","0","0","1","0","0","0","0","0","","0","0","0","7","1","0","N","0","0","40 00:11.366","","0","75 04:38.911","0","0","0","0","67301","0","0","0","N","0","0","0","3","68K01","0","","1.0","","1","N","N","N","0","","0","0","1","0","0","","754","3","0","0","0","0","0","0","2","0","3","0","0","0","3","","","N","","","","","","","","","",""
"2022009424","","1","0","0","0","0","0","0","0","0","4","0","","67","11","2021","5","39.970333","-75.244889","","6","0","0","0","0","0","0","0","0","","0","0","0","18","3","1","N","0","0","39 58:13.200","","7","75 14:41.600","8","0","0","0","67301","0","0","0","N","0","0","0","2","00000","0","","1.0","","1","N","N","N","0","","0","0","0","0","0","","1830","2","1","0","0","0","1","0","2","0","2","0","0","0","3","","","N","","","","","","","","","",""