"CRN","ARRIVAL_TM","AUTOMOBILE_COUNT","BELTED_DEATH_COUNT","BELTED_SUSP_SERIOUS_INJ_COUNT","BICYCLE_COUNT","BICYCLE_DEATH_COUNT","BICYCLE_SUSP_SERIOUS_INJ_COUNT","BUS_COUNT","CHLDPAS_DEATH_COUNT","CHLDPAS_SUSP_SERIOUS_INJ_COUNT","COLLISION_TYPE","COMM_VEH_COUNT","CONS_ZONE_SPD_LIM","COUNTY","CRASH_MONTH","CRASH_YEAR","DAY_OF_WEEK","DEC_LATITUDE","DEC_LONGITUDE","DISPATCH_TM","DISTRICT","DRIVER_COUNT_16YR","DRIVER_COUNT_17YR","DRIVER_COUNT_18YR","DRIVER_COUNT_19YR","DRIVER_COUNT_20YR","DRIVER_COUNT_50_64YR","DRIVER_COUNT_65_74YR","DRIVER_COUNT_75PLUS","EST_HRS_CLOSED","FATAL_COUNT","HEAVY_TRUCK_COUNT","HORSE_BUGGY_COUNT","HOUR_OF_DAY","ILLUMINATION","INJURY_COUNT","INTERSECTION_RELATED","INTERSECT_TYPE","LANE_CLOSED","LATITUDE","LN_CLOSE_DIR","LOCATION_TYPE","LONGITUDE","MAX_SEVERITY_LEVEL","MCYCLE_DEATH_COUNT","MCYCLE_SUSP_SERIOUS_INJ_COUNT","MOTORCYCLE_COUNT","MUNICIPALITY","NONMOTR_COUNT","NONMOTR_DEATH_COUNT","NONMOTR_SUSP_SERIOUS_INJ_COUNT","NTFY_HIWY_MAINT","PED_COUNT","PED_DEATH_COUNT","PED_SUSP_SERIOUS_INJ_COUNT","PERSON_COUNT","POLICE_AGCY","POSSIBLE_INJ_COUNT","RDWY_SURF_TYPE_CD","RELATION_TO_ROAD","ROADWAY_CLEARED","ROAD_CONDITION","SCH_BUS_IND","SCH_ZONE_IND","SECONDARY_CRASH","SMALL_TRUCK_COUNT","SPEC_JURIS_CD","SUSP_MINOR_INJ_COUNT","SUSP_SERIOUS_INJ_COUNT","SUV_COUNT","TCD_FUNC_CD","TCD_TYPE","TFC_DETOUR_IND","TIME_OF_DAY","TOTAL_UNITS","TOT_INJ_COUNT","UNBELTED_OCC_COUNT","UNB_DEATH_COUNT","UNB_SUSP_SERIOUS_INJ_COUNT","UNK_INJ_DEG_COUNT","UNK_INJ_PER_COUNT","URBAN_RURAL","VAN_COUNT","VEHICLE_COUNT","VULNERABLE_ROAD_USER_COUNT","VULNERABLE_ROAD_USER_DEATH_COUNT","VULNERABLE_ROAD_USER_SER_INJ_COUNT","WEATHER1","WEATHER2","WORKERS_PRES","WORK_ZONE_IND","WORK_ZONE_LOC","WORK_ZONE_TYPE","WZ_CLOSE_DETOUR","WZ_FLAGGER","WZ_LAW_OFFCR_IND","WZ_LN_CLOSURE","WZ_MOVING","WZ_OTHER","WZ_SHLDER_MDN","WZ_WORKERS_INJ_KILLED"
"2022009430","","1","0","0","0","0","0","0","0","0","4","0","","67","10","2021","5","40.034758","-75.055331","","6","0","0","0","0","0","0","0","0","","0","0","0","99","1","2","","1","0","40 02:05.128","","0","75 03:19.191","8","0","0","0","67301","0","0","0","N","0","0","0","3","00000","0","","1.0","","1","N","N","N","0","","0","0","0","3","3","","9999","2","2","0","0","0","2","0","2","0","2","0","0","0","3","","","N","","","","","","","","","",""
"2022012698","","1","0","0","0","0","0","0","0","0","1","0","","67","4","2021","7","40.026711","-75.117288","","6","0","0","0","0","1","0","1","0","","0","0","0","9","1","1","","1","0","40 01:36.158","","0","75 07:02.238","8","0","0","0","67301","0","0","0","N","0","0","0","2","00000","0","","1.0","","1","N","N","N","0","","0","0","0","3","2","","915","2","1","0","0","0","1","0","2","0","2","0","0","0","3","","","N","","","","","","","","","",""
"2022012363","","1","0","0","0","0","0","0","0","0","1","0","","67","8","2021","6","39.912556","-75.173389","","6","0","0","0","0","0","0","0","0","","0","0","0","99","1","0","N","0","0","39 54:45.200","","0","75 10:24.200","0","0","0","0","67301","0","0","0","N","0","0","0","2","00000","0","","1.0","","1","N","N","N","0","","0","0","1","0","0","","9999","2","0","0","0","0","0","0","2","0","2","0","0","0","3","","","N","","","","","","","","","",""
"2022016533","1436","1","0","0","0","0","0","0","0","0","1","0","","67","12","2021","1","40.030153","-75.02213","1349","6","0","0","0","0","0","1","0","0","","0","0","0","13","1","1","N","0","0","40 01:48.551","","0","75 01:19.668","8","0","0","0","67301","0","0","0","N","0","0","0","3","68K01","0","","1.0","","1","N","N","N","0","","0","0","2","0","0","","1336","3","1","0","0","0","1","0","2","0","3","0","0","0","3","","","N","","","","","","","","","",""
"2022020158","0709","2","0","0","0","0","0","0","0","0","4","0","","67","11","2021","1","39.987145","-75.18739","0704","6","0","0","0","0","0","1","0","0","","0","0","0","6","5","0","","2","0","39 59:13.722","","0","75 11:14.605","0","0","0","0","67301","0","0","0","N","0","0","0","2","67301","0","","1.0","","1","N","N","N","0","","0","0","0","3","2","","600","2","0","0","0","0","0","0","2","0","2","0","0","0","3","","","N","","","","","","","","","",""
"2022014513","2351","2","0","0","0","0","0","0","0","0","4","0","","67","12","2021","7","39.956808","-75.233732","2349","6","0","0","0","0","0","0","0","0","","0","0","0","23","3","0","","1","0","39 57:24.508","","0","75 14:01.435","9","0","0","0","67301","0","0","0","N","0","0","0","2","67301","0","","1.0","","1","N","N","N","0","","0","0","4","3","3","","2347","8","0","0","0","0","0","1","2","2","8","0","0","0","3","03","","N","","","","","","","","","",""
"2021082035","1556","2","0","0","0","0","0","0","0","0","4","0","","67","8","2021","7","40.062449","-75.047108","1548","6","0","0","0","0","0","0","1","0","","0","0","0","15","1","1","","1","0","40 03:44.816","","0","75 02:49.588","3","0","0","0","67301","0","0","0","N","0","0","0","4","67301","0","","1.0","","1","N","N","N","0","","1","0","0","3","3","","1537","2","1","0","0","0","0","0","2","0","2","0","0","0","4","","","N","","","","","","","","","",""
"2021087442","1948","1","0","0","0","0","0","0","0","0","5","0","","67","9","2021","4","39.991011","-75.174267","1947","6","0","0","0","0","0","0","0","0","","0","0","0","19","1","0","N","0","2","39 59:27.640","4","0","75 10:27.360","9","0","0","0","67301","0","0","0","N","0","0","0","1","67301","0","","6.0","2050.0","1","N","N","N","0","","0","0","1","0","0","N","1947","4","0","0","0","0","0","1","2","2","4","0","0","0","3","03","","N","","","","","","","","","",""
"2022005014","2259","0","0","0","0","0","0","0","0","0","1","0","","67","12","2021","3","39.943797","-75.142677","2239","6","0","0","0","0","0","0","0","0","","0","0","0","22","3","1","N","0","0","39 56:37.670","","0","75 08:33.637","3","0","0","0","67301","0","0","0","N","0","0","0","5","68K01","0","","1.0","","1","N","N","N","1","","1","0","1","0","0","","2237","2","1","1","0","0","0","0","2","0","2","0","0","0","3","03","","N","","","","","","","","","",""
"2022012368","","0","0","0","0","0","0","0","0","0","1","0","","67","7","2021","7","40.120777","-74.99646","","6","0","0","0","0","0","0","1","1","","0","0","0","11","1","2","","2","0","40 07:14.797","","0","74 59:47.255","8","0","0","0","67301","0","0","0","N","0","0","0","3","00000","0","","1.0","","1","N","N","N","0","","0","0","1","3","2","","1145","2","2","0","0","0","2","0","2","0","2","0","0","0","3","03","","N","","","","","","","","","",""
"2022014502","1310","2","0","0","0","0","0","0","0","0","1","0","","67","11","2021","6","39.958745","-75.162251","1308","6","0","0","0","0","0","1","0","0","","0","0","0","13","1","0","N","0","0","39 57:31.481","","0","75 09:44.105","0","0","0","0","67301","0","0","0","N","0","0","0","2","67301","0","","1.0","","1","N","N","N","0","","0","0","0","0","0","","1308","2","0","0","0","0","0","0","2","0","2","0","0","0","3","03","","N","","","","","","","","","",""
"2022014514","0030","1","0","0","0","0","0","0","0","0","4","0","","67","12","2021","1","39.960928","-75.24501","0028","6","0","0","0","0","0","1","0","0","","0","0","0","0","3","0","","1","0","39 57:39.339","","0","75 14:42.036","0","0","0","0","67301","0","0","0","N","0","0","0","2","67301","0","","1.0","","1","N","N","N","0","","0","0","0","3","2","","19","2","0","2","0","0","0","0","2","1","2","0","0","0","3","03","","N","","","","","","","","","",""
"2022002920","0653","0","0","0","0","0","0","0","0","0","1","0","","67","12","2021","3","39.886905","-75.243236","0638","6","0","0","0","0","0","2","0","0","","0","0","0","6","1","2","N","0","1","39 53:12.857","2","2","75 14:35.649","3","0","0","0","67301","0","0","0","N","0","0","0","9","68K01","0","","1.0","710.0","1","N","N","N","0","","1","0","2","0","0","N","626","3","2","0","0","0","1","0","2","1","3","0","0","0","3","","","N","","","","","","","","","",""
"2022012697","","0","0","0","0","0","0","0","0","0","1","0","","67","2","2021","6","","","","6","0","0","0","0","0","1","0","0","","0","0","0","12","1","1","N","0","0","","","0","","8","0","0","0","67301","0","0","0","N","0","0","0","2","00000","0","","1.0","","1","N","N","N","0","","0","0","0","0","0","","1230","2","1","0","0","0","1","0","1","0","2","0","0","0","3","","","N","","","","","","","","","",""
"2022012355","","0","0","1","0","0","0","0","0","0","4","0","","67","7","2021","5","39.945662","-75.240014","","6","0","0","0","0","0","0","0","0","","0","0","0","16","1","1","N","0","0","39 56:44.383","","7","75 14:24.051","2","0","0","0","67301","0","0","0","N","0","0","0","2","00000","0","","1.0","","1","N","N","N","0","","0","1","1","0","0","","1640","2","1","0","0","0","0","0","2","0","2","0","0","0","3","","","N","","","","","","","","","",""
"2022022151","0002","1","0","0","0","0","0","0","0","0","7","0","","67","11","2021","4","40.028283","-75.18476","0002","6","0","0","0","0","0","0","0","0","","0","0","0","23","3","1","","2","0","40 01:41.819","","0","75 11:05.135","3","0","0","0","67301","0","0","0","N","0","0","0","1","67301","0","","4.0","","1","N","N","Y","0","","1","0","0","0","0","","2358","1","1","0","0","0","0","0","2","0","1","0","0","0","3","","","N","","","","","","","","","",""
"2022012379","","1","0","0","0","0","0","0","0","0","4","0","","67","5","2021","6","39.907492","-75.151237","","6","0","0","0","0","0","0","0","0","","0","0","0","99","1","3","","2","0","39 54:26.971","","0","75 09:04.453","8","0","0","0","67301","0","0","0","N","0","0","0","4","00000","0","","1.0","","1","N","N","N","0","","0","0","0","3","2","","9999","2","3","0","0","0","3","0","2","0","2","0","0","0","3","","","N","","","","","","","","","",""
"2022012401","","1","0","0","0","0","0","0","0","0","4","0","","67","4","2021","3","40.040711","-75.158406","","6","0","0","0","0","0","0","1","0","","0","0","0","99","1","1","","2","0","40 02:26.559","","0","75 09:30.261","8","0","0","0","67301","0","0","0","N","0","0","0","2","00000","0","","1.0","","1","N","N","N","0","","0","0","0","3","3","","9999","2","1","0","0","0","1","0","2","0","2","0","0","0","3","","","N","","","","","","","","","",""
"2022013505","2355","0","0","0","0","0","0","0","0","0","8","0","","67","11","2021","6","39.998994","-75.195571","2355","6","0","0","0","0","0","0","0","0","","0","0","0","23","2","1","N","0","0","39 59:56.380","","0","75 11:44.056","3","0","0","0","67301","1","0","0","N","1","0","0","2","68K01","0","","1.0","","1","N","N","N","0","","1","0","1","0","0","","2355","2","1","0","0","0","0","0","2","0","1","1","0","0","3","","","N","","","","","","","","","",""
"2022008106","1755","1","0","0","0","0","0","0","0","0","1","0","","67","11","2021","6","39.948339","-75.186423","1722","6","0","0","0","0","0","1","0","0","","0","0","0","17","3","1","N","0","0","39 56:54.021","","0","75 11:11.121","8","0","0","0","67301","0","0","0","N","0","0","0","3","68K01","0","","1.0","","1","N","N","N","1","","0","0","1","0","0","","1718","3","1","0","0","0","1","1","2","0","3","0","0","0","3","","","N","","","","","","","","","",""
"2022012386","","1","0","0","0","0","0","0","0","0","7","0","","67","3","2021","7","","","","6","0","0","0","0","0","0","0","0","","0","0","0","1","2","1","N","0","0","","","0","","8","0","0","0","67301","0","0","0","N","0","0","0","1","00000","0","","4.0","","1","N","N","N","0","","0","0","0","0","0","","140","1","1","0","0","0","1","0","1","0","1","0","0","0","3","","","N","","","","","","","","","",""
"2022014515","0345","0","0","0","0","0","0","0","0","0","5","0","","67","12","2021","5","39.955133","-75.240169","0340","6","0","0","0","0","0","0","0","0","","0","0","0","3","3","0","N","0","0","39 57:18.480","","0","75 14:24.610","9","0","0","0","67301","0","0","0","N","0","0","0","1","67301","0","","6.0","","1","N","N","N","1","","0","0","1","0","0","","340","3","0","0","0","0","0","1","2","1","3","0","0","0","3","","","N","","","","","","","","","",""
"2022024070","","1","0","0","0","0","0","0","0","0","4","0","","67","12","2021","5","39.974597","-75.199487","","6","0","0","0","0","0","0","0","0","","0","0","0","11","1","1","","1","0","39 58:28.550","","2","75 11:58.153","8","0","0","0","67301","0","0","0","N","0","0","0","2","00000","0","","1.0","","1","N","N","N","0","","0","0","1","3","2","","1145","2","1","0","0","0","1","0","2","0","2","0","0","0","3","","","N","","","","","","","","","",""
"2022012382","","1","0","0","0","0","0","0","0","0","1","0","","67","1","2021","7","39.897755","-75.211533","","6","0","0","0","0","0","0","0","0","","0","0","0","10","1","1","N","0","0","39 53:51.918","","3","75 12:41.518","8","0","0","0","67301","0","0","0","N","0","0","0","2","00000","0","","1.0","","1","N","N","N","0","","0","0","1","0","0","","1020","2","1","0","0","0","1","0","2","0","2","0","0","0","3","","","N","","","","","","","","","",""
"2022024067","","0","0","0","0","0","0","0","0","0","1","0","","67","11","2021","3","40.064813","-75.239748","","6","0","0","0","0","0","1","0","0","","0","0","0","20","1","1","Y","0","0","40 03:53.326","","0","75 14:23.093","8","0","0","0","67301","0","0","0","N","0","0","0","2","00000","0","","1.0","","1","N","N","N","0","","0","0","1","3","2","","2000","2","1","0","0","0","1","0","2","0","2","0","0","0","3","","","N","","","","","","","","","",""
"2022019546","0406","1","0","0","0","0","0","0","0","0","5","0","","67","9","2021","3","40.0454","-75.125583","0401","6","0","0","0","0","0","0","0","0","","0","0","0","3","3","0","N","0","0","40 02:43.440","","0","75 07:32.100","9","0","0","0","67301","0","0","0","N","0","0","0","1","67301","0","","6.0","","1","N","N","N","0","","0","0","1","0","0","","314","2","0","0","0","0","0","1","2","0","2","0","0","0","3","","","N","","","","","","","","","",""
"2022020157","2343","3","0","0","0","0","0","0","0","0","4","0","","67","11","2021","5","39.971667","-75.161071","2335","6","0","0","0","0","0","0","0","0","","0","0","0","23","3","1","","1","0","39 58:18.002","","0","75 09:39.855","3","0","0","0","67301","0","0","0","N","0","0","0","2","67301","0","","1.0","","1","N","N","N","0","","1","0","0","3","2","","2329","3","1","0","0","0","0","0","2","0","3","0","0","0","3","03","","N","","","","","","","","","",""
"2022012303","","0","0","0","0","0","0","0","0","0","1","0","","67","5","2021","6","39.892503","-75.222547","","6","0","0","0","0","0","0","1","0","","0","0","0","11","1","1","","1","0","39 53:33.012","","2","75 13:21.169","8","0","0","0","67301","0","0","0","N","0","0","0","2","00000","0","","1.0","","1","N","N","N","0","","0","0","1","0","0","","1118","2","1","0","0","0","1","0","2","0","2","0","0","0","3","","","N","","","","","","","","","",""
"2022012230","","1","0","0","0","0","0","0","0","0","4","0","","67","6","2021","7","40.075509","-75.035611","","6","0","0","0","0","0","0","0","0","","0","0","0","15","1","1","","2","0","40 04:31.832","","0","75 02:08.201","8","0","0","0","67301","0","0","0","N","0","0","0","4","00000","0","","1.0","","1","N","N","N","0","","0","0","1","3","3","","1500","2","1","0","0","0","1","0","2","0","2","0","0","0","3","","","N","","","","","","","","","",""
"2022000066","1545","0","0","0","0","0","0","0","0","0","1","0","","67","12","2021","6","40.023791","-75.195565","1535","6","0","0","0","0","0","1","0","0","","0","0","0","13","1","0","N","0","0","40 01:25.649","","3","75 11:44.033","0","0","0","0","67301","0","0","0","N","0","0","0","3","67301","0","","1.0","","9","N","N","N","0","","0","0","2","0","0","","1345","2","0","1","0","0","0","0","2","0","2","0","0","0","7","04","","N","","","","","","","","","",""
"2022020159","0205","1","0","0","0","0","0","0","0","0","2","0","","67","11","2021","7","39.971459","-75.159368","0200","6","0","0","0","1","0","0","0","0","","0","0","0","1","3","0","","1","0","39 58:17.254","","7","75 09:33.726","0","0","0","0","67301","0","0","0","N","0","0","0","3","67301","0","","1.0","","1","N","N","N","0","","0","0","1","3","2","","130","2","0","0","0","0","0","0","2","0","2","0","0","0","3","03","","N","","","","","","","","","",""
"2022020156","0236","2","0","0","0","0","0","0","0","0","4","0","","67","10","2021","4","39.994354","-75.157809","0235","6","0","0","0","0","0","0","0","0","","0","0","0","2","3","0","","1","0","39 59:39.675","","0","75 09:28.112","0","0","0","0","67301","0","0","0","N","0","0","0","4","67301","0","","1.0","","9","N","N","N","0","","0","0","1","3","2","","234","3","0","4","0","0","0","0","2","0","3","0","0","0","7","","","N","","","","","","","","","",""
"2022021821","","1","0","0","0","0","0","0","0","0","4","0","","67","7","2021","6","39.999174","-75.155134","","6","0","0","0","0","0","0","0","0","","0","0","0","12","1","1","","2","0","39 59:57.026","","0","75 09:18.482","4","0","0","0","67301","0","0","0","N","0","0","0","2","00000","1","","1.0","","1","N","N","N","0","","0","0","1","3","3","","1230","2","1","0","0","0","0","0","2","0","2","0","0","0","3","","","N","","","","","","","","","",""
"2022005007","1920","2","0","0","0","0","0","0","0","0","5","0","","67","11","2021","1","40.039955","-75.006633","1902","6","0","0","0","1","0","0","0","0","","0","0","0","19","3","3","N","0","1","40 02:23.837","2","0","75 00:23.879","8","0","0","0","67301","0","0","0","N","0","0","0","5","68K01","0","","1.0","2000.0","1","N","N","N","0","","0","0","1","0","0","N","1901","3","3","0","0","0","3","0","2","0","3","0","0","0","3","","","N","","","","","","","","","",""
"2022000067","1558","1","0","0","0","0","0","0","0","0","4","0","","67","12","2021","6","39.998067","-75.161869","1550","6","0","0","0","0","0","1","0","0","","0","0","0","15","1","2","","1","0","39 59:53.041","","0","75 09:42.728","3","0","0","0","67301","0","0","0","N","0","0","0","2","67301","0","","1.0","","1","N","N","N","0","","2","0","1","3","3","","1549","2","2","0","0","0","0","0","2","0","2","0","0","0","3","03","","N","","","","","","","","","",""
"2022019545","0202","0","0","0","0","0","0","0","0","0","8","0","","67","2","2021","3","40.037","-75.144694","0201","6","0","0","0","0","0","0","0","0","","0","0","0","2","6","2","","2","0","40 02:13.200","","0","75 08:40.900","3","0","0","0","67301","2","0","0","N","2","0","0","3","67301","0","","1.0","","1","N","N","N","0","","1","0","0","3","2","","200","3","2","0","0","0","1","0","2","1","1","2","0","0","3","03","","N","","","","","","","","","",""
"2022014418","","1","0","0","0","0","0","0","0","0","4","0","","67","12","2021","6","40.007443","-75.128399","","6","0","0","0","0","0","0","0","0","","0","0","0","99","1","2","N","0","0","40 00:26.793","","7","75 07:42.235","3","0","0","0","67301","0","0","0","N","0","0","0","3","00000","0","","1.0","","1","N","N","N","0","","1","0","1","0","0","","9999","2","2","0","0","0","1","0","2","0","2","0","0","0","3","","","N","","","","","","","","","",""
"2022019525","","0","0","0","0","0","0","0","0","0","1","0","","67","12","2021","5","39.910469","-75.242375","","6","0","0","0","0","0","0","0","0","","0","0","0","18","1","2","","2","0","39 54:37.690","","0","75 14:32.550","8","0","0","0","67301","0","0","0","N","0","0","0","3","00000","0","","1.0","","1","N","N","N","0","","0","0","1","3","2","","1836","2","2","0","0","0","2","0","2","0","2","0","0","0","3","","","N","","","","","","","","","",""
"2022012392","","1","0","0","0","0","0","0","0","0","1","0","","67","4","2021","5","40.059795","-75.133423","","6","0","0","0","0","0","0","1","1","","0","0","0","13","1","2","","1","0","40 03:35.262","","0","75 08:00.324","4","0","0","0","67301","0","0","0","N","0","0","0","3","00000","1","","1.0","","1","N","N","N","0","","0","0","1","3","2","","1358","2","2","0","0","0","1","0","2","0","2","0","0","0","3","","","N","","","","","","","","","",""
"2022000451","2213","1","0","0","0","0","0","0","0","0","8","0","","67","12","2021","5","40.00105","-75.100636","2211","6","0","0","0","0","0","0","0","0","","0","0","0","22","3","1","N","0","0","40 00:03.780","","0","75 06:02.290","3","0","0","0","67301","1","0","0","N","1","0","0","2","67301","0","","1.0","","1","N","N","N","0","","1","0","2","0","0","","2210","5","1","0","0","0","0","0","2","0","4","1","0","0","3","03","","N","","","","","","","","","",""
"2022021835","","0","0","0","0","0","0","0","0","0","1","0","","67","11","2021","7","40.025569","-75.043967","","6","0","0","0","0","0","1","0","0","","0","0","0","14","1","1","N","0","0","40 01:32.049","","0","75 02:38.280","8","0","0","0","67301","0","0","0","N","0","0","0","2","00000","0","","1.0","","1","N","N","N","0","","0","0","1","0","0","","1415","2","1","0","0","0","1","0","2","0","2","0","0","0","3","","","N","","","","","","","","","",""
"2022000064","1410","1","0","0","0","0","0","0","0","0","8","0","","67","12","2021","5","40.012629","-75.152166","1410","6","0","0","0","0","0","0","0","0","","0","0","0","11","1","1","N","0","0","40 00:45.464","","0","75 09:07.798","3","0","0","0","67301","1","0","0","N","1","0","0","2","67301","0","","1.0","","1","N","N","N","0","","1","0","1","0","0","","1135","3","1","0","0","0","0","0","2","0","2","1","0","0","4","","","N","","","","","","","","","",""
"2022000872","","1","0","0","0","0","0","0","0","0","4","0","","67","12","2021","4","39.987671","-75.22498","","6","0","0","0","0","0","0","0","0","","0","0","0","1","3","0","","2","0","39 59:15.615","","0","75 13:29.927","0","0","0","0","67301","0","0","0","N","0","0","0","1","00000","0","","1.0","","1","N","N","N","0","","0","0","0","3","2","","100","3","0","0","0","0","0","0","2","0","3","0","0","0","3","","","N","","","","","","","","","",""
"2022000001","1740","0","0","0","0","0","0","0","0","0","8","0","","67","11","2021","6","40.022479","-75.144488","1738","6","0","0","0","0","0","0","0","0","","0","0","0","14","1","1","","1","0","40 01:20.924","","0","75 08:40.156","3","0","0","0","67301","1","0","0","N","1","0","0","2","67301","0","","1.0","","1","N","N","N","0","","1","0","1","3","3","","1417","2","1","0","0","0","0","1","2","0","1","1","0","0","3","","","N","","","","","","","","","",""
"2022008579","1528","1","0","0","0","0","0","0","0","0","1","0","","67","12","2021","6","39.948286","-75.141724","1526","6","0","0","0","0","0","0","0","0","","0","0","0","15","1","0","N","0","2","39 56:53.831","1","0","75 08:30.206","9","0","0","0","67301","0","0","0","N","0","0","0","3","68K01","0","","1.0","1543.0","1","N","N","N","0","","0","0","0","0","0","N","1523","3","0","0","0","0","0","2","2","0","3","0","0","0","3","03","","N","","","","","","","","","",""
"2022009469","","0","0","0","0","0","0","0","0","0","1","0","","67","11","2021","1","39.980562","-75.172409","","6","0","0","0","0","0","0","0","0","","0","0","0","16","1","1","","5","0","39 58:50.024","","0","75 10:20.673","8","0","0","0","67301","0","0","0","N","0","0","0","3","00000","0","","1.0","","1","N","N","N","0","","0","0","2","3","2","","1630","2","1","0","0","0","1","0","2","0","2","0","0","0","3","","","N","","","","","","","","","",""
"2022000172","1720","1","0","0","0","0","0","0","0","0","4","0","","67","12","2021","6","39.923299","-75.161318","1703","6","0","0","0","0","0","0","0","0","","0","0","0","16","3","3","","1","0","39 55:23.877","","0","75 09:40.743","8","0","0","0","67301","0","0","0","N","0","0","0","5","67301","0","","1.0","","1","N","N","N","0","","0","0","0","3","2","","1646","2","3","0","0","0","3","1","2","1","2","0","0","0","3","","","N","","","","","","","","","",""
"2022000031","2335","1","0","0","0","0","0","0","0","0","7","0","","67","12","2021","6","40.098579","-75.04662","2330","6","0","0","0","0","0","0","0","0","","0","0","0","23","3","1","N","0","0","40 05:54.883","","0","75 02:47.831","8","0","0","0","67301","0","0","0","N","0","0","0","1","67301","0","","4.0","","9","N","N","N","0","","0","0","0","0","0","","2326","1","1","0","0","0","1","0","2","0","1","0","0","0","7","","","N","","","","","","","","","",""
"2022014512","0525","2","0","0","0","0","0","0","0","0","5","0","","67","11","2021","1","39.947078","-75.212408","0518","6","0","0","0","0","0","0","0","0","","0","0","0","5","3","0","N","0","0","39 56:49.481","","0","75 12:44.669","0","0","0","0","67301","0","0","0","N","0","0","0","1","67301","0","","6.0","","1","N","N","N","0","","0","0","2","0","0","","517","4","0","0","0","0","0","0","2","0","4","0","0","0","3","03","","N","","","","","","","","","",""
"2022002821","0043","2","0","0","0","0","0","0","0","0","1","0","","67","12","2021","6","39.891521","-75.22165","0043","6","0","0","0","0","0","0","1","0","","0","0","0","0","3","1","N","0","0","39 53:29.475","","2","75 13:17.940","8","0","0","0","67301","0","0","0","N","0","0","0","2","68K01","0","","1.0","","1","N","N","N","0","","0","0","0","0","0","","42","2","1","0","0","0","1","1","2","0","2","0","0","0","3","","","N","","","","","","","","","",""
"2022010813","1118","0","0","0","0","0","0","0","0","0","8","0","","67","12","2021","6","40.010143","-75.136234","1116","6","0","0","0","0","0","0","0","0","","1","0","0","11","1","0","","1","2","40 00:36.514","1","0","75 08:10.442","1","0","0","0","67301","1","1","0","N","0","0","0","2","67301","0","2","1.0","1358.0","1","N","N","N","0","0","0","0","1","3","2","Y","1115","2","0","0","0","0","0","0","2","0","1","1","1","0","4","04","","N","","","","","","","","","",""
"2022012351","","2","0","0","0","0","0","0","0","0","1","0","","67","4","2021","7","40.018021","-75.149331","","6","0","0","0","0","0","0","0","0","","0","0","0","13","1","2","","1","0","40 01:04.874","","0","75 08:57.592","8","0","0","0","67301","0","0","0","N","0","0","0","3","00000","0","","1.0","","1","N","N","N","0","","0","0","0","3","2","","1320","3","2","0","0","0","2","0","2","0","3","0","0","0","3","","","N","","","","","","","","","",""
"2022009944","0215","0","0","0","0","0","0","0","0","0","8","0","","67","10","2021","1","39.958775","-75.17004","0207","6","0","0","0","0","0","0","0","0","","1","0","0","2","3","0","N","0","2","39 57:31.589","3","0","75 10:12.145","1","0","0","0","67301","1","1","0","N","1","1","0","2","68K01","0","1","1.0","515.0","9","N","N","N","0","0","0","0","0","0","0","Y","207","2","0","0","0","0","0","1","2","0","1","1","1","0","3","","","N","","","","","","","","","",""
"2021126227","0854","1","0","0","0","0","0","0","0","0","1","0","","67","12","2021","2","39.984448","-75.095528","0830","6","0","0","0","0","0","0","1","0","","0","0","0","8","1","1","N","0","2","39 59:04.014","1","0","75 05:43.902","8","0","0","0","67301","0","0","0","N","0","0","0","3","68K01","0","","1.0","945.0","1","N","N","N","0","","0","0","1","0","0","N","828","3","1","0","0","0","1","0","2","1","3","0","0","0","3","","","N","","","","","","","","","",""
"2022004678","","1","0","1","0","0","0","0","0","0","5","0","","67","11","2021","2","39.888622","-75.240866","","6","0","0","0","0","0","0","0","0","","0","0","0","6","1","1","","6","0","39 53:19.040","","2","75 14:27.118","2","0","0","0","67301","0","0","0","N","0","0","0","2","00000","0","","7.0","","1","N","N","N","0","","0","1","0","0","0","","650","2","1","0","0","0","0","0","2","0","2","0","0","0","3","","","N","","","","","","","","","",""
"2022000140","2207","2","0","0","0","0","0","0","0","0","5","0","","67","12","2021","6","39.997047","-75.163681","2206","6","0","0","0","0","0","0","0","0","","0","0","0","22","3","0","N","0","0","39 59:49.370","","0","75 09:49.250","9","0","0","0","67301","0","0","0","N","0","0","0","1","67301","0","","6.0","","1","N","N","N","0","","0","0","1","0","0","","2202","3","0","0","0","0","0","1","2","0","3","0","0","0","3","03","","N","","","","","","","","","",""
"2022010814","2140","1","0","0","0","0","0","0","0","0","2","0","","67","12","2021","2","40.014753","-75.170833","2135","6","0","0","0","0","1","0","0","0","","0","0","0","21","3","2","N","0","0","40 00:53.109","","0","75 10:14.999","3","0","0","0","67301","0","0","0","N","0","0","0","2","67301","0","","1.0","","9","N","N","N","0","","2","0","1","0","0","","2102","2","2","0","0","0","0","0","2","0","2","0","0","0","7","07","","N","","","","","","","","","",""
"2022000025","0207","4","0","0","0","0","0","0","0","0","5","0","","67","12","2021","4","39.926614","-75.157956","0200","6","0","0","0","0","0","0","0","0","","0","0","0","1","3","0","N","0","0","39 55:35.810","","0","75 09:28.640","0","0","0","0","67301","0","0","0","N","0","0","0","1","67301","0","","6.0","","9","N","N","Y","0","","0","0","2","0","0","","150","6","0","0","0","0","0","0","2","0","6","0","0","0","7","04","","N","","","","","","","","","",""