"CRN","ARRIVAL_TM","AUTOMOBILE_COUNT","BELTED_DEATH_COUNT","BELTED_SUSP_SERIOUS_INJ_COUNT","BICYCLE_COUNT","BICYCLE_DEATH_COUNT","BICYCLE_SUSP_SERIOUS_INJ_COUNT","BUS_COUNT","CHLDPAS_DEATH_COUNT","CHLDPAS_SUSP_SERIOUS_INJ_COUNT","COLLISION_TYPE","COMM_VEH_COUNT","CONS_ZONE_SPD_LIM","COUNTY","CRASH_MONTH","CRASH_YEAR","DAY_OF_WEEK","DEC_LATITUDE","DEC_LONGITUDE","DISPATCH_TM","DISTRICT","DRIVER_COUNT_16YR","DRIVER_COUNT_17YR","DRIVER_COUNT_18YR","DRIVER_COUNT_19YR","DRIVER_COUNT_20YR","DRIVER_COUNT_50_64YR","DRIVER_COUNT_65_74YR","DRIVER_COUNT_75PLUS","EST_HRS_CLOSED","FATAL_COUNT","HEAVY_TRUCK_COUNT","HORSE_BUGGY_COUNT","HOUR_OF_DAY","ILLUMINATION","INJURY_COUNT","INTERSECTION_RELATED","INTERSECT_TYPE","LANE_CLOSED","LATITUDE","LN_CLOSE_DIR","LOCATION_TYPE","LONGITUDE","MAX_SEVERITY_LEVEL","MCYCLE_DEATH_COUNT","MCYCLE_SUSP_SERIOUS_INJ_COUNT","MOTORCYCLE_COUNT","MUNICIPALITY","NONMOTR_COUNT","NONMOTR_DEATH_COUNT","NONMOTR_SUSP_SERIOUS_INJ_COUNT","NTFY_HIWY_MAINT","PED_COUNT","PED_DEATH_COUNT","PED_SUSP_SERIOUS_INJ_COUNT","PERSON_COUNT","POLICE_AGCY","POSSIBLE_INJ_COUNT","RDWY_SURF_TYPE_CD","RELATION_TO_ROAD","ROADWAY_CLEARED","ROAD_CONDITION","SCH_BUS_IND","SCH_ZONE_IND","SECONDARY_CRASH","SMALL_TRUCK_COUNT","SPEC_JURIS_CD","SUSP_MINOR_INJ_COUNT","SUSP_SERIOUS_INJ_COUNT","SUV_COUNT","TCD_FUNC_CD","TCD_TYPE","TFC_DETOUR_IND","TIME_OF_DAY","TOTAL_UNITS","TOT_INJ_COUNT","UNBELTED_OCC_COUNT","UNB_DEATH_COUNT","UNB_SUSP_SERIOUS_INJ_COUNT","UNK_INJ_DEG_COUNT","UNK_INJ_PER_COUNT","URBAN_RURAL","VAN_COUNT","VEHICLE_COUNT","VULNERABLE_ROAD_USER_COUNT","VULNERABLE_ROAD_USER_DEATH_COUNT","VULNERABLE_ROAD_USER_SER_INJ_COUNT","WEATHER1","WEATHER2","WORKERS_PRES","WORK_ZONE_IND","WORK_ZONE_LOC","WORK_ZONE_TYPE","WZ_CLOSE_DETOUR","WZ_FLAGGER","WZ_LAW_OFFCR_IND","WZ_LN_CLOSURE","WZ_MOVING","WZ_OTHER","WZ_SHLDER_MDN","WZ_WORKERS_INJ_KILLED"
"2022000317","1633","1","0","0","0","0","0","0","0","0","4","0","","67","12","2021","5","39.921501","-75.147422","1633","6","0","0","0","0","0","0","0","0","","0","0","0","16","4","2","","1","0","39 55:17.402","","0","75 08:50.719","4","0","0","0","67301","0","0","0","N","0","0","0","6","67301","2","","1.0","","1","N","N","N","0","","0","0","2","3","3","","1633","3","2","0","0","0","0","0","2","0","3","0","0","0","3","03","","N","","","","","","","","","",""
"2022000897","","0","0","0","0","0","0","1","0","0","5","1","","67","11","2021","2","39.95194","-75.159916","","6","0","0","0","0","0","0","0","0","","0","0","0","7","1","1","","1","0","39 57:06.984","","0","75 09:35.699","8","0","0","0","67301","0","0","0","N","0","0","0","2","00000","0","","1.0","","1","N","N","N","0","","0","0","1","3","2","","700","2","1","0","0","0","1","0","2","0","2","0","0","0","3","","","N","","","","","","","","","",""
"2022000180","2054","1","0","0","0","0","0","0","0","0","4","0","","67","12","2021","6","39.980408","-75.239378","2052","6","0","0","0","0","0","0","0","0","","0","0","0","19","3","1","","1","0","39 58:49.468","","0","75 14:21.760","3","0","0","0","67301","0","0","0","N","0","0","0","3","67301","0","","1.0","","1","N","N","N","0","","1","0","1","3","2","","1948","2","1","2","0","0","0","0","2","0","2","0","0","0","3","","","N","","","","","","","","","",""
"2022000412","1625","1","0","0","0","0","0","0","0","0","5","0","","67","12","2021","6","39.996028","-75.169139","1608","6","0","0","0","0","0","1","0","0","","0","0","0","16","1","1","N","0","0","39 59:45.700","","0","75 10:08.900","3","0","0","0","67301","0","0","0","N","0","0","0","2","67301","0","","1.0","","1","N","N","N","0","","1","0","0","0","0","","1600","2","1","0","0","0","0","1","2","1","2","0","0","0","3","","","N","","","","","","","","","",""
"2022005943","1945","1","0","0","0","0","0","0","0","0","7","0","","67","12","2021","7","39.960452","-75.181239","1938","6","0","0","0","0","0","0","0","0","","0","0","0","19","3","1","","7","0","39 57:37.626","","8","75 10:52.459","8","0","0","0","67301","0","0","0","Y","0","0","0","1","68K01","0","","7.0","","9","N","N","N","0","","0","0","0","0","0","","1937","1","1","0","0","0","1","0","2","0","1","0","0","0","7","","","N","","","","","","","","","",""
"2022009945","0207","0","0","0","0","0","0","0","0","0","0","0","","67","11","2021","2","39.960495","-75.181317","0200","6","0","0","0","0","0","0","0","0","","1","0","0","1","3","1","N","0","2","39 57:37.781","4","8","75 10:52.742","1","1","0","1","67301","0","0","0","N","0","0","0","2","68K01","0","2","1.0","509.0","9","N","N","N","0","0","1","0","0","0","0","Y","159","1","1","0","0","0","0","0","2","0","1","0","0","0","7","","","N","","","","","","","","","",""
"2022032839","1358","1","0","0","0","0","0","0","0","0","4","0","","67","12","2021","3","40.068289","-75.172214","1356","6","0","0","0","0","1","1","0","0","","0","0","0","13","1","1","","2","0","40 04:05.840","","0","75 10:19.970","3","0","0","0","67301","0","0","0","N","0","0","0","3","67301","0","","1.0","","1","N","N","N","0","","1","0","1","3","3","","1335","2","1","0","0","0","0","0","2","0","2","0","0","0","3","03","","N","","","","","","","","","",""
"2022026684","","0","0","0","0","0","0","0","0","0","1","0","","67","7","2021","1","39.992957","-75.110258","","6","0","0","0","0","0","0","1","0","","0","0","0","19","1","2","","1","0","39 59:34.645","","0","75 06:36.928","8","0","0","0","67301","0","0","0","N","0","0","0","2","00000","0","","1.0","","1","N","N","N","0","","0","0","2","3","2","","1945","2","2","0","0","0","2","0","2","0","2","0","0","0","3","","","N","","","","","","","","","",""
"2022005977","1638","2","0","0","0","0","0","0","0","0","1","0","","67","12","2021","6","39.996705","-75.19658","1635","6","0","0","0","0","0","0","0","0","","0","0","0","16","3","2","N","0","1","39 59:48.139","4","0","75 11:47.688","8","0","0","0","67301","0","0","0","N","0","0","0","2","68K01","0","","1.0","1640.0","1","N","N","Y","0","","0","0","0","0","0","N","1632","2","2","0","0","0","2","0","2","0","2","0","0","0","3","","","N","","","","","","","","","",""
"2022010812","1726","1","0","0","0","0","0","0","0","0","8","0","","67","12","2021","2","40.044621","-75.054672","1722","6","0","0","0","0","0","0","0","0","","0","0","0","17","3","2","","1","0","40 02:40.636","","0","75 03:16.819","8","0","0","0","67301","1","0","0","N","1","0","0","2","67301","0","","1.0","","9","N","N","N","0","","0","0","0","3","2","","1722","2","2","0","0","0","2","0","2","0","1","1","0","0","7","06","","N","","","","","","","","","",""
"2022000241","2311","0","0","0","0","0","0","0","0","0","4","0","","67","12","2021","1","40.020244","-75.114084","2311","6","0","0","0","0","0","0","0","0","","0","0","0","20","6","0","","1","0","40 01:12.880","","0","75 06:50.704","0","0","0","0","67301","0","0","0","N","0","0","0","4","67301","0","","1.0","","99","N","N","N","0","","0","0","1","9","2","","2030","2","0","0","0","0","0","0","2","0","2","0","0","0","99","03","","N","","","","","","","","","",""
"2022015554","1518","2","0","0","0","0","0","0","0","0","4","0","","67","12","2021","1","39.981602","-75.251065","1518","6","0","0","0","0","0","0","0","0","","0","0","0","15","1","2","","1","0","39 58:53.767","","0","75 15:03.834","3","0","0","0","67301","0","0","0","N","0","0","0","3","67301","0","","1.0","","1","N","N","N","0","","2","0","0","3","2","","1500","2","2","0","0","0","0","0","2","0","2","0","0","0","3","03","","N","","","","","","","","","",""
"2022001453","0241","2","0","0","0","0","0","0","0","0","7","0","","67","12","2021","5","39.960402","-75.181149","0234","6","0","0","1","0","0","0","0","0","","0","0","0","2","3","0","N","0","1","39 57:37.448","4","0","75 10:52.135","0","0","0","0","67301","0","0","0","N","0","0","0","4","68K01","0","","3.0","235.0","9","N","N","N","0","","0","0","1","0","0","N","201","3","0","0","0","0","0","0","2","0","3","0","0","0","7","07","","N","","","","","","","","","",""
"2022017332","1816","1","0","0","0","0","0","0","0","0","5","0","","67","12","2021","4","39.948117","-75.147747","1816","6","0","0","0","0","0","0","0","0","","0","0","0","17","3","0","N","0","0","39 56:53.220","","0","75 08:51.890","0","0","0","0","67301","0","0","0","N","0","0","0","2","67301","0","","1.0","","1","N","N","N","0","","0","0","1","0","0","","1750","2","0","2","0","0","0","0","2","0","2","0","0","0","3","03","","N","","","","","","","","","",""
"2022002934","0255","1","0","0","0","0","0","0","0","0","7","0","","67","12","2021","3","39.983009","-75.207931","0250","6","0","0","0","0","0","0","0","0","","0","0","0","2","3","0","N","0","0","39 58:58.834","","0","75 12:28.552","0","0","0","0","67301","0","0","0","N","0","0","0","3","68K01","0","","2.0","","9","N","N","N","0","","0","0","0","0","0","","238","1","0","0","0","0","0","0","2","0","1","0","0","0","7","","","N","","","","","","","","","",""
"2022000028","0054","0","0","0","0","0","0","0","0","0","5","0","","67","12","2021","5","39.932325","-75.153717","0054","6","1","0","0","0","0","0","0","0","","0","0","0","0","3","1","N","0","2","39 55:56.370","3","0","75 09:13.380","3","0","0","0","67301","0","0","0","N","0","0","0","3","67301","0","","6.0","230.0","1","N","N","N","0","","1","0","2","0","0","Y","50","2","1","0","0","0","0","0","2","0","2","0","0","0","7","07","","N","","","","","","","","","",""
"2022000036","0300","2","0","0","0","0","0","0","0","0","5","0","","67","12","2021","3","40.016822","-75.134778","0251","6","0","0","0","0","0","0","0","0","","0","0","0","2","3","0","N","0","0","40 01:00.560","","0","75 08:05.200","0","0","0","0","67301","0","0","0","N","0","0","0","1","67301","0","","6.0","","9","N","N","N","0","","0","0","1","0","0","","242","3","0","1","0","0","0","0","2","0","3","0","0","0","7","07","","N","","","","","","","","","",""
"2022000075","1930","1","0","0","0","0","0","0","0","0","8","0","","67","12","2021","2","40.038261","-75.144624","1930","6","0","0","0","0","0","0","0","0","","0","0","0","15","1","1","","2","0","40 02:17.739","","0","75 08:40.646","8","0","0","0","67301","1","0","0","N","1","0","0","2","67301","0","","1.0","","1","N","N","N","0","","0","0","0","3","3","","1530","2","1","0","0","0","1","0","2","0","1","1","0","0","3","03","","N","","","","","","","","","",""
"2022000171","2025","0","0","0","0","0","0","0","0","0","4","0","","67","12","2021","4","39.924583","-75.152091","2023","6","0","0","0","0","0","0","0","0","","0","0","0","20","3","2","","1","1","39 55:28.498","3","0","75 09:07.527","3","0","0","1","67301","0","0","0","N","0","0","0","2","67301","0","","1.0","2131.0","1","N","N","N","0","","2","0","1","3","2","Y","2006","2","2","0","0","0","0","0","2","0","2","0","0","0","3","03","","N","","","","","","","","","",""
"2022000169","1855","1","0","0","0","0","0","0","0","0","4","0","","67","12","2021","4","39.921895","-75.170285","1850","6","0","0","0","0","0","1","0","0","","0","0","0","18","3","2","","1","1","39 55:18.821","3","0","75 10:13.026","3","0","0","0","67301","0","0","0","N","0","0","0","4","67301","0","","1.0","1910.0","1","N","N","N","0","","2","0","1","3","2","Y","1820","2","2","0","0","0","0","0","2","0","2","0","0","0","3","03","","N","","","","","","","","","",""
"2022014517","0446","1","0","0","0","0","0","0","0","0","4","0","","67","12","2021","7","39.95844","-75.237444","0446","6","0","0","0","0","0","0","0","0","","0","0","0","4","3","1","","1","2","39 57:30.385","4","0","75 14:14.799","3","0","0","0","67301","0","0","0","N","0","0","0","2","67301","0","","1.0","600.0","9","N","Y","N","0","","1","0","0","2","2","Y","443","2","1","1","0","0","0","0","2","0","2","0","0","0","7","04","","N","","","","","","","","","",""
"2022000034","1723","1","0","0","0","0","0","0","0","0","5","0","","67","12","2021","6","39.996657","-75.153869","1723","6","0","0","0","0","0","0","0","0","","0","0","0","20","3","0","N","0","0","39 59:47.965","","0","75 09:13.930","9","0","0","0","67301","0","0","0","N","0","0","0","1","67301","0","","6.0","","9","N","N","N","0","","0","0","0","0","0","","2000","2","0","0","0","0","0","1","2","0","2","0","0","0","7","07","","N","","","","","","","","","",""
"2022032840","2111","1","0","0","0","0","0","0","0","0","4","0","","67","9","2021","6","39.972028","-75.234475","2110","6","0","0","0","0","0","0","0","0","","0","0","0","21","3","2","","1","0","39 58:19.300","","0","75 14:04.109","4","0","0","0","67301","0","0","0","N","0","0","0","3","67301","2","","1.0","","1","N","N","N","0","","0","0","1","3","3","","2110","2","2","1","0","0","0","1","2","0","2","0","0","0","4","","","N","","","","","","","","","",""
"2022011579","2326","1","0","0","0","0","0","0","0","0","1","0","","67","12","2021","3","39.899475","-75.177354","2326","6","0","0","0","0","0","0","0","0","","0","0","0","23","3","1","N","0","2","39 53:58.109","2","2","75 10:38.473","4","0","0","0","67301","0","0","0","N","0","0","0","2","68K01","1","","1.0","2352.0","9","N","N","N","1","","0","0","0","0","0","Y","2326","2","1","0","0","0","0","0","2","0","2","0","0","0","7","","","N","","","","","","","","","",""
"2022005030","1058","2","0","0","0","0","0","0","0","0","5","1","","67","12","2021","6","40.033679","-75.019883","1054","6","0","0","0","0","0","0","0","0","","0","1","0","10","1","2","N","0","1","40 02:01.246","1","0","75 01:11.579","3","0","0","0","67301","0","0","0","N","0","0","0","4","68K01","0","","1.0","1150.0","1","N","N","N","0","","2","0","0","0","0","Y","1052","3","2","0","0","0","0","0","2","0","3","0","0","0","4","04","","N","","","","","","","","","",""
"2022026660","","1","0","0","0","0","0","0","0","0","7","0","","67","10","2021","7","40.02675","-75.209944","","6","0","0","0","0","0","0","0","0","","0","0","0","0","2","2","N","0","0","40 01:36.300","","0","75 12:35.800","8","0","0","0","67301","0","0","0","N","0","0","0","2","00000","0","","4.0","","1","N","N","N","0","","0","0","0","0","0","","5","1","2","0","0","0","2","0","2","0","1","0","0","0","3","","","N","","","","","","","","","",""
"2022000553","0039","0","0","0","0","0","0","0","0","0","7","0","","67","12","2021","1","40.040079","-75.006425","0039","6","0","0","0","0","0","0","0","0","","0","0","0","0","3","0","N","0","1","40 02:24.283","2","0","75 00:23.129","0","0","0","0","67301","0","0","0","N","0","0","0","1","68K01","0","","3.0","15.0","9","N","N","N","1","","0","0","0","0","0","N","11","1","0","0","0","0","0","0","2","0","1","0","0","0","7","07","","N","","","","","","","","","",""
"2022008577","0016","2","0","0","0","0","0","0","0","0","5","0","","67","12","2021","3","39.940832","-75.143506","0016","6","0","0","0","0","0","0","0","0","","0","0","0","0","3","0","","7","1","39 56:26.994","2","2","75 08:36.622","0","0","0","0","67301","0","0","0","N","0","0","0","1","68K01","0","","7.0","18.0","9","N","N","Y","0","","0","0","0","0","0","N","0","2","0","0","0","0","0","0","2","0","2","0","0","0","7","","","N","","","","","","","","","",""
"2022000168","1815","0","0","0","0","0","0","0","0","0","8","0","","67","12","2021","4","39.915219","-75.158495","1813","6","0","0","0","0","0","0","0","0","","0","0","0","17","3","1","N","0","0","39 54:54.787","","0","75 09:30.581","3","0","0","0","67301","1","0","0","N","1","0","0","2","67301","0","","1.0","","1","N","N","N","0","","1","0","0","0","0","","1746","2","1","0","0","0","0","0","2","0","1","1","0","0","3","03","","N","","","","","","","","","",""
"2022016378","1632","2","0","0","0","0","0","0","0","0","2","0","","67","12","2021","2","40.050225","-75.137292","1629","6","0","0","0","0","0","1","0","0","","0","0","0","16","1","0","N","0","2","40 03:00.810","5","0","75 08:14.250","0","0","0","0","67301","0","0","0","N","0","0","0","2","67301","0","","1.0","1800.0","1","N","N","N","0","","0","0","0","0","0","Y","1628","2","0","0","0","0","0","0","2","0","2","0","0","0","3","03","","N","","","","","","","","","",""
"2022004451","1801","1","0","0","0","0","0","0","0","0","1","0","","67","12","2021","5","39.94515","-75.190804","1748","6","0","0","0","0","0","0","0","0","","0","0","0","17","3","0","N","0","2","39 56:42.541","3","0","75 11:26.895","0","0","0","0","67301","0","0","0","N","0","0","0","3","68K01","0","","1.0","1757.0","1","N","N","N","0","","0","0","2","0","0","Y","1744","3","0","0","0","0","0","0","2","0","3","0","0","0","3","","","N","","","","","","","","","",""
"2022001450","0704","1","0","0","0","0","0","0","0","0","7","0","","67","12","2021","4","39.89187","-75.237637","0653","6","0","0","0","0","0","0","0","0","","0","0","0","6","3","1","N","0","2","39 53:30.731","2","0","75 14:15.492","3","0","0","0","67301","0","0","0","Y","0","0","0","2","68K01","0","","2.0","722.0","9","N","N","N","0","","1","0","1","0","0","N","650","2","1","0","0","0","0","0","2","0","2","0","0","0","7","","","N","","","","","","","","","",""
"2022000512","0315","3","0","0","0","0","0","0","0","0","6","0","","67","12","2021","2","39.981333","-75.132944","0312","6","0","0","0","0","0","0","0","0","","0","0","0","3","3","0","N","0","0","39 58:52.800","","1","75 07:58.600","0","0","0","0","67301","0","0","0","N","0","0","0","1","67301","0","","6.0","","1","N","N","N","0","","0","0","0","0","0","","301","3","0","0","0","0","0","0","2","0","3","0","0","0","3","03","","N","","","","","","","","","",""
"2022000380","0224","0","0","0","0","0","0","0","0","0","7","0","","67","12","2021","5","39.912389","-75.173889","0224","6","0","1","0","0","0","0","0","0","","0","0","0","2","3","0","","7","2","39 54:44.600","2","8","75 10:26.000","0","0","0","0","67301","0","0","0","N","0","0","0","2","67501","0","","4.0","355.0","1","N","N","N","0","","0","0","1","3","8","Y","224","1","0","0","0","0","0","0","2","0","1","0","0","0","3","","","N","","","","","","","","","",""
"2022006104","2307","2","0","0","0","0","0","0","0","0","1","0","","67","10","2021","4","39.877062","-75.254633","2251","6","0","0","0","0","0","0","0","0","","0","0","0","22","3","0","N","0","2","39 52:37.422","2","0","75 15:16.678","0","0","0","0","67301","0","0","0","N","0","0","0","2","68K01","0","","1.0","2352.0","1","N","N","N","0","","0","0","0","0","0","N","2249","2","0","1","0","0","0","0","2","0","2","0","0","0","3","","","N","","","","","","","","","",""
"2022006553","2313","2","0","0","0","0","0","0","0","0","5","0","","67","11","2021","6","39.999008","-75.195566","2308","6","0","0","0","0","0","0","0","0","","0","0","0","23","3","1","N","0","2","39 59:56.428","3","0","75 11:44.036","3","0","0","0","67301","0","0","0","N","0","0","0","2","68K01","0","","3.0","2317.0","9","N","N","N","0","","1","0","0","0","0","N","2304","2","1","0","0","0","0","1","2","0","2","0","0","0","3","","","N","","","","","","","","","",""
"2022014518","0031","1","0","0","0","0","0","0","0","0","7","0","","67","12","2021","7","39.959206","-75.218976","0031","6","0","0","0","0","0","0","0","0","","0","0","0","22","3","1","","1","0","39 57:33.140","","0","75 13:08.313","4","0","0","0","67301","0","0","0","N","0","0","0","2","67301","1","","2.0","","8","N","N","N","0","","0","0","0","3","2","","2224","2","1","0","0","0","0","0","2","0","1","0","0","0","4","07","","N","","","","","","","","","",""
"2022005756","1613","1","0","0","0","0","0","0","0","0","1","0","","67","12","2021","6","39.943622","-75.14271","1613","6","0","0","0","0","1","1","0","0","","0","0","0","16","1","1","N","0","1","39 56:37.038","1","0","75 08:33.757","4","0","0","0","67301","0","0","0","N","0","0","0","4","68K01","1","","1.0","1610.0","1","N","N","N","0","","0","0","1","0","0","N","1613","2","1","0","0","0","0","0","2","0","2","0","0","0","3","","","N","","","","","","","","","",""
"2022005269","1638","1","0","0","0","0","0","0","0","0","1","0","","67","12","2021","6","39.996705","-75.19658","1635","6","0","0","1","0","0","1","0","0","","0","0","0","16","3","3","N","0","1","39 59:48.139","4","0","75 11:47.688","8","0","0","0","67301","0","0","0","N","0","0","0","7","68K01","0","","1.0","1640.0","1","N","N","N","0","","0","0","3","0","0","N","1632","4","3","0","0","0","3","0","2","0","4","0","0","0","3","","","N","","","","","","","","","",""
"2022014503","0535","3","0","0","0","0","0","0","0","0","5","0","","67","7","2021","1","39.948875","-75.217081","0530","6","0","0","0","0","0","0","0","0","","0","0","0","5","3","0","N","0","2","39 56:55.950","4","0","75 13:01.490","0","0","0","0","67301","0","0","0","N","0","0","0","1","67301","0","","6.0","544.0","1","N","N","N","0","","0","0","0","0","0","Y","530","3","0","1","0","0","0","0","2","0","3","0","0","0","3","03","","N","","","","","","","","","",""
"2022012381","","1","0","0","0","0","0","0","0","0","1","0","","67","5","2021","6","40.002618","-75.160847","","6","0","0","0","0","0","1","0","0","","0","0","0","12","1","1","","2","0","40 00:09.425","","0","75 09:39.049","8","0","0","0","67301","0","0","0","N","0","0","0","2","00000","0","","1.0","","1","N","N","N","0","","0","0","0","3","2","","1200","2","1","0","0","0","1","0","2","0","2","0","0","0","3","","","N","","","","","","","","","",""
"2022005021","2243","1","0","0","0","0","0","0","0","0","7","0","","67","12","2021","2","39.959994","-75.179705","2243","6","0","0","0","0","0","0","0","0","","0","0","0","22","3","0","N","0","2","39 57:35.979","3","0","75 10:46.939","0","0","0","0","67301","0","0","0","N","0","0","0","1","68K01","0","","2.0","2325.0","9","N","N","N","0","","0","0","0","0","0","Y","2243","1","0","0","0","0","0","0","2","0","1","0","0","0","7","","","N","","","","","","","","","",""
"2022012238","","0","0","0","0","0","0","0","0","0","1","0","","67","4","2021","1","40.030332","-75.131845","","6","0","0","0","0","0","0","0","0","","0","0","0","22","3","1","","1","0","40 01:49.195","","0","75 07:54.642","8","0","0","0","67301","0","0","0","N","0","0","0","2","00000","0","","1.0","","1","N","N","N","1","","0","0","1","3","2","","2200","2","1","0","0","0","1","0","2","0","2","0","0","0","3","","","N","","","","","","","","","",""
"2022004690","","1","0","0","0","0","0","0","0","0","5","0","","67","12","2021","5","40.029486","-75.103826","","6","0","0","0","0","0","0","0","0","","0","0","0","10","1","1","","3","0","40 01:46.148","","0","75 06:13.773","8","0","0","0","67301","0","0","0","N","0","0","0","2","00000","0","","1.0","","1","N","N","N","0","","0","0","0","3","2","","1030","2","1","0","0","0","1","0","2","0","2","0","0","0","3","","","N","","","","","","","","","",""
"2022014521","1629","1","0","0","0","0","0","0","0","0","8","0","","67","12","2021","5","40.040653","-75.126458","1629","6","0","0","0","0","0","0","0","0","","0","0","0","15","1","1","N","0","0","40 02:26.350","","0","75 07:35.250","3","0","0","0","67301","1","0","0","N","1","0","0","2","67301","0","","6.0","","1","N","N","N","0","","1","0","0","0","0","","1553","2","1","1","0","0","0","0","2","0","1","1","0","0","3","03","","N","","","","","","","","","",""
"2022005264","0141","1","0","0","0","0","0","0","0","0","7","0","","67","12","2021","2","39.981214","-75.206838","0139","6","0","0","0","0","0","0","0","0","","0","0","0","1","3","0","N","0","2","39 58:52.372","3","0","75 12:24.616","0","0","0","0","67301","0","0","0","N","0","0","0","1","68K01","0","","4.0","240.0","9","N","N","Y","0","","0","0","0","0","0","N","131","1","0","0","0","0","0","0","2","0","1","0","0","0","7","","","N","","","","","","","","","",""
"2022009422","","1","0","0","0","0","0","1","0","0","5","1","","67","9","2021","3","40.000889","-75.132861","","6","0","0","0","0","0","0","0","0","","0","0","0","15","1","1","N","0","0","40 00:03.200","","0","75 07:58.300","8","0","0","0","67301","0","0","0","N","0","0","0","2","00000","0","","1.0","","1","N","N","N","0","","0","0","0","0","0","","1510","3","1","0","0","0","1","0","2","0","3","0","0","0","3","","","N","","","","","","","","","",""
"2022011935","","0","0","0","0","0","0","0","0","0","4","0","","67","4","2021","3","40.035351","-75.132773","","6","0","0","0","0","0","0","0","0","","0","0","0","20","1","1","","1","0","40 02:07.263","","0","75 07:57.982","8","0","0","0","67301","0","0","0","N","0","0","0","2","00000","0","","1.0","","1","N","N","N","0","","0","0","0","3","3","","2030","2","1","0","0","0","1","0","2","1","2","0","0","0","3","","","N","","","","","","","","","",""
"2022011941","","1","0","0","0","0","0","0","0","0","1","0","","67","6","2021","6","39.975056","-75.24782","","6","0","0","0","0","0","2","0","0","","0","0","0","15","1","4","N","0","0","39 58:30.201","","0","75 14:52.152","8","0","0","0","67301","0","0","0","N","0","0","0","5","00000","0","","1.0","","1","N","N","N","0","","0","0","0","0","0","","1530","2","4","0","0","0","4","0","2","0","2","0","0","0","3","03","","N","","","","","","","","","",""
"2022012307","","2","0","0","0","0","0","0","0","0","4","0","","67","6","2021","5","39.91875","-75.209667","","6","0","0","0","0","0","0","0","0","","0","0","0","11","1","1","N","0","0","39 55:07.500","","7","75 12:34.800","8","0","0","0","67301","0","0","0","N","0","0","0","2","00000","0","","1.0","","1","N","N","N","0","","0","0","0","0","0","","1100","2","1","0","0","0","1","0","2","0","2","0","0","0","3","","","N","","","","","","","","","",""
"2022005266","2236","3","0","0","0","0","0","0","0","0","1","0","","67","12","2021","5","39.899093","-75.167054","2222","6","0","0","0","0","0","0","0","0","","0","0","0","22","3","3","N","0","2","39 53:56.734","1","0","75 10:01.396","3","0","0","0","67301","0","0","0","N","0","0","0","5","68K01","0","","1.0","30.0","1","N","N","N","0","","2","0","0","0","0","N","2216","3","3","1","0","0","1","1","2","0","3","0","0","0","3","03","","N","","","","","","","","","",""
"2022001423","1844","2","0","0","0","0","0","0","0","0","1","0","","67","11","2021","6","40.009064","-75.067509","1835","6","0","0","0","0","0","0","0","0","","0","0","0","18","3","2","N","0","1","40 00:32.632","1","0","75 04:03.031","4","0","0","0","67301","0","0","0","N","0","0","0","3","68K01","2","","1.0","1845.0","1","N","N","N","0","","0","0","0","0","0","Y","1832","2","2","0","0","0","0","0","2","0","2","0","0","0","3","","","N","","","","","","","","","",""
"2022001227","0523","0","0","0","0","0","0","0","0","0","7","0","","67","12","2021","3","39.960024","-75.179924","0518","6","0","0","0","0","0","0","0","0","","0","0","0","5","3","0","N","6","2","39 57:36.087","3","2","75 10:47.726","9","0","0","0","67301","0","0","0","N","0","0","0","1","68K01","0","","2.0","530.0","9","N","N","N","1","","0","0","0","0","0","N","518","1","0","0","0","0","0","1","2","0","1","0","0","0","3","","","N","","","","","","","","","",""
"2022004702","","1","0","0","0","0","0","0","0","0","1","0","","67","9","2021","2","40.007105","-75.213717","","6","0","0","0","0","0","0","0","0","","0","0","0","8","1","2","","1","0","40 00:25.579","","0","75 12:49.382","8","0","0","0","67301","0","0","0","N","0","0","0","3","00000","0","","1.0","","1","N","N","N","1","","0","0","0","3","2","","800","2","2","0","0","0","2","0","2","0","2","0","0","0","3","","","N","","","","","","","","","",""
"2022005020","0150","1","0","0","0","0","0","0","0","0","7","0","","67","12","2021","2","39.989188","-75.087598","0133","6","0","0","0","0","1","0","0","0","","0","0","0","1","3","1","N","0","0","39 59:21.076","","0","75 05:15.353","3","0","0","0","67301","0","0","0","N","0","0","0","1","68K01","0","","4.0","","1","N","N","N","0","","1","0","0","0","0","","131","1","1","0","0","0","0","0","2","0","1","0","0","0","3","","","N","","","","","","","","","",""
"2022006108","0332","2","0","0","0","0","0","0","0","0","5","1","","67","12","2021","3","40.035317","-75.018091","0322","6","0","0","0","0","1","0","1","0","","0","1","0","3","3","3","N","0","0","40 02:07.142","","0","75 01:05.128","3","0","0","0","67301","0","0","0","N","0","0","0","5","68K01","0","","1.0","","1","N","N","N","1","","3","0","0","0","0","","321","4","3","1","0","0","0","0","2","0","4","0","0","0","3","03","","N","","","","","","","","","",""
"2022004704","","0","0","0","0","0","0","0","0","0","1","0","","67","9","2021","4","40.035584","-75.070476","","6","0","0","0","0","0","0","0","0","","0","0","0","99","1","1","","1","0","40 02:08.101","","0","75 04:13.712","8","0","0","0","67301","0","0","0","N","0","0","0","2","00000","0","","1.0","","1","N","N","N","0","","0","0","2","3","2","","9999","2","1","0","0","0","1","0","2","0","2","0","0","0","3","","","N","","","","","","","","","",""