"CRN","ARRIVAL_TM","AUTOMOBILE_COUNT","BELTED_DEATH_COUNT","BELTED_SUSP_SERIOUS_INJ_COUNT","BICYCLE_COUNT","BICYCLE_DEATH_COUNT","BICYCLE_SUSP_SERIOUS_INJ_COUNT","BUS_COUNT","CHLDPAS_DEATH_COUNT","CHLDPAS_SUSP_SERIOUS_INJ_COUNT","COLLISION_TYPE","COMM_VEH_COUNT","CONS_ZONE_SPD_LIM","COUNTY","CRASH_MONTH","CRASH_YEAR","DAY_OF_WEEK","DEC_LATITUDE","DEC_LONGITUDE","DISPATCH_TM","DISTRICT","DRIVER_COUNT_16YR","DRIVER_COUNT_17YR","DRIVER_COUNT_18YR","DRIVER_COUNT_19YR","DRIVER_COUNT_20YR","DRIVER_COUNT_50_64YR","DRIVER_COUNT_65_74YR","DRIVER_COUNT_75PLUS","EST_HRS_CLOSED","FATAL_COUNT","HEAVY_TRUCK_COUNT","HORSE_BUGGY_COUNT","HOUR_OF_DAY","ILLUMINATION","INJURY_COUNT","INTERSECTION_RELATED","INTERSECT_TYPE","LANE_CLOSED","LATITUDE","LN_CLOSE_DIR","LOCATION_TYPE","LONGITUDE","MAX_SEVERITY_LEVEL","MCYCLE_DEATH_COUNT","MCYCLE_SUSP_SERIOUS_INJ_COUNT","MOTORCYCLE_COUNT","MUNICIPALITY","NONMOTR_COUNT","NONMOTR_DEATH_COUNT","NONMOTR_SUSP_SERIOUS_INJ_COUNT","NTFY_HIWY_MAINT","PED_COUNT","PED_DEATH_COUNT","PED_SUSP_SERIOUS_INJ_COUNT","PERSON_COUNT","POLICE_AGCY","POSSIBLE_INJ_COUNT","RDWY_SURF_TYPE_CD","RELATION_TO_ROAD","ROADWAY_CLEARED","ROAD_CONDITION","SCH_BUS_IND","SCH_ZONE_IND","SECONDARY_CRASH","SMALL_TRUCK_COUNT","SPEC_JURIS_CD","SUSP_MINOR_INJ_COUNT","SUSP_SERIOUS_INJ_COUNT","SUV_COUNT","TCD_FUNC_CD","TCD_TYPE","TFC_DETOUR_IND","TIME_OF_DAY","TOTAL_UNITS","TOT_INJ_COUNT","UNBELTED_OCC_COUNT","UNB_DEATH_COUNT","UNB_SUSP_SERIOUS_INJ_COUNT","UNK_INJ_DEG_COUNT","UNK_INJ_PER_COUNT","URBAN_RURAL","VAN_COUNT","VEHICLE_COUNT","VULNERABLE_ROAD_USER_COUNT","VULNERABLE_ROAD_USER_DEATH_COUNT","VULNERABLE_ROAD_USER_SER_INJ_COUNT","WEATHER1","WEATHER2","WORKERS_PRES","WORK_ZONE_IND","WORK_ZONE_LOC","WORK_ZONE_TYPE","WZ_CLOSE_DETOUR","WZ_FLAGGER","WZ_LAW_OFFCR_IND","WZ_LN_CLOSURE","WZ_MOVING","WZ_OTHER","WZ_SHLDER_MDN","WZ_WORKERS_INJ_KILLED"
"2022003813","2138","0","0","0","0","0","0","0","0","0","1","0","","67","12","2021","3","39.900314","-75.157114","2133","6","0","0","0","0","0","0","0","0","","0","0","0","21","3","2","N","0","1","39 54:01.129","1","0","75 09:25.612","3","0","0","0","67301","0","0","0","N","0","0","0","2","68K01","0","","1.0","2120.0","1","N","N","N","0","","2","0","2","0","0","N","2126","2","2","0","0","0","0","0","2","0","2","0","0","0","3","","","N","","","","","","","","","",""
"2022003364","1145","0","0","0","0","0","0","0","0","0","7","0","","67","12","2021","7","39.983161","-75.207986","1143","6","0","0","0","0","0","0","0","0","","0","0","0","11","1","5","N","0","2","39 58:59.381","4","0","75 12:28.750","8","0","0","0","67301","0","0","0","N","0","0","0","5","68K01","0","","3.0","1240.0","9","N","N","N","0","","0","0","1","0","0","N","1139","1","5","0","0","0","5","0","2","0","1","0","0","0","7","","","N","","","","","","","","","",""
"2022002161","1517","2","0","0","0","0","0","0","0","0","1","0","","67","12","2021","6","39.945087","-75.142426","1500","6","0","0","0","0","0","0","0","0","","0","0","0","14","1","1","N","0","1","39 56:42.312","1","0","75 08:32.732","3","0","0","0","67301","0","0","0","N","0","0","0","3","68K01","0","","1.0","1525.0","1","N","N","N","0","","1","0","1","0","0","N","1455","3","1","0","0","0","0","0","2","0","3","0","0","0","3","","","N","","","","","","","","","",""
"2022001909","0745","1","0","0","0","0","0","0","0","0","7","0","","67","12","2021","1","40.015611","-75.053311","0736","6","0","0","0","0","0","0","0","0","","0","0","0","7","1","1","N","0","2","40 00:56.199","2","0","75 03:11.920","8","0","0","0","67301","0","0","0","N","0","0","0","1","68K01","0","","4.0","755.0","1","N","N","N","0","","0","0","0","0","0","N","732","1","1","0","0","0","1","0","2","0","1","0","0","0","3","03","","N","","","","","","","","","",""
"2022014508","0335","0","0","0","0","0","0","0","0","0","8","0","","67","10","2021","2","39.948474","-75.207074","0330","6","0","0","0","0","0","0","0","0","","0","0","0","21","3","1","","1","0","39 56:54.505","","0","75 12:25.468","3","0","0","0","67301","1","0","0","N","1","0","0","2","67301","0","","1.0","","9","N","N","N","0","","1","0","1","3","3","","2130","2","1","0","0","0","0","0","2","0","1","1","0","0","7","07","","N","","","","","","","","","",""
"2022004606","0302","1","0","0","0","0","0","0","0","0","7","0","","67","12","2021","6","39.940996","-75.143479","0254","6","0","0","0","1","0","0","0","0","","0","0","0","2","3","0","N","0","1","39 56:27.587","2","0","75 08:36.523","0","0","0","0","67301","0","0","0","N","0","0","0","1","68K01","0","","2.0","310.0","9","N","N","N","0","","0","0","0","0","0","N","251","1","0","0","0","0","0","0","2","0","1","0","0","0","7","","","N","","","","","","","","","",""
"2022012354","","1","0","0","0","0","0","0","0","0","4","0","","67","7","2021","4","39.954079","-75.189725","","6","0","0","0","0","0","0","0","0","","0","0","0","8","1","1","","1","0","39 57:14.683","","0","75 11:23.010","8","0","0","0","67301","0","0","0","N","0","0","0","2","00000","0","","1.0","","1","N","N","N","0","","0","0","1","3","2","","845","2","1","0","0","0","1","0","2","0","2","0","0","0","3","","","N","","","","","","","","","",""
"2022000552","0020","1","0","0","0","0","0","0","0","0","7","0","","67","12","2021","1","40.037552","-75.011966","0012","6","0","0","0","0","0","0","0","0","","0","0","0","0","3","0","N","0","0","40 02:15.188","","0","75 00:43.076","0","0","0","0","67301","0","0","0","N","0","0","0","1","68K01","0","","4.0","","9","N","N","N","0","","0","0","0","0","0","","8","1","0","0","0","0","0","0","2","0","1","0","0","0","7","07","","N","","","","","","","","","",""
"2022003170","1652","1","0","0","0","0","0","0","0","0","1","0","","67","12","2021","5","39.958262","-75.165797","1640","6","0","0","0","0","0","1","0","0","","0","0","0","16","1","1","N","0","1","39 57:29.742","3","0","75 09:56.870","4","0","0","0","67301","0","0","0","N","0","0","0","2","68K01","1","","1.0","1650.0","1","N","N","N","0","","0","0","1","0","0","N","1639","2","1","0","0","0","0","0","2","0","2","0","0","0","4","","","N","","","","","","","","","",""
"2022001184","2207","0","0","0","0","0","0","0","0","0","7","0","","67","12","2021","1","39.987496","-75.089705","2201","6","0","0","0","0","0","0","0","0","","0","0","0","21","3","1","N","0","1","39 59:14.986","1","0","75 05:22.938","8","0","0","0","67301","0","0","0","N","0","0","0","1","68K01","0","","2.0","2240.0","1","N","N","N","0","","0","0","1","0","0","N","2155","1","1","0","0","0","1","0","2","0","1","0","0","0","3","","","N","","","","","","","","","",""
"2022000987","1323","1","0","0","0","0","0","0","0","0","1","0","","67","12","2021","6","39.962761","-75.183525","1317","6","0","0","0","0","0","0","0","0","","0","0","0","13","1","0","N","0","2","39 57:45.938","3","0","75 11:00.690","0","0","0","0","67301","0","0","0","N","0","0","0","3","68K01","0","","1.0","1325.0","1","N","N","N","1","","0","0","1","0","0","N","1309","3","0","0","0","0","0","0","2","0","3","0","0","0","3","","","N","","","","","","","","","",""
"2022001451","1200","1","0","0","0","0","0","0","0","0","5","1","","67","12","2021","4","39.951424","-75.182774","1152","6","0","0","0","0","0","1","0","0","","0","1","0","11","1","1","N","0","1","39 57:05.126","3","0","75 10:57.987","3","0","0","0","67301","0","0","0","N","0","0","0","2","68K01","0","","1.0","1305.0","9","N","N","N","0","","1","0","0","0","0","N","1151","2","1","0","0","0","0","0","2","0","2","0","0","0","3","03","","N","","","","","","","","","",""
"2022003846","0103","0","0","0","0","0","0","0","0","0","7","0","","67","12","2021","1","40.049936","-74.992531","0043","6","0","0","0","0","0","0","0","0","","0","0","0","0","3","0","N","0","0","40 02:59.769","","0","74 59:33.110","0","0","0","0","67301","0","0","0","Y","0","0","0","1","68K01","0","","3.0","","9","N","N","N","0","","0","0","1","0","0","","43","1","0","0","0","0","0","0","2","0","1","0","0","0","3","","","N","","","","","","","","","",""
"2022002935","0409","1","0","0","0","0","0","0","0","0","98","0","","67","12","2021","3","39.981198","-75.206819","0407","6","0","0","0","0","0","1","0","0","","0","0","0","4","3","1","N","0","1","39 58:52.313","3","0","75 12:24.549","3","0","0","0","67301","0","0","0","N","0","0","0","1","68K01","0","","4.0","430.0","9","N","N","N","0","","1","0","0","0","0","N","403","1","1","0","0","0","0","0","2","0","1","0","0","0","7","","","N","","","","","","","","","",""
"2022003363","1144","0","0","0","0","0","0","0","0","0","4","0","","67","12","2021","7","39.929447","-75.146247","1133","6","0","0","0","0","0","1","0","0","","0","0","0","11","1","0","N","0","0","39 55:46.009","","0","75 08:46.488","0","0","0","0","67301","0","0","0","N","0","0","0","2","68K01","0","","1.0","","9","N","N","N","1","","0","0","1","0","0","","1132","2","0","1","0","0","0","0","2","0","2","0","0","0","7","","","N","","","","","","","","","",""
"2022008109","1742","0","0","0","0","0","0","0","0","0","1","0","","67","12","2021","7","40.009988","-75.20641","1716","6","0","0","0","0","1","0","0","0","","0","0","0","17","3","0","N","0","0","40 00:35.958","","0","75 12:23.076","0","0","0","0","67301","0","0","0","N","0","0","0","2","68K01","0","","1.0","","9","N","N","N","1","","0","0","1","0","0","","1709","2","0","1","0","0","0","0","2","0","2","0","0","0","7","","","N","","","","","","","","","",""
"2022000896","","1","0","0","0","0","0","0","0","0","4","0","","67","5","2021","7","39.973776","-75.245295","","6","0","0","0","0","0","0","0","1","","0","0","0","13","1","0","","1","0","39 58:25.594","","0","75 14:43.063","0","0","0","0","67301","0","0","0","N","0","0","0","2","00000","0","","1.0","","1","N","N","N","0","","0","0","0","3","2","","1300","2","0","0","0","0","0","0","2","1","2","0","0","0","3","","","N","","","","","","","","","",""
"2022003841","0855","1","0","0","0","0","0","0","0","0","7","0","","67","12","2021","7","39.923427","-75.191566","0843","6","0","1","0","0","0","0","0","0","","0","0","0","8","1","0","N","0","1","39 55:24.336","4","0","75 11:29.637","0","0","0","0","67301","0","0","0","N","0","0","0","1","68K01","0","","4.0","920.0","1","N","N","N","0","","0","0","0","0","0","Y","841","1","0","0","0","0","0","0","2","0","1","0","0","0","7","","","N","","","","","","","","","",""
"2022003341","0141","0","0","0","0","0","0","0","0","0","0","0","","67","12","2021","2","39.981167","-75.206784","0139","6","0","0","0","0","0","0","0","0","","0","0","0","1","3","0","N","0","0","39 58:52.201","","0","75 12:24.424","0","0","0","0","67301","0","0","0","N","0","0","0","1","68K01","0","","1.0","","1","N","N","N","0","","0","0","1","0","0","","131","1","0","0","0","0","0","0","2","0","1","0","0","0","3","","","N","","","","","","","","","",""
"2022008836","2349","1","0","0","0","0","0","0","0","0","1","0","","67","12","2021","2","39.943295","-75.143069","2339","6","0","0","0","0","0","0","0","0","","0","0","0","23","3","0","N","0","1","39 56:35.863","2","0","75 08:35.050","9","0","0","0","67301","0","0","0","N","0","0","0","2","68K01","0","","1.0","1205.0","9","N","N","N","0","","0","0","1","0","0","N","2338","2","0","0","0","0","0","1","2","0","2","0","0","0","7","","","N","","","","","","","","","",""
"2022003626","0731","0","0","0","0","0","0","0","0","0","0","0","","67","12","2021","7","39.980961","-75.206524","0723","6","0","0","0","0","0","1","0","0","","0","0","0","7","5","2","N","0","1","39 58:51.459","3","0","75 12:23.488","8","0","0","0","67301","0","0","0","N","0","0","0","2","68K01","0","","4.0","45.0","9","N","N","N","1","","0","0","0","0","0","N","723","1","2","2","0","0","2","0","2","0","1","0","0","0","7","04","","N","","","","","","","","","",""
"2022003845","1300","2","0","0","0","0","0","0","0","0","1","0","","67","12","2021","7","39.957142","-75.144361","1251","6","0","0","0","0","1","0","0","1","","0","0","0","12","1","2","N","6","0","39 57:25.710","","0","75 08:39.698","8","0","0","0","67301","0","0","0","N","0","0","0","2","68K01","0","","1.0","","9","N","N","N","0","","0","0","0","0","0","","1244","2","2","0","0","0","2","0","2","0","2","0","0","0","3","","","N","","","","","","","","","",""
"2022001181","1526","0","0","0","0","0","0","0","0","0","1","2","","67","12","2021","5","39.998871","-75.080671","1509","6","0","0","0","0","0","1","0","0","","0","2","0","14","1","0","N","0","0","39 59:55.934","","0","75 04:50.414","0","0","0","0","67301","0","0","0","N","0","0","0","2","68K01","0","","1.0","","1","N","N","N","0","","0","0","0","0","0","","1459","2","0","0","0","0","0","0","2","0","2","0","0","0","3","03","","N","","","","","","","","","",""
"2022000554","0224","1","0","0","0","0","0","0","0","0","7","0","","67","12","2021","1","40.004236","-75.194736","0209","6","0","0","0","0","0","0","0","0","","0","0","0","2","3","1","N","0","2","40 00:15.250","4","0","75 11:41.049","3","0","0","0","67301","0","0","0","N","0","0","0","1","68K01","0","","4.0","248.0","9","N","N","N","0","","1","0","0","0","0","N","203","1","1","1","0","0","0","0","2","0","1","0","0","0","3","","","N","","","","","","","","","",""
"2022002926","2340","1","0","0","0","0","0","0","0","0","7","0","","67","12","2021","7","39.959827","-75.178417","2340","6","0","0","0","0","1","0","0","0","","0","0","0","23","3","0","N","0","1","39 57:35.376","3","0","75 10:42.301","0","0","0","0","67301","0","0","0","N","0","0","0","1","68K01","0","","4.0","2343.0","1","N","N","N","0","","0","0","0","0","0","N","2323","1","0","0","0","0","0","0","2","0","1","0","0","0","3","","","N","","","","","","","","","",""
"2022003867","1345","0","0","0","0","0","0","0","0","0","1","0","","67","12","2021","5","39.921879","-75.147937","1321","6","0","0","0","0","0","0","0","0","","0","0","0","13","1","1","N","0","1","39 55:18.763","2","0","75 08:52.573","3","0","0","0","67301","0","0","0","N","0","0","0","2","68K01","0","","1.0","1430.0","1","N","N","N","0","","1","0","1","0","0","N","1304","2","1","0","0","0","0","0","2","1","2","0","0","0","3","","","N","","","","","","","","","",""
"2022008105","0957","0","0","0","0","0","0","0","0","0","1","0","","67","11","2021","5","40.007987","-75.201699","0948","6","0","0","0","0","0","0","1","0","","0","0","0","9","1","3","N","0","0","40 00:28.754","","0","75 12:06.116","8","0","0","0","67301","0","0","0","N","0","0","0","6","68K01","0","","1.0","","1","N","N","N","0","","0","0","2","0","0","","942","2","3","0","0","0","3","1","2","0","2","0","0","0","3","","","N","","","","","","","","","",""
"2022000556","0350","1","0","0","0","0","0","0","0","0","7","0","","67","12","2021","1","39.978604","-75.109734","0340","6","0","0","0","0","0","0","0","0","","0","0","0","3","3","0","N","0","0","39 58:42.974","","0","75 06:35.042","0","0","0","0","67301","0","0","0","N","0","0","0","1","68K01","0","","4.0","","9","N","N","N","0","","0","0","0","0","0","","336","1","0","0","0","0","0","0","2","0","1","0","0","0","7","07","","N","","","","","","","","","",""
"2022002455","0035","1","0","0","0","0","0","0","0","0","5","0","","67","12","2021","2","39.953961","-75.201246","0034","6","0","0","0","0","0","0","0","0","","0","0","0","0","3","0","N","0","0","39 57:14.259","","0","75 12:04.487","0","0","0","0","67301","0","0","0","N","0","0","0","2","67504","0","","6.0","","1","N","N","N","0","","0","0","1","0","0","","32","2","0","0","0","0","0","0","2","0","2","0","0","0","3","03","","N","","","","","","","","","",""
"2022003628","0543","1","0","0","0","0","0","0","0","0","7","0","","67","12","2021","1","39.991122","-75.203727","0543","6","0","0","1","0","0","0","0","0","","0","0","0","5","3","0","N","0","1","39 59:28.040","3","0","75 12:13.416","0","0","0","0","67301","0","0","0","N","0","0","0","1","68K01","0","","4.0","715.0","9","N","N","N","0","","0","0","0","0","0","N","543","1","0","1","0","0","0","0","2","0","1","0","0","0","98","","","N","","","","","","","","","",""
"2022004604","0114","1","0","0","0","0","0","0","0","0","7","0","","67","12","2021","6","39.957991","-75.162769","0107","6","0","0","0","0","0","0","0","0","","0","0","0","0","3","0","N","0","0","39 57:28.768","","0","75 09:45.967","0","0","0","0","67301","0","0","0","N","0","0","0","2","68K01","0","","4.0","","9","N","N","N","0","","0","0","0","0","0","","42","1","0","0","0","0","0","0","2","0","1","0","0","0","7","07","","N","","","","","","","","","",""
"2022002816","0048","0","0","0","0","0","0","0","0","0","8","1","","67","11","2021","3","39.949218","-75.141487","0044","6","0","0","0","0","0","1","0","0","","0","1","0","0","3","1","N","0","0","39 56:57.184","","3","75 08:29.354","8","0","0","0","67301","1","0","0","N","1","0","0","2","68K01","0","","1.0","","1","N","N","N","0","","0","0","0","0","0","","34","2","1","0","0","0","1","0","2","0","1","1","0","0","3","03","","N","","","","","","","","","",""
"2022000170","1920","2","0","0","0","0","0","0","0","0","4","0","","67","12","2021","4","39.916734","-75.171048","1909","6","0","0","0","0","0","1","0","0","","0","0","0","19","3","0","N","0","0","39 55:00.242","","0","75 10:15.772","0","0","0","0","67301","0","0","0","N","0","0","0","2","67301","0","","1.0","","1","N","N","N","0","","0","0","0","0","0","","1909","2","0","0","0","0","0","0","2","0","2","0","0","0","3","03","","N","","","","","","","","","",""
"2022005019","2232","1","0","0","0","0","0","0","0","0","7","0","","67","12","2021","7","39.95742","-75.158457","2224","6","0","0","0","0","0","0","0","0","","0","0","0","22","3","1","N","0","1","39 57:26.713","4","0","75 09:30.444","4","0","0","0","67301","0","0","0","N","0","0","0","1","68K01","1","","4.0","1050.0","9","N","N","N","0","","0","0","0","0","0","N","2212","1","1","0","0","0","0","0","2","0","1","0","0","0","7","","","N","","","","","","","","","",""
"2022002171","1324","0","0","0","0","0","0","0","0","0","1","0","","67","12","2021","3","39.972543","-75.19357","1323","6","0","0","0","0","0","0","0","0","","0","0","0","13","1","0","N","0","1","39 58:21.154","4","0","75 11:36.851","0","0","0","0","67301","0","0","0","N","0","0","0","3","68K01","0","","1.0","1330.0","1","N","N","N","0","","0","0","2","0","0","Y","1309","2","0","0","0","0","0","0","2","0","2","0","0","0","3","","","N","","","","","","","","","",""
"2022000560","0115","1","0","0","0","0","0","0","0","0","7","0","","67","12","2021","4","39.886013","-75.21331","0057","6","0","0","0","0","0","0","0","0","","0","0","0","0","3","0","N","0","2","39 53:09.645","1","0","75 12:47.917","0","0","0","0","67301","0","0","0","N","0","0","0","1","68K01","0","","4.0","115.0","9","N","N","N","0","","0","0","0","0","0","N","55","1","0","0","0","0","0","0","2","0","1","0","0","0","7","","","N","","","","","","","","","",""
"2022003167","0440","1","0","0","0","0","0","0","0","0","1","0","","67","12","2021","4","39.900175","-75.158246","0429","6","0","0","0","0","0","1","0","0","","0","0","0","4","3","2","N","0","1","39 54:00.629","1","0","75 09:29.685","8","0","0","0","67301","0","0","0","N","0","0","0","3","68K01","0","","1.0","535.0","9","N","N","N","0","","0","0","1","0","0","N","427","2","2","0","0","0","2","0","2","0","2","0","0","0","7","07","","N","","","","","","","","","",""
"2022003842","0917","0","0","0","0","0","0","0","0","0","0","1","","67","12","2021","7","39.960452","-75.181239","0917","6","0","0","0","0","0","0","0","0","","0","1","0","9","1","0","N","3","2","39 57:37.626","4","2","75 10:52.459","0","0","0","0","67301","0","0","0","N","0","0","0","1","68K01","0","","4.0","1200.0","9","N","N","N","0","","0","0","0","0","0","Y","909","1","0","0","0","0","0","0","2","0","1","0","0","0","7","04","","N","","","","","","","","","",""
"2022001457","0831","0","0","0","0","0","0","0","0","0","7","0","","67","12","2021","5","40.031431","-75.021577","0821","6","0","0","0","0","1","0","0","0","","0","0","0","8","1","0","N","0","1","40 01:53.151","2","0","75 01:17.676","0","0","0","0","67301","0","0","0","N","0","0","0","1","68K01","0","","2.0","850.0","9","N","N","N","1","","0","0","0","0","0","N","818","1","0","0","0","0","0","0","2","0","1","0","0","0","4","04","","N","","","","","","","","","",""
"2022003624","0655","0","0","0","0","0","0","0","0","0","5","1","","67","12","2021","7","40.006242","-75.074304","0629","6","0","0","0","0","1","0","0","0","","0","1","0","6","3","1","N","0","2","40 00:22.471","1","0","75 04:27.493","8","0","0","0","67301","0","0","0","N","0","0","0","2","68K01","0","","1.0","700.0","9","N","N","N","1","","0","0","0","0","0","N","629","2","1","0","0","0","1","0","2","0","2","0","0","0","7","","","N","","","","","","","","","",""
"2022001456","0618","1","0","0","0","0","0","0","0","0","5","0","","67","12","2021","5","40.020938","-75.042416","0602","6","0","0","0","0","0","0","0","0","","0","0","0","5","3","1","N","0","1","40 01:15.378","2","0","75 02:32.696","8","0","0","0","67301","0","0","0","N","0","0","0","3","68K01","0","","1.0","620.0","9","N","N","N","0","","0","0","1","0","0","N","555","2","1","0","0","0","1","1","2","0","2","0","0","0","7","07","","N","","","","","","","","","",""
"2022003362","0919","1","0","0","0","0","0","0","0","0","7","0","","67","12","2021","7","39.981295","-75.206928","0917","6","0","0","0","0","0","0","0","0","","0","0","0","9","1","1","Y","0","2","39 58:52.663","3","0","75 12:24.942","8","0","0","0","67301","0","0","0","N","0","0","0","1","68K01","0","","2.0","1004.0","9","N","N","N","0","","0","0","0","3","8","N","912","1","1","0","0","0","1","0","2","0","1","0","0","0","7","","","N","","","","","","","","","",""
"2022004701","","2","0","0","0","0","0","0","0","0","1","0","","67","10","2021","3","40.032137","-75.146136","","6","0","0","0","0","0","0","0","0","","0","0","0","23","3","1","","1","0","40 01:55.692","","0","75 08:46.089","3","0","0","0","67301","0","0","0","N","0","0","0","2","00000","0","","1.0","","1","N","N","N","0","","1","0","0","3","2","","2330","2","1","1","0","0","0","0","2","0","2","0","0","0","3","","","N","","","","","","","","","",""
"2022000542","0250","1","0","0","0","0","0","0","0","0","7","0","","67","12","2021","5","40.039958","-75.006628","0234","6","0","0","0","0","0","0","0","0","","0","0","0","2","3","0","N","0","0","40 02:23.848","","3","75 00:23.860","0","0","0","0","67301","0","0","0","N","0","0","0","1","68K01","0","","2.0","","9","N","N","N","0","","0","0","0","0","0","","234","1","0","0","0","0","0","0","2","0","1","0","0","0","7","","","N","","","","","","","","","",""
"2022043790","0000","1","0","0","0","0","0","0","0","0","4","0","","67","11","2021","2","39.954661","-75.149521","1551","6","0","0","0","0","0","1","0","1","","0","0","0","1","8","2","","5","0","39 57:16.781","","2","75 08:58.276","2","0","0","0","67301","0","0","0","N","0","0","0","3","67301","0","","1.0","","1","N","N","N","0","","1","1","1","3","2","","151","2","2","2","0","1","0","0","2","0","2","0","0","0","3","03","","N","","","","","","","","","",""
"2022033232","","0","0","0","0","0","0","0","0","0","4","0","","67","1","2021","5","39.895561","-75.233545","","6","0","0","0","0","0","0","0","0","","0","0","0","9","1","2","","2","0","39 53:44.021","","0","75 14:00.761","2","0","0","0","67301","0","0","0","N","0","0","0","2","00000","0","","1.0","","1","N","N","N","0","","0","1","2","3","2","","930","2","2","0","0","0","1","0","2","0","2","0","0","0","3","","","N","","","","","","","","","",""
"2022030394","","1","0","0","0","0","0","0","0","0","4","0","","67","9","2021","1","39.994856","-75.136678","","6","0","0","0","0","0","0","0","0","","0","0","0","99","1","1","","1","0","39 59:41.481","","0","75 08:12.040","8","0","0","0","67301","0","0","0","N","0","0","0","2","00000","0","","1.0","","1","N","N","N","0","","0","0","0","3","3","","9999","2","1","0","0","0","1","0","2","0","2","0","0","0","3","","","N","","","","","","","","","",""
"2022066210","1541","0","0","0","0","0","0","0","0","0","5","0","","67","11","2021","2","40.047056","-75.142992","1540","6","0","0","0","0","0","0","0","0","","0","0","0","14","1","0","N","0","0","40 02:49.400","","0","75 08:34.771","0","0","0","0","67301","0","0","0","N","0","0","0","1","67301","0","","6.0","","1","N","N","N","0","","0","0","3","0","0","","1440","3","0","0","0","0","0","0","2","0","3","0","0","0","3","03","","N","","","","","","","","","",""
"2022055468","","0","0","0","0","0","0","0","0","0","4","0","","67","11","2021","3","39.990326","-75.16297","","6","0","0","0","0","0","0","0","0","","0","0","0","14","1","2","","1","0","39 59:25.173","","0","75 09:46.691","8","0","0","0","67301","0","0","0","N","0","0","0","2","00000","0","","1.0","","1","","","N","0","","0","0","2","3","3","","1415","2","2","0","0","0","2","0","2","0","2","0","0","0","3","03","","N","","","","","","","","","",""
"2022003843","0940","0","0","0","0","0","0","0","0","0","1","0","","67","12","2021","7","39.960121","-75.180596","0940","6","0","0","0","0","0","0","0","0","","0","0","0","9","1","0","N","0","2","39 57:36.436","4","0","75 10:50.147","0","0","0","0","67301","0","0","0","N","0","0","0","2","68K01","0","","1.0","945.0","9","N","N","Y","0","","0","0","2","0","0","N","940","2","0","0","0","0","0","0","2","0","2","0","0","0","7","04","","N","","","","","","","","","",""
"2022076129","2215","1","0","0","0","0","0","0","0","0","4","0","","67","12","2021","7","39.994082","-75.111255","2215","6","0","0","0","0","0","0","0","0","","0","0","0","22","3","0","N","0","0","39 59:38.696","","7","75 06:40.518","0","0","0","0","67301","0","0","0","N","0","0","0","2","67301","0","","4.0","","1","N","N","N","0","","0","0","0","0","0","","2215","2","0","0","0","0","0","0","2","1","2","0","0","0","3","03","","N","","","","","","","","","",""
"2022073967","1258","2","0","0","0","0","0","0","0","0","2","0","","67","1","2021","6","40.054743","-75.072168","1258","6","0","0","0","0","0","0","0","0","","0","0","0","12","1","0","N","0","0","40 03:17.074","","0","75 04:19.803","0","0","0","0","67301","0","0","0","N","0","0","0","2","67301","0","","1.0","","1","N","N","N","0","","0","0","0","0","0","","1257","2","0","2","0","0","0","0","2","0","2","0","0","0","3","03","","N","","","","","","","","","",""
"2022079346","","2","0","0","0","0","0","0","0","0","4","0","","67","4","2021","1","39.924565","-75.233127","","6","0","0","0","0","0","0","0","0","","0","0","0","4","3","1","","1","0","39 55:28.434","","0","75 13:59.258","3","0","0","0","67301","0","0","0","N","0","0","0","2","00000","0","","1.0","","1","","","N","0","","1","0","0","3","2","","440","2","1","0","0","0","0","0","2","0","2","0","0","0","3","","","N","","","","","","","","","",""
"2022079798","","0","0","0","0","0","0","0","0","0","1","0","","67","3","2021","5","","","","6","0","0","0","0","0","0","0","0","","0","0","0","6","1","0","N","0","0","","","0","","0","0","0","0","67301","0","0","0","N","0","0","0","3","00000","0","","1.0","","1","","","N","0","","0","0","0","0","0","","655","3","0","0","0","0","0","0","1","1","3","0","0","0","3","","","N","","","","","","","","","",""
"2022079794","","0","0","0","0","0","0","0","0","0","5","0","","67","4","2021","1","39.892655","-75.240908","","6","0","0","0","0","0","0","0","0","","0","0","0","99","1","1","N","0","0","39 53:33.559","","0","75 14:27.268","8","0","0","0","67301","0","0","0","N","0","0","0","2","00000","0","","1.0","","1","","","N","0","","0","0","2","0","0","","9999","2","1","1","0","0","1","0","2","0","2","0","0","0","3","","","N","","","","","","","","","",""
"2022080200","","1","0","0","0","0","0","0","0","0","4","0","","67","3","2021","7","39.998768","-75.131259","","6","0","0","0","0","0","1","0","0","","0","0","0","23","3","1","","1","0","39 59:55.564","","0","75 07:52.533","8","0","0","0","67301","0","0","0","N","0","0","0","2","00000","0","","1.0","","1","","","N","0","","0","0","0","3","2","","2300","2","1","0","0","0","1","0","2","0","2","0","0","0","3","","","N","","","","","","","","","",""
"2022079907","","2","0","0","0","0","0","0","0","0","4","0","","67","3","2021","5","39.964578","-75.236196","","6","0","0","0","0","1","0","0","0","","0","0","0","14","1","1","","1","0","39 57:52.480","","0","75 14:10.305","8","0","0","0","67301","0","0","0","N","0","0","0","2","00000","0","","1.0","","1","","","N","0","","0","0","0","3","3","","1415","2","1","0","0","0","1","0","2","0","2","0","0","0","3","","","N","","","","","","","","","",""
"2022080166","","0","0","0","0","0","0","0","0","0","4","0","","67","3","2021","6","39.958201","-75.235505","","6","0","0","0","0","0","0","0","0","","0","0","0","12","1","1","","1","0","39 57:29.522","","0","75 14:07.817","8","0","0","0","67301","0","0","0","N","0","0","0","2","00000","0","","1.0","","1","","","N","0","","0","0","1","3","2","","1230","2","1","1","0","0","1","0","2","1","2","0","0","0","3","","","N","","","","","","","","","",""