"CRN","ARRIVAL_TM","AUTOMOBILE_COUNT","BELTED_DEATH_COUNT","BELTED_SUSP_SERIOUS_INJ_COUNT","BICYCLE_COUNT","BICYCLE_DEATH_COUNT","BICYCLE_SUSP_SERIOUS_INJ_COUNT","BUS_COUNT","CHLDPAS_DEATH_COUNT","CHLDPAS_SUSP_SERIOUS_INJ_COUNT","COLLISION_TYPE","COMM_VEH_COUNT","CONS_ZONE_SPD_LIM","COUNTY","CRASH_MONTH","CRASH_YEAR","DAY_OF_WEEK","DEC_LATITUDE","DEC_LONGITUDE","DISPATCH_TM","DISTRICT","DRIVER_COUNT_16YR","DRIVER_COUNT_17YR","DRIVER_COUNT_18YR","DRIVER_COUNT_19YR","DRIVER_COUNT_20YR","DRIVER_COUNT_50_64YR","DRIVER_COUNT_65_74YR","DRIVER_COUNT_75PLUS","EST_HRS_CLOSED","FATAL_COUNT","HEAVY_TRUCK_COUNT","HORSE_BUGGY_COUNT","HOUR_OF_DAY","ILLUMINATION","INJURY_COUNT","INTERSECTION_RELATED","INTERSECT_TYPE","LANE_CLOSED","LATITUDE","LN_CLOSE_DIR","LOCATION_TYPE","LONGITUDE","MAX_SEVERITY_LEVEL","MCYCLE_DEATH_COUNT","MCYCLE_SUSP_SERIOUS_INJ_COUNT","MOTORCYCLE_COUNT","MUNICIPALITY","NONMOTR_COUNT","NONMOTR_DEATH_COUNT","NONMOTR_SUSP_SERIOUS_INJ_COUNT","NTFY_HIWY_MAINT","PED_COUNT","PED_DEATH_COUNT","PED_SUSP_SERIOUS_INJ_COUNT","PERSON_COUNT","POLICE_AGCY","POSSIBLE_INJ_COUNT","RDWY_SURF_TYPE_CD","RELATION_TO_ROAD","ROADWAY_CLEARED","ROAD_CONDITION","SCH_BUS_IND","SCH_ZONE_IND","SECONDARY_CRASH","SMALL_TRUCK_COUNT","SPEC_JURIS_CD","SUSP_MINOR_INJ_COUNT","SUSP_SERIOUS_INJ_COUNT","SUV_COUNT","TCD_FUNC_CD","TCD_TYPE","TFC_DETOUR_IND","TIME_OF_DAY","TOTAL_UNITS","TOT_INJ_COUNT","UNBELTED_OCC_COUNT","UNB_DEATH_COUNT","UNB_SUSP_SERIOUS_INJ_COUNT","UNK_INJ_DEG_COUNT","UNK_INJ_PER_COUNT","URBAN_RURAL","VAN_COUNT","VEHICLE_COUNT","VULNERABLE_ROAD_USER_COUNT","VULNERABLE_ROAD_USER_DEATH_COUNT","VULNERABLE_ROAD_USER_SER_INJ_COUNT","WEATHER1","WEATHER2","WORKERS_PRES","WORK_ZONE_IND","WORK_ZONE_LOC","WORK_ZONE_TYPE","WZ_CLOSE_DETOUR","WZ_FLAGGER","WZ_LAW_OFFCR_IND","WZ_LN_CLOSURE","WZ_MOVING","WZ_OTHER","WZ_SHLDER_MDN","WZ_WORKERS_INJ_KILLED"
"2022080202","","1","0","0","0","0","0","0","0","0","1","0","","67","5","2021","5","39.966979","-75.160347","","6","0","0","0","0","0","0","1","0","","0","0","0","13","1","1","","1","0","39 58:01.123","","0","75 09:37.248","8","0","0","0","67301","0","0","0","N","0","0","0","2","00000","0","","1.0","","1","","","N","0","","0","0","1","3","2","","1345","2","1","1","0","0","1","0","2","0","2","0","0","0","3","","","N","","","","","","","","","",""
"2022079365","","0","0","0","0","0","0","0","0","0","5","0","","67","3","2021","3","","","","6","0","0","0","0","0","0","0","0","","0","0","0","7","1","1","N","0","0","","","0","","8","0","0","0","67301","0","0","0","N","0","0","0","2","00000","0","","1.0","","1","","","N","1","","0","0","1","0","0","","700","2","1","0","0","0","1","0","1","0","2","0","0","0","3","","","N","","","","","","","","","",""
"2022079348","","1","0","0","0","0","0","0","0","0","1","0","","67","1","2021","3","39.956075","-75.180504","","6","0","0","0","0","0","1","0","0","","0","0","0","6","1","1","N","0","0","39 57:21.869","","0","75 10:49.815","8","0","0","0","67301","0","0","0","N","0","0","0","2","00000","0","","1.0","","1","","","N","1","","0","0","0","0","0","","655","2","1","0","0","0","1","0","2","0","2","0","0","0","3","","","N","","","","","","","","","",""
"2022079351","","1","0","0","0","0","0","1","0","0","4","1","","67","4","2021","3","40.009866","-75.166801","","6","0","0","0","0","0","0","1","0","","0","0","0","14","1","1","","1","0","40 00:35.518","","0","75 10:00.484","8","0","0","0","67301","0","0","0","N","0","0","0","2","00000","0","","1.0","","1","","","N","0","","0","0","0","3","2","","1450","2","1","0","0","0","1","0","2","0","2","0","0","0","3","","","N","","","","","","","","","",""
"2022079382","","0","0","0","0","0","0","0","0","0","4","0","","67","1","2021","5","39.996889","-75.103225","","6","0","0","0","0","0","0","0","0","","0","0","0","10","1","0","","1","0","39 59:48.800","","0","75 06:11.611","0","0","0","0","67301","0","0","0","N","0","0","0","2","00000","0","","1.0","","1","","","N","0","","0","0","2","3","2","","1030","2","0","0","0","0","0","0","2","0","2","0","0","0","3","","","N","","","","","","","","","",""
"2022075111","","1","0","0","0","0","0","0","0","0","4","0","","67","10","2021","5","39.996649","-75.175534","","6","0","0","0","0","0","1","0","0","","0","0","0","99","1","1","","1","0","39 59:47.935","","0","75 10:31.923","8","0","0","0","67301","0","0","0","N","0","0","0","2","00000","0","","1.0","","1","","","N","0","","0","0","1","3","2","","9999","2","1","0","0","0","1","0","2","0","2","0","0","0","3","","","N","","","","","","","","","",""
"2022079369","","1","0","0","0","0","0","0","0","0","1","0","","67","1","2021","3","39.957472","-75.150717","","6","0","0","0","0","0","0","0","0","","0","0","0","99","1","2","N","0","0","39 57:26.900","","0","75 09:02.581","8","0","0","0","67301","0","0","0","N","0","0","0","3","00000","0","","1.0","","1","","","N","0","","0","0","1","0","0","","9999","2","2","1","0","0","2","0","2","0","2","0","0","0","3","","","N","","","","","","","","","",""
"2022079899","","1","0","0","0","0","0","0","0","0","4","0","","67","2","2021","5","40.054847","-75.168958","","6","0","0","0","0","0","1","0","0","","0","0","0","17","1","1","","1","0","40 03:17.448","","0","75 10:08.248","8","0","0","0","67301","0","0","0","N","0","0","0","2","00000","0","","1.0","","1","","","N","1","","0","0","0","3","2","","1715","2","1","1","0","0","1","0","2","0","2","0","0","0","3","","","N","","","","","","","","","",""
"2022079898","","1","0","0","0","0","0","0","0","0","1","0","","67","2","2021","6","40.030764","-75.187767","","6","0","0","0","0","0","1","0","0","","0","0","0","8","1","3","","1","0","40 01:50.749","","0","75 11:15.962","8","0","0","0","67301","0","0","0","N","0","0","0","4","00000","0","","1.0","","1","","","N","0","","0","0","1","3","2","","830","2","3","0","0","0","3","0","2","0","2","0","0","0","3","","","N","","","","","","","","","",""
"2022079375","","0","0","0","0","0","0","0","0","0","1","0","","67","3","2021","7","","","","6","0","0","0","0","0","0","0","0","","0","0","0","21","1","1","","2","0","","","0","","8","0","0","0","67301","0","0","0","N","0","0","0","2","00000","0","","1.0","","1","","","N","0","","0","0","0","0","0","","2144","2","1","0","0","0","1","0","1","0","2","0","0","0","3","","","N","","","","","","","","","",""
"2022079823","","2","0","0","0","0","0","0","0","0","1","0","","67","3","2021","4","39.946195","-75.243025","","6","0","0","0","0","1","0","0","0","","0","0","0","16","1","1","N","0","0","39 56:46.303","","0","75 14:34.890","8","0","0","0","67301","0","0","0","N","0","0","0","2","00000","0","","1.0","","1","","","N","0","","0","0","0","0","0","","1620","2","1","1","0","0","1","0","2","0","2","0","0","0","3","","","N","","","","","","","","","",""
"2022079389","","1","0","0","0","0","0","0","0","0","1","0","","67","2","2021","5","39.973237","-75.212226","","6","0","0","0","0","0","0","1","0","","0","0","0","10","1","1","","1","0","39 58:23.653","","0","75 12:44.012","8","0","0","0","67301","0","0","0","N","0","0","0","2","00000","0","","1.0","","1","","","N","0","","0","0","1","3","2","","1000","2","1","0","0","0","1","0","2","0","2","0","0","0","3","","","N","","","","","","","","","",""
"2022079915","","1","0","0","0","0","0","0","0","0","7","0","","67","3","2021","3","40.094565","-75.01502","","6","0","0","0","0","0","1","0","0","","0","0","0","9","1","1","N","0","0","40 05:40.434","","0","75 00:54.071","8","0","0","0","67301","0","0","0","N","0","0","0","1","00000","0","","4.0","","1","","","N","0","","0","0","0","0","0","","900","2","1","0","0","0","1","0","2","0","1","0","0","0","3","","","N","","","","","","","","","",""
"2022079354","","0","0","0","0","0","0","0","0","0","5","0","","67","3","2021","2","","","","6","0","0","0","0","0","0","0","0","","0","0","0","14","1","2","N","0","0","","","0","","8","0","0","0","67301","0","0","0","N","0","0","0","3","00000","0","","1.0","","1","","","N","0","","0","0","1","0","0","","1425","2","2","0","0","0","2","0","1","0","2","0","0","0","3","","","N","","","","","","","","","",""
"2022079372","","0","0","0","0","0","0","0","0","0","1","0","","67","3","2021","1","40.022303","-75.162025","","6","0","0","0","0","0","0","0","0","","0","0","0","21","1","2","","1","0","40 01:20.289","","0","75 09:43.290","8","0","0","0","67301","0","0","0","N","0","0","0","3","00000","0","","1.0","","1","","","N","0","","0","0","1","0","0","","2145","2","2","0","0","0","2","0","2","0","2","0","0","0","3","","","N","","","","","","","","","",""
"2022079848","","1","0","0","0","0","0","0","0","0","1","0","","67","2","2021","5","39.929053","-75.220583","","6","0","0","0","0","1","1","0","0","","0","0","0","12","1","1","","1","0","39 55:44.592","","0","75 13:14.099","8","0","0","0","67301","0","0","0","N","0","0","0","2","00000","0","","1.0","","1","","","N","0","","0","0","1","3","2","","1200","2","1","0","0","0","1","0","2","0","2","0","0","0","3","","","N","","","","","","","","","",""
"2022079921","","2","0","0","0","0","0","0","0","0","1","0","","67","2","2021","7","39.948972","-75.170611","","6","0","0","0","0","0","0","0","0","","0","0","0","14","1","4","N","0","0","39 56:56.300","","0","75 10:14.200","8","0","0","0","67301","0","0","0","N","0","0","0","6","00000","0","","1.0","","1","","","N","0","","0","0","0","0","0","","1430","2","4","0","0","0","4","0","2","0","2","0","0","0","3","","","N","","","","","","","","","",""
"2022079869","","0","0","0","0","0","0","0","0","0","1","0","","67","4","2021","6","40.013587","-75.068535","","6","0","0","0","0","0","0","0","0","","0","0","0","99","1","2","","5","0","40 00:48.913","","0","75 04:06.725","8","0","0","0","67301","0","0","0","N","0","0","0","3","00000","0","","1.0","","1","","","N","0","","0","0","1","3","2","","9999","2","2","0","0","0","2","0","2","0","2","0","0","0","3","","","N","","","","","","","","","",""
"2022079801","","1","0","0","0","0","0","0","0","0","4","0","","67","4","2021","7","39.965591","-75.231913","","6","0","0","0","0","0","0","0","0","","0","0","0","18","1","1","","5","0","39 57:56.127","","0","75 13:54.886","8","0","0","0","67301","0","0","0","N","0","0","0","2","00000","0","","1.0","","1","","","N","0","","0","0","1","3","2","","1845","2","1","0","0","0","1","0","2","0","2","0","0","0","3","","","N","","","","","","","","","",""
"2022079913","","1","0","0","0","0","0","0","0","0","5","0","","67","2","2021","6","39.974083","-75.22017","","6","0","0","0","0","0","0","0","0","","0","0","0","6","1","0","N","0","0","39 58:26.698","","0","75 13:12.613","0","0","0","0","67301","0","0","0","N","0","0","0","2","00000","0","","6.0","","2","","","N","0","","0","0","0","0","0","","640","3","0","0","0","0","0","0","2","0","3","0","0","0","7","10","","N","","","","","","","","","",""
"2022079820","","1","0","0","0","0","0","0","0","0","5","1","","67","2","2021","1","39.916324","-75.218973","","6","0","0","0","0","0","0","0","0","","0","1","0","4","3","2","N","0","0","39 54:58.767","","0","75 13:08.301","8","0","0","0","67301","0","0","0","N","0","0","0","3","00000","0","","1.0","","1","","","N","0","","0","0","0","0","0","","415","2","2","0","0","0","2","0","2","0","2","0","0","0","3","","","N","","","","","","","","","",""
"2022079342","","0","0","0","0","0","0","0","0","0","4","0","","67","3","2021","4","40.02911","-75.105293","","6","0","0","0","0","0","0","0","0","","0","0","0","0","3","0","","1","0","40 01:44.795","","0","75 06:19.055","0","0","0","0","67301","0","0","0","N","0","0","0","2","00000","0","","1.0","","1","","","N","0","","0","0","1","0","0","","30","2","0","0","0","0","0","0","2","0","2","0","0","0","3","","","N","","","","","","","","","",""
"2022079373","","0","0","0","0","0","0","0","0","0","1","1","","67","2","2021","5","39.931855","-75.161029","","6","0","0","0","0","0","1","0","0","","0","1","0","17","1","0","","5","0","39 55:54.677","","0","75 09:39.704","0","0","0","0","67301","0","0","0","N","0","0","0","2","00000","0","","1.0","","1","","","N","0","","0","0","1","3","2","","1710","2","0","0","0","0","0","0","2","0","2","0","0","0","3","","","N","","","","","","","","","",""
"2022079922","","0","0","0","0","0","0","0","0","0","5","0","","67","3","2021","6","","","","6","0","0","0","0","0","0","0","0","","0","0","0","17","1","1","N","0","0","","","0","","4","0","0","0","67301","0","0","0","N","0","0","0","2","00000","1","","1.0","","1","","","N","0","","0","0","2","0","0","","1745","2","1","0","0","0","0","0","1","0","2","0","0","0","3","","","N","","","","","","","","","",""
"2022079854","","1","0","0","0","0","0","0","0","0","1","0","","67","3","2021","4","40.023139","-75.158694","","6","0","0","0","0","0","1","0","0","","0","0","0","21","1","1","Y","0","0","40 01:23.300","","0","75 09:31.300","8","0","0","0","67301","0","0","0","N","0","0","0","2","00000","0","","1.0","","1","","","N","0","","0","0","1","3","2","","2140","2","1","0","0","0","1","0","2","0","2","0","0","0","3","","","N","","","","","","","","","",""
"2022079883","","2","0","0","0","0","0","0","0","0","4","0","","67","2","2021","4","40.012406","-75.150554","","6","0","0","0","0","0","1","0","0","","0","0","0","17","1","2","","5","0","40 00:44.661","","0","75 09:01.996","8","0","0","0","67301","0","0","0","N","0","0","0","3","00000","0","","1.0","","1","","","N","0","","0","0","0","0","0","","1710","2","2","1","0","0","2","0","2","0","2","0","0","0","3","","","N","","","","","","","","","",""
"2022079855","","1","0","0","0","0","0","0","0","0","4","0","","67","2","2021","1","39.928876","-75.235516","","6","0","0","0","0","0","1","0","0","","0","0","0","12","1","1","","1","0","39 55:43.955","","0","75 14:07.857","8","0","0","0","67301","0","0","0","N","0","0","0","2","00000","0","","1.0","","1","","","N","0","","0","0","0","3","2","","1200","2","1","0","0","0","1","0","2","0","2","0","0","0","3","","","N","","","","","","","","","",""
"2022072191","1425","1","0","0","0","0","0","0","0","0","8","0","","67","9","2021","2","39.95656","-75.241884","1419","6","0","0","0","0","0","0","0","0","","0","0","0","14","1","1","","1","0","39 57:23.615","","0","75 14:30.782","3","0","0","0","67301","1","0","0","N","1","0","0","2","67301","0","","1.0","","1","N","N","N","0","","1","0","0","3","1","","1414","2","1","0","0","0","0","1","2","0","1","1","0","0","3","03","","N","","","","","","","","","",""
"2022079388","","1","0","0","0","0","0","0","0","0","1","0","","67","2","2021","3","39.954609","-75.164836","","6","0","0","0","0","0","0","0","0","","0","0","0","8","1","2","","1","0","39 57:16.593","","0","75 09:53.411","8","0","0","0","67301","0","0","0","N","0","0","0","3","00000","0","","1.0","","1","","","N","0","","0","0","1","3","2","","847","2","2","0","0","0","2","0","2","0","2","0","0","0","3","","","N","","","","","","","","","",""
"2022077428","2259","1","0","0","0","0","0","0","0","0","4","0","","67","11","2021","2","39.966539","-75.158287","2257","6","0","0","0","0","0","0","0","0","","0","0","0","22","3","1","","1","0","39 57:59.540","","0","75 09:29.833","4","0","0","0","67301","0","0","0","N","0","0","0","2","67301","1","","1.0","","1","N","N","N","0","","0","0","1","3","3","","2255","2","1","0","0","0","0","1","2","0","2","0","0","0","3","03","","N","","","","","","","","","",""
"2022079779","1248","1","0","0","0","0","0","0","0","0","8","0","","67","9","2021","6","39.952296","-75.175409","1243","6","0","0","0","1","0","0","0","0","","0","0","0","12","1","1","","1","0","39 57:08.267","","0","75 10:31.472","8","0","0","0","67301","1","0","0","N","1","0","0","2","67301","0","","1.0","","1","N","N","N","0","","0","0","0","3","2","","1227","2","1","1","0","0","1","0","2","0","1","1","0","0","3","","","N","","","","","","","","","",""
"2022076128","2215","1","0","0","1","0","1","0","0","0","8","0","","67","11","2021","3","39.9926","-75.120508","2215","6","0","0","0","0","1","0","0","0","","0","0","0","22","3","1","N","0","0","39 59:33.360","","0","75 07:13.830","2","0","0","0","67301","1","0","1","N","0","0","0","2","67301","0","","1.0","","1","N","N","N","0","","0","1","0","0","0","","2215","2","1","0","0","0","0","0","2","0","1","1","0","1","3","03","","N","","","","","","","","","",""
"2022077419","1759","0","0","0","0","0","0","0","0","0","4","0","","67","12","2021","7","39.961767","-75.156114","1757","6","0","0","0","0","0","1","0","0","","0","0","0","17","3","0","","1","1","39 57:42.360","4","0","75 09:22.012","9","0","0","0","67301","0","0","0","N","0","0","0","2","67301","0","","1.0","1830.0","1","N","N","N","0","","0","0","2","3","2","N","1750","2","0","0","0","0","0","1","2","0","2","0","0","0","3","03","","N","","","","","","","","","",""
"2022079380","","1","0","0","0","0","0","0","0","0","1","0","","67","5","2021","5","39.989728","-75.170241","","6","0","0","0","0","0","1","0","0","","0","0","0","13","1","3","","1","0","39 59:23.019","","0","75 10:12.867","8","0","0","0","67301","0","0","0","N","0","0","0","4","00000","0","","1.0","","1","","","N","0","","0","0","1","3","2","","1308","2","3","0","0","0","3","0","2","0","2","0","0","0","3","","","N","","","","","","","","","",""
"2022080201","","2","0","0","0","0","0","0","0","0","4","0","","67","5","2021","6","39.977768","-75.21345","","6","0","0","0","0","0","1","0","0","","0","0","0","14","1","1","","1","0","39 58:39.965","","0","75 12:48.419","8","0","0","0","67301","0","0","0","N","0","0","0","2","00000","0","","1.0","","1","","","N","0","","0","0","0","0","0","","1410","2","1","0","0","0","1","0","2","0","2","0","0","0","3","","","N","","","","","","","","","",""
"2022079870","","0","0","0","0","0","0","0","0","0","5","0","","67","4","2021","7","39.897783","-75.211471","","6","0","0","0","0","0","0","0","0","","0","0","0","10","1","3","N","0","0","39 53:52.018","","3","75 12:41.295","8","0","0","0","67301","0","0","0","N","0","0","0","4","00000","0","","1.0","","1","","","N","0","","0","0","0","0","0","","1000","2","3","0","0","0","3","0","2","1","2","0","0","0","3","","","N","","","","","","","","","",""
"2022079807","","2","0","0","0","0","0","0","0","0","4","0","","67","4","2021","3","40.038189","-75.078569","","6","0","0","0","0","0","0","0","0","","0","0","0","7","1","1","","1","0","40 02:17.479","","0","75 04:42.847","8","0","0","0","67301","0","0","0","N","0","0","0","2","00000","0","","1.0","","1","","","N","0","","0","0","0","3","2","","744","2","1","0","0","0","1","0","2","0","2","0","0","0","3","","","N","","","","","","","","","",""
"2022079391","","2","0","0","0","0","0","0","0","0","1","0","","67","4","2021","4","39.988127","-75.206887","","6","0","0","0","1","1","0","0","0","","0","0","0","16","1","1","N","0","0","39 59:17.256","","2","75 12:24.793","8","0","0","0","67301","0","0","0","N","0","0","0","2","00000","0","","1.0","","1","","","N","0","","0","0","0","0","0","","1615","2","1","0","0","0","1","0","2","0","2","0","0","0","3","","","N","","","","","","","","","",""
"2022079853","","1","0","0","0","0","0","0","0","0","1","0","","67","4","2021","1","39.918055","-75.209666","","6","0","0","0","0","1","0","0","0","","0","0","0","0","3","1","Y","0","0","39 55:04.998","","0","75 12:34.799","8","0","0","0","67301","0","0","0","N","0","0","0","2","00000","0","","1.0","","1","","","N","0","","0","0","1","3","2","","25","2","1","0","0","0","1","0","2","0","2","0","0","0","3","","","N","","","","","","","","","",""
"2022079890","","1","0","0","0","0","0","0","0","0","4","0","","67","7","2021","3","39.952517","-75.170167","","6","0","0","0","0","0","0","0","0","","0","0","0","19","1","0","","1","0","39 57:09.061","","0","75 10:12.601","0","0","0","0","67301","0","0","0","N","0","0","0","2","00000","0","","1.0","","1","","","N","0","","0","0","1","0","0","","1941","2","0","0","0","0","0","0","2","0","2","0","0","0","3","","","N","","","","","","","","","",""
"2022079918","","2","0","0","0","0","0","0","0","0","4","0","","67","4","2021","3","40.040711","-75.158406","","6","0","0","1","0","0","0","1","0","","0","0","0","99","1","1","","2","0","40 02:26.559","","0","75 09:30.261","8","0","0","0","67301","0","0","0","N","0","0","0","2","00000","0","","1.0","","1","","","N","0","","0","0","0","3","3","","9999","2","1","0","0","0","1","0","2","0","2","0","0","0","3","","","N","","","","","","","","","",""
"2022079792","","2","0","0","0","0","0","0","0","0","1","0","","67","4","2021","2","39.999703","-75.138235","","6","0","0","0","0","0","2","0","0","","0","0","0","16","1","1","Y","0","0","39 59:58.931","","0","75 08:17.646","8","0","0","0","67301","0","0","0","N","0","0","0","2","00000","0","","1.0","","1","","","N","0","","0","0","0","3","2","","1630","2","1","0","0","0","1","0","2","0","2","0","0","0","3","","","N","","","","","","","","","",""
"2022118335","","1","0","0","0","0","0","0","0","0","4","0","","67","10","2021","5","39.996649","-75.175534","","6","0","0","0","0","0","1","0","0","","0","0","0","99","1","1","","1","0","39 59:47.935","","0","75 10:31.923","8","0","0","0","67301","0","0","0","N","0","0","0","2","00000","0","","1.0","","1","","","N","0","","0","0","1","3","2","","9999","2","1","1","0","0","1","0","2","0","2","0","0","0","3","","","N","","","","","","","","","",""
"2023065932","1137","0","0","0","0","0","0","0","0","0","4","0","","67","7","2021","6","40.007217","-75.123438","1130","6","0","0","0","0","0","1","0","0","","0","0","0","11","1","1","","1","0","40 00:25.981","","0","75 07:24.378","3","0","0","0","67301","0","0","0","N","0","0","0","3","67301","0","","1.0","","1","N","N","N","2","","1","0","0","3","2","","1120","3","1","0","0","0","0","1","2","1","3","0","0","0","3","03","","N","","","","","","","","","",""
"2023051424","2058","3","0","0","0","0","0","0","0","0","4","0","","67","12","2021","1","40.008655","-75.098426","2057","6","0","0","1","0","0","1","0","0","","0","0","0","20","3","3","","1","0","40 00:31.157","","0","75 05:54.335","3","0","0","0","67301","0","0","0","N","0","0","0","3","67301","0","","1.0","","1","N","N","N","0","","1","0","0","3","2","","2057","3","3","1","0","0","2","0","2","0","3","0","0","0","3","03","","N","","","","","","","","","",""
"2023082359","9999","2","0","0","0","0","0","0","0","0","1","0","","67","9","2021","1","39.992366","-75.185956","9999","6","0","0","0","0","0","1","0","0","","0","0","0","14","1","1","Y","0","0","39 59:32.516","","0","75 11:09.443","3","0","0","0","67301","0","0","0","N","0","0","0","3","00000","0","","1.0","","99","N","N","N","0","","1","0","0","0","0","","1415","2","1","0","0","0","0","1","2","0","2","0","0","0","99","","","N","","","","","","","","","",""
"2024009604","2121","0","0","0","0","0","0","0","0","0","8","0","","67","11","2021","5","39.977269","-75.158093","2121","6","0","0","0","0","0","0","0","0","","0","0","0","17","3","1","","1","0","39 58:38.167","","0","75 09:29.135","8","0","0","0","67301","1","0","0","N","1","0","0","2","67301","0","","1.0","","1","N","N","N","0","","0","0","0","3","2","","1745","2","1","0","0","0","1","1","2","0","1","1","0","0","03","03","","N","","","","","","","","","",""
"2023022560","1952","1","0","0","0","0","0","0","0","0","4","0","","67","4","2021","6","39.921034","-75.228912","1952","6","0","0","0","0","0","0","0","0","","0","0","0","19","3","0","","1","0","39 55:15.723","","0","75 13:44.082","9","0","0","0","67301","0","0","0","N","0","0","0","2","67301","0","","1.0","","1","N","N","N","0","","0","0","1","3","2","","1935","2","0","0","0","0","0","2","2","0","2","0","0","0","03","03","","N","","","","","","","","","",""
"2024012984","1852","2","0","0","0","0","0","0","0","0","5","0","","67","12","2021","2","39.971622","-75.228828","1852","6","0","0","0","0","0","0","0","0","","0","0","0","18","3","0","N","0","0","39 58:17.840","","0","75 13:43.780","9","0","0","0","67301","0","0","0","N","0","0","0","3","67301","0","","1.0","","1","N","N","N","0","","0","0","2","0","0","","1800","4","0","0","0","0","0","1","2","0","4","0","0","0","03","03","","N","","","","","","","","","",""
"2021030954","1934","1","0","0","0","0","0","0","0","0","1","0","","67","3","2021","4","40.015439","-75.149786","1925","6","0","0","0","0","0","0","0","0","","0","0","0","19","3","0","N","0","1","40 00:55.582","1","0","75 08:59.228","0","0","0","0","67301","0","0","0","N","0","0","0","1","67301","0","","1.0","100.0","9","N","N","N","0","","0","0","1","0","0","N","1920","2","0","0","0","0","0","0","2","0","2","0","0","0","07","07","","N","","","","","","","","","",""
"2021042841","1233","1","0","0","0","0","0","1","0","0","1","1","","67","5","2021","2","40.015141","-75.207524","1221","6","0","0","0","0","0","1","0","0","","0","0","0","12","1","1","N","0","1","40 00:54.507","1","7","75 12:27.086","4","0","0","0","67301","0","0","0","N","0","0","0","2","67301","1","","1.0","1340.0","1","N","N","N","0","","0","0","0","0","0","N","1215","2","1","0","0","0","0","0","2","0","2","0","0","0","03","","","N","","","","","","","","","",""
"2021031922","1933","1","0","0","0","0","0","0","0","0","8","0","","67","4","2021","2","40.056226","-75.006475","1927","6","0","0","0","0","0","0","0","0","","0","0","0","19","4","1","N","0","2","40 03:22.415","6","0","75 00:23.310","2","0","0","0","67301","1","0","1","N","1","0","1","2","67301","0","","1.0","2122.0","1","N","N","N","0","","0","1","0","0","0","Y","1925","2","1","0","0","0","0","0","2","0","1","1","0","1","03","03","","N","","","","","","","","","",""
"2021030745","1218","1","0","0","0","0","0","0","0","0","1","0","","67","3","2021","5","39.887138","-75.204698","1218","6","0","0","0","0","0","1","0","0","","0","0","0","12","1","0","N","0","0","39 53:13.695","","0","75 12:16.913","9","0","0","0","67301","0","0","0","N","0","0","0","3","68K01","0","","1.0","","1","N","N","N","0","","0","0","0","0","0","","1218","2","0","0","0","0","0","1","2","0","2","0","0","0","03","","","N","","","","","","","","","",""
"2021031516","0425","1","0","0","0","0","0","0","0","0","1","0","","67","4","2021","7","40.011481","-75.060759","0425","6","0","0","0","0","0","0","0","0","","0","0","0","4","3","0","N","0","0","40 00:41.333","","0","75 03:38.733","9","0","0","0","67301","0","0","0","N","0","0","0","2","68K01","0","","1.0","","1","N","N","N","0","","0","0","0","0","0","","406","2","0","0","0","0","0","1","2","0","2","0","0","0","03","","","N","","","","","","","","","",""
"2021026814","2318","0","0","1","0","0","0","0","0","0","2","0","","67","2","2021","2","39.968754","-75.191603","2302","6","0","0","0","0","0","0","0","0","","0","0","0","22","3","3","N","0","2","39 58:07.516","3","0","75 11:29.771","2","0","0","0","67301","0","0","0","N","0","0","0","3","68K01","0","","1.0","30.0","9","N","N","N","0","","1","2","3","0","0","N","2252","3","3","0","0","0","0","0","2","0","3","0","0","0","07","","","N","","","","","","","","","",""
"2021016349","2134","2","0","0","0","0","0","0","0","0","5","0","","67","2","2021","3","39.928761","-75.184197","2133","6","0","0","0","0","0","0","0","0","","0","0","0","21","3","1","N","0","2","39 55:43.540","6","0","75 11:03.110","3","0","0","0","67301","0","0","0","N","0","0","0","1","67301","0","","6.0","1109.0","1","N","N","N","0","","1","0","1","0","0","N","2133","3","1","0","0","0","0","0","2","0","3","0","0","0","03","03","","N","","","","","","","","","",""
"2021031767","1500","2","0","0","0","0","0","0","0","0","4","0","","67","4","2021","2","40.020398","-75.140103","1500","6","0","0","0","0","0","0","0","0","","0","0","0","15","1","2","","1","0","40 01:13.432","","0","75 08:24.370","3","0","0","0","67301","0","0","0","N","0","0","0","4","67301","0","","1.0","","1","N","N","N","0","","2","0","0","3","3","","1500","2","2","2","0","0","0","0","2","0","2","0","0","0","03","03","","N","","","","","","","","","",""
"2021031964","0212","1","0","0","0","0","0","0","0","0","7","0","","67","4","2021","5","39.97168","-75.125995","0208","6","0","0","0","0","0","0","0","0","","0","0","0","2","3","1","N","0","0","39 58:18.047","","0","75 07:33.583","3","0","0","0","67301","0","0","0","N","0","0","0","1","67301","0","","1.0","","1","N","N","N","0","","1","0","0","0","0","","206","1","1","0","0","0","0","0","2","0","1","0","0","0","03","03","","N","","","","","","","","","",""