"CRN","ARRIVAL_TM","AUTOMOBILE_COUNT","BELTED_DEATH_COUNT","BELTED_SUSP_SERIOUS_INJ_COUNT","BICYCLE_COUNT","BICYCLE_DEATH_COUNT","BICYCLE_SUSP_SERIOUS_INJ_COUNT","BUS_COUNT","CHLDPAS_DEATH_COUNT","CHLDPAS_SUSP_SERIOUS_INJ_COUNT","COLLISION_TYPE","COMM_VEH_COUNT","CONS_ZONE_SPD_LIM","COUNTY","CRASH_MONTH","CRASH_YEAR","DAY_OF_WEEK","DEC_LATITUDE","DEC_LONGITUDE","DISPATCH_TM","DISTRICT","DRIVER_COUNT_16YR","DRIVER_COUNT_17YR","DRIVER_COUNT_18YR","DRIVER_COUNT_19YR","DRIVER_COUNT_20YR","DRIVER_COUNT_50_64YR","DRIVER_COUNT_65_74YR","DRIVER_COUNT_75PLUS","EST_HRS_CLOSED","FATAL_COUNT","HEAVY_TRUCK_COUNT","HORSE_BUGGY_COUNT","HOUR_OF_DAY","ILLUMINATION","INJURY_COUNT","INTERSECTION_RELATED","INTERSECT_TYPE","LANE_CLOSED","LATITUDE","LN_CLOSE_DIR","LOCATION_TYPE","LONGITUDE","MAX_SEVERITY_LEVEL","MCYCLE_DEATH_COUNT","MCYCLE_SUSP_SERIOUS_INJ_COUNT","MOTORCYCLE_COUNT","MUNICIPALITY","NONMOTR_COUNT","NONMOTR_DEATH_COUNT","NONMOTR_SUSP_SERIOUS_INJ_COUNT","NTFY_HIWY_MAINT","PED_COUNT","PED_DEATH_COUNT","PED_SUSP_SERIOUS_INJ_COUNT","PERSON_COUNT","POLICE_AGCY","POSSIBLE_INJ_COUNT","RDWY_SURF_TYPE_CD","RELATION_TO_ROAD","ROADWAY_CLEARED","ROAD_CONDITION","SCH_BUS_IND","SCH_ZONE_IND","SECONDARY_CRASH","SMALL_TRUCK_COUNT","SPEC_JURIS_CD","SUSP_MINOR_INJ_COUNT","SUSP_SERIOUS_INJ_COUNT","SUV_COUNT","TCD_FUNC_CD","TCD_TYPE","TFC_DETOUR_IND","TIME_OF_DAY","TOTAL_UNITS","TOT_INJ_COUNT","UNBELTED_OCC_COUNT","UNB_DEATH_COUNT","UNB_SUSP_SERIOUS_INJ_COUNT","UNK_INJ_DEG_COUNT","UNK_INJ_PER_COUNT","URBAN_RURAL","VAN_COUNT","VEHICLE_COUNT","VULNERABLE_ROAD_USER_COUNT","VULNERABLE_ROAD_USER_DEATH_COUNT","VULNERABLE_ROAD_USER_SER_INJ_COUNT","WEATHER1","WEATHER2","WORKERS_PRES","WORK_ZONE_IND","WORK_ZONE_LOC","WORK_ZONE_TYPE","WZ_CLOSE_DETOUR","WZ_FLAGGER","WZ_LAW_OFFCR_IND","WZ_LN_CLOSURE","WZ_MOVING","WZ_OTHER","WZ_SHLDER_MDN","WZ_WORKERS_INJ_KILLED"
"2021031963","0241","1","0","0","0","0","0","0","0","0","4","0","","67","4","2021","4","39.99106","-75.114399","0241","6","0","0","0","0","0","0","0","0","","0","0","0","2","3","0","N","0","0","39 59:27.817","","0","75 06:51.838","0","0","0","0","67301","0","0","0","N","0","0","0","2","67301","0","","1.0","","1","N","N","N","0","","0","0","2","0","0","","238","3","0","2","0","0","0","0","2","0","3","0","0","0","03","","","N","","","","","","","","","",""
"2021030109","0108","0","0","0","0","0","0","1","0","0","1","1","","67","3","2021","5","40.005282","-75.157039","0100","6","0","0","0","0","0","1","0","0","","0","0","0","1","2","2","","1","0","40 00:19.015","","0","75 09:25.340","4","0","0","0","67301","0","0","0","N","0","0","0","2","67508","2","","1.0","","1","N","N","Y","0","","0","0","1","3","2","","100","2","2","0","0","0","0","0","2","0","2","0","0","0","03","03","","N","","","","","","","","","",""
"2021015862","0722","1","0","0","0","0","0","0","0","0","4","0","","67","2","2021","1","39.995681","-75.114905","0722","6","0","0","0","0","0","0","0","0","","0","0","0","7","3","0","","2","0","39 59:44.451","","1","75 06:53.658","0","0","0","0","67301","0","0","0","N","0","0","0","2","67301","0","","1.0","","2","N","N","N","1","","0","0","0","0","0","","722","2","0","0","0","0","0","0","2","0","2","0","0","0","03","03","","N","","","","","","","","","",""
"2021043031","0735","2","0","0","0","0","0","0","0","0","1","0","","67","4","2021","6","39.977061","-75.19927","0735","6","0","0","0","0","0","0","0","0","","0","0","0","7","1","0","","6","1","39 58:37.421","3","2","75 11:57.373","0","0","0","0","67301","0","0","0","N","0","0","0","3","68K01","0","","1.0","810.0","1","N","N","Y","0","","0","0","1","3","2","Y","734","3","0","0","0","0","0","0","2","0","3","0","0","0","03","03","","N","","","","","","","","","",""
"2021030632","0953","0","0","0","0","0","0","0","0","0","1","0","","67","4","2021","7","39.991856","-75.202546","0953","6","0","0","0","0","0","1","0","0","","0","0","0","9","1","0","N","0","0","39 59:30.680","","0","75 12:09.164","0","0","0","0","67301","0","0","0","N","0","0","0","4","68K01","0","","3.0","","1","N","N","N","0","","0","0","2","0","0","","953","2","0","0","0","0","0","0","2","0","2","0","0","0","03","","","N","","","","","","","","","",""
"2021031122","2133","2","0","0","0","0","0","0","0","0","1","0","","67","4","2021","5","39.992936","-75.200648","2122","6","0","0","0","0","0","1","0","0","","0","0","0","21","3","0","N","0","1","39 59:34.570","3","0","75 12:02.331","0","0","0","0","67301","0","0","0","N","0","0","0","3","68K01","0","","1.0","2135.0","1","N","N","N","0","","0","0","1","0","0","N","2117","3","0","0","0","0","0","0","2","0","3","0","0","0","03","","","N","","","","","","","","","",""
"2021031024","0808","0","0","0","0","0","0","0","0","0","7","0","","67","4","2021","6","40.073572","-75.158222","0803","6","0","0","0","0","0","1","0","0","","0","0","0","8","1","1","N","0","0","40 04:24.860","","0","75 09:29.600","3","0","0","0","67301","0","0","0","N","0","0","0","1","67301","0","","5.0","","1","N","N","N","0","","1","0","1","9","9","","800","1","1","0","0","0","0","0","2","0","1","0","0","0","03","","","N","","","","","","","","","",""
"2021019764","0405","0","0","0","0","0","0","1","0","0","8","1","","67","2","2021","7","39.989809","-75.125532","0400","6","0","0","0","0","0","0","0","0","","0","0","0","4","3","1","","1","0","39 59:23.311","","1","75 07:31.914","2","0","0","0","67301","1","0","1","N","1","0","1","2","67508","0","","1.0","","1","N","N","Y","0","","0","1","0","3","2","","400","2","1","0","0","0","0","0","2","0","1","1","0","1","03","03","","N","","","","","","","","","",""
"2021032490","2200","2","0","0","0","0","0","0","0","0","1","0","","67","4","2021","2","39.942157","-75.193813","2158","6","0","0","0","0","0","1","0","0","","0","0","0","21","3","2","N","0","1","39 56:31.766","4","0","75 11:37.728","4","0","0","0","67301","0","0","0","N","0","0","0","4","68K01","2","","1.0","2250.0","1","N","N","N","0","","0","0","0","0","0","N","2155","2","2","1","0","0","0","0","2","0","2","0","0","0","03","","","N","","","","","","","","","",""
"2021028681","0223","0","0","0","0","0","0","1","0","0","5","1","","67","3","2021","2","39.97349","-75.158939","0220","6","0","0","0","0","0","0","0","0","","0","0","0","2","3","0","N","0","0","39 58:24.563","","0","75 09:32.180","0","0","0","0","67301","0","0","0","N","0","0","0","1","67505","0","","6.0","","1","N","N","N","0","","0","0","1","0","0","","216","2","0","0","0","0","0","0","2","0","2","0","0","0","3","03","","N","","","","","","","","","",""
"2021032274","2215","2","0","0","0","0","0","0","0","0","1","0","","67","4","2021","4","40.026559","-75.096724","2215","6","0","0","0","0","0","0","0","0","","0","0","0","21","3","2","","1","0","40 01:35.614","","0","75 05:48.205","3","0","0","0","67301","0","0","0","N","0","0","0","3","67301","0","","1.0","","1","N","N","N","0","","2","0","0","3","2","","2147","2","2","0","0","0","0","1","2","0","2","0","0","0","3","","","N","","","","","","","","","",""
"2021021128","0016","0","0","0","0","0","0","0","0","0","8","0","","67","2","2021","7","40.019664","-75.134164","0008","6","0","0","0","0","0","0","0","0","","1","0","0","23","3","0","Y","0","2","40 01:10.790","5","0","75 08:02.990","1","0","0","0","67301","1","1","0","N","1","1","0","2","67301","0","2","1.0","130.0","1","N","N","N","0","0","0","0","0","0","0","Y","2354","2","0","0","0","0","0","0","2","0","1","1","1","0","3","","","N","","","","","","","","","",""
"2021013460","1115","0","0","0","0","0","0","0","0","0","8","0","","67","1","2021","5","39.959471","-75.233172","1115","6","0","0","0","0","0","0","0","0","","0","0","0","11","1","1","","1","0","39 57:34.096","","0","75 13:59.419","3","0","0","0","67301","1","0","0","N","1","0","0","2","67301","0","","1.0","","1","N","N","N","0","","1","0","1","3","2","","1107","2","1","0","0","0","0","0","2","0","1","1","0","0","3","03","","N","","","","","","","","","",""
"2021021372","1554","1","0","0","0","0","0","0","0","0","1","0","","67","3","2021","3","40.008945","-75.205488","1554","6","0","0","0","0","0","0","0","0","","0","0","0","15","1","1","N","0","0","40 00:32.202","","0","75 12:19.756","8","0","0","0","67301","0","0","0","N","0","0","0","2","68K01","0","","1.0","","1","N","N","N","0","","0","0","1","0","0","","1549","2","1","0","0","0","1","0","2","0","2","0","0","0","3","","","N","","","","","","","","","",""
"2021032372","0700","2","0","0","0","0","0","0","0","0","1","1","","67","4","2021","5","40.040435","-75.005494","0641","6","0","0","0","0","0","1","0","0","","0","1","0","6","1","1","N","0","0","40 02:25.567","","0","75 00:19.778","8","0","0","0","67301","0","0","0","N","0","0","0","3","68K01","0","","1.0","","9","N","N","N","0","","0","0","0","0","0","","637","3","1","1","0","0","1","0","2","0","3","0","0","0","5","07","","N","","","","","","","","","",""
"2021021418","1748","2","0","0","0","0","0","0","0","0","4","0","","67","3","2021","4","40.035376","-75.145426","1748","6","0","0","0","0","0","0","0","0","","0","0","0","16","4","1","N","0","0","40 02:07.353","","0","75 08:43.534","8","0","0","0","67301","0","0","0","N","0","0","0","2","67301","0","","1.0","","1","N","N","N","0","","0","0","0","0","0","","1630","2","1","0","0","0","1","0","2","0","2","0","0","0","3","","","N","","","","","","","","","",""
"2021020329","1850","2","0","0","0","0","0","0","0","0","2","0","","67","2","2021","7","40.028736","-75.143912","1850","6","0","0","0","0","0","0","0","0","","0","0","0","13","1","1","","1","0","40 01:43.449","","0","75 08:38.083","3","0","0","0","67301","0","0","0","N","0","0","0","2","67301","0","","1.0","","1","N","N","N","0","","1","0","0","3","3","","1350","2","1","0","0","0","0","0","2","0","2","0","0","0","3","03","","N","","","","","","","","","",""
"2021019772","1030","1","0","0","0","0","0","0","0","0","4","1","","67","2","2021","6","40.112033","-74.990511","1010","6","0","0","0","0","0","0","0","0","","0","1","0","10","1","0","","2","2","40 06:43.320","7","0","74 59:25.838","0","0","0","0","67301","0","0","0","N","0","0","0","2","67301","0","","1.0","1241.0","1","N","N","N","0","","0","0","0","3","2","Y","1005","2","0","0","0","0","0","0","2","0","2","0","0","0","3","03","","N","","","","","","","","","",""
"2021020242","0333","1","0","0","0","0","0","0","0","0","7","0","","67","3","2021","2","39.984681","-75.156494","0332","6","0","0","1","0","0","0","0","0","","0","0","0","2","3","1","N","1","0","39 59:04.850","","0","75 09:23.377","4","0","0","0","67301","0","0","0","N","0","0","0","3","67505","1","","2.0","","1","N","N","N","0","","0","0","0","0","0","","247","1","1","0","0","0","0","0","2","0","1","0","0","0","3","03","","N","","","","","","","","","",""
"2021032249","1531","1","0","0","0","0","0","0","0","0","4","0","","67","4","2021","3","40.012275","-75.113711","1524","6","0","0","0","0","1","0","0","0","","0","0","0","15","1","2","N","0","0","40 00:44.190","","0","75 06:49.360","3","0","0","0","67301","0","0","0","N","0","0","0","4","67301","0","","1.0","","1","N","N","N","0","","2","0","1","0","0","","1508","2","2","0","0","0","0","0","2","0","2","0","0","0","3","03","","N","","","","","","","","","",""
"2021021752","0823","0","0","0","0","0","0","0","0","0","8","0","","67","3","2021","5","39.916829","-75.171324","0815","6","0","0","0","0","0","0","0","0","","0","0","0","8","1","1","","1","0","39 55:00.583","","0","75 10:16.768","3","0","0","0","67301","1","0","0","N","1","0","0","3","67301","0","","1.0","","1","N","N","N","0","","1","0","1","3","2","","813","2","1","0","0","0","0","2","2","0","1","1","0","0","3","03","","N","","","","","","","","","",""
"2021020360","0943","0","0","0","0","0","0","0","0","0","5","1","45","67","2","2021","4","40.009128","-75.067152","0933","6","0","0","0","2","0","0","0","0","","0","1","0","9","1","1","","6","2","40 00:32.861","1","2","75 04:01.747","3","0","0","0","67301","0","0","0","N","0","0","0","6","68K01","0","","7.0","1022.0","1","N","N","N","0","","1","0","3","0","0","N","931","5","1","0","0","0","0","1","2","1","5","0","0","0","3","","Y","Y","2","1","N","N","N","N","N","N","Y","N"
"2021020086","0758","1","0","0","0","0","0","0","0","0","1","0","","67","2","2021","1","39.897821","-75.211612","0752","6","0","0","0","0","0","0","0","0","","0","0","0","7","1","1","N","0","0","39 53:52.157","","3","75 12:41.802","8","0","0","0","67301","0","0","0","N","0","0","0","2","67301","0","","1.0","","1","N","N","N","0","","0","0","1","0","0","","750","2","1","0","0","0","1","0","2","0","2","0","0","0","4","04","","N","","","","","","","","","",""
"2021030723","0012","1","0","0","0","0","0","0","0","0","6","0","","67","4","2021","6","39.995931","-75.109333","0007","6","0","0","0","0","0","0","0","0","","0","0","0","22","3","0","N","0","0","39 59:45.350","","0","75 06:33.600","0","0","0","0","67301","0","0","0","N","0","0","0","0","67301","0","","1.0","","1","N","N","N","0","","0","0","1","0","0","","2255","2","0","0","0","0","0","0","2","0","2","0","0","0","3","03","","N","","","","","","","","","",""
"2021020792","0025","2","0","0","0","0","0","0","0","0","1","0","","67","2","2021","7","40.010648","-75.062708","0015","6","0","0","0","0","0","0","0","0","","0","0","0","0","3","2","N","0","0","40 00:38.333","","0","75 03:45.747","8","0","0","0","67301","0","0","0","N","0","0","0","3","68K01","0","","1.0","","9","N","N","N","0","","0","0","0","0","0","","15","2","2","0","0","0","2","1","2","0","2","0","0","0","7","07","","N","","","","","","","","","",""
"2021020844","0810","2","0","0","0","0","0","0","0","0","4","0","","67","3","2021","2","40.134325","-75.009065","0750","6","0","0","0","0","0","1","0","0","","0","0","0","7","1","1","","1","0","40 08:03.571","","0","75 00:32.634","8","0","0","0","67301","0","0","0","N","0","0","0","2","67301","0","","1.0","","9","N","N","Y","0","","0","0","0","2","1","","726","2","1","0","0","0","1","0","2","0","2","0","0","0","7","04","","N","","","","","","","","","",""
"2021019781","1045","1","0","0","0","0","0","1","0","0","5","1","","67","2","2021","6","40.013694","-75.157722","1035","6","0","0","0","0","0","0","0","0","","0","0","0","10","1","0","N","0","0","40 00:49.300","","0","75 09:27.800","0","0","0","0","67301","0","0","0","N","0","0","0","2","67508","0","","6.0","","1","N","N","Y","0","","0","0","0","0","0","","1035","2","0","0","0","0","0","0","2","0","2","0","0","0","3","03","","N","","","","","","","","","",""
"2021031271","0245","1","0","0","0","0","0","0","0","0","4","0","","67","4","2021","2","39.921983","-75.234719","0235","6","0","0","0","0","0","0","0","0","","0","0","0","1","3","0","N","0","0","39 55:19.140","","3","75 14:04.990","9","0","0","0","67301","0","0","0","N","0","0","0","1","67301","0","","6.0","","1","N","N","N","1","","0","0","0","0","0","","126","2","0","0","0","0","0","1","2","0","2","0","0","0","3","03","","N","","","","","","","","","",""
"2021037154","1103","0","0","0","1","1","0","0","0","0","8","0","","67","4","2021","7","39.964394","-75.177708","1101","6","0","0","0","0","0","0","0","0","","1","0","0","11","1","0","N","1","0","39 57:51.820","","0","75 10:39.750","1","0","0","0","67301","1","1","0","N","0","0","0","2","67301","0","2","1.0","","1","N","N","N","0","0","0","0","1","0","0","","1100","2","0","0","0","0","0","0","2","0","1","1","1","0","3","03","","N","","","","","","","","","",""
"2021041967","2136","2","0","0","0","0","0","0","0","0","4","0","","67","5","2021","1","40.025393","-75.126111","2135","6","0","0","0","0","0","1","0","0","","0","0","0","21","3","0","N","0","0","40 01:31.414","","0","75 07:33.998","0","0","0","0","67301","0","0","0","N","0","0","0","2","67301","0","","1.0","","9","N","N","N","0","","0","0","0","3","2","","2116","2","0","0","0","0","0","0","2","0","2","0","0","0","7","","","N","","","","","","","","","",""
"2021011518","1700","1","0","0","0","0","0","0","0","0","1","0","","67","1","2021","1","39.931109","-75.232293","1655","6","0","0","0","0","0","0","1","0","","0","0","0","16","3","0","","1","0","39 55:51.993","","0","75 13:56.255","0","0","0","0","67301","0","0","0","N","0","0","0","2","67301","0","","1.0","","7","N","N","N","0","","0","0","1","2","2","","1643","2","0","0","0","0","0","0","2","0","2","0","0","0","10","10","","N","","","","","","","","","",""
"2021020534","1922","1","0","0","0","0","0","0","0","0","1","0","","67","2","2021","4","40.009791","-75.064882","1845","6","0","0","0","0","1","0","0","0","","0","0","0","18","3","1","N","0","0","40 00:35.247","","0","75 03:53.576","8","0","0","0","67301","0","0","0","N","0","0","0","2","68K01","0","","1.0","","1","N","N","N","0","","0","0","1","0","0","","1836","2","1","0","0","0","1","0","2","0","2","0","0","0","3","03","","N","","","","","","","","","",""
"2021005991","2155","1","0","0","0","0","0","0","0","0","0","0","","67","1","2021","4","39.895002","-75.236864","2150","6","0","0","0","0","0","0","0","0","","0","0","0","21","3","0","N","0","0","39 53:42.006","","0","75 14:12.710","0","0","0","0","67301","0","0","0","N","0","0","0","1","67301","0","","1.0","","1","N","N","N","0","","0","0","0","0","0","","2145","1","0","0","0","0","0","0","2","0","1","0","0","0","3","03","","N","","","","","","","","","",""
"2021006047","0225","1","0","0","0","0","0","0","0","0","0","0","","67","1","2021","6","40.019111","-75.130278","0219","6","0","0","0","0","0","0","0","0","","0","0","0","2","3","0","N","0","0","40 01:08.800","","0","75 07:49.000","0","0","0","0","67301","0","0","0","N","0","0","0","1","67301","0","","1.0","","1","N","N","N","0","","0","0","0","0","0","","215","1","0","0","0","0","0","0","2","0","1","0","0","0","3","03","","N","","","","","","","","","",""
"2021009911","1835","0","0","0","0","0","0","0","0","0","8","0","","67","1","2021","4","39.994773","-75.11545","1835","6","0","0","0","0","0","0","0","0","","0","0","0","18","3","1","","1","0","39 59:41.182","","0","75 06:55.620","3","0","0","0","67301","1","0","0","N","1","0","0","2","67301","0","","1.0","","1","N","N","N","0","","1","0","0","3","3","","1835","2","1","0","0","0","0","0","2","0","1","1","0","0","3","03","","N","","","","","","","","","",""
"2021019047","0312","1","0","0","0","0","0","0","0","0","98","0","","67","2","2021","2","39.991792","-75.202675","0307","6","0","0","0","0","0","0","0","0","","0","0","0","3","3","0","N","0","0","39 59:30.452","","0","75 12:09.629","0","0","0","0","67301","0","0","0","N","0","0","0","1","68K01","0","","1.0","","1","N","N","N","0","","0","0","0","0","0","","304","1","0","0","0","0","0","0","2","0","1","0","0","0","3","","","N","","","","","","","","","",""
"2021021751","1138","0","0","0","0","0","0","0","0","0","1","0","","67","3","2021","4","39.901103","-75.204269","1138","6","0","0","0","0","1","1","0","0","","0","0","0","11","1","0","N","0","2","39 54:03.970","4","3","75 12:15.368","0","0","0","0","67301","0","0","0","N","0","0","0","3","67301","0","","1.0","1213.0","1","N","N","N","1","","0","0","1","0","0","N","1138","2","0","0","0","0","0","0","2","0","2","0","0","0","3","","","N","","","","","","","","","",""
"2021019520","1225","0","0","0","0","0","0","0","0","0","2","1","","67","2","2021","4","39.982401","-75.100964","1205","6","0","0","0","0","0","0","0","1","","0","1","0","11","1","1","","7","0","39 58:56.643","","2","75 06:03.471","3","0","0","0","67301","0","0","0","N","0","0","0","2","67301","0","","1.0","","1","N","N","N","0","","1","0","1","3","2","","1116","2","1","1","0","0","0","0","2","0","2","0","0","0","3","03","","N","","","","","","","","","",""
"2021013297","1215","2","0","0","0","0","0","0","0","0","6","0","","67","2","2021","2","40.026578","-75.152431","1212","6","0","0","0","0","0","2","0","0","","0","0","0","11","1","1","N","0","0","40 01:35.680","","0","75 09:08.750","3","0","0","0","67301","0","0","0","N","0","0","0","6","67301","0","","6.0","","9","N","N","Y","1","","1","0","1","0","0","","1140","6","1","0","0","0","0","1","2","2","6","0","0","0","3","","","N","","","","","","","","","",""
"2021002597","1230","2","0","0","0","0","0","0","0","0","4","0","","67","1","2021","3","40.032999","-75.069259","1219","6","0","0","0","0","0","0","0","0","","0","0","0","11","8","1","","1","0","40 01:58.795","","0","75 04:09.333","3","0","0","0","67301","0","0","0","N","0","0","0","2","67301","0","","1.0","","1","N","N","N","0","","1","0","2","3","2","","1115","4","1","0","0","0","0","0","2","0","4","0","0","0","3","03","","N","","","","","","","","","",""
"2021004693","1048","1","0","0","0","0","0","0","0","0","7","0","","67","1","2021","1","39.959816","-75.178331","1042","6","0","0","0","0","1","0","0","0","","0","0","0","10","1","0","N","0","1","39 57:35.337","3","0","75 10:41.990","0","0","0","0","67301","0","0","0","N","0","0","0","1","68K01","0","","4.0","1130.0","1","N","N","Y","0","","0","0","0","0","0","Y","1000","1","0","0","0","0","0","0","2","0","1","0","0","0","3","","","N","","","","","","","","","",""
"2021017482","2110","0","0","0","0","0","0","0","0","0","8","0","","67","2","2021","6","40.073122","-75.028497","2108","6","0","0","0","0","0","1","0","0","","0","0","0","21","3","1","N","0","0","40 04:23.240","","0","75 01:42.590","3","0","0","0","67301","1","0","0","N","1","0","0","2","67301","0","","1.0","","9","N","N","N","0","","1","0","1","3","8","","2104","2","1","0","0","0","0","0","2","0","1","1","0","0","4","04","","N","","","","","","","","","",""
"2021007893","0302","1","0","0","0","0","0","0","0","0","7","0","","67","1","2021","2","39.968806","-75.19148","0254","6","0","0","0","0","0","0","0","0","","0","0","0","2","3","3","N","0","2","39 58:07.703","4","0","75 11:29.327","3","0","0","0","67301","0","0","0","N","0","0","0","3","68K01","2","","3.0","20.0","1","N","N","N","0","","1","0","0","0","0","N","252","1","3","0","0","0","0","0","2","0","1","0","0","0","3","03","","N","","","","","","","","","",""
"2021034391","1637","1","0","0","0","0","0","0","0","0","5","1","45","67","4","2021","4","39.969572","-75.126008","1630","6","0","0","0","0","0","0","0","0","","0","1","0","16","1","1","N","0","0","39 58:10.459","","3","75 07:33.628","4","0","0","0","67301","0","0","0","N","0","0","0","2","68K01","1","","1.0","","9","N","N","N","0","","0","0","0","0","0","","1630","2","1","0","0","0","0","0","2","0","2","0","0","0","7","04","N","Y","4","1","","","N","Y","","","Y","N"
"2021004008","0125","1","0","0","0","0","0","0","0","0","7","0","","67","1","2021","3","39.958992","-75.170761","0124","6","0","0","0","0","0","0","0","0","","0","0","0","1","3","0","N","0","2","39 57:32.370","4","0","75 10:14.741","0","0","0","0","67301","0","0","0","N","0","0","0","3","68K01","0","","4.0","150.0","1","N","N","N","0","","0","0","0","0","0","N","124","1","0","1","0","0","0","0","2","0","1","0","0","0","3","","","N","","","","","","","","","",""
"2021014587","1300","1","0","0","0","0","0","0","0","0","1","0","","67","2","2021","5","40.076745","-75.033015","1255","6","0","0","0","0","0","0","0","0","","0","0","0","12","1","1","","1","0","40 04:36.283","","0","75 01:58.853","4","0","0","0","67301","0","0","0","N","0","0","0","2","67301","1","","1.0","","8","N","N","N","1","","0","0","0","3","2","","1253","2","1","0","0","0","0","0","2","0","2","0","0","0","4","","","N","","","","","","","","","",""
"2021034136","0811","2","0","0","0","0","0","0","0","0","1","0","","67","2","2021","6","39.988288","-75.15913","0811","6","0","0","0","0","0","0","0","0","","0","0","0","8","3","0","","1","0","39 59:17.836","","0","75 09:32.867","9","0","0","0","67301","0","0","0","N","0","0","0","3","67301","0","","1.0","","1","N","N","N","0","","0","0","0","3","2","","800","2","0","0","0","0","0","2","2","0","2","0","0","0","3","","","N","","","","","","","","","",""
"2021018183","1758","1","0","0","0","0","0","0","0","0","5","1","45","67","2","2021","4","39.974969","-75.117405","1744","6","0","0","0","0","0","2","0","0","","0","1","0","17","1","1","N","0","2","39 58:29.890","2","0","75 07:02.658","8","0","0","0","67301","0","0","0","N","0","0","0","2","68K01","0","","1.0","100.0","1","N","N","N","0","","0","0","0","0","0","Y","1734","2","1","0","0","0","1","0","2","0","2","0","0","0","3","03","N","Y","4","1","","","N","","","Y","","N"
"2021018806","1305","1","0","0","0","0","0","0","0","0","1","1","","67","2","2021","3","40.003185","-75.152576","1305","6","0","0","0","0","0","0","0","0","","0","1","0","12","1","0","","5","0","40 00:11.467","","0","75 09:09.273","0","0","0","0","67301","0","0","0","N","0","0","0","3","67301","0","","1.0","","9","N","N","N","0","","0","0","0","3","2","","1250","2","0","0","0","0","0","0","2","0","2","0","0","0","3","03","","N","","","","","","","","","",""
"2021022929","0103","1","0","0","0","0","0","0","0","0","1","0","45","67","2","2021","1","39.899769","-75.161549","0103","6","0","0","0","0","0","0","0","0","","0","0","0","0","3","1","N","0","0","39 53:59.169","","3","75 09:41.575","3","0","0","0","67301","0","0","0","N","0","0","0","3","68K01","0","","1.0","","1","N","N","N","0","","1","0","0","0","0","","52","3","1","0","0","0","0","1","2","1","3","0","0","0","3","","N","Y","4","1","","","N","Y","","","","N"
"2021011513","1153","0","0","0","0","0","0","0","0","0","8","0","","67","1","2021","6","39.957796","-75.160214","1143","6","0","0","0","0","0","0","0","0","","0","0","0","11","1","1","","1","0","39 57:28.064","","3","75 09:36.770","3","0","0","0","67301","1","0","0","N","1","0","0","2","67301","0","","1.0","","1","N","N","N","0","","1","0","1","3","2","","1143","2","1","0","0","0","0","0","2","0","1","1","0","0","3","","","N","","","","","","","","","",""
"2021007375","1324","2","0","0","0","0","0","0","0","0","2","0","","67","1","2021","4","39.986557","-75.104615","1316","6","0","0","0","0","0","0","0","1","","0","0","0","13","1","1","N","0","0","39 59:11.605","","0","75 06:16.615","3","0","0","0","67301","0","0","0","N","0","0","0","2","67301","0","","1.0","","1","N","N","Y","0","","1","0","0","0","0","","1309","4","1","0","0","0","0","0","2","1","4","0","0","0","3","","","N","","","","","","","","","",""
"2021001480","1937","1","0","0","0","0","0","0","0","0","7","0","","67","1","2021","1","40.039718","-75.007056","1923","6","0","0","0","0","0","0","0","0","","0","0","0","19","3","1","N","0","2","40 02:22.984","2","0","75 00:25.403","8","0","0","0","67301","0","0","0","N","0","0","0","1","68K01","0","","3.0","2111.0","9","N","N","N","0","","0","0","0","0","0","Y","1922","1","1","0","0","0","1","0","2","0","1","0","0","0","7","07","","N","","","","","","","","","",""
"2021035508","2353","1","0","0","0","0","0","0","0","0","7","0","","67","4","2021","4","40.029702","-75.211081","2353","6","0","0","0","0","0","0","0","0","","0","0","0","23","3","1","N","0","0","40 01:46.927","","0","75 12:39.892","8","0","0","0","67301","0","0","0","N","0","0","0","1","67301","0","","4.0","","1","N","N","N","0","","0","0","0","0","0","","2351","1","1","0","0","0","1","0","2","0","1","0","0","0","3","03","","N","","","","","","","","","",""
"2021016570","1632","0","0","0","0","0","0","0","0","0","4","0","","67","2","2021","5","40.007204","-75.200247","1632","6","0","0","0","0","0","1","0","0","","0","0","0","16","1","0","N","7","1","40 00:25.935","1","8","75 12:00.888","0","0","0","0","67301","0","0","0","N","0","0","0","3","68K01","0","","1.0","30.0","9","N","N","N","0","","0","0","2","0","0","N","1626","2","0","0","0","0","0","0","2","0","2","0","0","0","4","","","N","","","","","","","","","",""
"2021012478","1031","2","0","0","0","0","0","0","0","0","4","0","","67","2","2021","6","39.988654","-75.106073","1030","6","0","0","0","0","0","0","0","0","","1","0","0","10","1","1","N","0","2","39 59:19.154","5","0","75 06:21.863","1","0","0","0","67301","1","1","0","N","1","1","0","2","67301","0","2","6.0","1100.0","1","N","N","N","0","0","1","0","1","0","0","Y","1030","4","1","0","0","0","0","0","2","0","3","1","1","0","3","","","N","","","","","","","","","",""
"2021003750","1740","0","0","0","0","0","0","0","0","0","8","0","","67","1","2021","2","39.999911","-75.152631","1738","6","0","0","0","0","0","1","0","0","","0","0","0","17","3","1","N","0","0","39 59:59.680","","0","75 09:09.470","4","0","0","0","67301","1","0","0","N","1","0","0","2","67301","1","","1.0","","1","N","N","N","0","","0","0","1","0","0","","1737","2","1","1","0","0","0","0","2","0","1","1","0","0","3","03","","N","","","","","","","","","",""
"2021017548","1426","2","0","0","0","0","0","0","0","0","5","0","","67","2","2021","5","40.037114","-75.013098","1415","6","0","0","0","0","0","1","0","0","","0","0","0","13","1","0","N","0","1","40 02:13.612","1","0","75 00:47.151","0","0","0","0","67301","0","0","0","N","0","0","0","2","68K01","0","","1.0","1500.0","7","N","N","N","0","","0","0","0","0","0","N","1343","2","0","0","0","0","0","0","2","0","2","0","0","0","10","10","","N","","","","","","","","","",""