"CRN","ARRIVAL_TM","AUTOMOBILE_COUNT","BELTED_DEATH_COUNT","BELTED_SUSP_SERIOUS_INJ_COUNT","BICYCLE_COUNT","BICYCLE_DEATH_COUNT","BICYCLE_SUSP_SERIOUS_INJ_COUNT","BUS_COUNT","CHLDPAS_DEATH_COUNT","CHLDPAS_SUSP_SERIOUS_INJ_COUNT","COLLISION_TYPE","COMM_VEH_COUNT","CONS_ZONE_SPD_LIM","COUNTY","CRASH_MONTH","CRASH_YEAR","DAY_OF_WEEK","DEC_LATITUDE","DEC_LONGITUDE","DISPATCH_TM","DISTRICT","DRIVER_COUNT_16YR","DRIVER_COUNT_17YR","DRIVER_COUNT_18YR","DRIVER_COUNT_19YR","DRIVER_COUNT_20YR","DRIVER_COUNT_50_64YR","DRIVER_COUNT_65_74YR","DRIVER_COUNT_75PLUS","EST_HRS_CLOSED","FATAL_COUNT","HEAVY_TRUCK_COUNT","HORSE_BUGGY_COUNT","HOUR_OF_DAY","ILLUMINATION","INJURY_COUNT","INTERSECTION_RELATED","INTERSECT_TYPE","LANE_CLOSED","LATITUDE","LN_CLOSE_DIR","LOCATION_TYPE","LONGITUDE","MAX_SEVERITY_LEVEL","MCYCLE_DEATH_COUNT","MCYCLE_SUSP_SERIOUS_INJ_COUNT","MOTORCYCLE_COUNT","MUNICIPALITY","NONMOTR_COUNT","NONMOTR_DEATH_COUNT","NONMOTR_SUSP_SERIOUS_INJ_COUNT","NTFY_HIWY_MAINT","PED_COUNT","PED_DEATH_COUNT","PED_SUSP_SERIOUS_INJ_COUNT","PERSON_COUNT","POLICE_AGCY","POSSIBLE_INJ_COUNT","RDWY_SURF_TYPE_CD","RELATION_TO_ROAD","ROADWAY_CLEARED","ROAD_CONDITION","SCH_BUS_IND","SCH_ZONE_IND","SECONDARY_CRASH","SMALL_TRUCK_COUNT","SPEC_JURIS_CD","SUSP_MINOR_INJ_COUNT","SUSP_SERIOUS_INJ_COUNT","SUV_COUNT","TCD_FUNC_CD","TCD_TYPE","TFC_DETOUR_IND","TIME_OF_DAY","TOTAL_UNITS","TOT_INJ_COUNT","UNBELTED_OCC_COUNT","UNB_DEATH_COUNT","UNB_SUSP_SERIOUS_INJ_COUNT","UNK_INJ_DEG_COUNT","UNK_INJ_PER_COUNT","URBAN_RURAL","VAN_COUNT","VEHICLE_COUNT","VULNERABLE_ROAD_USER_COUNT","VULNERABLE_ROAD_USER_DEATH_COUNT","VULNERABLE_ROAD_USER_SER_INJ_COUNT","WEATHER1","WEATHER2","WORKERS_PRES","WORK_ZONE_IND","WORK_ZONE_LOC","WORK_ZONE_TYPE","WZ_CLOSE_DETOUR","WZ_FLAGGER","WZ_LAW_OFFCR_IND","WZ_LN_CLOSURE","WZ_MOVING","WZ_OTHER","WZ_SHLDER_MDN","WZ_WORKERS_INJ_KILLED"
"2021018927","1402","1","0","0","0","0","0","0","0","0","7","0","","67","2","2021","2","39.990389","-75.151504","1358","6","0","0","0","0","0","0","0","0","","0","0","0","13","1","0","","2","0","39 59:25.400","","0","75 09:05.414","0","0","0","0","67301","0","0","0","N","0","0","0","1","67301","0","","5.0","","9","N","N","N","0","","0","0","0","3","3","","1356","1","0","0","0","0","0","0","2","0","1","0","0","0","7","07","","N","","","","","","","","","",""
"2021038209","0834","1","0","0","0","0","0","0","0","0","4","0","","67","4","2021","3","39.994259","-75.084351","0814","6","0","0","0","0","0","0","0","0","","0","0","0","8","1","2","N","0","0","39 59:39.333","","0","75 05:03.665","3","0","0","0","67301","0","0","0","N","0","0","0","4","68K01","0","","1.0","","1","N","N","N","1","","2","0","1","0","0","","809","3","2","0","0","0","0","0","2","0","3","0","0","0","3","","","N","","","","","","","","","",""
"2021006027","2257","0","0","0","0","0","0","0","0","0","4","0","","67","1","2021","1","39.956404","-75.208445","2247","6","0","0","0","0","0","1","0","0","","0","0","0","22","3","0","","1","0","39 57:23.054","","0","75 12:30.403","0","0","0","0","67301","0","0","0","N","0","0","0","2","67301","0","","1.0","","1","N","N","N","1","","0","0","1","3","2","","2245","2","0","0","0","0","0","0","2","0","2","0","0","0","3","03","","N","","","","","","","","","",""
"2021017486","2005","2","0","0","0","0","0","0","0","0","1","0","","67","2","2021","6","40.017563","-75.172847","2000","6","0","0","1","0","1","1","0","0","","0","0","0","19","3","0","N","0","1","40 01:03.228","2","0","75 10:22.250","0","0","0","0","67301","0","0","0","N","0","0","0","5","67301","0","","1.0","2025.0","6","N","N","N","0","","0","0","2","0","0","N","1952","4","0","0","0","0","0","0","2","0","4","0","0","0","9","06","","N","","","","","","","","","",""
"2021020515","1937","0","0","0","0","0","0","0","0","0","5","0","","67","1","2021","1","40.040843","-75.005332","1917","6","0","0","0","0","0","1","0","0","","0","0","0","19","3","1","N","0","2","40 02:27.035","2","0","75 00:19.195","4","0","0","0","67301","0","0","0","N","0","0","0","3","68K01","1","","1.0","2109.0","1","N","N","Y","0","","0","0","3","0","0","N","1917","3","1","0","0","0","0","0","2","0","3","0","0","0","3","","","N","","","","","","","","","",""
"2021019516","0605","3","0","0","0","0","0","0","0","0","1","0","","67","2","2021","7","39.922861","-75.148094","0605","6","0","0","0","0","0","0","0","0","","0","0","0","6","3","0","N","0","0","39 55:22.300","","0","75 08:53.140","0","0","0","0","67301","0","0","0","N","0","0","0","0","67301","0","","9.0","","9","N","N","N","0","","0","0","0","0","0","","605","3","0","0","0","0","0","0","2","0","3","0","0","0","10","","","N","","","","","","","","","",""
"2021017604","2339","2","0","0","0","0","0","0","0","0","6","0","","67","2","2021","7","39.980778","-75.148722","2338","6","0","0","0","0","0","0","0","0","","0","0","0","23","3","0","N","0","2","39 58:50.800","3","0","75 08:55.400","9","0","0","0","67301","0","0","0","N","0","0","0","1","67505","0","","6.0","10.0","2","N","N","N","0","","0","0","1","0","0","Y","2330","4","0","0","0","0","0","1","2","1","4","0","0","0","3","03","","N","","","","","","","","","",""
"2021043236","0612","1","0","0","0","0","0","0","0","0","2","0","","67","5","2021","1","39.963758","-75.21976","0611","6","0","0","0","0","0","1","0","0","","0","0","0","6","1","2","N","0","1","39 57:49.527","3","0","75 13:11.136","3","0","0","0","67301","0","0","0","N","0","0","0","5","67301","0","","1.0","800.0","1","N","N","N","0","","2","0","1","0","0","N","608","2","2","1","0","0","0","0","2","0","2","0","0","0","3","","","N","","","","","","","","","",""
"2021016518","1219","0","0","0","0","0","0","0","0","0","5","1","","67","1","2021","3","40.019713","-75.044495","1150","6","0","0","0","0","0","0","0","0","","0","1","0","11","1","0","N","0","0","40 01:10.965","","0","75 02:40.181","0","0","0","0","67301","0","0","0","N","0","0","0","3","68K01","0","","1.0","","9","N","N","N","0","","0","0","1","0","0","","1148","2","0","0","0","0","0","0","2","0","2","0","0","0","7","","","N","","","","","","","","","",""
"2021015919","0922","0","0","0","0","0","0","0","0","0","7","1","","67","2","2021","2","40.043515","-75.113884","0911","6","0","0","0","0","0","0","0","0","","0","1","0","8","1","0","N","0","2","40 02:36.654","6","0","75 06:49.981","0","0","0","0","67301","0","0","0","N","0","0","0","1","67301","0","","3.0","956.0","1","N","N","N","0","","0","0","0","0","0","Y","846","1","0","0","0","0","0","0","2","0","1","0","0","0","4","","","N","","","","","","","","","",""
"2021015089","1845","1","0","0","0","0","0","0","0","0","1","0","","67","2","2021","4","40.027544","-75.024459","1845","6","0","0","0","0","1","1","0","0","","0","0","0","18","3","1","N","0","0","40 01:39.158","","0","75 01:28.051","4","0","0","0","67301","0","0","0","N","0","0","0","2","68K01","1","","1.0","","1","N","N","N","0","","0","0","1","0","0","","1828","2","1","0","0","0","0","0","2","0","2","0","0","0","3","03","","N","","","","","","","","","",""
"2021015230","2336","0","0","0","0","0","0","0","0","0","7","0","","67","2","2021","7","40.055528","-75.085798","2336","6","0","0","0","0","0","0","0","0","","0","0","0","23","3","0","","1","1","40 03:19.900","3","0","75 05:08.873","0","0","0","0","67301","0","0","0","N","0","0","0","1","67301","0","","5.0","100.0","2","N","N","N","0","","0","0","1","3","2","N","2309","1","0","0","0","0","0","0","2","0","1","0","0","0","6","","","N","","","","","","","","","",""
"2021014984","2224","1","0","0","0","0","0","0","0","0","7","0","","67","2","2021","4","39.881558","-75.246256","2212","6","0","0","0","0","0","1","0","0","","0","0","0","21","3","0","N","0","1","39 52:53.608","2","0","75 14:46.523","0","0","0","0","67301","0","0","0","N","0","0","0","1","68K01","0","","1.0","2249.0","1","N","N","N","0","","0","0","0","0","0","N","2149","1","0","0","0","0","0","0","2","0","1","0","0","0","3","03","","N","","","","","","","","","",""
"2021028652","1532","0","0","0","0","0","0","0","0","0","8","0","","67","3","2021","7","39.998652","-75.070856","1524","6","0","0","0","0","0","0","0","1","","0","0","0","15","1","1","","1","0","39 59:55.146","","0","75 04:15.080","3","0","0","0","67301","1","0","0","N","1","0","0","2","67301","0","","1.0","","1","N","N","N","0","","1","0","1","3","2","","1518","2","1","0","0","0","0","0","2","0","1","1","0","0","3","","","N","","","","","","","","","",""
"2021015662","2230","0","0","0","0","0","0","0","0","0","4","0","","67","2","2021","1","39.958958","-75.137526","2230","6","0","0","0","1","0","0","0","0","","0","0","0","22","3","0","","2","0","39 57:32.249","","0","75 08:15.092","0","0","0","0","67301","0","0","0","N","0","0","0","2","67301","0","","1.0","","1","N","N","N","1","","0","0","1","0","0","","2229","2","0","0","0","0","0","0","2","0","2","0","0","0","3","03","","N","","","","","","","","","",""
"2021017651","0238","0","0","0","0","0","0","0","0","0","7","0","","67","2","2021","1","40.018718","-75.101737","0214","6","0","0","0","0","0","0","0","0","","0","0","0","2","3","0","","2","1","40 01:07.384","6","0","75 06:06.253","0","0","0","0","67301","0","0","0","N","0","0","0","1","67301","0","","4.0","310.0","2","N","N","N","0","","0","0","1","3","3","N","212","1","0","0","0","0","0","0","2","0","1","0","0","0","6","10","","N","","","","","","","","","",""
"2021015335","2025","1","0","0","0","0","0","0","0","0","4","1","","67","2","2021","7","39.940099","-75.200184","2025","6","0","0","0","0","0","0","0","0","","0","1","0","19","3","0","","2","0","39 56:24.356","","0","75 12:00.663","0","0","0","0","67301","0","0","0","N","0","0","0","2","67301","0","","1.0","","2","N","N","N","0","","0","0","0","3","3","","1940","2","0","0","0","0","0","0","2","0","2","0","0","0","6","06","","N","","","","","","","","","",""
"2021029874","1654","1","0","0","0","0","0","0","0","0","1","0","","67","3","2021","2","39.948864","-75.185408","1646","6","0","0","0","0","0","0","0","0","","0","0","0","16","1","1","N","0","1","39 56:55.912","3","0","75 11:07.467","8","0","0","0","67301","0","0","0","N","0","0","0","2","68K01","0","","1.0","1730.0","1","N","N","N","0","","0","0","1","0","0","Y","1639","2","1","0","0","0","1","0","2","0","2","0","0","0","3","","","N","","","","","","","","","",""
"2021015477","0340","1","0","0","0","0","0","0","0","0","7","0","","67","2","2021","1","40.0147","-75.070992","0336","6","0","0","0","0","0","1","0","0","","0","0","0","3","3","1","N","0","0","40 00:52.921","","0","75 04:15.570","2","0","0","0","67301","0","0","0","N","0","0","0","1","67301","0","","5.0","","2","N","N","N","0","","0","1","0","0","0","","336","1","1","0","0","0","0","0","2","0","1","0","0","0","6","","","N","","","","","","","","","",""
"2021015245","0600","1","0","0","0","0","0","0","0","0","2","1","","67","2","2021","6","40.002758","-75.161923","0545","6","0","0","0","0","0","1","0","0","","0","1","0","5","3","1","N","0","2","40 00:09.928","6","7","75 09:42.922","8","0","0","0","67301","0","0","0","N","0","0","0","3","67301","0","","1.0","650.0","1","N","N","N","0","","0","0","0","3","7","Y","540","3","1","1","0","0","1","0","2","1","3","0","0","0","3","03","","N","","","","","","","","","",""
"2021016653","1435","2","0","0","0","0","0","0","0","0","1","0","99","67","2","2021","3","39.973624","-75.121794","1435","6","0","0","0","0","0","0","0","0","","0","0","0","13","1","1","N","0","9","39 58:25.045","","0","75 07:18.460","4","0","0","0","67301","0","0","0","N","0","0","0","2","67301","1","","1.0","","1","N","N","N","0","","0","0","0","0","0","U","1348","2","1","0","0","0","0","1","2","0","2","0","0","0","3","","N","Y","3","1","N","N","N","Y","N","N","N","N"
"2021017653","0253","3","0","0","0","0","0","0","0","0","4","0","","67","2","2021","1","39.970443","-75.136321","0248","6","0","0","0","0","0","0","0","0","","0","0","0","2","3","0","","1","0","39 58:13.594","","0","75 08:10.755","9","0","0","1","67301","0","0","0","N","0","0","0","2","67301","0","","1.0","","1","N","N","N","0","","0","0","0","3","3","","230","4","0","0","0","0","0","1","2","0","4","0","0","0","3","","","N","","","","","","","","","",""
"2021015153","0040","0","0","0","0","0","0","0","0","0","1","0","","67","2","2021","7","39.97515","-75.1682","0035","6","0","0","0","0","0","0","0","0","","0","0","0","0","3","0","N","0","0","39 58:30.541","","0","75 10:05.520","0","0","0","0","67301","0","0","0","N","0","0","0","1","67301","0","","6.0","","2","N","N","N","1","","0","0","1","0","0","","0","2","0","0","0","0","0","0","2","0","2","0","0","0","3","03","","N","","","","","","","","","",""
"2021012839","0420","1","0","0","0","0","0","0","0","0","5","0","","67","2","2021","1","39.981389","-75.160639","0418","6","0","0","0","0","0","0","1","0","","0","0","0","4","3","0","N","0","0","39 58:53.000","","0","75 09:38.300","0","0","0","0","67301","0","0","0","N","0","0","0","1","67505","0","","6.0","","2","N","N","N","0","","0","0","2","0","0","","415","3","0","0","0","0","0","0","2","0","3","0","0","0","3","03","","N","","","","","","","","","",""
"2021028328","0038","0","0","0","0","0","0","0","0","0","7","1","25","67","3","2021","7","39.909667","-75.156611","0038","6","0","0","0","0","0","1","0","0","","0","1","0","0","3","0","","3","2","39 54:34.800","3","2","75 09:23.800","0","0","0","0","67301","0","0","0","N","0","0","0","2","67501","0","","4.0","202.0","1","N","N","N","0","","0","0","0","3","3","Y","38","1","0","0","0","0","0","0","2","0","1","0","0","0","3","","N","Y","4","1","","","N","","","","Y","N"
"2021015618","2346","1","0","0","0","0","0","0","0","0","7","0","","67","2","2021","6","39.956876","-75.153084","2339","6","0","0","0","0","0","0","0","0","","0","0","0","23","3","0","N","0","1","39 57:24.753","3","0","75 09:11.104","0","0","0","0","67301","0","0","0","N","0","0","0","1","68K01","0","","2.0","30.0","1","N","N","N","0","","0","0","1","0","0","N","2337","2","0","0","0","0","0","0","2","0","2","0","0","0","3","","","N","","","","","","","","","",""
"2021015027","0842","2","0","0","0","0","0","0","0","0","4","0","","67","2","2021","6","39.955055","-75.210075","0842","6","0","0","0","0","0","0","0","0","","0","0","0","8","1","0","","1","0","39 57:18.198","","0","75 12:36.270","0","0","0","0","67301","0","0","0","N","0","0","0","1","67301","0","","1.0","","1","N","N","N","0","","0","0","2","3","1","","835","4","0","0","0","0","0","0","2","0","4","0","0","0","3","","","N","","","","","","","","","",""
"2021043715","0027","1","0","0","0","0","0","0","0","0","1","0","","67","5","2021","1","39.979626","-75.107508","0027","6","0","0","0","0","0","0","0","0","","0","0","0","0","3","1","N","0","1","39 58:46.653","2","0","75 06:27.030","3","0","0","0","67301","0","0","0","N","0","0","0","2","68K01","0","","1.0","40.0","1","N","N","N","0","","1","0","1","0","0","N","26","2","1","0","0","0","0","0","2","0","2","0","0","0","3","","","N","","","","","","","","","",""
"2021017836","1910","0","0","0","0","0","0","0","0","0","5","0","","67","2","2021","7","40.046028","-75.158889","1858","6","0","0","0","0","0","0","0","0","","0","0","0","17","3","0","N","0","2","40 02:45.700","2","0","75 09:32.000","9","0","0","0","67301","0","0","0","N","0","0","0","1","67301","0","","6.0","2115.0","2","N","N","N","1","","0","0","3","0","0","Y","1740","5","0","0","0","0","0","1","2","1","5","0","0","0","3","98","","N","","","","","","","","","",""
"2021027749","0159","0","0","0","0","0","0","0","0","0","7","1","","67","3","2021","5","39.955483","-75.148102","0030","6","0","0","0","0","0","0","0","0","","0","1","0","0","3","1","N","0","1","39 57:19.737","4","2","75 08:53.167","4","0","0","0","67301","0","0","0","N","0","0","0","1","67501","1","","4.0","859.0","9","N","N","N","0","","0","0","0","3","1","N","27","1","1","0","0","0","0","0","2","0","1","0","0","0","5","","","N","","","","","","","","","",""
"2021017592","1215","0","0","0","0","0","0","0","0","0","4","0","","67","2","2021","2","40.022332","-75.130669","1208","6","0","0","0","0","0","0","2","0","","0","0","0","10","1","2","","1","0","40 01:20.395","","0","75 07:50.408","3","0","0","0","67301","0","0","0","N","0","0","0","3","67301","0","","1.0","","1","N","N","N","0","","2","0","2","3","3","","1047","2","2","0","0","0","0","0","2","0","2","0","0","0","3","03","","N","","","","","","","","","",""
"2021017481","1046","0","0","0","0","0","0","0","0","0","7","0","","67","2","2021","6","40.08663","-74.986599","1043","6","0","0","0","0","0","0","0","0","","0","0","0","10","1","0","N","0","0","40 05:11.867","","0","74 59:11.756","0","0","0","0","67301","0","0","0","N","0","0","0","1","67301","0","","4.0","","6","N","N","N","0","","0","0","1","0","0","","1034","1","0","0","0","0","0","0","2","0","1","0","0","0","6","","","N","","","","","","","","","",""
"2021015914","1228","1","0","0","0","0","0","0","0","0","4","0","","67","2","2021","1","39.921042","-75.228921","1226","6","0","0","0","0","0","1","0","0","","0","0","0","12","1","3","","1","0","39 55:15.752","","0","75 13:44.116","3","0","0","0","67301","0","0","0","N","0","0","0","3","67301","1","","1.0","","9","N","N","N","0","","2","0","1","3","2","","1224","2","3","1","0","0","0","0","2","0","2","0","0","0","4","07","","N","","","","","","","","","",""
"2021015544","0227","3","0","0","0","0","0","0","0","0","5","0","","67","2","2021","7","39.998817","-75.110767","0224","6","0","0","0","0","0","0","0","0","","0","0","0","2","3","0","N","0","0","39 59:55.740","","0","75 06:38.760","0","0","0","0","67301","0","0","0","N","0","0","0","2","67301","0","","1.0","","1","N","N","N","0","","0","0","0","0","0","","224","4","0","2","0","0","0","0","2","1","4","0","0","0","3","03","","N","","","","","","","","","",""
"2021028658","0340","2","0","0","0","0","0","0","0","0","4","0","","67","3","2021","1","40.003165","-75.152455","0337","6","0","0","0","0","0","0","0","0","","0","0","0","3","3","0","","1","1","40 00:11.393","1","0","75 09:08.837","0","0","0","0","67301","0","0","0","N","0","0","0","2","67505","0","","1.0","400.0","1","N","N","N","0","","0","0","0","3","2","N","336","2","0","2","0","0","0","0","2","0","2","0","0","0","3","","","N","","","","","","","","","",""
"2021016355","1735","1","0","0","0","0","0","0","0","0","4","0","","67","2","2021","7","39.992419","-75.129984","1735","6","0","0","0","0","0","0","0","0","","0","0","0","12","1","1","","2","0","39 59:32.708","","0","75 07:47.942","3","0","0","0","67301","0","0","0","N","0","0","0","2","67301","0","","1.0","","1","N","N","N","0","","1","0","2","3","3","","1210","3","1","0","0","0","0","0","2","0","3","0","0","0","4","04","","N","","","","","","","","","",""
"2021018633","0656","1","0","0","0","0","0","0","0","0","7","0","","67","2","2021","6","39.900712","-75.15495","0656","6","0","0","0","0","0","0","0","0","","0","0","0","6","3","0","N","0","0","39 54:02.563","","3","75 09:17.821","0","0","0","0","67301","0","0","0","N","0","0","0","1","68K01","0","","3.0","","2","N","N","Y","0","","0","0","0","0","0","","656","1","0","0","0","0","0","0","2","0","1","0","0","0","6","","","N","","","","","","","","","",""
"2021015861","0425","4","0","0","0","0","0","0","0","0","5","0","","67","2","2021","2","40.019547","-75.085631","0418","6","0","0","0","0","0","0","0","0","","0","0","0","4","3","1","N","0","0","40 01:10.370","","0","75 05:08.270","3","0","0","0","67301","0","0","0","N","0","0","0","1","67301","0","","6.0","","1","N","N","N","0","","1","0","1","0","0","","417","6","1","0","0","0","0","0","2","1","6","0","0","0","4","04","","N","","","","","","","","","",""
"2021018075","2151","1","0","0","0","0","0","0","0","0","8","0","","67","2","2021","6","40.027313","-75.171184","2147","6","0","0","0","0","0","0","0","0","","0","0","0","21","3","1","N","0","0","40 01:38.326","","0","75 10:16.261","3","0","0","0","67301","1","0","0","N","1","0","0","2","67301","0","","1.0","","9","N","N","N","0","","1","0","0","0","0","","2147","2","1","0","0","0","0","0","2","0","1","1","0","0","7","04","","N","","","","","","","","","",""
"2021016880","1015","0","0","0","0","0","0","0","0","0","4","0","","67","2","2021","5","40.025781","-75.203141","0954","6","0","0","0","0","0","0","0","0","","0","0","0","9","1","0","","3","0","40 01:32.812","","0","75 12:11.307","0","0","0","0","67301","0","0","0","N","0","0","0","2","67301","0","","1.0","","7","N","N","N","0","","0","0","0","3","2","","952","2","0","0","0","0","0","0","2","2","2","0","0","0","10","09","","N","","","","","","","","","",""
"2021029398","1843","1","0","0","0","0","0","0","0","0","4","0","","67","3","2021","2","40.079476","-74.991768","1835","6","0","0","0","0","0","0","0","1","","0","0","0","17","1","0","","1","0","40 04:46.113","","0","74 59:30.364","0","0","0","0","67301","0","0","0","N","0","0","0","3","67301","0","","1.0","","1","N","N","N","0","","0","0","1","3","3","","1745","2","0","0","0","0","0","0","2","0","2","0","0","0","3","03","","N","","","","","","","","","",""
"2021043453","1912","1","0","0","0","0","0","0","0","0","5","0","","67","5","2021","3","40.031598","-75.021509","1912","6","0","0","0","0","0","1","0","0","","0","0","0","19","4","0","N","0","1","40 01:53.751","2","0","75 01:17.431","0","0","0","0","67301","0","0","0","N","0","0","0","3","68K01","0","","1.0","1800.0","1","N","N","N","0","","0","0","0","0","0","N","1912","2","0","0","0","0","0","0","2","1","2","0","0","0","3","03","","N","","","","","","","","","",""
"2021028544","2050","1","0","0","0","0","0","0","0","0","1","0","","67","3","2021","6","40.013061","-75.176942","2041","6","0","0","0","0","0","0","1","0","","0","0","0","20","3","0","N","0","0","40 00:47.020","","0","75 10:36.990","0","0","0","0","67301","0","0","0","N","0","0","0","2","67301","0","","1.0","","1","N","N","N","0","","0","0","1","3","2","","2005","2","0","0","0","0","0","0","2","0","2","0","0","0","3","03","","N","","","","","","","","","",""
"2021007951","2235","2","0","0","0","0","0","0","0","0","5","0","","67","1","2021","1","40.043608","-75.062467","2230","6","0","0","1","0","0","0","0","0","","0","0","0","22","3","1","N","0","0","40 02:36.987","","0","75 03:44.882","3","0","0","0","67301","0","0","0","N","0","0","0","3","67301","0","","1.0","","1","N","N","N","0","","1","0","1","0","0","","2225","3","1","0","0","0","0","0","2","0","3","0","0","0","3","03","","N","","","","","","","","","",""
"2021007472","0840","2","0","0","0","0","0","0","0","0","4","0","","67","1","2021","4","39.942628","-75.221405","0831","6","0","0","0","0","0","0","0","0","","0","0","0","7","1","1","","1","0","39 56:33.460","","0","75 13:17.058","3","0","0","0","67301","0","0","0","N","0","0","0","2","67301","0","","1.0","","1","N","N","N","0","","1","0","0","3","2","","720","2","1","0","0","0","0","0","2","0","2","0","0","0","3","","","N","","","","","","","","","",""
"2021019005","1320","0","0","0","0","0","0","0","0","0","7","0","","67","2","2021","1","40.031038","-75.021738","1257","6","0","0","0","0","0","0","0","0","","0","0","0","12","1","0","N","0","0","40 01:51.738","","3","75 01:18.258","0","0","0","0","67301","0","0","0","N","0","0","0","1","68K01","0","","4.0","","9","N","N","N","1","","0","0","0","0","0","","1257","1","0","0","0","0","0","0","2","0","1","0","0","0","10","","","N","","","","","","","","","",""
"2021004030","1143","1","0","0","0","0","0","0","0","0","8","0","","67","1","2021","7","39.985888","-75.23188","1141","6","0","0","0","0","0","0","0","0","","0","0","0","11","1","1","","1","0","39 59:09.196","","0","75 13:54.768","3","0","0","0","67301","1","0","0","N","1","0","0","2","67301","0","","1.0","","1","N","N","N","0","","1","0","0","3","2","","1140","2","1","0","0","0","0","0","2","0","1","1","0","0","3","03","","N","","","","","","","","","",""
"2021016747","1555","2","0","0","0","0","0","0","0","0","4","0","","67","2","2021","3","39.981781","-75.181896","1530","6","0","0","0","0","0","0","0","0","","0","0","0","15","1","0","","1","0","39 58:54.410","","0","75 10:54.826","0","0","0","0","67301","0","0","0","N","0","0","0","3","67301","0","","1.0","","1","N","N","N","0","","0","0","1","2","2","","1530","3","0","0","0","0","0","0","2","0","3","0","0","0","3","03","","N","","","","","","","","","",""
"2021042486","1244","1","0","0","0","0","0","0","0","0","4","0","","67","5","2021","2","40.022244","-75.078428","1239","6","0","0","0","0","0","1","0","0","","0","0","0","12","1","1","N","0","0","40 01:20.078","","0","75 04:42.339","3","0","0","0","67301","0","0","0","N","0","0","0","5","67301","0","","1.0","","1","N","N","N","0","","1","0","1","0","0","","1232","2","1","0","0","0","0","1","2","0","2","0","0","0","3","03","","N","","","","","","","","","",""
"2021030122","2152","1","0","0","0","0","0","0","0","0","5","0","","67","3","2021","7","39.904423","-75.238567","2152","6","0","0","0","0","0","0","0","0","","0","0","0","21","3","0","","2","0","39 54:15.922","","0","75 14:18.841","0","0","0","0","67301","0","0","0","N","0","0","0","2","67301","0","","1.0","","1","N","N","N","0","","0","0","1","0","0","","2130","2","0","0","0","0","0","0","2","0","2","0","0","0","3","","","N","","","","","","","","","",""
"2021028688","0022","3","0","0","0","0","0","0","0","0","2","0","","67","3","2021","1","40.045703","-75.161156","0020","6","0","0","0","0","0","0","0","0","","0","0","0","0","3","0","N","0","0","40 02:44.530","","0","75 09:40.160","9","0","0","0","67301","0","0","0","N","0","0","0","1","67301","0","","5.0","","1","N","N","N","0","","0","0","1","0","0","","15","4","0","0","0","0","0","1","2","0","4","0","0","0","3","03","","N","","","","","","","","","",""
"2021015475","0155","2","0","0","0","0","0","0","0","0","2","0","","67","2","2021","1","40.01279","-75.072158","0123","6","0","0","0","0","0","0","0","0","","0","0","0","1","3","2","N","0","0","40 00:46.043","","0","75 04:19.769","3","0","0","0","67301","0","0","0","N","0","0","0","4","67301","0","","1.0","","2","N","N","N","0","","2","0","0","0","0","","114","2","2","0","0","0","0","0","2","0","2","0","0","0","6","07","","N","","","","","","","","","",""
"2021015330","2350","2","0","0","0","0","0","0","0","0","5","0","","67","2","2021","7","40.073933","-75.016409","2337","6","0","0","0","1","0","0","0","0","","0","0","0","23","3","0","N","0","0","40 04:26.157","","0","75 00:59.074","0","0","0","0","67301","0","0","0","N","0","0","0","5","67301","0","","1.0","","2","N","N","N","0","","0","0","0","0","0","","2330","2","0","0","0","0","0","0","2","0","2","0","0","0","6","06","","N","","","","","","","","","",""
"2021002270","1748","1","0","0","0","0","0","0","0","0","5","0","","67","1","2021","6","39.932894","-75.230642","1748","6","0","0","0","0","0","0","0","0","","0","0","0","17","3","0","N","0","0","39 55:58.420","","0","75 13:50.310","0","0","0","0","67301","0","0","0","N","0","0","0","3","67301","0","","1.0","","9","N","N","N","0","","0","0","3","0","0","","1743","4","0","3","0","0","0","0","2","0","4","0","0","0","7","07","","N","","","","","","","","","",""
"2021030234","2311","1","0","0","0","0","0","0","0","0","4","0","","67","4","2021","5","39.973237","-75.212226","2311","6","0","0","0","0","0","0","0","0","","0","0","0","22","3","0","","1","0","39 58:23.653","","0","75 12:44.012","0","0","0","0","67301","0","0","0","N","0","0","0","1","67301","0","","1.0","","1","N","N","N","0","","0","0","0","3","2","","2230","2","0","0","0","0","0","0","2","0","2","0","0","0","3","","","N","","","","","","","","","",""
"2021015331","0121","2","0","0","0","0","0","0","0","0","5","0","","67","2","2021","1","40.065058","-74.986972","0119","6","0","0","0","0","0","0","0","0","","0","0","0","1","3","1","N","0","1","40 03:54.210","4","0","74 59:13.100","3","0","0","0","67301","0","0","0","N","0","0","0","2","67301","0","","6.0","254.0","2","N","N","N","0","","1","0","0","0","0","N","100","2","1","0","0","0","0","1","2","0","2","0","0","0","6","98","","N","","","","","","","","","",""
"2021028239","1816","1","0","0","0","0","0","0","0","0","4","0","","67","3","2021","6","39.928041","-75.219284","1815","6","0","0","0","0","0","0","0","0","","0","0","0","18","1","5","","1","0","39 55:40.948","","0","75 13:09.423","3","0","0","0","67301","0","0","0","N","0","0","0","5","67301","1","","1.0","","1","N","Y","N","1","","3","0","0","3","2","","1811","2","5","0","0","0","1","0","2","0","2","0","0","0","3","03","","N","","","","","","","","","",""