"CRN","ARRIVAL_TM","AUTOMOBILE_COUNT","BELTED_DEATH_COUNT","BELTED_SUSP_SERIOUS_INJ_COUNT","BICYCLE_COUNT","BICYCLE_DEATH_COUNT","BICYCLE_SUSP_SERIOUS_INJ_COUNT","BUS_COUNT","CHLDPAS_DEATH_COUNT","CHLDPAS_SUSP_SERIOUS_INJ_COUNT","COLLISION_TYPE","COMM_VEH_COUNT","CONS_ZONE_SPD_LIM","COUNTY","CRASH_MONTH","CRASH_YEAR","DAY_OF_WEEK","DEC_LATITUDE","DEC_LONGITUDE","DISPATCH_TM","DISTRICT","DRIVER_COUNT_16YR","DRIVER_COUNT_17YR","DRIVER_COUNT_18YR","DRIVER_COUNT_19YR","DRIVER_COUNT_20YR","DRIVER_COUNT_50_64YR","DRIVER_COUNT_65_74YR","DRIVER_COUNT_75PLUS","EST_HRS_CLOSED","FATAL_COUNT","HEAVY_TRUCK_COUNT","HORSE_BUGGY_COUNT","HOUR_OF_DAY","ILLUMINATION","INJURY_COUNT","INTERSECTION_RELATED","INTERSECT_TYPE","LANE_CLOSED","LATITUDE","LN_CLOSE_DIR","LOCATION_TYPE","LONGITUDE","MAX_SEVERITY_LEVEL","MCYCLE_DEATH_COUNT","MCYCLE_SUSP_SERIOUS_INJ_COUNT","MOTORCYCLE_COUNT","MUNICIPALITY","NONMOTR_COUNT","NONMOTR_DEATH_COUNT","NONMOTR_SUSP_SERIOUS_INJ_COUNT","NTFY_HIWY_MAINT","PED_COUNT","PED_DEATH_COUNT","PED_SUSP_SERIOUS_INJ_COUNT","PERSON_COUNT","POLICE_AGCY","POSSIBLE_INJ_COUNT","RDWY_SURF_TYPE_CD","RELATION_TO_ROAD","ROADWAY_CLEARED","ROAD_CONDITION","SCH_BUS_IND","SCH_ZONE_IND","SECONDARY_CRASH","SMALL_TRUCK_COUNT","SPEC_JURIS_CD","SUSP_MINOR_INJ_COUNT","SUSP_SERIOUS_INJ_COUNT","SUV_COUNT","TCD_FUNC_CD","TCD_TYPE","TFC_DETOUR_IND","TIME_OF_DAY","TOTAL_UNITS","TOT_INJ_COUNT","UNBELTED_OCC_COUNT","UNB_DEATH_COUNT","UNB_SUSP_SERIOUS_INJ_COUNT","UNK_INJ_DEG_COUNT","UNK_INJ_PER_COUNT","URBAN_RURAL","VAN_COUNT","VEHICLE_COUNT","VULNERABLE_ROAD_USER_COUNT","VULNERABLE_ROAD_USER_DEATH_COUNT","VULNERABLE_ROAD_USER_SER_INJ_COUNT","WEATHER1","WEATHER2","WORKERS_PRES","WORK_ZONE_IND","WORK_ZONE_LOC","WORK_ZONE_TYPE","WZ_CLOSE_DETOUR","WZ_FLAGGER","WZ_LAW_OFFCR_IND","WZ_LN_CLOSURE","WZ_MOVING","WZ_OTHER","WZ_SHLDER_MDN","WZ_WORKERS_INJ_KILLED"
"2021025365","0028","1","0","0","0","0","0","0","0","0","4","0","","67","2","2021","7","39.994323","-75.144776","0015","6","0","0","0","0","0","0","0","0","","0","0","0","21","3","1","","1","0","39 59:39.562","","0","75 08:41.193","3","0","0","0","67301","0","0","0","N","0","0","0","3","67301","0","","1.0","","2","N","N","N","0","","1","0","1","3","3","","2120","2","1","2","0","0","0","2","2","0","2","0","0","0","6","09","","N","","","","","","","","","",""
"2021010458","0935","2","0","0","0","0","0","0","0","0","1","0","","67","1","2021","1","39.968289","-75.163178","0931","6","0","0","0","0","0","0","0","0","","0","0","0","9","1","0","N","0","0","39 58:05.840","","0","75 09:47.440","0","0","0","0","67301","0","0","0","N","0","0","0","1","67301","0","","6.0","","1","N","N","N","0","","0","0","2","0","0","","931","5","0","0","0","0","0","0","2","0","5","0","0","0","3","03","","N","","","","","","","","","",""
"2021018076","0030","4","0","0","0","0","0","0","0","0","5","0","","67","2","2021","6","40.015783","-75.154188","0014","6","0","0","0","0","0","0","0","0","","0","0","0","23","3","2","N","0","0","40 00:56.818","","0","75 09:15.077","3","0","0","0","67301","0","0","0","N","0","0","0","5","67301","0","","1.0","","9","N","N","N","0","","2","0","2","0","0","","2337","6","2","0","0","0","0","0","2","0","6","0","0","0","3","03","","N","","","","","","","","","",""
"2021015337","2241","1","0","0","0","0","0","0","0","0","4","0","","67","2","2021","7","39.957289","-75.237709","2241","6","0","0","0","0","0","0","0","0","","0","0","0","22","3","0","","2","0","39 57:26.240","","0","75 14:15.752","0","0","0","0","67301","0","0","0","N","0","0","0","2","67301","0","","1.0","","2","N","N","N","0","","0","0","1","3","3","","2203","2","0","1","0","0","0","0","2","0","2","0","0","0","6","","","N","","","","","","","","","",""
"2021018078","2228","1","0","0","0","0","0","0","0","0","8","0","","67","2","2021","7","40.030668","-75.166248","2228","6","0","0","0","1","0","0","0","0","","0","0","0","22","3","1","N","0","0","40 01:50.403","","0","75 09:58.491","3","0","0","0","67301","1","0","0","N","1","0","0","2","67301","0","","1.0","","2","N","N","N","0","","1","0","0","0","0","","2228","2","1","0","0","0","0","0","2","0","1","1","0","0","3","","","N","","","","","","","","","",""
"2021018226","1620","0","0","0","0","0","0","0","0","0","1","0","","67","2","2021","7","39.957831","-75.161542","1615","6","0","0","0","1","0","1","0","0","","0","0","0","16","1","0","N","0","2","39 57:28.190","4","0","75 09:41.552","0","0","0","0","67301","0","0","0","N","0","0","0","3","68K01","0","","1.0","1625.0","1","N","N","N","0","","0","0","2","0","0","N","1613","3","0","0","0","0","0","0","2","1","3","0","0","0","3","03","","N","","","","","","","","","",""
"2021020538","0652","0","0","0","0","0","0","0","0","0","7","0","","67","2","2021","6","39.887529","-75.216341","0644","6","0","0","0","0","0","0","0","0","","0","0","0","6","1","0","N","0","1","39 53:15.106","1","3","75 12:58.828","0","0","0","0","67301","0","0","0","N","0","0","0","1","68K01","0","","4.0","800.0","9","N","N","N","1","","0","0","0","0","0","N","609","1","0","0","0","0","0","0","2","0","1","0","0","0","6","10","","N","","","","","","","","","",""
"2021017840","0046","1","0","0","0","0","0","0","0","0","7","0","","67","2","2021","3","39.956449","-75.198058","0046","6","0","0","0","0","0","0","0","0","","0","0","0","0","3","0","N","0","0","39 57:23.218","","0","75 11:53.009","0","0","0","0","67301","0","0","0","N","0","0","0","1","67301","0","","4.0","","9","N","N","N","0","","0","0","0","0","0","","5","1","0","0","0","0","0","0","2","0","1","0","0","0","7","07","","N","","","","","","","","","",""
"2021039897","2347","2","0","0","0","0","0","0","0","0","1","0","","67","4","2021","6","40.039182","-75.027211","2347","6","0","0","0","0","0","0","0","0","","0","0","0","23","3","0","N","0","1","40 02:21.056","4","0","75 01:37.958","0","0","0","0","67301","0","0","0","N","0","0","0","0","67301","0","","6.0","30.0","1","N","N","N","0","","0","0","0","0","0","Y","2345","2","0","0","0","0","0","0","2","0","2","0","0","0","3","03","","N","","","","","","","","","",""
"2021016037","0950","1","0","0","0","0","0","0","0","0","7","0","","67","2","2021","3","40.075158","-75.213494","0931","6","0","0","0","0","0","0","1","0","","0","0","0","9","1","1","N","0","0","40 04:30.570","","0","75 12:48.580","3","0","0","0","67301","0","0","0","N","0","0","0","1","67301","0","","4.0","","2","N","N","N","0","","1","0","0","0","0","","929","1","1","0","0","0","0","0","2","0","1","0","0","0","7","98","","N","","","","","","","","","",""
"2021017108","0900","1","0","0","0","0","0","0","0","0","2","0","","67","2","2021","5","40.052481","-75.171399","0905","6","0","0","0","0","0","0","0","0","","0","0","0","9","1","1","N","0","0","40 03:08.931","","0","75 10:17.038","3","0","0","0","67301","0","0","0","N","0","0","0","3","67301","0","","1.0","","7","N","N","N","0","","1","0","1","0","0","","900","2","1","0","0","0","0","0","2","0","2","0","0","0","10","","","N","","","","","","","","","",""
"2021015333","1840","2","0","0","0","0","0","0","0","0","1","0","","67","2","2021","7","39.96349","-75.169377","1840","6","0","0","0","0","0","0","0","0","","0","0","0","18","3","0","","1","1","39 57:48.564","4","0","75 10:09.758","0","0","0","0","67301","0","0","0","N","0","0","0","2","67301","0","","1.0","1855.0","2","N","N","N","0","","0","0","0","3","2","N","1840","2","0","0","0","0","0","0","2","0","2","0","0","0","9","09","","N","","","","","","","","","",""
"2021015860","0000","1","0","0","0","0","0","0","0","0","4","0","","67","2","2021","2","40.043155","-75.16721","0000","6","0","0","0","0","0","0","0","0","","0","0","0","23","3","2","","1","0","40 02:35.358","","0","75 10:01.956","3","0","0","0","67301","0","0","0","N","0","0","0","2","67301","0","","1.0","","9","N","N","N","0","","2","0","1","3","2","","2334","2","2","0","0","0","0","0","2","0","2","0","0","0","7","07","","N","","","","","","","","","",""
"2021016749","0841","1","0","0","0","0","0","0","0","0","7","0","","67","2","2021","4","40.019728","-75.160613","0840","6","0","0","0","0","0","0","0","0","","0","0","0","8","1","1","N","0","0","40 01:11.020","","0","75 09:38.207","3","0","0","0","67301","0","0","0","N","0","0","0","1","67301","0","","5.0","","2","N","N","N","0","","1","0","0","0","0","","830","1","1","0","0","0","0","0","2","0","1","0","0","0","3","03","","N","","","","","","","","","",""
"2021019683","2043","1","0","0","0","0","0","0","0","0","5","0","","67","2","2021","7","39.957141","-75.148964","2040","6","0","0","1","0","0","1","0","0","","0","0","0","20","3","0","Y","0","0","39 57:25.708","","0","75 08:56.269","0","0","0","0","67301","0","0","0","N","0","0","0","2","67301","0","","1.0","","1","N","N","N","0","","0","0","1","0","0","","2040","2","0","0","0","0","0","0","2","0","2","0","0","0","3","03","","N","","","","","","","","","",""
"2021036269","0226","1","0","0","0","0","0","0","0","0","1","0","","67","4","2021","4","39.98665","-75.208385","0225","6","0","0","0","0","0","0","0","0","","0","0","0","1","3","0","","2","0","39 59:11.940","","2","75 12:30.186","0","0","0","0","67301","0","0","0","N","0","0","0","1","67301","0","","1.0","","1","N","N","N","0","","0","0","1","3","3","","157","2","0","0","0","0","0","0","2","0","2","0","0","0","3","03","","N","","","","","","","","","",""
"2021033999","2250","2","0","0","0","0","0","0","0","0","7","0","","67","4","2021","3","39.996192","-75.179367","2245","6","0","0","0","0","0","0","0","0","","0","0","0","22","3","0","N","0","0","39 59:46.290","","0","75 10:45.720","0","0","0","0","67301","0","0","0","N","0","0","0","1","67301","0","","5.0","","1","N","N","N","1","","0","0","0","0","0","","2240","3","0","0","0","0","0","0","2","0","3","0","0","0","3","03","","N","","","","","","","","","",""
"2021002290","1608","2","0","0","0","0","0","0","0","0","1","0","","67","1","2021","4","39.970361","-75.150972","1603","6","0","0","0","0","0","0","1","0","","0","0","0","14","1","2","Y","0","0","39 58:13.300","","1","75 09:03.500","3","0","0","0","67301","0","0","0","N","0","0","0","3","67301","0","","1.0","","1","N","N","N","0","","2","0","1","3","2","","1434","3","2","0","0","0","0","0","2","0","3","0","0","0","3","03","","N","","","","","","","","","",""
"2021001292","2126","1","0","0","0","0","0","0","0","0","4","0","","67","1","2021","7","39.973992","-75.14416","2121","6","0","0","0","0","0","0","0","0","","0","0","0","21","3","1","","1","1","39 58:26.371","1","0","75 08:38.976","3","0","0","0","67301","0","0","0","N","0","0","0","2","67301","0","","1.0","100.0","1","N","N","Y","0","","1","0","1","3","3","N","2115","3","1","0","0","0","0","0","2","1","3","0","0","0","3","03","","N","","","","","","","","","",""
"2021000536","1830","1","0","0","0","0","0","0","0","0","4","0","","67","1","2021","7","40.058592","-75.152742","1824","6","0","0","0","1","0","0","1","0","","0","0","0","18","3","1","","5","1","40 03:30.931","7","0","75 09:09.871","3","0","0","0","67301","0","0","0","N","0","0","0","4","67301","0","","1.0","1856.0","1","N","N","N","0","","1","0","1","2","2","Y","1820","2","1","0","0","0","0","0","2","0","2","0","0","0","3","03","","N","","","","","","","","","",""
"2021006454","0920","2","0","0","0","0","0","0","0","0","4","0","","67","1","2021","4","39.955608","-75.18948","0915","6","0","0","0","0","0","0","1","0","","0","0","0","9","1","0","","1","0","39 57:20.190","","0","75 11:22.129","0","0","0","0","67301","0","0","0","N","0","0","0","2","67507","0","","1.0","","1","N","N","N","0","","0","0","0","3","2","","915","2","0","0","0","0","0","0","2","0","2","0","0","0","3","03","","N","","","","","","","","","",""
"2021016258","2030","1","0","0","0","0","0","0","0","0","4","0","","67","2","2021","4","39.962474","-75.244666","2030","6","0","0","0","0","0","0","0","0","","0","0","0","20","3","2","","1","0","39 57:44.907","","0","75 14:40.797","3","0","0","0","67301","0","0","0","N","0","0","0","5","67301","0","","1.0","","1","N","N","N","1","","2","0","0","3","2","","2012","2","2","2","0","0","0","0","2","0","2","0","0","0","3","03","","N","","","","","","","","","",""
"2021036663","2151","1","0","0","0","0","0","0","0","0","8","0","","67","3","2021","4","39.996438","-75.113451","2150","6","0","0","0","0","0","1","0","0","","0","0","0","21","3","0","","1","0","39 59:47.175","","2","75 06:48.425","0","0","0","0","67301","1","0","0","N","1","0","0","2","67301","0","","1.0","","9","N","N","N","0","","0","0","0","0","0","","2149","2","0","1","0","0","0","0","2","0","1","1","0","0","7","","","N","","","","","","","","","",""
"2021007192","0245","0","0","0","0","0","0","0","0","0","7","0","","67","1","2021","6","40.019703","-75.109561","0245","6","0","0","0","0","0","0","0","0","","0","0","0","2","3","0","N","0","0","40 01:10.930","","0","75 06:34.420","9","0","0","0","67301","0","0","0","N","0","0","0","1","67301","0","","1.0","","1","N","N","N","0","","0","0","1","0","0","","245","1","0","1","0","0","0","1","2","0","1","0","0","0","3","03","","N","","","","","","","","","",""
"2021007876","0538","1","0","0","0","0","0","0","0","0","1","0","","67","1","2021","1","39.993046","-75.200483","0453","6","0","0","0","0","0","1","0","0","","0","0","0","4","3","0","N","0","1","39 59:34.964","3","0","75 12:01.740","9","0","0","0","67301","0","0","0","N","0","0","0","2","68K01","0","","1.0","600.0","1","N","N","N","0","","0","0","0","0","0","N","453","2","0","0","0","0","0","2","2","0","2","0","0","0","3","","","N","","","","","","","","","",""
"2021009596","1601","1","0","0","0","0","0","0","0","0","1","0","","67","1","2021","1","40.035684","-75.016742","1554","6","0","0","0","0","0","1","0","0","","0","0","0","15","1","1","N","0","0","40 02:08.464","","0","75 01:00.271","4","0","0","0","67301","0","0","0","N","0","0","0","4","68K01","1","","1.0","","1","N","N","N","1","","0","0","0","0","0","","1523","3","1","0","0","0","0","0","2","1","3","0","0","0","3","03","","N","","","","","","","","","",""
"2021002702","0536","0","0","0","0","0","0","0","0","0","5","0","","67","1","2021","4","40.029971","-75.022226","0536","6","0","0","0","0","0","0","0","0","","0","0","0","5","3","1","Y","0","2","40 01:47.896","2","0","75 01:20.013","8","0","0","0","67301","0","0","0","N","0","0","0","2","68K01","0","","1.0","656.0","1","N","N","N","0","","0","0","2","0","0","N","536","2","1","1","0","0","1","0","2","0","2","0","0","0","3","","","N","","","","","","","","","",""
"2021033178","1427","1","0","0","0","0","0","0","0","0","5","0","","67","4","2021","4","40.034976","-75.018156","1404","6","0","0","0","0","0","0","0","0","","0","0","0","13","1","0","N","0","0","40 02:05.912","","0","75 01:05.363","0","0","0","0","67301","0","0","0","N","0","0","0","2","68K01","0","","4.0","","1","N","N","N","1","","0","0","0","0","0","","1351","2","0","1","0","0","0","0","2","0","2","0","0","0","3","","","N","","","","","","","","","",""
"2021006038","1955","2","0","0","0","0","0","0","0","0","5","0","","67","1","2021","7","39.995672","-75.125194","1954","6","0","0","0","0","0","0","0","0","","0","0","0","17","3","0","N","0","1","39 59:44.420","2","0","75 07:30.700","0","0","0","0","67301","0","0","0","N","0","0","0","1","67301","0","","6.0","2053.0","1","N","N","N","0","","0","0","0","0","0","Y","1735","2","0","0","0","0","0","0","2","0","2","0","0","0","3","03","","N","","","","","","","","","",""
"2021009968","1002","2","0","0","0","0","0","0","0","0","5","0","","67","1","2021","6","39.97405","-75.231269","0949","6","0","0","0","0","0","0","0","0","","0","0","0","8","1","0","N","0","0","39 58:26.580","","0","75 13:52.570","9","0","0","0","67301","0","0","0","N","0","0","0","1","67301","0","","6.0","","1","N","N","Y","0","","0","0","1","0","0","","850","4","0","0","0","0","0","1","2","1","4","0","0","0","3","03","","N","","","","","","","","","",""
"2021022180","0215","2","0","0","0","0","0","0","0","0","4","0","","67","3","2021","7","40.031652","-75.084053","0200","6","0","0","0","0","0","1","0","0","","0","0","0","0","3","1","","1","1","40 01:53.948","4","0","75 05:02.590","2","0","0","0","67301","0","0","0","N","0","0","0","2","67301","0","","1.0","230.0","1","N","N","N","0","","0","1","0","3","2","N","54","2","1","0","0","0","0","0","2","0","2","0","0","0","3","03","","N","","","","","","","","","",""
"2021039129","0620","0","0","0","0","0","0","1","0","0","1","1","","67","4","2021","7","39.954579","-75.225998","0610","6","0","0","0","0","0","1","0","0","","0","0","0","6","5","3","","1","0","39 57:16.485","","0","75 13:33.593","3","0","0","0","67301","0","0","0","N","0","0","0","5","67508","0","","1.0","","1","N","N","Y","1","","1","0","0","3","2","","610","2","3","0","0","0","2","0","2","0","2","0","0","0","3","03","","N","","","","","","","","","",""
"2021009329","2046","1","0","0","0","0","0","0","0","0","5","0","","67","1","2021","2","40.121814","-75.02195","2030","6","0","0","0","0","0","0","0","0","","0","0","0","20","3","0","N","0","1","40 07:18.530","1","0","75 01:19.020","9","0","0","0","67301","0","0","0","N","0","0","0","1","67301","0","","6.0","2144.0","1","N","N","N","0","","0","0","1","0","0","N","2019","2","0","0","0","0","0","1","2","0","2","0","0","0","3","03","","N","","","","","","","","","",""
"2021000462","2252","1","0","0","0","0","0","0","0","0","4","0","","67","1","2021","6","39.951191","-75.232791","2251","6","0","0","0","0","0","0","0","0","","0","0","0","22","3","4","","1","0","39 57:04.287","","0","75 13:58.047","3","0","0","0","67301","0","0","0","N","0","0","0","4","67301","0","","1.0","","9","N","N","N","0","","4","0","0","3","2","","2250","2","4","0","0","0","0","0","2","1","2","0","0","0","7","07","","N","","","","","","","","","",""
"2021021967","2043","2","0","0","0","0","0","0","0","0","8","0","","67","2","2021","5","39.978108","-75.164578","2043","6","0","0","0","0","0","0","0","0","","0","0","0","20","3","2","","1","0","39 58:41.188","","0","75 09:52.480","3","0","0","0","67301","1","0","0","N","1","0","0","3","67301","0","","1.0","","1","N","N","N","0","","2","0","1","3","2","","2009","4","2","1","0","0","0","0","2","0","3","1","0","0","3","03","","N","","","","","","","","","",""
"2021008004","0452","1","0","0","0","0","0","0","0","0","4","0","","67","1","2021","1","40.045866","-74.994623","0447","6","0","0","0","0","0","0","0","0","","0","0","0","4","3","1","","1","0","40 02:45.118","","0","74 59:40.643","8","0","0","1","67301","0","0","0","N","0","0","0","2","67301","0","","1.0","","1","N","N","N","0","","0","0","0","3","2","","440","2","1","0","0","0","1","0","2","0","2","0","0","0","3","03","","N","","","","","","","","","",""
"2021033620","0859","2","0","0","0","0","0","0","0","0","2","0","","67","4","2021","1","40.017411","-75.181672","0849","6","0","0","0","0","0","0","0","0","","0","0","0","8","3","1","N","0","0","40 01:02.680","","7","75 10:54.020","3","0","0","0","67301","0","0","0","N","0","0","0","3","67301","0","","1.0","","1","N","N","N","0","","1","0","0","3","3","","840","2","1","0","0","0","0","0","2","0","2","0","0","0","3","","","N","","","","","","","","","",""
"2021001069","1620","2","0","0","0","0","0","0","0","0","4","0","","67","1","2021","6","40.021156","-75.151953","1619","6","0","0","0","0","0","0","0","0","","0","0","0","16","4","3","","1","0","40 01:16.160","","0","75 09:07.032","3","0","0","0","67301","0","0","0","N","0","0","0","4","67301","0","","1.0","","9","N","N","N","1","","2","0","1","3","3","","1615","5","3","0","0","0","1","1","2","1","5","0","0","0","7","","","N","","","","","","","","","",""
"2021017682","2343","1","0","0","0","0","0","0","0","0","0","0","","67","2","2021","4","39.960138","-75.180012","2340","6","0","0","0","0","0","0","0","0","","0","0","0","23","3","0","N","0","0","39 57:36.496","","3","75 10:48.044","0","0","0","0","67301","0","0","0","N","0","0","0","2","68K01","0","","1.0","","9","N","N","N","0","","0","0","0","0","0","","2330","1","0","0","0","0","0","0","2","0","1","0","0","0","10","","","N","","","","","","","","","",""
"2021033951","1315","1","0","0","0","0","0","0","0","0","5","0","","67","4","2021","2","39.937125","-75.144093","1307","6","0","0","0","0","0","0","0","0","","0","0","0","13","1","0","N","0","1","39 56:13.649","2","0","75 08:38.735","0","0","0","0","67301","0","0","0","N","0","0","0","3","68K01","0","","1.0","1345.0","1","N","N","N","0","","0","0","1","0","0","N","1302","2","0","0","0","0","0","0","2","0","2","0","0","0","3","","","N","","","","","","","","","",""
"2021039731","1540","1","0","0","0","0","0","0","0","0","4","1","","67","4","2021","5","40.029845","-75.104315","1523","6","0","0","0","0","0","0","0","0","","0","1","0","15","1","0","","1","0","40 01:47.442","","0","75 06:15.535","0","0","0","0","67301","0","0","0","N","0","0","0","2","67301","0","","1.0","","1","N","N","N","0","","0","0","0","3","2","","1515","2","0","0","0","0","0","0","2","0","2","0","0","0","3","04","","N","","","","","","","","","",""
"2021032973","0900","1","0","0","0","0","0","0","0","0","5","1","","67","4","2021","6","39.944618","-75.191326","0849","6","0","0","0","0","1","0","0","0","","0","1","0","8","1","0","","6","1","39 56:40.625","4","8","75 11:28.773","0","0","0","0","67301","0","0","0","N","0","0","0","4","68K01","0","","1.0","15.0","1","N","N","N","0","","0","0","0","3","4","N","838","2","0","2","0","0","0","0","2","0","2","0","0","0","3","","","N","","","","","","","","","",""
"2021015643","0830","0","0","0","0","0","0","1","0","0","5","1","","67","1","2021","6","39.999745","-75.138532","0821","6","0","0","0","0","0","1","0","0","","0","0","0","8","1","1","","1","0","39 59:59.082","","0","75 08:18.715","4","0","0","0","67301","0","0","0","N","0","0","0","3","67508","1","","1.0","","1","N","N","Y","0","","0","0","0","3","2","","821","2","1","0","0","0","0","0","2","1","2","0","0","0","3","03","","N","","","","","","","","","",""
"2021038534","1251","1","0","0","0","0","0","0","0","0","5","1","","67","4","2021","3","40.000449","-75.195116","1246","6","0","0","0","0","0","0","0","0","","0","1","0","12","1","1","N","0","0","40 00:01.616","","0","75 11:42.416","4","0","0","0","67301","0","0","0","N","0","0","0","2","68K01","1","","1.0","","1","N","N","N","0","","0","0","0","0","0","","1244","2","1","0","0","0","0","0","2","0","2","0","0","0","3","","","N","","","","","","","","","",""
"2021003188","1812","0","0","0","0","0","0","0","0","0","4","0","","67","1","2021","7","39.969513","-75.225371","1810","6","0","0","0","0","0","0","0","0","","0","0","0","18","3","2","","1","0","39 58:10.246","","0","75 13:31.336","4","0","0","0","67301","0","0","0","N","0","0","0","3","67301","2","","1.0","","1","N","N","N","0","","0","0","1","3","2","","1807","2","2","0","0","0","0","1","2","1","2","0","0","0","3","03","","N","","","","","","","","","",""
"2021012837","0539","1","0","0","0","0","0","0","0","0","5","0","","67","2","2021","1","40.030986","-75.035924","0532","6","0","0","0","0","0","0","0","0","","0","0","0","5","3","0","N","0","0","40 01:51.551","","0","75 02:09.326","0","0","0","0","67301","0","0","0","N","0","0","0","2","67301","0","","1.0","","1","N","N","N","0","","0","0","1","0","0","","511","2","0","0","0","0","0","0","2","0","2","0","0","0","3","03","","N","","","","","","","","","",""
"2021006018","0100","0","0","0","0","0","0","0","0","0","4","0","","67","1","2021","2","39.974119","-75.204313","1254","6","0","0","0","0","0","0","0","0","","0","0","0","23","3","2","","1","0","39 58:26.830","","0","75 12:15.528","8","0","0","0","67301","0","0","0","N","0","0","0","3","67301","0","","1.0","","1","N","N","N","0","","0","0","1","3","2","","2335","2","2","1","0","0","2","1","2","1","2","0","0","0","3","","","N","","","","","","","","","",""
"2021000817","0255","1","0","0","0","0","0","0","0","0","8","0","","67","1","2021","6","39.999745","-75.138532","0243","6","0","0","0","0","0","0","0","0","","0","0","0","1","3","1","","1","0","39 59:59.082","","0","75 08:18.715","2","0","0","0","67301","1","0","1","N","1","0","1","2","67301","0","","1.0","","1","N","N","N","0","","0","1","0","3","2","","120","2","1","0","0","0","0","0","2","0","1","1","0","1","3","03","","N","","","","","","","","","",""
"2021023906","1003","0","0","0","0","0","0","0","0","0","7","0","","67","1","2021","6","39.956931","-75.152812","0956","6","0","0","0","0","0","0","0","0","","0","0","0","9","1","0","N","0","1","39 57:24.952","3","0","75 09:10.123","0","0","0","0","67301","0","0","0","N","0","0","0","1","68K01","0","","3.0","1015.0","1","N","N","N","0","","0","0","0","0","0","N","955","1","0","0","0","0","0","0","2","1","1","0","0","0","3","03","","N","","","","","","","","","",""
"2021014591","0804","2","0","0","0","0","0","0","0","0","4","0","","67","2","2021","2","39.999674","-75.098989","0742","6","0","0","0","0","0","0","1","0","","0","0","0","7","1","5","","1","0","39 59:58.827","","0","75 05:56.359","3","0","0","0","67301","0","0","0","N","0","0","0","6","67301","0","","1.0","","2","N","N","N","0","","5","0","0","3","2","","741","2","5","0","0","0","0","0","2","0","2","0","0","0","3","03","","N","","","","","","","","","",""
"2021038700","1327","2","0","0","0","0","0","0","0","0","1","0","","67","4","2021","2","40.044186","-75.002433","1317","6","0","0","0","1","0","0","0","0","","0","0","0","13","1","0","N","0","1","40 02:39.068","1","0","75 00:08.757","0","0","0","0","67301","0","0","0","Y","0","0","0","2","68K01","0","","1.0","1400.0","1","N","N","N","0","","0","0","0","0","0","N","1315","2","0","0","0","0","0","0","2","0","2","0","0","0","3","03","","N","","","","","","","","","",""
"2021035608","1629","0","0","0","0","0","0","0","0","0","2","1","","67","4","2021","7","39.991899","-75.138362","1627","6","0","0","0","0","0","0","0","0","","0","1","0","16","1","3","","1","0","39 59:30.836","","0","75 08:18.103","3","0","0","0","67301","0","0","0","N","0","0","0","4","67301","0","","1.0","","1","N","N","N","0","","3","0","0","3","2","","1627","2","3","0","0","0","0","0","2","1","2","0","0","0","3","","","N","","","","","","","","","",""
"2021012321","0346","1","0","0","0","0","0","0","0","0","5","0","","67","2","2021","7","39.985182","-75.156384","0345","6","0","0","0","0","0","0","0","1","","0","0","0","3","3","0","N","0","0","39 59:06.654","","0","75 09:22.984","0","0","0","0","67301","0","0","0","N","0","0","0","2","67505","0","","1.0","","2","N","N","N","0","","0","0","1","0","0","","340","2","0","0","0","0","0","0","2","0","2","0","0","0","3","03","","N","","","","","","","","","",""
"2021037564","0558","0","0","0","0","0","0","0","0","0","7","1","","67","4","2021","1","40.033694","-75.019869","0543","6","0","0","0","0","0","0","0","0","","0","1","0","5","3","0","N","0","2","40 02:01.298","1","0","75 01:11.527","0","0","0","0","67301","0","0","0","N","0","0","0","1","68K01","0","","2.0","654.0","9","N","N","N","0","","0","0","0","0","0","N","541","1","0","0","0","0","0","0","2","0","1","0","0","0","7","","","N","","","","","","","","","",""
"2021033838","1540","2","0","0","0","0","0","0","0","0","4","0","","67","3","2021","2","40.053908","-75.049226","1530","6","0","0","0","0","0","0","1","0","","0","0","0","15","1","1","N","0","1","40 03:14.068","1","0","75 02:57.212","3","0","0","0","67301","0","0","0","N","0","0","0","2","67301","0","","1.0","1600.0","1","N","N","N","0","","1","0","0","0","0","N","1527","2","1","0","0","0","0","0","2","0","2","0","0","0","3","03","","N","","","","","","","","","",""
"2021000013","0108","1","0","0","0","0","0","0","0","0","4","0","","67","1","2021","6","39.985867","-75.176292","0108","6","0","0","0","0","0","1","0","0","","0","0","0","1","3","2","","1","0","39 59:09.121","","0","75 10:34.651","3","0","0","0","67301","0","0","0","N","0","0","0","3","67509","0","","5.0","","1","N","N","N","0","","2","0","1","0","0","","100","2","2","2","0","0","0","0","2","0","2","0","0","0","3","03","","N","","","","","","","","","",""
"2021010348","0041","1","0","0","0","0","0","0","0","0","5","0","","67","1","2021","1","39.9335","-75.172194","0040","6","0","0","0","0","0","0","0","0","","0","0","0","0","3","0","N","0","2","39 56:00.600","4","0","75 10:19.900","0","0","0","0","67301","0","0","0","N","0","0","0","3","67301","0","","1.0","10.0","1","N","N","N","0","","0","0","1","0","0","Y","10","2","0","0","0","0","0","0","2","0","2","0","0","0","3","03","","N","","","","","","","","","",""