"CRN","ARRIVAL_TM","AUTOMOBILE_COUNT","BELTED_DEATH_COUNT","BELTED_SUSP_SERIOUS_INJ_COUNT","BICYCLE_COUNT","BICYCLE_DEATH_COUNT","BICYCLE_SUSP_SERIOUS_INJ_COUNT","BUS_COUNT","CHLDPAS_DEATH_COUNT","CHLDPAS_SUSP_SERIOUS_INJ_COUNT","COLLISION_TYPE","COMM_VEH_COUNT","CONS_ZONE_SPD_LIM","COUNTY","CRASH_MONTH","CRASH_YEAR","DAY_OF_WEEK","DEC_LATITUDE","DEC_LONGITUDE","DISPATCH_TM","DISTRICT","DRIVER_COUNT_16YR","DRIVER_COUNT_17YR","DRIVER_COUNT_18YR","DRIVER_COUNT_19YR","DRIVER_COUNT_20YR","DRIVER_COUNT_50_64YR","DRIVER_COUNT_65_74YR","DRIVER_COUNT_75PLUS","EST_HRS_CLOSED","FATAL_COUNT","HEAVY_TRUCK_COUNT","HORSE_BUGGY_COUNT","HOUR_OF_DAY","ILLUMINATION","INJURY_COUNT","INTERSECTION_RELATED","INTERSECT_TYPE","LANE_CLOSED","LATITUDE","LN_CLOSE_DIR","LOCATION_TYPE","LONGITUDE","MAX_SEVERITY_LEVEL","MCYCLE_DEATH_COUNT","MCYCLE_SUSP_SERIOUS_INJ_COUNT","MOTORCYCLE_COUNT","MUNICIPALITY","NONMOTR_COUNT","NONMOTR_DEATH_COUNT","NONMOTR_SUSP_SERIOUS_INJ_COUNT","NTFY_HIWY_MAINT","PED_COUNT","PED_DEATH_COUNT","PED_SUSP_SERIOUS_INJ_COUNT","PERSON_COUNT","POLICE_AGCY","POSSIBLE_INJ_COUNT","RDWY_SURF_TYPE_CD","RELATION_TO_ROAD","ROADWAY_CLEARED","ROAD_CONDITION","SCH_BUS_IND","SCH_ZONE_IND","SECONDARY_CRASH","SMALL_TRUCK_COUNT","SPEC_JURIS_CD","SUSP_MINOR_INJ_COUNT","SUSP_SERIOUS_INJ_COUNT","SUV_COUNT","TCD_FUNC_CD","TCD_TYPE","TFC_DETOUR_IND","TIME_OF_DAY","TOTAL_UNITS","TOT_INJ_COUNT","UNBELTED_OCC_COUNT","UNB_DEATH_COUNT","UNB_SUSP_SERIOUS_INJ_COUNT","UNK_INJ_DEG_COUNT","UNK_INJ_PER_COUNT","URBAN_RURAL","VAN_COUNT","VEHICLE_COUNT","VULNERABLE_ROAD_USER_COUNT","VULNERABLE_ROAD_USER_DEATH_COUNT","VULNERABLE_ROAD_USER_SER_INJ_COUNT","WEATHER1","WEATHER2","WORKERS_PRES","WORK_ZONE_IND","WORK_ZONE_LOC","WORK_ZONE_TYPE","WZ_CLOSE_DETOUR","WZ_FLAGGER","WZ_LAW_OFFCR_IND","WZ_LN_CLOSURE","WZ_MOVING","WZ_OTHER","WZ_SHLDER_MDN","WZ_WORKERS_INJ_KILLED"
"2021032986","0305","1","0","0","0","0","0","0","0","0","1","0","","67","4","2021","7","39.934883","-75.14479","0254","6","0","0","0","0","0","1","0","0","","0","0","0","2","3","1","N","0","0","39 56:05.580","","0","75 08:41.243","3","0","0","0","67301","0","0","0","N","0","0","0","2","68K01","0","","1.0","","1","N","N","N","0","","1","0","0","0","0","","250","2","1","0","0","0","0","1","2","0","2","0","0","0","3","","","N","","","","","","","","","",""
"2021002264","0142","3","0","0","0","0","0","0","0","0","4","0","","67","1","2021","6","39.958557","-75.160057","0142","6","0","0","0","0","0","0","0","0","","0","0","0","1","3","0","","1","0","39 57:30.804","","0","75 09:36.205","0","0","0","0","67301","0","0","0","N","0","0","0","2","67301","0","","1.0","","1","N","N","N","0","","0","0","0","0","0","","142","3","0","0","0","0","0","0","2","0","3","0","0","0","3","03","","N","","","","","","","","","",""
"2021038320","1509","0","0","0","0","0","0","0","0","0","1","1","","67","4","2021","3","40.021751","-75.039141","1442","6","0","0","0","0","0","1","0","0","","0","1","0","13","1","1","N","0","0","40 01:18.304","","0","75 02:20.907","3","0","0","0","67301","0","0","0","N","0","0","0","2","68K01","0","","1.0","","1","N","N","N","0","","1","0","0","0","0","","1354","2","1","0","0","0","0","0","2","1","2","0","0","0","3","03","","N","","","","","","","","","",""
"2021010457","0515","1","0","0","0","0","0","0","0","0","7","0","","67","2","2021","2","40.124786","-75.017406","0502","6","0","0","0","0","0","0","0","0","","0","0","0","4","3","0","N","0","0","40 07:29.230","","0","75 01:02.660","0","0","0","0","67301","0","0","0","N","0","0","0","1","67301","0","","4.0","","7","N","N","N","0","","0","0","0","0","0","","430","1","0","0","0","0","0","0","2","0","1","0","0","0","10","","","N","","","","","","","","","",""
"2021000277","0510","1","0","0","0","0","0","0","0","0","4","0","","67","1","2021","7","39.962926","-75.191387","0508","6","0","0","0","0","0","0","0","0","","0","0","0","5","3","0","","1","0","39 57:46.535","","0","75 11:28.992","0","0","0","0","67301","0","0","0","N","0","0","0","2","67507","0","","1.0","","9","N","N","N","0","","0","0","1","3","2","","505","2","0","0","0","0","0","0","2","0","2","0","0","0","7","","","N","","","","","","","","","",""
"2021000463","1601","3","0","0","0","0","0","0","0","0","4","0","","67","1","2021","7","39.949438","-75.237333","1551","6","0","0","0","0","1","0","0","0","","0","0","0","15","1","2","","1","0","39 56:57.976","","0","75 14:14.398","3","0","0","0","67301","0","0","0","N","0","0","0","3","67301","0","","1.0","","1","N","N","N","0","","2","0","0","3","3","","1542","3","2","0","0","0","0","1","2","0","3","0","0","0","3","","","N","","","","","","","","","",""
"2021035191","1546","1","0","0","0","0","0","0","0","0","1","0","","67","4","2021","6","39.977061","-75.19927","1540","6","0","0","0","0","0","0","0","0","","0","0","0","15","1","0","N","6","1","39 58:37.421","4","2","75 11:57.373","9","0","0","0","67301","0","0","0","N","0","0","0","3","68K01","0","","1.0","20.0","1","N","N","N","0","","0","0","1","0","0","N","1524","2","0","0","0","0","0","1","2","0","2","0","0","0","4","","","N","","","","","","","","","",""
"2021040554","2140","1","0","0","0","0","0","0","0","0","8","0","","67","2","2021","7","40.051584","-75.00121","2135","6","0","0","0","0","0","0","0","0","","1","0","0","21","3","0","N","0","2","40 03:05.701","6","0","75 00:04.357","1","0","0","0","67301","1","1","0","N","1","1","0","2","67301","0","2","1.0","2142.0","1","N","N","N","0","0","0","0","0","0","0","Y","2130","2","0","0","0","0","0","0","2","0","1","1","1","0","3","03","","N","","","","","","","","","",""
"2021003497","0338","1","0","0","0","0","0","0","0","0","7","0","","67","1","2021","1","40.067312","-75.02824","0338","6","0","0","0","0","0","0","0","0","","0","0","0","3","3","1","","2","0","40 04:02.323","","0","75 01:41.663","4","0","0","0","67301","0","0","0","N","0","0","0","1","67301","1","","4.0","","1","N","N","N","0","","0","0","0","3","2","","338","1","1","0","0","0","0","0","2","0","1","0","0","0","3","03","","N","","","","","","","","","",""
"2021007675","0134","2","0","0","0","0","0","0","0","0","4","0","","67","1","2021","4","40.015238","-75.149829","0134","6","0","0","0","0","0","1","0","0","","0","0","0","21","3","1","","1","0","40 00:54.857","","0","75 08:59.386","8","0","0","0","67301","0","0","0","N","0","0","0","2","67301","0","","1.0","","1","N","N","N","0","","0","0","0","3","2","","2118","2","1","0","0","0","1","0","2","0","2","0","0","0","3","","","N","","","","","","","","","",""
"2021032352","0115","1","0","0","0","0","0","0","0","0","1","1","","67","3","2021","3","39.990868","-75.155282","0100","6","0","0","0","0","0","0","0","0","","0","1","0","1","3","2","","1","0","39 59:27.126","","0","75 09:19.014","4","0","0","0","67301","0","0","0","N","0","0","0","3","67508","2","","1.0","","1","N","N","Y","0","","0","0","0","3","2","","100","2","2","0","0","0","0","0","2","0","2","0","0","0","3","03","","N","","","","","","","","","",""
"2021038500","1515","0","0","0","0","0","0","0","0","0","1","1","","67","4","2021","3","40.018542","-75.167095","1504","6","0","0","0","0","0","1","0","0","","0","1","0","15","1","0","","6","0","40 01:06.752","","2","75 10:01.543","0","0","0","0","67301","0","0","0","N","0","0","0","5","67301","0","","1.0","","1","N","N","N","1","","0","0","0","3","4","","1501","2","0","5","0","0","0","0","2","0","2","0","0","0","3","03","","N","","","","","","","","","",""
"2021000090","0004","1","0","0","0","0","0","0","0","0","4","0","","67","1","2021","6","40.016862","-75.158402","0001","6","0","0","0","0","0","0","1","0","","0","0","0","0","3","1","N","0","0","40 01:00.704","","0","75 09:30.248","4","0","0","0","67301","0","0","0","N","0","0","0","2","67301","1","","1.0","","1","N","N","N","1","","0","0","2","0","0","","0","4","1","1","0","0","0","0","2","0","4","0","0","0","3","03","","N","","","","","","","","","",""
"2021032721","0802","0","0","0","0","0","0","0","0","0","1","0","","67","4","2021","6","40.025455","-75.028887","0736","6","0","0","0","0","0","0","0","0","","0","0","0","7","1","0","N","0","0","40 01:31.638","","0","75 01:43.992","0","0","0","0","67301","0","0","0","N","0","0","0","5","68K01","0","","1.0","","1","N","N","N","0","","0","0","1","0","0","","733","2","0","1","0","0","0","0","2","1","2","0","0","0","3","03","","N","","","","","","","","","",""
"2021006012","2020","1","0","0","0","0","0","0","0","0","4","0","","67","1","2021","5","40.008621","-75.068836","2015","6","0","0","0","0","0","1","0","0","","0","0","0","20","3","2","","1","0","40 00:31.034","","0","75 04:07.810","3","0","0","0","67301","0","0","0","N","0","0","0","2","67301","0","","1.0","","1","N","N","N","0","","2","0","1","3","2","","2000","2","2","0","0","0","0","0","2","0","2","0","0","0","3","","","N","","","","","","","","","",""
"2021005977","1715","2","0","0","0","0","0","0","0","0","1","0","","67","1","2021","1","40.104675","-75.001483","1706","6","0","0","0","0","0","0","0","0","","0","0","0","17","4","0","","1","1","40 06:16.829","1","0","75 00:05.337","0","0","0","0","67301","0","0","0","N","0","0","0","4","67301","0","","1.0","1745.0","1","N","N","Y","0","","0","0","1","3","2","N","1700","3","0","0","0","0","0","0","2","0","3","0","0","0","3","","","N","","","","","","","","","",""
"2021033137","2051","1","0","0","0","0","0","1","0","0","5","1","","67","4","2021","4","39.970064","-75.219906","2051","6","0","0","0","0","0","0","0","0","","0","0","0","20","3","1","N","0","1","39 58:12.230","6","0","75 13:11.660","8","0","0","0","67301","0","0","0","N","0","0","0","1","67301","0","","6.0","2145.0","1","N","N","N","0","","0","0","0","0","0","Y","2027","2","1","0","0","0","1","0","2","0","2","0","0","0","3","","","N","","","","","","","","","",""
"2021033843","0205","1","0","0","0","0","0","0","0","0","7","0","","67","4","2021","3","39.986747","-75.207556","0205","6","0","0","0","0","0","0","0","0","","0","0","0","2","3","0","","1","0","39 59:12.288","","0","75 12:27.201","0","0","0","0","67301","0","0","0","N","0","0","0","1","67301","0","","2.0","","9","N","N","N","0","","0","0","0","3","2","","200","1","0","0","0","0","0","0","2","0","1","0","0","0","7","","","N","","","","","","","","","",""
"2021033401","1450","1","0","0","0","0","0","0","0","0","3","0","","67","4","2021","4","39.926139","-75.184414","1450","6","0","0","0","0","0","0","1","0","","0","0","0","14","1","2","N","0","0","39 55:34.100","","0","75 11:03.890","3","0","0","0","67301","0","0","0","N","0","0","0","3","67301","0","","9.0","","99","N","N","N","0","","1","0","1","0","0","","1430","2","2","1","0","0","1","0","2","0","2","0","0","0","4","","","N","","","","","","","","","",""
"2021015478","0624","1","0","0","0","0","0","0","0","0","6","0","","67","2","2021","6","39.985375","-75.212739","0617","6","0","0","0","0","0","0","0","0","","0","0","0","6","5","0","N","0","0","39 59:07.350","","0","75 12:45.860","0","0","0","0","67301","0","0","0","N","0","0","0","3","67301","0","","1.0","","1","N","N","N","1","","0","0","1","0","0","","606","3","0","0","0","0","0","0","2","0","3","0","0","0","3","03","","N","","","","","","","","","",""
"2021035530","0805","0","0","0","0","0","0","0","0","0","7","1","","67","4","2021","6","39.969808","-75.173797","0749","6","0","0","0","0","0","0","0","0","","0","1","0","7","1","0","N","0","0","39 58:11.310","","0","75 10:25.670","0","0","0","0","67301","0","0","0","N","0","0","0","2","67301","0","","5.0","","1","N","Y","N","0","","0","0","0","0","0","","740","1","0","0","0","0","0","0","2","0","1","0","0","0","3","03","","N","","","","","","","","","",""
"2021003041","0310","2","0","0","0","0","0","0","0","0","5","0","","67","1","2021","7","39.951472","-75.235111","0307","6","0","0","0","0","0","1","0","0","","0","0","0","1","3","0","N","0","0","39 57:05.300","","0","75 14:06.400","0","0","0","0","67301","0","0","0","N","0","0","0","1","67301","0","","6.0","","1","N","N","N","0","","0","0","0","0","0","","149","2","0","0","0","0","0","0","2","0","2","0","0","0","3","03","","N","","","","","","","","","",""
"2021035221","0109","0","0","0","0","0","0","0","0","0","7","0","","67","1","2021","7","39.98525","-75.14425","0109","6","0","0","0","0","0","1","0","0","","0","0","0","1","3","1","N","0","0","39 59:06.900","","0","75 08:39.300","2","0","0","0","67301","0","0","0","N","0","0","0","1","67301","0","","4.0","","1","N","N","Y","0","","0","1","1","0","0","","109","1","1","0","0","0","0","0","2","0","1","0","0","0","3","","","N","","","","","","","","","",""
"2021002268","1700","2","0","0","0","0","0","0","0","0","4","0","","67","1","2021","6","39.975644","-75.192006","1700","6","0","0","0","0","0","0","0","0","","0","0","0","18","6","1","","3","0","39 58:32.319","","0","75 11:31.223","4","0","0","0","67301","0","0","0","N","0","0","0","2","67301","1","","1.0","","7","N","N","N","0","","0","0","0","3","3","","1801","2","1","0","0","0","0","0","2","0","2","0","0","0","10","","","N","","","","","","","","","",""
"2021006016","0339","3","0","0","0","0","0","0","0","0","5","0","","67","1","2021","1","40.008167","-75.076306","0336","6","0","0","0","0","0","0","0","0","","0","0","0","2","3","0","N","0","0","40 00:29.400","","0","75 04:34.700","0","0","0","0","67301","0","0","0","N","0","0","0","1","67301","0","","6.0","","1","N","N","N","0","","0","0","0","0","0","","245","3","0","0","0","0","0","0","2","0","3","0","0","0","3","03","","N","","","","","","","","","",""
"2021007742","1325","1","0","0","0","0","0","0","0","0","5","0","","67","1","2021","6","40.030414","-75.118294","1324","6","0","0","0","0","0","0","0","0","","0","0","0","23","6","0","N","0","0","40 01:49.491","","0","75 07:05.860","9","0","0","0","67301","0","0","0","N","0","0","0","3","67301","0","","1.0","","99","N","N","N","0","","0","0","2","0","0","","2358","3","0","0","0","0","0","1","2","0","3","0","0","0","99","98","","N","","","","","","","","","",""
"2021008216","1154","1","0","0","0","0","0","0","0","0","1","0","","67","1","2021","4","39.908529","-75.149209","1151","6","0","0","0","0","0","0","0","1","","0","0","0","11","1","1","N","0","1","39 54:30.704","1","0","75 08:57.154","3","0","0","0","67301","0","0","0","N","0","0","0","3","68K01","0","","1.0","1300.0","1","N","N","N","0","","1","0","1","0","0","N","1142","2","1","0","0","0","0","0","2","0","2","0","0","0","2","","","N","","","","","","","","","",""
"2021014071","1718","0","0","0","0","0","0","0","0","0","7","0","35","67","2","2021","1","","","1718","6","0","0","0","0","0","0","0","0","","0","0","0","17","1","1","N","0","0","","","3","","3","0","0","0","67301","0","0","0","N","0","0","0","1","67501","0","","5.0","","2","N","N","N","0","","1","0","1","0","0","","1718","1","1","0","0","0","0","0","1","0","1","0","0","0","3","03","N","Y","5","1","","","N","","","","Y","N"
"2021010642","1946","0","0","0","0","0","0","0","0","0","4","0","","67","1","2021","1","39.938213","-75.198722","1944","6","0","0","0","0","0","0","0","0","","0","0","0","19","3","1","","1","2","39 56:17.565","2","0","75 11:55.398","3","0","0","0","67301","0","0","0","N","0","0","0","2","67301","0","","1.0","2000.0","1","N","N","N","0","","1","0","2","3","2","N","1940","2","1","2","0","0","0","0","2","0","2","0","0","0","3","03","","N","","","","","","","","","",""
"2021041071","1330","2","0","0","0","0","0","0","0","0","2","0","","67","5","2021","5","40.055925","-75.158564","1330","6","0","0","0","0","0","1","0","0","","0","0","0","13","1","2","N","0","0","40 03:21.330","","7","75 09:30.830","3","0","0","0","67301","0","0","0","N","0","0","0","2","67301","0","","1.0","","1","N","N","N","0","","2","0","0","0","0","","1315","2","2","0","0","0","0","0","2","0","2","0","0","0","3","","","N","","","","","","","","","",""
"2021039137","1605","1","0","0","0","0","0","1","0","0","4","1","","67","4","2021","2","39.97507","-75.23338","1557","6","0","0","0","0","0","0","0","0","","0","0","0","15","1","2","","1","0","39 58:30.252","","0","75 14:00.168","4","0","0","0","67301","0","0","0","N","0","0","0","4","67508","1","","1.0","","1","N","N","Y","0","","0","0","0","3","3","","1557","2","2","0","0","0","1","0","2","0","2","0","0","0","3","03","","N","","","","","","","","","",""
"2021039844","0815","1","0","0","0","0","0","0","0","0","5","1","","67","4","2021","6","39.966606","-75.134762","0800","6","0","0","0","0","0","0","1","0","","0","1","0","7","1","1","N","0","1","39 57:59.781","1","0","75 08:05.144","8","0","0","0","67301","0","0","0","N","0","0","0","2","68K01","0","","1.0","835.0","1","N","N","N","0","","0","0","0","0","0","N","756","2","1","0","0","0","1","0","2","0","2","0","0","0","3","","","N","","","","","","","","","",""
"2021014687","0930","2","0","0","0","0","0","0","0","0","5","0","","67","2","2021","6","39.917183","-75.246303","0930","6","0","0","0","0","0","0","0","0","","0","0","0","9","1","1","","1","0","39 55:01.859","","0","75 14:46.691","3","0","0","0","67301","0","0","0","N","0","0","0","3","67301","0","","1.0","","1","N","N","N","0","","1","0","0","0","0","","930","2","1","2","0","0","0","0","2","0","2","0","0","0","3","98","","N","","","","","","","","","",""
"2021007738","1241","1","0","0","0","0","0","0","0","0","5","0","","67","1","2021","7","40.006109","-75.114871","1226","6","0","0","0","0","0","0","0","0","","0","0","0","11","1","2","N","0","0","40 00:21.991","","0","75 06:53.534","3","0","0","0","67301","0","0","0","N","0","0","0","3","67301","0","","1.0","","1","N","N","N","0","","2","0","1","0","0","","1113","2","2","1","0","0","0","1","2","0","2","0","0","0","3","03","","N","","","","","","","","","",""
"2021006409","1358","1","0","0","0","0","0","0","0","0","4","0","","67","1","2021","3","40.035496","-75.178766","1354","6","0","0","0","0","0","0","0","0","","0","0","0","13","1","1","","1","2","40 02:07.785","4","0","75 10:43.557","3","0","0","0","67301","0","0","0","N","0","0","0","2","67301","0","","1.0","1530.0","1","N","N","N","0","","1","0","2","3","2","Y","1350","3","1","0","0","0","0","0","2","0","3","0","0","0","3","03","","N","","","","","","","","","",""
"2021006054","0856","2","0","0","0","0","0","0","0","0","1","0","","67","1","2021","4","40.027597","-75.150469","0855","6","0","0","0","0","0","0","1","0","","0","0","0","8","1","1","N","0","0","40 01:39.350","","0","75 09:01.690","3","0","0","0","67301","0","0","0","N","0","0","0","3","67301","0","","1.0","","1","N","N","N","0","","1","0","1","0","0","","850","3","1","0","0","0","0","0","2","0","3","0","0","0","3","03","","N","","","","","","","","","",""
"2021008227","0803","1","0","0","0","0","0","0","0","0","1","0","","67","1","2021","5","39.996529","-75.082658","0744","6","0","0","0","0","0","1","0","0","","0","0","0","7","1","0","N","0","1","39 59:47.505","2","0","75 04:57.570","0","0","0","0","67301","0","0","0","N","0","0","0","5","68K01","0","","1.0","30.0","1","N","N","N","0","","0","0","1","0","0","N","740","3","0","0","0","0","0","0","2","1","3","0","0","0","3","","","N","","","","","","","","","",""
"2021007726","1655","2","0","0","0","0","0","0","0","0","4","0","","67","1","2021","6","40.054223","-75.235999","1655","6","0","0","0","0","0","1","0","0","","0","0","0","16","1","2","N","0","2","40 03:15.202","5","7","75 14:09.598","3","0","0","0","67301","0","0","0","N","0","0","0","3","67301","0","","1.0","1810.0","1","N","N","N","0","","2","0","0","0","0","Y","1654","2","2","0","0","0","0","1","2","0","2","0","0","0","4","","","N","","","","","","","","","",""
"2021015076","2207","1","0","0","0","0","0","0","0","0","7","0","","67","1","2021","7","39.968452","-75.129317","2155","6","0","0","0","0","0","0","0","0","","0","0","0","21","3","0","N","0","0","39 58:06.428","","0","75 07:45.540","0","0","0","0","67301","0","0","0","N","0","0","0","1","68K01","0","","3.0","","1","N","N","N","0","","0","0","0","0","0","","2154","1","0","0","0","0","0","0","2","0","1","0","0","0","3","03","","N","","","","","","","","","",""
"2021009425","2206","1","0","0","0","0","0","0","0","0","7","0","","67","1","2021","3","39.998875","-75.18757","2205","6","0","0","0","0","0","1","0","0","","0","0","0","22","3","0","N","0","1","39 59:55.949","2","0","75 11:15.253","0","0","0","0","67301","0","0","0","N","0","0","0","1","67301","0","","4.0","806.0","1","N","N","N","0","","0","0","0","0","0","N","2200","1","0","0","0","0","0","0","2","0","1","0","0","0","3","03","","N","","","","","","","","","",""
"2021012804","2027","1","0","0","0","0","0","0","0","0","2","0","","67","2","2021","7","39.972345","-75.166276","2021","6","0","0","0","0","0","0","0","0","","0","0","0","20","3","1","N","0","1","39 58:20.441","4","0","75 09:58.592","8","0","0","0","67301","0","0","0","N","0","0","0","3","67301","0","","1.0","2046.0","1","N","N","N","0","","0","0","1","3","2","N","2020","2","1","0","0","0","1","0","2","0","2","0","0","0","3","","","N","","","","","","","","","",""
"2021001221","2305","0","0","0","0","0","0","0","0","0","7","0","","67","1","2021","1","40.039055","-75.008499","2132","6","0","0","0","0","0","0","0","0","","0","0","0","21","3","0","N","0","0","40 02:20.597","","0","75 00:30.596","9","0","0","0","67301","0","0","0","N","0","0","0","1","68K01","0","","3.0","","9","N","N","N","0","","0","0","1","0","0","","2130","1","0","0","0","0","0","1","2","0","1","0","0","0","7","07","","N","","","","","","","","","",""
"2021035509","1221","0","0","0","0","0","0","0","0","0","8","0","","67","2","2021","2","39.951635","-75.158079","1220","6","0","0","0","0","0","0","0","0","","0","0","0","12","1","1","N","0","0","39 57:05.885","","0","75 09:29.085","3","0","0","0","67301","1","0","0","N","1","0","0","2","67301","0","","1.0","","1","N","N","N","0","","1","0","1","0","0","","1210","2","1","0","0","0","0","0","2","0","1","1","0","0","3","03","","N","","","","","","","","","",""
"2021013634","1415","0","0","0","0","0","0","0","0","0","5","0","","67","2","2021","2","40.039833","-75.12975","1415","6","0","0","0","0","1","0","0","0","","0","0","0","14","1","1","N","0","0","40 02:23.400","","0","75 07:47.100","8","0","0","0","67301","0","0","0","N","0","0","0","2","67301","0","","1.0","","99","N","N","N","0","","0","0","2","0","0","","1415","2","1","0","0","0","1","0","2","0","2","0","0","0","99","","","N","","","","","","","","","",""
"2021008996","2318","4","0","0","0","0","0","0","0","0","4","0","","67","1","2021","3","39.948839","-75.238755","2317","6","0","0","0","0","0","0","0","0","","0","0","0","23","3","0","","1","0","39 56:55.820","","0","75 14:19.517","9","0","0","0","67301","0","0","0","N","0","0","0","3","67301","0","","1.0","","9","N","N","N","0","","0","0","0","3","3","","2300","6","0","0","0","0","0","1","2","2","6","0","0","0","3","","","N","","","","","","","","","",""
"2021014691","1045","2","0","0","0","0","0","0","0","0","4","0","","67","2","2021","7","39.926406","-75.230502","1045","6","0","0","0","0","0","0","0","0","","0","0","0","10","1","1","","1","0","39 55:35.061","","0","75 13:49.807","3","0","0","0","67301","0","0","0","N","0","0","0","3","67301","0","","1.0","","1","N","N","N","0","","1","0","0","3","2","","1045","2","1","0","0","0","0","0","2","0","2","0","0","0","3","","","N","","","","","","","","","",""
"2021027508","1934","1","0","0","0","0","0","0","0","0","4","0","","67","3","2021","3","40.038144","-75.037191","1925","6","0","0","0","0","0","0","0","0","","0","0","0","19","4","0","","2","0","40 02:17.317","","0","75 02:13.888","0","0","0","0","67301","0","0","0","N","0","0","0","2","67301","0","","1.0","","1","N","N","N","0","","0","0","0","3","3","","1900","2","0","0","0","0","0","0","2","1","2","0","0","0","3","03","","N","","","","","","","","","",""
"2021041573","0125","0","0","0","0","0","0","0","0","0","1","1","","67","5","2021","6","39.899664","-75.241981","0114","6","0","0","0","0","0","0","0","0","","0","1","0","0","3","0","N","0","0","39 53:58.790","","0","75 14:31.130","0","0","0","0","67301","0","0","0","N","0","0","0","2","67301","0","","1.0","","1","N","N","N","0","","0","0","1","0","0","","53","2","0","1","0","0","0","0","2","0","2","0","0","0","3","03","","N","","","","","","","","","",""
"2021013753","0935","0","0","0","0","0","0","0","0","0","4","0","","67","2","2021","7","39.958286","-75.164069","0930","6","0","0","0","0","0","2","0","0","","0","0","0","9","1","1","","1","0","39 57:29.829","","3","75 09:50.647","3","0","0","0","67301","0","0","0","N","0","0","0","2","67301","0","","1.0","","1","N","N","N","0","","1","0","2","3","2","","930","2","1","0","0","0","0","0","2","0","2","0","0","0","3","","","N","","","","","","","","","",""
"2021014693","0045","1","0","0","0","0","0","0","0","0","4","0","","67","2","2021","1","39.937343","-75.217626","0045","6","0","0","0","0","0","0","0","0","","0","0","0","0","3","1","","1","0","39 56:14.434","","0","75 13:03.453","3","0","0","0","67301","0","0","0","N","0","0","0","5","67301","0","","1.0","","1","N","N","N","0","","1","0","1","3","3","","10","2","1","2","0","0","0","0","2","0","2","0","0","0","3","03","","N","","","","","","","","","",""
"2021005968","1739","1","0","0","0","0","0","0","0","0","4","0","","67","1","2021","5","40.081222","-75.080694","1709","6","0","0","1","0","0","0","0","0","","0","0","0","17","3","1","","2","0","40 04:52.400","","0","75 04:50.500","3","0","0","0","67301","0","0","0","N","0","0","0","2","67301","0","","1.0","","1","N","N","N","0","","1","0","1","3","3","","1700","2","1","2","0","0","0","0","2","0","2","0","0","0","3","03","","N","","","","","","","","","",""
"2021010412","0004","0","0","0","0","0","0","0","0","0","5","0","45","67","1","2021","7","40.015208","-75.053673","2351","6","0","0","0","0","0","0","0","0","","0","0","0","23","3","1","N","0","2","40 00:54.749","1","0","75 03:13.223","8","0","0","0","67301","0","0","0","N","0","0","0","3","68K01","0","","1.0","100.0","1","N","N","N","0","","0","0","2","0","0","N","2348","2","1","0","0","0","1","0","2","0","2","0","0","0","3","","N","Y","4","1","","","N","","Y","","","N"
"2021006316","2214","1","0","0","0","0","0","0","0","0","7","0","","67","1","2021","6","40.030137","-75.022138","2214","6","0","0","1","0","0","0","0","0","","0","0","0","22","3","1","N","0","0","40 01:48.493","","3","75 01:19.695","4","0","0","0","67301","0","0","0","N","0","0","0","1","68K01","1","","3.0","","9","N","N","N","0","","0","0","0","0","0","","2214","1","1","0","0","0","0","0","2","0","1","0","0","0","7","","","N","","","","","","","","","",""
"2021012160","0044","2","0","0","0","0","0","0","0","0","1","0","","67","2","2021","6","40.030316","-75.087748","0038","6","0","0","0","0","0","0","0","0","","0","0","0","0","3","0","Y","0","0","40 01:49.138","","0","75 05:15.892","0","0","0","0","67301","0","0","0","N","0","0","0","7","67301","0","","1.0","","1","N","N","N","0","","0","0","1","3","2","","23","3","0","0","0","0","0","0","2","0","3","0","0","0","3","03","","N","","","","","","","","","",""
"2021035624","0912","2","0","1","0","0","0","0","0","0","4","0","","67","4","2021","2","40.027807","-75.176053","0910","6","0","0","0","0","0","0","2","0","","0","0","0","9","1","2","","1","0","40 01:40.105","","0","75 10:33.790","2","0","0","0","67301","0","0","0","N","0","0","0","2","67301","0","","1.0","","1","N","N","N","0","","1","1","0","3","3","","905","2","2","0","0","0","0","0","2","0","2","0","0","0","3","","","N","","","","","","","","","",""
"2021014374","0654","0","0","0","0","0","0","0","0","0","7","0","","67","2","2021","2","39.990359","-75.086385","0546","6","0","0","0","0","0","0","0","0","","0","0","0","5","3","0","N","0","1","39 59:25.291","1","2","75 05:10.986","9","0","0","0","67301","0","0","0","Y","0","0","0","1","68K01","0","","2.0","706.0","6","N","N","N","0","","0","0","1","0","0","N","546","1","0","0","0","0","0","1","2","0","1","0","0","0","6","10","","N","","","","","","","","","",""
"2021012665","1114","1","0","0","0","0","0","0","0","0","7","0","","67","1","2021","1","39.911134","-75.148513","1105","6","0","0","0","0","1","0","0","0","","0","0","0","11","1","1","N","0","2","39 54:40.083","1","8","75 08:54.648","3","0","0","0","67301","0","0","0","N","0","0","0","1","68K01","0","","2.0","20.0","5","N","N","N","0","","1","0","0","0","0","N","1102","1","1","0","0","0","0","0","2","0","1","0","0","0","3","03","","N","","","","","","","","","",""
"2021013184","0926","1","0","0","0","0","0","0","0","0","4","0","","67","2","2021","2","40.050579","-75.142107","0926","6","0","0","0","0","0","1","0","0","","0","0","0","2","6","0","","1","0","40 03:02.085","","0","75 08:31.586","9","0","0","0","67301","0","0","0","N","0","0","0","2","67301","0","","1.0","","99","N","N","N","0","","0","0","0","3","2","","200","2","0","1","0","0","0","1","2","0","2","0","0","0","3","","","N","","","","","","","","","",""