"CRN","ARRIVAL_TM","AUTOMOBILE_COUNT","BELTED_DEATH_COUNT","BELTED_SUSP_SERIOUS_INJ_COUNT","BICYCLE_COUNT","BICYCLE_DEATH_COUNT","BICYCLE_SUSP_SERIOUS_INJ_COUNT","BUS_COUNT","CHLDPAS_DEATH_COUNT","CHLDPAS_SUSP_SERIOUS_INJ_COUNT","COLLISION_TYPE","COMM_VEH_COUNT","CONS_ZONE_SPD_LIM","COUNTY","CRASH_MONTH","CRASH_YEAR","DAY_OF_WEEK","DEC_LATITUDE","DEC_LONGITUDE","DISPATCH_TM","DISTRICT","DRIVER_COUNT_16YR","DRIVER_COUNT_17YR","DRIVER_COUNT_18YR","DRIVER_COUNT_19YR","DRIVER_COUNT_20YR","DRIVER_COUNT_50_64YR","DRIVER_COUNT_65_74YR","DRIVER_COUNT_75PLUS","EST_HRS_CLOSED","FATAL_COUNT","HEAVY_TRUCK_COUNT","HORSE_BUGGY_COUNT","HOUR_OF_DAY","ILLUMINATION","INJURY_COUNT","INTERSECTION_RELATED","INTERSECT_TYPE","LANE_CLOSED","LATITUDE","LN_CLOSE_DIR","LOCATION_TYPE","LONGITUDE","MAX_SEVERITY_LEVEL","MCYCLE_DEATH_COUNT","MCYCLE_SUSP_SERIOUS_INJ_COUNT","MOTORCYCLE_COUNT","MUNICIPALITY","NONMOTR_COUNT","NONMOTR_DEATH_COUNT","NONMOTR_SUSP_SERIOUS_INJ_COUNT","NTFY_HIWY_MAINT","PED_COUNT","PED_DEATH_COUNT","PED_SUSP_SERIOUS_INJ_COUNT","PERSON_COUNT","POLICE_AGCY","POSSIBLE_INJ_COUNT","RDWY_SURF_TYPE_CD","RELATION_TO_ROAD","ROADWAY_CLEARED","ROAD_CONDITION","SCH_BUS_IND","SCH_ZONE_IND","SECONDARY_CRASH","SMALL_TRUCK_COUNT","SPEC_JURIS_CD","SUSP_MINOR_INJ_COUNT","SUSP_SERIOUS_INJ_COUNT","SUV_COUNT","TCD_FUNC_CD","TCD_TYPE","TFC_DETOUR_IND","TIME_OF_DAY","TOTAL_UNITS","TOT_INJ_COUNT","UNBELTED_OCC_COUNT","UNB_DEATH_COUNT","UNB_SUSP_SERIOUS_INJ_COUNT","UNK_INJ_DEG_COUNT","UNK_INJ_PER_COUNT","URBAN_RURAL","VAN_COUNT","VEHICLE_COUNT","VULNERABLE_ROAD_USER_COUNT","VULNERABLE_ROAD_USER_DEATH_COUNT","VULNERABLE_ROAD_USER_SER_INJ_COUNT","WEATHER1","WEATHER2","WORKERS_PRES","WORK_ZONE_IND","WORK_ZONE_LOC","WORK_ZONE_TYPE","WZ_CLOSE_DETOUR","WZ_FLAGGER","WZ_LAW_OFFCR_IND","WZ_LN_CLOSURE","WZ_MOVING","WZ_OTHER","WZ_SHLDER_MDN","WZ_WORKERS_INJ_KILLED"
"2021035524","1130","0","0","0","0","0","0","0","0","0","4","1","","67","4","2021","2","40.108825","-75.001575","1124","6","0","0","0","0","0","1","0","0","","0","1","0","11","1","1","N","0","1","40 06:31.770","3","7","75 00:05.670","8","0","0","0","67301","0","0","0","N","0","0","0","2","67301","0","","1.0","30.0","1","N","N","N","0","","0","0","1","0","0","N","1115","2","1","1","0","0","1","0","2","0","2","0","0","0","4","","","N","","","","","","","","","",""
"2021003754","0945","0","0","0","0","0","0","0","0","0","5","0","","67","1","2021","2","39.998916","-75.13239","0941","6","0","0","0","0","0","0","0","0","","0","0","0","9","1","1","N","0","0","39 59:56.096","","0","75 07:56.604","3","0","0","0","67301","0","0","0","N","0","0","0","1","67301","0","","6.0","","1","N","N","N","0","","1","0","3","0","0","","940","3","1","0","0","0","0","0","2","0","3","0","0","0","3","03","","N","","","","","","","","","",""
"2021014762","0936","0","0","0","0","0","0","0","0","0","7","0","","67","2","2021","2","39.959769","-75.140433","0932","6","0","0","0","0","0","0","0","0","","0","0","0","9","1","1","N","0","1","39 57:35.167","1","0","75 08:25.560","8","0","0","0","67301","0","0","0","N","0","0","0","1","68K01","0","","3.0","944.0","9","N","N","N","0","","0","0","1","0","0","N","931","1","1","0","0","0","1","0","2","0","1","0","0","0","10","","","N","","","","","","","","","",""
"2021035544","1639","2","0","0","0","0","0","0","0","0","5","0","","67","4","2021","7","40.06925","-75.168797","1627","6","0","0","0","0","0","0","0","0","","0","0","0","16","1","1","N","0","2","40 04:09.300","5","0","75 10:07.670","3","0","0","0","67301","0","0","0","N","0","0","0","1","67301","0","","1.0","1645.0","1","N","N","N","0","","1","0","1","0","0","Y","1625","3","1","0","0","0","0","0","2","0","3","0","0","0","4","03","","N","","","","","","","","","",""
"2021001533","1816","0","0","0","0","0","0","0","0","0","7","0","","67","1","2021","1","40.03071","-75.021877","1803","6","0","0","0","0","0","0","0","0","","0","0","0","18","3","0","N","0","1","40 01:50.556","2","3","75 01:18.756","0","0","0","0","67301","0","0","0","N","0","0","0","1","68K01","0","","2.0","1840.0","9","N","N","N","1","","0","0","0","0","0","N","1802","1","0","0","0","0","0","0","2","0","1","0","0","0","7","07","","N","","","","","","","","","",""
"2021013756","0930","0","0","0","0","0","0","0","0","0","1","0","","67","2","2021","2","39.945018","-75.198135","0930","6","0","0","0","0","0","0","0","0","","0","0","0","8","1","3","N","0","0","39 56:42.065","","0","75 11:53.286","4","0","0","0","67301","0","0","0","N","0","0","0","6","67301","2","","1.0","","1","N","N","N","1","","0","0","2","0","0","","850","3","3","0","0","0","1","2","2","0","3","0","0","0","3","03","","N","","","","","","","","","",""
"2021038474","1541","2","0","0","0","0","0","0","0","0","4","0","","67","4","2021","3","39.959471","-75.233172","1531","6","0","0","0","0","0","0","0","0","","0","1","0","15","1","3","","1","1","39 57:34.096","3","0","75 13:59.419","3","0","0","0","67301","0","0","0","N","0","0","0","3","67301","2","","1.0","1555.0","1","N","N","N","0","","1","0","1","3","2","N","1509","4","3","0","0","0","0","0","2","0","4","0","0","0","3","03","","N","","","","","","","","","",""
"2021014764","1056","0","0","0","0","0","0","0","0","0","7","0","","67","2","2021","2","39.919467","-75.147888","1043","6","0","0","0","0","0","0","0","0","","0","0","0","10","1","0","N","0","0","39 55:10.080","","3","75 08:52.397","0","0","0","0","67301","0","0","0","N","0","0","0","1","68K01","0","","2.0","","9","N","N","N","0","","0","0","1","0","0","","1038","1","0","0","0","0","0","0","2","0","1","0","0","0","10","","","N","","","","","","","","","",""
"2021010202","1620","2","0","0","0","0","0","0","0","0","5","0","","67","1","2021","1","40.13099","-75.013853","1603","6","0","0","0","0","0","1","0","0","","0","0","0","15","1","0","N","0","0","40 07:51.565","","0","75 00:49.871","0","0","0","0","67301","0","0","0","N","0","0","0","4","67301","0","","1.0","","7","N","N","Y","0","","0","0","1","0","0","","1558","4","0","0","0","0","0","0","2","1","4","0","0","0","10","06","","N","","","","","","","","","",""
"2021002642","0710","2","0","0","0","0","0","0","0","0","5","0","","67","1","2021","6","39.957335","-75.148931","0705","6","0","0","0","0","0","0","0","0","","0","0","0","7","1","0","N","0","0","39 57:26.405","","0","75 08:56.153","0","0","0","0","67301","0","0","0","N","0","0","0","2","67301","0","","1.0","","1","N","N","N","0","","0","0","0","0","0","","700","2","0","0","0","0","0","0","2","0","2","0","0","0","3","03","","N","","","","","","","","","",""
"2021009644","1707","3","0","0","0","0","0","0","0","0","1","0","99","67","1","2021","1","39.942981","-75.193006","1701","6","0","0","0","0","0","1","0","0","","0","0","0","16","1","4","N","0","2","39 56:34.733","4","0","75 11:34.821","4","0","0","0","67301","0","0","0","N","0","0","0","7","68K01","4","","1.0","45.0","1","N","N","N","0","","0","0","1","0","0","N","1658","4","4","0","0","0","0","0","2","0","4","0","0","0","3","","U","Y","4","1","","","U","Y","","","","N"
"2021000649","1555","0","0","0","0","0","0","0","0","0","1","0","","67","1","2021","7","39.988345","-75.18047","1548","6","0","0","0","0","0","1","0","0","","0","0","0","14","1","0","N","0","0","39 59:18.042","","0","75 10:49.691","0","0","0","1","67301","0","0","0","N","0","0","0","2","67301","0","","1.0","","1","N","N","N","0","","0","0","0","0","0","","1405","2","0","0","0","0","0","0","2","0","2","0","0","0","4","04","","N","","","","","","","","","",""
"2021041431","1745","0","0","0","0","0","0","0","0","0","5","1","","67","5","2021","5","39.898784","-75.172701","1713","6","0","0","0","0","0","0","0","0","","0","1","0","17","1","0","","6","2","39 53:55.623","1","2","75 10:21.724","0","0","0","0","67301","0","0","0","N","0","0","0","3","68K01","0","","7.0","100.0","1","N","N","N","0","","0","0","2","3","3","Y","1712","3","0","0","0","0","0","0","2","0","3","0","0","0","3","03","","N","","","","","","","","","",""
"2021009549","0209","0","0","0","0","0","0","0","0","0","7","0","","67","1","2021","6","40.009692","-75.187717","0207","6","0","0","1","0","0","0","0","0","","0","0","0","2","3","1","","7","2","40 00:34.890","2","2","75 11:15.780","3","0","0","0","67301","0","0","0","N","0","0","0","1","67301","0","","4.0","430.0","1","N","N","N","0","","1","0","1","0","0","Y","204","2","1","0","0","0","0","0","2","0","1","0","0","0","3","03","","N","","","","","","","","","",""
"2021035569","1503","0","0","0","0","0","0","0","0","0","1","0","","67","4","2021","1","39.97509","-75.194944","1503","6","0","0","0","0","1","1","0","0","","0","0","0","15","1","1","N","0","0","39 58:30.324","","0","75 11:41.797","4","0","0","0","67301","0","0","0","N","0","0","0","4","67301","1","","6.0","","1","N","N","N","0","","0","0","2","3","2","","1503","2","1","0","0","0","0","0","2","0","2","0","0","0","3","","","N","","","","","","","","","",""
"2021000930","0431","0","0","0","0","0","0","0","0","0","5","0","","67","1","2021","2","40.027591","-75.161271","0427","6","0","0","0","0","0","0","0","0","","0","0","0","4","3","2","N","0","0","40 01:39.328","","0","75 09:40.574","3","0","0","0","67301","0","0","0","N","0","0","0","2","67301","0","","6.0","","9","N","N","N","0","","2","0","2","0","0","","410","3","2","0","0","0","0","0","2","0","3","0","0","0","7","","","N","","","","","","","","","",""
"2021006410","1940","1","0","0","0","0","0","0","0","0","4","0","","67","1","2021","3","40.053182","-75.156711","1928","6","0","0","0","0","0","2","0","0","","0","0","0","18","3","1","","5","0","40 03:11.455","","0","75 09:24.159","3","0","0","0","67301","0","0","0","N","0","0","0","2","67301","0","","1.0","","1","N","N","N","0","","1","0","1","3","3","","1856","2","1","0","0","0","0","1","2","0","2","0","0","0","3","03","","N","","","","","","","","","",""
"2021012807","1820","1","0","0","0","0","0","0","0","0","4","0","","67","2","2021","7","40.034076","-75.12402","1759","6","0","0","0","0","0","0","0","0","","0","0","0","17","4","1","","1","0","40 02:02.673","","0","75 07:26.472","3","0","0","0","67301","0","0","0","N","0","0","0","2","67301","0","","1.0","","99","N","N","N","0","","1","0","1","3","3","","1708","2","1","0","0","0","0","0","2","0","2","0","0","0","3","","","N","","","","","","","","","",""
"2021010257","2132","1","0","0","0","0","0","0","0","0","5","0","","67","1","2021","7","40.032528","-75.136667","2125","6","0","0","0","0","0","0","0","0","","0","0","0","20","3","1","N","0","0","40 01:57.100","","0","75 08:12.000","4","0","0","0","67301","0","0","0","N","0","0","0","1","67301","1","","6.0","","1","N","N","N","0","","0","0","1","0","0","","2040","3","1","0","0","0","0","0","2","1","3","0","0","0","3","03","","N","","","","","","","","","",""
"2021010411","2342","2","0","0","0","0","0","0","0","0","5","0","","67","1","2021","7","39.934829","-75.199938","2320","6","0","0","0","0","0","1","0","0","","0","0","0","23","3","0","N","0","0","39 56:05.385","","0","75 11:59.776","0","0","0","0","67301","0","0","0","N","0","0","0","2","68K01","0","","1.0","","1","N","N","N","0","","0","0","0","0","0","","2313","2","0","0","0","0","0","0","2","0","2","0","0","0","3","","","N","","","","","","","","","",""
"2021009966","0804","1","0","0","0","0","0","0","0","0","1","0","","67","1","2021","6","39.925956","-75.231142","0756","6","0","0","0","0","0","0","0","0","","0","0","0","7","1","0","N","0","0","39 55:33.440","","0","75 13:52.110","9","0","0","0","67301","0","0","0","N","0","0","0","1","67301","0","","6.0","","1","N","N","N","0","","0","0","1","0","0","","743","3","0","0","0","0","0","1","2","1","3","0","0","0","3","03","","N","","","","","","","","","",""
"2021014699","0903","1","0","0","0","0","0","0","0","0","1","0","","67","2","2021","5","39.920075","-75.212978","0900","6","0","0","0","0","0","0","0","0","","0","0","0","8","1","0","N","0","0","39 55:12.270","","7","75 12:46.720","0","0","0","0","67301","0","0","0","N","0","0","0","2","67301","0","","1.0","","7","N","N","N","1","","0","0","0","0","0","","820","2","0","1","0","0","0","0","2","0","2","0","0","0","10","04","","N","","","","","","","","","",""
"2021002596","0214","1","0","0","0","0","0","0","0","0","7","0","","67","1","2021","6","40.061026","-75.190128","0208","6","0","0","0","0","0","0","0","0","","0","0","0","2","3","0","","2","0","40 03:39.695","","0","75 11:24.461","0","0","0","0","67301","0","0","0","N","0","0","0","1","67301","0","","5.0","","1","N","N","N","0","","0","0","0","3","2","","205","1","0","0","0","0","0","0","2","0","1","0","0","0","3","03","","N","","","","","","","","","",""
"2021009743","0307","1","0","0","0","0","0","0","0","0","5","0","","67","1","2021","6","40.030606","-75.141089","0305","6","0","0","0","0","0","0","0","0","","0","0","0","3","3","0","N","0","0","40 01:50.180","","0","75 08:27.920","0","0","0","0","67301","0","0","0","N","0","0","0","1","67301","0","","6.0","","1","N","N","N","1","","0","0","4","0","0","","303","6","0","0","0","0","0","0","2","0","6","0","0","0","3","","","N","","","","","","","","","",""
"2021035666","0959","1","0","0","0","0","0","0","0","0","1","0","","67","4","2021","5","39.958597","-75.167571","0946","6","0","0","0","0","0","0","0","0","","0","0","0","9","1","2","N","0","0","39 57:30.950","","0","75 10:03.255","8","0","0","0","67301","0","0","0","N","0","0","0","3","68K01","0","","1.0","","1","N","N","N","0","","0","0","1","0","0","","944","2","2","0","0","0","2","0","2","0","2","0","0","0","3","","","N","","","","","","","","","",""
"2021005997","1323","1","0","0","0","0","0","0","0","0","5","0","","67","1","2021","4","39.908281","-75.223102","1320","6","0","0","0","0","0","0","0","0","","0","0","0","13","1","6","N","0","0","39 54:29.810","","0","75 13:23.168","8","0","0","0","67301","0","0","0","N","0","0","0","6","67301","0","","1.0","","1","N","N","N","0","","0","0","1","3","2","","1307","2","6","0","0","0","6","0","2","0","2","0","0","0","3","03","","N","","","","","","","","","",""
"2021007294","1825","6","0","0","0","0","0","0","0","0","1","0","","67","1","2021","2","39.99235","-75.151061","1817","6","0","0","0","0","0","0","0","0","","0","0","0","18","3","0","N","0","0","39 59:32.460","","0","75 09:03.820","0","0","0","0","67301","0","0","0","N","0","0","0","2","67301","0","","1.0","","1","N","N","Y","0","","0","0","3","0","0","","1816","12","0","0","0","0","0","0","2","3","12","0","0","0","3","03","","N","","","","","","","","","",""
"2021003649","1710","0","0","0","0","0","0","0","0","0","7","0","","67","1","2021","2","39.926695","-75.149153","1707","6","0","0","0","0","0","0","1","0","","0","0","0","16","1","0","","1","0","39 55:36.101","","0","75 08:56.950","0","0","0","0","67301","0","0","0","N","0","0","0","1","67301","0","","5.0","","1","N","N","N","1","","0","0","0","3","3","","1626","1","0","0","0","0","0","0","2","0","1","0","0","0","3","","","N","","","","","","","","","",""
"2021002278","1225","2","0","0","0","0","0","0","0","0","4","0","","67","1","2021","1","40.043093","-75.044855","1220","6","0","0","0","0","0","0","0","0","","0","0","0","12","1","1","","1","0","40 02:35.134","","0","75 02:41.478","3","0","0","0","67301","0","0","0","N","0","0","0","4","67301","0","","1.0","","9","N","N","N","0","","1","0","0","3","2","","1213","2","1","0","0","0","0","0","2","0","2","0","0","0","7","03","","N","","","","","","","","","",""
"2021008758","2345","0","0","0","0","0","0","0","0","0","4","0","","67","1","2021","7","39.97705","-75.158143","2337","6","0","0","0","0","0","0","0","0","","0","0","0","22","3","1","N","0","0","39 58:37.380","","0","75 09:29.314","8","0","0","0","67301","0","0","0","N","0","0","0","2","67301","0","","1.0","","1","N","N","N","0","","0","0","1","0","0","","2254","2","1","0","0","0","1","0","2","0","2","0","0","0","3","03","","N","","","","","","","","","",""
"2021011794","0551","0","0","0","0","0","0","0","0","0","1","0","","67","2","2021","2","40.123541","-75.015353","0540","6","0","0","0","0","0","0","0","0","","0","0","0","5","3","1","","1","0","40 07:24.748","","0","75 00:55.269","8","0","0","0","67301","0","0","0","N","0","0","0","2","67301","0","","1.0","","7","N","N","N","0","","0","0","1","3","2","","535","2","1","0","0","0","1","1","2","1","2","0","0","0","10","09","","N","","","","","","","","","",""
"2021035553","1159","1","0","0","0","0","0","0","0","0","4","0","","67","4","2021","3","40.03156","-75.06329","1157","6","0","0","0","0","0","1","0","0","","0","0","0","11","1","1","","1","1","40 01:53.617","1","0","75 03:47.844","3","0","0","0","67301","0","0","0","N","0","0","0","2","67301","0","","1.0","1234.0","1","N","N","N","0","","1","0","1","3","2","Y","1157","2","1","0","0","0","0","0","2","0","2","0","0","0","3","","","N","","","","","","","","","",""
"2021014183","1248","2","0","0","0","0","0","0","0","0","5","0","","67","2","2021","4","39.986197","-75.141478","1244","6","0","0","0","0","0","0","0","0","","0","0","0","12","1","1","N","0","1","39 59:10.310","1","0","75 08:29.320","8","0","0","0","67301","0","0","0","N","0","0","0","1","67301","0","","6.0","1320.0","1","N","N","N","0","","0","0","0","0","0","N","1231","2","1","0","0","0","1","0","2","0","2","0","0","0","3","03","","N","","","","","","","","","",""
"2021037264","1735","1","0","0","0","0","0","0","0","0","1","1","","67","4","2021","6","39.915331","-75.147926","1726","6","0","0","0","0","0","0","1","0","","0","1","0","17","1","1","N","0","1","39 54:55.190","1","0","75 08:52.534","8","0","0","0","67301","0","0","0","N","0","0","0","2","68K01","0","","1.0","30.0","1","N","N","N","0","","0","0","0","0","0","N","1723","2","1","0","0","0","1","0","2","0","2","0","0","0","3","03","","N","","","","","","","","","",""
"2021033810","1843","0","0","0","0","0","0","0","0","0","8","1","","67","4","2021","3","39.951071","-75.165619","1840","6","0","0","0","0","0","0","0","0","","0","1","0","18","1","1","","1","0","39 57:03.856","","0","75 09:56.230","8","0","0","0","67301","1","0","0","N","1","0","0","2","67301","0","","1.0","","1","N","N","N","0","","0","0","0","0","0","","1835","2","1","0","0","0","1","0","2","0","1","1","0","0","3","03","","N","","","","","","","","","",""
"2021012477","1005","1","0","0","0","0","0","0","0","0","4","0","","67","2","2021","7","39.980954","-75.163155","0959","6","0","0","0","0","0","1","0","0","","0","0","0","9","1","1","","1","0","39 58:51.435","","0","75 09:47.359","3","0","0","0","67301","0","0","0","N","0","0","0","3","67301","0","","1.0","","1","N","N","N","0","","1","0","1","3","3","","952","2","1","0","0","0","0","1","2","0","2","0","0","0","3","","","N","","","","","","","","","",""
"2021007475","1614","2","0","0","0","0","0","0","0","0","5","0","","67","1","2021","4","39.956929","-75.212661","1614","6","0","0","0","0","0","0","0","0","","0","0","0","16","1","0","N","0","1","39 57:24.945","3","0","75 12:45.581","0","0","0","0","67301","0","0","0","N","0","0","0","1","67301","0","","6.0","1720.0","1","N","N","N","0","","0","0","0","0","0","N","1610","2","0","0","0","0","0","0","2","0","2","0","0","0","3","03","","N","","","","","","","","","",""
"2021008767","1310","1","0","0","0","0","0","0","0","0","4","0","","67","1","2021","5","40.004953","-75.178856","1310","6","0","0","0","0","0","0","0","0","","0","0","0","13","1","4","","5","0","40 00:17.830","","0","75 10:43.883","3","0","0","0","67301","0","0","0","N","0","0","0","5","67301","0","","1.0","","1","N","N","N","0","","4","0","1","3","2","","1310","2","4","0","0","0","0","0","2","0","2","0","0","0","3","","","N","","","","","","","","","",""
"2021010353","1330","0","0","0","0","0","0","0","0","0","1","0","","67","1","2021","6","40.019714","-75.148046","1330","6","0","0","0","0","0","2","0","0","","0","0","0","10","1","0","N","0","0","40 01:10.971","","0","75 08:52.966","0","0","0","0","67301","0","0","0","N","0","0","0","2","67301","0","","1.0","","1","N","N","N","2","","0","0","0","0","0","","1020","2","0","1","0","0","0","0","2","0","2","0","0","0","3","","","N","","","","","","","","","",""
"2021010254","1718","2","0","0","0","0","0","0","0","0","1","0","","67","1","2021","1","40.053161","-75.175181","1717","6","0","0","0","0","0","0","0","0","","0","0","0","12","1","0","N","0","0","40 03:11.380","","0","75 10:30.650","9","0","0","0","67301","0","0","0","N","0","0","0","1","67301","0","","6.0","","7","N","N","N","0","","0","0","0","0","0","","1230","2","0","0","0","0","0","1","2","0","2","0","0","0","10","10","","N","","","","","","","","","",""
"2021013180","1940","0","0","0","0","0","0","0","0","0","4","0","","67","2","2021","1","39.980821","-75.246611","1938","6","0","0","0","0","0","1","0","0","","0","0","0","19","3","1","","5","0","39 58:50.954","","0","75 14:47.798","3","0","0","0","67301","0","0","0","N","0","0","0","2","67301","0","","1.0","","2","N","N","N","0","","1","0","2","3","2","","1917","2","1","0","0","0","0","0","2","0","2","0","0","0","7","07","","N","","","","","","","","","",""
"2021002275","0056","1","0","0","0","0","0","0","0","0","7","0","","67","1","2021","5","40.04745","-75.158075","0054","6","0","0","0","0","0","0","0","0","","0","0","0","0","3","1","","1","0","40 02:50.820","","0","75 09:29.070","2","0","0","0","67301","0","0","0","N","0","0","0","1","67301","0","","4.0","","1","N","N","N","0","","0","1","0","3","2","","54","2","1","0","0","0","0","0","2","1","2","0","0","0","3","03","","N","","","","","","","","","",""
"2021014470","1554","3","0","0","0","0","0","0","0","0","8","0","","67","2","2021","5","39.964444","-75.234944","1554","6","0","0","0","0","0","0","0","0","","0","0","0","15","1","1","","2","2","39 57:52.000","2","0","75 14:05.800","3","0","0","0","67301","1","0","0","N","1","0","0","2","67301","0","","4.0","300.0","1","N","N","N","0","","1","0","0","0","0","Y","1554","4","1","0","0","0","0","0","2","0","3","1","0","0","3","03","","N","","","","","","","","","",""
"2021013590","0823","1","0","0","0","0","0","0","0","0","7","0","","67","2","2021","1","39.960796","-75.18158","0815","6","0","0","0","0","0","0","0","0","","0","0","0","8","1","0","N","0","1","39 57:38.865","4","3","75 10:53.688","0","0","0","0","67301","0","0","0","N","0","0","0","1","68K01","0","","2.0","845.0","9","N","N","N","0","","0","0","0","0","0","N","814","1","0","0","0","0","0","0","2","0","1","0","0","0","10","","","N","","","","","","","","","",""
"2021013183","0058","1","0","0","0","0","0","0","0","0","1","0","","67","2","2021","2","40.037514","-75.132914","0054","6","0","0","0","0","0","0","0","0","","0","0","0","0","3","1","N","0","2","40 02:15.050","6","0","75 07:58.490","3","0","0","0","67301","0","0","0","N","0","0","0","1","67301","0","","1.0","224.0","2","N","N","N","0","","1","0","1","0","0","N","51","2","1","0","0","0","0","0","2","0","2","0","0","0","10","10","","N","","","","","","","","","",""
"2021018142","1501","1","0","0","0","0","0","0","0","0","1","0","55","67","2","2021","6","39.89871","-75.171186","1437","6","0","0","0","0","0","0","0","0","","0","0","0","14","1","0","N","0","2","39 53:55.356","1","0","75 10:16.270","0","0","0","0","67301","0","0","0","N","0","0","0","2","68K01","0","","1.0","1521.0","1","N","N","Y","0","","0","0","1","0","0","N","1434","2","0","0","0","0","0","0","2","0","2","0","0","0","3","03","N","Y","4","1","","","N","","","Y","Y","N"
"2021002787","1655","4","0","0","0","0","0","0","0","0","4","0","","67","1","2021","6","39.955152","-75.19832","1655","6","0","0","0","0","0","1","0","0","","0","0","0","16","4","2","","1","0","39 57:18.548","","0","75 11:53.953","4","0","0","0","67301","0","0","0","N","0","0","0","4","67504","1","","1.0","","1","N","N","N","0","","0","0","0","3","2","","1655","4","2","0","0","0","1","0","2","0","4","0","0","0","3","03","","N","","","","","","","","","",""
"2021040287","1111","3","0","0","0","0","0","0","0","0","4","0","","67","4","2021","5","39.996095","-75.082987","1100","6","0","0","0","0","0","0","0","0","","0","0","0","10","1","1","N","0","2","39 59:45.942","2","0","75 04:58.752","3","0","0","0","67301","0","0","0","N","0","0","0","4","68K01","0","","1.0","1150.0","1","N","N","N","0","","1","0","0","0","0","N","1059","3","1","0","0","0","0","0","2","0","3","0","0","0","4","03","","N","","","","","","","","","",""
"2021003423","1635","1","0","0","0","0","0","0","0","0","2","0","","67","1","2021","1","39.98775","-75.146","1630","6","0","0","0","0","0","0","0","0","","0","0","0","0","6","0","N","0","0","39 59:15.900","","0","75 08:45.600","0","0","0","0","67301","0","0","0","N","0","0","0","1","67301","0","","6.0","","1","N","N","N","0","","0","0","1","0","0","","2","2","0","0","0","0","0","0","2","0","2","0","0","0","3","03","","N","","","","","","","","","",""
"2021003627","1625","0","0","0","0","0","0","0","0","0","5","0","","67","1","2021","1","40.040023","-75.006515","1608","6","0","0","0","0","0","0","0","0","","0","0","0","16","1","1","N","0","2","40 02:24.084","2","0","75 00:23.453","8","0","0","0","67301","0","0","0","N","0","0","0","2","68K01","0","","1.0","1900.0","9","N","N","N","1","","0","0","0","0","0","N","1608","2","1","0","0","0","1","1","2","0","2","0","0","0","7","","","N","","","","","","","","","",""
"2021040343","1730","1","0","0","0","0","0","0","0","0","1","0","","67","5","2021","1","39.891942","-75.241906","1700","6","0","0","0","0","0","1","0","0","","0","0","0","15","1","2","","1","0","39 53:30.990","","0","75 14:30.862","3","0","0","0","67301","0","0","0","N","0","0","0","2","67301","0","","1.0","","1","N","N","N","0","","2","0","0","3","2","","1530","2","2","0","0","0","0","0","2","0","2","0","0","0","3","03","","N","","","","","","","","","",""
"2021005995","2251","0","0","0","0","0","0","0","0","0","4","0","","67","1","2021","7","39.919855","-75.227538","2245","6","0","0","0","0","0","0","0","0","","0","0","0","22","3","2","","1","0","39 55:11.478","","0","75 13:39.136","3","0","0","0","67301","0","0","0","N","0","0","0","3","67301","0","","1.0","","1","N","N","N","0","","2","0","2","3","2","","2235","2","2","0","0","0","0","0","2","0","2","0","0","0","3","03","","N","","","","","","","","","",""
"2021011512","1020","3","0","0","0","0","0","0","0","0","2","0","","67","1","2021","4","39.92735","-75.183071","1019","6","0","0","0","0","0","0","0","0","","0","0","0","10","1","1","N","1","2","39 55:38.460","4","0","75 10:59.055","3","0","0","0","67301","0","0","0","N","0","0","0","2","67301","0","","1.0","1138.0","1","N","N","N","0","","1","0","0","0","0","Y","1018","3","1","1","0","0","0","0","2","0","3","0","0","0","3","04","","N","","","","","","","","","",""
"2021006004","0323","2","0","0","0","0","0","0","0","0","6","0","","67","1","2021","6","40.076372","-75.177517","0320","6","0","0","0","0","0","0","0","0","","0","0","0","3","3","1","N","0","0","40 04:34.940","","0","75 10:39.060","3","0","0","0","67301","0","0","0","N","0","0","0","2","67301","0","","6.0","","1","N","N","Y","0","","1","0","2","0","0","","318","4","1","0","0","0","0","1","2","0","4","0","0","0","3","03","","N","","","","","","","","","",""
"2021012623","2102","0","0","0","0","0","0","0","0","0","1","0","","67","2","2021","3","40.052236","-75.175821","2102","6","0","0","0","0","0","1","0","0","","0","0","0","15","1","1","","1","0","40 03:08.049","","0","75 10:32.957","3","0","0","0","67301","0","0","0","N","0","0","0","3","67301","0","","1.0","","7","N","N","Y","0","","1","0","2","3","2","","1540","3","1","0","0","0","0","2","2","1","3","0","0","0","10","10","","N","","","","","","","","","",""
"2021022448","1605","2","0","0","0","0","0","0","0","0","4","0","","67","3","2021","7","39.972722","-75.204067","1558","6","0","0","0","0","0","0","0","1","","0","0","0","15","1","1","N","0","0","39 58:21.800","","0","75 12:14.640","3","0","0","0","67301","0","0","0","N","0","0","0","2","67301","0","","1.0","","1","N","N","N","0","","1","0","0","3","2","","1540","2","1","1","0","0","0","0","2","0","2","0","0","0","3","03","","N","","","","","","","","","",""
"2021002262","0930","1","0","0","0","0","0","0","0","0","4","0","","67","1","2021","2","40.036992","-75.07981","0923","6","0","0","0","0","0","0","0","0","","0","0","0","8","1","1","","1","0","40 02:13.172","","0","75 04:47.317","3","0","0","0","67301","0","0","0","N","0","0","0","1","67301","0","","1.0","","9","N","N","N","0","","1","0","1","3","2","","817","3","1","0","0","0","0","0","2","1","3","0","0","0","4","","","N","","","","","","","","","",""