"CRN","ARRIVAL_TM","AUTOMOBILE_COUNT","BELTED_DEATH_COUNT","BELTED_SUSP_SERIOUS_INJ_COUNT","BICYCLE_COUNT","BICYCLE_DEATH_COUNT","BICYCLE_SUSP_SERIOUS_INJ_COUNT","BUS_COUNT","CHLDPAS_DEATH_COUNT","CHLDPAS_SUSP_SERIOUS_INJ_COUNT","COLLISION_TYPE","COMM_VEH_COUNT","CONS_ZONE_SPD_LIM","COUNTY","CRASH_MONTH","CRASH_YEAR","DAY_OF_WEEK","DEC_LATITUDE","DEC_LONGITUDE","DISPATCH_TM","DISTRICT","DRIVER_COUNT_16YR","DRIVER_COUNT_17YR","DRIVER_COUNT_18YR","DRIVER_COUNT_19YR","DRIVER_COUNT_20YR","DRIVER_COUNT_50_64YR","DRIVER_COUNT_65_74YR","DRIVER_COUNT_75PLUS","EST_HRS_CLOSED","FATAL_COUNT","HEAVY_TRUCK_COUNT","HORSE_BUGGY_COUNT","HOUR_OF_DAY","ILLUMINATION","INJURY_COUNT","INTERSECTION_RELATED","INTERSECT_TYPE","LANE_CLOSED","LATITUDE","LN_CLOSE_DIR","LOCATION_TYPE","LONGITUDE","MAX_SEVERITY_LEVEL","MCYCLE_DEATH_COUNT","MCYCLE_SUSP_SERIOUS_INJ_COUNT","MOTORCYCLE_COUNT","MUNICIPALITY","NONMOTR_COUNT","NONMOTR_DEATH_COUNT","NONMOTR_SUSP_SERIOUS_INJ_COUNT","NTFY_HIWY_MAINT","PED_COUNT","PED_DEATH_COUNT","PED_SUSP_SERIOUS_INJ_COUNT","PERSON_COUNT","POLICE_AGCY","POSSIBLE_INJ_COUNT","RDWY_SURF_TYPE_CD","RELATION_TO_ROAD","ROADWAY_CLEARED","ROAD_CONDITION","SCH_BUS_IND","SCH_ZONE_IND","SECONDARY_CRASH","SMALL_TRUCK_COUNT","SPEC_JURIS_CD","SUSP_MINOR_INJ_COUNT","SUSP_SERIOUS_INJ_COUNT","SUV_COUNT","TCD_FUNC_CD","TCD_TYPE","TFC_DETOUR_IND","TIME_OF_DAY","TOTAL_UNITS","TOT_INJ_COUNT","UNBELTED_OCC_COUNT","UNB_DEATH_COUNT","UNB_SUSP_SERIOUS_INJ_COUNT","UNK_INJ_DEG_COUNT","UNK_INJ_PER_COUNT","URBAN_RURAL","VAN_COUNT","VEHICLE_COUNT","VULNERABLE_ROAD_USER_COUNT","VULNERABLE_ROAD_USER_DEATH_COUNT","VULNERABLE_ROAD_USER_SER_INJ_COUNT","WEATHER1","WEATHER2","WORKERS_PRES","WORK_ZONE_IND","WORK_ZONE_LOC","WORK_ZONE_TYPE","WZ_CLOSE_DETOUR","WZ_FLAGGER","WZ_LAW_OFFCR_IND","WZ_LN_CLOSURE","WZ_MOVING","WZ_OTHER","WZ_SHLDER_MDN","WZ_WORKERS_INJ_KILLED"
"2021013551","2001","0","0","0","0","0","0","0","0","0","7","0","","67","1","2021","1","39.950241","-75.141692","1959","6","0","0","0","0","0","0","0","0","","0","0","0","19","3","0","N","0","0","39 57:00.866","","0","75 08:30.090","0","0","0","0","67301","0","0","0","N","0","0","0","1","68K01","0","","3.0","","6","N","N","N","0","","0","0","1","0","0","","1955","1","0","0","0","0","0","0","2","0","1","0","0","0","10","","","N","","","","","","","","","",""
"2021035497","1825","0","0","0","0","0","0","0","0","0","8","0","","67","4","2021","6","40.035471","-75.108507","1758","6","0","0","0","0","0","0","0","0","","0","0","0","17","1","1","N","0","0","40 02:07.695","","99","75 06:30.624","3","0","0","0","67301","1","0","0","N","1","0","0","1","67301","0","","1.0","","1","N","N","N","1","","1","0","0","0","0","","1757","2","1","0","0","0","0","0","2","0","1","1","0","0","4","","","N","","","","","","","","","",""
"2021041798","1659","0","0","0","0","0","0","0","0","0","1","0","","67","5","2021","5","39.924561","-75.147338","1645","6","0","0","0","0","0","1","0","0","","0","0","0","16","1","2","N","0","1","39 55:28.419","2","0","75 08:50.417","8","0","0","0","67301","0","0","0","N","0","0","0","2","68K01","0","","1.0","1620.0","1","N","N","N","0","","0","0","2","0","0","N","1643","2","2","0","0","0","2","0","2","0","2","0","0","0","3","","","N","","","","","","","","","",""
"2021009973","0043","1","0","0","0","0","0","0","0","0","4","0","","67","1","2021","1","40.002789","-75.137842","0043","6","0","0","0","0","0","0","0","0","","0","0","0","0","3","0","","1","0","40 00:10.040","","0","75 08:16.231","0","0","0","0","67301","0","0","0","N","0","0","0","4","67301","0","","1.0","","1","N","N","N","0","","0","0","1","3","2","","43","2","0","0","0","0","0","0","2","0","2","0","0","0","3","03","","N","","","","","","","","","",""
"2021006505","1046","1","0","0","0","0","0","0","0","0","8","0","","67","1","2021","2","39.999745","-75.138532","1045","6","0","0","0","0","0","0","0","0","","0","0","0","10","1","1","","1","0","39 59:59.082","","0","75 08:18.715","2","0","0","0","67301","1","0","1","N","1","0","1","2","67301","0","","1.0","","1","N","N","N","0","","0","1","0","3","2","","1030","2","1","1","0","0","0","0","2","0","1","1","0","1","3","03","","N","","","","","","","","","",""
"2021006035","0850","1","0","0","0","0","0","0","0","0","4","0","","67","1","2021","5","39.992316","-75.18455","0845","6","0","0","0","0","0","1","0","0","","0","0","0","8","3","2","","1","0","39 59:32.337","","0","75 11:04.379","3","0","0","0","67301","0","0","0","N","0","0","0","3","67301","0","","1.0","","1","N","N","N","0","","2","0","1","3","3","","830","2","2","0","0","0","0","0","2","0","2","0","0","0","3","03","","N","","","","","","","","","",""
"2021013858","1731","2","0","0","0","0","0","0","0","0","4","0","","67","2","2021","1","39.986278","-75.107936","1731","6","0","0","0","0","0","0","0","0","","0","0","0","17","1","0","","1","1","39 59:10.600","3","0","75 06:28.569","0","0","0","0","67301","0","0","0","N","0","0","0","2","67301","0","","1.0","1800.0","2","N","N","N","0","","0","0","0","0","0","Y","1730","2","0","0","0","0","0","0","2","0","2","0","0","0","9","10","","N","","","","","","","","","",""
"2021014472","1038","1","0","0","0","0","0","0","0","0","4","0","","67","2","2021","6","40.026543","-75.138689","1035","6","0","0","1","0","0","0","0","0","","0","0","0","10","1","0","","1","0","40 01:35.554","","0","75 08:19.280","0","0","0","0","67301","0","0","0","N","0","0","0","2","67301","0","","1.0","","9","N","N","N","1","","0","0","0","3","2","","1030","2","0","2","0","0","0","0","2","0","2","0","0","0","99","98","","N","","","","","","","","","",""
"2021007290","1233","1","0","0","0","0","0","0","0","0","4","0","","67","1","2021","5","40.032274","-75.050985","1230","6","0","0","0","0","0","0","0","1","","0","0","0","12","1","0","","1","0","40 01:56.185","","0","75 03:03.545","9","0","0","0","67301","0","0","0","N","0","0","0","3","67301","0","","1.0","","1","N","N","N","0","","0","0","1","3","2","","1222","2","0","0","0","0","0","1","2","0","2","0","0","0","3","03","","N","","","","","","","","","",""
"2021002272","0956","1","0","0","0","0","0","0","0","0","5","0","","67","1","2021","2","40.072764","-75.178681","0949","6","0","0","0","0","0","0","1","0","","0","0","0","9","1","1","N","0","1","40 04:21.952","6","0","75 10:43.252","3","0","0","0","67301","0","0","0","N","0","0","0","1","67301","0","","6.0","1206.0","9","N","N","N","0","","1","0","1","0","0","Y","946","2","1","0","0","0","0","0","2","0","2","0","0","0","3","03","","N","","","","","","","","","",""
"2021002284","0039","0","0","0","0","0","0","0","0","0","8","0","","67","1","2021","7","39.968799","-75.232213","0034","6","0","0","0","0","0","0","0","0","","0","0","0","23","3","1","","1","0","39 58:07.676","","0","75 13:55.966","8","0","0","0","67301","1","0","0","N","1","0","0","2","67301","0","","1.0","","1","N","N","N","0","","0","0","0","3","3","","2346","2","1","0","0","0","1","0","2","0","1","1","0","0","3","","","N","","","","","","","","","",""
"2021005969","0735","1","0","0","0","0","0","0","0","0","4","0","","67","1","2021","6","40.128935","-75.008739","0733","6","0","0","0","0","0","0","1","0","","0","0","0","7","1","1","","1","1","40 07:44.165","2","0","75 00:31.460","3","0","0","0","67301","0","0","0","N","0","0","0","2","67301","0","","1.0","830.0","1","N","N","N","1","","1","0","0","3","3","N","728","2","1","0","0","0","0","0","2","0","2","0","0","0","4","07","","N","","","","","","","","","",""
"2021007723","0701","2","0","0","0","0","0","0","0","0","1","0","","67","1","2021","1","39.953998","-75.198694","0701","6","0","0","0","0","0","1","0","0","","0","0","0","6","1","1","Y","0","0","39 57:14.394","","0","75 11:55.298","3","0","0","0","67301","0","0","0","N","0","0","0","3","67504","0","","1.0","","1","N","N","N","0","","1","0","1","3","2","","645","3","1","0","0","0","0","0","2","0","3","0","0","0","3","03","","N","","","","","","","","","",""
"2021007496","2352","2","0","0","0","0","0","0","0","0","5","0","","67","1","2021","6","40.059886","-75.151531","2349","6","0","0","0","0","0","0","0","0","","0","0","0","23","3","1","N","0","0","40 03:35.590","","0","75 09:05.510","8","0","0","0","67301","0","0","0","N","0","0","0","1","67301","0","","1.0","","1","N","N","N","1","","0","0","1","0","0","","2348","4","1","1","0","0","1","0","2","0","4","0","0","0","3","03","","N","","","","","","","","","",""
"2021014939","0130","2","0","0","0","0","0","0","0","0","4","0","","67","1","2021","6","39.926961","-75.151163","0125","6","0","0","0","0","1","0","0","0","","0","0","0","1","3","1","","1","0","39 55:37.059","","0","75 09:04.186","3","0","0","0","67301","0","0","0","N","0","0","0","2","67301","0","","1.0","","1","N","N","N","0","","1","0","0","3","2","","124","2","1","0","0","0","0","0","2","0","2","0","0","0","3","03","","N","","","","","","","","","",""
"2021005960","1930","1","0","0","0","0","0","0","0","0","4","0","","67","1","2021","7","39.933465","-75.162299","1930","6","0","0","0","1","0","1","0","0","","0","0","0","19","3","0","","1","0","39 56:00.473","","0","75 09:44.278","0","0","0","0","67301","0","0","0","N","0","0","0","4","67301","0","","1.0","","1","N","N","N","0","","0","0","1","3","2","","1920","2","0","0","0","0","0","0","2","0","2","0","0","0","3","03","","N","","","","","","","","","",""
"2021012624","1655","2","0","0","0","0","0","0","0","0","4","0","","67","2","2021","6","40.032805","-75.032115","1649","6","0","0","0","0","0","0","0","0","","0","0","0","16","1","1","","1","0","40 01:58.098","","0","75 01:55.613","3","0","0","0","67301","0","0","0","N","0","0","0","2","67301","0","","1.0","","9","N","N","N","0","","1","0","0","3","3","","1647","2","1","0","0","0","0","0","2","0","2","0","0","0","3","03","","N","","","","","","","","","",""
"2021042334","0326","1","0","0","0","0","0","0","0","0","4","0","","67","5","2021","7","40.033088","-75.181222","0322","6","0","0","0","0","0","0","0","0","","0","0","0","3","3","0","","1","0","40 01:59.118","","0","75 10:52.400","0","0","0","0","67301","0","0","0","N","0","0","0","2","67301","0","","1.0","","1","N","N","N","0","","0","0","1","3","1","","314","2","0","0","0","0","0","0","2","0","2","0","0","0","3","03","","N","","","","","","","","","",""
"2021014759","0807","0","0","0","0","0","0","0","0","0","7","0","","67","2","2021","2","39.891574","-75.222493","0755","6","0","0","0","0","0","0","0","0","","0","0","0","7","1","0","N","0","0","39 53:29.668","","3","75 13:20.976","0","0","0","0","67301","0","0","0","N","0","0","0","1","68K01","0","","3.0","","9","N","N","N","0","","0","0","1","0","0","","752","1","0","0","0","0","0","0","2","0","1","0","0","0","6","","","N","","","","","","","","","",""
"2021008997","2127","1","0","0","0","0","0","0","0","0","4","0","","67","1","2021","3","39.968799","-75.232213","2222","6","0","0","0","0","0","0","0","0","","0","0","0","21","3","2","","1","0","39 58:07.676","","0","75 13:55.966","4","0","0","0","67301","0","0","0","N","0","0","0","4","67301","2","","1.0","","1","N","N","N","0","","0","0","1","3","3","","2122","2","2","0","0","0","0","0","2","0","2","0","0","0","3","03","","N","","","","","","","","","",""
"2021035564","0215","2","0","0","0","0","0","0","0","0","4","0","","67","4","2021","7","40.027658","-75.060992","0208","6","0","0","0","0","0","0","0","0","","0","0","0","1","3","1","N","0","0","40 01:39.567","","0","75 03:39.572","3","0","0","0","67301","0","0","0","N","0","0","0","2","67301","0","","5.0","","1","N","N","N","0","","1","0","0","0","0","","146","3","1","0","0","0","0","0","2","0","3","0","0","0","3","03","","N","","","","","","","","","",""
"2021009609","1824","1","0","0","0","0","0","0","0","0","7","0","","67","1","2021","3","39.98172","-75.207334","1819","6","0","0","0","0","0","0","0","0","","0","0","0","18","3","0","N","0","1","39 58:54.193","3","0","75 12:26.404","9","0","0","0","67301","0","0","0","N","0","0","0","1","68K01","0","","3.0","1903.0","9","N","N","N","0","","0","0","0","0","0","N","1819","1","0","1","0","0","0","1","2","0","1","0","0","0","7","","","N","","","","","","","","","",""
"2021037726","0150","1","0","0","0","0","0","0","0","0","7","0","","67","4","2021","2","40.025365","-75.073367","0144","6","0","0","0","0","0","1","0","0","","0","0","0","0","3","1","","1","0","40 01:31.315","","0","75 04:24.121","3","0","0","0","67301","0","0","0","N","0","0","0","1","67301","0","","5.0","","1","N","N","N","0","","1","0","0","3","2","","45","1","1","0","0","0","0","0","2","0","1","0","0","0","3","03","","N","","","","","","","","","",""
"2021012926","2047","1","0","0","0","0","0","0","0","0","7","0","","67","2","2021","1","39.99335","-75.191778","2040","6","0","0","0","0","0","0","0","0","","0","0","0","20","3","0","N","0","0","39 59:36.060","","0","75 11:30.400","9","0","0","0","67301","0","0","0","N","0","0","0","1","67301","0","","2.0","","2","N","N","N","0","","0","0","0","0","0","","2038","1","0","0","0","0","0","1","2","0","1","0","0","0","3","","","N","","","","","","","","","",""
"2021006915","1230","1","0","0","0","0","0","0","0","0","4","0","","67","1","2021","5","40.007105","-75.213717","1203","6","0","0","0","0","0","0","0","0","","0","0","0","11","1","2","","1","0","40 00:25.579","","0","75 12:49.382","3","0","0","0","67301","0","0","0","N","0","0","0","3","67301","0","","1.0","","1","N","N","N","0","","2","0","1","3","2","","1108","2","2","0","0","0","0","1","2","0","2","0","0","0","3","","","N","","","","","","","","","",""
"2021041063","1258","1","0","0","0","0","0","0","0","0","5","1","","67","5","2021","4","40.08754","-74.972004","1254","6","0","0","0","0","1","0","0","0","","0","1","0","12","1","1","N","0","0","40 05:15.145","","0","74 58:19.213","3","0","0","0","67301","0","0","0","N","0","0","0","2","67301","0","","1.0","","9","N","N","N","0","","1","0","0","0","0","","1254","2","1","1","0","0","0","0","2","0","2","0","0","0","7","07","","N","","","","","","","","","",""
"2021002756","1355","1","0","0","0","0","0","0","0","0","8","0","","67","1","2021","5","39.979278","-75.161083","1315","6","0","0","0","0","0","0","0","0","","0","0","0","18","3","1","N","0","0","39 58:45.400","","0","75 09:39.900","3","0","0","0","67301","1","0","0","N","1","0","0","2","67301","0","","1.0","","1","N","N","N","0","","1","0","0","0","0","","1815","2","1","1","0","0","0","0","2","0","1","1","0","0","3","03","","N","","","","","","","","","",""
"2021015428","1818","0","0","0","0","0","0","0","0","0","4","0","","67","2","2021","4","39.960684","-75.243034","1812","6","0","0","0","0","0","0","1","0","","0","0","0","18","3","0","","1","0","39 57:38.464","","0","75 14:34.923","0","0","0","0","67301","0","0","0","N","0","0","0","2","67301","0","","1.0","","1","N","N","N","0","","0","0","2","3","2","","1812","2","0","0","0","0","0","0","2","0","2","0","0","0","3","03","","N","","","","","","","","","",""
"2021016350","2157","1","0","0","0","0","0","0","0","0","4","0","","67","2","2021","7","39.943921","-75.151911","2157","6","0","0","0","0","0","1","0","0","","0","0","0","20","3","1","","1","0","39 56:38.115","","0","75 09:06.879","8","0","0","0","67301","0","0","0","N","0","0","0","2","67301","0","","1.0","","1","N","N","Y","0","","0","0","1","3","2","","2039","2","1","1","0","0","1","0","2","0","2","0","0","0","3","03","","N","","","","","","","","","",""
"2021020010","1656","0","0","0","0","0","0","0","0","0","8","0","","67","2","2021","7","39.97876","-75.230079","1656","6","1","0","0","0","0","0","0","0","","0","0","0","16","1","1","N","2","0","39 58:43.537","","0","75 13:48.284","3","0","0","0","67301","1","0","0","N","1","0","0","2","67301","0","","5.0","","1","N","N","N","0","","1","0","1","0","0","","1655","2","1","1","0","0","0","0","2","0","1","1","0","0","3","","","N","","","","","","","","","",""
"2021018992","1617","2","0","0","0","0","0","0","0","0","7","0","35","67","1","2021","7","39.939533","-75.196433","1617","6","0","0","0","0","0","0","0","0","","0","0","0","16","1","1","N","0","2","39 56:22.319","4","3","75 11:47.160","4","0","0","0","67301","0","0","0","N","0","0","0","2","68K01","1","","3.0","1730.0","1","N","N","N","0","","0","0","0","0","0","N","1617","2","1","1","0","0","0","0","2","0","2","0","0","0","3","","N","Y","4","1","","","N","Y","","","","N"
"2021004390","2100","1","0","0","0","0","0","0","0","0","5","0","","67","1","2021","3","40.01701","-75.083513","2100","6","0","0","0","0","0","0","0","0","","0","0","0","20","3","0","N","0","0","40 01:01.236","","1","75 05:00.648","9","0","0","0","67301","0","0","0","N","0","0","0","2","67301","0","","1.0","","1","N","N","N","0","","0","0","0","0","0","","2000","2","0","0","0","0","0","1","2","0","2","0","0","0","3","03","","N","","","","","","","","","",""
"2021008851","1651","3","0","0","0","0","0","0","0","0","4","0","","67","1","2021","3","39.974508","-75.148083","1651","6","0","1","0","0","0","0","0","0","","0","0","0","16","4","0","","1","0","39 58:28.228","","0","75 08:53.098","9","0","0","0","67301","0","0","0","N","0","0","0","2","67301","0","","1.0","","8","N","N","N","0","","0","0","0","3","3","","1645","4","0","0","0","0","0","1","2","0","4","0","0","0","7","","","N","","","","","","","","","",""
"2021038605","2018","1","0","0","0","0","0","0","0","0","4","0","","67","4","2021","2","39.957951","-75.227322","2006","6","0","0","0","0","0","1","0","0","","1","0","0","20","4","0","N","1","0","39 57:28.623","","0","75 13:38.359","1","1","0","1","67301","0","0","0","N","0","0","0","3","67301","0","2","1.0","","1","N","N","N","0","0","0","0","0","3","3","","2002","2","0","0","0","0","0","0","2","0","2","0","0","0","3","03","","N","","","","","","","","","",""
"2021007473","1240","2","0","0","0","0","0","0","0","0","4","0","","67","1","2021","3","39.97521","-75.194985","1226","6","0","0","0","0","0","1","1","0","","0","0","0","12","1","0","","1","0","39 58:30.755","","0","75 11:41.945","9","0","0","0","67301","0","0","0","N","0","0","0","2","67301","0","","1.0","","1","N","N","N","0","","0","0","0","3","2","","1215","2","0","0","0","0","0","1","2","0","2","0","0","0","3","03","","N","","","","","","","","","",""
"2021036032","1058","1","0","0","0","0","0","0","0","0","1","0","","67","4","2021","1","39.964816","-75.185347","1050","6","0","0","0","0","0","0","0","0","","0","0","0","10","1","1","N","0","2","39 57:53.336","3","0","75 11:07.248","8","0","0","0","67301","0","0","0","N","0","0","0","5","68K01","0","","1.0","30.0","1","N","N","Y","0","","0","0","3","0","0","N","1049","4","1","0","0","0","1","0","2","0","4","0","0","0","3","03","","N","","","","","","","","","",""
"2021012722","2055","1","0","0","0","0","0","0","0","0","5","0","","67","2","2021","7","40.029271","-75.101811","2045","6","0","0","0","0","0","0","0","0","","0","0","0","20","3","0","N","0","0","40 01:45.375","","0","75 06:06.521","0","0","0","0","67301","0","0","0","N","0","0","0","2","67301","0","","1.0","","9","N","N","N","1","","0","0","0","0","0","","2015","2","0","0","0","0","0","0","2","0","2","0","0","0","3","","","N","","","","","","","","","",""
"2021007736","0055","1","0","0","0","0","0","0","0","0","5","0","","67","1","2021","6","39.971936","-75.161083","0049","6","0","0","0","0","0","0","0","0","","0","0","0","23","3","0","N","0","0","39 58:18.970","","0","75 09:39.900","0","0","0","0","67301","0","0","0","N","0","0","0","1","67301","0","","6.0","","1","N","N","N","0","","0","0","1","0","0","","2334","3","0","0","0","0","0","0","2","1","3","0","0","0","3","","","N","","","","","","","","","",""
"2021010674","0230","5","0","0","0","0","0","0","0","0","4","0","","67","1","2021","7","39.999245","-75.099641","0225","6","0","0","0","0","1","0","0","0","","0","0","0","2","3","0","N","1","2","39 59:57.283","5","0","75 05:58.706","0","0","0","0","67301","0","0","0","N","0","0","0","2","67301","0","","4.0","300.0","1","N","N","N","0","","0","0","0","0","0","Y","225","5","0","2","0","0","0","0","2","0","5","0","0","0","3","03","","N","","","","","","","","","",""
"2021006387","2235","3","0","0","0","0","0","0","0","0","4","0","","67","1","2021","2","40.010402","-75.079275","2223","6","0","1","0","0","0","0","0","0","","0","0","0","22","3","1","","1","0","40 00:37.446","","0","75 04:45.390","8","0","0","0","67301","0","0","0","N","0","0","0","2","67301","0","","1.0","","1","N","N","Y","0","","0","0","1","3","2","","2210","4","1","1","0","0","1","0","2","0","4","0","0","0","3","03","","N","","","","","","","","","",""
"2021038486","1333","1","0","0","0","0","0","0","0","0","1","0","","67","4","2021","7","40.017978","-75.121122","1332","6","0","0","0","0","0","0","0","0","","0","0","0","12","1","1","N","0","9","40 01:04.720","","0","75 07:16.040","8","0","0","1","67301","0","0","0","N","0","0","0","2","67301","0","","1.0","","1","N","Y","N","0","","0","0","0","0","0","U","1243","2","1","0","0","0","1","1","2","0","2","0","0","0","3","","","N","","","","","","","","","",""
"2021002647","1255","2","0","0","0","0","0","0","0","0","1","0","","67","1","2021","4","40.006831","-75.150069","1255","6","0","0","0","0","0","0","0","0","","0","0","0","12","1","1","N","0","0","40 00:24.590","","0","75 09:00.250","4","0","0","0","67301","0","0","0","N","0","0","0","3","67301","1","","1.0","","1","N","N","N","0","","0","0","1","0","0","","1255","3","1","1","0","0","0","0","2","0","3","0","0","0","3","03","","N","","","","","","","","","",""
"2021015602","1130","0","0","0","0","0","0","0","0","0","1","0","","67","2","2021","3","39.961967","-75.1829","1110","6","0","0","0","0","0","1","0","0","","0","0","0","11","1","1","N","0","0","39 57:43.082","","0","75 10:58.441","4","0","0","0","67301","0","0","0","N","0","0","0","4","68K01","1","","1.0","","1","N","N","N","1","","0","0","1","0","0","","1110","4","1","0","0","0","0","0","2","2","4","0","0","0","3","","","N","","","","","","","","","",""
"2021025197","1545","2","0","0","0","0","0","0","0","0","4","0","","67","3","2021","3","40.013506","-75.177353","1533","6","0","0","0","0","0","0","0","0","","0","0","0","13","1","0","N","0","0","40 00:48.620","","7","75 10:38.470","9","0","0","0","67301","0","0","0","N","0","0","0","2","67301","0","","1.0","","1","N","N","N","0","","0","0","0","0","0","","1320","2","0","0","0","0","0","1","2","0","2","0","0","0","4","","","N","","","","","","","","","",""
"2021040669","1150","1","0","0","0","0","0","0","0","0","7","0","","67","5","2021","3","39.959858","-75.178665","1125","6","0","0","0","0","0","0","0","0","","0","0","0","11","1","1","N","0","1","39 57:35.489","3","0","75 10:43.193","8","0","0","0","67301","0","0","0","N","0","0","0","1","68K01","0","","4.0","1220.0","1","N","N","N","0","","0","0","0","0","0","N","1124","1","1","0","0","0","1","0","2","0","1","0","0","0","3","03","","N","","","","","","","","","",""
"2021006506","1135","2","0","0","0","0","0","0","0","0","5","0","","67","1","2021","2","39.9964","-75.142117","1100","6","0","0","0","0","0","0","0","0","","0","0","0","5","3","0","N","0","1","39 59:47.040","1","0","75 08:31.620","0","0","0","0","67301","0","0","0","N","0","0","0","1","67301","0","","6.0","1201.0","1","N","N","N","0","","0","0","0","0","0","N","519","2","0","1","0","0","0","0","2","0","2","0","0","0","3","03","","N","","","","","","","","","",""
"2021035728","0315","1","0","0","0","0","0","0","0","0","4","1","","67","4","2021","1","40.099527","-74.986368","0235","6","0","0","0","0","0","1","0","0","","0","1","0","2","3","0","","2","1","40 05:58.296","2","0","74 59:10.926","0","0","0","0","67301","0","0","0","N","0","0","0","2","67301","0","","1.0","400.0","1","N","N","N","0","","0","0","0","3","2","N","234","2","0","0","0","0","0","0","2","0","2","0","0","0","3","03","","N","","","","","","","","","",""
"2021012922","0906","1","0","0","0","0","0","0","0","0","7","0","","67","2","2021","1","40.074164","-75.18702","0856","6","0","0","0","0","0","0","0","0","","0","0","0","8","1","1","","2","0","40 04:26.990","","0","75 11:13.272","3","0","0","0","67301","0","0","0","N","0","0","0","1","67301","0","","4.0","","6","N","N","N","0","","1","0","0","3","3","","849","1","1","0","0","0","0","0","2","0","1","0","0","0","10","04","","N","","","","","","","","","",""
"2021006333","0134","1","0","0","0","0","0","0","0","0","7","0","","67","1","2021","1","40.02458","-75.030593","0124","6","0","0","0","0","0","0","0","0","","0","0","0","1","3","0","N","0","0","40 01:28.487","","0","75 01:50.133","0","0","0","0","67301","0","0","0","N","0","0","0","1","68K01","0","","4.0","","1","N","N","N","0","","0","0","0","0","0","","120","1","0","0","0","0","0","0","2","0","1","0","0","0","3","03","","N","","","","","","","","","",""
"2021008994","0142","1","0","0","0","0","0","0","0","0","7","0","","67","1","2021","4","40.017278","-75.047972","0140","6","0","0","0","0","0","0","0","0","","0","0","0","1","3","0","","3","0","40 01:02.200","","0","75 02:52.700","0","0","0","0","67301","0","0","0","N","0","0","0","1","67301","0","","3.0","","9","N","N","N","0","","0","0","0","0","0","","135","1","0","0","0","0","0","0","2","0","1","0","0","0","7","","","N","","","","","","","","","",""
"2021006008","1944","2","0","0","0","0","0","0","0","0","4","0","","67","1","2021","7","40.029898","-75.087801","1939","6","0","0","0","0","0","2","0","0","","1","0","0","19","3","2","N","1","2","40 01:47.633","1","0","75 05:16.085","1","1","0","1","67301","0","0","0","N","0","0","0","4","67301","1","2","1.0","2243.0","1","N","N","N","0","0","1","0","0","3","2","Y","1938","3","2","0","0","0","0","0","2","0","3","0","0","0","3","03","","N","","","","","","","","","",""
"2021012675","0335","2","0","0","0","0","0","0","0","0","1","0","","67","2","2021","5","40.050151","-74.991781","0323","6","0","0","0","0","0","0","0","0","","0","0","0","3","3","0","N","0","2","40 03:00.543","1","0","74 59:30.412","0","0","0","0","67301","0","0","0","N","0","0","0","3","68K01","0","","1.0","45.0","1","N","N","N","0","","0","0","0","0","0","N","322","3","0","0","0","0","0","0","2","1","3","0","0","0","3","","","N","","","","","","","","","",""
"2021014520","0810","1","0","0","0","0","0","0","0","0","7","0","","67","2","2021","2","39.908889","-75.151083","0810","6","0","0","0","0","0","0","0","0","","0","0","0","8","1","0","N","0","0","39 54:32.000","","3","75 09:03.900","0","0","0","0","67301","0","0","0","N","0","0","0","1","67501","0","","4.0","","1","N","N","N","0","","0","0","0","3","8","","810","2","0","0","0","0","0","0","2","0","1","0","0","0","3","","","N","","","","","","","","","",""
"2021038495","1933","1","0","0","0","0","0","0","0","0","1","0","","67","4","2021","5","40.051299","-75.149656","1931","6","0","0","0","0","0","0","0","0","","0","0","0","19","3","2","N","0","0","40 03:04.678","","0","75 08:58.763","3","0","0","0","67301","0","0","0","N","0","0","0","4","67301","0","","1.0","","1","N","N","N","1","","1","0","2","0","0","","1930","4","2","0","0","0","1","0","2","0","4","0","0","0","3","03","","N","","","","","","","","","",""
"2021012620","0652","3","0","0","0","0","0","0","0","0","5","0","","67","2","2021","7","39.926422","-75.172575","0649","6","0","0","0","0","0","0","0","0","","0","0","0","6","3","0","N","0","0","39 55:35.120","","0","75 10:21.270","0","0","0","0","67301","0","0","0","N","0","0","0","1","67301","0","","6.0","","1","N","N","N","0","","0","0","1","0","0","","635","4","0","0","0","0","0","0","2","0","4","0","0","0","3","03","","N","","","","","","","","","",""
"2021009964","0848","2","0","0","0","0","0","0","0","0","4","0","","67","1","2021","4","39.915887","-75.163507","0842","6","0","0","0","0","0","0","0","0","","0","0","0","6","1","0","N","2","0","39 54:57.193","","0","75 09:48.625","0","0","0","0","67301","0","0","0","N","0","0","0","2","67301","0","","1.0","","1","N","N","N","0","","0","0","0","0","0","","641","2","0","0","0","0","0","0","2","0","2","0","0","0","4","03","","N","","","","","","","","","",""
"2021041107","2303","1","0","0","0","0","0","0","0","0","7","0","","67","5","2021","5","40.013224","-75.173675","2303","6","0","0","0","0","0","0","0","0","","0","0","0","23","3","1","N","0","0","40 00:47.605","","0","75 10:25.230","2","0","0","0","67301","0","0","0","N","0","0","0","1","67301","0","","2.0","","1","N","N","Y","0","","0","1","0","0","0","","2300","1","1","1","0","1","0","0","2","0","1","0","0","0","3","03","","N","","","","","","","","","",""