"CRN","ARRIVAL_TM","AUTOMOBILE_COUNT","BELTED_DEATH_COUNT","BELTED_SUSP_SERIOUS_INJ_COUNT","BICYCLE_COUNT","BICYCLE_DEATH_COUNT","BICYCLE_SUSP_SERIOUS_INJ_COUNT","BUS_COUNT","CHLDPAS_DEATH_COUNT","CHLDPAS_SUSP_SERIOUS_INJ_COUNT","COLLISION_TYPE","COMM_VEH_COUNT","CONS_ZONE_SPD_LIM","COUNTY","CRASH_MONTH","CRASH_YEAR","DAY_OF_WEEK","DEC_LATITUDE","DEC_LONGITUDE","DISPATCH_TM","DISTRICT","DRIVER_COUNT_16YR","DRIVER_COUNT_17YR","DRIVER_COUNT_18YR","DRIVER_COUNT_19YR","DRIVER_COUNT_20YR","DRIVER_COUNT_50_64YR","DRIVER_COUNT_65_74YR","DRIVER_COUNT_75PLUS","EST_HRS_CLOSED","FATAL_COUNT","HEAVY_TRUCK_COUNT","HORSE_BUGGY_COUNT","HOUR_OF_DAY","ILLUMINATION","INJURY_COUNT","INTERSECTION_RELATED","INTERSECT_TYPE","LANE_CLOSED","LATITUDE","LN_CLOSE_DIR","LOCATION_TYPE","LONGITUDE","MAX_SEVERITY_LEVEL","MCYCLE_DEATH_COUNT","MCYCLE_SUSP_SERIOUS_INJ_COUNT","MOTORCYCLE_COUNT","MUNICIPALITY","NONMOTR_COUNT","NONMOTR_DEATH_COUNT","NONMOTR_SUSP_SERIOUS_INJ_COUNT","NTFY_HIWY_MAINT","PED_COUNT","PED_DEATH_COUNT","PED_SUSP_SERIOUS_INJ_COUNT","PERSON_COUNT","POLICE_AGCY","POSSIBLE_INJ_COUNT","RDWY_SURF_TYPE_CD","RELATION_TO_ROAD","ROADWAY_CLEARED","ROAD_CONDITION","SCH_BUS_IND","SCH_ZONE_IND","SECONDARY_CRASH","SMALL_TRUCK_COUNT","SPEC_JURIS_CD","SUSP_MINOR_INJ_COUNT","SUSP_SERIOUS_INJ_COUNT","SUV_COUNT","TCD_FUNC_CD","TCD_TYPE","TFC_DETOUR_IND","TIME_OF_DAY","TOTAL_UNITS","TOT_INJ_COUNT","UNBELTED_OCC_COUNT","UNB_DEATH_COUNT","UNB_SUSP_SERIOUS_INJ_COUNT","UNK_INJ_DEG_COUNT","UNK_INJ_PER_COUNT","URBAN_RURAL","VAN_COUNT","VEHICLE_COUNT","VULNERABLE_ROAD_USER_COUNT","VULNERABLE_ROAD_USER_DEATH_COUNT","VULNERABLE_ROAD_USER_SER_INJ_COUNT","WEATHER1","WEATHER2","WORKERS_PRES","WORK_ZONE_IND","WORK_ZONE_LOC","WORK_ZONE_TYPE","WZ_CLOSE_DETOUR","WZ_FLAGGER","WZ_LAW_OFFCR_IND","WZ_LN_CLOSURE","WZ_MOVING","WZ_OTHER","WZ_SHLDER_MDN","WZ_WORKERS_INJ_KILLED"
"2021037761","0110","1","0","0","0","0","0","0","0","0","7","0","","67","4","2021","3","40.028549","-75.057919","0104","6","0","0","0","0","0","0","0","0","","0","0","0","1","3","0","","1","0","40 01:42.775","","0","75 03:28.507","0","0","0","0","67301","0","0","0","N","0","0","0","1","67301","0","","5.0","","1","N","N","N","0","","0","0","0","3","2","","100","1","0","0","0","0","0","0","2","0","1","0","0","0","3","03","","N","","","","","","","","","",""
"2021038499","1240","1","0","0","0","0","0","0","0","0","4","0","","67","4","2021","3","40.010483","-75.160772","1200","6","0","0","0","1","0","1","0","0","","0","0","0","10","1","0","","1","0","40 00:37.740","","0","75 09:38.779","0","0","0","0","67301","0","0","0","N","0","0","0","2","67301","0","","1.0","","1","N","N","N","1","","0","0","0","3","3","","1055","2","0","0","0","0","0","0","2","0","2","0","0","0","3","","","N","","","","","","","","","",""
"2021000789","1916","0","0","0","0","0","0","0","0","0","7","0","","67","1","2021","1","40.004199","-75.099379","1916","6","0","0","0","0","0","0","0","0","","0","0","0","19","3","1","","1","0","40 00:15.118","","1","75 05:57.764","3","0","0","0","67301","0","0","0","N","0","0","0","1","67301","0","","4.0","","9","N","N","N","0","","1","0","1","3","2","","1916","1","1","0","0","0","0","0","2","0","1","0","0","0","7","07","","N","","","","","","","","","",""
"2021009328","2040","0","0","0","0","0","0","0","0","0","4","0","","67","1","2021","2","39.91569","-75.162848","2038","6","0","0","0","0","1","1","0","0","","0","0","0","20","3","0","","1","0","39 54:56.483","","0","75 09:46.253","0","0","0","0","67301","0","0","0","N","0","0","0","2","67301","0","","1.0","","1","N","N","N","0","","0","0","2","3","2","","2030","2","0","0","0","0","0","0","2","0","2","0","0","0","3","03","","N","","","","","","","","","",""
"2021003882","2043","2","0","0","0","0","0","0","0","0","4","0","","67","1","2021","5","40.04727","-75.167746","2040","6","0","0","0","0","0","0","0","0","","0","0","0","19","3","1","","1","0","40 02:50.173","","0","75 10:03.884","3","0","0","0","67301","0","0","0","N","0","0","0","3","67301","0","","1.0","","1","N","N","N","0","","1","0","0","3","2","","1940","2","1","0","0","0","0","1","2","0","2","0","0","0","3","","","N","","","","","","","","","",""
"2021018147","0031","0","0","0","0","0","0","0","0","0","7","0","","67","2","2021","7","39.910721","-75.148796","0026","6","0","0","0","0","0","0","0","0","","0","0","0","0","3","1","N","0","0","39 54:38.594","","8","75 08:55.665","3","0","0","0","67301","0","0","0","N","0","0","0","1","68K01","0","","4.0","","1","N","N","N","1","","1","0","0","0","0","","24","1","1","0","0","0","0","0","2","0","1","0","0","0","3","","","N","","","","","","","","","",""
"2021014304","1533","1","0","0","0","0","0","0","0","0","1","0","","67","2","2021","5","39.954515","-75.205755","1528","6","0","0","0","0","0","0","0","0","","0","0","0","15","1","0","N","0","0","39 57:16.253","","0","75 12:20.719","0","0","0","0","67301","0","0","0","N","0","0","0","3","67504","0","","1.0","","1","N","N","N","0","","0","0","1","0","0","","1515","2","0","0","0","0","0","0","2","0","2","0","0","0","3","03","","N","","","","","","","","","",""
"2021014840","1543","1","0","0","0","0","0","0","0","0","7","0","","67","2","2021","3","40.025551","-75.130912","1543","6","0","0","0","0","0","0","0","0","","0","0","0","15","1","1","","1","0","40 01:31.983","","0","75 07:51.283","3","0","0","0","67301","0","0","0","N","0","0","0","1","67301","0","","4.0","","1","N","N","N","0","","1","0","0","3","3","","1543","1","1","0","0","0","0","0","2","0","1","0","0","0","3","03","","N","","","","","","","","","",""
"2021000537","2119","2","0","0","0","0","0","0","0","0","4","0","","67","1","2021","7","40.071393","-75.161304","2119","6","0","0","0","0","1","1","0","0","","0","0","0","20","3","1","","5","0","40 04:17.013","","0","75 09:40.693","3","0","0","0","67301","0","0","0","N","0","0","0","3","67301","0","","1.0","","1","N","N","N","0","","1","0","0","3","2","","2040","2","1","0","0","0","0","0","2","0","2","0","0","0","3","","","N","","","","","","","","","",""
"2021013298","0555","1","0","0","0","0","0","0","0","0","4","0","","67","2","2021","2","39.99999","-75.153145","0551","6","0","0","0","0","0","0","0","0","","0","0","0","5","3","2","","1","0","39 59:59.964","","0","75 09:11.322","8","0","0","0","67301","0","0","0","N","0","0","0","2","67301","0","","1.0","","1","N","N","N","0","","0","0","1","3","2","","550","2","2","0","0","0","2","0","2","0","2","0","0","0","3","","","N","","","","","","","","","",""
"2021011974","1535","1","0","0","0","0","0","0","0","0","2","0","","67","2","2021","5","40.067987","-75.197769","1500","6","0","0","0","0","0","0","1","0","","0","0","0","14","1","1","N","0","2","40 04:04.753","5","0","75 11:51.970","3","0","0","0","67301","0","0","0","N","0","0","0","2","67301","0","","1.0","1520.0","6","N","N","N","0","","1","0","1","0","0","Y","1440","2","1","0","0","0","0","0","2","0","2","0","0","0","3","03","","N","","","","","","","","","",""
"2021007140","1156","1","0","0","0","0","0","0","0","0","7","0","","67","1","2021","4","39.988077","-75.207213","1154","6","0","0","0","0","0","0","0","0","","0","0","0","11","1","1","N","0","2","39 59:17.077","4","0","75 12:25.965","3","0","0","0","67301","0","0","0","N","0","0","0","1","68K01","0","","4.0","1212.0","9","N","N","N","0","","1","0","0","0","0","N","1145","1","1","0","0","0","0","0","2","0","1","0","0","0","10","","","N","","","","","","","","","",""
"2021007702","0110","1","0","0","0","0","0","0","0","0","5","0","","67","1","2021","7","40.019472","-75.145975","0053","6","0","0","0","0","0","0","0","0","","0","0","0","0","3","1","N","0","0","40 01:10.098","","0","75 08:45.510","3","0","0","0","67301","0","0","0","N","0","0","0","2","67301","0","","1.0","","1","N","N","N","0","","1","0","1","0","0","","50","2","1","0","0","0","0","1","2","0","2","0","0","0","3","03","","N","","","","","","","","","",""
"2021040338","1305","1","0","0","0","0","0","0","0","0","1","0","","67","4","2021","5","39.944228","-75.244734","1300","6","0","0","0","0","0","0","0","1","","0","0","0","12","1","0","N","0","0","39 56:39.220","","0","75 14:41.042","0","0","0","0","67301","0","0","0","N","0","0","0","2","67301","0","","1.0","","9","N","N","N","0","","0","0","1","3","2","","1251","2","0","0","0","0","0","0","2","0","2","0","0","0","4","","","N","","","","","","","","","",""
"2021007191","1619","0","0","0","0","0","0","0","0","0","4","0","","67","1","2021","4","40.078112","-75.023623","1612","6","0","0","0","0","0","1","0","0","","0","0","0","16","1","2","","2","1","40 04:41.204","1","0","75 01:25.042","3","0","0","0","67301","0","0","0","N","0","0","0","2","67301","0","","1.0","1624.0","1","N","N","N","1","","2","0","1","3","2","N","1600","2","2","0","0","0","0","0","2","0","2","0","0","0","3","03","","N","","","","","","","","","",""
"2021004057","1225","1","0","0","0","0","0","0","0","0","4","0","","67","1","2021","3","40.008621","-75.068836","1220","6","0","0","0","0","0","0","0","0","","0","0","0","22","3","2","","1","0","40 00:31.034","","0","75 04:07.810","3","0","0","0","67301","0","0","0","N","0","0","0","3","67301","0","","1.0","","1","N","N","N","1","","2","0","0","3","2","","2248","2","2","0","0","0","0","0","2","0","2","0","0","0","3","","","N","","","","","","","","","",""
"2021012061","0938","0","0","0","0","0","0","0","0","0","4","0","","67","2","2021","5","39.98057","-75.183822","0928","6","0","0","0","0","0","0","0","0","","0","0","0","9","1","0","","1","0","39 58:50.052","","0","75 11:01.759","9","0","0","0","67301","0","0","0","N","0","0","0","2","67301","0","","1.0","","2","N","N","N","0","","0","0","2","3","2","","910","2","0","0","0","0","0","1","2","0","2","0","0","0","3","03","","N","","","","","","","","","",""
"2021009909","0238","0","0","0","0","0","0","0","0","0","7","0","","67","1","2021","7","39.949937","-75.201091","0230","6","0","0","0","0","0","0","0","0","","0","0","0","2","3","1","N","0","1","39 56:59.774","4","0","75 12:03.928","8","0","0","0","67301","0","0","0","N","0","0","0","1","67301","0","","4.0","330.0","1","N","N","N","0","","0","0","1","0","0","N","230","1","1","0","0","0","1","0","2","0","1","0","0","0","3","03","","N","","","","","","","","","",""
"2021007732","0030","1","0","0","0","0","0","0","0","0","4","0","99","67","1","2021","1","39.974647","-75.199029","0022","6","0","0","0","0","0","0","0","0","","0","0","0","23","3","0","N","0","0","39 58:28.729","","0","75 11:56.505","0","0","0","0","67301","0","0","0","N","0","0","0","2","67301","0","","1.0","","1","N","N","N","0","","0","0","0","0","0","","2340","2","0","0","0","0","0","0","2","0","2","0","0","0","3","","N","Y","8","1","N","N","N","Y","N","N","Y","N"
"2021013272","1645","1","0","0","0","0","0","0","0","0","7","0","","67","1","2021","1","39.915306","-75.189944","1645","6","0","0","0","0","0","0","0","0","","0","0","0","16","4","0","N","0","0","39 54:55.100","","3","75 11:23.800","9","0","0","0","67301","0","0","0","N","0","0","0","1","67501","0","","3.0","","6","N","N","N","0","","0","0","0","0","0","","1635","1","0","0","0","0","0","1","2","0","1","0","0","0","10","","","N","","","","","","","","","",""
"2021010909","1920","1","0","0","0","0","0","0","0","0","1","0","","67","1","2021","1","40.018392","-75.167606","1915","6","0","0","0","0","0","0","0","0","","0","0","0","19","3","0","N","0","0","40 01:06.212","","0","75 10:03.381","0","0","0","0","67301","0","0","0","N","0","0","0","2","67301","0","","1.0","","7","N","N","N","0","","0","0","1","0","0","","1900","2","0","0","0","0","0","0","2","0","2","0","0","0","10","","","N","","","","","","","","","",""
"2021010461","1420","0","0","0","0","0","0","0","0","0","7","0","","67","1","2021","1","39.976928","-75.233744","1410","6","0","0","0","0","0","0","1","0","","0","0","0","14","1","0","N","0","0","39 58:36.940","","0","75 14:01.480","0","0","0","0","67301","0","0","0","N","0","0","0","2","67301","0","","4.0","","9","N","N","N","0","","0","0","1","0","0","","1400","1","0","0","0","0","0","0","2","0","1","0","0","0","10","04","","N","","","","","","","","","",""
"2021014469","0117","1","0","0","0","0","0","0","0","0","1","0","","67","2","2021","5","39.975857","-75.223857","0116","6","0","0","0","0","0","0","0","0","","0","0","0","0","3","1","N","0","0","39 58:33.085","","0","75 13:25.885","8","0","0","0","67301","0","0","0","N","0","0","0","1","67301","0","","1.0","","7","N","N","N","0","","0","0","0","0","0","","43","2","1","0","0","0","1","0","2","0","2","0","0","0","10","10","","N","","","","","","","","","",""
"2021014354","1643","1","0","0","0","0","0","0","0","0","1","0","","67","1","2021","6","39.969398","-75.126275","1621","6","0","0","0","1","0","0","0","0","","0","0","0","16","1","3","N","0","2","39 58:09.831","1","0","75 07:34.590","4","0","0","0","67301","0","0","0","N","0","0","0","3","68K01","3","","1.0","1652.0","1","N","N","N","1","","0","0","1","0","0","N","1605","3","3","0","0","0","0","0","2","0","3","0","0","0","3","03","","N","","","","","","","","","",""
"2021014774","0008","2","0","0","0","0","0","0","0","0","1","0","","67","2","2021","3","40.010093","-75.206611","0008","6","0","0","0","0","0","0","0","0","","0","0","0","23","3","0","N","0","1","40 00:36.336","4","0","75 12:23.800","0","0","0","0","67301","0","0","0","N","0","0","0","2","68K01","0","","2.0","100.0","7","N","N","N","0","","0","0","0","0","0","N","2346","2","0","0","0","0","0","0","2","0","2","0","0","0","10","","","N","","","","","","","","","",""
"2021012659","530","2","0","0","0","0","0","0","0","0","4","0","","67","1","2021","7","40.041364","-75.004403","525","6","0","0","0","0","0","1","0","0","","0","0","0","5","2","2","N","0","0","40 02:28.912","","0","75 00:15.850","3","0","0","0","67301","0","0","0","N","0","0","0","2","68K01","0","","1.0","","1","N","N","N","0","","2","0","0","0","0","","505","2","2","1","0","0","0","0","2","0","2","0","0","0","3","","","N","","","","","","","","","",""
"2021011228","1643","1","0","0","0","0","0","0","0","0","5","1","","67","1","2021","4","39.932306","-75.17275","1633","6","0","0","0","0","0","1","0","0","","0","1","0","14","1","1","N","0","0","39 55:56.300","","0","75 10:21.900","2","0","0","0","67301","0","0","0","N","0","0","0","2","67508","0","","6.0","","1","N","N","Y","0","","0","1","0","0","0","","1433","2","1","0","0","0","0","0","2","0","2","0","0","0","3","03","","N","","","","","","","","","",""
"2021012673","739","0","0","0","0","0","0","0","0","0","1","0","","67","2","2021","4","39.915385","-75.147913","728","6","0","0","0","0","0","0","0","0","","0","0","0","4","3","1","N","0","0","39 54:55.385","","0","75 08:52.487","3","0","0","0","67301","0","0","0","N","0","0","0","2","68K01","0","","2.0","","7","N","N","N","0","","1","0","0","0","0","","400","2","1","0","0","0","0","1","2","1","2","0","0","0","3","","","N","","","","","","","","","",""
"2021024574","1621","0","0","0","0","0","0","0","0","0","8","0","","67","3","2021","6","40.046288","-75.143043","1620","6","0","0","0","0","0","0","0","0","","0","0","0","16","1","1","N","0","2","40 02:46.638","2","0","75 08:34.956","2","0","0","1","67301","1","0","1","N","1","0","1","2","67301","0","","1.0","1745.0","1","N","N","N","0","","0","1","0","0","0","Y","1615","2","1","0","0","0","0","0","2","0","1","1","0","1","3","03","","N","","","","","","","","","",""
"2021012806","2300","2","0","0","0","0","0","0","0","0","4","0","","67","2","2021","6","40.027728","-75.159206","1300","6","0","0","0","0","0","0","0","0","","0","0","0","15","1","2","N","0","9","40 01:39.820","","0","75 09:33.140","3","0","0","0","67301","0","0","0","N","0","0","0","3","67301","0","","1.0","","1","N","N","N","0","","2","0","0","0","0","U","1550","2","2","0","0","0","0","1","2","0","2","0","0","0","3","03","","N","","","","","","","","","",""
"2021013459","2358","1","0","0","0","0","0","0","0","0","7","0","","67","2","2021","2","40.042578","-75.171589","2358","6","0","0","0","0","0","0","0","0","","0","0","0","22","3","1","N","0","0","40 02:33.280","","0","75 10:17.720","3","0","0","0","67301","0","0","0","N","0","0","0","2","67301","0","","5.0","","1","N","N","N","0","","1","0","0","0","0","","2220","1","1","2","0","0","0","1","2","0","1","0","0","0","3","","","N","","","","","","","","","",""
"2021014053","1715","1","0","0","0","0","0","0","0","0","6","1","","67","2","2021","4","40.056613","-75.008573","1708","6","0","0","0","0","0","0","0","0","","0","1","0","16","1","0","N","0","2","40 03:23.808","2","0","75 00:30.861","0","0","0","0","67301","0","0","0","N","0","0","0","2","67301","0","","1.0","1720.0","1","N","N","N","0","","0","0","0","0","0","Y","1626","2","0","0","0","0","0","0","2","0","2","0","0","0","3","03","","N","","","","","","","","","",""
"2021025364","1345","0","0","0","0","0","0","0","0","0","7","0","","67","3","2021","3","40.071512","-75.201432","1345","6","0","0","0","0","0","0","0","0","","0","0","0","13","1","1","N","0","0","40 04:17.442","","0","75 12:05.155","3","0","0","0","67301","0","0","0","N","0","0","0","1","67301","0","","4.0","","1","N","N","N","1","","1","0","0","0","0","","1330","1","1","0","0","0","0","0","2","0","1","0","0","0","3","","","N","","","","","","","","","",""
"2021022256","2325","1","0","0","0","0","0","0","0","0","8","0","","67","3","2021","7","40.061264","-75.191877","2314","6","0","0","0","0","0","0","0","0","","0","0","0","22","3","1","","2","9","40 03:40.549","","0","75 11:30.758","8","0","0","0","67301","1","0","0","N","1","0","0","2","67301","0","","1.0","","1","N","N","N","0","","0","0","0","3","2","U","2219","2","1","0","0","0","1","0","2","0","1","1","0","0","3","03","","N","","","","","","","","","",""
"2021024196","231","2","0","0","0","0","0","0","0","0","5","0","","67","3","2021","5","39.932454","-75.200161","231","6","0","0","0","0","0","0","0","0","","0","0","0","2","3","0","N","0","1","39 55:56.833","3","0","75 12:00.578","0","0","0","0","67301","0","0","0","N","0","0","0","2","68K01","0","","1.0","250.0","1","N","N","N","0","","0","0","0","0","0","N","231","2","0","0","0","0","0","0","2","0","2","0","0","0","3","","","N","","","","","","","","","",""
"2021010854","919","0","0","0","0","0","0","0","0","0","7","1","","67","2","2021","2","39.98351","-75.097536","919","6","0","0","0","0","0","0","0","0","","0","1","0","9","1","0","N","0","0","39 59:00.636","","0","75 05:51.130","0","0","0","0","67301","0","0","0","N","0","0","0","1","68K01","0","","4.0","","6","N","N","N","0","","0","0","0","0","0","","919","1","0","0","0","0","0","0","2","0","1","0","0","0","10","","","N","","","","","","","","","",""
"2021010866","335","2","0","0","0","0","0","0","0","0","1","0","","67","1","2021","2","40.001576","-75.194955","335","6","0","0","0","0","0","0","0","0","","0","0","0","3","3","1","N","0","2","40 00:05.673","3","0","75 11:41.837","8","0","0","0","67301","0","0","0","N","0","0","0","2","68K01","0","","1.0","400.0","1","N","N","Y","0","","0","0","0","0","0","N","333","2","1","1","0","0","1","0","2","0","2","0","0","0","3","","","N","","","","","","","","","",""
"2021009967","1159","2","0","0","0","0","0","0","0","0","4","1","","67","1","2021","3","39.973555","-75.208895","1158","6","0","0","0","0","0","0","0","0","","0","1","0","11","8","0","","2","0","39 58:24.799","","0","75 12:32.023","0","0","0","0","67301","0","0","0","N","0","0","0","2","67301","0","","1.0","","9","N","N","N","0","","0","0","0","3","2","","1145","3","0","0","0","0","0","0","2","0","3","0","0","0","7","","","N","","","","","","","","","",""
"2021010205","1717","0","0","0","0","0","0","0","0","0","7","0","","67","1","2021","1","39.951599","-75.182361","1717","6","0","0","0","0","0","0","0","0","","0","0","0","16","4","0","N","0","0","39 57:05.757","","3","75 10:56.501","0","0","0","0","67301","0","0","0","N","0","0","0","1","67301","0","","2.0","","7","N","N","N","0","","0","0","1","0","0","","1630","1","0","0","0","0","0","0","2","0","1","0","0","0","10","","","N","","","","","","","","","",""
"2021007881","2214","0","0","0","0","0","0","0","0","0","7","0","","67","1","2021","6","39.962526","-75.139649","2214","6","0","0","0","0","0","1","0","0","","0","0","0","22","3","1","N","0","1","39 57:45.092","2","0","75 08:22.737","8","0","0","0","67301","0","0","0","Y","0","0","0","1","68K01","0","","4.0","2245.0","9","N","N","N","0","","0","0","1","0","0","N","2213","1","1","1","0","0","1","0","2","0","1","0","0","0","7","","","N","","","","","","","","","",""
"2021024540","43","1","0","0","0","0","0","0","0","0","5","0","","67","3","2021","7","39.970853","-75.231072","39","6","0","0","0","0","0","0","0","0","","0","0","0","22","3","0","N","0","0","39 58:15.070","","0","75 13:51.860","9","0","0","0","67301","0","0","0","N","0","0","0","1","67301","0","","1.0","","1","N","N","N","0","","0","0","1","0","0","","2254","2","0","0","0","0","0","1","2","0","2","0","0","0","3","","","N","","","","","","","","","",""
"2021025361","903","1","0","0","0","0","0","0","0","0","7","0","","67","3","2021","3","39.953883","-75.149689","903","6","0","0","0","0","0","0","0","0","","0","0","0","8","5","0","N","0","1","39 57:13.980","2","0","75 08:58.880","9","0","0","0","67301","0","0","0","N","0","0","0","1","67301","0","","2.0","1000.0","1","N","N","N","0","","0","0","0","0","0","N","801","1","0","0","0","0","0","1","2","0","1","0","0","0","3","04","","N","","","","","","","","","",""
"2021007731","1925","1","0","0","0","0","0","0","0","0","5","0","","67","1","2021","1","39.95686","-75.180956","1925","6","0","0","0","0","0","0","0","0","","0","0","0","19","3","0","","2","0","39 57:24.696","","8","75 10:51.443","0","0","0","0","67301","0","0","0","N","0","0","0","2","67301","0","","1.0","","1","N","N","N","0","","0","0","0","3","2","","1914","2","0","0","0","0","0","0","2","1","2","0","0","0","3","","","N","","","","","","","","","",""
"2021003331","2030","1","0","0","0","0","0","0","0","0","4","0","","67","1","2021","1","40.05283","-75.152852","2030","6","0","0","0","0","0","2","0","0","","0","0","0","17","3","1","","1","0","40 03:10.189","","0","75 09:10.268","8","0","0","0","67301","0","0","0","N","0","0","0","3","67301","0","","1.0","","1","N","N","N","0","","0","0","1","3","2","","1739","2","1","0","0","0","1","1","2","0","2","0","0","0","3","03","","N","","","","","","","","","",""
"2021024530","2109","1","0","0","0","0","0","0","0","0","4","0","","67","3","2021","5","39.969981","-75.220816","2109","6","0","0","0","0","0","0","0","1","","0","0","0","21","3","2","","2","0","39 58:11.932","","0","75 13:14.939","4","0","0","0","67301","0","0","0","N","0","0","0","3","67301","2","","1.0","","1","N","N","Y","0","","0","0","1","9","3","","2109","2","2","0","0","0","0","0","2","0","2","0","0","0","3","03","","N","","","","","","","","","",""
"2021023131","1054","0","0","0","0","0","0","0","0","0","8","1","","67","3","2021","6","40.000997","-75.132811","1040","6","0","0","0","0","0","0","0","0","","0","1","0","10","1","1","N","0","0","40 00:03.590","","0","75 07:58.120","3","0","0","0","67301","1","0","0","N","1","0","0","2","67301","0","","1.0","","1","N","N","N","0","","1","0","0","0","0","","1029","2","1","0","0","0","0","1","2","0","1","1","0","0","3","03","","N","","","","","","","","","",""
"2021024448","637","0","0","0","0","0","0","0","0","0","5","2","25","67","3","2021","2","39.909028","-75.151806","637","6","0","0","0","0","0","1","0","0","","0","2","0","6","3","0","N","0","1","39 54:32.500","3","3","75 09:06.500","0","0","0","0","67301","0","0","0","N","0","0","0","2","67501","0","","1.0","748.0","1","N","N","N","0","","0","0","0","3","8","N","637","2","0","0","0","0","0","0","2","0","2","0","0","0","3","03","Y","Y","1","1","","","Y","Y","","","","N"
"2021024652","2050","2","0","0","0","0","0","0","0","0","1","0","","67","2","2021","7","39.967123","-75.133812","2037","6","0","0","0","0","0","0","0","0","","0","0","0","20","3","0","N","0","0","39 58:01.642","","0","75 08:01.724","0","0","0","0","67301","0","0","0","N","0","0","0","2","68K01","0","","1.0","","1","N","N","N","0","","0","0","0","0","0","","2035","2","0","0","0","0","0","0","2","0","2","0","0","0","3","","","N","","","","","","","","","",""
"2021022996","1904","0","0","0","0","0","0","0","0","0","7","1","45","67","3","2021","4","40.012864","-75.058316","1856","6","0","0","0","0","0","0","0","0","","0","1","0","18","2","0","N","0","1","40 00:46.310","1","3","75 03:29.936","0","0","0","0","67301","0","0","0","Y","0","0","0","1","68K01","0","","4.0","100.0","1","N","N","N","0","","0","0","0","0","0","N","1854","1","0","0","0","0","0","0","2","0","1","0","0","0","3","","N","Y","4","1","","","N","Y","","","Y","N"
"2021022787","1327","1","0","0","0","0","0","0","0","0","4","0","","67","3","2021","7","39.987928","-75.152031","1326","6","0","0","0","0","0","0","0","0","","0","0","0","13","1","0","N","0","0","39 59:16.540","","0","75 09:07.310","0","0","0","0","67301","0","0","0","N","0","0","0","1","67301","0","","1.0","","1","N","N","N","0","","0","0","1","0","0","","1315","2","0","1","0","0","0","0","2","0","2","0","0","0","3","03","","N","","","","","","","","","",""
"2021006388","1435","1","0","0","0","0","0","0","0","0","2","0","","67","1","2021","2","39.974908","-75.162051","1431","6","0","0","0","0","0","0","0","0","","0","0","0","13","1","1","","2","0","39 58:29.670","","0","75 09:43.385","3","0","0","0","67301","0","0","0","N","0","0","0","2","67301","0","","1.0","","1","N","N","N","0","","1","0","0","3","2","","1358","2","1","0","0","0","0","0","2","0","2","0","0","0","3","03","","N","","","","","","","","","",""
"2021003330","105","0","0","0","0","0","0","0","0","0","8","0","","67","1","2021","1","40.028739","-75.146991","100","6","0","0","0","0","0","0","0","0","","0","0","0","0","3","1","N","0","0","40 01:43.460","","0","75 08:49.167","3","0","0","0","67301","1","0","0","N","1","0","0","1","67301","0","","9.0","","1","N","N","N","0","","1","0","0","0","0","","10","2","1","0","0","0","0","0","2","0","1","1","0","0","3","03","","N","","","","","","","","","",""
"2021022790","1449","2","0","0","0","0","0","0","0","0","1","0","","67","3","2021","2","39.976531","-75.161697","1449","6","0","0","0","0","0","0","0","0","","0","0","0","14","1","1","N","0","9","39 58:35.510","","0","75 09:42.110","3","0","0","0","67301","0","0","0","N","0","0","0","4","67301","0","","9.0","","1","N","N","N","0","","1","0","0","0","0","U","1429","2","1","0","0","0","0","0","2","0","2","0","0","0","3","03","","N","","","","","","","","","",""
"2021007890","1808","1","0","0","0","0","0","0","0","0","1","0","","67","1","2021","6","39.992872","-75.200744","1802","6","0","0","0","0","0","0","0","0","","0","0","0","18","3","0","N","0","1","39 59:34.338","3","0","75 12:02.680","0","0","0","0","67301","0","0","0","N","0","0","0","2","68K01","0","","1.0","1810.0","1","N","N","N","0","","0","0","1","0","0","N","1800","2","0","0","0","0","0","0","2","0","2","0","0","0","3","","","N","","","","","","","","","",""
"2021022789","1637","3","0","0","0","0","0","0","0","0","2","0","","67","3","2021","7","39.991828","-75.162631","1630","6","0","0","0","0","0","1","0","0","","0","0","0","15","1","1","","2","0","39 59:30.580","","0","75 09:45.471","3","0","0","0","67301","0","0","0","N","0","0","0","3","67301","0","","1.0","","1","N","N","N","0","","1","0","0","3","3","","1550","3","1","0","0","0","0","0","2","0","3","0","0","0","3","03","","N","","","","","","","","","",""
"2021022964","0","2","0","0","0","0","0","0","0","0","1","0","50","67","2","2021","6","39.946504","-75.1887","0","6","0","0","1","1","0","0","0","0","","0","0","0","0","3","2","N","0","2","39 56:47.414","4","1","75 11:19.320","3","0","0","0","67301","0","0","0","N","0","0","0","5","68K01","0","","1.0","10.0","1","N","N","N","0","","2","0","1","3","8","N","0","3","2","0","0","0","0","0","2","0","3","0","0","0","3","","Y","Y","4","1","N","N","Y","Y","N","N","N","N"
"2021008189","1316","1","0","0","0","0","0","0","0","0","5","1","45","67","1","2021","4","39.940684","-75.195276","1300","6","0","0","0","0","0","0","0","0","","0","1","0","12","1","0","N","0","0","39 56:26.462","","0","75 11:42.993","0","0","0","0","67301","0","0","0","N","0","0","0","2","68K01","0","","1.0","","1","N","N","N","0","","0","0","0","0","0","","1257","2","0","0","0","0","0","0","2","0","2","0","0","0","3","","Y","Y","4","1","N","N","N","Y","N","N","N","N"
"2021022944","642","1","0","0","0","0","0","0","0","0","5","0","","67","2","2021","6","39.900819","-75.154258","619","6","0","0","0","0","0","0","0","0","","0","0","0","5","3","0","N","0","0","39 54:02.948","","0","75 09:15.328","0","0","0","0","67301","0","0","0","N","0","0","0","2","68K01","0","","1.0","","2","N","N","N","0","","0","0","1","0","0","","540","2","0","0","0","0","0","0","2","0","2","0","0","0","6","","","N","","","","","","","","","",""