"CRN","ARRIVAL_TM","AUTOMOBILE_COUNT","BELTED_DEATH_COUNT","BELTED_SUSP_SERIOUS_INJ_COUNT","BICYCLE_COUNT","BICYCLE_DEATH_COUNT","BICYCLE_SUSP_SERIOUS_INJ_COUNT","BUS_COUNT","CHLDPAS_DEATH_COUNT","CHLDPAS_SUSP_SERIOUS_INJ_COUNT","COLLISION_TYPE","COMM_VEH_COUNT","CONS_ZONE_SPD_LIM","COUNTY","CRASH_MONTH","CRASH_YEAR","DAY_OF_WEEK","DEC_LATITUDE","DEC_LONGITUDE","DISPATCH_TM","DISTRICT","DRIVER_COUNT_16YR","DRIVER_COUNT_17YR","DRIVER_COUNT_18YR","DRIVER_COUNT_19YR","DRIVER_COUNT_20YR","DRIVER_COUNT_50_64YR","DRIVER_COUNT_65_74YR","DRIVER_COUNT_75PLUS","EST_HRS_CLOSED","FATAL_COUNT","HEAVY_TRUCK_COUNT","HORSE_BUGGY_COUNT","HOUR_OF_DAY","ILLUMINATION","INJURY_COUNT","INTERSECTION_RELATED","INTERSECT_TYPE","LANE_CLOSED","LATITUDE","LN_CLOSE_DIR","LOCATION_TYPE","LONGITUDE","MAX_SEVERITY_LEVEL","MCYCLE_DEATH_COUNT","MCYCLE_SUSP_SERIOUS_INJ_COUNT","MOTORCYCLE_COUNT","MUNICIPALITY","NONMOTR_COUNT","NONMOTR_DEATH_COUNT","NONMOTR_SUSP_SERIOUS_INJ_COUNT","NTFY_HIWY_MAINT","PED_COUNT","PED_DEATH_COUNT","PED_SUSP_SERIOUS_INJ_COUNT","PERSON_COUNT","POLICE_AGCY","POSSIBLE_INJ_COUNT","RDWY_SURF_TYPE_CD","RELATION_TO_ROAD","ROADWAY_CLEARED","ROAD_CONDITION","SCH_BUS_IND","SCH_ZONE_IND","SECONDARY_CRASH","SMALL_TRUCK_COUNT","SPEC_JURIS_CD","SUSP_MINOR_INJ_COUNT","SUSP_SERIOUS_INJ_COUNT","SUV_COUNT","TCD_FUNC_CD","TCD_TYPE","TFC_DETOUR_IND","TIME_OF_DAY","TOTAL_UNITS","TOT_INJ_COUNT","UNBELTED_OCC_COUNT","UNB_DEATH_COUNT","UNB_SUSP_SERIOUS_INJ_COUNT","UNK_INJ_DEG_COUNT","UNK_INJ_PER_COUNT","URBAN_RURAL","VAN_COUNT","VEHICLE_COUNT","VULNERABLE_ROAD_USER_COUNT","VULNERABLE_ROAD_USER_DEATH_COUNT","VULNERABLE_ROAD_USER_SER_INJ_COUNT","WEATHER1","WEATHER2","WORKERS_PRES","WORK_ZONE_IND","WORK_ZONE_LOC","WORK_ZONE_TYPE","WZ_CLOSE_DETOUR","WZ_FLAGGER","WZ_LAW_OFFCR_IND","WZ_LN_CLOSURE","WZ_MOVING","WZ_OTHER","WZ_SHLDER_MDN","WZ_WORKERS_INJ_KILLED"
"2021022984","1236","1","0","0","0","0","0","0","0","0","5","1","","67","3","2021","3","39.959666","-75.180664","1207","6","0","0","0","0","0","0","1","0","","0","1","0","12","1","0","N","0","1","39 57:34.796","3","2","75 10:50.389","0","0","0","0","67301","0","0","0","N","0","0","0","2","68K01","0","","1.0","1333.0","1","N","N","N","0","","0","0","0","0","0","N","1204","2","0","0","0","0","0","0","2","0","2","0","0","0","3","","","N","","","","","","","","","",""
"2021024849","2126","1","0","0","0","0","0","0","0","0","7","0","","67","3","2021","2","40.0396","-75.139164","2105","6","0","0","0","0","0","0","0","0","","0","0","0","20","3","0","N","0","0","40 02:22.560","","0","75 08:20.990","9","0","0","0","67301","0","0","0","N","0","0","0","1","67301","0","","5.0","","1","N","N","N","0","","0","0","0","0","0","","2000","1","0","0","0","0","0","1","2","0","1","0","0","0","3","03","","N","","","","","","","","","",""
"2021024737","1434","2","0","0","0","0","0","0","0","0","1","0","","67","3","2021","6","39.982272","-75.100246","1337","6","0","0","0","0","0","0","0","0","","0","0","0","13","1","0","N","6","1","39 58:56.179","2","2","75 06:00.884","0","0","0","0","67301","0","0","0","N","0","0","0","2","68K01","0","","1.0","1434.0","1","N","N","N","0","","0","0","0","3","2","N","1331","2","0","0","0","0","0","0","2","0","2","0","0","0","3","","","N","","","","","","","","","",""
"2021022655","1720","1","0","0","0","0","0","0","0","0","5","0","","67","2","2021","1","39.915363","-75.147918","1709","6","0","0","0","0","0","1","1","0","","0","0","0","17","1","0","N","0","2","39 54:55.307","2","0","75 08:52.506","0","0","0","0","67301","0","0","0","N","0","0","0","5","68K01","0","","3.0","100.0","9","N","N","N","2","","0","0","1","0","0","N","1704","4","0","1","0","0","0","0","2","0","4","0","0","0","7","","","N","","","","","","","","","",""
"2021024535","745","0","0","0","0","0","0","0","0","0","7","0","","67","3","2021","6","39.953003","-75.226553","741","6","0","0","0","0","0","0","1","0","","0","0","0","6","5","1","N","0","0","39 57:10.810","","0","75 13:35.590","8","0","0","1","67301","0","0","0","N","0","0","0","1","67301","0","","5.0","","1","N","N","N","0","","0","0","0","0","0","","600","1","1","0","0","0","1","0","2","0","1","0","0","0","3","98","","N","","","","","","","","","",""
"2021022055","16","1","0","0","0","0","0","0","0","0","7","0","","67","3","2021","6","40.085648","-75.21085","10","6","0","0","0","0","0","0","0","0","","0","0","0","23","3","0","N","0","0","40 05:08.331","","0","75 12:39.060","0","0","0","0","67301","0","0","0","N","0","0","0","1","67301","0","","5.0","","1","N","N","Y","0","","0","0","0","0","0","","2346","1","0","0","0","0","0","0","2","0","1","0","0","0","3","03","","N","","","","","","","","","",""
"2021009331","20","1","0","0","0","0","0","0","0","0","7","0","","67","1","2021","4","40.078153","-74.978179","15","6","0","0","0","0","0","0","0","0","","0","0","0","23","3","2","N","0","0","40 04:41.349","","0","74 58:41.444","3","0","0","0","67301","0","0","0","N","0","0","0","2","67301","0","","3.0","","1","N","N","N","0","","2","0","0","0","0","","2322","2","2","2","0","0","0","0","2","0","1","0","0","0","3","03","","N","","","","","","","","","",""
"2021023416","5","1","0","0","0","0","0","0","0","0","7","0","","67","3","2021","5","40.001585","-75.152798","2","6","0","0","0","0","0","0","0","0","","0","0","0","0","3","0","","1","0","40 00:05.705","","0","75 09:10.074","0","0","0","0","67301","0","0","0","N","0","0","0","1","67505","0","","3.0","","1","N","N","N","0","","0","0","0","3","2","","1","1","0","0","0","0","0","0","2","0","1","0","0","0","3","03","","N","","","","","","","","","",""
"2021023354","455","1","0","0","0","0","0","0","0","0","1","0","","67","3","2021","1","39.972586","-75.121971","446","6","0","0","0","0","0","1","0","0","","0","0","0","4","3","0","N","0","1","39 58:21.309","2","0","75 07:19.094","9","0","0","0","67301","0","0","0","N","0","0","0","2","68K01","0","","1.0","456.0","1","N","N","N","0","","0","0","0","0","0","N","444","2","0","0","0","0","0","1","2","0","2","0","0","0","3","","","N","","","","","","","","","",""
"2021022257","59","1","0","0","0","0","0","0","0","0","7","0","","67","3","2021","1","40.047965","-75.168875","59","6","0","0","0","0","0","0","0","0","","0","0","0","0","2","1","","2","0","40 02:52.673","","0","75 10:07.951","3","0","0","0","67301","0","0","0","N","0","0","0","1","67301","0","","4.0","","1","N","N","N","0","","1","0","0","3","3","","50","1","1","0","0","0","0","0","2","0","1","0","0","0","3","03","","N","","","","","","","","","",""
"2021006910","1755","1","0","0","0","0","0","0","0","0","8","0","","67","1","2021","3","39.958487","-75.22518","1754","6","0","0","0","0","0","0","0","0","","0","0","0","17","3","1","","1","0","39 57:30.554","","0","75 13:30.649","3","0","0","0","67301","1","0","0","N","1","0","0","1","67301","0","","1.0","","1","N","N","N","0","","1","0","0","3","2","","1752","2","1","0","0","0","0","0","2","0","1","1","0","0","3","03","","N","","","","","","","","","",""
"2021005444","1638","2","0","0","0","0","0","0","0","0","1","0","","67","1","2021","7","39.994752","-75.083985","1559","6","0","0","0","0","0","0","0","0","","0","0","0","15","1","0","N","0","1","39 59:41.106","2","0","75 05:02.346","0","0","0","0","67301","0","0","0","N","0","0","0","4","68K01","0","","1.0","1645.0","1","N","N","N","0","","0","0","0","0","0","N","1553","2","0","0","0","0","0","0","2","0","2","0","0","0","3","03","","N","","","","","","","","","",""
"2021006308","2138","1","0","0","0","0","0","0","0","0","7","0","","67","1","2021","5","40.049626","-74.993913","2128","6","0","0","0","0","0","0","0","0","","0","0","0","21","3","1","N","0","0","40 02:58.654","","0","74 59:38.086","4","0","0","0","67301","0","0","0","N","0","0","0","2","68K01","1","","2.0","","1","N","N","N","0","","0","0","0","0","0","","2127","1","1","2","0","0","0","0","2","0","1","0","0","0","3","","","N","","","","","","","","","",""
"2021008626","2110","0","0","0","0","0","0","0","0","0","7","1","45","67","1","2021","5","40.011264","-75.061148","2110","6","0","0","0","0","0","0","0","0","","0","1","0","19","3","1","N","0","1","40 00:40.552","1","0","75 03:40.134","8","0","0","0","67301","0","0","0","N","0","0","0","1","68K01","0","","4.0","2130.0","1","N","N","N","0","","0","0","0","0","0","N","1952","1","1","0","0","0","1","0","2","0","1","0","0","0","3","","Y","Y","4","1","N","N","N","Y","N","N","Y","Y"
"2021004386","1703","0","0","0","0","0","0","0","0","0","98","0","","67","1","2021","1","39.919753","-75.20192","1703","6","0","0","0","0","0","0","0","0","","0","0","0","20","3","1","N","0","0","39 55:11.110","","3","75 12:06.912","3","0","0","0","67301","0","0","0","N","0","0","0","1","67301","0","","1.0","","9","N","N","N","1","","1","0","0","0","0","","2030","1","1","1","0","0","0","0","2","0","1","0","0","0","7","07","","N","","","","","","","","","",""
"2021003880","1540","2","0","0","0","0","0","0","0","0","1","1","","67","1","2021","2","40.094802","-75.014794","1531","6","0","0","0","0","1","1","0","0","","0","1","0","15","1","2","N","0","2","40 05:41.286","1","0","75 00:53.260","3","0","0","0","67301","0","0","0","N","0","0","0","4","67301","1","","1.0","1600.0","1","N","N","N","0","","1","0","0","0","0","Y","1520","3","2","0","0","0","0","0","2","0","3","0","0","0","3","03","","N","","","","","","","","","",""
"2021006911","2250","1","0","0","0","0","0","0","0","0","4","0","","67","1","2021","7","39.965846","-75.233904","2250","6","0","0","0","0","0","0","0","0","","0","0","0","22","3","1","","1","0","39 57:57.045","","0","75 14:02.054","3","0","0","0","67301","0","0","0","N","0","0","0","1","67301","0","","1.0","","1","N","N","N","0","","1","0","0","3","2","","2235","2","1","0","0","0","0","0","2","0","2","0","0","0","3","03","","N","","","","","","","","","",""
"2021005378","717","1","0","0","0","0","0","0","0","0","7","0","","67","1","2021","7","39.981573","-75.207206","713","6","0","0","0","1","0","0","0","0","","0","0","0","7","3","1","N","0","2","39 58:53.661","3","0","75 12:25.940","3","0","0","0","67301","0","0","0","N","0","0","0","1","68K01","0","","4.0","745.0","9","N","N","N","0","","1","0","0","0","0","N","701","1","1","0","0","0","0","0","2","0","1","0","0","0","7","","","N","","","","","","","","","",""
"2021005986","120","2","0","0","0","0","0","0","0","0","3","0","","67","1","2021","2","39.928799","-75.239767","115","6","0","0","0","0","0","0","0","0","","0","0","0","1","3","1","N","0","0","39 55:43.676","","7","75 14:23.162","8","0","0","0","67301","1","0","0","N","1","0","0","2","67301","0","","1.0","","9","N","N","N","0","","0","0","0","0","0","","112","3","1","0","0","0","1","1","2","0","2","1","0","0","7","04","","N","","","","","","","","","",""
"2021006503","1640","0","0","0","0","0","0","0","0","0","8","0","","67","1","2021","6","39.958961","-75.217013","1635","6","0","0","0","0","0","0","0","0","","0","0","0","16","1","1","","1","0","39 57:32.258","","0","75 13:01.246","3","0","0","0","67301","1","0","0","N","1","0","0","1","67301","0","","9.0","","1","N","N","N","0","","1","0","0","9","2","","1600","2","1","0","0","0","0","0","2","0","1","1","0","0","3","","","N","","","","","","","","","",""
"2021009416","2045","1","0","0","0","0","0","0","0","0","4","0","","67","1","2021","5","40.085459","-75.037453","2040","6","1","0","0","0","0","0","0","0","","0","0","0","20","3","1","","1","0","40 05:07.651","","0","75 02:14.830","3","0","0","0","67301","0","0","0","N","0","0","0","2","67301","0","","1.0","","1","N","N","N","1","","1","0","0","3","2","","2035","2","1","0","0","0","0","0","2","0","2","0","0","0","3","03","","N","","","","","","","","","",""
"2021009547","913","0","0","0","0","0","0","0","0","0","8","0","","67","1","2021","6","39.949351","-75.164318","852","6","0","0","0","0","0","0","0","0","","0","0","0","8","1","1","","11","0","39 56:57.663","","0","75 09:51.544","3","0","0","0","67301","1","0","0","N","1","0","0","1","67301","0","","1.0","","1","N","N","N","0","","1","0","0","3","2","","820","2","1","0","0","0","0","0","2","0","1","1","0","0","3","03","","N","","","","","","","","","",""
"2021006903","1","0","0","0","0","0","0","0","0","0","7","0","","67","1","2021","4","40.042533","-75.172622","0","6","0","0","0","0","0","0","0","0","","0","0","0","23","3","0","N","0","2","40 02:33.120","4","0","75 10:21.440","9","0","0","0","67301","0","0","0","N","0","0","0","1","67301","0","","9.0","145.0","1","N","N","N","0","","0","0","1","0","0","U","2358","1","0","0","0","0","0","1","2","0","1","0","0","0","3","03","","N","","","","","","","","","",""
"2021003625","958","1","0","0","0","0","0","0","0","0","5","1","","67","1","2021","1","39.98099","-75.206561","956","6","0","0","0","0","0","0","0","0","","0","1","0","9","1","0","N","0","0","39 58:51.563","","0","75 12:23.620","0","0","0","0","67301","0","0","0","N","0","0","0","2","68K01","0","","1.0","","9","N","N","N","0","","0","0","0","0","0","","955","2","0","0","0","0","0","0","2","0","2","0","0","0","7","","","N","","","","","","","","","",""
"2021006017","317","2","0","0","0","0","0","0","0","0","4","0","","67","1","2021","6","39.976161","-75.21299","316","6","0","0","0","0","0","0","0","0","","0","0","0","3","3","0","","2","2","39 58:34.181","6","0","75 12:46.765","0","0","0","0","67301","0","0","0","N","0","0","0","1","67301","0","","4.0","500.0","1","N","N","N","0","","0","0","0","0","0","Y","316","2","0","0","0","0","0","0","2","0","2","0","0","0","3","03","","N","","","","","","","","","",""
"2021009091","1210","1","0","0","0","0","0","0","0","0","5","1","","67","1","2021","2","39.929079","-75.168726","1205","6","0","0","0","0","0","1","0","0","","0","1","0","10","1","0","N","0","0","39 55:44.684","","0","75 10:07.412","0","0","0","0","67301","0","0","0","N","0","0","0","3","67301","0","","1.0","","1","N","N","N","0","","0","0","0","0","0","","1055","2","0","0","0","0","0","0","2","0","2","0","0","0","3","03","","N","","","","","","","","","",""
"2021003249","1026","2","0","0","0","0","0","0","0","0","4","0","","67","1","2021","7","39.982999","-75.118759","1026","6","0","0","0","0","0","0","0","0","","0","0","0","9","1","0","N","0","0","39 58:58.795","","0","75 07:07.531","0","0","0","0","67301","0","0","0","N","0","0","0","0","67301","0","","6.0","","1","N","N","N","0","","0","0","1","0","0","","955","3","0","0","0","0","0","0","2","0","3","0","0","0","3","","","N","","","","","","","","","",""
"2021007807","910","1","0","0","0","0","0","0","0","0","5","0","","67","1","2021","1","40.034002","-75.145727","906","6","0","0","0","0","0","0","0","1","","0","0","0","9","1","1","N","0","0","40 02:02.406","","0","75 08:44.618","3","0","0","0","67301","0","0","0","N","0","0","0","2","67301","0","","1.0","","1","N","N","N","0","","1","0","1","0","0","","904","2","1","2","0","0","0","0","2","0","2","0","0","0","3","03","","N","","","","","","","","","",""
"2021005973","2316","1","0","0","0","0","0","0","0","0","7","0","","67","1","2021","6","40.099508","-74.986402","2314","6","0","0","0","0","0","0","0","0","","1","0","0","23","3","0","Y","0","0","40 05:58.228","","0","74 59:11.046","1","0","0","0","67301","0","0","0","N","0","0","0","5","67301","0","2","4.0","","9","N","N","N","0","0","0","0","0","3","2","","2312","1","0","1","1","0","0","1","2","0","1","0","0","0","7","07","","N","","","","","","","","","",""
"2021026948","1210","1","0","0","0","0","0","0","0","0","5","0","","67","3","2021","2","40.038797","-75.169639","1205","6","0","0","0","0","0","0","0","0","","0","0","0","23","3","1","N","0","0","40 02:19.670","","0","75 10:10.700","3","0","0","0","67301","0","0","0","N","0","0","0","1","67301","0","","1.0","","1","N","N","N","0","","1","0","1","0","0","","2320","2","1","0","0","0","0","0","2","0","2","0","0","0","3","03","","N","","","","","","","","","",""
"2021028105","1230","0","0","2","0","0","0","0","0","0","2","0","","67","3","2021","2","39.992224","-75.085531","1220","6","0","0","0","0","0","1","0","0","","0","0","0","12","1","3","N","0","1","39 59:32.007","2","0","75 05:07.910","2","0","0","0","67301","0","0","0","Y","0","0","0","4","68K01","0","","1.0","1302.0","1","N","N","N","1","","1","2","1","0","0","N","1218","4","3","0","0","0","0","0","2","1","3","0","0","0","3","03","","N","","","","","","","","","",""
"2021006875","1820","0","0","0","0","0","0","1","0","0","2","1","","67","1","2021","4","40.023629","-75.164451","1813","6","0","0","0","0","0","1","0","0","","0","0","0","18","3","3","N","0","2","40 01:25.066","1","0","75 09:52.022","3","0","0","0","67301","0","0","0","N","0","0","0","4","67508","2","","1.0","9999.0","1","N","N","Y","1","","1","0","1","0","0","Y","1813","3","3","0","0","0","0","0","2","0","3","0","0","0","3","02","","N","","","","","","","","","",""
"2021006312","1528","1","0","0","0","0","0","0","0","0","5","1","","67","1","2021","6","39.916761","-75.147719","1512","6","0","0","0","0","0","0","0","0","","0","1","0","14","1","0","N","0","1","39 55:00.341","2","0","75 08:51.790","0","0","0","0","67301","0","0","0","N","0","0","0","2","68K01","0","","1.0","30.0","1","N","N","N","0","","0","0","0","0","0","N","1431","2","0","0","0","0","0","0","2","0","2","0","0","0","3","","","N","","","","","","","","","",""
"2021003628","1649","2","0","0","0","0","0","0","0","0","4","0","","67","1","2021","1","39.981146","-75.20676","1629","6","0","1","0","0","0","1","0","0","","0","0","0","16","3","0","N","0","1","39 58:52.126","3","0","75 12:24.336","0","0","0","0","67301","0","0","0","N","0","0","0","4","68K01","0","","1.0","1711.0","9","N","N","N","0","","0","0","0","0","0","N","1629","2","0","0","0","0","0","0","2","0","2","0","0","0","7","","","N","","","","","","","","","",""
"2021006744","149","0","0","0","0","0","0","0","0","0","7","1","","67","1","2021","7","40.035054","-75.018021","143","6","0","0","0","0","0","0","0","0","","0","1","0","1","3","1","N","0","2","40 02:06.193","1","0","75 01:04.874","4","0","0","0","67301","0","0","0","N","0","0","0","1","68K01","1","","2.0","300.0","9","N","N","N","0","","0","0","0","0","0","N","130","1","1","0","0","0","0","0","2","0","1","0","0","0","7","","","N","","","","","","","","","",""
"2021006408","2146","1","0","0","0","0","0","0","0","0","1","0","","67","1","2021","2","40.063397","-75.184006","2134","6","0","0","0","0","0","0","0","0","","0","0","0","21","3","2","N","0","1","40 03:48.230","2","0","75 11:02.420","8","0","0","0","67301","0","0","0","N","0","0","0","2","67301","0","","1.0","139.0","1","N","N","N","0","","0","0","1","0","0","Y","2130","2","2","0","0","0","2","0","2","0","2","0","0","0","3","03","","N","","","","","","","","","",""
"2021007373","1429","2","0","0","0","0","0","0","0","0","1","0","","67","1","2021","5","40.118344","-74.982277","1419","6","0","0","0","0","0","0","1","0","","0","0","0","14","1","2","N","0","1","40 07:06.039","2","0","74 58:56.198","3","0","0","0","67301","0","0","0","N","0","0","0","3","67301","0","","1.0","120.0","1","N","N","N","0","","2","0","0","0","0","N","1419","2","2","0","0","0","0","0","2","0","2","0","0","0","3","03","","N","","","","","","","","","",""
"2021009622","1430","2","0","0","0","0","0","0","0","0","1","0","","67","1","2021","5","39.962475","-75.182949","1420","6","0","0","0","0","0","1","0","0","","0","0","0","14","1","0","N","0","0","39 57:44.911","","0","75 10:58.615","0","0","0","0","67301","0","0","0","N","0","0","0","2","68K01","0","","1.0","","1","N","N","N","0","","0","0","0","0","0","","1416","2","0","0","0","0","0","0","2","0","2","0","0","0","3","03","","N","","","","","","","","","",""
"2021006049","256","0","0","0","0","0","0","0","0","0","5","1","","67","1","2021","1","40.009747","-75.118508","233","6","0","0","0","0","0","1","0","0","","0","1","0","2","3","1","N","0","1","40 00:35.090","3","0","75 07:06.630","3","0","0","0","67301","0","0","0","N","0","0","0","2","67301","0","","1.0","340.0","1","N","N","N","0","","1","0","1","0","0","N","217","2","1","0","0","0","0","0","2","0","2","0","0","0","3","03","","N","","","","","","","","","",""
"2021006028","555","1","0","0","0","0","0","0","0","0","99","0","","67","1","2021","3","39.961215","-75.235143","545","6","0","0","0","0","0","0","0","0","","0","0","0","5","3","0","N","0","0","39 57:40.374","","99","75 14:06.513","9","0","0","0","67301","0","0","0","N","0","0","0","1","67301","0","","1.0","","1","N","N","N","0","","0","0","0","0","0","","545","1","0","0","0","0","0","1","2","0","1","0","0","0","3","03","","N","","","","","","","","","",""
"2021006198","1135","1","0","0","0","0","0","0","0","0","2","0","","67","1","2021","3","40.054424","-74.983876","1125","6","0","0","0","0","0","0","1","0","","0","0","0","11","1","1","N","0","2","40 03:15.927","6","0","74 59:01.955","2","0","0","0","67301","0","0","0","N","0","0","0","2","67301","0","","1.0","100.0","1","N","N","N","0","","0","1","1","3","8","Y","1124","2","1","0","0","0","0","0","2","0","2","0","0","0","4","04","","N","","","","","","","","","",""
"2021009419","2351","1","0","0","0","0","0","0","0","0","4","0","","67","1","2021","5","40.054071","-75.155528","2345","6","0","0","1","0","0","0","0","0","","0","0","0","23","3","0","","1","0","40 03:14.655","","0","75 09:19.899","0","0","0","0","67301","0","0","0","N","0","0","0","5","67301","0","","1.0","","1","N","N","N","0","","0","0","1","3","3","","2320","2","0","0","0","0","0","0","2","0","2","0","0","0","3","03","","N","","","","","","","","","",""
"2021007049","900","1","0","0","0","0","0","0","0","0","4","1","","67","1","2021","4","40.016616","-75.14718","839","6","0","0","0","0","0","1","0","0","","0","1","0","8","1","0","","1","2","40 00:59.817","1","0","75 08:49.848","0","0","0","0","67301","0","0","0","N","0","0","0","2","67301","0","","1.0","955.0","1","N","N","N","0","","0","0","0","3","2","N","805","2","0","0","0","0","0","0","2","0","2","0","0","0","3","03","","N","","","","","","","","","",""
"2021007162","1956","1","0","0","0","0","0","0","0","0","8","0","","67","1","2021","3","40.036762","-75.040946","1948","6","0","0","0","0","0","0","0","0","","0","0","0","19","3","1","","1","1","40 02:12.343","2","0","75 02:27.405","3","0","0","0","67301","1","0","0","N","1","0","0","2","67301","0","","9.0","30.0","1","N","N","N","0","","1","0","0","3","2","N","1945","2","1","0","0","0","0","0","2","0","1","1","0","0","3","","","N","","","","","","","","","",""
"2021008913","800","1","0","0","0","0","0","0","0","0","7","0","","67","1","2021","3","39.891705","-75.237479","800","6","0","0","0","0","0","0","0","0","","0","0","0","8","1","1","N","0","0","39 53:30.137","","0","75 14:14.923","3","0","0","0","67301","0","0","0","Y","0","0","0","1","68K01","0","","2.0","","1","N","N","N","0","","1","0","0","0","0","","800","1","1","0","0","0","0","0","2","0","1","0","0","0","3","","","N","","","","","","","","","",""
"2021006747","1616","1","0","1","0","0","0","0","0","0","1","0","","67","1","2021","7","39.958284","-75.165983","1559","6","0","0","0","0","0","1","0","0","","0","0","0","15","1","1","N","0","1","39 57:29.822","3","0","75 09:57.537","2","0","0","0","67301","0","0","0","N","0","0","0","3","68K01","0","","1.0","1620.0","1","N","N","N","0","","0","1","0","0","0","N","1558","2","1","0","0","0","0","0","2","1","2","0","0","0","3","03","","N","","","","","","","","","",""
"2021009216","1853","1","0","0","0","0","0","0","0","0","8","0","","67","1","2021","4","39.985753","-75.184344","1851","6","0","0","0","0","1","0","0","0","","0","0","0","18","3","1","N","0","0","39 59:08.710","","0","75 11:03.640","8","0","0","0","67301","1","0","0","N","1","0","0","2","67301","0","","1.0","","1","N","N","N","0","","0","0","0","0","0","","1850","2","1","0","0","0","1","0","2","0","1","1","0","0","3","03","","N","","","","","","","","","",""
"2021003244","1045","1","0","0","0","0","0","0","0","0","3","1","","67","1","2021","6","39.954339","-75.226048","1036","6","0","0","0","0","0","1","0","0","","0","1","0","10","1","1","N","0","0","39 57:15.620","","0","75 13:33.773","4","0","0","0","67301","0","0","0","N","0","0","0","2","67301","1","","6.0","","1","N","N","N","0","","0","0","0","0","0","","1030","2","1","0","0","0","0","0","2","0","2","0","0","0","3","98","","N","","","","","","","","","",""
"2021008848","1156","1","0","0","0","0","0","0","0","0","2","0","","67","1","2021","1","39.969664","-75.211523","1156","6","0","0","0","0","0","0","0","0","","0","0","0","11","1","1","","1","0","39 58:10.789","","0","75 12:41.484","4","0","0","0","67301","0","0","0","N","0","0","0","5","67301","1","","1.0","","1","N","N","N","0","","0","0","2","3","2","","1152","3","1","1","0","0","0","1","2","0","3","0","0","0","3","03","","N","","","","","","","","","",""
"2021003189","200","1","0","0","0","0","0","0","0","0","7","0","","67","1","2021","1","40.016164","-75.204574","156","6","0","1","0","0","0","0","0","0","","0","0","0","0","3","0","N","0","0","40 00:58.189","","0","75 12:16.468","0","0","0","0","67301","0","0","0","N","0","0","0","1","67301","0","","3.0","","1","N","N","N","0","","0","0","0","0","0","","0","1","0","0","0","0","0","0","2","0","1","0","0","0","3","03","","N","","","","","","","","","",""
"2021005984","1236","1","0","0","0","0","0","0","0","0","8","0","","67","1","2021","7","39.928876","-75.235516","1228","6","0","0","0","0","0","0","0","0","","0","0","0","12","1","1","","1","0","39 55:43.955","","0","75 14:07.857","8","0","0","0","67301","1","0","0","N","1","0","0","2","67301","0","","9.0","","1","N","N","N","0","","0","0","0","9","9","","1220","2","1","0","0","0","1","1","2","0","1","1","0","0","3","03","","N","","","","","","","","","",""
"2021003621","857","0","0","0","0","0","0","0","0","0","7","1","45","67","1","2021","2","40.012095","-75.059658","849","6","0","0","0","0","0","0","0","0","","0","1","0","8","1","0","N","0","2","40 00:43.541","1","0","75 03:34.767","0","0","0","0","67301","0","0","0","Y","0","0","0","1","68K01","0","","4.0","911.0","1","N","N","N","0","","0","0","0","0","0","N","849","2","0","0","0","0","0","0","2","0","1","0","0","0","3","03","Y","Y","4","1","N","N","N","N","N","Y","N","N"
"2021001291","15","2","0","0","0","0","0","0","0","0","4","0","","67","1","2021","2","39.952622","-75.231628","15","6","0","0","0","0","0","0","0","0","","0","0","0","0","3","3","N","0","2","39 57:09.440","7","0","75 13:53.860","3","0","0","0","67301","0","0","0","N","0","0","0","4","67301","1","","1.0","100.0","1","N","N","N","0","","2","0","0","0","0","Y","10","2","3","0","0","0","0","0","2","0","2","0","0","0","3","03","","N","","","","","","","","","",""
"2021026207","1900","1","0","0","0","0","0","0","0","0","8","0","","67","3","2021","6","40.008979","-75.196405","1833","6","0","0","0","0","0","0","0","0","","0","0","0","17","1","1","N","0","0","40 00:32.326","","0","75 11:47.057","3","0","0","0","67301","1","0","0","N","1","0","0","2","67301","0","","1.0","","1","N","N","N","0","","1","0","0","0","0","","1705","2","1","0","0","0","0","0","2","0","1","1","0","0","3","03","","N","","","","","","","","","",""
"2021025367","906","1","0","0","0","0","0","0","0","0","5","0","","67","3","2021","4","40.01701","-75.171642","903","6","0","0","0","0","0","1","0","0","","0","0","0","8","1","0","N","0","0","40 01:01.236","","0","75 10:17.910","0","0","0","0","67301","0","0","0","N","0","0","0","2","67301","0","","1.0","","9","N","N","N","0","","0","0","1","0","0","","825","2","0","0","0","0","0","0","2","0","2","0","0","0","4","","","N","","","","","","","","","",""
"2021002274","2000","0","0","0","0","0","0","0","0","0","2","0","","67","1","2021","4","40.054424","-75.179379","2000","6","0","0","0","0","0","0","0","0","","0","0","0","19","3","2","N","0","0","40 03:15.928","","0","75 10:45.765","3","0","0","0","67301","0","0","0","N","0","0","0","3","67301","0","","4.0","","1","N","N","N","0","","2","0","2","0","0","","1950","2","2","0","0","0","0","0","2","0","2","0","0","0","3","","","N","","","","","","","","","",""
"2021028011","1152","0","0","0","0","0","0","0","0","0","98","0","","67","3","2021","6","39.88611","-75.211994","1135","6","0","0","0","0","0","1","0","0","","0","0","0","11","1","0","N","0","0","39 53:09.995","","0","75 12:43.180","0","0","0","0","67301","0","0","0","N","0","0","0","2","68K01","0","","3.0","","1","N","N","N","2","","0","0","0","0","0","","1131","2","0","0","0","0","0","0","2","0","2","0","0","0","3","","","N","","","","","","","","","",""