"CRN","ARRIVAL_TM","AUTOMOBILE_COUNT","BELTED_DEATH_COUNT","BELTED_SUSP_SERIOUS_INJ_COUNT","BICYCLE_COUNT","BICYCLE_DEATH_COUNT","BICYCLE_SUSP_SERIOUS_INJ_COUNT","BUS_COUNT","CHLDPAS_DEATH_COUNT","CHLDPAS_SUSP_SERIOUS_INJ_COUNT","COLLISION_TYPE","COMM_VEH_COUNT","CONS_ZONE_SPD_LIM","COUNTY","CRASH_MONTH","CRASH_YEAR","DAY_OF_WEEK","DEC_LATITUDE","DEC_LONGITUDE","DISPATCH_TM","DISTRICT","DRIVER_COUNT_16YR","DRIVER_COUNT_17YR","DRIVER_COUNT_18YR","DRIVER_COUNT_19YR","DRIVER_COUNT_20YR","DRIVER_COUNT_50_64YR","DRIVER_COUNT_65_74YR","DRIVER_COUNT_75PLUS","EST_HRS_CLOSED","FATAL_COUNT","HEAVY_TRUCK_COUNT","HORSE_BUGGY_COUNT","HOUR_OF_DAY","ILLUMINATION","INJURY_COUNT","INTERSECTION_RELATED","INTERSECT_TYPE","LANE_CLOSED","LATITUDE","LN_CLOSE_DIR","LOCATION_TYPE","LONGITUDE","MAX_SEVERITY_LEVEL","MCYCLE_DEATH_COUNT","MCYCLE_SUSP_SERIOUS_INJ_COUNT","MOTORCYCLE_COUNT","MUNICIPALITY","NONMOTR_COUNT","NONMOTR_DEATH_COUNT","NONMOTR_SUSP_SERIOUS_INJ_COUNT","NTFY_HIWY_MAINT","PED_COUNT","PED_DEATH_COUNT","PED_SUSP_SERIOUS_INJ_COUNT","PERSON_COUNT","POLICE_AGCY","POSSIBLE_INJ_COUNT","RDWY_SURF_TYPE_CD","RELATION_TO_ROAD","ROADWAY_CLEARED","ROAD_CONDITION","SCH_BUS_IND","SCH_ZONE_IND","SECONDARY_CRASH","SMALL_TRUCK_COUNT","SPEC_JURIS_CD","SUSP_MINOR_INJ_COUNT","SUSP_SERIOUS_INJ_COUNT","SUV_COUNT","TCD_FUNC_CD","TCD_TYPE","TFC_DETOUR_IND","TIME_OF_DAY","TOTAL_UNITS","TOT_INJ_COUNT","UNBELTED_OCC_COUNT","UNB_DEATH_COUNT","UNB_SUSP_SERIOUS_INJ_COUNT","UNK_INJ_DEG_COUNT","UNK_INJ_PER_COUNT","URBAN_RURAL","VAN_COUNT","VEHICLE_COUNT","VULNERABLE_ROAD_USER_COUNT","VULNERABLE_ROAD_USER_DEATH_COUNT","VULNERABLE_ROAD_USER_SER_INJ_COUNT","WEATHER1","WEATHER2","WORKERS_PRES","WORK_ZONE_IND","WORK_ZONE_LOC","WORK_ZONE_TYPE","WZ_CLOSE_DETOUR","WZ_FLAGGER","WZ_LAW_OFFCR_IND","WZ_LN_CLOSURE","WZ_MOVING","WZ_OTHER","WZ_SHLDER_MDN","WZ_WORKERS_INJ_KILLED"
"2021002279","1321","1","0","0","0","0","0","0","0","0","5","1","","67","1","2021","2","40.009861","-75.078778","1237","6","0","0","0","0","0","0","1","0","","0","1","0","12","1","0","N","0","2","40 00:35.500","2","0","75 04:43.600","0","0","0","0","67301","0","0","0","N","0","0","0","1","67301","0","","6.0","1400.0","1","N","N","Y","0","","0","0","1","0","0","Y","1211","3","0","0","0","0","0","0","2","0","3","0","0","0","4","","","N","","","","","","","","","",""
"2021003818","2049","3","0","0","0","0","0","0","0","0","1","0","","67","1","2021","7","39.99231","-75.201678","2049","6","0","0","0","1","1","1","0","0","","0","0","0","20","3","0","N","0","0","39 59:32.315","","0","75 12:06.039","0","0","0","0","67301","0","0","0","N","0","0","0","3","68K01","0","","1.0","","1","N","N","Y","0","","0","0","0","0","0","","2026","3","0","0","0","0","0","0","2","0","3","0","0","0","3","03","","N","","","","","","","","","",""
"2021026950","423","0","0","0","0","0","0","0","0","0","5","0","","67","3","2021","1","39.939953","-75.199484","410","6","0","0","0","0","0","1","0","0","","0","0","0","4","3","0","N","0","0","39 56:23.831","","0","75 11:58.141","0","0","0","0","67301","0","0","0","N","0","0","0","2","67301","0","","1.0","","1","N","N","N","1","","0","0","0","3","2","","405","2","0","1","0","0","0","0","2","0","2","0","0","0","3","03","","N","","","","","","","","","",""
"2021026835","1238","3","0","0","0","0","0","0","0","0","1","0","","67","3","2021","5","39.988909","-75.088189","1229","6","0","0","0","0","0","0","0","0","","0","0","0","12","1","1","N","0","0","39 59:20.071","","0","75 05:17.480","3","0","0","0","67301","0","0","0","N","0","0","0","4","68K01","0","","1.0","","1","N","N","N","0","","1","0","1","0","0","","1215","4","1","0","0","0","0","0","2","0","4","0","0","0","3","","","N","","","","","","","","","",""
"2021028039","1300","1","0","0","0","0","0","0","0","0","5","0","","67","3","2021","5","40.071447","-75.032354","1250","6","0","0","0","0","0","0","0","0","","0","0","0","12","1","0","N","0","0","40 04:17.210","","0","75 01:56.475","9","0","0","0","67301","0","0","0","N","0","0","0","2","67301","0","","1.0","","1","N","N","N","0","","0","0","2","0","0","","1242","3","0","0","0","0","0","1","2","0","3","0","0","0","3","03","","N","","","","","","","","","",""
"2021027670","247","0","0","0","0","0","0","0","0","0","7","0","","67","3","2021","4","39.966378","-75.231782","247","6","0","0","0","0","0","0","0","0","","0","0","0","2","3","1","N","2","0","39 57:58.959","","0","75 13:54.414","8","0","0","0","67301","0","0","0","N","0","0","0","1","67301","0","","5.0","","1","N","N","N","0","","0","0","1","0","0","","226","1","1","0","0","0","1","0","2","0","1","0","0","0","3","03","","N","","","","","","","","","",""
"2021026877","1650","0","0","0","0","0","0","0","0","0","1","0","","67","3","2021","6","39.942362","-75.193613","1635","6","0","0","0","0","0","0","0","0","","0","0","0","16","1","0","N","0","1","39 56:32.502","4","0","75 11:37.007","0","0","0","0","67301","0","0","0","N","0","0","0","2","68K01","0","","1.0","5.0","1","N","N","N","1","","0","0","1","0","0","N","1634","2","0","0","0","0","0","0","2","0","2","0","0","0","3","03","","N","","","","","","","","","",""
"2021001498","326","1","0","0","0","0","0","0","0","0","99","0","","67","1","2021","6","39.996502","-75.196927","319","6","0","0","0","0","0","0","0","0","","0","0","0","1","3","0","N","0","0","39 59:47.407","","0","75 11:48.937","0","0","0","0","67301","0","0","0","N","0","0","0","1","68K01","0","","4.0","","1","N","N","N","0","","0","0","0","0","0","","145","2","0","0","0","0","0","0","2","0","1","0","0","0","3","03","","N","","","","","","","","","",""
"2021024842","1756","1","0","0","0","0","0","0","0","0","1","1","35","67","3","2021","5","39.909278","-75.154222","1756","6","0","0","0","0","0","0","0","0","","0","1","0","17","1","0","N","0","0","39 54:33.400","","3","75 09:15.200","0","0","0","0","67301","0","0","0","N","0","0","0","3","67501","0","","1.0","","1","N","N","N","0","","0","0","0","0","0","","1756","2","0","0","0","0","0","0","2","0","2","0","0","0","3","","N","Y","8","1","","","N","","","","Y","N"
"2021000275","233","0","0","0","0","0","0","0","0","0","4","0","","67","1","2021","6","40.120187","-75.037668","233","6","0","0","0","1","0","0","0","0","","0","1","0","2","3","1","","2","0","40 07:12.674","","0","75 02:15.605","3","0","0","0","67301","0","0","0","N","0","0","0","2","67301","0","","1.0","","1","N","N","N","0","","1","0","1","0","0","","233","2","1","0","0","0","0","1","2","0","2","0","0","0","3","","","N","","","","","","","","","",""
"2021024536","1217","0","0","0","0","0","0","0","0","0","8","0","","67","3","2021","7","39.95321","-75.242588","1216","6","0","0","0","0","0","0","0","0","","0","0","0","12","1","1","","2","0","39 57:11.556","","0","75 14:33.316","3","0","0","0","67301","1","0","0","N","1","0","0","2","67301","0","","1.0","","1","N","N","N","0","","1","0","1","3","3","","1215","2","1","1","0","0","0","0","2","0","1","1","0","0","3","03","","N","","","","","","","","","",""
"2021025833","1555","0","0","0","0","0","0","0","0","0","5","1","","67","3","2021","4","39.954993","-75.197036","1554","6","0","0","0","0","0","0","0","0","","0","1","0","15","1","0","N","0","0","39 57:17.973","","0","75 11:49.328","0","0","0","0","67301","0","0","0","N","0","0","0","1","67301","0","","6.0","","1","N","N","N","1","","0","0","0","0","0","","1520","2","0","0","0","0","0","0","2","0","2","0","0","0","3","03","","N","","","","","","","","","",""
"2021025192","143","2","0","0","0","0","0","0","0","0","6","0","","67","3","2021","3","39.989233","-75.181936","142","6","0","0","0","0","0","0","0","0","","0","0","0","1","3","0","N","0","0","39 59:21.240","","0","75 10:54.970","9","0","0","0","67301","0","0","0","N","0","0","0","1","67301","0","","6.0","","1","N","N","N","1","","0","0","2","3","3","","141","5","0","0","0","0","0","1","2","0","5","0","0","0","3","03","","N","","","","","","","","","",""
"2021026031","1635","2","0","0","0","0","0","0","0","0","4","0","","67","3","2021","5","40.028206","-75.08819","1634","6","0","0","1","0","0","0","0","0","","0","0","0","16","1","0","","1","1","40 01:41.541","7","0","75 05:17.484","9","0","0","0","67301","0","0","0","N","0","0","0","2","67301","0","","1.0","100.0","9","N","N","N","0","","0","0","0","3","2","Y","1633","2","0","0","0","0","0","1","2","0","2","0","0","0","7","07","","N","","","","","","","","","",""
"2021023842","1135","1","0","0","0","0","0","1","0","0","5","1","","67","3","2021","2","39.95642","-75.198064","1115","6","0","0","0","0","0","0","0","0","","0","0","0","11","1","0","N","0","0","39 57:23.113","","0","75 11:53.030","0","0","0","0","67301","0","0","0","N","0","0","0","2","67508","0","","1.0","","9","N","N","Y","0","","0","0","0","0","0","","1115","2","0","0","0","0","0","0","2","0","2","0","0","0","7","07","","N","","","","","","","","","",""
"2021000252","325","1","0","0","0","0","0","0","0","0","7","0","","67","1","2021","6","40.021708","-75.051929","324","6","0","0","0","0","0","0","0","0","","0","0","0","2","3","0","N","0","0","40 01:18.148","","0","75 03:06.943","0","0","0","0","67301","0","0","0","N","0","0","0","0","67301","0","","5.0","","1","N","N","N","0","","0","0","0","0","0","","209","1","0","0","0","0","0","0","2","0","1","0","0","0","3","03","","N","","","","","","","","","",""
"2021026202","500","1","0","0","0","0","0","0","0","0","4","0","","67","3","2021","5","39.93574","-75.228522","500","6","0","0","0","0","0","2","0","0","","0","0","0","5","1","0","","1","0","39 56:08.663","","0","75 13:42.679","0","0","0","0","67301","0","0","0","N","0","0","0","2","67301","0","","1.0","","9","N","N","N","0","","0","0","0","3","2","","500","2","0","0","0","0","0","0","2","0","2","0","0","0","7","07","","N","","","","","","","","","",""
"2021002261","2132","0","0","0","0","0","0","0","0","0","4","0","","67","1","2021","1","40.057347","-75.062808","2128","6","0","0","0","0","0","0","0","0","","0","0","0","21","3","0","N","0","0","40 03:26.450","","0","75 03:46.110","9","0","0","0","67301","0","0","0","N","0","0","0","1","67301","0","","1.0","","9","N","N","N","0","","0","0","2","0","0","","2127","2","0","0","0","0","0","1","2","0","2","0","0","0","7","","","N","","","","","","","","","",""
"2021049065","1529","1","0","0","0","0","0","0","0","0","8","0","","67","5","2021","7","40.052256","-75.061181","1522","6","0","0","0","1","0","0","0","0","","0","0","0","14","1","1","N","0","0","40 03:08.120","","0","75 03:40.250","8","0","0","0","67301","1","0","0","N","1","0","0","2","67301","0","","1.0","","1","N","N","N","0","","0","0","0","0","0","","1440","2","1","0","0","0","1","0","2","0","1","1","0","0","3","","","N","","","","","","","","","",""
"2021024200","113","2","0","0","0","0","0","0","0","0","5","0","","67","3","2021","7","39.993176","-75.084865","109","6","0","0","0","0","0","0","0","0","","0","0","0","1","3","0","N","0","1","39 59:35.433","1","0","75 05:05.515","0","0","0","0","67301","0","0","0","N","0","0","0","4","68K01","0","","1.0","157.0","1","N","N","N","0","","0","0","0","0","0","N","105","2","0","0","0","0","0","0","2","0","2","0","0","0","3","03","","N","","","","","","","","","",""
"2021024564","1655","2","0","0","0","0","0","0","0","0","1","0","","67","3","2021","7","39.991975","-75.134742","1649","6","0","0","0","1","0","0","0","0","","0","0","0","16","1","0","N","0","0","39 59:31.110","","0","75 08:05.070","0","0","0","0","67301","0","0","0","N","0","0","0","1","67301","0","","1.0","","1","N","N","N","0","","0","0","0","3","2","","1635","2","0","0","0","0","0","0","2","0","2","0","0","0","3","03","","N","","","","","","","","","",""
"2021024775","721","1","0","0","0","0","0","0","0","0","7","0","","67","3","2021","1","39.966211","-75.186809","716","6","0","0","0","0","0","0","0","0","","0","0","0","7","1","1","N","0","1","39 57:58.358","4","0","75 11:12.512","4","0","0","0","67301","0","0","0","N","0","0","0","2","68K01","1","","2.0","750.0","1","N","N","N","0","","0","0","0","0","0","N","713","1","1","2","0","0","0","0","2","0","1","0","0","0","3","03","","N","","","","","","","","","",""
"2021026407","1200","1","0","0","0","0","0","0","0","0","4","0","","67","3","2021","7","39.925217","-75.229108","1155","6","0","0","0","0","0","0","0","0","","0","0","0","11","1","1","","1","0","39 55:30.782","","0","75 13:44.788","4","0","0","0","67301","0","0","0","N","0","0","0","2","67301","1","","1.0","","1","N","N","N","1","","0","0","0","3","2","","1150","2","1","0","0","0","0","0","2","0","2","0","0","0","3","","","N","","","","","","","","","",""
"2021011650","54","2","0","0","0","0","0","0","0","0","1","0","","67","2","2021","5","40.019899","-75.15006","52","6","0","0","0","0","0","1","0","0","","0","0","0","0","3","0","N","0","0","40 01:11.638","","0","75 09:00.216","0","0","0","0","67301","0","0","0","N","0","0","0","2","67301","0","","1.0","","98","N","N","N","0","","0","0","0","0","0","","50","2","0","0","0","0","0","0","2","0","2","0","0","0","3","98","","N","","","","","","","","","",""
"2021026683","1646","1","0","0","0","0","0","0","0","0","1","0","","67","3","2021","1","40.008206","-75.191299","1640","6","0","0","0","0","0","2","0","0","","0","0","0","16","1","3","N","0","2","40 00:29.543","2","0","75 11:28.677","8","0","0","0","67301","0","0","0","N","0","0","0","4","67301","0","","1.0","1710.0","1","N","N","N","0","","0","0","1","0","0","Y","1640","2","3","0","0","0","3","0","2","0","2","0","0","0","3","03","","N","","","","","","","","","",""
"2021024566","840","2","0","0","0","0","0","0","0","0","1","0","","67","3","2021","5","39.988486","-75.127903","832","6","0","0","0","0","0","0","0","0","","0","0","0","8","1","1","N","0","0","39 59:18.550","","0","75 07:40.450","3","0","0","0","67301","0","0","0","N","0","0","0","2","67301","0","","1.0","","1","N","N","N","0","","1","0","0","3","2","","820","2","1","0","0","0","0","0","2","0","2","0","0","0","3","","","N","","","","","","","","","",""
"2021027197","2231","1","0","0","0","0","0","0","0","0","1","0","","67","3","2021","1","39.995565","-75.197657","2235","6","0","0","0","0","0","1","0","0","","0","0","0","22","3","1","N","0","1","39 59:44.035","3","0","75 11:51.566","8","0","0","0","67301","0","0","0","N","0","0","0","2","68K01","0","","1.0","1205.0","1","N","N","N","1","","0","0","0","0","0","N","2224","2","1","0","0","0","1","0","2","0","2","0","0","0","3","03","","N","","","","","","","","","",""
"2021027850","1658","2","0","0","0","0","0","0","0","0","1","0","","67","3","2021","4","39.958367","-75.16668","1654","6","0","0","1","0","0","0","0","0","","0","0","0","16","1","0","N","0","2","39 57:30.122","3","0","75 10:00.049","0","0","0","0","67301","0","0","0","N","0","0","0","5","68K01","0","","1.0","1700.0","1","N","N","N","0","","0","0","0","0","0","N","1640","2","0","0","0","0","0","0","2","0","2","0","0","0","3","","","N","","","","","","","","","",""
"2021024823","442","4","0","0","0","0","0","0","0","0","6","0","","67","3","2021","1","40.072914","-75.178606","442","6","0","0","0","0","0","0","0","0","","0","0","0","4","3","2","N","0","0","40 04:22.490","","0","75 10:42.983","8","0","0","0","67301","0","0","0","N","0","0","0","2","67301","0","","6.0","","1","N","N","Y","0","","0","0","0","0","0","","438","4","2","0","0","0","2","0","2","0","4","0","0","0","3","03","","N","","","","","","","","","",""
"2021049633","626","1","0","0","0","0","0","0","0","0","7","0","","67","5","2021","1","40.030927","-75.021785","604","6","0","0","0","0","0","0","0","0","","0","0","0","5","5","1","N","0","0","40 01:51.336","","0","75 01:18.427","8","0","0","0","67301","0","0","0","N","0","0","0","2","68K01","0","","4.0","","9","N","N","N","0","","0","0","0","3","8","","553","1","1","0","0","0","1","0","2","0","1","0","0","0","7","","","N","","","","","","","","","",""
"2021027016","8","1","0","0","0","0","0","0","0","0","5","0","","67","3","2021","5","40.00842","-75.210954","8","6","0","0","0","0","0","0","0","0","","0","0","0","23","3","0","N","0","0","40 00:30.311","","0","75 12:39.433","0","0","0","0","67301","0","0","0","N","0","0","0","4","67301","0","","1.0","","9","N","N","N","0","","0","0","1","0","0","","2330","2","0","0","0","0","0","0","2","0","2","0","0","0","7","07","","N","","","","","","","","","",""
"2021001492","30","2","0","0","0","0","0","0","0","0","1","0","","67","1","2021","7","39.981179","-75.206798","21","6","0","0","0","1","0","0","0","0","","0","0","0","0","3","0","N","0","0","39 58:52.244","","0","75 12:24.472","9","0","0","0","67301","0","0","0","N","0","0","0","3","68K01","0","","1.0","","9","N","N","N","0","","0","0","0","0","0","","20","3","0","0","0","0","0","1","2","0","3","0","0","0","7","","","N","","","","","","","","","",""
"2021002269","1902","1","0","0","0","0","0","0","0","0","7","0","","67","1","2021","4","39.959381","-75.166489","1900","6","0","0","0","0","0","0","0","0","","0","0","0","18","3","1","N","0","0","39 57:33.770","","0","75 09:59.360","3","0","0","0","67301","0","0","0","N","0","0","0","1","67301","0","","5.0","","1","N","N","N","0","","1","0","0","0","0","","1832","1","1","0","0","0","0","0","2","0","1","0","0","0","3","03","","N","","","","","","","","","",""
"2021027017","257","2","0","0","0","0","0","0","0","0","5","0","","67","3","2021","7","39.962675","-75.243267","257","6","0","0","0","0","0","0","0","0","","0","0","0","1","3","0","N","0","0","39 57:45.630","","0","75 14:35.760","0","0","0","0","67301","0","0","0","N","0","0","0","1","67301","0","","6.0","","1","N","N","N","0","","0","0","1","0","0","","134","3","0","0","0","0","0","0","2","0","3","0","0","0","3","03","","N","","","","","","","","","",""
"2021032536","1543","2","0","0","0","0","0","0","0","0","1","0","","67","4","2021","3","40.033079","-75.146043","1543","6","0","0","0","0","0","0","0","0","","0","0","0","23","3","2","N","0","0","40 01:59.084","","0","75 08:45.754","8","0","0","0","67301","0","0","0","N","0","0","0","2","67301","0","","6.0","","99","N","N","N","0","","0","0","0","0","0","","2300","2","2","2","0","0","2","0","2","0","2","0","0","0","99","03","","N","","","","","","","","","",""
"2021032756","1814","0","0","0","0","0","0","0","0","0","4","0","","67","4","2021","3","40.000318","-75.083642","1757","6","0","0","0","0","0","1","0","0","","0","0","0","17","1","0","","2","1","40 00:01.143","2","2","75 05:01.112","0","0","0","0","67301","0","0","0","N","0","0","0","2","67301","0","","1.0","1845.0","1","N","N","N","1","","0","0","1","3","2","N","1749","2","0","0","0","0","0","0","2","0","2","0","0","0","3","03","","N","","","","","","","","","",""
"2021027196","1509","1","0","0","0","0","0","0","0","0","5","0","","67","3","2021","1","39.962126","-75.139486","1509","6","0","0","0","0","0","0","1","0","","0","0","0","14","1","2","N","0","0","39 57:43.653","","0","75 08:22.151","4","0","0","0","67301","0","0","0","N","0","0","0","3","68K01","2","","1.0","","1","N","N","N","1","","0","0","0","3","8","","1456","2","2","0","0","0","0","0","2","0","2","0","0","0","3","","","N","","","","","","","","","",""
"2021026030","1705","1","0","0","0","0","0","0","0","0","1","0","","67","3","2021","5","39.964456","-75.181953","1659","6","0","0","0","0","0","0","0","0","","0","0","0","16","1","2","N","0","0","39 57:52.042","","0","75 10:55.030","3","0","0","0","67301","0","0","0","N","0","0","0","5","67301","0","","1.0","","9","N","N","N","0","","2","0","1","3","1","","1655","2","2","0","0","0","0","1","2","0","2","0","0","0","7","07","","N","","","","","","","","","",""
"2021049177","1135","2","0","0","0","0","0","0","0","0","5","0","","67","3","2021","6","40.033903","-75.143586","1135","6","0","0","0","0","0","0","0","0","","0","0","0","11","1","0","N","0","0","40 02:02.050","","0","75 08:36.910","0","0","0","0","67301","0","0","0","N","0","0","0","2","67301","0","","6.0","","1","N","N","N","0","","0","0","0","0","0","","1135","2","0","2","0","0","0","0","2","0","2","0","0","0","3","03","","N","","","","","","","","","",""
"2021025495","1910","1","0","1","0","0","0","0","0","0","1","0","","67","3","2021","3","39.985056","-75.103556","1910","6","0","0","0","0","0","1","0","0","","0","0","0","14","1","1","N","0","0","39 59:06.200","","0","75 06:12.800","2","0","0","0","67301","0","0","0","N","0","0","0","2","67301","0","","1.0","","1","N","N","N","0","","0","1","0","0","0","","1430","2","1","0","0","0","0","0","2","1","2","0","0","0","4","","","N","","","","","","","","","",""
"2021025692","1445","1","0","0","0","0","0","0","0","0","1","0","","67","3","2021","4","39.976454","-75.189359","1445","6","0","0","0","0","0","0","1","0","","0","0","0","14","1","1","","3","0","39 58:35.233","","0","75 11:21.692","4","0","0","0","67301","0","0","0","N","0","0","0","2","67301","1","","1.0","","1","N","N","N","0","","0","0","1","3","3","","1445","2","1","0","0","0","0","0","2","0","2","0","0","0","4","04","","N","","","","","","","","","",""
"2021026366","2135","2","0","0","0","0","0","0","0","0","4","0","","67","3","2021","6","40.050065","-75.15048","2133","6","0","0","0","0","0","0","0","0","","0","0","0","21","3","1","","1","0","40 03:00.233","","0","75 09:01.728","4","0","0","0","67301","0","0","0","N","0","0","0","2","67301","1","","1.0","","1","N","N","Y","0","","0","0","0","3","2","","2129","2","1","0","0","0","0","0","2","0","2","0","0","0","3","","","N","","","","","","","","","",""
"2021026344","1731","0","0","0","0","0","0","0","0","0","5","0","","67","3","2021","5","39.994469","-75.133086","1727","6","0","0","0","0","0","0","0","0","","0","0","0","14","1","0","N","0","0","39 59:40.090","","0","75 07:59.110","0","0","0","0","67301","0","0","0","N","0","0","0","1","67301","0","","6.0","","9","N","N","N","1","","0","0","2","0","0","","1400","3","0","0","0","0","0","0","2","0","3","0","0","0","7","","","N","","","","","","","","","",""
"2021025589","550","1","0","0","0","0","0","0","0","0","4","0","","67","3","2021","4","40.031845","-75.07402","545","6","0","1","0","0","0","0","0","0","","0","0","0","5","1","1","","2","0","40 01:54.642","","0","75 04:26.471","8","0","0","0","67301","0","0","0","N","0","0","0","2","67301","0","","1.0","","1","N","N","N","0","","0","0","0","3","3","","530","2","1","0","0","0","1","0","2","0","2","0","0","0","3","03","","N","","","","","","","","","",""
"2021025013","1822","0","0","0","1","0","1","0","0","0","8","0","","67","3","2021","2","39.977078","-75.145287","1820","6","0","0","0","0","0","0","0","0","","0","0","0","17","1","1","","1","0","39 58:37.480","","0","75 08:43.033","2","0","0","0","67301","1","0","1","N","0","0","0","2","67301","0","","1.0","","1","N","N","N","0","","0","1","0","3","3","","1743","2","1","0","0","0","0","0","2","0","1","1","0","1","3","03","","N","","","","","","","","","",""
"2021049507","1020","0","0","0","0","0","0","1","0","0","8","1","","67","5","2021","3","39.951265","-75.167166","1003","6","0","0","0","0","0","0","0","0","","0","0","0","10","1","1","","1","0","39 57:04.553","","0","75 10:01.796","4","0","0","0","67301","1","0","0","N","1","0","0","2","67508","1","","1.0","","1","N","N","Y","0","","0","0","0","0","0","","1003","2","1","0","0","0","0","0","2","0","1","1","0","0","3","03","","N","","","","","","","","","",""
"2021025188","1340","0","0","0","0","0","0","0","0","0","5","0","","67","3","2021","1","40.033386","-75.10665","1340","6","0","0","0","0","0","0","0","0","","0","0","0","13","1","1","N","0","0","40 02:00.190","","0","75 06:23.940","3","0","0","0","67301","0","0","0","N","0","0","0","4","67301","0","","1.0","","1","N","N","N","1","","1","0","1","0","0","","1330","2","1","1","0","0","0","0","2","0","2","0","0","0","3","03","","N","","","","","","","","","",""
"2021025190","833","1","0","0","0","0","0","0","0","0","4","0","","67","3","2021","3","39.958177","-75.229104","831","6","0","0","0","0","0","1","0","0","","0","0","0","8","5","1","","1","0","39 57:29.437","","0","75 13:44.774","3","0","0","0","67301","0","0","0","N","0","0","0","2","67301","0","","1.0","","1","N","N","N","0","","1","0","1","3","3","","830","2","1","0","0","0","0","0","2","0","2","0","0","0","3","","","N","","","","","","","","","",""
"2021050067","503","0","0","0","0","0","0","0","0","0","7","0","","67","5","2021","1","40.039609","-75.007259","448","6","0","0","0","0","0","1","0","0","","0","0","0","4","3","1","N","0","0","40 02:22.592","","0","75 00:26.132","3","0","0","0","67301","0","0","0","N","0","0","0","2","68K01","0","","3.0","","9","N","N","N","0","","1","0","2","0","0","","447","2","1","0","0","0","0","0","2","0","2","0","0","0","7","","","N","","","","","","","","","",""
"2021027240","1919","0","0","0","0","0","0","0","0","0","8","0","","67","3","2021","7","39.957208","-75.142176","1917","6","0","0","0","0","0","0","0","0","","0","0","0","19","1","1","","5","0","39 57:25.948","","2","75 08:31.833","4","0","0","0","67301","1","0","0","N","1","0","0","2","67301","1","","1.0","","1","N","N","N","0","","0","0","1","3","2","","1915","2","1","0","0","0","0","0","2","0","1","1","0","0","3","03","","N","","","","","","","","","",""
"2021024848","1841","0","0","0","0","0","0","0","0","0","4","0","","67","3","2021","2","40.094541","-75.015043","1839","6","0","0","0","0","0","0","0","0","","0","0","0","18","1","1","","1","1","40 05:40.347","1","0","75 00:54.154","4","0","0","0","67301","0","0","0","N","0","0","0","2","67301","1","","1.0","1906.0","1","N","N","N","0","","0","0","2","3","2","N","1830","2","1","0","0","0","0","0","2","0","2","0","0","0","3","","","N","","","","","","","","","",""
"2021049640","515","1","0","0","0","0","0","0","0","0","7","0","","67","5","2021","2","39.924196","-75.192481","509","6","0","0","0","0","0","0","0","0","","0","0","0","4","5","0","N","0","1","39 55:27.105","4","0","75 11:32.931","0","0","0","0","67301","0","0","0","N","0","0","0","1","68K01","0","","2.0","550.0","1","N","N","N","0","","0","0","0","0","0","N","457","1","0","1","0","0","0","0","2","0","1","0","0","0","3","","","N","","","","","","","","","",""
"2021051302","1009","1","0","0","0","0","0","0","0","0","1","0","","67","6","2021","4","39.960213","-75.180589","1003","6","0","0","0","0","0","1","0","0","","0","0","0","10","1","1","N","0","1","39 57:36.766","3","0","75 10:50.122","8","0","0","0","67301","0","0","0","N","0","0","0","2","68K01","0","","1.0","15.0","1","N","N","N","0","","0","0","1","0","0","N","1000","2","1","0","0","0","1","0","2","0","2","0","0","0","3","","","N","","","","","","","","","",""
"2021027209","149","1","0","0","0","0","0","0","0","0","7","0","","67","3","2021","6","40.042241","-75.003921","143","6","0","0","0","0","0","0","0","0","","0","0","0","1","3","0","N","0","0","40 02:32.066","","0","75 00:14.114","0","0","0","0","67301","0","0","0","N","0","0","0","1","68K01","0","","4.0","","9","N","N","N","0","","0","0","0","0","0","","134","1","0","0","0","0","0","0","2","0","1","0","0","0","7","","","N","","","","","","","","","",""
"2021026028","710","1","0","0","0","0","0","0","0","0","8","0","","67","3","2021","4","40.038124","-75.01968","701","6","0","0","0","1","0","0","0","0","","0","0","0","6","3","1","","2","0","40 02:17.245","","0","75 01:10.848","3","0","0","0","67301","1","0","0","N","1","0","0","2","67301","0","","1.0","","1","N","N","N","0","","1","0","0","0","0","","635","2","1","0","0","0","0","0","2","0","1","1","0","0","3","03","","N","","","","","","","","","",""
"2021026867","1934","0","0","0","0","0","0","0","0","0","7","0","","67","3","2021","5","40.036907","-75.014429","1932","6","0","0","0","0","0","0","0","0","","0","0","0","19","3","0","N","0","2","40 02:12.864","2","0","75 00:51.944","0","0","0","0","67301","0","0","0","N","0","0","0","1","68K01","0","","4.0","2030.0","9","N","N","N","1","","0","0","0","0","0","N","1931","1","0","0","0","0","0","0","2","0","1","0","0","0","7","","","N","","","","","","","","","",""
"2021024911","2343","2","0","0","0","0","0","0","0","0","4","0","","67","3","2021","2","40.039548","-75.045812","2338","6","0","0","0","0","0","0","0","0","","0","0","0","23","3","1","","1","0","40 02:22.372","","0","75 02:44.922","4","0","0","0","67301","0","0","0","N","0","0","0","2","67301","1","","1.0","","1","N","N","N","0","","0","0","0","3","2","","2332","2","1","0","0","0","0","0","2","0","2","0","0","0","3","03","","N","","","","","","","","","",""