"CRN","ARRIVAL_TM","AUTOMOBILE_COUNT","BELTED_DEATH_COUNT","BELTED_SUSP_SERIOUS_INJ_COUNT","BICYCLE_COUNT","BICYCLE_DEATH_COUNT","BICYCLE_SUSP_SERIOUS_INJ_COUNT","BUS_COUNT","CHLDPAS_DEATH_COUNT","CHLDPAS_SUSP_SERIOUS_INJ_COUNT","COLLISION_TYPE","COMM_VEH_COUNT","CONS_ZONE_SPD_LIM","COUNTY","CRASH_MONTH","CRASH_YEAR","DAY_OF_WEEK","DEC_LATITUDE","DEC_LONGITUDE","DISPATCH_TM","DISTRICT","DRIVER_COUNT_16YR","DRIVER_COUNT_17YR","DRIVER_COUNT_18YR","DRIVER_COUNT_19YR","DRIVER_COUNT_20YR","DRIVER_COUNT_50_64YR","DRIVER_COUNT_65_74YR","DRIVER_COUNT_75PLUS","EST_HRS_CLOSED","FATAL_COUNT","HEAVY_TRUCK_COUNT","HORSE_BUGGY_COUNT","HOUR_OF_DAY","ILLUMINATION","INJURY_COUNT","INTERSECTION_RELATED","INTERSECT_TYPE","LANE_CLOSED","LATITUDE","LN_CLOSE_DIR","LOCATION_TYPE","LONGITUDE","MAX_SEVERITY_LEVEL","MCYCLE_DEATH_COUNT","MCYCLE_SUSP_SERIOUS_INJ_COUNT","MOTORCYCLE_COUNT","MUNICIPALITY","NONMOTR_COUNT","NONMOTR_DEATH_COUNT","NONMOTR_SUSP_SERIOUS_INJ_COUNT","NTFY_HIWY_MAINT","PED_COUNT","PED_DEATH_COUNT","PED_SUSP_SERIOUS_INJ_COUNT","PERSON_COUNT","POLICE_AGCY","POSSIBLE_INJ_COUNT","RDWY_SURF_TYPE_CD","RELATION_TO_ROAD","ROADWAY_CLEARED","ROAD_CONDITION","SCH_BUS_IND","SCH_ZONE_IND","SECONDARY_CRASH","SMALL_TRUCK_COUNT","SPEC_JURIS_CD","SUSP_MINOR_INJ_COUNT","SUSP_SERIOUS_INJ_COUNT","SUV_COUNT","TCD_FUNC_CD","TCD_TYPE","TFC_DETOUR_IND","TIME_OF_DAY","TOTAL_UNITS","TOT_INJ_COUNT","UNBELTED_OCC_COUNT","UNB_DEATH_COUNT","UNB_SUSP_SERIOUS_INJ_COUNT","UNK_INJ_DEG_COUNT","UNK_INJ_PER_COUNT","URBAN_RURAL","VAN_COUNT","VEHICLE_COUNT","VULNERABLE_ROAD_USER_COUNT","VULNERABLE_ROAD_USER_DEATH_COUNT","VULNERABLE_ROAD_USER_SER_INJ_COUNT","WEATHER1","WEATHER2","WORKERS_PRES","WORK_ZONE_IND","WORK_ZONE_LOC","WORK_ZONE_TYPE","WZ_CLOSE_DETOUR","WZ_FLAGGER","WZ_LAW_OFFCR_IND","WZ_LN_CLOSURE","WZ_MOVING","WZ_OTHER","WZ_SHLDER_MDN","WZ_WORKERS_INJ_KILLED"
"2021026199","1829","2","0","0","0","0","0","0","0","0","5","0","","67","3","2021","4","39.905864","-75.246425","1819","6","0","0","0","0","0","0","0","0","","0","0","0","16","1","0","N","0","0","39 54:21.110","","0","75 14:47.130","9","0","0","0","67301","0","0","0","N","0","0","0","1","67301","0","","6.0","","1","N","N","N","0","","0","0","0","0","0","","1624","2","0","0","0","0","0","1","2","0","2","0","0","0","3","03","","N","","","","","","","","","",""
"2021048842","859","2","0","0","0","0","0","0","0","0","1","1","45","67","5","2021","5","40.01776","-75.048487","836","6","0","0","0","0","0","3","0","0","","0","1","0","8","1","0","N","0","1","40 01:03.935","1","0","75 02:54.554","0","0","0","0","67301","0","0","0","N","0","0","0","6","68K01","0","","1.0","1005.0","1","N","N","N","1","","0","0","2","0","0","N","831","6","0","1","0","0","0","0","2","0","6","0","0","0","3","03","Y","Y","4","1","N","N","N","N","N","N","Y","N"
"2021031666","845","1","0","0","0","0","0","1","0","0","1","1","","67","3","2021","2","40.009589","-75.166577","808","6","0","0","0","0","0","1","0","0","","0","0","0","8","1","1","","3","0","40 00:34.520","","0","75 09:59.677","4","0","0","0","67301","0","0","0","N","0","0","0","2","67508","1","","1.0","","99","N","N","Y","0","","0","0","0","3","3","","808","2","1","0","0","0","0","1","2","0","2","0","0","0","99","98","","N","","","","","","","","","",""
"2021026947","2325","1","0","0","0","0","0","0","0","0","1","0","","67","3","2021","6","40.062716","-75.17066","2325","6","0","0","1","0","0","0","0","0","","0","0","0","23","3","1","N","0","0","40 03:45.777","","0","75 10:14.375","4","0","0","0","67301","0","0","0","N","0","0","0","2","67301","1","","1.0","","1","N","N","N","0","","0","0","1","0","0","","2306","3","1","0","0","0","0","0","2","1","3","0","0","0","3","03","","N","","","","","","","","","",""
"2021050838","1312","0","0","0","0","0","0","0","0","0","8","0","","67","5","2021","3","39.992328","-75.121011","1256","6","0","0","0","0","0","0","0","0","","0","0","0","12","1","1","N","0","0","39 59:32.380","","0","75 07:15.640","3","0","0","0","67301","1","0","0","N","1","0","0","2","67301","0","","1.0","","1","N","N","N","0","","1","0","1","0","0","","1255","2","1","1","0","0","0","0","2","0","1","1","0","0","3","04","","N","","","","","","","","","",""
"2021049069","835","1","0","0","0","0","0","0","0","0","1","0","","67","5","2021","6","40.107703","-75.026613","823","6","0","0","0","0","0","0","0","0","","0","0","0","23","3","0","N","0","0","40 06:27.732","","0","75 01:35.808","9","0","0","0","67301","0","0","0","N","0","0","0","1","67301","0","","6.0","","9","N","N","N","0","","0","0","1","0","0","","2300","2","0","0","0","0","0","1","2","0","2","0","0","0","7","","","N","","","","","","","","","",""
"2021048925","200","1","0","0","0","0","0","0","0","0","6","0","","67","5","2021","6","39.985153","-75.147381","154","6","0","0","0","0","0","0","0","0","","0","0","0","1","3","0","N","0","2","39 59:06.550","4","0","75 08:50.570","0","0","0","0","67301","0","0","0","N","0","0","0","1","67301","0","","6.0","250.0","1","N","N","N","1","","0","0","0","0","0","Y","145","2","0","0","0","0","0","0","2","0","2","0","0","0","3","03","","N","","","","","","","","","",""
"2021024789","2222","1","0","0","0","0","0","0","0","0","1","0","","67","3","2021","1","39.995544","-75.197451","2227","6","0","0","0","0","0","0","0","0","","0","0","0","22","3","0","N","0","0","39 59:43.960","","0","75 11:50.823","0","0","0","0","67301","0","0","0","N","0","0","0","2","68K01","0","","1.0","","1","N","N","N","0","","0","0","1","0","0","","2207","2","0","0","0","0","0","0","2","0","2","0","0","0","3","","","N","","","","","","","","","",""
"2021026599","1830","2","0","0","0","0","0","0","0","0","4","0","","67","3","2021","7","40.04738","-75.155656","1830","6","0","0","0","0","0","0","0","0","","0","0","0","18","3","0","","1","1","40 02:50.568","2","0","75 09:20.361","9","0","0","0","67301","0","0","0","N","0","0","0","1","67301","0","","1.0","1912.0","1","N","N","N","0","","0","0","2","3","3","N","1823","4","0","0","0","0","0","1","2","0","4","0","0","0","3","03","","N","","","","","","","","","",""
"2021030479","1013","0","0","0","0","0","0","0","0","0","4","0","","67","4","2021","5","40.057924","-75.233599","1009","6","0","0","0","0","0","0","0","0","","0","0","0","10","1","0","","1","1","40 03:28.526","1","0","75 14:00.956","9","0","0","0","67301","0","0","0","N","0","0","0","3","67301","0","","1.0","1020.0","1","N","N","N","0","","0","0","2","3","2","N","1005","2","0","0","0","0","0","1","2","0","2","0","0","0","4","04","","N","","","","","","","","","",""
"2021030784","1908","0","0","0","0","0","0","0","0","0","1","0","","67","4","2021","5","40.001042","-75.111752","1908","6","0","0","0","0","0","0","0","0","","0","0","0","21","3","1","","2","0","40 00:03.751","","0","75 06:42.307","4","0","0","0","67301","0","0","0","N","0","0","0","1","67301","1","","1.0","","1","N","N","N","0","","0","0","1","0","0","","2100","2","1","0","0","0","0","0","2","1","2","0","0","0","99","","","N","","","","","","","","","",""
"2021025947","1300","0","0","0","0","0","0","0","0","0","8","0","","67","3","2021","5","39.993778","-75.156967","1255","6","0","0","0","0","0","0","0","0","","0","0","0","12","1","1","N","0","0","39 59:37.600","","0","75 09:25.080","3","0","0","0","67301","1","0","0","N","1","0","0","2","67301","0","","4.0","","8","N","N","N","0","","1","0","0","0","0","","1254","2","1","0","0","0","0","0","2","1","1","1","0","0","7","07","","N","","","","","","","","","",""
"2021031029","2040","2","0","0","0","0","0","0","0","0","5","0","","67","4","2021","1","39.971947","-75.209894","2040","6","0","0","0","0","0","0","0","0","","0","0","0","20","3","0","N","0","1","39 58:19.010","4","0","75 12:35.620","0","0","0","0","67301","0","0","0","N","0","0","0","1","67301","0","","6.0","2115.0","1","N","N","N","1","","0","0","2","0","0","N","2037","5","0","0","0","0","0","0","2","0","5","0","0","0","3","03","","N","","","","","","","","","",""
"2021054707","1520","1","0","0","0","0","0","0","0","0","4","0","","67","5","2021","1","39.945321","-75.241777","1520","6","0","0","0","0","0","0","0","0","","0","0","0","14","1","1","","1","0","39 56:43.157","","0","75 14:30.398","4","0","0","0","67301","0","0","0","N","0","0","0","2","67301","1","","1.0","","1","N","N","N","0","","0","0","1","3","2","","1400","2","1","0","0","0","0","0","2","0","2","0","0","0","3","","","N","","","","","","","","","",""
"2021053674","134","1","0","0","0","0","0","0","0","0","8","0","","67","6","2021","1","40.013353","-75.159434","127","6","0","0","0","0","0","0","0","0","","1","0","0","1","3","0","","2","0","40 00:48.070","","0","75 09:33.962","1","0","0","0","67301","1","1","0","N","1","1","0","2","67301","0","2","1.0","","1","N","N","N","0","0","0","0","0","0","0","","126","2","0","0","0","0","0","1","2","0","1","1","1","0","3","","","N","","","","","","","","","",""
"2021030235","813","1","0","0","0","0","0","0","0","0","4","0","","67","4","2021","5","39.941923","-75.213886","808","6","0","0","0","0","0","1","0","0","","0","0","0","8","1","1","","1","2","39 56:30.922","6","0","75 12:49.989","8","0","0","0","67301","0","0","0","N","0","0","0","3","67301","0","","1.0","1000.0","9","N","N","N","0","","0","0","1","3","2","Y","808","2","1","0","0","0","1","1","2","0","2","0","0","0","4","07","","N","","","","","","","","","",""
"2021030682","235","1","0","0","0","0","0","0","0","0","1","0","","67","4","2021","7","39.967365","-75.225002","231","6","0","0","0","0","0","0","0","0","","0","0","0","1","3","0","N","0","0","39 58:02.515","","0","75 13:30.008","0","0","0","0","67301","0","0","0","N","0","0","0","1","67301","0","","1.0","","1","N","N","N","0","","0","0","0","0","0","","155","2","0","0","0","0","0","0","2","0","2","0","0","0","3","","","N","","","","","","","","","",""
"2021031576","1841","1","0","0","0","0","0","0","0","0","4","0","","67","3","2021","3","40.007215","-75.213792","1841","6","0","0","1","0","0","0","0","0","","0","0","0","19","3","1","","1","0","40 00:25.975","","0","75 12:49.652","8","0","0","0","67301","0","0","0","N","0","0","0","3","67301","0","","1.0","","1","N","N","N","0","","0","0","1","3","2","","1900","2","1","0","0","0","1","2","2","0","2","0","0","0","4","04","","N","","","","","","","","","",""
"2021030483","1845","2","0","0","0","0","0","0","0","0","4","0","","67","4","2021","6","39.994349","-75.185795","1841","6","0","0","0","0","0","0","0","0","","0","0","0","18","4","0","","2","0","39 59:39.656","","0","75 11:08.862","0","0","0","0","67301","0","0","0","N","0","0","0","3","67301","0","","1.0","","1","N","N","N","0","","0","0","0","0","0","","1835","2","0","0","0","0","0","0","2","0","2","0","0","0","3","03","","N","","","","","","","","","",""
"2021056471","1439","2","0","0","0","0","0","0","0","0","5","0","","67","6","2021","3","40.007204","-75.200247","1433","6","0","0","0","0","0","1","1","0","","0","0","0","14","1","1","N","7","1","40 00:25.935","3","2","75 12:00.888","8","0","0","0","67301","0","0","0","N","0","0","0","4","68K01","0","","1.0","1610.0","1","N","N","N","0","","0","0","1","0","0","N","1428","3","1","0","0","0","1","0","2","0","3","0","0","0","3","03","","N","","","","","","","","","",""
"2021030232","205","0","0","0","0","0","0","0","0","0","7","0","","67","4","2021","6","39.883547","-75.223778","155","6","0","0","0","0","0","0","0","0","","0","0","0","1","3","0","N","0","0","39 53:00.770","","0","75 13:25.600","0","0","0","0","67301","0","0","0","N","0","0","0","1","67301","0","","4.0","","1","N","N","N","0","","0","0","0","0","0","","105","1","0","0","0","0","0","0","2","1","1","0","0","0","3","03","","N","","","","","","","","","",""
"2021054115","1403","1","0","0","0","0","0","0","0","0","8","0","","67","6","2021","6","39.994981","-75.162652","1400","6","0","0","0","0","0","0","0","0","","0","0","0","13","1","1","N","0","0","39 59:41.932","","0","75 09:45.546","4","0","0","0","67301","1","0","0","N","1","0","0","1","67301","1","","1.0","","9","N","N","N","0","","0","0","0","0","0","","1335","2","1","0","0","0","0","0","2","0","1","1","0","0","7","07","","N","","","","","","","","","",""
"2021030951","122","1","0","0","0","0","0","0","0","0","4","0","","67","4","2021","1","39.957205","-75.155489","119","6","0","0","0","0","0","0","0","0","","0","0","0","1","3","2","","1","0","39 57:25.938","","3","75 09:19.761","3","0","0","0","67301","0","0","0","N","0","0","0","5","67301","0","","1.0","","1","N","N","N","0","","1","0","1","3","2","","110","2","2","0","0","0","1","2","2","0","2","0","0","0","3","03","","N","","","","","","","","","",""
"2021032025","1435","2","0","0","0","0","0","0","0","0","1","0","","67","4","2021","3","39.976416","-75.119678","1425","6","0","0","0","0","0","0","0","0","","0","0","0","17","1","1","","1","0","39 58:35.096","","0","75 07:10.841","8","0","0","0","67301","0","0","0","N","0","0","0","2","67301","0","","1.0","","99","N","N","N","0","","0","0","0","3","2","","1750","2","1","0","0","0","1","0","2","0","2","0","0","0","3","","","N","","","","","","","","","",""
"2021055388","2202","2","0","0","0","0","0","0","0","0","4","0","","67","6","2021","2","39.966086","-75.235839","2200","6","0","0","0","0","0","0","0","0","","0","0","0","21","3","1","","1","1","39 57:57.911","5","0","75 14:09.021","4","0","0","0","67301","0","0","0","N","0","0","0","2","67301","1","","1.0","2359.0","1","N","N","N","0","","0","0","0","3","3","Y","2158","2","1","0","0","0","0","1","2","0","2","0","0","0","3","03","","N","","","","","","","","","",""
"2021025466","912","1","0","0","0","0","0","0","0","0","1","0","","67","3","2021","2","39.95983","-75.177463","853","6","0","0","0","0","0","0","0","0","","0","0","0","8","1","0","N","0","0","39 57:35.388","","0","75 10:38.865","0","0","0","0","67301","0","0","0","N","0","0","0","2","68K01","0","","1.0","","1","N","N","N","0","","0","0","1","0","0","","851","2","0","0","0","0","0","0","2","0","2","0","0","0","3","","","N","","","","","","","","","",""
"2021030131","1435","1","0","0","0","0","0","0","0","0","4","0","","67","4","2021","5","39.958953","-75.235343","1435","6","0","0","0","0","0","0","0","0","","0","0","0","14","1","3","","1","0","39 57:32.230","","0","75 14:07.234","3","0","0","0","67301","0","0","0","N","0","0","0","3","67301","1","","1.0","","1","N","N","N","0","","2","0","1","3","3","","1415","2","3","0","0","0","0","0","2","0","2","0","0","0","3","03","","N","","","","","","","","","",""
"2021030879","1840","3","0","0","0","0","0","0","0","0","4","0","","67","4","2021","7","39.923663","-75.183877","1840","6","0","0","0","0","0","0","0","0","","0","0","0","18","1","1","","1","0","39 55:25.186","","0","75 11:01.957","8","0","0","0","67301","0","0","0","N","0","0","0","2","67301","0","","1.0","","1","N","N","N","0","","0","0","0","3","3","","1840","3","1","0","0","0","1","0","2","0","3","0","0","0","3","03","","N","","","","","","","","","",""
"2021031917","143","1","0","0","0","0","0","0","0","0","5","0","","67","4","2021","1","39.904076","-75.197435","143","6","0","0","0","1","0","0","0","0","","0","0","0","1","3","0","N","0","2","39 54:14.674","6","0","75 11:50.765","0","0","0","0","67301","0","0","0","N","0","0","0","2","67301","0","","1.0","300.0","1","N","N","N","0","","0","0","1","0","0","Y","130","2","0","0","0","0","0","0","2","0","2","0","0","0","3","03","","N","","","","","","","","","",""
"2021032911","735","1","0","0","0","0","0","0","0","0","1","0","","67","4","2021","5","39.919556","-75.203563","725","6","0","0","0","0","0","1","0","0","","0","0","0","7","1","0","N","0","1","39 55:10.401","4","3","75 12:12.826","0","0","0","0","67301","0","0","0","N","0","0","0","2","67301","0","","1.0","815.0","9","N","N","N","1","","0","0","0","0","0","N","725","2","0","0","0","0","0","0","2","0","2","0","0","0","7","07","","N","","","","","","","","","",""
"2021025689","1643","1","0","0","0","0","0","0","0","0","5","0","","67","3","2021","4","39.965522","-75.160812","1642","6","0","0","0","0","0","0","0","0","","0","0","0","16","1","0","N","0","0","39 57:55.880","","0","75 09:38.923","0","0","0","0","67301","0","0","0","N","0","0","0","3","67301","0","","6.0","","1","N","N","Y","0","","0","0","1","0","0","","1640","2","0","0","0","0","0","0","2","0","2","0","0","0","4","04","","N","","","","","","","","","",""
"2021026743","1645","2","0","0","0","0","0","0","0","0","1","0","","67","3","2021","6","39.976454","-75.189359","1638","6","0","0","0","0","0","1","0","0","","0","0","0","15","1","1","","3","0","39 58:35.233","","0","75 11:21.692","8","0","0","0","67301","0","0","0","N","0","0","0","2","67301","0","","1.0","","1","N","N","N","0","","0","0","0","3","3","","1500","2","1","0","0","0","1","0","2","0","2","0","0","0","3","03","","N","","","","","","","","","",""
"2021030704","712","1","0","0","0","0","0","1","0","0","2","1","","67","4","2021","1","39.947315","-75.194897","707","6","0","0","0","0","0","1","0","0","","0","0","0","7","1","2","","2","2","39 56:50.333","4","0","75 11:41.630","3","0","0","0","67301","0","0","0","N","0","0","0","2","67504","0","","1.0","800.0","1","N","N","N","0","","1","0","0","3","2","Y","707","2","2","0","0","0","1","0","2","0","2","0","0","0","3","03","","N","","","","","","","","","",""
"2021053558","150","0","0","0","0","0","0","0","0","0","7","0","","67","6","2021","3","39.914025","-75.192109","135","6","0","0","0","0","0","0","0","0","","1","0","0","1","3","0","N","0","2","39 54:50.490","1","0","75 11:31.593","1","0","0","0","67301","0","0","0","N","0","0","0","1","67301","0","2","4.0","551.0","1","N","N","N","0","0","0","0","0","0","0","Y","132","1","0","1","1","0","0","0","2","1","1","0","0","0","3","03","","N","","","","","","","","","",""
"2021035570","1530","3","0","0","0","0","0","0","0","0","5","0","","67","4","2021","7","39.934219","-75.187567","1530","6","0","0","0","0","0","0","0","0","","0","0","0","15","8","0","N","0","0","39 56:03.190","","0","75 11:15.240","0","0","0","0","67301","0","0","0","N","0","0","0","1","67301","0","","6.0","","1","N","N","N","0","","0","0","0","0","0","","1520","3","0","0","0","0","0","0","2","0","3","0","0","0","3","03","","N","","","","","","","","","",""
"2021031928","2205","1","0","0","1","0","0","0","0","0","8","0","","67","4","2021","3","39.98034","-75.172106","2205","6","0","0","0","0","0","0","0","0","","0","0","0","22","3","1","N","0","0","39 58:49.224","","0","75 10:19.580","3","0","0","0","67301","1","0","0","N","0","0","0","2","67301","0","","1.0","","1","N","N","N","0","","1","0","0","0","0","","2205","2","1","0","0","0","0","0","2","0","1","1","0","0","3","03","","N","","","","","","","","","",""
"2021033617","706","2","0","0","0","0","0","0","0","0","4","0","","67","4","2021","6","39.999745","-75.138532","706","6","0","0","0","0","0","0","0","0","","0","0","0","4","3","0","","1","0","39 59:59.082","","0","75 08:18.715","0","0","0","0","67301","0","0","0","N","0","0","0","2","67301","0","","1.0","","1","N","N","N","0","","0","0","1","3","2","","445","3","0","0","0","0","0","0","2","0","3","0","0","0","98","98","","N","","","","","","","","","",""
"2021025012","1239","2","0","0","0","0","0","0","0","0","4","0","","67","3","2021","1","40.005748","-75.099049","1236","6","0","0","0","0","0","0","0","1","","0","0","0","12","1","2","","1","1","40 00:20.692","2","0","75 05:56.577","3","0","0","0","67301","0","0","0","N","0","0","0","3","67301","0","","1.0","50.0","1","N","N","N","0","","2","0","0","3","2","N","1231","2","2","0","0","0","0","0","2","0","2","0","0","0","3","03","","N","","","","","","","","","",""
"2021032753","1900","0","0","0","0","0","0","0","0","0","4","0","","67","4","2021","2","40.01271","-75.072515","1856","6","0","0","0","1","0","0","0","0","","0","0","0","18","4","1","N","0","0","40 00:45.756","","7","75 04:21.053","3","0","0","1","67301","0","0","0","N","0","0","0","3","67301","0","","1.0","","1","N","N","N","0","","1","0","1","0","0","","1850","3","1","0","0","0","0","0","2","0","3","0","0","0","3","03","","N","","","","","","","","","",""
"2021030244","845","1","0","0","1","0","0","0","0","0","8","0","","67","3","2021","4","39.976584","-75.113171","832","6","0","0","1","0","0","0","0","0","","0","0","0","5","6","1","","2","0","39 58:35.702","","0","75 06:47.416","4","0","0","0","67301","1","0","0","N","0","0","0","2","67301","1","","1.0","","1","N","N","N","0","","0","0","0","3","2","","550","2","1","0","0","0","0","1","2","0","1","1","0","0","99","","","N","","","","","","","","","",""
"2021030475","1153","1","0","0","0","0","0","0","0","0","5","0","35","67","4","2021","6","39.911111","-75.163167","1151","6","0","1","0","0","0","0","0","0","","0","0","0","11","1","0","N","0","0","39 54:40.000","","3","75 09:47.400","0","0","0","0","67301","0","0","0","N","0","0","0","3","67501","0","","1.0","","1","N","N","N","1","","0","0","0","3","8","","1145","2","0","0","0","0","0","0","2","0","2","0","0","0","3","03","N","Y","4","1","","","N","Y","","","Y","N"
"2021054808","1643","3","0","0","0","0","0","0","0","0","1","0","","67","5","2021","6","39.946142","-75.142209","1635","6","0","0","0","0","0","0","1","0","","0","0","0","16","1","0","N","0","1","39 56:46.110","2","0","75 08:31.952","9","0","0","0","67301","0","0","0","N","0","0","0","9","68K01","0","","1.0","1730.0","9","N","N","N","0","","0","0","1","0","0","N","1623","5","0","0","0","0","0","1","2","0","5","0","0","0","7","","","N","","","","","","","","","",""
"2021031270","1134","1","0","0","1","0","0","0","0","0","8","0","","67","4","2021","2","39.93945","-75.161592","1134","6","0","0","0","0","0","0","0","0","","0","0","0","11","1","1","N","0","0","39 56:22.020","","0","75 09:41.730","3","0","0","0","67301","1","0","0","N","0","0","0","2","67301","0","","1.0","","1","N","N","N","0","","1","0","1","0","0","","1128","3","1","0","0","0","0","0","2","0","2","1","0","0","3","03","","N","","","","","","","","","",""
"2021031578","1638","1","0","0","0","0","0","0","0","0","8","0","","67","4","2021","2","39.980135","-75.133196","1632","6","0","0","0","0","0","0","0","0","","0","0","0","16","1","1","","1","0","39 58:48.487","","1","75 07:59.506","8","0","0","0","67301","1","0","0","N","1","0","0","2","67301","0","","1.0","","1","N","N","N","0","","0","0","0","3","2","","1630","2","1","0","0","0","1","0","2","0","1","1","0","0","3","","","N","","","","","","","","","",""
"2021054586","220","3","0","0","0","0","0","0","0","0","6","0","","67","6","2021","2","40.028067","-75.130297","216","6","0","0","0","0","0","0","0","0","","0","0","0","2","3","0","N","0","0","40 01:41.040","","0","75 07:49.070","0","0","0","0","67301","0","0","0","N","0","0","0","1","67301","0","","1.0","","1","N","N","N","0","","0","0","4","0","0","","210","7","0","0","0","0","0","0","2","0","7","0","0","0","3","03","","N","","","","","","","","","",""
"2021031925","1910","1","0","0","0","0","0","0","0","0","4","0","","67","4","2021","6","39.953772","-75.228207","1906","6","0","0","0","0","0","0","0","0","","0","0","0","18","1","1","","1","0","39 57:13.579","","0","75 13:41.545","3","0","0","0","67301","0","0","0","N","0","0","0","2","67301","0","","1.0","","1","N","N","N","0","","1","0","1","3","2","","1826","2","1","0","0","0","0","0","2","0","2","0","0","0","3","03","","N","","","","","","","","","",""
"2021043983","1941","2","0","0","0","0","0","0","0","0","4","0","","67","5","2021","7","39.955154","-75.198331","1940","6","0","0","0","0","0","0","0","0","","0","0","0","19","1","0","","2","0","39 57:18.553","","0","75 11:53.991","0","0","0","0","67301","0","0","0","N","0","0","0","6","67504","0","","1.0","","1","N","N","N","0","","0","0","0","3","2","","1939","2","0","0","0","0","0","0","2","0","2","0","0","0","3","03","","N","","","","","","","","","",""
"2021025766","619","1","0","0","0","0","0","0","0","0","4","0","","67","3","2021","3","40.026801","-75.097355","606","6","0","0","0","0","0","0","0","0","","0","0","0","5","3","0","","1","1","40 01:36.484","2","6","75 05:50.479","0","0","0","0","67301","0","0","0","N","0","0","0","2","68K01","0","","1.0","600.0","1","N","N","N","0","","0","0","1","3","2","N","548","2","0","0","0","0","0","0","2","0","2","0","0","0","3","03","","N","","","","","","","","","",""
"2021032127","1332","2","0","0","0","0","0","0","0","0","4","0","","67","4","2021","5","40.001391","-75.151624","1332","6","0","0","0","0","0","1","0","0","","0","0","0","13","1","4","","1","0","40 00:05.009","","0","75 09:05.845","3","0","0","0","67301","0","0","0","N","0","0","0","8","67301","1","","1.0","","1","N","N","Y","0","","3","0","2","3","3","","1320","4","4","1","0","0","0","2","2","0","4","0","0","0","3","03","","N","","","","","","","","","",""
"2021024543","1625","0","0","0","0","0","0","0","0","0","8","0","","67","3","2021","7","39.988492","-75.151917","1622","6","0","0","0","0","0","0","0","0","","0","0","0","16","1","1","N","0","2","39 59:18.570","2","0","75 09:06.900","3","0","0","0","67301","1","0","0","N","1","0","0","2","67301","0","","1.0","1645.0","1","N","N","N","0","","1","0","1","0","0","Y","1619","2","1","0","0","0","0","0","2","0","1","1","0","0","3","03","","N","","","","","","","","","",""
"2021026029","425","0","0","0","0","0","0","0","0","0","7","0","","67","3","2021","5","40.107331","-74.998974","420","6","0","0","0","0","0","0","0","0","","0","0","0","4","3","0","N","0","0","40 06:26.391","","2","74 59:56.308","9","0","0","0","67301","0","0","0","N","0","0","0","1","67301","0","","2.0","","1","N","N","N","1","","0","0","0","0","0","","415","1","0","0","0","0","0","1","2","0","1","0","0","0","3","03","","N","","","","","","","","","",""
"2021034756","2224","1","0","0","0","0","0","0","0","0","7","0","","67","4","2021","5","39.99572","-75.197529","2219","6","0","0","0","0","0","0","0","0","","0","0","0","22","3","0","N","0","1","39 59:44.591","3","0","75 11:51.103","0","0","0","0","67301","0","0","0","N","0","0","0","2","68K01","0","","3.0","2230.0","1","N","N","N","0","","0","0","0","0","0","N","2217","1","0","0","0","0","0","0","2","0","1","0","0","0","3","","","N","","","","","","","","","",""
"2021034918","50","1","0","0","0","0","0","1","0","0","5","1","","67","4","2021","2","40.026083","-75.147461","31","6","0","0","0","1","0","0","0","0","","0","0","0","0","3","4","","1","0","40 01:33.900","","0","75 08:50.860","8","0","0","0","67301","0","0","0","N","0","0","0","5","67508","0","","1.0","","1","N","N","Y","0","","0","0","0","0","0","","31","2","4","0","0","0","4","0","2","0","2","0","0","0","3","03","","N","","","","","","","","","",""
"2021030416","528","1","0","0","0","0","0","0","0","0","1","0","","67","3","2021","4","40.101664","-75.006195","520","6","0","0","0","0","0","0","0","0","","0","0","0","5","3","0","","1","0","40 06:05.989","","0","75 00:22.303","0","0","0","0","67301","0","0","0","N","0","0","0","3","67301","0","","1.0","","1","N","N","N","0","","0","0","0","3","2","","515","2","0","0","0","0","0","0","2","1","2","0","0","0","3","03","","N","","","","","","","","","",""
"2021030909","1230","0","0","0","0","0","0","0","0","0","4","0","","67","4","2021","1","40.031228","-75.145767","1216","6","0","0","0","0","0","0","1","0","","0","0","0","11","1","2","","1","0","40 01:52.420","","0","75 08:44.761","2","0","0","0","67301","0","0","0","N","0","0","0","2","67301","0","","1.0","","1","N","N","N","0","","0","2","1","3","2","","1159","2","2","0","0","0","0","0","2","1","2","0","0","0","3","03","","N","","","","","","","","","",""
"2021040560","1707","0","0","0","0","0","0","0","0","0","4","0","","67","4","2021","1","40.009649","-75.1803","1705","6","0","0","0","0","0","0","0","0","","1","0","0","17","1","0","N","2","2","40 00:34.737","7","0","75 10:49.079","1","1","0","1","67301","0","0","0","N","0","0","0","2","67301","0","2","1.0","1850.0","1","N","N","N","0","0","0","0","1","3","2","Y","1700","2","0","0","0","0","0","0","2","0","2","0","0","0","3","","","N","","","","","","","","","",""
"2021032754","1538","2","0","0","0","0","0","0","0","0","4","0","","67","4","2021","3","40.039423","-75.042585","1535","6","0","0","0","0","0","0","1","0","","0","0","0","15","1","1","","1","0","40 02:21.922","","0","75 02:33.305","3","0","0","0","67301","0","0","0","N","0","0","0","5","67301","0","","1.0","","1","N","N","N","0","","1","0","0","3","3","","1525","2","1","0","0","0","0","0","2","0","2","0","0","0","3","03","","N","","","","","","","","","",""
"2021029393","947","0","0","0","0","0","0","0","0","0","1","0","","67","3","2021","2","40.045921","-75.07112","947","6","0","0","0","0","0","0","0","0","","0","0","0","9","1","1","N","0","1","40 02:45.315","1","0","75 04:16.032","8","0","0","0","67301","0","0","0","N","0","0","0","1","67301","0","","1.0","1045.0","1","N","N","N","0","","0","0","1","0","0","N","941","2","1","0","0","0","1","0","2","1","2","0","0","0","3","03","","N","","","","","","","","","",""