"CRN","ARRIVAL_TM","AUTOMOBILE_COUNT","BELTED_DEATH_COUNT","BELTED_SUSP_SERIOUS_INJ_COUNT","BICYCLE_COUNT","BICYCLE_DEATH_COUNT","BICYCLE_SUSP_SERIOUS_INJ_COUNT","BUS_COUNT","CHLDPAS_DEATH_COUNT","CHLDPAS_SUSP_SERIOUS_INJ_COUNT","COLLISION_TYPE","COMM_VEH_COUNT","CONS_ZONE_SPD_LIM","COUNTY","CRASH_MONTH","CRASH_YEAR","DAY_OF_WEEK","DEC_LATITUDE","DEC_LONGITUDE","DISPATCH_TM","DISTRICT","DRIVER_COUNT_16YR","DRIVER_COUNT_17YR","DRIVER_COUNT_18YR","DRIVER_COUNT_19YR","DRIVER_COUNT_20YR","DRIVER_COUNT_50_64YR","DRIVER_COUNT_65_74YR","DRIVER_COUNT_75PLUS","EST_HRS_CLOSED","FATAL_COUNT","HEAVY_TRUCK_COUNT","HORSE_BUGGY_COUNT","HOUR_OF_DAY","ILLUMINATION","INJURY_COUNT","INTERSECTION_RELATED","INTERSECT_TYPE","LANE_CLOSED","LATITUDE","LN_CLOSE_DIR","LOCATION_TYPE","LONGITUDE","MAX_SEVERITY_LEVEL","MCYCLE_DEATH_COUNT","MCYCLE_SUSP_SERIOUS_INJ_COUNT","MOTORCYCLE_COUNT","MUNICIPALITY","NONMOTR_COUNT","NONMOTR_DEATH_COUNT","NONMOTR_SUSP_SERIOUS_INJ_COUNT","NTFY_HIWY_MAINT","PED_COUNT","PED_DEATH_COUNT","PED_SUSP_SERIOUS_INJ_COUNT","PERSON_COUNT","POLICE_AGCY","POSSIBLE_INJ_COUNT","RDWY_SURF_TYPE_CD","RELATION_TO_ROAD","ROADWAY_CLEARED","ROAD_CONDITION","SCH_BUS_IND","SCH_ZONE_IND","SECONDARY_CRASH","SMALL_TRUCK_COUNT","SPEC_JURIS_CD","SUSP_MINOR_INJ_COUNT","SUSP_SERIOUS_INJ_COUNT","SUV_COUNT","TCD_FUNC_CD","TCD_TYPE","TFC_DETOUR_IND","TIME_OF_DAY","TOTAL_UNITS","TOT_INJ_COUNT","UNBELTED_OCC_COUNT","UNB_DEATH_COUNT","UNB_SUSP_SERIOUS_INJ_COUNT","UNK_INJ_DEG_COUNT","UNK_INJ_PER_COUNT","URBAN_RURAL","VAN_COUNT","VEHICLE_COUNT","VULNERABLE_ROAD_USER_COUNT","VULNERABLE_ROAD_USER_DEATH_COUNT","VULNERABLE_ROAD_USER_SER_INJ_COUNT","WEATHER1","WEATHER2","WORKERS_PRES","WORK_ZONE_IND","WORK_ZONE_LOC","WORK_ZONE_TYPE","WZ_CLOSE_DETOUR","WZ_FLAGGER","WZ_LAW_OFFCR_IND","WZ_LN_CLOSURE","WZ_MOVING","WZ_OTHER","WZ_SHLDER_MDN","WZ_WORKERS_INJ_KILLED"
"2021054418","827","1","0","0","0","0","0","0","0","0","1","1","","67","6","2021","5","39.958141","-75.164777","805","6","0","0","0","0","0","1","0","0","","0","0","0","8","1","2","N","0","1","39 57:29.307","3","0","75 09:53.198","4","0","0","0","67301","0","0","0","N","0","0","0","3","68K01","2","","1.0","840.0","1","N","N","N","0","","0","0","0","0","0","N","804","2","2","1","0","0","0","1","2","0","2","0","0","0","3","","","N","","","","","","","","","",""
"2021031405","2259","1","0","0","0","0","0","0","0","0","1","0","","67","4","2021","2","39.987088","-75.155969","2257","6","0","0","0","0","0","0","0","0","","0","0","0","22","3","3","N","0","2","39 59:13.516","5","0","75 09:21.487","2","0","3","2","67301","0","0","0","N","0","0","0","6","67301","0","","1.0","120.0","1","N","N","Y","0","","0","3","1","0","0","Y","2255","4","3","0","0","0","0","0","2","0","4","0","0","0","3","03","","N","","","","","","","","","",""
"2021031577","2020","1","0","0","0","0","0","0","0","0","6","0","","67","4","2021","3","39.976717","-75.233036","2018","6","0","0","0","0","0","2","0","0","","0","0","0","20","3","1","N","0","2","39 58:36.180","6","0","75 13:58.930","3","0","0","0","67301","0","0","0","N","0","0","0","2","67301","0","","1.0","2100.0","1","N","N","N","0","","1","0","0","0","0","Y","2015","2","1","0","0","0","0","1","2","1","2","0","0","0","3","03","","N","","","","","","","","","",""
"2021031022","1000","0","0","0","0","0","0","0","0","0","4","0","","67","4","2021","2","39.957136","-75.151069","958","6","0","0","0","0","0","0","1","0","","0","0","0","9","1","1","","5","0","39 57:25.688","","2","75 09:03.847","8","0","0","0","67301","0","0","0","N","0","0","0","4","67301","0","","1.0","","1","N","N","N","0","","0","0","2","3","2","","957","2","1","0","0","0","1","2","2","0","2","0","0","0","3","03","","N","","","","","","","","","",""
"2021030952","706","1","0","0","0","0","0","0","0","0","5","0","","67","4","2021","1","39.987306","-75.107322","654","6","0","0","0","0","0","0","0","0","","0","0","0","6","1","0","N","0","1","39 59:14.300","2","0","75 06:26.360","0","0","0","0","67301","0","0","0","N","0","0","0","1","67301","0","","6.0","749.0","1","N","N","N","1","","0","0","1","0","0","N","648","3","0","0","0","0","0","0","2","0","3","0","0","0","3","03","","N","","","","","","","","","",""
"2021054077","1602","1","0","0","0","0","0","0","0","0","1","0","","67","6","2021","6","39.94542","-75.142631","1549","6","0","0","0","0","0","0","0","0","","0","0","0","15","1","1","N","0","2","39 56:43.512","2","0","75 08:33.470","4","0","0","0","67301","0","0","0","N","0","0","0","2","68K01","1","","1.0","1720.0","9","N","N","N","0","","0","0","1","0","0","N","1547","2","1","0","0","0","0","0","2","0","2","0","0","0","7","","","N","","","","","","","","","",""
"2021038595","2334","1","0","0","0","0","0","0","0","0","5","0","","67","4","2021","7","39.937156","-75.217889","2328","6","0","0","0","0","0","0","0","0","","0","0","0","23","3","2","N","0","0","39 56:13.760","","0","75 13:04.400","3","0","0","0","67301","0","0","0","N","0","0","0","3","67301","0","","1.0","","9","N","N","N","0","","2","0","2","0","0","","2308","3","2","0","0","0","0","0","2","0","3","0","0","0","7","","","N","","","","","","","","","",""
"2021031028","140","2","0","0","0","0","0","0","0","0","5","0","","67","4","2021","1","40.005852","-75.193704","131","6","0","0","0","0","0","0","0","0","","0","0","0","1","3","1","N","0","0","40 00:21.068","","8","75 11:37.336","3","0","0","0","67301","0","0","0","N","0","0","0","3","67301","0","","1.0","","1","N","N","N","0","","1","0","1","0","0","","130","3","1","0","0","0","0","0","2","0","3","0","0","0","3","03","","N","","","","","","","","","",""
"2021030126","310","1","0","0","0","0","0","0","0","0","8","0","","67","4","2021","5","39.929053","-75.220583","308","6","0","0","0","0","0","0","0","0","","0","0","0","2","3","1","","1","0","39 55:44.592","","0","75 13:14.099","3","0","0","0","67301","1","0","0","N","1","0","0","2","67301","0","","1.0","","9","N","N","N","0","","1","0","0","3","2","","250","2","1","0","0","0","0","1","2","0","1","1","0","0","7","04","","N","","","","","","","","","",""
"2021026204","2017","2","0","0","0","0","0","0","0","0","4","0","","67","3","2021","6","39.991482","-75.166846","2015","6","0","0","0","0","0","0","0","0","","0","0","0","20","3","0","","3","0","39 59:29.335","","0","75 10:00.645","0","0","0","0","67301","0","0","0","N","0","0","0","4","67301","0","","1.0","","1","N","N","N","0","","0","0","0","3","3","","2008","2","0","1","0","0","0","0","2","0","2","0","0","0","3","03","","N","","","","","","","","","",""
"2021050980","1433","1","0","0","0","0","0","0","0","0","5","0","","67","6","2021","3","40.082339","-74.983411","1426","6","0","0","0","0","0","0","0","0","","0","0","0","14","1","0","N","0","0","40 04:56.420","","0","74 59:00.280","0","0","0","0","67301","0","0","0","N","0","0","0","2","67301","0","","1.0","","1","N","N","N","0","","0","0","1","0","0","","1420","2","0","0","0","0","0","0","2","0","2","0","0","0","3","03","","N","","","","","","","","","",""
"2021031023","2103","1","0","0","0","0","0","0","0","0","4","0","","67","4","2021","7","39.916854","-75.216575","2050","6","0","0","0","0","0","0","1","0","","0","0","0","20","3","1","N","0","0","39 55:00.675","","7","75 12:59.670","3","0","0","0","67301","0","0","0","N","0","0","0","3","67301","0","","1.0","","1","N","N","N","0","","1","0","1","0","0","","2023","2","1","0","0","0","0","0","2","0","2","0","0","0","3","03","","N","","","","","","","","","",""
"2021030882","1529","2","0","0","0","0","0","0","0","0","4","0","","67","4","2021","1","39.995823","-75.169147","1528","6","0","0","0","0","0","0","0","0","","0","0","0","15","1","1","","1","0","39 59:44.961","","0","75 10:08.930","3","0","0","0","67301","0","0","0","N","0","0","0","2","67301","0","","1.0","","1","N","N","N","0","","1","0","0","3","2","","1528","2","1","1","0","0","0","0","2","0","2","0","0","0","3","03","","N","","","","","","","","","",""
"2021026680","1315","1","0","0","0","0","0","0","0","0","1","0","","67","3","2021","6","39.974121","-75.204665","1307","6","0","0","0","0","0","0","0","0","","0","0","0","0","3","0","N","0","0","39 58:26.835","","0","75 12:16.793","0","0","0","0","67301","0","0","0","N","0","0","0","1","67301","0","","6.0","","9","N","N","N","0","","0","0","0","0","0","","45","3","0","0","0","0","0","0","2","0","3","0","0","0","7","","","N","","","","","","","","","",""
"2021030793","1219","1","0","0","0","0","0","0","0","0","5","0","","67","4","2021","1","40.008128","-75.155183","1215","6","0","0","0","0","0","0","0","0","","0","0","0","12","1","3","N","0","0","40 00:29.260","","0","75 09:18.660","3","0","0","0","67301","0","0","0","N","0","0","0","3","67301","0","","6.0","","1","N","N","N","0","","3","0","2","0","0","","1210","3","3","0","0","0","0","0","2","0","3","0","0","0","3","","","N","","","","","","","","","",""
"2021031274","310","1","0","0","0","0","0","0","0","0","7","0","","67","4","2021","7","39.952435","-75.242751","305","6","0","0","0","0","0","0","0","0","","0","0","0","3","3","1","","1","0","39 57:08.765","","0","75 14:33.903","3","0","0","0","67301","0","0","0","N","0","0","0","1","67301","0","","5.0","","1","N","Y","N","0","","1","0","0","3","1","","300","1","1","1","0","0","0","0","2","0","1","0","0","0","3","03","","N","","","","","","","","","",""
"2021022703","213","1","0","0","0","0","0","0","0","0","5","0","","67","3","2021","2","39.9185","-75.180792","213","6","0","0","0","0","0","0","0","0","","0","0","0","2","3","0","N","0","0","39 55:06.600","","0","75 10:50.850","0","0","0","0","67301","0","0","0","N","0","0","0","1","67301","0","","6.0","","1","N","N","N","0","","0","0","2","0","0","","200","3","0","0","0","0","0","0","2","0","3","0","0","0","3","03","","N","","","","","","","","","",""
"2021024520","2016","1","0","0","0","0","0","0","0","0","4","0","","67","3","2021","1","39.920152","-75.230172","2007","6","0","0","0","0","0","0","0","0","","0","0","0","20","6","1","","1","0","39 55:12.547","","0","75 13:48.619","3","0","0","0","67301","0","0","0","N","0","0","0","2","67301","0","","1.0","","1","N","N","N","0","","1","0","0","3","3","","2001","2","1","1","0","0","0","0","2","0","2","0","0","0","3","03","","N","","","","","","","","","",""
"2021024553","1122","1","0","0","0","0","0","0","0","0","8","0","","67","3","2021","7","40.011989","-75.137867","1121","6","0","0","0","0","0","0","0","0","","0","0","0","13","1","1","N","0","0","40 00:43.160","","0","75 08:16.320","3","0","0","0","67301","1","0","0","N","1","0","0","2","67301","0","","6.0","","1","N","N","N","0","","1","0","0","0","0","","1330","2","1","0","0","0","0","0","2","0","1","1","0","0","3","04","","N","","","","","","","","","",""
"2021054407","1314","0","0","0","0","0","0","0","0","0","1","1","","67","6","2021","2","39.957103","-75.152453","1314","6","0","0","0","0","0","0","0","0","","0","1","0","13","1","1","N","0","1","39 57:25.572","4","0","75 09:08.831","3","0","0","0","67301","0","0","0","N","0","0","0","2","68K01","0","","1.0","1320.0","1","N","N","N","0","","1","0","1","0","0","N","1311","2","1","0","0","0","0","0","2","0","2","0","0","0","3","","","N","","","","","","","","","",""
"2021030388","1910","0","0","0","0","0","0","0","0","0","7","0","","67","4","2021","5","39.973306","-75.117028","1908","6","0","0","0","0","0","0","0","0","","0","0","0","19","1","1","N","0","0","39 58:23.900","","0","75 07:01.300","8","0","0","0","67301","0","0","0","N","0","0","0","1","67301","0","","4.0","","1","N","N","N","0","","0","0","1","0","0","","1902","1","1","1","0","0","1","0","2","0","1","0","0","0","3","","","N","","","","","","","","","",""
"2021030230","310","1","0","0","0","0","0","0","0","0","5","0","","67","4","2021","6","39.93705","-75.163122","305","6","0","0","0","0","0","0","0","0","","0","0","0","2","3","0","N","0","0","39 56:13.380","","0","75 09:47.240","0","0","0","0","67301","0","0","0","N","0","0","0","1","67301","0","","6.0","","1","N","N","N","0","","0","0","2","0","0","","259","3","0","0","0","0","0","0","2","0","3","0","0","0","3","03","","N","","","","","","","","","",""
"2021023391","1647","1","0","0","0","0","0","0","0","0","8","0","","67","3","2021","4","40.037028","-75.175139","1646","6","0","0","0","0","0","0","0","0","","0","0","0","16","1","1","N","0","0","40 02:13.300","","0","75 10:30.500","4","0","0","0","67301","1","0","0","N","1","0","0","2","67301","1","","1.0","","1","N","N","N","0","","0","0","0","0","0","","1645","2","1","0","0","0","0","0","2","0","1","1","0","0","3","","","N","","","","","","","","","",""
"2021048496","1536","0","0","0","0","0","0","0","0","0","0","0","","67","5","2021","7","40.027845","-75.024515","1512","6","0","0","0","0","0","0","0","0","","0","0","0","15","1","1","N","0","2","40 01:40.242","2","0","75 01:28.254","3","0","0","1","67301","0","0","0","N","0","0","0","1","68K01","0","","1.0","45.0","1","N","N","N","0","","1","0","0","0","0","N","1508","1","1","0","0","0","0","0","2","0","1","0","0","0","3","","","N","","","","","","","","","",""
"2021022320","1918","1","0","0","0","0","0","0","0","0","4","0","","67","3","2021","6","40.042799","-75.160482","1918","6","0","0","0","0","0","1","1","0","","0","0","0","19","3","0","N","0","0","40 02:34.076","","7","75 09:37.735","0","0","0","0","67301","0","0","0","N","0","0","0","3","67301","0","","1.0","","1","N","N","N","0","","0","0","2","0","0","","1906","3","0","0","0","0","0","0","2","0","3","0","0","0","3","03","","N","","","","","","","","","",""
"2021022728","430","1","0","0","0","0","0","0","0","0","5","0","","67","3","2021","7","39.998779","-75.100349","427","6","0","0","0","0","0","0","0","0","","0","0","0","4","3","4","N","0","0","39 59:55.606","","0","75 06:01.258","8","0","0","0","67301","0","0","0","N","0","0","0","4","67301","0","","6.0","","1","N","N","N","0","","0","0","2","0","0","","426","4","4","2","0","0","4","0","2","1","4","0","0","0","3","03","","N","","","","","","","","","",""
"2021022447","2357","0","0","0","0","0","0","0","0","0","4","0","","67","3","2021","7","40.07868","-74.998532","2351","6","0","0","0","0","0","0","0","0","","0","0","0","23","3","2","","2","0","40 04:43.247","","0","74 59:54.714","4","0","0","0","67301","0","0","0","N","0","0","0","2","67301","1","","1.0","","1","N","N","N","0","","0","0","2","3","2","","2345","2","2","2","0","0","1","0","2","0","2","0","0","0","3","03","","N","","","","","","","","","",""
"2021032243","511","2","0","0","0","0","0","0","0","0","4","0","","67","4","2021","5","40.004293","-75.149298","451","6","0","0","0","0","0","1","0","0","","0","0","0","4","3","0","","1","0","40 00:15.454","","0","75 08:57.472","0","0","0","0","67301","0","0","0","N","0","0","0","2","67301","0","","1.0","","1","N","N","N","0","","0","0","0","3","2","","444","2","0","1","0","0","0","0","2","0","2","0","0","0","3","03","","N","","","","","","","","","",""
"2021048595","2322","1","0","0","0","0","0","0","0","0","8","0","","67","5","2021","3","39.914","-75.181778","2322","6","0","0","0","0","0","0","0","0","","0","0","0","22","3","2","N","0","0","39 54:50.400","","0","75 10:54.400","4","0","0","0","67301","2","0","0","N","2","0","0","2","67301","2","","1.0","","1","N","N","N","0","","0","0","0","3","2","","2245","3","2","0","0","0","0","0","2","0","1","2","0","0","3","03","","N","","","","","","","","","",""
"2021046911","315","1","0","0","0","0","0","0","0","0","7","0","","67","5","2021","7","40.043595","-75.022079","308","6","0","0","0","0","0","0","0","0","","0","0","0","2","3","1","N","0","0","40 02:36.942","","0","75 01:19.483","3","0","0","0","67301","0","0","0","N","0","0","0","1","67301","0","","5.0","","1","N","N","N","0","","1","0","0","3","2","","249","1","1","0","0","0","0","0","2","0","1","0","0","0","3","03","","N","","","","","","","","","",""
"2021024534","810","1","0","0","0","0","0","0","0","0","4","0","","67","3","2021","1","39.958466","-75.212994","805","6","0","0","0","0","0","1","0","0","","0","0","0","7","1","3","","2","1","39 57:30.476","3","0","75 12:46.777","3","0","0","0","67301","0","0","0","N","0","0","0","3","67301","1","","1.0","940.0","1","N","N","N","0","","1","0","1","3","3","N","750","2","3","0","0","0","1","0","2","0","2","0","0","0","3","03","","N","","","","","","","","","",""
"2021033618","1255","1","0","0","0","0","0","0","0","0","4","0","","67","4","2021","6","40.006764","-75.13157","1253","6","0","0","0","0","0","0","0","0","","0","0","0","12","1","1","","1","0","40 00:24.352","","0","75 07:53.653","8","0","0","0","67301","0","0","0","N","0","0","0","4","67301","0","","1.0","","1","N","N","N","0","","0","0","1","3","2","","1245","2","1","0","0","0","1","1","2","0","2","0","0","0","3","03","","N","","","","","","","","","",""
"2021048833","2237","1","0","0","0","0","0","0","0","0","5","0","","67","5","2021","7","39.960167","-75.180259","2218","6","0","0","0","0","0","0","0","0","","0","0","0","21","3","1","N","0","0","39 57:36.601","","0","75 10:48.933","8","0","0","0","67301","0","0","0","N","0","0","0","3","68K01","0","","3.0","","1","N","N","N","0","","0","0","1","0","0","","2136","2","1","0","0","0","1","0","2","0","2","0","0","0","3","","","N","","","","","","","","","",""
"2021055311","237","0","0","0","0","0","0","0","0","0","7","0","","67","6","2021","3","39.883631","-75.244399","225","6","0","0","0","0","0","0","0","0","","0","0","0","2","3","1","N","0","0","39 53:01.073","","0","75 14:39.837","8","0","0","0","67301","0","0","0","N","0","0","0","1","68K01","0","","4.0","","1","N","N","N","0","","0","0","1","0","0","","224","1","1","0","0","0","1","0","2","0","1","0","0","0","3","","","N","","","","","","","","","",""
"2021032350","1135","0","0","0","0","0","0","0","0","0","5","0","","67","3","2021","4","39.905583","-75.131222","1130","6","0","0","0","0","0","0","0","0","","0","0","0","11","1","0","N","0","2","39 54:20.100","4","3","75 07:52.400","0","0","0","0","67301","0","0","0","N","0","0","0","2","67501","0","","1.0","1210.0","1","N","N","N","0","","0","0","1","3","8","N","1125","2","0","0","0","0","0","0","2","1","2","0","0","0","3","03","","N","","","","","","","","","",""
"2021023404","2103","1","0","0","0","0","0","0","0","0","1","0","","67","3","2021","4","39.982472","-75.148361","2101","6","0","0","0","0","0","0","0","0","","0","0","0","20","3","1","N","0","0","39 58:56.900","","0","75 08:54.100","3","0","0","0","67301","0","0","0","N","0","0","0","1","67505","0","","6.0","","1","N","N","N","0","","1","0","1","0","0","","2058","2","1","0","0","0","0","0","2","0","2","0","0","0","3","03","","N","","","","","","","","","",""
"2021048008","1813","1","0","0","0","0","0","0","0","0","7","0","","67","5","2021","3","39.98283","-75.207864","1813","6","0","0","0","0","0","0","0","0","","0","0","0","18","1","1","N","0","0","39 58:58.189","","0","75 12:28.309","8","0","0","0","67301","0","0","0","Y","0","0","0","3","68K01","0","","2.0","","1","N","N","N","0","","0","0","0","3","2","","1813","1","1","0","0","0","1","0","2","0","1","0","0","0","3","","","N","","","","","","","","","",""
"2021048049","1719","2","0","0","0","0","0","0","0","0","1","0","","67","5","2021","6","39.982821","-75.099053","1704","6","0","0","0","0","0","0","0","0","","0","0","0","17","1","2","N","0","2","39 58:58.154","1","0","75 05:56.591","3","0","0","0","67301","0","0","0","N","0","0","0","3","68K01","0","","1.0","15.0","1","N","N","N","0","","2","0","0","0","0","N","1703","2","2","0","0","0","0","0","2","0","2","0","0","0","3","","","N","","","","","","","","","",""
"2021022709","1710","1","0","0","0","0","0","0","0","0","6","0","","67","3","2021","2","40.073328","-74.994086","1705","6","0","0","0","1","0","0","0","0","","0","0","0","16","1","0","N","0","1","40 04:23.980","1","0","74 59:38.710","9","0","0","0","67301","0","0","0","N","0","0","0","1","67301","0","","6.0","1950.0","1","N","N","N","0","","0","0","1","0","0","N","1630","2","0","0","0","0","0","1","2","0","2","0","0","0","3","","","N","","","","","","","","","",""
"2021022727","2330","1","0","0","0","0","0","0","0","0","5","0","","67","3","2021","2","40.045592","-75.090028","2323","6","0","1","0","0","0","0","0","0","","0","0","0","23","3","0","N","0","0","40 02:44.130","","0","75 05:24.100","0","0","0","0","67301","0","0","0","N","0","0","0","2","67301","0","","6.0","","1","N","N","N","0","","0","0","1","0","0","","2314","2","0","0","0","0","0","0","2","0","2","0","0","0","3","","","N","","","","","","","","","",""
"2021046945","2107","0","0","0","0","0","0","0","0","0","8","0","","67","5","2021","5","39.965846","-75.233904","2104","6","0","0","0","0","0","0","0","0","","0","0","0","20","3","1","","1","0","39 57:57.045","","0","75 14:02.054","3","0","0","0","67301","1","0","0","N","1","0","0","2","67301","0","","1.0","","1","N","N","N","0","","1","0","1","3","2","","2038","2","1","0","0","0","0","1","2","0","1","1","0","0","3","","","N","","","","","","","","","",""
"2021030679","142","1","0","0","0","0","0","0","0","0","4","0","","67","4","2021","1","40.048338","-75.096815","132","6","0","0","0","0","0","0","1","0","","0","0","0","1","3","1","","1","1","40 02:54.016","2","0","75 05:48.533","4","0","0","0","67301","0","0","0","N","0","0","0","3","67301","1","","1.0","100.0","1","N","N","N","0","","0","0","1","3","2","Y","127","2","1","0","0","0","0","0","2","0","2","0","0","0","3","03","","N","","","","","","","","","",""
"2021030120","25","2","0","0","0","0","0","0","0","0","4","0","","67","4","2021","5","40.036827","-75.069303","25","6","0","0","0","0","0","0","0","0","","0","0","0","22","3","0","","1","0","40 02:12.577","","0","75 04:09.489","9","0","0","0","67301","0","0","0","N","0","0","0","2","67301","0","","1.0","","1","N","N","N","0","","0","0","0","3","3","","2235","2","0","0","0","0","0","1","2","0","2","0","0","0","3","","","N","","","","","","","","","",""
"2021047289","1738","1","0","0","0","0","0","0","0","0","4","0","","67","5","2021","1","40.06147","-75.141513","1738","6","0","0","0","0","0","0","0","0","","0","0","0","15","1","1","","2","0","40 03:41.292","","0","75 08:29.446","8","0","0","0","67301","0","0","0","N","0","0","0","2","67301","0","","1.0","","1","N","N","N","0","","0","0","1","3","3","","1540","2","1","0","0","0","1","0","2","0","2","0","0","0","3","03","","N","","","","","","","","","",""
"2021022254","1840","0","0","0","0","0","0","0","0","0","8","0","","67","3","2021","6","39.952025","-75.165399","1833","6","0","0","0","0","0","0","0","0","","0","0","0","18","3","1","N","0","0","39 57:07.291","","0","75 09:55.435","4","0","0","0","67301","1","0","0","N","1","0","0","2","67301","1","","1.0","","1","N","N","N","1","","0","0","0","0","0","","1831","2","1","0","0","0","0","0","2","0","1","1","0","0","3","","","N","","","","","","","","","",""
"2021023708","1634","1","0","0","0","0","0","0","0","0","1","0","","67","3","2021","5","40.004239","-75.07734","1709","6","0","0","1","0","0","0","0","0","","0","0","0","16","1","0","","1","0","40 00:15.259","","0","75 04:38.425","0","0","0","0","67301","0","0","0","N","0","0","0","3","67301","0","","1.0","","1","N","N","N","0","","0","0","1","3","2","","1622","2","0","0","0","0","0","0","2","0","2","0","0","0","3","03","","N","","","","","","","","","",""
"2021046145","1020","0","0","0","0","0","0","1","0","0","1","2","","67","5","2021","4","40.041834","-75.192133","1012","6","0","0","0","0","0","0","0","0","","0","1","0","10","1","1","","1","0","40 02:30.603","","0","75 11:31.679","3","0","0","0","67301","0","0","0","N","0","0","0","3","67301","0","","1.0","","1","N","N","N","0","","1","0","0","3","2","","1030","2","1","1","0","0","0","1","2","0","2","0","0","0","3","03","","N","","","","","","","","","",""
"2021028102","1223","1","0","0","0","0","0","0","0","0","1","0","","67","3","2021","5","39.914791","-75.148071","1220","6","0","0","0","0","0","0","0","0","","0","0","0","12","1","0","N","0","0","39 54:53.247","","3","75 08:53.056","0","0","0","0","67301","0","0","0","N","0","0","0","2","68K01","0","","1.0","","1","N","N","N","0","","0","0","1","0","0","","1219","2","0","0","0","0","0","0","2","0","2","0","0","0","3","03","","N","","","","","","","","","",""
"2021023478","1414","1","0","0","1","0","0","0","0","0","8","0","","67","3","2021","3","39.94225","-75.161467","1412","6","0","0","0","0","0","0","0","0","","0","0","0","14","1","1","N","0","0","39 56:32.100","","0","75 09:41.280","3","0","0","0","67301","1","0","0","N","0","0","0","2","67301","0","","1.0","","1","N","N","N","0","","1","0","0","0","0","","1400","2","1","0","0","0","0","0","2","0","1","1","0","0","3","03","","N","","","","","","","","","",""
"2021024735","1057","1","0","0","0","0","0","0","0","0","7","0","","67","3","2021","6","39.886138","-75.21369","1034","6","0","0","0","0","0","0","0","0","","0","0","0","10","1","0","N","0","1","39 53:10.098","1","3","75 12:49.285","0","0","0","0","67301","0","0","0","N","0","0","0","1","68K01","0","","3.0","1150.0","1","N","N","N","0","","0","0","0","0","0","N","1031","1","0","0","0","0","0","0","2","0","1","0","0","0","3","03","","N","","","","","","","","","",""
"2021025193","1003","1","0","0","0","0","0","0","0","0","4","0","","67","3","2021","3","39.999644","-75.190489","948","6","0","0","0","1","0","0","0","0","","0","0","0","9","1","1","","2","1","39 59:58.717","4","0","75 11:25.759","3","0","0","0","67301","0","0","0","N","0","0","0","3","67301","0","","1.0","1030.0","1","N","N","N","0","","1","0","1","3","2","N","940","2","1","0","0","0","0","0","2","0","2","0","0","0","4","03","","N","","","","","","","","","",""
"2021021994","35","2","0","0","0","0","0","0","0","0","5","0","","67","3","2021","7","39.969914","-75.126342","22","6","0","0","0","0","0","0","0","0","","0","0","0","0","3","0","N","0","0","39 58:11.690","","0","75 07:34.830","9","0","0","0","67301","0","0","0","N","0","0","0","1","67301","0","","6.0","","1","N","N","N","0","","0","0","1","0","0","","10","3","0","0","0","0","0","1","2","0","3","0","0","0","3","03","","N","","","","","","","","","",""
"2021048644","1725","0","0","0","0","0","0","1","0","0","8","1","","67","5","2021","4","39.990372","-75.175253","1715","6","0","0","0","0","0","0","0","0","","0","0","0","17","1","1","","1","0","39 59:25.340","","0","75 10:30.910","4","0","0","0","67301","1","0","0","N","0","0","0","2","67508","1","","1.0","","1","N","N","Y","0","","0","0","0","3","2","","1715","2","1","0","0","0","0","0","2","0","1","1","0","0","3","03","","N","","","","","","","","","",""
"2021024578","240","2","0","0","0","0","0","0","0","0","5","0","","67","3","2021","5","40.021611","-75.163019","237","6","0","0","0","0","0","0","0","0","","0","0","0","2","3","2","N","0","2","40 01:17.800","4","0","75 09:46.870","3","0","0","0","67301","0","0","0","N","0","0","0","2","67301","0","","6.0","519.0","1","N","N","N","0","","2","0","3","0","0","N","236","5","2","0","0","0","0","0","2","0","5","0","0","0","3","03","","N","","","","","","","","","",""
"2021022449","409","1","0","0","0","0","0","0","0","0","4","0","","67","3","2021","1","40.027437","-75.120769","407","6","0","0","0","0","0","0","0","0","","0","0","0","2","3","0","","3","2","40 01:38.773","4","0","75 07:14.770","0","0","0","0","67301","0","0","0","N","0","0","0","1","67301","0","","1.0","540.0","1","N","N","N","0","","0","0","1","0","0","N","246","2","0","0","0","0","0","0","2","0","2","0","0","0","3","03","","N","","","","","","","","","",""
"2021025693","1122","2","0","0","0","0","0","0","0","0","4","0","","67","3","2021","5","40.026831","-75.125194","1106","6","0","0","0","0","0","0","0","0","","0","0","0","10","1","1","","1","0","40 01:36.591","","0","75 07:30.698","3","0","0","0","67301","0","0","0","N","0","0","0","2","67301","0","","1.0","","9","N","N","N","0","","1","0","0","3","3","","1030","2","1","1","0","0","0","0","2","0","2","0","0","0","7","","","N","","","","","","","","","",""
"2021046192","1110","1","0","0","0","0","0","0","0","0","5","0","","67","3","2021","4","39.960274","-75.140858","1100","6","0","0","0","0","0","0","0","0","","0","0","0","10","1","2","N","0","0","39 57:36.987","","2","75 08:27.090","3","0","0","0","67301","0","0","0","Y","0","0","0","3","68K01","0","","1.0","","1","N","N","N","0","","2","0","1","0","0","","1057","2","2","0","0","0","0","0","2","0","2","0","0","0","3","","","N","","","","","","","","","",""