"CRN","ARRIVAL_TM","AUTOMOBILE_COUNT","BELTED_DEATH_COUNT","BELTED_SUSP_SERIOUS_INJ_COUNT","BICYCLE_COUNT","BICYCLE_DEATH_COUNT","BICYCLE_SUSP_SERIOUS_INJ_COUNT","BUS_COUNT","CHLDPAS_DEATH_COUNT","CHLDPAS_SUSP_SERIOUS_INJ_COUNT","COLLISION_TYPE","COMM_VEH_COUNT","CONS_ZONE_SPD_LIM","COUNTY","CRASH_MONTH","CRASH_YEAR","DAY_OF_WEEK","DEC_LATITUDE","DEC_LONGITUDE","DISPATCH_TM","DISTRICT","DRIVER_COUNT_16YR","DRIVER_COUNT_17YR","DRIVER_COUNT_18YR","DRIVER_COUNT_19YR","DRIVER_COUNT_20YR","DRIVER_COUNT_50_64YR","DRIVER_COUNT_65_74YR","DRIVER_COUNT_75PLUS","EST_HRS_CLOSED","FATAL_COUNT","HEAVY_TRUCK_COUNT","HORSE_BUGGY_COUNT","HOUR_OF_DAY","ILLUMINATION","INJURY_COUNT","INTERSECTION_RELATED","INTERSECT_TYPE","LANE_CLOSED","LATITUDE","LN_CLOSE_DIR","LOCATION_TYPE","LONGITUDE","MAX_SEVERITY_LEVEL","MCYCLE_DEATH_COUNT","MCYCLE_SUSP_SERIOUS_INJ_COUNT","MOTORCYCLE_COUNT","MUNICIPALITY","NONMOTR_COUNT","NONMOTR_DEATH_COUNT","NONMOTR_SUSP_SERIOUS_INJ_COUNT","NTFY_HIWY_MAINT","PED_COUNT","PED_DEATH_COUNT","PED_SUSP_SERIOUS_INJ_COUNT","PERSON_COUNT","POLICE_AGCY","POSSIBLE_INJ_COUNT","RDWY_SURF_TYPE_CD","RELATION_TO_ROAD","ROADWAY_CLEARED","ROAD_CONDITION","SCH_BUS_IND","SCH_ZONE_IND","SECONDARY_CRASH","SMALL_TRUCK_COUNT","SPEC_JURIS_CD","SUSP_MINOR_INJ_COUNT","SUSP_SERIOUS_INJ_COUNT","SUV_COUNT","TCD_FUNC_CD","TCD_TYPE","TFC_DETOUR_IND","TIME_OF_DAY","TOTAL_UNITS","TOT_INJ_COUNT","UNBELTED_OCC_COUNT","UNB_DEATH_COUNT","UNB_SUSP_SERIOUS_INJ_COUNT","UNK_INJ_DEG_COUNT","UNK_INJ_PER_COUNT","URBAN_RURAL","VAN_COUNT","VEHICLE_COUNT","VULNERABLE_ROAD_USER_COUNT","VULNERABLE_ROAD_USER_DEATH_COUNT","VULNERABLE_ROAD_USER_SER_INJ_COUNT","WEATHER1","WEATHER2","WORKERS_PRES","WORK_ZONE_IND","WORK_ZONE_LOC","WORK_ZONE_TYPE","WZ_CLOSE_DETOUR","WZ_FLAGGER","WZ_LAW_OFFCR_IND","WZ_LN_CLOSURE","WZ_MOVING","WZ_OTHER","WZ_SHLDER_MDN","WZ_WORKERS_INJ_KILLED"
"2021047391","740","1","0","0","0","0","0","0","0","0","1","1","","67","5","2021","6","40.019981","-75.126647","734","6","0","0","0","0","0","1","0","0","","0","1","0","7","1","1","","2","0","40 01:11.931","","0","75 07:35.929","3","0","0","0","67301","0","0","0","N","0","0","0","3","67301","0","","1.0","","1","N","N","N","0","","1","0","0","3","3","","716","3","1","0","0","0","0","0","2","1","3","0","0","0","3","03","","N","","","","","","","","","",""
"2021022714","1201","0","0","0","0","0","0","0","0","0","1","0","","67","3","2021","2","40.041412","-75.120105","1200","6","0","0","0","0","0","2","0","0","","0","0","0","12","1","1","","1","0","40 02:29.083","","0","75 07:12.377","3","0","0","0","67301","0","0","0","N","0","0","0","2","67301","0","","1.0","","1","N","N","N","0","","1","0","2","3","2","","1200","2","1","2","0","0","0","0","2","0","2","0","0","0","3","03","","N","","","","","","","","","",""
"2021026156","440","1","0","0","0","0","0","0","0","0","5","0","","67","3","2021","6","39.982208","-75.14045","437","6","0","0","0","0","0","0","0","0","","0","0","0","4","3","0","N","0","0","39 58:55.950","","0","75 08:25.620","0","0","0","0","67301","0","0","0","N","0","0","0","1","67301","0","","6.0","","1","N","N","N","0","","0","0","1","0","0","","437","3","0","0","0","0","0","0","2","1","3","0","0","0","3","03","","N","","","","","","","","","",""
"2021048569","1759","2","0","0","0","0","0","0","0","0","4","0","","67","5","2021","3","39.977666","-75.227725","1756","6","0","0","0","0","0","0","0","0","","0","0","0","17","1","0","N","0","0","39 58:39.596","","0","75 13:39.810","0","0","0","0","67301","0","0","0","N","0","0","0","2","67301","0","","1.0","","1","N","N","N","0","","0","0","0","0","0","","1750","2","0","0","0","0","0","0","2","0","2","0","0","0","3","03","","N","","","","","","","","","",""
"2021047281","2349","1","0","0","0","0","0","0","0","0","4","0","","67","5","2021","2","40.011671","-75.069854","2347","6","0","0","0","0","0","0","0","0","","0","0","0","22","3","1","","1","0","40 00:42.017","","0","75 04:11.475","3","0","0","0","67301","0","0","0","N","0","0","0","1","67301","0","","1.0","","1","N","N","N","0","","1","0","0","3","2","","2256","2","1","0","0","0","0","0","2","0","2","0","0","0","3","03","","N","","","","","","","","","",""
"2021030130","1605","2","0","0","0","0","0","0","0","0","1","0","","67","3","2021","7","39.962635","-75.246728","1557","6","0","0","0","0","1","0","0","0","","0","0","0","15","1","1","","1","0","39 57:45.487","","0","75 14:48.219","3","0","0","0","67301","0","0","0","N","0","0","0","2","67301","0","","1.0","","1","N","N","N","0","","1","0","0","3","2","","1536","2","1","2","0","0","0","0","2","0","2","0","0","0","7","03","","N","","","","","","","","","",""
"2021024561","1640","1","0","0","0","0","0","0","0","0","4","0","","67","3","2021","5","40.021235","-75.126146","1640","6","0","1","0","0","0","0","0","0","","0","0","0","16","1","1","","1","0","40 01:16.445","","0","75 07:34.125","3","0","0","1","67301","0","0","0","N","0","0","0","2","67301","0","","1.0","","1","N","N","N","0","","1","0","0","0","0","","1630","2","1","1","0","0","0","0","2","0","2","0","0","0","3","03","","N","","","","","","","","","",""
"2021048368","2122","1","0","1","0","0","0","0","0","0","2","0","","67","5","2021","4","40.001172","-75.190451","2118","6","0","0","1","0","0","0","1","0","","3","0","0","21","3","2","N","0","2","40 00:04.219","7","0","75 11:25.623","1","0","0","0","67301","0","0","0","N","0","0","0","5","67301","0","2","1.0","2350.0","1","N","N","N","0","0","0","2","1","0","0","","2111","2","2","0","0","0","0","0","2","0","2","0","0","0","3","03","","N","","","","","","","","","",""
"2021023654","34","1","0","0","0","0","0","0","0","0","7","0","","67","3","2021","2","39.956797","-75.153677","27","6","0","0","0","0","0","0","0","0","","0","0","0","0","3","0","N","0","0","39 57:24.468","","0","75 09:13.237","0","0","0","0","67301","0","0","0","N","0","0","0","2","68K01","0","","3.0","","1","N","N","N","0","","0","0","0","0","0","","26","1","0","0","0","0","0","0","2","0","1","0","0","0","3","","","N","","","","","","","","","",""
"2021026267","1310","2","0","0","0","0","0","0","0","0","5","0","","67","3","2021","5","40.052142","-75.175669","1309","6","0","0","1","0","0","1","0","0","","0","0","0","13","1","1","Y","0","0","40 03:07.711","","0","75 10:32.407","3","0","0","0","67301","0","0","0","N","0","0","0","3","67301","0","","1.0","","9","N","N","N","0","","1","0","0","0","0","","1309","3","1","0","0","0","0","0","2","1","3","0","0","0","7","07","","N","","","","","","","","","",""
"2021022510","1810","1","0","0","0","0","0","0","0","0","4","0","","67","3","2021","1","40.009942","-75.151089","1800","6","0","0","0","0","0","0","0","0","","0","0","0","17","3","1","","5","0","40 00:35.790","","0","75 09:03.920","3","0","0","1","67301","0","0","0","N","0","0","0","2","67301","0","","1.0","","1","N","N","N","0","","1","0","0","3","2","","1750","2","1","0","0","0","0","0","2","0","2","0","0","0","3","03","","N","","","","","","","","","",""
"2021046955","2331","3","0","0","0","0","0","0","0","0","4","0","","67","5","2021","6","39.978601","-75.145008","2331","6","0","1","0","0","0","0","0","0","","0","0","0","22","3","1","","2","0","39 58:42.963","","0","75 08:42.028","3","0","0","0","67301","0","0","0","N","0","0","0","3","67301","0","","1.0","","1","N","N","N","0","","1","0","0","9","2","","2255","3","1","0","0","0","0","0","2","0","3","0","0","0","3","","","N","","","","","","","","","",""
"2021022175","1725","3","0","0","0","0","0","0","0","0","1","0","","67","3","2021","7","39.943714","-75.142016","1718","6","0","0","0","0","0","2","0","0","","0","0","0","17","1","0","N","0","0","39 56:37.371","","0","75 08:31.259","0","0","0","0","67301","0","0","0","N","0","0","0","4","67301","0","","1.0","","1","N","N","N","0","","0","0","1","0","0","","1705","4","0","0","0","0","0","0","2","0","4","0","0","0","3","03","","N","","","","","","","","","",""
"2021026851","1816","2","0","0","0","0","0","0","0","0","1","0","","67","3","2021","3","39.959489","-75.174742","1816","6","0","0","0","0","0","0","0","0","","0","0","0","18","4","2","N","0","0","39 57:34.161","","0","75 10:29.072","3","0","0","0","67301","0","0","0","N","0","0","0","6","68K01","0","","1.0","","1","N","N","N","0","","2","0","2","0","0","","1816","4","2","1","0","0","0","0","2","0","4","0","0","0","3","","","N","","","","","","","","","",""
"2021051066","50","1","0","0","0","0","0","0","0","0","4","0","","67","6","2021","4","39.972722","-75.231022","50","6","0","0","0","0","0","0","0","0","","0","0","0","23","3","1","N","0","0","39 58:21.800","","0","75 13:51.680","8","0","0","0","67301","0","0","0","N","0","0","0","3","67301","0","","1.0","","1","N","N","N","0","","0","0","1","0","0","","2354","3","1","0","0","0","1","2","2","0","3","0","0","0","3","03","","N","","","","","","","","","",""
"2021021210","539","0","0","0","0","0","0","0","0","0","7","0","","67","3","2021","4","40.111722","-75.02875","536","6","0","0","0","0","0","1","0","0","","0","0","0","5","3","0","N","0","0","40 06:42.200","","0","75 01:43.500","9","0","0","0","67301","0","0","0","N","0","0","0","2","67301","0","","4.0","","1","N","N","N","1","","0","0","0","0","0","","535","1","0","0","0","0","0","1","2","0","1","0","0","0","3","","","N","","","","","","","","","",""
"2021026103","1317","1","0","0","0","0","0","0","0","0","7","0","","67","3","2021","4","39.982917","-75.099264","1254","6","0","1","0","0","0","1","0","0","","0","0","0","12","1","2","N","0","0","39 58:58.502","","0","75 05:57.351","8","0","0","0","67301","0","0","0","N","0","0","0","4","68K01","0","","3.0","","1","N","N","N","0","","0","0","1","0","0","","1251","2","2","1","0","0","2","0","2","0","2","0","0","0","3","03","","N","","","","","","","","","",""
"2021032832","2300","1","0","0","0","0","0","0","0","0","4","0","","67","4","2021","6","39.988764","-75.1628","2253","6","0","0","0","1","0","0","0","0","","0","0","0","22","3","0","","1","0","39 59:19.550","","0","75 09:46.081","0","0","0","0","67301","0","0","0","N","0","0","0","8","67301","0","","1.0","","1","N","N","Y","1","","0","0","1","3","3","","2230","3","0","0","0","0","0","0","2","0","3","0","0","0","3","03","","N","","","","","","","","","",""
"2021022881","1716","2","0","0","0","0","0","0","0","0","4","0","","67","3","2021","7","40.013247","-75.159663","1716","6","0","0","0","0","0","0","0","0","","0","0","0","17","1","2","N","0","2","40 00:47.688","6","7","75 09:34.788","8","0","0","0","67301","0","0","0","N","0","0","0","3","67301","0","","1.0","1756.0","1","N","N","N","0","","0","0","1","3","3","Y","1716","3","2","0","0","0","2","0","2","0","3","0","0","0","3","03","","N","","","","","","","","","",""
"2021021209","812","0","0","0","0","0","0","0","0","0","4","0","","67","3","2021","4","40.04373","-75.085093","806","6","0","0","0","0","0","0","0","0","","0","0","0","8","1","1","","1","1","40 02:37.429","2","0","75 05:06.333","3","0","0","0","67301","0","0","0","N","0","0","0","4","67301","0","","1.0","850.0","1","N","N","N","0","","1","0","1","3","2","N","806","2","1","0","0","0","0","0","2","1","2","0","0","0","3","03","","N","","","","","","","","","",""
"2021022260","1410","2","0","0","0","0","0","0","0","0","7","0","","67","3","2021","7","39.982146","-75.239606","1408","6","0","0","0","0","0","1","0","0","","0","0","0","14","1","2","N","0","0","39 58:55.727","","0","75 14:22.581","3","0","0","0","67301","0","0","0","N","0","0","0","5","67301","0","","4.0","","1","N","N","N","0","","2","0","0","0","0","","1400","2","2","0","0","0","0","0","2","0","2","0","0","0","3","","","N","","","","","","","","","",""
"2021026268","1129","1","0","0","0","0","0","0","0","0","1","0","","67","3","2021","5","40.038756","-75.035513","1125","6","0","0","0","0","0","0","0","0","","0","0","0","11","1","1","N","0","0","40 02:19.523","","0","75 02:07.848","3","0","0","0","67301","0","0","0","N","0","0","0","1","67301","0","","6.0","","9","N","N","Y","0","","1","0","2","0","0","","1117","3","1","0","0","0","0","0","2","0","3","0","0","0","7","07","","N","","","","","","","","","",""
"2021022503","755","2","0","0","0","0","0","0","0","0","4","0","","67","3","2021","1","39.960268","-75.196858","752","6","0","0","0","0","0","0","0","0","","0","0","0","7","1","2","","1","0","39 57:36.965","","0","75 11:48.688","3","0","0","0","67301","0","0","0","N","0","0","0","3","67301","0","","1.0","","1","N","N","N","0","","2","0","2","0","0","","750","4","2","2","0","0","0","1","2","0","4","0","0","0","3","03","","N","","","","","","","","","",""
"2021022252","54","0","0","0","0","0","0","0","0","0","8","0","","67","3","2021","6","40.052064","-75.051253","47","6","0","0","0","0","0","0","0","0","","0","0","0","18","4","2","","2","0","40 03:07.430","","0","75 03:04.509","3","0","0","0","67301","2","0","0","N","2","0","0","3","67301","0","","1.0","","1","N","N","N","0","","2","0","1","0","0","","1830","3","2","0","0","0","0","0","2","0","1","2","0","0","3","03","","N","","","","","","","","","",""
"2021021763","726","1","0","0","0","0","0","0","0","0","4","0","","67","3","2021","6","39.989783","-75.103889","717","6","0","0","0","0","0","1","0","0","","0","0","0","6","1","0","","1","1","39 59:23.218","1","0","75 06:14.002","0","0","0","0","67301","0","0","0","N","0","0","0","2","67301","0","","1.0","50.0","1","N","N","N","0","","0","0","1","3","2","N","625","2","0","0","0","0","0","0","2","0","2","0","0","0","3","03","","N","","","","","","","","","",""
"2021022418","1614","1","0","0","0","0","0","0","0","0","4","0","","67","3","2021","1","40.054659","-75.232154","1611","6","0","0","0","0","0","0","0","0","","0","0","0","16","1","1","","2","0","40 03:16.773","","0","75 13:55.756","3","0","0","0","67301","0","0","0","N","0","0","0","2","67301","0","","1.0","","1","N","N","N","0","","1","0","1","0","0","","1605","2","1","0","0","0","0","0","2","0","2","0","0","0","3","03","","N","","","","","","","","","",""
"2021024820","100","1","0","0","0","0","0","0","0","0","2","0","","67","3","2021","3","39.921275","-75.215964","100","6","0","0","0","0","0","1","0","0","","0","0","0","20","3","1","N","0","0","39 55:16.590","","0","75 12:57.470","4","0","0","0","67301","0","0","0","N","0","0","0","2","67301","1","","1.0","","1","N","N","Y","0","","0","0","1","0","0","","2015","2","1","0","0","0","0","0","2","0","2","0","0","0","3","","","N","","","","","","","","","",""
"2021048112","1735","0","0","0","0","0","0","0","0","0","8","0","","67","5","2021","2","39.984744","-75.184558","1732","6","0","0","0","0","0","0","1","0","","0","0","0","17","1","1","","2","0","39 59:05.078","","0","75 11:04.408","3","0","0","0","67301","1","0","0","N","1","0","0","2","67301","0","","1.0","","1","N","N","N","0","","1","0","1","3","3","","1730","2","1","0","0","0","0","0","2","0","1","1","0","0","3","03","","N","","","","","","","","","",""
"2021047946","825","1","0","1","0","0","0","0","0","0","4","1","","67","5","2021","4","40.011617","-75.120498","820","6","0","0","0","0","0","2","0","0","","0","1","0","8","1","1","N","0","1","40 00:41.820","3","7","75 07:13.794","2","0","0","0","67301","0","0","0","N","0","0","0","2","67301","0","","1.0","930.0","1","N","N","N","0","","0","1","0","0","0","N","800","2","1","0","0","0","0","0","2","0","2","0","0","0","3","03","","N","","","","","","","","","",""
"2021032987","301","2","0","0","0","0","0","0","0","0","1","0","","67","4","2021","7","40.004029","-75.195006","256","6","0","0","0","0","0","0","0","0","","0","0","0","2","3","3","N","0","2","40 00:14.505","3","8","75 11:42.023","3","0","0","0","67301","0","0","0","N","0","0","0","5","68K01","0","","1.0","45.0","1","N","N","N","0","","3","0","0","0","0","Y","256","2","3","0","0","0","0","0","2","0","2","0","0","0","3","03","","N","","","","","","","","","",""
"2021025271","2115","1","0","0","0","0","0","0","0","0","5","0","","67","3","2021","6","39.954","-75.248569","2111","6","0","0","0","0","0","0","0","0","","0","0","0","21","3","0","N","0","0","39 57:14.401","","0","75 14:54.848","0","0","0","0","67301","0","0","0","N","0","0","0","1","67301","0","","6.0","","1","N","N","N","0","","0","0","1","0","0","","2110","2","0","0","0","0","0","0","2","0","2","0","0","0","3","","","N","","","","","","","","","",""
"2021022178","1832","1","0","0","0","0","0","0","0","0","4","0","","67","3","2021","5","39.921017","-75.22412","1826","6","0","0","0","0","0","0","0","0","","0","0","0","18","3","2","","1","0","39 55:15.660","","0","75 13:26.832","3","0","0","0","67301","0","0","0","N","0","0","0","2","67301","0","","1.0","","1","N","N","N","0","","2","0","0","3","2","","1814","2","2","0","0","0","0","0","2","0","2","0","0","0","3","03","","N","","","","","","","","","",""
"2021022508","1122","2","0","0","0","0","0","0","0","0","2","0","","67","3","2021","5","40.000274","-75.188089","1117","6","0","0","1","0","0","0","0","0","","0","0","0","11","1","2","N","0","0","40 00:00.987","","0","75 11:17.121","4","0","0","0","67301","0","0","0","N","0","0","0","4","67301","2","","1.0","","1","N","N","N","0","","0","0","0","0","0","","1100","2","2","1","0","0","0","0","2","0","2","0","0","0","3","03","","N","","","","","","","","","",""
"2021022791","1908","1","0","0","0","0","0","0","0","0","5","0","","67","3","2021","2","39.99","-75.175361","1858","6","0","0","0","0","1","0","0","0","","0","0","0","18","3","0","N","0","0","39 59:24.000","","0","75 10:31.300","0","0","0","0","67301","0","0","0","N","0","0","0","2","67301","0","","1.0","","1","N","N","N","0","","0","0","1","0","0","","1850","2","0","2","0","0","0","0","2","0","2","0","0","0","3","03","","N","","","","","","","","","",""
"2021048487","1720","2","0","0","0","0","0","0","0","0","1","0","","67","5","2021","5","39.898997","-75.168836","1718","6","0","0","0","0","0","0","0","0","","0","0","0","16","1","0","N","0","1","39 53:56.390","2","0","75 10:07.810","0","0","0","0","67301","0","0","0","N","0","0","0","5","68K01","0","","1.0","1802.0","1","N","N","N","0","","0","0","1","0","0","N","1647","3","0","1","0","0","0","0","2","0","3","0","0","0","3","03","","N","","","","","","","","","",""
"2021024529","1640","0","0","0","0","0","0","0","0","0","8","0","","67","3","2021","5","39.965167","-75.202833","1630","6","0","0","0","0","0","0","0","0","","0","0","0","16","4","1","N","0","0","39 57:54.600","","0","75 12:10.200","3","0","0","0","67301","1","0","0","N","1","0","0","2","67301","0","","1.0","","1","N","N","N","0","","1","0","0","0","0","","1600","2","1","0","0","0","0","1","2","0","1","1","0","0","3","03","","N","","","","","","","","","",""
"2021050570","1830","1","0","0","0","0","0","0","0","0","5","0","","67","6","2021","3","40.055985","-75.140304","1820","6","0","0","0","0","0","0","0","0","","0","0","0","17","1","0","N","0","0","40 03:21.545","","0","75 08:25.096","0","0","0","0","67301","0","0","0","N","0","0","0","2","67301","0","","1.0","","1","N","N","N","0","","0","0","1","0","0","","1756","2","0","2","0","0","0","0","2","0","2","0","0","0","3","","","N","","","","","","","","","",""
"2021023051","1918","2","0","0","0","0","0","0","0","0","6","0","","67","3","2021","2","39.950422","-75.230764","1912","6","0","0","0","0","0","0","0","0","","0","0","0","18","3","2","N","0","2","39 57:01.520","7","0","75 13:50.750","4","0","0","0","67301","0","0","0","N","0","0","0","2","67301","2","","6.0","2049.0","1","N","N","N","0","","0","0","0","0","0","Y","1858","3","2","0","0","0","0","0","2","1","3","0","0","0","3","03","","N","","","","","","","","","",""
"2021021962","1725","1","0","0","0","0","0","0","0","0","1","0","","67","3","2021","6","39.944297","-75.154975","1725","6","0","0","0","0","0","1","0","0","","0","0","0","17","3","1","N","0","0","39 56:39.470","","0","75 09:17.910","8","0","0","0","67301","0","0","0","N","0","0","0","3","67301","0","","1.0","","1","N","N","N","0","","0","0","1","0","0","","1720","2","1","0","0","0","1","0","2","0","2","0","0","0","3","03","","N","","","","","","","","","",""
"2021024551","1730","1","0","0","0","0","0","0","0","0","4","0","","67","3","2021","1","39.991768","-75.137349","1720","6","0","0","0","0","0","0","0","0","","0","0","0","17","1","2","","1","0","39 59:30.366","","0","75 08:14.457","3","0","0","0","67301","0","0","0","N","0","0","0","2","67301","0","","1.0","","1","N","N","N","0","","2","0","2","3","3","","1719","3","2","0","0","0","0","0","2","0","3","0","0","0","3","","","N","","","","","","","","","",""
"2021023050","1850","1","0","0","0","0","0","0","0","0","4","0","","67","3","2021","2","39.955991","-75.217645","1849","6","0","0","0","0","0","0","1","0","","0","0","0","18","3","1","","1","0","39 57:21.568","","0","75 13:03.523","3","0","0","0","67301","0","0","0","N","0","0","0","2","67301","0","","1.0","","1","N","N","N","0","","1","0","1","3","1","","1828","2","1","0","0","0","0","0","2","0","2","0","0","0","3","03","","N","","","","","","","","","",""
"2021048570","2139","1","0","0","0","0","0","0","0","0","7","0","","67","5","2021","4","40.019188","-75.190715","2031","6","0","0","0","0","0","0","0","0","","0","0","0","18","1","1","N","0","0","40 01:09.077","","0","75 11:26.573","2","0","0","0","67301","0","0","0","N","0","0","0","1","67301","0","","5.0","","9","N","N","N","0","","0","1","0","0","0","","1836","1","1","0","0","0","0","0","2","0","1","0","0","0","7","04","","N","","","","","","","","","",""
"2021022785","1327","3","0","0","0","0","0","0","0","0","5","0","","67","3","2021","6","39.975881","-75.158714","1325","6","0","0","0","0","0","0","0","0","","0","0","0","13","1","1","N","0","0","39 58:33.170","","0","75 09:31.370","3","0","0","0","67301","0","0","0","N","0","0","0","2","67301","0","","6.0","","1","N","N","N","0","","1","0","0","0","0","","1317","3","1","2","0","0","0","1","2","0","3","0","0","0","3","03","","N","","","","","","","","","",""
"2021057258","1740","1","0","0","0","0","0","0","0","0","8","0","","67","6","2021","7","40.025167","-75.047719","1733","6","0","0","0","0","0","1","0","0","","0","0","0","17","1","1","N","0","0","40 01:30.600","","0","75 02:51.790","3","0","0","0","67301","1","0","0","N","1","0","0","2","67301","0","","1.0","","9","N","N","N","0","","1","0","0","0","0","","1728","2","1","0","0","0","0","0","2","0","1","1","0","0","7","","","N","","","","","","","","","",""
"2021056235","1638","3","0","0","0","0","0","1","0","0","4","1","","67","6","2021","5","39.953243","-75.23653","1628","6","0","0","0","0","0","0","0","0","","0","0","0","16","1","8","","1","2","39 57:11.674","1","0","75 14:11.508","8","0","0","0","67301","0","0","0","N","0","0","0","15","67508","0","","1.0","9999.0","1","N","N","Y","0","","0","0","1","3","2","Y","1628","5","8","0","0","0","8","5","2","0","5","0","0","0","3","03","","N","","","","","","","","","",""
"2021057250","43","1","0","0","0","0","0","0","0","0","4","0","","67","6","2021","1","39.926636","-75.162197","39","6","0","0","0","0","0","0","0","0","","0","0","0","0","3","0","N","0","2","39 55:35.890","2","0","75 09:43.910","0","0","0","0","67301","0","0","0","N","0","0","0","1","67301","0","","1.0","203.0","1","N","N","N","0","","0","0","1","0","0","Y","32","2","0","0","0","0","0","0","2","0","2","0","0","0","3","03","","N","","","","","","","","","",""
"2021032913","1520","1","0","0","0","0","0","0","0","0","1","0","","67","4","2021","5","40.044769","-75.217831","1515","6","0","0","0","0","0","0","0","0","","0","0","0","14","1","1","N","0","1","40 02:41.168","2","0","75 13:04.193","4","0","0","0","67301","0","0","0","N","0","0","0","2","67301","1","","1.0","1630.0","1","N","N","Y","0","","0","0","1","0","0","N","1450","2","1","0","0","0","0","1","2","0","2","0","0","0","3","03","","N","","","","","","","","","",""
"2021060917","36","1","0","0","0","0","0","0","0","0","5","0","45","67","6","2021","6","39.949083","-75.185007","21","6","0","0","0","0","0","0","0","0","","0","0","0","0","3","0","N","0","2","39 56:56.697","3","0","75 11:06.025","9","0","0","0","67301","0","0","0","N","0","0","0","2","68K01","0","","1.0","36.0","1","N","N","N","0","","0","0","0","0","0","N","21","2","0","0","0","0","0","1","2","0","2","0","0","0","3","","Y","Y","4","1","N","N","Y","N","N","Y","N","N"
"2021058651","1951","2","0","0","0","0","0","0","0","0","4","0","","67","6","2021","4","40.008621","-75.068836","1951","6","0","0","0","0","0","0","0","0","","0","0","0","19","4","0","","1","1","40 00:31.034","4","0","75 04:07.810","0","0","0","0","67301","0","0","0","N","0","0","0","3","67301","0","","1.0","20.0","1","N","N","N","0","","0","0","0","3","2","N","1949","2","0","0","0","0","0","0","2","0","2","0","0","0","3","","","N","","","","","","","","","",""
"2021060668","838","0","0","0","0","0","0","0","0","0","5","0","","67","6","2021","5","39.993541","-75.084879","828","6","0","0","0","0","0","0","0","0","","0","0","0","8","1","0","N","0","0","39 59:36.746","","0","75 05:05.565","0","0","0","0","67301","0","0","0","N","0","0","0","2","68K01","0","","1.0","","1","N","N","N","0","","0","0","2","0","0","","807","2","0","0","0","0","0","0","2","0","2","0","0","0","3","","","N","","","","","","","","","",""
"2021057418","1441","0","0","0","0","0","0","0","0","0","7","0","","67","6","2021","7","40.006385","-75.19736","1440","6","0","0","0","0","0","0","0","0","","0","0","0","14","1","5","N","0","0","40 00:22.985","","0","75 11:50.497","4","0","0","0","67301","0","0","0","N","0","0","0","5","68K01","5","","2.0","","1","N","N","N","0","","0","0","1","0","0","","1439","1","5","1","0","0","0","0","2","0","1","0","0","0","3","","","N","","","","","","","","","",""
"2021057265","1235","0","0","0","0","0","0","0","0","0","6","0","","67","6","2021","2","39.995915","-75.092064","1235","6","0","0","0","0","0","1","1","0","","0","0","0","12","1","1","N","2","0","39 59:45.294","","7","75 05:31.430","3","0","0","0","67301","0","0","0","N","0","0","0","3","67301","0","","1.0","","1","N","N","N","0","","1","0","2","3","2","","1230","2","1","0","0","0","0","0","2","0","2","0","0","0","3","03","","N","","","","","","","","","",""
"2021033404","1302","2","0","0","0","0","0","0","0","0","4","0","","67","4","2021","4","40.055331","-75.008481","1300","6","0","0","0","0","0","0","0","0","","0","0","0","13","1","1","N","0","1","40 03:19.193","2","7","75 00:30.531","3","0","0","0","67301","0","0","0","N","0","0","0","3","67301","0","","1.0","30.0","1","N","N","N","0","","1","0","0","0","0","N","1300","2","1","0","0","0","0","0","2","0","2","0","0","0","3","03","","N","","","","","","","","","",""
"2021057852","315","2","0","0","0","0","0","0","0","0","0","0","","67","6","2021","7","39.996636","-75.196624","310","6","0","0","0","0","0","0","0","0","","0","0","0","2","3","0","N","0","0","39 59:47.891","","0","75 11:47.847","0","0","0","0","67301","0","0","0","N","0","0","0","2","68K01","0","","1.0","","9","N","N","N","0","","0","0","0","0","0","","259","2","0","0","0","0","0","0","2","0","2","0","0","0","7","","","N","","","","","","","","","",""
"2021031273","305","2","0","0","0","0","0","0","0","0","4","0","","67","3","2021","2","39.959174","-75.243377","254","6","0","0","0","0","0","0","0","0","","0","0","0","2","3","3","","1","0","39 57:33.025","","0","75 14:36.157","3","0","0","0","67301","0","0","0","N","0","0","0","3","67301","0","","1.0","","1","N","N","N","0","","2","0","0","3","1","","250","2","3","0","0","0","1","0","2","0","2","0","0","0","3","03","","N","","","","","","","","","",""
"2021057226","2234","2","0","0","0","0","0","0","0","0","2","0","","67","6","2021","7","40.00468","-75.152126","2233","6","0","0","0","0","0","0","0","0","","0","0","0","22","3","4","","1","1","40 00:16.847","4","0","75 09:07.652","3","0","0","0","67301","0","0","0","N","0","0","0","4","67505","1","","1.0","2310.0","1","N","N","N","0","","3","0","0","3","2","N","2232","2","4","0","0","0","0","0","2","0","2","0","0","0","3","03","","N","","","","","","","","","",""
"2021059314","810","2","0","0","0","0","0","0","0","0","1","0","","67","6","2021","6","39.995823","-75.169147","806","6","0","0","0","0","0","0","0","0","","0","0","0","7","1","0","","1","0","39 59:44.961","","0","75 10:08.930","9","0","0","0","67301","0","0","0","N","0","0","0","1","67301","0","","2.0","","1","N","N","N","0","","0","0","0","3","2","","758","2","0","0","0","0","0","1","2","0","2","0","0","0","3","","","N","","","","","","","","","",""