"CRN","ARRIVAL_TM","AUTOMOBILE_COUNT","BELTED_DEATH_COUNT","BELTED_SUSP_SERIOUS_INJ_COUNT","BICYCLE_COUNT","BICYCLE_DEATH_COUNT","BICYCLE_SUSP_SERIOUS_INJ_COUNT","BUS_COUNT","CHLDPAS_DEATH_COUNT","CHLDPAS_SUSP_SERIOUS_INJ_COUNT","COLLISION_TYPE","COMM_VEH_COUNT","CONS_ZONE_SPD_LIM","COUNTY","CRASH_MONTH","CRASH_YEAR","DAY_OF_WEEK","DEC_LATITUDE","DEC_LONGITUDE","DISPATCH_TM","DISTRICT","DRIVER_COUNT_16YR","DRIVER_COUNT_17YR","DRIVER_COUNT_18YR","DRIVER_COUNT_19YR","DRIVER_COUNT_20YR","DRIVER_COUNT_50_64YR","DRIVER_COUNT_65_74YR","DRIVER_COUNT_75PLUS","EST_HRS_CLOSED","FATAL_COUNT","HEAVY_TRUCK_COUNT","HORSE_BUGGY_COUNT","HOUR_OF_DAY","ILLUMINATION","INJURY_COUNT","INTERSECTION_RELATED","INTERSECT_TYPE","LANE_CLOSED","LATITUDE","LN_CLOSE_DIR","LOCATION_TYPE","LONGITUDE","MAX_SEVERITY_LEVEL","MCYCLE_DEATH_COUNT","MCYCLE_SUSP_SERIOUS_INJ_COUNT","MOTORCYCLE_COUNT","MUNICIPALITY","NONMOTR_COUNT","NONMOTR_DEATH_COUNT","NONMOTR_SUSP_SERIOUS_INJ_COUNT","NTFY_HIWY_MAINT","PED_COUNT","PED_DEATH_COUNT","PED_SUSP_SERIOUS_INJ_COUNT","PERSON_COUNT","POLICE_AGCY","POSSIBLE_INJ_COUNT","RDWY_SURF_TYPE_CD","RELATION_TO_ROAD","ROADWAY_CLEARED","ROAD_CONDITION","SCH_BUS_IND","SCH_ZONE_IND","SECONDARY_CRASH","SMALL_TRUCK_COUNT","SPEC_JURIS_CD","SUSP_MINOR_INJ_COUNT","SUSP_SERIOUS_INJ_COUNT","SUV_COUNT","TCD_FUNC_CD","TCD_TYPE","TFC_DETOUR_IND","TIME_OF_DAY","TOTAL_UNITS","TOT_INJ_COUNT","UNBELTED_OCC_COUNT","UNB_DEATH_COUNT","UNB_SUSP_SERIOUS_INJ_COUNT","UNK_INJ_DEG_COUNT","UNK_INJ_PER_COUNT","URBAN_RURAL","VAN_COUNT","VEHICLE_COUNT","VULNERABLE_ROAD_USER_COUNT","VULNERABLE_ROAD_USER_DEATH_COUNT","VULNERABLE_ROAD_USER_SER_INJ_COUNT","WEATHER1","WEATHER2","WORKERS_PRES","WORK_ZONE_IND","WORK_ZONE_LOC","WORK_ZONE_TYPE","WZ_CLOSE_DETOUR","WZ_FLAGGER","WZ_LAW_OFFCR_IND","WZ_LN_CLOSURE","WZ_MOVING","WZ_OTHER","WZ_SHLDER_MDN","WZ_WORKERS_INJ_KILLED"
"2021032129","1505","0","0","0","0","0","0","0","0","0","8","0","","67","4","2021","4","40.010132","-75.151074","1450","6","0","0","0","0","0","0","0","0","","0","0","0","14","1","1","","5","0","40 00:36.476","","0","75 09:03.867","2","0","0","0","67301","1","0","1","N","1","0","1","2","67301","0","","1.0","","1","N","N","N","0","","0","1","1","3","2","","1440","2","1","0","0","0","0","0","2","0","1","1","0","1","3","03","","N","","","","","","","","","",""
"2021058064","30","1","0","0","0","0","0","0","0","0","7","0","","67","6","2021","2","39.9756","-75.194927","30","6","0","0","0","0","1","0","0","0","","0","0","0","0","3","0","N","0","0","39 58:32.161","","0","75 11:41.736","0","0","0","0","67301","0","0","0","N","0","0","0","1","68K01","0","","1.0","","1","N","N","Y","0","","0","0","0","0","0","","30","1","0","0","0","0","0","0","2","0","1","0","0","0","3","","","N","","","","","","","","","",""
"2021032418","1553","0","0","0","0","0","0","0","0","0","5","0","","67","4","2021","5","39.915306","-75.159834","1549","6","0","0","0","0","1","2","0","0","","0","0","0","15","1","1","N","1","0","39 54:55.101","","0","75 09:35.404","8","0","0","0","67301","0","0","0","N","0","0","0","3","67301","0","","1.0","","1","N","N","Y","0","","0","0","3","3","2","","1548","3","1","0","0","0","1","0","2","0","3","0","0","0","3","03","","N","","","","","","","","","",""
"2021033900","735","1","0","0","0","0","0","0","0","0","4","0","","67","4","2021","7","40.016129","-75.149636","731","6","0","0","0","0","0","0","0","0","","0","0","0","7","1","0","","2","0","40 00:58.063","","0","75 08:58.689","0","0","0","0","67301","0","0","0","N","0","0","0","3","67301","0","","1.0","","9","N","N","N","0","","0","0","1","3","3","","731","2","0","0","0","0","0","0","2","0","2","0","0","0","7","03","","N","","","","","","","","","",""
"2021032558","35","2","0","0","0","0","0","0","0","0","4","0","","67","4","2021","5","40.030023","-75.142008","30","6","0","0","0","0","0","0","0","0","","0","0","0","21","3","1","","1","0","40 01:48.082","","0","75 08:31.228","4","0","0","0","67301","0","0","0","N","0","0","0","2","67301","1","","1.0","","1","N","N","N","0","","0","0","1","3","3","","2115","3","1","0","0","0","0","1","2","0","3","0","0","0","3","03","","N","","","","","","","","","",""
"2021057394","1955","1","0","0","0","0","0","0","0","0","5","0","","67","6","2021","5","39.959169","-75.173201","1943","6","0","0","0","0","0","0","0","0","","0","0","0","19","1","1","N","0","1","39 57:33.008","3","0","75 10:23.523","8","0","0","0","67301","0","0","0","N","0","0","0","4","68K01","0","","1.0","1955.0","1","N","N","N","0","","0","0","1","0","0","N","1942","2","1","0","0","0","1","0","2","0","2","0","0","0","3","","","N","","","","","","","","","",""
"2021035574","320","0","0","0","0","0","0","0","0","0","1","0","","67","4","2021","1","39.956881","-75.202014","254","6","0","0","0","0","0","0","0","0","","0","0","0","2","8","1","N","0","0","39 57:24.770","","0","75 12:07.250","3","0","0","0","67301","0","0","0","N","0","0","0","1","67301","0","","6.0","","9","N","N","N","0","","1","0","2","0","0","","238","2","1","0","0","0","0","0","2","0","2","0","0","0","7","07","","N","","","","","","","","","",""
"2021058886","1815","1","0","0","0","0","0","0","0","0","5","1","","67","6","2021","4","39.96786","-75.130392","1810","6","0","0","0","0","0","1","1","0","","0","1","0","18","1","1","N","0","2","39 58:04.296","1","0","75 07:49.410","3","0","0","0","67301","0","0","0","N","0","0","0","3","68K01","0","","1.0","30.0","1","N","N","N","0","","1","0","1","0","0","N","1804","3","1","0","0","0","0","0","2","0","3","0","0","0","3","","","N","","","","","","","","","",""
"2021057574","1230","1","0","0","0","0","0","0","0","0","4","0","","67","6","2021","7","40.094541","-75.015043","1220","6","0","0","0","0","0","0","0","0","","0","0","0","12","1","2","","1","0","40 05:40.347","","0","75 00:54.154","3","0","0","0","67301","0","0","0","N","0","0","0","3","67301","1","","1.0","","1","N","N","Y","0","","1","0","1","3","2","","1219","2","2","0","0","0","0","0","2","0","2","0","0","0","3","04","","N","","","","","","","","","",""
"2021058111","1638","2","0","0","0","0","0","0","0","0","4","0","","67","6","2021","1","39.940204","-75.200688","1633","6","0","0","0","0","0","1","0","0","","0","0","0","14","1","1","","2","0","39 56:24.735","","0","75 12:02.476","8","0","0","0","67301","0","0","0","N","0","0","0","1","67301","0","","1.0","","1","N","N","N","0","","0","0","0","3","2","","1428","2","1","0","0","0","1","0","2","0","2","0","0","0","3","","","N","","","","","","","","","",""
"2021059480","14","2","0","0","0","0","0","0","0","0","1","1","","67","6","2021","7","39.962611","-75.183079","10","6","0","0","0","0","0","1","0","0","","0","1","0","0","3","0","N","0","1","39 57:45.400","4","0","75 10:59.083","0","0","0","0","67301","0","0","0","N","0","0","0","3","68K01","0","","1.0","40.0","1","N","N","N","0","","0","0","0","0","0","N","8","3","0","0","0","0","0","0","2","0","3","0","0","0","3","","","N","","","","","","","","","",""
"2021058649","147","1","0","0","0","0","0","0","0","0","1","0","","67","6","2021","1","40.061496","-75.020965","142","6","0","0","0","0","0","0","0","0","","0","0","0","1","3","0","N","0","0","40 03:41.387","","0","75 01:15.473","0","0","0","0","67301","0","0","0","N","0","0","0","1","67301","0","","2.0","","1","N","N","N","0","","0","0","1","0","0","","140","2","0","0","0","0","0","0","2","0","2","0","0","0","3","03","","N","","","","","","","","","",""
"2021060706","1919","2","0","0","0","0","0","0","0","0","5","0","","67","6","2021","1","40.026805","-75.025802","1915","6","0","0","0","0","0","0","0","0","","0","0","0","19","1","1","N","0","1","40 01:36.499","1","0","75 01:32.886","8","0","0","0","67301","0","0","0","N","0","0","0","2","68K01","0","","1.0","1940.0","1","N","N","N","0","","0","0","0","0","0","N","1914","2","1","0","0","0","1","1","2","0","2","0","0","0","3","03","","N","","","","","","","","","",""
"2021032805","718","0","0","0","0","0","0","0","0","0","7","0","","67","4","2021","1","39.955612","-75.189821","715","6","0","0","0","0","0","0","0","0","","0","0","0","6","5","0","N","0","0","39 57:20.203","","0","75 11:23.355","0","0","0","0","67301","0","0","0","N","0","0","0","1","67507","0","","4.0","","9","N","N","N","0","","0","0","1","0","0","","625","1","0","0","0","0","0","0","2","0","1","0","0","0","7","07","","N","","","","","","","","","",""
"2021033133","1026","0","0","0","0","0","0","0","0","0","4","0","","67","4","2021","1","40.039396","-75.082818","1024","6","0","0","0","0","0","0","0","0","","0","0","0","10","1","4","","1","0","40 02:21.825","","0","75 04:58.144","4","0","0","0","67301","0","0","0","N","0","0","0","5","67301","4","","1.0","","9","N","N","N","0","","0","0","1","3","3","","1000","2","4","1","0","0","0","0","2","1","2","0","0","0","7","07","","N","","","","","","","","","",""
"2021057707","1130","2","0","0","0","0","0","0","0","0","4","0","","67","6","2021","7","39.967176","-75.205637","1121","6","0","0","0","0","0","0","0","0","","0","0","0","10","1","1","","1","0","39 58:01.833","","0","75 12:20.294","3","0","0","0","67301","0","0","0","N","0","0","0","2","67301","0","","1.0","","1","N","Y","N","0","","1","0","2","3","2","","1042","4","1","0","0","0","0","0","2","0","4","0","0","0","3","","","N","","","","","","","","","",""
"2021033619","1108","2","0","0","0","0","0","0","0","0","4","0","","67","4","2021","5","40.020139","-75.113103","1106","6","0","0","0","0","0","0","0","0","","0","0","0","11","1","2","","2","2","40 01:12.501","6","0","75 06:47.172","3","0","0","0","67301","0","0","0","N","0","0","0","2","67301","0","","1.0","100.0","1","N","N","Y","0","","2","0","0","3","3","Y","1105","2","2","0","0","0","0","0","2","0","2","0","0","0","3","03","","N","","","","","","","","","",""
"2021032416","1640","0","0","0","0","0","0","0","0","0","8","0","","67","4","2021","5","39.920655","-75.170557","1635","6","0","0","0","0","0","0","0","0","","0","0","0","16","1","1","","1","0","39 55:14.358","","0","75 10:14.006","3","0","0","0","67301","1","0","0","N","1","0","0","2","67301","0","","1.0","","1","N","N","N","0","","1","0","1","3","2","","1635","2","1","0","0","0","0","0","2","0","1","1","0","0","3","03","","N","","","","","","","","","",""
"2021030649","1317","1","0","0","0","0","0","0","0","0","4","0","","67","3","2021","4","39.965983","-75.162396","1315","6","0","0","0","0","0","0","0","0","","0","0","0","13","1","0","","1","1","39 57:57.538","2","0","75 09:44.625","0","0","0","0","67301","0","0","0","N","0","0","0","2","67301","0","","1.0","30.0","9","N","N","N","0","","0","0","1","3","3","Y","1313","2","0","0","0","0","0","0","2","0","2","0","0","0","7","07","","N","","","","","","","","","",""
"2021032713","2149","1","0","0","0","0","0","0","0","0","7","0","","67","3","2021","7","39.946512","-75.142401","2143","6","0","0","0","0","0","0","0","0","","0","0","0","21","3","4","N","0","0","39 56:47.443","","0","75 08:32.642","3","0","0","0","67301","0","0","0","N","0","0","0","4","68K01","1","","2.0","","1","N","N","N","0","","3","0","0","0","0","","2137","1","4","2","0","0","0","0","2","0","1","0","0","0","3","","","N","","","","","","","","","",""
"2021028046","1156","1","0","0","0","0","0","0","0","0","7","0","","67","3","2021","5","39.999108","-75.190654","1154","6","0","0","0","0","0","0","0","0","","0","0","0","11","1","1","N","0","2","39 59:56.787","5","0","75 11:26.356","4","0","0","0","67301","0","0","0","N","0","0","0","1","67301","1","","4.0","15.0","9","N","N","N","0","","0","0","0","0","0","N","1150","1","1","0","0","0","0","0","2","0","1","0","0","0","4","07","","N","","","","","","","","","",""
"2021031955","10","1","0","0","0","0","0","0","0","0","3","0","","67","3","2021","7","40.024139","-75.081417","8","6","0","0","0","0","0","0","0","0","","0","0","0","0","3","0","N","0","0","40 01:26.900","","0","75 04:53.100","0","0","0","0","67301","0","0","0","N","0","0","0","1","67301","0","","6.0","","1","N","N","N","1","","0","0","0","0","0","","2","2","0","0","0","0","0","0","2","0","2","0","0","0","3","","","N","","","","","","","","","",""
"2021051491","941","2","0","0","0","0","0","0","0","0","1","0","","67","6","2021","7","40.019311","-75.183925","934","6","0","0","0","0","0","0","0","0","","0","0","0","9","1","2","N","0","1","40 01:09.520","1","0","75 11:02.130","3","0","0","0","67301","0","0","0","N","0","0","0","3","67301","0","","1.0","1000.0","1","N","N","Y","0","","2","0","1","3","3","N","920","4","2","0","0","0","0","0","2","0","4","0","0","0","3","03","","N","","","","","","","","","",""
"2021027925","150","1","0","0","0","0","0","0","0","0","4","0","","67","3","2021","5","40.033998","-75.074369","144","6","0","0","0","0","0","0","1","0","","0","0","0","1","3","0","","1","1","40 02:02.392","1","0","75 04:27.730","0","0","0","0","67301","0","0","0","N","0","0","0","2","67301","0","","1.0","215.0","1","N","N","N","0","","0","0","1","3","2","N","139","2","0","0","0","0","0","0","2","0","2","0","0","0","3","03","","N","","","","","","","","","",""
"2021028536","1400","1","0","0","1","0","0","0","0","0","8","0","","67","3","2021","6","40.021529","-75.051773","1359","6","0","0","0","0","0","1","0","0","","0","0","0","13","1","1","","1","0","40 01:17.505","","0","75 03:06.381","8","0","0","0","67301","1","0","0","N","0","0","0","2","67301","0","","1.0","","1","N","N","N","0","","0","0","0","3","2","","1358","2","1","1","0","0","1","0","2","0","1","1","0","0","3","03","","N","","","","","","","","","",""
"2021053866","2347","2","0","0","0","0","0","0","0","0","1","0","","67","6","2021","6","39.933995","-75.200027","2329","6","0","0","0","0","1","1","0","0","","0","0","0","23","3","3","N","0","2","39 56:02.382","3","0","75 12:00.096","4","0","0","0","67301","0","0","0","N","0","0","0","3","68K01","3","","1.0","5.0","1","N","N","N","0","","0","0","1","0","0","N","2327","3","3","0","0","0","0","0","2","0","3","0","0","0","3","","","N","","","","","","","","","",""
"2021053629","108","1","0","0","0","0","0","0","0","0","4","0","","67","2","2021","6","39.990938","-75.130917","107","6","0","0","0","0","0","1","0","0","","0","0","0","0","3","2","","1","0","39 59:27.376","","0","75 07:51.301","3","0","0","0","67301","0","0","0","N","0","0","0","4","67301","0","","1.0","","1","N","N","N","0","","2","0","1","3","2","","58","2","2","0","0","0","0","0","2","0","2","0","0","0","3","03","","N","","","","","","","","","",""
"2021053610","1616","1","0","0","0","0","0","1","0","0","2","1","","67","6","2021","3","40.027457","-75.062384","1608","6","0","0","1","0","0","0","0","0","","0","0","0","15","1","2","","1","0","40 01:38.846","","0","75 03:44.583","3","0","0","0","67301","0","0","0","N","0","0","0","3","67301","0","","1.0","","9","Y","N","N","0","","2","0","0","3","2","","1545","2","2","0","0","0","0","0","2","0","2","0","0","0","7","04","","N","","","","","","","","","",""
"2021057093","1603","2","0","0","0","0","0","0","0","0","2","0","","67","6","2021","1","39.919769","-75.18826","1602","6","0","0","0","0","0","1","0","0","","0","0","0","16","1","0","","1","0","39 55:11.168","","0","75 11:17.735","0","0","0","0","67301","0","0","0","N","0","0","0","3","67301","0","","1.0","","1","N","N","N","0","","0","0","1","3","2","","1601","3","0","0","0","0","0","0","2","0","3","0","0","0","3","03","","N","","","","","","","","","",""
"2021027985","1030","3","0","0","0","0","0","0","0","0","2","0","","67","3","2021","4","40.060568","-75.082267","1027","6","0","0","0","0","0","0","0","1","","0","0","0","10","1","2","","1","0","40 03:38.043","","0","75 04:56.160","3","0","0","0","67301","0","0","0","N","0","0","0","6","67301","0","","1.0","","9","N","N","N","0","","1","0","1","3","2","","1027","4","2","0","0","0","1","2","2","0","4","0","0","0","7","07","","N","","","","","","","","","",""
"2021029403","2129","1","0","0","0","0","0","0","0","0","4","0","","67","3","2021","2","39.986434","-75.237193","2120","6","0","1","0","0","0","0","0","0","","0","0","0","21","3","1","","1","0","39 59:11.162","","0","75 14:13.894","3","0","0","0","67301","0","0","0","N","0","0","0","2","67301","0","","1.0","","1","N","N","N","0","","1","0","0","1","2","","2110","2","1","0","0","0","0","0","2","0","2","0","0","0","3","03","","N","","","","","","","","","",""
"2021026598","1732","1","0","0","0","0","0","0","0","0","4","0","","67","3","2021","1","39.976086","-75.119525","1732","6","0","0","0","0","0","0","0","0","","0","0","0","17","1","1","","1","0","39 58:33.909","","0","75 07:10.290","8","0","0","0","67301","0","0","0","N","0","0","0","3","67301","0","","1.0","","1","N","N","N","0","","0","0","1","3","3","","1729","2","1","0","0","0","1","0","2","0","2","0","0","0","3","03","","N","","","","","","","","","",""
"2021035511","2135","1","0","0","0","0","0","0","0","0","1","0","","67","4","2021","6","39.956355","-75.138768","2133","6","0","0","0","0","0","1","0","0","","0","0","0","21","3","0","Y","0","0","39 57:22.877","","0","75 08:19.564","0","0","0","0","67301","0","0","0","N","0","0","0","2","67301","0","","1.0","","9","N","N","N","0","","0","0","1","3","2","","2113","2","0","0","0","0","0","0","2","0","2","0","0","0","7","07","","N","","","","","","","","","",""
"2021052450","1743","1","0","0","0","0","0","0","0","0","1","0","","67","6","2021","7","39.959169","-75.173201","1729","6","0","0","0","0","1","0","0","0","","0","0","0","16","1","0","N","0","0","39 57:33.008","","0","75 10:23.523","0","0","0","0","67301","0","0","0","N","0","0","0","2","68K01","0","","1.0","","1","N","N","N","0","","0","0","1","0","0","","1651","2","0","0","0","0","0","0","2","0","2","0","0","0","3","03","","N","","","","","","","","","",""
"2021027650","1917","1","0","0","0","0","0","0","0","0","4","0","","67","3","2021","4","40.022813","-75.147016","1916","6","0","0","0","0","0","0","0","0","","0","0","0","19","3","0","","1","1","40 01:22.126","7","0","75 08:49.257","0","0","0","0","67301","0","0","0","N","0","0","0","2","67301","0","","1.0","1950.0","9","N","N","N","0","","0","0","1","3","2","N","1915","2","0","0","0","0","0","0","2","0","2","0","0","0","7","","","N","","","","","","","","","",""
"2021030382","1552","0","0","0","0","0","0","0","0","0","4","0","","67","3","2021","2","40.032274","-75.050985","1548","6","0","0","0","0","0","1","0","0","","0","0","0","14","1","0","","1","0","40 01:56.185","","0","75 03:03.545","0","0","0","0","67301","0","0","0","N","0","0","0","2","67301","0","","1.0","","1","N","N","N","0","","0","0","2","3","2","","1452","2","0","0","0","0","0","0","2","0","2","0","0","0","3","03","","N","","","","","","","","","",""
"2021036382","1201","1","0","0","0","0","0","0","0","0","7","0","","67","4","2021","1","39.982353","-75.100062","1201","6","0","0","0","0","0","0","0","0","","0","0","0","0","3","0","N","0","2","39 58:56.470","1","0","75 06:00.224","0","0","0","0","67301","0","0","0","N","0","0","0","1","68K01","0","","3.0","20.0","1","N","N","N","0","","0","0","0","0","0","N","4","1","0","0","0","0","0","0","2","0","1","0","0","0","3","03","","N","","","","","","","","","",""
"2021033495","1725","1","0","0","0","0","0","0","0","0","7","0","","67","4","2021","4","40.034115","-75.075858","1723","6","0","0","0","0","0","0","0","0","","0","0","0","17","1","1","N","0","2","40 02:02.813","2","0","75 04:33.090","8","0","0","0","67301","0","0","0","N","0","0","0","1","67301","0","","4.0","30.0","1","N","N","N","0","","0","0","0","0","0","Y","1721","1","1","1","0","0","1","0","2","0","1","0","0","0","3","03","","N","","","","","","","","","",""
"2021027645","1950","2","0","0","0","0","0","0","0","0","4","0","","67","3","2021","3","40.047209","-75.059183","1947","6","0","0","0","0","0","0","0","0","","0","0","0","19","3","2","N","0","1","40 02:49.952","4","7","75 03:33.060","2","0","0","0","67301","0","0","0","N","0","0","0","4","67301","0","","1.0","2130.0","1","N","N","N","0","","0","1","0","3","3","N","1947","3","2","0","0","0","1","0","2","0","3","0","0","0","3","03","","N","","","","","","","","","",""
"2021052242","1912","0","0","0","0","0","0","0","0","0","7","0","","67","6","2021","7","39.937839","-75.143805","1912","6","0","0","0","0","0","0","0","0","","0","0","0","18","1","0","N","0","0","39 56:16.221","","0","75 08:37.697","0","0","0","0","67301","0","0","0","N","0","0","0","1","68K01","0","","2.0","","1","N","N","N","0","","0","0","0","0","0","","1859","1","0","1","0","0","0","0","2","1","1","0","0","0","3","","","N","","","","","","","","","",""
"2021030478","1310","1","0","0","0","0","0","0","0","0","4","0","","67","3","2021","2","40.031615","-75.207632","1255","6","0","0","0","0","0","1","0","0","","0","0","0","12","1","0","","1","0","40 01:53.814","","0","75 12:27.475","0","0","0","0","67301","0","0","0","N","0","0","0","2","67301","0","","1.0","","1","N","N","N","0","","0","0","1","3","2","","1254","2","0","0","0","0","0","0","2","0","2","0","0","0","3","03","","N","","","","","","","","","",""
"2021028391","52","2","0","0","0","0","0","0","0","0","4","0","","67","3","2021","7","39.97521","-75.194985","49","6","0","0","0","0","0","0","0","0","","0","0","0","0","3","2","","1","1","39 58:30.755","7","0","75 11:41.945","4","0","0","0","67301","0","0","0","N","0","0","0","3","67301","2","","1.0","45.0","1","N","N","N","0","","0","0","0","3","2","N","48","2","2","1","0","0","0","0","2","0","2","0","0","0","3","03","","N","","","","","","","","","",""
"2021029871","1025","1","0","0","0","0","0","0","0","0","7","0","","67","3","2021","1","39.948298","-75.142082","1016","6","0","0","0","0","0","0","0","0","","0","0","0","10","1","0","N","0","1","39 56:53.873","2","0","75 08:31.496","0","0","0","0","67301","0","0","0","N","0","0","0","1","68K01","0","","3.0","1035.0","9","N","N","N","0","","0","0","0","3","8","N","1015","1","0","0","0","0","0","0","2","0","1","0","0","0","7","07","","N","","","","","","","","","",""
"2021027988","530","2","0","0","0","0","0","0","0","0","1","0","","67","3","2021","5","39.901844","-75.225086","517","6","0","0","0","0","0","1","0","0","","0","0","0","5","3","1","N","0","0","39 54:06.639","","0","75 13:30.309","3","0","0","0","67301","0","0","0","N","0","0","0","2","67301","0","","1.0","","9","N","N","N","0","","1","0","0","0","0","","517","2","1","0","0","0","0","0","2","0","2","0","0","0","7","07","","N","","","","","","","","","",""
"2021027669","232","4","0","0","0","0","0","0","0","0","5","0","","67","3","2021","4","39.968044","-75.225772","230","6","0","0","0","0","0","0","0","0","","0","0","0","2","3","0","N","0","0","39 58:04.960","","0","75 13:32.780","0","0","0","0","67301","0","0","0","N","0","0","0","1","67301","0","","6.0","","1","N","N","N","0","","0","0","0","0","0","","216","4","0","0","0","0","0","0","2","0","4","0","0","0","3","03","","N","","","","","","","","","",""
"2021028685","2351","2","0","0","0","0","0","0","0","0","4","0","","67","3","2021","6","40.036904","-75.079806","2349","6","0","0","0","0","0","0","0","0","","0","0","0","23","2","5","","1","0","40 02:12.854","","0","75 04:47.301","3","0","0","0","67301","0","0","0","N","0","0","0","7","67301","0","","1.0","","1","N","N","N","0","","5","0","0","3","3","","2345","2","5","0","0","0","0","0","2","0","2","0","0","0","3","03","","N","","","","","","","","","",""
"2021053625","1819","0","0","0","0","0","0","0","0","0","7","1","","67","6","2021","4","39.989931","-75.171848","1716","6","0","0","0","0","0","0","0","0","","0","1","0","15","1","0","N","0","2","39 59:23.751","3","1","75 10:18.652","0","0","0","0","67301","0","0","0","N","0","0","0","2","67301","0","","5.0","1855.0","1","N","N","N","0","","0","0","0","0","0","Y","1530","1","0","0","0","0","0","0","2","0","1","0","0","0","4","","","N","","","","","","","","","",""
"2021035593","1900","1","0","0","0","0","0","0","0","0","1","0","","67","4","2021","1","39.98882","-75.1066","1912","6","0","0","0","0","0","0","0","0","","0","0","0","19","4","1","N","0","0","39 59:19.753","","0","75 06:23.761","4","0","0","0","67301","0","0","0","N","0","0","0","1","67301","1","","6.0","","9","N","N","N","0","","0","0","3","0","0","","1900","4","1","0","0","0","0","0","2","0","4","0","0","0","4","","","N","","","","","","","","","",""
"2021027920","301","0","0","0","0","0","0","0","0","0","7","0","","67","3","2021","1","39.958488","-75.170487","249","6","0","0","0","0","0","0","0","0","","0","0","0","2","3","1","","2","0","39 57:30.556","","0","75 10:13.753","3","0","0","0","67301","0","0","0","N","0","0","0","1","67301","0","","4.0","","1","N","N","N","0","","1","0","1","3","2","","249","1","1","0","0","0","0","0","2","0","1","0","0","0","3","03","","N","","","","","","","","","",""
"2021029401","1520","0","0","0","0","0","0","0","0","0","8","0","","67","3","2021","2","39.955832","-75.235997","1515","6","0","0","0","0","0","0","0","0","","0","0","0","10","1","1","","1","0","39 57:20.995","","0","75 14:09.589","3","0","0","0","67301","1","0","0","N","1","0","0","2","67301","0","","1.0","","1","N","N","N","0","","1","0","1","3","2","","1030","2","1","0","0","0","0","1","2","0","1","1","0","0","3","03","","N","","","","","","","","","",""
"2021053585","7","0","0","0","0","0","0","0","0","0","1","0","","67","6","2021","1","39.912169","-75.236814","4","6","0","0","0","0","0","0","0","0","","0","1","0","23","3","0","N","0","1","39 54:43.810","1","0","75 14:12.530","9","0","0","0","67301","0","0","0","N","0","0","0","1","67301","0","","5.0","210.0","1","N","N","N","0","","0","0","1","0","0","N","2353","2","0","0","0","0","0","1","2","0","2","0","0","0","3","03","","N","","","","","","","","","",""
"2021028455","1907","1","0","0","0","0","0","0","0","0","4","0","","67","3","2021","1","40.057351","-75.136849","1902","6","0","1","0","0","0","1","0","0","","0","0","0","18","1","1","","1","0","40 03:26.463","","0","75 08:12.656","4","0","0","0","67301","0","0","0","N","0","0","0","5","67301","1","","1.0","","1","N","N","N","1","","0","0","0","3","3","","1835","2","1","0","0","0","0","0","2","0","2","0","0","0","3","03","","N","","","","","","","","","",""
"2021028394","1820","1","0","0","0","0","0","0","0","0","8","0","","67","3","2021","7","40.049647","-75.123042","1755","6","0","0","0","0","0","0","0","0","","0","0","0","17","1","1","N","0","0","40 02:58.730","","0","75 07:22.950","3","0","0","0","67301","1","0","0","N","1","0","0","3","67301","0","","1.0","","1","N","N","N","0","","1","0","0","0","0","","1700","2","1","0","0","0","0","0","2","0","1","1","0","0","3","03","","N","","","","","","","","","",""
"2021051831","1135","0","0","0","0","0","0","0","0","0","4","0","","67","5","2021","6","40.022033","-75.128307","1131","6","0","0","0","0","0","0","0","0","","0","0","0","11","1","1","","2","0","40 01:19.318","","0","75 07:41.905","3","0","0","1","67301","0","0","0","N","0","0","0","2","67301","0","","1.0","","1","N","N","N","0","","1","0","0","3","3","","1130","2","1","0","0","0","0","0","2","1","2","0","0","0","3","03","","N","","","","","","","","","",""
"2021051645","1605","1","0","0","0","0","0","0","0","0","8","0","","67","6","2021","6","39.959725","-75.19521","1605","6","0","0","0","0","0","0","1","0","","0","0","0","16","1","1","","1","1","39 57:35.010","3","0","75 11:42.756","2","0","0","0","67301","1","0","1","N","1","0","1","2","67301","0","","1.0","1425.0","9","N","N","N","0","","0","1","0","3","3","Y","1605","2","1","0","0","0","0","0","2","0","1","1","0","1","7","07","","N","","","","","","","","","",""
"2021053568","1250","1","0","0","0","0","0","0","0","0","5","0","","67","6","2021","1","39.930783","-75.161264","1247","6","0","0","0","0","0","0","1","0","","0","0","0","11","1","0","","1","0","39 55:50.818","","0","75 09:40.550","0","0","0","0","67301","0","0","0","N","0","0","0","2","67301","0","","1.0","","1","N","N","N","1","","0","0","0","3","3","","1155","2","0","0","0","0","0","0","2","0","2","0","0","0","3","03","","N","","","","","","","","","",""
"2021027333","1736","1","0","0","0","0","0","0","0","0","4","0","","67","3","2021","3","39.976161","-75.21299","1717","6","0","0","0","0","0","1","0","0","","0","0","0","16","1","2","","3","0","39 58:34.181","","0","75 12:46.765","3","0","0","0","67301","0","0","0","N","0","0","0","4","67301","0","","1.0","","1","N","N","N","0","","2","0","1","0","0","","1645","2","2","0","0","0","0","0","2","0","2","0","0","0","3","03","","N","","","","","","","","","",""
"2021052171","25","1","0","0","0","0","0","0","0","0","1","0","","67","5","2021","6","39.899732","-75.161854","25","6","0","0","0","0","0","1","0","0","","0","0","0","23","3","1","N","0","2","39 53:59.034","1","0","75 09:42.675","3","0","0","0","67301","0","0","0","N","0","0","0","9","68K01","0","","1.0","119.0","1","N","N","N","0","","1","0","2","4","7","N","2352","3","1","0","0","0","0","0","2","0","3","0","0","0","3","","","N","","","","","","","","","",""