"CRN","ARRIVAL_TM","AUTOMOBILE_COUNT","BELTED_DEATH_COUNT","BELTED_SUSP_SERIOUS_INJ_COUNT","BICYCLE_COUNT","BICYCLE_DEATH_COUNT","BICYCLE_SUSP_SERIOUS_INJ_COUNT","BUS_COUNT","CHLDPAS_DEATH_COUNT","CHLDPAS_SUSP_SERIOUS_INJ_COUNT","COLLISION_TYPE","COMM_VEH_COUNT","CONS_ZONE_SPD_LIM","COUNTY","CRASH_MONTH","CRASH_YEAR","DAY_OF_WEEK","DEC_LATITUDE","DEC_LONGITUDE","DISPATCH_TM","DISTRICT","DRIVER_COUNT_16YR","DRIVER_COUNT_17YR","DRIVER_COUNT_18YR","DRIVER_COUNT_19YR","DRIVER_COUNT_20YR","DRIVER_COUNT_50_64YR","DRIVER_COUNT_65_74YR","DRIVER_COUNT_75PLUS","EST_HRS_CLOSED","FATAL_COUNT","HEAVY_TRUCK_COUNT","HORSE_BUGGY_COUNT","HOUR_OF_DAY","ILLUMINATION","INJURY_COUNT","INTERSECTION_RELATED","INTERSECT_TYPE","LANE_CLOSED","LATITUDE","LN_CLOSE_DIR","LOCATION_TYPE","LONGITUDE","MAX_SEVERITY_LEVEL","MCYCLE_DEATH_COUNT","MCYCLE_SUSP_SERIOUS_INJ_COUNT","MOTORCYCLE_COUNT","MUNICIPALITY","NONMOTR_COUNT","NONMOTR_DEATH_COUNT","NONMOTR_SUSP_SERIOUS_INJ_COUNT","NTFY_HIWY_MAINT","PED_COUNT","PED_DEATH_COUNT","PED_SUSP_SERIOUS_INJ_COUNT","PERSON_COUNT","POLICE_AGCY","POSSIBLE_INJ_COUNT","RDWY_SURF_TYPE_CD","RELATION_TO_ROAD","ROADWAY_CLEARED","ROAD_CONDITION","SCH_BUS_IND","SCH_ZONE_IND","SECONDARY_CRASH","SMALL_TRUCK_COUNT","SPEC_JURIS_CD","SUSP_MINOR_INJ_COUNT","SUSP_SERIOUS_INJ_COUNT","SUV_COUNT","TCD_FUNC_CD","TCD_TYPE","TFC_DETOUR_IND","TIME_OF_DAY","TOTAL_UNITS","TOT_INJ_COUNT","UNBELTED_OCC_COUNT","UNB_DEATH_COUNT","UNB_SUSP_SERIOUS_INJ_COUNT","UNK_INJ_DEG_COUNT","UNK_INJ_PER_COUNT","URBAN_RURAL","VAN_COUNT","VEHICLE_COUNT","VULNERABLE_ROAD_USER_COUNT","VULNERABLE_ROAD_USER_DEATH_COUNT","VULNERABLE_ROAD_USER_SER_INJ_COUNT","WEATHER1","WEATHER2","WORKERS_PRES","WORK_ZONE_IND","WORK_ZONE_LOC","WORK_ZONE_TYPE","WZ_CLOSE_DETOUR","WZ_FLAGGER","WZ_LAW_OFFCR_IND","WZ_LN_CLOSURE","WZ_MOVING","WZ_OTHER","WZ_SHLDER_MDN","WZ_WORKERS_INJ_KILLED"
"2021028545","203","1","0","0","0","0","0","0","0","0","8","0","","67","3","2021","7","40.004294","-75.173826","200","6","0","0","0","0","0","0","0","0","","0","0","0","0","3","2","","2","0","40 00:15.459","","0","75 10:25.775","3","0","0","0","67301","1","0","0","N","1","0","0","2","67301","0","","1.0","","1","N","N","N","0","","2","0","0","3","2","","50","2","2","0","0","0","0","0","2","0","1","1","0","0","3","03","","N","","","","","","","","","",""
"2021052280","1455","1","0","0","0","0","0","0","0","0","4","0","","67","6","2021","2","40.043347","-75.167011","1455","6","0","0","0","0","0","1","1","0","","0","0","0","14","1","1","N","0","2","40 02:36.050","6","7","75 10:01.240","8","0","0","1","67301","0","0","0","N","0","0","0","2","67301","0","","1.0","30.0","1","N","N","N","0","","0","0","0","0","0","Y","1455","2","1","1","0","0","1","0","2","0","2","0","0","0","3","03","","N","","","","","","","","","",""
"2021053605","1325","1","0","0","0","0","0","0","0","0","3","1","","67","6","2021","2","39.997381","-75.078806","1321","6","0","0","0","0","0","1","1","0","","0","1","0","12","1","1","","1","0","39 59:50.573","","0","75 04:43.701","3","0","0","0","67301","0","0","0","N","0","0","0","3","67301","0","","1.0","","1","N","N","N","0","","1","0","0","3","3","","1222","2","1","0","0","0","0","0","2","0","2","0","0","0","3","","","N","","","","","","","","","",""
"2021051866","1608","1","0","0","0","0","0","0","0","0","4","0","","67","6","2021","5","40.032822","-75.114269","1608","6","0","0","0","0","0","0","0","0","","0","0","0","15","1","0","N","0","9","40 01:58.160","","0","75 06:51.370","9","0","0","0","67301","0","0","0","N","0","0","0","2","67301","0","","1.0","","99","N","N","N","0","","0","0","1","0","0","U","1500","2","0","0","0","0","0","2","2","0","2","0","0","0","3","","","N","","","","","","","","","",""
"2021053175","1623","1","0","0","0","0","0","1","0","0","4","1","","67","6","2021","5","39.917695","-75.177717","1606","6","0","0","0","0","0","0","0","0","","0","0","0","16","1","1","","1","0","39 55:03.702","","0","75 10:39.781","8","0","0","0","67301","0","0","0","N","0","0","0","2","67508","0","","1.0","","1","N","N","Y","0","","0","0","0","3","2","N","1606","2","1","0","0","0","1","0","2","0","2","0","0","0","3","03","","N","","","","","","","","","",""
"2021053575","1010","1","0","0","0","0","0","0","0","0","5","1","","67","5","2021","5","40.084384","-75.025088","1004","6","0","0","0","0","0","1","0","0","","0","1","0","9","1","1","N","0","0","40 05:03.782","","0","75 01:30.318","8","0","0","0","67301","0","0","0","N","0","0","0","5","67301","0","","1.0","","1","N","N","N","0","","0","0","1","3","2","","948","3","1","0","0","0","1","2","2","0","3","0","0","0","3","03","","N","","","","","","","","","",""
"2021018392","1403","1","0","0","0","0","0","0","0","0","4","0","","67","2","2021","1","40.007887","-75.104149","1354","6","0","0","0","0","0","0","0","0","","0","0","0","13","1","3","","1","0","40 00:28.394","","0","75 06:14.938","4","0","0","0","67301","0","0","0","N","0","0","0","4","67301","3","","1.0","","1","N","N","N","0","","0","0","1","3","3","","1339","2","3","0","0","0","0","0","2","0","2","0","0","0","3","","","N","","","","","","","","","",""
"2021020092","1310","2","0","0","0","0","0","0","0","0","4","0","","67","2","2021","1","40.009869","-75.196438","1310","6","0","0","0","0","0","0","0","0","","0","0","0","13","1","0","","1","1","40 00:35.528","2","0","75 11:47.178","0","0","0","0","67301","0","0","0","N","0","0","0","2","67301","0","","1.0","1400.0","9","N","N","N","0","","0","0","0","3","2","N","1300","2","0","0","0","0","0","0","2","0","2","0","0","0","7","04","","N","","","","","","","","","",""
"2021057838","224","1","0","0","0","0","0","0","0","0","7","0","","67","6","2021","4","39.898779","-75.172652","213","6","0","0","0","0","0","0","0","0","","0","0","0","1","3","0","N","0","1","39 53:55.605","1","0","75 10:21.546","0","0","0","0","67301","0","0","0","N","0","0","0","1","68K01","0","","4.0","238.0","1","N","N","N","0","","0","0","0","0","0","N","159","1","0","0","0","0","0","0","2","0","1","0","0","0","3","","","N","","","","","","","","","",""
"2021020432","1000","0","0","0","0","0","0","0","0","0","1","0","","67","2","2021","6","40.008779","-75.138565","946","6","0","0","0","0","0","1","0","0","","0","0","0","9","1","0","","1","0","40 00:31.604","","0","75 08:18.833","0","0","0","0","67301","0","0","0","N","0","0","0","2","67301","0","","1.0","","1","N","N","N","1","","0","0","1","0","0","","930","2","0","0","0","0","0","0","2","0","2","0","0","0","3","03","","N","","","","","","","","","",""
"2021027248","1146","2","0","0","0","0","0","0","0","0","3","0","","67","3","2021","3","39.986333","-75.140028","1141","6","0","0","0","0","1","0","0","0","","0","0","0","11","1","0","N","0","0","39 59:10.800","","0","75 08:24.100","0","0","0","0","67301","0","0","0","N","0","0","0","2","67301","0","","1.0","","1","N","N","N","0","","0","0","0","0","0","","1141","2","0","0","0","0","0","0","2","0","2","0","0","0","3","","","N","","","","","","","","","",""
"2021051568","1738","0","0","0","0","0","0","0","0","0","4","0","","67","6","2021","6","39.977363","-75.227077","1726","6","0","0","0","0","0","1","0","0","","0","0","0","17","1","1","","1","0","39 58:38.507","","0","75 13:37.478","8","0","0","0","67301","0","0","0","N","0","0","0","3","67301","0","","1.0","","9","N","N","N","1","","0","0","1","3","2","","1712","2","1","0","0","0","1","1","2","0","2","0","0","0","3","07","","N","","","","","","","","","",""
"2021021060","2058","1","0","0","0","0","0","0","0","0","5","0","","67","3","2021","3","40.031688","-75.146347","2057","6","0","0","0","0","0","0","0","0","","0","0","0","20","3","0","N","0","1","40 01:54.078","1","0","75 08:46.850","0","0","0","0","67301","0","0","0","N","0","0","0","2","67301","0","","1.0","2123.0","1","N","N","N","0","","0","0","0","0","0","N","2055","2","0","0","0","0","0","0","2","0","2","0","0","0","3","","","N","","","","","","","","","",""
"2021057157","2221","2","0","0","0","0","0","0","0","0","1","0","","67","6","2021","4","39.996931","-75.096564","2215","6","0","0","0","0","0","0","0","0","","0","0","0","18","1","0","N","0","0","39 59:48.953","","0","75 05:47.630","0","0","0","0","67301","0","0","0","N","0","0","0","1","67301","0","","6.0","","1","N","N","N","0","","0","0","0","0","0","","1839","2","0","0","0","0","0","0","2","0","2","0","0","0","3","03","","N","","","","","","","","","",""
"2021026752","1636","1","0","0","0","0","0","0","0","0","4","0","","67","3","2021","7","40.007865","-75.172261","1630","6","0","0","0","0","0","0","1","0","","0","0","0","10","1","1","","1","0","40 00:28.314","","0","75 10:20.141","2","0","0","0","67301","0","0","0","N","0","0","0","2","67301","0","","1.0","","1","N","N","N","0","","0","1","1","3","2","","1051","2","1","0","0","0","0","1","2","0","2","0","0","0","3","03","","N","","","","","","","","","",""
"2021020381","328","1","0","0","0","0","0","0","0","0","7","0","","67","2","2021","7","39.982901","-75.207892","324","6","0","0","0","0","0","0","0","0","","0","0","0","3","3","1","N","0","2","39 58:58.444","4","0","75 12:28.411","3","0","0","0","67301","0","0","0","N","0","0","0","1","68K01","0","","3.0","20.0","9","N","N","N","0","","1","0","0","0","0","N","321","1","1","0","0","0","0","0","2","0","1","0","0","0","7","07","","N","","","","","","","","","",""
"2021032834","236","1","0","0","0","0","0","0","0","0","7","0","","67","4","2021","6","39.979607","-75.107768","235","6","0","0","0","0","0","0","0","0","","0","0","0","2","3","1","N","0","0","39 58:46.584","","1","75 06:27.966","3","0","0","0","67301","0","0","0","N","0","0","0","1","67301","0","","4.0","","1","N","N","N","0","","1","0","0","0","0","","232","1","1","0","0","0","0","0","2","0","1","0","0","0","3","03","","N","","","","","","","","","",""
"2021043334","935","0","0","0","0","0","0","0","0","0","7","0","","67","5","2021","5","40.041822","-75.186386","929","6","0","0","0","0","0","0","0","0","","0","0","0","8","1","0","N","0","2","40 02:30.560","6","0","75 11:10.990","0","0","0","0","67301","0","0","0","N","0","0","0","1","67301","0","","5.0","1800.0","1","N","N","N","0","","0","0","1","0","0","Y","856","1","0","0","0","0","0","0","2","0","1","0","0","0","3","03","","N","","","","","","","","","",""
"2021041579","119","3","0","0","0","0","0","0","0","0","1","0","","67","4","2021","1","40.01515","-75.136017","119","6","0","0","0","0","0","0","0","0","","0","0","0","1","3","1","N","0","0","40 00:54.540","","0","75 08:09.660","2","0","0","0","67301","0","0","0","N","0","0","0","1","67301","0","","6.0","","1","N","N","N","0","","0","1","2","0","0","","115","5","1","0","0","0","0","0","2","0","5","0","0","0","3","","","N","","","","","","","","","",""
"2021051992","1220","1","0","0","0","0","0","0","0","0","5","0","","67","5","2021","7","39.932647","-75.200039","1209","6","0","0","0","0","1","0","0","0","","0","0","0","11","1","1","N","0","1","39 55:57.530","4","0","75 12:00.140","8","0","0","0","67301","0","0","0","N","0","0","0","2","68K01","0","","4.0","1240.0","9","N","N","N","0","","0","0","1","3","8","N","1157","2","1","0","0","0","1","0","2","0","2","0","0","0","7","","","N","","","","","","","","","",""
"2021044026","1140","2","0","0","0","0","0","0","0","0","4","0","","67","5","2021","6","39.970374","-75.148139","1137","6","0","0","0","1","0","0","0","0","","0","0","0","11","1","0","","1","0","39 58:13.346","","0","75 08:53.302","0","0","0","0","67301","0","0","0","N","0","0","0","2","67301","0","","1.0","","1","N","N","N","0","","0","0","0","3","2","","1105","2","0","0","0","0","0","0","2","0","2","0","0","0","3","","","N","","","","","","","","","",""
"2021044774","1930","1","0","0","0","0","0","0","0","0","8","0","","67","5","2021","6","40.035539","-75.130703","1926","6","0","0","0","0","0","0","0","0","","0","0","0","19","4","1","N","0","0","40 02:07.940","","0","75 07:50.530","8","0","0","0","67301","1","0","0","N","1","0","0","2","67301","0","","1.0","","1","N","N","N","0","","0","0","0","0","0","","1910","2","1","0","0","0","1","0","2","0","1","1","0","0","3","03","","N","","","","","","","","","",""
"2021026367","1745","1","0","0","0","0","0","0","0","0","2","0","","67","3","2021","7","40.028231","-75.145906","1745","6","0","0","0","0","0","0","0","0","","0","0","0","16","1","2","N","0","0","40 01:41.630","","0","75 08:45.260","8","0","0","0","67301","0","0","0","N","0","0","0","3","67301","0","","1.0","","1","N","N","N","0","","0","0","1","0","0","","1600","2","2","1","0","0","2","0","2","0","2","0","0","0","3","","","N","","","","","","","","","",""
"2021028804","1739","1","0","0","0","0","0","0","0","0","1","0","","67","3","2021","6","39.943123","-75.192867","1739","6","0","0","0","0","0","1","0","0","","0","0","0","17","1","0","N","0","2","39 56:35.244","4","0","75 11:34.320","0","0","0","0","67301","0","0","0","N","0","0","0","3","68K01","0","","1.0","1830.0","1","N","N","N","0","","0","0","1","0","0","N","1718","3","0","0","0","0","0","0","2","1","3","0","0","0","3","03","","N","","","","","","","","","",""
"2021027990","32","1","0","0","0","0","0","0","0","0","5","0","","67","3","2021","6","39.987889","-75.141119","30","6","0","0","0","0","0","0","0","0","","0","0","0","0","3","0","N","0","0","39 59:16.400","","0","75 08:28.030","0","0","0","0","67301","0","0","0","N","0","0","0","1","67301","0","","6.0","","9","N","N","N","0","","0","0","1","0","0","","30","2","0","1","0","0","0","0","2","0","2","0","0","0","3","03","","N","","","","","","","","","",""
"2021032334","2334","1","0","0","0","0","0","0","0","0","4","0","","67","4","2021","5","40.024314","-75.161267","2331","6","0","0","0","0","0","0","0","0","","0","0","0","23","3","1","","1","0","40 01:27.530","","0","75 09:40.561","8","0","0","0","67301","0","0","0","N","0","0","0","2","67301","0","","1.0","","1","N","N","N","0","","0","0","1","3","3","","2330","2","1","0","0","0","1","0","2","0","2","0","0","0","3","","","N","","","","","","","","","",""
"2021027505","815","1","0","0","0","0","0","0","0","0","4","0","","67","3","2021","4","39.957321","-75.152234","812","6","0","0","0","0","0","0","0","0","","0","0","0","8","1","0","","5","0","39 57:26.357","","2","75 09:08.042","0","0","0","0","67301","0","0","0","N","0","0","0","3","67301","0","","1.0","","1","N","N","N","0","","0","0","1","3","2","","811","2","0","0","0","0","0","0","2","0","2","0","0","0","3","03","","N","","","","","","","","","",""
"2021028854","1250","2","0","0","0","0","0","0","0","0","4","0","","67","3","2021","7","39.899402","-75.17478","1238","6","0","0","0","0","0","1","1","0","","0","0","0","12","1","1","","5","0","39 53:57.846","","2","75 10:29.207","3","0","0","0","67301","0","0","0","N","0","0","0","4","67301","0","","1.0","","1","N","N","N","0","","1","0","0","3","2","","1231","2","1","0","0","0","0","0","2","0","2","0","0","0","3","03","","N","","","","","","","","","",""
"2021046177","355","2","0","0","0","0","0","0","0","0","1","0","","67","5","2021","1","40.015347","-75.176907","350","6","0","0","0","0","0","0","0","0","","0","0","0","3","3","4","N","0","0","40 00:55.248","","0","75 10:36.866","3","0","0","0","67301","0","0","0","N","0","0","0","5","67301","0","","1.0","","1","N","N","N","0","","4","0","0","0","0","","305","2","4","1","0","0","0","0","2","0","2","0","0","0","3","03","","N","","","","","","","","","",""
"2021021125","1937","1","0","0","0","0","0","0","0","0","8","0","","67","2","2021","1","39.929888","-75.173456","1935","6","0","0","0","0","0","0","0","0","","0","0","0","19","3","1","","1","0","39 55:47.598","","0","75 10:24.442","4","0","0","0","67301","1","0","0","N","1","0","0","2","67301","1","","1.0","","9","N","N","N","0","","0","0","0","3","3","","1900","2","1","0","0","0","0","0","2","0","1","1","0","0","7","","","N","","","","","","","","","",""
"2021026954","830","2","0","0","0","0","0","0","0","0","1","0","","67","3","2021","2","40.031392","-75.152378","823","6","0","0","0","0","0","0","0","0","","0","0","0","8","1","3","","1","2","40 01:53.011","5","0","75 09:08.560","3","0","0","0","67301","0","0","0","N","0","0","0","6","67301","0","","1.0","840.0","1","N","Y","N","0","","3","0","1","3","2","Y","800","3","3","0","0","0","0","0","2","0","3","0","0","0","3","03","","N","","","","","","","","","",""
"2021029517","39","1","0","0","0","0","0","0","0","0","5","0","","67","3","2021","2","39.951522","-75.182592","36","6","0","0","0","0","1","0","0","0","","0","0","0","0","3","5","N","0","2","39 57:05.478","3","0","75 10:57.332","3","0","0","0","67301","0","0","0","Y","0","0","0","5","68K01","0","","1.0","128.0","1","N","N","N","0","","2","0","0","0","0","N","35","2","5","0","0","0","3","0","2","1","2","0","0","0","3","03","","N","","","","","","","","","",""
"2021033406","1135","1","0","0","0","0","0","0","0","0","5","0","","67","4","2021","6","39.992389","-75.099444","1135","6","0","0","0","0","0","1","0","0","","0","0","0","11","1","1","N","0","0","39 59:32.600","","0","75 05:58.000","3","0","0","1","67301","0","0","0","N","0","0","0","2","67301","0","","1.0","","1","N","N","N","0","","1","0","0","0","0","","1135","2","1","1","0","0","0","0","2","0","2","0","0","0","4","04","","N","","","","","","","","","",""
"2021045417","1328","0","0","0","0","0","0","0","0","0","8","0","","67","5","2021","3","39.966606","-75.154833","1323","6","0","0","0","0","0","0","0","0","","0","0","0","13","1","1","N","0","2","39 57:59.780","3","0","75 09:17.400","2","0","0","0","67301","1","0","1","N","1","0","1","2","67301","0","","1.0","100.0","1","N","N","N","0","","0","1","1","0","0","N","1321","2","1","0","0","0","0","0","2","0","1","1","0","1","3","","","N","","","","","","","","","",""
"2021051995","928","1","0","0","0","0","0","0","0","0","5","0","","67","5","2021","1","39.955206","-75.147808","912","6","0","0","0","0","0","1","0","0","","0","0","0","9","1","1","N","0","1","39 57:18.740","3","0","75 08:52.110","4","0","0","0","67301","0","0","0","N","0","0","0","2","68K01","1","","1.0","940.0","9","N","N","N","0","","0","0","0","3","8","N","911","2","1","0","0","0","0","1","2","0","2","0","0","0","7","","","N","","","","","","","","","",""
"2021021969","1435","1","0","0","0","0","0","0","0","0","4","0","","67","2","2021","2","39.976454","-75.189359","1428","6","0","0","0","0","0","0","0","0","","0","0","0","14","1","0","","3","0","39 58:35.233","","0","75 11:21.692","0","0","0","0","67301","0","0","0","N","0","0","0","2","67301","0","","1.0","","6","N","N","N","1","","0","0","0","3","3","","1427","2","0","0","0","0","0","0","2","0","2","0","0","0","7","04","","N","","","","","","","","","",""
"2021058053","221","0","0","0","0","0","0","0","0","0","7","0","","67","6","2021","7","40.001597","-75.194584","217","6","0","0","0","0","0","0","0","0","","0","0","0","2","3","0","N","0","0","40 00:05.749","","0","75 11:40.504","0","0","0","0","67301","0","0","0","N","0","0","0","2","68K01","0","","4.0","","9","N","N","N","0","","0","0","1","0","0","","216","1","0","0","0","0","0","0","2","0","1","0","0","0","7","","","N","","","","","","","","","",""
"2021053849","204","0","0","0","0","0","0","0","0","0","7","0","","67","5","2021","1","39.933072","-75.200017","157","6","0","0","0","0","0","0","0","0","","0","0","0","1","3","0","N","0","0","39 55:59.059","","0","75 12:00.062","0","0","0","0","67301","0","0","0","N","0","0","0","1","68K01","0","","4.0","","1","N","N","N","0","","0","0","1","0","0","","141","1","0","0","0","0","0","0","2","0","1","0","0","0","3","","","N","","","","","","","","","",""
"2021028860","1121","2","0","0","0","0","0","0","0","0","1","0","","67","3","2021","1","39.936181","-75.195511","1121","6","0","0","0","0","0","0","0","0","","0","0","0","11","1","0","N","0","0","39 56:10.250","","0","75 11:43.840","0","0","0","0","67301","0","0","0","N","0","0","0","1","67301","0","","6.0","","9","N","N","N","0","","0","0","1","0","0","","1121","3","0","0","0","0","0","0","2","0","3","0","0","0","7","07","","N","","","","","","","","","",""
"2021038835","2251","0","0","0","0","0","0","0","0","0","4","0","","67","4","2021","7","40.011198","-75.105442","2250","6","0","0","0","0","0","1","0","0","","0","0","0","22","3","3","","1","0","40 00:40.313","","0","75 06:19.592","8","0","0","0","67301","0","0","0","N","0","0","0","4","67301","0","","1.0","","1","N","N","N","0","","0","0","2","0","0","","2232","2","3","1","0","0","3","1","2","0","2","0","0","0","3","03","","N","","","","","","","","","",""
"2021033139","2037","0","0","0","0","0","0","0","0","0","8","0","","67","4","2021","6","40.019972","-75.124707","2032","6","0","0","0","0","0","0","0","0","","0","0","0","20","3","1","","1","0","40 01:11.899","","0","75 07:28.945","3","0","0","0","67301","1","0","0","N","1","0","0","2","67301","0","","1.0","","1","N","N","N","1","","1","0","0","3","3","","2030","2","1","0","0","0","0","0","2","0","1","1","0","0","3","","","N","","","","","","","","","",""
"2021033232","2150","1","0","0","0","0","0","0","0","0","5","0","","67","4","2021","7","39.937694","-75.173583","2140","6","0","0","0","0","0","0","0","0","","0","0","0","21","4","1","N","0","0","39 56:15.700","","0","75 10:24.900","2","0","0","0","67301","1","0","1","N","1","0","1","3","67301","0","","6.0","","1","N","N","N","0","","0","1","3","0","0","","2135","6","1","0","0","0","0","0","2","1","5","1","0","1","3","03","","N","","","","","","","","","",""
"2021044432","1348","2","0","0","0","0","0","0","0","0","4","1","","67","5","2021","5","40.114035","-74.987614","1342","6","0","0","0","0","0","1","0","1","","0","1","0","13","1","1","","1","0","40 06:50.525","","0","74 59:15.412","2","0","0","0","67301","0","0","0","N","0","0","0","3","67301","0","","1.0","","1","N","N","N","0","","0","1","0","3","2","","1320","3","1","0","0","0","0","0","2","0","3","0","0","0","3","03","","N","","","","","","","","","",""
"2021057125","330","1","0","0","0","0","0","0","0","0","7","0","","67","6","2021","1","39.922042","-75.246365","315","6","0","0","0","0","0","0","0","0","","0","0","0","3","3","0","N","0","0","39 55:19.352","","1","75 14:46.913","0","0","0","0","67301","0","0","0","N","0","0","0","1","67301","0","","5.0","","1","N","N","N","0","","0","0","0","0","0","","310","1","0","0","0","0","0","0","2","0","1","0","0","0","3","03","","N","","","","","","","","","",""
"2021019775","1826","1","0","0","0","0","0","0","0","0","8","0","","67","2","2021","6","39.944896","-75.212701","1826","6","0","0","0","0","0","0","0","0","","0","0","0","18","3","1","","1","0","39 56:41.625","","0","75 12:45.723","3","0","0","0","67301","1","0","0","N","1","0","0","2","67301","0","","1.0","","1","N","N","N","0","","1","0","0","3","2","","1826","2","1","0","0","0","0","0","2","0","1","1","0","0","3","03","","N","","","","","","","","","",""
"2021023939","1958","0","0","0","0","0","0","0","0","0","1","0","","67","3","2021","4","39.91506","-75.147996","1948","6","0","0","0","0","0","0","0","0","","0","0","0","19","3","7","N","0","2","39 54:54.217","2","3","75 08:52.786","3","0","0","0","67301","1","0","0","N","1","0","0","7","68K01","0","","1.0","30.0","1","N","N","N","0","","4","0","1","0","0","N","1933","3","7","4","0","0","3","0","2","1","2","1","0","0","3","","","N","","","","","","","","","",""
"2021044226","1750","0","0","0","0","0","0","0","0","0","8","0","","67","5","2021","7","40.030614","-75.054773","1749","6","0","0","0","0","0","0","0","0","","0","0","0","17","1","1","","1","0","40 01:50.211","","0","75 03:17.181","3","0","0","0","67301","1","0","0","N","1","0","0","2","67301","0","","1.0","","1","N","N","N","0","","1","0","1","0","0","","1748","2","1","0","0","0","0","1","2","0","1","1","0","0","3","03","","N","","","","","","","","","",""
"2021021035","1630","1","0","0","0","0","0","0","0","0","4","0","","67","3","2021","3","40.026794","-75.117262","1626","6","0","0","0","0","0","1","0","0","","0","0","0","16","1","1","","1","0","40 01:36.458","","0","75 07:02.143","3","0","0","0","67301","0","0","0","N","0","0","0","2","67301","0","","1.0","","1","N","N","N","0","","1","0","1","2","2","","1615","2","1","0","0","0","0","0","2","0","2","0","0","0","3","03","","N","","","","","","","","","",""
"2021032125","2035","3","0","0","0","0","0","0","0","0","1","0","","67","4","2021","4","39.986703","-75.171919","2030","6","0","0","0","0","0","0","0","0","","0","0","0","20","3","5","N","0","2","39 59:12.130","6","0","75 10:18.910","3","0","0","0","67301","0","0","0","N","0","0","0","6","67301","0","","1.0","2145.0","1","N","N","Y","0","","5","0","1","0","0","Y","2028","4","5","1","0","0","0","0","2","0","4","0","0","0","3","03","","N","","","","","","","","","",""
"2021019627","1710","2","0","0","0","0","0","0","0","0","5","0","","67","2","2021","6","39.962833","-75.191333","1705","6","0","0","0","0","0","0","0","0","","0","0","0","16","1","0","N","0","0","39 57:46.200","","0","75 11:28.800","0","0","0","0","67301","0","0","0","N","0","0","0","1","67507","0","","6.0","","1","N","N","N","0","","0","0","0","0","0","","1655","2","0","0","0","0","0","0","2","0","2","0","0","0","3","03","","N","","","","","","","","","",""
"2021020852","2225","0","0","0","0","0","0","0","0","0","5","0","","67","2","2021","1","40.038297","-75.036543","2221","6","0","0","0","0","0","0","0","0","","0","0","0","22","3","0","N","0","0","40 02:17.869","","0","75 02:11.556","0","0","0","0","67301","0","0","0","N","0","0","0","3","67301","0","","6.0","","9","N","N","N","1","","0","0","1","0","0","","2220","3","0","0","0","0","0","0","2","1","3","0","0","0","7","07","","N","","","","","","","","","",""
"2021021671","1620","1","0","0","0","0","0","0","0","0","4","0","","67","3","2021","4","40.037076","-75.011351","1617","6","0","0","0","0","0","0","0","0","","0","0","0","16","1","1","","2","0","40 02:13.474","","0","75 00:40.864","8","0","0","1","67301","0","0","0","N","0","0","0","2","67301","0","","1.0","","1","N","N","N","0","","0","0","0","3","2","","1616","2","1","0","0","0","1","0","2","0","2","0","0","0","3","03","","N","","","","","","","","","",""
"2021044728","551","1","0","0","0","0","0","0","0","0","1","1","45","67","5","2021","2","39.996286","-75.196869","551","6","0","0","0","0","0","0","0","0","","0","1","0","5","5","1","N","0","1","39 59:46.631","4","0","75 11:48.730","8","0","0","0","67301","0","0","0","N","0","0","0","3","68K01","0","","1.0","625.0","1","N","N","N","0","","0","0","1","0","0","N","550","3","1","0","0","0","1","0","2","0","3","0","0","0","3","03","N","Y","4","1","","","N","","","","Y","N"
"2021021565","1355","1","0","0","0","0","0","0","0","0","4","0","","67","3","2021","4","40.028752","-75.057211","1350","6","0","0","0","0","0","1","0","0","","0","0","0","13","1","1","","2","1","40 01:43.506","1","0","75 03:25.959","3","0","0","1","67301","0","0","0","N","0","0","0","2","67301","0","","1.0","1430.0","1","N","N","N","0","","1","0","0","0","0","N","1327","2","1","0","0","0","0","0","2","0","2","0","0","0","3","03","","N","","","","","","","","","",""
"2021022061","1759","3","0","0","0","0","0","0","0","0","4","0","","67","3","2021","3","39.997997","-75.125411","1758","6","0","0","0","0","0","0","0","0","","0","0","0","17","3","2","","1","2","39 59:52.789","5","0","75 07:31.478","4","0","0","0","67301","0","0","0","N","0","0","0","4","67301","2","","1.0","1900.0","1","N","N","N","0","","0","0","0","3","2","Y","1755","3","2","4","0","0","0","0","2","0","3","0","0","0","3","03","","N","","","","","","","","","",""
"2021022957","102","0","0","0","0","0","0","0","0","0","7","0","","67","2","2021","3","39.892842","-75.224621","52","6","0","0","0","0","0","0","0","0","","0","0","0","0","3","0","N","0","0","39 53:34.231","","8","75 13:28.636","0","0","0","0","67301","0","0","0","N","0","0","0","1","68K01","0","","4.0","","2","N","N","N","0","","0","0","1","0","0","","50","1","0","0","0","0","0","0","2","0","1","0","0","0","3","","","N","","","","","","","","","",""
"2021020856","720","1","0","0","0","0","0","0","0","0","8","0","","67","3","2021","2","39.998699","-75.100471","710","6","0","0","0","0","0","0","0","0","","0","0","0","7","1","1","N","0","0","39 59:55.318","","0","75 06:01.696","3","0","0","0","67301","1","0","0","N","1","0","0","2","67301","0","","1.0","","9","N","N","N","0","","1","0","0","0","0","","705","2","1","0","0","0","0","0","2","0","1","1","0","0","7","","","N","","","","","","","","","",""