"CRN","ARRIVAL_TM","AUTOMOBILE_COUNT","BELTED_DEATH_COUNT","BELTED_SUSP_SERIOUS_INJ_COUNT","BICYCLE_COUNT","BICYCLE_DEATH_COUNT","BICYCLE_SUSP_SERIOUS_INJ_COUNT","BUS_COUNT","CHLDPAS_DEATH_COUNT","CHLDPAS_SUSP_SERIOUS_INJ_COUNT","COLLISION_TYPE","COMM_VEH_COUNT","CONS_ZONE_SPD_LIM","COUNTY","CRASH_MONTH","CRASH_YEAR","DAY_OF_WEEK","DEC_LATITUDE","DEC_LONGITUDE","DISPATCH_TM","DISTRICT","DRIVER_COUNT_16YR","DRIVER_COUNT_17YR","DRIVER_COUNT_18YR","DRIVER_COUNT_19YR","DRIVER_COUNT_20YR","DRIVER_COUNT_50_64YR","DRIVER_COUNT_65_74YR","DRIVER_COUNT_75PLUS","EST_HRS_CLOSED","FATAL_COUNT","HEAVY_TRUCK_COUNT","HORSE_BUGGY_COUNT","HOUR_OF_DAY","ILLUMINATION","INJURY_COUNT","INTERSECTION_RELATED","INTERSECT_TYPE","LANE_CLOSED","LATITUDE","LN_CLOSE_DIR","LOCATION_TYPE","LONGITUDE","MAX_SEVERITY_LEVEL","MCYCLE_DEATH_COUNT","MCYCLE_SUSP_SERIOUS_INJ_COUNT","MOTORCYCLE_COUNT","MUNICIPALITY","NONMOTR_COUNT","NONMOTR_DEATH_COUNT","NONMOTR_SUSP_SERIOUS_INJ_COUNT","NTFY_HIWY_MAINT","PED_COUNT","PED_DEATH_COUNT","PED_SUSP_SERIOUS_INJ_COUNT","PERSON_COUNT","POLICE_AGCY","POSSIBLE_INJ_COUNT","RDWY_SURF_TYPE_CD","RELATION_TO_ROAD","ROADWAY_CLEARED","ROAD_CONDITION","SCH_BUS_IND","SCH_ZONE_IND","SECONDARY_CRASH","SMALL_TRUCK_COUNT","SPEC_JURIS_CD","SUSP_MINOR_INJ_COUNT","SUSP_SERIOUS_INJ_COUNT","SUV_COUNT","TCD_FUNC_CD","TCD_TYPE","TFC_DETOUR_IND","TIME_OF_DAY","TOTAL_UNITS","TOT_INJ_COUNT","UNBELTED_OCC_COUNT","UNB_DEATH_COUNT","UNB_SUSP_SERIOUS_INJ_COUNT","UNK_INJ_DEG_COUNT","UNK_INJ_PER_COUNT","URBAN_RURAL","VAN_COUNT","VEHICLE_COUNT","VULNERABLE_ROAD_USER_COUNT","VULNERABLE_ROAD_USER_DEATH_COUNT","VULNERABLE_ROAD_USER_SER_INJ_COUNT","WEATHER1","WEATHER2","WORKERS_PRES","WORK_ZONE_IND","WORK_ZONE_LOC","WORK_ZONE_TYPE","WZ_CLOSE_DETOUR","WZ_FLAGGER","WZ_LAW_OFFCR_IND","WZ_LN_CLOSURE","WZ_MOVING","WZ_OTHER","WZ_SHLDER_MDN","WZ_WORKERS_INJ_KILLED"
"2021046231","548","1","0","0","0","0","0","0","0","0","4","0","","67","5","2021","7","40.020681","-75.042328","524","6","0","0","0","0","0","0","0","0","","0","0","0","5","5","0","N","0","1","40 01:14.451","2","0","75 02:32.379","9","0","0","0","67301","0","0","0","N","0","0","0","2","68K01","0","","1.0","620.0","1","N","N","N","1","","0","0","0","0","0","N","524","2","0","0","0","0","0","1","2","0","2","0","0","0","3","","","N","","","","","","","","","",""
"2021025524","621","3","0","0","0","0","0","0","0","0","6","0","","67","2","2021","3","40.014794","-75.141336","618","6","0","0","0","0","0","0","0","0","","0","0","0","6","3","0","N","0","0","40 00:53.260","","0","75 08:28.810","0","0","0","0","67301","0","0","0","N","0","0","0","1","67301","0","","6.0","","1","N","N","N","0","","0","0","2","0","0","","610","5","0","0","0","0","0","0","2","0","5","0","0","0","3","03","","N","","","","","","","","","",""
"2021056619","704","2","0","0","0","0","0","0","0","0","1","0","","67","6","2021","3","39.989575","-75.087579","704","6","0","0","0","0","0","0","0","0","","0","0","0","6","1","1","N","0","0","39 59:22.470","","0","75 05:15.284","8","0","0","0","67301","0","0","0","N","0","0","0","2","68K01","0","","1.0","","1","N","N","N","0","","0","0","0","0","0","","634","2","1","0","0","0","1","0","2","0","2","0","0","0","3","03","","N","","","","","","","","","",""
"2021045419","1550","1","0","0","0","0","0","0","0","0","4","0","","67","5","2021","2","40.108313","-75.026322","1545","6","0","0","0","0","0","0","0","0","","0","0","0","15","1","1","","2","0","40 06:29.927","","0","75 01:34.760","3","0","0","0","67301","0","0","0","N","0","0","0","3","67301","0","","1.0","","1","N","N","N","0","","1","0","1","3","2","","1537","2","1","0","0","0","0","0","2","0","2","0","0","0","3","03","","N","","","","","","","","","",""
"2021057261","718","1","0","0","0","0","0","0","0","0","1","0","","67","6","2021","2","40.032255","-75.082004","712","6","0","0","0","0","0","0","0","0","","0","0","0","7","1","1","N","0","1","40 01:56.118","1","0","75 04:55.214","3","0","0","0","67301","0","0","0","N","0","0","0","1","67301","0","","1.0","815.0","1","N","N","N","1","","1","0","0","3","2","N","700","2","1","0","0","0","0","0","2","0","2","0","0","0","3","","","N","","","","","","","","","",""
"2021025269","2227","2","0","0","0","0","0","0","0","0","4","0","","67","3","2021","2","40.034629","-75.071139","2226","6","0","0","0","0","0","0","0","0","","0","0","0","22","3","1","","1","0","40 02:04.664","","0","75 04:16.099","8","0","0","0","67301","0","0","0","N","0","0","0","3","67301","0","","1.0","","1","N","N","N","0","","0","0","0","2","2","","2225","2","1","0","0","0","1","0","2","0","2","0","0","0","3","","","N","","","","","","","","","",""
"2021017752","321","4","0","0","0","0","0","0","0","0","5","0","","67","2","2021","1","39.957816","-75.219784","321","6","0","0","0","0","0","0","0","0","","0","0","0","3","3","1","N","0","0","39 57:28.136","","0","75 13:11.222","4","0","0","0","67301","0","0","0","N","0","0","0","1","67301","1","","6.0","","2","N","N","N","0","","0","0","2","0","0","","321","7","1","0","0","0","0","0","2","1","7","0","0","0","10","10","","N","","","","","","","","","",""
"2021019957","2355","0","0","0","0","0","0","0","0","0","8","0","","67","2","2021","5","39.964356","-75.224457","2338","6","0","0","0","0","0","0","0","0","","0","0","0","23","3","1","N","0","0","39 57:51.682","","0","75 13:28.046","3","0","0","0","67301","1","0","0","N","1","0","0","2","67301","0","","1.0","","1","N","N","N","0","","1","0","1","0","0","","2316","2","1","0","0","0","0","0","2","0","1","1","0","0","3","03","","N","","","","","","","","","",""
"2021032730","532","1","0","0","0","0","0","0","0","0","7","0","","67","4","2021","7","39.959567","-75.176366","532","6","0","0","0","1","0","0","0","0","","0","0","0","5","3","0","N","0","1","39 57:34.442","3","0","75 10:34.917","0","0","0","0","67301","0","0","0","N","0","0","0","1","68K01","0","","4.0","600.0","1","N","N","N","0","","0","0","0","0","0","N","532","1","0","0","0","0","0","0","2","0","1","0","0","0","7","","","N","","","","","","","","","",""
"2021022057","2133","0","0","0","0","0","0","0","0","0","7","0","","67","3","2021","2","39.987006","-75.244686","2133","6","0","0","0","0","0","0","0","0","","0","0","0","21","3","0","N","0","2","39 59:13.220","4","0","75 14:40.870","0","0","0","0","67301","0","0","0","N","0","0","0","1","67301","0","","5.0","2200.0","1","N","N","N","0","","0","0","2","0","0","N","2113","2","0","1","0","0","0","0","2","0","2","0","0","0","3","03","","N","","","","","","","","","",""
"2021046178","3","3","0","0","0","0","0","0","0","0","5","0","","67","5","2021","2","40.018896","-75.164321","2352","6","0","0","0","0","0","0","0","0","","0","0","0","23","3","1","N","0","0","40 01:08.027","","0","75 09:51.554","8","0","0","0","67301","0","0","0","N","0","0","0","1","67301","0","","1.0","","1","N","N","N","0","","0","0","0","0","0","","2328","3","1","0","0","0","1","0","2","0","3","0","0","0","3","03","","N","","","","","","","","","",""
"2021019839","158","1","0","0","0","0","0","0","0","0","7","0","","67","2","2021","5","39.997868","-75.185042","153","6","0","0","0","0","0","0","0","0","","0","0","0","1","3","0","","2","0","39 59:52.326","","0","75 11:06.150","0","0","0","0","67301","0","0","0","N","0","0","0","1","67301","0","","5.0","","1","N","N","N","0","","0","0","0","3","2","","152","1","0","0","0","0","0","0","2","0","1","0","0","0","3","03","","N","","","","","","","","","",""
"2021100821","151","0","0","0","0","0","0","0","0","0","7","0","","67","10","2021","7","40.007326","-75.128942","150","6","0","0","0","0","0","0","0","0","","1","0","0","1","3","1","N","0","0","40 00:26.372","","0","75 07:44.191","1","0","0","0","67301","0","0","0","N","0","0","0","2","67301","0","2","9.0","","1","N","N","N","0","0","1","0","1","0","0","","150","1","1","2","1","0","0","0","2","0","1","0","0","0","3","03","","N","","","","","","","","","",""
"2021020635","1710","1","0","0","0","0","0","0","0","0","4","0","","67","2","2021","7","39.958437","-75.231274","1704","6","0","0","0","0","0","0","0","0","","0","0","0","16","8","0","","1","0","39 57:30.373","","0","75 13:52.586","0","0","0","0","67301","0","0","0","N","0","0","0","3","67301","0","","1.0","","1","N","N","N","0","","0","0","1","3","3","","1629","2","0","0","0","0","0","0","2","0","2","0","0","0","3","03","","N","","","","","","","","","",""
"2021028101","1409","1","0","0","0","0","0","0","0","0","7","0","","67","3","2021","3","40.04895","-74.99827","1357","6","0","0","0","0","0","0","0","0","","0","0","0","13","1","3","N","0","0","40 02:56.219","","3","74 59:53.771","3","0","0","0","67301","0","0","0","N","0","0","0","3","68K01","0","","2.0","","1","N","N","N","0","","1","0","0","0","0","","1349","1","3","0","0","0","2","0","2","0","1","0","0","0","3","03","","N","","","","","","","","","",""
"2021019420","1755","0","0","0","0","0","0","0","0","0","7","0","","67","2","2021","5","39.929656","-75.187136","1754","6","0","0","0","0","0","0","0","0","","0","0","0","17","4","2","N","0","2","39 55:46.760","5","1","75 11:13.690","3","0","0","0","67301","0","0","0","N","0","0","0","2","67301","1","","4.0","2045.0","1","N","N","N","0","","1","0","1","0","0","Y","1754","2","2","0","0","0","0","0","2","0","1","0","0","0","3","03","","N","","","","","","","","","",""
"2021019922","1132","3","0","0","0","0","0","0","0","0","4","0","","67","2","2021","7","40.053894","-75.15765","1127","6","0","0","0","0","0","0","0","0","","0","0","0","11","1","3","N","0","2","40 03:14.020","6","0","75 09:27.540","3","0","0","0","67301","0","0","0","N","0","0","0","3","67301","0","","1.0","1132.0","9","N","N","N","0","","3","0","0","0","0","Y","1109","3","3","0","0","0","0","0","2","0","3","0","0","0","7","04","","N","","","","","","","","","",""
"2021023623","1330","0","0","0","0","0","0","0","0","0","7","0","","67","2","2021","6","40.005679","-75.197338","1320","6","0","0","0","0","0","0","0","0","","0","0","0","13","1","0","N","0","1","40 00:20.444","1","2","75 11:50.415","0","0","0","0","67301","0","0","0","N","0","0","0","2","68K01","0","","2.0","1350.0","1","N","N","N","0","","0","0","1","0","0","N","1307","1","0","0","0","0","0","0","2","0","1","0","0","0","3","","","N","","","","","","","","","",""
"2021021761","1619","0","0","0","0","0","0","0","0","0","4","0","","67","3","2021","3","39.988367","-75.11736","1613","6","0","0","0","0","0","0","0","0","","0","0","0","16","1","0","","1","1","39 59:18.121","2","0","75 07:02.495","0","0","0","0","67301","0","0","0","N","0","0","0","2","67301","0","","1.0","1729.0","1","N","N","N","0","","0","0","2","3","3","Y","1605","2","0","0","0","0","0","0","2","0","2","0","0","0","3","03","","N","","","","","","","","","",""
"2021020634","2255","1","0","0","0","0","0","0","0","0","4","0","","67","2","2021","5","39.953294","-75.232366","2255","6","0","0","1","0","0","0","0","0","","0","0","0","22","3","1","","1","0","39 57:11.858","","0","75 13:56.517","3","0","0","0","67301","0","0","0","N","0","0","0","2","67301","0","","1.0","","1","N","N","N","0","","1","0","0","3","3","","2246","2","1","0","0","0","0","0","2","0","2","0","0","0","3","","","N","","","","","","","","","",""
"2021058818","818","1","0","0","0","0","0","0","0","0","4","0","","67","6","2021","6","39.961733","-75.225847","817","6","0","0","0","0","0","0","0","0","","0","0","0","8","1","2","","1","0","39 57:42.239","","0","75 13:33.049","4","0","0","0","67301","0","0","0","N","0","0","0","3","67301","1","","1.0","","1","N","N","N","0","","0","0","1","3","3","","815","2","2","0","0","0","1","0","2","0","2","0","0","0","3","03","","N","","","","","","","","","",""
"2021048108","20","3","0","0","0","0","0","0","0","0","5","0","","67","4","2021","5","39.957384","-75.228905","16","6","0","0","0","0","0","0","0","0","","0","0","0","0","3","0","N","0","0","39 57:26.583","","0","75 13:44.058","0","0","0","0","67301","0","0","0","N","0","0","0","2","67301","0","","6.0","","1","N","N","N","1","","0","0","3","0","0","","2","7","0","0","0","0","0","0","2","0","7","0","0","0","3","03","","N","","","","","","","","","",""
"2021019100","1338","0","0","0","0","0","0","0","0","0","3","1","99","67","2","2021","4","39.94864","-75.249695","1332","6","0","0","0","0","0","1","0","0","","0","1","0","13","1","1","","2","0","39 56:55.105","","0","75 14:58.903","3","0","0","0","67301","0","0","0","N","0","0","0","2","67301","0","","1.0","","1","N","N","N","1","","1","0","0","0","0","","1330","2","1","0","0","0","0","0","2","0","2","0","0","0","3","03","U","Y","4","1","Y","","U","","","","","N"
"2021045696","1735","1","0","0","0","0","0","0","0","0","1","0","","67","5","2021","4","40.023532","-75.179248","1731","6","0","0","0","0","0","0","0","0","","0","0","0","17","1","0","N","0","2","40 01:24.716","1","0","75 10:45.293","0","0","0","0","67301","0","0","0","N","0","0","0","2","67301","0","","1.0","30.0","1","N","N","N","0","","0","0","1","0","0","Y","1720","2","0","0","0","0","0","0","2","0","2","0","0","0","3","","","N","","","","","","","","","",""
"2021045694","2230","1","0","0","0","0","0","0","0","0","7","0","","67","5","2021","3","40.013042","-75.200956","2216","6","0","0","1","0","0","0","0","0","","0","0","0","22","3","0","N","0","2","40 00:46.950","7","0","75 12:03.440","0","0","0","0","67301","0","0","0","N","0","0","0","1","67301","0","","4.0","130.0","1","N","N","N","0","","0","0","0","0","0","Y","2209","1","0","0","0","0","0","0","2","0","1","0","0","0","3","","","N","","","","","","","","","",""
"2021036067","1930","1","0","0","0","0","0","0","0","0","8","0","","67","4","2021","2","39.980636","-75.246576","1926","6","0","0","0","0","0","0","0","0","","0","0","0","19","2","2","","5","0","39 58:50.288","","0","75 14:47.672","3","0","0","0","67301","2","0","0","N","2","0","0","3","67301","0","","1.0","","1","N","N","N","0","","2","0","0","3","2","","1925","3","2","0","0","0","0","0","2","0","1","2","0","0","3","03","","N","","","","","","","","","",""
"2021020637","1825","0","0","0","0","0","0","0","0","0","7","0","","67","2","2021","4","40.007891","-75.140528","1817","6","0","0","0","0","0","0","0","0","","0","0","0","18","4","1","","5","0","40 00:28.406","","0","75 08:25.901","3","0","0","0","67301","0","0","0","N","0","0","0","1","67301","0","","4.0","","9","N","N","N","0","","1","0","1","3","2","","1816","1","1","0","0","0","0","0","2","0","1","0","0","0","3","03","","N","","","","","","","","","",""
"2021044905","1000","1","0","0","0","0","0","0","0","0","2","0","","67","2","2021","6","40.008779","-75.138565","946","6","0","0","0","0","0","0","1","0","","0","0","0","9","1","1","","1","0","40 00:31.604","","0","75 08:18.833","3","0","0","0","67301","0","0","0","N","0","0","0","2","67301","0","","1.0","","1","N","N","Y","1","","1","0","0","3","2","","930","2","1","0","0","0","0","0","2","0","2","0","0","0","3","","","N","","","","","","","","","",""
"2021057397","900","0","0","0","0","0","0","0","0","0","5","1","","67","6","2021","6","39.922218","-75.147614","852","6","0","0","0","0","0","2","0","0","","0","1","0","8","1","1","N","0","1","39 55:19.983","1","0","75 08:51.409","3","0","0","0","67301","0","0","0","N","0","0","0","2","68K01","0","","1.0","930.0","1","N","N","N","0","","1","0","1","0","0","N","850","2","1","0","0","0","0","0","2","0","2","0","0","0","3","03","","N","","","","","","","","","",""
"2021044444","1656","1","0","0","0","0","0","0","0","0","5","0","","67","5","2021","1","40.005847","-75.185884","1656","6","0","0","0","0","0","0","0","0","","0","0","0","16","1","1","N","0","0","40 00:21.049","","0","75 11:09.181","4","0","0","0","67301","0","0","0","N","0","0","0","1","67301","1","","6.0","","1","N","N","Y","0","","0","0","2","0","0","","1651","3","1","1","0","0","0","0","2","0","3","0","0","0","3","03","","N","","","","","","","","","",""
"2021021324","713","1","0","0","0","0","0","0","0","0","7","0","","67","2","2021","5","39.926038","-75.14701","642","6","0","0","0","0","0","0","0","0","","0","0","0","6","5","0","N","0","0","39 55:33.736","","3","75 08:49.236","0","0","0","0","67301","0","0","0","N","0","0","0","1","68K01","0","","3.0","","1","N","N","N","0","","0","0","0","0","0","","636","1","0","0","0","0","0","0","2","0","1","0","0","0","3","","","N","","","","","","","","","",""
"2021045228","2305","2","0","0","0","0","0","0","0","0","1","0","","67","5","2021","3","39.921684","-75.190079","2305","6","0","0","0","0","0","0","0","0","","0","0","0","22","3","1","","1","1","39 55:18.061","4","0","75 11:24.286","8","0","0","0","67301","0","0","0","N","0","0","0","2","67301","0","","1.0","2345.0","1","N","N","N","0","","0","0","0","3","2","N","2245","2","1","0","0","0","1","0","2","0","2","0","0","0","3","03","","N","","","","","","","","","",""
"2021020554","2106","0","0","0","0","0","0","0","0","0","7","0","","67","2","2021","2","40.045032","-75.002015","2057","6","0","0","0","0","0","0","0","0","","0","0","0","20","3","0","N","0","0","40 02:42.115","","0","75 00:07.254","0","0","0","0","67301","0","0","0","Y","0","0","0","1","68K01","0","","2.0","","9","N","N","N","0","","0","0","1","0","0","","2053","1","0","0","0","0","0","0","2","0","1","0","0","0","3","","","N","","","","","","","","","",""
"2021058113","410","2","0","0","0","0","0","0","0","0","2","0","","67","6","2021","7","40.004536","-75.148561","324","6","0","0","0","0","0","0","0","0","","0","0","0","3","3","2","Y","0","0","40 00:16.330","","0","75 08:54.820","3","0","0","0","67301","0","0","0","N","0","0","0","2","67301","0","","1.0","","1","N","N","N","0","","2","0","0","3","2","","320","2","2","0","0","0","0","0","2","0","2","0","0","0","3","03","","N","","","","","","","","","",""
"2021022505","3","2","0","0","0","0","0","0","0","0","2","0","","67","2","2021","7","40.028714","-75.182014","1","6","0","0","0","0","0","0","0","0","","0","0","0","23","3","0","N","0","0","40 01:43.370","","0","75 10:55.250","0","0","0","0","67301","0","0","0","N","0","0","0","2","67301","0","","1.0","","1","N","N","N","0","","0","0","0","0","0","","2300","2","0","0","0","0","0","0","2","0","2","0","0","0","3","03","","N","","","","","","","","","",""
"2021020555","2141","0","0","0","0","0","0","0","0","0","7","0","","67","2","2021","2","40.04509","-75.001328","2131","6","0","0","0","0","0","0","0","0","","0","0","0","21","3","0","N","0","0","40 02:42.324","","2","75 00:04.780","0","0","0","0","67301","0","0","0","Y","0","0","0","1","68K01","0","","1.0","","9","N","N","Y","0","","0","0","1","0","0","","2131","1","0","0","0","0","0","0","2","0","1","0","0","0","3","","","N","","","","","","","","","",""
"2021044113","33","0","0","0","0","0","0","1","0","0","4","1","","67","5","2021","6","39.936273","-75.193872","26","6","0","0","0","0","0","1","0","0","","0","0","0","0","3","2","","1","0","39 56:10.582","","0","75 11:37.939","3","0","0","0","67301","0","0","0","N","0","0","0","2","67301","0","","1.0","","1","N","N","N","0","","2","0","1","3","3","","10","2","2","1","0","0","0","0","2","0","2","0","0","0","3","","","N","","","","","","","","","",""
"2021019422","1832","1","0","0","0","0","0","0","0","0","4","0","","67","2","2021","4","40.025845","-75.203294","1830","6","0","0","0","0","0","0","0","0","","0","0","0","18","3","2","","3","1","40 01:33.041","5","0","75 12:11.860","4","0","0","0","67301","0","0","0","N","0","0","0","3","67301","2","","1.0","1845.0","1","N","N","N","0","","0","0","1","3","2","N","1825","2","2","0","0","0","0","1","2","0","2","0","0","0","3","03","","N","","","","","","","","","",""
"2021032825","2318","1","0","0","0","0","0","0","0","0","4","0","","67","4","2021","6","39.920214","-75.199438","2313","6","0","0","0","0","0","0","0","0","","0","0","0","23","3","0","N","0","1","39 55:12.770","3","3","75 11:57.975","0","0","0","0","67301","0","0","0","N","0","0","0","1","67301","0","","1.0","15.0","9","N","N","N","0","","0","0","1","0","0","N","2305","2","0","0","0","0","0","0","2","0","2","0","0","0","7","07","","N","","","","","","","","","",""
"2021045950","147","1","0","0","0","0","0","0","0","0","5","0","","67","5","2021","5","40.012747","-75.139414","117","6","0","0","0","0","0","0","0","0","","0","0","0","1","3","0","N","0","0","40 00:45.890","","0","75 08:21.890","0","0","0","0","67301","0","0","0","N","0","0","0","1","67301","0","","1.0","","1","N","N","N","0","","0","0","1","0","0","","117","2","0","1","0","0","0","0","2","0","2","0","0","0","3","","","N","","","","","","","","","",""
"2021101412","328","1","0","0","0","0","0","0","0","0","7","0","","67","10","2021","7","39.961221","-75.182403","328","6","0","0","0","0","0","0","0","0","","0","0","0","3","3","0","N","6","0","39 57:40.397","","0","75 10:56.651","0","0","0","0","67301","0","0","0","N","0","0","0","1","68K01","0","","3.0","","1","N","N","N","0","","0","0","0","0","0","","318","1","0","0","0","0","0","0","2","0","1","0","0","0","3","03","","N","","","","","","","","","",""
"2021102865","945","1","0","0","0","0","0","0","0","0","1","0","","67","10","2021","5","39.960663","-75.181993","927","6","0","0","0","0","0","1","0","0","","0","0","0","9","1","1","Y","0","0","39 57:38.387","","0","75 10:55.175","3","0","0","0","67301","0","0","0","N","0","0","0","3","68K01","0","","1.0","","1","N","N","N","1","","1","0","0","0","0","","927","2","1","0","0","0","0","0","2","0","2","0","0","0","3","","","N","","","","","","","","","",""
"2021101392","1604","1","0","0","0","0","0","0","0","0","5","0","","67","10","2021","5","40.062454","-75.010998","1533","6","0","0","0","0","0","0","0","0","","0","0","0","15","1","0","","1","0","40 03:44.834","","0","75 00:39.592","0","0","0","0","67301","0","0","0","N","0","0","0","2","67301","0","","1.0","","1","N","N","N","0","","0","0","0","9","3","","1533","2","0","1","0","0","0","0","2","1","2","0","0","0","3","03","","N","","","","","","","","","",""
"2021101948","1113","1","0","0","0","0","0","0","0","0","5","0","","67","10","2021","2","40.110588","-75.044944","1053","6","0","0","0","0","0","1","0","0","","0","0","0","10","1","0","","1","0","40 06:38.118","","0","75 02:41.800","0","0","0","0","67301","0","0","0","N","0","0","0","2","67301","0","","1.0","","1","N","N","N","0","","0","0","1","3","2","","1050","2","0","0","0","0","0","0","2","0","2","0","0","0","4","","","N","","","","","","","","","",""
"2021101688","726","2","0","0","0","0","0","0","0","0","5","1","","67","10","2021","3","40.008813","-75.210458","720","6","0","0","0","0","0","1","0","0","","0","1","0","7","1","0","N","0","0","40 00:31.726","","0","75 12:37.648","0","0","0","0","67301","0","0","0","N","0","0","0","3","46104","0","","1.0","","1","N","N","Y","0","","0","0","0","0","0","","720","3","0","0","0","0","0","0","2","0","3","0","0","0","3","","","N","","","","","","","","","",""
"2021103194","528","1","0","0","0","0","0","0","0","0","4","1","","67","10","2021","3","40.133786","-75.009923","521","6","0","0","0","0","0","2","0","0","","0","1","0","5","3","1","N","0","0","40 08:01.631","","7","75 00:35.722","8","0","0","0","67301","0","0","0","N","0","0","0","2","67301","0","","1.0","","9","N","N","N","0","","0","0","0","0","0","","515","2","1","0","0","0","1","0","2","0","2","0","0","0","7","","","N","","","","","","","","","",""
"2021103261","1047","3","0","0","0","0","0","0","0","0","1","0","","67","10","2021","3","40.053951","-75.049183","1038","6","0","0","0","0","0","1","0","0","","0","0","0","10","1","0","N","0","2","40 03:14.225","1","0","75 02:57.057","0","0","0","0","67301","0","0","0","N","0","0","0","2","67301","0","","1.0","35.0","1","N","N","N","0","","0","0","0","0","0","N","1036","3","0","0","0","0","0","0","2","0","3","0","0","0","3","03","","N","","","","","","","","","",""
"2021102252","945","0","0","0","1","0","0","0","0","0","8","0","","67","4","2021","6","40.001389","-75.124083","945","6","0","0","0","0","0","0","0","0","","0","0","0","14","1","1","N","0","0","40 00:05.000","","0","75 07:26.700","8","0","0","0","67301","1","0","0","N","0","0","0","2","67301","0","","1.0","","99","N","N","N","0","","0","0","0","0","0","","1430","2","1","0","0","0","1","0","2","0","1","1","0","0","99","03","","N","","","","","","","","","",""
"2021101627","601","1","0","0","0","0","0","0","0","0","4","0","","67","10","2021","5","40.072668","-75.075452","555","6","0","0","0","0","0","0","0","0","","0","0","0","5","3","0","N","0","0","40 04:21.606","","7","75 04:31.628","0","0","0","1","67301","0","0","0","N","0","0","0","2","67301","0","","1.0","","1","N","N","N","0","","0","0","0","0","0","","551","2","0","0","0","0","0","0","2","0","2","0","0","0","3","","","N","","","","","","","","","",""
"2021102236","23","1","0","0","0","0","0","0","0","0","2","0","","67","10","2021","7","40.016554","-75.154199","20","6","0","0","0","0","0","1","1","0","","0","0","0","23","3","2","N","0","0","40 00:59.595","","0","75 09:15.116","3","0","0","0","67301","0","0","0","N","0","0","0","3","67301","0","","1.0","","1","N","N","N","1","","2","0","0","0","0","","2330","2","2","0","0","0","0","0","2","0","2","0","0","0","3","03","","N","","","","","","","","","",""
"2021103332","409","0","0","0","0","0","0","0","0","0","7","0","","67","10","2021","3","39.885986","-75.213224","355","6","0","0","0","0","0","0","0","0","","0","0","0","3","3","0","N","7","0","39 53:09.550","","2","75 12:47.606","9","0","0","0","67301","0","0","0","N","0","0","0","1","68K01","0","","2.0","","9","N","N","N","0","","0","0","1","0","0","","338","1","0","0","0","0","0","1","2","0","1","0","0","0","7","","","N","","","","","","","","","",""
"2021102863","753","1","0","0","0","0","0","0","0","0","5","0","","67","10","2021","4","39.949397","-75.184477","703","6","0","0","0","0","0","0","0","0","","0","0","0","7","1","0","N","0","2","39 56:57.829","3","0","75 11:04.118","0","0","0","0","67301","0","0","0","N","0","0","0","2","68K01","0","","1.0","753.0","1","N","N","N","1","","0","0","0","0","0","N","703","2","0","1","0","0","0","0","2","0","2","0","0","0","3","","","N","","","","","","","","","",""
"2021104001","2059","0","0","0","0","0","0","0","0","0","1","0","","67","10","2021","6","40.012762","-75.206082","2048","6","0","0","0","0","0","0","0","0","","0","0","0","19","6","2","","6","9","40 00:45.943","","2","75 12:21.894","4","0","0","0","67301","0","0","0","N","0","0","0","3","67301","2","","1.0","","9","N","N","N","0","","0","0","2","0","0","","1939","3","2","2","0","0","0","1","2","0","3","0","0","0","7","","","N","","","","","","","","","",""
"2021100342","1223","1","0","0","0","0","0","0","0","0","2","0","","67","10","2021","1","39.983195","-75.207998","1223","6","0","0","0","0","0","0","0","0","","0","0","0","12","1","0","N","0","0","39 58:59.503","","0","75 12:28.792","9","0","0","0","67301","0","0","0","N","0","0","0","1","68K01","0","","4.0","","1","N","N","N","0","","0","0","0","0","0","","1223","1","0","0","0","0","0","1","2","0","1","0","0","0","3","03","","N","","","","","","","","","",""
"2021090939","1830","0","0","0","0","0","0","0","0","0","4","0","","67","3","2021","7","40.013303","-75.097438","1830","6","0","0","0","0","0","0","0","0","","0","0","0","17","1","1","","1","0","40 00:47.892","","0","75 05:50.775","8","0","0","1","67301","0","0","0","N","0","0","0","3","67301","0","","1.0","","99","N","N","N","0","","0","0","1","3","2","","1730","2","1","0","0","0","1","0","2","0","2","0","0","0","99","","","N","","","","","","","","","",""
"2021100358","1258","1","0","0","0","0","0","0","0","0","5","0","","67","10","2021","5","40.023387","-75.033598","1258","6","0","0","0","0","0","0","0","1","","0","0","0","12","1","0","N","0","0","40 01:24.192","","0","75 02:00.953","0","0","0","0","67301","0","0","0","N","0","0","0","3","68K01","0","","3.0","","1","N","N","N","0","","0","0","1","0","0","","1257","2","0","0","0","0","0","0","2","0","2","0","0","0","3","","","N","","","","","","","","","",""
"2021094668","2123","0","0","0","0","0","0","0","0","0","7","0","","67","10","2021","4","40.045964","-75.158781","2121","6","0","0","0","0","0","0","0","0","","0","0","0","21","3","0","N","0","1","40 02:45.470","2","99","75 09:31.610","9","0","0","0","67301","0","0","0","N","0","0","0","1","67301","0","","9.0","2203.0","1","N","N","N","0","","0","0","1","0","0","Y","2121","1","0","0","0","0","0","1","2","0","1","0","0","0","3","03","","N","","","","","","","","","",""
"2021099515","803","2","0","0","0","0","0","0","0","0","4","0","","67","10","2021","3","39.970586","-75.150867","759","6","0","0","0","0","0","1","0","0","","0","0","0","7","1","0","","1","0","39 58:14.108","","0","75 09:03.120","0","0","0","0","67301","0","0","0","N","0","0","0","3","67301","0","","1.0","","1","N","N","N","0","","0","0","0","3","3","","754","2","0","0","0","0","0","0","2","0","2","0","0","0","3","03","","N","","","","","","","","","",""