"CRN","ARRIVAL_TM","AUTOMOBILE_COUNT","BELTED_DEATH_COUNT","BELTED_SUSP_SERIOUS_INJ_COUNT","BICYCLE_COUNT","BICYCLE_DEATH_COUNT","BICYCLE_SUSP_SERIOUS_INJ_COUNT","BUS_COUNT","CHLDPAS_DEATH_COUNT","CHLDPAS_SUSP_SERIOUS_INJ_COUNT","COLLISION_TYPE","COMM_VEH_COUNT","CONS_ZONE_SPD_LIM","COUNTY","CRASH_MONTH","CRASH_YEAR","DAY_OF_WEEK","DEC_LATITUDE","DEC_LONGITUDE","DISPATCH_TM","DISTRICT","DRIVER_COUNT_16YR","DRIVER_COUNT_17YR","DRIVER_COUNT_18YR","DRIVER_COUNT_19YR","DRIVER_COUNT_20YR","DRIVER_COUNT_50_64YR","DRIVER_COUNT_65_74YR","DRIVER_COUNT_75PLUS","EST_HRS_CLOSED","FATAL_COUNT","HEAVY_TRUCK_COUNT","HORSE_BUGGY_COUNT","HOUR_OF_DAY","ILLUMINATION","INJURY_COUNT","INTERSECTION_RELATED","INTERSECT_TYPE","LANE_CLOSED","LATITUDE","LN_CLOSE_DIR","LOCATION_TYPE","LONGITUDE","MAX_SEVERITY_LEVEL","MCYCLE_DEATH_COUNT","MCYCLE_SUSP_SERIOUS_INJ_COUNT","MOTORCYCLE_COUNT","MUNICIPALITY","NONMOTR_COUNT","NONMOTR_DEATH_COUNT","NONMOTR_SUSP_SERIOUS_INJ_COUNT","NTFY_HIWY_MAINT","PED_COUNT","PED_DEATH_COUNT","PED_SUSP_SERIOUS_INJ_COUNT","PERSON_COUNT","POLICE_AGCY","POSSIBLE_INJ_COUNT","RDWY_SURF_TYPE_CD","RELATION_TO_ROAD","ROADWAY_CLEARED","ROAD_CONDITION","SCH_BUS_IND","SCH_ZONE_IND","SECONDARY_CRASH","SMALL_TRUCK_COUNT","SPEC_JURIS_CD","SUSP_MINOR_INJ_COUNT","SUSP_SERIOUS_INJ_COUNT","SUV_COUNT","TCD_FUNC_CD","TCD_TYPE","TFC_DETOUR_IND","TIME_OF_DAY","TOTAL_UNITS","TOT_INJ_COUNT","UNBELTED_OCC_COUNT","UNB_DEATH_COUNT","UNB_SUSP_SERIOUS_INJ_COUNT","UNK_INJ_DEG_COUNT","UNK_INJ_PER_COUNT","URBAN_RURAL","VAN_COUNT","VEHICLE_COUNT","VULNERABLE_ROAD_USER_COUNT","VULNERABLE_ROAD_USER_DEATH_COUNT","VULNERABLE_ROAD_USER_SER_INJ_COUNT","WEATHER1","WEATHER2","WORKERS_PRES","WORK_ZONE_IND","WORK_ZONE_LOC","WORK_ZONE_TYPE","WZ_CLOSE_DETOUR","WZ_FLAGGER","WZ_LAW_OFFCR_IND","WZ_LN_CLOSURE","WZ_MOVING","WZ_OTHER","WZ_SHLDER_MDN","WZ_WORKERS_INJ_KILLED"
"2021094516","1250","1","0","0","0","0","0","0","0","0","4","1","","67","10","2021","4","39.998705","-75.166884","1233","6","0","0","0","0","0","1","0","0","","0","1","0","12","1","1","","1","1","39 59:55.338","4","0","75 10:00.782","3","0","0","0","67301","0","0","0","N","0","0","0","3","67301","0","","1.0","1355.0","1","N","N","N","0","","1","0","0","3","2","N","1215","2","1","0","0","0","0","0","2","0","2","0","0","0","3","03","","N","","","","","","","","","",""
"2021098723","805","0","0","0","0","0","0","0","0","0","4","0","","67","10","2021","7","39.976697","-75.123331","800","6","0","0","0","0","0","0","0","0","","0","1","0","7","1","1","N","0","0","39 58:36.110","","0","75 07:23.990","3","0","0","0","67301","0","0","0","N","0","0","0","3","67301","0","","5.0","","1","N","N","N","0","","1","0","1","0","0","","745","2","1","1","0","0","0","0","2","0","2","0","0","0","3","","","N","","","","","","","","","",""
"2021094711","2012","1","0","0","0","0","0","0","0","0","4","0","","67","10","2021","4","40.018608","-75.183092","2007","6","0","0","0","0","0","2","0","0","","0","0","0","19","3","2","","1","1","40 01:06.988","4","0","75 10:59.131","3","0","0","0","67301","0","0","0","N","0","0","0","2","67301","0","","1.0","2025.0","1","N","N","N","0","","2","0","1","2","3","N","1952","2","2","0","0","0","0","0","2","0","2","0","0","0","3","","","N","","","","","","","","","",""
"2021098745","258","0","0","0","0","0","0","0","0","0","7","0","","67","10","2021","1","40.124325","-75.002164","249","6","0","0","0","0","0","0","0","0","","0","0","0","2","3","0","N","0","0","40 07:27.570","","0","75 00:07.790","9","0","0","0","67301","0","0","0","N","0","0","0","1","67301","0","","5.0","","1","N","N","N","1","","0","0","0","0","0","","242","1","0","0","0","0","0","1","2","0","1","0","0","0","3","03","","N","","","","","","","","","",""
"2021094157","2046","2","0","0","0","0","0","0","0","0","4","0","","67","10","2021","1","39.961402","-75.148177","2042","6","0","0","0","0","0","0","0","0","","0","0","0","20","3","6","","1","1","39 57:41.048","2","0","75 08:53.436","3","0","0","0","67301","0","0","0","N","0","0","0","6","67301","0","","1.0","2150.0","1","N","N","N","0","","6","0","0","3","3","Y","2040","2","6","0","0","0","0","0","2","0","2","0","0","0","3","03","","N","","","","","","","","","",""
"2021069860","1006","2","0","0","0","0","0","0","0","0","4","0","","67","7","2021","5","39.946891","-75.212674","1000","6","0","0","0","0","0","0","0","0","","0","0","0","9","1","3","","1","1","39 56:48.807","4","0","75 12:45.628","3","0","0","0","67301","0","0","0","N","0","0","0","3","67301","0","","1.0","1132.0","1","N","N","N","0","","3","0","0","3","3","N","958","2","3","2","0","0","0","0","2","0","2","0","0","0","3","03","","N","","","","","","","","","",""
"2021064206","957","0","0","0","0","0","0","0","0","0","4","0","","67","7","2021","7","40.111149","-75.024266","957","6","0","0","0","0","0","1","0","0","","0","0","0","9","1","0","","1","0","40 06:40.135","","0","75 01:27.358","9","0","0","0","67301","0","0","0","N","0","0","0","2","67301","0","","1.0","","1","N","N","N","0","","0","0","2","3","2","","955","2","0","0","0","0","0","2","2","0","2","0","0","0","3","03","","N","","","","","","","","","",""
"2021094344","7","0","0","0","0","0","0","0","0","0","8","0","","67","10","2021","4","39.967161","-75.165344","6","6","0","0","0","0","0","0","0","0","","0","0","0","0","3","1","","1","0","39 58:01.778","","0","75 09:55.237","3","0","0","0","67301","1","0","0","N","1","0","0","2","67301","0","","1.0","","1","N","N","N","0","","1","0","0","0","0","","4","2","1","0","0","0","0","1","2","0","1","1","0","0","3","03","","N","","","","","","","","","",""
"2021095482","801","1","0","0","0","0","0","0","0","0","99","0","","67","10","2021","6","40.006853","-75.192742","747","6","0","0","0","0","0","0","0","0","","0","0","0","5","6","0","N","0","1","40 00:24.670","1","0","75 11:33.872","9","0","0","0","67301","0","0","0","N","0","0","0","1","67301","0","","1.0","900.0","1","N","N","N","0","","0","0","0","0","0","N","550","1","0","0","0","0","0","1","2","0","1","0","0","0","3","03","","N","","","","","","","","","",""
"2021098642","336","2","0","0","0","0","0","0","0","0","4","0","","67","10","2021","7","40.0626","-75.17081","334","6","0","0","0","0","0","0","0","0","","0","0","0","3","3","0","","1","0","40 03:45.360","","0","75 10:14.916","9","0","0","0","67301","0","0","0","N","0","0","0","2","67301","0","","1.0","","1","N","N","N","0","","0","0","0","3","2","","330","2","0","0","0","0","0","1","2","0","2","0","0","0","3","03","","N","","","","","","","","","",""
"2021042478","1620","1","0","0","0","0","0","0","0","0","4","0","","67","5","2021","6","40.074062","-75.190874","1613","6","0","0","0","0","0","1","0","0","","0","0","0","16","1","0","","1","0","40 04:26.624","","0","75 11:27.147","0","0","0","0","67301","0","0","0","N","0","0","0","2","46108","0","","1.0","","1","N","N","N","0","","0","0","0","3","2","","1613","2","0","0","0","0","0","0","2","1","2","0","0","0","4","","","N","","","","","","","","","",""
"2021090694","2333","1","0","0","0","0","0","0","0","0","5","0","","67","8","2021","5","39.928398","-75.146265","2327","6","0","0","0","0","0","0","0","0","","0","0","0","23","3","1","N","0","0","39 55:42.233","","0","75 08:46.554","8","0","0","0","67301","0","0","0","N","0","0","0","2","68K01","0","","2.0","","1","N","N","N","1","","0","0","0","0","0","","2315","2","1","0","0","0","1","0","2","0","2","0","0","0","3","03","","N","","","","","","","","","",""
"2021069888","910","3","0","0","0","0","0","0","0","0","4","0","","67","7","2021","5","40.002576","-75.099728","900","6","0","0","1","0","0","0","0","0","","0","0","0","8","1","1","","5","0","40 00:09.273","","0","75 05:59.019","3","0","0","0","67301","0","0","0","N","0","0","0","3","67301","0","","1.0","","1","N","N","N","0","","1","0","0","3","2","","848","3","1","2","0","0","0","0","2","0","3","0","0","0","3","03","","N","","","","","","","","","",""
"2021064416","2143","2","0","0","0","0","0","0","0","0","4","0","","67","7","2021","7","40.024675","-75.17056","2139","6","0","0","0","0","0","0","0","0","","0","0","0","20","3","1","","1","0","40 01:28.829","","0","75 10:14.015","3","0","0","0","67301","0","0","0","N","0","0","0","2","67301","0","","1.0","","99","N","N","N","0","","1","0","0","3","3","","2059","2","1","0","0","0","0","0","2","0","2","0","0","0","4","","","N","","","","","","","","","",""
"2021069771","952","1","0","0","0","0","0","0","0","0","4","0","","67","7","2021","5","39.953949","-75.159464","943","6","0","0","0","0","0","1","0","0","","0","0","0","9","1","0","","1","0","39 57:14.217","","0","75 09:34.069","0","0","0","0","67301","0","0","0","N","0","0","0","2","67301","0","","1.0","","1","N","N","N","0","","0","0","1","2","1","","930","2","0","0","0","0","0","0","2","0","2","0","0","0","3","03","","N","","","","","","","","","",""
"2021090022","840","0","0","0","0","0","0","0","0","0","8","0","","67","9","2021","5","40.063119","-75.021999","836","6","0","0","0","0","0","0","0","0","","0","0","0","8","1","1","","1","0","40 03:47.229","","0","75 01:19.196","3","0","0","0","67301","1","0","0","N","1","0","0","1","67301","0","","1.0","","1","N","N","N","0","","1","0","0","3","2","","835","2","1","0","0","0","0","0","2","0","1","1","0","0","4","04","","N","","","","","","","","","",""
"2021064649","1722","1","0","0","0","0","0","0","0","0","1","0","55","67","7","2021","7","40.012281","-75.059321","1722","6","0","0","0","0","0","0","0","0","","0","0","0","16","1","0","N","0","0","40 00:44.213","","0","75 03:33.555","0","0","0","0","67301","0","0","0","N","0","0","0","3","68K01","0","","1.0","","1","N","N","N","0","","0","0","1","0","0","","1651","2","0","1","0","0","0","0","2","0","2","0","0","0","3","","N","Y","4","1","","","N","","","","Y","N"
"2021087996","55","1","0","0","0","0","0","0","0","0","8","0","","67","9","2021","5","39.977314","-75.158397","47","6","0","0","0","0","0","0","0","0","","0","0","0","2","3","1","N","0","9","39 58:38.330","","0","75 09:30.230","8","0","0","0","67301","1","0","0","N","1","0","0","1","67301","0","","1.0","","99","N","N","N","0","","0","0","0","9","2","U","200","2","1","0","0","0","1","0","2","0","1","1","0","0","3","","","N","","","","","","","","","",""
"2021070410","434","1","0","0","0","0","0","0","0","0","4","0","","67","7","2021","7","40.054847","-75.168958","432","6","0","0","0","0","0","0","0","0","","0","0","0","4","3","1","","1","0","40 03:17.448","","0","75 10:08.247","3","0","0","0","67301","0","0","0","N","0","0","0","2","67301","0","","1.0","","1","N","N","N","0","","1","0","1","3","2","","419","2","1","0","0","0","0","0","2","0","2","0","0","0","3","03","","N","","","","","","","","","",""
"2021069766","1117","1","0","0","0","0","0","0","0","0","4","0","","67","7","2021","4","39.961476","-75.149798","1114","6","0","0","0","0","0","1","0","1","","0","0","0","10","1","0","","1","0","39 57:41.313","","0","75 08:59.272","0","0","0","0","67301","0","0","0","N","0","0","0","2","67301","0","","1.0","","1","N","N","N","0","","0","0","1","3","2","","1038","2","0","0","0","0","0","0","2","0","2","0","0","0","3","03","","N","","","","","","","","","",""
"2021094363","645","1","0","0","0","0","0","0","0","0","4","0","","67","10","2021","3","40.042319","-75.144428","645","6","0","0","0","0","0","0","0","0","","0","0","0","6","5","1","","2","0","40 02:32.348","","0","75 08:39.940","3","0","0","0","67301","0","0","0","N","0","0","0","2","67301","0","","1.0","","9","N","N","N","0","","1","0","1","3","3","","640","2","1","0","0","0","0","0","2","0","2","0","0","0","4","","","N","","","","","","","","","",""
"2021064630","2205","1","0","0","0","0","0","0","0","0","7","0","","67","7","2021","6","39.986568","-75.090796","213","6","0","0","0","0","0","0","0","0","","0","0","0","2","3","0","N","0","1","39 59:11.644","1","2","75 05:26.867","9","0","0","0","67301","0","0","0","N","0","0","0","1","68K01","0","","4.0","250.0","9","N","N","N","0","","0","0","0","0","0","N","212","1","0","0","0","0","0","1","2","0","1","0","0","0","7","","","N","","","","","","","","","",""
"2021065086","47","1","0","0","0","0","0","0","0","0","7","0","","67","7","2021","3","39.967103","-75.133065","40","6","0","0","0","0","0","0","0","0","","0","0","0","0","3","1","N","0","1","39 58:01.569","1","0","75 07:59.033","2","0","0","0","67301","0","0","0","N","0","0","0","1","68K01","0","","2.0","140.0","9","N","N","N","0","","0","1","0","0","0","N","39","1","1","0","0","0","0","0","2","0","1","0","0","0","3","03","","N","","","","","","","","","",""
"2021064392","1940","0","0","0","0","0","0","0","0","0","1","0","","67","7","2021","7","40.055511","-75.126257","1923","6","0","0","0","1","0","0","0","0","","0","0","0","19","4","2","","2","0","40 03:19.839","","0","75 07:34.526","4","0","0","0","67301","0","0","0","N","0","0","0","6","67301","2","","1.0","","9","N","N","N","0","","0","0","2","3","2","","1915","2","2","0","0","0","0","0","2","0","2","0","0","0","7","","","N","","","","","","","","","",""
"2021090257","2116","0","0","0","0","0","0","0","0","0","7","1","","67","9","2021","6","40.038341","-75.010461","2057","6","0","0","0","0","0","0","0","0","","0","1","0","20","3","1","N","0","0","40 02:18.026","","0","75 00:37.659","8","0","0","0","67301","0","0","0","N","0","0","0","1","68K01","0","","2.0","","1","N","N","N","0","","0","0","0","0","0","","2057","1","1","1","0","0","1","0","2","0","1","0","0","0","3","","","N","","","","","","","","","",""
"2021065071","2347","1","0","0","0","0","0","0","0","0","1","0","","67","7","2021","7","40.009642","-75.064772","2347","6","0","0","0","0","0","0","0","0","","0","0","0","23","3","2","N","0","1","40 00:34.712","1","0","75 03:53.179","3","0","0","0","67301","0","0","0","N","0","0","0","2","68K01","0","","1.0","30.0","1","N","N","N","0","","2","0","1","0","0","N","2333","2","2","0","0","0","0","0","2","0","2","0","0","0","3","","","N","","","","","","","","","",""
"2021071082","1953","0","0","0","0","0","0","0","0","0","8","0","","67","7","2021","3","39.974261","-75.264047","1952","6","0","0","0","0","0","0","0","0","","0","0","0","18","1","1","N","0","0","39 58:27.340","","0","75 15:50.570","3","0","0","0","67301","1","0","0","N","1","0","0","3","67301","0","","1.0","","1","N","N","N","0","","1","0","0","0","0","","1830","2","1","0","0","0","0","0","2","1","1","1","0","0","3","03","","N","","","","","","","","","",""
"2021088461","1254","1","0","0","0","0","0","0","0","0","8","0","","67","9","2021","5","39.960683","-75.141429","1254","6","0","0","0","0","0","0","0","1","","0","0","0","12","1","1","","1","0","39 57:38.457","","0","75 08:29.145","3","0","0","0","67301","1","0","0","N","1","0","0","2","67301","0","","1.0","","1","N","N","N","0","","1","0","0","3","2","","1253","2","1","0","0","0","0","0","2","0","1","1","0","0","3","03","","N","","","","","","","","","",""
"2021071084","1342","2","0","0","0","0","0","0","0","0","4","0","","67","7","2021","7","39.991755","-75.231059","1342","6","0","0","1","0","0","0","0","0","","0","0","0","13","1","1","","1","0","39 59:30.318","","0","75 13:51.812","3","0","0","0","67301","0","0","0","N","0","0","0","3","67301","0","","1.0","","1","N","N","N","0","","1","0","0","3","3","","1342","2","1","0","0","0","0","0","2","0","2","0","0","0","3","03","","N","","","","","","","","","",""
"2021061703","2138","2","0","0","0","0","0","0","0","0","4","0","","67","7","2021","7","39.960207","-75.190892","2136","6","0","0","0","0","0","0","0","0","","0","0","0","21","3","0","","1","2","39 57:36.745","7","0","75 11:27.211","0","0","0","0","67301","0","0","0","N","0","0","0","2","67507","0","","1.0","2242.0","9","N","N","N","0","","0","0","0","3","2","Y","2134","2","0","0","0","0","0","0","2","0","2","0","0","0","3","03","","N","","","","","","","","","",""
"2021064389","1904","1","0","0","0","0","0","0","0","0","4","0","","67","7","2021","5","40.034208","-75.124006","1904","6","0","0","0","0","0","1","0","0","","0","0","0","14","1","1","N","0","0","40 02:03.150","","7","75 07:26.420","4","0","0","0","67301","0","0","0","N","0","0","0","2","67301","1","","1.0","","99","N","N","N","0","","0","0","1","0","0","","1400","2","1","2","0","0","0","1","2","0","2","0","0","0","99","","","N","","","","","","","","","",""
"2021070512","1232","2","0","0","0","0","0","0","0","0","5","0","","67","7","2021","4","40.025045","-75.125456","1232","6","0","0","0","0","0","0","0","0","","0","0","0","10","1","0","","1","0","40 01:30.162","","0","75 07:31.641","0","0","0","0","67301","0","0","0","N","0","0","0","2","67301","0","","1.0","","1","N","N","N","0","","0","0","0","3","2","","1015","2","0","0","0","0","0","0","2","0","2","0","0","0","3","03","","N","","","","","","","","","",""
"2021064251","705","1","0","0","0","0","0","0","0","0","7","0","","67","7","2021","7","40.049474","-75.174464","659","6","0","0","0","0","0","0","0","0","","0","0","0","5","3","0","N","0","0","40 02:58.108","","0","75 10:28.070","0","0","0","0","67301","0","0","0","N","0","0","0","1","67301","0","","4.0","","1","N","Y","Y","0","","0","0","0","0","0","","504","1","0","0","0","0","0","0","2","0","1","0","0","0","4","03","","N","","","","","","","","","",""
"2021064235","1218","1","0","0","1","0","0","0","0","0","8","0","","67","7","2021","5","39.912053","-75.240203","1212","6","0","0","0","0","0","0","0","0","","0","0","0","21","3","1","N","0","0","39 54:43.390","","0","75 14:24.730","3","0","0","0","67301","1","0","0","N","0","0","0","2","67301","0","","1.0","","1","N","N","N","0","","1","0","0","0","0","","2119","2","1","0","0","0","0","0","2","0","1","1","0","0","3","04","","N","","","","","","","","","",""
"2021058010","1009","1","0","0","0","0","0","0","0","0","1","0","","67","6","2021","3","39.916108","-75.165387","1009","6","0","0","0","0","1","1","0","0","","0","0","0","9","1","0","N","0","1","39 54:57.989","4","0","75 09:55.394","0","0","0","0","67301","0","0","0","N","0","0","0","5","67301","0","","1.0","1045.0","9","N","N","N","0","","0","0","2","0","0","Y","950","3","0","0","0","0","0","0","2","0","3","0","0","0","7","04","","N","","","","","","","","","",""
"2021064190","911","1","0","0","0","0","0","0","0","0","8","0","","67","6","2021","4","39.916594","-75.16995","848","6","0","0","0","0","0","0","1","0","","0","0","0","8","1","1","N","0","0","39 54:59.739","","0","75 10:11.821","4","0","0","0","67301","1","0","0","N","1","0","0","2","67301","1","","6.0","","1","N","N","N","0","","0","0","0","0","0","","840","2","1","0","0","0","0","0","2","0","1","1","0","0","3","03","","N","","","","","","","","","",""
"2021091852","1145","2","0","0","0","0","0","0","0","0","4","0","","67","7","2021","6","40.028258","-75.209447","1135","6","0","0","0","0","0","0","1","0","","0","0","0","11","1","1","N","0","0","40 01:41.730","","7","75 12:34.010","3","0","0","0","67301","0","0","0","N","0","0","0","2","67301","0","","1.0","","1","N","N","N","0","","1","0","0","0","0","","1123","2","1","0","0","0","0","1","2","0","2","0","0","0","3","03","","N","","","","","","","","","",""
"2021084726","20","0","0","0","0","0","0","0","0","0","7","0","","67","7","2021","4","39.958467","-75.225018","17","6","0","0","0","0","0","0","0","0","","0","0","0","0","3","1","N","0","0","39 57:30.481","","0","75 13:30.066","8","0","0","0","67301","0","0","0","N","0","0","0","1","67301","0","","4.0","","1","N","N","N","0","","0","0","1","0","0","","13","1","1","0","0","0","1","0","2","0","1","0","0","0","3","03","","N","","","","","","","","","",""
"2021088450","1130","2","0","0","0","0","0","0","0","0","1","0","","67","8","2021","7","40.016953","-75.188392","1130","6","0","0","0","0","0","0","0","0","","0","0","0","14","1","1","","1","0","40 01:01.029","","0","75 11:18.212","8","0","0","0","67301","0","0","0","N","0","0","0","2","67301","0","","1.0","","9","N","N","N","0","","0","0","0","3","2","","1400","2","1","0","0","0","1","1","2","0","2","0","0","0","7","07","","N","","","","","","","","","",""
"2021089661","1746","0","0","0","0","0","0","0","0","0","1","0","","67","8","2021","4","39.976257","-75.195793","1726","6","0","0","0","0","0","0","0","0","","0","0","0","17","1","1","N","0","0","39 58:34.525","","0","75 11:44.856","8","0","0","0","67301","0","0","0","N","0","0","0","2","68K01","0","","1.0","","1","N","N","N","0","","0","0","2","3","8","","1725","2","1","0","0","0","1","1","2","0","2","0","0","0","3","","","N","","","","","","","","","",""
"2021069890","2211","1","0","0","0","0","0","0","0","0","5","0","","67","7","2021","6","40.01207","-75.112176","2211","6","0","0","0","0","0","0","0","0","","0","0","0","22","3","1","","1","2","40 00:43.452","5","0","75 06:43.833","3","0","0","0","67301","0","0","0","N","0","0","0","5","67301","0","","1.0","2310.0","1","N","N","N","0","","1","0","1","3","2","N","2210","3","1","0","0","0","0","1","2","1","3","0","0","0","3","03","","N","","","","","","","","","",""
"2021070319","835","3","0","0","0","0","0","0","0","0","1","0","","67","7","2021","2","39.903138","-75.199533","824","6","0","0","0","0","0","0","1","0","","0","0","0","8","1","0","N","0","1","39 54:11.297","3","3","75 11:58.318","0","0","0","0","67301","0","0","0","N","0","0","0","4","67301","0","","1.0","130.0","1","N","N","N","0","","0","0","1","0","0","N","820","4","0","0","0","0","0","0","2","0","4","0","0","0","3","","","N","","","","","","","","","",""
"2021093717","1824","2","0","0","0","0","0","0","0","0","4","0","","67","10","2021","6","40.011142","-75.164211","1823","6","0","0","0","0","0","0","0","0","","0","0","0","18","3","4","","1","2","40 00:40.112","7","0","75 09:51.160","2","0","0","0","67301","1","0","1","N","1","0","1","4","67301","0","","1.0","2000.0","1","N","N","N","0","","1","2","0","3","2","Y","1822","3","4","0","0","0","1","0","2","0","2","1","0","1","3","03","","N","","","","","","","","","",""
"2021092760","1300","0","0","0","0","0","0","0","0","0","1","1","","67","9","2021","4","39.9602","-75.226852","1300","6","0","0","0","0","0","0","0","0","","0","1","0","8","1","1","","1","0","39 57:36.721","","0","75 13:36.666","3","0","0","0","67301","0","0","0","N","0","0","0","2","67301","0","","1.0","","1","N","N","N","0","","1","0","1","3","2","","800","2","1","0","0","0","0","1","2","0","2","0","0","0","3","03","","N","","","","","","","","","",""
"2021064201","745","0","0","0","1","0","0","0","0","0","8","0","","67","7","2021","5","39.962129","-75.159953","739","6","0","0","0","0","0","0","0","0","","0","0","0","7","1","1","N","0","0","39 57:43.664","","0","75 09:35.832","3","0","0","0","67301","1","0","0","N","0","0","0","2","67301","0","","1.0","","1","N","N","N","0","","1","0","1","0","0","","736","2","1","0","0","0","0","0","2","0","1","1","0","0","3","","","N","","","","","","","","","",""
"2021064254","2355","1","0","0","0","0","0","0","0","0","2","0","","67","7","2021","7","40.06288","-75.162227","2350","6","0","1","0","0","0","1","0","0","","0","0","0","22","3","0","N","0","0","40 03:46.367","","0","75 09:44.018","9","0","0","0","67301","0","0","0","N","0","0","0","2","67301","0","","1.0","","9","N","N","N","1","","0","0","1","0","0","","2200","3","0","0","0","0","0","2","2","0","3","0","0","0","7","05","","N","","","","","","","","","",""
"2021064391","102","1","0","0","0","0","0","0","0","0","5","0","","67","7","2021","7","40.028011","-75.14715","102","6","0","0","0","0","0","0","0","0","","0","0","0","1","3","2","N","0","0","40 01:40.840","","0","75 08:49.740","3","0","0","0","67301","0","0","0","N","0","0","0","3","67301","0","","1.0","","1","N","N","N","0","","2","0","1","0","0","","100","2","2","0","0","0","0","0","2","0","2","0","0","0","3","03","","N","","","","","","","","","",""
"2021065454","1719","1","0","0","0","0","0","0","0","0","1","0","","67","7","2021","2","40.048843","-74.997314","1652","6","0","0","0","0","0","1","0","0","","0","0","0","16","1","0","N","0","0","40 02:55.836","","0","74 59:50.329","0","0","0","0","67301","0","0","0","N","0","0","0","2","68K01","0","","1.0","","9","N","N","N","0","","0","0","1","0","0","","1651","2","0","0","0","0","0","0","2","0","2","0","0","0","7","","","N","","","","","","","","","",""
"2021065463","2336","1","0","0","0","0","0","0","0","0","7","0","","67","7","2021","2","39.949701","-75.183924","2335","6","0","0","0","0","0","0","0","0","","0","0","0","23","3","1","N","0","2","39 56:58.924","4","0","75 11:02.128","4","0","0","0","67301","0","0","0","N","0","0","0","1","68K01","1","","4.0","20.0","1","N","N","N","0","","0","0","0","0","0","N","2334","1","1","0","0","0","0","0","2","0","1","0","0","0","3","","","N","","","","","","","","","",""
"2021087951","2301","0","0","0","0","0","0","0","0","0","7","0","","67","9","2021","4","39.994594","-75.084103","2258","6","0","0","0","0","0","0","0","0","","0","0","0","22","3","1","N","0","1","39 59:40.538","2","0","75 05:02.769","3","0","0","0","67301","0","0","0","Y","0","0","0","1","68K01","0","","2.0","1145.0","9","N","N","N","0","","1","0","1","0","0","N","2257","1","1","0","0","0","0","0","2","0","1","0","0","0","7","","","N","","","","","","","","","",""
"2021092869","1851","0","0","0","0","0","0","0","0","0","7","0","","67","9","2021","4","39.889615","-75.219707","1840","6","0","0","0","0","0","0","1","0","","0","0","0","18","3","0","N","6","1","39 53:22.614","2","2","75 13:10.944","0","0","0","0","67301","0","0","0","N","0","0","0","2","68K01","0","","4.0","1943.0","9","N","N","N","0","","0","0","1","0","0","Y","1840","1","0","0","0","0","0","0","2","0","1","0","0","0","7","","","N","","","","","","","","","",""
"2021089003","1053","0","0","0","0","0","0","0","0","0","5","0","","67","9","2021","3","40.069517","-75.199742","1048","6","0","0","0","0","0","1","1","0","","0","0","0","10","1","1","","2","0","40 04:10.261","","0","75 11:59.070","3","0","0","0","67301","0","0","0","N","0","0","0","2","67301","0","","1.0","","1","N","N","N","0","","1","0","1","0","0","","1047","2","1","0","0","0","0","0","2","1","2","0","0","0","3","03","","N","","","","","","","","","",""
"2021091519","1145","1","0","0","0","0","0","0","0","0","8","0","","67","9","2021","3","39.959103","-75.151939","1141","6","0","0","0","0","0","0","0","0","","0","0","0","11","1","1","N","0","0","39 57:32.770","","0","75 09:06.980","3","0","0","0","67301","1","0","0","N","1","0","0","2","67301","0","","1.0","","9","N","N","N","0","","1","0","0","0","0","","1135","2","1","0","0","0","0","0","2","0","1","1","0","0","7","04","","N","","","","","","","","","",""
"2021069826","1514","1","0","0","0","0","0","0","0","0","1","0","","67","7","2021","5","40.047081","-75.163182","1514","6","0","0","1","0","0","0","0","0","","0","0","0","14","1","1","","1","0","40 02:49.491","","0","75 09:47.455","3","0","0","0","67301","0","0","0","N","0","0","0","2","67301","0","","1.0","","1","N","N","N","0","","1","0","1","3","2","","1452","2","1","0","0","0","0","0","2","0","2","0","0","0","3","03","","N","","","","","","","","","",""
"2021061141","1945","0","0","0","0","0","0","0","0","0","7","0","","67","7","2021","5","40.007656","-75.151478","1944","6","0","0","0","0","1","0","0","0","","0","0","0","19","1","3","","1","2","40 00:27.560","1","0","75 09:05.322","3","0","0","0","67301","0","0","0","N","0","0","0","3","67505","0","","4.0","2015.0","9","N","N","N","0","","3","0","1","3","2","Y","1940","1","3","0","0","0","0","0","2","0","1","0","0","0","4","04","","N","","","","","","","","","",""
"2021070928","1929","1","0","0","0","0","0","0","0","0","7","0","","67","7","2021","2","39.959893","-75.178941","1925","6","0","0","0","0","0","0","0","0","","0","0","0","19","1","0","N","0","1","39 57:35.614","3","3","75 10:44.189","9","0","0","0","67301","0","0","0","N","0","0","0","1","68K01","0","","3.0","2040.0","1","N","N","N","0","","0","0","0","0","0","N","1924","1","0","0","0","0","0","1","2","0","1","0","0","0","3","","","N","","","","","","","","","",""
"2021088298","2341","1","0","0","0","0","0","0","0","0","1","0","45","67","9","2021","2","39.947552","-75.187118","2341","6","0","0","0","0","0","0","0","0","","0","0","0","23","3","0","N","0","1","39 56:51.186","4","0","75 11:13.624","0","0","0","0","67301","0","0","0","N","0","0","0","2","68K01","0","","1.0","30.0","1","N","N","N","0","","0","0","1","3","8","N","2336","2","0","0","0","0","0","0","2","0","2","0","0","0","3","03","Y","Y","4","2","Y","N","Y","N","N","N","N","N"