"CRN","ARRIVAL_TM","AUTOMOBILE_COUNT","BELTED_DEATH_COUNT","BELTED_SUSP_SERIOUS_INJ_COUNT","BICYCLE_COUNT","BICYCLE_DEATH_COUNT","BICYCLE_SUSP_SERIOUS_INJ_COUNT","BUS_COUNT","CHLDPAS_DEATH_COUNT","CHLDPAS_SUSP_SERIOUS_INJ_COUNT","COLLISION_TYPE","COMM_VEH_COUNT","CONS_ZONE_SPD_LIM","COUNTY","CRASH_MONTH","CRASH_YEAR","DAY_OF_WEEK","DEC_LATITUDE","DEC_LONGITUDE","DISPATCH_TM","DISTRICT","DRIVER_COUNT_16YR","DRIVER_COUNT_17YR","DRIVER_COUNT_18YR","DRIVER_COUNT_19YR","DRIVER_COUNT_20YR","DRIVER_COUNT_50_64YR","DRIVER_COUNT_65_74YR","DRIVER_COUNT_75PLUS","EST_HRS_CLOSED","FATAL_COUNT","HEAVY_TRUCK_COUNT","HORSE_BUGGY_COUNT","HOUR_OF_DAY","ILLUMINATION","INJURY_COUNT","INTERSECTION_RELATED","INTERSECT_TYPE","LANE_CLOSED","LATITUDE","LN_CLOSE_DIR","LOCATION_TYPE","LONGITUDE","MAX_SEVERITY_LEVEL","MCYCLE_DEATH_COUNT","MCYCLE_SUSP_SERIOUS_INJ_COUNT","MOTORCYCLE_COUNT","MUNICIPALITY","NONMOTR_COUNT","NONMOTR_DEATH_COUNT","NONMOTR_SUSP_SERIOUS_INJ_COUNT","NTFY_HIWY_MAINT","PED_COUNT","PED_DEATH_COUNT","PED_SUSP_SERIOUS_INJ_COUNT","PERSON_COUNT","POLICE_AGCY","POSSIBLE_INJ_COUNT","RDWY_SURF_TYPE_CD","RELATION_TO_ROAD","ROADWAY_CLEARED","ROAD_CONDITION","SCH_BUS_IND","SCH_ZONE_IND","SECONDARY_CRASH","SMALL_TRUCK_COUNT","SPEC_JURIS_CD","SUSP_MINOR_INJ_COUNT","SUSP_SERIOUS_INJ_COUNT","SUV_COUNT","TCD_FUNC_CD","TCD_TYPE","TFC_DETOUR_IND","TIME_OF_DAY","TOTAL_UNITS","TOT_INJ_COUNT","UNBELTED_OCC_COUNT","UNB_DEATH_COUNT","UNB_SUSP_SERIOUS_INJ_COUNT","UNK_INJ_DEG_COUNT","UNK_INJ_PER_COUNT","URBAN_RURAL","VAN_COUNT","VEHICLE_COUNT","VULNERABLE_ROAD_USER_COUNT","VULNERABLE_ROAD_USER_DEATH_COUNT","VULNERABLE_ROAD_USER_SER_INJ_COUNT","WEATHER1","WEATHER2","WORKERS_PRES","WORK_ZONE_IND","WORK_ZONE_LOC","WORK_ZONE_TYPE","WZ_CLOSE_DETOUR","WZ_FLAGGER","WZ_LAW_OFFCR_IND","WZ_LN_CLOSURE","WZ_MOVING","WZ_OTHER","WZ_SHLDER_MDN","WZ_WORKERS_INJ_KILLED"
"2021069820","1909","0","0","0","0","0","0","0","0","0","4","0","","67","7","2021","3","39.883695","-75.251582","1909","6","0","0","0","0","1","0","0","0","","0","0","0","14","1","1","","2","0","39 53:01.302","","2","75 15:05.694","3","0","0","0","67301","0","0","0","N","0","0","0","2","67301","0","","1.0","","99","N","N","N","0","","1","0","1","3","2","","1452","2","1","0","0","0","0","0","2","0","2","0","0","0","99","98","","N","","","","","","","","","",""
"2021089597","1200","2","0","0","0","0","0","0","0","0","2","0","","67","9","2021","4","40.020583","-75.087217","1159","6","0","0","0","0","0","0","0","0","","0","0","0","11","1","0","N","0","0","40 01:14.100","","0","75 05:13.980","0","0","0","0","67301","0","0","0","N","0","0","0","2","67301","0","","9.0","","1","N","N","N","0","","0","0","0","0","0","","1142","2","0","0","0","0","0","0","2","0","2","0","0","0","3","","","N","","","","","","","","","",""
"2021064388","1600","2","0","0","0","0","0","0","0","0","4","0","","67","7","2021","6","40.026271","-75.148434","1600","6","0","0","0","0","0","0","0","0","","0","0","0","11","1","0","","1","0","40 01:34.575","","0","75 08:54.362","9","0","0","0","67301","0","0","0","N","0","0","0","2","67301","0","","1.0","","99","N","N","N","0","","0","0","0","3","3","","1143","2","0","2","0","0","0","1","2","0","2","0","0","0","3","","","N","","","","","","","","","",""
"2021092073","22","1","0","0","0","0","0","0","0","0","8","0","","67","9","2021","2","39.909406","-75.149062","5","6","0","0","0","0","0","0","0","0","","0","0","0","0","3","1","N","0","1","39 54:33.862","1","0","75 08:56.623","8","0","0","0","67301","1","0","0","N","1","0","0","2","68K01","0","","1.0","45.0","1","N","N","N","0","","0","0","0","0","0","N","3","2","1","0","0","0","1","0","2","0","1","1","0","0","3","","","N","","","","","","","","","",""
"2021070932","738","1","0","0","0","0","0","0","0","0","1","0","","67","7","2021","4","39.989893","-75.087332","720","6","0","0","0","0","0","0","0","0","","0","0","0","7","1","2","N","0","0","39 59:23.613","","0","75 05:14.396","3","0","0","1","67301","0","0","0","N","0","0","0","2","68K01","0","","1.0","","1","N","N","N","0","","2","0","0","0","0","","718","2","2","0","0","0","0","0","2","0","2","0","0","0","3","03","","N","","","","","","","","","",""
"2021065447","1905","2","0","0","0","0","0","0","0","0","1","0","","67","7","2021","1","40.042929","-75.003135","1847","6","0","0","0","0","0","0","0","0","","0","0","0","18","1","2","N","0","1","40 02:34.543","1","0","75 00:11.286","3","0","0","0","67301","0","0","0","N","0","0","0","3","68K01","0","","1.0","1917.0","1","N","N","N","0","","2","0","0","0","0","N","1846","2","2","0","0","0","0","0","2","0","2","0","0","0","3","03","","N","","","","","","","","","",""
"2021089869","1339","1","0","0","0","0","0","0","0","0","5","1","","67","9","2021","2","39.914996","-75.148014","1326","6","0","0","0","0","0","0","0","0","","0","0","0","13","1","0","N","0","0","39 54:53.984","","0","75 08:52.850","0","0","0","0","67301","0","0","0","N","0","0","0","4","68K01","0","","2.0","","1","N","N","N","0","","0","0","0","0","0","","1320","2","0","0","0","0","0","0","2","1","2","0","0","0","3","03","","N","","","","","","","","","",""
"2021065427","2029","1","0","0","0","0","0","0","0","0","1","0","","67","7","2021","6","39.99445","-75.084209","2027","6","0","0","0","0","1","1","0","0","","0","0","0","20","1","0","N","0","1","39 59:40.020","2","0","75 05:03.154","0","0","0","0","67301","0","0","0","N","0","0","0","4","68K01","0","","1.0","2100.0","1","N","N","N","0","","0","0","2","0","0","N","2026","3","0","0","0","0","0","0","2","0","3","0","0","0","3","03","","N","","","","","","","","","",""
"2021059312","1830","3","0","0","0","0","0","0","0","0","4","0","","67","6","2021","6","40.074609","-75.035074","1816","6","0","0","0","0","0","0","0","1","","0","0","0","18","1","3","","1","0","40 04:28.594","","0","75 02:06.267","3","0","0","0","67301","0","0","0","N","0","0","0","6","67301","0","","1.0","","1","N","N","N","0","","3","0","0","3","1","","1805","3","3","0","0","0","0","0","2","0","3","0","0","0","3","03","","N","","","","","","","","","",""
"2021059259","435","2","0","0","0","0","0","0","0","0","1","0","","67","6","2021","5","40.077256","-75.043995","432","6","0","0","0","0","1","0","0","0","","0","0","0","4","3","1","N","0","0","40 04:38.121","","0","75 02:38.383","3","0","0","0","67301","0","0","0","N","0","0","0","2","67301","0","","1.0","","1","N","N","N","0","","1","0","0","0","0","","430","2","1","0","0","0","0","1","2","0","2","0","0","0","3","03","","N","","","","","","","","","",""
"2021084859","2225","2","0","0","0","0","0","0","0","0","1","0","","67","8","2021","6","39.996661","-75.082291","2216","6","0","0","0","0","0","0","1","0","","0","0","0","22","3","0","N","0","1","39 59:47.981","1","0","75 04:56.246","0","0","0","0","67301","0","0","0","N","0","0","0","2","68K01","0","","1.0","10.0","1","N","N","N","0","","0","0","0","0","0","N","2216","2","0","0","0","0","0","0","2","0","2","0","0","0","3","03","","N","","","","","","","","","",""
"2021070469","43","1","0","0","0","0","0","0","0","0","2","0","","67","7","2021","1","40.003478","-75.203128","31","6","0","0","0","0","0","1","0","0","","0","0","0","23","3","2","N","0","0","40 00:12.520","","0","75 12:11.260","3","0","0","0","67301","0","0","0","N","0","0","0","3","67301","0","","1.0","","1","N","N","N","1","","2","0","0","0","0","","2346","2","2","3","0","0","0","0","2","0","2","0","0","0","3","03","","N","","","","","","","","","",""
"2021088358","2152","2","0","0","0","0","0","0","0","0","4","0","","67","9","2021","1","40.055773","-75.158884","2150","6","0","0","0","0","0","0","0","0","","0","0","0","21","3","2","N","1","0","40 03:20.783","","0","75 09:31.984","3","0","0","0","67301","0","0","0","N","0","0","0","4","67301","0","","1.0","","1","N","N","N","0","","2","0","0","3","2","","2145","2","2","0","0","0","0","0","2","0","2","0","0","0","3","","","N","","","","","","","","","",""
"2021064330","1952","0","0","0","0","0","0","0","0","0","4","0","","67","7","2021","1","39.987021","-75.174392","1948","6","0","0","0","0","0","2","0","0","","0","0","0","19","1","9","","1","0","39 59:13.275","","0","75 10:27.811","3","0","0","0","67301","0","0","0","N","0","0","0","11","67301","0","","1.0","","1","N","N","N","0","","9","0","2","3","2","","1945","2","9","0","0","0","0","0","2","0","2","0","0","0","3","03","","N","","","","","","","","","",""
"2021070510","1820","0","0","0","1","0","1","0","0","0","8","0","","67","7","2021","3","40.017411","-75.140759","1817","6","0","0","0","0","0","0","0","0","","0","0","0","14","1","1","","2","0","40 01:02.679","","0","75 08:26.732","2","0","0","0","67301","1","0","1","N","0","0","0","2","67301","0","","1.0","","1","N","N","N","0","","0","1","1","3","3","","1421","2","1","0","0","0","0","0","2","0","1","1","0","1","3","03","","N","","","","","","","","","",""
"2021069920","2002","1","0","0","0","0","0","0","0","0","5","0","","67","7","2021","4","40.013197","-75.159629","2000","6","0","0","0","0","0","0","1","0","","0","0","0","19","4","1","N","0","0","40 00:47.508","","0","75 09:34.664","3","0","0","1","67301","0","0","0","N","0","0","0","2","67301","0","","1.0","","1","N","N","N","0","","1","0","0","0","0","","1945","2","1","1","0","0","0","1","2","0","2","0","0","0","3","03","","N","","","","","","","","","",""
"2021087947","1634","0","0","0","0","0","0","0","0","0","5","0","","67","8","2021","2","39.955029","-75.140763","1620","6","0","0","0","0","0","0","0","0","","0","0","0","16","1","0","N","0","0","39 57:18.104","","0","75 08:26.747","9","0","0","0","67301","0","0","0","N","0","0","0","2","68K01","0","","1.0","","1","N","N","N","0","","0","0","1","0","0","","1617","2","0","0","0","0","0","1","2","0","2","0","0","0","3","03","","N","","","","","","","","","",""
"2021088194","1510","1","0","0","0","0","0","1","0","0","1","1","","67","9","2021","5","40.089186","-75.021009","1508","6","0","0","0","0","0","1","0","0","","0","0","0","15","1","1","","1","0","40 05:21.068","","0","75 01:15.633","8","0","0","0","67301","0","0","0","N","0","0","0","2","67301","0","","1.0","","1","N","N","N","0","","0","0","0","3","2","","1508","2","1","0","0","0","1","0","2","0","2","0","0","0","3","03","","N","","","","","","","","","",""
"2021088868","840","0","0","0","1","0","0","0","0","0","8","0","","67","9","2021","2","40.034898","-75.10396","828","6","0","0","0","0","0","0","0","0","","0","0","0","8","1","1","","2","0","40 02:05.632","","0","75 06:14.256","3","0","0","0","67301","1","0","0","N","0","0","0","2","67301","0","","1.0","","1","N","N","N","0","","1","0","1","0","0","","822","2","1","0","0","0","0","0","2","0","1","1","0","0","3","","","N","","","","","","","","","",""
"2021062332","1641","1","0","0","0","0","0","0","0","0","7","0","","67","7","2021","7","40.035576","-75.016987","1623","6","0","0","0","0","0","0","0","0","","0","0","0","16","1","0","N","0","1","40 02:08.075","1","0","75 01:01.153","0","0","0","0","67301","0","0","0","N","0","0","0","2","68K01","0","","3.0","1700.0","9","N","N","N","0","","0","0","0","0","0","N","1617","1","0","0","0","0","0","0","2","0","1","0","0","0","7","","","N","","","","","","","","","",""
"2021064180","0510","1","0","0","0","0","0","0","0","0","6","0","","67","7","2021","7","40.040981","-75.069942","0446","6","0","0","0","0","0","0","0","0","","0","0","0","4","3","0","N","0","0","40 02:27.530","","0","75 04:11.790","0","0","0","0","67301","0","0","0","N","0","0","0","2","67301","0","","6.0","","1","N","N","N","0","","0","0","1","0","0","","437","2","0","0","0","0","0","0","2","0","2","0","0","0","3","","","N","","","","","","","","","",""
"2021064384","1500","1","0","0","0","0","0","0","0","0","5","0","","67","7","2021","5","40.038972","-75.150035","1500","6","0","0","0","1","0","0","0","0","","0","0","0","13","1","0","","1","0","40 02:20.299","","0","75 09:00.127","9","0","0","0","67301","0","0","0","N","0","0","0","2","67301","0","","1.0","","99","N","N","N","0","","0","0","1","3","2","","1300","2","0","2","0","0","0","1","2","0","2","0","0","0","99","","","N","","","","","","","","","",""
"2021061330","1154","2","0","0","0","0","0","0","0","0","5","0","","67","7","2021","6","40.007106","-75.151714","1145","6","0","0","0","0","0","0","0","0","","0","0","0","11","1","0","N","0","0","40 00:25.581","","0","75 09:06.169","9","0","0","0","67301","0","0","0","N","0","0","0","2","67505","0","","6.0","","1","N","N","N","0","","0","0","0","0","0","","1140","2","0","0","0","0","0","2","2","0","2","0","0","0","3","03","","N","","","","","","","","","",""
"2021064191","2230","2","0","0","0","0","0","0","0","0","4","0","","67","6","2021","4","39.93116","-75.144162","2229","6","0","0","0","0","0","0","0","0","","0","0","0","22","3","1","","2","0","39 55:52.177","","2","75 08:38.983","3","0","0","0","67301","0","0","0","N","0","0","0","3","67301","0","","1.0","","9","N","N","N","0","","1","0","0","3","2","","2200","2","1","0","0","0","0","0","2","0","2","0","0","0","7","07","","N","","","","","","","","","",""
"2021057938","1919","1","0","0","0","0","0","0","0","0","6","0","","67","6","2021","2","39.992574","-75.143581","1917","6","0","0","0","0","0","0","0","0","","0","0","0","19","1","0","N","0","0","39 59:33.267","","0","75 08:36.890","0","0","0","0","67301","0","0","0","N","0","0","0","1","67301","0","","6.0","","1","N","N","N","0","","0","0","1","0","0","","1915","2","0","1","0","0","0","0","2","0","2","0","0","0","3","03","","N","","","","","","","","","",""
"2021089002","0812","2","0","0","0","0","0","0","0","0","4","0","","67","9","2021","3","40.056987","-75.179694","0805","6","0","0","0","0","0","1","0","0","","0","0","0","7","1","1","","1","0","40 03:25.153","","0","75 10:46.898","3","0","0","0","67301","0","0","0","N","0","0","0","3","67301","0","","1.0","","1","N","N","N","0","","1","0","0","3","3","","757","2","1","0","0","0","0","0","2","0","2","0","0","0","3","03","","N","","","","","","","","","",""
"2021076279","1203","0","0","0","0","0","0","0","0","0","8","0","","67","7","2021","7","39.975686","-75.188819","1203","6","0","0","0","0","0","0","0","0","","0","0","0","22","6","1","N","0","0","39 58:32.471","","0","75 11:19.748","2","0","0","0","67301","1","0","1","N","1","0","1","2","67301","0","","1.0","","1","N","N","N","0","","0","1","1","0","0","","2238","2","1","0","0","0","0","0","2","0","1","1","0","1","99","","","N","","","","","","","","","",""
"2021087444","1652","1","0","0","0","0","0","1","0","0","2","1","","67","9","2021","5","39.977907","-75.163009","1637","6","0","0","0","0","0","0","0","0","","0","0","0","16","1","5","","1","0","39 58:40.465","","0","75 09:46.832","4","0","0","0","67301","0","0","0","N","0","0","0","6","67301","5","","1.0","","1","N","N","N","0","","0","0","0","3","2","","1600","2","5","0","0","0","0","0","2","0","2","0","0","0","4","04","","N","","","","","","","","","",""
"2021094591","2216","1","0","0","0","0","0","0","0","0","5","0","","67","10","2021","6","39.970475","-75.192855","2206","6","0","0","0","0","0","0","0","0","","0","0","0","22","3","3","N","0","2","39 58:13.711","4","0","75 11:34.277","3","0","0","0","67301","0","0","0","N","0","0","0","4","68K01","0","","1.0","2255.0","1","N","N","N","0","","3","0","1","0","0","N","2204","2","3","0","0","0","0","0","2","0","2","0","0","0","3","03","","N","","","","","","","","","",""
"2021071065","2356","2","0","0","0","0","0","0","0","0","4","0","","67","7","2021","4","39.962173","-75.229423","2348","6","0","0","0","0","0","0","0","0","","0","0","0","23","3","1","","1","0","39 57:43.822","","0","75 13:45.922","3","0","0","0","67301","0","0","0","N","0","0","0","2","67301","0","","1.0","","1","N","N","N","0","","1","0","1","3","3","","2348","4","1","0","0","0","0","1","2","1","4","0","0","0","3","","","N","","","","","","","","","",""
"2021064387","1540","2","0","0","0","0","0","0","0","0","1","0","","67","7","2021","5","40.026587","-75.159281","1540","6","0","0","0","0","0","1","0","0","","0","0","0","22","6","1","","2","0","40 01:35.713","","0","75 09:33.411","4","0","0","0","67301","0","0","0","N","0","0","0","2","67301","1","","1.0","","99","N","N","N","0","","0","0","0","0","0","","2220","2","1","2","0","0","0","1","2","0","2","0","0","0","99","","","N","","","","","","","","","",""
"2021070494","1831","2","0","0","0","0","0","0","0","0","4","0","","67","7","2021","3","39.991621","-75.100508","1831","6","0","0","0","0","0","1","0","0","","0","0","0","13","1","0","N","0","0","39 59:29.837","","7","75 06:01.829","0","0","0","0","67301","0","0","0","N","0","0","0","2","67301","0","","1.0","","1","N","N","N","0","","0","0","0","0","0","","1355","2","0","0","0","0","0","0","2","0","2","0","0","0","3","03","","N","","","","","","","","","",""
"2021087572","0950","0","0","0","0","0","0","1","0","0","5","1","","67","7","2021","5","40.011539","-75.060656","0935","6","0","0","0","0","0","0","0","0","","0","0","0","9","1","1","N","0","1","40 00:41.540","1","0","75 03:38.361","8","0","0","0","67301","0","0","0","N","0","0","0","2","68K01","0","","1.0","1030.0","1","Y","N","N","0","","0","0","1","0","0","Y","933","3","1","0","0","0","1","0","2","0","2","0","0","0","3","","","N","","","","","","","","","",""
"2021064183","0023","0","0","0","0","0","0","0","0","0","1","0","","67","7","2021","1","40.027804","-75.098648","0017","6","0","0","0","1","0","0","0","0","","0","0","0","0","3","1","","1","0","40 01:40.095","","0","75 05:55.134","3","0","0","0","67301","0","0","0","N","0","0","0","2","67301","0","","1.0","","9","N","N","N","1","","1","0","1","3","2","","16","2","1","0","0","0","0","0","2","0","2","0","0","0","3","","","N","","","","","","","","","",""
"2021071059","1140","1","0","0","0","0","0","0","0","0","4","0","","67","6","2021","6","39.974368","-75.239942","1134","6","0","0","0","0","0","0","0","0","","0","0","0","9","1","1","","1","0","39 58:27.724","","0","75 14:23.791","4","0","0","0","67301","0","0","0","N","0","0","0","2","67301","1","","1.0","","1","N","N","N","0","","0","0","0","3","3","","912","2","1","0","0","0","0","0","2","0","2","0","0","0","3","03","","N","","","","","","","","","",""
"2021069869","0241","2","0","0","0","0","0","0","0","0","5","0","","67","7","2021","1","39.950528","-75.246169","0239","6","0","0","0","0","0","0","0","0","","0","0","0","2","3","0","N","0","0","39 57:01.900","","0","75 14:46.210","0","0","0","0","67301","0","0","0","N","0","0","0","2","67301","0","","1.0","","9","N","N","N","0","","0","0","1","0","0","","238","3","0","0","0","0","0","0","2","0","3","0","0","0","7","","","N","","","","","","","","","",""
"2021064367","0820","2","0","0","0","0","0","0","0","0","5","0","","67","6","2021","7","40.034719","-75.139447","0814","6","0","0","0","0","0","1","0","0","","0","0","0","6","1","0","N","0","0","40 02:04.990","","0","75 08:22.010","0","0","0","0","67301","0","0","0","N","0","0","0","1","67301","0","","6.0","","1","N","N","N","0","","0","0","0","0","0","","643","2","0","0","0","0","0","0","2","0","2","0","0","0","3","03","","N","","","","","","","","","",""
"2021094710","0836","2","0","0","0","0","0","0","0","0","4","0","","67","10","2021","4","40.009868","-75.156024","0829","6","0","0","0","0","0","0","0","0","","0","0","0","7","1","1","","1","0","40 00:35.524","","0","75 09:21.688","3","0","0","0","67301","0","0","0","N","0","0","0","2","67301","0","","1.0","","1","N","N","N","0","","1","0","0","3","2","","743","2","1","0","0","0","0","0","2","0","2","0","0","0","3","","","N","","","","","","","","","",""
"2021058923","0629","1","0","0","0","0","0","0","0","0","7","0","","67","6","2021","4","39.881294","-75.246083","0613","6","0","0","0","0","0","0","0","0","","0","0","0","6","1","0","N","0","1","39 52:52.659","1","0","75 14:45.897","9","0","0","0","67301","0","0","0","Y","0","0","0","1","68K01","0","","3.0","700.0","1","N","N","N","0","","0","0","0","0","0","N","609","1","0","0","0","0","0","1","2","0","1","0","0","0","3","","","N","","","","","","","","","",""
"2021058491","0836","1","0","0","0","0","0","0","0","0","8","0","","67","6","2021","4","40.107585","-75.053737","0836","6","0","0","0","0","0","0","0","1","","0","0","0","8","1","1","","2","0","40 06:27.306","","0","75 03:13.453","3","0","0","0","67301","1","0","0","N","1","0","0","2","67301","0","","1.0","","1","N","N","N","0","","1","0","0","3","2","","836","2","1","0","0","0","0","0","2","0","1","1","0","0","3","","","N","","","","","","","","","",""
"2021069758","2045","2","0","0","0","0","0","0","0","0","1","0","","67","7","2021","5","39.914764","-75.154969","2032","6","0","0","0","0","0","0","0","0","","0","0","0","20","3","1","","2","0","39 54:53.150","","0","75 09:17.889","3","0","0","0","67301","0","0","0","N","0","0","0","2","67301","0","","1.0","","1","N","N","N","0","","1","0","0","3","2","","2031","2","1","0","0","0","0","0","2","0","2","0","0","0","3","03","","N","","","","","","","","","",""
"2021057263","1550","1","0","0","0","0","0","0","0","0","8","0","","67","6","2021","1","39.948174","-75.221196","1541","6","0","0","0","0","0","0","0","0","","0","0","0","15","1","1","","5","0","39 56:53.428","","0","75 13:16.307","4","0","0","0","67301","1","0","0","N","1","0","0","2","67301","1","","1.0","","1","N","N","N","0","","0","0","0","3","2","","1515","2","1","0","0","0","0","1","2","0","1","1","0","0","3","03","","N","","","","","","","","","",""
"2021083617","0537","2","0","0","0","0","0","0","0","0","4","0","","67","6","2021","7","39.954092","-75.222066","0535","6","0","0","0","0","0","1","0","0","","0","0","0","5","1","0","","1","0","39 57:14.731","","0","75 13:19.437","9","0","0","0","67301","0","0","0","N","0","0","0","2","67301","0","","1.0","","1","N","N","N","0","","0","0","2","3","2","","525","4","0","0","0","0","0","1","2","0","4","0","0","0","3","03","","N","","","","","","","","","",""
"2021083652","0248","0","0","0","0","0","0","0","0","0","5","1","","67","9","2021","5","40.050575","-75.122611","0244","6","0","0","0","0","0","0","0","0","","0","1","0","2","3","0","N","0","0","40 03:02.070","","0","75 07:21.400","9","0","0","0","67301","0","0","0","N","0","0","0","1","67301","0","","6.0","","9","N","N","N","0","","0","0","0","0","0","","224","4","0","0","0","0","0","1","2","3","4","0","0","0","3","03","","N","","","","","","","","","",""
"2021084812","0838","1","0","0","0","0","0","0","0","0","7","0","","67","9","2021","5","40.074207","-74.980089","0828","6","0","0","0","0","1","0","0","0","","0","0","0","8","1","1","N","0","0","40 04:27.146","","0","74 58:48.320","3","0","0","0","67301","0","0","0","N","0","0","0","1","67301","0","","4.0","","9","N","N","N","0","","1","0","0","3","8","","825","1","1","0","0","0","0","0","2","0","1","0","0","0","7","07","","N","","","","","","","","","",""
"2021064304","1730","0","0","0","0","0","0","0","0","0","7","0","","67","6","2021","5","39.97085","-75.261753","1727","6","0","0","0","0","0","0","0","0","","0","0","0","17","2","1","N","0","0","39 58:15.060","","0","75 15:42.310","3","0","0","0","67301","0","0","0","N","0","0","0","1","67301","0","","4.0","","1","N","N","N","0","","1","0","0","0","0","","1723","1","1","0","0","0","0","0","2","1","1","0","0","0","3","03","","N","","","","","","","","","",""
"2021070514","0915","1","0","0","0","0","0","0","0","0","1","0","","67","6","2021","7","40.0089","-75.150575","0915","6","0","0","0","0","0","0","0","0","","0","0","0","15","1","1","N","0","0","40 00:32.040","","0","75 09:02.070","8","0","0","0","67301","0","0","0","N","0","0","0","2","67301","0","","6.0","","1","N","N","N","0","","0","0","1","0","0","","1530","2","1","0","0","0","1","1","2","0","2","0","0","0","99","03","","N","","","","","","","","","",""
"2021084471","0641","1","0","0","0","0","0","0","0","0","7","0","","67","9","2021","2","40.040129","-75.006346","0632","6","0","0","0","0","0","0","0","0","","0","0","0","6","5","0","N","0","0","40 02:24.464","","0","75 00:22.847","0","0","0","0","67301","0","0","0","N","0","0","0","2","68K01","0","","3.0","","9","N","N","N","1","","0","0","0","0","0","","622","2","0","0","0","0","0","0","2","0","2","0","0","0","7","","","N","","","","","","","","","",""
"2021069833","1157","1","0","0","0","0","0","0","0","0","4","0","","67","7","2021","1","40.046278","-75.192355","1152","6","0","0","0","1","0","1","0","0","","0","0","0","10","1","0","","1","0","40 02:46.600","","0","75 11:32.477","0","0","0","0","67301","0","0","0","N","0","0","0","2","67301","0","","1.0","","1","N","N","N","1","","0","0","0","3","2","","1035","2","0","1","0","0","0","0","2","0","2","0","0","0","4","04","","N","","","","","","","","","",""
"2021083364","0601","2","0","0","0","0","0","0","0","0","6","0","","67","8","2021","7","40.061083","-75.028044","0549","6","0","0","0","0","0","0","0","0","","0","0","0","4","5","0","N","0","1","40 03:39.900","6","0","75 01:40.960","9","0","0","0","67301","0","0","0","N","0","0","0","1","67301","0","","6.0","620.0","9","N","N","N","1","","0","0","1","0","0","Y","454","4","0","0","0","0","0","1","2","0","4","0","0","0","7","07","","N","","","","","","","","","",""
"2021070406","1701","1","0","0","0","0","0","0","0","0","4","0","","67","7","2021","5","40.065639","-75.148989","1701","6","0","0","0","0","0","2","0","0","","0","0","0","16","1","1","","1","0","40 03:56.300","","0","75 08:56.360","3","0","0","0","67301","0","0","0","N","0","0","0","2","67301","0","","1.0","","1","N","N","N","0","","1","0","1","3","3","","1656","2","1","0","0","0","0","0","2","0","2","0","0","0","3","03","","N","","","","","","","","","",""
"2021083997","2330","1","0","0","0","0","0","1","0","0","1","1","","67","8","2021","1","40.005843","-75.096428","2320","6","0","0","0","0","0","0","0","0","","0","0","0","20","3","1","","1","0","40 00:21.036","","0","75 05:47.139","8","0","0","0","67301","0","0","0","N","0","0","0","2","67508","0","","1.0","","1","N","N","Y","0","","0","0","0","3","2","","2030","2","1","0","0","0","1","0","2","0","2","0","0","0","3","03","","N","","","","","","","","","",""
"2021083152","1656","4","0","0","0","0","0","0","0","0","4","1","","67","8","2021","3","40.021065","-75.157504","1646","6","0","0","0","0","0","1","0","0","","0","1","0","16","1","2","","1","2","40 01:15.835","5","0","75 09:27.016","3","0","0","0","67301","0","0","0","N","0","0","0","5","67301","1","","1.0","1720.0","1","N","N","N","0","","1","0","0","3","3","Y","1630","5","2","0","0","0","0","0","2","0","5","0","0","0","3","03","","N","","","","","","","","","",""
"2021071057","1520","1","0","0","0","0","0","0","0","0","4","0","","67","6","2021","7","39.988944","-75.232924","1520","6","0","0","0","0","0","1","0","0","","0","0","0","20","1","1","","1","0","39 59:20.198","","0","75 13:58.526","3","0","0","0","67301","0","0","0","N","0","0","0","2","67301","0","","1.0","","1","N","N","N","0","","1","0","0","3","2","","2008","2","1","0","0","0","0","1","2","0","2","0","0","0","3","","","N","","","","","","","","","",""
"2021061865","1009","0","0","0","0","0","0","0","0","0","1","0","","67","6","2021","6","39.927703","-75.19583","0956","6","0","0","0","0","0","1","0","0","","0","0","0","9","1","1","N","0","1","39 55:39.732","3","0","75 11:44.987","3","0","0","0","67301","0","0","0","N","0","0","0","2","68K01","0","","1.0","1025.0","1","N","N","N","1","","1","0","0","0","0","N","952","2","1","1","0","0","0","0","2","1","2","0","0","0","3","","","N","","","","","","","","","",""
"2021058297","1847","1","0","0","0","0","0","0","0","0","1","0","","67","6","2021","3","40.00736","-75.192597","1841","6","0","0","0","0","0","0","0","0","","0","0","0","18","1","1","N","0","0","40 00:26.497","","3","75 11:33.350","3","0","0","0","67301","0","0","0","N","0","0","0","2","67301","0","","1.0","","9","N","N","N","0","","1","0","1","0","0","","1814","2","1","0","0","0","0","0","2","0","2","0","0","0","4","","","N","","","","","","","","","",""
"2021057708","1010","2","0","0","0","0","0","0","0","0","1","0","","67","6","2021","1","39.962555","-75.210539","1009","6","0","0","0","0","0","0","1","0","","0","0","0","10","1","4","","2","0","39 57:45.199","","0","75 12:37.941","3","0","0","0","67301","0","0","0","N","0","0","0","6","67301","0","","1.0","","1","N","N","N","0","","4","0","1","3","2","","1005","3","4","0","0","0","0","0","2","0","3","0","0","0","3","03","","N","","","","","","","","","",""