"CRN","ARRIVAL_TM","AUTOMOBILE_COUNT","BELTED_DEATH_COUNT","BELTED_SUSP_SERIOUS_INJ_COUNT","BICYCLE_COUNT","BICYCLE_DEATH_COUNT","BICYCLE_SUSP_SERIOUS_INJ_COUNT","BUS_COUNT","CHLDPAS_DEATH_COUNT","CHLDPAS_SUSP_SERIOUS_INJ_COUNT","COLLISION_TYPE","COMM_VEH_COUNT","CONS_ZONE_SPD_LIM","COUNTY","CRASH_MONTH","CRASH_YEAR","DAY_OF_WEEK","DEC_LATITUDE","DEC_LONGITUDE","DISPATCH_TM","DISTRICT","DRIVER_COUNT_16YR","DRIVER_COUNT_17YR","DRIVER_COUNT_18YR","DRIVER_COUNT_19YR","DRIVER_COUNT_20YR","DRIVER_COUNT_50_64YR","DRIVER_COUNT_65_74YR","DRIVER_COUNT_75PLUS","EST_HRS_CLOSED","FATAL_COUNT","HEAVY_TRUCK_COUNT","HORSE_BUGGY_COUNT","HOUR_OF_DAY","ILLUMINATION","INJURY_COUNT","INTERSECTION_RELATED","INTERSECT_TYPE","LANE_CLOSED","LATITUDE","LN_CLOSE_DIR","LOCATION_TYPE","LONGITUDE","MAX_SEVERITY_LEVEL","MCYCLE_DEATH_COUNT","MCYCLE_SUSP_SERIOUS_INJ_COUNT","MOTORCYCLE_COUNT","MUNICIPALITY","NONMOTR_COUNT","NONMOTR_DEATH_COUNT","NONMOTR_SUSP_SERIOUS_INJ_COUNT","NTFY_HIWY_MAINT","PED_COUNT","PED_DEATH_COUNT","PED_SUSP_SERIOUS_INJ_COUNT","PERSON_COUNT","POLICE_AGCY","POSSIBLE_INJ_COUNT","RDWY_SURF_TYPE_CD","RELATION_TO_ROAD","ROADWAY_CLEARED","ROAD_CONDITION","SCH_BUS_IND","SCH_ZONE_IND","SECONDARY_CRASH","SMALL_TRUCK_COUNT","SPEC_JURIS_CD","SUSP_MINOR_INJ_COUNT","SUSP_SERIOUS_INJ_COUNT","SUV_COUNT","TCD_FUNC_CD","TCD_TYPE","TFC_DETOUR_IND","TIME_OF_DAY","TOTAL_UNITS","TOT_INJ_COUNT","UNBELTED_OCC_COUNT","UNB_DEATH_COUNT","UNB_SUSP_SERIOUS_INJ_COUNT","UNK_INJ_DEG_COUNT","UNK_INJ_PER_COUNT","URBAN_RURAL","VAN_COUNT","VEHICLE_COUNT","VULNERABLE_ROAD_USER_COUNT","VULNERABLE_ROAD_USER_DEATH_COUNT","VULNERABLE_ROAD_USER_SER_INJ_COUNT","WEATHER1","WEATHER2","WORKERS_PRES","WORK_ZONE_IND","WORK_ZONE_LOC","WORK_ZONE_TYPE","WZ_CLOSE_DETOUR","WZ_FLAGGER","WZ_LAW_OFFCR_IND","WZ_LN_CLOSURE","WZ_MOVING","WZ_OTHER","WZ_SHLDER_MDN","WZ_WORKERS_INJ_KILLED"
"2021058734","1855","1","0","0","0","0","0","0","0","0","4","0","","67","6","2021","5","40.058751","-75.050583","1845","6","0","0","0","0","0","0","0","0","","0","0","0","18","1","1","","1","0","40 03:31.504","","0","75 03:02.099","3","0","0","0","67301","0","0","0","N","0","0","0","4","67301","0","","1.0","","1","N","N","N","0","","1","0","0","3","3","","1835","2","1","0","0","0","0","0","2","1","2","0","0","0","3","03","","N","","","","","","","","","",""
"2021057173","0030","1","0","0","0","0","0","0","0","0","8","0","","67","6","2021","7","39.994404","-75.1582","0023","6","0","0","0","0","0","0","0","0","","0","0","0","0","3","1","N","0","2","39 59:39.853","6","0","75 09:29.521","2","0","0","0","67301","1","0","1","N","1","0","1","2","67301","0","","1.0","300.0","1","N","N","N","0","","0","1","0","0","0","Y","18","2","1","0","0","0","0","0","2","0","1","1","0","1","3","","","N","","","","","","","","","",""
"2021084209","2202","2","0","0","0","0","0","0","0","0","7","0","","67","9","2021","4","40.037624","-75.012436","2136","6","0","0","0","1","0","1","0","0","","0","0","0","21","3","0","N","0","0","40 02:15.447","","0","75 00:44.770","0","0","0","0","67301","0","0","0","N","0","0","0","3","68K01","0","","3.0","","9","N","N","N","0","","0","0","0","0","0","","2133","2","0","0","0","0","0","0","2","0","2","0","0","0","7","","","N","","","","","","","","","",""
"2021085385","0136","1","0","0","0","0","0","0","0","0","7","0","","67","9","2021","5","40.038264","-75.010673","0126","6","0","0","0","0","0","0","0","0","","0","0","0","1","3","0","N","0","0","40 02:17.749","","0","75 00:38.421","0","0","0","0","67301","0","0","0","N","0","0","0","1","68K01","0","","2.0","","9","N","N","N","0","","0","0","0","0","0","","125","1","0","0","0","0","0","0","2","0","1","0","0","0","4","","","N","","","","","","","","","",""
"2021085260","1925","1","0","0","0","0","0","0","0","0","7","0","","67","9","2021","3","39.957441","-75.15085","1914","6","0","0","0","0","0","0","0","0","","0","0","0","19","1","0","N","0","1","39 57:26.789","3","0","75 09:03.060","0","0","0","0","67301","0","0","0","N","0","0","0","1","68K01","0","","4.0","1945.0","1","N","N","N","0","","0","0","0","0","0","N","1913","1","0","0","0","0","0","0","2","0","1","0","0","0","3","03","","N","","","","","","","","","",""
"2021093414","2137","2","0","0","0","0","0","0","0","0","1","0","","67","9","2021","6","39.968513","-75.19109","2135","6","0","0","0","0","0","1","1","0","","0","0","0","21","3","0","N","0","1","39 58:06.646","4","0","75 11:27.924","0","0","0","0","67301","0","0","0","N","0","0","0","4","68K01","0","","1.0","2243.0","1","N","N","N","0","","0","0","2","0","0","Y","2124","4","0","0","0","0","0","0","2","0","4","0","0","0","3","","","N","","","","","","","","","",""
"2021074687","0905","0","0","0","0","0","0","0","0","0","7","0","","67","8","2021","3","39.922736","-75.241153","0905","6","0","0","0","0","0","0","0","0","","0","0","0","0","3","0","N","0","0","39 55:21.850","","0","75 14:28.150","9","0","0","0","67301","0","0","0","N","0","0","0","1","67301","0","","5.0","","99","N","N","N","0","","0","0","1","0","0","","30","1","0","0","0","0","0","1","2","0","1","0","0","0","3","","","N","","","","","","","","","",""
"2021119551","1205","2","0","0","0","0","0","0","0","0","1","0","","67","11","2021","7","39.958968","-75.17055","1156","6","0","0","0","0","0","2","0","0","","0","0","0","11","1","1","N","0","1","39 57:32.283","4","0","75 10:13.981","3","0","0","0","67301","0","0","0","N","0","0","0","6","68K01","0","","1.0","1208.0","1","N","N","N","0","","1","0","2","0","0","N","1154","4","1","0","0","0","0","1","2","0","4","0","0","0","3","","","N","","","","","","","","","",""
"2021070364","0150","1","0","0","0","0","0","0","0","0","5","0","","67","7","2021","7","39.92675","-75.1685","0145","6","0","0","0","0","0","0","0","0","","0","0","0","1","3","1","N","0","0","39 55:36.300","","0","75 10:06.600","3","0","0","1","67301","0","0","0","N","0","0","0","1","67301","0","","6.0","","1","N","N","Y","0","","1","0","1","0","0","","135","3","1","0","0","0","0","0","2","0","3","0","0","0","3","03","","N","","","","","","","","","",""
"2021083441","0730","2","0","0","0","0","0","0","0","0","4","0","","67","9","2021","5","40.0379","-75.04741","0713","6","0","0","0","0","0","0","0","0","","0","0","0","6","1","0","","1","1","40 02:16.440","1","0","75 02:50.675","0","0","0","0","67301","0","0","0","N","0","0","0","2","67301","0","","1.0","800.0","1","N","N","N","0","","0","0","0","3","3","N","644","2","0","0","0","0","0","0","2","0","2","0","0","0","3","","","N","","","","","","","","","",""
"2021058986","1742","1","0","0","0","0","0","0","0","0","1","0","","67","6","2021","6","40.08024","-75.207971","1740","6","0","0","0","0","0","1","0","0","","0","0","0","16","1","0","N","0","0","40 04:48.864","","0","75 12:28.694","0","0","0","0","67301","0","0","0","N","0","0","0","2","67301","0","","1.0","","1","N","N","N","1","","0","0","0","0","0","","1610","2","0","0","0","0","0","0","2","0","2","0","0","0","3","03","","N","","","","","","","","","",""
"2021057469","2059","1","0","0","0","0","0","0","0","0","4","0","","67","6","2021","1","40.013254","-75.159648","2053","6","0","0","0","0","0","0","0","0","","0","0","0","20","3","2","N","0","0","40 00:47.713","","7","75 09:34.733","8","0","0","0","67301","0","0","0","N","0","0","0","3","67301","0","","1.0","","1","N","N","N","0","","0","0","2","0","0","","2041","3","2","0","0","0","2","0","2","0","3","0","0","0","3","","","N","","","","","","","","","",""
"2021069861","1113","0","0","0","0","0","0","0","0","0","4","0","","67","7","2021","6","39.960198","-75.239082","1113","6","0","0","0","0","0","0","0","0","","0","0","0","11","1","1","","1","0","39 57:36.714","","0","75 14:20.695","3","0","0","1","67301","0","0","0","N","0","0","0","2","67301","0","","1.0","","1","N","N","N","0","","1","0","1","3","2","","1113","2","1","0","0","0","0","0","2","0","2","0","0","0","3","","","N","","","","","","","","","",""
"2021057130","0347","3","0","0","0","0","0","0","0","0","5","0","","67","6","2021","7","40.051337","-75.172581","0339","6","0","0","0","0","0","0","0","0","","0","0","0","3","3","1","N","0","0","40 03:04.812","","0","75 10:21.291","3","0","0","0","67301","0","0","0","N","0","0","0","1","67301","0","","6.0","","9","N","N","N","0","","1","0","0","0","0","","335","3","1","0","0","0","0","0","2","0","3","0","0","0","3","03","","N","","","","","","","","","",""
"2021064364","1257","2","0","0","0","0","0","0","0","0","1","0","","67","6","2021","6","40.033048","-75.116073","1257","6","0","0","0","0","0","0","0","0","","0","0","0","16","1","0","","1","0","40 01:58.974","","0","75 06:57.861","0","0","0","0","67301","0","0","0","N","0","0","0","2","67301","0","","1.0","","99","N","N","N","0","","0","0","0","3","2","","1600","2","0","0","0","0","0","0","2","0","2","0","0","0","99","","","N","","","","","","","","","",""
"2021064366","1410","0","0","0","0","0","0","0","0","0","8","0","","67","6","2021","6","40.029081","-75.146916","1410","6","0","0","0","0","0","1","0","0","","0","0","0","14","1","1","","1","0","40 01:44.692","","0","75 08:48.898","4","0","0","0","67301","1","0","0","N","1","0","0","2","67301","1","","1.0","","1","N","N","N","0","","0","0","1","3","1","","1410","2","1","0","0","0","0","0","2","0","1","1","0","0","3","03","","N","","","","","","","","","",""
"2021084278","2300","2","0","0","0","0","0","0","0","0","2","0","","67","7","2021","2","39.957694","-75.225348","2300","6","0","0","0","0","0","0","0","0","","0","0","0","23","3","0","","1","0","39 57:27.700","","99","75 13:31.251","0","0","0","0","67301","0","0","0","N","0","0","0","2","67301","0","","9.0","","1","N","N","N","0","","0","0","0","0","0","","2300","2","0","0","0","0","0","0","2","0","2","0","0","0","3","03","","N","","","","","","","","","",""
"2021083816","1530","1","0","0","0","0","0","0","0","0","8","0","","67","9","2021","5","39.996217","-75.16745","1524","6","0","0","0","0","0","0","0","0","","0","0","0","14","1","1","N","0","0","39 59:46.380","","0","75 10:02.820","3","0","0","0","67301","1","0","0","N","1","0","0","1","67301","0","","1.0","","1","N","Y","N","0","","1","0","0","0","0","","1421","2","1","0","0","0","0","0","2","0","1","1","0","0","3","","","N","","","","","","","","","",""
"2021059517","1643","0","0","0","0","0","0","0","0","0","7","0","","67","6","2021","6","40.077976","-75.210666","1643","6","0","0","0","0","0","0","0","0","","0","0","0","16","1","0","","1","0","40 04:40.713","","0","75 12:38.397","0","0","0","0","67301","0","0","0","N","0","0","0","2","67301","0","","4.0","","1","N","N","N","0","","0","0","2","3","2","","1640","2","0","0","0","0","0","0","2","0","2","0","0","0","3","03","","N","","","","","","","","","",""
"2021069849","0302","4","0","0","0","0","0","0","0","0","1","0","","67","7","2021","2","40.024081","-75.049067","0247","6","0","0","0","0","1","0","0","0","","0","0","0","2","3","1","N","0","0","40 01:26.690","","0","75 02:56.640","3","0","0","0","67301","0","0","0","N","0","0","0","3","67301","0","","1.0","","1","N","N","N","0","","1","0","0","0","0","","231","5","1","0","0","0","0","0","2","0","5","0","0","0","3","03","","N","","","","","","","","","",""
"2021058958","2040","3","0","0","0","0","0","0","0","0","4","0","","67","6","2021","3","39.948839","-75.238755","2029","6","0","0","0","0","0","0","0","0","","0","0","0","19","1","0","","1","0","39 56:55.820","","0","75 14:19.517","9","0","0","0","67301","0","0","0","N","0","0","0","2","67301","0","","1.0","","1","N","N","N","0","","0","0","0","3","3","","1945","3","0","0","0","0","0","1","2","0","3","0","0","0","3","03","","N","","","","","","","","","",""
"2021061415","0137","1","0","0","0","0","0","0","0","0","2","0","","67","6","2021","1","40.023878","-75.030991","0128","6","0","0","0","0","0","1","0","0","","0","0","0","1","3","2","N","0","2","40 01:25.961","1","2","75 01:51.566","8","0","0","0","67301","0","0","0","N","0","0","0","2","68K01","0","","1.0","215.0","1","N","N","N","0","","0","0","1","0","0","N","127","2","2","1","0","0","2","0","2","0","2","0","0","0","3","","","N","","","","","","","","","",""
"2021069930","1735","1","0","0","0","0","0","0","0","0","8","0","","67","7","2021","7","39.876933","-75.24655","1735","6","0","0","0","0","0","0","0","0","","0","0","0","16","1","1","N","0","0","39 52:36.960","","1","75 14:47.580","3","0","0","0","67301","1","0","0","N","1","0","0","2","67301","0","","6.0","","1","N","N","N","0","","1","0","0","0","0","","1653","2","1","0","0","0","0","0","2","0","1","1","0","0","3","","","N","","","","","","","","","",""
"2021064225","1317","1","0","0","0","0","0","0","0","0","4","0","","67","6","2021","2","39.937729","-75.228353","1316","6","0","0","0","0","0","1","0","0","","0","0","0","13","1","2","","1","0","39 56:15.824","","0","75 13:42.070","3","0","0","0","67301","0","0","0","N","0","0","0","5","67301","0","","1.0","","1","N","N","N","0","","2","0","1","3","2","","1310","2","2","0","0","0","0","0","2","0","2","0","0","0","3","03","","N","","","","","","","","","",""
"2021085109","0538","0","0","0","0","0","0","0","0","0","4","1","","67","9","2021","5","39.987821","-75.180584","0506","6","0","0","0","0","0","1","0","0","","0","0","0","3","3","1","","1","1","39 59:16.154","2","0","75 10:50.102","8","0","0","0","67301","0","0","0","N","0","0","0","3","67301","0","","1.0","642.0","8","N","N","N","1","","0","0","1","3","2","Y","358","2","1","0","0","0","1","2","2","0","2","0","0","0","7","98","","N","","","","","","","","","",""
"2021090838","1120","1","0","0","0","0","0","0","0","0","1","0","","67","9","2021","2","39.994375","-75.083981","1115","6","0","0","0","0","0","0","0","0","","0","0","0","11","1","0","N","0","1","39 59:39.751","1","0","75 05:02.330","9","0","0","0","67301","0","0","0","N","0","0","0","2","68K01","0","","1.0","1122.0","1","N","N","N","0","","0","0","0","0","0","N","1110","2","0","0","0","0","0","1","2","0","2","0","0","0","3","","","N","","","","","","","","","",""
"2021083406","0211","1","0","0","0","0","0","0","0","0","7","0","","67","9","2021","6","40.061294","-75.083506","0202","6","0","0","0","0","0","0","0","0","","0","0","0","2","3","2","","1","0","40 03:40.658","","0","75 05:00.623","3","0","0","0","67301","0","0","0","N","0","0","0","2","67301","0","","4.0","","1","N","N","N","0","","1","0","0","3","2","","200","1","2","0","0","0","1","0","2","0","1","0","0","0","3","03","","N","","","","","","","","","",""
"2021058371","1230","1","0","0","0","0","0","0","0","0","3","0","35","67","6","2021","4","39.91375","-75.183778","1224","6","0","0","0","0","0","1","0","0","","0","0","0","12","1","0","N","0","0","39 54:49.500","","3","75 11:01.600","0","0","0","0","67301","0","0","0","N","0","0","0","2","67501","0","","1.0","","1","N","N","N","1","","0","0","0","0","0","","1224","2","0","0","0","0","0","0","2","0","2","0","0","0","3","","Y","Y","3","1","","","N","Y","","","Y","N"
"2021085246","1128","2","0","0","0","0","0","0","0","0","1","0","","67","9","2021","5","39.967171","-75.132798","1032","6","0","0","0","0","0","0","0","0","","0","0","0","9","1","0","N","0","0","39 58:01.817","","0","75 07:58.072","0","0","0","0","67301","0","0","0","N","0","0","0","2","68K01","0","","1.0","","1","N","N","N","0","","0","0","0","0","0","","942","2","0","0","0","0","0","0","2","0","2","0","0","0","3","","","N","","","","","","","","","",""
"2021075052","0525","1","0","0","0","0","0","0","0","0","4","0","","67","7","2021","1","39.955352","-75.199952","0519","6","0","0","0","0","0","1","0","0","","0","0","0","5","3","0","","1","0","39 57:19.266","","0","75 11:59.826","0","0","0","0","67301","0","0","0","N","0","0","0","2","67504","0","","1.0","","1","N","N","N","0","","0","0","1","3","2","","519","2","0","0","0","0","0","0","2","0","2","0","0","0","3","03","","N","","","","","","","","","",""
"2021083766","1449","1","0","0","0","0","0","1","0","0","4","1","","67","9","2021","2","39.978904","-75.159573","1445","6","0","0","0","0","0","0","0","0","","0","0","0","14","1","1","","1","2","39 58:44.053","2","0","75 09:34.464","8","0","0","0","67301","0","0","0","N","0","0","0","2","67505","0","","1.0","1515.0","1","N","N","N","0","","0","0","0","3","2","Y","1442","3","1","0","0","0","1","1","2","0","3","0","0","0","3","03","","N","","","","","","","","","",""
"2021070448","0123","1","0","0","0","0","0","0","0","0","4","0","","67","7","2021","6","39.969664","-75.211523","0123","6","0","0","0","0","0","0","0","0","","0","0","0","23","3","1","","1","0","39 58:10.789","","0","75 12:41.484","3","0","0","0","67301","0","0","0","N","0","0","0","2","67301","0","","1.0","","1","N","N","N","0","","1","0","1","3","2","","2322","2","1","0","0","0","0","0","2","0","2","0","0","0","3","03","","N","","","","","","","","","",""
"2021058738","0337","1","0","0","0","0","0","0","0","0","8","0","","67","6","2021","1","40.015931","-75.153871","0333","6","0","0","0","0","0","0","0","0","","0","0","0","3","3","1","","1","1","40 00:57.350","4","0","75 09:13.935","3","0","0","0","67301","1","0","0","N","1","0","0","3","67301","0","","1.0","450.0","1","N","N","N","0","","1","0","0","3","1","N","330","2","1","0","0","0","0","0","2","0","1","1","0","0","3","03","","N","","","","","","","","","",""
"2021058634","2040","4","0","0","0","0","0","0","0","0","4","0","","67","6","2021","5","40.001585","-75.152798","2037","6","0","0","0","0","0","0","0","0","","0","0","0","20","1","4","","1","2","40 00:05.705","2","0","75 09:10.074","8","0","0","0","67301","0","0","0","N","0","0","0","6","67505","0","","1.0","2120.0","1","N","N","Y","0","","0","0","0","3","2","Y","2035","4","4","4","0","0","4","0","2","0","4","0","0","0","3","03","","N","","","","","","","","","",""
"2021075822","0142","2","0","0","0","0","0","0","0","0","4","0","","67","8","2021","7","39.915393","-75.149707","0142","6","0","0","2","0","0","0","0","0","","0","0","0","1","3","0","","1","0","39 54:55.414","","0","75 08:58.945","0","0","0","0","67301","0","0","0","N","0","0","0","2","67301","0","","1.0","","1","N","N","N","0","","0","0","0","3","3","","142","2","0","2","0","0","0","0","2","0","2","0","0","0","3","03","","N","","","","","","","","","",""
"2021075347","1533","1","0","0","1","0","1","0","0","0","8","0","","67","8","2021","4","40.057667","-75.149222","1533","6","0","0","0","0","0","0","0","0","","0","0","0","12","1","1","N","0","0","40 03:27.600","","0","75 08:57.200","2","0","0","0","67301","1","0","1","N","0","0","0","2","67301","0","","1.0","","1","N","N","N","0","","0","1","0","0","0","","1225","2","1","0","0","0","0","0","2","0","1","1","0","1","3","03","","N","","","","","","","","","",""
"2021109102","0912","2","0","0","0","0","0","0","0","0","5","0","","67","8","2021","2","39.955797","-75.203574","0910","6","0","1","0","0","0","0","0","0","","0","0","0","9","1","0","N","0","0","39 57:20.869","","0","75 12:12.866","0","0","0","0","67301","0","0","0","N","0","0","0","3","67504","0","","1.0","","1","N","N","N","0","","0","0","0","0","0","","910","2","0","0","0","0","0","0","2","0","2","0","0","0","3","03","","N","","","","","","","","","",""
"2021057500","0200","1","0","0","0","0","0","0","0","0","7","0","","67","6","2021","2","40.071399","-75.084343","0156","6","0","0","0","0","0","0","1","0","","0","0","0","1","3","0","","9","0","40 04:17.036","","0","75 05:03.635","0","0","0","0","67301","0","0","0","N","0","0","0","2","67301","0","","4.0","","1","N","N","N","0","","0","0","0","3","6","","155","1","0","0","0","0","0","0","2","0","1","0","0","0","3","03","","N","","","","","","","","","",""
"2021109862","1935","1","0","0","0","0","0","0","0","0","4","0","","67","8","2021","7","39.993744","-75.108661","1935","6","0","0","0","0","0","0","0","0","","0","0","0","19","1","0","","1","1","39 59:37.479","1","0","75 06:31.178","0","0","0","0","67301","0","0","0","N","0","0","0","2","67301","0","","1.0","820.0","1","N","N","N","0","","0","0","1","3","3","N","1930","2","0","0","0","0","0","0","2","0","2","0","0","0","3","03","","N","","","","","","","","","",""
"2021114606","","2","0","0","0","0","0","0","0","0","1","0","","67","5","2021","6","40.033146","-75.10696","","6","0","0","0","0","0","1","0","0","","0","0","0","9","1","1","","1","0","40 01:59.326","","0","75 06:25.057","8","0","0","0","67301","0","0","0","N","0","0","0","2","00000","0","","1.0","","1","N","N","N","0","","0","0","0","3","2","","930","2","1","0","0","0","1","0","2","0","2","0","0","0","3","","","N","","","","","","","","","",""
"2021078359","0234","1","0","0","0","0","0","0","0","0","7","0","","67","8","2021","1","40.004129","-75.177559","0233","6","0","0","0","0","0","0","0","0","","0","0","0","2","3","0","N","0","0","40 00:14.864","","0","75 10:39.211","0","0","0","0","67301","0","0","0","N","0","0","0","1","67301","0","","4.0","","1","N","N","N","0","","0","0","0","0","0","","233","2","0","0","0","0","0","0","2","1","2","0","0","0","3","03","","N","","","","","","","","","",""
"2021118063","0822","1","0","0","0","0","0","0","0","0","7","1","","67","11","2021","2","39.947047","-75.187876","0811","6","0","0","0","0","0","0","0","0","","0","1","0","8","1","2","N","0","1","39 56:49.369","4","1","75 11:16.353","4","0","0","0","67301","0","0","0","Y","0","0","0","3","68K01","1","","4.0","1115.0","1","N","N","N","0","","0","0","0","0","0","N","809","2","2","0","0","0","1","0","2","0","2","0","0","0","3","","","N","","","","","","","","","",""
"2021078406","0747","2","0","0","0","0","0","0","0","0","4","0","","67","8","2021","4","40.009244","-75.151133","0746","6","0","0","0","0","0","0","0","0","","0","0","0","6","1","2","","1","2","40 00:33.277","1","0","75 09:04.079","3","0","0","0","67301","0","0","0","N","0","0","0","3","67301","0","","1.0","915.0","1","N","N","N","0","","2","0","0","2","1","Y","626","2","2","0","0","0","0","0","2","0","2","0","0","0","3","03","","N","","","","","","","","","",""
"2021105705","","2","0","0","0","0","0","0","0","0","4","0","","67","7","2021","1","40.037831","-75.038048","","6","0","0","0","0","0","0","0","0","","0","0","0","18","1","2","","1","0","40 02:16.191","","0","75 02:16.971","8","0","0","0","67301","0","0","0","N","0","0","0","4","00000","0","","1.0","","1","N","N","N","0","","0","0","0","3","2","","1800","2","2","0","0","0","2","0","2","0","2","0","0","0","3","","","N","","","","","","","","","",""
"2021076780","1406","1","0","0","0","0","0","0","0","0","7","0","","67","8","2021","2","39.913528","-75.182139","1401","6","0","0","0","0","0","0","0","0","","0","0","0","14","1","0","N","0","1","39 54:48.700","3","3","75 10:55.700","0","0","0","0","67301","0","0","0","N","0","0","0","2","67501","0","","2.0","1438.0","1","N","N","N","0","","0","0","0","0","0","N","1401","1","0","0","0","0","0","0","2","0","1","0","0","0","3","","","N","","","","","","","","","",""
"2021118772","0754","3","0","0","0","0","0","0","0","0","4","0","","67","12","2021","1","40.056616","-75.013154","0754","6","0","0","0","0","0","0","0","0","","0","0","0","7","1","0","","1","1","40 03:23.817","4","0","75 00:47.353","0","0","0","0","67301","0","0","0","N","0","0","0","2","67301","0","","1.0","833.0","1","N","N","N","0","","0","0","0","3","2","N","751","3","0","2","0","0","0","0","2","0","3","0","0","0","3","03","","N","","","","","","","","","",""
"2021105785","","2","0","0","0","0","0","0","0","0","1","0","","67","7","2021","6","39.926459","-75.233085","","6","0","0","0","0","0","1","0","0","","0","0","0","19","1","1","","1","0","39 55:35.252","","0","75 13:59.106","8","0","0","0","67301","0","0","0","N","0","0","0","3","00000","0","","1.0","","1","N","N","N","0","","0","0","0","3","2","","1900","2","1","0","0","0","1","0","2","0","2","0","0","0","3","","","N","","","","","","","","","",""
"2021075100","1310","0","0","0","0","0","0","0","0","0","5","0","","67","8","2021","2","40.020759","-75.140347","1305","6","0","0","0","0","0","1","0","0","","0","0","0","12","1","2","N","0","0","40 01:14.732","","0","75 08:25.248","8","0","0","0","67301","1","0","0","N","1","0","0","3","67301","0","","1.0","","1","N","N","Y","0","","0","0","2","0","0","","1239","3","2","1","0","0","2","0","2","0","2","1","0","0","3","03","","N","","","","","","","","","",""
"2021077064","1705","1","0","0","0","0","0","0","0","0","1","0","","67","8","2021","3","40.123311","-75.000464","1659","6","0","0","0","0","0","0","0","0","","0","0","0","16","1","0","Y","0","0","40 07:23.920","","0","75 00:01.670","0","0","0","0","67301","0","0","0","N","0","0","0","2","67301","0","","1.0","","1","N","N","N","0","","0","0","1","3","3","","1624","2","0","0","0","0","0","0","2","0","2","0","0","0","3","03","","N","","","","","","","","","",""
"2021077176","1044","0","0","0","0","0","0","0","0","0","8","0","","67","8","2021","2","40.046806","-75.137528","1017","6","0","0","0","0","0","0","0","0","","0","0","0","9","1","1","","1","0","40 02:48.501","","0","75 08:15.099","8","0","0","0","67301","1","0","0","N","1","0","0","2","67301","0","","1.0","","1","N","N","N","0","","0","0","1","3","2","","955","2","1","0","0","0","1","0","2","0","1","1","0","0","4","","","N","","","","","","","","","",""
"2021075909","1543","1","0","0","0","0","0","0","0","0","4","0","","67","8","2021","7","40.003623","-75.181204","1540","6","0","0","0","0","0","1","0","0","","0","0","0","15","1","2","","5","0","40 00:13.043","","0","75 10:52.336","3","0","0","0","67301","0","0","0","N","0","0","0","2","67301","0","","1.0","","1","N","N","N","0","","2","0","0","3","2","","1530","2","2","0","0","0","0","0","2","1","2","0","0","0","3","03","","N","","","","","","","","","",""
"2021079520","0210","1","0","0","0","0","0","0","0","0","1","0","","67","8","2021","1","39.965621","-75.186094","0210","6","0","0","0","0","0","0","0","0","","0","0","0","2","3","1","N","0","2","39 57:56.234","4","0","75 11:09.938","3","0","0","0","67301","0","0","0","N","0","0","0","3","68K01","0","","1.0","315.0","1","N","N","Y","0","","1","0","1","0","0","N","210","2","1","0","0","0","0","0","2","0","2","0","0","0","3","","","N","","","","","","","","","",""
"2021076178","1623","1","0","0","0","0","0","0","0","0","4","0","","67","8","2021","1","40.042323","-75.025601","1623","6","0","0","0","0","0","0","0","0","","0","0","0","16","1","1","","1","0","40 02:32.362","","0","75 01:32.162","3","0","0","0","67301","0","0","0","N","0","0","0","4","67301","0","","1.0","","1","N","N","N","0","","1","0","1","3","2","","1621","2","1","0","0","0","0","0","2","0","2","0","0","0","3","","","N","","","","","","","","","",""
"2021105362","","2","0","0","0","0","0","0","0","0","1","0","","67","8","2021","4","39.94425","-75.154556","","6","0","0","0","0","0","1","0","0","","0","0","0","19","1","1","N","0","0","39 56:39.300","","0","75 09:16.400","3","0","0","0","67301","0","0","0","N","0","0","0","2","00000","0","","1.0","","1","N","N","N","0","","1","0","0","0","0","","1945","2","1","0","0","0","0","0","2","0","2","0","0","0","3","","","N","","","","","","","","","",""
"2021104845","","1","0","0","0","0","0","0","0","0","1","0","99","67","8","2021","2","39.918722","-75.209639","","6","0","0","0","0","0","1","0","0","","0","0","0","14","1","1","N","0","0","39 55:07.400","","0","75 12:34.700","8","0","0","0","67301","0","0","0","N","0","0","0","2","00000","0","","1.0","","1","N","N","N","0","","0","0","1","0","0","","1430","2","1","0","0","0","1","0","2","0","2","0","0","0","3","","U","Y","4","1","","","U","","","","","N"
"2021078611","1056","1","0","0","0","0","0","0","0","0","7","0","","67","8","2021","4","40.015886","-75.117296","1054","6","0","0","0","0","0","0","0","0","","0","0","0","10","1","1","","5","0","40 00:57.191","","0","75 07:02.267","3","0","0","0","67301","0","0","0","N","0","0","0","1","67301","0","","4.0","","1","N","N","N","0","","1","0","0","3","3","","1054","1","1","0","0","0","0","0","2","0","1","0","0","0","3","03","","N","","","","","","","","","",""
"2021077649","1923","1","0","0","0","0","0","0","0","0","4","0","","67","8","2021","3","39.94778","-75.229454","1912","6","0","0","0","0","0","0","0","0","","0","0","0","19","1","0","","1","0","39 56:52.009","","0","75 13:46.036","0","0","0","0","67301","0","0","0","N","0","0","0","2","67301","0","","1.0","","1","N","N","N","0","","0","0","1","3","2","","1903","2","0","0","0","0","0","0","2","0","2","0","0","0","4","04","","N","","","","","","","","","",""
"2021118510","1435","0","0","0","0","0","0","0","0","0","1","0","","67","12","2021","6","40.009679","-75.065279","1408","6","0","0","0","0","0","0","0","0","","0","0","0","13","1","0","N","0","0","40 00:34.846","","0","75 03:55.004","0","0","0","0","67301","0","0","0","N","0","0","0","5","68K01","0","","1.0","","1","N","N","N","0","","0","0","2","0","0","","1348","2","0","0","0","0","0","0","2","0","2","0","0","0","3","03","","N","","","","","","","","","",""