"CRN","ARRIVAL_TM","AUTOMOBILE_COUNT","BELTED_DEATH_COUNT","BELTED_SUSP_SERIOUS_INJ_COUNT","BICYCLE_COUNT","BICYCLE_DEATH_COUNT","BICYCLE_SUSP_SERIOUS_INJ_COUNT","BUS_COUNT","CHLDPAS_DEATH_COUNT","CHLDPAS_SUSP_SERIOUS_INJ_COUNT","COLLISION_TYPE","COMM_VEH_COUNT","CONS_ZONE_SPD_LIM","COUNTY","CRASH_MONTH","CRASH_YEAR","DAY_OF_WEEK","DEC_LATITUDE","DEC_LONGITUDE","DISPATCH_TM","DISTRICT","DRIVER_COUNT_16YR","DRIVER_COUNT_17YR","DRIVER_COUNT_18YR","DRIVER_COUNT_19YR","DRIVER_COUNT_20YR","DRIVER_COUNT_50_64YR","DRIVER_COUNT_65_74YR","DRIVER_COUNT_75PLUS","EST_HRS_CLOSED","FATAL_COUNT","HEAVY_TRUCK_COUNT","HORSE_BUGGY_COUNT","HOUR_OF_DAY","ILLUMINATION","INJURY_COUNT","INTERSECTION_RELATED","INTERSECT_TYPE","LANE_CLOSED","LATITUDE","LN_CLOSE_DIR","LOCATION_TYPE","LONGITUDE","MAX_SEVERITY_LEVEL","MCYCLE_DEATH_COUNT","MCYCLE_SUSP_SERIOUS_INJ_COUNT","MOTORCYCLE_COUNT","MUNICIPALITY","NONMOTR_COUNT","NONMOTR_DEATH_COUNT","NONMOTR_SUSP_SERIOUS_INJ_COUNT","NTFY_HIWY_MAINT","PED_COUNT","PED_DEATH_COUNT","PED_SUSP_SERIOUS_INJ_COUNT","PERSON_COUNT","POLICE_AGCY","POSSIBLE_INJ_COUNT","RDWY_SURF_TYPE_CD","RELATION_TO_ROAD","ROADWAY_CLEARED","ROAD_CONDITION","SCH_BUS_IND","SCH_ZONE_IND","SECONDARY_CRASH","SMALL_TRUCK_COUNT","SPEC_JURIS_CD","SUSP_MINOR_INJ_COUNT","SUSP_SERIOUS_INJ_COUNT","SUV_COUNT","TCD_FUNC_CD","TCD_TYPE","TFC_DETOUR_IND","TIME_OF_DAY","TOTAL_UNITS","TOT_INJ_COUNT","UNBELTED_OCC_COUNT","UNB_DEATH_COUNT","UNB_SUSP_SERIOUS_INJ_COUNT","UNK_INJ_DEG_COUNT","UNK_INJ_PER_COUNT","URBAN_RURAL","VAN_COUNT","VEHICLE_COUNT","VULNERABLE_ROAD_USER_COUNT","VULNERABLE_ROAD_USER_DEATH_COUNT","VULNERABLE_ROAD_USER_SER_INJ_COUNT","WEATHER1","WEATHER2","WORKERS_PRES","WORK_ZONE_IND","WORK_ZONE_LOC","WORK_ZONE_TYPE","WZ_CLOSE_DETOUR","WZ_FLAGGER","WZ_LAW_OFFCR_IND","WZ_LN_CLOSURE","WZ_MOVING","WZ_OTHER","WZ_SHLDER_MDN","WZ_WORKERS_INJ_KILLED"
"2021077105","2215","2","0","0","0","0","0","0","0","0","1","0","","67","8","2021","2","39.993153","-75.123836","2215","6","0","1","0","0","0","0","0","0","","0","0","0","22","3","1","N","0","0","39 59:35.350","","0","75 07:25.810","3","0","0","0","67301","0","0","0","N","0","0","0","2","67301","0","","6.0","","1","N","N","N","0","","1","0","0","0","0","","2215","3","1","1","0","0","0","0","2","1","3","0","0","0","3","03","","N","","","","","","","","","",""
"2021076141","0103","1","0","0","0","0","0","0","0","0","5","0","","67","8","2021","1","39.925036","-75.237997","0102","6","0","1","0","0","0","0","0","0","","0","0","0","1","3","2","N","0","2","39 55:30.130","6","0","75 14:16.790","3","0","0","0","67301","0","0","0","N","0","0","0","2","67301","0","","6.0","200.0","1","N","N","N","0","","2","0","1","3","3","Y","100","3","2","0","0","0","0","0","2","1","3","0","0","0","3","03","","N","","","","","","","","","",""
"2021075655","1922","1","0","0","0","0","0","0","0","0","5","0","","67","8","2021","4","39.930636","-75.190247","1920","6","0","0","0","0","0","0","0","0","","0","0","0","19","4","1","N","0","0","39 55:50.290","","0","75 11:24.890","3","0","0","0","67301","1","0","0","N","1","0","0","4","67301","0","","1.0","","1","N","N","N","0","","1","0","0","0","0","","1904","3","1","0","0","0","0","0","2","1","2","1","0","0","4","04","","N","","","","","","","","","",""
"2021076805","1004","0","0","0","0","0","0","0","0","0","8","0","","67","8","2021","3","40.037387","-75.039029","0948","6","0","0","0","0","0","0","0","0","","0","0","0","9","1","1","N","0","0","40 02:14.592","","0","75 02:20.504","3","0","0","0","67301","1","0","0","N","1","0","0","2","67301","0","","1.0","","1","N","N","N","0","","1","0","0","0","0","","900","2","1","0","0","0","0","0","2","1","1","1","0","0","4","","","N","","","","","","","","","",""
"2021120695","0127","0","0","0","0","0","0","0","0","0","7","0","","67","11","2021","5","39.996529","-75.082658","0125","6","0","0","0","0","0","0","0","0","","0","0","0","1","2","0","N","0","1","39 59:47.505","2","0","75 04:57.570","0","0","0","0","67301","0","0","0","N","0","0","0","1","68K01","0","","3.0","150.0","1","N","N","N","0","","0","0","1","0","0","N","124","1","0","0","0","0","0","0","2","0","1","0","0","0","3","","","N","","","","","","","","","",""
"2021057123","1753","0","0","0","0","0","0","0","0","0","4","0","","67","6","2021","7","39.918797","-75.223556","1750","6","0","0","0","0","0","0","0","0","","0","0","0","17","1","8","N","0","0","39 55:07.670","","7","75 13:24.800","3","0","0","0","67301","0","0","0","N","0","0","0","9","67301","5","","1.0","","1","N","N","N","0","","3","0","2","0","0","","1745","2","8","0","0","0","0","1","2","0","2","0","0","0","4","","","N","","","","","","","","","",""
"2021077426","1549","0","0","0","0","0","0","0","0","0","4","0","","67","8","2021","3","40.04324","-75.052268","1548","6","0","0","0","0","0","0","0","0","","0","0","0","15","1","1","","1","0","40 02:35.664","","0","75 03:08.163","8","0","0","0","67301","0","0","0","N","0","0","0","3","67301","0","","1.0","","1","N","N","N","1","","0","0","2","3","2","","1536","3","1","0","0","0","1","0","2","0","3","0","0","0","4","04","","N","","","","","","","","","",""
"2021073700","0147","1","0","0","0","0","0","0","0","0","4","0","","67","8","2021","1","39.958684","-75.239414","0145","6","0","0","0","0","0","0","0","0","","0","0","0","1","3","1","","1","0","39 57:31.261","","0","75 14:21.889","8","0","0","0","67301","0","0","0","N","0","0","0","3","67301","0","","1.0","","9","N","N","N","0","","0","0","1","3","2","","137","2","1","0","0","0","1","0","2","0","2","0","0","0","7","","","N","","","","","","","","","",""
"2021076162","0102","0","0","0","0","0","0","0","0","0","7","0","","67","8","2021","2","39.955503","-75.14813","0102","6","0","0","0","0","0","0","0","0","","0","0","0","1","3","0","N","0","1","39 57:19.811","4","2","75 08:53.267","0","0","0","0","67301","0","0","0","N","0","0","0","1","67501","0","","3.0","157.0","1","N","N","N","0","","0","0","1","0","0","N","102","1","0","0","0","0","0","0","2","0","1","0","0","0","3","03","","N","","","","","","","","","",""
"2021104143","2038","0","0","0","1","0","0","0","0","0","8","0","","67","8","2021","4","40.013043","-75.119472","2038","6","0","0","0","0","0","0","0","0","","0","0","0","20","3","1","","1","0","40 00:46.955","","0","75 07:10.098","3","0","0","0","67301","1","0","0","N","0","0","0","2","67301","0","","1.0","","1","N","N","N","0","","1","0","0","3","2","","2004","2","1","0","0","0","0","0","2","0","1","1","0","0","3","","","N","","","","","","","","","",""
"2021076533","2055","1","0","0","0","0","0","0","0","0","1","0","","67","8","2021","6","40.06126","-75.139824","2050","6","0","0","0","0","0","0","0","0","","0","0","0","20","3","2","","1","0","40 03:40.535","","0","75 08:23.366","3","0","0","0","67301","0","0","0","N","0","0","0","3","67301","0","","1.0","","1","N","N","N","0","","2","0","0","3","2","","2035","2","2","0","0","0","0","0","2","0","2","0","0","0","3","03","","N","","","","","","","","","",""
"2021044118","0147","1","0","0","0","0","0","0","0","0","5","0","","67","5","2021","7","39.987662","-75.155843","0145","6","0","0","0","0","0","0","0","0","","0","0","0","1","3","2","N","0","1","39 59:15.582","1","0","75 09:21.036","4","0","0","0","67301","0","0","0","N","0","0","0","3","67301","2","","1.0","237.0","1","N","N","N","0","","0","0","1","0","0","N","144","2","2","0","0","0","0","1","2","0","2","0","0","0","3","03","","N","","","","","","","","","",""
"2021071432","0846","1","0","0","0","0","0","0","0","0","4","0","","67","7","2021","7","40.015958","-75.0755","0843","6","0","0","0","0","0","0","0","0","","0","0","0","1","3","0","N","0","0","40 00:57.450","","0","75 04:31.800","9","0","0","0","67301","0","0","0","N","0","0","0","1","67301","0","","1.0","","1","N","N","N","0","","0","0","1","0","0","","134","2","0","0","0","0","0","1","2","0","2","0","0","0","3","03","","N","","","","","","","","","",""
"2021076057","1502","1","0","0","1","0","0","0","0","0","8","0","","67","8","2021","3","39.942788","-75.165633","1501","6","0","0","0","0","0","0","0","0","","0","0","0","6","1","1","","1","0","39 56:34.036","","0","75 09:56.277","4","0","0","0","67301","1","0","0","N","0","0","0","2","67301","1","","1.0","","1","N","N","N","0","","0","0","0","3","2","","630","2","1","0","0","0","0","0","2","0","1","1","0","0","3","03","","N","","","","","","","","","",""
"2021077177","1136","3","0","0","0","0","0","0","0","0","1","0","","67","8","2021","3","40.044413","-75.143452","1136","6","0","0","0","0","0","0","1","0","","0","0","0","11","1","0","","1","0","40 02:39.888","","0","75 08:36.428","0","0","0","0","67301","0","0","0","N","0","0","0","5","67301","0","","1.0","","1","N","N","N","0","","0","0","0","3","2","","1135","4","0","0","0","0","0","0","2","1","4","0","0","0","3","03","","N","","","","","","","","","",""
"2021076214","1147","0","0","0","0","0","0","0","0","0","4","0","","67","8","2021","7","39.966122","-75.231819","1143","6","0","0","0","0","0","0","1","0","","0","0","0","11","1","0","N","0","0","39 57:58.040","","7","75 13:54.550","0","0","0","0","67301","0","0","0","N","0","0","0","3","67301","0","","1.0","","1","N","N","N","0","","0","0","1","0","0","","1140","2","0","0","0","0","0","0","2","1","2","0","0","0","3","03","","N","","","","","","","","","",""
"2021078438","0630","0","0","0","0","0","0","0","0","0","6","0","","67","8","2021","3","39.985802","-75.215608","0620","6","0","0","0","0","0","0","0","0","","0","0","0","6","1","1","","1","0","39 59:08.888","","0","75 12:56.190","3","0","0","0","67301","0","0","0","N","0","0","0","2","67301","0","","1.0","","1","N","N","N","0","","1","0","1","3","2","","618","2","1","1","0","0","0","0","2","0","2","0","0","0","3","","","N","","","","","","","","","",""
"2021076534","2206","0","0","0","0","0","0","0","0","0","8","0","","67","8","2021","1","40.03145","-75.154773","2206","6","0","0","0","0","0","0","0","0","","0","0","0","20","4","1","","1","0","40 01:53.219","","0","75 09:17.182","3","0","0","0","67301","1","0","0","N","1","0","0","2","67301","0","","1.0","","1","N","N","N","0","","1","0","0","3","2","","2026","2","1","0","0","0","0","1","2","0","1","1","0","0","3","03","","N","","","","","","","","","",""
"2021105334","","1","0","0","0","0","0","0","0","0","1","0","","67","7","2021","6","39.898376","-75.210369","","6","0","0","0","0","1","0","0","0","","0","0","0","21","3","1","N","0","0","39 53:54.155","","3","75 12:37.329","8","0","0","0","67301","0","0","0","N","0","0","0","4","00000","0","","1.0","","1","N","N","Y","0","","0","0","2","0","0","","2100","4","1","0","0","0","1","0","2","0","4","0","0","0","3","","","N","","","","","","","","","",""
"2021120596","2345","1","0","0","0","0","0","0","0","0","4","1","","67","12","2021","5","40.089564","-75.033613","2334","6","0","0","0","1","0","0","0","0","","0","1","0","23","3","0","","2","0","40 05:22.431","","7","75 02:01.007","0","0","0","0","67301","0","0","0","N","0","0","0","2","67301","0","","1.0","","1","N","N","N","0","","0","0","0","0","0","","2325","2","0","0","0","0","0","0","2","0","2","0","0","0","3","03","","N","","","","","","","","","",""
"2021073976","0752","1","0","0","0","0","0","0","0","0","4","0","","67","8","2021","2","40.057794","-75.008743","0748","6","0","0","0","0","0","1","0","0","","0","0","0","7","1","0","","1","0","40 03:28.059","","0","75 00:31.473","0","0","0","0","67301","0","0","0","N","0","0","0","2","67301","0","","1.0","","1","N","N","N","0","","0","0","1","3","2","","740","2","0","0","0","0","0","0","2","0","2","0","0","0","3","03","","N","","","","","","","","","",""
"2021120627","1345","2","0","0","0","0","0","0","0","0","4","0","","67","12","2021","3","40.003185","-75.152576","1345","6","0","0","0","0","0","0","1","0","","0","0","0","21","3","1","","5","1","40 00:11.467","2","0","75 09:09.273","3","0","0","0","67301","0","0","0","N","0","0","0","2","67301","0","","1.0","2145.0","1","N","N","N","0","","1","0","0","3","2","U","2115","2","1","0","0","0","0","0","2","0","2","0","0","0","3","","","N","","","","","","","","","",""
"2021075849","0449","0","0","0","0","0","0","0","0","0","2","0","","67","8","2021","7","39.975237","-75.188732","0444","6","0","0","0","0","0","0","0","0","","0","0","0","4","3","2","N","0","0","39 58:30.854","","0","75 11:19.435","3","0","0","0","67301","0","0","0","N","0","0","0","2","67301","0","","1.0","","1","N","N","N","0","","2","0","2","0","0","","440","2","2","0","0","0","0","0","2","0","2","0","0","0","3","","","N","","","","","","","","","",""
"2021120651","1816","1","0","0","0","0","0","0","0","0","7","0","","67","12","2021","5","39.958753","-75.210594","1815","6","0","0","0","0","0","0","0","0","","0","0","0","18","3","1","N","0","0","39 57:31.510","","0","75 12:38.140","3","0","0","0","67301","0","0","0","N","0","0","0","1","67301","0","","5.0","","1","N","N","N","0","","1","0","0","0","0","","1814","1","1","0","0","0","0","0","2","0","1","0","0","0","3","03","","N","","","","","","","","","",""
"2021074991","2205","1","0","0","0","0","0","0","0","0","7","0","","67","8","2021","3","40.010536","-75.161177","2205","6","0","0","0","0","0","0","0","0","","0","0","0","22","3","0","N","0","0","40 00:37.929","","0","75 09:40.236","9","0","0","0","67301","0","0","0","N","0","0","0","1","67301","0","","5.0","","9","N","N","N","0","","0","0","0","0","0","","2200","1","0","0","0","0","0","1","2","0","1","0","0","0","3","03","","N","","","","","","","","","",""
"2021075987","1135","1","0","0","0","0","0","0","0","0","4","0","","67","8","2021","3","39.95762","-75.145687","1130","6","0","0","0","0","0","0","1","0","","0","0","0","11","1","2","","1","0","39 57:27.432","","0","75 08:44.473","4","0","0","0","67301","0","0","0","N","0","0","0","2","67301","1","","1.0","","1","N","N","N","0","","0","0","1","3","2","","1125","2","2","0","0","0","1","0","2","0","2","0","0","0","4","04","","N","","","","","","","","","",""
"2021088767","2355","0","0","0","0","0","0","0","0","0","4","0","","67","8","2021","4","39.960201","-75.239103","2355","6","0","0","0","0","0","0","0","0","","0","0","0","21","3","1","","1","0","39 57:36.724","","0","75 14:20.772","8","0","0","0","67301","0","0","0","N","0","0","0","2","67301","0","","1.0","","99","N","N","N","0","","0","0","2","3","2","","2133","2","1","0","0","0","1","1","2","0","2","0","0","0","99","98","","N","","","","","","","","","",""
"2021073812","1534","2","0","0","0","0","0","0","0","0","1","0","","67","8","2021","1","40.027283","-75.171129","1532","6","0","0","0","0","0","1","0","0","","0","0","0","15","1","1","N","0","0","40 01:38.217","","0","75 10:16.063","8","0","0","0","67301","0","0","0","N","0","0","0","1","67301","0","","6.0","","1","N","N","N","0","","0","0","0","0","0","","1527","2","1","0","0","0","1","0","2","0","2","0","0","0","3","","","N","","","","","","","","","",""
"2021075968","1151","3","0","0","0","0","0","0","0","0","4","0","","67","8","2021","5","39.967176","-75.205637","1150","6","0","0","0","1","0","0","0","0","","0","0","0","11","1","1","","1","0","39 58:01.833","","0","75 12:20.294","3","0","0","0","67301","0","0","0","N","0","0","0","2","67301","0","","1.0","","1","N","N","N","0","","1","0","0","3","2","","1141","3","1","1","0","0","0","0","2","0","3","0","0","0","3","03","","N","","","","","","","","","",""
"2021074843","1745","1","0","0","0","0","0","0","0","0","4","0","","67","8","2021","3","39.978705","-75.108634","1742","6","0","0","0","0","0","0","0","0","","0","0","0","16","1","1","","1","0","39 58:43.337","","0","75 06:31.082","3","0","0","0","67301","0","0","0","N","0","0","0","2","67301","0","","1.0","","1","N","N","N","1","","1","0","0","3","2","","1632","2","1","2","0","0","0","0","2","0","2","0","0","0","3","","","N","","","","","","","","","",""
"2021118145","0915","1","0","0","0","0","0","0","0","0","1","1","","67","12","2021","6","39.939766","-75.164142","0911","6","0","0","0","0","0","0","0","1","","0","1","0","9","1","3","","1","0","39 56:23.157","","0","75 09:50.911","8","0","0","0","67301","0","0","0","N","0","0","0","3","67301","0","","1.0","","1","N","N","N","0","","0","0","0","3","3","","909","2","3","0","0","0","3","0","2","0","2","0","0","0","3","","","N","","","","","","","","","",""
"2021119793","1545","5","0","0","0","0","0","0","0","0","5","0","","67","3","2021","5","40.062669","-75.042809","1533","6","0","0","0","0","0","1","0","0","","0","0","0","15","1","1","N","0","1","40 03:45.607","2","0","75 02:34.112","3","0","0","0","67301","0","0","0","N","0","0","0","6","67301","0","","1.0","1530.0","1","N","N","N","0","","1","0","1","0","0","N","1520","6","1","0","0","0","0","0","2","0","6","0","0","0","3","03","","N","","","","","","","","","",""
"2021120420","1601","1","0","0","0","0","0","0","0","0","4","1","","67","12","2021","4","40.025673","-75.031643","1549","6","0","0","0","0","0","0","0","0","","0","1","0","15","1","0","","1","0","40 01:32.421","","0","75 01:53.914","0","0","0","0","67301","0","0","0","N","0","0","0","2","67301","0","","1.0","","1","N","N","N","0","","0","0","0","3","2","","1548","2","0","0","0","0","0","0","2","0","2","0","0","0","4","","","N","","","","","","","","","",""
"2021075450","0744","1","0","0","0","0","0","0","0","0","4","0","","67","8","2021","4","39.982397","-75.186686","0723","6","0","0","0","1","0","0","0","0","","0","0","0","7","1","3","","1","2","39 58:56.629","6","0","75 11:12.069","2","0","0","0","67301","0","0","0","N","0","0","0","3","67301","0","","1.0","1015.0","1","N","N","N","0","","2","1","1","3","2","Y","711","2","3","0","0","0","0","0","2","0","2","0","0","0","3","03","","N","","","","","","","","","",""
"2021118427","2145","2","0","0","0","0","0","0","0","0","4","0","","67","12","2021","6","39.99566","-75.076706","2131","6","0","0","0","0","0","0","0","0","","0","0","0","21","3","0","N","0","0","39 59:44.376","","0","75 04:36.142","9","0","0","0","67301","0","0","0","N","0","0","0","1","67301","0","","4.0","","1","N","N","N","0","","0","0","0","0","0","","2131","2","0","0","0","0","0","1","2","0","2","0","0","0","3","","","N","","","","","","","","","",""
"2021105772","","1","0","0","0","0","0","0","0","0","4","0","","67","9","2021","4","40.062969","-75.202143","","6","0","0","1","0","0","0","0","0","","0","0","0","16","1","1","","2","0","40 03:46.688","","0","75 12:07.714","3","0","0","0","67301","0","0","0","N","0","0","0","2","00000","0","","1.0","","9","N","N","N","0","","1","0","1","0","0","","1650","2","1","0","0","0","0","0","2","0","2","0","0","0","7","","","N","","","","","","","","","",""
"2021077171","1208","2","0","0","0","0","0","0","0","0","4","0","","67","8","2021","4","40.025663","-75.154196","1208","6","0","0","0","0","0","0","1","0","","0","0","0","12","1","1","","1","0","40 01:32.386","","0","75 09:15.105","3","0","0","0","67301","0","0","0","N","0","0","0","2","67301","0","","1.0","","1","N","N","N","0","","1","0","0","3","2","","1204","2","1","0","0","0","0","1","2","0","2","0","0","0","3","03","","N","","","","","","","","","",""
"2021076047","0000","1","0","0","0","0","0","0","0","0","2","0","","67","8","2021","7","40.112897","-75.004508","2350","6","0","0","0","1","0","0","0","0","","0","0","0","23","3","6","N","0","1","40 06:46.430","3","0","75 00:16.230","8","0","0","0","67301","0","0","0","N","0","0","0","6","67301","0","","1.0","200.0","1","N","N","N","0","","0","0","1","0","0","N","2345","2","6","0","0","0","6","0","2","0","2","0","0","0","3","03","","N","","","","","","","","","",""
"2021119044","2214","1","0","0","0","0","0","0","0","0","7","0","","67","11","2021","7","40.051738","-74.988311","2200","6","0","0","1","0","0","0","0","0","","0","0","0","21","3","0","N","0","0","40 03:06.257","","0","74 59:17.919","0","0","0","0","67301","0","0","0","Y","0","0","0","3","68K01","0","","4.0","","1","N","N","Y","0","","0","0","1","0","0","","2158","2","0","0","0","0","0","0","2","0","2","0","0","0","3","03","","N","","","","","","","","","",""
"2021074719","0207","1","0","0","0","0","0","0","0","0","1","0","","67","8","2021","4","39.994051","-75.241624","0204","6","0","0","0","0","0","0","0","0","","0","0","0","1","3","2","","2","0","39 59:38.583","","0","75 14:29.847","4","0","0","0","67301","0","0","0","N","0","0","0","3","67301","2","","1.0","","1","N","N","N","0","","0","0","1","3","2","","155","2","2","1","0","0","0","0","2","0","2","0","0","0","3","","","N","","","","","","","","","",""
"2021118388","0958","0","0","0","0","0","0","0","0","0","7","0","","67","11","2021","5","39.948155","-75.186219","0953","6","0","0","0","0","0","0","0","0","","0","0","0","9","1","0","N","0","1","39 56:53.358","4","0","75 11:10.389","0","0","0","0","67301","0","0","0","N","0","0","0","1","68K01","0","","4.0","1010.0","1","N","N","N","0","","0","0","1","0","0","N","951","1","0","0","0","0","0","0","2","0","1","0","0","0","3","","","N","","","","","","","","","",""
"2021072337","1622","1","0","0","0","0","0","0","0","0","4","0","","67","7","2021","1","40.027617","-75.028389","1617","6","0","0","0","0","0","0","1","0","","1","0","0","16","1","3","N","0","0","40 01:39.420","","0","75 01:42.201","1","0","0","0","67301","0","0","0","N","0","0","0","4","67301","0","2","1.0","","1","N","N","N","0","0","0","0","1","0","0","","1616","2","3","0","0","0","3","0","2","0","2","0","0","0","3","03","","N","","","","","","","","","",""
"2021047526","0508","1","0","0","0","0","0","0","0","0","5","0","","67","5","2021","1","40.016521","-75.189019","0505","6","0","0","0","0","0","0","0","0","","0","0","0","3","3","0","N","0","0","40 00:59.476","","0","75 11:20.470","0","0","0","0","67301","0","0","0","N","0","0","0","1","67301","0","","6.0","","1","N","N","N","0","","0","0","1","0","0","","356","2","0","0","0","0","0","0","2","0","2","0","0","0","3","03","","N","","","","","","","","","",""
"2021042923","1500","3","0","0","0","0","0","0","0","0","4","0","","67","5","2021","4","39.983189","-75.156819","1457","6","0","0","0","0","0","0","1","0","","0","0","0","14","1","1","","1","0","39 58:59.480","","0","75 09:24.548","3","0","0","0","67301","0","0","0","N","0","0","0","3","67505","0","","1.0","","1","N","N","N","0","","1","0","0","3","2","","1455","3","1","0","0","0","0","0","2","0","3","0","0","0","3","03","","N","","","","","","","","","",""
"2021071269","0902","1","0","0","0","0","0","0","0","0","4","0","","67","7","2021","7","39.990981","-75.12465","0845","6","0","0","0","0","0","0","0","0","","0","0","0","8","1","0","N","0","0","39 59:27.530","","0","75 07:28.740","0","0","0","0","67301","0","0","0","N","0","0","0","1","67301","0","","1.0","","1","N","N","N","0","","0","0","1","0","0","","843","2","0","1","0","0","0","0","2","0","2","0","0","0","3","04","","N","","","","","","","","","",""
"2021119799","1000","1","0","0","0","0","0","0","0","0","1","1","","67","6","2021","5","40.006969","-75.193097","0914","6","0","0","0","0","0","1","0","0","","0","1","0","9","1","0","N","0","1","40 00:25.089","2","3","75 11:35.148","0","0","0","0","67301","0","0","0","N","0","0","0","4","67301","0","","1.0","1100.0","1","N","N","N","1","","0","0","0","0","0","N","911","3","0","0","0","0","0","0","2","0","3","0","0","0","3","03","","N","","","","","","","","","",""
"2021077123","2140","1","0","0","0","0","0","0","0","0","4","0","","67","8","2021","1","39.982549","-75.122701","2140","6","0","0","0","0","0","0","0","0","","0","0","0","21","2","0","","1","0","39 58:57.176","","0","75 07:21.723","0","0","0","0","67301","0","0","0","N","0","0","0","2","67301","0","","1.0","","1","N","N","N","0","","0","0","0","3","3","","2139","2","0","0","0","0","0","0","2","1","2","0","0","0","3","03","","N","","","","","","","","","",""
"2021073084","1948","1","0","1","0","0","0","0","0","0","1","0","","67","8","2021","4","40.026327","-75.097388","1947","6","0","0","0","0","0","1","0","0","","0","0","0","8","1","2","Y","0","0","40 01:34.777","","0","75 05:50.597","2","0","0","0","67301","0","0","0","N","0","0","0","2","67301","0","","1.0","","1","N","N","N","0","","0","1","0","3","2","","800","2","2","0","0","0","1","0","2","0","2","0","0","0","3","03","","N","","","","","","","","","",""
"2021042744","1255","2","0","0","0","0","0","0","0","0","4","0","","67","5","2021","4","39.984437","-75.156547","0045","6","0","0","0","0","0","0","0","0","","0","0","0","0","3","0","N","0","1","39 59:03.973","2","7","75 09:23.568","0","0","0","0","67301","0","0","0","N","0","0","0","2","67505","0","","1.0","110.0","1","","","N","0","","0","0","0","0","0","N","40","2","0","0","0","0","0","0","2","0","2","0","0","0","3","98","","N","","","","","","","","","",""
"2021052649","2338","1","0","0","0","0","0","0","0","0","7","0","","67","5","2021","1","39.955489","-75.148111","2337","6","0","0","0","0","0","0","0","0","","0","0","0","23","3","0","N","0","1","39 57:19.762","4","2","75 08:53.200","0","0","0","0","67301","0","0","0","N","0","0","0","5","67501","0","","4.0","19.0","1","N","N","N","0","","0","0","1","0","0","N","2336","2","0","0","0","0","0","0","2","0","2","0","0","0","3","","","N","","","","","","","","","",""
"2021118371","1751","0","0","0","0","0","0","0","0","0","5","0","","67","10","2021","1","39.8817","-75.246123","1746","6","0","0","0","0","0","1","0","0","","0","0","0","17","1","0","N","0","0","39 52:54.120","","0","75 14:46.044","0","0","0","0","67301","0","0","0","N","0","0","0","2","68K01","0","","1.0","","1","N","N","N","1","","0","0","1","0","0","","1728","2","0","0","0","0","0","0","2","0","2","0","0","0","3","","","N","","","","","","","","","",""
"2021042057","1506","5","0","0","0","0","0","0","0","0","5","0","","67","5","2021","2","39.962111","-75.188278","1502","6","0","0","0","0","0","0","0","0","","0","0","0","14","1","1","N","0","0","39 57:43.600","","0","75 11:17.800","3","0","0","0","67301","0","0","0","N","0","0","0","1","67507","0","","6.0","","1","N","N","Y","0","","1","0","1","0","0","","1458","6","1","0","0","0","0","0","2","0","6","0","0","0","3","","","N","","","","","","","","","",""
"2021077888","1325","0","0","0","0","0","0","0","0","0","1","2","","67","8","2021","5","40.057794","-75.008743","1314","6","0","0","0","0","0","2","0","0","","0","2","0","13","1","1","","1","2","40 03:28.059","2","0","75 00:31.473","4","0","0","0","67301","0","0","0","N","0","0","0","3","67301","1","","1.0","1600.0","1","N","N","N","0","","0","0","1","3","2","N","1308","3","1","0","0","0","0","0","2","0","3","0","0","0","3","03","","N","","","","","","","","","",""
"2021076270","0212","1","0","0","0","0","0","0","0","0","4","0","","67","8","2021","6","39.937923","-75.23392","0202","6","0","0","0","0","0","0","0","0","","0","0","0","1","3","1","","1","0","39 56:16.524","","0","75 14:02.111","3","0","0","0","67301","0","0","0","N","0","0","0","3","67301","0","","1.0","","1","N","N","N","0","","1","0","1","3","2","","140","2","1","0","0","0","0","0","2","0","2","0","0","0","3","03","","N","","","","","","","","","",""
"2021078357","0235","2","0","0","0","0","0","0","0","0","6","0","","67","8","2021","3","40.022582","-75.178159","0229","6","0","0","0","0","0","0","0","0","","0","0","0","2","3","2","","1","2","40 01:21.296","7","3","75 10:41.374","2","0","0","0","67301","0","0","0","N","0","0","0","4","67301","0","","1.0","430.0","9","N","N","N","0","","1","1","0","3","1","Y","227","2","2","0","0","0","0","0","2","0","2","0","0","0","7","","","N","","","","","","","","","",""
"2021119590","1744","0","0","0","0","0","0","0","0","0","1","0","","67","11","2021","2","39.982439","-75.099875","1734","6","0","0","0","0","0","0","0","0","","0","0","0","17","3","0","N","0","1","39 58:56.781","1","0","75 05:59.549","0","0","0","0","67301","0","0","0","N","0","0","0","4","68K01","0","","1.0","1750.0","1","N","N","N","0","","0","0","2","0","0","N","1733","3","0","0","0","0","0","0","2","1","3","0","0","0","3","03","","N","","","","","","","","","",""
"2021045291","0925","0","0","0","0","0","0","0","0","0","4","0","","67","5","2021","6","40.029898","-75.087801","0920","6","0","0","0","0","0","0","1","0","","0","0","0","9","1","4","","1","2","40 01:47.633","7","0","75 05:16.085","3","0","0","0","67301","0","0","0","N","0","0","0","4","67301","0","","1.0","100.0","1","N","N","N","0","","4","0","2","3","2","Y","915","3","4","0","0","0","0","0","2","1","3","0","0","0","3","","","N","","","","","","","","","",""