"CRN","ARRIVAL_TM","AUTOMOBILE_COUNT","BELTED_DEATH_COUNT","BELTED_SUSP_SERIOUS_INJ_COUNT","BICYCLE_COUNT","BICYCLE_DEATH_COUNT","BICYCLE_SUSP_SERIOUS_INJ_COUNT","BUS_COUNT","CHLDPAS_DEATH_COUNT","CHLDPAS_SUSP_SERIOUS_INJ_COUNT","COLLISION_TYPE","COMM_VEH_COUNT","CONS_ZONE_SPD_LIM","COUNTY","CRASH_MONTH","CRASH_YEAR","DAY_OF_WEEK","DEC_LATITUDE","DEC_LONGITUDE","DISPATCH_TM","DISTRICT","DRIVER_COUNT_16YR","DRIVER_COUNT_17YR","DRIVER_COUNT_18YR","DRIVER_COUNT_19YR","DRIVER_COUNT_20YR","DRIVER_COUNT_50_64YR","DRIVER_COUNT_65_74YR","DRIVER_COUNT_75PLUS","EST_HRS_CLOSED","FATAL_COUNT","HEAVY_TRUCK_COUNT","HORSE_BUGGY_COUNT","HOUR_OF_DAY","ILLUMINATION","INJURY_COUNT","INTERSECTION_RELATED","INTERSECT_TYPE","LANE_CLOSED","LATITUDE","LN_CLOSE_DIR","LOCATION_TYPE","LONGITUDE","MAX_SEVERITY_LEVEL","MCYCLE_DEATH_COUNT","MCYCLE_SUSP_SERIOUS_INJ_COUNT","MOTORCYCLE_COUNT","MUNICIPALITY","NONMOTR_COUNT","NONMOTR_DEATH_COUNT","NONMOTR_SUSP_SERIOUS_INJ_COUNT","NTFY_HIWY_MAINT","PED_COUNT","PED_DEATH_COUNT","PED_SUSP_SERIOUS_INJ_COUNT","PERSON_COUNT","POLICE_AGCY","POSSIBLE_INJ_COUNT","RDWY_SURF_TYPE_CD","RELATION_TO_ROAD","ROADWAY_CLEARED","ROAD_CONDITION","SCH_BUS_IND","SCH_ZONE_IND","SECONDARY_CRASH","SMALL_TRUCK_COUNT","SPEC_JURIS_CD","SUSP_MINOR_INJ_COUNT","SUSP_SERIOUS_INJ_COUNT","SUV_COUNT","TCD_FUNC_CD","TCD_TYPE","TFC_DETOUR_IND","TIME_OF_DAY","TOTAL_UNITS","TOT_INJ_COUNT","UNBELTED_OCC_COUNT","UNB_DEATH_COUNT","UNB_SUSP_SERIOUS_INJ_COUNT","UNK_INJ_DEG_COUNT","UNK_INJ_PER_COUNT","URBAN_RURAL","VAN_COUNT","VEHICLE_COUNT","VULNERABLE_ROAD_USER_COUNT","VULNERABLE_ROAD_USER_DEATH_COUNT","VULNERABLE_ROAD_USER_SER_INJ_COUNT","WEATHER1","WEATHER2","WORKERS_PRES","WORK_ZONE_IND","WORK_ZONE_LOC","WORK_ZONE_TYPE","WZ_CLOSE_DETOUR","WZ_FLAGGER","WZ_LAW_OFFCR_IND","WZ_LN_CLOSURE","WZ_MOVING","WZ_OTHER","WZ_SHLDER_MDN","WZ_WORKERS_INJ_KILLED"
"2021117997","","1","0","0","0","0","0","0","0","0","4","0","","67","5","2021","2","39.962866","-75.197294","","6","0","0","0","0","0","0","1","0","","0","0","0","14","1","1","","1","0","39 57:46.318","","0","75 11:50.257","8","0","0","0","67301","0","0","0","N","0","0","0","2","00000","0","","1.0","","1","N","N","N","0","","0","0","0","3","3","","1430","2","1","0","0","0","1","0","2","0","2","0","0","0","3","","","N","","","","","","","","","",""
"2021077062","2009","1","0","0","0","0","0","0","0","0","5","0","","67","8","2021","7","40.071164","-75.058008","2006","6","0","0","0","0","0","0","0","0","","0","0","0","20","3","0","N","0","0","40 04:16.190","","0","75 03:28.830","0","0","0","0","67301","0","0","0","N","0","0","0","1","67301","0","","6.0","","1","N","N","N","0","","0","0","1","0","0","","2000","2","0","1","0","0","0","0","2","0","2","0","0","0","3","","","N","","","","","","","","","",""
"2021088768","0231","2","0","0","0","0","0","0","0","0","4","0","","67","8","2021","5","39.961674","-75.244871","0230","6","0","0","0","0","0","0","0","0","","0","0","0","1","3","1","","1","0","39 57:42.026","","0","75 14:41.535","8","0","0","0","67301","0","0","0","N","0","0","0","3","67301","0","","1.0","","1","N","N","N","0","","0","0","1","3","3","","130","4","1","0","0","0","1","1","2","1","4","0","0","0","3","03","","N","","","","","","","","","",""
"2021071868","0735","2","0","0","0","0","0","0","0","0","5","0","","67","5","2021","6","39.905027","-75.195598","0730","6","0","0","0","0","0","1","0","0","","0","0","0","7","1","1","N","0","1","39 54:18.098","6","3","75 11:44.153","3","0","0","0","67301","0","0","0","N","0","0","0","2","67301","0","","1.0","800.0","1","N","N","N","0","","1","0","0","0","0","N","710","2","1","0","0","0","0","0","2","0","2","0","0","0","3","03","","N","","","","","","","","","",""
"2021048995","1539","0","0","0","0","0","0","0","0","0","8","0","","67","5","2021","6","39.996967","-75.117401","1534","6","0","0","0","0","0","0","0","0","","0","0","0","15","1","1","","1","0","39 59:49.080","","0","75 07:02.645","3","0","0","0","67301","1","0","0","N","1","0","0","2","67301","0","","1.0","","1","N","N","N","0","","1","0","0","3","2","","1523","2","1","1","0","0","0","0","2","1","1","1","0","0","3","","","N","","","","","","","","","",""
"2021047246","1758","2","0","0","0","0","0","0","0","0","1","0","","67","5","2021","1","40.006455","-75.215193","1758","6","0","0","0","0","0","0","0","0","","0","0","0","17","1","3","N","0","0","40 00:23.239","","0","75 12:54.695","3","0","0","0","67301","0","0","0","N","0","0","0","4","67301","0","","1.0","","1","N","N","N","0","","2","0","0","0","0","","1758","2","3","0","0","0","1","0","2","0","2","0","0","0","3","","","N","","","","","","","","","",""
"2021043745","1800","1","0","0","0","0","0","0","0","0","7","0","","67","5","2021","4","39.958306","-75.141203","1721","6","0","0","0","0","0","0","0","0","","0","0","0","17","1","0","N","0","1","39 57:29.900","2","0","75 08:28.332","0","0","0","0","67301","0","0","0","N","0","0","0","2","68K01","0","","2.0","1805.0","1","N","N","N","0","","0","0","0","0","0","N","1720","2","0","0","0","0","0","0","2","0","1","0","0","0","3","03","","N","","","","","","","","","",""
"2021041591","0518","2","0","0","0","0","0","0","0","0","1","0","","67","5","2021","7","40.019414","-75.116114","0512","6","0","0","0","0","0","0","0","0","","0","0","0","4","8","0","N","0","0","40 01:09.890","","0","75 06:58.010","9","0","0","0","67301","0","0","0","N","0","0","0","1","67301","0","","6.0","","9","N","N","N","0","","0","0","1","0","0","","445","3","0","0","0","0","0","1","2","0","3","0","0","0","7","03","","N","","","","","","","","","",""
"2021076305","2254","2","0","0","0","0","0","0","0","0","4","0","","67","8","2021","1","40.067497","-75.179319","2254","6","0","0","0","0","0","0","0","0","","0","0","0","22","3","1","","1","1","40 04:02.989","2","0","75 10:45.548","3","0","0","0","67301","0","0","0","N","0","0","0","3","67301","0","","1.0","20.0","1","N","N","N","0","","1","0","0","3","2","Y","2243","2","1","0","0","0","0","0","2","0","2","0","0","0","3","03","","N","","","","","","","","","",""
"2021075939","0550","1","0","0","0","0","0","0","0","0","5","0","","67","8","2021","7","40.020747","-75.053282","0548","6","0","0","0","0","0","0","1","0","","0","0","0","5","5","1","N","0","2","40 01:14.690","5","0","75 03:11.814","3","0","0","0","67301","0","0","0","N","0","0","0","1","67301","0","","6.0","628.0","1","N","N","N","0","","1","0","1","0","0","N","547","2","1","0","0","0","0","0","2","0","2","0","0","0","3","03","","N","","","","","","","","","",""
"2021071048","1736","1","0","0","0","0","0","0","0","0","8","0","","67","4","2021","3","39.962361","-75.229389","1736","6","0","0","0","0","0","0","0","0","","0","0","0","14","1","1","N","0","0","39 57:44.500","","0","75 13:45.800","3","0","0","0","67301","1","0","0","N","1","0","0","2","67301","0","","1.0","","1","N","N","N","0","","1","0","0","0","0","","1445","2","1","0","0","0","0","0","2","0","1","1","0","0","3","03","","N","","","","","","","","","",""
"2021047286","1638","1","0","0","0","0","0","0","0","0","4","0","","67","5","2021","1","40.040768","-75.146335","1638","6","0","0","0","0","0","1","0","0","","0","0","0","15","1","1","","1","0","40 02:26.763","","0","75 08:46.806","8","0","0","0","67301","0","0","0","N","0","0","0","2","67301","0","","1.0","","1","N","N","N","0","","0","0","1","3","3","","1500","2","1","0","0","0","1","1","2","0","2","0","0","0","3","03","","N","","","","","","","","","",""
"2021074121","1603","0","0","0","0","0","0","0","0","0","4","0","","67","8","2021","1","39.92133","-75.146128","1600","6","0","0","0","0","0","0","1","0","","0","0","0","15","1","0","","1","1","39 55:16.788","4","0","75 08:46.059","0","0","0","0","67301","0","0","0","N","0","0","0","2","67301","0","","1.0","1630.0","1","N","N","N","2","","0","0","0","3","3","N","1524","2","0","0","0","0","0","0","2","0","2","0","0","0","3","","","N","","","","","","","","","",""
"2021051165","1730","1","0","0","0","0","0","0","0","0","4","0","","67","5","2021","6","40.045064","-75.102817","1724","6","0","0","0","0","0","1","0","0","","0","0","0","17","6","0","","2","0","40 02:42.230","","0","75 06:10.140","9","0","0","0","67301","0","0","0","N","0","0","0","2","67301","0","","1.0","","9","N","N","N","1","","0","0","0","0","0","","1724","3","0","0","0","0","0","2","2","1","3","0","0","0","7","04","","N","","","","","","","","","",""
"2021044723","1422","3","0","0","0","0","0","0","0","0","1","0","","67","5","2021","1","39.95847","-75.167544","1422","6","0","0","0","0","0","1","0","0","","0","0","0","13","1","1","N","0","0","39 57:30.493","","0","75 10:03.160","4","0","0","0","67301","0","0","0","N","0","0","0","4","68K01","1","","1.0","","1","N","N","N","0","","0","0","1","3","8","","1353","4","1","0","0","0","0","0","2","0","4","0","0","0","3","03","","N","","","","","","","","","",""
"2021044442","2234","0","0","0","0","0","0","0","0","0","8","0","","67","5","2021","7","40.038425","-75.141859","2233","6","0","0","0","0","0","0","0","0","","0","0","0","22","3","1","","2","0","40 02:18.329","","0","75 08:30.693","8","0","0","0","67301","1","0","0","N","1","0","0","2","67301","0","","1.0","","1","N","N","N","0","","0","0","0","0","0","","2231","2","1","0","0","0","1","0","2","0","1","1","0","0","3","03","","N","","","","","","","","","",""
"2021041958","0126","2","0","0","0","0","0","0","0","0","4","1","","67","5","2021","2","39.973215","-75.159136","0057","6","0","0","0","1","0","0","0","0","","0","1","0","0","3","2","","1","1","39 58:23.575","2","0","75 09:32.888","4","0","0","0","67301","0","0","0","N","0","0","0","2","67301","1","","1.0","216.0","1","N","N","N","0","","0","0","0","3","2","N","13","3","2","0","0","0","1","0","2","0","3","0","0","0","3","03","","N","","","","","","","","","",""
"2021075451","1010","2","0","0","0","0","0","0","0","0","5","0","","67","8","2021","4","39.988361","-75.185417","0951","6","0","0","0","0","0","0","0","0","","0","0","0","8","1","0","N","0","0","39 59:18.100","","0","75 11:07.500","0","0","0","0","67301","0","0","0","N","0","0","0","1","67301","0","","6.0","","1","N","N","N","0","","0","0","0","0","0","","800","2","0","0","0","0","0","0","2","0","2","0","0","0","3","03","","N","","","","","","","","","",""
"2021044027","0347","1","0","0","0","0","0","0","0","0","5","0","","67","5","2021","6","39.990353","-75.139333","0323","6","0","0","0","0","0","0","0","0","","0","0","0","2","3","1","N","0","0","39 59:25.270","","0","75 08:21.600","4","0","0","0","67301","0","0","0","N","0","0","0","2","67301","1","","6.0","","1","N","N","N","0","","0","0","3","0","0","","221","4","1","0","0","0","0","0","2","0","4","0","0","0","3","03","","N","","","","","","","","","",""
"2021042287","0714","2","0","0","0","0","0","0","0","0","5","0","45","67","5","2021","1","39.995649","-75.083318","0709","6","0","0","0","0","0","1","0","0","","0","0","0","7","1","2","N","0","1","39 59:44.338","2","1","75 04:59.944","8","0","0","0","67301","0","0","0","N","0","0","0","3","68K01","0","","1.0","750.0","1","N","N","N","0","","0","0","0","0","0","N","706","2","2","0","0","0","2","0","2","0","2","0","0","0","3","03","N","Y","4","1","","","N","","","","Y","N"
"2021042344","0225","1","0","0","0","0","0","0","0","0","4","0","","67","5","2021","1","40.021627","-75.165121","0219","6","0","0","0","0","0","0","0","0","","0","0","0","1","3","1","","1","0","40 01:17.857","","0","75 09:54.435","3","0","0","0","67301","0","0","0","N","0","0","0","4","67301","0","","1.0","","1","N","N","N","0","","1","0","1","0","0","","149","3","1","0","0","0","0","0","2","1","3","0","0","0","3","03","","N","","","","","","","","","",""
"2021071482","2344","1","0","0","0","0","0","0","0","0","2","0","","67","8","2021","1","39.989136","-75.153747","2338","6","0","0","0","0","0","1","0","0","","0","0","0","23","3","0","N","0","2","39 59:20.890","3","0","75 09:13.490","9","0","0","0","67301","0","0","0","N","0","0","0","1","67301","0","","1.0","24.0","9","N","N","N","0","","0","0","1","0","0","Y","2326","2","0","0","0","0","0","1","2","0","2","0","0","0","3","03","","N","","","","","","","","","",""
"2021072782","1646","2","0","0","0","0","0","0","0","0","4","0","","67","8","2021","4","40.030129","-75.035161","1640","6","0","0","0","0","0","0","0","0","","0","0","0","16","1","0","","1","0","40 01:48.464","","0","75 02:06.579","0","0","0","0","67301","0","0","0","N","0","0","0","3","67301","0","","1.0","","1","N","N","N","0","","0","0","0","0","0","","1621","2","0","0","0","0","0","0","2","0","2","0","0","0","3","","","N","","","","","","","","","",""
"2021042483","0800","1","0","0","0","0","0","0","0","0","4","0","","67","5","2021","3","40.068835","-75.17801","0756","6","0","0","0","1","0","0","0","0","","0","0","0","7","1","0","","1","0","40 04:07.805","","0","75 10:40.836","0","0","0","0","67301","0","0","0","N","0","0","0","2","67301","0","","1.0","","1","N","N","N","0","","0","0","1","3","3","","750","2","0","0","0","0","0","0","2","0","2","0","0","0","3","03","","N","","","","","","","","","",""
"2021043493","1821","1","0","0","0","0","0","0","0","0","4","0","","67","5","2021","3","39.996632","-75.162724","1813","6","0","0","0","0","0","1","0","0","","0","0","0","17","4","0","","2","0","39 59:47.875","","0","75 09:45.806","9","0","0","0","67301","0","0","0","N","0","0","0","3","67301","0","","1.0","","1","N","N","N","0","","0","0","1","3","3","","1730","2","0","0","0","0","0","3","2","0","2","0","0","0","3","","","N","","","","","","","","","",""
"2021044116","1153","2","0","0","0","0","0","0","0","0","4","0","","67","5","2021","6","39.976687","-75.266459","1153","6","0","1","0","0","0","0","0","0","","0","0","0","11","1","0","","1","0","39 58:36.073","","0","75 15:59.252","0","0","0","0","67301","0","0","0","N","0","0","0","3","67301","0","","1.0","","1","N","N","N","0","","0","0","0","3","2","","1153","2","0","2","0","0","0","0","2","0","2","0","0","0","3","03","","N","","","","","","","","","",""
"2021061845","0311","1","0","0","0","0","0","0","0","0","7","0","","67","5","2021","6","39.955768","-75.141601","0311","6","0","0","0","0","0","0","0","0","","0","0","0","3","3","0","N","0","1","39 57:20.766","2","8","75 08:29.765","0","0","0","0","67301","0","0","0","N","0","0","0","4","68K01","0","","4.0","334.0","1","N","N","N","0","","0","0","0","0","0","N","311","1","0","2","0","0","0","0","2","0","1","0","0","0","3","03","","N","","","","","","","","","",""
"2021071364","1608","1","0","0","0","0","0","0","0","0","5","0","","67","7","2021","5","39.962371","-75.182847","1555","6","0","0","0","0","0","1","0","0","","0","1","0","15","1","0","N","0","0","39 57:44.536","","0","75 10:58.248","0","0","0","0","67301","0","0","0","N","0","0","0","4","68K01","0","","1.0","","1","N","N","N","0","","0","0","1","0","0","","1552","3","0","0","0","0","0","0","2","0","3","0","0","0","3","","","N","","","","","","","","","",""
"2021071552","0832","0","0","0","0","0","0","1","0","0","5","1","","67","7","2021","5","40.10184","-75.005317","0832","6","0","0","0","0","0","0","0","0","","0","0","0","8","1","1","N","0","2","40 06:06.624","1","0","75 00:19.140","3","0","0","0","67301","0","0","0","N","0","0","0","7","67301","0","","1.0","834.0","1","N","N","N","0","","1","0","3","0","0","N","802","4","1","0","0","0","0","0","2","0","4","0","0","0","3","","","N","","","","","","","","","",""
"2021043175","0132","2","0","0","0","0","0","0","0","0","1","0","","67","5","2021","4","40.052115","-75.141773","0129","6","0","0","0","0","0","1","0","0","","0","0","0","1","3","2","","1","1","40 03:07.613","1","0","75 08:30.382","3","0","0","0","67301","0","0","0","N","0","0","0","2","67301","0","","1.0","200.0","1","N","N","N","0","","2","0","1","3","2","N","126","3","2","0","0","0","0","0","2","0","3","0","0","0","3","03","","N","","","","","","","","","",""
"2021050845","1927","2","0","0","0","0","0","0","0","0","1","0","","67","5","2021","6","40.015808","-75.141118","1927","6","0","0","0","0","0","1","0","0","","0","0","0","19","4","2","","1","0","40 00:56.908","","0","75 08:28.024","3","0","0","2","67301","0","0","0","N","0","0","0","4","67301","0","","1.0","","1","N","N","N","0","","1","0","2","3","2","","1927","6","2","0","0","0","1","0","2","0","6","0","0","0","3","03","","N","","","","","","","","","",""
"2021043096","1725","3","0","0","0","0","0","0","0","0","1","0","","67","5","2021","4","39.986528","-75.170556","1720","6","0","0","0","0","0","0","0","0","","0","0","0","17","1","1","N","0","0","39 59:11.500","","0","75 10:14.000","3","0","0","0","67301","0","0","0","N","0","0","0","2","67509","0","","1.0","","1","N","N","Y","0","","1","0","1","0","0","","1715","5","1","0","0","0","0","0","2","0","5","0","0","0","3","03","","N","","","","","","","","","",""
"2021049075","1920","0","0","0","0","0","0","0","0","0","8","0","","67","5","2021","7","40.007717","-75.139187","1915","6","0","0","0","0","0","0","0","0","","0","0","0","19","1","1","N","0","1","40 00:27.781","4","0","75 08:21.072","3","0","0","0","67301","1","0","0","N","1","0","0","2","67301","0","","1.0","1940.0","1","N","N","N","0","","1","0","0","0","0","Y","1915","2","1","0","0","0","0","0","2","1","1","1","0","0","3","03","","N","","","","","","","","","",""
"2021071053","1415","2","0","0","0","0","0","0","0","0","6","0","","67","6","2021","7","39.967985","-75.233726","1415","6","0","0","1","0","0","0","0","0","","0","0","0","14","1","0","","1","0","39 58:04.746","","0","75 14:01.412","0","0","0","0","67301","0","0","0","N","0","0","0","3","67301","0","","2.0","","1","N","N","N","0","","0","0","0","9","2","","1415","2","0","1","0","0","0","0","2","0","2","0","0","0","3","","","N","","","","","","","","","",""
"2021044013","0839","2","0","0","0","0","0","0","0","0","4","0","","67","5","2021","5","39.970146","-75.237445","0834","6","0","0","0","0","0","0","0","0","","0","0","0","8","1","1","","1","0","39 58:12.525","","0","75 14:14.801","3","0","0","0","67301","0","0","0","N","0","0","0","3","67301","0","","1.0","","1","N","N","N","0","","1","0","0","3","2","","823","2","1","0","0","0","0","0","2","0","2","0","0","0","3","03","","N","","","","","","","","","",""
"2021046797","0042","2","0","0","0","0","0","0","0","0","1","0","","67","5","2021","2","39.983944","-75.148028","0042","6","0","0","0","0","0","0","0","0","","0","0","0","0","3","1","N","0","2","39 59:02.200","1","0","75 08:52.900","8","0","0","0","67301","0","0","0","N","0","0","0","3","67505","0","","6.0","135.0","1","N","N","N","0","","0","0","3","0","0","Y","42","6","1","0","0","0","1","0","2","1","6","0","0","0","3","03","","N","","","","","","","","","",""
"2021043123","1646","1","0","0","0","0","0","0","0","0","8","0","","67","5","2021","4","40.029133","-75.146793","1632","6","0","0","0","0","0","0","0","0","","0","0","0","15","1","1","","1","0","40 01:44.879","","6","75 08:48.456","8","0","0","0","67301","1","0","0","N","1","0","0","2","67301","0","","1.0","","1","N","N","N","0","","0","0","0","3","2","","1532","2","1","0","0","0","1","1","2","0","1","1","0","0","3","","","N","","","","","","","","","",""
"2021044250","0830","2","0","0","0","0","0","0","0","0","1","0","","67","5","2021","6","40.001084","-75.215384","0830","6","0","0","0","0","0","1","0","0","","0","0","0","11","1","0","","5","0","40 00:03.902","","0","75 12:55.382","9","0","0","0","67301","0","0","0","N","0","0","0","4","67301","0","","1.0","","1","N","N","N","0","","0","0","1","3","2","","1152","4","0","0","0","0","0","3","2","0","4","0","0","0","3","03","","N","","","","","","","","","",""
"2021071085","0407","2","0","0","0","0","0","0","0","0","2","0","","67","7","2021","2","39.967819","-75.228129","0405","6","0","0","0","0","0","1","0","0","","0","0","0","4","3","2","","1","0","39 58:04.150","","0","75 13:41.263","3","0","0","0","67301","0","0","0","N","0","0","0","3","67301","1","","1.0","","1","N","N","N","0","","1","0","0","3","2","","400","2","2","3","0","0","0","0","2","0","2","0","0","0","3","03","","N","","","","","","","","","",""
"2021049280","1655","1","0","0","0","0","0","0","0","0","4","0","","67","5","2021","2","40.021723","-75.125668","1655","6","0","0","0","0","0","1","0","0","","0","0","0","15","1","2","","1","0","40 01:18.202","","0","75 07:32.404","3","0","0","0","67301","0","0","0","N","0","0","0","4","67301","0","","1.0","","1","N","N","N","0","","2","0","1","3","2","","1554","2","2","3","0","0","0","0","2","0","2","0","0","0","3","03","","N","","","","","","","","","",""
"2021042610","1120","1","0","0","0","0","0","0","0","0","4","0","","67","5","2021","2","40.088993","-74.996422","1115","6","0","0","0","0","0","1","0","0","","0","0","0","10","1","2","","2","1","40 05:20.374","1","0","74 59:47.119","3","0","0","0","67301","0","0","0","N","0","0","0","4","67301","0","","1.0","1240.0","1","N","N","N","0","","2","0","1","3","3","N","1059","2","2","0","0","0","0","0","2","0","2","0","0","0","4","","","N","","","","","","","","","",""
"2021044339","1822","2","0","0","0","0","0","0","0","0","1","0","","67","5","2021","1","39.969639","-75.140887","1821","6","0","0","0","0","0","0","0","0","","0","0","0","18","1","3","N","0","0","39 58:10.702","","0","75 08:27.192","3","0","0","0","67301","0","0","0","N","0","0","0","4","67301","0","","1.0","","1","N","N","N","0","","3","0","0","0","0","","1800","2","3","0","0","0","0","0","2","0","2","0","0","0","3","03","","N","","","","","","","","","",""
"2021071049","2204","0","0","0","0","0","0","0","0","0","2","0","","67","5","2021","7","39.961146","-75.224623","2204","6","0","0","0","0","0","1","0","0","","0","0","0","22","3","0","N","0","0","39 57:40.124","","0","75 13:28.644","0","0","0","0","67301","0","0","0","N","0","0","0","2","67301","0","","1.0","","1","N","N","N","0","","0","0","2","0","0","","2204","2","0","0","0","0","0","0","2","0","2","0","0","0","3","03","","N","","","","","","","","","",""
"2021072770","0836","2","0","0","0","0","0","1","0","0","5","1","","67","8","2021","1","39.949233","-75.163367","0836","6","0","0","0","0","1","1","0","0","","0","0","0","8","3","1","N","0","0","39 56:57.239","","0","75 09:48.120","4","0","0","0","67301","0","0","0","N","0","0","0","3","67301","1","","1.0","","1","N","N","N","0","","0","0","0","0","0","","835","3","1","0","0","0","0","0","2","0","3","0","0","0","3","","","N","","","","","","","","","",""
"2021042621","1300","2","0","0","0","0","0","0","0","0","5","0","","67","5","2021","3","40.028405","-75.165901","1250","6","0","0","0","0","0","0","0","0","","0","0","0","12","1","1","","2","0","40 01:42.258","","0","75 09:57.243","3","0","0","0","67301","0","0","0","N","0","0","0","1","67301","0","","1.0","","1","N","N","N","0","","1","0","1","0","0","","1249","3","1","0","0","0","0","0","2","0","3","0","0","0","3","","","N","","","","","","","","","",""
"2021049666","2127","0","0","0","0","0","0","0","0","0","5","0","","67","5","2021","5","39.957487","-75.149978","2127","6","0","0","0","0","0","0","0","0","","0","0","0","21","3","0","","3","0","39 57:26.952","","2","75 08:59.920","0","0","0","1","67301","0","0","0","N","0","0","0","2","67501","0","","1.0","","1","N","N","N","0","","0","0","0","3","4","","2117","2","0","0","0","0","0","0","2","0","2","0","0","0","3","","","N","","","","","","","","","",""
"2021042493","2136","2","0","0","0","0","0","0","0","0","1","0","","67","5","2021","2","40.015247","-75.16985","2108","6","0","0","0","0","0","1","0","0","","0","0","0","17","1","2","","1","0","40 00:54.888","","0","75 10:11.461","3","0","0","0","67301","0","0","0","N","0","0","0","4","67301","0","","1.0","","1","N","N","N","0","","2","0","0","3","2","","1712","2","2","0","0","0","0","1","2","0","2","0","0","0","3","03","","N","","","","","","","","","",""
"2021043485","1656","2","0","0","0","0","0","0","0","0","4","0","","67","5","2021","1","39.920315","-75.225794","1656","6","0","0","0","0","0","0","0","0","","0","0","0","16","1","1","","1","0","39 55:13.133","","0","75 13:32.858","3","0","0","0","67301","0","0","0","N","0","0","0","2","67301","0","","1.0","","1","N","N","N","0","","1","0","0","3","3","","1632","2","1","0","0","0","0","0","2","0","2","0","0","0","3","03","","N","","","","","","","","","",""
"2021044023","2046","1","0","0","0","0","0","0","0","0","4","0","","67","5","2021","3","39.974987","-75.134283","2046","6","0","0","0","1","0","0","0","0","","0","0","0","19","3","0","","1","0","39 58:29.953","","0","75 08:03.418","9","0","0","0","67301","0","0","0","N","0","0","0","2","67301","0","","1.0","","1","N","N","N","0","","0","0","1","9","3","","1959","2","0","1","0","0","0","1","2","0","2","0","0","0","3","","","N","","","","","","","","","",""
"2021043158","0050","1","0","0","0","0","0","0","0","0","7","0","","67","5","2021","1","40.016739","-75.149503","0046","6","0","0","0","0","0","0","0","0","","0","0","0","0","3","0","N","0","1","40 01:00.259","1","0","75 08:58.211","0","0","0","0","67301","0","0","0","N","0","0","0","1","67301","0","","3.0","150.0","1","N","N","N","0","","0","0","0","0","0","N","46","1","0","0","0","0","0","0","2","0","1","0","0","0","3","03","","N","","","","","","","","","",""
"2021041595","0222","1","0","0","0","0","0","0","0","0","4","0","","67","5","2021","1","40.022908","-75.148267","0217","6","0","0","0","0","0","0","0","0","","0","0","0","2","3","0","","5","1","40 01:22.470","2","0","75 08:53.760","0","0","0","0","67301","0","0","0","N","0","0","0","2","67301","0","","1.0","315.0","1","N","N","Y","0","","0","0","1","3","2","N","210","2","0","0","0","0","0","0","2","0","2","0","0","0","3","03","","N","","","","","","","","","",""
"2021045256","1046","2","0","0","0","0","0","0","0","0","1","1","","67","5","2021","2","40.055081","-75.125756","1045","6","0","0","0","0","0","2","0","0","","0","1","0","10","1","1","N","0","2","40 03:18.293","3","0","75 07:32.722","3","0","0","0","67301","0","0","0","N","0","0","0","7","67301","0","","1.0","1120.0","1","N","N","N","0","","1","0","2","0","0","Y","1044","5","1","4","0","0","0","0","2","0","5","0","0","0","3","","","N","","","","","","","","","",""
"2021044105","1443","1","0","0","0","0","0","0","0","0","4","0","","67","5","2021","4","40.031785","-75.08534","1443","6","0","0","0","0","0","0","0","0","","0","0","0","14","1","1","","1","0","40 01:54.427","","0","75 05:07.225","4","0","0","0","67301","0","0","0","N","0","0","0","2","67301","1","","1.0","","1","N","N","N","0","","0","0","1","3","2","","1400","2","1","1","0","0","0","0","2","0","2","0","0","0","3","03","","N","","","","","","","","","",""
"2021067884","0115","0","0","0","0","0","0","1","0","0","4","1","","67","6","2021","1","39.984706","-75.132265","0107","6","0","0","0","0","0","1","0","0","","0","0","0","1","3","1","","5","0","39 59:04.943","","0","75 07:56.154","3","0","0","0","67301","0","0","0","N","0","0","0","2","67508","0","","1.0","","1","N","N","Y","0","","1","0","0","3","2","","107","2","1","0","0","0","0","0","2","0","2","0","0","0","3","03","","N","","","","","","","","","",""
"2021044227","2140","1","0","0","0","0","0","0","0","0","7","0","","67","5","2021","7","40.008618","-75.072236","2140","6","0","0","0","0","0","0","0","0","","0","0","0","21","3","0","N","0","0","40 00:31.025","","0","75 04:20.051","0","0","0","0","67301","0","0","0","N","0","0","0","1","67301","0","","4.0","","1","N","N","N","0","","0","0","0","0","0","","2131","1","0","0","0","0","0","0","2","0","1","0","0","0","3","","","N","","","","","","","","","",""
"2021043150","1500","1","0","0","0","0","0","0","0","0","8","0","","67","5","2021","4","40.056888","-75.188063","1453","6","0","0","0","0","0","1","0","0","","0","0","0","14","1","1","","1","0","40 03:24.795","","0","75 11:17.028","3","0","0","0","67301","1","0","0","N","1","0","0","2","67301","0","","1.0","","1","N","N","N","0","","1","0","0","3","2","","1452","2","1","1","0","0","0","0","2","0","1","1","0","0","3","03","","N","","","","","","","","","",""
"2021042863","1644","1","0","0","0","0","0","0","0","0","1","0","35","67","5","2021","1","39.911833","-75.167639","1644","6","0","0","0","0","0","1","0","0","","0","0","0","16","1","1","N","0","2","39 54:42.600","4","3","75 10:03.500","4","0","0","0","67301","0","0","0","N","0","0","0","3","67501","1","","1.0","1730.0","1","N","N","N","0","","0","0","1","3","7","N","1644","2","1","0","0","0","0","0","2","0","2","0","0","0","3","03","Y","Y","2","1","","","Y","Y","","","","N"