"CRN","ARRIVAL_TM","AUTOMOBILE_COUNT","BELTED_DEATH_COUNT","BELTED_SUSP_SERIOUS_INJ_COUNT","BICYCLE_COUNT","BICYCLE_DEATH_COUNT","BICYCLE_SUSP_SERIOUS_INJ_COUNT","BUS_COUNT","CHLDPAS_DEATH_COUNT","CHLDPAS_SUSP_SERIOUS_INJ_COUNT","COLLISION_TYPE","COMM_VEH_COUNT","CONS_ZONE_SPD_LIM","COUNTY","CRASH_MONTH","CRASH_YEAR","DAY_OF_WEEK","DEC_LATITUDE","DEC_LONGITUDE","DISPATCH_TM","DISTRICT","DRIVER_COUNT_16YR","DRIVER_COUNT_17YR","DRIVER_COUNT_18YR","DRIVER_COUNT_19YR","DRIVER_COUNT_20YR","DRIVER_COUNT_50_64YR","DRIVER_COUNT_65_74YR","DRIVER_COUNT_75PLUS","EST_HRS_CLOSED","FATAL_COUNT","HEAVY_TRUCK_COUNT","HORSE_BUGGY_COUNT","HOUR_OF_DAY","ILLUMINATION","INJURY_COUNT","INTERSECTION_RELATED","INTERSECT_TYPE","LANE_CLOSED","LATITUDE","LN_CLOSE_DIR","LOCATION_TYPE","LONGITUDE","MAX_SEVERITY_LEVEL","MCYCLE_DEATH_COUNT","MCYCLE_SUSP_SERIOUS_INJ_COUNT","MOTORCYCLE_COUNT","MUNICIPALITY","NONMOTR_COUNT","NONMOTR_DEATH_COUNT","NONMOTR_SUSP_SERIOUS_INJ_COUNT","NTFY_HIWY_MAINT","PED_COUNT","PED_DEATH_COUNT","PED_SUSP_SERIOUS_INJ_COUNT","PERSON_COUNT","POLICE_AGCY","POSSIBLE_INJ_COUNT","RDWY_SURF_TYPE_CD","RELATION_TO_ROAD","ROADWAY_CLEARED","ROAD_CONDITION","SCH_BUS_IND","SCH_ZONE_IND","SECONDARY_CRASH","SMALL_TRUCK_COUNT","SPEC_JURIS_CD","SUSP_MINOR_INJ_COUNT","SUSP_SERIOUS_INJ_COUNT","SUV_COUNT","TCD_FUNC_CD","TCD_TYPE","TFC_DETOUR_IND","TIME_OF_DAY","TOTAL_UNITS","TOT_INJ_COUNT","UNBELTED_OCC_COUNT","UNB_DEATH_COUNT","UNB_SUSP_SERIOUS_INJ_COUNT","UNK_INJ_DEG_COUNT","UNK_INJ_PER_COUNT","URBAN_RURAL","VAN_COUNT","VEHICLE_COUNT","VULNERABLE_ROAD_USER_COUNT","VULNERABLE_ROAD_USER_DEATH_COUNT","VULNERABLE_ROAD_USER_SER_INJ_COUNT","WEATHER1","WEATHER2","WORKERS_PRES","WORK_ZONE_IND","WORK_ZONE_LOC","WORK_ZONE_TYPE","WZ_CLOSE_DETOUR","WZ_FLAGGER","WZ_LAW_OFFCR_IND","WZ_LN_CLOSURE","WZ_MOVING","WZ_OTHER","WZ_SHLDER_MDN","WZ_WORKERS_INJ_KILLED"
"2021041850","1503","1","0","0","0","0","0","0","0","0","5","0","","67","5","2021","1","39.957799","-75.147108","1503","6","0","0","0","0","0","0","1","0","","0","0","0","13","8","1","","2","0","39 57:28.076","","0","75 08:49.588","3","0","0","0","67301","0","0","0","N","0","0","0","2","67301","0","","1.0","","1","N","N","N","0","","1","0","1","3","2","","1358","2","1","0","0","0","0","0","2","0","2","0","0","0","3","","","N","","","","","","","","","",""
"2021064285","2346","0","0","0","0","0","0","0","0","0","7","0","","67","6","2021","3","39.939539","-75.197561","2342","6","0","0","0","0","0","0","0","0","","0","0","0","23","3","1","N","0","0","39 56:22.340","","0","75 11:51.220","3","0","0","0","67301","0","0","0","N","0","0","0","1","67301","0","","4.0","","1","N","N","N","1","","1","0","0","0","0","","2341","1","1","0","0","0","0","0","2","0","1","0","0","0","3","03","","N","","","","","","","","","",""
"2021064385","1830","2","0","0","0","0","0","0","0","0","1","0","","67","6","2021","3","40.044981","-75.149672","1830","6","0","0","0","0","0","1","0","0","","0","0","0","16","1","1","","1","0","40 02:41.931","","0","75 08:58.819","4","0","0","0","67301","0","0","0","N","0","0","0","2","67301","1","","1.0","","99","N","N","N","0","","0","0","0","3","2","","1600","2","1","2","0","0","0","1","2","0","2","0","0","0","99","","","N","","","","","","","","","",""
"2021042620","1250","0","0","0","0","0","0","0","0","0","4","0","","67","5","2021","3","40.008023","-75.191884","1242","6","0","0","0","0","0","0","0","0","","0","0","0","11","1","0","","1","0","40 00:28.881","","2","75 11:30.784","0","0","0","0","67301","0","0","0","N","0","0","0","2","67301","0","","1.0","","1","N","N","N","0","","0","0","2","3","2","","1145","2","0","0","0","0","0","0","2","0","2","0","0","0","3","","","N","","","","","","","","","",""
"2021044005","1840","0","0","0","0","0","0","0","0","0","7","0","","67","5","2021","6","40.071528","-75.191806","1835","6","0","0","0","0","0","1","0","0","","0","0","0","18","1","0","N","0","1","40 04:17.500","1","0","75 11:30.500","0","0","0","0","67301","0","0","0","N","0","0","0","2","67301","0","","5.0","1848.0","1","N","N","N","0","","0","0","1","0","0","N","1833","1","0","0","0","0","0","0","2","0","1","0","0","0","3","03","","N","","","","","","","","","",""
"2021045008","1601","1","0","0","0","0","0","0","0","0","4","0","","67","5","2021","1","40.006004","-75.091851","1553","6","0","0","0","0","1","0","0","0","","0","0","0","15","1","1","","5","0","40 00:21.613","","0","75 05:30.664","3","0","0","0","67301","0","0","0","N","0","0","0","3","67301","0","","1.0","","1","N","N","N","0","","1","0","1","3","2","","1510","2","1","0","0","0","0","0","2","0","2","0","0","0","3","03","","N","","","","","","","","","",""
"2021073134","0228","0","0","0","0","0","0","0","0","0","7","0","","67","7","2021","1","39.958181","-75.164273","0223","6","0","0","0","0","0","0","0","0","","0","0","0","2","3","0","N","7","0","39 57:29.451","","0","75 09:51.381","9","0","0","0","67301","0","0","0","N","0","0","0","1","68K01","0","","4.0","","1","N","N","N","0","","0","0","1","0","0","","218","1","0","0","0","0","0","1","2","0","1","0","0","0","3","","","N","","","","","","","","","",""
"2021046570","0110","2","0","0","0","0","0","0","0","0","1","0","","67","5","2021","1","39.985417","-75.15975","0105","6","0","0","0","0","1","0","0","0","","0","0","0","1","3","0","N","0","0","39 59:07.500","","0","75 09:35.100","0","0","0","0","67301","0","0","0","N","0","0","0","3","67505","0","","1.0","","1","N","N","N","0","","0","0","0","0","0","","104","2","0","2","0","0","0","0","2","0","2","0","0","0","3","","","N","","","","","","","","","",""
"2021044730","0855","1","0","0","0","0","0","0","0","0","1","0","","67","5","2021","2","39.977728","-75.201036","0840","6","0","0","0","0","0","0","0","0","","0","0","0","8","1","0","N","0","1","39 58:39.822","4","0","75 12:03.731","0","0","0","0","67301","0","0","0","N","0","0","0","2","68K01","0","","1.0","900.0","1","N","N","N","0","","0","0","1","0","0","N","832","2","0","0","0","0","0","0","2","0","2","0","0","0","3","03","","N","","","","","","","","","",""
"2021044060","0352","1","0","0","0","0","0","0","0","0","6","0","","67","5","2021","7","39.97069","-75.240551","0351","6","0","0","0","0","0","1","0","0","","0","0","0","3","3","0","N","0","2","39 58:14.484","3","0","75 14:25.984","0","0","0","0","67301","0","0","0","N","0","0","0","2","67301","0","","6.0","500.0","1","N","N","N","0","","0","0","1","0","0","N","351","2","0","0","0","0","0","0","2","0","2","0","0","0","3","","","N","","","","","","","","","",""
"2021072970","2215","0","0","0","0","0","0","0","0","0","0","0","","67","8","2021","4","39.973317","-75.119098","2214","6","0","0","0","0","0","0","0","0","","0","0","0","22","3","1","N","0","0","39 58:23.941","","0","75 07:08.753","3","0","0","1","67301","0","0","0","N","0","0","0","1","67301","0","","1.0","","1","N","N","N","0","","1","0","0","0","0","","2210","1","1","0","0","0","0","0","2","0","1","0","0","0","3","","","N","","","","","","","","","",""
"2021042616","0912","0","0","0","0","0","0","0","0","0","8","0","","67","5","2021","3","39.993948","-75.154613","0911","6","0","0","0","0","0","0","0","0","","0","0","0","9","1","1","","1","0","39 59:38.214","","0","75 09:16.608","3","0","0","0","67301","1","0","0","N","1","0","0","2","67301","0","","1.0","","1","N","N","N","0","","1","0","0","3","2","","905","2","1","0","0","0","0","0","2","0","1","1","0","0","3","03","","N","","","","","","","","","",""
"2021043171","2355","1","0","0","0","0","0","0","0","0","4","0","","67","5","2021","3","40.053175","-75.122124","2348","6","0","0","1","0","0","0","0","0","","0","0","0","23","3","2","","5","1","40 03:11.431","3","0","75 07:19.646","3","0","0","0","67301","0","0","0","N","0","0","0","2","67301","0","","1.0","35.0","1","N","N","N","0","","2","0","1","3","2","N","2338","2","2","0","0","0","0","0","2","0","2","0","0","0","3","03","","N","","","","","","","","","",""
"2021044328","1827","1","0","0","0","0","0","0","0","0","4","0","","67","5","2021","5","40.090331","-75.046578","1813","6","0","0","0","0","0","0","1","0","","0","0","0","17","1","0","N","0","0","40 05:25.192","","0","75 02:47.680","9","0","0","0","67301","0","0","0","N","0","0","0","2","67301","0","","1.0","","1","N","N","N","0","","0","0","1","0","0","","1757","2","0","0","0","0","0","2","2","0","2","0","0","0","3","","","N","","","","","","","","","",""
"2021077514","1100","1","0","0","0","0","0","0","0","0","4","0","","67","8","2021","1","40.017057","-75.158554","1100","6","0","0","0","0","0","1","0","0","","0","0","0","10","1","0","","2","0","40 01:01.405","","0","75 09:30.794","9","0","0","0","67301","0","0","0","N","0","0","0","3","67301","0","","1.0","","1","N","N","N","0","","0","0","0","3","3","","1030","2","0","0","0","0","0","1","2","0","2","0","0","0","4","04","","N","","","","","","","","","",""
"2021071189","0900","1","0","0","0","0","0","0","0","0","4","1","","67","7","2021","5","39.894555","-75.229568","0850","6","0","0","0","0","0","1","0","0","","0","1","0","8","1","3","","3","1","39 53:40.398","4","0","75 13:46.445","3","0","0","0","67301","0","0","0","N","0","0","0","5","67301","0","","1.0","930.0","9","N","N","N","0","","3","0","0","3","2","N","818","2","3","0","0","0","0","0","2","0","2","0","0","0","7","","","N","","","","","","","","","",""
"2021044891","2340","1","0","0","0","0","0","0","0","0","7","0","","67","5","2021","2","39.929053","-75.220583","2340","6","0","0","0","0","0","0","0","0","","0","0","0","23","3","0","","1","0","39 55:44.592","","0","75 13:14.099","0","0","0","0","67301","0","0","0","N","0","0","0","1","67301","0","","4.0","","1","N","N","N","0","","0","0","0","3","2","","2340","1","0","0","0","0","0","0","2","0","1","0","0","0","3","03","","N","","","","","","","","","",""
"2021044112","0520","1","0","0","0","0","0","0","0","0","1","0","","67","5","2021","5","39.93828","-75.198696","0514","6","0","0","0","0","0","2","0","0","","0","0","0","5","1","1","","1","0","39 56:17.808","","0","75 11:55.304","3","0","0","0","67301","0","0","0","N","0","0","0","2","67301","0","","1.0","","1","N","N","N","0","","1","0","1","3","2","","500","2","1","0","0","0","0","0","2","0","2","0","0","0","3","","","N","","","","","","","","","",""
"2021071001","1011","1","0","0","0","0","0","0","0","0","2","0","","67","7","2021","6","40.080855","-75.028774","1010","6","0","0","0","0","0","0","0","0","","0","0","0","10","1","1","","1","0","40 04:51.077","","0","75 01:43.585","3","0","0","1","67301","0","0","0","N","0","0","0","2","67301","0","","1.0","","1","N","N","N","0","","1","0","0","3","2","","1001","2","1","1","0","0","0","0","2","0","2","0","0","0","3","03","","N","","","","","","","","","",""
"2021071931","1916","2","0","0","0","0","0","0","0","0","5","0","","67","8","2021","2","39.996347","-75.149386","1914","6","0","0","0","0","0","1","0","0","","0","0","0","19","1","0","N","0","0","39 59:46.850","","0","75 08:57.790","9","0","0","0","67301","0","0","0","N","0","0","0","1","67301","0","","6.0","","1","N","N","Y","0","","0","0","1","0","0","","1912","3","0","0","0","0","0","1","2","0","3","0","0","0","3","03","","N","","","","","","","","","",""
"2021077021","1830","0","0","0","0","0","0","0","0","0","1","0","","67","6","2021","7","39.958367","-75.16668","1820","6","0","0","0","0","0","0","0","0","","0","0","0","18","1","0","N","0","0","39 57:30.122","","0","75 10:00.049","0","0","0","0","67301","0","0","0","N","0","0","0","2","68K01","0","","1.0","","1","N","N","N","0","","0","0","2","0","0","","1808","2","0","0","0","0","0","0","2","0","2","0","0","0","3","03","","N","","","","","","","","","",""
"2021073307","1224","0","0","0","0","0","0","0","0","0","1","0","45","67","8","2021","4","39.886463","-75.214492","1212","6","0","0","0","0","0","0","0","0","","0","0","0","12","1","1","N","0","1","39 53:11.266","1","0","75 12:52.171","4","0","0","0","67301","0","0","0","N","0","0","0","5","68K01","1","","1.0","1240.0","1","N","N","N","0","","0","0","1","0","0","N","1207","2","1","0","0","0","0","0","2","1","2","0","0","0","3","","Y","Y","4","2","N","N","N","Y","N","N","N","N"
"2021044017","2153","3","0","0","0","0","0","0","0","0","1","0","","67","5","2021","4","39.995464","-75.118153","2153","6","0","0","0","0","0","0","0","0","","0","0","0","21","2","0","N","0","0","39 59:43.670","","0","75 07:05.350","0","0","0","0","67301","0","0","0","N","0","0","0","1","67301","0","","6.0","","1","N","N","N","1","","0","0","2","0","0","","2153","8","0","1","0","0","0","0","2","2","8","0","0","0","3","03","","N","","","","","","","","","",""
"2021044325","0336","1","0","0","0","0","0","0","0","0","1","0","","67","5","2021","1","40.0491","-75.052947","0335","6","0","0","0","0","0","0","0","0","","0","0","0","3","3","0","N","0","0","40 02:56.760","","0","75 03:10.610","0","0","0","0","67301","0","0","0","N","0","0","0","1","67301","0","","6.0","","1","N","N","N","0","","0","0","1","0","0","","334","2","0","0","0","0","0","0","2","0","2","0","0","0","3","03","","N","","","","","","","","","",""
"2021055796","0550","0","0","0","0","0","0","0","0","0","4","0","","67","6","2021","1","40.025787","-75.132824","0526","6","0","0","0","0","0","0","0","0","","0","0","0","2","3","1","","1","0","40 01:32.833","","0","75 07:58.166","8","0","0","0","67301","0","0","0","N","0","0","0","2","67301","0","","1.0","","1","N","N","N","0","","0","0","1","3","2","","236","2","1","0","0","0","1","0","2","0","2","0","0","0","3","03","","N","","","","","","","","","",""
"2021071277","2150","2","0","0","0","0","0","0","0","0","5","0","","67","7","2021","7","39.975725","-75.191814","2148","6","0","0","0","0","0","0","0","0","","0","0","0","21","3","1","N","0","0","39 58:32.610","","99","75 11:30.530","3","0","0","0","67301","0","0","0","N","0","0","0","3","67301","0","","5.0","","1","N","N","N","0","","1","0","0","0","0","","2108","2","1","0","0","0","0","2","2","0","2","0","0","0","3","03","","N","","","","","","","","","",""
"2021043999","0512","2","0","0","0","0","0","0","0","0","4","0","","67","5","2021","6","39.954266","-75.139488","0507","6","0","0","0","0","0","0","0","0","","0","0","0","5","1","0","","2","0","39 57:15.358","","0","75 08:22.158","0","0","0","0","67301","0","0","0","N","0","0","0","2","67301","0","","1.0","","1","N","N","N","0","","0","0","0","0","0","","500","2","0","0","0","0","0","0","2","0","2","0","0","0","3","03","","N","","","","","","","","","",""
"2021045737","0826","2","0","0","0","0","0","0","0","0","5","0","","67","5","2021","2","40.000218","-75.195164","0822","6","0","0","0","0","0","1","0","0","","0","0","0","8","1","4","N","0","1","40 00:00.783","3","0","75 11:42.590","8","0","0","0","67301","0","0","0","N","0","0","0","5","68K01","0","","1.0","855.0","1","N","N","N","1","","0","0","0","0","0","N","817","3","4","0","0","0","4","0","2","0","3","0","0","0","3","","","N","","","","","","","","","",""
"2021049383","0748","0","0","0","0","0","0","0","0","0","7","0","","67","5","2021","7","39.892824","-75.224316","0743","6","0","0","0","0","0","0","0","0","","0","0","0","7","1","0","N","0","1","39 53:34.167","2","8","75 13:27.538","0","0","0","0","67301","0","0","0","N","0","0","0","1","68K01","0","","4.0","830.0","9","N","N","N","0","","0","0","1","0","0","N","741","1","0","0","0","0","0","0","2","0","1","0","0","0","7","07","","N","","","","","","","","","",""
"2021046936","1736","2","0","0","0","0","0","0","0","0","4","0","","67","5","2021","7","39.965289","-75.201546","1735","6","0","0","0","0","0","1","0","0","","0","0","0","17","1","0","","1","0","39 57:55.040","","0","75 12:05.565","9","0","0","0","67301","0","0","0","N","0","0","0","2","67301","0","","1.0","","1","N","N","N","0","","0","0","0","3","3","","1730","2","0","1","0","0","0","1","2","0","2","0","0","0","3","03","","N","","","","","","","","","",""
"2021075962","0001","2","0","0","0","0","0","0","0","0","4","0","","67","8","2021","7","40.037242","-75.18698","0000","6","0","0","0","0","0","0","0","0","","0","0","0","23","3","0","N","0","0","40 02:14.070","","0","75 11:13.128","0","0","0","0","67301","0","0","0","N","0","0","0","1","67301","0","","1.0","","1","N","N","N","0","","0","0","0","0","0","","2355","2","0","0","0","0","0","0","2","0","2","0","0","0","3","03","","N","","","","","","","","","",""
"2021076446","1426","1","0","0","0","0","0","0","0","0","4","0","","67","8","2021","4","39.957239","-75.151601","1419","6","0","0","0","0","0","0","0","0","","0","0","0","14","1","1","N","0","1","39 57:26.060","3","0","75 09:05.764","4","0","0","0","67301","0","0","0","N","0","0","0","2","68K01","1","","1.0","1520.0","1","N","N","N","1","","0","0","0","0","0","N","1400","2","1","0","0","0","0","0","2","0","2","0","0","0","3","","","N","","","","","","","","","",""
"2021046949","1532","1","0","0","0","0","0","0","0","0","8","0","","67","5","2021","7","39.992822","-75.182181","1532","6","0","0","0","0","0","0","0","0","","0","0","0","15","1","1","N","0","0","39 59:34.160","","0","75 10:55.850","3","0","0","0","67301","1","0","0","N","1","0","0","2","67301","0","","1.0","","1","N","N","N","0","","1","0","0","0","0","","1531","2","1","0","0","0","0","0","2","0","1","1","0","0","3","04","","N","","","","","","","","","",""
"2021048111","1851","1","0","0","0","0","0","0","0","0","5","0","","67","5","2021","1","39.974181","-75.158788","1849","6","0","0","0","0","0","0","0","0","","0","0","0","18","1","1","N","0","0","39 58:27.052","","0","75 09:31.637","4","0","0","0","67301","0","0","0","N","0","0","0","3","67301","1","","1.0","","1","N","N","N","0","","0","0","1","0","0","","1846","2","1","0","0","0","0","0","2","0","2","0","0","0","3","","","N","","","","","","","","","",""
"2021087100","1825","1","0","0","0","0","0","0","0","0","8","0","","67","9","2021","4","40.036873","-75.040669","1821","6","0","0","1","0","0","0","0","0","","0","0","0","18","1","1","","1","0","40 02:12.744","","0","75 02:26.410","4","0","0","0","67301","1","0","0","N","1","0","0","2","67301","1","","1.0","","1","N","N","N","0","","0","0","0","3","2","","1819","2","1","1","0","0","0","0","2","0","1","1","0","0","3","","","N","","","","","","","","","",""
"2021071345","1920","2","0","0","0","0","0","0","0","0","2","0","","67","7","2021","7","40.072142","-75.032961","1914","6","0","0","0","0","0","0","0","0","","0","0","0","19","1","1","","2","0","40 04:19.712","","0","75 01:58.660","8","0","0","0","67301","0","0","0","N","0","0","0","3","67301","0","","1.0","","1","N","N","N","0","","0","0","0","3","2","","1900","2","1","2","0","0","1","0","2","0","2","0","0","0","3","03","","N","","","","","","","","","",""
"2021047712","0525","3","0","0","0","0","0","0","0","0","4","0","","67","5","2021","3","40.034746","-75.130874","0523","6","0","0","0","0","0","1","0","0","","0","0","0","5","5","3","","1","2","40 02:05.085","5","0","75 07:51.146","3","0","0","0","67301","0","0","0","N","0","0","0","5","67301","0","","1.0","710.0","1","N","N","N","0","","2","0","1","3","2","Y","520","4","3","0","0","0","1","0","2","0","4","0","0","0","4","","","N","","","","","","","","","",""
"2021047711","1648","2","0","0","0","0","0","0","0","0","4","0","","67","5","2021","3","39.971991","-75.149636","1644","6","0","0","0","0","0","0","0","0","","0","0","0","16","1","0","","1","0","39 58:19.167","","0","75 08:58.689","0","0","0","0","67301","0","0","0","N","0","0","0","4","67301","0","","1.0","","1","N","N","N","0","","0","0","0","3","3","","1616","2","0","0","0","0","0","0","2","0","2","0","0","0","3","03","","N","","","","","","","","","",""
"2021060324","0120","2","0","0","0","0","0","0","0","0","1","0","","67","6","2021","7","39.885986","-75.213224","0109","6","0","0","0","0","0","0","0","0","","0","0","0","1","3","3","","6","2","39 53:09.550","1","2","75 12:47.606","3","0","0","0","67301","0","0","0","N","0","0","0","3","68K01","0","","7.0","140.0","1","N","N","N","0","","3","0","0","0","0","N","101","2","3","0","0","0","0","0","2","0","2","0","0","0","3","","","N","","","","","","","","","",""
"2021071060","1728","0","0","0","0","0","0","0","0","0","5","0","","67","6","2021","2","39.96939","-75.245315","1728","6","0","0","0","0","0","0","0","0","","0","0","0","15","1","0","N","0","0","39 58:09.803","","0","75 14:43.134","9","0","0","0","67301","0","0","0","N","0","0","0","1","67301","0","","6.0","","1","N","N","N","1","","0","0","1","0","0","","1539","2","0","0","0","0","0","1","2","0","2","0","0","0","3","03","","N","","","","","","","","","",""
"2021046950","1830","1","0","0","0","0","0","0","0","0","5","0","","67","5","2021","7","39.995671","-75.167974","1818","6","0","0","0","0","0","1","0","0","","0","0","0","18","1","1","N","0","0","39 59:44.415","","0","75 10:04.705","3","0","0","1","67301","0","0","0","N","0","0","0","2","67301","0","","1.0","","1","N","N","Y","0","","1","0","1","0","0","","1817","3","1","0","0","0","0","0","2","0","3","0","0","0","3","","","N","","","","","","","","","",""
"2021064269","1545","0","0","0","0","0","0","0","0","0","4","0","","67","6","2021","3","40.040906","-75.048064","1534","6","0","0","0","0","0","0","0","1","","0","0","0","15","1","1","","2","1","40 02:27.261","4","0","75 02:53.032","4","0","0","0","67301","0","0","0","N","0","0","0","3","67301","1","","1.0","200.0","1","N","N","N","0","","0","0","1","0","0","N","1533","2","1","0","0","0","0","0","2","1","2","0","0","0","3","","","N","","","","","","","","","",""
"2021076393","0655","1","0","0","0","0","0","0","0","0","5","0","","67","8","2021","5","39.923485","-75.147577","0655","6","0","0","0","0","0","1","0","0","","0","0","0","6","1","1","N","0","1","39 55:24.545","2","0","75 08:51.277","3","0","0","0","67301","0","0","0","N","0","0","0","3","68K01","0","","1.0","715.0","1","N","N","N","0","","1","0","0","0","0","N","655","2","1","0","0","0","0","1","2","0","2","0","0","0","3","03","","N","","","","","","","","","",""
"2021076458","0804","1","0","0","0","0","0","0","0","0","7","0","","67","8","2021","5","40.035509","-75.017129","0804","6","0","0","0","0","0","0","0","0","","0","0","0","8","1","1","N","0","0","40 02:07.833","","0","75 01:01.664","4","0","0","0","67301","0","0","0","N","0","0","0","2","68K01","1","","4.0","","1","N","N","Y","0","","0","0","0","0","0","","804","1","1","1","0","0","0","0","2","0","1","0","0","0","3","","","N","","","","","","","","","",""
"2021055876","0251","2","0","0","0","0","0","0","0","0","4","0","","67","5","2021","1","40.026257","-75.117151","0250","6","0","0","0","0","0","0","0","0","","0","0","0","2","3","0","","1","0","40 01:34.526","","0","75 07:01.743","0","0","0","0","67301","0","0","0","N","0","0","0","2","67301","0","","1.0","","1","N","N","N","0","","0","0","1","3","2","","250","6","0","0","0","0","0","0","2","2","6","0","0","0","3","03","","N","","","","","","","","","",""
"2021049277","1245","2","0","0","0","0","0","0","0","0","4","0","","67","5","2021","5","39.991604","-75.228061","1245","6","0","0","0","0","0","0","1","0","","0","0","0","12","1","0","","1","0","39 59:29.774","","0","75 13:41.019","0","0","0","0","67301","0","0","0","N","0","0","0","2","67301","0","","1.0","","1","N","N","N","0","","0","0","0","3","3","","1228","2","0","1","0","0","0","0","2","0","2","0","0","0","3","","","N","","","","","","","","","",""
"2021048868","2120","0","0","0","0","0","0","0","0","0","4","0","","67","5","2021","4","39.911026","-75.230433","2115","6","0","0","0","0","0","1","0","0","","0","0","0","21","3","0","","1","1","39 54:39.693","3","0","75 13:49.558","0","0","0","0","67301","0","0","0","N","0","0","0","3","67301","0","","1.0","100.0","9","N","N","N","1","","0","0","1","3","2","Y","2110","2","0","0","0","0","0","0","2","0","2","0","0","0","7","07","","N","","","","","","","","","",""
"2021070394","0905","0","0","0","0","0","0","0","0","0","4","0","","67","7","2021","5","39.941618","-75.220167","0900","6","0","0","0","0","0","0","0","0","","0","1","0","8","1","1","","1","0","39 56:29.823","","0","75 13:12.601","8","0","0","0","67301","0","0","0","N","0","0","0","2","67301","0","","1.0","","1","N","N","Y","0","","0","0","2","3","2","","850","3","1","0","0","0","1","0","2","0","3","0","0","0","3","03","","N","","","","","","","","","",""
"2021064315","1049","2","0","0","0","0","0","0","0","0","4","0","","67","6","2021","2","39.975979","-75.159467","1049","6","0","0","0","0","0","0","0","0","","0","0","0","10","1","1","","1","0","39 58:33.526","","0","75 09:34.081","3","0","0","0","67301","0","0","0","N","0","0","0","3","67301","0","","1.0","","1","N","N","N","0","","1","0","0","3","3","","1045","2","1","0","0","0","0","0","2","0","2","0","0","0","3","","","N","","","","","","","","","",""
"2021064376","0048","0","0","0","0","0","0","0","0","0","1","0","","67","6","2021","2","40.033693","-75.145909","0032","6","0","0","0","0","0","0","0","0","","0","0","0","22","3","1","","1","0","40 02:01.293","","0","75 08:45.271","2","0","1","1","67301","0","0","0","N","0","0","0","2","67301","0","","1.0","","1","N","N","N","0","","0","1","0","3","2","","2224","2","1","0","0","0","0","0","2","0","2","0","0","0","3","","","N","","","","","","","","","",""
"2021070390","1958","0","0","0","0","0","0","0","0","0","8","0","","67","7","2021","4","39.953597","-75.165049","1932","6","0","0","0","0","0","0","0","0","","0","0","0","19","1","1","","1","0","39 57:12.949","","0","75 09:54.175","8","0","0","0","67301","1","0","0","N","1","0","0","2","67301","0","","1.0","","1","N","N","N","0","","0","0","0","3","2","","1920","2","1","0","0","0","1","0","2","0","1","1","0","0","3","","","N","","","","","","","","","",""
"2021075899","1244","1","0","0","0","0","0","0","0","0","1","0","","67","7","2021","1","39.97677","-75.19771","1218","6","0","0","0","0","0","0","0","0","","0","0","0","12","1","0","N","0","0","39 58:36.373","","0","75 11:51.757","0","0","0","0","67301","0","0","0","N","0","0","0","2","68K01","0","","1.0","","1","N","N","N","0","","0","0","1","0","0","","1217","2","0","0","0","0","0","0","2","0","2","0","0","0","3","","","N","","","","","","","","","",""
"2021039383","1405","2","0","0","0","0","0","0","0","0","4","0","","67","4","2021","6","39.989366","-75.143667","1402","6","0","0","0","0","0","0","0","0","","0","0","0","14","1","1","","1","2","39 59:21.717","3","0","75 08:37.201","3","0","0","0","67301","0","0","0","N","0","0","0","2","67301","0","","1.0","1635.0","1","N","N","N","0","","1","0","2","3","3","Y","1400","4","1","0","0","0","0","0","2","0","4","0","0","0","3","03","","N","","","","","","","","","",""
"2021057919","1810","1","0","0","0","0","0","0","0","0","4","0","","67","5","2021","7","39.973295","-75.234718","1809","6","0","0","0","0","0","1","0","0","","0","0","0","18","3","0","","1","0","39 58:23.861","","0","75 14:04.984","0","0","0","0","67301","0","0","0","N","0","0","0","3","67301","0","","1.0","","9","N","N","N","0","","0","0","1","3","2","","1807","2","0","0","0","0","0","0","2","0","2","0","0","0","7","07","","N","","","","","","","","","",""
"2021076404","0651","1","0","0","0","0","0","0","0","0","5","0","45","67","8","2021","7","40.010352","-75.062879","0651","6","0","0","0","0","0","0","0","0","","0","0","0","6","1","0","N","0","0","40 00:37.268","","0","75 03:46.363","0","0","0","0","67301","0","0","0","N","0","0","0","2","68K01","0","","1.0","","1","N","N","N","0","","0","0","1","0","0","","650","2","0","0","0","0","0","0","2","0","2","0","0","0","3","","Y","Y","4","1","N","N","N","Y","Y","N","Y","N"
"2021049071","0900","1","0","0","0","0","0","0","0","0","4","0","","67","5","2021","7","40.045861","-75.182191","0846","6","0","0","0","0","0","0","0","0","","0","0","0","8","1","0","","1","0","40 02:45.100","","0","75 10:55.887","9","0","0","0","67301","0","0","0","N","0","0","0","2","67301","0","","1.0","","9","N","N","N","0","","0","0","0","2","2","","835","2","0","2","0","0","0","1","2","1","2","0","0","0","7","07","","N","","","","","","","","","",""
"2021050839","0937","1","0","0","0","0","0","0","0","0","7","0","","67","5","2021","7","40.0019","-75.106119","0933","6","0","0","0","0","0","0","0","0","","0","0","0","9","1","0","N","0","0","40 00:06.840","","0","75 06:22.030","0","0","0","0","67301","0","0","0","N","0","0","0","1","67301","0","","4.0","","9","N","N","N","0","","0","0","0","0","0","","923","1","0","0","0","0","0","0","2","0","1","0","0","0","7","07","","N","","","","","","","","","",""
"2021049185","2115","1","0","0","0","0","0","0","0","0","8","0","","67","5","2021","6","40.032131","-75.133487","2111","6","0","0","0","0","0","0","0","0","","0","0","0","21","3","1","","1","0","40 01:55.671","","0","75 08:00.553","3","0","0","0","67301","1","0","0","N","1","0","0","2","67301","0","","1.0","","9","N","N","N","0","","1","0","1","3","3","","2111","3","1","0","0","0","0","0","2","0","2","1","0","0","7","","","N","","","","","","","","","",""