"CRN","ARRIVAL_TM","AUTOMOBILE_COUNT","BELTED_DEATH_COUNT","BELTED_SUSP_SERIOUS_INJ_COUNT","BICYCLE_COUNT","BICYCLE_DEATH_COUNT","BICYCLE_SUSP_SERIOUS_INJ_COUNT","BUS_COUNT","CHLDPAS_DEATH_COUNT","CHLDPAS_SUSP_SERIOUS_INJ_COUNT","COLLISION_TYPE","COMM_VEH_COUNT","CONS_ZONE_SPD_LIM","COUNTY","CRASH_MONTH","CRASH_YEAR","DAY_OF_WEEK","DEC_LATITUDE","DEC_LONGITUDE","DISPATCH_TM","DISTRICT","DRIVER_COUNT_16YR","DRIVER_COUNT_17YR","DRIVER_COUNT_18YR","DRIVER_COUNT_19YR","DRIVER_COUNT_20YR","DRIVER_COUNT_50_64YR","DRIVER_COUNT_65_74YR","DRIVER_COUNT_75PLUS","EST_HRS_CLOSED","FATAL_COUNT","HEAVY_TRUCK_COUNT","HORSE_BUGGY_COUNT","HOUR_OF_DAY","ILLUMINATION","INJURY_COUNT","INTERSECTION_RELATED","INTERSECT_TYPE","LANE_CLOSED","LATITUDE","LN_CLOSE_DIR","LOCATION_TYPE","LONGITUDE","MAX_SEVERITY_LEVEL","MCYCLE_DEATH_COUNT","MCYCLE_SUSP_SERIOUS_INJ_COUNT","MOTORCYCLE_COUNT","MUNICIPALITY","NONMOTR_COUNT","NONMOTR_DEATH_COUNT","NONMOTR_SUSP_SERIOUS_INJ_COUNT","NTFY_HIWY_MAINT","PED_COUNT","PED_DEATH_COUNT","PED_SUSP_SERIOUS_INJ_COUNT","PERSON_COUNT","POLICE_AGCY","POSSIBLE_INJ_COUNT","RDWY_SURF_TYPE_CD","RELATION_TO_ROAD","ROADWAY_CLEARED","ROAD_CONDITION","SCH_BUS_IND","SCH_ZONE_IND","SECONDARY_CRASH","SMALL_TRUCK_COUNT","SPEC_JURIS_CD","SUSP_MINOR_INJ_COUNT","SUSP_SERIOUS_INJ_COUNT","SUV_COUNT","TCD_FUNC_CD","TCD_TYPE","TFC_DETOUR_IND","TIME_OF_DAY","TOTAL_UNITS","TOT_INJ_COUNT","UNBELTED_OCC_COUNT","UNB_DEATH_COUNT","UNB_SUSP_SERIOUS_INJ_COUNT","UNK_INJ_DEG_COUNT","UNK_INJ_PER_COUNT","URBAN_RURAL","VAN_COUNT","VEHICLE_COUNT","VULNERABLE_ROAD_USER_COUNT","VULNERABLE_ROAD_USER_DEATH_COUNT","VULNERABLE_ROAD_USER_SER_INJ_COUNT","WEATHER1","WEATHER2","WORKERS_PRES","WORK_ZONE_IND","WORK_ZONE_LOC","WORK_ZONE_TYPE","WZ_CLOSE_DETOUR","WZ_FLAGGER","WZ_LAW_OFFCR_IND","WZ_LN_CLOSURE","WZ_MOVING","WZ_OTHER","WZ_SHLDER_MDN","WZ_WORKERS_INJ_KILLED"
"2021041096","1655","2","0","0","0","0","0","0","0","0","4","0","","67","4","2021","6","40.021125","-75.139925","1600","6","0","0","0","0","0","1","0","0","","0","0","0","15","1","2","","1","0","40 01:16.051","","0","75 08:23.731","3","0","0","0","67301","0","0","0","N","0","0","0","2","67301","1","","1.0","","1","N","N","N","0","","1","0","0","3","2","","1547","2","2","0","0","0","0","0","2","0","2","0","0","0","3","03","","N","","","","","","","","","",""
"2021037077","1155","2","0","0","0","0","0","0","0","0","4","0","","67","4","2021","6","40.038894","-75.034913","1150","6","0","0","0","0","1","0","0","1","","0","0","0","11","1","1","","2","0","40 02:20.018","","0","75 02:05.687","8","0","0","0","67301","0","0","0","N","0","0","0","2","67301","0","","1.0","","1","N","N","N","0","","0","0","0","3","3","","1145","2","1","0","0","0","1","0","2","0","2","0","0","0","3","03","","N","","","","","","","","","",""
"2021039650","0830","3","0","0","0","0","0","0","0","0","5","0","","67","4","2021","6","39.979961","-75.237386","0823","6","0","0","0","0","0","0","0","0","","0","0","0","5","5","0","N","0","0","39 58:47.860","","0","75 14:14.590","9","0","0","0","67301","0","0","0","N","0","0","0","1","67301","0","","6.0","","1","N","N","N","0","","0","0","2","0","0","","505","5","0","0","0","0","0","1","2","0","5","0","0","0","3","03","","N","","","","","","","","","",""
"2021038737","2314","1","0","0","0","0","0","0","0","0","4","0","","67","4","2021","4","39.969037","-75.160042","2312","6","0","0","0","0","0","0","0","0","","0","0","0","23","3","1","","1","1","39 58:08.534","2","0","75 09:36.152","3","0","0","0","67301","0","0","0","N","0","0","0","3","67301","0","","1.0","30.0","1","N","N","N","0","","1","0","1","3","2","N","2310","2","1","0","0","0","0","0","2","0","2","0","0","0","3","04","","N","","","","","","","","","",""
"2021037385","1825","1","0","0","0","0","0","0","0","0","4","0","","67","4","2021","1","40.015873","-75.153841","1820","6","0","0","0","0","0","1","0","0","","0","0","0","18","1","3","","1","1","40 00:57.144","5","0","75 09:13.828","3","0","0","0","67301","0","0","0","N","0","0","0","4","67301","1","","1.0","1845.0","1","N","N","N","0","","2","0","2","3","2","N","1805","3","3","1","0","0","0","0","2","0","3","0","0","0","3","03","","N","","","","","","","","","",""
"2021038470","0056","0","0","0","0","0","0","0","0","0","7","0","","67","4","2021","4","40.034629","-75.071139","0054","6","0","0","0","0","0","0","0","0","","0","0","0","0","3","1","","1","2","40 02:04.664","1","0","75 04:16.099","8","0","0","0","67301","0","0","0","N","0","0","0","1","67301","0","","4.0","200.0","1","N","N","N","1","","0","0","0","3","2","N","50","1","1","0","0","0","1","0","2","0","1","0","0","0","3","03","","N","","","","","","","","","",""
"2021038476","2143","1","0","0","0","0","0","0","0","0","4","0","","67","4","2021","2","39.977704","-75.161444","2142","6","0","0","0","0","0","0","0","0","","0","0","0","21","3","0","","1","0","39 58:39.733","","0","75 09:41.198","0","0","0","0","67301","0","0","0","N","0","0","0","2","67301","0","","1.0","","1","N","N","N","0","","0","0","1","3","2","","2135","2","0","2","0","0","0","0","2","0","2","0","0","0","3","","","N","","","","","","","","","",""
"2021036901","0905","2","0","0","0","0","0","0","0","0","4","0","","67","4","2021","6","40.047885","-75.060344","0855","6","0","0","0","0","0","0","0","1","","0","0","0","8","1","1","N","0","0","40 02:52.387","","7","75 03:37.239","3","0","0","0","67301","0","0","0","N","0","0","0","3","67301","0","","1.0","","1","N","N","N","0","","1","0","0","0","0","","850","2","1","0","0","0","0","0","2","0","2","0","0","0","3","03","","N","","","","","","","","","",""
"2021075971","1139","2","0","0","0","0","0","0","0","0","2","0","","67","8","2021","7","39.995817","-75.092476","1135","6","0","0","0","0","0","0","0","0","","0","0","0","11","1","2","N","0","1","39 59:44.940","2","7","75 05:32.915","8","0","0","0","67301","0","0","0","N","0","0","0","4","67301","0","","1.0","1220.0","1","N","N","N","0","","0","0","0","3","2","Y","1126","2","2","0","0","0","2","1","2","0","2","0","0","0","3","03","","N","","","","","","","","","",""
"2021038736","1541","1","0","0","0","0","0","0","0","0","1","0","","67","4","2021","3","39.967442","-75.181344","1541","6","0","0","0","0","0","1","0","0","","0","0","0","15","1","2","N","0","0","39 58:02.790","","0","75 10:52.838","4","0","0","1","67301","0","0","0","N","0","0","0","3","67301","1","","1.0","","1","N","N","N","1","","0","0","0","0","0","","1535","3","2","1","0","0","1","0","2","0","3","0","0","0","3","","","N","","","","","","","","","",""
"2021049377","1902","1","0","0","0","0","0","0","0","0","5","0","","67","5","2021","6","39.985193","-75.094073","1846","6","0","0","1","1","0","0","0","0","","0","0","0","18","1","0","N","0","0","39 59:06.694","","3","75 05:38.664","0","0","0","0","67301","0","0","0","N","0","0","0","3","68K01","0","","1.0","","9","N","N","N","0","","0","0","1","0","0","","1841","2","0","0","0","0","0","0","2","0","2","0","0","0","7","","","N","","","","","","","","","",""
"2021037384","1615","1","0","0","0","0","0","0","0","0","7","0","","67","4","2021","1","40.006326","-75.193945","1607","6","0","0","0","0","0","1","0","0","","0","0","0","15","1","1","","7","0","40 00:22.773","","8","75 11:38.203","3","0","0","0","67301","0","0","0","N","0","0","0","2","67301","0","","7.0","","1","N","N","N","0","","1","0","0","0","0","","1514","2","1","1","0","0","0","0","2","1","2","0","0","0","3","03","","N","","","","","","","","","",""
"2021068220","2249","1","0","0","0","0","0","0","0","0","5","0","","67","7","2021","4","39.985914","-75.208235","2248","6","0","0","0","0","0","0","0","0","","0","0","0","21","3","0","N","0","1","39 59:09.290","3","0","75 12:29.646","9","0","0","0","67301","0","0","0","N","0","0","0","2","68K01","0","","1.0","2255.0","1","N","N","N","0","","0","0","0","0","0","N","2156","2","0","0","0","0","0","1","2","0","2","0","0","0","3","","","N","","","","","","","","","",""
"2021039209","1407","1","0","0","0","0","0","0","0","0","4","0","","67","4","2021","4","39.988323","-75.135532","1345","6","0","0","0","1","0","0","0","0","","0","0","0","13","1","1","","1","0","39 59:17.962","","0","75 08:07.915","3","0","0","0","67301","0","0","0","N","0","0","0","3","67301","0","","1.0","","1","N","N","N","0","","1","0","0","3","2","","1330","2","1","0","0","0","0","0","2","1","2","0","0","0","3","","","N","","","","","","","","","",""
"2021037185","1310","2","0","0","0","0","0","0","0","0","4","0","","67","4","2021","6","40.052271","-75.151646","1310","6","0","1","0","0","0","0","0","0","","0","0","0","15","1","1","","1","0","40 03:08.176","","0","75 09:05.927","8","0","0","0","67301","0","0","0","N","0","0","0","3","67301","0","","1.0","","1","N","N","N","0","","0","0","0","3","3","","1500","2","1","0","0","0","1","0","2","0","2","0","0","0","3","03","","N","","","","","","","","","",""
"2021038468","1445","0","0","0","0","0","0","0","0","0","5","0","","67","4","2021","1","40.021152","-75.094375","1440","6","0","0","0","0","0","0","0","0","","0","0","0","14","1","0","N","0","0","40 01:16.146","","0","75 05:39.750","0","0","0","0","67301","0","0","0","N","0","0","0","1","67301","0","","6.0","","1","N","N","N","0","","0","0","2","0","0","","1430","2","0","0","0","0","0","0","2","0","2","0","0","0","3","03","","N","","","","","","","","","",""
"2021040627","2110","1","0","0","0","0","0","0","0","0","1","0","","67","4","2021","7","40.037338","-75.012518","2048","6","0","0","0","0","0","0","0","0","","0","0","0","20","3","0","N","0","0","40 02:14.418","","0","75 00:45.065","0","0","0","0","67301","0","0","0","N","0","0","0","2","68K01","0","","1.0","","1","N","N","N","0","","0","0","1","0","0","","2040","2","0","0","0","0","0","0","2","0","2","0","0","0","3","","","N","","","","","","","","","",""
"2021123362","2149","1","0","0","0","0","0","0","0","0","98","0","","67","12","2021","4","39.997515","-75.081667","2138","6","0","0","0","0","0","0","0","0","","0","0","0","21","2","0","N","0","1","39 59:51.053","1","0","75 04:54.002","0","0","0","0","67301","0","0","0","N","0","0","0","1","68K01","0","","1.0","2157.0","9","N","N","N","0","","0","0","0","0","0","N","2134","1","0","0","0","0","0","0","2","0","1","0","0","0","7","","","N","","","","","","","","","",""
"2021086720","1545","0","0","0","0","0","0","0","0","0","4","0","","67","8","2021","7","39.904045","-75.240114","1515","6","0","0","0","0","0","1","0","0","","0","0","0","15","1","3","","1","0","39 54:14.563","","0","75 14:24.409","3","0","0","0","67301","0","0","0","N","0","0","0","3","67508","2","","1.0","","1","N","N","Y","0","","1","0","1","9","2","N","1515","2","3","2","0","0","0","0","2","0","2","0","0","0","3","03","","N","","","","","","","","","",""
"2021042333","1250","1","0","0","0","0","0","0","0","0","4","0","","67","4","2021","6","40.020858","-75.148713","1243","6","0","0","0","0","0","1","0","0","","0","0","0","12","1","3","","2","0","40 01:15.088","","0","75 08:55.365","3","0","0","0","67301","0","0","0","N","0","0","0","4","67301","0","","1.0","","1","N","N","N","0","","3","0","1","3","3","","1242","2","3","0","0","0","0","0","2","0","2","0","0","0","3","","","N","","","","","","","","","",""
"2021078805","0113","0","0","0","0","0","0","0","0","0","7","0","","67","8","2021","1","39.957722","-75.148833","0110","6","0","0","0","0","0","1","0","0","","0","0","0","0","3","1","N","0","0","39 57:27.800","","1","75 08:55.800","3","0","0","0","67301","0","0","0","N","0","0","0","1","67301","0","","4.0","","9","N","N","N","0","","1","0","1","0","0","","51","1","1","0","0","0","0","0","2","0","1","0","0","0","7","07","","N","","","","","","","","","",""
"2021121368","0910","1","0","0","0","0","0","0","0","0","1","0","","67","12","2021","5","39.94591","-75.142259","0905","6","0","0","0","0","0","0","1","0","","0","0","0","9","1","0","N","0","2","39 56:45.276","1","0","75 08:32.131","0","0","0","0","67301","0","0","0","N","0","0","0","3","68K01","0","","1.0","915.0","1","N","N","N","0","","0","0","2","0","0","N","905","3","0","0","0","0","0","0","2","0","3","0","0","0","3","03","","N","","","","","","","","","",""
"2021077893","0004","1","0","0","0","0","0","0","0","0","1","0","","67","8","2021","5","39.98979","-75.158788","2358","6","0","0","0","0","0","0","0","0","","0","0","0","23","3","1","","1","0","39 59:23.243","","0","75 09:31.636","8","0","0","0","67301","0","0","0","N","0","0","0","3","67301","0","","1.0","","1","N","N","N","0","","0","0","1","3","2","","2314","3","1","1","0","0","1","0","2","0","3","0","0","0","3","03","","N","","","","","","","","","",""
"2021047031","1636","0","0","0","0","0","0","0","0","0","7","0","","67","4","2021","3","39.89821","-75.183534","1616","6","0","0","0","0","0","0","0","0","","0","0","0","16","1","1","N","0","2","39 53:53.557","2","3","75 11:00.722","8","0","0","1","67301","0","0","0","N","0","0","0","1","68K01","0","","3.0","1700.0","1","N","N","N","0","","0","0","0","0","0","N","1611","1","1","0","0","0","1","0","2","0","1","0","0","0","3","03","","N","","","","","","","","","",""
"2021114618","","1","0","0","0","0","0","0","0","0","4","1","","67","6","2021","2","39.954413","-75.148071","","6","0","0","0","0","0","1","0","0","","0","1","0","12","1","2","","1","0","39 57:15.887","","2","75 08:53.056","8","0","0","0","67301","0","0","0","N","0","0","0","6","00000","0","","1.0","","1","N","N","N","0","","0","0","0","3","2","","1200","2","2","0","0","0","2","0","2","0","2","0","0","0","3","","","N","","","","","","","","","",""
"2021123364","1801","0","0","0","0","0","0","0","0","0","1","0","","67","12","2021","5","39.980276","-75.205281","1740","6","0","0","0","0","0","2","0","0","","0","0","0","17","3","0","N","0","0","39 58:48.995","","0","75 12:19.010","0","0","0","0","67301","0","0","0","N","0","0","0","2","68K01","0","","1.0","","1","N","N","N","0","","0","0","2","0","0","","1727","2","0","0","0","0","0","0","2","0","2","0","0","0","3","","","N","","","","","","","","","",""
"2021068059","1327","0","0","0","0","0","0","0","0","0","1","2","55","67","7","2021","4","39.896296","-75.191385","1302","6","0","0","0","0","0","0","0","0","","0","0","0","12","1","0","N","0","1","39 53:46.667","1","3","75 11:28.985","0","0","0","0","67301","0","0","0","N","0","0","0","4","68K01","0","","1.0","30.0","1","N","N","N","2","","0","0","0","0","0","N","1238","2","0","0","0","0","0","0","2","0","2","0","0","0","5","","Y","Y","4","2","N","N","Y","Y","Y","N","Y","N"
"2021121019","1121","3","0","0","0","0","0","0","0","0","2","0","","67","12","2021","5","40.042875","-75.096222","1121","6","0","0","0","1","0","0","0","0","","0","0","0","10","1","1","N","0","0","40 02:34.350","","0","75 05:46.400","4","0","0","0","67301","0","0","0","N","0","0","0","2","67301","1","","1.0","","1","N","N","N","0","","0","0","0","0","0","","1040","3","1","2","0","0","0","0","2","0","3","0","0","0","3","03","","N","","","","","","","","","",""
"2021114649","","2","0","0","0","0","0","0","0","0","4","0","","67","6","2021","2","39.940151","-75.216372","","6","0","0","0","0","0","0","0","0","","0","0","0","99","1","2","","1","0","39 56:24.543","","0","75 12:58.939","8","0","0","0","67301","0","0","0","N","0","0","0","3","00000","0","","1.0","","1","N","N","N","0","","0","0","0","3","2","","9999","2","2","1","0","0","2","0","2","0","2","0","0","0","3","","","N","","","","","","","","","",""
"2021067435","1959","1","0","0","0","0","0","0","0","0","7","0","","67","7","2021","2","40.033056","-75.020762","1959","6","0","0","0","0","0","0","0","0","","0","0","0","19","1","0","N","0","1","40 01:59.003","2","3","75 01:14.742","9","0","0","0","67301","0","0","0","N","0","0","0","1","68K01","0","","4.0","2029.0","8","N","N","N","0","","0","0","0","0","0","N","1937","1","0","0","0","0","0","1","2","0","1","0","0","0","7","","","N","","","","","","","","","",""
"2021079726","0020","2","0","0","0","0","0","0","0","0","4","0","","67","8","2021","3","39.957784","-75.241635","0018","6","0","0","0","0","0","0","0","0","","0","0","0","0","3","0","","1","0","39 57:28.022","","0","75 14:29.886","0","0","0","0","67301","0","0","0","N","0","0","0","2","67301","0","","1.0","","1","N","N","N","0","","0","0","1","3","3","","9","3","0","0","0","0","0","0","2","0","3","0","0","0","3","03","","N","","","","","","","","","",""
"2021077994","0744","1","0","0","1","0","0","0","0","0","8","0","","67","8","2021","5","39.953178","-75.170008","0742","6","0","0","0","0","0","0","0","0","","0","0","0","7","1","1","","1","0","39 57:11.441","","0","75 10:12.028","3","0","0","0","67301","1","0","0","N","0","0","0","2","67301","0","","1.0","","1","N","N","N","0","","1","0","0","3","2","","735","2","1","0","0","0","0","0","2","0","1","1","0","0","3","03","","N","","","","","","","","","",""
"2021041087","1110","1","0","0","0","0","0","0","0","0","8","0","","67","4","2021","5","39.986746","-75.116779","1100","6","0","0","0","0","0","0","0","0","","0","0","0","13","8","1","","1","0","39 59:12.285","","0","75 07:00.404","8","0","0","0","67301","1","0","0","N","1","0","0","2","67301","0","","1.0","","99","N","N","N","0","","0","0","0","0","0","","1300","2","1","0","0","0","1","0","2","0","1","1","0","0","99","","","N","","","","","","","","","",""
"2021059522","2245","0","0","0","0","0","0","0","0","0","8","0","","67","6","2021","7","39.988728","-75.187608","2234","6","0","0","0","0","0","0","0","0","","0","0","0","22","2","1","N","0","0","39 59:19.420","","0","75 11:15.390","8","0","0","0","67301","1","0","0","N","1","0","0","1","67301","0","","1.0","","1","N","N","N","0","","0","0","0","0","0","","2232","2","1","0","0","0","1","0","2","0","1","1","0","0","3","03","","N","","","","","","","","","",""
"2021037759","2143","2","0","0","0","0","0","0","0","0","5","0","","67","4","2021","2","40.036818","-75.063593","2135","6","0","0","0","0","0","0","0","0","","0","0","0","21","3","0","N","0","1","40 02:12.545","1","0","75 03:48.933","0","0","0","0","67301","0","0","0","N","0","0","0","2","67301","0","","1.0","2210.0","1","N","N","N","0","","0","0","0","0","0","N","2133","2","0","2","0","0","0","0","2","0","2","0","0","0","3","03","","N","","","","","","","","","",""
"2021038203","1758","1","0","0","0","0","0","0","0","0","1","0","","67","4","2021","1","39.958791","-75.169112","1736","6","0","0","0","0","1","0","0","0","","0","0","0","17","1","1","N","0","2","39 57:31.648","4","0","75 10:08.802","8","0","0","0","67301","0","0","0","N","0","0","0","3","68K01","0","","1.0","1803.0","1","N","N","N","0","","0","0","2","0","0","N","1734","3","1","0","0","0","1","0","2","0","3","0","0","0","3","","","N","","","","","","","","","",""
"2021079196","1601","1","0","0","0","0","0","0","0","0","4","0","","67","8","2021","1","40.129225","-75.024888","1550","6","0","0","0","0","0","0","0","2","","0","0","0","15","1","0","","1","0","40 07:45.210","","0","75 01:29.597","0","0","0","0","67301","0","0","0","N","0","0","0","3","67301","0","","1.0","","1","N","N","N","0","","0","0","2","3","2","","1538","3","0","0","0","0","0","0","2","0","3","0","0","0","4","04","","N","","","","","","","","","",""
"2021038212","1601","3","0","0","0","0","0","0","0","0","1","0","45","67","4","2021","3","39.89871","-75.171521","1556","6","0","0","1","0","0","0","0","0","","0","0","0","15","1","3","","6","0","39 53:55.357","","2","75 10:17.474","3","0","0","0","67301","0","0","0","N","0","0","0","4","68K01","0","","7.0","","1","N","N","N","0","","3","0","0","3","3","","1544","3","3","1","0","0","0","0","2","0","3","0","0","0","3","","N","Y","4","1","","","N","","","","Y","N"
"2021038830","1355","1","0","0","0","0","0","0","0","0","4","0","","67","4","2021","5","40.041919","-75.074975","1348","6","0","0","0","0","0","0","1","0","","0","0","0","13","1","1","","5","0","40 02:30.909","","0","75 04:29.910","8","0","0","0","67301","0","0","0","N","0","0","0","2","67301","0","","1.0","","9","N","N","N","0","","0","0","1","3","2","","1340","2","1","0","0","0","1","1","2","0","2","0","0","0","7","07","","N","","","","","","","","","",""
"2021078623","1545","1","0","0","0","0","0","0","0","0","4","0","","67","8","2021","1","40.024658","-75.054508","1541","6","0","0","0","0","0","1","0","0","","0","0","0","15","1","0","","1","0","40 01:28.770","","0","75 03:16.227","0","0","0","0","67301","0","0","0","N","0","0","0","2","67301","0","","1.0","","1","N","N","N","0","","0","0","1","3","2","","1515","2","0","0","0","0","0","0","2","0","2","0","0","0","3","03","","N","","","","","","","","","",""
"2021079608","1510","1","0","0","1","0","0","0","0","0","8","0","","67","8","2021","2","39.984124","-75.188052","1507","6","0","0","0","0","0","0","0","0","","0","0","0","15","1","1","","2","0","39 59:02.847","","0","75 11:16.987","3","0","0","0","67301","1","0","0","N","0","0","0","2","67301","0","","1.0","","1","N","N","N","0","","1","0","0","3","2","","1507","2","1","0","0","0","0","0","2","0","1","1","0","0","3","03","","N","","","","","","","","","",""
"2021036904","0815","2","0","0","0","0","0","0","0","0","4","0","","67","4","2021","6","40.019505","-75.149008","0809","6","0","0","0","0","0","0","0","0","","0","0","0","8","1","0","","2","0","40 01:10.218","","0","75 08:56.428","9","0","0","0","67301","0","0","0","N","0","0","0","2","67301","0","","1.0","","1","N","N","N","0","","0","0","0","3","2","","800","2","0","0","0","0","0","1","2","0","2","0","0","0","3","","","N","","","","","","","","","",""
"2021037603","2019","2","0","0","0","0","0","0","0","0","1","0","","67","4","2021","1","39.986903","-75.160861","2015","6","0","0","0","0","0","0","0","0","","0","0","0","20","3","3","N","0","0","39 59:12.850","","0","75 09:39.100","3","0","0","0","67301","0","0","0","N","0","0","0","9","67301","0","","1.0","","1","N","N","Y","0","","3","0","1","0","0","","2015","3","3","0","0","0","0","0","2","0","3","0","0","0","3","","","N","","","","","","","","","",""
"2021080370","1700","1","0","0","1","0","0","0","0","0","8","0","","67","8","2021","5","39.920406","-75.162503","1650","6","0","0","0","0","0","0","0","0","","0","0","0","12","1","1","N","0","0","39 55:13.460","","0","75 09:45.010","3","0","0","0","67301","1","0","0","N","0","0","0","2","67301","0","","1.0","","1","N","N","N","0","","1","0","0","0","0","","1200","2","1","0","0","0","0","0","2","0","1","1","0","0","3","03","","N","","","","","","","","","",""
"2021121358","1336","1","0","0","0","0","0","0","0","0","4","0","","67","11","2021","3","39.904294","-75.150305","1336","6","0","0","0","0","0","0","1","0","","0","0","0","13","1","1","N","0","2","39 54:15.458","2","0","75 09:01.097","3","0","0","0","67301","0","0","0","Y","0","0","0","3","68K01","0","","1.0","1345.0","1","N","N","N","0","","1","0","2","0","0","Y","1332","3","1","0","0","0","0","0","2","0","3","0","0","0","3","","","N","","","","","","","","","",""
"2021039024","0538","1","0","0","0","0","0","0","0","0","7","0","","67","4","2021","5","39.975848","-75.194857","0529","6","0","0","0","0","0","0","0","0","","0","0","0","5","3","1","N","0","0","39 58:33.053","","0","75 11:41.486","3","0","0","0","67301","0","0","0","N","0","0","0","1","68K01","0","","2.0","","1","N","N","N","0","","1","0","0","0","0","","529","1","1","0","0","0","0","0","2","0","1","0","0","0","3","","","N","","","","","","","","","",""
"2021046987","0119","1","0","0","0","0","0","0","0","0","1","0","","67","4","2021","1","39.957064","-75.15263","0119","6","0","0","0","0","0","1","0","0","","0","0","0","1","3","0","N","0","2","39 57:25.431","4","0","75 09:09.468","0","0","0","0","67301","0","0","0","N","0","0","0","2","68K01","0","","1.0","40.0","9","N","N","Y","1","","0","0","0","0","0","N","118","2","0","0","0","0","0","0","2","0","2","0","0","0","7","07","","N","","","","","","","","","",""
"2021038465","1100","0","0","0","0","0","0","0","0","0","5","0","","67","4","2021","4","40.038086","-75.176667","1100","6","0","0","0","0","0","0","0","0","","0","0","0","10","1","1","N","0","0","40 02:17.110","","0","75 10:36.001","3","0","0","0","67301","1","0","0","N","1","0","0","2","67301","0","","1.0","","1","N","N","N","0","","1","0","2","0","0","","1055","3","1","0","0","0","0","0","2","0","2","1","0","0","3","","","N","","","","","","","","","",""
"2021121005","0312","2","0","0","0","0","0","0","0","0","4","0","","67","12","2021","7","40.074164","-75.18702","0309","6","0","0","0","0","0","0","0","0","","0","0","0","2","3","0","","2","0","40 04:26.990","","0","75 11:13.272","0","0","0","0","67301","0","0","0","N","0","0","0","2","67301","0","","1.0","","9","N","N","N","0","","0","0","0","3","3","","256","2","0","0","0","0","0","0","2","0","2","0","0","0","7","05","","N","","","","","","","","","",""
"2021077892","0120","2","0","0","0","0","0","0","0","0","5","0","","67","8","2021","5","39.97835","-75.166617","0118","6","0","0","0","0","0","0","0","0","","0","0","0","1","3","0","N","0","2","39 58:42.060","4","0","75 09:59.820","0","0","0","0","67301","0","0","0","N","0","0","0","1","67301","0","","6.0","216.0","1","N","N","N","0","","0","0","1","0","0","Y","105","3","0","1","0","0","0","0","2","0","3","0","0","0","3","03","","N","","","","","","","","","",""
"2021096331","0540","3","0","0","0","0","0","0","0","0","5","0","","67","8","2021","1","39.953447","-75.248686","0531","6","0","0","0","0","0","0","0","0","","0","0","0","5","2","0","N","0","0","39 57:12.409","","0","75 14:55.269","0","0","0","0","67301","0","0","0","N","0","0","0","3","67301","0","","1.0","","9","N","N","N","0","","0","0","0","0","0","","505","3","0","1","0","0","0","0","2","0","3","0","0","0","7","07","","N","","","","","","","","","",""
"2021121298","0745","2","0","0","0","0","0","0","0","0","2","0","","67","12","2021","7","40.029178","-75.187797","0731","6","0","0","0","0","0","0","0","0","","0","0","0","7","5","1","N","0","2","40 01:45.040","3","0","75 11:16.070","3","0","0","0","67301","0","0","0","N","0","0","0","2","67301","0","","1.0","45.0","9","N","N","N","0","","1","0","0","3","2","N","710","2","1","0","0","0","0","0","2","0","2","0","0","0","7","05","","N","","","","","","","","","",""
"2021097208","1905","0","0","0","0","0","0","0","0","0","8","0","","67","10","2021","1","40.052589","-75.156919","1905","6","0","0","0","0","0","0","0","0","","0","0","0","11","1","1","N","0","0","40 03:09.320","","0","75 09:24.910","8","0","0","0","67301","1","0","0","N","1","0","0","2","67301","0","","1.0","","9","N","N","N","0","","0","0","1","3","3","","1150","2","1","0","0","0","1","0","2","0","1","1","0","0","4","07","","N","","","","","","","","","",""
"2021079933","2208","2","0","0","0","0","0","0","0","0","4","0","","67","8","2021","3","39.949145","-75.247497","2208","6","0","0","1","0","0","0","0","0","","0","0","0","21","3","1","","1","2","39 56:56.921","6","0","75 14:50.989","3","0","0","0","67301","0","0","0","N","0","0","0","2","67301","0","","1.0","2322.0","1","N","N","N","0","","1","0","0","3","3","N","2119","2","1","2","0","0","0","0","2","0","2","0","0","0","3","03","","N","","","","","","","","","",""
"2021081856","1801","0","0","0","0","0","0","0","0","0","4","0","","67","8","2021","5","40.011033","-75.104163","1759","6","0","0","0","0","0","1","0","0","","0","0","0","17","1","3","","1","1","40 00:39.717","4","0","75 06:14.985","8","0","0","0","67301","0","0","0","N","0","0","0","3","67301","0","","1.0","1900.0","1","N","N","N","0","","0","0","2","3","2","Y","1747","2","3","0","0","0","3","0","2","0","2","0","0","0","3","03","","N","","","","","","","","","",""
"2021081828","1710","1","0","0","0","0","0","0","0","0","4","0","","67","8","2021","3","39.945766","-75.166775","1641","6","0","0","0","0","0","2","0","0","","0","0","0","16","1","1","","1","0","39 56:44.757","","0","75 10:00.390","4","0","0","0","67301","0","0","0","N","0","0","0","2","67301","1","","1.0","","1","N","N","Y","0","","0","0","1","3","2","","1637","2","1","0","0","0","0","0","2","0","2","0","0","0","3","","","N","","","","","","","","","",""
"2021079632","0630","2","0","0","0","0","0","0","0","0","4","0","","67","8","2021","7","40.074316","-75.034824","0621","6","0","0","0","0","0","0","0","1","","0","0","0","5","1","1","","1","0","40 04:27.539","","0","75 02:05.367","3","0","0","0","67301","0","0","0","N","0","0","0","2","67301","0","","1.0","","1","N","N","N","0","","1","0","0","3","2","","530","2","1","0","0","0","0","0","2","0","2","0","0","0","3","03","","N","","","","","","","","","",""