"CRN","ARRIVAL_TM","AUTOMOBILE_COUNT","BELTED_DEATH_COUNT","BELTED_SUSP_SERIOUS_INJ_COUNT","BICYCLE_COUNT","BICYCLE_DEATH_COUNT","BICYCLE_SUSP_SERIOUS_INJ_COUNT","BUS_COUNT","CHLDPAS_DEATH_COUNT","CHLDPAS_SUSP_SERIOUS_INJ_COUNT","COLLISION_TYPE","COMM_VEH_COUNT","CONS_ZONE_SPD_LIM","COUNTY","CRASH_MONTH","CRASH_YEAR","DAY_OF_WEEK","DEC_LATITUDE","DEC_LONGITUDE","DISPATCH_TM","DISTRICT","DRIVER_COUNT_16YR","DRIVER_COUNT_17YR","DRIVER_COUNT_18YR","DRIVER_COUNT_19YR","DRIVER_COUNT_20YR","DRIVER_COUNT_50_64YR","DRIVER_COUNT_65_74YR","DRIVER_COUNT_75PLUS","EST_HRS_CLOSED","FATAL_COUNT","HEAVY_TRUCK_COUNT","HORSE_BUGGY_COUNT","HOUR_OF_DAY","ILLUMINATION","INJURY_COUNT","INTERSECTION_RELATED","INTERSECT_TYPE","LANE_CLOSED","LATITUDE","LN_CLOSE_DIR","LOCATION_TYPE","LONGITUDE","MAX_SEVERITY_LEVEL","MCYCLE_DEATH_COUNT","MCYCLE_SUSP_SERIOUS_INJ_COUNT","MOTORCYCLE_COUNT","MUNICIPALITY","NONMOTR_COUNT","NONMOTR_DEATH_COUNT","NONMOTR_SUSP_SERIOUS_INJ_COUNT","NTFY_HIWY_MAINT","PED_COUNT","PED_DEATH_COUNT","PED_SUSP_SERIOUS_INJ_COUNT","PERSON_COUNT","POLICE_AGCY","POSSIBLE_INJ_COUNT","RDWY_SURF_TYPE_CD","RELATION_TO_ROAD","ROADWAY_CLEARED","ROAD_CONDITION","SCH_BUS_IND","SCH_ZONE_IND","SECONDARY_CRASH","SMALL_TRUCK_COUNT","SPEC_JURIS_CD","SUSP_MINOR_INJ_COUNT","SUSP_SERIOUS_INJ_COUNT","SUV_COUNT","TCD_FUNC_CD","TCD_TYPE","TFC_DETOUR_IND","TIME_OF_DAY","TOTAL_UNITS","TOT_INJ_COUNT","UNBELTED_OCC_COUNT","UNB_DEATH_COUNT","UNB_SUSP_SERIOUS_INJ_COUNT","UNK_INJ_DEG_COUNT","UNK_INJ_PER_COUNT","URBAN_RURAL","VAN_COUNT","VEHICLE_COUNT","VULNERABLE_ROAD_USER_COUNT","VULNERABLE_ROAD_USER_DEATH_COUNT","VULNERABLE_ROAD_USER_SER_INJ_COUNT","WEATHER1","WEATHER2","WORKERS_PRES","WORK_ZONE_IND","WORK_ZONE_LOC","WORK_ZONE_TYPE","WZ_CLOSE_DETOUR","WZ_FLAGGER","WZ_LAW_OFFCR_IND","WZ_LN_CLOSURE","WZ_MOVING","WZ_OTHER","WZ_SHLDER_MDN","WZ_WORKERS_INJ_KILLED"
"2021078300","1323","0","0","0","0","0","0","0","0","0","0","0","","67","8","2021","7","39.908972","-75.150861","1321","6","0","0","0","0","0","0","0","0","","0","0","0","13","1","1","N","0","1","39 54:32.300","4","3","75 09:03.100","3","0","0","1","67301","0","0","0","N","0","0","0","1","67501","0","","1.0","1335.0","1","N","N","N","0","","1","0","0","3","8","N","1321","1","1","0","0","0","0","0","2","0","1","0","0","0","3","","","N","","","","","","","","","",""
"2021078557","1803","3","0","0","0","0","0","0","0","0","4","0","","67","8","2021","7","39.958557","-75.160057","1757","6","0","0","0","0","0","0","0","0","","0","0","0","17","1","0","","1","0","39 57:30.804","","0","75 09:36.205","0","0","0","0","67301","0","0","0","N","0","0","0","2","67301","0","","1.0","","9","N","N","Y","0","","0","0","0","3","3","","1750","3","0","0","0","0","0","0","2","0","3","0","0","0","4","04","","N","","","","","","","","","",""
"2021078699","1626","1","0","0","0","0","0","0","0","0","4","0","","67","8","2021","1","39.917293","-75.174584","1623","6","0","0","0","0","0","0","0","0","","0","0","0","14","1","0","","1","0","39 55:02.254","","0","75 10:28.502","9","0","0","0","67301","0","0","0","N","0","0","0","2","67301","0","","1.0","","1","N","N","N","0","","0","0","1","3","2","","1410","2","0","0","0","0","0","1","2","0","2","0","0","0","3","03","","N","","","","","","","","","",""
"2021121408","1237","3","0","0","0","0","0","0","0","0","5","0","","67","12","2021","1","40.055419","-75.169883","1230","6","0","0","0","0","0","0","0","0","","0","0","0","12","1","0","N","0","0","40 03:19.510","","0","75 10:11.580","9","0","0","0","67301","0","0","0","N","0","0","0","1","67301","0","","1.0","","1","N","N","N","0","","0","0","0","0","0","","1225","3","0","0","0","0","0","1","2","0","3","0","0","0","3","","","N","","","","","","","","","",""
"2021079708","0804","2","0","0","0","0","0","0","0","0","5","0","","67","8","2021","3","40.039074","-75.017839","0759","6","0","0","0","0","0","1","0","0","","0","0","0","7","1","2","","2","0","40 02:20.668","","7","75 01:04.222","3","0","0","0","67301","0","0","0","N","0","0","0","3","67301","0","","1.0","","1","N","N","N","1","","2","0","0","0","0","","731","3","2","0","0","0","0","0","2","0","3","0","0","0","3","03","","N","","","","","","","","","",""
"2021081312","1256","2","0","0","0","0","0","0","0","0","5","0","","67","8","2021","5","39.997842","-75.0802","1242","6","0","0","0","0","0","0","0","0","","0","0","0","12","1","0","N","0","2","39 59:52.230","2","0","75 04:48.720","0","0","0","0","67301","0","0","0","N","0","0","0","1","67301","0","","6.0","1256.0","1","N","N","N","0","","0","0","1","0","0","Y","1216","3","0","0","0","0","0","0","2","0","3","0","0","0","3","","","N","","","","","","","","","",""
"2021078632","1728","1","0","0","0","0","0","0","0","0","4","0","","67","8","2021","7","39.943107","-75.215286","1712","6","0","0","0","0","0","3","0","0","","0","0","0","17","1","3","","1","0","39 56:35.185","","0","75 12:55.029","2","0","0","0","67301","0","0","0","N","0","0","0","4","67301","1","","1.0","","1","N","N","N","0","","1","1","2","3","1","","1709","3","3","0","0","0","0","0","2","0","3","0","0","0","4","","","N","","","","","","","","","",""
"2021102943","0250","0","0","0","0","0","0","0","0","0","4","0","","67","8","2021","1","40.006764","-75.13157","0245","6","0","0","0","0","0","0","0","0","","0","0","0","2","3","1","","1","0","40 00:24.352","","0","75 07:53.653","3","0","0","0","67301","0","0","0","N","0","0","0","2","67301","0","","1.0","","9","N","N","N","0","","1","0","1","3","2","","245","2","1","1","0","0","0","0","2","0","2","0","0","0","7","07","","N","","","","","","","","","",""
"2021123680","1150","1","0","0","0","0","0","0","0","0","5","0","","67","12","2021","6","40.083528","-74.969903","1141","6","0","0","0","0","0","0","0","0","","0","0","0","11","1","1","N","0","0","40 05:00.700","","0","74 58:11.650","3","0","0","1","67301","0","0","0","N","0","0","0","2","67301","0","","1.0","","1","N","N","N","0","","1","0","0","0","0","","1140","2","1","0","0","0","0","0","2","0","2","0","0","0","3","","","N","","","","","","","","","",""
"2021080452","1632","2","0","0","0","0","0","0","0","0","1","0","","67","8","2021","5","39.96249","-75.206823","1626","6","0","0","1","0","0","0","0","0","","0","0","0","16","1","4","","1","0","39 57:44.963","","0","75 12:24.561","3","0","0","0","67301","0","0","0","N","0","0","0","7","67301","3","","1.0","","1","N","N","N","1","","1","0","0","3","2","","1623","4","4","0","0","0","0","1","2","1","4","0","0","0","3","","","N","","","","","","","","","",""
"2021083039","1004","2","0","0","0","0","0","0","0","0","4","0","","67","8","2021","5","40.014806","-75.085544","1002","6","0","0","0","0","0","0","2","0","","0","0","0","10","1","3","","1","0","40 00:53.302","","1","75 05:07.958","3","0","0","0","67301","0","0","0","N","0","0","0","3","67301","0","","1.0","","1","N","N","N","0","","3","0","0","3","1","","1000","2","3","3","0","0","0","0","2","0","2","0","0","0","3","03","","N","","","","","","","","","",""
"2021078213","1122","0","0","0","0","0","0","0","0","0","4","0","","67","8","2021","6","39.962727","-75.203921","1120","6","0","0","0","0","0","0","0","0","","0","0","0","9","1","0","","1","0","39 57:45.818","","0","75 12:14.114","0","0","0","0","67301","0","0","0","N","0","0","0","2","67301","0","","1.0","","9","N","N","N","1","","0","0","1","3","3","","952","2","0","2","0","0","0","0","2","0","2","0","0","0","7","","","N","","","","","","","","","",""
"2021078859","1233","2","0","0","0","0","0","0","0","0","5","0","","67","8","2021","6","40.006071","-75.193561","1227","6","0","0","0","0","0","1","0","0","","0","0","0","12","1","2","","3","1","40 00:21.857","3","8","75 11:36.821","8","0","0","0","67301","0","0","0","N","0","0","0","6","68K01","0","","1.0","1323.0","1","N","N","N","0","","0","0","0","0","0","N","1227","2","2","1","0","0","2","0","2","0","2","0","0","0","4","","","N","","","","","","","","","",""
"2021084024","0740","1","0","0","0","0","0","0","0","0","7","0","","67","8","2021","5","39.974133","-75.204551","0730","6","0","0","0","0","0","0","0","0","","0","0","0","7","3","1","N","0","0","39 58:26.880","","0","75 12:16.385","4","0","0","0","67301","0","0","0","N","0","0","0","1","67508","1","","4.0","","1","N","N","Y","0","","0","0","0","0","0","","730","1","1","0","0","0","0","0","2","0","1","0","0","0","3","03","","N","","","","","","","","","",""
"2021089295","1510","1","0","0","0","0","0","0","0","0","1","0","","67","8","2021","4","39.890806","-75.222083","1448","6","0","0","0","0","0","0","0","0","","0","0","0","14","1","0","N","0","1","39 53:26.903","1","2","75 13:19.500","0","0","0","0","67301","0","0","0","N","0","0","0","3","68K01","0","","1.0","1510.0","1","N","N","N","1","","0","0","1","0","0","Y","1445","3","0","0","0","0","0","0","2","0","3","0","0","0","3","","","N","","","","","","","","","",""
"2021080572","1739","1","0","0","0","0","0","0","0","0","1","0","","67","8","2021","2","39.989651","-75.107345","1738","6","0","0","0","0","0","0","0","0","","0","0","0","17","1","1","","1","0","39 59:22.742","","0","75 06:26.442","3","0","0","0","67301","0","0","0","N","0","0","0","3","67301","0","","1.0","","1","N","N","N","0","","1","0","1","3","2","","1736","2","1","0","0","0","0","0","2","0","2","0","0","0","3","03","","N","","","","","","","","","",""
"2021123507","0138","5","0","0","0","0","0","0","0","0","5","0","","67","12","2021","4","39.971128","-75.165506","0133","6","0","0","0","0","0","0","0","0","","0","0","0","1","3","2","N","0","2","39 58:16.059","6","0","75 09:55.823","3","0","0","0","67301","0","0","0","N","0","0","0","2","67301","0","","1.0","330.0","1","N","N","N","0","","2","0","0","0","0","Y","130","5","2","0","0","0","0","0","2","0","5","0","0","0","3","03","","N","","","","","","","","","",""
"2021108975","0522","0","0","0","0","0","0","1","0","0","4","1","","67","11","2021","2","40.039826","-75.144452","0520","6","0","0","0","0","0","0","0","0","","0","0","0","5","3","1","","1","1","40 02:23.374","1","0","75 08:40.028","3","0","0","0","67301","0","0","0","N","0","0","0","2","67508","0","","1.0","9999.0","1","N","N","Y","0","","1","0","1","3","2","N","520","2","1","0","0","0","0","0","2","0","2","0","0","0","3","03","","N","","","","","","","","","",""
"2021080886","1700","1","0","0","0","0","0","0","0","0","4","0","","67","8","2021","6","39.916511","-75.169295","1653","6","0","0","0","0","0","1","0","0","","0","0","0","16","1","2","","1","0","39 54:59.439","","0","75 10:09.463","4","0","0","0","67301","0","0","0","N","0","0","0","4","67301","2","","1.0","","1","N","N","N","0","","0","0","1","3","2","","1646","2","2","0","0","0","0","0","2","0","2","0","0","0","3","03","","N","","","","","","","","","",""
"2021122139","1925","0","0","0","0","0","0","0","0","0","8","0","","67","12","2021","2","40.063588","-75.054471","1920","6","0","0","0","0","0","0","0","0","","0","0","0","19","3","1","N","0","0","40 03:48.918","","0","75 03:16.095","3","0","0","0","67301","1","0","0","N","1","0","0","1","67301","0","","3.0","","1","N","N","N","1","","1","0","0","0","0","","1915","2","1","0","0","0","0","0","2","0","1","1","0","0","3","03","","N","","","","","","","","","",""
"2021121195","0630","1","0","0","0","0","0","0","0","0","1","0","","67","12","2021","6","40.008217","-75.203131","0622","6","0","0","0","0","0","1","0","0","","0","0","0","6","3","2","N","0","1","40 00:29.581","3","0","75 12:11.273","4","0","0","0","67301","0","0","0","N","0","0","0","3","68K01","2","","1.0","647.0","1","N","N","N","0","","0","0","1","0","0","Y","620","2","2","0","0","0","0","0","2","0","2","0","0","0","3","","","N","","","","","","","","","",""
"2021083038","1149","0","0","0","0","0","0","0","0","0","8","0","","67","8","2021","6","40.035741","-75.081016","1145","6","0","0","0","0","0","0","0","0","","0","0","0","11","1","1","","1","0","40 02:08.666","","0","75 04:51.659","8","0","0","0","67301","1","0","0","N","1","0","0","3","67301","0","","1.0","","1","N","N","Y","0","","0","0","2","3","2","","1144","3","1","0","0","0","1","0","2","0","2","1","0","0","3","03","","N","","","","","","","","","",""
"2021080382","1500","1","0","0","0","0","0","0","0","0","1","0","","67","8","2021","1","40.021739","-75.139756","1500","6","0","0","0","0","0","0","0","0","","0","0","0","14","1","1","","1","0","40 01:18.260","","0","75 08:23.123","4","0","0","0","67301","0","0","0","N","0","0","0","2","67301","1","","1.0","","99","N","N","N","0","","0","0","1","3","2","","1440","2","1","2","0","0","0","1","2","0","2","0","0","0","99","","","N","","","","","","","","","",""
"2021122956","0148","1","0","0","0","0","0","0","0","0","5","0","","67","12","2021","3","39.950667","-75.183073","0130","6","0","0","0","0","1","0","0","0","","0","0","0","1","3","1","N","0","0","39 57:02.400","","0","75 10:59.061","3","0","0","0","67301","0","0","0","N","0","0","0","2","68K01","0","","1.0","","1","N","N","N","0","","1","0","0","0","0","","129","2","1","0","0","0","0","1","2","0","2","0","0","0","3","03","","N","","","","","","","","","",""
"2021118000","","2","0","0","0","0","0","0","0","0","4","0","","67","6","2021","5","39.918694","-75.209667","","6","0","0","0","0","0","0","0","0","","0","0","0","11","1","1","N","0","0","39 55:07.300","","7","75 12:34.800","8","0","0","0","67301","0","0","0","N","0","0","0","2","00000","0","","1.0","","1","N","N","N","0","","0","0","0","0","0","","1100","2","1","0","0","0","1","0","2","0","2","0","0","0","3","","","N","","","","","","","","","",""
"2021080955","0443","0","0","0","0","0","0","0","0","0","5","0","","67","8","2021","5","39.917979","-75.210079","0443","6","0","0","0","0","0","1","0","0","","0","0","0","4","3","1","N","0","0","39 55:04.723","","0","75 12:36.285","4","0","0","0","67301","0","0","0","N","0","0","0","2","67301","1","","1.0","","1","N","N","N","1","","0","0","1","0","0","","443","2","1","1","0","0","0","0","2","0","2","0","0","0","3","03","","N","","","","","","","","","",""
"2021078970","0033","2","0","0","0","0","0","0","0","0","4","0","","67","8","2021","6","39.934145","-75.216401","0025","6","0","0","0","0","0","0","0","0","","0","0","0","0","3","1","","1","0","39 56:02.921","","0","75 12:59.043","3","0","0","0","67301","0","0","0","N","0","0","0","2","67301","0","","1.0","","1","N","N","N","0","","1","0","0","3","3","","20","2","1","0","0","0","0","1","2","0","2","0","0","0","3","03","","N","","","","","","","","","",""
"2021097564","0822","0","0","0","0","0","0","0","0","0","4","0","","67","10","2021","3","40.011825","-75.097751","0818","6","0","0","0","1","0","0","0","0","","0","0","0","6","5","3","","1","0","40 00:42.571","","0","75 05:51.903","3","0","0","0","67301","0","0","0","N","0","0","0","3","67301","0","","1.0","","1","N","N","N","1","","2","0","1","3","2","","650","2","3","0","0","0","1","0","2","0","2","0","0","0","3","","","N","","","","","","","","","",""
"2021121705","1959","1","0","0","0","0","0","0","0","0","5","0","","67","12","2021","5","40.006154","-75.197844","1946","6","0","0","0","0","0","0","0","0","","0","0","0","19","3","1","N","0","0","40 00:22.156","","0","75 11:52.237","8","0","0","0","67301","0","0","0","N","0","0","0","2","68K01","0","","1.0","","1","N","N","N","0","","0","0","0","3","8","","1934","2","1","0","0","0","1","1","2","0","2","0","0","0","3","","","N","","","","","","","","","",""
"2021079236","0917","3","0","0","0","0","0","0","0","0","4","0","","67","8","2021","2","40.01313","-75.152385","0917","6","0","0","0","0","0","0","0","0","","0","0","0","9","1","1","","3","0","40 00:47.268","","0","75 09:08.585","3","0","0","0","67301","0","0","0","N","0","0","0","2","67301","0","","1.0","","9","N","N","N","0","","1","0","0","3","3","","917","3","1","0","0","0","0","0","2","0","3","0","0","0","7","","","N","","","","","","","","","",""
"2021080384","2140","1","0","0","0","0","0","0","0","0","1","0","","67","8","2021","2","40.042115","-75.112764","2140","6","0","0","0","0","0","0","0","0","","0","0","0","16","1","3","N","0","0","40 02:31.615","","3","75 06:45.950","4","0","0","0","67301","0","0","0","N","0","0","0","4","67301","3","","1.0","","99","N","N","N","0","","0","0","1","0","0","","1645","2","3","4","0","0","0","1","2","0","2","0","0","0","99","","","N","","","","","","","","","",""
"2021106850","1845","0","0","0","0","0","0","0","0","0","8","0","","67","10","2021","1","39.95194","-75.159916","1843","6","0","0","0","0","0","0","0","0","","0","0","0","18","3","1","","1","0","39 57:06.984","","0","75 09:35.699","3","0","0","0","67301","1","0","0","N","1","0","0","2","67301","0","","1.0","","1","N","N","N","0","","1","0","1","3","2","","1828","2","1","0","0","0","0","1","2","0","1","1","0","0","3","03","","N","","","","","","","","","",""
"2021079150","0430","2","0","0","0","0","0","0","0","0","4","0","","67","8","2021","1","39.94981","-75.15549","0430","6","0","0","0","0","0","0","0","0","","0","0","0","2","3","0","","1","0","39 56:59.317","","0","75 09:19.765","9","0","0","0","67301","0","0","0","N","0","0","0","3","67301","0","","1.0","","9","N","N","N","0","","0","0","0","3","2","","230","2","0","0","0","0","0","1","2","0","2","0","0","0","7","07","","N","","","","","","","","","",""
"2021107242","1925","0","0","0","0","0","0","0","0","0","5","0","","67","10","2021","6","39.956721","-75.223546","1920","6","0","0","0","0","0","0","0","0","","0","0","0","19","3","1","","2","0","39 57:24.197","","99","75 13:24.767","8","0","0","0","67301","0","0","0","N","0","0","0","3","67301","0","","1.0","","1","N","N","N","0","","0","0","1","3","2","","1916","2","1","0","0","0","1","1","2","0","2","0","0","0","3","","","N","","","","","","","","","",""
"2021078391","2057","2","0","0","0","0","0","0","0","0","1","0","","67","8","2021","5","40.021613","-75.14844","2053","6","0","0","0","0","0","0","0","0","","0","0","0","20","3","2","N","0","0","40 01:17.808","","0","75 08:54.384","3","0","0","0","67301","0","0","0","N","0","0","0","3","67301","0","","1.0","","1","N","N","N","0","","2","0","0","0","0","","2039","2","2","0","0","0","0","0","2","0","2","0","0","0","3","03","","N","","","","","","","","","",""
"2021081436","0718","0","0","0","0","0","0","0","0","0","4","0","","67","8","2021","3","39.923905","-75.222104","0714","6","0","0","0","0","0","0","0","0","","0","0","0","6","5","1","","1","0","39 55:26.057","","0","75 13:19.574","3","0","0","0","67301","0","0","0","N","0","0","0","2","67301","0","","1.0","","1","N","N","N","0","","1","0","2","3","2","","609","2","1","0","0","0","0","0","2","0","2","0","0","0","3","03","","N","","","","","","","","","",""
"2021097242","1514","3","0","0","0","0","0","0","0","0","5","0","","67","9","2021","2","39.973328","-75.120553","1514","6","0","0","0","0","0","1","0","0","","0","0","0","15","1","0","N","0","1","39 58:23.980","2","0","75 07:13.990","0","0","0","0","67301","0","0","0","N","0","0","0","4","68K01","0","","1.0","1600.0","1","N","N","N","1","","0","0","0","0","0","Y","1509","4","0","0","0","0","0","0","2","0","4","0","0","0","3","","","N","","","","","","","","","",""
"2021123645","1550","0","0","0","0","0","0","0","0","0","8","0","","67","12","2021","3","40.041186","-75.139478","1545","6","0","0","0","0","0","0","1","0","","0","0","0","15","1","1","N","0","0","40 02:28.270","","0","75 08:22.120","8","0","0","0","67301","1","0","0","N","1","0","0","2","67301","0","","1.0","","1","N","N","N","0","","0","0","1","0","0","","1538","2","1","0","0","0","1","0","2","0","1","1","0","0","3","","","N","","","","","","","","","",""
"2021080919","1700","1","0","0","0","0","0","0","0","0","1","0","","67","8","2021","5","39.954667","-75.226222","1700","6","0","0","0","1","0","1","0","0","","0","0","0","14","1","1","N","0","0","39 57:16.800","","0","75 13:34.400","3","0","0","0","67301","0","0","0","N","0","0","0","2","67301","0","","1.0","","1","N","N","N","0","","1","0","1","0","0","","1430","2","1","0","0","0","0","1","2","0","2","0","0","0","3","03","","N","","","","","","","","","",""
"2021079286","1735","3","0","0","0","0","0","0","0","0","5","0","","67","8","2021","7","39.938314","-75.142102","1724","6","0","1","0","0","0","1","0","0","","0","0","0","17","1","0","Y","0","0","39 56:17.930","","0","75 08:31.568","0","0","0","0","67301","0","0","0","N","0","0","0","3","67301","0","","1.0","","9","N","N","N","0","","0","0","0","3","2","","1722","3","0","0","0","0","0","0","2","0","3","0","0","0","7","07","","N","","","","","","","","","",""
"2021079223","1304","1","0","0","0","0","0","0","0","0","6","0","","67","8","2021","6","40.009469","-75.110483","1304","6","0","0","1","0","0","0","0","0","","0","0","0","8","1","0","N","0","0","40 00:34.090","","0","75 06:37.740","9","0","0","0","67301","0","0","0","N","0","0","0","2","67301","0","","1.0","","9","N","N","N","0","","0","0","1","0","0","","809","2","0","0","0","0","0","1","2","0","2","0","0","0","7","07","","N","","","","","","","","","",""
"2021080800","1810","2","0","0","0","0","0","0","0","0","1","0","","67","8","2021","1","40.018438","-75.149133","1810","6","0","0","0","0","0","0","0","0","","0","0","0","16","1","0","","1","0","40 01:06.376","","0","75 08:56.880","9","0","0","0","67301","0","0","0","N","0","0","0","3","67301","0","","1.0","","99","N","N","N","0","","0","0","0","3","2","","1640","2","0","3","0","0","0","1","2","0","2","0","0","0","99","","","N","","","","","","","","","",""
"2021104287","1911","0","0","0","0","0","0","0","0","0","1","0","","67","8","2021","6","40.007333","-75.127361","1910","6","0","0","0","0","0","0","0","0","","0","0","0","18","1","0","N","0","0","40 00:26.400","","0","75 07:38.500","0","0","0","0","67301","0","0","0","N","0","0","0","2","67301","0","","6.0","","1","N","N","N","0","","0","0","1","0","0","","1813","2","0","0","0","0","0","0","2","1","2","0","0","0","3","","","N","","","","","","","","","",""
"2021079130","1704","1","0","0","0","0","0","0","0","0","4","0","","67","8","2021","2","40.054292","-75.071552","1649","6","0","0","0","0","0","0","0","0","","0","0","0","15","1","1","","1","0","40 03:15.451","","0","75 04:17.588","3","0","0","0","67301","0","0","0","N","0","0","0","2","67301","0","","1.0","","9","N","N","N","0","","1","0","1","3","2","","1552","2","1","1","0","0","0","0","2","0","2","0","0","0","7","04","","N","","","","","","","","","",""
"2021121517","0255","1","0","0","0","0","0","0","0","0","5","0","","67","12","2021","1","40.036758","-75.062813","0251","6","0","0","1","0","0","0","0","0","","0","0","0","2","3","0","N","0","1","40 02:12.328","1","0","75 03:46.128","0","0","0","0","67301","0","0","0","N","0","0","0","1","67301","0","","1.0","500.0","1","N","N","N","0","","0","0","0","3","2","Y","245","2","0","0","0","0","0","0","2","0","2","0","0","0","3","03","","N","","","","","","","","","",""
"2021097258","0737","1","0","0","0","0","0","0","0","0","1","0","","67","9","2021","4","39.890655","-75.199891","0713","6","0","0","0","0","0","1","0","0","","0","0","0","7","1","0","N","0","0","39 53:26.357","","3","75 11:59.608","0","0","0","0","67301","0","0","0","N","0","0","0","2","68K01","0","","1.0","","1","N","N","N","1","","0","0","0","0","0","","710","2","0","0","0","0","0","0","2","0","2","0","0","0","3","","","N","","","","","","","","","",""
"2021080813","2236","2","0","0","0","0","0","0","0","0","4","0","","67","8","2021","6","39.955022","-75.168","2234","6","0","0","0","0","0","0","0","0","","0","0","0","22","3","2","","1","1","39 57:18.079","2","0","75 10:04.799","3","0","0","0","67301","0","0","0","N","0","0","0","3","67301","1","","1.0","15.0","1","N","N","N","0","","1","0","0","3","2","N","2225","2","2","0","0","0","0","0","2","0","2","0","0","0","3","03","","N","","","","","","","","","",""
"2021103652","1335","0","0","0","0","0","0","0","0","0","8","0","","67","10","2021","5","40.041798","-75.046212","1328","6","0","0","0","0","0","1","0","0","","0","0","0","13","1","1","","1","0","40 02:30.474","","0","75 02:46.362","3","0","0","0","67301","1","0","0","N","1","0","0","2","67301","0","","1.0","","1","N","N","N","1","","1","0","0","3","3","","1328","2","1","0","0","0","0","0","2","0","1","1","0","0","3","03","","N","","","","","","","","","",""
"2021080160","1057","1","0","0","0","0","0","0","0","0","4","0","","67","8","2021","5","39.978988","-75.160225","1053","6","0","1","1","0","0","0","0","0","","0","0","0","10","1","2","","1","0","39 58:44.355","","0","75 09:36.809","4","0","0","0","67301","0","0","0","N","0","0","0","4","67505","2","","1.0","","1","N","N","N","0","","0","0","2","3","3","","1050","3","2","0","0","0","0","0","2","0","3","0","0","0","3","03","","N","","","","","","","","","",""
"2021095801","1155","1","0","0","0","0","0","0","0","0","4","0","","67","10","2021","6","40.073397","-75.16905","1155","6","0","0","0","0","0","1","0","0","","0","0","0","11","1","1","Y","0","0","40 04:24.230","","0","75 10:08.580","3","0","0","0","67301","0","0","0","N","0","0","0","2","67301","0","","1.0","","1","N","N","N","0","","1","0","1","3","3","","1155","2","1","0","0","0","0","0","2","0","2","0","0","0","3","","","N","","","","","","","","","",""
"2021121720","0552","1","0","0","0","0","0","0","0","0","4","0","","67","12","2021","7","39.960997","-75.181976","0552","6","0","0","0","0","0","1","0","0","","0","0","0","5","3","0","N","0","2","39 57:39.590","4","0","75 10:55.112","0","0","0","0","67301","0","0","0","N","0","0","0","2","68K01","0","","4.0","600.0","9","N","N","Y","0","","0","0","1","0","0","N","552","2","0","0","0","0","0","0","2","0","2","0","0","0","7","07","","N","","","","","","","","","",""
"2021079725","0445","2","0","0","0","0","0","0","0","0","4","0","","67","8","2021","2","39.959215","-75.231094","0443","6","0","1","0","0","0","0","0","0","","0","0","0","3","3","0","","1","0","39 57:33.175","","0","75 13:51.938","0","0","0","0","67301","0","0","0","N","0","0","0","2","67301","0","","1.0","","9","N","N","N","0","","0","0","0","3","2","","345","2","0","0","0","0","0","0","2","0","2","0","0","0","7","07","","N","","","","","","","","","",""
"2021100311","0017","0","0","0","0","0","0","0","0","0","7","0","","67","9","2021","3","40.004363","-75.194989","0015","6","0","0","0","0","0","0","0","0","","1","0","0","0","3","1","N","0","2","40 00:15.708","4","8","75 11:41.959","1","0","0","0","67301","0","0","0","N","0","0","0","2","68K01","0","1","7.0","430.0","1","N","N","N","0","0","0","0","1","0","0","Y","7","1","1","0","0","0","1","0","2","0","1","0","0","0","3","03","","N","","","","","","","","","",""
"2021099123","0845","1","0","0","0","0","0","0","0","0","7","0","","67","10","2021","2","39.938847","-75.157361","0845","6","0","0","0","0","0","0","0","0","","0","0","0","8","1","0","N","0","0","39 56:19.850","","0","75 09:26.500","0","0","0","0","67301","0","0","0","N","0","0","0","1","67301","0","","6.0","","1","N","N","N","0","","0","0","0","9","9","","805","1","0","0","0","0","0","0","2","0","1","0","0","0","3","","","N","","","","","","","","","",""
"2021097442","0449","1","0","0","0","0","0","0","0","0","7","0","","67","9","2021","1","40.026934","-75.02557","0447","6","0","0","0","0","1","0","0","0","","0","0","0","4","3","1","N","0","0","40 01:36.964","","0","75 01:32.053","8","0","0","0","67301","0","0","0","N","0","0","0","1","68K01","0","","4.0","","1","N","N","N","0","","0","0","0","0","0","","439","1","1","0","0","0","1","0","2","0","1","0","0","0","3","","","N","","","","","","","","","",""
"2021097634","1548","0","0","0","0","0","0","0","0","0","7","0","","67","10","2021","2","39.893651","-75.220946","1538","6","0","0","0","0","0","0","0","0","","1","0","0","15","1","0","N","0","0","39 53:37.144","","3","75 13:15.406","1","1","0","1","67301","0","0","0","N","0","0","0","1","67301","0","2","4.0","","1","N","N","N","0","0","0","0","0","0","0","","1538","1","0","0","0","0","0","0","2","0","1","0","0","0","4","04","","N","","","","","","","","","",""
"2021095784","1345","2","0","0","0","0","0","0","0","0","4","0","","67","10","2021","6","39.954266","-75.139488","1340","6","0","0","0","0","0","0","0","0","","0","0","0","13","1","0","","2","0","39 57:15.358","","0","75 08:22.158","0","0","0","0","67301","0","0","0","N","0","0","0","2","67301","0","","1.0","","1","N","N","N","0","","0","0","0","0","0","","1330","2","0","0","0","0","0","0","2","0","2","0","0","0","3","03","","N","","","","","","","","","",""
"2021097557","0110","0","0","0","0","0","0","0","0","0","8","0","","67","9","2021","1","39.997342","-75.120319","0104","6","0","0","0","0","0","0","0","0","","0","0","0","23","3","1","","1","0","39 59:50.432","","0","75 07:13.150","3","0","0","0","67301","1","0","0","N","0","0","0","1","67301","0","","1.0","","1","N","N","N","0","","1","0","0","0","0","","2307","2","1","0","0","0","0","0","2","0","1","1","0","0","3","03","","N","","","","","","","","","",""