"CRN","ARRIVAL_TM","AUTOMOBILE_COUNT","BELTED_DEATH_COUNT","BELTED_SUSP_SERIOUS_INJ_COUNT","BICYCLE_COUNT","BICYCLE_DEATH_COUNT","BICYCLE_SUSP_SERIOUS_INJ_COUNT","BUS_COUNT","CHLDPAS_DEATH_COUNT","CHLDPAS_SUSP_SERIOUS_INJ_COUNT","COLLISION_TYPE","COMM_VEH_COUNT","CONS_ZONE_SPD_LIM","COUNTY","CRASH_MONTH","CRASH_YEAR","DAY_OF_WEEK","DEC_LATITUDE","DEC_LONGITUDE","DISPATCH_TM","DISTRICT","DRIVER_COUNT_16YR","DRIVER_COUNT_17YR","DRIVER_COUNT_18YR","DRIVER_COUNT_19YR","DRIVER_COUNT_20YR","DRIVER_COUNT_50_64YR","DRIVER_COUNT_65_74YR","DRIVER_COUNT_75PLUS","EST_HRS_CLOSED","FATAL_COUNT","HEAVY_TRUCK_COUNT","HORSE_BUGGY_COUNT","HOUR_OF_DAY","ILLUMINATION","INJURY_COUNT","INTERSECTION_RELATED","INTERSECT_TYPE","LANE_CLOSED","LATITUDE","LN_CLOSE_DIR","LOCATION_TYPE","LONGITUDE","MAX_SEVERITY_LEVEL","MCYCLE_DEATH_COUNT","MCYCLE_SUSP_SERIOUS_INJ_COUNT","MOTORCYCLE_COUNT","MUNICIPALITY","NONMOTR_COUNT","NONMOTR_DEATH_COUNT","NONMOTR_SUSP_SERIOUS_INJ_COUNT","NTFY_HIWY_MAINT","PED_COUNT","PED_DEATH_COUNT","PED_SUSP_SERIOUS_INJ_COUNT","PERSON_COUNT","POLICE_AGCY","POSSIBLE_INJ_COUNT","RDWY_SURF_TYPE_CD","RELATION_TO_ROAD","ROADWAY_CLEARED","ROAD_CONDITION","SCH_BUS_IND","SCH_ZONE_IND","SECONDARY_CRASH","SMALL_TRUCK_COUNT","SPEC_JURIS_CD","SUSP_MINOR_INJ_COUNT","SUSP_SERIOUS_INJ_COUNT","SUV_COUNT","TCD_FUNC_CD","TCD_TYPE","TFC_DETOUR_IND","TIME_OF_DAY","TOTAL_UNITS","TOT_INJ_COUNT","UNBELTED_OCC_COUNT","UNB_DEATH_COUNT","UNB_SUSP_SERIOUS_INJ_COUNT","UNK_INJ_DEG_COUNT","UNK_INJ_PER_COUNT","URBAN_RURAL","VAN_COUNT","VEHICLE_COUNT","VULNERABLE_ROAD_USER_COUNT","VULNERABLE_ROAD_USER_DEATH_COUNT","VULNERABLE_ROAD_USER_SER_INJ_COUNT","WEATHER1","WEATHER2","WORKERS_PRES","WORK_ZONE_IND","WORK_ZONE_LOC","WORK_ZONE_TYPE","WZ_CLOSE_DETOUR","WZ_FLAGGER","WZ_LAW_OFFCR_IND","WZ_LN_CLOSURE","WZ_MOVING","WZ_OTHER","WZ_SHLDER_MDN","WZ_WORKERS_INJ_KILLED"
"2021097705","1237","1","0","0","0","0","0","0","0","0","7","0","","67","10","2021","1","39.968099","-75.190404","1227","6","0","0","0","0","0","0","0","0","","0","0","0","12","1","1","N","0","2","39 58:05.157","4","0","75 11:25.455","8","0","0","0","67301","0","0","0","N","0","0","0","1","68K01","0","","3.0","100.0","1","N","N","N","0","","0","0","0","0","0","N","1227","2","1","0","0","0","1","0","2","0","1","0","0","0","3","03","","N","","","","","","","","","",""
"2021056200","0448","1","0","0","0","0","0","0","0","0","1","0","","67","6","2021","7","39.952462","-75.226439","0447","6","0","0","0","0","0","0","0","0","","0","0","0","4","3","0","N","0","0","39 57:08.864","","0","75 13:35.179","0","0","0","0","67301","0","0","0","N","0","0","0","1","67301","0","","6.0","","1","N","N","N","1","","0","0","0","0","0","","447","2","0","0","0","0","0","0","2","0","2","0","0","0","3","03","","N","","","","","","","","","",""
"2021054640","1718","1","0","0","0","0","0","0","0","0","1","0","","67","6","2021","4","39.943688","-75.142698","1714","6","0","0","0","0","0","1","0","0","","0","0","0","17","1","1","N","0","0","39 56:37.275","","0","75 08:33.712","8","0","0","0","67301","0","0","0","N","0","0","0","2","68K01","0","","1.0","","1","N","N","N","0","","0","0","1","0","0","","1701","2","1","0","0","0","1","0","2","0","2","0","0","0","3","","","N","","","","","","","","","",""
"2021081635","0804","2","0","0","0","0","0","0","0","0","1","0","","67","8","2021","3","40.008251","-75.203227","0742","6","0","0","0","0","0","1","0","0","","0","0","0","7","1","0","N","0","0","40 00:29.705","","0","75 12:11.616","0","0","0","0","67301","0","0","0","N","0","0","0","2","68K01","0","","1.0","","1","N","N","N","0","","0","0","0","0","0","","740","2","0","0","0","0","0","0","2","0","2","0","0","0","3","03","","N","","","","","","","","","",""
"2021052661","2301","1","0","0","0","0","0","0","0","0","4","0","","67","6","2021","3","39.963097","-75.189939","2259","6","0","0","0","0","0","0","0","0","","0","0","0","22","3","1","","1","0","39 57:47.150","","0","75 11:23.780","4","0","0","0","67301","0","0","0","N","0","0","0","2","67507","1","","1.0","","9","N","N","N","0","","0","0","1","3","2","","2258","2","1","0","0","0","0","0","2","0","2","0","0","0","3","03","","N","","","","","","","","","",""
"2021097633","1625","0","0","0","0","0","0","0","0","0","7","1","","67","10","2021","4","39.958997","-75.157333","1617","6","0","0","0","0","0","1","0","0","","0","1","0","15","1","0","N","0","2","39 57:32.390","4","1","75 09:26.400","0","0","0","0","67301","0","0","0","N","0","0","0","1","67301","0","","5.0","2000.0","1","N","N","N","0","","0","0","0","3","8","Y","1556","1","0","0","0","0","0","0","2","0","1","0","0","0","4","04","","N","","","","","","","","","",""
"2021097214","0345","0","0","0","0","0","0","0","0","0","4","0","","67","10","2021","1","39.959603","-75.195643","0330","6","0","0","0","0","0","0","0","0","","1","0","0","3","3","1","N","1","1","39 57:34.572","1","0","75 11:44.314","1","0","0","0","67301","0","0","0","N","0","0","0","3","67301","0","2","1.0","345.0","1","N","N","N","0","0","0","1","1","3","2","N","321","2","1","0","0","0","0","0","2","0","1","0","0","0","3","","","N","","","","","","","","","",""
"2021095836","0937","1","0","0","0","0","0","0","0","0","2","0","","67","10","2021","7","40.020378","-75.16278","0933","6","0","0","0","0","0","0","0","0","","0","0","0","9","1","1","","2","1","40 01:13.362","3","0","75 09:46.009","2","0","1","1","67301","0","0","0","N","0","0","0","2","67301","0","","1.0","1106.0","1","N","N","N","0","","0","1","0","3","3","Y","930","2","1","0","0","0","0","1","2","0","2","0","0","0","3","","","N","","","","","","","","","",""
"2021096645","1521","1","0","0","0","0","0","0","0","0","7","0","","67","10","2021","1","40.037797","-75.037908","1516","6","0","0","0","0","0","0","0","0","","0","0","0","14","1","0","","1","0","40 02:16.070","","0","75 02:16.468","0","0","0","0","67301","0","0","0","N","0","0","0","0","67301","0","","5.0","","1","N","N","N","0","","0","0","0","0","0","","1400","1","0","0","0","0","0","0","2","0","1","0","0","0","4","","","N","","","","","","","","","",""
"2021096045","0148","1","0","0","0","0","0","0","0","0","4","0","","67","10","2021","1","40.041774","-75.061084","0141","6","0","0","0","0","0","0","0","0","","0","0","0","0","3","0","","1","0","40 02:30.387","","0","75 03:39.901","0","0","0","0","67301","0","0","0","N","0","0","0","2","67301","0","","1.0","","9","N","N","N","1","","0","0","0","3","2","","56","2","0","0","0","0","0","0","2","0","2","0","0","0","7","07","","N","","","","","","","","","",""
"2021075653","2155","2","0","0","0","0","0","0","0","0","4","0","","67","8","2021","1","39.908239","-75.188856","2152","6","0","0","0","0","0","1","0","0","","0","0","0","21","8","3","N","0","0","39 54:29.659","","7","75 11:19.883","3","0","0","0","67301","0","0","0","N","0","0","0","3","67301","0","","1.0","","1","N","N","N","0","","3","0","0","0","0","","2150","2","3","3","0","0","0","0","2","0","2","0","0","0","3","03","","N","","","","","","","","","",""
"2021097455","1303","1","0","0","0","0","0","0","0","0","7","0","","67","9","2021","5","40.039513","-75.006958","1249","6","0","0","0","0","0","0","0","0","","0","0","0","12","1","2","N","0","1","40 02:22.248","1","0","75 00:25.049","8","0","0","0","67301","0","0","0","N","0","0","0","2","68K01","0","","2.0","1350.0","9","N","N","N","1","","0","0","0","0","0","N","1247","2","2","1","0","0","2","0","2","0","2","0","0","0","3","","","N","","","","","","","","","",""
"2021095762","1449","1","0","0","0","0","0","1","0","0","4","1","","67","10","2021","6","40.037901","-75.139533","1439","6","0","0","0","0","0","0","0","0","","0","0","0","14","1","1","","1","0","40 02:16.442","","0","75 08:22.318","4","0","0","0","67301","0","0","0","N","0","0","0","3","67508","1","","1.0","","1","N","N","Y","0","","0","0","0","3","2","","1439","2","1","0","0","0","0","0","2","0","2","0","0","0","3","03","","N","","","","","","","","","",""
"2021096119","1851","0","0","0","0","0","0","0","0","0","1","0","","67","9","2021","2","39.946586","-75.142385","1848","6","0","0","0","0","0","1","0","0","","0","0","0","18","1","0","N","0","1","39 56:47.708","2","0","75 08:32.586","0","0","0","0","67301","0","0","0","N","0","0","0","2","68K01","0","","1.0","1920.0","1","N","N","Y","1","","0","0","1","0","0","Y","1842","2","0","0","0","0","0","0","2","0","2","0","0","0","3","","","N","","","","","","","","","",""
"2021096743","2210","0","0","0","0","0","0","0","0","0","4","1","","67","10","2021","6","40.008804","-75.068894","2206","6","0","0","0","0","0","0","0","0","","0","1","0","22","3","1","","1","0","40 00:31.696","","0","75 04:08.017","3","0","0","0","67301","0","0","0","N","0","0","0","2","67301","0","","1.0","","1","N","N","N","1","","1","0","0","0","0","","2200","2","1","0","0","0","0","0","2","0","2","0","0","0","3","03","","N","","","","","","","","","",""
"2021096116","1904","2","0","0","0","0","0","0","0","0","1","0","","67","9","2021","6","39.956951","-75.154895","1855","6","0","0","0","0","0","1","0","0","","0","0","0","18","1","0","N","0","1","39 57:25.025","4","0","75 09:17.621","9","0","0","0","67301","0","0","0","N","0","0","0","3","68K01","0","","1.0","1925.0","1","N","N","N","1","","0","0","0","0","0","N","1851","3","0","0","0","0","0","1","2","0","3","0","0","0","3","","","N","","","","","","","","","",""
"2021097217","1220","0","0","0","0","0","0","0","0","0","2","1","","67","10","2021","3","40.04738","-75.155656","1215","6","0","0","0","0","0","1","0","0","","0","1","0","9","1","1","","1","0","40 02:50.568","","0","75 09:20.361","3","0","0","0","67301","0","0","0","N","0","0","0","4","67301","0","","1.0","","1","N","N","N","0","","1","0","0","3","3","","926","2","1","0","0","0","0","0","2","1","2","0","0","0","3","03","","N","","","","","","","","","",""
"2021097262","1226","1","0","0","0","0","0","0","0","0","1","0","","67","9","2021","5","39.978311","-75.202473","1132","6","0","0","0","0","0","0","0","0","","0","0","0","11","1","2","N","0","0","39 58:41.919","","0","75 12:08.903","4","0","0","0","67301","0","0","0","N","0","0","0","3","68K01","2","","1.0","","1","N","N","N","0","","0","0","1","0","0","","1119","2","2","0","0","0","0","0","2","0","2","0","0","0","3","","","N","","","","","","","","","",""
"2021037833","0023","0","0","0","0","0","0","0","0","0","7","0","","67","4","2021","2","40.003655","-75.221416","0019","6","0","0","0","0","0","0","0","0","","0","0","0","22","3","0","N","0","0","40 00:13.157","","7","75 13:17.096","0","0","0","0","67301","0","0","0","N","0","0","0","1","46104","0","","4.0","","1","N","N","N","0","","0","0","1","0","0","","2200","1","0","0","0","0","0","0","2","0","1","0","0","0","3","03","","N","","","","","","","","","",""
"2021095884","0803","1","0","0","0","0","0","0","0","0","7","0","","67","10","2021","7","40.009718","-75.187234","0748","6","0","0","0","0","0","0","0","0","","0","0","0","7","1","0","","7","0","40 00:34.985","","2","75 11:14.041","0","0","0","0","67301","0","0","0","N","0","0","0","1","67301","0","","7.0","","1","N","N","N","0","","0","0","0","0","0","","715","1","0","0","0","0","0","0","2","0","1","0","0","0","3","03","","N","","","","","","","","","",""
"2021055874","1725","1","0","0","0","0","0","0","0","0","3","0","","67","6","2021","2","39.921488","-75.191131","1712","6","0","0","0","0","0","1","0","0","","0","0","0","15","1","0","N","0","0","39 55:17.356","","1","75 11:28.070","0","0","0","0","67301","0","0","0","N","0","0","0","2","67301","0","","1.0","","1","N","N","N","0","","0","0","1","0","0","","1503","2","0","0","0","0","0","0","2","0","2","0","0","0","3","03","","N","","","","","","","","","",""
"2021053764","0914","0","0","0","0","0","0","0","0","0","8","0","","67","6","2021","6","40.07002","-75.031148","0900","6","0","0","0","0","0","0","0","0","","0","0","0","8","1","1","N","0","0","40 04:12.073","","0","75 01:52.133","8","0","0","0","67301","1","0","0","N","1","0","0","2","67301","0","","1.0","","1","N","N","N","0","","0","0","1","0","0","","857","2","1","0","0","0","1","0","2","0","1","1","0","0","3","03","","N","","","","","","","","","",""
"2021076216","1907","2","0","0","0","0","0","0","0","0","4","0","","67","8","2021","7","39.998304","-75.232561","1900","6","0","0","0","0","0","1","0","1","","0","0","0","17","1","1","N","0","0","39 59:53.896","","7","75 13:57.219","3","0","0","0","67301","0","0","0","N","0","0","0","2","67301","0","","1.0","","1","N","N","N","0","","1","0","0","0","0","","1710","2","1","0","0","0","0","0","2","0","2","0","0","0","3","03","","N","","","","","","","","","",""
"2021064368","1904","1","0","0","0","0","0","0","0","0","4","0","","67","6","2021","1","40.028525","-75.14233","1904","6","0","0","0","0","0","0","1","0","","0","0","0","17","1","0","","1","0","40 01:42.690","","0","75 08:32.387","9","0","0","0","67301","0","0","0","N","0","0","0","3","67301","0","","1.0","","1","N","N","N","0","","0","0","1","3","3","","1700","2","0","0","0","0","0","3","2","0","2","0","0","0","3","","","N","","","","","","","","","",""
"2021057153","1157","0","0","0","0","0","0","0","0","0","7","0","","67","6","2021","2","40.002286","-75.110028","1157","6","0","0","0","0","0","0","0","0","","0","0","0","11","1","1","","2","0","40 00:08.230","","0","75 06:36.101","3","0","0","0","67301","0","0","0","N","0","0","0","1","67301","0","","4.0","","1","N","N","N","0","","1","0","0","3","3","","1157","1","1","1","0","0","0","0","2","1","1","0","0","0","3","","","N","","","","","","","","","",""
"2021064290","2221","1","0","0","0","0","0","0","0","0","8","0","","67","6","2021","1","39.961522","-75.243599","2219","6","0","0","0","0","0","0","0","0","","0","0","0","22","3","1","","2","0","39 57:41.479","","0","75 14:36.956","2","0","0","0","67301","1","0","1","N","1","0","1","2","67301","0","","1.0","","1","N","N","N","0","","0","1","0","3","3","","2217","2","1","0","0","0","0","0","2","0","1","1","0","1","3","","","N","","","","","","","","","",""
"2021053562","1657","1","0","0","0","0","0","0","0","0","4","0","","67","6","2021","3","40.038228","-75.080863","1651","6","0","0","1","0","0","0","0","0","","0","0","0","16","1","1","","1","0","40 02:17.620","","0","75 04:51.106","8","0","0","0","67301","0","0","0","N","0","0","0","2","67301","0","","1.0","","9","N","N","N","0","","0","0","1","3","3","","1651","2","1","0","0","0","1","0","2","0","2","0","0","0","7","","","N","","","","","","","","","",""
"2021055398","2254","0","0","0","0","0","0","0","0","0","7","0","","67","6","2021","2","39.909861","-75.156444","2253","6","0","0","0","0","0","0","0","0","","0","0","0","22","3","0","N","0","2","39 54:35.500","3","3","75 09:23.200","0","0","0","0","67301","0","0","0","N","0","0","0","3","67501","0","","3.0","2323.0","9","N","N","N","1","","0","0","0","0","0","Y","2252","1","0","0","0","0","0","0","2","0","1","0","0","0","3","","","N","","","","","","","","","",""
"2021082083","0108","1","0","0","0","0","0","0","0","0","7","0","","67","8","2021","2","40.039881","-75.006321","0105","6","0","0","0","0","0","0","0","0","","0","0","0","1","3","0","N","0","0","40 02:23.573","","0","75 00:22.755","0","0","0","0","67301","0","0","0","N","0","0","0","2","68K01","0","","4.0","","9","N","N","N","0","","0","0","0","0","0","","104","1","0","0","0","0","0","0","2","0","1","0","0","0","7","","","N","","","","","","","","","",""
"2021055767","1730","2","0","0","0","0","0","0","0","0","4","0","","67","6","2021","2","39.957931","-75.164145","1726","6","0","0","0","0","0","0","0","0","","0","0","0","17","1","3","","5","0","39 57:28.550","","2","75 09:50.921","3","0","0","0","67301","0","0","0","N","0","0","0","8","67301","2","","1.0","","1","N","N","N","0","","1","0","1","3","2","","1700","3","3","0","0","0","0","0","2","0","3","0","0","0","3","03","","N","","","","","","","","","",""
"2021081666","1633","1","0","0","0","0","0","0","0","0","5","0","","67","8","2021","6","40.005855","-75.075052","1557","6","0","0","0","1","0","1","0","0","","0","0","0","15","1","1","N","0","0","40 00:21.078","","0","75 04:30.186","3","0","0","0","67301","0","0","0","N","0","0","0","2","68K01","0","","1.0","","1","N","N","N","0","","1","0","1","0","0","","1552","2","1","0","0","0","0","0","2","0","2","0","0","0","3","","","N","","","","","","","","","",""
"2021051827","1916","2","0","0","0","0","0","0","0","0","5","0","","67","6","2021","1","40.028064","-75.161865","1906","6","0","0","0","0","0","0","0","0","","0","0","0","18","4","1","N","0","0","40 01:41.030","","0","75 09:42.713","4","0","0","0","67301","0","0","0","N","0","0","0","1","67301","1","","6.0","","1","N","N","N","0","","0","0","1","0","0","","1845","3","1","0","0","0","0","0","2","0","3","0","0","0","3","","","N","","","","","","","","","",""
"2021055764","1004","2","0","0","0","0","0","0","0","0","4","0","","67","6","2021","3","39.917293","-75.174584","0958","6","0","0","0","0","0","0","0","0","","0","0","0","9","1","1","","1","0","39 55:02.254","","0","75 10:28.502","4","0","0","0","67301","0","0","0","N","0","0","0","2","67301","1","","1.0","","1","N","N","N","0","","0","0","0","3","2","","945","2","1","0","0","0","0","0","2","0","2","0","0","0","3","","","N","","","","","","","","","",""
"2021054719","1205","0","0","0","0","0","0","0","0","0","4","0","","67","6","2021","5","40.013256","-75.108686","1200","6","0","0","0","0","0","1","0","0","","0","0","0","4","5","0","","1","0","40 00:47.721","","0","75 06:31.269","0","0","0","0","67301","0","0","0","N","0","0","0","2","67301","0","","1.0","","1","N","N","N","0","","0","0","2","3","3","","456","2","0","0","0","0","0","0","2","0","2","0","0","0","3","","","N","","","","","","","","","",""
"2021057112","1620","1","0","0","0","0","0","0","0","0","2","0","","67","6","2021","4","39.939844","-75.211391","1615","6","0","0","0","0","0","0","0","0","","0","0","0","15","1","2","","1","0","39 56:23.438","","0","75 12:41.008","3","0","0","0","67301","0","0","0","N","0","0","0","3","67301","0","","1.0","","1","N","N","N","0","","2","0","1","3","2","","1540","2","2","0","0","0","0","0","2","0","2","0","0","0","3","03","","N","","","","","","","","","",""
"2021055087","1530","1","0","0","0","0","0","0","0","0","4","0","","67","6","2021","4","39.95656","-75.241884","1530","6","0","0","0","0","0","0","0","0","","0","0","0","23","3","1","","1","0","39 57:23.616","","0","75 14:30.782","3","0","0","0","67301","0","0","0","N","0","0","0","2","67301","0","","1.0","","1","N","N","N","0","","1","0","0","3","2","","2350","2","1","0","0","0","0","0","2","0","2","0","0","0","4","","","N","","","","","","","","","",""
"2021057137","0750","3","0","0","0","0","0","0","0","0","6","0","","67","6","2021","2","39.960428","-75.230847","0750","6","0","0","0","0","0","0","0","0","","0","0","0","7","1","1","N","0","0","39 57:37.540","","0","75 13:51.050","8","0","0","0","67301","0","0","0","N","0","0","0","3","67301","0","","1.0","","1","N","N","N","0","","0","0","1","0","0","","744","4","1","1","0","0","1","1","2","0","4","0","0","0","3","03","","N","","","","","","","","","",""
"2021064408","1749","2","0","0","0","0","0","0","0","0","4","0","","67","6","2021","4","40.024314","-75.161267","1741","6","0","0","0","0","0","0","0","0","","0","0","0","17","1","0","","1","0","40 01:27.530","","0","75 09:40.561","0","0","0","0","67301","0","0","0","N","0","0","0","4","67301","0","","1.0","","1","N","N","N","0","","0","0","0","3","3","","1740","2","0","0","0","0","0","0","2","0","2","0","0","0","3","","","N","","","","","","","","","",""
"2021085889","0210","0","0","0","0","0","0","0","0","0","7","0","","67","8","2021","7","40.046752","-75.000763","0204","6","0","0","0","0","0","0","0","0","","0","0","0","2","3","0","N","7","0","40 02:48.306","","0","75 00:02.745","9","0","0","0","67301","0","0","0","Y","0","0","0","1","68K01","0","","4.0","","1","N","N","N","0","","0","0","1","0","0","","201","1","0","0","0","0","0","1","2","0","1","0","0","0","3","","","N","","","","","","","","","",""
"2021055883","1015","1","0","0","0","0","0","0","0","0","2","0","","67","6","2021","4","40.03471","-75.116959","1007","6","0","0","0","0","0","0","0","0","","0","0","0","9","1","2","N","0","2","40 02:04.957","6","0","75 07:01.054","8","0","0","0","67301","0","0","0","N","0","0","0","3","67301","0","","1.0","1119.0","1","N","N","N","0","","0","0","3","0","0","Y","953","4","2","0","0","0","2","1","2","0","4","0","0","0","3","03","","N","","","","","","","","","",""
"2021053594","2355","2","0","0","0","0","0","0","0","0","4","0","","67","6","2021","3","40.030259","-75.165512","2350","6","0","0","0","0","0","0","0","0","","0","0","0","23","3","0","","2","0","40 01:48.932","","0","75 09:55.843","9","0","0","0","67301","0","0","0","N","0","0","0","1","67301","0","","1.0","","9","N","N","N","0","","0","0","0","3","3","","2311","2","0","0","0","0","0","1","2","0","2","0","0","0","4","04","","N","","","","","","","","","",""
"2021054287","2305","2","0","0","0","0","0","0","0","0","4","0","","67","6","2021","7","39.945139","-75.150044","2301","6","0","0","0","0","0","0","0","0","","0","0","0","22","3","1","","1","0","39 56:42.500","","0","75 09:00.158","3","0","0","0","67301","0","0","0","N","0","0","0","3","67301","0","","1.0","","1","N","N","Y","0","","1","0","1","3","2","","2254","4","1","1","0","0","0","0","2","0","4","0","0","0","3","03","","N","","","","","","","","","",""
"2021055085","1722","1","0","0","0","0","0","0","0","0","1","0","","67","6","2021","2","40.033806","-75.046382","1722","6","0","0","0","0","0","1","0","0","","0","0","0","16","3","0","N","0","0","40 02:01.700","","0","75 02:46.975","0","0","0","0","67301","0","0","0","N","0","0","0","3","67301","0","","1.0","","1","N","N","N","0","","0","0","0","0","0","","1640","2","0","0","0","0","0","0","2","1","2","0","0","0","3","","","N","","","","","","","","","",""
"2021057119","1254","2","0","0","0","0","0","0","0","0","5","0","","67","6","2021","6","39.925003","-75.221525","1254","6","0","0","0","0","0","0","0","0","","0","0","0","23","6","1","N","0","0","39 55:30.012","","0","75 13:17.491","8","0","0","0","67301","0","0","0","N","0","0","0","1","67301","0","","6.0","","1","N","N","N","0","","0","0","0","0","0","","2300","2","1","0","0","0","1","0","2","0","2","0","0","0","3","","","N","","","","","","","","","",""
"2021057138","2005","1","0","0","0","0","0","0","0","0","4","0","","67","6","2021","5","39.954454","-75.246377","2000","6","0","0","0","1","0","1","0","0","","0","0","0","19","1","3","","1","0","39 57:16.034","","0","75 14:46.957","3","0","0","0","67301","0","0","0","N","0","0","0","3","67301","0","","1.0","","1","N","N","N","1","","3","0","0","3","3","","1957","2","3","1","0","0","0","0","2","0","2","0","0","0","3","","","N","","","","","","","","","",""
"2021056201","0323","2","0","0","0","0","0","0","0","0","3","0","","67","6","2021","5","39.967869","-75.148622","0316","6","0","0","0","0","0","0","0","0","","0","0","0","2","3","0","N","0","0","39 58:04.330","","0","75 08:55.040","9","0","0","0","67301","0","0","0","N","0","0","0","1","67301","0","","6.0","","1","N","N","N","1","","0","0","0","0","0","","250","4","0","0","0","0","0","1","2","1","4","0","0","0","3","03","","N","","","","","","","","","",""
"2021053618","2126","1","0","0","0","0","0","0","0","0","4","0","","67","6","2021","3","39.937275","-75.176702","2125","6","0","0","0","0","0","0","0","0","","0","0","0","21","3","2","","5","0","39 56:14.189","","0","75 10:36.127","3","0","0","0","67301","0","0","0","N","0","0","0","2","67301","1","","1.0","","1","N","N","N","0","","1","0","1","3","3","","2125","2","2","0","0","0","0","0","2","0","2","0","0","0","3","03","","N","","","","","","","","","",""
"2021054583","0208","0","0","0","0","0","0","0","0","0","8","0","","67","6","2021","2","39.964306","-75.220111","0204","6","0","0","0","0","0","0","0","0","","0","0","0","1","3","1","N","0","0","39 57:51.500","","0","75 13:12.400","4","0","0","0","67301","1","0","0","N","1","0","0","2","67301","1","","1.0","","1","N","N","N","0","","0","0","1","0","0","","152","2","1","0","0","0","0","0","2","0","1","1","0","0","3","","","N","","","","","","","","","",""
"2021054467","1535","1","0","0","0","0","0","0","0","0","1","0","","67","6","2021","1","40.047023","-74.992772","1530","6","0","0","0","0","0","0","0","0","","0","0","0","15","1","1","","1","0","40 02:49.281","","0","74 59:33.980","3","0","0","0","67301","0","0","0","N","0","0","0","2","67301","0","","1.0","","1","N","N","N","1","","1","0","0","3","2","","1513","2","1","0","0","0","0","0","2","0","2","0","0","0","3","04","","N","","","","","","","","","",""
"2021054020","0928","0","0","0","1","0","0","0","0","0","8","0","","67","6","2021","6","39.958503","-75.148724","0925","6","0","0","0","0","0","0","1","0","","0","0","0","9","1","1","","1","0","39 57:30.611","","0","75 08:55.408","3","0","0","0","67301","1","0","0","N","0","0","0","2","67301","0","","1.0","","9","N","N","N","0","","1","0","0","3","3","","920","2","1","0","0","0","0","0","2","1","1","1","0","0","7","04","","N","","","","","","","","","",""
"2021053768","0527","2","0","0","0","0","0","0","0","0","1","0","","67","6","2021","6","39.972919","-75.160864","0524","6","0","0","0","0","0","1","0","0","","0","0","0","5","2","0","N","0","0","39 58:22.510","","0","75 09:39.110","0","0","0","0","67301","0","0","0","N","0","0","0","1","67301","0","","6.0","","1","N","N","N","0","","0","0","1","0","0","","510","3","0","0","0","0","0","0","2","0","3","0","0","0","4","03","","N","","","","","","","","","",""
"2021055325","0156","0","0","0","0","0","0","0","0","0","7","0","","67","6","2021","3","39.954221","-75.18121","0140","6","0","0","0","0","0","0","0","0","","0","0","0","1","3","0","N","0","0","39 57:15.197","","0","75 10:52.357","0","0","0","0","67301","0","0","0","N","0","0","0","3","68K01","0","","3.0","","1","N","N","N","0","","0","0","1","0","0","","138","1","0","0","0","0","0","0","2","0","1","0","0","0","3","03","","N","","","","","","","","","",""
"2021052836","0656","1","0","0","0","0","0","0","0","0","7","0","55","67","6","2021","3","39.899213","-75.175163","0633","6","0","0","0","0","0","1","0","0","","0","0","0","5","1","0","N","0","2","39 53:57.165","2","3","75 10:30.588","0","0","0","0","67301","0","0","0","N","0","0","0","2","68K01","0","","7.0","200.0","1","N","N","N","0","","0","0","0","0","0","N","548","2","0","0","0","0","0","0","2","1","2","0","0","0","3","","N","Y","4","1","","","N","","","","Y","N"
"2021057499","2346","0","0","0","0","0","0","0","0","0","5","0","","67","6","2021","5","40.055819","-75.084008","2343","6","0","0","0","0","0","1","0","0","","0","0","0","23","3","0","N","0","0","40 03:20.950","","0","75 05:02.430","0","0","0","0","67301","0","0","0","N","0","0","0","1","67301","0","","6.0","","1","N","N","N","1","","0","0","0","0","0","","2326","2","0","0","0","0","0","0","2","1","2","0","0","0","3","03","","N","","","","","","","","","",""
"2021055880","0930","2","0","0","0","0","0","0","0","0","4","0","","67","6","2021","2","40.024506","-75.147807","0927","6","0","0","0","0","0","0","0","0","","0","0","0","8","1","1","","1","0","40 01:28.221","","0","75 08:52.104","3","0","0","0","67301","0","0","0","N","0","0","0","2","67301","0","","1.0","","1","N","N","Y","0","","1","0","0","3","2","","857","2","1","0","0","0","0","0","2","0","2","0","0","0","3","04","","N","","","","","","","","","",""
"2021080772","0725","1","0","0","0","0","0","1","0","0","1","1","","67","8","2021","2","","","0715","6","0","0","0","0","0","1","0","0","","0","0","0","7","1","1","N","0","0","","","7","","8","0","0","0","67301","0","0","0","N","0","0","0","3","67508","0","","1.0","","1","N","N","Y","0","","0","0","0","3","2","","715","2","1","0","0","0","1","0","1","0","2","0","0","0","3","03","","N","","","","","","","","","",""
"2021064211","0026","1","0","0","0","0","0","0","0","0","1","0","","67","6","2021","1","40.071522","-75.030042","0026","6","0","0","0","0","0","0","0","0","","0","0","0","23","3","0","N","0","0","40 04:17.480","","0","75 01:48.150","0","0","0","0","67301","0","0","0","N","0","0","0","1","67301","0","","6.0","","1","N","N","N","0","","0","0","1","0","0","","2325","2","0","0","0","0","0","0","2","0","2","0","0","0","3","03","","N","","","","","","","","","",""