"CRN","ARRIVAL_TM","AUTOMOBILE_COUNT","BELTED_DEATH_COUNT","BELTED_SUSP_SERIOUS_INJ_COUNT","BICYCLE_COUNT","BICYCLE_DEATH_COUNT","BICYCLE_SUSP_SERIOUS_INJ_COUNT","BUS_COUNT","CHLDPAS_DEATH_COUNT","CHLDPAS_SUSP_SERIOUS_INJ_COUNT","COLLISION_TYPE","COMM_VEH_COUNT","CONS_ZONE_SPD_LIM","COUNTY","CRASH_MONTH","CRASH_YEAR","DAY_OF_WEEK","DEC_LATITUDE","DEC_LONGITUDE","DISPATCH_TM","DISTRICT","DRIVER_COUNT_16YR","DRIVER_COUNT_17YR","DRIVER_COUNT_18YR","DRIVER_COUNT_19YR","DRIVER_COUNT_20YR","DRIVER_COUNT_50_64YR","DRIVER_COUNT_65_74YR","DRIVER_COUNT_75PLUS","EST_HRS_CLOSED","FATAL_COUNT","HEAVY_TRUCK_COUNT","HORSE_BUGGY_COUNT","HOUR_OF_DAY","ILLUMINATION","INJURY_COUNT","INTERSECTION_RELATED","INTERSECT_TYPE","LANE_CLOSED","LATITUDE","LN_CLOSE_DIR","LOCATION_TYPE","LONGITUDE","MAX_SEVERITY_LEVEL","MCYCLE_DEATH_COUNT","MCYCLE_SUSP_SERIOUS_INJ_COUNT","MOTORCYCLE_COUNT","MUNICIPALITY","NONMOTR_COUNT","NONMOTR_DEATH_COUNT","NONMOTR_SUSP_SERIOUS_INJ_COUNT","NTFY_HIWY_MAINT","PED_COUNT","PED_DEATH_COUNT","PED_SUSP_SERIOUS_INJ_COUNT","PERSON_COUNT","POLICE_AGCY","POSSIBLE_INJ_COUNT","RDWY_SURF_TYPE_CD","RELATION_TO_ROAD","ROADWAY_CLEARED","ROAD_CONDITION","SCH_BUS_IND","SCH_ZONE_IND","SECONDARY_CRASH","SMALL_TRUCK_COUNT","SPEC_JURIS_CD","SUSP_MINOR_INJ_COUNT","SUSP_SERIOUS_INJ_COUNT","SUV_COUNT","TCD_FUNC_CD","TCD_TYPE","TFC_DETOUR_IND","TIME_OF_DAY","TOTAL_UNITS","TOT_INJ_COUNT","UNBELTED_OCC_COUNT","UNB_DEATH_COUNT","UNB_SUSP_SERIOUS_INJ_COUNT","UNK_INJ_DEG_COUNT","UNK_INJ_PER_COUNT","URBAN_RURAL","VAN_COUNT","VEHICLE_COUNT","VULNERABLE_ROAD_USER_COUNT","VULNERABLE_ROAD_USER_DEATH_COUNT","VULNERABLE_ROAD_USER_SER_INJ_COUNT","WEATHER1","WEATHER2","WORKERS_PRES","WORK_ZONE_IND","WORK_ZONE_LOC","WORK_ZONE_TYPE","WZ_CLOSE_DETOUR","WZ_FLAGGER","WZ_LAW_OFFCR_IND","WZ_LN_CLOSURE","WZ_MOVING","WZ_OTHER","WZ_SHLDER_MDN","WZ_WORKERS_INJ_KILLED"
"2021090696","0218","1","0","0","0","0","0","0","0","0","5","1","","67","8","2021","1","39.965667","-75.18615","0205","6","0","0","0","0","0","1","0","0","","0","1","0","2","3","0","N","0","2","39 57:56.402","4","0","75 11:10.139","0","0","0","0","67301","0","0","0","N","0","0","0","2","68K01","0","","1.0","45.0","1","N","N","N","0","","0","0","0","0","0","N","204","2","0","0","0","0","0","0","2","0","2","0","0","0","3","03","","N","","","","","","","","","",""
"2021054585","0932","0","0","0","0","0","0","0","0","0","5","0","","67","6","2021","1","39.97295","-75.144389","0928","6","0","0","0","0","0","1","0","0","","0","0","0","9","1","1","N","0","0","39 58:22.620","","0","75 08:39.800","4","0","0","0","67301","0","0","0","N","0","0","0","3","67301","1","","1.0","","1","N","N","N","0","","0","0","1","0","0","","922","2","1","1","0","0","0","0","2","0","2","0","0","0","3","03","","N","","","","","","","","","",""
"2021058739","0933","0","0","0","0","0","0","0","0","0","4","0","","67","6","2021","1","40.016994","-75.188321","0930","6","0","0","0","0","0","0","1","0","","0","0","0","9","1","1","","1","1","40 01:01.180","1","0","75 11:17.957","3","0","0","0","67301","0","0","0","N","0","0","0","2","67301","0","","1.0","45.0","1","N","N","N","0","","1","0","1","3","2","N","929","2","1","0","0","0","0","0","2","1","2","0","0","0","3","","","N","","","","","","","","","",""
"2021054717","0152","1","0","0","0","0","0","0","0","0","4","0","","67","6","2021","1","39.953744","-75.240475","0152","6","0","0","0","0","0","0","0","0","","0","0","0","1","3","1","","1","0","39 57:13.478","","0","75 14:25.709","4","0","0","0","67301","0","0","0","N","0","0","0","3","67301","1","","1.0","","1","N","N","N","0","","0","0","1","3","1","","152","2","1","1","0","0","0","0","2","0","2","0","0","0","3","03","","N","","","","","","","","","",""
"2021053664","0918","2","0","0","0","0","0","0","0","0","4","0","","67","6","2021","3","39.979155","-75.137469","0911","6","0","0","0","0","0","0","0","0","","0","0","0","9","1","1","","1","0","39 58:44.957","","0","75 08:14.888","4","0","0","0","67301","0","0","0","N","0","0","0","2","67301","1","","1.0","","1","N","N","N","0","","0","0","0","3","2","","908","2","1","2","0","0","0","0","2","0","2","0","0","0","3","03","","N","","","","","","","","","",""
"2021082423","0234","1","0","0","0","0","0","0","0","0","5","1","","67","8","2021","1","39.978969","-75.109631","0228","6","0","0","0","0","0","0","0","0","","0","1","0","2","3","0","N","0","1","39 58:44.290","2","0","75 06:34.673","9","0","0","0","67301","0","0","0","N","0","0","0","3","68K01","0","","1.0","349.0","9","N","N","N","0","","0","0","1","0","0","N","207","3","0","0","0","0","0","1","2","0","3","0","0","0","7","","","N","","","","","","","","","",""
"2021081369","0021","2","0","0","0","0","0","0","0","0","5","1","","67","8","2021","6","39.955131","-75.230364","0020","6","0","0","0","0","0","0","0","0","","0","1","0","0","3","0","N","0","1","39 57:18.470","6","0","75 13:49.310","0","0","0","0","67301","0","0","0","N","0","0","0","1","67301","0","","6.0","130.0","1","N","N","N","0","","0","0","1","0","0","Y","15","4","0","0","0","0","0","0","2","0","4","0","0","0","3","03","","N","","","","","","","","","",""
"2021057463","1510","3","0","0","0","0","0","0","0","0","1","0","","67","6","2021","4","40.057947","-74.99878","1500","6","0","0","0","0","0","1","0","0","","0","0","0","14","1","1","Y","0","0","40 03:28.608","","0","74 59:55.609","8","0","0","0","67301","0","0","0","N","0","0","0","7","67301","0","","1.0","","1","N","N","N","0","","0","0","0","3","2","","1439","3","1","0","0","0","1","0","2","0","3","0","0","0","3","03","","N","","","","","","","","","",""
"2021053672","0415","1","0","0","0","0","0","0","0","0","1","0","","67","6","2021","5","40.039047","-75.144609","0409","6","0","0","0","0","0","0","0","0","","0","0","0","3","3","1","","1","0","40 02:20.569","","0","75 08:40.591","3","0","0","0","67301","0","0","0","N","0","0","0","2","67301","0","","1.0","","1","N","N","N","0","","1","0","1","3","2","","306","2","1","0","0","0","0","1","2","0","2","0","0","0","3","03","","N","","","","","","","","","",""
"2021054296","0538","3","0","0","0","0","0","0","0","0","4","0","","67","6","2021","6","40.002286","-75.110028","0537","6","0","0","0","0","0","1","0","0","","0","0","0","5","1","0","","2","0","40 00:08.230","","0","75 06:36.101","0","0","0","0","67301","0","0","0","N","0","0","0","2","67301","0","","1.0","","1","N","N","N","0","","0","0","0","3","1","","537","3","0","1","0","0","0","0","2","0","3","0","0","0","3","03","","N","","","","","","","","","",""
"2021057113","0112","3","0","0","0","0","0","0","0","0","5","0","","67","6","2021","5","39.943122","-75.227003","0110","6","0","0","0","0","0","0","0","0","","0","0","0","1","3","0","N","0","0","39 56:35.240","","0","75 13:37.210","0","0","0","0","67301","0","0","0","N","0","0","0","2","67301","0","","6.0","","1","N","N","N","1","","0","0","0","0","0","","100","4","0","0","0","0","0","0","2","0","4","0","0","0","3","03","","N","","","","","","","","","",""
"2021053937","2010","1","0","0","1","0","0","0","0","0","8","0","","67","6","2021","5","39.950194","-75.157028","2000","6","0","0","0","0","0","0","0","0","","0","0","0","19","4","1","N","0","0","39 57:00.700","","0","75 09:25.300","8","0","0","0","67301","1","0","0","N","0","0","0","2","67301","0","","1.0","","1","N","N","N","0","","0","0","0","0","0","","1945","2","1","0","0","0","1","0","2","0","1","1","0","0","3","","","N","","","","","","","","","",""
"2021058049","1804","1","0","2","0","0","0","0","0","0","1","0","","67","6","2021","5","39.904173","-75.150336","1756","6","0","0","0","0","0","1","0","0","","0","0","0","17","1","8","N","0","2","39 54:15.021","2","0","75 09:01.208","2","0","0","0","67301","0","0","0","N","0","0","0","8","68K01","0","","1.0","1939.0","1","N","N","N","0","","6","2","1","0","0","Y","1756","3","8","2","0","0","0","0","2","1","3","0","0","0","3","","","N","","","","","","","","","",""
"2021054982","2345","2","0","0","0","0","0","0","0","0","4","0","","67","6","2021","2","39.952436","-75.162543","2337","6","0","0","0","0","0","0","0","0","","0","0","0","22","3","0","","3","0","39 57:08.768","","0","75 09:45.156","0","0","0","0","67301","0","0","0","N","0","0","0","2","67301","0","","1.0","","1","N","N","N","0","","0","0","0","3","2","","2210","2","0","0","0","0","0","0","2","0","2","0","0","0","4","04","","N","","","","","","","","","",""
"2021053565","0010","0","0","0","0","0","0","0","0","0","1","0","","67","6","2021","6","40.042848","-75.063223","0006","6","0","0","0","0","0","1","0","0","","0","0","0","0","3","1","","1","1","40 02:34.252","6","0","75 03:47.603","3","0","0","0","67301","0","0","0","N","0","0","0","3","67301","0","","1.0","108.0","1","N","N","N","0","","1","0","2","3","2","Y","2","2","1","0","0","0","0","0","2","0","2","0","0","0","3","03","","N","","","","","","","","","",""
"2021081438","1104","1","0","0","0","0","0","0","0","0","8","0","","67","8","2021","2","39.925553","-75.235697","1104","6","0","0","0","0","0","0","0","0","","0","0","0","11","1","1","N","0","0","39 55:31.990","","0","75 14:08.510","4","0","0","0","67301","1","0","0","N","1","0","0","2","67301","1","","1.0","","1","N","N","N","0","","0","0","0","0","0","","1102","2","1","0","0","0","0","0","2","0","1","1","0","0","3","03","","N","","","","","","","","","",""
"2021054709","0822","1","0","0","0","0","0","0","0","0","4","0","","67","6","2021","1","39.894612","-75.236717","0809","6","0","0","0","0","0","1","0","0","","0","0","0","7","1","1","","1","0","39 53:40.603","","0","75 14:12.181","8","0","0","0","67301","0","0","0","N","0","0","0","2","67301","0","","1.0","","1","N","N","N","0","","0","0","1","3","2","","705","2","1","1","0","0","1","0","2","0","2","0","0","0","3","03","","N","","","","","","","","","",""
"2021055386","1539","2","0","0","0","0","0","0","0","0","4","0","","67","6","2021","3","40.128198","-75.023172","1510","6","0","0","0","0","0","0","1","0","","0","0","0","13","1","2","","2","0","40 07:41.512","","0","75 01:23.418","3","0","0","0","67301","0","0","0","N","0","0","0","3","67301","0","","1.0","","1","N","N","N","0","","2","0","0","3","3","","1323","2","2","0","0","0","0","0","2","0","2","0","0","0","3","03","","N","","","","","","","","","",""
"2021064221","0630","2","0","0","0","0","0","0","0","0","4","0","","67","6","2021","7","39.897624","-75.252377","1040","6","0","0","0","0","0","0","1","0","","0","0","0","22","3","1","","1","0","39 53:51.445","","0","75 15:08.556","3","0","0","0","67301","0","0","0","N","0","0","0","2","67301","0","","1.0","","1","N","N","N","0","","1","0","0","3","2","","2230","2","1","0","0","0","0","1","2","0","2","0","0","0","3","03","","N","","","","","","","","","",""
"2021081133","2155","1","0","0","0","0","0","0","0","0","1","0","","67","8","2021","5","39.961998","-75.240725","2155","6","0","0","0","0","0","1","0","0","","0","0","0","21","3","2","","1","0","39 57:43.192","","0","75 14:26.610","8","0","0","0","67301","0","0","0","N","0","0","0","3","67301","0","","1.0","","1","N","N","N","1","","0","0","0","3","2","","2155","2","2","0","0","0","2","0","2","0","2","0","0","0","3","","","N","","","","","","","","","",""
"2021081213","0703","1","0","0","0","0","0","0","0","0","7","0","","67","8","2021","7","39.885855","-75.212758","0651","6","0","0","0","0","0","0","0","0","","0","0","0","6","1","1","N","0","0","39 53:09.078","","0","75 12:45.928","3","0","0","0","67301","0","0","0","Y","0","0","0","1","68K01","0","","4.0","","9","N","N","N","0","","1","0","0","3","1","","649","1","1","0","0","0","0","0","2","0","1","0","0","0","7","","","N","","","","","","","","","",""
"2021073733","1827","0","0","0","1","0","0","0","0","0","8","0","","67","6","2021","3","39.97699","-75.155999","1821","6","0","0","0","0","0","0","0","0","","0","0","0","18","1","1","","1","0","39 58:37.164","","0","75 09:21.596","3","0","0","0","67301","1","0","0","N","0","0","0","2","67301","0","","1.0","","1","N","N","N","0","","1","0","1","3","2","","1815","2","1","1","0","0","0","0","2","0","1","1","0","0","3","03","","N","","","","","","","","","",""
"2021080986","0035","2","0","0","0","0","0","0","0","0","4","0","","67","3","2021","1","40.018922","-75.049504","0033","6","0","0","0","0","0","0","1","0","","0","0","0","0","3","0","","1","0","40 01:08.120","","0","75 02:58.216","0","0","0","0","67301","0","0","0","N","0","0","0","3","67301","0","","1.0","","1","N","N","N","0","","0","0","0","3","3","","5","2","0","0","0","0","0","0","2","0","2","0","0","0","3","03","","N","","","","","","","","","",""
"2021057465","2044","2","0","0","0","0","0","0","0","0","1","0","","67","6","2021","6","40.036608","-75.064461","2044","6","0","0","0","0","0","0","0","0","","0","0","0","19","1","2","","1","0","40 02:11.789","","0","75 03:52.061","3","0","0","0","67301","0","0","0","N","0","0","0","4","67301","0","","1.0","","1","N","N","N","0","","2","0","1","3","2","","1930","3","2","0","0","0","0","0","2","0","3","0","0","0","3","03","","N","","","","","","","","","",""
"2021054211","1625","0","0","0","0","0","0","0","0","0","1","0","","67","6","2021","7","39.962","-75.148056","1625","6","0","0","0","0","0","0","0","0","","0","0","0","16","1","1","N","0","0","39 57:43.200","","0","75 08:53.000","3","0","0","0","67301","0","0","0","N","0","0","0","1","67301","0","","6.0","","1","N","N","N","0","","1","0","1","0","0","","1625","2","1","0","0","0","0","0","2","0","2","0","0","0","3","","","N","","","","","","","","","",""
"2021082631","2131","1","0","0","0","0","0","0","0","0","7","0","","67","6","2021","2","39.913139","-75.17875","2126","6","0","0","0","0","0","0","0","0","","0","0","0","21","3","0","N","0","0","39 54:47.300","","3","75 10:43.500","0","0","0","0","67301","0","0","0","N","0","0","0","1","67501","0","","4.0","","9","N","N","Y","0","","0","0","0","0","0","","2126","1","0","0","0","0","0","0","2","0","1","0","0","0","7","","","N","","","","","","","","","",""
"2021058737","1542","1","0","0","0","0","0","0","0","0","4","0","","67","6","2021","1","40.004551","-75.132065","1542","6","0","0","0","0","0","0","0","0","","0","0","0","15","1","2","","1","2","40 00:16.383","7","0","75 07:55.433","3","0","0","0","67301","0","0","0","N","0","0","0","2","67301","0","","1.0","1730.0","1","N","N","N","0","","2","0","1","3","2","Y","1542","2","2","1","0","0","0","0","2","0","2","0","0","0","4","04","","N","","","","","","","","","",""
"2021054019","0139","1","0","0","0","0","0","0","0","0","1","0","","67","6","2021","7","40.029616","-75.103469","0135","6","0","0","0","0","1","0","0","0","","0","0","0","1","3","1","N","0","0","40 01:46.616","","0","75 06:12.488","2","0","0","0","67301","0","0","0","N","0","0","0","2","67301","0","","1.0","","1","N","N","N","0","","0","1","1","0","0","","135","2","1","0","0","0","0","0","2","0","2","0","0","0","3","03","","N","","","","","","","","","",""
"2021057503","0004","1","0","0","0","0","0","0","0","0","6","0","","67","6","2021","7","39.982344","-75.225297","0002","6","0","0","0","0","0","0","0","0","","0","0","0","23","3","0","N","0","0","39 58:56.440","","0","75 13:31.070","9","0","0","0","67301","0","0","0","N","0","0","0","3","67301","0","","1.0","","1","N","N","N","1","","0","0","0","0","0","","2300","2","0","0","0","0","0","1","2","0","2","0","0","0","3","03","","N","","","","","","","","","",""
"2021082266","0056","2","0","0","0","0","0","0","0","0","1","0","","67","8","2021","2","39.900013","-75.206707","0048","6","0","0","0","0","0","0","0","0","","1","0","0","0","3","3","N","0","2","39 54:00.045","6","3","75 12:24.144","1","0","0","0","67301","0","0","0","N","0","0","0","7","67301","0","1","1.0","247.0","9","N","N","N","0","0","3","0","1","0","0","Y","40","3","3","1","1","0","0","2","2","0","3","0","0","0","7","07","","N","","","","","","","","","",""
"2021058676","0016","1","0","0","0","0","0","0","0","0","1","0","","67","6","2021","6","40.097536","-74.970342","0009","6","0","0","0","0","0","1","0","0","","0","0","0","23","3","0","N","0","0","40 05:51.130","","0","74 58:13.230","0","0","0","0","67301","0","0","0","N","0","0","0","1","67301","0","","6.0","","1","N","N","N","0","","0","0","2","0","0","","2300","3","0","0","0","0","0","0","2","0","3","0","0","0","3","03","","N","","","","","","","","","",""
"2021060680","1328","1","0","0","0","0","0","0","0","0","5","0","45","67","6","2021","6","40.009188","-75.066818","1319","6","0","0","0","0","0","0","0","0","","0","0","0","13","1","0","N","0","0","40 00:33.076","","0","75 04:00.543","0","0","0","0","67301","0","0","0","N","0","0","0","2","68K01","0","","1.0","","1","N","N","N","1","","0","0","0","0","0","","1305","2","0","0","0","0","0","0","2","0","2","0","0","0","3","03","N","Y","2","1","","","N","","","","Y","N"
"2021054112","1710","3","0","0","0","0","0","0","0","0","4","0","","67","6","2021","5","40.006034","-75.179085","1654","6","0","0","0","0","0","2","0","0","","0","0","0","16","1","2","N","0","0","40 00:21.721","","7","75 10:44.707","3","0","0","0","67301","0","0","0","N","0","0","0","3","67301","0","","1.0","","1","N","N","N","0","","2","0","0","0","0","","1631","3","2","1","0","0","0","0","2","0","3","0","0","0","3","03","","N","","","","","","","","","",""
"2021080775","1005","0","0","0","0","0","0","0","0","0","3","1","","67","8","2021","5","40.020117","-75.132177","1001","6","0","0","0","0","0","0","0","0","","0","1","0","9","1","1","","1","0","40 01:12.421","","0","75 07:55.837","3","0","0","0","67301","0","0","0","N","0","0","0","2","67301","0","","1.0","","1","N","N","N","0","","1","0","1","3","3","","905","2","1","0","0","0","0","0","2","0","2","0","0","0","3","03","","N","","","","","","","","","",""
"2021054111","0040","0","0","0","0","0","0","0","0","0","8","0","","67","6","2021","3","40.011956","-75.176015","0030","6","0","0","0","0","0","0","0","0","","0","0","0","22","3","1","","1","0","40 00:43.041","","0","75 10:33.654","3","0","0","0","67301","1","0","0","N","1","0","0","2","67301","0","","1.0","","1","N","N","N","0","","1","0","1","3","1","","2251","2","1","0","0","0","0","1","2","0","1","1","0","0","3","03","","N","","","","","","","","","",""
"2021054582","1515","0","0","0","0","0","0","0","0","0","8","0","","67","6","2021","1","39.950198","-75.171116","1515","6","0","0","0","0","0","0","0","0","","0","0","0","15","1","1","N","0","0","39 57:00.713","","0","75 10:16.016","3","0","0","0","67301","1","0","0","N","1","0","0","2","67301","0","","1.0","","1","N","N","N","0","","1","0","1","0","0","","1515","2","1","0","0","0","0","0","2","0","1","1","0","0","4","04","","N","","","","","","","","","",""
"2021081272","0115","1","0","0","0","0","0","0","0","0","7","0","","67","8","2021","2","40.024508","-75.079322","0110","6","0","0","0","0","0","0","0","0","","0","0","0","1","3","0","N","0","0","40 01:28.230","","0","75 04:45.560","0","0","0","0","67301","0","0","0","N","0","0","0","0","67301","0","","5.0","","1","N","N","N","0","","0","0","0","0","0","","108","1","0","0","0","0","0","0","2","0","1","0","0","0","3","03","","N","","","","","","","","","",""
"2021054468","0131","1","0","0","0","0","0","0","0","0","4","0","","67","6","2021","1","39.994608","-75.159819","0129","6","0","0","0","0","0","0","0","0","","0","0","0","1","3","1","","5","1","39 59:40.590","3","0","75 09:35.349","4","0","0","0","67301","0","0","0","N","0","0","0","2","67301","1","","1.0","310.0","1","N","N","N","0","","0","0","1","3","1","N","128","2","1","0","0","0","0","0","2","0","2","0","0","0","3","","","N","","","","","","","","","",""
"2021070537","0754","1","0","0","0","0","0","0","0","0","5","0","","67","7","2021","5","40.050478","-75.155056","0751","6","0","0","0","0","0","0","0","0","","0","0","0","7","1","0","N","0","0","40 03:01.720","","0","75 09:18.200","9","0","0","0","67301","0","0","0","N","0","0","0","1","67301","0","","6.0","","1","N","N","N","0","","0","0","1","0","0","","735","3","0","0","0","0","0","1","2","1","3","0","0","0","3","03","","N","","","","","","","","","",""
"2021091063","1228","2","0","0","0","0","0","0","0","0","4","0","","67","9","2021","5","40.01014","-75.121561","1226","6","0","0","0","1","0","0","0","0","","0","0","0","12","8","2","","1","0","40 00:36.504","","0","75 07:17.621","3","0","0","0","67301","0","0","0","N","0","0","0","2","67301","0","","1.0","","9","N","N","N","0","","2","0","0","3","2","","1222","2","2","0","0","0","0","0","2","0","2","0","0","0","7","04","","N","","","","","","","","","",""
"2021085691","2142","1","0","0","0","0","0","0","0","0","4","0","","67","9","2021","6","40.025673","-75.031643","2135","6","0","0","0","0","0","1","1","0","","0","0","0","21","3","2","N","1","0","40 01:32.421","","0","75 01:53.914","3","0","0","1","67301","0","0","0","N","0","0","0","3","67301","0","","1.0","","1","N","N","N","0","","2","0","0","0","0","","2130","2","2","0","0","0","0","0","2","0","2","0","0","0","3","03","","N","","","","","","","","","",""
"2021080918","1250","1","0","0","0","0","0","0","0","0","8","0","","67","8","2021","2","39.945969","-75.241186","1244","6","0","0","0","0","0","0","0","0","","0","0","0","19","4","1","N","0","9","39 56:45.489","","0","75 14:28.271","3","0","0","0","67301","1","0","0","N","1","0","0","1","67301","0","","1.0","","9","N","N","N","0","","1","0","0","0","0","U","1945","2","1","0","0","0","0","0","2","0","1","1","0","0","3","","","N","","","","","","","","","",""
"2021069879","1030","3","0","1","0","0","0","0","0","0","4","0","","67","7","2021","7","39.991174","-75.181518","1019","6","0","0","0","0","0","1","0","0","","0","0","0","10","1","1","","1","0","39 59:28.227","","0","75 10:53.466","2","0","0","0","67301","0","0","0","N","0","0","0","3","67301","0","","1.0","","1","N","N","N","0","","0","1","0","3","2","","1017","4","1","0","0","0","0","0","2","1","4","0","0","0","3","03","","N","","","","","","","","","",""
"2021092177","1554","0","0","0","0","0","0","0","0","0","7","1","","67","9","2021","2","40.014078","-75.199844","1538","6","0","0","0","0","0","0","1","0","","0","1","0","14","1","0","N","0","2","40 00:50.680","3","0","75 11:59.440","0","0","0","0","67301","0","0","0","N","0","0","0","1","67301","0","","5.0","1900.0","1","N","N","N","0","","0","0","0","0","0","Y","1442","1","0","0","0","0","0","0","2","0","1","0","0","0","3","03","","N","","","","","","","","","",""
"2021071375","1637","1","0","0","0","0","0","0","0","0","1","0","","67","7","2021","7","40.020866","-75.140132","1637","6","0","0","0","0","0","1","0","0","","0","0","0","22","3","2","","1","0","40 01:15.118","","0","75 08:24.475","8","0","0","0","67301","0","0","0","N","0","0","0","4","67301","0","","1.0","","1","N","N","N","0","","0","0","1","3","2","","2230","2","2","0","0","0","2","1","2","0","2","0","0","0","3","03","","N","","","","","","","","","",""
"2021086018","1120","1","0","0","0","0","0","0","0","0","4","1","90","67","9","2021","4","40.021763","-75.126053","1110","6","0","0","0","0","0","0","0","0","","0","1","0","10","1","1","N","1","1","40 01:18.346","3","0","75 07:33.790","3","0","0","0","67301","0","0","0","N","0","0","0","1","67301","0","","1.0","1245.0","1","N","N","N","0","","1","0","0","3","8","N","1045","2","1","1","0","0","0","0","2","0","2","0","0","0","4","04","Y","Y","2","1","N","N","N","Y","N","N","N","N"
"2021070513","2038","1","0","0","0","0","0","0","0","0","4","0","","67","7","2021","6","40.004705","-75.152241","2036","6","0","0","0","0","0","0","0","0","","0","0","0","20","4","1","","1","2","40 00:16.937","1","0","75 09:08.069","2","0","1","1","67301","0","0","0","N","0","0","0","3","67301","0","","1.0","2115.0","1","N","N","N","0","","0","1","0","3","2","Y","2034","2","1","0","0","0","0","0","2","0","2","0","0","0","3","03","","N","","","","","","","","","",""
"2021090602","2336","1","0","0","0","0","0","0","0","0","8","0","","67","9","2021","6","40.0282","-75.132303","2333","6","0","0","0","0","0","0","0","0","","0","0","0","23","3","1","N","0","0","40 01:41.520","","0","75 07:56.290","2","0","0","0","67301","1","0","1","N","1","0","1","2","67301","0","","9.0","","1","N","N","N","0","","0","1","0","0","0","","2320","2","1","0","0","0","0","1","2","0","1","1","0","1","3","03","","N","","","","","","","","","",""
"2021057126","1540","2","0","0","0","0","0","0","0","0","4","0","","67","6","2021","6","40.044832","-75.163781","1540","6","0","0","0","0","0","0","0","0","","0","0","0","15","8","2","","1","0","40 02:41.396","","0","75 09:49.613","3","0","0","0","67301","0","0","0","N","0","0","0","3","67301","0","","1.0","","1","N","N","N","0","","2","0","0","3","3","","1535","3","2","0","0","0","0","0","2","1","3","0","0","0","3","","","N","","","","","","","","","",""
"2021064229","0713","0","0","0","0","0","0","0","0","0","4","0","","67","6","2021","2","39.924713","-75.235563","0713","6","0","0","0","0","0","0","0","0","","0","0","0","7","1","0","","1","1","39 55:28.966","3","0","75 14:08.026","0","0","0","0","67301","0","0","0","N","0","0","0","2","67301","0","","1.0","758.0","1","N","N","N","0","","0","0","1","3","2","N","713","2","0","0","0","0","0","0","2","0","2","0","0","0","3","03","","N","","","","","","","","","",""
"2021081279","0519","1","0","0","0","0","0","0","0","0","7","0","","67","8","2021","1","40.015561","-75.084736","0514","6","0","0","0","0","0","0","0","0","","0","0","0","5","3","1","N","0","0","40 00:56.019","","0","75 05:05.051","8","0","0","0","67301","0","0","0","N","0","0","0","1","67301","0","","2.0","","1","N","N","N","0","","0","0","0","9","9","","514","1","1","0","0","0","1","0","2","0","1","0","0","0","3","","","N","","","","","","","","","",""
"2021091826","0920","1","0","0","0","0","0","1","0","0","4","1","","67","9","2021","2","39.957324","-75.152279","0915","6","0","0","0","0","0","1","0","0","","0","0","0","9","1","1","","5","2","39 57:26.368","2","2","75 09:08.204","8","0","0","0","67301","0","0","0","N","0","0","0","3","67508","0","","1.0","9999.0","1","N","N","Y","0","","0","0","0","3","2","N","915","2","1","0","0","0","1","0","2","0","2","0","0","0","3","03","","N","","","","","","","","","",""
"2021070373","0137","1","0","0","0","0","0","0","0","0","1","0","99","67","7","2021","4","39.950162","-75.140693","0137","6","0","0","0","0","0","0","0","0","","0","0","0","1","3","1","N","0","1","39 57:00.583","1","0","75 08:26.494","4","0","0","0","67301","0","0","0","N","0","0","0","2","67301","1","","1.0","115.0","1","N","N","N","1","","0","0","0","3","2","N","100","2","1","1","0","0","0","0","2","0","2","0","0","0","3","03","U","Y","4","1","","","U","Y","","","","N"
"2021064239","1603","1","0","0","0","0","0","0","0","0","4","0","","67","6","2021","2","40.074164","-75.18702","1603","6","0","0","0","0","0","1","0","0","","0","0","0","15","1","1","","2","0","40 04:26.990","","0","75 11:13.272","8","0","0","0","67301","0","0","0","N","0","0","0","2","67301","0","","1.0","","1","N","N","N","0","","0","0","1","0","0","","1530","2","1","0","0","0","1","0","2","0","2","0","0","0","3","","","N","","","","","","","","","",""
"2021069868","0108","2","0","0","0","0","0","0","0","0","1","0","","67","7","2021","1","39.958334","-75.236585","0108","6","0","0","0","0","0","0","0","0","","0","0","0","0","3","2","N","0","0","39 57:30.002","","0","75 14:11.705","4","0","0","0","67301","0","0","0","N","0","0","0","2","67301","2","","6.0","","9","N","N","N","0","","0","0","0","0","0","","32","2","2","2","0","0","0","0","2","0","2","0","0","0","7","07","","N","","","","","","","","","",""
"2021055086","2135","1","0","0","0","0","0","0","0","0","1","0","","67","6","2021","5","39.958029","-75.209368","2133","6","0","0","0","0","0","0","0","0","","0","0","0","21","3","1","","1","0","39 57:28.905","","0","75 12:33.724","8","0","0","0","67301","0","0","0","N","0","0","0","2","67301","0","","1.0","","1","N","N","N","0","","0","0","1","3","2","","2133","3","1","0","0","0","1","0","2","0","2","0","0","0","3","03","","N","","","","","","","","","",""
"2021055084","0728","1","0","0","0","0","0","0","0","0","4","0","","67","6","2021","2","40.024164","-75.095536","0723","6","0","0","0","0","0","1","0","0","","0","0","0","7","1","0","","1","0","40 01:26.990","","0","75 05:43.929","0","0","0","0","67301","0","0","0","N","0","0","0","2","67301","0","","1.0","","1","N","N","N","0","","0","0","1","3","2","","722","2","0","0","0","0","0","0","2","0","2","0","0","0","3","","","N","","","","","","","","","",""
"2021064263","0901","1","0","0","0","0","0","0","0","0","4","0","","67","6","2021","2","40.022621","-75.055563","0900","6","0","0","0","0","0","0","0","0","","0","0","0","8","1","1","","1","1","40 01:21.435","3","0","75 03:20.025","3","0","0","0","67301","0","0","0","N","0","0","0","2","67301","0","","1.0","920.0","1","N","N","N","0","","1","0","1","3","3","N","845","2","1","0","0","0","0","0","2","0","2","0","0","0","3","03","","N","","","","","","","","","",""