"CRN","ARRIVAL_TM","AUTOMOBILE_COUNT","BELTED_DEATH_COUNT","BELTED_SUSP_SERIOUS_INJ_COUNT","BICYCLE_COUNT","BICYCLE_DEATH_COUNT","BICYCLE_SUSP_SERIOUS_INJ_COUNT","BUS_COUNT","CHLDPAS_DEATH_COUNT","CHLDPAS_SUSP_SERIOUS_INJ_COUNT","COLLISION_TYPE","COMM_VEH_COUNT","CONS_ZONE_SPD_LIM","COUNTY","CRASH_MONTH","CRASH_YEAR","DAY_OF_WEEK","DEC_LATITUDE","DEC_LONGITUDE","DISPATCH_TM","DISTRICT","DRIVER_COUNT_16YR","DRIVER_COUNT_17YR","DRIVER_COUNT_18YR","DRIVER_COUNT_19YR","DRIVER_COUNT_20YR","DRIVER_COUNT_50_64YR","DRIVER_COUNT_65_74YR","DRIVER_COUNT_75PLUS","EST_HRS_CLOSED","FATAL_COUNT","HEAVY_TRUCK_COUNT","HORSE_BUGGY_COUNT","HOUR_OF_DAY","ILLUMINATION","INJURY_COUNT","INTERSECTION_RELATED","INTERSECT_TYPE","LANE_CLOSED","LATITUDE","LN_CLOSE_DIR","LOCATION_TYPE","LONGITUDE","MAX_SEVERITY_LEVEL","MCYCLE_DEATH_COUNT","MCYCLE_SUSP_SERIOUS_INJ_COUNT","MOTORCYCLE_COUNT","MUNICIPALITY","NONMOTR_COUNT","NONMOTR_DEATH_COUNT","NONMOTR_SUSP_SERIOUS_INJ_COUNT","NTFY_HIWY_MAINT","PED_COUNT","PED_DEATH_COUNT","PED_SUSP_SERIOUS_INJ_COUNT","PERSON_COUNT","POLICE_AGCY","POSSIBLE_INJ_COUNT","RDWY_SURF_TYPE_CD","RELATION_TO_ROAD","ROADWAY_CLEARED","ROAD_CONDITION","SCH_BUS_IND","SCH_ZONE_IND","SECONDARY_CRASH","SMALL_TRUCK_COUNT","SPEC_JURIS_CD","SUSP_MINOR_INJ_COUNT","SUSP_SERIOUS_INJ_COUNT","SUV_COUNT","TCD_FUNC_CD","TCD_TYPE","TFC_DETOUR_IND","TIME_OF_DAY","TOTAL_UNITS","TOT_INJ_COUNT","UNBELTED_OCC_COUNT","UNB_DEATH_COUNT","UNB_SUSP_SERIOUS_INJ_COUNT","UNK_INJ_DEG_COUNT","UNK_INJ_PER_COUNT","URBAN_RURAL","VAN_COUNT","VEHICLE_COUNT","VULNERABLE_ROAD_USER_COUNT","VULNERABLE_ROAD_USER_DEATH_COUNT","VULNERABLE_ROAD_USER_SER_INJ_COUNT","WEATHER1","WEATHER2","WORKERS_PRES","WORK_ZONE_IND","WORK_ZONE_LOC","WORK_ZONE_TYPE","WZ_CLOSE_DETOUR","WZ_FLAGGER","WZ_LAW_OFFCR_IND","WZ_LN_CLOSURE","WZ_MOVING","WZ_OTHER","WZ_SHLDER_MDN","WZ_WORKERS_INJ_KILLED"
"2021060906","1519","1","0","0","0","0","0","0","0","0","1","0","","67","6","2021","5","39.995919","-75.082836","1456","6","0","0","0","0","0","0","0","0","","0","0","0","14","1","1","N","0","1","39 59:45.307","1","3","75 04:58.208","8","0","0","1","67301","0","0","0","N","0","0","0","2","68K01","0","","1.0","1525.0","1","N","N","N","0","","0","0","0","0","0","N","1454","2","1","0","0","0","1","0","2","0","2","0","0","0","3","","","N","","","","","","","","","",""
"2021055549","1349","0","0","0","0","0","0","0","0","0","8","0","","67","6","2021","4","40.00468","-75.152126","1348","6","0","0","0","0","0","0","0","0","","0","0","0","13","1","1","","1","0","40 00:16.847","","0","75 09:07.652","8","0","0","0","67301","1","0","0","N","1","0","0","2","67505","0","","4.0","","1","N","N","Y","0","","0","0","1","3","2","","1340","3","1","0","0","0","1","0","2","0","1","1","0","0","3","03","","N","","","","","","","","","",""
"2021054110","2335","0","0","0","0","0","0","0","0","0","8","0","","67","6","2021","3","40.009244","-75.151133","2330","6","0","0","0","0","0","0","0","0","","0","0","0","22","3","1","","1","0","40 00:33.277","","0","75 09:04.079","8","0","0","0","67301","1","0","0","N","1","0","0","2","67301","0","","1.0","","1","N","N","N","0","","0","0","0","3","2","","2212","2","1","0","0","0","1","1","2","0","1","1","0","0","3","","","N","","","","","","","","","",""
"2021070424","0055","0","0","0","0","0","0","0","0","0","7","0","","67","7","2021","4","40.016786","-75.08361","0047","6","0","0","0","0","0","0","0","0","","0","0","0","0","3","0","","5","0","40 01:00.430","","1","75 05:00.995","0","0","0","0","67301","0","0","0","N","0","0","0","1","67301","0","","4.0","","1","N","N","N","0","","0","0","1","3","2","","20","1","0","0","0","0","0","0","2","0","1","0","0","0","3","03","","N","","","","","","","","","",""
"2021070549","0308","2","0","0","0","0","0","0","0","0","4","0","","67","7","2021","5","40.009257","-75.151239","0306","6","0","0","0","0","0","0","0","0","","0","0","0","2","3","0","","1","0","40 00:33.325","","0","75 09:04.460","0","0","0","0","67301","0","0","0","N","0","0","0","3","67301","0","","1.0","","1","N","N","N","0","","0","0","0","3","2","","243","2","0","1","0","0","0","0","2","0","2","0","0","0","3","98","","N","","","","","","","","","",""
"2021069836","1630","1","0","0","0","0","0","0","0","0","4","0","","67","7","2021","4","40.044528","-75.193121","1630","6","0","0","0","0","0","0","0","0","","0","0","0","15","1","1","","1","0","40 02:40.301","","0","75 11:35.235","3","0","0","0","67301","0","0","0","N","0","0","0","2","67301","0","","1.0","","9","N","N","N","0","","1","0","1","3","2","","1540","2","1","0","0","0","0","0","2","0","2","0","0","0","4","04","","N","","","","","","","","","",""
"2021081606","1037","1","0","0","0","0","0","0","0","0","1","0","","67","8","2021","7","39.95971","-75.176504","1019","6","0","0","0","0","0","1","0","0","","0","0","0","10","1","1","N","0","0","39 57:34.955","","0","75 10:35.415","4","0","0","0","67301","0","0","0","N","0","0","0","3","68K01","1","","1.0","","1","N","N","N","1","","0","0","0","3","8","","1011","2","1","0","0","0","0","0","2","0","2","0","0","0","3","03","","N","","","","","","","","","",""
"2021059055","1428","0","0","0","0","0","0","0","0","0","7","0","","67","6","2021","5","40.045465","-75.139431","1427","6","0","0","0","0","0","0","0","0","","0","0","0","14","1","0","","2","0","40 02:43.674","","0","75 08:21.951","0","0","0","0","67301","0","0","0","N","0","0","0","1","67301","0","","4.0","","1","N","N","N","0","","0","0","1","3","3","","1426","1","0","0","0","0","0","0","2","0","1","0","0","0","3","03","","N","","","","","","","","","",""
"2021081925","1637","1","0","0","0","0","0","0","0","0","1","0","","67","8","2021","7","39.990311","-75.205071","1625","6","0","0","0","0","0","1","0","0","","0","0","0","16","1","2","N","0","0","39 59:25.118","","0","75 12:18.256","3","0","0","0","67301","0","0","0","Y","0","0","0","5","68K01","0","","1.0","","1","N","N","N","0","","1","0","1","0","0","","1610","2","2","4","0","0","1","0","2","0","2","0","0","0","3","","","N","","","","","","","","","",""
"2021064404","0305","1","0","0","0","0","0","0","0","0","4","0","","67","6","2021","1","40.01168","-75.163048","0305","6","0","0","0","0","0","0","0","0","","0","0","0","23","3","2","","1","0","40 00:42.048","","0","75 09:46.973","8","0","0","0","67301","0","0","0","N","0","0","0","3","67301","0","","1.0","","1","N","N","N","0","","0","0","1","3","3","","2330","2","2","0","0","0","2","1","2","0","2","0","0","0","3","03","","N","","","","","","","","","",""
"2021055079","1541","2","0","0","0","0","0","0","0","0","5","0","","67","6","2021","2","39.915722","-75.152194","1540","6","0","0","0","0","0","0","0","0","","0","0","0","15","1","0","N","0","0","39 54:56.600","","0","75 09:07.900","9","0","0","0","67301","0","0","0","N","0","0","0","1","67301","0","","6.0","","1","N","N","N","0","","0","0","1","0","0","","1530","3","0","0","0","0","0","1","2","0","3","0","0","0","3","","","N","","","","","","","","","",""
"2021091973","0907","2","0","0","0","0","0","0","0","0","4","0","","67","9","2021","4","40.043333","-75.161349","0843","6","0","0","0","0","0","0","0","0","","0","0","0","8","1","1","","1","0","40 02:36.000","","0","75 09:40.857","8","0","0","0","67301","0","0","0","N","0","0","0","2","67301","0","","1.0","","1","N","N","N","0","","0","0","0","3","2","","800","2","1","1","0","0","1","1","2","0","2","0","0","0","3","03","","N","","","","","","","","","",""
"2021053590","1045","2","0","0","0","0","0","0","0","0","4","0","","67","6","2021","4","39.918554","-75.225852","1040","6","0","0","0","0","0","0","0","0","","0","0","0","10","1","1","","1","0","39 55:06.796","","0","75 13:33.067","3","0","0","0","67301","0","0","0","N","0","0","0","2","67301","0","","1.0","","1","N","N","N","0","","1","0","0","3","2","","1030","2","1","0","0","0","0","0","2","0","2","0","0","0","3","03","","N","","","","","","","","","",""
"2021064380","1857","1","0","0","0","0","0","0","0","0","4","0","","67","6","2021","3","40.035351","-75.132773","1857","6","0","0","0","0","0","0","0","0","","0","0","0","14","1","1","","1","0","40 02:07.263","","0","75 07:57.982","4","0","0","0","67301","0","0","0","N","0","0","0","2","67301","1","","1.0","","1","N","N","N","0","","0","0","0","3","3","","1430","2","1","0","0","0","0","0","2","1","2","0","0","0","3","03","","N","","","","","","","","","",""
"2021064372","1937","0","0","0","0","0","0","0","0","0","4","0","","67","6","2021","1","40.028148","-75.155282","1929","6","0","0","0","0","0","0","0","0","","0","0","0","19","1","1","","2","0","40 01:41.332","","0","75 09:19.015","3","0","0","1","67301","0","0","0","N","0","0","0","1","67301","0","","1.0","","1","N","N","N","0","","1","0","0","3","3","","1913","2","1","0","0","0","0","0","2","1","2","0","0","0","3","","","N","","","","","","","","","",""
"2021070503","1210","1","0","0","0","0","0","0","0","0","6","0","","67","7","2021","6","39.9911","-75.123131","1200","6","0","0","0","0","0","0","0","0","","0","0","0","11","1","1","N","0","2","39 59:27.960","5","1","75 07:23.270","3","0","0","0","67301","0","0","0","N","0","0","0","3","67301","0","","6.0","1240.0","1","N","N","N","1","","1","0","1","0","0","Y","1150","3","1","0","0","0","0","0","2","0","3","0","0","0","3","03","","N","","","","","","","","","",""
"2021091269","2140","3","0","0","0","0","0","0","0","0","2","0","","67","9","2021","2","40.00221","-75.1577","2140","6","0","0","0","0","0","0","0","0","","0","0","0","21","3","1","N","2","0","40 00:07.957","","0","75 09:27.721","8","0","0","0","67301","0","0","0","N","0","0","0","3","67505","0","","1.0","","1","N","N","Y","0","","0","0","0","3","2","","2135","3","1","0","0","0","1","0","2","0","3","0","0","0","3","03","","N","","","","","","","","","",""
"2021091197","0300","1","0","0","0","0","0","0","0","0","5","1","","67","9","2021","2","39.978807","-75.203013","0245","6","0","0","0","0","0","0","0","0","","0","1","0","2","3","1","N","0","2","39 58:43.706","4","0","75 12:10.846","3","0","0","0","67301","0","0","0","N","0","0","0","3","68K01","0","","1.0","330.0","1","N","N","N","0","","1","0","0","0","0","N","237","2","1","0","0","0","0","0","2","0","2","0","0","0","3","03","","N","","","","","","","","","",""
"2021093033","0930","1","0","0","0","0","0","0","0","0","4","0","","67","10","2021","7","39.928041","-75.219284","0930","6","0","0","0","0","0","2","0","0","","0","0","0","9","1","1","","1","0","39 55:40.948","","0","75 13:09.423","4","0","0","0","67301","0","0","0","N","0","0","0","2","67301","1","","2.0","","1","N","N","N","0","","0","0","1","3","2","","928","2","1","0","0","0","0","0","2","0","2","0","0","0","3","","","N","","","","","","","","","",""
"2021064640","2338","1","0","0","0","0","0","0","0","0","5","0","","67","7","2021","6","40.016931","-75.050648","2325","6","0","0","0","0","0","0","0","0","","0","0","0","23","3","0","N","0","2","40 01:00.950","2","0","75 03:02.332","0","0","0","0","67301","0","0","0","N","0","0","0","7","68K01","0","","1.0","10.0","1","N","N","N","0","","0","0","1","0","0","N","2325","2","0","0","0","0","0","0","2","0","2","0","0","0","3","03","","N","","","","","","","","","",""
"2021092872","1722","1","0","0","0","0","0","0","0","0","5","0","","67","9","2021","5","39.899051","-75.168385","1714","6","0","0","0","0","0","0","0","0","","0","0","0","17","1","0","N","0","0","39 53:56.582","","0","75 10:06.186","0","0","0","0","67301","0","0","0","N","0","0","0","2","68K01","0","","1.0","","1","N","N","N","1","","0","0","0","0","0","","1712","2","0","0","0","0","0","0","2","0","2","0","0","0","3","","","N","","","","","","","","","",""
"2021064291","0740","1","0","0","0","0","0","0","0","0","8","0","","67","6","2021","2","39.961185","-75.24707","0715","6","0","0","0","0","0","1","0","0","","0","0","0","6","5","1","","2","0","39 57:40.266","","0","75 14:49.451","3","0","0","0","67301","1","0","0","N","1","0","0","2","67301","0","","1.0","","1","N","N","N","0","","1","0","0","3","2","","615","2","1","0","0","0","0","0","2","0","1","1","0","0","3","03","","N","","","","","","","","","",""
"2021067845","0135","2","0","0","0","0","0","0","0","0","5","0","","67","7","2021","7","39.940727","-75.143524","0131","6","0","0","0","0","0","0","0","0","","0","0","0","1","3","5","N","0","2","39 56:26.618","2","0","75 08:36.687","4","0","0","0","67301","0","0","0","N","0","0","0","5","68K01","5","","1.0","156.0","1","N","N","N","0","","0","0","0","0","0","N","129","2","5","0","0","0","0","0","2","0","2","0","0","0","3","","","N","","","","","","","","","",""
"2021064189","1455","1","0","0","0","0","0","0","0","0","4","0","","67","6","2021","2","39.931978","-75.151315","1450","6","0","0","0","0","0","0","1","0","","0","0","0","13","1","0","","1","2","39 55:55.120","3","0","75 09:04.733","0","0","0","0","67301","0","0","0","N","0","0","0","1","67301","0","","1.0","1545.0","1","N","N","N","0","","0","0","1","3","3","Y","1338","3","0","0","0","0","0","0","2","1","3","0","0","0","3","","","N","","","","","","","","","",""
"2021070412","2025","1","0","0","0","0","0","0","0","0","4","0","","67","7","2021","7","40.035003","-75.173723","2019","6","0","0","0","0","0","1","0","0","","0","0","0","19","4","1","","1","0","40 02:06.009","","0","75 10:25.403","8","0","0","0","67301","0","0","0","N","0","0","0","2","67301","0","","1.0","","1","N","N","N","0","","0","0","0","3","2","","1919","2","1","0","0","0","1","1","2","1","2","0","0","0","3","","","N","","","","","","","","","",""
"2021072644","0418","0","0","0","0","0","0","0","0","0","5","0","","67","7","2021","1","40.014219","-75.140419","0413","6","0","0","0","0","0","0","0","0","","0","0","0","4","3","0","N","0","0","40 00:51.190","","0","75 08:25.510","0","0","0","0","67301","0","0","0","N","0","0","0","1","67301","0","","6.0","","1","N","N","N","0","","0","0","1","0","0","","400","2","0","0","0","0","0","0","2","1","2","0","0","0","3","03","","N","","","","","","","","","",""
"2021064308","1021","1","0","0","0","0","0","0","0","0","5","0","","67","6","2021","2","39.980603","-75.221553","1004","6","0","0","0","0","0","0","1","0","","0","0","0","10","1","2","N","0","0","39 58:50.170","","0","75 13:17.590","3","0","0","0","67301","0","0","0","N","0","0","0","3","67301","0","","1.0","","1","N","N","N","0","","2","0","1","0","0","","1002","2","2","0","0","0","0","0","2","0","2","0","0","0","3","03","","N","","","","","","","","","",""
"2021093580","0730","1","0","0","0","0","0","0","0","0","7","0","","67","10","2021","1","40.063486","-74.985225","0719","6","0","0","0","0","0","0","0","0","","0","0","0","7","1","0","N","0","2","40 03:48.549","1","0","74 59:06.809","9","0","0","0","67301","0","0","0","N","0","0","0","1","67301","0","","5.0","100.0","1","N","N","N","0","","0","0","0","3","8","N","712","1","0","0","0","0","0","1","2","0","1","0","0","0","5","04","","N","","","","","","","","","",""
"2021070501","1308","1","0","0","0","0","0","0","0","0","8","0","","67","7","2021","1","39.993953","-75.118055","1256","6","0","0","0","0","0","2","0","0","","0","0","0","12","1","1","","1","0","39 59:38.230","","1","75 07:04.998","3","0","0","0","67301","1","0","0","N","1","0","0","3","67301","0","","1.0","","1","N","N","N","0","","1","0","0","3","2","","1252","3","1","0","0","0","0","0","2","1","2","1","0","0","4","98","","N","","","","","","","","","",""
"2021070456","0937","0","0","0","0","0","0","0","0","0","4","0","","67","7","2021","4","39.938271","-75.19856","0933","6","0","0","0","0","0","0","0","0","","0","0","0","9","1","2","","1","0","39 56:17.777","","0","75 11:54.817","8","0","0","0","67301","0","0","0","N","0","0","0","2","67301","0","","1.0","","1","N","N","N","0","","0","0","2","3","2","","912","2","2","0","0","0","2","0","2","0","2","0","0","0","3","03","","N","","","","","","","","","",""
"2021069801","1825","1","0","0","0","0","0","0","0","0","7","0","","67","7","2021","2","40.100946","-75.007238","1814","6","0","0","0","0","0","0","0","0","","0","0","0","18","1","1","N","0","0","40 06:03.406","","0","75 00:26.058","8","0","0","0","67301","0","0","0","N","0","0","0","1","67301","0","","3.0","","1","N","N","N","0","","0","0","0","0","0","","1810","1","1","0","0","0","1","0","2","0","1","0","0","0","3","","","N","","","","","","","","","",""
"2021085440","0353","2","0","0","0","0","0","0","0","0","2","0","","67","9","2021","6","40.00812","-75.072672","0347","6","0","0","0","0","0","0","0","0","","0","0","0","3","3","0","","1","1","40 00:29.232","2","0","75 04:21.619","0","0","0","0","67301","0","0","0","N","0","0","0","2","67301","0","","1.0","439.0","1","N","N","N","0","","0","0","0","3","2","N","344","2","0","0","0","0","0","0","2","0","2","0","0","0","3","","","N","","","","","","","","","",""
"2021070534","0942","2","0","0","0","0","0","0","0","0","3","0","","67","7","2021","7","40.038528","-75.123611","0942","6","0","0","0","0","0","0","0","0","","0","0","0","19","1","1","N","0","0","40 02:18.700","","0","75 07:25.000","3","0","0","0","67301","0","0","0","N","0","0","0","3","67301","0","","4.0","","99","N","N","N","0","","1","0","0","0","0","","1900","2","1","0","0","0","0","1","2","0","2","0","0","0","99","","","N","","","","","","","","","",""
"2021069744","2125","1","0","0","0","0","0","0","0","0","1","0","","67","7","2021","7","40.028317","-75.109623","2110","6","0","0","0","0","0","1","0","0","","0","0","0","21","3","2","Y","0","2","40 01:41.941","2","0","75 06:34.641","8","0","0","0","67301","0","0","0","N","0","0","0","4","67301","0","","1.0","1015.0","1","N","N","Y","0","","0","0","2","3","2","Y","2110","3","2","0","0","0","2","1","2","0","3","0","0","0","4","","","N","","","","","","","","","",""
"2021071081","1937","1","0","0","0","0","0","0","0","0","1","0","","67","7","2021","3","40.00853","-75.210732","1908","6","0","0","0","0","0","1","0","0","","0","0","0","15","1","1","","1","0","40 00:30.708","","0","75 12:38.635","4","0","0","0","67301","0","0","0","N","0","0","0","3","67301","1","","1.0","","1","N","N","N","0","","0","0","0","3","2","","1547","2","1","0","0","0","0","0","2","1","2","0","0","0","3","03","","N","","","","","","","","","",""
"2021057185","1527","2","0","0","0","0","0","0","0","0","1","0","35","67","6","2021","5","39.954333","-75.142056","1525","6","0","0","0","0","0","0","0","0","","0","0","0","15","1","1","N","0","0","39 57:15.600","","3","75 08:31.400","4","0","0","0","67301","0","0","0","N","0","0","0","5","67501","1","","1.0","","1","N","N","N","0","","0","0","1","3","2","","1525","3","1","0","0","0","0","0","2","0","3","0","0","0","3","03","Y","Y","8","1","","","N","Y","Y","","","N"
"2021069803","0930","1","0","0","0","0","0","0","0","0","4","0","","67","7","2021","7","40.056395","-75.018986","0925","6","0","0","0","0","0","0","0","1","","0","0","0","6","1","1","","1","0","40 03:23.021","","0","75 01:08.349","3","0","0","0","67301","0","0","0","N","0","0","0","2","67301","0","","1.0","","1","N","N","N","0","","1","0","1","3","2","","650","2","1","0","0","0","0","0","2","0","2","0","0","0","3","03","","N","","","","","","","","","",""
"2021090675","1215","1","0","0","0","0","0","0","0","0","1","0","","67","9","2021","6","39.941134","-75.237528","1213","6","0","0","0","0","0","0","0","0","","0","0","0","12","1","0","N","0","2","39 56:28.084","2","0","75 14:15.100","0","0","0","0","67301","0","0","0","N","0","0","0","4","67301","0","","1.0","1245.0","1","N","N","N","0","","0","0","1","0","0","N","1210","2","0","0","0","0","0","0","2","0","2","0","0","0","3","03","","N","","","","","","","","","",""
"2021069925","1810","2","0","0","0","0","0","0","0","0","1","0","","67","7","2021","5","40.004375","-75.174454","1802","6","0","0","0","0","0","0","0","0","","0","0","0","16","1","1","Y","0","0","40 00:15.750","","0","75 10:28.036","3","0","0","0","67301","0","0","0","N","0","0","0","3","67301","0","","1.0","","1","N","N","N","0","","1","0","0","3","2","","1640","2","1","0","0","0","0","0","2","0","2","0","0","0","3","03","","N","","","","","","","","","",""
"2021073534","2320","0","0","0","0","0","0","0","0","0","4","0","","67","7","2021","5","40.099985","-75.008299","2300","6","0","0","0","0","0","1","1","0","","0","0","0","22","3","0","","1","0","40 05:59.946","","0","75 00:29.876","0","0","0","0","67301","0","0","0","N","0","0","0","2","67301","0","","1.0","","1","N","N","Y","0","","0","0","2","3","2","","2255","2","0","0","0","0","0","0","2","0","2","0","0","0","3","03","","N","","","","","","","","","",""
"2021064359","1730","0","0","0","0","0","0","0","0","0","8","0","","67","6","2021","3","39.967889","-75.141917","1716","6","0","0","0","0","0","0","0","0","","0","0","0","15","1","2","N","0","0","39 58:04.400","","0","75 08:30.900","8","0","0","0","67301","2","0","0","N","2","0","0","3","67301","0","","1.0","","1","N","N","N","0","","0","0","0","0","0","","1530","3","2","0","0","0","2","0","2","1","1","2","0","0","3","03","","N","","","","","","","","","",""
"2021064399","1121","2","0","0","0","0","0","0","0","0","4","0","","67","6","2021","7","39.998655","-75.178221","1121","6","0","0","0","0","0","0","0","0","","0","0","0","22","6","1","","5","0","39 59:55.159","","0","75 10:41.596","4","0","0","0","67301","0","0","0","N","0","0","0","2","67301","1","","1.0","","99","N","N","N","0","","0","0","0","3","2","","2230","2","1","2","0","0","0","1","2","0","2","0","0","0","99","","","N","","","","","","","","","",""
"2021085182","1051","1","0","0","0","0","0","0","0","0","4","1","","67","9","2021","3","39.980367","-75.170923","1047","6","0","0","1","0","0","0","0","0","","0","1","0","10","1","0","","1","0","39 58:49.322","","0","75 10:15.323","0","0","0","0","67301","0","0","0","N","0","0","0","3","67301","0","","1.0","","1","N","N","N","0","","0","0","0","3","2","","1047","2","0","3","0","0","0","0","2","0","2","0","0","0","3","03","","N","","","","","","","","","",""
"2021070395","1129","0","0","0","0","0","0","0","0","0","4","0","","67","7","2021","5","39.926459","-75.233085","1126","6","0","0","0","0","0","0","0","0","","0","0","0","11","1","1","","1","0","39 55:35.252","","0","75 13:59.106","3","0","0","0","67301","0","0","0","N","0","0","0","3","67301","0","","1.0","","1","N","N","N","0","","1","0","1","3","2","","1123","2","1","0","0","0","0","0","2","1","2","0","0","0","3","03","","N","","","","","","","","","",""
"2021093413","2019","2","0","0","0","0","0","0","0","0","1","0","","67","9","2021","6","39.968505","-75.191274","2010","6","0","0","1","0","0","0","0","0","","0","0","0","20","3","0","N","0","1","39 58:06.619","3","0","75 11:28.586","0","0","0","0","67301","0","0","0","N","0","0","0","3","68K01","0","","1.0","2025.0","1","N","N","N","0","","0","0","0","0","0","Y","2008","2","0","0","0","0","0","0","2","0","2","0","0","0","3","","","N","","","","","","","","","",""
"2021066808","0805","2","0","0","0","0","0","0","0","0","1","0","","67","7","2021","2","39.90925","-75.152667","0802","6","0","0","0","0","0","0","0","1","","0","0","0","8","1","1","N","0","2","39 54:33.300","4","3","75 09:09.600","8","0","0","0","67301","0","0","0","N","0","0","0","4","67501","0","","1.0","815.0","1","N","N","N","0","","0","0","1","0","0","Y","802","3","1","0","0","0","1","0","2","0","3","0","0","0","3","","","N","","","","","","","","","",""
"2021069800","1700","2","0","0","0","0","0","0","0","0","5","0","","67","7","2021","2","40.072414","-75.044678","1650","6","0","0","0","0","0","0","0","0","","0","0","0","16","1","0","Y","0","0","40 04:20.690","","0","75 02:40.840","0","0","0","0","67301","0","0","0","N","0","0","0","1","67301","0","","6.0","","1","N","N","N","0","","0","0","0","0","0","","1645","2","0","1","0","0","0","0","2","0","2","0","0","0","3","03","","N","","","","","","","","","",""
"2021070403","0429","1","0","0","0","0","0","0","0","0","5","0","","67","7","2021","6","40.040622","-75.181578","0419","6","0","0","0","0","0","0","0","0","","0","0","0","4","3","0","N","0","1","40 02:26.240","6","0","75 10:53.680","9","0","0","0","67301","0","0","0","N","0","0","0","1","67301","0","","6.0","600.0","1","N","N","N","2","","0","0","2","0","0","Y","400","5","0","0","0","0","0","1","2","0","5","0","0","0","3","03","","N","","","","","","","","","",""
"2021069914","1844","2","0","0","0","0","0","0","0","0","2","0","","67","7","2021","6","40.030204","-75.118458","1844","6","0","0","0","0","0","1","0","0","","0","0","0","15","1","1","","1","0","40 01:48.734","","99","75 07:06.449","3","0","0","0","67301","0","0","0","N","0","0","0","2","67301","0","","1.0","","1","N","N","N","0","","1","0","0","3","2","","1527","2","1","0","0","0","0","0","2","0","2","0","0","0","3","03","","N","","","","","","","","","",""
"2021069737","2038","1","0","0","0","0","0","0","0","0","4","0","","67","7","2021","5","40.06144","-75.083856","2037","6","0","0","1","0","1","0","0","0","","0","0","0","20","3","1","","1","0","40 03:41.185","","0","75 05:01.882","3","0","0","0","67301","0","0","0","N","0","0","0","3","67301","0","","1.0","","1","N","N","N","0","","1","0","1","3","2","","2016","2","1","0","0","0","0","0","2","0","2","0","0","0","3","03","","N","","","","","","","","","",""
"2021093040","1941","1","0","0","0","0","0","0","0","0","8","0","","67","9","2021","5","40.098108","-75.030345","1935","6","0","0","0","0","0","0","0","0","","0","0","0","19","3","1","","2","2","40 05:53.190","3","0","75 01:49.243","4","0","0","0","67301","1","0","0","N","1","0","0","2","67301","1","","1.0","30.0","1","N","N","N","0","","0","0","0","3","2","Y","1930","2","1","0","0","0","0","0","2","0","1","1","0","0","3","","","N","","","","","","","","","",""
"2021069899","1645","0","0","0","0","0","0","0","0","0","7","0","","67","7","2021","7","39.970259","-75.124158","1641","6","0","0","0","0","0","1","0","0","","0","0","0","16","1","0","N","0","1","39 58:12.931","2","0","75 07:26.968","9","0","0","0","67301","0","0","0","N","0","0","0","1","67301","0","","4.0","1759.0","1","N","N","N","0","","0","0","1","0","0","N","1638","1","0","0","0","0","0","1","2","0","1","0","0","0","3","","","N","","","","","","","","","",""
"2021064278","0212","1","0","0","0","0","0","0","0","0","4","0","","67","6","2021","7","39.96898","-75.217001","0208","6","0","0","0","0","0","0","0","0","","0","0","0","2","3","1","","1","0","39 58:08.327","","0","75 13:01.203","4","0","0","0","67301","0","0","0","N","0","0","0","2","67301","1","","1.0","","1","N","N","N","0","","0","0","1","3","1","","208","2","1","0","0","0","0","0","2","0","2","0","0","0","3","","","N","","","","","","","","","",""
"2021069732","0015","2","0","0","0","0","0","0","0","0","1","0","","67","7","2021","1","39.914861","-75.176722","0010","6","0","0","0","0","0","0","0","0","","0","0","0","22","3","0","N","0","0","39 54:53.500","","0","75 10:36.200","0","0","0","0","67301","0","0","0","N","0","0","0","1","67301","0","","6.0","","1","N","N","N","0","","0","0","0","0","0","","2200","2","0","0","0","0","0","0","2","0","2","0","0","0","3","03","","N","","","","","","","","","",""
"2021064172","1724","3","0","0","0","0","0","0","0","0","5","0","","67","6","2021","7","40.029368","-75.105913","1710","6","0","0","0","0","0","1","0","0","","0","0","0","17","1","2","N","0","2","40 01:45.725","2","0","75 06:21.286","3","0","0","0","67301","0","0","0","N","0","0","0","5","67301","0","","1.0","100.0","1","N","N","N","0","","2","0","2","3","2","N","1710","5","2","1","0","0","0","0","2","0","5","0","0","0","3","","","N","","","","","","","","","",""
"2021059521","0615","1","0","0","0","0","0","0","0","0","7","0","","67","6","2021","1","40.061032","-75.208361","0615","6","0","0","0","1","0","0","0","0","","0","0","0","5","1","1","","3","2","40 03:39.715","6","0","75 12:30.099","3","0","0","0","67301","0","0","0","N","0","0","0","2","67301","0","","4.0","730.0","1","N","N","N","0","","1","0","0","0","0","N","551","1","1","0","0","0","0","0","2","0","1","0","0","0","3","03","","N","","","","","","","","","",""
"2021037728","1355","1","0","0","0","0","0","0","0","0","4","0","","67","4","2021","5","39.979428","-75.225323","1355","6","0","0","0","0","0","0","0","0","","0","0","0","13","1","3","","1","0","39 58:45.940","","0","75 13:31.164","3","0","0","0","67301","0","0","0","N","0","0","0","4","67301","0","","1.0","","1","N","N","Y","0","","3","0","0","3","2","","1355","2","3","0","0","0","0","0","2","1","2","0","0","0","3","03","","N","","","","","","","","","",""