"CRN","ARRIVAL_TM","AUTOMOBILE_COUNT","BELTED_DEATH_COUNT","BELTED_SUSP_SERIOUS_INJ_COUNT","BICYCLE_COUNT","BICYCLE_DEATH_COUNT","BICYCLE_SUSP_SERIOUS_INJ_COUNT","BUS_COUNT","CHLDPAS_DEATH_COUNT","CHLDPAS_SUSP_SERIOUS_INJ_COUNT","COLLISION_TYPE","COMM_VEH_COUNT","CONS_ZONE_SPD_LIM","COUNTY","CRASH_MONTH","CRASH_YEAR","DAY_OF_WEEK","DEC_LATITUDE","DEC_LONGITUDE","DISPATCH_TM","DISTRICT","DRIVER_COUNT_16YR","DRIVER_COUNT_17YR","DRIVER_COUNT_18YR","DRIVER_COUNT_19YR","DRIVER_COUNT_20YR","DRIVER_COUNT_50_64YR","DRIVER_COUNT_65_74YR","DRIVER_COUNT_75PLUS","EST_HRS_CLOSED","FATAL_COUNT","HEAVY_TRUCK_COUNT","HORSE_BUGGY_COUNT","HOUR_OF_DAY","ILLUMINATION","INJURY_COUNT","INTERSECTION_RELATED","INTERSECT_TYPE","LANE_CLOSED","LATITUDE","LN_CLOSE_DIR","LOCATION_TYPE","LONGITUDE","MAX_SEVERITY_LEVEL","MCYCLE_DEATH_COUNT","MCYCLE_SUSP_SERIOUS_INJ_COUNT","MOTORCYCLE_COUNT","MUNICIPALITY","NONMOTR_COUNT","NONMOTR_DEATH_COUNT","NONMOTR_SUSP_SERIOUS_INJ_COUNT","NTFY_HIWY_MAINT","PED_COUNT","PED_DEATH_COUNT","PED_SUSP_SERIOUS_INJ_COUNT","PERSON_COUNT","POLICE_AGCY","POSSIBLE_INJ_COUNT","RDWY_SURF_TYPE_CD","RELATION_TO_ROAD","ROADWAY_CLEARED","ROAD_CONDITION","SCH_BUS_IND","SCH_ZONE_IND","SECONDARY_CRASH","SMALL_TRUCK_COUNT","SPEC_JURIS_CD","SUSP_MINOR_INJ_COUNT","SUSP_SERIOUS_INJ_COUNT","SUV_COUNT","TCD_FUNC_CD","TCD_TYPE","TFC_DETOUR_IND","TIME_OF_DAY","TOTAL_UNITS","TOT_INJ_COUNT","UNBELTED_OCC_COUNT","UNB_DEATH_COUNT","UNB_SUSP_SERIOUS_INJ_COUNT","UNK_INJ_DEG_COUNT","UNK_INJ_PER_COUNT","URBAN_RURAL","VAN_COUNT","VEHICLE_COUNT","VULNERABLE_ROAD_USER_COUNT","VULNERABLE_ROAD_USER_DEATH_COUNT","VULNERABLE_ROAD_USER_SER_INJ_COUNT","WEATHER1","WEATHER2","WORKERS_PRES","WORK_ZONE_IND","WORK_ZONE_LOC","WORK_ZONE_TYPE","WZ_CLOSE_DETOUR","WZ_FLAGGER","WZ_LAW_OFFCR_IND","WZ_LN_CLOSURE","WZ_MOVING","WZ_OTHER","WZ_SHLDER_MDN","WZ_WORKERS_INJ_KILLED"
"2021064268","1224","1","0","0","0","0","0","0","0","0","8","0","","67","6","2021","7","40.031825","-75.04642","1224","6","0","0","0","0","0","0","0","0","","0","0","0","17","1","1","","1","0","40 01:54.570","","0","75 02:47.112","8","0","0","0","67301","1","0","0","N","1","0","0","2","67301","0","","1.0","","99","N","N","N","0","","0","0","0","3","3","","1715","2","1","0","0","0","1","1","2","0","1","1","0","0","99","","","N","","","","","","","","","",""
"2021071076","1949","0","0","0","0","0","0","0","0","0","8","0","","67","7","2021","6","39.972323","-75.248868","1948","6","0","0","0","0","0","0","0","0","","0","0","0","19","1","1","","1","0","39 58:20.364","","0","75 14:55.925","3","0","0","0","67301","1","0","0","N","1","0","0","2","67301","0","","1.0","","1","N","N","N","1","","1","0","0","3","2","","1937","2","1","0","0","0","0","0","2","0","1","1","0","0","3","03","","N","","","","","","","","","",""
"2021070679","2035","1","0","0","0","0","0","0","0","0","7","0","","67","7","2021","1","40.081485","-74.966073","2035","6","0","0","0","0","0","0","0","0","","0","0","0","20","4","0","N","0","2","40 04:53.345","4","0","74 57:57.862","0","0","0","0","67301","0","0","0","N","0","0","0","2","67301","0","","2.0","2230.0","9","N","N","N","0","","0","0","0","0","0","Y","2025","1","0","0","0","0","0","0","2","0","1","0","0","0","7","07","","N","","","","","","","","","",""
"2021041587","0029","1","0","0","0","0","0","0","0","0","1","0","","67","4","2021","6","40.014518","-75.131119","0029","6","0","0","0","0","0","0","0","0","","0","0","0","22","3","1","","5","0","40 00:52.264","","0","75 07:52.028","3","0","0","0","67301","0","0","0","N","0","0","0","2","67301","0","","1.0","","1","N","N","N","0","","1","0","1","3","2","","2235","2","1","0","0","0","0","0","2","0","2","0","0","0","3","","","N","","","","","","","","","",""
"2021070350","1116","2","0","0","0","0","0","0","0","0","4","0","","67","7","2021","7","40.047122","-75.097998","1112","6","0","0","0","0","0","0","0","0","","0","0","0","11","1","0","","1","0","40 02:49.639","","0","75 05:52.794","0","0","0","0","67301","0","0","0","N","0","0","0","4","67301","0","","1.0","","1","N","N","N","0","","0","0","0","3","2","","1110","2","0","0","0","0","0","0","2","0","2","0","0","0","3","03","","N","","","","","","","","","",""
"2021069917","1657","1","0","0","0","0","0","0","0","0","4","0","","67","7","2021","1","40.024436","-75.146915","1650","6","0","0","0","0","0","1","0","0","","0","0","0","16","1","1","","1","0","40 01:27.969","","0","75 08:48.894","3","0","0","0","67301","0","0","0","N","0","0","0","3","67301","0","","1.0","","1","N","N","N","0","","1","0","0","3","2","","1637","2","1","0","0","0","0","0","2","1","2","0","0","0","3","03","","N","","","","","","","","","",""
"2021066686","1221","0","0","0","0","0","0","0","0","0","1","0","","67","7","2021","7","39.965211","-75.185797","1213","6","0","0","0","0","0","1","0","0","","0","0","0","12","1","0","N","0","0","39 57:54.761","","0","75 11:08.869","0","0","0","0","67301","0","0","0","N","0","0","0","3","68K01","0","","1.0","","1","N","N","N","0","","0","0","2","0","0","","1211","2","0","0","0","0","0","0","2","0","2","0","0","0","3","","","N","","","","","","","","","",""
"2021093169","1451","1","0","0","0","0","0","0","0","0","5","0","","67","9","2021","1","39.915591","-75.147863","1437","6","0","0","0","0","0","0","0","0","","0","0","0","14","1","0","N","0","0","39 54:56.126","","0","75 08:52.306","0","0","0","0","67301","0","0","0","N","0","0","0","2","68K01","0","","1.0","","1","N","N","N","0","","0","0","1","3","8","","1417","2","0","0","0","0","0","0","2","0","2","0","0","0","3","","","N","","","","","","","","","",""
"2021066112","1605","1","0","0","0","0","0","0","0","0","1","0","","67","7","2021","3","39.957594","-75.160438","1601","6","0","0","0","0","1","0","0","0","","0","0","0","15","1","1","N","0","0","39 57:27.338","","0","75 09:37.576","3","0","0","0","67301","0","0","0","N","0","0","0","5","68K01","0","","1.0","","1","N","N","N","0","","1","0","1","0","0","","1555","2","1","0","0","0","0","0","2","0","2","0","0","0","3","","","N","","","","","","","","","",""
"2021070539","1357","2","0","0","0","0","0","0","0","0","5","0","","67","7","2021","5","40.023299","-75.148179","1357","6","0","0","0","0","0","0","0","0","","0","0","0","13","1","4","N","0","1","40 01:23.877","2","0","75 08:53.445","3","0","0","0","67301","0","0","0","N","0","0","0","5","67301","0","","1.0","1420.0","1","N","N","N","0","","4","0","1","0","0","N","1355","3","4","0","0","0","0","0","2","0","3","0","0","0","3","03","","N","","","","","","","","","",""
"2021070399","0510","1","0","0","0","0","0","0","0","0","4","0","","67","7","2021","7","39.921054","-75.224167","0510","6","0","0","0","0","0","1","0","0","","0","0","0","4","3","1","","1","0","39 55:15.795","","0","75 13:27.001","3","0","0","0","67301","0","0","0","N","0","0","0","2","67301","0","","1.0","","1","N","N","N","0","","1","0","1","3","2","","425","2","1","1","0","0","0","0","2","0","2","0","0","0","3","03","","N","","","","","","","","","",""
"2021070547","2020","0","0","0","0","0","0","0","0","0","0","0","","67","7","2021","1","40.029028","-75.168097","2018","6","0","0","0","0","0","0","0","0","","0","0","0","20","4","1","Y","0","1","40 01:44.500","2","0","75 10:05.150","3","0","0","1","67301","0","0","0","N","0","0","0","1","67301","0","","1.0","2030.0","1","N","N","N","0","","1","0","0","0","0","N","2013","1","1","0","0","0","0","0","2","0","1","0","0","0","3","","","N","","","","","","","","","",""
"2021073550","1714","0","0","0","0","0","0","0","0","0","7","0","","67","7","2021","4","40.078354","-75.030923","1708","6","0","0","0","0","0","1","0","1","","0","0","0","17","1","1","N","0","0","40 04:42.075","","0","75 01:51.323","8","0","0","0","67301","0","0","0","N","0","0","0","2","67301","0","","3.0","","9","N","N","N","1","","0","0","1","0","0","","1702","2","1","0","0","0","1","0","2","0","2","0","0","0","7","04","","N","","","","","","","","","",""
"2021090840","1428","0","0","0","0","0","0","0","0","0","5","1","25","67","9","2021","3","40.018139","-75.047728","1419","6","0","0","0","0","0","1","1","0","","0","1","0","14","1","1","N","0","0","40 01:05.299","","0","75 02:51.819","8","0","0","0","67301","0","0","0","N","0","0","0","2","68K01","0","","4.0","","1","N","N","N","0","","0","0","0","0","0","","1416","2","1","0","0","0","1","0","2","0","2","0","0","0","3","03","Y","Y","4","1","N","N","N","N","N","Y","Y","Y"
"2021092064","1937","2","0","0","0","0","0","0","0","0","1","0","","67","8","2021","2","39.951511","-75.182597","1927","6","0","0","0","0","0","0","0","0","","0","0","0","19","3","1","N","0","2","39 57:05.441","4","0","75 10:57.350","8","0","0","0","67301","0","0","0","N","0","0","0","3","68K01","0","","1.0","2034.0","1","N","N","N","0","","0","0","1","0","0","N","1923","3","1","0","0","0","1","0","2","0","3","0","0","0","3","","","N","","","","","","","","","",""
"2021069799","0758","0","0","0","0","0","0","0","0","0","4","0","","67","7","2021","2","40.1339","-75.008633","0735","6","0","0","0","0","0","1","0","0","","0","0","0","7","1","1","N","0","0","40 08:02.040","","7","75 00:31.080","4","0","0","0","67301","0","0","0","N","0","0","0","2","67301","1","","1.0","","1","N","N","N","1","","0","0","1","3","3","","730","2","1","0","0","0","0","0","2","0","2","0","0","0","3","03","","N","","","","","","","","","",""
"2021064279","0555","0","0","0","0","0","0","0","0","0","1","0","","67","6","2021","7","40.004702","-75.194949","0545","6","0","0","0","0","0","1","0","0","","0","0","0","4","3","2","N","0","0","40 00:16.928","","8","75 11:41.818","4","0","0","0","67301","0","0","0","N","0","0","0","3","67301","2","","1.0","","9","N","N","N","0","","0","0","1","0","0","","412","2","2","0","0","0","0","1","2","1","2","0","0","0","7","","","N","","","","","","","","","",""
"2021070533","0953","1","0","0","0","0","0","0","0","0","4","0","","67","7","2021","7","40.029438","-75.153379","0953","6","0","0","0","0","0","0","0","0","","0","0","0","9","1","0","","2","1","40 01:45.976","2","0","75 09:12.164","0","0","0","0","67301","0","0","0","N","0","0","0","2","67301","0","","1.0","1030.0","1","N","N","N","0","","0","0","1","0","0","Y","950","2","0","0","0","0","0","0","2","0","2","0","0","0","3","03","","N","","","","","","","","","",""
"2021070523","1705","2","0","0","0","0","0","0","0","0","4","0","","67","7","2021","7","39.98171","-75.145237","1655","6","0","0","0","0","0","0","0","0","","0","0","0","16","1","0","","1","1","39 58:54.156","4","0","75 08:42.853","0","0","0","0","67301","0","0","0","N","0","0","0","2","67301","0","","1.0","1855.0","1","N","N","N","0","","0","0","0","3","3","N","1645","2","0","0","0","0","0","0","2","0","2","0","0","0","3","03","","N","","","","","","","","","",""
"2021090998","1145","0","0","0","0","0","0","0","0","0","1","2","25","67","5","2021","6","39.978294","-75.109714","1130","6","0","0","0","0","0","1","0","0","","0","2","0","11","1","1","N","0","2","39 58:41.858","5","0","75 06:34.971","8","0","0","0","67301","0","0","0","N","0","0","0","3","67301","0","","1.0","1316.0","1","N","N","N","1","","0","0","0","0","0","Y","1115","3","1","0","0","0","1","0","2","0","3","0","0","0","3","04","N","Y","3","1","N","N","N","N","N","Y","N","N"
"2021069798","1929","0","0","0","0","0","0","0","0","0","4","0","","67","7","2021","7","40.101317","-75.025897","1926","6","0","0","0","0","0","1","0","0","","0","0","0","19","4","1","N","0","0","40 06:04.740","","7","75 01:33.230","3","0","0","0","67301","0","0","0","N","0","0","0","2","67301","0","","1.0","","9","N","N","N","0","","1","0","2","3","3","","1925","2","1","0","0","0","0","0","2","0","2","0","0","0","7","07","","N","","","","","","","","","",""
"2021069862","0918","1","0","0","0","0","0","0","0","0","1","0","","67","7","2021","7","39.951861","-75.244917","0917","6","0","0","0","0","0","0","0","0","","0","0","0","2","3","0","N","0","0","39 57:06.700","","0","75 14:41.700","9","0","0","0","67301","0","0","0","N","0","0","0","1","67301","0","","6.0","","1","N","N","N","0","","0","0","1","0","0","","202","3","0","0","0","0","0","1","2","1","3","0","0","0","3","03","","N","","","","","","","","","",""
"2021064311","1850","0","0","0","0","0","0","0","0","0","5","0","","67","6","2021","4","39.972894","-75.231056","1840","6","0","0","0","0","0","0","0","0","","0","0","0","18","1","0","N","0","1","39 58:22.420","1","0","75 13:51.800","0","0","0","0","67301","0","0","0","N","0","0","0","2","67301","0","","6.0","2054.0","1","N","N","N","0","","0","0","2","0","0","N","1818","2","0","0","0","0","0","0","2","0","2","0","0","0","3","03","","N","","","","","","","","","",""
"2021091082","1901","4","0","0","0","0","0","0","0","0","1","0","","67","9","2021","1","39.979334","-75.225381","1901","6","0","0","1","0","0","0","0","0","","0","0","0","19","4","2","N","0","0","39 58:45.602","","0","75 13:31.370","3","0","0","0","67301","0","0","0","N","0","0","0","3","67301","0","","6.0","","1","N","N","N","0","","2","0","0","3","2","","1900","4","2","3","0","0","0","0","2","0","4","0","0","0","3","03","","N","","","","","","","","","",""
"2021065587","2020","0","0","0","0","0","0","0","0","0","8","0","","67","6","2021","2","39.953359","-75.163292","2015","6","0","0","0","0","0","0","0","0","","0","0","0","20","4","1","","1","0","39 57:12.091","","0","75 09:47.852","4","0","0","1","67301","1","0","0","N","1","0","0","2","67508","1","","1.0","","1","N","N","Y","0","","0","0","0","3","2","","2015","2","1","0","0","0","0","1","2","0","1","1","0","0","3","03","","N","","","","","","","","","",""
"2021037594","0922","1","0","0","0","0","0","0","0","0","4","0","","67","4","2021","2","40.036732","-75.064498","0917","6","0","0","0","0","0","0","0","0","","0","0","0","9","1","1","","1","0","40 02:12.235","","0","75 03:52.193","4","0","0","0","67301","0","0","0","N","0","0","0","3","67301","1","","1.0","","1","N","N","N","0","","0","0","1","9","2","","910","2","1","1","0","0","0","0","2","0","2","0","0","0","3","03","","N","","","","","","","","","",""
"2021073707","2126","0","0","0","0","0","0","0","0","0","1","0","","67","8","2021","4","39.998426","-75.081003","2116","6","0","0","0","0","0","0","0","0","","0","0","0","21","3","0","N","0","1","39 59:54.333","1","0","75 04:51.610","9","0","0","0","67301","0","0","0","N","0","0","0","2","68K01","0","","4.0","2128.0","1","N","N","N","0","","0","0","1","0","0","N","2114","2","0","0","0","0","0","1","2","0","2","0","0","0","3","","","N","","","","","","","","","",""
"2021036661","0950","1","0","0","0","0","0","0","0","0","4","0","","67","4","2021","3","39.91798","-75.217984","0942","6","0","0","0","0","0","1","0","0","","0","0","0","9","1","1","N","0","0","39 55:04.727","","0","75 13:04.743","3","0","0","0","67301","0","0","0","N","0","0","0","3","67301","0","","1.0","","1","N","N","N","0","","1","0","0","0","0","","927","2","1","0","0","0","0","0","2","1","2","0","0","0","3","03","","N","","","","","","","","","",""
"2021034344","1750","4","0","0","0","0","0","0","0","0","5","0","","67","4","2021","5","39.976028","-75.161806","1750","6","0","0","0","0","0","1","0","0","","0","0","0","17","1","0","N","0","2","39 58:33.700","1","0","75 09:42.500","0","0","0","0","67301","0","0","0","N","0","0","0","2","67505","0","","6.0","1800.0","1","N","N","N","0","","0","0","0","0","0","Y","1745","4","0","0","0","0","0","0","2","0","4","0","0","0","3","03","","N","","","","","","","","","",""
"2021064752","1420","1","0","0","0","0","0","0","0","0","1","0","","67","7","2021","2","39.955506","-75.188284","1420","6","0","0","0","0","0","1","0","0","","0","0","0","14","1","1","N","0","0","39 57:19.821","","0","75 11:17.823","4","0","0","0","67301","0","0","0","N","0","0","0","1","67507","1","","1.0","","1","N","N","N","0","","0","0","1","3","7","","1420","2","1","0","0","0","0","0","2","0","2","0","0","0","3","","","N","","","","","","","","","",""
"2021064212","1308","1","0","0","0","0","0","0","0","0","1","0","","67","6","2021","2","40.08799","-74.965659","1302","6","0","0","0","0","0","0","0","0","","0","0","0","12","1","1","","1","0","40 05:16.764","","0","74 57:56.372","8","0","0","0","67301","0","0","0","N","0","0","0","2","67301","0","","1.0","","1","N","N","N","0","","0","0","1","3","2","","1257","2","1","0","0","0","1","0","2","0","2","0","0","0","3","03","","N","","","","","","","","","",""
"2021065431","1714","1","0","0","0","0","0","0","0","0","5","1","","67","7","2021","7","40.008789","-75.069431","1708","6","0","0","0","0","1","0","0","0","","0","1","0","17","1","2","N","0","1","40 00:31.640","1","3","75 04:09.951","3","0","0","0","67301","0","0","0","N","0","0","0","7","68K01","0","","1.0","45.0","1","N","N","N","0","","2","0","1","0","0","N","1702","3","2","0","0","0","0","0","2","0","3","0","0","0","3","","","N","","","","","","","","","",""
"2021035609","0025","1","0","0","0","0","0","0","0","0","4","0","","67","4","2021","2","39.989174","-75.142187","0018","6","0","0","0","0","0","0","0","0","","0","0","0","23","3","0","","1","0","39 59:21.026","","0","75 08:31.873","0","0","0","0","67301","0","0","0","N","0","0","0","3","67301","0","","1.0","","1","N","N","N","1","","0","0","1","3","3","","2345","3","0","0","0","0","0","0","2","0","3","0","0","0","3","03","","N","","","","","","","","","",""
"2021045612","0901","2","0","0","0","0","0","0","0","0","5","0","","67","5","2021","4","40.050092","-75.160092","0900","6","0","0","0","0","0","0","0","0","","0","0","0","8","1","0","N","0","0","40 03:00.330","","0","75 09:36.330","0","0","0","0","67301","0","0","0","N","0","0","0","1","67301","0","","6.0","","1","N","N","N","0","","0","0","2","0","0","","830","4","0","0","0","0","0","0","2","0","4","0","0","0","3","03","","N","","","","","","","","","",""
"2021035563","0111","0","0","0","0","0","0","0","0","0","4","0","","67","4","2021","7","40.026503","-75.04216","0110","6","0","0","0","0","0","0","0","0","","0","0","0","0","3","1","","1","0","40 01:35.410","","0","75 02:31.777","3","0","0","0","67301","0","0","0","N","0","0","0","2","67301","0","","1.0","","1","N","N","N","1","","1","0","0","3","3","","30","2","1","0","0","0","0","0","2","0","2","0","0","0","3","03","","N","","","","","","","","","",""
"2021075118","0630","1","0","0","0","0","0","0","0","0","8","0","","67","7","2021","1","40.015931","-75.153871","0627","6","0","0","0","0","0","0","0","0","","1","0","0","6","5","0","","1","0","40 00:57.350","","0","75 09:13.935","1","0","0","0","67301","1","1","0","N","1","1","0","2","67301","0","2","1.0","","1","N","N","N","0","0","0","0","0","3","2","","611","2","0","0","0","0","0","0","2","0","1","1","1","0","4","04","","N","","","","","","","","","",""
"2021046180","2045","0","0","0","1","0","0","0","0","0","8","0","","67","5","2021","4","40.005072","-75.182606","2033","6","0","0","0","0","0","0","0","0","","0","0","0","20","3","1","","1","0","40 00:18.260","","0","75 10:57.380","3","0","0","0","67301","1","0","0","N","0","0","0","2","67301","0","","1.0","","1","N","N","N","0","","1","0","1","0","0","","2020","2","1","0","0","0","0","0","2","0","1","1","0","0","3","03","","N","","","","","","","","","",""
"2021064266","1550","0","0","0","0","0","0","0","0","0","2","0","","67","6","2021","2","40.018836","-75.102675","1532","6","0","0","0","0","0","0","1","0","","0","0","0","14","1","1","N","0","0","40 01:07.810","","0","75 06:09.630","3","0","0","0","67301","0","0","0","N","0","0","0","2","67301","0","","1.0","","1","N","N","N","0","","1","0","2","0","0","","1452","2","1","0","0","0","0","0","2","0","2","0","0","0","3","03","","N","","","","","","","","","",""
"2021035532","2235","2","0","0","0","0","0","0","0","0","4","0","","67","4","2021","6","39.959972","-75.173778","2235","6","0","0","0","0","1","0","0","0","","0","0","0","22","3","0","","1","0","39 57:35.900","","0","75 10:25.600","0","0","0","0","67301","0","0","0","N","0","0","0","2","67301","0","","1.0","","1","N","N","N","0","","0","0","0","3","2","","2225","2","0","0","0","0","0","0","2","0","2","0","0","0","3","03","","N","","","","","","","","","",""
"2021064324","1327","1","0","0","0","0","0","0","0","0","2","0","","67","7","2021","5","39.980851","-75.162378","1327","6","0","0","0","0","0","0","0","0","","0","0","0","13","1","0","","2","0","39 58:51.063","","0","75 09:44.559","0","0","0","0","67301","0","0","0","N","0","0","0","2","67301","0","","1.0","","1","N","N","N","1","","0","0","0","2","2","","1327","2","0","0","0","0","0","0","2","0","2","0","0","0","3","03","","N","","","","","","","","","",""
"2021046652","2327","0","0","0","0","0","0","0","0","0","1","0","","67","5","2021","5","39.95945","-75.174429","2316","6","0","0","0","0","0","1","0","0","","0","0","0","22","3","0","N","0","1","39 57:34.021","4","0","75 10:27.943","0","0","0","0","67301","0","0","0","N","0","0","0","2","68K01","0","","1.0","2340.0","1","N","N","N","0","","0","0","1","0","0","N","2258","2","0","0","0","0","0","0","2","1","2","0","0","0","3","03","","N","","","","","","","","","",""
"2021036336","0015","1","0","0","0","0","0","0","0","0","1","0","","67","4","2021","5","39.986392","-75.15612","0013","6","0","0","0","0","0","0","0","0","","0","0","0","0","3","1","N","0","2","39 59:11.011","1","0","75 09:22.033","8","0","0","0","67301","0","0","0","N","0","0","0","2","67301","0","","1.0","206.0","1","N","N","N","1","","0","0","0","0","0","Y","6","2","1","0","0","0","1","0","2","0","2","0","0","0","3","03","","N","","","","","","","","","",""
"2021066088","0838","2","0","0","0","0","0","0","0","0","1","0","","67","5","2021","1","39.89183","-75.236586","0828","6","0","0","0","0","0","1","0","0","","0","0","0","8","1","0","N","0","0","39 53:30.588","","0","75 14:11.711","0","0","0","0","67301","0","0","0","N","0","0","0","2","68K01","0","","1.0","","9","N","N","N","0","","0","0","0","0","0","","824","2","0","0","0","0","0","0","2","0","2","0","0","0","7","07","","N","","","","","","","","","",""
"2021036233","1118","2","0","0","0","0","0","0","0","0","4","0","","67","4","2021","3","39.970556","-75.149879","1117","6","0","0","0","0","0","0","0","0","","0","0","0","11","1","5","","1","0","39 58:14.003","","0","75 08:59.563","2","0","0","0","67301","5","0","1","N","5","0","1","7","67301","2","","1.0","","1","N","N","N","0","","0","1","0","3","2","","1116","7","5","2","0","0","2","0","2","0","2","5","0","1","3","03","","N","","","","","","","","","",""
"2021035984","1400","1","0","0","0","0","0","0","0","0","4","0","","67","4","2021","3","40.02067","-75.148646","1400","6","0","0","0","0","0","1","0","0","","0","0","0","13","1","1","","2","0","40 01:14.412","","0","75 08:55.127","3","0","0","0","67301","0","0","0","N","0","0","0","8","67301","0","","1.0","","1","N","N","N","0","","1","0","1","0","0","","1350","2","1","0","0","0","0","0","2","0","2","0","0","0","3","03","","N","","","","","","","","","",""
"2021074999","1719","2","0","0","0","0","0","0","0","0","2","0","","67","8","2021","4","40.018898","-75.072606","1716","6","0","0","0","0","0","0","0","0","","0","0","0","17","1","0","","2","0","40 01:08.034","","0","75 04:21.383","0","0","0","0","67301","0","0","0","N","0","0","0","2","67301","0","","1.0","","1","N","N","N","1","","0","0","0","3","3","","1702","3","0","0","0","0","0","0","2","0","3","0","0","0","3","","","N","","","","","","","","","",""
"2021036596","0055","3","0","0","0","0","0","0","0","0","5","0","","67","4","2021","1","40.023137","-75.148106","0047","6","0","0","0","0","0","0","0","0","","0","0","0","0","3","0","N","0","0","40 01:23.292","","0","75 08:53.183","0","0","0","0","67301","0","0","0","N","0","0","0","2","67301","0","","1.0","","1","N","N","N","0","","0","0","1","0","0","","30","4","0","2","0","0","0","0","2","0","4","0","0","0","3","03","","N","","","","","","","","","",""
"2021036787","1835","1","0","0","0","0","0","0","0","0","4","0","","67","4","2021","3","39.960207","-75.190892","1831","6","0","0","0","0","0","0","0","0","","0","0","0","18","1","3","","1","0","39 57:36.745","","0","75 11:27.211","3","0","0","0","67301","0","0","0","N","0","0","0","3","67301","0","","1.0","","1","N","N","N","0","","3","0","3","3","2","","1819","4","3","0","0","0","0","0","2","0","4","0","0","0","3","","","N","","","","","","","","","",""
"2021036659","1910","1","0","0","0","0","0","0","0","0","1","0","","67","4","2021","2","39.944134","-75.228163","1901","6","0","0","0","0","0","0","0","0","","0","0","0","18","1","1","","1","0","39 56:38.882","","0","75 13:41.386","3","0","0","0","67301","0","0","0","N","0","0","0","4","67301","0","","1.0","","1","N","N","N","0","","1","0","1","3","3","","1849","3","1","2","0","0","0","0","2","1","3","0","0","0","3","","","N","","","","","","","","","",""
"2021045424","1019","1","0","0","0","0","0","0","0","0","8","0","","67","5","2021","3","39.929053","-75.220583","1018","6","0","0","0","0","0","0","0","0","","0","0","0","10","1","2","","1","0","39 55:44.592","","0","75 13:14.099","3","0","0","0","67301","2","0","0","N","2","0","0","3","67301","1","","1.0","","1","N","N","N","0","","1","0","0","3","2","","1016","3","2","0","0","0","0","0","2","0","1","2","0","0","3","03","","N","","","","","","","","","",""
"2021064358","1720","0","0","0","0","0","0","0","0","0","8","0","","67","6","2021","4","39.991","-75.139481","1716","6","0","0","0","0","0","0","0","0","","0","0","0","17","1","1","N","0","0","39 59:27.600","","0","75 08:22.130","3","0","0","0","67301","1","0","0","N","1","0","0","1","67301","0","","1.0","","1","N","N","N","0","","1","0","0","0","0","","1705","2","1","0","0","0","0","0","2","0","1","1","0","0","3","03","","N","","","","","","","","","",""
"2021064373","1320","0","0","0","0","0","0","1","0","0","4","2","","67","6","2021","2","40.03593","-75.126605","1258","6","0","0","0","0","0","0","0","0","","0","1","0","11","1","7","","1","1","40 02:09.349","6","0","75 07:35.777","2","0","0","0","67301","0","0","0","N","0","0","0","8","67301","0","","1.0","1415.0","1","N","N","N","0","","5","2","0","3","3","Y","1130","2","7","2","0","1","0","0","2","0","2","0","0","0","3","03","","N","","","","","","","","","",""
"2021037473","2106","1","0","0","0","0","0","0","0","0","8","0","","67","4","2021","6","39.917404","-75.234085","2105","6","0","0","0","0","0","0","0","0","","0","0","0","21","3","1","","1","1","39 55:02.654","3","0","75 14:02.705","2","0","0","0","67301","1","0","1","N","1","0","1","2","67301","0","","1.0","100.0","1","N","N","N","0","","0","1","0","0","0","Y","2103","2","1","0","0","0","0","0","2","0","1","1","0","1","3","03","","N","","","","","","","","","",""
"2021036595","0750","1","0","0","0","0","0","0","0","0","1","0","","67","4","2021","5","39.962931","-75.191344","0745","6","0","0","0","0","0","0","0","0","","0","0","0","7","1","0","","1","0","39 57:46.553","","0","75 11:28.839","0","0","0","0","67301","0","0","0","N","0","0","0","2","67301","0","","1.0","","1","N","N","N","0","","0","0","1","3","2","","740","2","0","0","0","0","0","0","2","0","2","0","0","0","3","03","","N","","","","","","","","","",""
"2021046916","1523","0","0","0","0","0","0","0","0","0","4","0","","67","5","2021","6","39.964407","-75.176261","1523","6","0","0","0","0","0","1","0","0","","0","0","0","15","1","0","","5","0","39 57:51.864","","0","75 10:34.539","0","0","0","0","67301","0","0","0","N","0","0","0","3","67301","0","","1.0","","1","N","N","N","0","","0","0","2","3","2","","1503","2","0","0","0","0","0","0","2","0","2","0","0","0","3","03","","N","","","","","","","","","",""
"2021045943","1051","2","0","0","0","0","0","0","0","0","1","0","","67","5","2021","3","39.958058","-75.162286","1051","6","0","0","0","0","0","0","0","0","","0","0","0","10","1","0","","1","0","39 57:29.007","","3","75 09:44.230","0","0","0","0","67301","0","0","0","N","0","0","0","4","67301","0","","1.0","","1","N","N","N","0","","0","0","0","3","2","","1051","2","0","3","0","0","0","0","2","0","2","0","0","0","3","03","","N","","","","","","","","","",""
"2021064168","2010","1","0","0","0","0","0","0","0","0","4","0","","67","7","2021","5","39.905757","-75.193824","2008","6","0","0","0","0","0","0","0","0","","0","0","0","20","4","1","","1","1","39 54:20.725","3","0","75 11:37.765","4","0","0","0","67301","0","0","0","N","0","0","0","7","67301","1","","1.0","30.0","9","N","N","N","0","","0","0","1","3","2","Y","2006","2","1","0","0","0","0","0","2","0","2","0","0","0","4","","","N","","","","","","","","","",""