"CRN","ARRIVAL_TM","AUTOMOBILE_COUNT","BELTED_DEATH_COUNT","BELTED_SUSP_SERIOUS_INJ_COUNT","BICYCLE_COUNT","BICYCLE_DEATH_COUNT","BICYCLE_SUSP_SERIOUS_INJ_COUNT","BUS_COUNT","CHLDPAS_DEATH_COUNT","CHLDPAS_SUSP_SERIOUS_INJ_COUNT","COLLISION_TYPE","COMM_VEH_COUNT","CONS_ZONE_SPD_LIM","COUNTY","CRASH_MONTH","CRASH_YEAR","DAY_OF_WEEK","DEC_LATITUDE","DEC_LONGITUDE","DISPATCH_TM","DISTRICT","DRIVER_COUNT_16YR","DRIVER_COUNT_17YR","DRIVER_COUNT_18YR","DRIVER_COUNT_19YR","DRIVER_COUNT_20YR","DRIVER_COUNT_50_64YR","DRIVER_COUNT_65_74YR","DRIVER_COUNT_75PLUS","EST_HRS_CLOSED","FATAL_COUNT","HEAVY_TRUCK_COUNT","HORSE_BUGGY_COUNT","HOUR_OF_DAY","ILLUMINATION","INJURY_COUNT","INTERSECTION_RELATED","INTERSECT_TYPE","LANE_CLOSED","LATITUDE","LN_CLOSE_DIR","LOCATION_TYPE","LONGITUDE","MAX_SEVERITY_LEVEL","MCYCLE_DEATH_COUNT","MCYCLE_SUSP_SERIOUS_INJ_COUNT","MOTORCYCLE_COUNT","MUNICIPALITY","NONMOTR_COUNT","NONMOTR_DEATH_COUNT","NONMOTR_SUSP_SERIOUS_INJ_COUNT","NTFY_HIWY_MAINT","PED_COUNT","PED_DEATH_COUNT","PED_SUSP_SERIOUS_INJ_COUNT","PERSON_COUNT","POLICE_AGCY","POSSIBLE_INJ_COUNT","RDWY_SURF_TYPE_CD","RELATION_TO_ROAD","ROADWAY_CLEARED","ROAD_CONDITION","SCH_BUS_IND","SCH_ZONE_IND","SECONDARY_CRASH","SMALL_TRUCK_COUNT","SPEC_JURIS_CD","SUSP_MINOR_INJ_COUNT","SUSP_SERIOUS_INJ_COUNT","SUV_COUNT","TCD_FUNC_CD","TCD_TYPE","TFC_DETOUR_IND","TIME_OF_DAY","TOTAL_UNITS","TOT_INJ_COUNT","UNBELTED_OCC_COUNT","UNB_DEATH_COUNT","UNB_SUSP_SERIOUS_INJ_COUNT","UNK_INJ_DEG_COUNT","UNK_INJ_PER_COUNT","URBAN_RURAL","VAN_COUNT","VEHICLE_COUNT","VULNERABLE_ROAD_USER_COUNT","VULNERABLE_ROAD_USER_DEATH_COUNT","VULNERABLE_ROAD_USER_SER_INJ_COUNT","WEATHER1","WEATHER2","WORKERS_PRES","WORK_ZONE_IND","WORK_ZONE_LOC","WORK_ZONE_TYPE","WZ_CLOSE_DETOUR","WZ_FLAGGER","WZ_LAW_OFFCR_IND","WZ_LN_CLOSURE","WZ_MOVING","WZ_OTHER","WZ_SHLDER_MDN","WZ_WORKERS_INJ_KILLED"
"2021070370","2310","1","0","0","0","0","0","1","0","0","4","1","","67","7","2021","7","40.052731","-75.236235","2309","6","0","0","0","0","0","1","0","0","","0","0","0","23","3","1","","1","2","40 03:09.831","5","0","75 14:10.446","3","0","0","0","67301","0","0","0","N","0","0","0","2","67301","0","","1.0","30.0","9","N","N","N","0","","1","0","0","3","2","Y","2308","2","1","0","0","0","0","0","2","0","2","0","0","0","7","","","N","","","","","","","","","",""
"2021069817","1610","0","0","0","0","0","0","1","0","0","8","1","","67","7","2021","3","39.93243","-75.224588","1610","6","0","0","0","0","0","1","0","0","","0","0","0","16","1","1","","1","2","39 55:56.749","7","0","75 13:28.517","2","0","0","0","67301","1","0","1","N","1","0","1","2","67301","0","","1.0","1800.0","1","N","N","N","0","","0","1","0","3","1","Y","1609","2","1","0","0","0","0","0","2","0","1","1","0","1","3","03","","N","","","","","","","","","",""
"2021041104","1958","2","0","0","0","0","0","0","0","0","6","0","","67","5","2021","4","40.031786","-75.187714","1950","6","0","0","0","0","0","0","0","0","","0","0","0","19","4","0","N","0","1","40 01:54.430","5","0","75 11:15.770","0","0","0","0","67301","0","0","0","N","0","0","0","2","67301","0","","1.0","2015.0","9","N","N","N","0","","0","0","0","0","0","N","1945","2","0","0","0","0","0","0","2","0","2","0","0","0","4","","","N","","","","","","","","","",""
"2021073451","2019","1","0","0","0","0","0","0","0","0","8","0","","67","8","2021","6","39.983225","-75.171956","2018","6","0","0","0","0","0","0","0","0","","0","0","0","19","4","1","N","0","0","39 58:59.610","","0","75 10:19.040","2","0","0","0","67301","1","0","1","N","1","0","1","1","67301","0","","1.0","","1","N","N","N","0","","0","1","0","0","0","","1932","2","1","0","0","0","0","0","2","0","1","1","0","1","3","03","","N","","","","","","","","","",""
"2021035132","2229","0","0","0","0","0","0","0","0","0","7","0","","67","4","2021","1","39.964747","-75.196177","2226","6","0","0","0","0","0","1","0","0","","0","0","0","22","3","1","","1","0","39 57:53.089","","0","75 11:46.237","8","0","0","0","67301","0","0","0","N","0","0","0","1","67507","0","","4.0","","1","N","N","N","0","","0","0","1","0","0","","2229","1","1","0","0","0","1","0","2","0","1","0","0","0","3","03","","N","","","","","","","","","",""
"2021035560","1604","2","0","0","0","0","0","0","0","0","1","0","","67","4","2021","6","40.02389","-75.110596","1557","6","0","0","0","0","0","1","0","0","","0","0","0","15","1","0","N","0","0","40 01:26.003","","0","75 06:38.145","9","0","0","0","67301","0","0","0","N","0","0","0","2","67301","0","","6.0","","1","N","N","N","0","","0","0","1","0","0","","1555","3","0","0","0","0","0","2","2","0","3","0","0","0","3","03","","N","","","","","","","","","",""
"2021075600","2335","2","0","0","0","0","0","0","0","0","1","0","","67","8","2021","7","39.936785","-75.19929","2327","6","0","0","0","0","0","1","0","0","","0","0","0","23","3","0","N","0","0","39 56:12.426","","0","75 11:57.443","0","0","0","0","67301","0","0","0","N","0","0","0","5","68K01","0","","1.0","","9","N","N","N","0","","0","0","1","0","0","","2312","3","0","0","0","0","0","0","2","0","3","0","0","0","7","","","N","","","","","","","","","",""
"2021046142","1652","1","0","0","0","0","0","0","0","0","5","0","","67","5","2021","5","39.913611","-75.227028","1645","6","0","0","0","0","0","0","0","0","","0","0","0","8","1","1","N","0","0","39 54:49.000","","0","75 13:37.300","3","0","0","0","67301","0","0","0","N","0","0","0","2","67301","0","","1.0","","1","N","N","N","0","","1","0","1","0","0","","830","2","1","0","0","0","0","0","2","0","2","0","0","0","3","03","","N","","","","","","","","","",""
"2021036267","0350","0","0","0","0","0","0","0","0","0","1","0","","67","4","2021","4","39.997304","-75.073506","0344","6","0","0","0","0","0","1","0","0","","0","0","0","3","3","1","","1","0","39 59:50.294","","0","75 04:24.621","3","0","0","0","67301","0","0","0","N","0","0","0","2","67301","0","","1.0","","1","N","N","N","0","","1","0","2","3","2","","325","2","1","0","0","0","0","0","2","0","2","0","0","0","3","03","","N","","","","","","","","","",""
"2021074714","1205","1","0","0","0","0","0","0","0","0","4","0","","67","8","2021","2","40.073123","-75.047628","1158","6","0","0","0","0","0","0","1","0","","0","0","0","11","1","0","","2","0","40 04:23.244","","0","75 02:51.460","0","0","0","0","67301","0","0","0","N","0","0","0","3","67301","0","","1.0","","1","N","N","N","0","","0","0","2","0","0","","1153","3","0","0","0","0","0","0","2","0","3","0","0","0","3","03","","N","","","","","","","","","",""
"2021074352","0807","0","0","0","0","0","0","0","0","0","1","0","","67","8","2021","3","40.059464","-75.06935","0803","6","0","0","0","0","0","0","1","0","","0","0","0","7","1","1","N","0","0","40 03:34.070","","0","75 04:09.660","3","0","0","0","67301","0","0","0","N","0","0","0","1","67301","0","","1.0","","1","N","N","N","0","","1","0","2","0","0","","734","2","1","0","0","0","0","0","2","0","2","0","0","0","3","03","","N","","","","","","","","","",""
"2021035731","0248","2","0","0","0","0","0","0","0","0","4","0","","67","4","2021","7","39.965702","-75.197843","0241","6","0","0","0","0","0","0","0","0","","0","0","0","2","3","0","","1","0","39 57:56.527","","0","75 11:52.234","0","0","0","0","67301","0","0","0","N","0","0","0","2","67301","0","","1.0","","1","N","N","N","0","","0","0","0","3","3","","238","2","0","1","0","0","0","0","2","0","2","0","0","0","3","03","","N","","","","","","","","","",""
"2021064260","1322","1","0","0","0","0","0","0","0","0","7","0","","67","6","2021","7","40.045295","-75.05109","1314","6","0","0","0","0","0","0","0","0","","0","0","0","13","1","1","","1","0","40 02:43.063","","0","75 03:03.923","3","0","0","0","67301","0","0","0","N","0","0","0","1","67301","0","","2.0","","1","N","N","N","0","","1","0","0","0","0","","1314","1","1","0","0","0","0","0","2","0","1","0","0","0","4","","","N","","","","","","","","","",""
"2021075263","0211","5","0","0","0","0","0","0","0","0","5","0","","67","8","2021","3","39.975247","-75.147244","0211","6","0","0","0","0","0","0","0","0","","0","0","0","2","3","0","N","0","2","39 58:30.890","1","0","75 08:50.080","0","0","0","0","67301","0","0","0","N","0","0","0","1","67301","0","","1.0","257.0","1","N","N","N","0","","0","0","0","0","0","N","211","5","0","0","0","0","0","0","2","0","5","0","0","0","3","03","","N","","","","","","","","","",""
"2021050208","0632","0","0","0","0","0","0","0","0","0","4","0","","67","5","2021","6","39.988495","-75.160727","0631","6","0","0","0","0","0","0","0","0","","0","0","0","6","5","2","","1","0","39 59:18.582","","0","75 09:38.617","3","0","0","0","67301","0","0","0","N","0","0","0","2","67301","0","","1.0","","1","N","N","N","0","","2","0","2","3","2","","629","2","2","1","0","0","0","0","2","0","2","0","0","0","3","04","","N","","","","","","","","","",""
"2021035525","1545","1","0","0","0","0","0","0","0","0","4","0","","67","4","2021","6","40.058997","-75.044079","1531","6","0","0","0","0","0","2","0","0","","0","0","0","15","1","1","","1","1","40 03:32.389","4","0","75 02:38.685","3","0","0","0","67301","0","0","0","N","0","0","0","2","67301","0","","1.0","1555.0","1","N","N","N","0","","1","0","0","3","2","N","1531","2","1","0","0","0","0","0","2","1","2","0","0","0","3","","","N","","","","","","","","","",""
"2021065575","1555","1","0","0","0","0","0","1","0","0","1","1","","67","7","2021","1","39.983212","-75.15695","1555","6","0","0","0","0","0","1","0","0","","0","0","0","15","1","1","","1","1","39 58:59.563","2","0","75 09:25.021","4","0","0","0","67301","0","0","0","N","0","0","0","3","67508","1","","1.0","9999.0","1","N","N","Y","0","","0","0","0","3","2","N","1555","2","1","0","0","0","0","0","2","0","2","0","0","0","3","03","","N","","","","","","","","","",""
"2021065443","1418","1","0","0","0","0","0","0","0","0","1","0","","67","7","2021","1","39.958182","-75.164283","1405","6","0","0","0","0","0","0","0","0","","0","0","0","13","1","1","N","0","1","39 57:29.456","4","1","75 09:51.419","4","0","0","0","67301","0","0","0","N","0","0","0","3","68K01","1","","1.0","20.0","1","N","N","N","0","","0","0","1","0","0","N","1349","2","1","0","0","0","0","0","2","0","2","0","0","0","3","","","N","","","","","","","","","",""
"2021036781","0900","0","0","0","0","0","0","0","0","0","5","0","","67","4","2021","4","40.058944","-75.050414","0850","6","0","0","0","0","0","0","0","0","","0","0","0","8","1","0","N","0","0","40 03:32.200","","0","75 03:01.490","0","0","0","0","67301","0","0","0","N","0","0","0","1","67301","0","","6.0","","1","N","N","N","0","","0","0","1","0","0","","847","3","0","1","0","0","0","0","2","2","3","0","0","0","3","03","","N","","","","","","","","","",""
"2021074001","1547","0","0","0","0","0","0","0","0","0","5","1","","67","8","2021","6","39.930222","-75.19844","1527","6","0","0","0","0","0","1","0","0","","0","1","0","15","1","0","N","0","0","39 55:48.800","","0","75 11:54.385","9","0","0","0","67301","0","0","0","N","0","0","0","2","68K01","0","","1.0","","1","N","N","N","0","","0","0","1","0","0","","1515","2","0","0","0","0","0","1","2","0","2","0","0","0","3","","","N","","","","","","","","","",""
"2021064415","2058","1","0","0","0","0","0","0","0","0","8","0","","67","7","2021","7","39.999528","-75.166711","2050","6","0","0","0","0","0","0","0","0","","0","0","0","20","3","1","N","0","0","39 59:58.300","","0","75 10:00.160","3","0","0","0","67301","1","0","0","N","1","0","0","2","67301","0","","1.0","","9","N","N","N","0","","1","0","0","0","0","","2048","2","1","0","0","0","0","1","2","0","1","1","0","0","4","07","","N","","","","","","","","","",""
"2021075143","0952","1","0","0","0","0","0","0","0","0","4","0","","67","8","2021","4","39.973059","-75.193726","0938","6","0","0","0","0","0","0","0","0","","0","0","0","9","1","0","N","0","2","39 58:23.013","4","0","75 11:37.415","9","0","0","0","67301","0","0","0","N","0","0","0","2","68K01","0","","1.0","1000.0","1","N","N","N","0","","0","0","0","0","0","N","935","2","0","0","0","0","0","1","2","0","2","0","0","0","3","","","N","","","","","","","","","",""
"2021035602","1130","1","0","0","0","0","0","0","0","0","4","0","","67","4","2021","7","40.000473","-75.119614","1127","6","0","0","0","0","0","1","0","0","","0","0","0","9","1","1","","1","0","40 00:01.702","","0","75 07:10.610","3","0","0","0","67301","0","0","0","N","0","0","0","3","67301","0","","1.0","","1","N","N","N","0","","1","0","1","3","3","","947","2","1","0","0","0","0","0","2","0","2","0","0","0","3","03","","N","","","","","","","","","",""
"2021074304","0124","0","0","0","0","0","0","0","0","0","1","1","","67","8","2021","3","39.982546","-75.24685","0119","6","0","0","0","0","0","1","0","0","","0","1","0","1","3","2","N","0","1","39 58:57.164","1","0","75 14:48.660","3","0","0","0","67301","0","0","0","N","0","0","0","2","67301","0","","6.0","226.0","1","N","N","N","0","","2","0","1","0","0","N","117","2","2","0","0","0","0","0","2","0","2","0","0","0","3","03","","N","","","","","","","","","",""
"2021039550","2308","0","0","0","0","0","0","0","0","0","4","0","","67","5","2021","7","40.080855","-75.028774","2257","6","0","0","0","0","0","0","0","0","","0","0","0","22","3","1","","1","1","40 04:51.077","2","0","75 01:43.585","8","0","0","0","67301","0","0","0","N","0","0","0","2","67301","0","","1.0","30.0","1","N","N","N","0","","0","0","2","3","2","N","2240","2","1","0","0","0","1","0","2","0","2","0","0","0","3","","","N","","","","","","","","","",""
"2021041097","1203","2","0","0","0","0","0","0","0","0","1","0","","67","5","2021","3","40.031689","-75.130011","1203","6","0","0","0","0","0","1","0","0","","0","0","0","23","3","2","N","0","0","40 01:54.080","","0","75 07:48.040","4","0","0","0","67301","0","0","0","N","0","0","0","3","67301","2","","1.0","","1","N","N","N","0","","0","0","1","0","0","","2355","3","2","1","0","0","0","0","2","0","3","0","0","0","3","03","","N","","","","","","","","","",""
"2021047707","0005","0","0","0","0","0","0","0","0","0","8","0","","67","5","2021","3","39.948693","-75.227223","0005","6","0","0","0","0","0","0","0","0","","0","0","0","21","3","1","N","0","0","39 56:55.295","","0","75 13:38.002","2","0","0","0","67301","1","0","1","N","1","0","1","3","67301","0","","1.0","","1","N","N","N","0","","0","1","0","0","0","","2141","3","1","0","0","0","0","2","2","0","2","1","0","1","3","03","","N","","","","","","","","","",""
"2021040346","1230","4","0","0","0","0","0","0","0","0","5","0","","67","5","2021","2","39.988333","-75.170611","1217","6","0","0","0","0","0","0","0","0","","0","0","0","12","1","0","N","0","0","39 59:18.000","","0","75 10:14.200","0","0","0","0","67301","0","0","0","N","0","0","0","1","67301","0","","6.0","","1","N","N","N","0","","0","0","0","0","0","","1200","4","0","0","0","0","0","0","2","0","4","0","0","0","3","03","","N","","","","","","","","","",""
"2021039645","1118","0","0","0","1","0","0","0","0","0","8","0","","67","5","2021","1","39.913365","-75.165093","1110","6","0","0","0","0","0","0","0","0","","0","0","0","11","1","1","","1","0","39 54:48.114","","0","75 09:54.334","3","0","0","0","67301","1","0","0","N","0","0","0","2","67301","0","","1.0","","1","N","N","N","0","","1","0","1","3","2","","1101","2","1","1","0","0","0","0","2","0","1","1","0","0","3","03","","N","","","","","","","","","",""
"2021040341","0903","1","0","0","0","0","0","0","0","0","5","0","","67","5","2021","1","39.934053","-75.230981","0903","6","0","0","0","0","0","0","0","0","","0","0","0","9","1","0","N","0","2","39 56:02.590","6","0","75 13:51.530","0","0","0","0","67301","0","0","0","N","0","0","0","2","67301","0","","6.0","1032.0","1","N","N","N","0","","0","0","2","0","0","Y","900","3","0","0","0","0","0","0","2","0","3","0","0","0","3","03","","N","","","","","","","","","",""
"2021064250","2300","1","0","0","0","0","0","0","0","0","7","0","","67","7","2021","6","40.071091","-75.185586","2259","6","0","0","0","0","0","0","0","0","","0","0","0","22","3","0","N","0","2","40 04:15.928","5","0","75 11:08.109","0","0","0","0","67301","0","0","0","N","0","0","0","1","67301","0","","5.0","1100.0","1","N","N","N","0","","0","0","0","0","0","Y","2255","1","0","0","0","0","0","0","2","0","1","0","0","0","3","03","","N","","","","","","","","","",""
"2021073512","1135","2","0","0","0","0","0","0","0","0","4","0","","67","8","2021","7","39.932469","-75.193539","1132","6","0","0","0","0","0","0","0","0","","0","0","0","11","1","0","N","0","0","39 55:56.890","","0","75 11:36.740","0","0","0","0","67301","0","0","0","N","0","0","0","2","67301","0","","1.0","","1","N","N","N","0","","0","0","0","0","0","","1120","2","0","0","0","0","0","0","2","0","2","0","0","0","3","","","N","","","","","","","","","",""
"2021040444","2036","2","0","0","0","0","0","0","0","0","1","0","","67","5","2021","1","39.964028","-75.173692","2032","6","0","0","0","0","0","1","0","0","","0","0","0","19","3","1","Y","0","1","39 57:50.502","4","0","75 10:25.290","4","0","0","0","67301","0","0","0","N","0","0","0","5","67301","1","","1.0","2048.0","1","N","N","Y","0","","0","0","1","3","2","N","1936","4","1","2","0","0","0","0","2","1","4","0","0","0","3","","","N","","","","","","","","","",""
"2021074920","1635","1","0","0","0","0","0","0","0","0","1","1","","67","8","2021","2","39.927471","-75.14647","1617","6","0","0","0","0","0","0","0","0","","0","1","0","15","1","0","N","0","1","39 55:38.895","1","0","75 08:47.291","0","0","0","0","67301","0","0","0","N","0","0","0","2","68K01","0","","1.0","1645.0","1","N","N","N","0","","0","0","0","0","0","N","1520","2","0","0","0","0","0","0","2","0","2","0","0","0","3","","","N","","","","","","","","","",""
"2021069828","0008","1","0","0","0","0","0","0","0","0","2","0","","67","7","2021","6","40.076544","-75.174154","0008","6","0","0","0","0","0","0","0","0","","0","0","0","23","3","0","","1","0","40 04:35.558","","0","75 10:26.954","9","0","0","0","67301","0","0","0","N","0","0","0","2","67301","0","","1.0","","1","N","N","N","0","","0","0","1","3","3","","2347","2","0","0","0","0","0","1","2","0","2","0","0","0","3","03","","N","","","","","","","","","",""
"2021040692","1712","0","0","0","1","0","0","0","0","0","8","0","","67","5","2021","3","40.040834","-75.014432","1712","6","0","0","0","0","0","0","0","0","","0","0","0","17","1","1","","2","0","40 02:27.002","","0","75 00:51.956","8","0","0","0","67301","1","0","0","N","0","0","0","2","67301","0","","1.0","","1","N","N","N","0","","0","0","1","3","3","","1711","2","1","0","0","0","1","0","2","0","1","1","0","0","3","","","N","","","","","","","","","",""
"2021045719","0039","1","0","0","0","0","0","0","0","0","1","0","","67","5","2021","6","39.97616","-75.114363","0031","6","0","0","0","0","0","0","0","0","","0","0","0","0","3","1","N","0","1","39 58:34.175","1","0","75 06:51.705","8","0","0","0","67301","2","0","0","N","2","0","0","3","68K01","0","","1.0","120.0","1","N","N","N","1","","0","0","0","0","0","N","22","5","1","0","0","0","1","1","2","0","3","2","0","0","3","","","N","","","","","","","","","",""
"2021070609","0656","0","0","0","0","0","0","0","0","0","4","0","","67","7","2021","4","40.008391","-75.070224","0647","6","0","0","0","0","0","1","0","0","","0","0","0","6","1","1","N","0","1","40 00:30.209","1","0","75 04:12.807","3","0","0","0","67301","0","0","0","N","0","0","0","1","68K01","0","","4.0","710.0","1","N","N","N","0","","1","0","1","0","0","Y","643","1","1","0","0","0","0","0","2","0","1","0","0","0","3","","","N","","","","","","","","","",""
"2021045720","0637","2","0","0","0","0","0","0","0","0","1","0","","67","5","2021","7","39.924904","-75.193303","0627","6","0","0","0","0","0","2","0","0","","0","0","0","6","1","1","N","0","1","39 55:29.654","3","0","75 11:35.890","4","0","0","0","67301","0","0","0","N","0","0","0","4","68K01","1","","1.0","700.0","9","N","N","N","0","","0","0","2","0","0","Y","621","4","1","0","0","0","0","0","2","0","4","0","0","0","3","","","N","","","","","","","","","",""
"2021041280","1720","1","0","0","0","0","0","0","0","0","4","0","","67","5","2021","6","40.003814","-75.157356","1707","6","0","0","0","0","0","0","0","0","","0","0","0","16","1","3","","1","0","40 00:13.730","","0","75 09:26.481","3","0","0","0","67301","0","0","0","N","0","0","0","5","67301","0","","1.0","","1","N","N","N","0","","3","0","1","3","3","","1633","3","3","0","0","0","0","1","2","1","3","0","0","0","4","03","","N","","","","","","","","","",""
"2021041105","1407","1","0","0","0","0","0","0","0","0","4","0","","67","5","2021","5","40.009009","-75.156218","1400","6","0","0","0","0","0","1","0","0","","0","0","0","13","1","1","","2","0","40 00:32.432","","0","75 09:22.384","3","0","0","0","67301","0","0","0","N","0","0","0","2","67301","0","","1.0","","1","N","N","N","0","","1","0","1","3","3","","1340","2","1","0","0","0","0","0","2","0","2","0","0","0","3","03","","N","","","","","","","","","",""
"2021040443","1430","1","0","0","0","0","0","0","0","0","5","0","","67","5","2021","7","40.062595","-75.239379","1428","6","0","0","0","0","0","0","0","0","","0","0","0","14","1","1","","3","2","40 03:45.343","2","0","75 14:21.763","3","0","0","0","67301","0","0","0","N","0","0","0","2","67301","0","","1.0","1800.0","1","N","N","N","0","","1","0","1","0","0","Y","1425","2","1","0","0","0","0","0","2","0","2","0","0","0","3","03","","N","","","","","","","","","",""
"2021073935","1505","2","0","0","0","0","0","0","0","0","5","0","","67","8","2021","6","39.985064","-75.238658","1450","6","0","0","0","0","0","0","0","0","","0","0","0","12","1","0","N","0","0","39 59:06.230","","0","75 14:19.170","0","0","0","0","67301","0","0","0","N","0","0","0","1","67301","0","","6.0","","1","N","N","N","0","","0","0","0","0","0","","1246","2","0","0","0","0","0","0","2","0","2","0","0","0","3","98","","N","","","","","","","","","",""
"2021044130","2020","1","0","0","0","0","0","0","0","0","5","0","","67","5","2021","4","40.006436","-75.149603","2020","6","0","0","0","0","0","0","1","0","","0","0","0","11","1","0","N","0","0","40 00:23.170","","0","75 08:58.570","9","0","0","0","67301","0","0","0","N","0","0","0","2","67301","0","","1.0","","9","N","N","N","0","","0","0","1","0","0","","1100","2","0","0","0","0","0","1","2","0","2","0","0","0","7","04","","N","","","","","","","","","",""
"2021069549","0618","2","0","0","0","0","0","0","0","0","4","0","","67","7","2021","7","39.905776","-75.15001","0608","6","0","0","0","0","0","0","0","0","","0","0","0","6","1","0","N","0","0","39 54:20.792","","0","75 09:00.037","9","0","0","0","67301","0","0","0","N","0","0","0","2","68K01","0","","1.0","","1","N","N","N","0","","0","0","0","0","0","","607","2","0","0","0","0","0","1","2","0","2","0","0","0","3","","","N","","","","","","","","","",""
"2021042484","2121","0","0","0","0","0","0","0","0","0","4","0","","67","5","2021","6","40.031969","-75.055469","2114","6","0","0","0","0","0","0","0","0","","0","0","0","20","3","0","","1","1","40 01:55.088","3","0","75 03:19.688","0","0","0","0","67301","0","0","0","N","0","0","0","2","67301","0","","1.0","2200.0","9","N","N","N","0","","0","0","1","3","3","N","2050","2","0","0","0","0","0","0","2","1","2","0","0","0","7","04","","N","","","","","","","","","",""
"2021054937","2250","0","0","0","0","0","0","0","0","0","8","0","","67","6","2021","1","39.953716","-75.157621","2245","6","0","0","0","0","0","0","0","0","","0","0","0","22","3","1","N","0","0","39 57:13.378","","0","75 09:27.435","8","0","0","0","67301","1","0","0","N","1","0","0","2","67301","0","","1.0","","1","N","N","N","0","","0","0","0","0","0","","2240","2","1","1","0","0","1","0","2","1","1","1","0","0","3","","","N","","","","","","","","","",""
"2021070347","1346","0","0","0","0","0","0","0","0","0","4","0","","67","7","2021","5","40.044","-75.102649","1343","6","0","0","0","0","0","1","0","1","","0","0","0","13","1","1","","1","2","40 02:38.401","4","0","75 06:09.537","2","0","0","0","67301","0","0","0","N","0","0","0","3","67301","0","","1.0","100.0","1","N","N","N","1","","0","1","2","3","2","N","1337","3","1","0","0","0","0","0","2","0","3","0","0","0","3","03","","N","","","","","","","","","",""
"2021046063","0616","1","0","0","0","0","0","0","0","0","4","0","","67","5","2021","5","40.027194","-75.151242","0612","6","0","0","0","0","0","0","0","0","","0","0","0","6","1","0","","1","0","40 01:37.898","","0","75 09:04.471","9","0","0","0","67301","0","0","0","N","0","0","0","3","67301","0","","1.0","","1","N","N","N","0","","0","0","1","3","2","","602","2","0","0","0","0","0","3","2","0","2","0","0","0","3","03","","N","","","","","","","","","",""
"2021039864","1544","1","0","0","0","0","0","0","0","0","1","0","","67","5","2021","7","39.910861","-75.152806","1533","6","0","0","0","0","0","0","0","0","","0","0","0","15","1","0","N","0","2","39 54:39.100","1","2","75 09:10.100","9","0","0","0","67301","0","0","0","N","0","0","0","2","68K01","0","","1.0","10.0","1","N","N","N","1","","0","0","0","0","0","N","1531","2","0","0","0","0","0","1","2","0","2","0","0","0","3","03","","N","","","","","","","","","",""
"2021043148","2340","0","0","0","0","0","0","0","0","0","7","0","","67","5","2021","7","39.921776","-75.190481","2331","6","0","0","0","0","0","0","0","0","","0","0","0","23","3","0","N","0","1","39 55:18.392","1","1","75 11:25.730","0","0","0","0","67301","0","0","0","N","0","0","0","1","67301","0","","4.0","20.0","1","N","N","N","0","","0","0","1","0","0","N","2325","1","0","0","0","0","0","0","2","0","1","0","0","0","3","03","","N","","","","","","","","","",""
"2021042242","1059","0","0","0","0","0","0","0","0","0","7","0","","67","5","2021","5","39.943581","-75.192546","1049","6","0","0","0","0","0","0","0","0","","0","0","0","10","1","0","","7","1","39 56:36.891","3","2","75 11:33.166","0","0","0","0","67301","0","0","0","Y","0","0","0","1","68K01","0","","7.0","1130.0","1","N","N","N","0","","0","0","1","0","0","N","1049","1","0","0","0","0","0","0","2","0","1","0","0","0","3","","","N","","","","","","","","","",""
"2021045678","0017","2","0","0","0","0","0","0","0","0","4","0","","67","5","2021","5","39.948423","-75.176228","0015","6","0","0","0","0","0","1","0","0","","0","0","0","0","3","0","","1","0","39 56:54.321","","0","75 10:34.422","0","0","0","0","67301","0","0","0","N","0","0","0","4","67301","0","","1.0","","1","N","N","N","0","","0","0","0","3","2","","14","2","0","1","0","0","0","0","2","0","2","0","0","0","3","03","","N","","","","","","","","","",""
"2021042843","1405","0","0","0","0","0","0","0","0","0","7","0","","67","5","2021","6","39.904045","-75.240114","1400","6","0","0","0","0","0","0","0","0","","0","0","0","13","1","1","","1","0","39 54:14.563","","0","75 14:24.409","3","0","0","1","67301","0","0","0","N","0","0","0","1","67301","0","","4.0","","1","N","N","N","0","","1","0","0","3","2","","1350","1","1","0","0","0","0","0","2","0","1","0","0","0","3","03","","N","","","","","","","","","",""
"2021070389","0955","0","0","0","0","0","0","0","0","0","2","1","","67","7","2021","4","40.094541","-75.015043","0943","6","0","0","0","0","0","1","0","0","","0","1","0","9","1","0","","1","1","40 05:40.347","1","0","75 00:54.154","0","0","0","0","67301","0","0","0","N","0","0","0","2","67301","0","","1.0","1238.0","1","N","N","N","0","","0","0","1","3","2","Y","935","2","0","0","0","0","0","0","2","0","2","0","0","0","3","03","","N","","","","","","","","","",""
"2021041081","1240","1","0","0","0","0","0","0","0","0","1","0","","67","5","2021","2","39.942133","-75.168475","1228","6","0","0","0","0","0","0","0","1","","0","0","0","12","1","2","N","0","1","39 56:31.680","4","0","75 10:06.510","3","0","0","0","67301","0","0","0","N","0","0","0","2","67301","0","","6.0","1300.0","1","N","N","Y","0","","2","0","1","0","0","Y","1225","2","2","0","0","0","0","0","2","0","2","0","0","0","3","98","","N","","","","","","","","","",""
"2021041647","1240","2","0","0","0","0","0","0","0","0","4","0","","67","5","2021","4","40.096478","-75.017417","1230","6","0","0","0","0","0","2","0","0","","0","0","0","12","1","1","N","0","0","40 05:47.320","","7","75 01:02.700","4","0","0","0","67301","0","0","0","N","0","0","0","3","67301","1","","1.0","","9","N","N","N","0","","0","0","0","0","0","","1223","2","1","0","0","0","0","0","2","0","2","0","0","0","7","04","","N","","","","","","","","","",""