"CRN","ARRIVAL_TM","AUTOMOBILE_COUNT","BELTED_DEATH_COUNT","BELTED_SUSP_SERIOUS_INJ_COUNT","BICYCLE_COUNT","BICYCLE_DEATH_COUNT","BICYCLE_SUSP_SERIOUS_INJ_COUNT","BUS_COUNT","CHLDPAS_DEATH_COUNT","CHLDPAS_SUSP_SERIOUS_INJ_COUNT","COLLISION_TYPE","COMM_VEH_COUNT","CONS_ZONE_SPD_LIM","COUNTY","CRASH_MONTH","CRASH_YEAR","DAY_OF_WEEK","DEC_LATITUDE","DEC_LONGITUDE","DISPATCH_TM","DISTRICT","DRIVER_COUNT_16YR","DRIVER_COUNT_17YR","DRIVER_COUNT_18YR","DRIVER_COUNT_19YR","DRIVER_COUNT_20YR","DRIVER_COUNT_50_64YR","DRIVER_COUNT_65_74YR","DRIVER_COUNT_75PLUS","EST_HRS_CLOSED","FATAL_COUNT","HEAVY_TRUCK_COUNT","HORSE_BUGGY_COUNT","HOUR_OF_DAY","ILLUMINATION","INJURY_COUNT","INTERSECTION_RELATED","INTERSECT_TYPE","LANE_CLOSED","LATITUDE","LN_CLOSE_DIR","LOCATION_TYPE","LONGITUDE","MAX_SEVERITY_LEVEL","MCYCLE_DEATH_COUNT","MCYCLE_SUSP_SERIOUS_INJ_COUNT","MOTORCYCLE_COUNT","MUNICIPALITY","NONMOTR_COUNT","NONMOTR_DEATH_COUNT","NONMOTR_SUSP_SERIOUS_INJ_COUNT","NTFY_HIWY_MAINT","PED_COUNT","PED_DEATH_COUNT","PED_SUSP_SERIOUS_INJ_COUNT","PERSON_COUNT","POLICE_AGCY","POSSIBLE_INJ_COUNT","RDWY_SURF_TYPE_CD","RELATION_TO_ROAD","ROADWAY_CLEARED","ROAD_CONDITION","SCH_BUS_IND","SCH_ZONE_IND","SECONDARY_CRASH","SMALL_TRUCK_COUNT","SPEC_JURIS_CD","SUSP_MINOR_INJ_COUNT","SUSP_SERIOUS_INJ_COUNT","SUV_COUNT","TCD_FUNC_CD","TCD_TYPE","TFC_DETOUR_IND","TIME_OF_DAY","TOTAL_UNITS","TOT_INJ_COUNT","UNBELTED_OCC_COUNT","UNB_DEATH_COUNT","UNB_SUSP_SERIOUS_INJ_COUNT","UNK_INJ_DEG_COUNT","UNK_INJ_PER_COUNT","URBAN_RURAL","VAN_COUNT","VEHICLE_COUNT","VULNERABLE_ROAD_USER_COUNT","VULNERABLE_ROAD_USER_DEATH_COUNT","VULNERABLE_ROAD_USER_SER_INJ_COUNT","WEATHER1","WEATHER2","WORKERS_PRES","WORK_ZONE_IND","WORK_ZONE_LOC","WORK_ZONE_TYPE","WZ_CLOSE_DETOUR","WZ_FLAGGER","WZ_LAW_OFFCR_IND","WZ_LN_CLOSURE","WZ_MOVING","WZ_OTHER","WZ_SHLDER_MDN","WZ_WORKERS_INJ_KILLED"
"2021069179","0639","1","0","0","0","0","0","0","0","0","1","0","","67","7","2021","5","39.970078","-75.125923","0634","6","0","0","0","0","0","0","0","0","","0","0","0","6","1","0","N","0","0","39 58:12.280","","0","75 07:33.321","0","0","0","0","67301","0","0","0","N","0","0","0","2","68K01","0","","1.0","","1","N","N","N","0","","0","0","1","0","0","","634","2","0","0","0","0","0","0","2","0","2","0","0","0","3","","","N","","","","","","","","","",""
"2021041089","1900","0","0","0","0","0","0","0","0","0","1","0","","67","5","2021","2","39.995056","-75.114333","1856","6","0","0","0","0","0","0","0","0","","0","0","0","18","1","0","N","0","0","39 59:42.200","","0","75 06:51.600","0","0","0","0","67301","0","0","0","N","0","0","0","2","67301","0","","1.0","","1","N","N","N","1","","0","0","0","0","0","","1856","2","0","0","0","0","0","0","2","1","2","0","0","0","3","03","","N","","","","","","","","","",""
"2021039333","0405","2","0","0","0","0","0","0","0","0","5","0","","67","5","2021","1","39.95775","-75.190139","0400","6","0","0","0","0","0","0","0","0","","0","0","0","4","3","0","N","0","0","39 57:27.900","","0","75 11:24.500","0","0","0","0","67301","0","0","0","N","0","0","0","1","67507","0","","6.0","","1","N","N","Y","0","","0","0","1","0","0","","400","3","0","0","0","0","0","0","2","0","3","0","0","0","3","03","","N","","","","","","","","","",""
"2021069117","1827","1","0","0","0","0","0","0","0","0","1","0","","67","7","2021","7","40.021124","-75.041888","1819","6","0","0","0","0","0","1","0","0","","0","0","0","18","1","2","N","0","0","40 01:16.046","","0","75 02:30.798","3","0","0","0","67301","0","0","0","N","0","0","0","4","68K01","0","","1.0","","1","N","N","N","0","","1","0","1","0","0","","1814","2","2","0","0","0","1","0","2","0","2","0","0","0","3","","","N","","","","","","","","","",""
"2021039935","2318","2","0","0","0","0","0","0","0","0","2","0","","67","5","2021","2","40.049164","-75.150681","2316","6","0","0","0","0","0","0","0","0","","0","0","0","23","3","1","N","0","2","40 02:56.990","2","0","75 09:02.450","3","0","0","0","67301","0","0","0","N","0","0","0","2","67301","0","","1.0","105.0","9","N","N","N","0","","1","0","0","0","0","Y","2313","2","1","0","0","0","0","0","2","0","2","0","0","0","7","07","","N","","","","","","","","","",""
"2021042740","1345","3","0","0","0","0","0","0","0","0","4","0","","67","5","2021","4","39.960442","-75.241062","1337","6","0","0","0","0","0","0","0","0","","0","0","0","13","1","1","","1","0","39 57:37.591","","0","75 14:27.822","3","0","0","0","67301","0","0","0","N","0","0","0","3","67301","0","","1.0","","8","N","N","N","0","","1","0","0","3","2","","1314","3","1","0","0","0","0","0","2","0","3","0","0","0","7","04","","N","","","","","","","","","",""
"2021041067","1129","1","0","0","0","0","0","0","0","0","8","0","99","67","5","2021","2","40.052391","-75.007889","1129","6","0","0","0","0","0","0","0","0","","0","0","0","9","1","1","","1","0","40 03:08.606","","0","75 00:28.400","8","0","0","0","67301","1","0","0","N","1","0","0","2","67301","0","","1.0","","99","N","N","N","0","","0","0","0","3","2","","900","2","1","0","0","0","1","0","2","0","1","1","0","0","99","","Y","Y","8","2","","Y","N","","","","","Y"
"2021041375","1431","0","0","0","0","0","0","0","0","0","8","0","","67","5","2021","1","39.986924","-75.161045","1430","6","0","0","0","0","0","0","0","0","","0","0","0","14","1","1","","1","0","39 59:12.926","","0","75 09:39.762","8","0","0","0","67301","1","0","0","N","1","0","0","2","67301","0","","1.0","","1","N","N","N","0","","0","0","1","3","2","","1425","2","1","1","0","0","1","0","2","0","1","1","0","0","3","03","","N","","","","","","","","","",""
"2021041077","1326","1","0","0","0","0","0","0","0","0","4","0","","67","5","2021","5","40.042316","-75.050651","1322","6","0","0","0","0","0","0","0","0","","0","0","0","12","1","0","","1","0","40 02:32.336","","0","75 03:02.342","0","0","0","0","67301","0","0","0","N","0","0","0","2","67301","0","","1.0","","1","N","N","N","0","","0","0","1","3","2","","1259","2","0","0","0","0","0","0","2","0","2","0","0","0","3","03","","N","","","","","","","","","",""
"2021041278","2235","4","0","0","0","0","0","0","0","0","4","0","","67","5","2021","2","40.051741","-75.152996","2219","6","0","0","0","0","0","0","0","0","","0","0","0","22","3","2","","1","0","40 03:06.267","","0","75 09:10.785","2","0","0","0","67301","0","0","0","N","0","0","0","2","67301","1","","1.0","","9","N","N","Y","0","","0","1","1","3","2","","2202","5","2","0","0","0","0","0","2","0","5","0","0","0","7","","","N","","","","","","","","","",""
"2021044233","1734","0","0","0","0","0","0","0","0","0","4","0","","67","5","2021","2","39.991883","-75.233669","1733","6","0","0","0","0","0","1","0","0","","0","0","0","17","1","1","","1","1","39 59:30.778","2","0","75 14:01.208","3","0","0","0","67301","0","0","0","N","0","0","0","4","67301","0","","1.0","1800.0","9","N","N","N","0","","1","0","2","3","2","Y","1730","2","1","0","0","0","0","2","2","0","2","0","0","0","4","07","","N","","","","","","","","","",""
"2021075629","1643","2","0","0","0","0","0","0","0","0","2","0","","67","8","2021","6","40.093864","-74.979694","1634","6","0","0","0","0","1","0","0","0","","0","0","0","16","1","0","","1","0","40 05:37.912","","0","74 58:46.898","0","0","0","0","67301","0","0","0","N","0","0","0","2","67301","0","","1.0","","1","N","N","N","0","","0","0","0","3","2","","1634","2","0","0","0","0","0","0","2","0","2","0","0","0","3","03","","N","","","","","","","","","",""
"2021042274","0418","1","0","0","0","0","0","0","0","0","7","0","","67","5","2021","7","39.97585","-75.11495","0418","6","0","0","0","0","0","0","0","0","","0","0","0","3","3","0","N","0","0","39 58:33.061","","0","75 06:53.819","0","0","0","0","67301","0","0","0","N","0","0","0","2","68K01","0","","4.0","","8","N","N","N","0","","0","0","0","0","0","","346","1","0","0","0","0","0","0","2","0","1","0","0","0","7","","","N","","","","","","","","","",""
"2021041066","2054","0","0","0","1","0","0","0","0","0","8","0","","67","5","2021","4","40.041363","-75.028255","2045","6","0","0","0","0","0","0","0","0","","0","0","0","20","3","1","","1","1","40 02:28.908","2","0","75 01:41.719","3","0","0","0","67301","1","0","0","N","0","0","0","2","67301","0","","1.0","2120.0","1","N","N","N","0","","1","0","1","3","2","N","2040","2","1","0","0","0","0","0","2","0","1","1","0","0","3","03","","N","","","","","","","","","",""
"2021041079","1850","2","0","0","0","0","0","0","0","0","5","0","","67","5","2021","5","40.019694","-75.084278","1841","6","0","0","0","0","0","0","0","0","","0","0","0","18","1","1","N","0","2","40 01:10.900","6","0","75 05:03.400","3","0","0","0","67301","0","0","0","N","0","0","0","2","67301","0","","6.0","1930.0","1","N","N","N","0","","1","0","0","0","0","Y","1840","2","1","0","0","0","0","0","2","0","2","0","0","0","3","03","","N","","","","","","","","","",""
"2021069159","0813","1","0","0","0","0","0","0","0","0","5","1","45","67","7","2021","3","40.005611","-75.075337","0734","6","0","0","0","0","0","1","0","0","","0","1","0","7","1","0","N","0","1","40 00:20.198","2","0","75 04:31.213","0","0","0","0","67301","0","0","0","N","0","0","0","3","68K01","0","","1.0","825.0","1","N","N","N","0","","0","0","1","0","0","N","731","3","0","0","0","0","0","0","2","0","3","0","0","0","3","","N","Y","2","1","","","N","","","","Y","N"
"2021048222","2010","1","0","0","0","0","0","0","0","0","2","0","","67","5","2021","4","39.992361","-75.168806","2001","6","0","0","0","0","0","0","0","0","","0","0","0","19","4","0","N","0","0","39 59:32.500","","0","75 10:07.700","9","0","0","0","67301","0","0","0","N","0","0","0","1","67301","0","","6.0","","1","N","N","N","1","","0","0","2","0","0","","1920","4","0","0","0","0","0","1","2","0","4","0","0","0","3","03","","N","","","","","","","","","",""
"2021046939","0858","0","0","0","0","0","0","0","0","0","1","0","","67","5","2021","7","39.952385","-75.248903","0858","6","0","0","0","0","0","1","0","0","","0","0","0","8","1","0","N","0","0","39 57:08.586","","0","75 14:56.050","0","0","0","0","67301","0","0","0","N","0","0","0","4","67301","0","","1.0","","1","N","N","N","1","","0","0","1","0","0","","854","2","0","0","0","0","0","0","2","0","2","0","0","0","3","04","","N","","","","","","","","","",""
"2021073977","1312","1","0","0","0","0","0","0","0","0","1","1","","67","7","2021","4","39.961444","-75.139843","1302","6","0","0","0","0","0","0","0","0","","0","1","0","12","1","0","N","0","1","39 57:41.197","1","0","75 08:23.436","0","0","0","0","67301","0","0","0","N","0","0","0","2","68K01","0","","4.0","1315.0","1","N","N","N","0","","0","0","0","0","0","Y","1259","2","0","0","0","0","0","0","2","0","2","0","0","0","3","","","N","","","","","","","","","",""
"2021070515","1625","0","0","0","0","0","0","0","0","0","8","0","","67","7","2021","5","40.021716","-75.139801","1625","6","0","0","0","0","0","0","0","0","","0","0","0","22","3","1","","1","9","40 01:18.177","","0","75 08:23.284","2","0","0","0","67301","1","0","1","N","1","0","1","1","67301","0","","1.0","","1","N","N","N","0","","0","1","0","3","2","U","2231","2","1","0","0","0","0","0","2","0","1","1","0","1","3","03","","N","","","","","","","","","",""
"2021041090","1709","1","0","0","0","0","0","0","0","0","4","0","","67","5","2021","3","39.990543","-75.127864","1703","6","0","0","0","0","0","1","0","0","","0","0","0","17","1","1","N","0","0","39 59:25.955","","7","75 07:40.312","3","0","0","0","67301","0","0","0","N","0","0","0","2","67301","0","","1.0","","1","N","N","N","0","","1","0","1","0","0","","1701","2","1","0","0","0","0","0","2","0","2","0","0","0","3","03","","N","","","","","","","","","",""
"2021044129","1301","1","0","0","0","0","0","0","0","0","2","0","","67","5","2021","5","40.000219","-75.149323","1301","6","0","0","0","0","0","0","0","0","","0","0","0","11","1","0","","3","0","40 00:00.788","","0","75 08:57.562","9","0","0","0","67301","0","0","0","N","0","0","0","2","67301","0","","1.0","","1","N","N","N","0","","0","0","1","3","3","","1118","2","0","0","0","0","0","1","2","0","2","0","0","0","3","","","N","","","","","","","","","",""
"2021042267","1850","1","0","0","0","0","0","0","0","0","7","0","","67","5","2021","6","40.030946","-75.021777","1836","6","0","0","0","0","0","0","0","0","","0","0","0","18","1","0","N","0","0","40 01:51.407","","3","75 01:18.397","0","0","0","0","67301","0","0","0","N","0","0","0","1","68K01","0","","3.0","","9","N","N","N","0","","0","0","0","0","0","","1834","1","0","0","0","0","0","0","2","0","1","0","0","0","7","","","N","","","","","","","","","",""
"2021041808","0520","2","0","0","0","0","0","0","0","0","5","0","","67","5","2021","7","40.037675","-75.011623","0510","6","0","0","0","0","0","0","0","0","","0","0","0","4","3","0","N","0","0","40 02:15.631","","0","75 00:41.844","0","0","0","0","67301","0","0","0","N","0","0","0","3","68K01","0","","1.0","","9","N","N","N","0","","0","0","0","0","0","","458","3","0","0","0","0","0","0","2","1","3","0","0","0","4","07","","N","","","","","","","","","",""
"2021070497","0145","3","0","0","0","0","0","0","0","0","5","0","","67","7","2021","4","40.003481","-75.101539","0139","6","0","0","0","0","0","0","0","0","","0","0","0","1","3","0","N","0","0","40 00:12.530","","0","75 06:05.540","0","0","0","0","67301","0","0","0","N","0","0","0","1","67301","0","","1.0","","1","N","N","N","0","","0","0","0","0","0","","139","3","0","1","0","0","0","0","2","0","3","0","0","0","3","03","","N","","","","","","","","","",""
"2021040448","0044","2","0","0","0","0","0","0","0","0","1","0","","67","5","2021","4","39.96742","-75.225012","0041","6","0","0","0","0","0","0","0","0","","0","0","0","0","3","1","N","0","0","39 58:02.711","","0","75 13:30.043","4","0","0","0","67301","0","0","0","N","0","0","0","2","67301","1","","1.0","","1","N","N","N","0","","0","0","0","0","0","","36","3","1","1","0","0","0","1","2","1","3","0","0","0","3","","","N","","","","","","","","","",""
"2021041461","1053","2","0","0","0","0","0","0","0","0","1","0","","67","5","2021","7","40.101831","-75.013782","1047","6","0","0","0","0","0","1","0","0","","0","0","0","10","1","1","","1","0","40 06:06.591","","0","75 00:49.615","3","0","0","0","67301","0","0","0","N","0","0","0","2","67301","0","","1.0","","1","N","N","N","0","","1","0","2","3","3","","1046","4","1","0","0","0","0","0","2","0","4","0","0","0","4","","","N","","","","","","","","","",""
"2021042006","0156","0","0","0","0","0","0","0","0","0","7","0","","67","5","2021","5","39.959344","-75.180679","0148","6","0","0","0","0","0","0","0","0","","0","0","0","1","3","1","N","0","1","39 57:33.638","4","0","75 10:50.445","8","0","0","0","67301","0","0","0","N","0","0","0","1","68K01","0","","4.0","30.0","1","N","N","N","0","","0","0","1","0","0","N","142","1","1","1","0","0","1","0","2","0","1","0","0","0","3","03","","N","","","","","","","","","",""
"2021064339","1337","2","0","0","0","0","0","0","0","0","1","0","","67","6","2021","3","40.009819","-75.112653","1253","6","0","0","0","0","0","0","0","0","","0","0","0","12","1","1","N","0","0","40 00:35.350","","0","75 06:45.550","8","0","0","0","67301","0","0","0","N","0","0","0","3","67301","0","","1.0","","9","N","N","N","0","","0","0","0","0","0","","1234","2","1","0","0","0","1","0","2","0","2","0","0","0","7","04","","N","","","","","","","","","",""
"2021053640","0405","1","0","0","0","0","0","0","0","0","1","0","","67","5","2021","6","40.005878","-75.149766","0045","6","0","0","0","0","0","0","0","0","","0","0","0","0","3","1","","5","0","40 00:21.160","","0","75 08:59.157","4","0","0","0","67301","0","0","0","N","0","0","0","2","67301","1","","1.0","","1","N","N","N","0","","0","0","0","3","2","","45","2","1","0","0","0","0","0","2","0","2","0","0","0","3","","","N","","","","","","","","","",""
"2021053613","2308","2","0","0","0","0","0","0","0","0","5","0","","67","6","2021","1","39.966611","-75.21375","2306","6","0","0","0","0","0","0","0","0","","0","0","0","23","3","0","N","0","0","39 57:59.800","","0","75 12:49.500","0","0","0","0","67301","0","0","0","N","0","0","0","1","67301","0","","6.0","","1","N","N","Y","0","","0","0","2","0","0","","2306","4","0","1","0","0","0","0","2","0","4","0","0","0","3","03","","N","","","","","","","","","",""
"2021079207","1107","1","0","0","0","0","0","0","0","0","4","1","","67","8","2021","7","40.052316","-75.007986","1104","6","0","0","0","0","0","0","0","0","","0","1","0","11","1","1","","1","0","40 03:08.339","","0","75 00:28.750","3","0","0","0","67301","0","0","0","N","0","0","0","4","67301","0","","1.0","","1","N","N","N","0","","1","0","0","9","2","","1102","2","1","0","0","0","0","0","2","0","2","0","0","0","3","03","","N","","","","","","","","","",""
"2021041590","2356","2","0","0","0","0","0","0","0","0","4","0","","67","5","2021","5","40.010149","-75.121555","2356","6","0","0","0","0","0","0","0","0","","0","0","0","23","3","1","","1","0","40 00:36.538","","0","75 07:17.597","3","0","0","0","67301","0","0","0","N","0","0","0","3","67301","0","","1.0","","1","N","N","N","0","","1","0","0","3","2","","2354","2","1","1","0","0","0","0","2","0","2","0","0","0","3","","","N","","","","","","","","","",""
"2021069827","1905","0","0","0","0","0","0","0","0","0","7","0","","67","7","2021","6","40.044286","-75.158256","1904","6","0","0","0","0","0","0","0","0","","0","0","0","18","1","0","N","0","0","40 02:39.430","","0","75 09:29.720","0","0","0","0","67301","0","0","0","N","0","0","0","1","67301","0","","5.0","","1","N","N","N","0","","0","0","1","0","0","","1851","1","0","0","0","0","0","0","2","0","1","0","0","0","3","","","N","","","","","","","","","",""
"2021069808","1710","2","0","0","0","0","0","0","0","0","1","0","","67","7","2021","5","39.961389","-75.175163","1702","6","0","0","0","0","0","0","0","0","","0","0","0","16","1","2","N","0","2","39 57:41.002","3","0","75 10:30.586","4","0","0","0","67301","0","0","0","N","0","0","0","3","67301","2","","1.0","1710.0","1","N","N","N","0","","0","0","0","3","2","N","1650","2","2","0","0","0","0","0","2","0","2","0","0","0","3","","","N","","","","","","","","","",""
"2021070507","0843","1","0","0","0","0","0","0","0","0","8","0","","67","7","2021","1","40.004158","-75.093883","0840","6","0","0","0","0","0","0","0","0","","0","0","0","8","1","1","N","0","1","40 00:14.969","2","3","75 05:37.977","2","0","0","0","67301","1","0","1","N","1","0","1","2","67301","0","","1.0","910.0","1","N","N","N","0","","0","1","0","0","0","N","840","2","1","0","0","0","0","1","2","0","1","1","0","1","3","03","","N","","","","","","","","","",""
"2021080315","1610","2","0","0","0","0","0","0","0","0","4","0","","67","8","2021","3","40.035118","-75.069504","1606","6","0","0","0","0","0","0","0","0","","0","0","0","15","1","1","","1","2","40 02:06.425","1","0","75 04:10.216","8","0","0","0","67301","0","0","0","N","0","0","0","1","67301","0","","1.0","1704.0","1","N","N","N","0","","0","0","0","3","2","N","1520","2","1","0","0","0","1","0","2","0","2","0","0","0","3","03","","N","","","","","","","","","",""
"2021042337","0145","1","0","0","0","0","0","0","0","0","4","0","","67","5","2021","1","40.024341","-75.165752","0140","6","0","0","0","0","0","0","0","0","","0","0","0","23","3","1","N","0","0","40 01:27.628","","0","75 09:56.706","3","0","0","0","67301","0","0","0","N","0","0","0","5","67301","0","","1.0","","1","N","N","N","0","","1","0","0","0","0","","2355","2","1","0","0","0","0","0","2","1","2","0","0","0","3","03","","N","","","","","","","","","",""
"2021041371","1015","2","0","0","0","0","0","0","0","0","4","0","","67","5","2021","6","39.914079","-75.149676","1011","6","0","0","0","0","0","0","0","0","","0","0","0","10","1","2","N","0","1","39 54:50.684","4","7","75 08:58.835","3","0","0","0","67301","0","0","0","N","0","0","0","2","67301","0","","1.0","1035.0","1","N","N","N","0","","2","0","0","0","0","N","1010","2","2","0","0","0","0","0","2","0","2","0","0","0","3","","","N","","","","","","","","","",""
"2021079142","2245","1","0","0","0","0","0","0","0","0","1","0","","67","8","2021","1","40.004672","-75.152248","2245","6","0","0","0","0","0","1","0","0","","0","0","0","22","3","2","N","1","0","40 00:16.819","","0","75 09:08.094","4","0","0","0","67301","0","0","0","N","0","0","0","3","67505","2","","1.0","","1","N","N","N","0","","0","0","1","3","2","","2240","2","2","3","0","0","0","0","2","0","2","0","0","0","3","03","","N","","","","","","","","","",""
"2021052279","1955","3","0","0","0","0","0","0","0","0","7","0","","67","6","2021","1","39.949554","-75.16595","1954","6","0","0","0","0","0","0","0","0","","0","0","0","19","1","1","","1","0","39 56:58.396","","0","75 09:57.421","3","0","0","0","67301","0","0","0","N","0","0","0","1","67301","0","","5.0","","1","N","N","N","0","","1","0","0","3","2","","1953","3","1","1","0","0","0","0","2","0","3","0","0","0","3","03","","N","","","","","","","","","",""
"2021041059","1416","1","0","0","0","0","0","0","0","0","4","0","","67","5","2021","3","39.919517","-75.157898","1412","6","0","0","0","0","0","1","0","0","","0","0","0","14","1","1","","2","2","39 55:10.261","1","0","75 09:28.432","8","0","0","0","67301","0","0","0","N","0","0","0","3","67301","0","","1.0","1416.0","99","N","N","N","0","","0","0","1","3","3","N","1412","2","1","0","0","0","1","1","2","0","2","0","0","0","99","","","N","","","","","","","","","",""
"2021040018","0023","2","0","0","0","0","0","0","0","0","4","0","","67","5","2021","3","40.005592","-75.103281","0022","6","0","0","0","0","0","1","0","0","","0","0","0","0","3","0","","1","0","40 00:20.131","","0","75 06:11.812","0","0","0","0","67301","0","0","0","N","0","0","0","2","67301","0","","1.0","","9","N","N","N","0","","0","0","0","3","2","","20","2","0","0","0","0","0","0","2","0","2","0","0","0","7","07","","N","","","","","","","","","",""
"2021074019","2040","1","0","0","0","0","0","0","0","0","4","0","","67","8","2021","1","40.056416","-75.012801","2035","6","0","0","0","0","0","1","0","0","","0","0","0","20","4","1","","1","0","40 03:23.098","","0","75 00:46.082","3","0","0","0","67301","0","0","0","N","0","0","0","4","67301","0","","1.0","","1","N","N","N","0","","1","0","1","3","2","","2032","2","1","0","0","0","0","0","2","0","2","0","0","0","3","03","","N","","","","","","","","","",""
"2021051485","1635","0","0","0","0","0","0","0","0","0","5","0","","67","6","2021","6","39.969611","-75.168053","1620","6","0","0","0","0","0","0","0","0","","0","0","0","16","1","0","N","0","0","39 58:10.600","","0","75 10:04.990","0","0","0","0","67301","0","0","0","N","0","0","0","1","67301","0","","6.0","","9","N","N","N","0","","0","0","1","0","0","","1600","2","0","0","0","0","0","0","2","0","2","0","0","0","7","","","N","","","","","","","","","",""
"2021079997","2302","1","0","0","0","0","0","0","0","0","7","0","","67","8","2021","5","40.028534","-75.02345","2247","6","0","0","0","0","0","0","0","0","","0","0","0","22","3","0","N","0","0","40 01:42.724","","0","75 01:24.421","9","0","0","0","67301","0","0","0","Y","0","0","0","1","68K01","0","","7.0","","1","N","N","N","0","","0","0","0","0","0","","2244","1","0","0","0","0","0","1","2","0","1","0","0","0","3","","","N","","","","","","","","","",""
"2021042073","1721","1","0","0","0","0","0","0","0","0","4","0","","67","5","2021","6","40.047473","-75.01405","1720","6","0","0","0","0","0","1","0","0","","0","0","0","17","1","1","","2","1","40 02:50.904","2","0","75 00:50.580","4","0","0","0","67301","0","0","0","N","0","0","0","2","67301","1","","1.0","1800.0","1","N","N","N","0","","0","0","1","3","3","Y","1720","2","1","1","0","0","0","0","2","0","2","0","0","0","4","04","","N","","","","","","","","","",""
"2021041084","1405","2","0","0","0","0","0","0","0","0","4","0","","67","5","2021","3","39.986664","-75.250626","1400","6","0","0","0","0","0","1","0","0","","0","0","0","13","1","0","","1","0","39 59:11.992","","0","75 15:02.255","9","0","0","0","67301","0","0","0","N","0","0","0","3","67301","0","","1.0","","1","N","N","N","0","","0","0","1","3","3","","1350","3","0","0","0","0","0","1","2","0","3","0","0","0","3","03","","N","","","","","","","","","",""
"2021080128","0952","0","0","0","0","0","0","0","0","0","8","0","","67","8","2021","7","39.95194","-75.159916","0952","6","0","0","0","0","0","0","0","0","","0","0","0","9","1","1","","1","0","39 57:06.984","","0","75 09:35.699","3","0","0","0","67301","1","0","0","N","1","0","0","2","67301","0","","1.0","","1","N","N","N","1","","1","0","0","3","2","","950","2","1","0","0","0","0","1","2","0","1","1","0","0","3","03","","N","","","","","","","","","",""
"2021069764","1106","2","0","0","0","0","0","0","0","0","4","0","","67","4","2021","5","39.961186","-75.142328","1106","6","0","0","0","0","0","0","0","0","","0","0","0","11","1","1","","1","0","39 57:40.269","","0","75 08:32.382","4","0","0","0","67301","0","0","0","N","0","0","0","2","67301","1","","1.0","","1","N","N","N","0","","0","0","0","3","3","","1106","2","1","0","0","0","0","0","2","0","2","0","0","0","3","03","","N","","","","","","","","","",""
"2021073826","0817","0","0","0","0","0","0","0","0","0","5","1","","67","8","2021","6","39.960933","-75.181906","0752","6","0","0","0","0","0","0","0","0","","0","1","0","7","1","1","N","0","0","39 57:39.359","","0","75 10:54.861","4","0","0","0","67301","0","0","0","N","0","0","0","2","68K01","1","","1.0","","1","N","N","N","0","","0","0","0","0","0","","712","2","1","0","0","0","0","1","2","0","2","0","0","0","3","","","N","","","","","","","","","",""
"2021070444","0027","1","0","0","0","0","0","0","0","0","7","0","","67","7","2021","4","40.022153","-75.080011","0023","6","0","0","0","0","0","0","0","0","","0","0","0","0","3","2","N","0","0","40 01:19.750","","0","75 04:48.040","3","0","0","0","67301","0","0","0","N","0","0","0","2","67301","0","","5.0","","1","N","N","N","0","","2","0","0","0","0","","23","1","2","0","0","0","0","0","2","0","1","0","0","0","3","","","N","","","","","","","","","",""
"2021039557","1050","1","0","0","0","0","0","0","0","0","4","0","","67","5","2021","1","39.991492","-75.148312","1046","6","0","0","0","0","0","1","0","0","","0","0","0","10","1","0","","1","0","39 59:29.371","","0","75 08:53.923","9","0","0","0","67301","0","0","0","N","0","0","0","2","67301","0","","1.0","","1","N","N","N","0","","0","0","0","3","2","","1038","2","0","0","0","0","0","1","2","1","2","0","0","0","3","04","","N","","","","","","","","","",""
"2021050984","0935","2","0","0","0","0","0","0","0","0","4","0","","67","5","2021","5","39.991512","-75.136139","0935","6","0","0","0","0","0","0","0","0","","0","0","0","17","1","1","","1","0","39 59:29.442","","0","75 08:10.101","3","0","0","0","67301","0","0","0","N","0","0","0","5","67301","0","","1.0","","1","N","N","N","0","","1","0","0","3","2","","1717","2","1","0","0","0","0","2","2","0","2","0","0","0","3","03","","N","","","","","","","","","",""
"2021051172","0941","0","0","0","0","0","0","0","0","0","1","0","","67","6","2021","3","39.965035","-75.160761","0941","6","0","0","0","0","0","1","0","0","","0","0","0","16","1","1","N","0","0","39 57:54.126","","0","75 09:38.740","8","0","0","0","67301","0","0","0","N","0","0","0","3","67301","0","","1.0","","1","N","N","N","0","","0","0","1","0","0","","1630","3","1","0","0","0","1","1","2","2","3","0","0","0","3","03","","N","","","","","","","","","",""
"2021050602","0148","1","0","0","0","0","0","0","0","0","4","0","","67","6","2021","4","39.973836","-75.206419","0148","6","0","0","0","0","0","1","0","0","","0","0","0","1","3","1","","1","0","39 58:25.808","","0","75 12:23.108","3","0","0","0","67301","0","0","0","N","0","0","0","3","67301","0","","1.0","","1","N","N","N","0","","1","0","0","3","2","","112","2","1","0","0","0","0","0","2","0","2","0","0","0","3","","","N","","","","","","","","","",""
"2021041070","1639","1","0","0","0","0","0","0","0","0","4","0","","67","5","2021","4","40.046243","-75.166073","1637","6","0","0","0","0","0","0","0","0","","0","0","0","16","1","2","","1","0","40 02:46.473","","0","75 09:57.863","3","0","0","0","67301","0","0","0","N","0","0","0","3","67301","0","","1.0","","1","N","N","N","0","","2","0","1","3","3","","1630","2","2","0","0","0","0","1","2","0","2","0","0","0","3","","","N","","","","","","","","","",""
"2021080493","2212","1","0","0","0","0","0","1","0","0","5","1","","67","8","2021","5","40.009818","-75.155638","2212","6","0","0","0","0","0","1","0","0","","0","0","0","22","3","0","N","0","2","40 00:35.346","6","0","75 09:20.295","0","0","0","0","67301","0","0","0","N","0","0","0","2","67301","0","","1.0","2330.0","1","N","N","N","0","","0","0","0","0","0","Y","2205","2","0","0","0","0","0","0","2","0","2","0","0","0","3","03","","N","","","","","","","","","",""