"CRN","ARRIVAL_TM","AUTOMOBILE_COUNT","BELTED_DEATH_COUNT","BELTED_SUSP_SERIOUS_INJ_COUNT","BICYCLE_COUNT","BICYCLE_DEATH_COUNT","BICYCLE_SUSP_SERIOUS_INJ_COUNT","BUS_COUNT","CHLDPAS_DEATH_COUNT","CHLDPAS_SUSP_SERIOUS_INJ_COUNT","COLLISION_TYPE","COMM_VEH_COUNT","CONS_ZONE_SPD_LIM","COUNTY","CRASH_MONTH","CRASH_YEAR","DAY_OF_WEEK","DEC_LATITUDE","DEC_LONGITUDE","DISPATCH_TM","DISTRICT","DRIVER_COUNT_16YR","DRIVER_COUNT_17YR","DRIVER_COUNT_18YR","DRIVER_COUNT_19YR","DRIVER_COUNT_20YR","DRIVER_COUNT_50_64YR","DRIVER_COUNT_65_74YR","DRIVER_COUNT_75PLUS","EST_HRS_CLOSED","FATAL_COUNT","HEAVY_TRUCK_COUNT","HORSE_BUGGY_COUNT","HOUR_OF_DAY","ILLUMINATION","INJURY_COUNT","INTERSECTION_RELATED","INTERSECT_TYPE","LANE_CLOSED","LATITUDE","LN_CLOSE_DIR","LOCATION_TYPE","LONGITUDE","MAX_SEVERITY_LEVEL","MCYCLE_DEATH_COUNT","MCYCLE_SUSP_SERIOUS_INJ_COUNT","MOTORCYCLE_COUNT","MUNICIPALITY","NONMOTR_COUNT","NONMOTR_DEATH_COUNT","NONMOTR_SUSP_SERIOUS_INJ_COUNT","NTFY_HIWY_MAINT","PED_COUNT","PED_DEATH_COUNT","PED_SUSP_SERIOUS_INJ_COUNT","PERSON_COUNT","POLICE_AGCY","POSSIBLE_INJ_COUNT","RDWY_SURF_TYPE_CD","RELATION_TO_ROAD","ROADWAY_CLEARED","ROAD_CONDITION","SCH_BUS_IND","SCH_ZONE_IND","SECONDARY_CRASH","SMALL_TRUCK_COUNT","SPEC_JURIS_CD","SUSP_MINOR_INJ_COUNT","SUSP_SERIOUS_INJ_COUNT","SUV_COUNT","TCD_FUNC_CD","TCD_TYPE","TFC_DETOUR_IND","TIME_OF_DAY","TOTAL_UNITS","TOT_INJ_COUNT","UNBELTED_OCC_COUNT","UNB_DEATH_COUNT","UNB_SUSP_SERIOUS_INJ_COUNT","UNK_INJ_DEG_COUNT","UNK_INJ_PER_COUNT","URBAN_RURAL","VAN_COUNT","VEHICLE_COUNT","VULNERABLE_ROAD_USER_COUNT","VULNERABLE_ROAD_USER_DEATH_COUNT","VULNERABLE_ROAD_USER_SER_INJ_COUNT","WEATHER1","WEATHER2","WORKERS_PRES","WORK_ZONE_IND","WORK_ZONE_LOC","WORK_ZONE_TYPE","WZ_CLOSE_DETOUR","WZ_FLAGGER","WZ_LAW_OFFCR_IND","WZ_LN_CLOSURE","WZ_MOVING","WZ_OTHER","WZ_SHLDER_MDN","WZ_WORKERS_INJ_KILLED"
"2021052239","1532","2","0","0","0","0","0","0","0","0","1","0","45","67","6","2021","7","39.968068","-75.129644","1525","6","0","0","0","0","0","0","1","0","","0","0","0","15","1","1","N","0","1","39 58:05.045","1","0","75 07:46.717","3","0","0","0","67301","0","0","0","N","0","0","0","4","68K01","0","","1.0","1600.0","1","N","N","N","0","","1","0","0","0","0","N","1521","3","1","0","0","0","0","0","2","1","3","0","0","0","3","","N","Y","4","1","","","N","","","","Y","N"
"2021079977","2032","1","0","0","0","0","0","0","0","0","1","1","","67","8","2021","2","39.9457","-75.189912","2019","6","0","0","0","0","0","0","0","0","","0","1","0","20","3","0","N","0","0","39 56:44.519","","0","75 11:23.684","0","0","0","0","67301","0","0","0","N","0","0","0","2","68K01","0","","1.0","","1","N","N","N","0","","0","0","0","0","0","","2018","2","0","0","0","0","0","0","2","0","2","0","0","0","3","","","N","","","","","","","","","",""
"2021041846","1702","1","0","0","0","0","0","0","0","0","5","0","","67","5","2021","7","40.056389","-75.088934","1646","6","0","0","0","0","0","0","0","0","","0","0","0","16","1","0","N","0","0","40 03:23.001","","0","75 05:20.163","0","0","0","0","67301","0","0","0","N","0","0","0","1","67301","0","","6.0","","9","N","N","N","0","","0","0","2","0","0","","1645","3","0","0","0","0","0","0","2","0","3","0","0","0","7","04","","N","","","","","","","","","",""
"2021053638","2300","2","0","0","0","0","0","0","0","0","4","0","","67","5","2021","3","40.000185","-75.129436","2300","6","0","0","0","0","0","1","0","0","","0","0","0","23","3","0","","1","0","40 00:00.666","","0","75 07:45.969","9","0","0","0","67301","0","0","0","N","0","0","0","2","67301","0","","1.0","","1","N","N","N","0","","0","0","1","3","3","","2300","4","0","0","0","0","0","1","2","1","4","0","0","0","3","","","N","","","","","","","","","",""
"2021055769","1245","3","0","0","0","0","0","0","0","0","4","0","","67","6","2021","1","40.000267","-75.228371","1240","6","0","0","0","0","0","1","0","0","","0","0","0","12","1","1","","2","2","40 00:00.960","5","0","75 13:42.137","3","0","0","0","67301","0","0","0","N","0","0","0","4","67301","0","","1.0","1420.0","1","N","N","N","0","","1","0","1","3","3","Y","1235","4","1","0","0","0","0","0","2","0","4","0","0","0","3","03","","N","","","","","","","","","",""
"2021057164","0849","1","0","0","0","0","0","0","0","0","4","0","","67","6","2021","1","40.022719","-75.148198","0849","6","0","0","1","0","0","1","0","0","","0","0","0","23","3","3","","5","0","40 01:21.790","","0","75 08:53.512","4","0","0","1","67301","0","0","0","N","0","0","0","3","67301","2","","1.0","","1","N","N","N","0","","0","0","0","3","2","","2340","2","3","0","0","0","1","0","2","0","2","0","0","0","3","03","","N","","","","","","","","","",""
"2021049744","1926","1","0","0","0","0","0","0","0","0","1","0","","67","5","2021","2","39.944886","-75.221553","1924","6","0","0","0","0","0","0","0","0","","0","0","0","19","1","1","","11","0","39 56:41.589","","0","75 13:17.590","8","0","0","0","67301","0","0","0","N","0","0","0","1","67301","0","","1.0","","1","N","N","N","0","","0","0","0","0","0","","1922","2","1","0","0","0","1","0","2","1","2","0","0","0","3","03","","N","","","","","","","","","",""
"2021057913","2125","2","0","0","0","0","0","0","0","0","4","0","","67","6","2021","5","39.955991","-75.217645","2135","6","0","0","0","0","0","1","0","0","","0","0","0","21","3","1","","1","0","39 57:21.568","","0","75 13:03.523","3","0","0","0","67301","0","0","0","N","0","0","0","2","67301","0","","1.0","","9","N","N","N","0","","1","0","0","2","2","","2115","2","1","0","0","0","0","0","2","0","2","0","0","0","7","07","","N","","","","","","","","","",""
"2021051832","2010","0","0","0","0","0","0","0","0","0","7","0","","67","6","2021","5","40.033211","-75.149303","2000","6","0","0","0","0","0","0","0","0","","0","0","0","19","1","0","N","0","2","40 01:59.560","5","0","75 08:57.490","0","0","0","0","67301","0","0","0","N","0","0","0","1","67301","0","","4.0","100.0","8","N","N","N","0","","0","0","1","0","0","Y","1920","1","0","0","0","0","0","0","2","0","1","0","0","0","7","","","N","","","","","","","","","",""
"2021079769","0515","1","0","0","0","0","0","0","0","0","4","0","","67","8","2021","6","40.045256","-75.001896","0514","6","0","0","0","0","0","1","0","0","","0","0","0","4","3","3","N","0","0","40 02:42.922","","0","75 00:06.825","3","0","0","0","67301","0","0","0","N","0","0","0","3","68K01","1","","1.0","","1","N","N","N","0","","2","0","1","0","0","","445","2","3","0","0","0","0","0","2","0","2","0","0","0","3","","","N","","","","","","","","","",""
"2021080531","0752","0","0","0","0","0","0","0","0","0","7","0","","67","8","2021","7","40.00421","-75.076579","0750","6","0","0","0","0","0","0","0","0","","0","0","0","7","1","0","N","0","1","40 00:15.155","1","0","75 04:35.684","0","0","0","0","67301","0","0","0","N","0","0","0","1","68K01","0","","2.0","820.0","1","N","N","N","0","","0","0","1","0","0","N","748","1","0","0","0","0","0","0","2","0","1","0","0","0","3","03","","N","","","","","","","","","",""
"2021051300","0630","1","0","0","0","0","0","0","0","0","7","0","","67","6","2021","4","40.039067","-75.007868","0630","6","0","0","0","0","0","0","0","0","","0","0","0","6","1","1","N","0","1","40 02:20.642","1","0","75 00:28.324","3","0","0","0","67301","0","0","0","N","0","0","0","2","68K01","0","","3.0","645.0","1","N","N","N","0","","1","0","1","0","0","N","628","2","1","0","0","0","0","0","2","0","2","0","0","0","3","","","N","","","","","","","","","",""
"2021050106","0616","0","0","0","0","0","0","0","0","0","7","0","","67","6","2021","3","40.067015","-75.156291","0603","6","0","0","0","0","0","0","0","0","","0","0","0","5","3","0","","1","0","40 04:01.254","","0","75 09:22.647","9","0","0","0","67301","0","0","0","N","0","0","0","1","67301","0","","4.0","","1","N","N","N","0","","0","0","1","3","2","","530","1","0","0","0","0","0","1","2","0","1","0","0","0","3","03","","N","","","","","","","","","",""
"2021053561","1210","1","0","0","0","0","0","0","0","0","5","0","","67","6","2021","2","40.028871","-75.100268","1203","6","0","0","0","0","0","0","0","0","","0","0","0","0","3","0","N","0","0","40 01:43.937","","0","75 06:00.966","0","0","0","0","67301","0","0","0","N","0","0","0","2","67301","0","","1.0","","1","N","N","N","0","","0","0","0","0","0","","3","2","0","0","0","0","0","0","2","0","2","0","0","0","3","03","","N","","","","","","","","","",""
"2021045952","1910","2","0","0","0","0","0","0","0","0","1","0","","67","5","2021","5","40.029937","-75.153268","1910","6","0","0","0","0","0","1","0","0","","0","0","0","14","1","1","","5","0","40 01:47.773","","0","75 09:11.764","4","0","0","0","67301","0","0","0","N","0","0","0","2","67301","1","","1.0","","99","N","N","N","0","","0","0","0","3","2","","1440","2","1","2","0","0","0","1","2","0","2","0","0","0","3","","","N","","","","","","","","","",""
"2021055116","0840","1","0","0","0","0","0","0","0","0","6","0","","67","6","2021","2","39.996519","-75.113841","0830","6","0","0","0","0","0","0","0","0","","0","0","0","8","2","1","","2","0","39 59:47.470","","0","75 06:49.828","8","0","0","0","67301","0","0","0","N","0","0","0","3","67508","0","","1.0","","1","N","N","Y","0","","0","0","0","0","0","","830","2","1","0","0","0","1","0","2","1","2","0","0","0","3","03","","N","","","","","","","","","",""
"2021051868","2034","2","0","0","0","0","0","0","0","0","4","0","","67","6","2021","1","40.054746","-75.151295","2032","6","0","0","0","0","0","0","0","0","","0","0","0","20","3","2","","1","0","40 03:17.085","","0","75 09:04.662","2","0","0","0","67301","0","0","0","N","0","0","0","2","67301","0","","1.0","","1","N","N","N","0","","1","1","0","3","3","","2020","2","2","0","0","0","0","0","2","0","2","0","0","0","3","03","","N","","","","","","","","","",""
"2021055237","1518","2","0","0","0","0","0","0","0","0","1","0","","67","6","2021","6","39.986826","-75.156164","1518","6","0","0","0","0","0","1","0","0","","0","0","0","15","1","1","Y","0","0","39 59:12.573","","0","75 09:22.192","4","0","0","0","67301","0","0","0","N","0","0","0","4","67301","1","","1.0","","1","N","N","N","0","","0","0","1","3","2","","1518","4","1","0","0","0","0","0","2","1","4","0","0","0","3","03","","N","","","","","","","","","",""
"2021079186","0132","0","0","0","0","0","0","0","0","0","2","0","","67","8","2021","3","40.037994","-75.130264","0131","6","0","0","0","0","0","0","0","0","","0","0","0","0","3","0","N","0","0","40 02:16.780","","0","75 07:48.950","0","0","0","0","67301","0","0","0","N","0","0","0","0","67301","0","","6.0","","1","N","N","N","0","","0","0","2","0","0","","27","2","0","0","0","0","0","0","2","0","2","0","0","0","3","03","","N","","","","","","","","","",""
"2021056074","1914","1","0","0","0","0","0","0","0","0","5","0","","67","5","2021","2","39.87821","-75.250511","1914","6","0","0","0","0","0","1","0","0","","0","0","0","19","1","0","N","0","0","39 52:41.557","","0","75 15:01.838","0","0","0","0","67301","0","0","0","N","0","0","0","3","68K02","0","","1.0","","1","N","N","N","0","","0","0","2","0","0","","1914","3","0","0","0","0","0","0","2","0","3","0","0","0","3","03","","N","","","","","","","","","",""
"2021046061","0530","2","0","0","0","0","0","0","0","0","4","0","","67","5","2021","3","40.057525","-75.149283","0528","6","0","0","0","0","0","0","0","1","","0","0","0","5","1","1","","1","0","40 03:27.090","","0","75 08:57.418","3","0","0","0","67301","0","0","0","N","0","0","0","3","67301","0","","1.0","","1","N","N","N","0","","1","0","0","3","2","","528","2","1","1","0","0","0","0","2","0","2","0","0","0","3","","","N","","","","","","","","","",""
"2021057167","1544","2","0","0","0","0","0","0","0","0","4","0","","67","6","2021","7","40.021538","-75.139814","1544","6","0","0","0","0","0","0","0","0","","0","0","0","19","4","2","","1","0","40 01:17.537","","0","75 08:23.331","8","0","0","0","67301","0","0","0","N","0","0","0","2","67301","0","","1.0","","1","N","N","N","0","","0","0","0","3","2","","1930","2","2","0","0","0","2","0","2","0","2","0","0","0","3","03","","N","","","","","","","","","",""
"2021050990","1327","1","0","0","0","0","0","0","0","0","4","0","","67","6","2021","5","39.985547","-75.162945","1323","6","0","0","0","0","0","1","0","0","","0","0","0","13","8","1","","1","0","39 59:07.969","","0","75 09:46.601","3","0","0","0","67301","0","0","0","N","0","0","0","2","67505","0","","1.0","","9","N","N","Y","0","","1","0","1","3","2","","1323","2","1","0","0","0","0","0","2","0","2","0","0","0","7","07","","N","","","","","","","","","",""
"2021053569","1255","1","0","0","0","0","0","0","0","0","4","0","","67","6","2021","2","39.919396","-75.170834","1255","6","0","0","0","0","0","1","0","0","","0","0","0","12","1","0","","1","1","39 55:09.827","1","0","75 10:15.002","0","0","0","0","67301","0","0","0","N","0","0","0","5","67301","0","","1.0","1305.0","1","N","N","N","0","","0","0","1","3","2","N","1254","2","0","1","0","0","0","0","2","0","2","0","0","0","3","","","N","","","","","","","","","",""
"2021050109","1030","1","0","0","0","0","0","0","0","0","8","0","","67","5","2021","2","39.995905","-75.095656","1000","6","0","0","0","0","0","0","0","0","","0","0","0","10","1","1","N","0","0","39 59:45.257","","0","75 05:44.362","8","0","0","0","67301","1","0","0","N","1","0","0","2","67301","0","","1.0","","1","N","N","N","0","","0","0","0","0","0","","1000","2","1","1","0","0","1","0","2","0","1","1","0","0","3","03","","N","","","","","","","","","",""
"2021054295","0103","3","0","0","0","0","0","0","0","0","6","0","","67","6","2021","1","40.007267","-75.104969","0103","6","0","0","0","0","0","0","0","0","","0","0","0","0","3","1","N","0","0","40 00:26.160","","0","75 06:17.890","4","0","0","0","67301","0","0","0","N","0","0","0","1","67301","1","","6.0","","1","N","N","N","0","","0","0","1","0","0","","32","5","1","0","0","0","0","0","2","1","5","0","0","0","3","03","","N","","","","","","","","","",""
"2021080515","1952","1","0","0","0","0","0","0","0","0","1","0","","67","8","2021","2","39.994363","-75.084274","1937","6","0","0","0","0","0","0","0","0","","0","0","0","19","1","0","N","0","2","39 59:39.706","2","0","75 05:03.387","0","0","0","0","67301","0","0","0","N","0","0","0","2","68K01","0","","1.0","30.0","1","N","N","N","0","","0","0","1","0","0","N","1929","2","0","0","0","0","0","0","2","0","2","0","0","0","3","03","","N","","","","","","","","","",""
"2021051489","0252","0","0","0","0","0","0","0","0","0","5","0","","67","6","2021","5","40.032994","-75.059447","0246","6","0","0","0","0","0","0","0","0","","0","0","0","2","3","0","N","0","0","40 01:58.780","","0","75 03:34.010","0","0","0","0","67301","0","0","0","N","0","0","0","1","67301","0","","6.0","","1","N","N","N","0","","0","0","2","0","0","","228","3","0","0","0","0","0","0","2","1","3","0","0","0","3","03","","N","","","","","","","","","",""
"2021051488","2355","2","0","0","0","0","0","0","0","0","4","0","","67","6","2021","7","40.080337","-75.178032","2355","6","0","0","0","0","0","0","0","0","","0","0","0","23","3","0","","1","0","40 04:49.213","","0","75 10:40.915","0","0","0","0","67301","0","0","0","N","0","0","0","2","67301","0","","1.0","","99","N","N","N","0","","0","0","0","3","3","","2321","2","0","0","0","0","0","0","2","0","2","0","0","0","3","03","","N","","","","","","","","","",""
"2021051596","0200","3","0","0","0","0","0","0","0","0","4","0","","67","6","2021","7","39.946123","-75.157911","0159","6","0","0","0","0","0","0","0","0","","0","0","0","1","3","2","","1","2","39 56:46.042","3","0","75 09:28.479","3","0","0","0","67301","0","0","0","N","0","0","0","2","67301","0","","1.0","159.0","1","N","N","N","0","","2","0","2","3","2","Y","147","5","2","0","0","0","0","0","2","0","5","0","0","0","3","03","","N","","","","","","","","","",""
"2021046927","0750","2","0","0","0","0","0","0","0","0","5","0","","67","5","2021","4","40.020997","-75.081722","0742","6","0","0","0","0","0","0","0","0","","0","0","0","6","1","0","N","0","2","40 01:15.590","3","0","75 04:54.200","0","0","0","0","67301","0","0","0","N","0","0","0","1","67301","0","","6.0","910.0","1","N","N","N","0","","0","0","1","0","0","Y","649","3","0","0","0","0","0","0","2","0","3","0","0","0","3","03","","N","","","","","","","","","",""
"2021053647","1845","1","0","0","0","0","0","0","0","0","4","0","","67","5","2021","2","40.002896","-75.124355","1840","6","0","0","0","0","0","1","0","0","","0","0","0","18","1","1","N","0","0","40 00:10.426","","7","75 07:27.677","3","0","0","1","67301","0","0","0","N","0","0","0","2","67301","0","","1.0","","1","N","N","N","0","","1","0","0","3","2","","1830","2","1","1","0","0","0","0","2","0","2","0","0","0","3","03","","N","","","","","","","","","",""
"2021080155","1810","1","0","0","0","0","0","0","0","0","4","1","","67","8","2021","4","39.930508","-75.168288","1804","6","0","0","0","0","0","0","0","0","","0","1","0","11","1","0","","1","0","39 55:49.827","","0","75 10:05.835","9","0","0","0","67301","0","0","0","N","0","0","0","2","67301","0","","1.0","","1","N","N","N","0","","0","0","0","3","2","","1100","2","0","0","0","0","0","1","2","0","2","0","0","0","3","03","","N","","","","","","","","","",""
"2021073395","0107","1","0","0","0","0","0","0","0","0","8","0","","67","8","2021","7","40.023117","-75.158011","0107","6","0","0","0","0","0","0","0","0","","0","0","0","1","3","1","N","0","0","40 01:23.220","","0","75 09:28.840","3","0","0","0","67301","1","0","0","N","1","0","0","1","67301","0","","5.0","","1","N","N","N","0","","1","0","0","0","0","","104","2","1","0","0","0","0","0","2","0","1","1","0","0","3","03","","N","","","","","","","","","",""
"2021051742","0055","3","0","0","0","0","0","0","0","0","5","0","","67","6","2021","7","39.979301","-75.162653","0054","6","0","0","0","0","0","0","0","0","","0","0","0","0","3","1","","1","0","39 58:45.483","","0","75 09:45.551","4","0","0","0","67301","0","0","0","N","0","0","0","2","67301","1","","1.0","","1","N","N","Y","0","","0","0","1","3","2","","43","4","1","1","0","0","0","0","2","0","4","0","0","0","3","03","","N","","","","","","","","","",""
"2021074390","0901","0","0","0","0","0","0","0","0","0","7","0","","67","7","2021","7","39.887942","-75.217011","0901","6","0","0","0","0","0","0","0","0","","0","0","0","8","1","1","N","0","1","39 53:16.592","1","0","75 13:01.240","8","0","0","0","67301","0","0","0","N","0","0","0","1","68K01","0","","2.0","945.0","1","N","N","N","0","","0","0","1","0","0","N","845","1","1","1","0","0","1","0","2","0","1","0","0","0","3","","","N","","","","","","","","","",""
"2021054216","2016","1","0","0","0","0","0","0","0","0","1","0","","67","6","2021","1","39.964618","-75.224508","2015","6","0","0","0","0","0","0","0","0","","0","0","0","20","4","1","N","0","0","39 57:52.624","","0","75 13:28.228","3","0","0","0","67301","0","0","0","N","0","0","0","4","67301","0","","1.0","","1","N","N","N","0","","1","0","1","0","0","","2015","2","1","2","0","0","0","0","2","0","2","0","0","0","3","03","","N","","","","","","","","","",""
"2021051336","2355","0","0","0","0","0","0","0","0","0","8","0","","67","6","2021","5","40.042363","-75.056863","2350","6","0","0","0","0","0","0","0","0","","0","0","0","22","3","1","N","0","0","40 02:32.505","","0","75 03:24.706","2","0","0","0","67301","1","0","1","N","1","0","1","2","67301","0","","1.0","","9","N","N","N","0","","0","1","1","3","2","","2245","2","1","0","0","0","0","0","2","0","1","1","0","1","7","07","","N","","","","","","","","","",""
"2021053604","2121","0","0","0","0","0","0","0","0","0","8","0","","67","6","2021","1","40.022222","-75.093972","2108","6","0","0","0","0","0","0","0","0","","0","0","0","21","3","1","N","0","0","40 01:20.000","","0","75 05:38.300","3","0","0","0","67301","1","0","0","N","1","0","0","2","67301","0","","1.0","","1","N","N","N","0","","1","0","1","0","0","","2100","2","1","0","0","0","0","0","2","0","1","1","0","0","3","","","N","","","","","","","","","",""
"2021050565","0730","2","0","0","0","0","0","0","0","0","4","0","","67","6","2021","3","39.927808","-75.236981","0727","6","0","0","0","0","0","0","0","0","","0","0","0","7","1","1","","1","0","39 55:40.109","","0","75 14:13.130","3","0","0","0","67301","0","0","0","N","0","0","0","2","67301","0","","1.0","","1","N","N","N","0","","1","0","0","3","2","","725","2","1","0","0","0","0","0","2","0","2","0","0","0","3","03","","N","","","","","","","","","",""
"2021050572","1252","2","0","0","0","0","0","0","0","0","6","0","","67","6","2021","4","40.018331","-75.201867","1246","6","0","0","0","0","0","0","0","1","","0","0","0","12","1","1","N","0","2","40 01:05.990","5","0","75 12:06.720","8","0","0","0","67301","0","0","0","N","0","0","0","2","67301","0","","1.0","1407.0","1","N","N","N","0","","0","0","0","0","0","Y","1240","2","1","0","0","0","1","0","2","0","2","0","0","0","3","03","","N","","","","","","","","","",""
"2021033811","0807","0","0","0","0","0","0","0","0","0","4","0","","67","4","2021","2","39.943226","-75.237115","0807","6","0","0","0","0","0","1","0","0","","0","0","0","7","5","3","","1","0","39 56:35.613","","0","75 14:13.614","3","0","0","0","67301","0","0","0","N","0","0","0","4","67301","0","","1.0","","1","N","N","N","0","","3","0","2","3","3","","718","2","3","0","0","0","0","0","2","0","2","0","0","0","4","07","","N","","","","","","","","","",""
"2021064407","0001","1","0","0","0","0","0","0","0","0","1","0","","67","6","2021","2","40.014677","-75.178055","2356","6","0","0","0","0","0","0","0","0","","1","0","0","23","3","0","N","0","2","40 00:52.836","2","0","75 10:40.997","1","1","0","1","67301","0","0","0","N","0","0","0","2","67301","0","2","1.0","150.0","1","N","N","N","0","0","0","0","0","0","0","Y","2354","2","0","0","0","0","0","0","2","0","2","0","0","0","3","03","","N","","","","","","","","","",""
"2021033478","0535","1","0","0","0","0","0","0","0","0","5","0","35","67","4","2021","3","39.912222","-75.1705","0535","6","0","0","0","0","0","1","0","0","","0","0","0","5","3","0","","6","1","39 54:44.000","4","8","75 10:13.800","0","0","0","0","67301","0","0","0","N","0","0","0","2","67501","0","","7.0","550.0","9","N","N","N","1","","0","0","0","3","4","N","535","2","0","0","0","0","0","0","2","0","2","0","0","0","4","07","N","Y","3","1","","","N","Y","","","","N"
"2021065467","0242","0","0","0","0","0","0","0","0","0","7","0","","67","7","2021","3","39.901426","-75.152443","0242","6","0","0","0","0","0","0","0","0","","0","0","0","2","3","1","N","0","1","39 54:05.135","2","0","75 09:08.794","3","0","0","0","67301","0","0","0","N","0","0","0","1","68K01","0","","4.0","300.0","1","N","N","N","0","","1","0","1","0","0","N","233","1","1","0","0","0","0","0","2","0","1","0","0","0","3","","","N","","","","","","","","","",""
"2021052065","2221","1","0","0","0","0","0","0","0","0","2","0","","67","6","2021","1","40.033578","-75.182068","2221","6","0","0","0","0","0","0","0","0","","0","0","0","22","3","0","","2","1","40 02:00.881","5","0","75 10:55.445","0","0","0","0","67301","0","0","0","N","0","0","0","2","67301","0","","1.0","2245.0","1","N","N","N","0","","0","0","1","0","0","Y","2220","2","0","0","0","0","0","0","2","0","2","0","0","0","3","03","","N","","","","","","","","","",""
"2021051177","1608","0","0","0","0","0","0","0","0","0","8","0","","67","6","2021","5","39.954533","-75.23423","1607","6","0","0","0","0","0","0","0","0","","0","0","0","16","1","1","","1","0","39 57:16.318","","0","75 14:03.227","3","0","0","0","67301","1","0","0","N","1","0","0","2","67301","0","","1.0","","1","N","N","N","0","","1","0","1","3","2","","1606","2","1","0","0","0","0","0","2","0","1","1","0","0","3","","","N","","","","","","","","","",""
"2021049785","1602","1","0","0","0","0","0","0","0","0","1","0","","67","5","2021","2","39.909667","-75.153972","1602","6","0","0","0","0","0","0","0","0","","0","0","0","16","1","0","N","0","0","39 54:34.800","","5","75 09:14.300","0","0","0","0","67301","0","0","0","N","0","0","0","3","67501","0","","1.0","","1","N","N","N","0","","0","0","1","0","0","","1602","2","0","0","0","0","0","0","2","0","2","0","0","0","3","03","","N","","","","","","","","","",""
"2021049860","2155","2","0","0","0","0","0","0","0","0","1","0","","67","5","2021","1","39.955331","-75.231948","2154","6","0","0","0","0","0","0","0","0","","0","0","0","14","1","4","","1","0","39 57:19.191","","0","75 13:55.012","3","0","0","0","67301","0","0","0","N","0","0","0","4","67301","0","","1.0","","1","N","N","N","0","","4","0","1","3","1","","1454","3","4","0","0","0","0","0","2","0","3","0","0","0","4","04","","N","","","","","","","","","",""
"2021050312","1409","1","0","0","0","0","0","0","0","0","1","0","","67","5","2021","1","39.961944","-75.140129","1349","6","0","0","0","0","0","0","0","0","","0","0","0","13","1","0","N","0","1","39 57:42.999","2","2","75 08:24.466","0","0","0","0","67301","0","0","0","N","0","0","0","4","68K01","0","","1.0","1435.0","9","N","N","N","0","","0","0","0","0","0","N","1347","2","0","0","0","0","0","0","2","1","2","0","0","0","7","04","","N","","","","","","","","","",""
"2021049758","2030","2","0","0","0","0","0","0","0","0","4","0","","67","5","2021","1","40.007286","-75.135892","2018","6","0","0","0","0","0","0","0","0","","0","0","0","19","3","0","","1","1","40 00:26.228","3","0","75 08:09.211","0","0","0","0","67301","0","0","0","N","0","0","0","2","67301","0","","1.0","2050.0","9","N","N","N","0","","0","0","1","3","3","N","1957","4","0","0","0","0","0","0","2","1","4","0","0","0","7","07","","N","","","","","","","","","",""
"2021078488","2158","1","0","0","0","0","0","0","0","0","8","0","","67","8","2021","2","39.988495","-75.160727","2154","6","0","0","0","0","0","1","0","0","","0","0","0","21","3","1","","2","0","39 59:18.582","","0","75 09:38.617","3","0","0","0","67301","1","0","0","N","1","0","0","2","67301","0","","1.0","","1","N","N","N","0","","1","0","0","3","2","","2149","2","1","0","0","0","0","0","2","0","1","1","0","0","3","03","","N","","","","","","","","","",""
"2021051411","1025","0","0","0","0","0","0","0","0","0","1","0","","67","6","2021","6","40.080757","-75.028601","1015","6","0","0","0","0","0","0","0","0","","0","0","0","10","1","1","","1","0","40 04:50.725","","0","75 01:42.964","4","0","0","0","67301","0","0","0","N","0","0","0","2","67301","1","","1.0","","1","N","N","N","0","","0","0","2","3","2","","1000","2","1","0","0","0","0","0","2","0","2","0","0","0","3","03","","N","","","","","","","","","",""
"2021051327","2147","2","0","0","0","0","0","0","0","0","4","0","","67","6","2021","6","39.956629","-75.198022","2145","6","0","0","0","1","0","0","0","0","","0","0","0","21","3","0","","1","0","39 57:23.865","","0","75 11:52.879","9","0","0","0","67301","0","0","0","N","0","0","0","3","67504","0","","1.0","","1","N","N","N","0","","0","0","0","3","2","","2144","2","0","0","0","0","0","1","2","0","2","0","0","0","3","03","","N","","","","","","","","","",""
"2021053660","1631","0","0","0","0","0","0","0","0","0","1","0","","67","6","2021","5","40.002626","-75.124413","1630","6","0","0","0","0","0","2","0","0","","0","0","0","9","1","1","","1","0","40 00:09.455","","0","75 07:27.886","3","0","0","0","67301","0","0","0","N","0","0","0","3","67301","0","","9.0","","1","N","N","N","0","","1","0","3","3","2","","900","3","1","0","0","0","0","2","2","0","3","0","0","0","3","03","","N","","","","","","","","","",""
"2021064401","1625","1","0","0","1","0","0","0","0","0","8","0","","67","6","2021","1","40.029261","-75.163771","1606","6","0","0","0","0","0","0","0","0","","0","0","0","16","1","1","","1","0","40 01:45.341","","0","75 09:49.577","3","0","0","0","67301","1","0","0","N","0","0","0","2","67301","0","","1.0","","1","N","N","N","0","","1","0","0","3","2","","1600","2","1","0","0","0","0","0","2","0","1","1","0","0","3","03","","N","","","","","","","","","",""
"2021079882","1415","1","0","0","0","0","0","0","0","0","4","0","","67","8","2021","4","39.998195","-75.187621","1352","6","0","0","0","0","0","2","0","0","","0","0","0","13","1","0","","2","2","39 59:53.503","1","0","75 11:15.437","0","0","0","0","67301","0","0","0","N","0","0","0","6","67301","0","","1.0","1435.0","1","N","N","N","1","","0","0","1","3","2","N","1320","3","0","0","0","0","0","0","2","0","3","0","0","0","3","03","","N","","","","","","","","","",""