"CRN","ARRIVAL_TM","AUTOMOBILE_COUNT","BELTED_DEATH_COUNT","BELTED_SUSP_SERIOUS_INJ_COUNT","BICYCLE_COUNT","BICYCLE_DEATH_COUNT","BICYCLE_SUSP_SERIOUS_INJ_COUNT","BUS_COUNT","CHLDPAS_DEATH_COUNT","CHLDPAS_SUSP_SERIOUS_INJ_COUNT","COLLISION_TYPE","COMM_VEH_COUNT","CONS_ZONE_SPD_LIM","COUNTY","CRASH_MONTH","CRASH_YEAR","DAY_OF_WEEK","DEC_LATITUDE","DEC_LONGITUDE","DISPATCH_TM","DISTRICT","DRIVER_COUNT_16YR","DRIVER_COUNT_17YR","DRIVER_COUNT_18YR","DRIVER_COUNT_19YR","DRIVER_COUNT_20YR","DRIVER_COUNT_50_64YR","DRIVER_COUNT_65_74YR","DRIVER_COUNT_75PLUS","EST_HRS_CLOSED","FATAL_COUNT","HEAVY_TRUCK_COUNT","HORSE_BUGGY_COUNT","HOUR_OF_DAY","ILLUMINATION","INJURY_COUNT","INTERSECTION_RELATED","INTERSECT_TYPE","LANE_CLOSED","LATITUDE","LN_CLOSE_DIR","LOCATION_TYPE","LONGITUDE","MAX_SEVERITY_LEVEL","MCYCLE_DEATH_COUNT","MCYCLE_SUSP_SERIOUS_INJ_COUNT","MOTORCYCLE_COUNT","MUNICIPALITY","NONMOTR_COUNT","NONMOTR_DEATH_COUNT","NONMOTR_SUSP_SERIOUS_INJ_COUNT","NTFY_HIWY_MAINT","PED_COUNT","PED_DEATH_COUNT","PED_SUSP_SERIOUS_INJ_COUNT","PERSON_COUNT","POLICE_AGCY","POSSIBLE_INJ_COUNT","RDWY_SURF_TYPE_CD","RELATION_TO_ROAD","ROADWAY_CLEARED","ROAD_CONDITION","SCH_BUS_IND","SCH_ZONE_IND","SECONDARY_CRASH","SMALL_TRUCK_COUNT","SPEC_JURIS_CD","SUSP_MINOR_INJ_COUNT","SUSP_SERIOUS_INJ_COUNT","SUV_COUNT","TCD_FUNC_CD","TCD_TYPE","TFC_DETOUR_IND","TIME_OF_DAY","TOTAL_UNITS","TOT_INJ_COUNT","UNBELTED_OCC_COUNT","UNB_DEATH_COUNT","UNB_SUSP_SERIOUS_INJ_COUNT","UNK_INJ_DEG_COUNT","UNK_INJ_PER_COUNT","URBAN_RURAL","VAN_COUNT","VEHICLE_COUNT","VULNERABLE_ROAD_USER_COUNT","VULNERABLE_ROAD_USER_DEATH_COUNT","VULNERABLE_ROAD_USER_SER_INJ_COUNT","WEATHER1","WEATHER2","WORKERS_PRES","WORK_ZONE_IND","WORK_ZONE_LOC","WORK_ZONE_TYPE","WZ_CLOSE_DETOUR","WZ_FLAGGER","WZ_LAW_OFFCR_IND","WZ_LN_CLOSURE","WZ_MOVING","WZ_OTHER","WZ_SHLDER_MDN","WZ_WORKERS_INJ_KILLED"
"2021051865","1035","0","0","0","0","0","0","0","0","0","4","0","","67","6","2021","3","40.028315","-75.120036","1035","6","0","0","0","0","0","0","0","0","","0","0","0","10","1","1","","1","1","40 01:41.935","1","0","75 07:12.129","8","0","0","1","67301","0","0","0","N","0","0","0","2","67301","0","","1.0","1132.0","1","N","N","N","1","","0","0","0","3","2","N","1032","2","1","0","0","0","1","0","2","0","2","0","0","0","3","","","N","","","","","","","","","",""
"2021053583","2209","1","0","0","0","0","0","0","0","0","4","0","","67","6","2021","6","39.914184","-75.241727","2214","6","0","0","0","0","0","1","0","0","","0","0","0","18","1","1","","1","0","39 54:51.063","","0","75 14:30.218","2","0","0","0","67301","0","0","0","N","0","0","0","3","67301","0","","1.0","","9","N","N","N","0","","0","1","1","3","2","","1812","2","1","0","0","0","0","0","2","0","2","0","0","0","7","07","","N","","","","","","","","","",""
"2021051650","0805","0","0","0","0","0","0","0","0","0","7","0","","67","6","2021","7","39.995649","-75.143165","0757","6","0","0","0","0","0","1","0","0","","0","0","0","6","1","0","","1","0","39 59:44.336","","0","75 08:35.393","9","0","0","0","67301","0","0","0","N","0","0","0","1","67301","0","","5.0","","1","N","N","N","1","","0","0","0","0","0","","651","1","0","0","0","0","0","1","2","0","1","0","0","0","3","03","","N","","","","","","","","","",""
"2021080705","2059","2","0","0","0","0","0","0","0","0","4","0","","67","8","2021","5","39.995888","-75.182099","2050","6","0","0","0","0","0","0","0","0","","0","0","0","20","3","0","","1","0","39 59:45.196","","0","75 10:55.556","9","0","0","0","67301","0","0","0","N","0","0","0","2","67301","0","","1.0","","1","N","N","N","0","","0","0","0","3","3","","2023","2","0","0","0","0","0","1","2","0","2","0","0","0","3","03","","N","","","","","","","","","",""
"2021075146","0853","0","0","0","0","0","0","0","0","0","5","0","","67","8","2021","6","39.898938","-75.178552","0815","6","0","0","0","0","0","0","0","0","","0","0","0","8","1","1","N","0","0","39 53:56.178","","0","75 10:42.788","4","0","0","0","67301","0","0","0","N","0","0","0","2","68K01","1","","1.0","","1","N","N","N","0","","0","0","1","0","0","","813","2","1","0","0","0","0","1","2","0","2","0","0","0","3","","","N","","","","","","","","","",""
"2021070420","1629","1","0","0","0","0","0","0","0","0","5","0","","67","6","2021","3","40.014711","-75.077506","1629","6","0","0","0","0","0","1","0","0","","0","0","0","16","1","0","N","0","0","40 00:52.960","","0","75 04:39.020","0","0","0","0","67301","0","0","0","N","0","0","0","1","67301","0","","6.0","","1","N","N","N","1","","0","0","0","0","0","","1629","2","0","0","0","0","0","0","2","0","2","0","0","0","3","03","","N","","","","","","","","","",""
"2021053648","1157","1","0","0","0","0","0","0","0","0","8","0","","67","6","2021","3","39.993685","-75.152589","1156","6","0","0","0","0","0","0","0","0","","0","0","0","11","1","1","N","0","0","39 59:37.267","","0","75 09:09.322","4","0","0","0","67301","1","0","0","N","1","0","0","2","67301","1","","1.0","","1","N","N","N","0","","0","0","0","0","0","","1155","2","1","0","0","0","0","0","2","0","1","1","0","0","3","03","","N","","","","","","","","","",""
"2021079612","1905","1","0","0","0","0","0","0","0","0","1","0","","67","8","2021","3","40.053348","-75.236166","1900","6","0","0","0","0","0","0","0","0","","0","0","0","15","1","1","N","0","0","40 03:12.054","","0","75 14:10.198","8","0","0","0","67301","0","0","0","N","0","0","0","2","67301","0","","1.0","","1","N","N","N","0","","0","0","1","0","0","","1500","2","1","0","0","0","1","1","2","0","2","0","0","0","3","03","","N","","","","","","","","","",""
"2021049764","1930","1","0","0","0","0","0","0","0","0","1","0","","67","5","2021","1","40.018207","-75.169989","1917","6","0","0","0","0","0","0","0","0","","0","0","0","18","1","1","N","0","0","40 01:05.546","","0","75 10:11.960","3","0","0","0","67301","0","0","0","N","0","0","0","3","67301","0","","1.0","","1","N","N","N","0","","1","0","2","0","0","","1800","3","1","0","0","0","0","0","2","0","3","0","0","0","4","07","","N","","","","","","","","","",""
"2021057165","1217","1","0","0","0","0","0","0","0","0","4","0","","67","6","2021","1","40.048777","-75.114545","1217","6","0","0","0","0","0","1","0","0","","0","0","0","13","1","1","","2","0","40 02:55.597","","0","75 06:52.362","8","0","0","0","67301","0","0","0","N","0","0","0","2","67301","0","","1.0","","1","N","N","N","0","","0","0","1","3","3","","1330","2","1","0","0","0","1","1","2","0","2","0","0","0","3","03","","N","","","","","","","","","",""
"2021051490","0512","1","0","0","0","0","0","0","0","0","7","0","","67","6","2021","7","40.003329","-75.166336","0512","6","0","0","0","0","0","0","0","0","","0","0","0","5","1","0","N","0","0","40 00:11.986","","0","75 09:58.809","0","0","0","0","67301","0","0","0","N","0","0","0","2","67301","0","","4.0","","1","N","N","N","0","","0","0","0","3","2","","508","1","0","0","0","0","0","0","2","0","1","0","0","0","3","03","","N","","","","","","","","","",""
"2021053661","0820","1","0","0","1","0","0","0","0","0","8","0","","67","6","2021","2","39.975432","-75.132594","0815","6","0","0","0","0","0","0","0","0","","0","0","0","6","1","1","","1","0","39 58:31.554","","0","75 07:57.337","3","0","0","0","67301","1","0","0","N","0","0","0","2","67301","0","","1.0","","1","N","N","N","0","","1","0","0","3","2","","630","2","1","1","0","0","0","0","2","0","1","1","0","0","3","03","","N","","","","","","","","","",""
"2021080521","1315","0","0","0","0","0","0","0","0","0","1","1","","67","8","2021","3","39.977143","-75.113247","1251","6","0","0","0","0","0","1","0","0","","0","0","0","12","1","0","N","0","0","39 58:37.716","","0","75 06:47.689","0","0","0","0","67301","0","0","0","N","0","0","0","2","68K01","0","","1.0","","9","N","N","N","0","","0","0","1","0","0","","1249","2","0","0","0","0","0","0","2","1","2","0","0","0","7","07","","N","","","","","","","","","",""
"2021064252","0717","0","0","0","0","0","0","0","0","0","8","0","","67","7","2021","7","40.044558","-75.163337","0717","6","0","0","0","0","0","0","0","0","","0","0","0","7","1","1","","2","0","40 02:40.409","","0","75 09:48.012","3","0","0","0","67301","1","0","0","N","1","0","0","1","67301","0","","1.0","","1","N","N","N","0","","1","0","1","0","0","","715","2","1","0","0","0","0","0","2","0","1","1","0","0","3","","","N","","","","","","","","","",""
"2021064394","2127","2","0","0","0","0","0","0","0","0","1","0","","67","7","2021","1","40.054664","-75.149892","2127","6","0","0","0","0","0","1","0","0","","0","0","0","20","3","1","N","0","9","40 03:16.790","","0","75 08:59.610","8","0","0","0","67301","0","0","0","N","0","0","0","3","67301","0","","1.0","","99","N","N","N","0","","0","0","0","0","0","U","2040","2","1","0","0","0","1","1","2","0","2","0","0","0","3","","","N","","","","","","","","","",""
"2021035594","1538","0","0","0","0","0","0","0","0","0","4","0","","67","4","2021","2","39.98804","-75.105911","1536","6","0","0","0","0","0","0","1","0","","0","0","0","15","1","1","","1","0","39 59:16.945","","0","75 06:21.281","3","0","0","0","67301","0","0","0","N","0","0","0","3","67301","0","","1.0","","1","N","N","N","0","","1","0","2","3","2","","1518","2","1","1","0","0","0","0","2","0","2","0","0","0","4","03","","N","","","","","","","","","",""
"2021063327","1813","1","0","0","0","0","0","0","0","0","1","0","","67","7","2021","4","39.957081","-75.145464","1805","6","0","0","0","0","0","0","0","0","","0","0","0","18","1","1","N","0","1","39 57:25.491","3","0","75 08:43.670","3","0","0","0","67301","0","0","0","N","0","0","0","3","68K01","0","","1.0","1820.0","1","N","N","N","0","","1","0","1","0","0","N","1803","2","1","0","0","0","0","1","2","0","2","0","0","0","3","","","N","","","","","","","","","",""
"2021064281","0153","2","0","0","0","0","0","0","0","0","4","0","","67","6","2021","2","39.985686","-75.213269","0153","6","0","0","0","1","0","0","0","0","","0","1","0","1","3","1","N","0","0","39 59:08.470","","0","75 12:47.770","3","0","0","0","67301","0","0","0","N","0","0","0","4","67301","0","","1.0","","1","N","N","N","0","","1","0","0","0","0","","153","3","1","0","0","0","0","0","2","0","3","0","0","0","3","","","N","","","","","","","","","",""
"2021036569","1748","0","0","0","0","0","0","0","0","0","1","0","","67","4","2021","5","40.041919","-75.074975","1747","6","0","0","0","0","0","1","0","0","","0","0","0","17","1","1","","5","1","40 02:30.909","1","0","75 04:29.910","3","0","0","0","67301","0","0","0","N","0","0","0","2","67301","0","","1.0","1754.0","1","N","N","N","0","","1","0","1","3","2","N","1730","2","1","0","0","0","0","0","2","1","2","0","0","0","4","04","","N","","","","","","","","","",""
"2021062721","1704","1","0","0","0","0","0","0","0","0","1","0","","67","6","2021","4","39.942766","-75.193313","1629","6","0","0","0","0","0","1","0","0","","0","0","0","16","1","2","N","0","0","39 56:33.956","","0","75 11:35.927","3","0","0","0","67301","0","0","0","N","0","0","0","4","68K01","1","","1.0","","1","N","N","N","1","","1","0","2","0","0","","1627","4","2","0","0","0","0","0","2","0","4","0","0","0","3","","","N","","","","","","","","","",""
"2021062330","1629","2","0","0","0","0","0","0","0","0","1","1","","67","7","2021","7","39.959902","-75.178022","1603","6","0","0","0","0","0","0","0","0","","0","1","0","16","1","2","N","0","1","39 57:35.647","4","3","75 10:40.880","3","0","0","0","67301","0","0","0","N","0","0","0","4","68K01","0","","1.0","1629.0","9","N","N","N","0","","2","0","1","0","0","N","1600","4","2","0","0","0","0","0","2","0","4","0","0","0","4","04","","N","","","","","","","","","",""
"2021064240","1804","1","0","0","0","0","0","0","0","0","2","0","","67","6","2021","1","40.044178","-75.162719","1804","6","0","0","0","0","0","0","0","0","","0","0","0","18","1","1","","1","0","40 02:39.040","","0","75 09:45.790","3","0","0","0","67301","0","0","0","N","0","0","0","3","67301","0","","1.0","","1","N","N","N","0","","1","0","0","3","2","","1800","2","1","0","0","0","0","1","2","0","2","0","0","0","3","03","","N","","","","","","","","","",""
"2021037474","1807","1","0","0","0","0","0","0","0","0","5","0","","67","4","2021","6","40.039208","-75.059552","1730","6","0","0","0","0","0","0","0","0","","0","0","0","16","3","1","N","0","0","40 02:21.150","","0","75 03:34.386","3","0","0","0","67301","0","0","0","N","0","0","0","2","67301","0","","1.0","","1","N","N","N","0","","1","0","1","0","0","","1600","2","1","0","0","0","0","0","2","0","2","0","0","0","3","03","","N","","","","","","","","","",""
"2021035219","1435","1","0","0","0","0","0","0","0","0","1","0","","67","4","2021","2","39.982778","-75.154778","1430","6","0","0","0","0","0","0","0","0","","0","0","0","14","1","2","N","0","0","39 58:58.000","","0","75 09:17.200","8","0","0","0","67301","0","0","0","N","0","0","0","2","67505","0","","1.0","","1","N","N","N","0","","0","0","1","0","0","","1430","2","2","1","0","0","2","0","2","0","2","0","0","0","3","03","","N","","","","","","","","","",""
"2021035664","0737","1","0","0","0","0","0","0","0","0","7","0","","67","4","2021","5","40.048724","-74.999445","0726","6","0","0","0","0","0","0","0","0","","0","0","0","7","1","1","N","0","1","40 02:55.406","2","2","74 59:58.001","8","0","0","0","67301","0","0","0","N","0","0","0","1","68K01","0","","4.0","740.0","1","N","N","N","0","","0","0","0","0","0","N","725","1","1","0","0","0","1","0","2","0","1","0","0","0","4","04","","N","","","","","","","","","",""
"2021064045","0813","1","0","0","0","0","0","0","0","0","4","0","","67","7","2021","7","39.959463","-75.175536","0809","6","0","0","0","0","0","0","0","0","","0","0","0","8","1","0","N","0","2","39 57:34.065","3","0","75 10:31.930","9","0","0","0","67301","0","0","0","N","0","0","0","2","68K01","0","","1.0","815.0","1","N","N","N","0","","0","0","0","0","0","N","805","2","0","0","0","0","0","1","2","0","2","0","0","0","3","","","N","","","","","","","","","",""
"2021051903","1021","1","0","0","0","0","0","1","0","0","1","1","","67","5","2021","6","40.003185","-75.152576","1016","6","0","0","0","0","0","0","1","0","","0","0","0","10","1","4","","5","0","40 00:11.467","","0","75 09:09.273","4","0","0","0","67301","0","0","0","N","0","0","0","5","67508","4","","1.0","","1","N","N","Y","0","","0","0","0","0","0","","1016","2","4","0","0","0","0","0","2","0","2","0","0","0","3","03","","N","","","","","","","","","",""
"2021042211","2325","1","0","0","0","0","0","0","0","0","5","0","45","67","4","2021","2","39.947919","-75.186573","2325","6","0","0","0","0","0","0","0","0","","0","0","0","23","3","0","","6","1","39 56:52.509","4","2","75 11:11.661","0","0","0","0","67301","0","0","0","N","0","0","0","3","68K01","0","","7.0","15.0","1","N","N","N","0","","0","0","1","0","0","Y","2325","2","0","0","0","0","0","0","2","0","2","0","0","0","3","03","N","Y","3","2","","","Y","Y","","","","N"
"2021062321","1527","1","0","0","0","0","0","0","0","0","4","0","","67","7","2021","5","39.969645","-75.1259","1510","6","0","0","0","0","0","0","0","1","","0","0","0","15","1","2","N","0","1","39 58:10.722","1","0","75 07:33.239","3","0","0","0","67301","0","0","0","N","0","0","0","2","68K01","0","","4.0","1545.0","1","N","N","N","0","","1","0","1","0","0","N","1506","2","2","0","0","0","1","0","2","0","2","0","0","0","3","","","N","","","","","","","","","",""
"2021035733","1608","2","0","0","0","0","0","0","0","0","4","0","","67","4","2021","3","40.035213","-75.145462","1605","6","0","0","0","0","0","0","0","0","","0","0","0","16","1","1","","1","2","40 02:06.768","6","0","75 08:43.662","3","0","0","0","67301","0","0","0","N","0","0","0","3","67301","0","","1.0","1730.0","1","N","N","N","0","","1","0","1","3","2","Y","1604","3","1","0","0","0","0","0","2","0","3","0","0","0","3","03","","N","","","","","","","","","",""
"2021035575","1850","2","0","0","0","0","0","0","0","0","4","0","","67","4","2021","3","39.955058","-75.229782","1850","6","0","0","0","0","0","0","0","0","","0","0","0","18","1","2","","1","1","39 57:18.208","5","0","75 13:47.215","3","0","0","0","67301","0","0","0","N","0","0","0","2","67301","0","","1.0","2000.0","1","N","N","N","0","","1","0","0","3","2","N","1848","2","2","2","0","0","1","0","2","0","2","0","0","0","3","03","","N","","","","","","","","","",""
"2021036229","0409","1","0","0","0","0","0","0","0","0","7","0","","67","4","2021","4","40.041351","-75.191716","0404","6","0","0","0","0","1","0","0","0","","0","0","0","4","3","2","","3","0","40 02:28.863","","0","75 11:30.177","2","0","0","0","67301","0","0","0","N","0","0","0","3","67301","0","","4.0","","1","N","N","N","0","","1","1","0","0","0","","403","1","2","0","0","0","0","0","2","0","1","0","0","0","3","03","","N","","","","","","","","","",""
"2021062017","1045","0","0","0","0","0","0","0","0","0","0","1","","67","7","2021","2","39.908583","-75.15125","1043","6","0","0","0","0","0","0","0","0","","0","1","0","10","1","0","","2","2","39 54:30.900","4","2","75 09:04.500","0","0","0","0","67301","0","0","0","N","0","0","0","1","67501","0","","1.0","1350.0","1","N","N","N","0","","0","0","0","0","0","Y","1043","1","0","0","0","0","0","0","2","0","1","0","0","0","3","","","N","","","","","","","","","",""
"2021033809","1801","2","0","0","0","0","0","0","0","0","4","0","","67","4","2021","2","40.045593","-75.071436","1756","6","0","0","1","0","0","0","0","0","","0","0","0","17","1","2","","1","0","40 02:44.136","","0","75 04:17.168","8","0","0","0","67301","0","0","0","N","0","0","0","2","67301","0","","1.0","","1","N","N","Y","0","","0","0","1","3","2","","1750","3","2","0","0","0","2","0","2","0","3","0","0","0","3","03","","N","","","","","","","","","",""
"2021038472","2213","2","0","0","0","0","0","0","0","0","4","0","","67","4","2021","5","39.950691","-75.241094","2212","6","0","0","0","0","0","1","0","0","","0","0","0","22","3","1","","1","0","39 57:02.487","","0","75 14:27.938","3","0","0","0","67301","0","0","0","N","0","0","0","2","67301","0","","1.0","","1","N","N","N","0","","1","0","0","2","2","","2210","2","1","0","0","0","0","0","2","0","2","0","0","0","3","03","","N","","","","","","","","","",""
"2021064357","2114","0","0","0","0","0","0","0","0","0","1","0","","67","6","2021","3","39.987186","-75.145589","2111","6","0","0","0","0","0","0","0","0","","0","0","0","21","3","1","N","0","2","39 59:13.870","5","0","75 08:44.120","3","0","0","0","67301","0","0","0","N","0","0","0","1","67301","0","","1.0","2300.0","1","N","N","N","0","","1","0","2","0","0","Y","2103","2","1","0","0","0","0","0","2","0","2","0","0","0","3","03","","N","","","","","","","","","",""
"2021040131","2235","1","0","0","0","0","0","0","0","0","4","0","","67","4","2021","5","40.022332","-75.130669","2235","6","0","0","0","0","0","1","0","0","","0","0","0","22","3","1","","1","0","40 01:20.395","","0","75 07:50.408","4","0","0","1","67301","0","0","0","N","0","0","0","2","67508","1","","1.0","","1","N","N","Y","0","","0","0","0","3","3","","2235","2","1","0","0","0","0","0","2","0","2","0","0","0","3","03","","N","","","","","","","","","",""
"2021036903","1338","2","0","0","0","0","0","0","0","0","1","0","","67","4","2021","5","40.010821","-75.126649","1334","6","0","0","0","0","1","0","0","0","","0","0","0","13","1","1","","1","1","40 00:38.955","4","0","75 07:35.936","3","0","0","0","67301","0","0","0","N","0","0","0","3","67301","0","","1.0","1450.0","1","N","N","N","0","","1","0","0","3","2","N","1319","3","1","0","0","0","0","0","2","1","3","0","0","0","3","03","","N","","","","","","","","","",""
"2021035622","2051","2","0","0","0","0","0","0","0","0","2","0","","67","4","2021","5","40.015238","-75.1699","2051","6","0","0","0","0","0","0","0","0","","0","0","0","20","3","1","","1","1","40 00:54.856","2","0","75 10:11.639","4","0","0","0","67301","0","0","0","N","0","0","0","3","67301","1","","1.0","2120.0","1","N","N","N","0","","0","0","0","3","2","Y","2051","2","1","1","0","0","0","0","2","0","2","0","0","0","3","","","N","","","","","","","","","",""
"2021062510","1152","1","0","0","0","0","0","0","0","0","1","0","","67","7","2021","7","39.95949","-75.174749","1146","6","0","0","0","0","1","0","1","0","","0","0","0","11","1","0","N","0","1","39 57:34.164","4","0","75 10:29.098","0","0","0","0","67301","0","0","0","N","0","0","0","2","68K01","0","","1.0","1223.0","1","N","N","N","0","","0","0","1","0","0","N","1145","2","0","0","0","0","0","0","2","0","2","0","0","0","3","","","N","","","","","","","","","",""
"2021036339","2120","2","0","0","0","0","0","0","0","0","1","0","","67","4","2021","4","40.008164","-75.191374","2115","6","0","0","0","0","0","0","0","0","","0","0","0","21","3","2","N","0","1","40 00:29.390","2","3","75 11:28.947","8","0","0","0","67301","0","0","0","N","0","0","0","3","67301","0","","1.0","2135.0","1","N","N","N","0","","0","0","1","0","0","Y","2100","3","2","0","0","0","2","0","2","0","3","0","0","0","3","03","","N","","","","","","","","","",""
"2021037252","1915","1","0","0","0","0","0","0","0","0","1","0","","67","4","2021","3","39.947919","-75.186573","1852","6","0","0","0","0","0","1","0","0","","0","0","0","18","4","2","","6","0","39 56:52.509","","2","75 11:11.661","8","0","0","0","67301","0","0","0","N","0","0","0","3","68K01","0","","7.0","","1","N","N","N","0","","0","0","1","3","4","","1850","2","2","0","0","0","2","0","2","0","2","0","0","0","3","03","","N","","","","","","","","","",""
"2021036671","1558","2","0","0","0","0","0","0","0","0","4","0","","67","4","2021","5","40.010723","-75.162622","1552","6","0","0","0","0","0","0","0","1","","0","0","0","15","1","2","","1","0","40 00:38.603","","0","75 09:45.439","3","0","0","0","67301","0","0","0","N","0","0","0","3","67301","0","","1.0","","1","N","N","N","0","","2","0","0","3","3","","1512","2","2","0","0","0","0","0","2","0","2","0","0","0","3","03","","N","","","","","","","","","",""
"2021062335","2029","1","0","0","0","0","0","0","0","0","7","0","","67","7","2021","7","39.904319","-75.150117","2024","6","0","0","0","0","0","1","0","0","","0","0","0","20","1","0","N","0","0","39 54:15.550","","0","75 09:00.420","0","0","0","0","67301","0","0","0","N","0","0","0","1","68K01","0","","4.0","","9","N","N","N","0","","0","0","0","0","0","","2022","1","0","0","0","0","0","0","2","0","1","0","0","0","7","","","N","","","","","","","","","",""
"2021043157","0606","2","0","0","0","0","0","0","0","0","4","0","","67","4","2021","4","40.008796","-75.147623","0602","6","0","0","0","0","0","1","0","0","","0","0","0","6","1","4","","1","2","40 00:31.666","7","0","75 08:51.441","3","0","0","0","67301","0","0","0","N","0","0","0","4","67301","0","","1.0","605.0","1","N","N","N","0","","1","0","0","3","2","Y","600","2","4","2","0","0","3","0","2","0","2","0","0","0","3","03","","N","","","","","","","","","",""
"2021039739","1115","0","0","0","0","0","0","0","0","0","0","0","","67","4","2021","6","39.948952","-75.227169","1101","6","0","0","0","0","0","1","0","0","","0","0","0","10","1","1","","1","0","39 56:56.228","","0","75 13:37.808","3","0","0","1","67301","0","0","0","N","0","0","0","1","67301","0","","1.0","","1","N","N","N","0","","1","0","0","3","2","","1000","2","1","0","0","0","0","0","2","0","1","0","0","0","3","","","N","","","","","","","","","",""
"2021035499","0100","2","0","0","0","0","0","0","0","0","4","0","","67","4","2021","7","40.029391","-75.106274","0058","6","0","0","0","0","0","0","0","0","","0","0","0","0","3","2","N","0","1","40 01:45.807","4","7","75 06:22.587","3","0","0","0","67301","0","0","0","N","0","0","0","2","67301","0","","1.0","125.0","1","N","N","N","0","","2","0","0","0","0","N","55","2","2","0","0","0","0","0","2","0","2","0","0","0","3","03","","N","","","","","","","","","",""
"2021035985","0000","3","0","0","0","0","0","0","0","0","5","0","","67","4","2021","3","40.028469","-75.182269","2353","6","0","0","0","0","0","0","0","0","","0","0","0","21","3","0","N","0","0","40 01:42.490","","0","75 10:56.170","0","0","0","0","67301","0","0","0","N","0","0","0","1","67301","0","","1.0","","1","N","N","N","0","","0","0","0","0","0","","2148","3","0","0","0","0","0","0","2","0","3","0","0","0","3","03","","N","","","","","","","","","",""
"2021061242","1027","0","0","0","0","0","0","1","0","0","8","1","","67","6","2021","5","39.959325","-75.167418","1020","6","0","0","0","0","0","0","0","0","","0","0","0","10","1","1","","2","0","39 57:33.569","","0","75 10:02.704","4","0","0","0","67301","1","0","0","N","1","0","0","2","67508","1","","1.0","","1","N","N","Y","0","","0","0","0","3","3","","1020","2","1","0","0","0","0","0","2","0","1","1","0","0","3","03","","N","","","","","","","","","",""
"2021062331","1631","1","0","0","0","0","0","0","0","0","1","0","","67","7","2021","7","39.957412","-75.158392","1624","6","0","0","0","0","0","0","0","0","","0","0","0","16","1","0","N","0","2","39 57:26.682","4","0","75 09:30.212","0","0","0","0","67301","0","0","0","N","0","0","0","8","68K01","0","","3.0","1730.0","9","N","N","N","0","","0","0","2","0","0","N","1611","3","0","0","0","0","0","0","2","0","3","0","0","0","7","","","N","","","","","","","","","",""
"2021033841","2216","0","0","0","0","0","0","0","0","0","4","0","","67","4","2021","3","40.045674","-75.031529","2212","6","0","0","0","1","0","1","0","0","","0","0","0","22","3","1","","1","0","40 02:44.428","","0","75 01:53.506","3","0","0","0","67301","0","0","0","N","0","0","0","2","67301","0","","1.0","","1","N","N","N","0","","1","0","2","3","2","","2206","2","1","0","0","0","0","0","2","0","2","0","0","0","3","03","","N","","","","","","","","","",""
"2021037600","0150","1","0","0","0","0","0","0","0","0","4","0","","67","4","2021","7","40.035164","-75.184808","0150","6","0","0","0","0","0","0","0","0","","0","0","0","22","6","1","N","0","0","40 02:06.590","","7","75 11:05.307","3","0","0","0","67301","0","0","0","N","0","0","0","2","67301","0","","1.0","","1","N","N","N","0","","1","0","1","0","0","","2215","2","1","1","0","0","0","0","2","0","2","0","0","0","3","03","","N","","","","","","","","","",""
"2021033998","2032","1","0","0","0","0","0","0","0","0","4","0","","67","4","2021","3","39.988657","-75.187059","2030","6","0","0","0","0","0","0","0","0","","0","0","0","19","3","1","","1","0","39 59:19.164","","0","75 11:13.413","4","0","0","0","67301","0","0","0","N","0","0","0","2","67301","1","","1.0","","1","N","N","N","0","","0","0","1","3","2","","1938","2","1","0","0","0","0","1","2","0","2","0","0","0","3","","","N","","","","","","","","","",""
"2021035537","1113","1","0","0","0","0","0","0","0","0","4","0","","67","4","2021","5","39.936711","-75.227179","1111","6","0","0","0","0","0","0","1","0","","0","0","0","11","1","1","","1","0","39 56:12.159","","0","75 13:37.844","3","0","0","0","67301","1","0","0","N","1","0","0","3","67301","0","","1.0","","1","N","N","N","0","","1","0","1","3","2","","1100","3","1","1","0","0","0","0","2","0","2","1","0","0","4","04","","N","","","","","","","","","",""
"2021035588","0800","1","0","0","0","0","0","0","0","0","4","0","","67","4","2021","6","39.979368","-75.174388","0800","6","0","0","0","0","0","0","0","0","","0","0","0","7","1","0","","1","0","39 58:45.724","","0","75 10:27.796","0","0","0","0","67301","0","0","0","N","0","0","0","2","67301","0","","1.0","","1","N","N","N","0","","0","0","1","3","2","","730","2","0","0","0","0","0","0","2","0","2","0","0","0","3","98","","N","","","","","","","","","",""
"2021036218","1923","0","0","0","1","0","0","0","0","0","8","1","","67","4","2021","4","39.947868","-75.198102","1910","6","0","0","0","0","0","0","0","0","","0","1","0","19","1","1","N","0","0","39 56:52.325","","0","75 11:53.168","3","0","0","0","67301","1","0","0","N","0","0","0","2","67504","0","","1.0","","1","N","N","N","0","","1","0","0","0","0","","1900","2","1","0","0","0","0","0","2","0","1","1","0","0","3","","","N","","","","","","","","","",""
"2021070330","0536","1","0","0","0","0","0","0","0","0","5","0","","67","7","2021","1","39.913494","-75.176056","0534","6","0","0","0","0","0","0","0","0","","0","0","0","4","3","0","N","0","0","39 54:48.580","","0","75 10:33.800","0","0","0","0","67301","0","0","0","N","0","0","0","1","67301","0","","6.0","","9","N","N","N","0","","0","0","3","0","0","","430","4","0","0","0","0","0","0","2","0","4","0","0","0","3","03","","N","","","","","","","","","",""