"CRN","ARRIVAL_TM","AUTOMOBILE_COUNT","BELTED_DEATH_COUNT","BELTED_SUSP_SERIOUS_INJ_COUNT","BICYCLE_COUNT","BICYCLE_DEATH_COUNT","BICYCLE_SUSP_SERIOUS_INJ_COUNT","BUS_COUNT","CHLDPAS_DEATH_COUNT","CHLDPAS_SUSP_SERIOUS_INJ_COUNT","COLLISION_TYPE","COMM_VEH_COUNT","CONS_ZONE_SPD_LIM","COUNTY","CRASH_MONTH","CRASH_YEAR","DAY_OF_WEEK","DEC_LATITUDE","DEC_LONGITUDE","DISPATCH_TM","DISTRICT","DRIVER_COUNT_16YR","DRIVER_COUNT_17YR","DRIVER_COUNT_18YR","DRIVER_COUNT_19YR","DRIVER_COUNT_20YR","DRIVER_COUNT_50_64YR","DRIVER_COUNT_65_74YR","DRIVER_COUNT_75PLUS","EST_HRS_CLOSED","FATAL_COUNT","HEAVY_TRUCK_COUNT","HORSE_BUGGY_COUNT","HOUR_OF_DAY","ILLUMINATION","INJURY_COUNT","INTERSECTION_RELATED","INTERSECT_TYPE","LANE_CLOSED","LATITUDE","LN_CLOSE_DIR","LOCATION_TYPE","LONGITUDE","MAX_SEVERITY_LEVEL","MCYCLE_DEATH_COUNT","MCYCLE_SUSP_SERIOUS_INJ_COUNT","MOTORCYCLE_COUNT","MUNICIPALITY","NONMOTR_COUNT","NONMOTR_DEATH_COUNT","NONMOTR_SUSP_SERIOUS_INJ_COUNT","NTFY_HIWY_MAINT","PED_COUNT","PED_DEATH_COUNT","PED_SUSP_SERIOUS_INJ_COUNT","PERSON_COUNT","POLICE_AGCY","POSSIBLE_INJ_COUNT","RDWY_SURF_TYPE_CD","RELATION_TO_ROAD","ROADWAY_CLEARED","ROAD_CONDITION","SCH_BUS_IND","SCH_ZONE_IND","SECONDARY_CRASH","SMALL_TRUCK_COUNT","SPEC_JURIS_CD","SUSP_MINOR_INJ_COUNT","SUSP_SERIOUS_INJ_COUNT","SUV_COUNT","TCD_FUNC_CD","TCD_TYPE","TFC_DETOUR_IND","TIME_OF_DAY","TOTAL_UNITS","TOT_INJ_COUNT","UNBELTED_OCC_COUNT","UNB_DEATH_COUNT","UNB_SUSP_SERIOUS_INJ_COUNT","UNK_INJ_DEG_COUNT","UNK_INJ_PER_COUNT","URBAN_RURAL","VAN_COUNT","VEHICLE_COUNT","VULNERABLE_ROAD_USER_COUNT","VULNERABLE_ROAD_USER_DEATH_COUNT","VULNERABLE_ROAD_USER_SER_INJ_COUNT","WEATHER1","WEATHER2","WORKERS_PRES","WORK_ZONE_IND","WORK_ZONE_LOC","WORK_ZONE_TYPE","WZ_CLOSE_DETOUR","WZ_FLAGGER","WZ_LAW_OFFCR_IND","WZ_LN_CLOSURE","WZ_MOVING","WZ_OTHER","WZ_SHLDER_MDN","WZ_WORKERS_INJ_KILLED"
"2021035194","1915","0","0","0","0","0","0","0","0","0","1","0","","67","4","2021","6","40.020201","-75.043477","1915","6","0","0","0","0","0","1","0","0","","0","0","0","19","1","3","N","0","0","40 01:12.725","","0","75 02:36.517","4","0","0","0","67301","0","0","0","N","0","0","0","3","68K01","2","","1.0","","1","N","N","N","0","","0","0","2","0","0","","1908","2","3","0","0","0","1","0","2","0","2","0","0","0","3","03","","N","","","","","","","","","",""
"2021115661","0429","2","0","0","0","0","0","0","0","0","1","0","","67","11","2021","6","39.981447","-75.102009","0420","6","0","0","0","0","0","0","0","0","","0","0","0","4","3","2","N","0","1","39 58:53.208","1","0","75 06:07.232","3","0","0","0","67301","0","0","0","N","0","0","0","2","68K01","0","","1.0","430.0","1","N","N","N","0","","2","0","0","0","0","N","420","2","2","2","0","0","0","0","2","0","2","0","0","0","3","03","","N","","","","","","","","","",""
"2021073693","1008","2","0","0","0","0","0","0","0","0","4","0","","67","8","2021","7","39.932592","-75.181344","1003","6","0","0","0","0","0","2","0","0","","0","0","0","9","1","0","","5","0","39 55:57.332","","0","75 10:52.838","0","0","0","0","67301","0","0","0","N","0","0","0","3","67301","0","","1.0","","1","N","N","N","0","","0","0","0","3","3","","959","2","0","0","0","0","0","0","2","0","2","0","0","0","3","03","","N","","","","","","","","","",""
"2021035533","0810","0","0","0","0","0","0","0","0","0","4","0","","67","4","2021","2","39.883695","-75.251582","0805","6","0","0","0","0","0","0","0","0","","0","0","0","8","1","0","","2","0","39 53:01.302","","2","75 15:05.694","0","0","0","0","67301","0","0","0","N","0","0","0","2","67301","0","","1.0","","1","N","N","N","1","","0","0","1","3","1","","800","2","0","2","0","0","0","0","2","0","2","0","0","0","3","03","","N","","","","","","","","","",""
"2021071420","1209","0","0","0","0","0","0","0","0","0","4","0","","67","7","2021","6","39.994196","-75.111355","1209","6","0","0","0","0","0","0","1","0","","0","0","0","11","1","1","","1","0","39 59:39.104","","0","75 06:40.879","3","0","0","1","67301","0","0","0","N","0","0","0","2","67301","0","","1.0","","1","N","N","N","0","","1","0","1","3","2","","1130","2","1","0","0","0","0","0","2","0","2","0","0","0","3","","","N","","","","","","","","","",""
"2021036190","0006","1","0","0","0","0","0","0","0","0","7","0","","67","4","2021","1","39.900846","-75.154109","0006","6","0","0","0","0","0","0","0","0","","0","0","0","0","3","1","N","0","1","39 54:03.045","2","3","75 09:14.791","3","0","0","0","67301","0","0","0","N","0","0","0","2","68K01","0","","3.0","9.0","1","N","N","N","0","","1","0","0","0","0","N","4","1","1","0","0","0","0","0","2","0","1","0","0","0","3","","","N","","","","","","","","","",""
"2021070760","1936","2","0","0","0","0","0","0","0","0","6","0","","67","7","2021","4","40.009961","-75.108381","1935","6","0","0","0","0","0","0","0","0","","0","0","0","19","1","1","","1","1","40 00:35.858","6","0","75 06:30.170","4","0","0","0","67301","0","0","0","N","0","0","0","2","67301","1","","1.0","2035.0","1","N","N","N","0","","0","0","0","3","3","N","1930","2","1","0","0","0","0","1","2","0","2","0","0","0","3","","","N","","","","","","","","","",""
"2021070857","1419","0","0","0","0","0","0","0","0","0","1","0","","67","7","2021","5","39.946078","-75.242072","1418","6","0","0","0","0","0","1","0","0","","0","0","0","14","1","1","","1","0","39 56:45.881","","0","75 14:31.459","3","0","0","0","67301","0","0","0","N","0","0","0","3","67301","0","","1.0","","1","N","N","N","0","","1","0","1","3","2","","1403","2","1","0","0","0","0","0","2","1","2","0","0","0","3","03","","N","","","","","","","","","",""
"2021070505","0847","2","0","0","0","0","0","0","0","0","4","0","","67","7","2021","1","40.007072","-75.108992","0843","6","0","0","0","0","0","0","0","0","","0","0","0","8","1","0","N","0","0","40 00:25.460","","0","75 06:32.370","0","0","0","0","67301","0","0","0","N","0","0","0","2","67301","0","","1.0","","1","N","N","N","0","","0","0","0","0","0","","820","2","0","0","0","0","0","0","2","0","2","0","0","0","3","98","","N","","","","","","","","","",""
"2021071101","0444","1","0","0","0","0","0","0","0","0","1","0","","67","7","2021","4","39.984124","-75.188052","0444","6","0","0","0","0","0","2","0","0","","0","0","0","4","8","2","","2","0","39 59:02.847","","0","75 11:16.987","3","0","0","0","67301","0","0","0","N","0","0","0","3","67301","0","","1.0","","1","N","N","N","0","","2","0","1","3","2","","443","2","2","0","0","0","0","0","2","0","2","0","0","0","3","03","","N","","","","","","","","","",""
"2021033992","1915","1","0","0","0","0","0","0","0","0","4","0","","67","4","2021","3","39.953577","-75.139984","1907","6","0","0","0","0","0","1","0","1","","0","0","0","19","1","6","","2","2","39 57:12.878","1","0","75 08:23.942","2","0","1","1","67301","0","0","0","N","0","0","0","7","67301","1","","1.0","200.0","1","N","N","Y","0","","4","1","1","3","2","Y","1900","3","6","6","0","0","0","0","2","0","3","0","0","0","3","03","","N","","","","","","","","","",""
"2021070531","0010","2","0","0","0","0","0","0","0","0","2","0","","67","7","2021","3","39.984903","-75.123919","0001","6","0","0","0","0","0","1","0","0","","0","0","0","23","3","0","","1","0","39 59:05.650","","0","75 07:26.108","0","0","0","0","67301","0","0","0","N","0","0","0","2","67301","0","","1.0","","1","N","N","N","0","","0","0","0","3","3","","2320","2","0","0","0","0","0","0","2","0","2","0","0","0","3","03","","N","","","","","","","","","",""
"2021114037","2051","0","0","0","0","0","0","0","0","0","4","1","","67","11","2021","1","39.947708","-75.198621","2046","6","0","0","0","0","0","2","0","0","","0","0","0","20","3","1","","2","1","39 56:51.748","1","0","75 11:55.037","3","0","0","0","67301","0","0","0","N","0","0","0","2","67301","0","","1.0","2130.0","1","N","N","N","0","","1","0","1","3","7","N","2045","2","1","0","0","0","0","0","2","0","2","0","0","0","3","03","","N","","","","","","","","","",""
"2021117734","0110","1","0","0","0","0","0","0","0","0","1","0","","67","11","2021","7","39.968943","-75.127941","0056","6","0","0","0","0","1","1","0","0","","0","0","0","0","3","0","N","0","1","39 58:08.195","2","0","75 07:40.588","9","0","0","0","67301","0","0","0","N","0","0","0","4","68K01","0","","1.0","110.0","1","N","N","N","0","","0","0","1","0","0","N","53","3","0","0","0","0","0","1","2","0","3","0","0","0","3","","","N","","","","","","","","","",""
"2021038484","2052","1","0","0","0","0","0","0","0","0","4","0","","67","4","2021","6","40.008168","-75.142705","2050","6","0","0","0","0","0","1","0","0","","0","0","0","20","3","2","","1","1","40 00:29.406","6","0","75 08:33.738","3","0","0","0","67301","0","0","0","N","0","0","0","3","67301","0","","1.0","2030.0","99","N","N","N","0","","2","0","1","3","2","N","2045","3","2","0","0","0","0","0","2","1","3","0","0","0","3","98","","N","","","","","","","","","",""
"2021072648","0351","2","0","0","0","0","0","0","0","0","4","0","","67","7","2021","5","40.010821","-75.126649","0350","6","0","0","0","0","0","0","0","0","","0","0","0","3","3","1","","1","1","40 00:38.955","7","0","75 07:35.936","3","0","0","0","67301","0","0","0","N","0","0","0","4","67301","0","","1.0","500.0","1","N","N","N","0","","1","0","0","3","1","Y","348","2","1","0","0","0","0","0","2","0","2","0","0","0","3","","","N","","","","","","","","","",""
"2021115276","1610","1","0","0","0","0","0","0","0","0","4","0","","67","11","2021","5","40.063974","-75.059602","1558","6","0","0","0","0","0","1","1","0","","0","0","0","15","1","0","","1","0","40 03:50.306","","0","75 03:34.568","0","0","0","0","67301","0","0","0","N","0","0","0","3","67301","0","","1.0","","1","N","N","N","1","","0","0","0","3","3","","1535","2","0","0","0","0","0","0","2","0","2","0","0","0","3","03","","N","","","","","","","","","",""
"2021113563","0820","1","0","0","0","0","0","0","0","0","7","0","","67","11","2021","1","39.988708","-75.161225","0815","6","0","0","0","0","0","0","0","0","","0","0","0","6","3","0","N","0","2","39 59:19.350","1","0","75 09:40.410","0","0","0","0","67301","0","0","0","N","0","0","0","0","67301","0","","5.0","1000.0","1","N","N","N","0","","0","0","0","0","0","Y","630","1","0","0","0","0","0","0","2","0","1","0","0","0","3","","","N","","","","","","","","","",""
"2021071750","1650","1","0","0","0","0","0","0","0","0","1","0","","67","8","2021","2","40.009757","-75.089452","1640","6","0","0","0","0","0","1","0","0","","0","0","0","16","1","1","N","0","0","40 00:35.124","","0","75 05:22.026","3","0","0","0","67301","0","0","0","N","0","0","0","2","67301","0","","1.0","","1","N","N","N","0","","1","0","0","0","0","","1638","2","1","2","0","0","0","0","2","1","2","0","0","0","3","03","","N","","","","","","","","","",""
"2021035604","1002","1","0","0","0","0","0","0","0","0","2","0","","67","4","2021","2","40.014917","-75.146583","0956","6","0","0","0","0","0","0","0","0","","0","0","0","9","1","1","N","0","0","40 00:53.700","","0","75 08:47.700","3","0","0","0","67301","0","0","0","N","0","0","0","3","67301","0","","6.0","","1","N","N","N","1","","1","0","0","0","0","","953","2","1","0","0","0","0","2","2","0","2","0","0","0","3","","","N","","","","","","","","","",""
"2021113664","0510","1","0","0","0","0","0","0","0","0","7","0","35","67","11","2021","3","40.018629","-75.166501","0458","6","0","0","0","0","0","0","0","0","","0","0","0","4","3","0","N","0","1","40 01:07.064","2","0","75 09:59.405","0","0","0","0","67301","0","0","0","N","0","0","0","1","67301","0","","2.0","745.0","2","N","N","Y","0","","0","0","0","0","0","N","430","1","0","0","0","0","0","0","2","0","1","0","0","0","3","03","N","Y","4","1","N","N","N","Y","N","N","N","N"
"2021070413","0045","1","0","0","0","0","0","0","0","0","4","0","","67","7","2021","1","40.086103","-75.211875","0031","6","0","0","0","0","0","0","0","0","","0","0","0","0","3","1","","1","0","40 05:09.972","","0","75 12:42.750","3","0","0","0","67301","0","0","0","N","0","0","0","3","67301","0","","1.0","","1","N","N","N","0","","1","0","1","3","2","","20","2","1","0","0","0","0","0","2","0","2","0","0","0","3","","","N","","","","","","","","","",""
"2021070528","0026","2","0","0","0","0","0","0","0","0","5","0","","67","7","2021","1","39.972311","-75.144533","0022","6","0","0","0","0","0","0","0","0","","0","0","0","0","3","0","N","0","2","39 58:20.320","1","0","75 08:40.320","0","0","0","0","67301","0","0","0","N","0","0","0","1","67301","0","","6.0","110.0","1","N","N","N","0","","0","0","1","0","0","Y","18","3","0","0","0","0","0","0","2","0","3","0","0","0","3","","","N","","","","","","","","","",""
"2021036076","1640","0","0","0","0","0","0","0","0","0","8","0","","67","4","2021","6","39.997143","-75.14285","1630","6","0","0","0","0","0","0","0","0","","0","0","0","16","1","1","","1","0","39 59:49.714","","0","75 08:34.260","3","0","0","0","67301","1","0","0","N","1","0","0","2","67301","0","","1.0","","1","N","N","N","0","","1","0","0","3","3","","1620","2","1","0","0","0","0","0","2","1","1","1","0","0","4","","","N","","","","","","","","","",""
"2021035573","1242","1","0","0","0","0","0","0","0","0","4","0","","67","4","2021","7","39.938656","-75.173175","1238","6","0","0","0","0","1","0","0","0","","0","0","0","12","1","0","","1","0","39 56:19.161","","0","75 10:23.429","0","0","0","0","67301","0","0","0","N","0","0","0","2","67301","0","","1.0","","1","N","N","N","0","","0","0","1","3","2","","1205","2","0","0","0","0","0","0","2","0","2","0","0","0","3","","","N","","","","","","","","","",""
"2021071453","1315","1","0","0","0","0","0","0","0","0","4","0","","67","7","2021","6","40.003165","-75.152455","1311","6","0","0","0","0","0","0","1","0","","0","0","0","13","1","1","","5","0","40 00:11.393","","0","75 09:08.837","8","0","0","1","67301","0","0","0","N","0","0","0","2","67505","0","","1.0","","1","N","N","N","0","","0","0","0","0","0","","1311","2","1","1","0","0","1","0","2","0","2","0","0","0","3","03","","N","","","","","","","","","",""
"2021114759","1809","2","0","0","0","0","0","0","0","0","1","0","","67","11","2021","1","40.025824","-75.028214","1803","6","0","0","0","0","0","0","0","0","","0","0","0","18","3","1","N","0","0","40 01:32.966","","0","75 01:41.572","8","0","0","0","67301","0","0","0","N","0","0","0","2","68K01","0","","1.0","","1","N","N","N","0","","0","0","0","0","0","","1801","2","1","0","0","0","1","1","2","0","2","0","0","0","3","","","N","","","","","","","","","",""
"2021070776","1704","2","0","0","0","0","0","0","0","0","3","0","","67","7","2021","4","39.927603","-75.184953","1703","6","0","0","0","0","0","0","0","0","","0","0","0","17","1","0","N","0","2","39 55:39.370","4","7","75 11:05.830","0","0","0","0","67301","0","0","0","N","0","0","0","2","67301","0","","1.0","1704.0","1","N","N","N","0","","0","0","1","0","0","Y","1700","3","0","0","0","0","0","0","2","0","3","0","0","0","3","","","N","","","","","","","","","",""
"2021073513","1357","1","0","0","0","0","0","0","0","0","4","0","","67","8","2021","3","40.040779","-75.157011","1356","6","0","0","0","0","0","0","0","0","","0","0","0","14","1","0","","3","0","40 02:26.806","","0","75 09:25.238","0","0","0","0","67301","0","0","0","N","0","0","0","3","67301","0","","1.0","","1","N","N","N","0","","0","0","1","0","0","","1440","2","0","0","0","0","0","0","2","0","2","0","0","0","99","03","","N","","","","","","","","","",""
"2021073569","1600","1","0","0","0","0","0","0","0","0","5","0","","67","8","2021","7","40.036162","-75.023476","1558","6","0","0","0","0","0","0","0","0","","0","0","0","15","1","3","N","0","0","40 02:10.184","","0","75 01:24.515","3","0","0","0","67301","0","0","0","N","0","0","0","4","67301","0","","1.0","","1","N","N","N","0","","3","0","1","0","0","","1534","2","3","0","0","0","0","1","2","0","2","0","0","0","3","03","","N","","","","","","","","","",""
"2021114887","1057","0","0","0","0","0","0","0","0","0","7","0","","67","10","2021","5","39.894039","-75.195407","1040","6","0","0","0","0","0","0","0","0","","0","0","0","10","1","1","N","0","1","39 53:38.540","2","3","75 11:43.466","3","0","0","0","67301","0","0","0","N","0","0","0","2","68K01","0","","4.0","1100.0","1","N","N","N","0","","1","0","1","0","0","N","1040","1","1","0","0","0","0","0","2","0","1","0","0","0","3","03","","N","","","","","","","","","",""
"2021113157","1108","1","0","0","0","0","0","0","0","0","4","0","","67","11","2021","6","40.026394","-75.218583","1102","6","0","0","0","0","0","0","1","0","","0","0","0","11","1","1","N","0","0","40 01:35.020","","0","75 13:06.900","4","0","0","0","67301","0","0","0","N","0","0","0","1","67301","1","","1.0","","1","N","N","N","0","","0","0","1","0","0","","1100","2","1","0","0","0","0","0","2","0","2","0","0","0","3","03","","N","","","","","","","","","",""
"2021113522","0853","1","0","0","0","0","0","0","0","0","7","0","","67","11","2021","6","39.887749","-75.2419","0842","6","0","0","0","0","0","0","0","0","","0","0","0","8","1","0","N","0","0","39 53:15.898","","0","75 14:30.839","0","0","0","0","67301","0","0","0","N","0","0","0","1","68K01","0","","5.0","","1","N","N","N","0","","0","0","0","0","0","","840","1","0","0","0","0","0","0","2","0","1","0","0","0","3","03","","N","","","","","","","","","",""
"2021070078","2215","0","0","0","0","0","0","0","0","0","4","0","","67","7","2021","4","39.978376","-75.155714","2212","6","0","0","0","1","0","0","0","0","","0","0","0","22","3","0","","1","1","39 58:42.153","3","0","75 09:20.570","0","0","0","0","67301","0","0","0","N","0","0","0","3","67505","0","","1.0","2230.0","1","N","N","N","1","","0","0","1","3","2","N","2210","2","0","0","0","0","0","0","2","0","2","0","0","0","3","03","","N","","","","","","","","","",""
"2021070738","0655","1","0","0","0","0","0","0","0","0","4","0","","67","7","2021","2","40.041412","-75.120105","0655","6","0","1","0","0","0","0","1","0","","0","0","0","17","1","3","","1","0","40 02:29.083","","0","75 07:12.377","8","0","0","0","67301","0","0","0","N","0","0","0","3","67301","0","","1.0","","1","N","N","N","0","","0","0","1","3","2","","1745","2","3","1","0","0","3","0","2","0","2","0","0","0","3","03","","N","","","","","","","","","",""
"2021071272","1130","1","0","0","0","0","0","0","0","0","4","0","","67","7","2021","4","40.056606","-75.087772","1128","6","0","0","0","0","0","1","0","0","","0","0","0","10","1","1","N","0","0","40 03:23.780","","0","75 05:15.980","3","0","0","0","67301","0","0","0","N","0","0","0","2","67301","0","","1.0","","1","N","N","N","0","","1","0","2","0","0","","1054","3","1","0","0","0","0","0","2","0","3","0","0","0","3","","","N","","","","","","","","","",""
"2021070353","1426","2","0","0","0","0","0","0","0","0","5","0","","67","7","2021","1","40.060906","-75.080597","1418","6","0","0","0","0","0","1","0","0","","0","0","0","14","1","1","N","0","2","40 03:39.260","2","0","75 04:50.150","8","0","0","0","67301","0","0","0","N","0","0","0","1","67301","0","","6.0","1505.0","1","N","N","N","0","","0","0","1","0","0","Y","1413","3","1","0","0","0","1","0","2","0","3","0","0","0","4","","","N","","","","","","","","","",""
"2021113330","1200","0","0","0","0","0","0","0","0","0","2","1","","67","11","2021","6","40.008986","-75.066549","1147","6","0","0","0","0","0","0","0","0","","0","1","0","11","1","1","N","0","2","40 00:32.349","2","0","75 03:59.575","3","0","0","0","67301","0","0","0","N","0","0","0","2","67301","0","","1.0","1330.0","1","N","N","N","0","","1","0","1","0","0","Y","1120","2","1","0","0","0","0","0","2","0","2","0","0","0","3","03","","N","","","","","","","","","",""
"2021114224","2323","1","0","0","0","0","0","0","0","0","7","0","","67","10","2021","6","40.035095","-75.018488","2319","6","0","0","0","0","0","0","0","0","","0","0","0","23","3","0","N","0","0","40 02:06.343","","0","75 01:06.556","0","0","0","0","67301","0","0","0","N","0","0","0","1","68K01","0","","2.0","","9","N","N","N","0","","0","0","0","0","0","","2318","1","0","0","0","0","0","0","2","0","1","0","0","0","7","07","","N","","","","","","","","","",""
"2021112826","2330","3","0","0","0","0","0","0","0","0","4","0","","67","11","2021","7","39.913083","-75.243294","2321","6","0","0","0","0","0","1","0","0","","1","0","0","23","3","3","","5","2","39 54:47.100","6","0","75 14:35.859","1","0","0","0","67301","0","0","0","N","0","0","0","5","67301","0","2","1.0","600.0","1","N","N","Y","0","0","2","1","1","3","2","Y","2320","4","3","0","0","0","0","0","2","0","4","0","0","0","3","03","","N","","","","","","","","","",""
"2021070383","1109","0","0","0","0","0","0","0","0","0","4","0","","67","7","2021","3","40.081057","-75.028856","1100","6","0","0","0","0","0","0","0","0","","0","0","0","10","1","3","","1","0","40 04:51.806","","0","75 01:43.881","3","0","0","0","67301","0","0","0","N","0","0","0","4","67301","0","","1.0","","1","N","N","N","1","","3","0","1","3","2","","1049","2","3","0","0","0","0","0","2","0","2","0","0","0","3","03","","N","","","","","","","","","",""
"2021070416","1947","2","0","0","0","0","0","0","0","0","5","0","","67","7","2021","1","40.030756","-75.160189","1945","6","0","0","0","0","0","0","0","0","","0","0","0","19","1","0","N","0","0","40 01:50.720","","0","75 09:36.680","0","0","0","0","67301","0","0","0","N","0","0","0","1","67301","0","","6.0","","1","N","N","N","0","","0","0","0","0","0","","1905","2","0","1","0","0","0","0","2","0","2","0","0","0","3","03","","N","","","","","","","","","",""
"2021073075","1059","2","0","0","0","0","0","0","0","0","4","0","","67","8","2021","5","39.955331","-75.231948","1059","6","0","0","0","0","0","0","0","0","","0","0","0","10","1","1","","1","0","39 57:19.191","","0","75 13:55.012","3","0","0","0","67301","0","0","0","N","0","0","0","2","67301","0","","1.0","","1","N","N","N","0","","1","0","0","3","2","","1059","2","1","0","0","0","0","0","2","0","2","0","0","0","3","","","N","","","","","","","","","",""
"2021114221","1306","3","0","0","0","0","0","0","0","0","4","0","","67","10","2021","3","39.89469","-75.194359","1259","6","0","0","1","0","0","1","0","0","","0","0","0","12","1","0","N","0","0","39 53:40.884","","3","75 11:39.692","0","0","0","0","67301","0","0","0","N","0","0","0","8","68K01","0","","1.0","","1","N","N","N","0","","0","0","1","0","0","","1258","4","0","2","0","0","0","0","2","0","4","0","0","0","4","","","N","","","","","","","","","",""
"2021115416","0437","1","0","0","0","0","0","0","0","0","5","0","","67","10","2021","7","39.968325","-75.129748","0424","6","0","0","0","0","0","0","0","0","","0","0","0","3","3","2","N","0","1","39 58:05.971","2","0","75 07:47.094","8","0","0","0","67301","0","0","0","Y","0","0","0","3","68K01","0","","1.0","500.0","1","N","N","N","0","","0","0","1","0","0","N","330","2","2","0","0","0","2","0","2","0","2","0","0","0","3","","","N","","","","","","","","","",""
"2021115408","1312","0","0","0","0","0","0","0","0","0","1","0","","67","10","2021","6","39.950686","-75.183061","1259","6","0","0","0","0","0","0","1","0","","0","0","0","12","1","1","N","0","0","39 57:02.471","","0","75 10:59.018","3","0","0","0","67301","0","0","0","N","0","0","0","2","68K01","0","","1.0","","1","N","N","N","0","","1","0","1","0","0","","1257","2","1","0","0","0","0","0","2","1","2","0","0","0","3","","","N","","","","","","","","","",""
"2021113276","1956","1","0","0","0","0","0","0","0","0","4","0","","67","11","2021","7","39.998768","-75.131259","1948","6","0","0","0","0","0","1","0","0","","0","0","0","17","1","0","","1","0","39 59:55.564","","0","75 07:52.533","0","0","0","0","67301","0","0","0","N","0","0","0","2","67301","0","","1.0","","1","N","N","Y","1","","0","0","0","3","2","","1750","2","0","0","0","0","0","0","2","0","2","0","0","0","3","03","","N","","","","","","","","","",""
"2021071094","1848","0","0","0","0","0","0","0","0","0","4","0","","67","7","2021","6","39.975578","-75.191855","1848","6","0","0","0","0","0","2","0","0","","0","0","0","18","1","0","","2","0","39 58:32.079","","0","75 11:30.679","0","0","0","0","67301","0","0","0","N","0","0","0","5","67301","0","","1.0","","1","N","N","N","1","","0","0","1","0","0","","1848","2","0","0","0","0","0","0","2","0","2","0","0","0","3","03","","N","","","","","","","","","",""
"2021113801","1011","1","0","0","0","0","0","0","0","0","4","0","","67","11","2021","2","40.040625","-75.174575","1010","6","0","0","0","0","0","1","0","0","","0","0","0","9","1","1","","1","9","40 02:26.251","","0","75 10:28.470","3","0","0","0","67301","0","0","0","N","0","0","0","2","67301","0","","1.0","","9","N","N","N","0","","1","0","1","3","2","","927","2","1","0","0","0","0","0","2","0","2","0","0","0","7","04","","N","","","","","","","","","",""
"2021070560","0115","0","0","0","0","0","0","0","0","0","7","0","","67","7","2021","4","39.949973","-75.169311","0109","6","0","0","0","0","0","0","0","0","","0","0","0","0","3","0","N","0","0","39 56:59.904","","0","75 10:09.520","0","0","0","0","67301","0","0","0","N","0","0","0","1","67301","0","","5.0","","1","N","N","N","0","","0","0","1","0","0","","55","1","0","0","0","0","0","0","2","0","1","0","0","0","3","03","","N","","","","","","","","","",""
"2021070415","1826","0","0","0","0","0","0","0","0","0","2","0","","67","7","2021","1","40.059869","-75.162978","1825","6","0","0","0","0","0","0","0","0","","0","0","0","18","1","1","","2","2","40 03:35.528","5","0","75 09:46.720","3","0","0","0","67301","0","0","0","N","0","0","0","2","67301","0","","1.0","1901.0","1","N","N","N","0","","1","0","1","0","0","Y","1820","2","1","1","0","0","0","0","2","1","2","0","0","0","3","03","","N","","","","","","","","","",""
"2021069120","0226","1","0","0","0","0","0","0","0","0","7","0","","67","7","2021","1","39.938516","-75.142585","0224","6","0","0","0","0","0","0","0","0","","0","0","0","2","3","1","N","0","0","39 56:18.659","","2","75 08:33.307","8","0","0","0","67301","0","0","0","N","0","0","0","1","68K01","0","","4.0","","9","N","N","N","0","","0","0","0","0","0","","222","1","1","1","0","0","1","0","2","0","1","0","0","0","7","","","N","","","","","","","","","",""
"2021072493","2130","1","0","0","0","0","0","0","0","0","4","0","","67","8","2021","3","39.970606","-75.24722","2128","6","0","0","0","0","0","0","0","0","","0","0","0","21","3","1","","1","0","39 58:14.181","","0","75 14:49.991","8","0","0","0","67301","0","0","0","N","0","0","0","2","67301","0","","1.0","","1","N","N","N","0","","0","0","0","3","3","","2125","2","1","0","0","0","1","1","2","0","2","0","0","0","3","","","N","","","","","","","","","",""
"2021070327","0251","1","0","0","0","0","0","0","0","0","1","0","","67","7","2021","1","39.921448","-75.192017","0244","6","0","0","0","0","0","0","0","0","","0","0","0","2","3","0","N","0","0","39 55:17.212","","0","75 11:31.260","0","0","0","0","67301","0","0","0","N","0","0","0","2","67301","0","","1.0","","9","N","N","N","0","","0","0","1","0","0","","235","2","0","0","0","0","0","0","2","0","2","0","0","0","7","03","","N","","","","","","","","","",""
"2021070418","1205","2","0","0","0","0","0","0","0","0","4","0","","67","7","2021","4","40.058637","-75.165767","1154","6","0","0","0","0","1","0","0","0","","0","0","0","11","1","1","N","0","0","40 03:31.093","","7","75 09:56.762","3","0","0","0","67301","0","0","0","N","0","0","0","2","67301","0","","1.0","","1","N","N","N","0","","1","0","0","0","0","","1112","2","1","0","0","0","0","0","2","0","2","0","0","0","3","98","","N","","","","","","","","","",""
"2021071159","1920","0","0","0","0","0","0","0","0","0","4","0","","67","7","2021","5","40.059968","-75.084313","1900","6","0","0","1","0","0","0","0","0","","0","0","0","19","1","2","N","0","0","40 03:35.884","","0","75 05:03.528","3","0","0","0","67301","0","0","0","N","0","0","0","2","67301","0","","1.0","","9","N","N","N","0","","2","0","2","0","0","","1900","2","2","0","0","0","0","0","2","0","2","0","0","0","4","04","","N","","","","","","","","","",""
"2021105393","","2","0","0","0","0","0","0","0","0","4","0","","67","7","2021","2","39.925227","-75.229109","","6","0","0","0","0","0","2","0","0","","0","0","0","11","1","1","","1","0","39 55:30.817","","0","75 13:44.792","2","0","0","0","67301","0","0","0","N","0","0","0","2","00000","0","","1.0","","1","N","N","N","0","","0","1","0","3","2","","1130","2","1","1","0","1","0","0","2","0","2","0","0","0","3","","","N","","","","","","","","","",""