"CRN","ARRIVAL_TM","AUTOMOBILE_COUNT","BELTED_DEATH_COUNT","BELTED_SUSP_SERIOUS_INJ_COUNT","BICYCLE_COUNT","BICYCLE_DEATH_COUNT","BICYCLE_SUSP_SERIOUS_INJ_COUNT","BUS_COUNT","CHLDPAS_DEATH_COUNT","CHLDPAS_SUSP_SERIOUS_INJ_COUNT","COLLISION_TYPE","COMM_VEH_COUNT","CONS_ZONE_SPD_LIM","COUNTY","CRASH_MONTH","CRASH_YEAR","DAY_OF_WEEK","DEC_LATITUDE","DEC_LONGITUDE","DISPATCH_TM","DISTRICT","DRIVER_COUNT_16YR","DRIVER_COUNT_17YR","DRIVER_COUNT_18YR","DRIVER_COUNT_19YR","DRIVER_COUNT_20YR","DRIVER_COUNT_50_64YR","DRIVER_COUNT_65_74YR","DRIVER_COUNT_75PLUS","EST_HRS_CLOSED","FATAL_COUNT","HEAVY_TRUCK_COUNT","HORSE_BUGGY_COUNT","HOUR_OF_DAY","ILLUMINATION","INJURY_COUNT","INTERSECTION_RELATED","INTERSECT_TYPE","LANE_CLOSED","LATITUDE","LN_CLOSE_DIR","LOCATION_TYPE","LONGITUDE","MAX_SEVERITY_LEVEL","MCYCLE_DEATH_COUNT","MCYCLE_SUSP_SERIOUS_INJ_COUNT","MOTORCYCLE_COUNT","MUNICIPALITY","NONMOTR_COUNT","NONMOTR_DEATH_COUNT","NONMOTR_SUSP_SERIOUS_INJ_COUNT","NTFY_HIWY_MAINT","PED_COUNT","PED_DEATH_COUNT","PED_SUSP_SERIOUS_INJ_COUNT","PERSON_COUNT","POLICE_AGCY","POSSIBLE_INJ_COUNT","RDWY_SURF_TYPE_CD","RELATION_TO_ROAD","ROADWAY_CLEARED","ROAD_CONDITION","SCH_BUS_IND","SCH_ZONE_IND","SECONDARY_CRASH","SMALL_TRUCK_COUNT","SPEC_JURIS_CD","SUSP_MINOR_INJ_COUNT","SUSP_SERIOUS_INJ_COUNT","SUV_COUNT","TCD_FUNC_CD","TCD_TYPE","TFC_DETOUR_IND","TIME_OF_DAY","TOTAL_UNITS","TOT_INJ_COUNT","UNBELTED_OCC_COUNT","UNB_DEATH_COUNT","UNB_SUSP_SERIOUS_INJ_COUNT","UNK_INJ_DEG_COUNT","UNK_INJ_PER_COUNT","URBAN_RURAL","VAN_COUNT","VEHICLE_COUNT","VULNERABLE_ROAD_USER_COUNT","VULNERABLE_ROAD_USER_DEATH_COUNT","VULNERABLE_ROAD_USER_SER_INJ_COUNT","WEATHER1","WEATHER2","WORKERS_PRES","WORK_ZONE_IND","WORK_ZONE_LOC","WORK_ZONE_TYPE","WZ_CLOSE_DETOUR","WZ_FLAGGER","WZ_LAW_OFFCR_IND","WZ_LN_CLOSURE","WZ_MOVING","WZ_OTHER","WZ_SHLDER_MDN","WZ_WORKERS_INJ_KILLED"
"2021073654","2351","0","0","0","0","0","0","0","0","0","7","0","","67","8","2021","5","40.075617","-75.233811","2341","6","0","0","0","0","0","0","0","0","","0","0","0","23","3","2","N","0","0","40 04:32.220","","0","75 14:01.720","8","0","0","0","67301","0","0","0","N","0","0","0","2","67301","0","","4.0","","1","N","N","N","0","","0","0","1","0","0","","2301","1","2","0","0","0","2","0","2","0","1","0","0","0","3","03","","N","","","","","","","","","",""
"2021070443","1352","2","0","0","0","0","0","0","0","0","4","0","","67","7","2021","3","40.027071","-75.075551","1347","6","0","0","0","0","1","0","1","0","","0","0","0","13","1","1","","1","0","40 01:37.457","","0","75 04:31.983","3","0","0","0","67301","0","0","0","N","0","0","0","3","67301","0","","1.0","","1","N","N","N","0","","1","0","0","3","2","","1346","2","1","0","0","0","0","0","2","0","2","0","0","0","3","","","N","","","","","","","","","",""
"2021070463","1643","0","0","0","1","0","0","0","0","0","8","0","","67","7","2021","2","39.940304","-75.179645","1644","6","0","0","0","0","0","0","0","0","","0","0","0","16","1","1","","2","0","39 56:25.094","","0","75 10:46.721","3","0","0","0","67301","1","0","0","N","0","0","0","2","67301","0","","1.0","","1","N","N","N","1","","1","0","0","0","0","","1632","2","1","0","0","0","0","0","2","0","1","1","0","0","3","03","","N","","","","","","","","","",""
"2021113332","1805","2","0","0","0","0","0","0","0","0","2","0","","67","11","2021","7","39.975283","-75.121033","1800","6","0","0","0","0","0","1","0","0","","0","0","0","17","3","2","N","0","9","39 58:31.018","","0","75 07:15.719","3","0","0","0","67301","0","0","0","N","0","0","0","2","67301","0","","9.0","","1","N","N","N","0","","2","0","0","9","9","U","1755","2","2","0","0","0","0","0","2","0","2","0","0","0","3","","","N","","","","","","","","","",""
"2021070676","2320","2","0","0","0","0","0","0","0","0","4","0","","67","7","2021","5","40.026503","-75.04216","2316","6","0","0","0","0","0","0","0","0","","0","0","0","22","3","0","","1","0","40 01:35.410","","0","75 02:31.777","9","0","0","0","67301","0","0","0","N","0","0","0","2","67301","0","","1.0","","1","N","N","N","0","","0","0","0","3","3","","2250","2","0","1","0","0","0","1","2","0","2","0","0","0","3","","","N","","","","","","","","","",""
"2021070334","1305","1","0","0","0","0","0","0","0","0","4","0","","67","7","2021","3","39.924224","-75.176313","1302","6","0","0","0","0","0","1","0","0","","0","0","0","13","1","1","","1","0","39 55:27.207","","0","75 10:34.726","8","0","0","0","67301","0","0","0","N","0","0","0","4","67301","0","","1.0","","1","N","N","N","1","","0","0","2","3","2","","1300","4","1","0","0","0","1","1","2","0","4","0","0","0","3","03","","N","","","","","","","","","",""
"2021115771","0016","1","0","0","0","0","0","0","0","0","8","0","","67","11","2021","2","39.997237","-75.1195","0015","6","0","0","0","0","0","0","0","0","","1","0","0","0","3","0","Y","0","0","39 59:50.053","","0","75 07:10.201","1","0","0","0","67301","1","1","0","N","1","1","0","2","67301","0","2","1.0","","1","N","N","N","0","0","0","0","0","0","0","","15","2","0","0","0","0","0","0","2","0","1","1","1","0","3","03","","N","","","","","","","","","",""
"2021105324","","0","0","0","0","0","0","0","0","0","4","0","","67","4","2021","2","39.962556","-75.245354","","6","0","0","0","0","0","0","0","0","","0","0","0","2","3","1","","2","0","39 57:45.202","","1","75 14:43.276","8","0","0","0","67301","0","0","0","N","0","0","0","2","00000","0","","1.0","","1","N","N","N","0","","0","0","1","3","3","","230","2","1","0","0","0","1","0","2","0","2","0","0","0","3","","","N","","","","","","","","","",""
"2021070960","0244","1","0","0","0","0","0","0","0","0","1","0","","67","7","2021","5","40.046004","-75.089194","0240","6","0","0","0","0","0","0","0","0","","0","0","0","2","3","1","N","0","1","40 02:45.613","4","0","75 05:21.097","3","0","0","0","67301","0","0","0","N","0","0","0","1","67301","0","","6.0","339.0","1","N","N","Y","0","","1","0","1","0","0","N","232","2","1","1","0","0","0","0","2","0","2","0","0","0","3","03","","N","","","","","","","","","",""
"2021071680","0345","1","0","0","0","0","0","0","0","0","7","0","","67","8","2021","1","39.956622","-75.142392","0334","6","0","0","0","0","0","1","0","0","","0","0","0","3","3","1","N","0","2","39 57:23.840","3","8","75 08:32.612","4","0","0","0","67301","0","0","0","N","0","0","0","1","68K01","1","","2.0","405.0","1","N","N","N","0","","0","0","0","0","0","N","329","1","1","0","0","0","0","0","2","0","1","0","0","0","3","","","N","","","","","","","","","",""
"2021072681","1648","0","0","0","0","0","0","0","0","0","1","0","99","67","7","2021","7","39.911139","-75.162222","1648","6","0","0","0","0","0","1","0","0","","0","0","0","16","1","3","N","0","1","39 54:40.100","4","3","75 09:44.000","8","0","0","0","67301","0","0","0","N","0","0","0","8","67501","0","","1.0","1745.0","1","N","N","N","0","","0","0","4","3","8","N","1648","5","3","0","0","0","3","0","2","1","5","0","0","0","3","03","U","Y","4","1","","","U","Y","","","","N"
"2021117746","0232","2","0","0","0","0","0","0","0","0","5","0","","67","11","2021","4","39.958808","-75.169249","0231","6","0","0","0","0","0","0","0","0","","0","0","0","2","3","2","N","0","2","39 57:31.709","4","0","75 10:09.296","3","0","0","0","67301","0","0","0","N","0","0","0","2","68K01","0","","1.0","245.0","1","N","N","N","0","","1","0","0","0","0","N","229","2","2","1","0","0","1","0","2","0","2","0","0","0","3","","","N","","","","","","","","","",""
"2021070468","0300","3","0","0","0","0","0","0","0","0","4","0","","67","7","2021","1","39.951701","-75.236857","0259","6","0","0","0","0","0","0","0","0","","0","0","0","2","3","1","","1","0","39 57:06.123","","0","75 14:12.685","3","0","0","0","67301","0","0","0","N","0","0","0","2","67301","0","","1.0","","9","N","N","N","0","","1","0","2","3","2","","225","5","1","0","0","0","0","0","2","0","5","0","0","0","7","07","","N","","","","","","","","","",""
"2021082404","1840","1","0","0","0","0","0","0","0","0","4","0","","67","7","2021","7","39.945962","-75.213996","1835","6","0","0","0","0","0","1","0","0","","0","0","0","18","1","1","","1","0","39 56:45.462","","0","75 12:50.385","3","0","0","0","67301","0","0","0","N","0","0","0","2","67301","0","","1.0","","1","N","N","N","0","","1","0","0","3","2","","1820","2","1","0","0","0","0","0","2","1","2","0","0","0","3","03","","N","","","","","","","","","",""
"2021073655","0016","3","0","0","0","0","0","0","0","0","4","0","","67","8","2021","1","40.046278","-75.182404","0009","6","0","0","0","0","0","1","0","0","","0","0","0","0","3","1","N","0","2","40 02:46.599","5","7","75 10:56.653","3","0","0","0","67301","0","0","0","N","0","0","0","3","67301","0","","1.0","45.0","9","N","N","Y","0","","1","0","1","0","0","Y","4","5","1","0","0","0","0","0","2","1","5","0","0","0","7","07","","N","","","","","","","","","",""
"2021113599","0159","1","0","0","0","0","0","0","0","0","4","0","","67","11","2021","1","40.030428","-75.104045","0156","6","0","0","0","0","0","1","0","0","","0","0","0","1","3","0","N","0","1","40 01:49.541","3","0","75 06:14.563","9","0","0","0","67301","0","0","0","N","0","0","0","2","67301","0","","1.0","300.0","1","N","N","N","0","","0","0","1","0","0","N","150","2","0","0","0","0","0","1","2","0","2","0","0","0","3","","","N","","","","","","","","","",""
"2021118097","0654","1","0","0","0","0","0","0","0","0","2","1","","67","11","2021","7","39.886071","-75.206903","0639","6","0","0","0","0","0","0","0","0","","0","1","0","6","1","1","N","0","0","39 53:09.857","","0","75 12:24.850","8","0","0","0","67301","0","0","0","N","0","0","0","2","68K01","0","","1.0","","1","N","N","N","0","","0","0","0","0","0","","637","2","1","0","0","0","1","0","2","0","2","0","0","0","3","","","N","","","","","","","","","",""
"2021115279","0041","3","0","0","0","0","0","0","0","0","2","0","","67","10","2021","2","40.065158","-75.236664","0041","6","0","0","0","0","0","0","0","0","","0","0","0","0","3","1","N","0","0","40 03:54.570","","7","75 14:11.990","3","0","0","0","67301","0","0","0","N","0","0","0","1","67301","0","","9.0","","1","N","N","N","0","","1","0","1","0","0","","40","4","1","0","0","0","0","0","2","0","4","0","0","0","3","","","N","","","","","","","","","",""
"2021071113","0318","2","0","0","0","0","0","0","0","0","4","0","","67","7","2021","4","40.016866","-75.149475","0316","6","0","0","0","0","0","0","0","0","","0","0","0","3","3","0","","1","0","40 01:00.719","","0","75 08:58.111","0","0","0","0","67301","0","0","0","N","0","0","0","2","67301","0","","1.0","","1","N","N","N","0","","0","0","0","3","2","","310","2","0","0","0","0","0","0","2","0","2","0","0","0","3","03","","N","","","","","","","","","",""
"2021074021","1800","0","0","0","0","0","0","0","0","0","8","0","","67","7","2021","7","40.015677","-75.140093","1800","6","0","0","0","0","0","0","0","0","","0","0","0","23","3","1","","1","0","40 00:56.437","","0","75 08:24.334","3","0","0","0","67301","1","0","0","N","1","0","0","2","67301","0","","1.0","","1","N","N","N","0","","1","0","0","9","3","","2330","2","1","0","0","0","0","0","2","0","1","1","0","0","3","03","","N","","","","","","","","","",""
"2021072967","2046","0","0","0","0","0","0","0","0","0","1","0","","67","7","2021","6","39.956873","-75.22477","2046","6","0","0","0","0","0","0","0","0","","0","0","0","20","3","0","N","0","0","39 57:24.741","","0","75 13:29.172","0","0","0","0","67301","0","0","0","N","0","0","0","1","67301","0","","6.0","","1","N","N","N","1","","0","0","0","0","0","","2046","2","0","0","0","0","0","0","2","1","2","0","0","0","3","03","","N","","","","","","","","","",""
"2021073934","1828","1","0","0","0","0","0","0","0","0","4","0","","67","8","2021","5","39.992979","-75.217594","1828","6","0","0","0","1","0","0","0","0","","0","0","0","17","1","1","","1","0","39 59:34.723","","0","75 13:03.338","3","0","0","0","67301","0","0","0","N","0","0","0","2","67301","0","","1.0","","1","N","N","N","0","","1","0","1","3","2","","1715","2","1","0","0","0","0","1","2","0","2","0","0","0","3","03","","N","","","","","","","","","",""
"2021104286","1740","1","0","0","0","0","0","0","0","0","8","0","","67","8","2021","6","39.994678","-75.1477","1740","6","0","0","0","0","0","0","0","0","","0","0","0","17","1","1","N","0","0","39 59:40.840","","0","75 08:51.720","3","0","0","0","67301","1","0","0","N","1","0","0","2","67301","0","","1.0","","1","N","N","N","0","","1","0","0","0","0","","1740","2","1","0","0","0","0","0","2","0","1","1","0","0","3","","","N","","","","","","","","","",""
"2021116327","0330","1","0","0","0","0","0","0","0","0","7","0","","67","11","2021","7","39.975908","-75.200456","0328","6","0","0","0","0","0","0","0","0","","0","0","0","3","3","2","N","0","2","39 58:33.270","6","0","75 12:01.640","3","0","0","0","67301","0","0","0","N","0","0","0","2","67301","0","","2.0","430.0","1","N","N","N","0","","2","0","0","0","0","N","325","1","2","0","0","0","0","0","2","0","1","0","0","0","3","","","N","","","","","","","","","",""
"2021121361","0852","0","0","0","0","0","0","0","0","0","1","0","","67","12","2021","4","40.002339","-75.194993","0823","6","0","0","0","0","0","1","0","0","","0","0","0","8","1","1","N","0","0","40 00:08.419","","0","75 11:41.973","8","0","0","0","67301","0","0","0","N","0","0","0","2","68K01","0","","1.0","","1","N","N","N","0","","0","0","2","0","0","","819","2","1","0","0","0","1","0","2","0","2","0","0","0","3","03","","N","","","","","","","","","",""
"2021073745","1710","2","0","0","0","0","0","0","0","0","5","0","","67","8","2021","7","39.991039","-75.118872","1702","6","0","0","0","0","0","0","0","0","","0","0","0","17","1","1","N","0","0","39 59:27.740","","0","75 07:07.940","3","0","0","0","67301","0","0","0","N","0","0","0","2","67301","0","","6.0","","1","N","N","N","0","","1","0","0","0","0","","1702","2","1","0","0","0","0","0","2","0","2","0","0","0","3","03","","N","","","","","","","","","",""
"2021071747","1558","1","0","0","0","0","0","0","0","0","1","0","","67","8","2021","2","40.032893","-75.177728","1558","6","0","0","0","0","0","0","1","0","","0","0","0","14","1","1","","2","0","40 01:58.414","","0","75 10:39.820","3","0","0","0","67301","0","0","0","N","0","0","0","2","67301","0","","1.0","","1","N","N","N","0","","1","0","0","3","2","","1413","2","1","0","0","0","0","0","2","0","2","0","0","0","3","03","","N","","","","","","","","","",""
"2021114769","2246","1","0","0","0","0","0","0","0","0","7","0","","67","11","2021","3","40.051496","-74.989312","2227","6","0","0","0","0","0","0","0","0","","0","0","0","22","3","0","N","0","0","40 03:05.384","","0","74 59:21.522","0","0","0","0","67301","0","0","0","N","0","0","0","2","68K01","0","","4.0","","1","N","N","N","0","","0","0","0","0","0","","2215","1","0","0","0","0","0","0","2","0","1","0","0","0","3","03","","N","","","","","","","","","",""
"2021073684","1315","1","0","0","0","0","0","0","0","0","4","0","","67","8","2021","6","40.011033","-75.104163","1315","6","0","0","0","0","0","0","1","0","","0","0","0","14","1","1","","1","0","40 00:39.717","","0","75 06:14.985","8","0","0","0","67301","0","0","0","N","0","0","0","2","67301","0","","1.0","","99","N","N","N","0","","0","0","1","3","2","","1430","2","1","0","0","0","1","1","2","0","2","0","0","0","99","","","N","","","","","","","","","",""
"2021114218","0653","1","0","0","0","0","0","0","0","0","5","0","","67","10","2021","3","39.970216","-75.192713","0637","6","0","0","0","0","0","0","0","0","","0","0","0","6","3","1","N","0","0","39 58:12.776","","0","75 11:33.765","4","0","0","0","67301","0","0","0","N","0","0","0","2","68K01","1","","1.0","","9","N","N","N","0","","0","0","1","0","0","","636","2","1","0","0","0","0","0","2","0","2","0","0","0","7","","","N","","","","","","","","","",""
"2021114743","1009","3","0","0","0","0","0","0","0","0","1","0","","67","11","2021","6","39.968722","-75.128493","1003","6","0","0","1","0","0","0","1","0","","0","0","0","10","1","0","N","0","1","39 58:07.399","2","0","75 07:42.574","9","0","0","0","67301","0","0","0","N","0","0","0","3","68K01","0","","1.0","1043.0","9","N","N","N","0","","0","0","0","3","8","N","1002","3","0","0","0","0","0","1","2","0","3","0","0","0","7","07","","N","","","","","","","","","",""
"2021080571","1904","2","0","0","0","0","0","0","0","0","5","0","","67","8","2021","6","39.994358","-75.111106","1902","6","0","0","0","0","0","0","0","0","","0","0","0","19","4","1","N","0","0","39 59:39.690","","0","75 06:39.980","3","0","0","0","67301","0","0","0","N","0","0","0","1","67301","0","","6.0","","1","N","N","N","0","","1","0","1","0","0","","1900","3","1","0","0","0","0","0","2","0","3","0","0","0","3","","","N","","","","","","","","","",""
"2021114150","1915","2","0","0","0","0","0","0","0","0","4","0","","67","11","2021","7","40.03558","-75.217363","1910","6","0","0","0","0","0","1","0","0","","0","0","0","18","3","0","","1","0","40 02:08.088","","0","75 13:02.506","0","0","0","0","67301","0","0","0","N","0","0","0","2","67301","0","","1.0","","1","N","N","N","0","","0","0","0","3","2","","1814","2","0","0","0","0","0","0","2","0","2","0","0","0","3","03","","N","","","","","","","","","",""
"2021114712","0343","3","0","0","0","0","0","0","0","0","1","0","","67","10","2021","7","39.963906","-75.184303","0329","6","0","0","0","0","0","0","0","0","","0","0","0","3","3","1","N","0","2","39 57:50.060","4","0","75 11:03.492","3","0","0","0","67301","0","0","0","N","0","0","0","3","68K01","0","","1.0","418.0","1","N","N","N","0","","1","0","0","0","0","N","328","3","1","0","0","0","0","1","2","0","3","0","0","0","3","","","N","","","","","","","","","",""
"2021116848","0201","2","0","0","0","0","0","0","0","0","7","0","","67","11","2021","7","40.021056","-75.093833","0159","6","0","0","0","0","0","0","0","0","","1","0","0","1","3","0","N","0","2","40 01:15.800","7","0","75 05:37.800","1","0","0","0","67301","0","0","0","N","0","0","0","1","67301","0","2","5.0","320.0","1","N","N","N","0","0","0","0","0","0","0","Y","159","2","0","0","0","0","0","0","2","0","2","0","0","0","3","03","","N","","","","","","","","","",""
"2021114622","1140","0","0","0","0","0","0","1","0","0","8","1","","67","11","2021","3","39.922647","-75.185174","1118","6","0","0","0","0","0","1","0","0","","0","0","0","11","1","1","","5","0","39 55:21.529","","0","75 11:06.627","8","0","0","0","67301","1","0","0","N","1","0","0","2","67508","0","","1.0","","1","N","N","Y","0","","0","0","0","3","2","N","1118","2","1","0","0","0","1","0","2","0","1","1","0","0","3","03","","N","","","","","","","","","",""
"2021073730","1242","1","0","0","0","0","0","0","0","0","4","0","","67","8","2021","7","40.022829","-75.034633","1237","6","0","0","0","0","0","2","0","0","","0","0","0","12","1","1","","2","0","40 01:22.186","","0","75 02:04.680","4","0","0","0","67301","0","0","0","N","0","0","0","2","67301","1","","1.0","","1","N","N","N","0","","0","0","1","3","3","","1218","2","1","0","0","0","0","0","2","0","2","0","0","0","3","","","N","","","","","","","","","",""
"2021074530","0826","0","0","0","0","0","0","0","0","0","8","0","","67","8","2021","3","40.053681","-75.063814","0821","6","0","0","0","0","0","0","0","0","","0","0","0","8","1","1","","2","0","40 03:13.251","","0","75 03:49.730","3","0","0","0","67301","1","0","0","N","1","0","0","2","67301","0","","1.0","","1","N","N","N","0","","1","0","1","3","3","","820","2","1","0","0","0","0","0","2","0","1","1","0","0","4","","","N","","","","","","","","","",""
"2021071368","1726","1","0","0","0","0","0","0","0","0","4","0","","67","8","2021","1","39.921946","-75.16062","1723","6","0","0","0","0","0","2","0","0","","0","0","0","17","1","2","","2","0","39 55:19.005","","0","75 09:38.232","4","0","0","0","67301","0","0","0","N","0","0","0","4","67301","2","","1.0","","1","N","N","N","0","","0","0","0","3","3","","1722","2","2","0","0","0","0","0","2","1","2","0","0","0","4","","","N","","","","","","","","","",""
"2021114817","0835","0","0","0","0","0","0","1","0","0","8","1","","67","11","2021","3","39.988058","-75.182408","0819","6","0","0","0","0","0","0","0","0","","0","0","0","8","1","1","","5","0","39 59:17.008","","0","75 10:56.669","3","0","0","0","67301","1","0","0","N","1","0","0","2","67508","0","","1.0","","1","N","N","Y","0","","1","0","0","3","2","","819","2","1","0","0","0","0","0","2","0","1","1","0","0","3","03","","N","","","","","","","","","",""
"2021071835","0615","0","0","0","0","0","0","0","0","0","7","0","","67","8","2021","3","39.966829","-75.129578","0613","6","0","0","0","0","0","0","0","0","","0","0","0","6","1","0","N","0","1","39 58:00.583","1","0","75 07:46.479","0","0","0","0","67301","0","0","0","N","0","0","0","1","67301","0","","3.0","700.0","1","N","N","N","0","","0","0","1","0","0","N","611","1","0","0","0","0","0","0","2","0","1","0","0","0","3","03","","N","","","","","","","","","",""
"2021071404","1252","1","0","0","0","0","0","0","0","0","4","0","","67","7","2021","7","40.020858","-75.148713","1252","6","0","0","0","0","0","1","0","0","","0","0","0","12","1","3","","2","0","40 01:15.088","","0","75 08:55.365","3","0","0","0","67301","0","0","0","N","0","0","0","5","67301","0","","1.0","","1","N","N","N","0","","1","0","1","0","0","","1252","2","3","1","0","0","2","2","2","0","2","0","0","0","3","03","","N","","","","","","","","","",""
"2021071749","1815","2","0","0","0","0","0","0","0","0","4","0","","67","7","2021","6","40.025367","-75.036451","1812","6","0","0","0","0","0","1","0","0","","0","0","0","17","1","1","","2","0","40 01:31.321","","0","75 02:11.225","8","0","0","0","67301","0","0","0","N","0","0","0","2","67301","0","","1.0","","1","N","N","N","0","","0","0","0","3","3","","1745","2","1","0","0","0","1","0","2","0","2","0","0","0","3","03","","N","","","","","","","","","",""
"2021071442","0404","2","0","0","0","0","0","0","0","0","4","0","","67","7","2021","7","39.974835","-75.198313","0359","6","0","0","0","0","0","0","0","0","","0","0","0","3","3","1","","3","0","39 58:29.407","","7","75 11:53.925","8","0","0","0","67301","0","0","0","N","0","0","0","3","67301","0","","1.0","","1","N","N","N","0","","0","0","0","3","2","","339","2","1","0","0","0","1","2","2","0","2","0","0","0","3","","","N","","","","","","","","","",""
"2021117713","0103","1","0","0","0","0","0","0","0","0","7","0","","67","11","2021","4","39.965458","-75.185899","0100","6","0","0","0","0","0","0","0","0","","0","0","0","0","3","0","N","0","1","39 57:55.650","4","0","75 11:09.236","0","0","0","0","67301","0","0","0","N","0","0","0","1","68K01","0","","3.0","122.0","1","N","N","N","0","","0","0","0","0","0","N","59","1","0","0","0","0","0","0","2","0","1","0","0","0","3","03","","N","","","","","","","","","",""
"2021071237","0515","2","0","0","0","0","0","0","0","0","4","0","","67","7","2021","7","40.04104","-75.070046","0510","6","0","0","0","0","0","0","0","0","","0","0","0","5","5","3","","1","2","40 02:27.743","5","0","75 04:12.165","8","0","0","0","67301","0","0","0","N","0","0","0","3","67301","0","","1.0","800.0","1","N","N","Y","1","","0","0","2","3","3","Y","500","7","3","0","0","0","3","0","2","2","7","0","0","0","3","03","","N","","","","","","","","","",""
"2021116197","1334","0","0","0","0","0","0","0","0","0","5","2","","67","10","2021","5","39.948311","-75.186478","1324","6","0","0","0","0","0","2","0","0","","0","2","0","13","1","0","N","0","2","39 56:53.919","3","0","75 11:11.321","0","0","0","0","67301","0","0","0","N","0","0","0","2","68K01","0","","3.0","1510.0","1","N","N","N","0","","0","0","0","0","0","N","1304","2","0","0","0","0","0","0","2","0","2","0","0","0","3","","","N","","","","","","","","","",""
"2021116354","0107","1","0","0","0","0","0","0","0","0","4","0","","67","11","2021","5","40.061208","-75.139431","0059","6","0","0","0","0","0","0","0","0","","0","0","0","23","3","0","N","0","0","40 03:40.350","","0","75 08:21.950","9","0","0","0","67301","0","0","0","N","0","0","0","1","67301","0","","5.0","","9","N","N","N","0","","0","0","1","0","0","","2345","3","0","0","0","0","0","1","2","0","3","0","0","0","7","07","","N","","","","","","","","","",""
"2021115791","1136","1","0","0","0","0","0","0","0","0","4","0","","67","11","2021","4","39.949784","-75.207141","1135","6","0","0","0","0","0","0","1","0","","0","0","0","11","1","0","","1","1","39 56:59.221","3","0","75 12:25.709","0","0","0","0","67301","0","0","0","N","0","0","0","2","67301","0","","1.0","1345.0","1","N","N","N","0","","0","0","0","3","2","Y","1130","2","0","0","0","0","0","0","2","1","2","0","0","0","3","03","","N","","","","","","","","","",""
"2021073173","0948","0","0","0","0","0","0","0","0","0","2","0","","67","8","2021","6","40.03626","-75.129176","0941","6","0","0","0","0","0","0","0","0","","0","0","0","9","1","1","N","0","0","40 02:10.536","","0","75 07:45.032","3","0","0","0","67301","0","0","0","N","0","0","0","2","67301","0","","6.0","","1","N","N","N","0","","1","0","3","0","0","","935","3","1","0","0","0","0","1","2","0","3","0","0","0","3","","","N","","","","","","","","","",""
"2021073350","1649","1","0","0","0","0","0","0","0","0","4","0","","67","7","2021","7","40.020659","-75.148756","1646","6","0","0","0","0","0","0","0","0","","0","0","0","11","1","2","","2","0","40 01:14.374","","0","75 08:55.521","3","0","0","0","67301","0","0","0","N","0","0","0","2","67301","0","","1.0","","1","N","N","N","0","","2","0","1","0","0","","1100","2","2","0","0","0","0","0","2","0","2","0","0","0","3","","","N","","","","","","","","","",""
"2021073000","2329","1","0","0","0","0","0","0","0","0","7","0","","67","8","2021","1","39.955827","-75.148386","2329","6","0","0","0","0","0","0","0","0","","0","0","0","23","3","1","N","0","0","39 57:20.978","","2","75 08:54.191","2","0","0","0","67301","0","0","0","N","0","0","0","1","67501","0","","4.0","","9","N","N","N","0","","0","1","0","0","0","","2329","1","1","1","0","1","0","0","2","0","1","0","0","0","4","","","N","","","","","","","","","",""
"2021073091","0227","2","0","0","0","0","0","0","0","0","1","0","","67","8","2021","6","39.974014","-75.20564","0225","6","0","0","0","0","0","0","0","0","","0","0","0","2","3","0","N","0","0","39 58:26.452","","0","75 12:20.305","0","0","0","0","67301","0","0","0","N","0","0","0","2","67301","0","","1.0","","1","N","N","N","0","","0","0","0","0","0","","217","2","0","0","0","0","0","0","2","0","2","0","0","0","3","","","N","","","","","","","","","",""
"2021074571","0419","1","0","0","0","0","0","0","0","0","7","0","","67","8","2021","1","39.956824","-75.153394","0419","6","0","0","0","0","0","0","0","0","","0","0","0","3","3","0","N","0","1","39 57:24.567","3","0","75 09:12.219","0","0","0","0","67301","0","0","0","N","0","0","0","1","68K01","0","","3.0","422.0","9","N","N","N","0","","0","0","0","0","0","N","333","1","0","0","0","0","0","0","2","0","1","0","0","0","7","","","N","","","","","","","","","",""
"2021073356","1707","1","0","0","0","0","0","0","0","0","4","0","","67","8","2021","5","39.957015","-75.213348","1659","6","0","0","0","0","0","0","0","0","","0","0","0","16","1","2","","1","0","39 57:25.253","","0","75 12:48.054","3","0","0","0","67301","0","0","0","N","0","0","0","3","67301","1","","1.0","","1","N","N","N","0","","1","0","1","3","2","","1651","2","2","1","0","0","0","0","2","0","2","0","0","0","3","03","","N","","","","","","","","","",""
"2021072021","0002","0","0","0","0","0","0","0","0","0","5","0","","67","8","2021","2","39.94768","-75.164681","2359","6","0","0","0","0","0","0","0","0","","0","0","0","23","3","1","N","0","0","39 56:51.647","","0","75 09:52.850","3","0","0","1","67301","0","0","0","N","0","0","0","2","67301","0","","1.0","","1","N","N","N","0","","1","0","1","0","0","","2358","2","1","0","0","0","0","0","2","0","2","0","0","0","3","","","N","","","","","","","","","",""
"2021073638","0255","1","0","0","0","0","0","0","0","0","5","0","","67","8","2021","7","39.954491","-75.20555","0254","6","0","0","0","0","0","0","0","0","","0","0","0","2","3","0","N","0","0","39 57:16.167","","0","75 12:19.980","0","0","0","0","67301","0","0","0","N","0","0","0","1","67504","0","","6.0","","1","N","N","N","0","","0","0","1","0","0","","254","2","0","0","0","0","0","0","2","0","2","0","0","0","3","03","","N","","","","","","","","","",""
"2021072877","2117","0","0","0","1","0","0","0","0","0","8","0","","67","8","2021","2","39.926269","-75.184391","2115","6","0","0","0","0","0","0","0","0","","0","0","0","21","3","2","","1","0","39 55:34.569","","0","75 11:03.809","3","0","0","0","67301","2","0","0","N","0","0","0","3","67301","0","","1.0","","1","N","N","N","0","","2","0","0","3","2","","2109","2","2","0","0","0","0","1","2","1","1","2","0","0","3","03","","N","","","","","","","","","",""