"CRN","ARRIVAL_TM","AUTOMOBILE_COUNT","BELTED_DEATH_COUNT","BELTED_SUSP_SERIOUS_INJ_COUNT","BICYCLE_COUNT","BICYCLE_DEATH_COUNT","BICYCLE_SUSP_SERIOUS_INJ_COUNT","BUS_COUNT","CHLDPAS_DEATH_COUNT","CHLDPAS_SUSP_SERIOUS_INJ_COUNT","COLLISION_TYPE","COMM_VEH_COUNT","CONS_ZONE_SPD_LIM","COUNTY","CRASH_MONTH","CRASH_YEAR","DAY_OF_WEEK","DEC_LATITUDE","DEC_LONGITUDE","DISPATCH_TM","DISTRICT","DRIVER_COUNT_16YR","DRIVER_COUNT_17YR","DRIVER_COUNT_18YR","DRIVER_COUNT_19YR","DRIVER_COUNT_20YR","DRIVER_COUNT_50_64YR","DRIVER_COUNT_65_74YR","DRIVER_COUNT_75PLUS","EST_HRS_CLOSED","FATAL_COUNT","HEAVY_TRUCK_COUNT","HORSE_BUGGY_COUNT","HOUR_OF_DAY","ILLUMINATION","INJURY_COUNT","INTERSECTION_RELATED","INTERSECT_TYPE","LANE_CLOSED","LATITUDE","LN_CLOSE_DIR","LOCATION_TYPE","LONGITUDE","MAX_SEVERITY_LEVEL","MCYCLE_DEATH_COUNT","MCYCLE_SUSP_SERIOUS_INJ_COUNT","MOTORCYCLE_COUNT","MUNICIPALITY","NONMOTR_COUNT","NONMOTR_DEATH_COUNT","NONMOTR_SUSP_SERIOUS_INJ_COUNT","NTFY_HIWY_MAINT","PED_COUNT","PED_DEATH_COUNT","PED_SUSP_SERIOUS_INJ_COUNT","PERSON_COUNT","POLICE_AGCY","POSSIBLE_INJ_COUNT","RDWY_SURF_TYPE_CD","RELATION_TO_ROAD","ROADWAY_CLEARED","ROAD_CONDITION","SCH_BUS_IND","SCH_ZONE_IND","SECONDARY_CRASH","SMALL_TRUCK_COUNT","SPEC_JURIS_CD","SUSP_MINOR_INJ_COUNT","SUSP_SERIOUS_INJ_COUNT","SUV_COUNT","TCD_FUNC_CD","TCD_TYPE","TFC_DETOUR_IND","TIME_OF_DAY","TOTAL_UNITS","TOT_INJ_COUNT","UNBELTED_OCC_COUNT","UNB_DEATH_COUNT","UNB_SUSP_SERIOUS_INJ_COUNT","UNK_INJ_DEG_COUNT","UNK_INJ_PER_COUNT","URBAN_RURAL","VAN_COUNT","VEHICLE_COUNT","VULNERABLE_ROAD_USER_COUNT","VULNERABLE_ROAD_USER_DEATH_COUNT","VULNERABLE_ROAD_USER_SER_INJ_COUNT","WEATHER1","WEATHER2","WORKERS_PRES","WORK_ZONE_IND","WORK_ZONE_LOC","WORK_ZONE_TYPE","WZ_CLOSE_DETOUR","WZ_FLAGGER","WZ_LAW_OFFCR_IND","WZ_LN_CLOSURE","WZ_MOVING","WZ_OTHER","WZ_SHLDER_MDN","WZ_WORKERS_INJ_KILLED"
"2021118099","2223","2","0","0","0","0","0","0","0","0","5","0","","67","11","2021","1","40.003891","-75.07687","2214","6","0","0","0","0","0","0","0","0","","0","0","0","22","3","1","N","0","1","40 00:14.008","1","0","75 04:36.731","8","0","0","0","67301","0","0","0","N","0","0","0","2","68K01","0","","1.0","2250.0","9","N","N","N","0","","0","0","0","0","0","N","2205","2","1","0","0","0","1","0","2","0","2","0","0","0","3","","","N","","","","","","","","","",""
"2021118127","1452","1","0","0","0","0","0","0","0","0","1","0","","67","11","2021","7","39.967531","-75.132433","1452","6","0","0","0","0","0","0","0","0","","0","0","0","14","1","0","N","0","0","39 58:03.111","","0","75 07:56.758","0","0","0","0","67301","0","0","0","N","0","0","0","5","68K01","0","","1.0","","1","N","N","N","0","","0","0","1","0","0","","1432","2","0","0","0","0","0","0","2","0","2","0","0","0","3","","","N","","","","","","","","","",""
"2021072651","0125","0","0","0","0","0","0","0","0","0","4","0","","67","8","2021","3","40.018906","-75.14723","0121","6","0","0","0","0","0","0","0","0","","0","0","0","1","3","1","","1","1","40 01:08.061","2","0","75 08:50.029","2","0","1","1","67301","0","0","0","N","0","0","0","2","67301","0","","1.0","258.0","1","N","N","N","0","","0","1","1","3","2","Y","115","2","1","0","0","0","0","0","2","0","2","0","0","0","3","","","N","","","","","","","","","",""
"2021104773","1737","1","0","0","0","0","0","0","0","0","4","0","","67","10","2021","7","39.923788","-75.236886","1736","6","0","0","0","0","0","0","0","0","","0","0","0","13","1","1","","1","0","39 55:25.636","","0","75 14:12.789","3","0","0","0","67301","0","0","0","N","0","0","0","4","67301","0","","1.0","","1","N","N","N","0","","1","0","1","3","2","","1346","2","1","0","0","0","0","0","2","0","2","0","0","0","4","98","","N","","","","","","","","","",""
"2021118121","1620","1","0","0","0","0","0","0","0","0","1","0","","67","11","2021","4","39.982264","-75.207727","1607","6","0","0","0","0","0","0","0","0","","0","0","0","16","1","0","N","0","0","39 58:56.152","","0","75 12:27.816","0","0","0","0","67301","0","0","0","N","0","0","0","2","68K01","0","","3.0","","1","N","N","N","1","","0","0","0","0","0","","1605","2","0","0","0","0","0","0","2","0","2","0","0","0","3","","","N","","","","","","","","","",""
"2021075853","1017","2","0","0","0","0","0","0","0","0","5","0","","67","8","2021","1","39.984997","-75.126294","1013","6","0","0","0","0","0","0","0","0","","0","0","0","10","1","1","N","0","2","39 59:05.990","2","0","75 07:34.660","3","0","0","0","67301","0","0","0","N","0","0","0","1","67301","0","","6.0","1145.0","1","N","N","N","0","","1","0","1","0","0","Y","1012","3","1","0","0","0","0","0","2","0","3","0","0","0","3","","","N","","","","","","","","","",""
"2021118088","2031","1","0","0","0","0","0","0","0","0","1","0","","67","11","2021","3","40.039972","-75.006604","2023","6","0","0","0","0","0","0","0","0","","0","0","0","20","4","0","N","0","0","40 02:23.898","","0","75 00:23.775","0","0","0","0","67301","0","0","0","N","0","0","0","2","68K01","0","","1.0","","1","N","N","N","0","","0","0","1","0","0","","2018","2","0","0","0","0","0","0","2","0","2","0","0","0","3","","","N","","","","","","","","","",""
"2021117741","2303","2","0","0","0","0","0","0","0","0","1","0","","67","11","2021","1","39.992582","-75.085289","2255","6","0","0","1","0","0","0","0","0","","0","0","0","22","2","0","N","0","1","39 59:33.295","1","0","75 05:07.041","0","0","0","0","67301","0","0","0","N","0","0","0","4","68K01","0","","1.0","2328.0","1","N","N","N","0","","0","0","2","0","0","N","2250","4","0","0","0","0","0","0","2","0","4","0","0","0","3","03","","N","","","","","","","","","",""
"2021072046","1815","1","0","0","1","0","0","0","0","0","8","0","","67","8","2021","2","39.934278","-75.188056","1800","6","0","0","0","0","0","0","0","0","","0","0","0","17","1","1","N","0","0","39 56:03.400","","0","75 11:17.000","8","0","0","0","67301","1","0","0","N","0","0","0","2","67301","0","","1.0","","1","N","N","N","0","","0","0","0","0","0","","1745","3","1","0","0","0","1","1","2","0","2","1","0","0","3","03","","N","","","","","","","","","",""
"2021118084","1808","1","0","0","0","0","0","0","0","0","1","0","","67","11","2021","2","40.001518","-75.078936","1804","6","0","0","0","0","1","1","0","0","","0","0","0","17","3","0","N","0","0","40 00:05.466","","0","75 04:44.171","0","0","0","0","67301","0","0","0","N","0","0","0","2","68K01","0","","1.0","","1","N","N","N","0","","0","0","1","0","0","","1757","2","0","0","0","0","0","0","2","0","2","0","0","0","3","03","","N","","","","","","","","","",""
"2021074612","1509","1","0","0","1","0","0","0","0","0","8","0","","67","8","2021","7","40.001585","-75.152798","1509","6","0","0","0","0","0","0","0","0","","0","0","0","15","1","1","","1","0","40 00:05.705","","0","75 09:10.074","3","0","0","0","67301","1","0","0","N","0","0","0","2","67301","0","","1.0","","1","N","N","N","0","","1","0","0","3","2","","1503","2","1","0","0","0","0","0","2","0","1","1","0","0","3","03","","N","","","","","","","","","",""
"2021116988","1525","1","0","0","0","0","0","0","0","0","5","0","","67","11","2021","1","39.982321","-75.100134","1514","6","0","0","0","0","0","0","0","0","","0","0","0","15","1","1","N","0","2","39 58:56.356","1","0","75 06:00.481","8","0","0","0","67301","0","0","0","N","0","0","0","3","68K01","0","","1.0","1540.0","1","N","N","N","1","","0","0","0","0","0","N","1513","2","1","0","0","0","1","1","2","0","2","0","0","0","3","03","","N","","","","","","","","","",""
"2021071748","1921","1","0","0","0","0","0","0","0","0","4","0","","67","8","2021","2","40.060129","-75.153765","1921","6","0","0","0","0","0","0","0","0","","0","0","0","19","1","1","","1","2","40 03:36.464","7","0","75 09:13.553","3","0","0","0","67301","0","0","0","N","0","0","0","2","67301","0","","1.0","1945.0","1","N","N","Y","0","","1","0","3","3","2","Y","1910","4","1","1","0","0","0","0","2","0","4","0","0","0","3","03","","N","","","","","","","","","",""
"2021120188","0810","1","0","0","0","0","0","0","0","0","8","0","","67","12","2021","4","40.057245","-75.047801","0806","6","0","0","0","0","0","0","0","0","","0","0","0","8","3","1","","1","0","40 03:26.081","","0","75 02:52.083","3","0","0","0","67301","1","0","0","N","1","0","0","2","67301","0","","1.0","","1","N","N","N","0","","1","0","0","0","0","","804","2","1","0","0","0","0","0","2","0","1","1","0","0","3","03","","N","","","","","","","","","",""
"2021073688","1516","3","0","0","0","0","0","0","0","0","4","0","","67","8","2021","7","39.983906","-75.186354","1512","6","0","0","1","0","0","0","0","0","","0","0","0","15","1","1","","1","0","39 59:02.061","","0","75 11:10.874","3","0","0","0","67301","0","0","0","N","0","0","0","2","67301","0","","1.0","","1","N","N","N","0","","1","0","1","3","1","","1506","4","1","0","0","0","0","0","2","0","4","0","0","0","3","03","","N","","","","","","","","","",""
"2021117707","1007","2","0","0","0","0","0","0","0","0","7","0","","67","11","2021","4","39.892038","-75.236074","0944","6","0","0","0","0","0","0","0","0","","0","0","0","9","1","3","N","0","1","39 53:31.338","1","0","75 14:09.866","8","0","0","0","67301","0","0","0","N","0","0","0","4","68K01","0","","5.0","1100.0","1","N","N","N","0","","0","0","0","0","0","N","934","2","3","3","0","0","3","1","2","0","2","0","0","0","3","","","N","","","","","","","","","",""
"2021071274","0215","2","0","0","0","0","0","0","0","0","5","0","","67","8","2021","1","39.972721","-75.159244","0206","6","0","0","0","0","0","0","0","0","","0","0","0","1","3","0","N","0","0","39 58:21.794","","0","75 09:33.279","0","0","0","0","67301","0","0","0","N","0","0","0","4","67301","0","","1.0","","1","N","N","N","0","","0","0","0","0","0","","133","2","0","0","0","0","0","0","2","0","2","0","0","0","3","03","","N","","","","","","","","","",""
"2021117711","2248","2","0","0","0","0","0","0","0","0","1","0","","67","11","2021","3","39.975535","-75.115548","2231","6","0","0","0","2","0","0","0","0","","0","0","0","22","3","3","N","0","2","39 58:31.927","1","0","75 06:55.972","4","0","0","0","67301","0","0","0","N","0","0","0","3","68K01","3","","1.0","2258.0","1","N","N","N","0","","0","0","1","0","0","N","2229","3","3","0","0","0","0","0","2","0","3","0","0","0","3","","","N","","","","","","","","","",""
"2021073083","1655","3","0","0","0","0","0","0","0","0","4","0","","67","8","2021","5","39.937097","-75.226661","1641","6","0","0","0","0","0","0","1","0","","0","0","0","16","1","1","","1","0","39 56:13.549","","0","75 13:35.979","8","0","0","0","67301","0","0","0","N","0","0","0","2","67301","0","","1.0","","1","N","N","N","0","","0","0","0","0","0","","1600","3","1","0","0","0","1","0","2","0","3","0","0","0","3","03","","N","","","","","","","","","",""
"2021072653","0338","0","0","0","0","0","0","0","0","0","8","0","","67","8","2021","1","40.009257","-75.151239","0333","6","0","0","0","0","0","0","0","0","","0","0","0","3","3","1","","1","0","40 00:33.325","","0","75 09:04.460","3","0","0","0","67301","1","0","0","N","1","0","0","2","67301","0","","1.0","","1","N","N","N","0","","1","0","0","3","2","","327","2","1","0","0","0","0","0","2","0","1","1","0","0","3","03","","N","","","","","","","","","",""
"2021071834","0805","1","0","0","0","0","0","0","0","0","7","0","","67","7","2021","6","40.049103","-75.004794","0758","6","0","0","0","0","0","0","0","0","","0","0","0","7","1","1","","11","0","40 02:56.770","","0","75 00:17.260","3","0","0","0","67301","0","0","0","N","0","0","0","1","67301","0","","4.0","","1","N","N","N","0","","1","0","0","0","0","","758","1","1","0","0","0","0","0","2","0","1","0","0","0","3","","","N","","","","","","","","","",""
"2021117517","2059","2","0","0","0","0","0","0","0","0","1","0","","67","11","2021","1","39.96437","-75.184897","2053","6","0","0","0","1","0","1","0","0","","0","0","0","20","3","1","N","0","0","39 57:51.731","","0","75 11:05.629","4","0","0","0","67301","0","0","0","N","0","0","0","4","68K01","1","","1.0","","9","N","N","N","0","","0","0","1","0","0","","2052","3","1","0","0","0","0","0","2","0","3","0","0","0","7","","","N","","","","","","","","","",""
"2021075262","1810","2","0","0","0","0","0","0","0","0","4","0","","67","8","2021","7","39.98011","-75.127322","1803","6","0","0","1","0","0","0","0","0","","0","0","0","18","1","4","","1","0","39 58:48.395","","0","75 07:38.359","3","0","0","0","67301","0","0","0","N","0","0","0","6","67301","0","","1.0","","1","N","N","N","0","","4","0","0","3","3","","1801","2","4","0","0","0","0","1","2","0","2","0","0","0","3","03","","N","","","","","","","","","",""
"2021073951","2355","2","0","0","0","0","0","0","0","0","1","0","","67","8","2021","7","40.070003","-75.162742","2350","6","0","0","0","0","0","0","0","0","","0","0","0","23","3","1","","1","0","40 04:12.010","","0","75 09:45.872","4","0","0","1","67301","0","0","0","N","0","0","0","4","67301","1","","1.0","","1","N","N","N","0","","0","0","0","3","2","","2315","3","1","0","0","0","0","0","2","0","3","0","0","0","4","07","","N","","","","","","","","","",""
"2021074671","1054","1","0","0","0","0","0","0","0","0","7","0","","67","8","2021","7","39.924585","-75.230863","1054","6","0","0","0","0","0","0","0","0","","0","0","0","10","1","0","","2","2","39 55:28.505","4","0","75 13:51.106","0","0","0","0","67301","0","0","0","N","0","0","0","1","67301","0","","1.0","1252.0","1","N","N","N","0","","0","0","1","0","0","N","1054","3","0","0","0","0","0","0","2","1","3","0","0","0","3","03","","N","","","","","","","","","",""
"2021074039","2206","0","0","0","0","0","0","0","0","0","0","0","","67","8","2021","7","39.980875","-75.198976","2204","6","0","0","0","0","0","0","0","0","","0","0","0","22","3","1","N","0","2","39 58:51.149","6","0","75 11:56.313","8","0","0","1","67301","0","0","0","N","0","0","0","1","67301","0","","1.0","45.0","1","N","N","N","0","","0","0","0","0","0","Y","2200","1","1","0","0","0","1","0","2","0","1","0","0","0","4","04","","N","","","","","","","","","",""
"2021105369","","1","0","1","0","0","0","0","0","0","1","0","","67","8","2021","6","39.918066","-75.209608","","6","0","0","0","0","0","0","0","0","","0","0","0","18","1","1","Y","0","0","39 55:05.037","","0","75 12:34.587","2","0","0","0","67301","0","0","0","N","0","0","0","3","00000","0","","1.0","","1","N","N","N","0","","0","1","1","3","2","","1830","2","1","0","0","0","0","0","2","0","2","0","0","0","3","","","N","","","","","","","","","",""
"2021122630","1427","1","0","0","0","0","0","0","0","0","8","0","","67","12","2021","3","40.054352","-75.193938","1418","6","0","0","0","0","1","0","0","0","","0","0","0","14","1","1","","1","0","40 03:15.666","","0","75 11:38.176","4","0","0","0","67301","1","0","0","N","1","0","0","2","67301","1","","1.0","","1","N","N","N","0","","0","0","0","3","2","","1410","2","1","0","0","0","0","0","2","0","1","1","0","0","3","","","N","","","","","","","","","",""
"2021121036","1330","2","0","0","0","0","0","0","0","0","4","0","","67","12","2021","6","39.97658","-75.164116","1321","6","0","0","0","0","0","0","0","0","","0","0","0","13","1","1","","1","0","39 58:35.688","","0","75 09:50.817","3","0","0","0","67301","0","0","0","N","0","0","0","2","67301","0","","1.0","","1","N","N","N","0","","1","0","0","3","3","","1320","2","1","1","0","0","0","0","2","0","2","0","0","0","3","03","","N","","","","","","","","","",""
"2021074129","1615","2","0","0","0","0","0","0","0","0","4","0","","67","8","2021","1","40.036295","-75.071755","1606","6","0","0","1","0","0","0","0","0","","0","0","0","16","1","1","","1","0","40 02:10.662","","0","75 04:18.319","3","0","0","0","67301","0","0","0","N","0","0","0","2","67301","0","","1.0","","1","N","N","N","0","","1","0","2","3","3","","1605","4","1","0","0","0","0","0","2","0","4","0","0","0","3","","","N","","","","","","","","","",""
"2021075382","0247","4","0","0","0","0","0","0","0","0","6","0","","67","8","2021","1","39.963253","-75.134936","0243","6","0","0","0","0","0","0","0","0","","0","0","0","2","3","0","N","0","0","39 57:47.710","","0","75 08:05.770","0","0","0","0","67301","0","0","0","N","0","0","0","1","67301","0","","6.0","","9","N","N","N","0","","0","0","0","3","3","","235","4","0","0","0","0","0","0","2","0","4","0","0","0","7","07","","N","","","","","","","","","",""
"2021115583","0723","1","0","0","0","0","0","0","0","0","7","0","","67","11","2021","7","40.044508","-75.01705","0710","6","0","0","0","1","0","0","0","0","","0","0","0","7","5","1","N","0","0","40 02:40.230","","0","75 01:01.380","3","0","0","0","67301","0","0","0","N","0","0","0","1","67301","0","","5.0","","1","N","N","N","0","","1","0","0","0","0","","706","1","1","0","0","0","0","0","2","0","1","0","0","0","3","","","N","","","","","","","","","",""
"2021073415","1924","1","0","0","1","0","0","0","0","0","8","0","","67","8","2021","6","39.983436","-75.119145","1923","6","0","0","0","0","0","0","0","0","","0","0","0","19","1","1","","1","0","39 59:00.370","","0","75 07:08.921","3","0","0","0","67301","1","0","0","N","0","0","0","2","67301","0","","1.0","","1","N","N","N","0","","1","0","0","3","2","","1920","2","1","0","0","0","0","0","2","0","1","1","0","0","3","","","N","","","","","","","","","",""
"2021072228","0246","3","0","0","0","0","0","0","0","0","2","0","","67","8","2021","3","39.926269","-75.184391","0245","6","0","0","0","0","0","0","0","0","","0","0","0","2","3","0","","1","2","39 55:34.569","7","0","75 11:03.809","0","0","0","0","67301","0","0","0","N","0","0","0","2","67301","0","","1.0","245.0","1","N","N","N","0","","0","0","3","3","2","N","230","6","0","0","0","0","0","0","2","0","6","0","0","0","3","","","N","","","","","","","","","",""
"2021117518","2159","1","0","0","0","0","0","0","0","0","5","0","","67","11","2021","1","39.980402","-75.205691","2158","6","0","0","0","0","0","0","0","0","","0","0","0","21","3","0","N","0","0","39 58:49.447","","0","75 12:20.489","0","0","0","0","67301","0","0","0","N","0","0","0","3","68K01","0","","1.0","","9","N","N","N","1","","0","0","0","0","0","","2156","2","0","0","0","0","0","0","2","0","2","0","0","0","7","","","N","","","","","","","","","",""
"2021104672","1730","2","0","0","0","0","0","0","0","0","4","0","","67","10","2021","7","40.026643","-75.182836","1730","6","0","0","0","0","0","0","0","0","","0","0","0","18","3","1","N","0","0","40 01:35.916","","7","75 10:58.211","4","0","0","0","67301","0","0","0","N","0","0","0","2","67301","1","","1.0","","1","N","N","N","0","","0","0","0","0","0","","1840","2","1","0","0","0","0","0","2","0","2","0","0","0","3","03","","N","","","","","","","","","",""
"2021073890","1900","1","0","0","0","0","0","0","0","0","7","0","","67","8","2021","7","40.048158","-75.001017","1851","6","0","0","0","0","0","0","0","0","","0","0","0","18","1","0","N","0","0","40 02:53.370","","0","75 00:03.661","0","0","0","0","67301","0","0","0","N","0","0","0","2","67301","0","","4.0","","1","N","N","N","0","","0","0","0","0","0","","1842","1","0","0","0","0","0","0","2","0","1","0","0","0","3","03","","N","","","","","","","","","",""
"2021117505","0805","1","0","0","0","0","0","0","0","0","2","0","","67","12","2021","5","40.060909","-75.192257","0750","6","0","0","0","0","0","0","0","0","","0","0","0","2","3","0","N","0","0","40 03:39.272","","0","75 11:32.124","0","0","0","0","67301","0","0","0","N","0","0","0","0","67301","0","","4.0","","99","N","N","N","0","","0","0","0","0","0","","208","2","0","0","0","0","0","0","2","0","2","0","0","0","3","03","","N","","","","","","","","","",""
"2021103036","1608","0","0","0","0","0","0","0","0","0","7","0","","67","10","2021","4","40.026408","-75.027846","1549","6","0","0","0","0","0","1","0","0","","0","0","0","15","1","0","","1","0","40 01:35.067","","2","75 01:40.247","0","0","0","0","67301","0","0","0","N","0","0","0","2","67301","0","","5.0","","1","N","N","N","0","","0","0","1","3","3","","1524","1","0","0","0","0","0","0","2","0","1","0","0","0","4","04","","N","","","","","","","","","",""
"2021104802","1828","2","0","0","0","0","0","0","0","0","1","0","","67","10","2021","7","39.991229","-75.247863","1822","6","0","0","0","1","0","0","0","0","","0","0","0","18","3","1","Y","0","1","39 59:28.426","2","0","75 14:52.307","4","0","0","0","67301","0","0","0","N","0","0","0","3","46104","1","","1.0","30.0","9","N","N","N","0","","0","0","0","0","0","N","1820","2","1","0","0","0","0","0","2","0","2","0","0","0","3","","","N","","","","","","","","","",""
"2021074830","2102","0","0","0","0","0","0","0","0","0","7","0","","67","8","2021","5","39.918844","-75.188972","2058","6","0","0","0","0","0","0","0","0","","0","0","0","20","3","1","N","0","0","39 55:07.840","","7","75 11:20.300","3","0","0","0","67301","0","0","0","N","0","0","0","1","67301","0","","4.0","","1","N","N","N","1","","1","0","0","0","0","","2055","1","1","0","0","0","0","0","2","0","1","0","0","0","3","03","","N","","","","","","","","","",""
"2021115696","1655","1","0","0","0","0","0","0","0","0","4","1","","67","11","2021","4","39.940031","-75.198069","1654","6","0","0","0","0","0","0","0","0","","0","1","0","16","4","2","N","0","0","39 56:24.110","","7","75 11:53.048","3","0","0","0","67301","0","0","0","N","0","0","0","3","67301","0","","1.0","","1","N","N","N","0","","2","0","0","0","0","","1653","2","2","0","0","0","0","0","2","0","2","0","0","0","3","03","","N","","","","","","","","","",""
"2021119714","0222","0","0","0","0","0","0","0","0","0","4","0","","67","12","2021","4","40.012123","-75.137131","0219","6","0","0","0","0","0","0","0","0","","0","0","0","2","3","0","","1","0","40 00:43.642","","0","75 08:13.671","0","0","0","0","67301","0","0","0","N","0","0","0","2","67301","0","","1.0","","1","N","N","N","0","","0","0","3","3","3","","219","3","0","0","0","0","0","0","2","0","3","0","0","0","3","03","","N","","","","","","","","","",""
"2021120527","1209","1","0","0","0","0","0","0","0","0","4","0","","67","12","2021","5","40.075268","-75.073466","1200","6","0","0","0","0","0","1","0","0","","0","0","0","11","1","2","","1","1","40 04:30.964","5","0","75 04:24.479","8","0","0","0","67301","0","0","0","N","0","0","0","2","67301","0","","1.0","100.0","1","N","N","N","0","","0","0","1","3","1","N","1155","2","2","2","0","0","2","0","2","0","2","0","0","0","3","03","","N","","","","","","","","","",""
"2021122974","1811","2","0","0","0","0","0","0","0","0","5","0","","67","12","2021","2","39.982583","-75.175778","1810","6","0","0","0","0","0","0","0","0","","0","0","0","17","3","0","N","0","1","39 58:57.300","4","0","75 10:32.800","0","0","0","0","67301","0","0","0","N","0","0","0","1","67301","0","","6.0","100.0","1","N","N","N","1","","0","0","1","0","0","Y","1750","5","0","0","0","0","0","0","2","1","5","0","0","0","3","03","","N","","","","","","","","","",""
"2021121960","2243","1","0","0","0","0","0","0","0","0","5","0","","67","12","2021","7","40.039017","-75.008596","2230","6","0","0","0","0","0","0","0","0","","0","0","0","22","3","1","N","0","0","40 02:20.461","","0","75 00:30.946","4","0","0","0","67301","0","0","0","N","0","0","0","3","68K01","1","","1.0","","9","N","N","N","1","","0","0","0","0","0","","2208","2","1","0","0","0","0","0","2","0","2","0","0","0","7","","","N","","","","","","","","","",""
"2021104496","0311","0","0","0","0","0","0","0","0","0","1","0","","67","10","2021","1","40.007233","-75.151684","0309","6","0","0","0","0","0","1","0","0","","0","0","0","3","3","1","N","0","2","40 00:26.039","2","0","75 09:06.062","3","0","0","1","67301","0","0","0","N","0","0","0","3","67301","0","","1.0","450.0","9","N","N","N","0","","1","0","1","0","0","Y","300","2","1","0","0","0","0","0","2","0","2","0","0","0","3","04","","N","","","","","","","","","",""
"2021120256","0947","2","0","0","0","0","0","0","0","0","4","0","","67","12","2021","5","40.035496","-75.178766","0947","6","0","0","0","0","0","0","0","0","","0","0","0","8","1","0","","1","0","40 02:07.785","","0","75 10:43.557","0","0","0","0","67301","0","0","0","N","0","0","0","2","67301","0","","1.0","","1","N","N","N","0","","0","0","0","3","2","","849","2","0","0","0","0","0","0","2","0","2","0","0","0","3","03","","N","","","","","","","","","",""
"2021122990","2348","1","0","0","0","0","0","0","0","0","5","0","","67","12","2021","4","40.075272","-75.046281","2344","6","0","0","0","0","0","0","0","0","","0","0","0","23","3","0","N","0","1","40 04:30.980","3","0","75 02:46.610","0","0","0","0","67301","0","0","0","N","0","0","0","1","67301","0","","6.0","124.0","1","N","N","N","0","","0","0","0","0","0","Y","2340","3","0","0","0","0","0","0","2","2","3","0","0","0","3","03","","N","","","","","","","","","",""
"2021104634","1837","2","0","0","0","0","0","0","0","0","4","0","","67","10","2021","7","39.976594","-75.158396","1836","6","0","1","0","0","0","0","0","0","","0","0","0","18","3","3","N","0","0","39 58:35.738","","7","75 09:30.226","3","0","0","0","67301","0","0","0","N","0","0","0","4","67301","0","","1.0","","1","N","N","N","0","","3","0","0","0","0","","1830","2","3","1","0","0","0","0","2","0","2","0","0","0","3","03","","N","","","","","","","","","",""
"2021103711","1250","0","0","0","0","0","0","0","0","0","8","0","","67","10","2021","3","39.958487","-75.22518","1248","6","0","0","0","0","0","1","0","0","","0","0","0","12","1","1","","1","0","39 57:30.554","","0","75 13:30.649","3","0","0","0","67301","1","0","0","N","1","0","0","2","67301","0","","1.0","","9","N","N","N","0","","1","0","1","3","2","","1244","2","1","1","0","0","0","0","2","0","1","1","0","0","4","04","","N","","","","","","","","","",""
"2021104021","1013","1","0","0","0","0","0","0","0","0","2","0","","67","10","2021","3","40.081564","-74.970872","1013","6","0","0","0","0","0","0","0","0","","0","0","0","9","1","1","N","0","0","40 04:53.630","","0","74 58:15.140","3","0","0","0","67301","0","0","0","N","0","0","0","1","67301","0","","6.0","","9","N","N","N","0","","1","0","1","0","0","","950","2","1","0","0","0","0","0","2","0","2","0","0","0","7","","","N","","","","","","","","","",""
"2021122993","1810","0","0","0","0","0","0","0","0","0","4","0","","67","12","2021","4","39.995052","-75.163187","1747","6","0","0","0","0","0","1","0","0","","0","0","0","17","3","1","","5","1","39 59:42.186","4","0","75 09:47.473","8","0","0","0","67301","0","0","0","N","0","0","0","3","67301","0","","1.0","1835.0","1","N","N","N","0","","0","0","1","3","2","Y","1740","2","1","1","0","0","1","0","2","1","2","0","0","0","3","03","","N","","","","","","","","","",""
"2021104213","0154","1","0","0","0","0","0","0","0","0","4","0","","67","10","2021","7","39.962598","-75.163039","0151","6","0","0","0","0","0","1","0","0","","0","0","0","1","3","0","","1","0","39 57:45.352","","0","75 09:46.940","0","0","0","0","67301","0","0","0","N","0","0","0","2","67301","0","","1.0","","9","N","N","N","0","","0","0","1","3","2","","125","2","0","0","0","0","0","0","2","0","2","0","0","0","7","07","","N","","","","","","","","","",""
"2021106704","1129","2","0","0","0","0","0","0","0","0","4","0","","67","10","2021","1","40.041499","-75.158367","1129","6","0","0","0","0","0","2","0","0","","0","0","0","11","8","2","","5","1","40 02:29.398","5","0","75 09:30.121","3","0","0","0","67301","0","0","0","N","0","0","0","2","67301","0","","1.0","14.0","1","N","N","N","0","","1","0","0","3","1","N","1129","2","2","0","0","0","1","0","2","0","2","0","0","0","3","","","N","","","","","","","","","",""
"2021120948","1401","0","0","0","0","0","0","0","0","0","6","0","","67","12","2021","5","39.925156","-75.229022","1401","6","0","0","0","0","0","1","0","0","","0","0","0","21","3","1","N","0","0","39 55:30.560","","0","75 13:44.480","3","0","0","0","67301","0","0","0","N","0","0","0","2","67301","0","","1.0","","1","N","N","N","0","","1","0","2","0","0","","2100","2","1","0","0","0","0","1","2","0","2","0","0","0","3","03","","N","","","","","","","","","",""
"2021104035","2350","1","0","0","0","0","0","0","0","0","8","0","","67","10","2021","6","39.985153","-75.159815","2349","6","0","0","0","0","0","0","0","0","","0","0","0","23","3","1","","1","1","39 59:06.550","1","0","75 09:35.335","3","0","0","0","67301","1","0","0","N","1","0","0","2","67505","0","","1.0","25.0","9","N","N","N","0","","1","0","0","3","2","N","2349","2","1","0","0","0","0","0","2","0","1","1","0","0","7","98","","N","","","","","","","","","",""