"CRN","ARRIVAL_TM","AUTOMOBILE_COUNT","BELTED_DEATH_COUNT","BELTED_SUSP_SERIOUS_INJ_COUNT","BICYCLE_COUNT","BICYCLE_DEATH_COUNT","BICYCLE_SUSP_SERIOUS_INJ_COUNT","BUS_COUNT","CHLDPAS_DEATH_COUNT","CHLDPAS_SUSP_SERIOUS_INJ_COUNT","COLLISION_TYPE","COMM_VEH_COUNT","CONS_ZONE_SPD_LIM","COUNTY","CRASH_MONTH","CRASH_YEAR","DAY_OF_WEEK","DEC_LATITUDE","DEC_LONGITUDE","DISPATCH_TM","DISTRICT","DRIVER_COUNT_16YR","DRIVER_COUNT_17YR","DRIVER_COUNT_18YR","DRIVER_COUNT_19YR","DRIVER_COUNT_20YR","DRIVER_COUNT_50_64YR","DRIVER_COUNT_65_74YR","DRIVER_COUNT_75PLUS","EST_HRS_CLOSED","FATAL_COUNT","HEAVY_TRUCK_COUNT","HORSE_BUGGY_COUNT","HOUR_OF_DAY","ILLUMINATION","INJURY_COUNT","INTERSECTION_RELATED","INTERSECT_TYPE","LANE_CLOSED","LATITUDE","LN_CLOSE_DIR","LOCATION_TYPE","LONGITUDE","MAX_SEVERITY_LEVEL","MCYCLE_DEATH_COUNT","MCYCLE_SUSP_SERIOUS_INJ_COUNT","MOTORCYCLE_COUNT","MUNICIPALITY","NONMOTR_COUNT","NONMOTR_DEATH_COUNT","NONMOTR_SUSP_SERIOUS_INJ_COUNT","NTFY_HIWY_MAINT","PED_COUNT","PED_DEATH_COUNT","PED_SUSP_SERIOUS_INJ_COUNT","PERSON_COUNT","POLICE_AGCY","POSSIBLE_INJ_COUNT","RDWY_SURF_TYPE_CD","RELATION_TO_ROAD","ROADWAY_CLEARED","ROAD_CONDITION","SCH_BUS_IND","SCH_ZONE_IND","SECONDARY_CRASH","SMALL_TRUCK_COUNT","SPEC_JURIS_CD","SUSP_MINOR_INJ_COUNT","SUSP_SERIOUS_INJ_COUNT","SUV_COUNT","TCD_FUNC_CD","TCD_TYPE","TFC_DETOUR_IND","TIME_OF_DAY","TOTAL_UNITS","TOT_INJ_COUNT","UNBELTED_OCC_COUNT","UNB_DEATH_COUNT","UNB_SUSP_SERIOUS_INJ_COUNT","UNK_INJ_DEG_COUNT","UNK_INJ_PER_COUNT","URBAN_RURAL","VAN_COUNT","VEHICLE_COUNT","VULNERABLE_ROAD_USER_COUNT","VULNERABLE_ROAD_USER_DEATH_COUNT","VULNERABLE_ROAD_USER_SER_INJ_COUNT","WEATHER1","WEATHER2","WORKERS_PRES","WORK_ZONE_IND","WORK_ZONE_LOC","WORK_ZONE_TYPE","WZ_CLOSE_DETOUR","WZ_FLAGGER","WZ_LAW_OFFCR_IND","WZ_LN_CLOSURE","WZ_MOVING","WZ_OTHER","WZ_SHLDER_MDN","WZ_WORKERS_INJ_KILLED"
"2021122586","1857","2","0","0","0","0","0","0","0","0","4","0","","67","12","2021","1","39.992999","-75.134514","1852","6","0","0","0","0","0","0","0","0","","0","0","0","18","3","0","","1","0","39 59:34.796","","0","75 08:04.250","0","0","0","0","67301","0","0","0","N","0","0","0","2","67301","0","","1.0","","1","N","N","N","0","","0","0","0","3","2","","1839","2","0","0","0","0","0","0","2","0","2","0","0","0","3","","","N","","","","","","","","","",""
"2021105525","1813","1","0","0","0","0","0","0","0","0","8","0","","67","11","2021","2","40.031381","-75.127597","1755","6","0","0","0","0","0","0","0","0","","0","0","0","17","3","1","N","0","0","40 01:52.970","","0","75 07:39.350","3","0","0","0","67301","1","0","0","N","1","0","0","2","67301","0","","1.0","","1","N","N","N","0","","1","0","0","0","0","","1755","2","1","0","0","0","0","1","2","0","1","1","0","0","3","","","N","","","","","","","","","",""
"2021109904","1839","0","0","0","1","0","0","0","0","0","8","0","","67","10","2021","5","40.06431","-75.153541","1839","6","0","0","0","0","0","0","0","0","","0","0","0","18","1","1","","5","0","40 03:51.516","","0","75 09:12.747","4","0","0","0","67301","1","0","0","N","0","0","0","2","67301","1","","1.0","","1","N","N","N","0","","0","0","0","3","2","","1800","2","1","0","0","0","0","0","2","0","1","1","0","0","3","03","","N","","","","","","","","","",""
"2021104422","0100","2","0","0","0","0","0","0","0","0","4","0","","67","10","2021","1","40.032209","-75.084121","0051","6","0","0","0","0","0","1","0","0","","0","0","0","0","3","1","","1","0","40 01:55.954","","0","75 05:02.837","4","0","0","0","67301","0","0","0","N","0","0","0","3","67301","1","","1.0","","9","N","N","N","0","","0","0","0","3","2","","45","2","1","0","0","0","0","1","2","0","2","0","0","0","7","07","","N","","","","","","","","","",""
"2021113607","0536","4","0","0","0","0","0","0","0","0","5","0","","67","11","2021","1","39.980856","-75.147717","0534","6","0","0","0","0","0","0","0","0","","0","0","0","5","3","0","N","0","0","39 58:51.080","","0","75 08:51.780","0","0","0","0","67301","0","0","0","N","0","0","0","1","67301","0","","6.0","","1","N","N","N","0","","0","0","3","0","0","","530","8","0","0","0","0","0","0","2","1","8","0","0","0","3","03","","N","","","","","","","","","",""
"2021121254","0215","3","0","0","0","0","0","0","0","0","1","0","","67","12","2021","1","39.978983","-75.160193","0215","6","0","0","0","0","0","0","0","0","","0","0","0","2","3","0","N","0","0","39 58:44.340","","0","75 09:36.694","0","0","0","0","67301","0","0","0","N","0","0","0","1","67505","0","","6.0","","1","N","N","Y","0","","0","0","0","0","0","","215","3","0","0","0","0","0","0","2","0","3","0","0","0","3","03","","N","","","","","","","","","",""
"2021104026","1937","1","0","0","0","0","0","0","0","0","4","0","","67","10","2021","6","40.052316","-75.007986","1937","6","0","0","0","0","0","0","0","0","","0","0","0","19","3","4","","1","1","40 03:08.339","2","0","75 00:28.750","3","0","0","0","67301","0","0","0","N","0","0","0","4","67301","0","","1.0","2020.0","9","N","N","N","0","","4","0","1","3","2","N","1937","2","4","0","0","0","0","0","2","0","2","0","0","0","7","07","","N","","","","","","","","","",""
"2021104037","0200","0","0","0","0","0","0","0","0","0","1","0","","67","10","2021","7","40.068541","-75.164241","0156","6","0","0","0","0","0","0","0","0","","0","0","0","1","3","0","N","0","0","40 04:06.748","","0","75 09:51.268","0","0","0","0","67301","0","0","0","N","0","0","0","1","67301","0","","6.0","","9","N","N","N","0","","0","0","2","0","0","","155","2","0","0","0","0","0","0","2","0","2","0","0","0","7","07","","N","","","","","","","","","",""
"2021104977","1956","0","0","0","0","0","0","0","0","0","5","0","","67","10","2021","1","39.929842","-75.170242","1955","6","0","0","0","0","0","0","0","0","","0","0","0","19","3","0","N","0","0","39 55:47.430","","0","75 10:12.870","0","0","0","0","67301","0","0","0","N","0","0","0","1","67301","0","","6.0","","1","N","N","N","0","","0","0","2","0","0","","1940","2","0","0","0","0","0","0","2","0","2","0","0","0","3","03","","N","","","","","","","","","",""
"2021114225","0228","1","0","0","0","0","0","0","0","0","7","0","","67","10","2021","7","39.981157","-75.206773","0227","6","0","0","0","0","0","0","0","0","","0","0","0","2","3","0","N","0","0","39 58:52.164","","0","75 12:24.382","0","0","0","0","67301","0","0","0","N","0","0","0","1","68K01","0","","4.0","","9","N","N","N","0","","0","0","0","0","0","","216","1","0","0","0","0","0","0","2","0","1","0","0","0","7","07","","N","","","","","","","","","",""
"2021105508","1034","0","0","0","0","0","0","0","0","0","4","0","","67","11","2021","2","39.988236","-75.183778","1028","6","0","0","0","0","1","0","0","0","","0","0","0","10","1","1","","1","0","39 59:17.649","","0","75 11:01.600","8","0","0","0","67301","0","0","0","N","0","0","0","6","67301","0","","1.0","","1","N","N","Y","1","","0","0","1","3","2","","1023","2","1","0","0","0","1","0","2","0","2","0","0","0","3","03","","N","","","","","","","","","",""
"2021120522","0600","1","0","0","0","0","0","0","0","0","1","0","","67","12","2021","5","39.955331","-75.231948","0557","6","0","0","0","0","0","1","0","0","","0","0","0","5","3","0","","1","0","39 57:19.191","","0","75 13:55.012","0","0","0","0","67301","0","0","0","N","0","0","0","2","67301","0","","1.0","","1","N","N","N","0","","0","0","1","3","2","","556","2","0","0","0","0","0","0","2","0","2","0","0","0","3","03","","N","","","","","","","","","",""
"2021104975","2254","4","0","0","0","0","0","0","0","0","4","0","","67","10","2021","1","39.919584","-75.162126","2254","6","0","0","0","0","0","0","0","0","","0","0","0","22","3","0","","1","2","39 55:10.502","4","0","75 09:43.653","9","0","0","0","67301","0","0","0","N","0","0","0","4","67301","0","","1.0","100.0","1","N","N","N","1","","0","0","0","3","3","Y","2254","6","0","0","0","0","0","1","2","1","6","0","0","0","3","","","N","","","","","","","","","",""
"2021104583","1100","1","0","0","0","0","0","0","0","0","4","0","","67","10","2021","3","40.020222","-75.148851","1100","6","0","0","0","0","0","1","0","0","","0","0","0","19","3","1","","3","0","40 01:12.800","","0","75 08:55.865","8","0","0","0","67301","0","0","0","N","0","0","0","2","67301","0","","1.0","","1","N","N","N","0","","0","0","1","3","2","","1945","2","1","0","0","0","1","0","2","0","2","0","0","0","3","","","N","","","","","","","","","",""
"2021104256","1740","1","0","0","0","0","0","0","0","0","4","0","","67","10","2021","6","40.00468","-75.152126","1720","6","0","0","0","0","0","0","0","0","","0","0","0","17","4","1","","1","0","40 00:16.847","","0","75 09:07.652","8","0","0","0","67301","0","0","0","N","0","0","0","3","67301","0","","1.0","","9","N","N","N","0","","0","0","1","3","2","","1715","2","1","1","0","0","1","0","2","0","2","0","0","0","7","04","","N","","","","","","","","","",""
"2021115749","0722","1","0","0","0","0","0","0","0","0","7","0","","67","11","2021","6","40.051731","-75.239294","0712","6","0","0","0","0","0","0","0","0","","0","0","0","5","3","0","N","0","0","40 03:06.230","","0","75 14:21.460","0","0","0","0","67301","0","0","0","N","0","0","0","1","67301","0","","5.0","","9","N","N","N","0","","0","0","0","0","0","","530","1","0","0","0","0","0","0","2","0","1","0","0","0","6","07","","N","","","","","","","","","",""
"2021105227","0018","2","0","0","0","0","0","0","0","0","4","0","","67","10","2021","1","40.043691","-75.059419","0010","6","0","0","0","0","0","0","0","0","","0","0","0","23","3","0","","1","0","40 02:37.287","","0","75 03:33.908","0","0","0","0","67301","0","0","0","N","0","0","0","4","67301","0","","1.0","","1","N","N","N","0","","0","0","0","3","3","","2340","2","0","0","0","0","0","0","2","0","2","0","0","0","3","03","","N","","","","","","","","","",""
"2021124747","2054","1","0","0","0","0","0","0","0","0","5","0","","67","12","2021","5","39.987319","-75.132744","2052","6","0","0","0","0","0","0","0","0","","0","0","0","20","3","0","N","0","0","39 59:14.350","","0","75 07:57.880","9","0","0","0","67301","0","0","0","N","0","0","0","1","67301","0","","6.0","","1","N","N","Y","0","","0","0","2","0","0","","2052","3","0","0","0","0","0","1","2","0","3","0","0","0","3","03","","N","","","","","","","","","",""
"2021125176","1554","1","0","0","0","0","0","0","0","0","1","0","","67","12","2021","5","40.053925","-74.986106","1538","6","0","0","0","0","0","0","0","0","","0","0","0","15","1","0","N","0","0","40 03:14.130","","0","74 59:09.983","0","0","0","0","67301","0","0","0","N","0","0","0","2","68K01","0","","1.0","","1","N","N","Y","0","","0","0","1","0","0","","1534","2","0","0","0","0","0","0","2","0","2","0","0","0","3","03","","N","","","","","","","","","",""
"2021120776","1809","0","0","0","0","0","0","0","0","0","5","0","","67","12","2021","5","40.032019","-75.060361","1806","6","0","0","0","0","0","0","0","1","","0","0","0","18","3","1","N","0","0","40 01:55.270","","0","75 03:37.300","3","0","0","0","67301","0","0","0","N","0","0","0","1","67301","0","","6.0","","1","N","N","N","0","","1","0","2","0","0","","1802","2","1","0","0","0","0","0","2","0","2","0","0","0","3","","","N","","","","","","","","","",""
"2021123125","1535","2","0","0","0","0","0","0","0","0","4","0","","67","12","2021","6","40.046333","-75.057668","1533","6","0","0","0","0","0","1","0","0","","0","0","0","15","1","1","N","0","0","40 02:46.797","","7","75 03:27.603","8","0","0","0","67301","0","0","0","N","0","0","0","2","67301","0","","1.0","","1","N","N","N","0","","0","0","0","0","0","","1530","2","1","0","0","0","1","0","2","0","2","0","0","0","3","","","N","","","","","","","","","",""
"2021107082","1935","1","0","0","0","0","0","0","0","0","1","0","","67","10","2021","4","39.899585","-75.16405","1919","6","0","0","0","1","0","0","0","0","","0","0","0","19","3","0","N","0","0","39 53:58.507","","3","75 09:50.579","0","0","0","0","67301","0","0","0","N","0","0","0","4","68K01","0","","1.0","","1","N","N","N","0","","0","0","1","0","0","","1914","2","0","0","0","0","0","0","2","0","2","0","0","0","3","03","","N","","","","","","","","","",""
"2021123964","2055","1","0","0","0","0","0","0","0","0","8","0","","67","12","2021","1","39.924385","-75.169738","2047","6","0","0","0","0","0","0","0","0","","0","0","0","13","1","1","","1","0","39 55:27.786","","0","75 10:11.056","3","0","0","0","67301","1","0","0","N","1","0","0","2","67301","0","","1.0","","1","N","N","N","0","","1","0","0","3","2","","1330","2","1","0","0","0","0","0","2","0","1","1","0","0","3","03","","N","","","","","","","","","",""
"2021122016","0228","1","0","0","0","0","0","0","0","0","6","0","","67","12","2021","7","40.008379","-75.084073","0228","6","0","0","0","0","0","0","0","0","","0","0","0","2","3","0","N","0","1","40 00:30.164","2","0","75 05:02.661","0","0","0","0","67301","0","0","0","N","0","0","0","1","67301","0","","6.0","200.0","9","N","N","N","0","","0","0","2","0","0","N","202","3","0","0","0","0","0","0","2","0","3","0","0","0","7","07","","N","","","","","","","","","",""
"2021104023","0115","1","0","0","0","0","0","0","0","0","4","0","","67","10","2021","6","40.05193","-74.984456","0053","6","0","0","0","0","0","0","0","0","","0","0","0","0","3","1","","1","0","40 03:06.948","","0","74 59:04.041","2","0","0","0","67301","0","0","0","N","0","0","0","2","67301","0","","1.0","","1","N","N","N","0","","0","1","1","3","2","","0","2","1","0","0","0","0","0","2","0","2","0","0","0","3","03","","N","","","","","","","","","",""
"2021122533","0513","1","0","0","0","0","0","0","0","0","1","0","","67","12","2021","1","40.05034","-75.066862","0513","6","0","0","0","0","0","0","0","0","","0","0","0","5","3","0","N","0","0","40 03:01.223","","0","75 04:00.704","0","0","0","0","67301","0","0","0","N","0","0","0","1","67301","0","","6.0","","1","N","N","N","0","","0","0","1","0","0","","513","2","0","0","0","0","0","0","2","0","2","0","0","0","3","","","N","","","","","","","","","",""
"2021116826","0835","0","0","0","0","0","0","0","0","0","4","0","","67","11","2021","7","40.002106","-75.144234","0832","6","0","0","0","0","0","1","0","0","","0","0","0","8","1","1","","5","0","40 00:07.582","","0","75 08:39.242","3","0","0","0","67301","0","0","0","N","0","0","0","2","67301","0","","1.0","","1","N","N","N","0","","1","0","1","3","2","","800","2","1","1","0","0","0","0","2","1","2","0","0","0","3","","","N","","","","","","","","","",""
"2021103315","0143","1","0","0","0","0","0","0","0","0","4","0","","67","10","2021","5","39.95844","-75.237444","0139","6","0","0","0","0","0","0","0","0","","0","0","0","1","3","0","","1","0","39 57:30.385","","0","75 14:14.799","0","0","0","0","67301","0","0","0","N","0","0","0","2","67301","0","","1.0","","1","N","N","N","0","","0","0","1","3","2","","135","2","0","0","0","0","0","0","2","0","2","0","0","0","3","03","","N","","","","","","","","","",""
"2021123214","0946","0","0","0","0","0","0","0","0","0","8","0","","67","12","2021","4","39.94778","-75.229454","0943","6","0","0","0","0","0","0","1","0","","0","0","0","9","1","1","","1","0","39 56:52.009","","0","75 13:46.036","4","0","0","0","67301","1","0","0","N","1","0","0","2","67301","1","","1.0","","1","N","N","N","0","","0","0","1","3","2","","912","2","1","1","0","0","0","0","2","0","1","1","0","0","3","03","","N","","","","","","","","","",""
"2021104399","2242","1","0","0","0","0","0","0","0","0","3","0","","67","10","2021","6","40.003611","-75.139722","2115","6","0","0","0","0","0","0","0","0","","0","0","0","21","3","0","N","0","0","40 00:13.000","","0","75 08:23.000","0","0","0","0","67301","0","0","0","N","0","0","0","3","67301","0","","1.0","","1","N","N","N","0","","0","0","0","0","0","","2115","3","0","0","0","0","0","0","2","0","3","0","0","0","3","03","","N","","","","","","","","","",""
"2021103195","0221","1","0","0","0","0","0","0","0","0","7","0","","67","10","2021","5","40.105161","-75.032846","0215","6","0","0","0","0","0","0","0","0","","0","0","0","2","3","0","","1","0","40 06:18.580","","0","75 01:58.246","0","0","0","0","67301","0","0","0","N","0","0","0","2","67301","0","","4.0","","1","N","N","N","0","","0","0","0","3","2","","214","1","0","0","0","0","0","0","2","0","1","0","0","0","3","03","","N","","","","","","","","","",""
"2021118108","1401","1","0","0","0","0","0","0","0","0","1","0","","67","11","2021","6","40.026449","-75.027074","1354","6","0","0","0","0","0","0","0","0","","0","0","0","13","1","0","N","0","0","40 01:35.218","","3","75 01:37.467","0","0","0","0","67301","0","0","0","N","0","0","0","4","68K01","0","","1.0","","1","N","N","N","2","","0","0","1","0","0","","1337","4","0","0","0","0","0","0","2","0","4","0","0","0","3","","","N","","","","","","","","","",""
"2021104128","1948","0","0","0","0","0","0","0","0","0","8","0","","67","10","2021","5","40.055114","-75.157722","1948","6","0","0","0","0","0","0","0","0","","0","0","0","15","1","1","","1","0","40 03:18.412","","0","75 09:27.798","4","0","0","0","67301","1","0","0","N","1","0","0","2","67301","1","","4.0","","1","N","N","N","0","","0","0","1","3","2","","1540","2","1","0","0","0","0","0","2","0","1","1","0","0","3","03","","N","","","","","","","","","",""
"2021125540","0404","0","0","0","0","0","0","0","0","0","7","0","","67","12","2021","4","40.047543","-75.112375","0358","6","0","0","0","0","0","1","0","0","","0","0","0","3","3","0","","3","0","40 02:51.156","","0","75 06:44.551","0","0","0","0","67301","0","0","0","N","0","0","0","1","46102","0","","5.0","","9","N","N","N","0","","0","0","1","3","2","","345","1","0","0","0","0","0","0","2","0","1","0","0","0","7","","","N","","","","","","","","","",""
"2021104141","1745","0","0","0","0","0","0","0","0","0","1","0","","67","10","2021","3","40.062754","-75.05766","1730","6","0","0","0","0","0","0","0","0","","0","0","0","16","1","1","","1","0","40 03:45.914","","0","75 03:27.576","3","0","0","0","67301","0","0","0","N","0","0","0","4","67301","0","","1.0","","9","N","N","N","0","","1","0","1","3","2","","1630","2","1","2","0","0","0","0","2","1","2","0","0","0","7","","","N","","","","","","","","","",""
"2021120419","2035","1","0","0","0","0","0","0","0","0","4","0","","67","12","2021","3","39.957598","-75.158638","2030","6","0","0","0","0","0","0","0","0","","0","0","0","20","3","0","","1","0","39 57:27.351","","3","75 09:31.098","0","0","0","0","67301","0","0","0","N","0","0","0","2","67301","0","","1.0","","1","N","N","N","0","","0","0","1","3","2","","2000","2","0","0","0","0","0","0","2","0","2","0","0","0","3","03","","N","","","","","","","","","",""
"2021115558","1250","0","0","0","1","0","0","0","0","0","8","0","","67","11","2021","7","39.99891","-75.168489","1237","6","0","0","0","0","0","0","0","0","","0","0","0","0","6","1","","1","0","39 59:56.075","","0","75 10:06.560","3","0","0","0","67301","1","0","0","N","0","0","0","2","67301","0","","1.0","","99","N","N","N","0","","1","0","0","3","2","","30","2","1","0","0","0","0","0","2","0","1","1","0","0","99","98","","N","","","","","","","","","",""
"2021124129","1130","0","0","0","0","0","0","0","0","0","8","0","","67","12","2021","3","39.925854","-75.181168","1118","6","0","0","0","0","0","0","0","1","","0","0","0","11","1","1","","1","0","39 55:33.075","","0","75 10:52.206","8","0","0","0","67301","1","0","0","N","1","0","0","3","67301","0","","1.0","","1","N","N","N","0","","0","0","1","3","2","","1115","2","1","0","0","0","1","0","2","0","1","1","0","0","3","","","N","","","","","","","","","",""
"2021122075","1936","2","0","0","0","0","0","0","0","0","4","0","","67","12","2021","2","40.074464","-75.03495","1933","6","0","0","0","0","0","0","0","0","","0","0","0","19","3","1","","1","0","40 04:28.071","","0","75 02:05.821","8","0","0","0","67301","0","0","0","N","0","0","0","4","67301","0","","1.0","","1","N","N","N","0","","0","0","0","3","2","","1930","3","1","0","0","0","1","0","2","1","3","0","0","0","3","03","","N","","","","","","","","","",""
"2021106276","0033","2","0","0","0","0","0","0","0","0","1","0","","67","10","2021","5","39.911619","-75.17239","0027","6","0","0","0","0","0","0","0","0","","0","0","0","22","3","2","N","0","0","39 54:41.827","","0","75 10:20.604","3","0","0","0","67301","0","0","0","N","0","0","0","4","67301","0","","1.0","","1","N","N","N","0","","2","0","0","0","0","","2230","2","2","0","0","0","0","2","2","0","2","0","0","0","3","03","","N","","","","","","","","","",""
"2021121288","0850","2","0","0","0","0","0","0","0","0","4","0","","67","12","2021","4","39.969014","-75.141695","0846","6","0","0","0","0","0","0","0","0","","0","0","0","8","1","1","","1","0","39 58:08.450","","0","75 08:30.103","3","0","0","0","67301","0","0","0","N","0","0","0","2","67301","0","","1.0","","1","N","N","N","0","","1","0","0","3","3","","805","2","1","0","0","0","0","0","2","0","2","0","0","0","3","03","","N","","","","","","","","","",""
"2021105247","0130","1","0","0","0","0","0","0","0","0","5","0","","67","10","2021","1","39.974167","-75.204556","0127","6","0","0","0","0","0","0","0","0","","0","0","0","0","3","0","N","0","1","39 58:27.000","4","0","75 12:16.400","9","0","0","0","67301","0","0","0","N","0","0","0","2","67301","0","","6.0","53.0","9","N","N","N","0","","0","0","2","0","0","N","30","3","0","0","0","0","0","1","2","0","3","0","0","0","7","07","","N","","","","","","","","","",""
"2021104775","0455","0","0","0","0","0","0","0","0","0","0","0","","67","10","2021","1","39.894612","-75.236717","0455","6","0","0","0","0","0","0","0","0","","0","0","0","4","3","1","","1","1","39 53:40.603","3","0","75 14:12.181","3","0","0","0","67301","0","0","0","N","0","0","0","2","67301","0","","1.0","630.0","9","N","N","N","0","","1","0","1","3","2","N","450","1","1","1","0","0","0","0","2","0","1","0","0","0","7","07","","N","","","","","","","","","",""
"2021121856","1943","1","0","0","0","0","0","0","0","0","4","0","","67","12","2021","1","40.118881","-75.017968","1938","6","0","0","1","0","0","0","0","0","","0","0","0","19","3","1","","1","1","40 07:07.973","2","0","75 01:04.686","3","0","0","0","67301","0","0","0","N","0","0","0","3","67301","0","","1.0","2039.0","1","N","N","N","0","","1","0","1","1","2","N","1937","2","1","0","0","0","0","2","2","0","2","0","0","0","3","","","N","","","","","","","","","",""
"2021107843","1833","0","0","0","0","0","0","0","0","0","7","0","","67","10","2021","7","39.950467","-75.192786","1829","6","0","0","0","0","0","1","0","0","","0","0","0","18","4","0","N","0","0","39 57:01.680","","0","75 11:34.030","0","0","0","0","67301","0","0","0","N","0","0","0","1","67504","0","","4.0","","1","N","N","Y","0","","0","0","1","0","0","","1828","1","0","0","0","0","0","0","2","0","1","0","0","0","3","03","","N","","","","","","","","","",""
"2021122873","0147","3","0","0","0","0","0","0","0","0","6","0","","67","12","2021","4","40.059672","-75.028019","0145","6","0","0","0","0","0","0","0","0","","0","0","0","1","3","1","N","0","1","40 03:34.820","2","0","75 01:40.870","3","0","0","0","67301","0","0","0","N","0","0","0","1","67301","0","","6.0","30.0","1","N","N","N","0","","1","0","1","0","0","N","143","4","1","0","0","0","0","0","2","0","4","0","0","0","3","03","","N","","","","","","","","","",""
"2021104225","2120","1","0","0","0","0","0","0","0","0","5","0","","67","10","2021","6","39.931111","-75.15475","2100","6","0","0","0","0","0","0","0","0","","0","0","0","20","2","0","N","0","0","39 55:52.000","","0","75 09:17.100","0","0","0","0","67301","0","0","0","N","0","0","0","1","67301","0","","6.0","","9","N","N","N","0","","0","0","2","0","0","","2000","3","0","0","0","0","0","0","2","0","3","0","0","0","7","04","","N","","","","","","","","","",""
"2021104284","1820","2","0","0","0","0","0","0","0","0","4","0","","67","10","2021","4","40.04119","-75.225127","1810","6","0","0","0","0","0","1","0","0","","0","0","0","17","3","1","N","0","0","40 02:28.283","","7","75 13:30.456","8","0","0","0","67301","0","0","0","N","0","0","0","4","67301","0","","1.0","","1","N","N","N","0","","0","0","0","0","0","","1737","2","1","3","0","0","1","0","2","0","2","0","0","0","3","03","","N","","","","","","","","","",""
"2021106642","0903","0","0","0","0","0","0","0","0","0","7","0","","67","10","2021","6","39.968382","-75.129556","0855","6","0","0","0","0","0","1","0","0","","0","0","0","8","1","1","N","7","1","39 58:06.174","1","2","75 07:46.403","8","0","0","0","67301","0","0","0","Y","0","0","0","1","68K01","0","","4.0","930.0","1","N","N","N","0","","0","0","1","0","0","N","854","1","1","0","0","0","1","0","2","0","1","0","0","0","3","","","N","","","","","","","","","",""
"2021105920","0743","1","0","0","0","0","0","0","0","0","5","3","45","67","9","2021","4","40.020518","-75.042736","0743","6","0","0","0","0","0","1","0","0","","1","3","0","7","1","3","N","0","1","40 01:13.865","1","0","75 02:33.849","1","0","0","0","67301","1","1","0","N","1","1","0","6","68K01","0","1","2.0","1300.0","1","N","N","N","0","0","2","0","1","0","0","N","742","6","3","0","0","0","1","0","2","0","5","1","1","0","3","03","Y","Y","4","1","","","N","Y","","","Y","N"
"2021104148","1313","1","0","0","0","0","0","0","0","0","5","0","","67","10","2021","5","39.987694","-75.182306","1305","6","0","0","0","0","0","0","0","0","","0","0","0","12","1","0","N","0","2","39 59:15.700","2","0","75 10:56.300","0","0","0","0","67301","0","0","0","N","0","0","0","2","67301","0","","6.0","1439.0","1","N","N","Y","0","","0","0","1","0","0","Y","1252","3","0","0","0","0","0","0","2","1","3","0","0","0","3","03","","N","","","","","","","","","",""
"2021104288","0215","0","0","0","0","0","0","0","0","0","8","0","","67","8","2021","2","39.998028","-75.115736","0200","6","0","0","0","0","0","0","0","0","","0","0","0","0","3","1","N","0","0","39 59:52.900","","0","75 06:56.650","3","0","0","0","67301","1","0","0","N","1","0","0","2","67301","0","","2.0","","9","N","N","N","0","","1","0","0","0","0","","0","2","1","0","0","0","0","1","2","0","1","1","0","0","7","04","","N","","","","","","","","","",""
"2021116207","2032","1","0","0","0","0","0","0","0","0","7","0","","67","10","2021","7","39.921826","-75.147949","2032","6","0","0","0","0","0","0","0","0","","0","0","0","20","3","1","N","0","2","39 55:18.572","2","3","75 08:52.616","3","0","0","0","67301","0","0","0","N","0","0","0","1","68K01","0","","4.0","2101.0","1","N","N","N","0","","1","0","0","0","0","N","2032","1","1","0","0","0","0","0","2","0","1","0","0","0","3","","","N","","","","","","","","","",""
"2021105796","0715","1","0","0","0","0","0","0","0","0","7","0","","67","11","2021","4","40.001585","-75.152798","0713","6","0","0","0","0","0","0","0","0","","0","0","0","7","1","0","","1","1","40 00:05.705","1","0","75 09:10.074","9","0","0","0","67301","0","0","0","N","0","0","0","1","67505","0","","3.0","930.0","1","N","N","N","0","","0","0","0","3","2","N","710","1","0","0","0","0","0","1","2","0","1","0","0","0","3","03","","N","","","","","","","","","",""
"2021104976","1738","0","0","0","0","0","0","0","0","0","8","0","","67","10","2021","1","39.930933","-75.181594","1737","6","0","0","0","0","0","0","0","0","","0","0","0","17","1","1","N","0","0","39 55:51.360","","0","75 10:53.740","3","0","0","0","67301","1","0","0","N","1","0","0","2","67301","0","","1.0","","1","N","N","N","0","","1","0","0","3","2","","1736","2","1","0","0","0","0","1","2","0","1","1","0","0","3","03","","N","","","","","","","","","",""
"2021104169","0844","2","0","0","0","0","0","0","0","0","1","0","","67","10","2021","4","39.968172","-75.130271","0827","6","0","0","0","0","0","0","0","0","","0","0","0","8","1","1","N","0","0","39 58:05.418","","0","75 07:48.975","8","0","0","0","67301","0","0","0","N","0","0","0","3","68K01","0","","1.0","","1","N","N","N","0","","0","0","0","3","8","","826","2","1","0","0","0","1","0","2","0","2","0","0","0","3","03","","N","","","","","","","","","",""
"2021104679","2015","1","0","0","0","0","0","0","0","0","1","0","","67","10","2021","4","39.900717","-75.193864","1958","6","0","0","0","0","0","1","0","0","","0","0","0","18","2","1","N","0","0","39 54:02.580","","0","75 11:37.910","4","0","0","0","67301","0","0","0","N","0","0","0","4","67301","1","","1.0","","1","N","N","N","1","","0","0","1","0","0","","1838","3","1","4","0","0","0","0","2","0","3","0","0","0","3","03","","N","","","","","","","","","",""