"CRN","ARRIVAL_TM","AUTOMOBILE_COUNT","BELTED_DEATH_COUNT","BELTED_SUSP_SERIOUS_INJ_COUNT","BICYCLE_COUNT","BICYCLE_DEATH_COUNT","BICYCLE_SUSP_SERIOUS_INJ_COUNT","BUS_COUNT","CHLDPAS_DEATH_COUNT","CHLDPAS_SUSP_SERIOUS_INJ_COUNT","COLLISION_TYPE","COMM_VEH_COUNT","CONS_ZONE_SPD_LIM","COUNTY","CRASH_MONTH","CRASH_YEAR","DAY_OF_WEEK","DEC_LATITUDE","DEC_LONGITUDE","DISPATCH_TM","DISTRICT","DRIVER_COUNT_16YR","DRIVER_COUNT_17YR","DRIVER_COUNT_18YR","DRIVER_COUNT_19YR","DRIVER_COUNT_20YR","DRIVER_COUNT_50_64YR","DRIVER_COUNT_65_74YR","DRIVER_COUNT_75PLUS","EST_HRS_CLOSED","FATAL_COUNT","HEAVY_TRUCK_COUNT","HORSE_BUGGY_COUNT","HOUR_OF_DAY","ILLUMINATION","INJURY_COUNT","INTERSECTION_RELATED","INTERSECT_TYPE","LANE_CLOSED","LATITUDE","LN_CLOSE_DIR","LOCATION_TYPE","LONGITUDE","MAX_SEVERITY_LEVEL","MCYCLE_DEATH_COUNT","MCYCLE_SUSP_SERIOUS_INJ_COUNT","MOTORCYCLE_COUNT","MUNICIPALITY","NONMOTR_COUNT","NONMOTR_DEATH_COUNT","NONMOTR_SUSP_SERIOUS_INJ_COUNT","NTFY_HIWY_MAINT","PED_COUNT","PED_DEATH_COUNT","PED_SUSP_SERIOUS_INJ_COUNT","PERSON_COUNT","POLICE_AGCY","POSSIBLE_INJ_COUNT","RDWY_SURF_TYPE_CD","RELATION_TO_ROAD","ROADWAY_CLEARED","ROAD_CONDITION","SCH_BUS_IND","SCH_ZONE_IND","SECONDARY_CRASH","SMALL_TRUCK_COUNT","SPEC_JURIS_CD","SUSP_MINOR_INJ_COUNT","SUSP_SERIOUS_INJ_COUNT","SUV_COUNT","TCD_FUNC_CD","TCD_TYPE","TFC_DETOUR_IND","TIME_OF_DAY","TOTAL_UNITS","TOT_INJ_COUNT","UNBELTED_OCC_COUNT","UNB_DEATH_COUNT","UNB_SUSP_SERIOUS_INJ_COUNT","UNK_INJ_DEG_COUNT","UNK_INJ_PER_COUNT","URBAN_RURAL","VAN_COUNT","VEHICLE_COUNT","VULNERABLE_ROAD_USER_COUNT","VULNERABLE_ROAD_USER_DEATH_COUNT","VULNERABLE_ROAD_USER_SER_INJ_COUNT","WEATHER1","WEATHER2","WORKERS_PRES","WORK_ZONE_IND","WORK_ZONE_LOC","WORK_ZONE_TYPE","WZ_CLOSE_DETOUR","WZ_FLAGGER","WZ_LAW_OFFCR_IND","WZ_LN_CLOSURE","WZ_MOVING","WZ_OTHER","WZ_SHLDER_MDN","WZ_WORKERS_INJ_KILLED"
"2021106908","2252","1","0","0","0","0","0","0","0","0","7","0","","67","10","2021","2","39.982838","-75.207867","2250","6","0","0","0","0","0","0","0","0","","0","0","0","22","3","0","N","0","1","39 58:58.217","4","0","75 12:28.322","0","0","0","0","67301","0","0","0","N","0","0","0","2","68K01","0","","3.0","2308.0","9","N","N","N","0","","0","0","0","0","0","N","2250","1","0","0","0","0","0","0","2","0","1","0","0","0","7","","","N","","","","","","","","","",""
"2021105072","1231","1","0","0","0","0","0","0","0","0","1","1","","67","10","2021","7","40.014533","-75.055478","1211","6","0","0","0","0","0","0","1","0","","0","1","0","12","1","2","N","0","0","40 00:52.319","","0","75 03:19.719","4","0","0","0","67301","0","0","0","N","0","0","0","3","68K01","2","","1.0","","1","N","N","N","0","","0","0","0","0","0","","1207","2","2","0","0","0","0","0","2","0","2","0","0","0","3","03","","N","","","","","","","","","",""
"2021104952","1638","1","0","0","0","0","0","0","0","0","8","0","","67","10","2021","2","39.996295","-75.185362","1623","6","0","0","0","0","0","0","0","0","","1","0","0","16","1","0","","1","0","39 59:46.663","","0","75 11:07.303","1","0","0","0","67301","1","1","0","N","1","1","0","2","67301","0","2","1.0","","1","N","N","N","0","0","0","0","0","3","2","","1622","2","0","0","0","0","0","0","2","0","1","1","1","0","3","03","","N","","","","","","","","","",""
"2021053140","1225","1","0","0","0","0","0","0","0","0","1","0","","67","5","2021","7","39.992614","-75.244898","1225","6","0","0","0","0","0","1","0","0","","0","0","0","12","1","1","N","0","2","39 59:33.409","2","0","75 14:41.632","3","0","0","0","67301","0","0","0","N","0","0","0","2","46104","0","","1.0","30.0","9","N","N","N","0","","1","0","1","0","0","N","1225","2","1","0","0","0","0","0","2","0","2","0","0","0","7","","","N","","","","","","","","","",""
"2021108906","1655","0","0","0","0","0","0","0","0","0","5","1","","67","11","2021","3","40.100605","-74.988255","1649","6","0","0","0","0","0","0","0","0","","0","1","0","16","4","0","N","0","1","40 06:02.177","3","0","74 59:17.718","0","0","0","0","67301","0","0","0","N","0","0","0","3","67301","0","","1.0","2000.0","1","N","N","N","1","","0","0","0","0","0","N","1630","2","0","0","0","0","0","0","2","0","2","0","0","0","3","03","","N","","","","","","","","","",""
"2021106710","1406","1","0","0","0","0","0","0","0","0","8","0","","67","11","2021","5","40.018024","-75.155028","1403","6","0","0","0","1","0","0","0","0","","0","0","0","14","1","1","","2","0","40 01:04.885","","0","75 09:18.101","8","0","0","0","67301","1","0","0","N","1","0","0","2","67301","0","","1.0","","1","N","N","N","0","","0","0","0","3","2","","1401","2","1","1","0","0","1","0","2","0","1","1","0","0","3","03","","N","","","","","","","","","",""
"2021104495","0058","1","0","0","0","0","0","0","0","0","8","0","","67","10","2021","6","40.009832","-75.166871","0053","6","0","0","0","0","0","0","0","0","","1","0","0","23","3","0","","1","0","40 00:35.396","","0","75 10:00.737","1","0","0","0","67301","1","1","0","N","1","1","0","2","67301","0","2","9.0","","9","N","N","N","0","0","0","0","0","3","2","","2327","2","0","0","0","0","0","1","2","0","1","1","1","0","7","07","","N","","","","","","","","","",""
"2021106351","0228","1","0","0","0","0","0","0","0","0","7","0","","67","11","2021","5","40.090998","-75.046929","0222","6","0","0","0","0","0","0","0","0","","0","0","0","2","3","0","N","0","0","40 05:27.593","","0","75 02:48.943","0","0","0","0","67301","0","0","0","N","0","0","0","1","67301","0","","5.0","","1","N","N","N","0","","0","0","0","0","0","","215","1","0","0","0","0","0","0","2","0","1","0","0","0","3","","","N","","","","","","","","","",""
"2021106903","1309","1","0","0","0","0","0","0","0","0","5","0","","67","10","2021","6","39.906736","-75.14982","1304","6","0","0","1","0","0","0","0","0","","0","0","0","12","1","1","N","0","0","39 54:24.251","","0","75 08:59.353","3","0","0","0","67301","0","0","0","N","0","0","0","2","68K01","0","","1.0","","1","N","N","N","0","","1","0","0","0","0","","1259","2","1","0","0","0","0","1","2","0","2","0","0","0","3","","","N","","","","","","","","","",""
"2021105229","1843","1","0","0","0","0","0","0","0","0","8","0","","67","10","2021","1","40.036587","-75.053594","1831","6","0","0","0","0","0","0","0","0","","0","0","0","18","2","1","","1","0","40 02:11.713","","0","75 03:12.938","3","0","0","0","67301","1","0","0","N","1","0","0","1","67301","0","","1.0","","1","N","N","N","0","","1","0","0","3","3","","1830","2","1","0","0","0","0","0","2","0","1","1","0","0","3","03","","N","","","","","","","","","",""
"2021105207","1558","1","0","0","0","0","0","0","0","0","4","0","","67","11","2021","2","39.945139","-75.150044","1547","6","0","0","0","0","0","0","0","0","","0","0","0","14","1","1","","1","2","39 56:42.500","4","0","75 09:00.158","3","0","0","0","67301","0","0","0","N","0","0","0","2","67301","0","","1.0","1810.0","1","N","N","N","0","","1","0","0","3","2","Y","1433","2","1","0","0","0","0","0","2","1","2","0","0","0","3","03","","N","","","","","","","","","",""
"2021106705","1105","0","0","0","0","0","0","1","0","0","5","2","40","67","11","2021","3","40.019389","-75.163262","1019","6","0","0","0","0","0","0","0","0","","0","1","0","10","1","0","N","0","2","40 01:09.800","1","3","75 09:47.742","0","0","0","0","67301","0","0","0","N","0","0","0","2","67301","0","","1.0","1300.0","1","N","N","N","0","","0","0","0","0","0","Y","1018","2","0","0","0","0","0","0","2","0","2","0","0","0","4","","Y","Y","4","1","N","N","N","N","N","Y","N","N"
"2021102915","1936","1","0","0","0","0","0","0","0","0","7","0","","67","7","2021","1","39.923413","-75.147353","1930","6","0","0","0","1","0","0","0","0","","0","0","0","19","1","0","N","0","1","39 55:24.285","1","0","75 08:50.472","0","0","0","0","67301","0","0","0","N","0","0","0","1","68K01","0","","2.0","2010.0","1","N","N","N","0","","0","0","0","0","0","N","1921","1","0","0","0","0","0","0","2","0","1","0","0","0","3","","","N","","","","","","","","","",""
"2021106010","1750","0","0","0","0","0","0","0","0","0","1","0","","67","10","2021","3","40.049012","-74.996765","1701","6","0","0","0","0","0","1","1","0","","0","0","0","17","1","2","N","0","0","40 02:56.444","","0","74 59:48.353","8","0","0","0","67301","0","0","0","N","0","0","0","3","68K01","0","","1.0","","1","N","N","N","0","","0","0","3","0","0","","1700","3","2","0","0","0","2","0","2","0","3","0","0","0","3","03","","N","","","","","","","","","",""
"2021122718","0924","0","0","0","0","0","0","0","0","0","5","0","","67","12","2021","1","39.945684","-75.189936","0908","6","0","0","0","0","0","1","0","0","","0","0","0","9","1","1","N","0","0","39 56:44.462","","0","75 11:23.770","8","0","0","0","67301","0","0","0","N","0","0","0","2","68K01","0","","1.0","","1","N","N","N","0","","0","0","1","0","0","","905","2","1","0","0","0","1","1","2","0","2","0","0","0","3","","","N","","","","","","","","","",""
"2021111361","1929","0","0","0","1","0","1","0","0","0","8","1","","67","10","2021","2","39.935264","-75.153836","1928","6","0","0","0","0","0","0","1","0","","0","1","0","13","1","1","N","0","0","39 56:06.950","","0","75 09:13.810","2","0","0","0","67301","1","0","1","N","0","0","0","2","67301","0","","1.0","","1","N","N","N","0","","0","1","0","0","0","","1330","2","1","1","0","0","0","0","2","0","1","1","0","1","3","03","","N","","","","","","","","","",""
"2021087341","0205","2","0","0","0","0","0","0","0","0","6","0","","67","8","2021","6","39.994833","-75.148778","0200","6","0","0","0","0","0","0","0","0","","0","0","0","1","3","0","N","0","0","39 59:41.400","","0","75 08:55.600","0","0","0","0","67301","0","0","0","N","0","0","0","1","67301","0","","6.0","","1","N","N","N","0","","0","0","1","0","0","","157","3","0","0","0","0","0","0","2","0","3","0","0","0","3","","","N","","","","","","","","","",""
"2021121597","1414","1","0","0","0","0","0","1","0","0","5","1","","67","12","2021","4","40.056269","-75.149467","1414","6","0","0","0","0","0","0","0","0","","0","0","0","17","1","4","N","0","0","40 03:22.570","","0","75 08:58.080","8","0","0","0","67301","0","0","0","N","0","0","0","5","67301","0","","1.0","","1","N","N","N","0","","0","0","0","3","2","","1700","2","4","0","0","0","4","1","2","0","2","0","0","0","3","03","","N","","","","","","","","","",""
"2021108688","0841","1","0","0","0","0","0","0","0","0","1","0","","67","11","2021","4","39.943816","-75.192159","0759","6","0","0","0","0","0","0","0","0","","0","0","0","7","1","1","N","7","0","39 56:37.738","","2","75 11:31.773","3","0","0","0","67301","0","0","0","N","0","0","0","2","68K01","0","","1.0","","1","N","N","N","0","","1","0","1","0","0","","755","2","1","0","0","0","0","0","2","0","2","0","0","0","3","03","","N","","","","","","","","","",""
"2021082481","1825","2","0","0","0","0","0","0","0","0","4","0","","67","8","2021","1","39.953365","-75.216148","1822","6","0","0","0","0","0","1","0","0","","0","0","0","18","1","2","","1","0","39 57:12.114","","0","75 12:58.132","3","0","0","0","67301","0","0","0","N","0","0","0","3","67301","0","","1.0","","1","N","N","N","0","","2","0","1","2","2","","1820","3","2","2","0","0","0","0","2","0","3","0","0","0","3","03","","N","","","","","","","","","",""
"2021106727","0750","2","0","0","0","0","0","0","0","0","4","0","","67","11","2021","4","40.053919","-75.236058","0747","6","0","0","0","0","0","0","0","0","","0","0","0","7","1","0","N","0","0","40 03:14.107","","7","75 14:09.807","0","0","0","0","67301","0","0","0","N","0","0","0","4","67301","0","","1.0","","1","N","N","N","0","","0","0","0","0","0","","736","2","0","0","0","0","0","0","2","0","2","0","0","0","3","03","","N","","","","","","","","","",""
"2021106145","0437","1","0","0","0","0","0","0","0","0","7","0","","67","10","2021","7","39.983927","-75.208157","0432","6","0","0","0","0","0","0","0","0","","0","0","0","4","3","0","N","0","2","39 59:02.136","4","0","75 12:29.364","0","0","0","0","67301","0","0","0","N","0","0","0","1","68K01","0","","4.0","445.0","9","N","N","N","0","","0","0","0","0","0","N","428","1","0","0","0","0","0","0","2","0","1","0","0","0","7","07","","N","","","","","","","","","",""
"2021110874","0445","0","0","0","0","0","0","0","0","0","4","0","","67","10","2021","1","39.989911","-75.184382","0428","6","0","0","0","0","0","0","0","0","","0","0","0","4","3","3","","1","2","39 59:23.678","7","0","75 11:03.775","8","0","0","0","67301","0","0","0","N","0","0","0","3","67301","0","","1.0","600.0","1","N","N","N","0","","0","0","2","3","2","Y","428","2","3","0","0","0","3","0","2","0","2","0","0","0","3","03","","N","","","","","","","","","",""
"2021110647","1647","2","0","0","0","0","0","0","0","0","4","0","","67","11","2021","2","39.960012","-75.165292","1647","6","0","0","0","0","0","0","0","0","","0","0","0","16","1","1","","1","0","39 57:36.042","","0","75 09:55.050","3","0","0","0","67301","0","0","0","N","0","0","0","2","67301","0","","1.0","","1","N","N","N","0","","1","0","0","3","2","","1647","2","1","0","0","0","0","0","2","0","2","0","0","0","3","03","","N","","","","","","","","","",""
"2021105765","2154","1","0","0","0","0","0","0","0","0","8","0","","67","11","2021","2","39.991193","-75.132897","2149","6","0","0","0","0","0","0","0","0","","1","0","0","21","3","0","","1","2","39 59:28.296","6","0","75 07:58.428","1","0","0","0","67301","1","1","0","N","1","1","0","2","67301","0","2","3.0","130.0","1","N","N","N","0","0","0","0","0","3","2","Y","2149","2","0","0","0","0","0","0","2","0","1","1","1","0","3","03","","N","","","","","","","","","",""
"2021091873","1400","1","0","0","0","0","0","0","0","0","4","0","","67","9","2021","3","40.005434","-75.082569","1400","6","0","0","0","0","0","0","0","0","","0","0","0","14","1","2","","2","2","40 00:19.562","7","0","75 04:57.248","3","0","0","0","67301","0","0","0","N","0","0","0","3","67301","0","","1.0","1500.0","1","N","N","N","0","","2","0","3","3","3","Y","1400","4","2","3","0","0","0","0","2","0","4","0","0","0","3","04","","N","","","","","","","","","",""
"2021110382","1755","2","0","0","0","0","0","0","0","0","4","0","","67","11","2021","4","40.037797","-75.037908","1750","6","0","0","0","0","0","0","0","0","","0","0","0","17","3","1","","1","0","40 02:16.070","","0","75 02:16.468","8","0","0","0","67301","0","0","0","N","0","0","0","2","67301","0","","1.0","","1","N","N","N","0","","0","0","0","3","2","","1745","2","1","0","0","0","1","0","2","0","2","0","0","0","3","03","","N","","","","","","","","","",""
"2021096384","2300","1","0","0","0","0","0","0","0","0","4","0","","67","10","2021","3","39.961428","-75.2368","2256","6","0","0","0","0","0","0","0","0","","0","0","0","22","3","1","","1","0","39 57:41.141","","0","75 14:12.480","3","0","0","0","67301","0","0","0","N","0","0","0","2","67301","0","","1.0","","1","N","N","N","0","","1","0","0","3","2","","2244","2","1","0","0","0","0","0","2","1","2","0","0","0","3","03","","N","","","","","","","","","",""
"2021099955","1731","1","0","0","0","0","0","0","0","0","4","0","","67","10","2021","7","40.010471","-75.136173","1730","6","0","0","0","0","0","0","0","0","","0","0","0","17","1","0","","1","0","40 00:37.695","","0","75 08:10.222","0","0","0","0","67301","0","0","0","N","0","0","0","2","67301","0","","1.0","","1","N","N","N","0","","0","0","0","3","3","","1730","2","0","0","0","0","0","0","2","0","2","0","0","0","3","03","","N","","","","","","","","","",""
"2021094156","1605","2","0","0","0","0","0","0","0","0","4","0","","67","10","2021","2","40.057354","-75.076833","1600","6","0","0","0","0","0","0","0","0","","0","0","0","15","1","1","","1","0","40 03:26.473","","99","75 04:36.598","3","0","0","0","67301","0","0","0","N","0","0","0","2","67301","0","","1.0","","1","N","N","N","0","","1","0","0","3","2","","1530","2","1","0","0","0","0","0","2","0","2","0","0","0","3","","","N","","","","","","","","","",""
"2021094120","1740","2","0","0","0","0","0","0","0","0","6","0","","67","10","2021","6","40.063318","-74.985518","1734","6","0","0","0","0","0","0","0","1","","0","0","0","17","1","4","","2","2","40 03:47.944","6","0","74 59:07.865","2","0","0","0","67301","0","0","0","N","0","0","0","5","67301","2","","1.0","1900.0","1","N","N","N","0","","0","2","1","3","2","N","1732","3","4","0","0","0","0","0","2","0","3","0","0","0","3","03","","N","","","","","","","","","",""
"2021119444","2034","0","0","0","0","0","0","0","0","0","8","0","","67","10","2021","6","39.971038","-75.155724","2034","6","0","0","0","0","0","0","0","0","","0","0","0","9","1","1","","1","0","39 58:15.737","","0","75 09:20.607","8","0","0","0","67301","1","0","0","N","1","0","0","2","67301","0","","1.0","","1","N","N","N","0","","0","0","1","3","2","","915","2","1","0","0","0","1","1","2","0","1","1","0","0","3","03","","N","","","","","","","","","",""
"2021117519","","0","0","0","0","0","0","0","0","0","4","0","","67","10","2021","3","40.074548","-75.166398","","6","0","0","0","0","0","0","1","0","","0","0","0","8","3","1","","1","0","40 04:28.372","","0","75 09:59.032","8","0","0","0","67301","0","0","0","N","0","0","0","2","00000","0","","1.0","","1","N","N","N","0","","0","0","1","3","3","","820","2","1","0","0","0","1","0","2","0","2","0","0","0","3","","","N","","","","","","","","","",""
"2021093017","0905","1","0","0","1","0","0","0","0","0","8","0","","67","9","2021","5","39.957931","-75.164145","0902","6","0","0","0","0","0","0","0","0","","0","0","0","9","1","1","","1","0","39 57:28.550","","8","75 09:50.921","3","0","0","0","67301","1","0","0","N","0","0","0","2","67301","0","","1.0","","1","N","N","N","0","","1","0","0","3","2","","901","2","1","0","0","0","0","0","2","0","1","1","0","0","3","03","","N","","","","","","","","","",""
"2021095539","1948","1","0","0","0","0","0","0","0","0","4","0","","67","10","2021","2","39.914889","-75.156622","1944","6","0","0","0","1","0","0","0","0","","0","0","0","19","3","2","","2","1","39 54:53.602","4","0","75 09:23.839","3","0","0","0","67301","0","0","0","N","0","0","0","6","67301","0","","1.0","2100.0","1","N","N","N","0","","2","0","1","0","0","N","1934","2","2","0","0","0","0","0","2","0","2","0","0","0","3","","","N","","","","","","","","","",""
"2021096315","0448","0","0","0","0","0","0","0","0","0","5","0","","67","7","2021","7","39.949033","-75.234081","0445","6","0","0","0","0","0","0","0","0","","0","0","0","4","5","2","N","0","0","39 56:56.520","","0","75 14:02.690","3","0","0","0","67301","0","0","0","N","0","0","0","2","67301","0","","6.0","","1","N","N","N","0","","2","0","3","0","0","","439","3","2","0","0","0","0","0","2","0","3","0","0","0","3","03","","N","","","","","","","","","",""
"2021111323","1640","1","0","0","0","0","0","0","0","0","7","0","","67","11","2021","1","40.027456","-75.165139","1638","6","0","0","0","0","0","0","0","0","","0","0","0","16","4","0","N","0","0","40 01:38.840","","0","75 09:54.500","9","0","0","0","67301","0","0","0","N","0","0","0","1","67301","0","","5.0","","99","N","N","N","0","","0","0","0","0","0","","1630","1","0","0","0","0","0","1","2","0","1","0","0","0","3","","","N","","","","","","","","","",""
"2021102285","0901","1","0","0","0","0","0","0","0","0","5","0","","67","10","2021","4","40.042328","-75.126275","0900","6","0","0","0","0","0","0","0","0","","0","0","0","8","1","0","N","0","0","40 02:32.380","","0","75 07:34.590","0","0","0","0","67301","0","0","0","N","0","0","0","1","67301","0","","6.0","","1","N","N","N","0","","0","0","1","0","0","","859","2","0","0","0","0","0","0","2","0","2","0","0","0","4","04","","N","","","","","","","","","",""
"2021112212","1626","0","0","0","0","0","0","0","0","0","8","0","","67","11","2021","1","40.078924","-75.025338","1626","6","0","0","0","0","0","0","0","0","","0","0","0","0","6","1","N","0","0","40 04:44.128","","7","75 01:31.218","3","0","0","0","67301","1","0","0","N","1","0","0","2","67301","0","","5.0","","99","N","N","N","0","","1","0","1","0","0","","30","2","1","0","0","0","0","1","2","0","1","1","0","0","99","","","N","","","","","","","","","",""
"2021110197","0545","3","0","0","0","0","0","0","0","0","5","1","","67","9","2021","3","39.985264","-75.09655","0545","6","0","0","0","0","0","0","0","0","","0","1","0","5","1","0","N","0","0","39 59:06.950","","0","75 05:47.580","9","0","0","0","67301","0","0","0","N","0","0","0","2","67301","0","","6.0","","1","N","N","N","0","","0","0","1","0","0","","535","5","0","0","0","0","0","1","2","0","5","0","0","0","3","","","N","","","","","","","","","",""
"2021110649","1639","1","0","0","0","0","0","0","0","0","4","0","","67","11","2021","7","39.967095","-75.206655","1639","6","0","0","0","0","0","0","0","0","","0","0","0","16","4","1","","1","0","39 58:01.543","","0","75 12:23.959","3","0","0","0","67301","0","0","0","N","0","0","0","2","67301","0","","1.0","","1","N","N","N","0","","1","0","1","3","3","","1627","2","1","0","0","0","0","0","2","0","2","0","0","0","3","03","","N","","","","","","","","","",""
"2021112764","2330","1","0","0","0","0","0","0","0","0","5","1","","67","11","2021","5","39.958379","-75.224314","2320","6","0","0","0","0","0","0","0","0","","0","1","0","23","3","0","N","0","2","39 57:30.166","3","0","75 13:27.529","9","0","0","0","67301","0","0","0","N","0","0","0","1","67301","0","","6.0","130.0","1","N","N","N","0","","0","0","2","0","0","Y","2300","4","0","0","0","0","0","1","2","0","4","0","0","0","3","03","","N","","","","","","","","","",""
"2021112315","1821","1","0","0","0","0","0","0","0","0","8","0","","67","11","2021","2","40.050108","-75.050975","1821","6","0","0","0","0","1","0","0","0","","1","0","0","18","3","0","N","0","2","40 03:00.390","1","0","75 03:03.510","1","0","0","0","67301","1","1","0","N","1","1","0","2","67301","0","2","1.0","300.0","1","N","N","N","0","0","0","0","0","3","2","Y","1820","2","0","0","0","0","0","0","2","0","1","1","1","0","3","","","N","","","","","","","","","",""
"2021112373","1750","1","0","0","0","0","0","0","0","0","7","0","","67","11","2021","1","40.008801","-75.204928","1743","6","0","0","0","0","0","0","0","0","","0","0","0","17","3","1","N","7","0","40 00:31.683","","2","75 12:17.742","4","0","0","0","67301","0","0","0","N","0","0","0","2","68K01","1","","3.0","","1","N","N","N","0","","0","0","0","0","0","","1742","1","1","0","0","0","0","0","2","0","1","0","0","0","3","","","N","","","","","","","","","",""
"2021112110","1620","1","0","0","0","0","0","0","0","0","7","0","","67","10","2021","7","39.877325","-75.253677","1610","6","0","0","0","0","0","0","0","0","","0","0","0","16","1","0","N","0","0","39 52:38.369","","0","75 15:13.238","0","0","0","0","67301","0","0","0","Y","0","0","0","3","68K02","0","","4.0","","9","N","N","N","0","","0","0","0","0","0","","1609","1","0","0","0","0","0","0","2","0","1","0","0","0","7","","","N","","","","","","","","","",""
"2021103183","0131","0","0","0","0","0","0","0","0","0","7","0","","67","8","2021","6","39.99554","-75.154264","0059","6","0","0","0","0","0","0","0","0","","0","0","0","0","3","2","","1","0","39 59:43.943","","0","75 09:15.350","8","0","0","0","67301","0","0","0","N","0","0","0","2","67301","0","","4.0","","1","N","N","N","0","","0","0","1","3","2","","51","1","2","0","0","0","2","0","2","0","1","0","0","0","3","03","","N","","","","","","","","","",""
"2021093119","2100","1","0","0","0","0","0","0","0","0","4","0","","67","9","2021","5","39.967222","-75.169889","2053","6","0","0","0","0","0","0","0","0","","0","0","0","20","3","0","N","0","0","39 58:02.000","","7","75 10:11.600","0","0","0","0","67301","0","0","0","N","0","0","0","2","67301","0","","1.0","","1","N","N","N","0","","0","0","0","0","0","","2049","2","0","0","0","0","0","0","2","1","2","0","0","0","3","03","","N","","","","","","","","","",""
"2021095067","1345","2","0","0","0","0","0","0","0","0","4","0","","67","9","2021","3","40.02153","-75.15797","1330","6","0","0","0","0","0","0","0","0","","0","0","0","13","1","1","N","2","0","40 01:17.509","","0","75 09:28.691","2","0","0","0","67301","0","0","0","N","0","0","0","2","67301","0","","1.0","","1","N","N","N","0","","0","1","1","3","3","","1322","3","1","0","0","0","0","0","2","0","3","0","0","0","3","04","","N","","","","","","","","","",""
"2021097750","1207","0","0","0","1","0","0","0","0","0","8","0","","67","10","2021","5","39.996235","-75.172337","1206","6","0","0","0","0","0","0","0","0","","0","0","0","17","1","1","","1","0","39 59:46.447","","0","75 10:20.414","3","0","0","0","67301","1","0","0","N","0","0","0","2","67301","0","","1.0","","1","N","N","N","0","","1","0","0","3","2","","1755","2","1","0","0","0","0","0","2","0","1","1","0","0","3","04","","N","","","","","","","","","",""
"2021093680","1720","1","0","0","1","0","1","0","0","0","8","0","","67","10","2021","7","40.077886","-75.023488","1720","6","0","0","0","0","0","0","0","0","","0","0","0","17","1","1","N","0","0","40 04:40.390","","0","75 01:24.558","2","0","0","0","67301","1","0","1","N","0","0","0","3","67301","0","","1.0","","1","N","N","N","0","","0","1","0","0","0","","1715","2","1","0","0","0","0","0","2","0","1","1","0","1","3","","","N","","","","","","","","","",""
"2021102543","1705","0","0","0","0","0","0","0","0","0","8","0","","67","10","2021","7","40.009576","-75.151053","1659","6","0","0","0","0","0","0","0","0","","0","0","0","16","1","1","N","0","0","40 00:34.474","","0","75 09:03.792","3","0","0","0","67301","1","0","0","N","1","0","0","2","67301","0","","1.0","","1","N","N","N","0","","1","0","1","0","0","","1659","2","1","0","0","0","0","0","2","0","1","1","0","0","3","03","","N","","","","","","","","","",""
"2021094987","0120","0","0","0","0","0","0","0","0","0","4","0","","67","10","2021","1","39.951701","-75.236857","0115","6","0","1","0","0","0","0","0","0","","0","0","0","0","3","1","","1","0","39 57:06.123","","0","75 14:12.685","3","0","0","0","67301","0","0","0","N","0","0","0","2","67301","0","","1.0","","1","N","N","N","0","","1","0","2","3","2","","15","2","1","0","0","0","0","1","2","0","2","0","0","0","3","03","","N","","","","","","","","","",""
"2021110218","0109","0","0","0","0","0","0","0","0","0","7","0","","67","10","2021","7","39.979033","-75.097974","0108","6","0","0","0","0","0","0","0","0","","0","0","0","1","3","0","N","0","0","39 58:44.519","","0","75 05:52.707","9","0","0","0","67301","0","0","0","N","0","0","0","1","67301","0","","4.0","","1","N","N","N","0","","0","0","1","0","0","","107","1","0","0","0","0","0","1","2","0","1","0","0","0","3","03","","N","","","","","","","","","",""
"2021092504","0830","1","0","0","0","0","0","0","0","0","7","0","","67","9","2021","4","39.965178","-75.222156","0829","6","0","0","0","1","0","0","0","0","","0","0","0","8","1","0","N","0","0","39 57:54.640","","0","75 13:19.760","9","0","0","0","67301","0","0","0","N","0","0","0","1","67301","0","","5.0","","1","N","N","N","0","","0","0","0","0","0","","828","1","0","1","0","0","0","1","2","0","1","0","0","0","3","03","","N","","","","","","","","","",""
"2021101369","0950","1","0","0","0","0","0","0","0","0","4","0","","67","9","2021","5","40.024577","-75.123187","0938","6","0","0","0","0","0","0","0","0","","0","0","0","7","1","2","","1","0","40 01:28.477","","0","75 07:23.473","3","0","0","0","67301","0","0","0","N","0","0","0","3","67301","0","","1.0","","1","N","N","N","0","","2","0","1","3","2","","742","2","2","0","0","0","0","1","2","0","2","0","0","0","3","03","","N","","","","","","","","","",""
"2021092791","1650","1","0","0","0","0","0","0","0","0","4","0","","67","9","2021","5","40.056579","-75.13994","1642","6","0","0","0","1","1","1","0","0","","0","0","0","16","1","1","","1","0","40 03:23.685","","0","75 08:23.783","3","0","0","0","67301","0","0","0","N","0","0","0","4","67301","0","","1.0","","1","N","N","N","1","","1","0","2","3","2","","1615","4","1","3","0","0","0","0","2","0","4","0","0","0","3","","","N","","","","","","","","","",""
"2021095763","1827","0","0","0","0","0","0","0","0","0","8","0","","67","10","2021","5","40.02744","-75.062499","1819","6","0","0","0","0","0","1","0","0","","0","0","0","18","4","1","","1","0","40 01:38.783","","0","75 03:44.998","3","0","0","0","67301","1","0","0","N","1","0","0","2","67301","0","","1.0","","1","N","N","N","1","","1","0","0","3","2","","1817","2","1","0","0","0","0","0","2","0","1","1","0","0","3","03","","N","","","","","","","","","",""