"CRN","ARRIVAL_TM","AUTOMOBILE_COUNT","BELTED_DEATH_COUNT","BELTED_SUSP_SERIOUS_INJ_COUNT","BICYCLE_COUNT","BICYCLE_DEATH_COUNT","BICYCLE_SUSP_SERIOUS_INJ_COUNT","BUS_COUNT","CHLDPAS_DEATH_COUNT","CHLDPAS_SUSP_SERIOUS_INJ_COUNT","COLLISION_TYPE","COMM_VEH_COUNT","CONS_ZONE_SPD_LIM","COUNTY","CRASH_MONTH","CRASH_YEAR","DAY_OF_WEEK","DEC_LATITUDE","DEC_LONGITUDE","DISPATCH_TM","DISTRICT","DRIVER_COUNT_16YR","DRIVER_COUNT_17YR","DRIVER_COUNT_18YR","DRIVER_COUNT_19YR","DRIVER_COUNT_20YR","DRIVER_COUNT_50_64YR","DRIVER_COUNT_65_74YR","DRIVER_COUNT_75PLUS","EST_HRS_CLOSED","FATAL_COUNT","HEAVY_TRUCK_COUNT","HORSE_BUGGY_COUNT","HOUR_OF_DAY","ILLUMINATION","INJURY_COUNT","INTERSECTION_RELATED","INTERSECT_TYPE","LANE_CLOSED","LATITUDE","LN_CLOSE_DIR","LOCATION_TYPE","LONGITUDE","MAX_SEVERITY_LEVEL","MCYCLE_DEATH_COUNT","MCYCLE_SUSP_SERIOUS_INJ_COUNT","MOTORCYCLE_COUNT","MUNICIPALITY","NONMOTR_COUNT","NONMOTR_DEATH_COUNT","NONMOTR_SUSP_SERIOUS_INJ_COUNT","NTFY_HIWY_MAINT","PED_COUNT","PED_DEATH_COUNT","PED_SUSP_SERIOUS_INJ_COUNT","PERSON_COUNT","POLICE_AGCY","POSSIBLE_INJ_COUNT","RDWY_SURF_TYPE_CD","RELATION_TO_ROAD","ROADWAY_CLEARED","ROAD_CONDITION","SCH_BUS_IND","SCH_ZONE_IND","SECONDARY_CRASH","SMALL_TRUCK_COUNT","SPEC_JURIS_CD","SUSP_MINOR_INJ_COUNT","SUSP_SERIOUS_INJ_COUNT","SUV_COUNT","TCD_FUNC_CD","TCD_TYPE","TFC_DETOUR_IND","TIME_OF_DAY","TOTAL_UNITS","TOT_INJ_COUNT","UNBELTED_OCC_COUNT","UNB_DEATH_COUNT","UNB_SUSP_SERIOUS_INJ_COUNT","UNK_INJ_DEG_COUNT","UNK_INJ_PER_COUNT","URBAN_RURAL","VAN_COUNT","VEHICLE_COUNT","VULNERABLE_ROAD_USER_COUNT","VULNERABLE_ROAD_USER_DEATH_COUNT","VULNERABLE_ROAD_USER_SER_INJ_COUNT","WEATHER1","WEATHER2","WORKERS_PRES","WORK_ZONE_IND","WORK_ZONE_LOC","WORK_ZONE_TYPE","WZ_CLOSE_DETOUR","WZ_FLAGGER","WZ_LAW_OFFCR_IND","WZ_LN_CLOSURE","WZ_MOVING","WZ_OTHER","WZ_SHLDER_MDN","WZ_WORKERS_INJ_KILLED"
"2021092348","0802","2","0","0","0","0","0","0","0","0","4","0","","67","9","2021","5","39.97618","-75.138121","0800","6","0","0","0","0","0","2","0","0","","0","0","0","7","1","4","","1","0","39 58:34.247","","0","75 08:17.235","3","0","0","0","67301","1","0","0","N","1","0","0","4","67301","0","","1.0","","1","N","N","N","0","","4","0","1","3","2","","759","4","4","0","0","0","0","0","2","0","3","1","0","0","3","03","","N","","","","","","","","","",""
"2021117477","","1","0","0","0","0","0","0","0","0","1","0","","67","10","2021","7","40.005516","-75.105344","","6","0","0","0","0","0","0","0","0","","0","0","0","22","3","2","","1","0","40 00:19.857","","0","75 06:19.237","8","0","0","0","67301","0","0","0","N","0","0","0","3","00000","0","","1.0","","1","N","N","N","0","","0","0","1","3","2","","2239","2","2","0","0","0","2","0","2","0","2","0","0","0","3","","","N","","","","","","","","","",""
"2021096343","1912","1","0","0","1","0","1","0","0","0","8","0","","67","10","2021","4","39.954673","-75.194467","1908","6","0","0","0","0","0","0","0","0","","0","0","0","19","3","1","","1","0","39 57:16.822","","0","75 11:40.080","2","0","0","0","67301","1","0","1","N","0","0","0","2","67504","0","","1.0","","1","N","N","N","0","","0","1","0","3","2","","1905","2","1","0","0","0","0","0","2","0","1","1","0","1","3","03","","N","","","","","","","","","",""
"2021093552","1125","0","0","0","0","0","0","0","0","0","7","0","","67","9","2021","3","39.995292","-75.093245","1116","6","0","0","0","0","0","0","0","0","","0","0","0","11","1","0","N","0","0","39 59:43.050","","0","75 05:35.683","0","0","0","0","67301","0","0","0","N","0","0","0","1","67301","0","","4.0","","9","N","N","N","0","","0","0","0","0","0","","1100","1","0","0","0","0","0","0","2","1","1","0","0","0","3","04","","N","","","","","","","","","",""
"2021098022","0215","1","0","0","0","0","0","0","0","0","1","0","","67","10","2021","6","39.98333","-75.118901","0214","6","0","0","0","0","0","0","0","0","","0","0","0","2","3","0","N","0","0","39 58:59.987","","0","75 07:08.043","9","0","0","0","67301","0","0","0","N","0","0","0","1","67301","0","","3.0","","1","N","N","N","0","","0","0","0","0","0","","211","2","0","0","0","0","0","1","2","0","2","0","0","0","3","","","N","","","","","","","","","",""
"2021095446","1120","0","0","0","0","0","0","0","0","0","1","0","","67","10","2021","1","39.916829","-75.171324","1113","6","0","0","0","0","0","1","0","0","","0","0","0","11","1","1","","1","0","39 55:00.583","","0","75 10:16.768","3","0","0","0","67301","0","0","0","N","0","0","0","2","67301","0","","1.0","","1","N","N","N","0","","1","0","1","3","2","","1106","2","1","1","0","0","0","0","2","0","2","0","0","0","3","03","","N","","","","","","","","","",""
"2021097561","0111","2","0","0","0","0","0","0","0","0","1","0","","67","10","2021","1","39.989378","-75.118696","0110","6","0","0","0","0","0","0","0","0","","0","0","0","23","3","1","N","0","0","39 59:21.760","","0","75 07:07.304","4","0","0","0","67301","0","0","0","N","0","0","0","2","67301","1","","1.0","","1","N","N","N","0","","0","0","0","0","0","","2345","2","1","1","0","0","0","0","2","0","2","0","0","0","3","03","","N","","","","","","","","","",""
"2021092782","1554","1","0","0","0","0","0","0","0","0","8","0","","67","10","2021","6","39.986524","-75.157896","1554","6","0","0","0","0","0","0","0","0","","0","0","0","15","1","1","","1","0","39 59:11.485","","0","75 09:28.427","4","0","0","0","67301","1","0","0","N","1","0","0","2","67505","1","","1.0","","1","N","N","N","0","","0","0","0","2","2","","1550","2","1","0","0","0","0","0","2","0","1","1","0","0","3","03","","N","","","","","","","","","",""
"2021094522","0902","1","0","0","0","0","0","0","0","0","1","0","","67","10","2021","3","40.121583","-75.012017","0855","6","0","0","0","0","0","0","0","0","","0","0","0","8","1","1","N","0","0","40 07:17.700","","0","75 00:43.260","8","0","0","0","67301","0","0","0","N","0","0","0","5","67301","0","","1.0","","9","N","N","N","0","","0","0","1","0","0","","846","2","1","0","0","0","1","4","2","0","2","0","0","0","4","07","","N","","","","","","","","","",""
"2021094121","1604","1","0","0","0","0","0","0","0","0","5","0","","67","10","2021","2","40.10005","-74.985587","1600","6","0","0","0","0","0","1","0","0","","0","0","0","15","1","1","","2","0","40 06:00.181","","0","74 59:08.113","3","0","0","0","67301","0","0","0","N","0","0","0","2","67301","0","","1.0","","1","N","N","N","0","","1","0","1","0","0","","1558","2","1","0","0","0","0","0","2","0","2","0","0","0","3","03","","N","","","","","","","","","",""
"2021094767","1222","1","0","0","0","0","0","0","0","0","4","0","","67","10","2021","3","40.027544","-75.146423","1202","6","1","0","0","0","0","0","1","0","","0","0","0","11","1","2","","1","0","40 01:39.158","","0","75 08:47.122","4","0","0","0","67301","0","0","0","N","0","0","0","2","67301","1","","1.0","","1","N","N","N","1","","0","0","0","3","2","","1157","2","2","0","0","0","1","0","2","0","2","0","0","0","4","","","N","","","","","","","","","",""
"2021101325","2106","1","0","0","0","0","0","0","0","0","8","0","","67","9","2021","5","39.951017","-75.197156","2105","6","0","0","0","0","0","1","0","0","","0","0","0","21","3","1","N","0","0","39 57:03.660","","0","75 11:49.760","3","0","0","0","67301","1","0","0","N","1","0","0","4","67504","0","","1.0","","1","N","N","N","0","","1","0","0","3","2","","2104","2","1","2","0","0","0","0","2","0","1","1","0","0","3","03","","N","","","","","","","","","",""
"2021082482","1548","2","0","0","0","0","0","0","0","0","4","0","","67","8","2021","2","39.958533","-75.247589","1547","6","0","0","0","0","0","0","0","0","","0","0","0","15","1","0","","2","1","39 57:30.720","1","0","75 14:51.320","0","0","0","0","67301","0","0","0","N","0","0","0","2","67301","0","","1.0","1636.0","1","N","N","N","0","","0","0","0","3","3","N","1534","2","0","2","0","0","0","0","2","0","2","0","0","0","3","03","","N","","","","","","","","","",""
"2021093578","1110","1","0","0","0","0","0","0","0","0","4","0","","67","10","2021","6","40.053316","-75.069664","1109","6","0","0","0","0","0","0","0","0","","0","0","0","11","1","2","","1","0","40 03:11.937","","0","75 04:10.789","8","0","0","0","67301","0","0","0","N","0","0","0","3","67301","0","","1.0","","1","N","N","N","0","","0","0","1","3","2","","1106","2","2","0","0","0","2","0","2","0","2","0","0","0","3","03","","N","","","","","","","","","",""
"2021095476","0756","0","0","0","0","0","0","0","0","0","8","0","","67","10","2021","6","39.918547","-75.184372","0754","6","0","0","0","0","0","0","0","0","","0","0","0","7","1","1","","2","0","39 55:06.769","","0","75 11:03.739","3","0","0","0","67301","1","0","0","N","1","0","0","2","67301","0","","1.0","","1","N","N","N","0","","1","0","1","3","3","","751","2","1","0","0","0","0","0","2","0","1","1","0","0","3","03","","N","","","","","","","","","",""
"2021095355","0010","0","0","0","0","0","0","0","0","0","8","0","","67","10","2021","5","40.059308","-75.180931","0002","6","0","0","0","0","0","0","0","0","","0","0","0","23","3","1","N","0","0","40 03:33.510","","0","75 10:51.350","3","0","0","0","67301","1","0","0","N","1","0","0","2","67301","0","","1.0","","1","N","N","N","0","","1","0","1","0","0","","2325","2","1","0","0","0","0","0","2","0","1","1","0","0","3","","","N","","","","","","","","","",""
"2021097797","1252","1","0","0","0","0","0","0","0","0","4","0","","67","10","2021","2","39.952083","-75.205584","1250","6","0","0","0","0","0","0","0","0","","0","0","0","12","1","2","","1","0","39 57:07.498","","0","75 12:20.102","3","0","0","0","67301","0","0","0","N","0","0","0","2","67504","1","","1.0","","1","N","N","N","0","","1","0","0","3","2","","1250","2","2","0","0","0","0","0","2","1","2","0","0","0","3","03","","N","","","","","","","","","",""
"2021096170","1234","0","0","0","0","0","0","0","0","0","4","0","","67","10","2021","1","39.970683","-75.232585","1231","6","0","0","0","0","0","1","0","0","","0","0","0","12","1","1","","1","0","39 58:14.458","","0","75 13:57.306","3","0","0","1","67301","0","0","0","N","0","0","0","2","67301","0","","1.0","","1","N","N","N","0","","1","0","1","3","2","","1200","2","1","0","0","0","0","1","2","0","2","0","0","0","3","","","N","","","","","","","","","",""
"2021118005","","1","0","0","0","0","0","0","0","0","4","0","","67","6","2021","3","40.031615","-75.207632","","6","0","0","0","0","0","1","0","0","","0","0","0","14","1","0","","1","0","40 01:53.814","","0","75 12:27.475","0","0","0","0","67301","0","0","0","N","0","0","0","2","00000","0","","1.0","","1","N","N","N","0","","0","0","1","3","2","","1406","2","0","0","0","0","0","0","2","0","2","0","0","0","3","","","N","","","","","","","","","",""
"2021095540","1730","1","0","0","0","0","0","0","0","0","8","0","","67","10","2021","4","39.916677","-75.159551","1721","6","0","0","0","0","0","0","0","0","","0","0","0","16","1","1","","1","0","39 55:00.037","","0","75 09:34.383","3","0","0","0","67301","1","0","0","N","1","0","0","2","67301","0","","1.0","","1","N","N","N","0","","1","0","0","3","3","","1643","2","1","0","0","0","0","1","2","0","1","1","0","0","3","04","","N","","","","","","","","","",""
"2021093274","0346","5","0","0","0","0","0","0","0","0","5","0","","67","10","2021","7","40.008958","-75.167536","0344","6","0","0","0","0","0","0","0","0","","0","0","0","3","3","0","N","0","0","40 00:32.250","","0","75 10:03.130","9","0","0","0","67301","0","0","0","N","0","0","0","1","67301","0","","6.0","","1","N","N","N","0","","0","0","1","0","0","","336","6","0","1","0","0","0","1","2","0","6","0","0","0","3","03","","N","","","","","","","","","",""
"2021095222","2110","0","0","0","0","0","0","0","0","0","8","0","","67","10","2021","4","39.986563","-75.180517","2104","6","0","0","0","0","0","1","0","0","","0","0","0","20","3","1","N","0","0","39 59:11.626","","0","75 10:49.861","3","0","0","0","67301","1","0","0","N","1","0","0","2","67301","0","","1.0","","1","N","N","N","0","","1","0","1","0","0","","2045","2","1","0","0","0","0","0","2","0","1","1","0","0","3","03","","N","","","","","","","","","",""
"2021092442","1808","1","0","0","0","0","0","0","0","0","5","0","","67","9","2021","3","40.038122","-75.137803","1806","6","0","0","0","0","0","0","1","0","","0","0","0","17","1","1","N","0","0","40 02:17.240","","0","75 08:16.090","3","0","0","0","67301","0","0","0","N","0","0","0","1","67301","0","","6.0","","1","N","N","N","0","","1","0","1","0","0","","1757","2","1","0","0","0","0","0","2","0","2","0","0","0","3","03","","N","","","","","","","","","",""
"2021092263","0239","2","0","0","0","0","0","0","0","0","4","0","","67","9","2021","3","39.958843","-75.20628","0238","6","0","0","0","0","0","0","0","0","","0","0","0","2","3","0","","1","0","39 57:31.834","","0","75 12:22.608","0","0","0","0","67301","0","0","0","N","0","0","0","2","67301","0","","1.0","","1","N","N","N","0","","0","0","1","3","2","","233","3","0","0","0","0","0","0","2","0","3","0","0","0","3","03","","N","","","","","","","","","",""
"2021096325","2358","0","0","0","0","0","0","0","0","0","4","0","","67","10","2021","1","40.054938","-75.155154","2355","6","0","0","0","0","0","1","0","0","","0","0","0","23","3","1","","1","0","40 03:17.776","","0","75 09:18.554","3","0","0","0","67301","0","0","0","N","0","0","0","2","67301","0","","1.0","","1","N","N","N","0","","1","0","2","3","3","","2350","2","1","0","0","0","0","1","2","0","2","0","0","0","3","03","","N","","","","","","","","","",""
"2021093286","1510","1","0","0","0","0","0","0","0","0","1","0","","67","10","2021","7","39.927555","-75.146102","1500","6","0","0","0","0","0","0","0","0","","0","0","0","14","1","1","","1","0","39 55:39.198","","0","75 08:45.967","3","0","0","0","67301","0","0","0","N","0","0","0","4","67301","0","","1.0","","1","N","N","N","0","","1","0","0","3","3","","1450","2","1","0","0","0","0","0","2","1","2","0","0","0","3","03","","N","","","","","","","","","",""
"2021097215","1626","3","0","0","0","0","0","0","0","0","5","0","","67","10","2021","3","40.040222","-75.155893","1625","6","0","0","0","0","0","1","0","0","","0","0","0","16","1","1","N","0","0","40 02:24.799","","0","75 09:21.214","4","0","0","0","67301","0","0","0","N","0","0","0","1","67301","1","","6.0","","1","N","N","N","0","","0","0","1","0","0","","1620","4","1","1","0","0","0","0","2","0","4","0","0","0","3","04","","N","","","","","","","","","",""
"2021093679","1509","1","0","0","0","0","0","0","0","0","1","0","","67","9","2021","5","40.045866","-74.994623","1456","6","0","0","0","0","0","0","1","0","","0","0","0","14","1","1","","1","0","40 02:45.118","","0","74 59:40.643","8","0","0","0","67301","0","0","0","N","0","0","0","3","67301","0","","1.0","","1","N","N","N","1","","0","0","1","3","2","","1429","3","1","0","0","0","1","0","2","0","3","0","0","0","3","03","","N","","","","","","","","","",""
"2021095418","2216","2","0","0","0","0","0","0","0","0","5","0","","67","10","2021","4","40.025072","-75.170194","2216","6","0","0","0","0","0","0","0","0","","0","0","0","22","2","0","N","0","1","40 01:30.260","3","0","75 10:12.700","0","0","0","0","67301","0","0","0","N","0","0","0","1","67301","0","","1.0","2240.0","1","N","N","N","0","","0","0","0","0","0","N","2210","2","0","0","0","0","0","0","2","0","2","0","0","0","3","","","N","","","","","","","","","",""
"2021092494","1532","1","0","0","0","0","0","0","0","0","4","0","","67","9","2021","3","39.965289","-75.201546","1532","6","0","0","0","0","0","0","0","0","","0","0","0","15","1","1","","1","0","39 57:55.040","","0","75 12:05.565","8","0","0","0","67301","0","0","0","N","0","0","0","2","67301","0","","1.0","","1","N","N","N","0","","0","0","0","3","3","","1530","2","1","0","0","0","1","0","2","1","2","0","0","0","3","","","N","","","","","","","","","",""
"2021101452","1345","2","0","0","0","0","0","0","0","0","1","0","","67","10","2021","1","40.000372","-75.14313","1339","6","0","0","0","0","0","0","0","0","","0","0","0","13","1","0","N","0","0","40 00:01.339","","0","75 08:35.269","9","0","0","0","67301","0","0","0","N","0","0","0","1","67301","0","","6.0","","1","N","N","N","0","","0","0","0","0","0","","1338","2","0","0","0","0","0","1","2","0","2","0","0","0","3","03","","N","","","","","","","","","",""
"2021121673","2048","0","0","0","0","0","0","0","0","0","5","0","","67","11","2021","4","39.957944","-75.141271","2039","6","0","0","0","0","0","1","0","0","","0","0","0","20","3","1","N","0","1","39 57:28.597","2","0","75 08:28.575","3","0","0","0","67301","0","0","0","N","0","0","0","2","68K01","0","","1.0","30.0","1","N","N","Y","0","","1","0","1","0","0","N","2038","2","1","0","0","0","0","1","2","0","2","0","0","0","3","03","","N","","","","","","","","","",""
"2021094707","0845","1","0","0","0","0","0","0","0","0","8","0","","67","9","2021","4","40.018997","-75.19399","0835","6","0","0","0","0","0","1","0","0","","0","0","0","6","1","1","","2","0","40 01:08.389","","0","75 11:38.364","3","0","0","0","67301","1","0","0","N","1","0","0","2","67301","0","","1.0","","1","N","N","N","0","","1","0","0","0","0","","654","2","1","0","0","0","0","1","2","0","1","1","0","0","3","03","","N","","","","","","","","","",""
"2021092759","1052","1","0","0","0","0","0","0","0","0","4","0","","67","9","2021","4","39.957304","-75.209584","1049","6","0","0","0","0","0","1","0","0","","0","0","0","10","1","1","","1","0","39 57:26.294","","0","75 12:34.502","3","0","0","0","67301","0","0","0","N","0","0","0","2","67301","0","","1.0","","1","N","N","N","1","","1","0","2","3","3","","1038","4","1","0","0","0","0","0","2","0","4","0","0","0","3","","","N","","","","","","","","","",""
"2021096674","0335","1","0","0","0","0","0","0","0","0","4","0","","67","10","2021","5","39.957429","-75.229271","0334","6","0","0","0","0","0","1","0","0","","0","0","0","3","3","0","","1","2","39 57:26.746","7","0","75 13:45.376","0","0","0","0","67301","0","0","0","N","0","0","0","3","67301","0","","1.0","635.0","1","N","N","N","0","","0","0","0","3","2","Y","330","2","0","1","0","0","0","0","2","1","2","0","0","0","3","03","","N","","","","","","","","","",""
"2021092347","1050","1","0","0","0","0","0","0","0","0","4","0","","67","9","2021","3","39.962635","-75.246728","0003","6","0","0","0","0","0","0","0","0","","0","0","0","0","3","1","","1","0","39 57:45.487","","0","75 14:48.219","3","0","0","0","67301","0","0","0","N","0","0","0","2","67301","0","","1.0","","1","N","N","N","0","","1","0","1","3","2","","2","2","1","0","0","0","0","0","2","0","2","0","0","0","3","","","N","","","","","","","","","",""
"2021078756","0227","2","0","0","0","0","0","0","0","0","4","0","","67","8","2021","2","40.060398","-74.990435","0226","6","0","0","0","0","1","0","0","0","","0","0","0","2","3","1","","1","0","40 03:37.434","","0","74 59:25.565","8","0","0","0","67301","0","0","0","N","0","0","0","2","67301","0","","1.0","","9","N","N","N","0","","0","0","0","3","2","","225","2","1","0","0","0","1","1","2","0","2","0","0","0","7","07","","N","","","","","","","","","",""
"2021094650","2210","0","0","0","0","0","0","0","0","0","7","0","","67","10","2021","4","39.955118","-75.176974","2157","6","0","0","0","0","0","0","0","0","","0","0","0","21","3","0","N","0","0","39 57:18.425","","3","75 10:37.105","9","0","0","0","67301","0","0","0","N","0","0","0","1","67301","0","","4.0","","1","N","N","N","0","","0","0","1","0","0","","2140","1","0","0","0","0","0","1","2","0","1","0","0","0","3","03","","N","","","","","","","","","",""
"2021092938","2312","1","0","0","0","0","0","0","0","0","4","0","","67","9","2021","5","40.021866","-75.04008","2311","6","0","0","0","0","1","0","0","0","","0","0","0","22","3","0","","1","0","40 01:18.716","","2","75 02:24.287","0","0","0","0","67301","0","0","0","N","0","0","0","2","67301","0","","1.0","","1","N","N","N","0","","0","0","1","3","2","","2230","2","0","0","0","0","0","0","2","0","2","0","0","0","3","03","","N","","","","","","","","","",""
"2021095830","0436","1","0","0","0","0","0","0","0","0","4","0","","67","10","2021","7","39.961745","-75.23942","0432","6","0","1","0","0","0","0","0","0","","0","0","0","4","3","1","","2","0","39 57:42.281","","0","75 14:21.913","8","0","0","0","67301","0","0","0","N","0","0","0","4","67301","0","","1.0","","1","N","N","N","0","","0","0","2","3","3","","432","3","1","0","0","0","1","0","2","0","3","0","0","0","3","03","","N","","","","","","","","","",""
"2021107816","0007","3","0","0","0","0","0","0","0","0","4","0","","67","11","2021","7","40.045403","-75.158197","0002","6","0","0","0","0","0","0","0","0","","0","0","0","23","3","1","N","0","1","40 02:43.450","4","0","75 09:29.510","3","0","0","0","67301","0","0","0","N","0","0","0","1","67301","0","","1.0","110.0","1","N","N","N","0","","1","0","2","0","0","Y","2304","6","1","0","0","0","0","0","2","0","6","0","0","0","3","03","","N","","","","","","","","","",""
"2021093205","1400","1","0","0","1","0","0","0","0","0","8","0","","67","9","2021","5","39.950526","-75.14891","1400","6","0","0","0","0","0","0","0","0","","0","0","0","11","1","1","","1","0","39 57:01.895","","0","75 08:56.077","3","0","0","0","67301","1","0","0","N","0","0","0","2","67301","0","","1.0","","1","N","N","N","0","","1","0","0","3","2","","1115","2","1","0","0","0","0","1","2","0","1","1","0","0","3","","","N","","","","","","","","","",""
"2021109153","2242","2","0","0","0","0","0","0","0","0","1","1","","67","10","2021","4","40.009263","-75.0664","2231","6","0","0","0","1","0","0","0","0","","0","1","0","22","3","2","N","0","0","40 00:33.345","","0","75 03:59.041","3","0","0","0","67301","0","0","0","N","0","0","0","4","68K01","0","","1.0","","1","N","N","N","0","","1","0","0","0","0","","2228","3","2","0","0","0","1","0","2","0","3","0","0","0","3","","","N","","","","","","","","","",""
"2021094289","1551","1","0","0","0","0","0","0","0","0","4","0","","67","10","2021","1","39.971811","-75.125954","1551","6","0","0","0","0","0","0","1","0","","0","0","0","15","1","1","","1","0","39 58:18.518","","0","75 07:33.433","4","0","0","0","67301","0","0","0","N","0","0","0","3","67301","1","","1.0","","1","N","N","N","0","","0","0","1","3","2","","1525","2","1","1","0","0","0","0","2","0","2","0","0","0","3","03","","N","","","","","","","","","",""
"2021123066","1644","1","0","0","0","0","0","0","0","0","4","0","","67","12","2021","3","40.00868","-75.068855","1634","6","0","0","0","0","0","0","0","0","","0","0","0","16","4","1","","1","0","40 00:31.249","","0","75 04:07.877","3","0","0","0","67301","0","0","0","N","0","0","0","3","67301","0","","1.0","","1","N","N","Y","0","","1","0","0","3","2","","1633","2","1","0","0","0","0","0","2","0","2","0","0","0","3","03","","N","","","","","","","","","",""
"2021108885","0041","1","0","0","0","0","0","0","0","0","7","0","","67","11","2021","3","40.111866","-75.028656","0037","6","0","0","0","0","0","1","0","0","","0","0","0","0","2","0","N","0","0","40 06:42.718","","7","75 01:43.163","0","0","0","0","67301","0","0","0","N","0","0","0","1","67301","0","","5.0","","1","N","N","N","0","","0","0","0","0","0","","35","1","0","0","0","0","0","0","2","0","1","0","0","0","3","","","N","","","","","","","","","",""
"2021094678","1304","0","0","0","0","0","0","0","0","0","8","0","","67","10","2021","4","39.997409","-75.07329","1246","6","0","0","0","0","0","0","1","0","","0","0","0","12","1","1","","1","0","39 59:50.672","","0","75 04:23.843","3","0","0","0","67301","1","0","0","N","1","0","0","2","67301","0","","1.0","","1","N","N","N","1","","1","0","0","3","2","","1245","2","1","0","0","0","0","0","2","0","1","1","0","0","3","03","","N","","","","","","","","","",""
"2021093886","1705","2","0","0","0","0","0","0","0","0","4","0","","67","10","2021","6","40.031218","-75.054085","1656","6","0","0","0","0","0","0","0","0","","0","0","0","15","1","2","","2","1","40 01:52.383","2","0","75 03:14.707","3","0","0","0","67301","0","0","0","N","0","0","0","2","67301","0","","1.0","1723.0","1","N","N","N","0","","2","0","0","3","3","N","1518","2","2","0","0","0","0","0","2","0","2","0","0","0","3","03","","N","","","","","","","","","",""
"2021108615","1458","0","0","0","0","0","0","0","0","0","7","0","","67","9","2021","6","40.013124","-75.204974","1458","6","0","0","0","0","0","0","0","0","","0","0","0","14","1","1","N","7","1","40 00:47.248","1","2","75 12:17.906","4","0","0","0","67301","0","0","0","N","0","0","0","1","68K01","1","","3.0","1515.0","1","N","N","N","0","","0","0","0","0","0","Y","1457","1","1","0","0","0","0","0","2","1","1","0","0","0","3","","","N","","","","","","","","","",""
"2021107243","0202","2","0","0","0","0","0","0","0","0","1","0","","67","10","2021","7","39.946597","-75.246289","0157","6","0","0","0","0","0","1","0","0","","0","0","0","1","3","1","N","0","0","39 56:47.748","","0","75 14:46.641","3","0","0","0","67301","0","0","0","N","0","0","0","3","67301","0","","1.0","","1","N","N","N","0","","1","0","0","3","2","","156","2","1","0","0","0","0","0","2","0","2","0","0","0","3","","","N","","","","","","","","","",""
"2021107788","2014","0","0","0","0","0","0","1","0","0","5","1","","67","11","2021","1","39.900159","-75.174613","2014","6","0","0","0","0","0","1","0","0","","0","0","0","20","3","0","","3","1","39 54:00.573","1","0","75 10:28.607","0","0","0","0","67301","0","0","0","N","0","0","0","2","67301","0","","1.0","2050.0","1","N","N","N","1","","0","0","0","0","0","N","2014","2","0","0","0","0","0","0","2","0","2","0","0","0","3","","","N","","","","","","","","","",""
"2021112620","1948","1","0","0","0","0","0","0","0","0","8","0","","67","11","2021","3","39.953482","-75.155739","1948","6","0","0","0","0","0","0","0","0","","0","0","0","17","3","1","N","0","0","39 57:12.534","","0","75 09:20.659","3","0","0","0","67301","1","0","0","N","1","0","0","2","67301","0","","6.0","","1","N","N","N","0","","1","0","0","0","0","","1755","2","1","0","0","0","0","0","2","0","1","1","0","0","3","03","","N","","","","","","","","","",""
"2021078309","1254","1","0","0","0","0","0","0","0","0","1","0","","67","8","2021","7","40.005314","-75.170194","1254","6","0","0","0","0","0","1","0","0","","0","0","0","12","1","1","N","0","0","40 00:19.130","","0","75 10:12.700","3","0","0","0","67301","0","0","0","N","0","0","0","2","67301","0","","1.0","","1","N","N","N","0","","1","0","1","0","0","","1253","2","1","0","0","0","0","0","2","0","2","0","0","0","3","","","N","","","","","","","","","",""
"2021069649","1203","2","0","0","0","0","0","0","0","0","1","0","","67","6","2021","3","39.9962","-75.237253","1200","6","0","0","0","0","0","0","0","0","","0","0","0","12","1","1","N","0","0","39 59:46.319","","0","75 14:14.112","4","0","0","0","67301","0","0","0","N","0","0","0","2","46104","1","","1.0","","1","N","N","N","0","","0","0","0","0","0","","1200","2","1","0","0","0","0","0","2","0","2","0","0","0","3","","","N","","","","","","","","","",""
"2021075733","0907","3","0","0","0","0","0","0","0","0","2","0","","67","8","2021","5","40.026625","-75.204073","0901","6","0","0","0","0","0","0","0","0","","0","0","0","9","1","0","N","0","0","40 01:35.850","","0","75 12:14.663","0","0","0","0","67301","0","0","0","N","0","0","0","4","67301","0","","1.0","","1","N","N","N","0","","0","0","1","0","0","","901","4","0","0","0","0","0","0","2","0","4","0","0","0","3","03","","N","","","","","","","","","",""
"2021077492","0000","1","0","0","0","0","0","0","0","0","8","0","","67","8","2021","4","39.972478","-75.212059","2347","6","0","0","0","0","0","0","0","0","","0","0","0","23","3","1","","3","0","39 58:20.921","","0","75 12:43.411","3","0","0","0","67301","1","0","0","N","1","0","0","2","67301","0","","1.0","","1","N","N","N","0","","1","0","0","0","0","","2326","2","1","0","0","0","0","0","2","0","1","1","0","0","3","","","N","","","","","","","","","",""
"2021082806","0806","1","0","0","0","0","0","0","0","0","1","0","","67","8","2021","6","40.055528","-75.085798","0800","6","0","0","0","0","0","0","0","0","","0","0","0","8","1","1","","1","1","40 03:19.900","5","0","75 05:08.873","4","0","0","0","67301","0","0","0","N","0","0","0","4","67301","1","","1.0","900.0","1","N","N","N","1","","0","0","1","3","1","Y","800","4","1","0","0","0","0","0","2","1","4","0","0","0","3","03","","N","","","","","","","","","",""
"2021121977","1549","1","0","0","0","0","0","0","0","0","2","0","","67","12","2021","2","40.034728","-75.032119","1541","6","0","0","0","0","0","1","0","0","","0","0","0","15","1","0","","1","9","40 02:05.021","","0","75 01:55.629","0","0","0","0","67301","0","0","0","N","0","0","0","2","67301","0","","9.0","","1","N","N","N","0","","0","0","1","3","3","","1520","2","0","0","0","0","0","0","2","0","2","0","0","0","3","","","N","","","","","","","","","",""