"CRN","ARRIVAL_TM","AUTOMOBILE_COUNT","BELTED_DEATH_COUNT","BELTED_SUSP_SERIOUS_INJ_COUNT","BICYCLE_COUNT","BICYCLE_DEATH_COUNT","BICYCLE_SUSP_SERIOUS_INJ_COUNT","BUS_COUNT","CHLDPAS_DEATH_COUNT","CHLDPAS_SUSP_SERIOUS_INJ_COUNT","COLLISION_TYPE","COMM_VEH_COUNT","CONS_ZONE_SPD_LIM","COUNTY","CRASH_MONTH","CRASH_YEAR","DAY_OF_WEEK","DEC_LATITUDE","DEC_LONGITUDE","DISPATCH_TM","DISTRICT","DRIVER_COUNT_16YR","DRIVER_COUNT_17YR","DRIVER_COUNT_18YR","DRIVER_COUNT_19YR","DRIVER_COUNT_20YR","DRIVER_COUNT_50_64YR","DRIVER_COUNT_65_74YR","DRIVER_COUNT_75PLUS","EST_HRS_CLOSED","FATAL_COUNT","HEAVY_TRUCK_COUNT","HORSE_BUGGY_COUNT","HOUR_OF_DAY","ILLUMINATION","INJURY_COUNT","INTERSECTION_RELATED","INTERSECT_TYPE","LANE_CLOSED","LATITUDE","LN_CLOSE_DIR","LOCATION_TYPE","LONGITUDE","MAX_SEVERITY_LEVEL","MCYCLE_DEATH_COUNT","MCYCLE_SUSP_SERIOUS_INJ_COUNT","MOTORCYCLE_COUNT","MUNICIPALITY","NONMOTR_COUNT","NONMOTR_DEATH_COUNT","NONMOTR_SUSP_SERIOUS_INJ_COUNT","NTFY_HIWY_MAINT","PED_COUNT","PED_DEATH_COUNT","PED_SUSP_SERIOUS_INJ_COUNT","PERSON_COUNT","POLICE_AGCY","POSSIBLE_INJ_COUNT","RDWY_SURF_TYPE_CD","RELATION_TO_ROAD","ROADWAY_CLEARED","ROAD_CONDITION","SCH_BUS_IND","SCH_ZONE_IND","SECONDARY_CRASH","SMALL_TRUCK_COUNT","SPEC_JURIS_CD","SUSP_MINOR_INJ_COUNT","SUSP_SERIOUS_INJ_COUNT","SUV_COUNT","TCD_FUNC_CD","TCD_TYPE","TFC_DETOUR_IND","TIME_OF_DAY","TOTAL_UNITS","TOT_INJ_COUNT","UNBELTED_OCC_COUNT","UNB_DEATH_COUNT","UNB_SUSP_SERIOUS_INJ_COUNT","UNK_INJ_DEG_COUNT","UNK_INJ_PER_COUNT","URBAN_RURAL","VAN_COUNT","VEHICLE_COUNT","VULNERABLE_ROAD_USER_COUNT","VULNERABLE_ROAD_USER_DEATH_COUNT","VULNERABLE_ROAD_USER_SER_INJ_COUNT","WEATHER1","WEATHER2","WORKERS_PRES","WORK_ZONE_IND","WORK_ZONE_LOC","WORK_ZONE_TYPE","WZ_CLOSE_DETOUR","WZ_FLAGGER","WZ_LAW_OFFCR_IND","WZ_LN_CLOSURE","WZ_MOVING","WZ_OTHER","WZ_SHLDER_MDN","WZ_WORKERS_INJ_KILLED"
"2021103666","1701","1","0","0","0","0","0","0","0","0","5","1","","67","10","2021","4","40.046986","-75.138918","1615","6","0","0","0","0","0","0","0","1","","0","1","0","15","1","0","N","0","2","40 02:49.148","6","0","75 08:20.104","0","0","0","0","67301","0","0","0","N","0","0","0","2","67301","0","","1.0","1733.0","1","N","N","N","0","","0","0","0","0","0","Y","1542","2","0","0","0","0","0","0","2","0","2","0","0","0","4","","","N","","","","","","","","","",""
"2021078886","2116","0","0","0","0","0","0","0","0","0","4","0","","67","8","2021","1","40.039575","-75.045738","2109","6","0","0","0","0","0","1","0","0","","0","0","0","21","3","3","","1","1","40 02:22.471","3","0","75 02:44.657","3","0","0","0","67301","0","0","0","N","0","0","0","4","67301","2","","1.0","100.0","1","N","N","N","0","","1","0","1","3","2","N","2103","2","3","0","0","0","0","0","2","0","2","0","0","0","4","","","N","","","","","","","","","",""
"2021114220","0911","1","0","0","0","0","0","0","0","0","5","0","","67","11","2021","2","39.969912","-75.142464","0911","6","0","0","0","0","0","0","1","0","","0","0","0","14","1","0","N","0","0","39 58:11.684","","0","75 08:32.870","0","0","0","0","67301","0","0","0","N","0","0","0","2","67301","0","","1.0","","99","N","N","N","0","","0","0","0","0","0","","1430","2","0","0","0","0","0","0","2","1","2","0","0","0","99","","","N","","","","","","","","","",""
"2021108784","0452","1","0","0","0","0","0","0","0","0","5","0","","67","11","2021","3","40.031583","-75.124278","0451","6","0","0","0","0","0","0","0","0","","0","0","0","4","3","0","N","0","0","40 01:53.700","","0","75 07:27.400","0","0","0","0","67301","0","0","0","N","0","0","0","1","67301","0","","6.0","","1","N","N","N","0","","0","0","1","0","0","","451","3","0","0","0","0","0","0","2","1","3","0","0","0","3","","","N","","","","","","","","","",""
"2021124517","1151","0","0","0","0","0","0","0","0","0","5","0","","67","11","2021","7","39.990954","-75.101787","1139","6","0","0","0","0","0","1","0","0","","0","0","0","11","1","2","N","0","0","39 59:27.435","","0","75 06:06.433","3","0","0","0","67301","0","0","0","N","0","0","0","2","67301","1","","1.0","","1","N","N","N","0","","1","0","2","0","0","","1109","2","2","1","0","0","0","0","2","0","2","0","0","0","3","03","","N","","","","","","","","","",""
"2021115294","0023","3","0","0","0","0","0","0","0","0","5","0","","67","11","2021","5","39.944436","-75.236381","0021","6","0","0","0","0","0","0","0","0","","0","0","0","0","3","0","N","0","0","39 56:39.970","","0","75 14:10.970","0","0","0","0","67301","0","0","0","N","0","0","0","1","67301","0","","6.0","","1","N","N","N","0","","0","0","2","0","0","","21","5","0","0","0","0","0","0","2","0","5","0","0","0","3","03","","N","","","","","","","","","",""
"2021115283","1205","2","0","0","0","0","0","0","0","0","4","0","","67","11","2021","5","39.957292","-75.247874","1205","6","0","0","0","0","0","0","0","0","","0","0","0","12","1","1","","1","0","39 57:26.251","","0","75 14:52.347","3","0","0","0","67301","0","0","0","N","0","0","0","2","67301","0","","1.0","","1","N","N","N","0","","1","0","0","3","2","","1200","2","1","0","0","0","0","0","2","0","2","0","0","0","3","03","","N","","","","","","","","","",""
"2021113470","2155","0","0","0","0","0","0","0","0","0","8","0","","67","11","2021","4","40.022719","-75.148198","2150","6","0","0","0","0","0","0","0","0","","0","0","0","20","3","1","","5","0","40 01:21.790","","0","75 08:53.512","3","0","0","0","67301","1","0","0","N","0","0","0","2","67301","0","","1.0","","1","N","N","N","0","","1","0","0","0","0","","2030","2","1","0","0","0","0","0","2","0","1","1","0","0","3","03","","N","","","","","","","","","",""
"2021116364","0345","1","0","0","0","0","0","0","0","0","7","0","","67","11","2021","1","40.024303","-75.133206","0343","6","0","0","0","0","0","0","0","0","","0","0","0","3","3","1","","5","0","40 01:27.490","","0","75 07:59.540","3","0","0","0","67301","0","0","0","N","0","0","0","1","67301","0","","4.0","","1","N","N","N","0","","1","0","0","3","2","","340","1","1","0","0","0","0","0","2","0","1","0","0","0","3","03","","N","","","","","","","","","",""
"2021121034","2115","3","0","0","0","0","0","0","0","0","5","0","","67","11","2021","1","39.975483","-75.166492","2107","6","0","0","0","0","0","0","0","0","","0","0","0","20","3","0","N","0","0","39 58:31.740","","0","75 09:59.370","0","0","0","0","67301","0","0","0","N","0","0","0","2","67301","0","","6.0","","1","N","N","N","0","","0","0","0","0","0","","2036","3","0","0","0","0","0","0","2","0","3","0","0","0","3","","","N","","","","","","","","","",""
"2021108783","0230","1","0","0","0","0","0","0","0","0","7","0","","67","11","2021","3","40.047543","-75.112375","0219","6","0","0","0","0","0","0","0","0","","0","0","0","1","3","0","","3","0","40 02:51.156","","0","75 06:44.551","0","0","0","0","67301","0","0","0","N","0","0","0","1","67301","0","","5.0","","1","N","N","N","0","","0","0","0","3","2","","155","1","0","1","0","0","0","0","2","0","1","0","0","0","3","03","","N","","","","","","","","","",""
"2021115204","1630","2","0","0","0","0","0","0","0","0","5","0","","67","11","2021","3","40.040003","-75.099569","1625","6","0","0","0","0","0","0","0","0","","0","0","0","15","1","0","N","0","0","40 02:24.010","","0","75 05:58.450","0","0","0","0","67301","0","0","0","N","0","0","0","2","67301","0","","1.0","","1","N","N","Y","0","","0","0","0","0","0","","1556","2","0","0","0","0","0","0","2","0","2","0","0","0","3","","","N","","","","","","","","","",""
"2021122020","2348","1","0","0","0","0","0","0","0","0","4","0","","67","11","2021","4","40.032514","-75.080809","2345","6","0","0","0","0","0","0","1","0","","0","0","0","23","3","2","","1","2","40 01:57.052","7","0","75 04:50.912","3","0","0","0","67301","0","0","0","N","0","0","0","2","67301","0","","1.0","1230.0","1","N","N","N","0","","2","0","1","3","2","Y","2340","2","2","0","0","0","0","0","2","0","2","0","0","0","3","03","","N","","","","","","","","","",""
"2021116510","0634","1","0","0","0","0","0","0","0","0","7","0","","67","11","2021","6","39.957506","-75.147708","0631","6","0","0","0","0","0","0","0","0","","0","0","0","6","3","1","N","0","1","39 57:27.021","3","0","75 08:51.748","8","0","0","0","67301","0","0","0","N","0","0","0","1","68K01","0","","4.0","700.0","9","N","N","N","0","","0","0","0","0","0","N","619","1","1","0","0","0","1","0","2","0","1","0","0","0","7","07","","N","","","","","","","","","",""
"2021115557","1305","2","0","0","0","0","0","0","0","0","4","0","","67","11","2021","2","39.984711","-75.161527","1259","6","0","0","0","0","0","1","0","0","","0","0","0","12","1","1","","1","0","39 59:04.959","","0","75 09:41.497","8","0","0","0","67301","0","0","0","N","0","0","0","2","67301","0","","1.0","","1","N","N","N","0","","0","0","0","3","3","","1225","2","1","0","0","0","1","0","2","0","2","0","0","0","3","03","","N","","","","","","","","","",""
"2021113073","0827","0","0","0","0","0","0","0","0","0","4","0","","67","11","2021","7","39.924565","-75.233127","0821","6","0","0","0","0","0","0","0","0","","0","0","0","8","1","0","","1","0","39 55:28.434","","0","75 13:59.258","0","0","0","0","67301","0","0","0","N","0","0","0","2","67301","0","","1.0","","1","N","N","N","1","","0","0","1","3","2","","813","2","0","0","0","0","0","0","2","0","2","0","0","0","3","03","","N","","","","","","","","","",""
"2021113600","0428","1","0","0","0","0","0","0","0","0","5","0","","67","11","2021","1","40.040252","-75.108337","0424","6","0","0","0","0","0","0","0","0","","0","0","0","4","3","0","N","0","0","40 02:24.906","","0","75 06:30.013","0","0","0","0","67301","0","0","0","N","0","0","0","2","67301","0","","1.0","","1","N","N","N","1","","0","0","0","0","0","","423","2","0","0","0","0","0","0","2","0","2","0","0","0","3","03","","N","","","","","","","","","",""
"2021110277","1842","1","0","0","0","0","0","0","0","0","2","0","","67","11","2021","6","39.919422","-75.227025","1834","6","0","0","0","0","0","0","1","0","","0","0","0","17","1","2","","1","0","39 55:09.920","","0","75 13:37.289","3","0","0","0","67301","0","0","0","N","0","0","0","3","67301","0","","1.0","","1","N","N","N","0","","2","0","1","0","0","","1729","2","2","0","0","0","0","1","2","0","2","0","0","0","3","03","","N","","","","","","","","","",""
"2021108868","2325","2","0","0","0","0","0","1","0","0","4","1","","67","11","2021","2","40.068905","-75.18175","2300","6","0","0","0","1","0","0","0","0","","0","0","0","23","3","1","","1","0","40 04:08.058","","0","75 10:54.300","4","0","0","0","67301","0","0","0","N","0","0","0","2","67508","1","","1.0","","1","N","N","Y","0","","0","0","1","3","2","","2300","4","1","0","0","0","0","0","2","0","4","0","0","0","3","03","","N","","","","","","","","","",""
"2021120654","2010","1","0","0","0","0","0","0","0","0","4","0","","67","11","2021","4","39.989348","-75.167307","2009","6","0","0","0","1","0","0","0","0","","0","0","0","20","3","0","","1","0","39 59:21.653","","0","75 10:02.305","0","0","0","0","67301","0","0","0","N","0","0","0","2","67301","0","","1.0","","1","N","N","N","0","","0","0","1","3","2","","2005","2","0","0","0","0","0","0","2","0","2","0","0","0","3","03","","N","","","","","","","","","",""
"2021115584","0701","2","0","0","0","0","0","0","0","0","5","0","","67","11","2021","5","40.013169","-75.090936","0655","6","0","0","0","0","0","0","0","0","","0","0","0","5","3","0","N","0","0","40 00:47.410","","0","75 05:27.370","0","0","0","0","67301","0","0","0","N","0","0","0","1","67301","0","","6.0","","1","N","N","N","0","","0","0","0","0","0","","555","2","0","0","0","0","0","0","2","0","2","0","0","0","3","03","","N","","","","","","","","","",""
"2021117522","1904","1","0","0","0","0","0","0","0","0","1","0","","67","11","2021","3","40.009239","-75.204826","1858","6","0","0","0","0","0","1","0","0","","0","0","0","18","3","0","","7","0","40 00:33.260","","2","75 12:17.373","0","0","0","0","67301","0","0","0","N","0","0","0","4","68K01","0","","7.0","","1","N","N","N","0","","0","0","3","0","0","","1854","4","0","0","0","0","0","0","2","0","4","0","0","0","3","","","N","","","","","","","","","",""
"2021117180","1513","1","0","0","0","0","0","0","0","0","4","0","","67","11","2021","3","39.987256","-75.122693","1343","6","0","0","0","0","0","0","0","0","","0","0","0","13","1","0","N","0","0","39 59:14.120","","0","75 07:21.696","0","0","0","0","67301","0","0","0","N","0","0","0","2","68K01","0","","1.0","","1","N","N","N","0","","0","0","0","0","0","","1330","2","0","0","0","0","0","0","2","1","2","0","0","0","3","","","N","","","","","","","","","",""
"2021109120","0023","2","0","0","0","0","0","0","0","0","5","0","","67","9","2021","1","39.979459","-75.106915","0023","6","0","0","0","0","0","0","0","0","","0","0","0","0","3","0","N","0","1","39 58:46.052","1","0","75 06:24.895","0","0","0","0","67301","0","0","0","N","0","0","0","2","68K01","0","","1.0","1231.0","1","N","N","N","0","","0","0","0","0","0","N","10","2","0","0","0","0","0","0","2","0","2","0","0","0","3","","","N","","","","","","","","","",""
"2021111501","1600","0","0","0","0","0","0","0","0","0","7","0","","67","11","2021","2","39.93535","-75.154669","1527","6","0","0","0","0","0","1","0","0","","0","0","0","14","1","2","N","0","0","39 56:07.260","","0","75 09:16.810","3","0","0","0","67301","0","0","0","N","0","0","0","4","67301","0","","5.0","","1","N","N","N","0","","2","0","1","0","0","","1457","1","2","1","0","0","0","0","2","0","1","0","0","0","3","","","N","","","","","","","","","",""
"2021119552","1315","2","0","0","0","0","0","0","0","0","1","0","","67","11","2021","7","39.959682","-75.141301","1258","6","0","0","0","0","0","1","0","0","","0","0","0","12","1","0","N","0","1","39 57:34.855","2","2","75 08:28.682","0","0","0","0","67301","0","0","0","N","0","0","0","5","68K01","0","","1.0","1320.0","1","N","N","N","0","","0","0","1","0","0","N","1256","3","0","0","0","0","0","0","2","0","3","0","0","0","3","03","","N","","","","","","","","","",""
"2021113779","0921","1","0","0","0","0","0","0","0","0","4","0","","67","11","2021","2","39.944113","-75.153515","0921","6","0","0","0","0","0","0","1","0","","0","0","0","7","1","1","","1","0","39 56:38.805","","0","75 09:12.654","3","0","0","0","67301","0","0","0","N","0","0","0","3","67301","0","","1.0","","9","N","N","N","0","","1","0","1","3","2","","755","2","1","0","0","0","0","0","2","0","2","0","0","0","4","07","","N","","","","","","","","","",""
"2021108838","1140","1","0","0","0","0","0","0","0","0","4","0","","67","11","2021","3","40.056772","-75.011379","1132","6","0","0","0","1","0","0","0","0","","0","0","0","11","1","0","","2","0","40 03:24.378","","0","75 00:40.965","9","0","0","0","67301","0","0","0","N","0","0","0","2","67301","0","","1.0","","1","N","N","N","0","","0","0","1","0","0","","1131","2","0","0","0","0","0","2","2","0","2","0","0","0","3","03","","N","","","","","","","","","",""
"2021110605","0945","2","0","0","0","0","0","0","0","0","4","0","","67","11","2021","3","39.927338","-75.144778","0930","6","0","0","0","0","0","0","0","0","","0","0","0","9","1","1","","1","1","39 55:38.416","1","0","75 08:41.201","3","0","0","0","67301","0","0","0","N","0","0","0","2","67301","0","","1.0","1207.0","1","N","N","N","0","","1","0","0","3","2","N","905","2","1","0","0","0","0","0","2","0","2","0","0","0","3","03","","N","","","","","","","","","",""
"2021109664","1625","1","0","0","1","0","0","0","0","0","8","0","","67","11","2021","5","39.997664","-75.132453","1602","6","0","0","0","0","0","0","0","0","","0","0","0","15","1","1","N","0","0","39 59:51.590","","0","75 07:56.830","3","0","0","0","67301","1","0","0","N","0","0","0","2","67301","0","","1.0","","1","N","N","N","0","","1","0","0","0","0","","1533","2","1","1","0","0","0","1","2","0","1","1","0","0","3","03","","N","","","","","","","","","",""
"2021115945","1140","2","0","0","0","0","0","0","0","0","5","0","","67","11","2021","7","40.002083","-75.194505","1140","6","0","0","0","0","0","1","0","0","","0","0","0","11","1","0","","7","0","40 00:07.499","","2","75 11:40.217","0","0","0","0","67301","0","0","0","N","0","0","0","2","68K01","0","","7.0","","1","N","N","N","0","","0","0","0","0","0","","1129","2","0","0","0","0","0","0","2","0","2","0","0","0","3","03","","N","","","","","","","","","",""
"2021109046","1639","2","0","0","0","0","0","0","0","0","4","1","","67","11","2021","3","39.973992","-75.14416","1639","6","0","0","0","0","0","0","0","0","","0","1","0","15","1","0","","1","0","39 58:26.371","","0","75 08:38.976","0","0","0","0","67301","0","0","0","N","0","0","0","1","67301","0","","1.0","","1","N","N","N","0","","0","0","1","3","3","","1530","4","0","0","0","0","0","0","2","0","4","0","0","0","3","03","","N","","","","","","","","","",""
"2021097761","1500","1","0","0","0","0","0","0","0","0","5","0","","67","10","2021","7","39.970536","-75.146511","1500","6","0","0","0","0","0","0","1","0","","0","0","0","15","1","1","N","0","0","39 58:13.930","","0","75 08:47.440","3","0","0","0","67301","0","0","0","N","0","0","0","2","67301","0","","1.0","","1","N","N","N","0","","1","0","1","0","0","","1500","2","1","1","0","0","0","0","2","0","2","0","0","0","3","03","","N","","","","","","","","","",""
"2021096373","1818","1","0","0","0","0","0","0","0","0","4","0","","67","10","2021","7","40.027611","-75.05805","1817","6","0","0","0","0","0","0","1","0","","0","0","0","18","4","2","","1","1","40 01:39.399","1","0","75 03:28.979","3","0","0","0","67301","0","0","0","N","0","0","0","3","67301","0","","1.0","30.0","1","N","N","N","0","","2","0","1","3","3","N","1816","2","2","0","0","0","0","0","2","0","2","0","0","0","3","04","","N","","","","","","","","","",""
"2021109245","1730","0","0","0","0","0","0","0","0","0","7","0","","67","11","2021","3","39.916511","-75.169295","1720","6","0","0","0","0","0","0","0","0","","0","0","0","16","3","0","","1","0","39 54:59.439","","0","75 10:09.463","0","0","0","0","67301","0","0","0","N","0","0","0","1","67301","0","","4.0","","1","N","N","N","0","","0","0","0","3","2","","1620","1","0","0","0","0","0","0","2","1","1","0","0","0","3","","","N","","","","","","","","","",""
"2021110276","1930","0","0","0","0","0","0","0","0","0","7","0","","67","11","2021","4","39.919088","-75.206092","1922","6","0","0","0","0","0","0","0","0","","0","0","0","19","3","0","N","0","1","39 55:08.717","4","3","75 12:21.930","0","0","0","0","67301","0","0","0","N","0","0","0","1","67301","0","","4.0","100.0","1","N","N","N","0","","0","0","1","0","0","N","1922","1","0","0","0","0","0","0","2","0","1","0","0","0","3","","","N","","","","","","","","","",""
"2021112982","0727","1","0","0","0","0","0","0","0","0","1","0","","67","11","2021","3","40.014588","-75.178184","0727","6","0","0","0","0","0","1","0","0","","0","0","0","11","1","0","N","0","0","40 00:52.516","","0","75 10:41.463","9","0","0","0","67301","0","0","0","N","0","0","0","3","67301","0","","1.0","","1","N","N","N","0","","0","0","2","0","0","","1100","3","0","0","0","0","0","3","2","0","3","0","0","0","3","03","","N","","","","","","","","","",""
"2021118530","1100","1","0","0","0","0","0","0","0","0","8","0","","67","11","2021","7","40.026037","-75.146678","1100","6","0","0","0","0","0","0","0","0","","0","0","0","12","1","1","","1","0","40 01:33.733","","0","75 08:48.040","8","0","0","0","67301","1","0","0","N","1","0","0","2","67301","0","","1.0","","99","N","N","N","0","","0","0","0","3","2","","1257","2","1","1","0","0","1","1","2","0","1","1","0","0","99","","","N","","","","","","","","","",""
"2021110209","1050","3","0","0","0","0","0","0","0","0","4","0","","67","11","2021","6","40.0262","-75.16915","1043","6","0","0","0","0","0","1","0","0","","0","0","0","10","1","2","","1","0","40 01:34.321","","0","75 10:08.941","3","0","0","0","67301","0","0","0","N","0","0","0","3","67301","0","","1.0","","9","N","N","N","0","","2","0","1","3","1","","1030","4","2","0","0","0","0","0","2","0","4","0","0","0","7","07","","N","","","","","","","","","",""
"2021111699","1925","2","0","0","0","0","0","0","0","0","1","0","","67","11","2021","1","40.094541","-75.015043","1915","6","0","0","0","0","0","0","1","0","","0","0","0","19","3","0","","1","0","40 05:40.347","","0","75 00:54.154","0","0","0","0","67301","0","0","0","N","0","0","0","3","67301","0","","1.0","","1","N","N","N","0","","0","0","1","3","2","","1910","3","0","0","0","0","0","0","2","0","3","0","0","0","3","03","","N","","","","","","","","","",""
"2021115207","0232","1","0","0","0","0","0","0","0","0","7","0","","67","11","2021","5","40.045633","-75.071491","0230","6","0","0","0","1","0","0","0","0","","0","0","0","2","3","0","","1","0","40 02:44.278","","0","75 04:17.368","0","0","0","0","67301","0","0","0","N","0","0","0","1","67301","0","","4.0","","1","N","N","N","0","","0","0","0","3","2","","222","2","0","0","0","0","0","0","2","0","1","0","0","0","3","03","","N","","","","","","","","","",""
"2021112599","0256","4","0","0","0","0","0","0","0","0","5","0","","67","11","2021","1","40.05617","-75.074628","0248","6","0","0","0","0","0","0","0","0","","0","0","0","2","3","0","N","0","0","40 03:22.213","","0","75 04:28.661","0","0","0","0","67301","0","0","0","N","0","0","0","1","67301","0","","6.0","","1","N","N","N","0","","0","0","0","0","0","","223","4","0","0","0","0","0","0","2","0","4","0","0","0","3","","","N","","","","","","","","","",""
"2021115803","1115","1","0","0","0","0","0","0","0","0","4","0","","67","11","2021","7","39.916071","-75.154771","1110","6","0","0","0","0","0","1","0","0","","0","0","0","11","1","1","","1","0","39 54:57.855","","0","75 09:17.175","8","0","0","0","67301","0","0","0","N","0","0","0","2","67301","0","","1.0","","1","N","N","N","0","","0","0","1","3","3","","1105","2","1","0","0","0","1","0","2","0","2","0","0","0","3","03","","N","","","","","","","","","",""
"2021114797","1530","0","0","0","0","0","0","0","0","0","8","0","","67","11","2021","4","39.953807","-75.166593","1520","6","0","0","0","0","0","1","0","0","","0","0","0","15","1","1","","1","0","39 57:13.704","","0","75 09:59.736","8","0","0","0","67301","1","0","0","N","1","0","0","2","67508","0","","1.0","","1","N","N","Y","0","","0","0","1","3","2","","1520","2","1","0","0","0","1","0","2","0","1","1","0","0","3","03","","N","","","","","","","","","",""
"2021115656","0758","3","0","0","0","0","0","0","0","0","1","0","45","67","11","2021","4","39.898723","-75.179784","0753","6","0","0","0","0","0","2","0","0","","0","0","0","7","1","2","N","0","2","39 53:55.404","1","3","75 10:47.223","3","0","0","0","67301","0","0","0","N","0","0","0","4","68K01","1","","1.0","900.0","1","N","N","N","0","","1","0","1","0","0","N","750","4","2","2","0","0","0","0","2","0","4","0","0","0","3","","N","Y","8","1","","","N","Y","","","Y","N"
"2021116046","1052","1","0","0","0","0","0","0","0","0","4","0","","67","11","2021","7","40.007734","-75.158115","1024","6","0","0","0","0","0","0","0","0","","0","0","0","10","1","0","","1","0","40 00:27.842","","0","75 09:29.213","0","0","0","0","67301","0","0","0","N","0","0","0","4","67301","0","","1.0","","1","N","N","N","0","","0","0","1","3","3","","1024","2","0","0","0","0","0","0","2","0","2","0","0","0","3","03","","N","","","","","","","","","",""
"2021125018","2039","2","0","0","0","0","0","0","0","0","4","0","","67","12","2021","7","40.058121","-75.073349","2036","6","0","0","0","0","1","0","0","0","","0","0","0","20","3","0","","1","2","40 03:29.235","6","0","75 04:24.056","0","0","0","0","67301","0","0","0","N","0","0","0","2","67301","0","","1.0","2130.0","9","N","N","N","0","","0","0","0","9","3","N","2033","2","0","0","0","0","0","0","2","0","2","0","0","0","5","05","","N","","","","","","","","","",""
"2021111835","1700","1","0","0","0","0","0","0","0","0","4","0","","67","11","2021","3","39.919557","-75.152051","1655","6","0","0","0","0","0","0","0","0","","0","0","0","15","1","0","","1","0","39 55:10.405","","0","75 09:07.383","0","0","0","0","67301","0","0","0","N","0","0","0","2","67301","0","","1.0","","1","N","N","N","0","","0","0","1","3","2","","1538","2","0","0","0","0","0","0","2","0","2","0","0","0","3","03","","N","","","","","","","","","",""
"2021119554","2052","0","0","0","0","0","0","0","0","0","1","0","","67","11","2021","7","40.009059","-75.068311","2030","6","0","0","0","0","0","0","0","0","","0","0","0","20","3","0","N","0","2","40 00:32.614","2","3","75 04:05.918","9","0","0","0","67301","0","0","0","N","0","0","0","4","68K01","0","","1.0","2115.0","1","N","N","N","0","","0","0","2","0","0","N","2026","2","0","0","0","0","0","2","2","0","2","0","0","0","3","03","","N","","","","","","","","","",""
"2021109232","1750","1","0","0","0","0","0","0","0","0","1","0","","67","11","2021","3","39.921103","-75.194272","1745","6","0","0","0","0","0","1","0","0","","0","0","0","17","3","0","N","0","0","39 55:15.969","","0","75 11:39.380","0","0","0","0","67301","0","0","0","N","0","0","0","4","67301","0","","1.0","","1","N","N","N","0","","0","0","2","0","0","","1734","4","0","2","0","0","0","0","2","1","4","0","0","0","3","03","","N","","","","","","","","","",""
"2021114334","1919","1","0","0","0","0","0","0","0","0","5","0","","67","11","2021","6","40.031572","-75.062083","1910","6","0","0","0","0","0","0","0","0","","0","0","0","16","1","1","N","0","0","40 01:53.660","","0","75 03:43.500","3","0","0","0","67301","0","0","0","N","0","0","0","2","67301","0","","1.0","","1","N","N","N","0","","1","0","0","0","0","","1633","2","1","0","0","0","0","0","2","1","2","0","0","0","3","03","","N","","","","","","","","","",""
"2021108834","1352","0","0","0","0","0","0","0","0","0","4","0","","67","11","2021","3","40.041639","-75.238028","1348","6","0","0","0","0","1","0","0","0","","0","0","0","13","1","1","N","0","0","40 02:29.900","","7","75 14:16.900","4","0","0","0","67301","0","0","0","N","0","0","0","2","67301","1","","1.0","","1","N","N","N","0","","0","0","1","0","0","","1345","2","1","0","0","0","0","0","2","1","2","0","0","0","3","03","","N","","","","","","","","","",""
"2021115185","1650","2","0","0","0","0","0","0","0","0","1","0","","67","11","2021","4","40.035978","-75.186214","1650","6","0","0","0","0","0","1","0","0","","0","0","0","14","1","1","Y","0","0","40 02:09.519","","0","75 11:10.371","8","0","0","0","67301","0","0","0","N","0","0","0","2","67301","0","","1.0","","1","N","N","N","0","","0","0","0","3","2","","1417","2","1","0","0","0","1","0","2","0","2","0","0","0","3","03","","N","","","","","","","","","",""
"2021109911","0852","1","0","0","0","0","0","0","0","0","5","0","","67","11","2021","5","40.064525","-75.181194","0851","6","0","0","0","0","0","0","1","0","","0","0","0","8","3","0","N","0","1","40 03:52.290","5","0","75 10:52.300","0","0","0","0","67301","0","0","0","N","0","0","0","1","67301","0","","6.0","2127.0","1","N","N","N","0","","0","0","1","0","0","N","848","2","0","1","0","0","0","0","2","0","2","0","0","0","3","03","","N","","","","","","","","","",""
"2021112489","1400","0","0","0","0","0","0","0","0","0","5","0","","67","11","2021","3","39.961855","-75.157718","1400","6","0","0","0","0","0","1","0","0","","0","0","0","15","1","1","","5","0","39 57:42.677","","0","75 09:27.784","3","0","0","1","67301","0","0","0","N","0","0","0","2","67301","0","","1.0","","1","N","N","N","0","","1","0","0","3","2","","1500","2","1","0","0","0","0","0","2","1","2","0","0","0","3","03","","N","","","","","","","","","",""
"2021113704","0830","3","0","0","0","0","0","0","0","0","1","0","","67","11","2021","2","39.989819","-75.250844","0820","6","0","0","0","0","0","1","2","0","","0","0","0","8","1","0","","1","0","39 59:23.348","","0","75 15:03.040","0","0","0","0","67301","0","0","0","N","0","0","0","3","46104","0","","1.0","","1","N","N","N","0","","0","0","0","3","2","","820","3","0","0","0","0","0","0","2","0","3","0","0","0","3","","","N","","","","","","","","","",""
"2021121035","1148","1","0","0","0","0","0","0","0","0","4","0","","67","12","2021","6","39.989585","-75.157226","1147","6","0","0","0","0","0","0","0","0","","0","0","0","11","1","0","","1","0","39 59:22.506","","0","75 09:26.013","9","0","0","0","67301","0","0","0","N","0","0","0","3","67301","0","","1.0","","1","N","N","N","0","","0","0","0","3","2","","1145","2","0","0","0","0","0","1","2","1","2","0","0","0","4","04","","N","","","","","","","","","",""