"CRN","ARRIVAL_TM","AUTOMOBILE_COUNT","BELTED_DEATH_COUNT","BELTED_SUSP_SERIOUS_INJ_COUNT","BICYCLE_COUNT","BICYCLE_DEATH_COUNT","BICYCLE_SUSP_SERIOUS_INJ_COUNT","BUS_COUNT","CHLDPAS_DEATH_COUNT","CHLDPAS_SUSP_SERIOUS_INJ_COUNT","COLLISION_TYPE","COMM_VEH_COUNT","CONS_ZONE_SPD_LIM","COUNTY","CRASH_MONTH","CRASH_YEAR","DAY_OF_WEEK","DEC_LATITUDE","DEC_LONGITUDE","DISPATCH_TM","DISTRICT","DRIVER_COUNT_16YR","DRIVER_COUNT_17YR","DRIVER_COUNT_18YR","DRIVER_COUNT_19YR","DRIVER_COUNT_20YR","DRIVER_COUNT_50_64YR","DRIVER_COUNT_65_74YR","DRIVER_COUNT_75PLUS","EST_HRS_CLOSED","FATAL_COUNT","HEAVY_TRUCK_COUNT","HORSE_BUGGY_COUNT","HOUR_OF_DAY","ILLUMINATION","INJURY_COUNT","INTERSECTION_RELATED","INTERSECT_TYPE","LANE_CLOSED","LATITUDE","LN_CLOSE_DIR","LOCATION_TYPE","LONGITUDE","MAX_SEVERITY_LEVEL","MCYCLE_DEATH_COUNT","MCYCLE_SUSP_SERIOUS_INJ_COUNT","MOTORCYCLE_COUNT","MUNICIPALITY","NONMOTR_COUNT","NONMOTR_DEATH_COUNT","NONMOTR_SUSP_SERIOUS_INJ_COUNT","NTFY_HIWY_MAINT","PED_COUNT","PED_DEATH_COUNT","PED_SUSP_SERIOUS_INJ_COUNT","PERSON_COUNT","POLICE_AGCY","POSSIBLE_INJ_COUNT","RDWY_SURF_TYPE_CD","RELATION_TO_ROAD","ROADWAY_CLEARED","ROAD_CONDITION","SCH_BUS_IND","SCH_ZONE_IND","SECONDARY_CRASH","SMALL_TRUCK_COUNT","SPEC_JURIS_CD","SUSP_MINOR_INJ_COUNT","SUSP_SERIOUS_INJ_COUNT","SUV_COUNT","TCD_FUNC_CD","TCD_TYPE","TFC_DETOUR_IND","TIME_OF_DAY","TOTAL_UNITS","TOT_INJ_COUNT","UNBELTED_OCC_COUNT","UNB_DEATH_COUNT","UNB_SUSP_SERIOUS_INJ_COUNT","UNK_INJ_DEG_COUNT","UNK_INJ_PER_COUNT","URBAN_RURAL","VAN_COUNT","VEHICLE_COUNT","VULNERABLE_ROAD_USER_COUNT","VULNERABLE_ROAD_USER_DEATH_COUNT","VULNERABLE_ROAD_USER_SER_INJ_COUNT","WEATHER1","WEATHER2","WORKERS_PRES","WORK_ZONE_IND","WORK_ZONE_LOC","WORK_ZONE_TYPE","WZ_CLOSE_DETOUR","WZ_FLAGGER","WZ_LAW_OFFCR_IND","WZ_LN_CLOSURE","WZ_MOVING","WZ_OTHER","WZ_SHLDER_MDN","WZ_WORKERS_INJ_KILLED"
"2021115717","2342","0","0","0","0","0","0","0","0","0","5","0","","67","11","2021","6","39.91175","-75.168","2342","6","0","0","0","0","0","0","0","0","","0","0","0","23","3","0","N","0","0","39 54:42.300","","3","75 10:04.800","0","0","0","0","67301","0","0","0","N","0","0","0","3","67501","0","","1.0","","1","N","N","N","0","","0","0","0","0","0","","2342","2","0","0","0","0","0","0","2","1","2","0","0","0","3","03","","N","","","","","","","","","",""
"2021110610","0928","0","0","0","0","0","0","0","0","0","8","0","","67","11","2021","5","39.925323","-75.15767","0923","6","0","0","0","0","0","0","0","1","","0","0","0","9","1","1","","1","0","39 55:31.162","","0","75 09:27.611","3","0","0","0","67301","1","0","0","N","1","0","0","2","67301","0","","1.0","","1","N","N","N","0","","1","0","1","3","3","","912","2","1","0","0","0","0","0","2","0","1","1","0","0","3","03","","N","","","","","","","","","",""
"2021115489","0917","2","0","0","0","0","0","0","0","0","4","0","","67","11","2021","6","40.005023","-75.136398","0912","6","0","0","0","0","0","1","0","0","","0","0","0","8","1","0","","3","0","40 00:18.082","","0","75 08:11.032","0","0","0","0","67301","0","0","0","N","0","0","0","3","67301","0","","1.0","","1","N","N","N","0","","0","0","0","3","3","","851","2","0","0","0","0","0","0","2","0","2","0","0","0","3","","","N","","","","","","","","","",""
"2021115313","1535","0","0","0","0","0","0","0","0","0","4","0","","67","11","2021","7","39.970586","-75.150888","1526","6","0","0","0","0","0","0","0","0","","0","0","0","15","1","2","","1","0","39 58:14.110","","1","75 09:03.197","4","0","0","0","67301","0","0","0","N","0","0","0","3","67301","1","","1.0","","1","N","N","N","0","","0","0","2","3","3","","1520","2","2","0","0","0","1","0","2","0","2","0","0","0","3","03","","N","","","","","","","","","",""
"2021108892","0712","0","0","0","0","0","0","0","0","0","4","0","","67","11","2021","4","40.028833","-75.045028","0711","6","0","0","0","0","0","0","0","0","","0","0","0","7","1","2","","2","0","40 01:43.800","","0","75 02:42.100","3","0","0","0","67301","0","0","0","N","0","0","0","5","67301","0","","1.0","","1","N","N","N","0","","2","0","1","0","0","","709","2","2","0","0","0","0","0","2","1","2","0","0","0","3","03","","N","","","","","","","","","",""
"2021118710","1212","1","0","0","0","0","0","0","0","0","4","0","","67","11","2021","1","39.997217","-75.119346","1207","6","0","0","0","0","0","0","0","0","","0","0","0","11","1","2","","1","0","39 59:49.981","","0","75 07:09.644","8","0","0","0","67301","0","0","0","N","0","0","0","6","67301","0","","1.0","","1","N","N","N","0","","0","0","2","3","2","","1128","4","2","0","0","0","2","3","2","1","4","0","0","0","3","","","N","","","","","","","","","",""
"2021118525","1817","2","0","0","0","0","0","0","0","0","4","0","","67","11","2021","1","40.042771","-75.148838","1658","6","0","0","0","0","0","0","0","0","","0","0","0","16","3","1","","1","0","40 02:33.975","","0","75 08:55.816","3","0","0","0","67301","0","0","0","N","0","0","0","2","67301","0","","1.0","","1","N","N","N","0","","1","0","0","3","3","","1658","2","1","0","0","0","0","0","2","0","2","0","0","0","3","03","","N","","","","","","","","","",""
"2021114187","0835","2","0","0","0","0","0","0","0","0","4","0","","67","11","2021","2","39.967095","-75.162135","0832","6","0","0","0","0","0","1","0","0","","0","0","0","8","1","2","","1","1","39 58:01.542","2","0","75 09:43.685","3","0","0","0","67301","0","0","0","N","0","0","0","2","67301","1","","1.0","850.0","9","N","N","N","0","","1","0","0","3","2","Y","825","2","2","0","0","0","0","0","2","0","2","0","0","0","4","","","N","","","","","","","","","",""
"2021112218","0936","1","0","0","0","0","0","0","0","0","4","0","","67","11","2021","3","40.052991","-74.982709","0926","6","0","0","0","0","0","0","0","1","","0","0","0","9","1","1","","2","0","40 03:10.766","","0","74 58:57.754","8","0","0","0","67301","0","0","0","N","0","0","0","2","67301","0","","1.0","","1","N","N","N","1","","0","0","0","3","2","","918","2","1","0","0","0","1","0","2","0","2","0","0","0","3","03","","N","","","","","","","","","",""
"2021123966","1520","0","0","0","0","0","0","0","0","0","8","0","","67","12","2021","7","40.068663","-75.156786","1505","6","0","0","0","0","0","0","0","0","","0","0","0","14","1","1","","5","0","40 04:07.186","","0","75 09:24.430","8","0","0","0","67301","1","0","0","N","1","0","0","2","67301","0","","1.0","","9","N","N","N","1","","0","0","0","3","2","","1447","2","1","0","0","0","1","0","2","0","1","1","0","0","7","","","N","","","","","","","","","",""
"2021110481","1623","1","0","0","0","0","0","0","0","0","4","0","","67","11","2021","5","39.969664","-75.211523","1623","6","0","0","0","0","0","0","1","0","","0","0","0","15","1","1","","1","0","39 58:10.789","","0","75 12:41.484","4","0","0","0","67301","0","0","0","N","0","0","0","3","67301","1","","1.0","","1","N","N","N","0","","0","0","1","3","2","","1502","2","1","0","0","0","0","0","2","0","2","0","0","0","3","03","","N","","","","","","","","","",""
"2021113254","1710","0","0","0","1","0","0","0","0","0","8","0","","67","11","2021","2","39.92323","-75.187096","1700","6","0","0","0","0","0","0","0","0","","0","0","0","18","3","1","","1","0","39 55:23.627","","0","75 11:13.545","8","0","0","0","67301","1","0","0","N","0","0","0","2","67301","0","","1.0","","1","N","N","N","0","","0","0","1","3","3","","1830","2","1","0","0","0","1","1","2","0","1","1","0","0","3","03","","N","","","","","","","","","",""
"2021115552","1836","1","0","0","0","0","0","0","0","0","4","0","","67","11","2021","6","39.964866","-75.22609","1836","6","0","0","0","0","0","0","1","0","","0","0","0","18","3","1","","1","0","39 57:53.517","","0","75 13:33.924","4","0","0","0","67301","0","0","0","N","0","0","0","2","67301","1","","1.0","","1","N","N","N","0","","0","0","1","3","2","","1835","2","1","2","0","0","0","1","2","0","2","0","0","0","3","04","","N","","","","","","","","","",""
"2021111998","2036","0","0","0","0","0","0","0","0","0","4","0","","67","11","2021","2","39.955991","-75.217645","2033","6","0","0","0","0","0","1","0","0","","0","0","0","20","3","0","","1","1","39 57:21.568","4","0","75 13:03.523","0","0","0","0","67301","0","0","0","N","0","0","0","2","67301","0","","1.0","2045.0","1","N","N","N","0","","0","0","1","3","2","N","2020","2","0","0","0","0","0","0","2","0","2","0","0","0","3","03","","N","","","","","","","","","",""
"2021113601","0615","3","0","0","0","0","0","0","0","0","4","0","","67","11","2021","1","40.052721","-75.092557","0557","6","0","0","0","0","0","0","0","0","","0","0","0","5","3","1","","1","0","40 03:09.797","","0","75 05:33.205","4","0","0","0","67301","0","0","0","N","0","0","0","2","67301","1","","1.0","","1","N","N","Y","0","","0","0","0","3","3","","500","3","1","0","0","0","0","1","2","0","3","0","0","0","3","03","","N","","","","","","","","","",""
"2021111219","1958","1","0","0","0","0","0","0","0","0","4","0","","67","11","2021","1","40.051695","-75.181502","1952","6","0","0","0","0","0","0","0","0","","0","0","0","19","3","0","","2","0","40 03:06.101","","0","75 10:53.407","9","0","0","0","67301","0","0","0","N","0","0","0","1","67301","0","","1.0","","9","N","N","N","1","","0","0","2","0","0","","1947","5","0","0","0","0","0","1","2","1","5","0","0","0","7","07","","N","","","","","","","","","",""
"2021115792","0839","1","0","0","0","0","0","0","0","0","5","0","","67","11","2021","7","39.951944","-75.220528","0837","6","0","0","0","1","0","0","0","0","","0","0","0","8","1","0","Y","0","2","39 57:07.000","5","0","75 13:13.900","0","0","0","0","67301","0","0","0","N","0","0","0","1","67301","0","","6.0","936.0","1","N","N","N","0","","0","0","1","0","0","Y","831","2","0","0","0","0","0","0","2","0","2","0","0","0","3","03","","N","","","","","","","","","",""
"2021115720","0217","2","0","0","0","0","0","0","0","0","4","0","","67","11","2021","1","40.032675","-75.106499","0217","6","0","0","0","0","0","0","0","0","","0","0","0","2","3","0","","2","1","40 01:57.630","3","0","75 06:23.397","9","0","0","0","67301","0","0","0","N","0","0","0","2","67301","0","","1.0","340.0","1","N","N","Y","0","","0","0","3","3","3","N","215","5","0","0","0","0","0","1","2","0","5","0","0","0","3","03","","N","","","","","","","","","",""
"2021089977","0406","2","0","0","0","0","0","0","0","0","6","0","","67","9","2021","5","39.964179","-75.221647","0404","6","0","0","0","0","0","0","0","0","","0","0","0","4","3","0","N","0","0","39 57:51.044","","0","75 13:17.928","9","0","0","0","67301","0","0","0","N","0","0","0","1","67301","0","","6.0","","1","N","N","N","0","","0","0","1","0","0","","404","3","0","0","0","0","0","1","2","0","3","0","0","0","3","03","","N","","","","","","","","","",""
"2021121020","0106","0","0","0","0","0","0","0","0","0","5","0","","67","12","2021","6","39.999086","-75.177508","0054","6","0","0","0","0","0","0","0","0","","0","0","0","21","3","0","N","0","0","39 59:56.710","","0","75 10:39.030","9","0","0","0","67301","0","0","0","N","0","0","0","1","67301","0","","6.0","","9","N","N","N","0","","0","0","2","0","0","","2130","2","0","0","0","0","0","1","2","0","2","0","0","0","7","","","N","","","","","","","","","",""
"2021116361","0330","0","0","0","0","0","0","0","0","0","8","0","","67","11","2021","4","40.023824","-75.123859","0300","6","0","0","0","0","0","0","0","0","","0","0","0","19","3","1","","5","0","40 01:25.766","","0","75 07:25.892","2","0","0","0","67301","1","0","1","N","1","0","1","2","67301","0","","4.0","","99","N","N","N","0","","0","1","0","3","2","","1900","2","1","0","0","0","0","0","2","0","1","1","0","1","99","","","N","","","","","","","","","",""
"2021110379","1533","2","0","0","0","0","0","0","0","0","7","0","","67","11","2021","6","40.035301","-75.070709","1523","6","0","0","0","0","0","1","0","0","","0","0","0","14","1","1","","1","0","40 02:07.082","","0","75 04:14.554","2","0","0","0","67301","0","0","0","N","0","0","0","1","67301","0","","4.0","","1","N","N","Y","0","","0","1","2","3","2","","1434","4","1","0","0","0","0","0","2","0","4","0","0","0","3","","","N","","","","","","","","","",""
"2021097193","1939","1","0","0","0","0","0","0","0","0","4","0","","67","9","2021","7","39.965289","-75.201546","1939","6","0","0","0","0","0","1","0","0","","0","0","0","19","3","0","","1","0","39 57:55.040","","0","75 12:05.565","0","0","0","0","67301","0","0","0","N","0","0","0","2","67301","0","","1.0","","1","N","N","N","0","","0","0","1","3","3","","1935","2","0","0","0","0","0","0","2","0","2","0","0","0","3","03","","N","","","","","","","","","",""
"2021111700","2237","1","0","0","0","0","0","0","0","0","4","0","","67","11","2021","2","39.957931","-75.164145","2237","6","0","0","0","0","0","0","0","0","","0","0","0","22","3","0","","1","0","39 57:28.550","","2","75 09:50.921","0","0","0","0","67301","0","0","0","N","0","0","0","2","67301","0","","1.0","","1","N","N","N","1","","0","0","0","3","2","","2237","2","0","0","0","0","0","0","2","0","2","0","0","0","3","03","","N","","","","","","","","","",""
"2021115695","1739","0","0","0","0","0","0","0","0","0","4","0","","67","11","2021","6","40.029152","-75.206021","1736","6","0","0","0","0","0","2","0","0","","0","0","0","17","3","0","N","0","0","40 01:44.946","","7","75 12:21.676","0","0","0","0","67301","0","0","0","N","0","0","0","4","67301","0","","1.0","","1","N","N","N","0","","0","0","2","0","0","","1732","2","0","0","0","0","0","0","2","0","2","0","0","0","3","03","","N","","","","","","","","","",""
"2021110386","0845","0","0","0","1","0","0","0","0","0","8","0","","67","11","2021","4","39.952556","-75.209528","0843","6","0","0","0","0","0","0","0","0","","0","0","0","8","1","1","N","0","0","39 57:09.200","","0","75 12:34.300","3","0","0","0","67301","2","0","0","N","0","0","0","3","67301","0","","1.0","","1","N","N","N","0","","1","0","1","0","0","","838","2","1","0","0","0","0","0","2","0","1","2","0","0","3","03","","N","","","","","","","","","",""
"2021116572","1205","1","0","0","0","0","0","0","0","0","8","0","","67","11","2021","3","39.928066","-75.168814","1200","6","0","0","0","0","0","0","0","0","","0","0","0","15","1","1","","1","0","39 55:41.036","","0","75 10:07.732","2","0","0","0","67301","1","0","1","N","1","0","1","2","67301","0","","1.0","","99","N","N","N","0","","0","1","0","3","2","","1500","2","1","0","0","0","0","0","2","0","1","1","0","1","99","","","N","","","","","","","","","",""
"2021089221","1729","0","0","0","0","0","0","0","0","0","4","0","","67","9","2021","3","40.058157","-75.043024","1719","6","0","0","0","0","0","1","0","0","","0","0","0","17","1","2","","2","1","40 03:29.364","4","7","75 02:34.886","3","0","0","0","67301","0","0","0","N","0","0","0","3","67301","0","","1.0","1800.0","1","N","N","N","0","","2","0","1","3","2","N","1710","2","2","0","0","0","0","0","2","1","2","0","0","0","3","03","","N","","","","","","","","","",""
"2021115281","1328","0","0","0","0","0","0","0","0","0","4","0","","67","11","2021","7","39.930986","-75.242954","1329","6","0","0","0","0","0","1","0","0","","0","0","0","13","1","2","","3","0","39 55:51.548","","0","75 14:34.635","3","0","0","0","67301","0","0","0","N","0","0","0","2","67301","0","","1.0","","1","N","N","N","0","","2","0","2","0","0","","1322","2","2","0","0","0","0","0","2","0","2","0","0","0","3","03","","N","","","","","","","","","",""
"2021115780","1050","1","0","0","0","0","0","0","0","0","4","0","","67","11","2021","7","39.943372","-75.232331","1047","6","0","0","0","1","0","0","1","0","","0","0","0","10","1","1","","1","0","39 56:36.138","","0","75 13:56.392","4","0","0","0","67301","0","0","0","N","0","0","0","2","67301","1","","1.0","","1","N","N","N","0","","0","0","1","3","2","","1045","2","1","0","0","0","0","0","2","0","2","0","0","0","3","03","","N","","","","","","","","","",""
"2021101034","0115","0","0","0","0","0","0","0","0","0","7","0","","67","10","2021","6","40.014061","-75.147225","0115","6","0","0","0","0","0","1","0","0","","0","0","0","1","3","0","","2","0","40 00:50.619","","0","75 08:50.010","0","0","0","0","67301","0","0","0","N","0","0","0","1","67301","0","","5.0","","1","N","N","N","0","","0","0","1","3","3","","110","1","0","0","0","0","0","0","2","0","1","0","0","0","3","","","N","","","","","","","","","",""
"2021097959","0017","0","0","0","0","0","0","0","0","0","8","0","","67","10","2021","4","40.026083","-75.147461","0016","6","0","0","0","0","0","0","0","0","","0","0","0","23","3","1","","1","0","40 01:33.900","","0","75 08:50.860","3","0","0","0","67301","1","0","0","N","1","0","0","2","67301","0","","1.0","","1","N","N","N","0","","1","0","0","3","2","","2340","2","1","0","0","0","0","0","2","0","1","1","0","0","3","03","","N","","","","","","","","","",""
"2021117917","","0","0","0","0","0","0","0","0","0","1","0","","67","10","2021","1","39.941545","-75.142376","","6","0","0","0","1","0","0","0","0","","0","0","0","2","3","1","","2","0","39 56:29.563","","2","75 08:32.555","8","0","0","0","67301","0","0","0","N","0","0","0","2","00000","0","","1.0","","1","N","N","N","0","","0","0","2","0","0","","242","2","1","0","0","0","1","0","2","0","2","0","0","0","3","","","N","","","","","","","","","",""
"2021110507","1239","1","0","0","0","0","0","0","0","0","4","0","","67","11","2021","7","40.012866","-75.071814","1237","6","0","0","0","0","0","0","0","0","","0","0","0","12","1","1","","1","0","40 00:46.319","","0","75 04:18.532","2","0","1","1","67301","0","0","0","N","0","0","0","2","67301","0","","1.0","","9","N","N","N","0","","0","1","0","3","2","","1236","2","1","0","0","0","0","0","2","0","2","0","0","0","6","04","","N","","","","","","","","","",""
"2021110384","2130","1","0","0","0","0","0","0","0","0","4","0","","67","11","2021","6","40.013587","-75.068535","2130","6","0","0","0","0","0","0","0","0","","0","0","0","21","3","4","","5","1","40 00:48.913","5","0","75 04:06.725","4","0","0","0","67301","0","0","0","N","0","0","0","4","67301","4","","1.0","2130.0","1","N","N","N","1","","0","0","0","3","2","Y","2130","2","4","1","0","0","0","0","2","0","2","0","0","0","3","03","","N","","","","","","","","","",""
"2021117735","0224","2","0","0","0","0","0","0","0","0","7","0","","67","11","2021","7","39.935261","-75.199883","0212","6","0","0","0","1","0","0","0","0","","0","0","0","2","3","2","N","0","2","39 56:06.940","3","0","75 11:59.578","4","0","0","0","67301","0","0","0","N","0","0","0","2","68K01","2","","2.0","245.0","1","N","N","N","0","","0","0","0","0","0","N","211","2","2","0","0","0","0","0","2","0","2","0","0","0","3","03","","N","","","","","","","","","",""
"2021088242","0845","0","0","0","0","0","0","0","0","0","5","0","","67","9","2021","1","39.974743","-75.184926","0838","6","0","0","0","0","0","0","0","0","","0","0","0","6","5","1","N","0","0","39 58:29.073","","0","75 11:05.732","3","0","0","1","67301","0","0","0","N","0","0","0","1","67301","0","","6.0","","1","N","N","N","0","","1","0","2","0","0","","602","3","1","0","0","0","0","0","2","0","3","0","0","0","3","","","N","","","","","","","","","",""
"2021097097","2329","3","0","0","0","0","0","0","0","0","5","0","","67","10","2021","3","39.960659","-75.187202","2328","6","0","0","0","0","1","0","0","0","","0","0","0","23","3","0","","11","2","39 57:38.372","3","0","75 11:13.927","0","0","0","0","67301","0","0","0","N","0","0","0","3","67507","0","","1.0","200.0","1","N","N","Y","0","","0","0","0","0","0","Y","2328","3","0","1","0","0","0","0","2","0","3","0","0","0","3","","","N","","","","","","","","","",""
"2021098008","0815","1","0","0","1","0","0","0","0","0","8","0","","67","10","2021","5","39.96969","-75.140669","0812","6","0","0","0","0","0","0","0","0","","0","0","0","8","1","1","","1","0","39 58:10.883","","0","75 08:26.410","3","0","0","0","67301","1","0","0","N","0","0","0","2","67301","0","","1.0","","1","N","N","N","0","","1","0","0","0","0","","803","2","1","0","0","0","0","0","2","0","1","1","0","0","3","03","","N","","","","","","","","","",""
"2021096662","2340","1","0","0","0","0","0","0","0","0","7","0","","67","10","2021","1","39.969406","-75.202289","2331","6","0","0","0","0","0","0","0","0","","0","0","0","22","3","1","N","0","0","39 58:09.860","","0","75 12:08.240","3","0","0","0","67301","0","0","0","N","0","0","0","1","67301","0","","6.0","","1","N","N","N","0","","1","0","0","0","0","","2230","1","1","0","0","0","0","0","2","0","1","0","0","0","3","03","","N","","","","","","","","","",""
"2021115300","0746","1","0","0","0","0","0","0","0","0","4","0","","67","11","2021","6","40.040499","-75.058879","0745","6","0","0","0","0","0","1","0","0","","0","0","0","7","1","0","","1","0","40 02:25.798","","0","75 03:31.964","0","0","0","0","67301","0","0","0","N","0","0","0","2","67301","0","","1.0","","9","N","N","N","0","","0","0","1","3","2","","740","2","0","0","0","0","0","0","2","0","2","0","0","0","7","07","","N","","","","","","","","","",""
"2021110148","0216","0","0","0","0","0","0","0","0","0","7","0","","67","11","2021","7","39.958042","-75.148818","0211","6","0","0","0","0","0","0","0","0","","0","0","0","2","3","1","","1","0","39 57:28.950","","0","75 08:55.746","8","0","0","0","67301","0","0","0","N","0","0","0","1","67301","0","","5.0","","1","N","N","N","1","","0","0","0","3","2","","206","1","1","0","0","0","1","0","2","0","1","0","0","0","3","","","N","","","","","","","","","",""
"2021124396","2200","0","0","0","0","0","0","0","0","0","1","0","","67","11","2021","7","39.975533","-75.212813","2146","6","0","0","0","0","0","1","0","0","","0","0","0","20","3","1","N","0","0","39 58:31.920","","0","75 12:46.125","4","0","0","0","67301","0","0","0","N","0","0","0","1","67301","1","","6.0","","1","N","N","N","1","","0","0","1","0","0","","2037","2","1","0","0","0","0","0","2","0","2","0","0","0","3","","","N","","","","","","","","","",""
"2021091794","0035","2","0","0","0","0","0","0","0","0","4","0","","67","9","2021","2","39.939634","-75.198161","0024","6","0","0","0","0","0","0","0","0","","0","0","0","0","3","0","","1","1","39 56:22.681","2","0","75 11:53.378","0","0","0","0","67301","0","0","0","N","0","0","0","2","67301","0","","1.0","130.0","1","N","N","N","0","","0","0","0","3","2","N","20","2","0","0","0","0","0","0","2","0","2","0","0","0","3","03","","N","","","","","","","","","",""
"2021110767","0400","2","0","0","0","0","0","0","0","0","4","0","","67","11","2021","1","40.01563","-75.149852","0350","6","0","0","0","0","0","0","0","0","","0","0","0","3","3","0","","2","0","40 00:56.269","","0","75 08:59.466","9","0","0","0","67301","0","0","0","N","0","0","0","2","67301","0","","1.0","","1","N","N","N","0","","0","0","0","0","0","","333","2","0","1","0","0","0","1","2","0","2","0","0","0","3","03","","N","","","","","","","","","",""
"2021088869","1327","0","0","0","0","0","0","0","0","0","1","0","","67","9","2021","2","40.102486","-75.028736","1320","6","0","0","0","0","0","0","0","0","","0","0","0","13","1","1","","1","1","40 06:08.948","1","0","75 01:43.450","3","0","0","0","67301","0","0","0","N","0","0","0","4","67301","0","","1.0","1345.0","1","N","N","N","0","","1","0","1","3","2","N","1320","2","1","0","0","0","0","0","2","1","2","0","0","0","3","03","","N","","","","","","","","","",""
"2021089938","1832","1","0","0","0","0","0","0","0","0","4","0","","67","9","2021","5","40.004332","-75.07741","1826","6","0","0","0","0","0","0","0","0","","0","0","0","18","4","3","","1","0","40 00:15.595","","0","75 04:38.676","3","0","0","0","67301","0","0","0","N","0","0","0","4","67301","0","","1.0","","9","N","N","Y","0","","3","0","2","3","2","","1817","3","3","0","0","0","0","0","2","0","3","0","0","0","7","07","","N","","","","","","","","","",""
"2021092859","0833","2","0","0","0","0","0","0","0","0","1","0","","67","9","2021","2","40.011678","-75.147275","0830","6","0","0","0","0","0","0","0","1","","0","0","0","8","1","1","N","0","0","40 00:42.040","","0","75 08:50.190","4","0","0","0","67301","0","0","0","N","0","0","0","3","67301","1","","1.0","","1","N","N","N","0","","0","0","1","0","0","","827","3","1","0","0","0","0","0","2","0","3","0","0","0","3","03","","N","","","","","","","","","",""
"2021090681","1735","1","0","0","0","0","0","0","0","0","8","0","","67","9","2021","5","40.044086","-75.128829","1727","6","0","0","0","0","0","0","0","0","","0","0","0","11","1","1","","1","0","40 02:38.709","","0","75 07:43.784","2","0","0","0","67301","1","0","1","N","1","0","1","2","67301","0","","1.0","","9","N","N","N","0","","0","1","0","3","2","","1120","2","1","0","0","0","0","0","2","0","1","1","0","1","7","","","N","","","","","","","","","",""
"2021113300","0056","4","0","0","0","0","0","0","0","0","5","0","","67","11","2021","7","40.025622","-75.152017","0055","6","0","0","0","0","0","0","0","0","","0","0","0","0","3","0","N","0","0","40 01:32.240","","0","75 09:07.260","0","0","0","0","67301","0","0","0","N","0","0","0","2","67301","0","","1.0","","1","N","N","N","0","","0","0","1","0","0","","18","5","0","0","0","0","0","0","2","0","5","0","0","0","3","","","N","","","","","","","","","",""
"2021112311","1736","0","0","0","0","0","0","0","0","0","7","0","","67","11","2021","4","","","1736","6","0","0","0","0","0","0","0","0","","0","0","0","17","4","0","N","0","0","","","3","","0","0","0","0","67301","0","0","0","N","0","0","0","1","67501","0","","3.0","","1","N","N","N","0","","0","0","1","0","0","","1736","2","0","0","0","0","0","0","1","0","1","0","0","0","3","03","","N","","","","","","","","","",""
"2021089071","1745","1","0","0","0","0","0","0","0","0","4","0","","67","9","2021","2","40.036608","-75.064461","1745","6","0","0","0","0","0","1","0","0","","0","0","0","17","1","1","","1","0","40 02:11.789","","0","75 03:52.061","3","0","0","0","67301","0","0","0","N","0","0","0","5","67301","0","","1.0","","1","N","N","Y","0","","1","0","3","3","2","","1745","4","1","0","0","0","0","1","2","0","4","0","0","0","3","","","N","","","","","","","","","",""
"2021092552","1310","1","0","0","0","0","0","0","0","0","5","0","","67","9","2021","5","40.029836","-75.211628","1309","6","0","0","0","1","0","0","0","0","","0","0","0","13","1","0","N","0","0","40 01:47.410","","0","75 12:41.860","0","0","0","0","67301","0","0","0","N","0","0","0","1","67301","0","","6.0","","9","N","N","N","0","","0","0","2","0","0","","1309","3","0","0","0","0","0","0","2","0","3","0","0","0","7","07","","N","","","","","","","","","",""
"2021099025","0808","2","0","0","0","0","0","0","0","0","4","0","","67","10","2021","5","39.911099","-75.230323","0756","6","0","0","0","0","0","0","0","0","","0","0","0","7","1","1","","1","1","39 54:39.956","1","0","75 13:49.162","8","0","0","0","67301","0","0","0","N","0","0","0","2","67301","0","","1.0","939.0","1","N","N","N","0","","0","0","0","3","2","N","728","2","1","1","0","0","1","0","2","0","2","0","0","0","3","03","","N","","","","","","","","","",""
"2021092359","2200","1","0","0","0","0","0","0","0","0","4","0","","67","9","2021","2","39.955331","-75.231948","2149","6","0","0","0","0","0","0","1","0","","0","0","0","21","3","1","","1","0","39 57:19.191","","0","75 13:55.012","3","0","0","0","67301","0","0","0","N","0","0","0","2","67301","0","","1.0","","1","N","N","N","0","","1","0","2","3","2","","2130","3","1","0","0","0","0","0","2","0","3","0","0","0","3","","","N","","","","","","","","","",""
"2021090959","0843","1","0","0","0","0","0","0","0","0","4","0","","67","9","2021","2","39.962167","-75.191273","0840","6","0","0","0","0","1","0","0","0","","0","0","0","8","1","0","","1","0","39 57:43.801","","0","75 11:28.582","0","0","0","0","67301","0","0","0","N","0","0","0","2","67507","0","","1.0","","1","N","N","N","0","","0","0","1","3","2","","840","2","0","0","0","0","0","0","2","0","2","0","0","0","3","","","N","","","","","","","","","",""
"2021091387","0716","2","0","0","0","0","0","0","0","0","5","0","","67","9","2021","2","39.964834","-75.160805","0713","6","0","0","0","0","0","0","0","0","","0","0","0","6","1","1","N","0","0","39 57:53.401","","0","75 09:38.898","3","0","0","0","67301","0","0","0","N","0","0","0","2","67301","0","","1.0","","1","N","N","N","0","","1","0","0","0","0","","652","2","1","0","0","0","0","0","2","0","2","0","0","0","3","03","","N","","","","","","","","","",""
"2021111504","2300","5","0","0","0","0","0","0","0","0","7","0","","67","11","2021","1","39.937125","-75.175794","2300","6","0","0","0","0","0","0","0","0","","0","0","0","22","3","0","N","0","0","39 56:13.650","","0","75 10:32.860","0","0","0","0","67301","0","0","0","N","0","0","0","1","67301","0","","6.0","","1","N","N","N","0","","0","0","5","0","0","","2247","10","0","0","0","0","0","0","2","0","10","0","0","0","3","98","","N","","","","","","","","","",""