"CRN","ARRIVAL_TM","AUTOMOBILE_COUNT","BELTED_DEATH_COUNT","BELTED_SUSP_SERIOUS_INJ_COUNT","BICYCLE_COUNT","BICYCLE_DEATH_COUNT","BICYCLE_SUSP_SERIOUS_INJ_COUNT","BUS_COUNT","CHLDPAS_DEATH_COUNT","CHLDPAS_SUSP_SERIOUS_INJ_COUNT","COLLISION_TYPE","COMM_VEH_COUNT","CONS_ZONE_SPD_LIM","COUNTY","CRASH_MONTH","CRASH_YEAR","DAY_OF_WEEK","DEC_LATITUDE","DEC_LONGITUDE","DISPATCH_TM","DISTRICT","DRIVER_COUNT_16YR","DRIVER_COUNT_17YR","DRIVER_COUNT_18YR","DRIVER_COUNT_19YR","DRIVER_COUNT_20YR","DRIVER_COUNT_50_64YR","DRIVER_COUNT_65_74YR","DRIVER_COUNT_75PLUS","EST_HRS_CLOSED","FATAL_COUNT","HEAVY_TRUCK_COUNT","HORSE_BUGGY_COUNT","HOUR_OF_DAY","ILLUMINATION","INJURY_COUNT","INTERSECTION_RELATED","INTERSECT_TYPE","LANE_CLOSED","LATITUDE","LN_CLOSE_DIR","LOCATION_TYPE","LONGITUDE","MAX_SEVERITY_LEVEL","MCYCLE_DEATH_COUNT","MCYCLE_SUSP_SERIOUS_INJ_COUNT","MOTORCYCLE_COUNT","MUNICIPALITY","NONMOTR_COUNT","NONMOTR_DEATH_COUNT","NONMOTR_SUSP_SERIOUS_INJ_COUNT","NTFY_HIWY_MAINT","PED_COUNT","PED_DEATH_COUNT","PED_SUSP_SERIOUS_INJ_COUNT","PERSON_COUNT","POLICE_AGCY","POSSIBLE_INJ_COUNT","RDWY_SURF_TYPE_CD","RELATION_TO_ROAD","ROADWAY_CLEARED","ROAD_CONDITION","SCH_BUS_IND","SCH_ZONE_IND","SECONDARY_CRASH","SMALL_TRUCK_COUNT","SPEC_JURIS_CD","SUSP_MINOR_INJ_COUNT","SUSP_SERIOUS_INJ_COUNT","SUV_COUNT","TCD_FUNC_CD","TCD_TYPE","TFC_DETOUR_IND","TIME_OF_DAY","TOTAL_UNITS","TOT_INJ_COUNT","UNBELTED_OCC_COUNT","UNB_DEATH_COUNT","UNB_SUSP_SERIOUS_INJ_COUNT","UNK_INJ_DEG_COUNT","UNK_INJ_PER_COUNT","URBAN_RURAL","VAN_COUNT","VEHICLE_COUNT","VULNERABLE_ROAD_USER_COUNT","VULNERABLE_ROAD_USER_DEATH_COUNT","VULNERABLE_ROAD_USER_SER_INJ_COUNT","WEATHER1","WEATHER2","WORKERS_PRES","WORK_ZONE_IND","WORK_ZONE_LOC","WORK_ZONE_TYPE","WZ_CLOSE_DETOUR","WZ_FLAGGER","WZ_LAW_OFFCR_IND","WZ_LN_CLOSURE","WZ_MOVING","WZ_OTHER","WZ_SHLDER_MDN","WZ_WORKERS_INJ_KILLED"
"2021110480","1253","1","0","0","0","0","0","0","0","0","1","0","","67","11","2021","5","40.089209","-75.020703","1247","6","0","0","0","0","0","1","1","0","","0","0","0","17","4","2","Y","0","0","40 05:21.153","","0","75 01:14.531","3","0","0","0","67301","0","0","0","N","0","0","0","3","67301","0","","1.0","","1","N","N","N","0","","2","0","0","3","2","","1715","2","2","0","0","0","0","1","2","0","2","0","0","0","3","03","","N","","","","","","","","","",""
"2021110927","1410","2","0","0","0","0","0","0","0","0","4","0","","67","11","2021","2","39.985914","-75.153278","1405","6","0","0","0","0","0","0","0","0","","0","0","0","13","1","1","","1","0","39 59:09.290","","0","75 09:11.799","8","0","0","0","67301","0","0","0","N","0","0","0","4","67505","0","","1.0","","1","N","N","N","0","","0","0","0","3","3","","1350","2","1","0","0","0","1","0","2","0","2","0","0","0","3","03","","N","","","","","","","","","",""
"2021096005","0850","3","0","0","0","0","0","0","0","0","1","0","","67","10","2021","6","39.975248","-75.19168","0847","6","0","0","0","0","0","3","0","0","","0","0","0","8","1","1","N","0","0","39 58:30.891","","0","75 11:30.049","3","0","0","0","67301","0","0","0","N","0","0","0","5","67301","0","","1.0","","1","N","N","Y","0","","1","0","1","0","0","","845","4","1","0","0","0","0","0","2","0","4","0","0","0","3","03","","N","","","","","","","","","",""
"2021110077","1920","1","0","0","0","0","0","0","0","0","4","0","","67","11","2021","6","40.065194","-75.158022","1915","6","1","0","0","0","0","1","0","0","","0","0","0","19","3","2","","1","1","40 03:54.698","7","0","75 09:28.879","3","0","0","0","67301","0","0","0","N","0","0","0","2","67301","0","","1.0","1940.0","1","N","N","N","0","","2","0","1","3","3","Y","1909","2","2","2","0","0","0","0","2","0","2","0","0","0","3","03","","N","","","","","","","","","",""
"2021121175","2300","0","0","0","0","0","0","0","0","0","5","0","","67","11","2021","7","39.959409","-75.175116","2249","6","0","0","0","0","0","0","0","0","","0","0","0","22","3","1","N","0","1","39 57:33.874","3","0","75 10:30.417","8","0","0","0","67301","0","0","0","N","0","0","0","2","68K01","0","","1.0","2330.0","1","N","N","N","0","","0","0","2","0","0","N","2247","2","1","0","0","0","1","0","2","0","2","0","0","0","3","","","N","","","","","","","","","",""
"2021112900","0805","0","0","0","0","0","0","0","0","0","8","0","","67","11","2021","4","40.118625","-75.025211","0800","6","0","0","0","0","0","0","0","0","","0","0","0","21","3","1","N","0","0","40 07:07.050","","0","75 01:30.760","3","0","0","0","67301","1","0","0","N","1","0","0","2","67301","0","","1.0","","1","N","N","N","0","","1","0","0","0","0","","2103","2","1","0","0","0","0","0","2","0","1","1","0","0","3","03","","N","","","","","","","","","",""
"2021091333","0148","1","0","0","0","0","0","0","0","0","4","0","","67","9","2021","2","40.027544","-75.146423","0148","6","0","0","0","0","0","0","0","0","","0","0","0","23","3","0","","1","0","40 01:39.158","","0","75 08:47.122","0","0","0","0","67301","0","0","0","N","0","0","0","2","67301","0","","1.0","","1","N","N","N","0","","0","0","1","3","2","","2330","2","0","0","0","0","0","0","2","0","2","0","0","0","3","","","N","","","","","","","","","",""
"2021090249","1940","0","0","0","0","0","0","0","0","0","4","0","","67","9","2021","3","40.000714","-75.164817","1938","6","0","0","0","0","0","1","0","0","","0","0","0","19","3","1","","1","0","40 00:02.570","","0","75 09:53.341","3","0","0","0","67301","0","0","0","N","0","0","0","2","67301","0","","1.0","","1","N","N","N","1","","1","0","0","3","3","","1937","2","1","0","0","0","0","1","2","0","2","0","0","0","3","03","","N","","","","","","","","","",""
"2021095651","0152","2","0","0","0","0","0","0","0","0","5","0","","67","9","2021","7","40.02119","-75.040853","0142","6","0","0","0","0","0","0","0","0","","0","0","0","1","3","0","N","0","0","40 01:16.285","","0","75 02:27.072","9","0","0","0","67301","0","0","0","N","0","0","0","3","68K01","0","","1.0","","1","N","N","N","0","","0","0","0","0","0","","139","3","0","0","0","0","0","1","2","0","3","0","0","0","3","03","","N","","","","","","","","","",""
"2021117494","","1","0","0","0","0","0","0","0","0","4","0","","67","10","2021","6","40.024951","-75.205166","","6","0","0","0","0","0","0","0","0","","0","0","0","16","1","1","","2","0","40 01:29.823","","0","75 12:18.597","8","0","0","0","67301","0","0","0","N","0","0","0","2","00000","0","","1.0","","1","N","N","N","0","","0","0","0","3","3","","1600","2","1","0","0","0","1","0","2","0","2","0","0","0","3","","","N","","","","","","","","","",""
"2021089952","1650","1","0","0","0","0","0","0","0","0","3","0","","67","9","2021","4","39.953817","-75.233083","1645","6","0","0","0","0","0","0","0","0","","0","0","0","16","1","2","N","0","1","39 57:13.740","6","0","75 13:59.100","3","0","0","0","67301","0","0","0","N","0","0","0","2","67301","0","","6.0","2000.0","1","N","N","N","0","","2","0","2","0","0","N","1640","3","2","0","0","0","0","0","2","0","3","0","0","0","3","03","","N","","","","","","","","","",""
"2021097078","2110","2","0","0","0","0","0","0","0","0","1","0","","67","10","2021","7","40.035761","-75.123861","2110","6","0","0","0","1","0","0","0","0","","0","0","0","19","3","0","N","0","0","40 02:08.740","","0","75 07:25.900","9","0","0","0","67301","0","0","0","N","0","0","0","3","67301","0","","1.0","","1","N","N","N","0","","0","0","1","0","0","","1911","3","0","0","0","0","0","1","2","0","3","0","0","0","3","03","","N","","","","","","","","","",""
"2021098311","1615","0","0","0","0","0","0","0","0","0","5","0","","67","10","2021","6","39.966033","-75.210997","1609","6","0","0","0","0","0","0","0","0","","0","0","0","14","1","1","N","0","0","39 57:57.720","","0","75 12:39.590","8","0","0","0","67301","0","0","0","N","0","0","0","1","67301","0","","6.0","","1","N","N","N","0","","0","0","2","0","0","","1450","2","1","0","0","0","1","0","2","0","2","0","0","0","3","03","","N","","","","","","","","","",""
"2021090327","2349","2","0","0","0","0","0","0","0","0","6","0","","67","9","2021","6","40.054831","-75.193428","2343","6","0","0","0","0","0","0","0","0","","0","0","0","22","3","0","N","0","0","40 03:17.390","","0","75 11:36.340","0","0","0","0","67301","0","0","0","N","0","0","0","1","67301","0","","6.0","","1","N","N","N","0","","0","0","0","0","0","","2228","3","0","0","0","0","0","0","2","0","3","0","0","0","3","","","N","","","","","","","","","",""
"2021089644","2230","1","0","0","0","0","0","0","0","0","4","0","","67","9","2021","4","39.99554","-75.154264","2230","6","0","0","0","0","0","0","0","0","","0","0","0","22","3","0","","1","1","39 59:43.943","2","0","75 09:15.350","9","0","0","0","67301","0","0","0","N","0","0","0","2","67301","0","","1.0","2300.0","1","N","N","N","0","","0","0","1","3","2","N","2230","2","0","0","0","0","0","1","2","0","2","0","0","0","4","","","N","","","","","","","","","",""
"2021090065","0151","0","0","0","0","0","0","0","0","0","8","0","","67","9","2021","5","39.972866","-75.170334","0141","6","0","0","0","0","0","0","0","0","","0","0","0","23","3","1","","1","0","39 58:22.317","","0","75 10:13.202","2","0","0","0","67301","1","0","1","N","1","0","1","2","67301","0","","1.0","","9","N","N","N","0","","0","1","0","3","2","","2329","2","1","0","0","0","0","0","2","0","1","1","0","1","7","04","","N","","","","","","","","","",""
"2021096862","1655","2","0","0","0","0","0","0","0","0","4","0","","67","10","2021","1","40.042809","-75.06315","1650","6","0","0","0","0","0","0","0","0","","0","0","0","16","1","2","","1","0","40 02:34.113","","0","75 03:47.339","3","0","0","0","67301","0","0","0","N","0","0","0","3","67301","0","","1.0","","9","N","N","N","0","","2","0","1","3","2","","1630","3","2","0","0","0","0","0","2","0","3","0","0","0","7","07","","N","","","","","","","","","",""
"2021090078","0806","1","0","0","0","0","0","0","0","0","5","0","","67","9","2021","1","40.03546","-75.122919","0806","6","0","0","0","0","0","0","0","0","","0","0","0","7","1","0","N","0","0","40 02:07.655","","0","75 07:22.508","0","0","0","0","67301","0","0","0","N","0","0","0","1","67301","0","","6.0","","1","N","N","N","0","","0","0","1","0","0","","730","3","0","0","0","0","0","0","2","1","3","0","0","0","3","03","","N","","","","","","","","","",""
"2021117915","","0","0","0","0","0","0","0","0","0","1","0","","67","10","2021","3","39.893056","-75.224028","","6","0","0","0","0","0","0","0","0","","0","0","0","17","1","3","Y","0","0","39 53:35.000","","0","75 13:26.500","8","0","0","0","67301","0","0","0","N","0","0","0","4","00000","0","","1.0","","1","N","N","N","0","","0","0","1","3","2","","1700","2","3","0","0","0","3","0","2","0","2","0","0","0","3","","","N","","","","","","","","","",""
"2021100347","2332","0","0","0","0","0","0","0","0","0","0","0","55","67","10","2021","1","39.898093","-75.183319","2323","6","0","0","0","0","0","0","0","0","","0","0","0","23","3","1","N","0","2","39 53:53.133","1","0","75 10:59.950","2","0","1","1","67301","0","0","0","N","0","0","0","1","68K01","0","","1.0","45.0","1","N","N","N","0","","0","1","0","0","0","N","2312","1","1","0","0","0","0","0","2","0","1","0","0","0","3","","N","Y","4","1","","","N","Y","","","Y","N"
"2021090413","1157","2","0","0","0","0","0","0","0","0","4","0","","67","9","2021","5","39.985212","-75.172343","1152","6","0","0","0","0","0","0","0","0","","0","0","0","11","1","2","","1","0","39 59:06.763","","0","75 10:20.434","3","0","0","0","67301","0","0","0","N","0","0","0","2","67301","1","","1.0","","1","N","N","N","0","","1","0","0","3","2","","1140","2","2","0","0","0","0","0","2","0","2","0","0","0","3","03","","N","","","","","","","","","",""
"2021105503","","0","0","0","0","0","0","1","0","0","5","1","","67","9","2021","6","39.998944","-75.166889","","6","0","0","0","0","0","1","0","0","","0","0","0","13","1","2","N","0","0","39 59:56.200","","0","75 10:00.800","8","0","0","0","67301","0","0","0","N","0","0","0","3","00000","0","","1.0","","1","N","N","N","0","","0","0","1","0","0","","1330","2","2","0","0","0","2","0","2","0","2","0","0","0","3","","","N","","","","","","","","","",""
"2021097546","0519","1","0","0","0","0","0","0","0","0","5","0","","67","10","2021","3","39.962425","-75.17485","0518","6","0","0","0","0","0","0","0","0","","0","0","0","5","3","0","N","0","1","39 57:44.730","1","0","75 10:29.460","0","0","0","0","67301","0","0","0","N","0","0","0","2","67301","0","","6.0","645.0","1","N","N","N","0","","0","0","1","0","0","N","515","2","0","0","0","0","0","0","2","0","2","0","0","0","3","03","","N","","","","","","","","","",""
"2021090519","1708","0","0","0","0","0","0","0","0","0","8","0","","67","9","2021","2","39.965591","-75.231913","1635","6","0","0","0","0","0","0","0","0","","0","0","0","16","1","2","","5","0","39 57:56.127","","0","75 13:54.886","4","0","0","0","67301","2","0","0","N","2","0","0","3","67301","2","","1.0","","1","N","N","N","0","","0","0","0","3","2","","1600","3","2","0","0","0","0","1","2","0","1","2","0","0","3","03","","N","","","","","","","","","",""
"2021115411","1904","2","0","0","0","0","0","0","0","0","1","0","","67","10","2021","7","40.03823","-75.010765","1904","6","0","1","0","0","1","0","0","0","","0","0","0","19","3","1","N","0","0","40 02:17.629","","0","75 00:38.753","3","0","0","0","67301","0","0","0","N","0","0","0","3","68K01","0","","1.0","","9","N","N","N","0","","1","0","0","0","0","","1904","2","1","0","0","0","0","0","2","0","2","0","0","0","7","","","N","","","","","","","","","",""
"2021088082","1600","2","0","0","0","0","0","0","0","0","4","0","","67","9","2021","7","40.058751","-75.050583","1554","6","1","0","0","0","0","0","0","0","","0","0","0","15","1","3","","1","0","40 03:31.504","","0","75 03:02.099","3","0","0","0","67301","0","0","0","N","0","0","0","3","67301","0","","1.0","","1","N","N","N","0","","3","0","0","3","3","","1534","2","3","0","0","0","0","0","2","0","2","0","0","0","3","03","","N","","","","","","","","","",""
"2021089174","0012","1","0","0","0","0","0","0","0","0","4","0","","67","9","2021","3","40.047483","-75.142782","0008","6","0","0","0","1","0","0","0","0","","0","0","0","0","8","0","","1","0","40 02:50.940","","0","75 08:34.016","9","0","0","0","67301","0","0","0","N","0","0","0","2","67301","0","","1.0","","1","N","N","N","1","","0","0","0","3","2","","0","2","0","0","0","0","0","2","2","0","2","0","0","0","3","98","","N","","","","","","","","","",""
"2021097918","1827","0","0","0","0","0","0","0","0","0","8","0","","67","10","2021","4","39.968238","-75.160226","1827","6","0","0","0","0","0","1","0","0","","0","0","0","17","4","1","","2","0","39 58:05.658","","0","75 09:36.812","3","0","0","0","67301","1","0","0","N","1","0","0","2","67301","0","","1.0","","1","N","N","N","0","","1","0","1","0","0","","1710","2","1","1","0","0","0","0","2","0","1","1","0","0","3","03","","N","","","","","","","","","",""
"2021097365","1755","2","0","0","0","0","0","0","0","0","1","0","","67","10","2021","1","39.975908","-75.240234","1755","6","0","0","0","0","0","0","0","0","","0","0","0","22","6","1","","1","0","39 58:33.268","","0","75 14:24.842","3","0","0","0","67301","0","0","0","N","0","0","0","2","67301","0","","1.0","","9","N","N","N","0","","1","0","0","3","2","","2215","2","1","0","0","0","0","0","2","0","2","0","0","0","4","07","","N","","","","","","","","","",""
"2021097419","1958","1","0","0","0","0","0","0","0","0","8","0","","67","10","2021","2","39.916601","-75.169209","1958","6","0","0","0","0","0","0","0","0","","0","0","0","19","3","1","","1","0","39 54:59.764","","0","75 10:09.151","3","0","0","0","67301","1","0","0","N","1","0","0","2","67301","0","","1.0","","1","N","N","N","0","","1","0","0","3","2","","1915","2","1","1","0","0","0","0","2","0","1","1","0","0","3","03","","N","","","","","","","","","",""
"2021097318","1344","1","0","0","0","0","0","0","0","0","8","0","","67","10","2021","4","39.954079","-75.189725","1339","6","0","0","0","0","0","0","0","0","","0","0","0","13","1","1","","1","0","39 57:14.683","","0","75 11:23.010","3","0","0","0","67301","1","0","0","N","1","0","0","2","67507","0","","1.0","","1","N","N","N","0","","1","0","0","0","0","","1337","2","1","0","0","0","0","0","2","0","1","1","0","0","3","03","","N","","","","","","","","","",""
"2021115410","1902","2","0","0","0","0","0","0","0","0","1","0","","67","10","2021","6","40.043243","-75.002936","1853","6","0","0","0","0","0","0","0","0","","0","0","0","18","3","0","N","0","0","40 02:35.674","","0","75 00:10.569","0","0","0","0","67301","0","0","0","N","0","0","0","3","68K01","0","","1.0","","1","N","N","N","0","","0","0","0","0","0","","1843","3","0","0","0","0","0","0","2","0","3","0","0","0","3","","","N","","","","","","","","","",""
"2021091071","1240","0","0","0","0","0","0","0","0","0","8","0","","67","9","2021","5","39.951356","-75.155153","1237","6","0","0","0","0","0","1","0","0","","0","0","0","12","1","1","","1","0","39 57:04.881","","0","75 09:18.550","3","0","0","0","67301","1","0","0","N","1","0","0","2","67301","0","","1.0","","1","N","N","N","1","","1","0","0","3","2","","1235","2","1","0","0","0","0","0","2","0","1","1","0","0","4","04","","N","","","","","","","","","",""
"2021096279","1708","1","0","0","0","0","0","0","0","0","7","0","","67","10","2021","1","39.892858","-75.223603","1646","6","0","0","0","0","0","0","0","0","","0","0","0","15","1","0","N","0","0","39 53:34.290","","1","75 13:24.970","0","0","0","0","67301","0","0","0","N","0","0","0","1","67301","0","","4.0","","9","N","N","N","0","","0","0","0","0","0","","1548","1","0","0","0","0","0","0","2","0","1","0","0","0","7","07","","N","","","","","","","","","",""
"2021091947","1541","2","0","0","0","0","0","0","0","0","1","0","","67","9","2021","7","39.984765","-75.094894","1532","6","0","0","0","0","0","2","0","0","","0","0","0","15","1","2","N","0","2","39 59:05.153","1","0","75 05:41.620","3","0","0","0","67301","0","0","0","N","0","0","0","5","68K01","0","","1.0","1615.0","1","N","N","N","0","","2","0","1","0","0","N","1523","3","2","0","0","0","0","0","2","0","3","0","0","0","3","","","N","","","","","","","","","",""
"2021091009","1925","0","0","0","0","0","0","0","0","0","8","0","","67","9","2021","1","40.015062","-75.207259","1917","6","0","0","0","0","0","0","0","0","","0","0","0","19","2","1","N","0","0","40 00:54.224","","0","75 12:26.134","3","0","0","0","67301","1","0","0","N","1","0","0","2","67301","0","","1.0","","1","N","N","N","0","","1","0","1","0","0","","1917","2","1","0","0","0","0","0","2","0","1","1","0","0","3","03","","N","","","","","","","","","",""
"2021089936","1523","1","0","0","0","0","0","0","0","0","5","0","","67","9","2021","4","40.028906","-75.204958","1516","6","0","0","0","1","1","1","0","0","","0","0","0","15","1","0","N","0","0","40 01:44.063","","0","75 12:17.847","0","0","0","0","67301","0","0","0","N","0","0","0","6","67301","0","","1.0","","1","N","N","N","0","","0","0","3","0","0","","1500","4","0","0","0","0","0","0","2","0","4","0","0","0","3","03","","N","","","","","","","","","",""
"2021090756","1033","0","0","0","0","0","0","0","0","0","5","0","","67","9","2021","7","40.034506","-75.051436","1025","6","0","0","0","0","0","0","0","0","","0","0","0","10","1","1","N","0","1","40 02:04.220","3","0","75 03:05.170","8","0","0","0","67301","0","0","0","N","0","0","0","2","67301","0","","1.0","1108.0","1","N","N","N","1","","0","0","1","0","0","N","1000","2","1","0","0","0","1","0","2","0","2","0","0","0","3","03","","N","","","","","","","","","",""
"2021090244","2340","1","0","0","0","0","0","0","0","0","8","0","","67","9","2021","2","40.003177","-75.165158","2340","6","0","0","0","0","0","0","0","0","","0","0","0","21","3","1","N","0","0","40 00:11.438","","0","75 09:54.567","3","0","0","0","67301","1","0","0","N","1","0","0","2","67301","0","","1.0","","1","N","N","N","0","","1","0","0","0","0","","2130","2","1","0","0","0","0","0","2","0","1","1","0","0","3","03","","N","","","","","","","","","",""
"2021102270","2148","0","0","0","0","0","0","0","0","0","8","0","","67","10","2021","2","40.039047","-75.144609","2148","6","0","0","0","0","0","0","0","0","","0","0","0","21","3","1","","1","0","40 02:20.569","","0","75 08:40.591","3","0","0","1","67301","1","0","0","N","1","0","0","2","67301","0","","1.0","","1","N","N","N","0","","1","0","0","3","2","","2147","2","1","0","0","0","0","1","2","0","1","1","0","0","3","03","","N","","","","","","","","","",""
"2021092685","1619","2","0","0","0","0","0","0","0","0","5","0","","67","9","2021","2","39.949644","-75.235236","1617","6","1","0","0","0","0","0","0","0","","0","0","0","16","1","0","N","0","0","39 56:58.720","","0","75 14:06.850","9","0","0","0","67301","0","0","0","N","0","0","0","1","67301","0","","6.0","","1","N","N","N","1","","0","0","0","0","0","","1615","3","0","0","0","0","0","1","2","0","3","0","0","0","3","03","","N","","","","","","","","","",""
"2021098778","1750","0","0","0","0","0","0","0","0","0","8","0","","67","10","2021","6","40.029789","-75.107053","1740","6","0","0","0","0","0","0","0","0","","0","0","0","17","1","1","","1","0","40 01:47.240","","0","75 06:25.390","4","0","0","0","67301","1","0","0","N","0","0","0","2","67301","1","","1.0","","1","N","N","N","0","","0","0","0","0","0","","1730","2","1","0","0","0","0","0","2","0","1","1","0","0","3","03","","N","","","","","","","","","",""
"2021090954","2050","2","0","0","0","0","0","0","0","0","4","0","","67","9","2021","1","40.027055","-75.142657","2046","6","0","0","0","0","0","0","0","0","","0","0","0","20","3","1","","1","1","40 01:37.397","7","0","75 08:33.565","3","0","0","0","67301","0","0","0","N","0","0","0","2","67301","0","","1.0","2219.0","1","N","N","N","0","","1","0","0","3","3","N","2046","2","1","1","0","0","0","0","2","0","2","0","0","0","3","","","N","","","","","","","","","",""
"2021091993","0755","2","0","0","0","0","0","0","0","0","4","0","","67","9","2021","2","40.043178","-75.062895","0748","6","0","0","0","0","0","0","0","1","","0","0","0","6","3","0","N","0","1","40 02:35.440","5","0","75 03:46.421","0","0","0","0","67301","0","0","0","N","0","0","0","2","67301","0","","1.0","200.0","1","N","N","N","0","","0","0","0","0","0","N","636","2","0","0","0","0","0","0","2","0","2","0","0","0","3","","","N","","","","","","","","","",""
"2021119779","","1","0","0","0","0","0","0","0","0","5","0","","67","9","2021","3","39.987107","-75.207868","","6","0","0","0","0","0","1","0","0","","0","0","0","21","2","2","N","0","0","39 59:13.586","","0","75 12:28.326","4","0","0","0","67301","0","0","0","N","0","0","0","3","00000","1","","1.0","","1","N","N","N","0","","0","0","0","0","0","","2130","2","2","0","0","0","1","0","2","0","2","0","0","0","3","","","N","","","","","","","","","",""
"2021097216","1838","1","0","0","0","0","0","0","0","0","5","0","","67","10","2021","7","40.044004","-75.143654","1838","6","0","0","0","0","0","0","0","0","","0","0","0","18","3","0","N","0","0","40 02:38.415","","0","75 08:37.154","0","0","0","0","67301","0","0","0","N","0","0","0","1","67301","0","","6.0","","1","N","N","N","0","","0","0","2","0","0","","1837","3","0","0","0","0","0","0","2","0","3","0","0","0","3","03","","N","","","","","","","","","",""
"2021095937","0254","4","0","0","0","0","0","0","0","0","4","0","","67","10","2021","7","39.936764","-75.229713","0249","6","0","0","0","0","0","0","0","0","","0","0","0","2","3","0","","1","0","39 56:12.350","","0","75 13:46.966","9","0","0","0","67301","0","0","0","N","0","0","0","3","67301","0","","1.0","","1","N","N","N","0","","0","0","0","3","2","","240","5","0","0","0","0","0","3","2","0","5","0","0","0","3","03","","N","","","","","","","","","",""
"2021098805","1802","2","0","0","0","0","0","0","0","0","4","0","","67","10","2021","1","40.005564","-75.104031","1802","6","0","0","0","0","0","0","0","0","","0","0","0","18","1","1","N","0","0","40 00:20.031","","7","75 06:14.510","8","0","0","0","67301","0","0","0","N","0","0","0","2","67301","0","","1.0","","99","N","N","N","0","","0","0","0","0","0","","1800","2","1","0","0","0","1","1","2","0","2","0","0","0","99","","","N","","","","","","","","","",""
"2021100043","0040","1","0","0","0","0","0","0","0","0","7","0","","67","10","2021","6","40.019806","-75.161849","0035","6","0","0","0","0","0","0","0","0","","0","0","0","23","3","2","N","0","0","40 01:11.302","","3","75 09:42.657","3","0","0","0","67301","0","0","0","N","0","0","0","2","67301","0","","4.0","","1","N","N","N","0","","1","0","0","0","0","","2338","1","2","0","0","0","1","0","2","0","1","0","0","0","3","03","","N","","","","","","","","","",""
"2021100178","1405","1","0","0","0","0","0","0","0","0","4","0","","67","9","2021","4","39.985802","-75.215608","1405","6","0","0","0","0","1","0","0","0","","0","0","0","14","1","1","","1","0","39 59:08.888","","0","75 12:56.190","8","0","0","0","67301","0","0","0","N","0","0","0","4","67301","0","","1.0","","1","N","N","N","0","","0","0","1","3","2","","1400","2","1","0","0","0","1","1","2","0","2","0","0","0","3","03","","N","","","","","","","","","",""
"2021095812","0408","1","0","0","0","0","0","0","0","0","7","0","","67","10","2021","7","40.074636","-75.177694","0407","6","0","0","0","0","0","0","0","0","","0","0","0","3","3","0","N","0","0","40 04:28.689","","0","75 10:39.698","0","0","0","0","67301","0","0","0","N","0","0","0","1","67301","0","","5.0","","9","N","N","N","0","","0","0","0","0","0","","356","1","0","0","0","0","0","0","2","0","1","0","0","0","3","03","","N","","","","","","","","","",""
"2021098744","1950","2","0","0","0","0","0","0","0","0","4","0","","67","10","2021","5","39.961476","-75.149798","1946","6","0","0","0","0","0","0","0","0","","0","0","0","19","3","0","","1","0","39 57:41.313","","0","75 08:59.272","0","0","0","0","67301","0","0","0","N","0","0","0","2","67301","0","","1.0","","1","N","N","N","0","","0","0","0","3","2","","1940","2","0","0","0","0","0","0","2","0","2","0","0","0","3","03","","N","","","","","","","","","",""
"2021097547","1831","1","0","0","0","0","0","0","0","0","8","0","","67","10","2021","4","40.030899","-75.166666","1830","6","0","0","0","0","0","1","0","0","","0","0","0","18","3","1","","2","2","40 01:51.238","5","0","75 09:59.999","3","0","0","0","67301","1","0","0","N","1","0","0","2","67301","0","","1.0","1845.0","1","N","N","N","0","","1","0","0","0","0","Y","1830","2","1","1","0","0","0","0","2","0","1","1","0","0","3","03","","N","","","","","","","","","",""
"2021088365","0307","1","0","0","0","0","0","0","0","0","5","0","","67","9","2021","1","40.049869","-75.164981","0305","6","0","0","0","0","0","1","0","0","","0","0","0","3","3","0","N","0","0","40 02:59.530","","0","75 09:53.930","9","0","0","0","67301","0","0","0","N","0","0","0","1","67301","0","","6.0","","1","N","N","N","1","","0","0","0","0","0","","300","2","0","0","0","0","0","1","2","0","2","0","0","0","3","03","","N","","","","","","","","","",""
"2021096759","0750","1","0","0","0","0","0","0","0","0","4","0","","67","10","2021","3","40.011039","-75.152536","0745","6","0","0","0","0","0","1","0","0","","0","0","0","7","1","1","","1","2","40 00:39.740","7","0","75 09:09.129","3","0","0","0","67301","0","0","0","N","0","0","0","2","67301","0","","1.0","800.0","1","N","N","N","0","","1","0","1","3","3","N","743","2","1","0","0","0","0","0","2","0","2","0","0","0","3","03","","N","","","","","","","","","",""
"2021098323","1736","0","0","0","1","0","0","0","0","0","8","0","","67","10","2021","6","40.0455","-75.164866","1735","6","0","0","0","0","0","1","0","0","","0","0","0","17","1","1","","1","0","40 02:43.799","","0","75 09:53.518","3","0","0","0","67301","1","0","0","N","0","0","0","2","67301","0","","1.0","","1","N","N","N","0","","1","0","1","3","2","","1725","2","1","0","0","0","0","0","2","0","1","1","0","0","3","98","","N","","","","","","","","","",""
"2021093031","0930","1","0","0","0","0","0","0","0","0","4","0","","67","9","2021","2","39.9435","-75.235244","0930","6","0","0","0","0","0","1","1","0","","0","0","0","9","1","1","","1","0","39 56:36.600","","0","75 14:06.878","4","0","0","0","67301","0","0","0","N","0","0","0","2","67301","1","","1.0","","1","N","N","N","0","","0","0","1","3","3","","930","2","1","0","0","0","0","0","2","0","2","0","0","0","3","03","","N","","","","","","","","","",""