"CRN","ARRIVAL_TM","AUTOMOBILE_COUNT","BELTED_DEATH_COUNT","BELTED_SUSP_SERIOUS_INJ_COUNT","BICYCLE_COUNT","BICYCLE_DEATH_COUNT","BICYCLE_SUSP_SERIOUS_INJ_COUNT","BUS_COUNT","CHLDPAS_DEATH_COUNT","CHLDPAS_SUSP_SERIOUS_INJ_COUNT","COLLISION_TYPE","COMM_VEH_COUNT","CONS_ZONE_SPD_LIM","COUNTY","CRASH_MONTH","CRASH_YEAR","DAY_OF_WEEK","DEC_LATITUDE","DEC_LONGITUDE","DISPATCH_TM","DISTRICT","DRIVER_COUNT_16YR","DRIVER_COUNT_17YR","DRIVER_COUNT_18YR","DRIVER_COUNT_19YR","DRIVER_COUNT_20YR","DRIVER_COUNT_50_64YR","DRIVER_COUNT_65_74YR","DRIVER_COUNT_75PLUS","EST_HRS_CLOSED","FATAL_COUNT","HEAVY_TRUCK_COUNT","HORSE_BUGGY_COUNT","HOUR_OF_DAY","ILLUMINATION","INJURY_COUNT","INTERSECTION_RELATED","INTERSECT_TYPE","LANE_CLOSED","LATITUDE","LN_CLOSE_DIR","LOCATION_TYPE","LONGITUDE","MAX_SEVERITY_LEVEL","MCYCLE_DEATH_COUNT","MCYCLE_SUSP_SERIOUS_INJ_COUNT","MOTORCYCLE_COUNT","MUNICIPALITY","NONMOTR_COUNT","NONMOTR_DEATH_COUNT","NONMOTR_SUSP_SERIOUS_INJ_COUNT","NTFY_HIWY_MAINT","PED_COUNT","PED_DEATH_COUNT","PED_SUSP_SERIOUS_INJ_COUNT","PERSON_COUNT","POLICE_AGCY","POSSIBLE_INJ_COUNT","RDWY_SURF_TYPE_CD","RELATION_TO_ROAD","ROADWAY_CLEARED","ROAD_CONDITION","SCH_BUS_IND","SCH_ZONE_IND","SECONDARY_CRASH","SMALL_TRUCK_COUNT","SPEC_JURIS_CD","SUSP_MINOR_INJ_COUNT","SUSP_SERIOUS_INJ_COUNT","SUV_COUNT","TCD_FUNC_CD","TCD_TYPE","TFC_DETOUR_IND","TIME_OF_DAY","TOTAL_UNITS","TOT_INJ_COUNT","UNBELTED_OCC_COUNT","UNB_DEATH_COUNT","UNB_SUSP_SERIOUS_INJ_COUNT","UNK_INJ_DEG_COUNT","UNK_INJ_PER_COUNT","URBAN_RURAL","VAN_COUNT","VEHICLE_COUNT","VULNERABLE_ROAD_USER_COUNT","VULNERABLE_ROAD_USER_DEATH_COUNT","VULNERABLE_ROAD_USER_SER_INJ_COUNT","WEATHER1","WEATHER2","WORKERS_PRES","WORK_ZONE_IND","WORK_ZONE_LOC","WORK_ZONE_TYPE","WZ_CLOSE_DETOUR","WZ_FLAGGER","WZ_LAW_OFFCR_IND","WZ_LN_CLOSURE","WZ_MOVING","WZ_OTHER","WZ_SHLDER_MDN","WZ_WORKERS_INJ_KILLED"
"2021110217","1210","0","0","0","1","0","0","0","0","0","8","0","","67","9","2021","5","39.990389","-75.124556","1200","6","0","0","0","0","0","0","0","0","","0","0","0","10","1","1","","2","0","39 59:25.400","","0","75 07:28.400","4","0","0","0","67301","1","0","0","N","0","0","0","2","67301","1","","1.0","","99","N","N","N","0","","0","0","0","3","3","","1000","2","1","0","0","0","0","0","2","0","1","1","0","0","99","03","","N","","","","","","","","","",""
"2021097610","1320","1","0","0","0","0","0","0","0","0","1","0","","67","10","2021","4","39.899248","-75.208205","1311","6","0","0","0","0","0","1","0","0","","0","0","0","12","1","0","N","0","1","39 53:57.293","3","3","75 12:29.537","0","0","0","0","67301","0","0","0","N","0","0","0","2","67301","0","","1.0","1400.0","1","N","N","N","1","","0","0","0","0","0","N","1250","2","0","0","0","0","0","0","2","0","2","0","0","0","3","03","","N","","","","","","","","","",""
"2021117582","","2","0","0","0","0","0","0","0","0","5","0","","67","10","2021","1","39.999749","-75.195071","","6","0","0","0","0","0","0","0","0","","0","0","0","7","1","1","N","0","0","39 59:59.097","","0","75 11:42.254","8","0","0","0","67301","0","0","0","N","0","0","0","2","00000","0","","1.0","","1","N","N","N","0","","0","0","0","0","0","","715","2","1","0","0","0","1","0","2","0","2","0","0","0","3","","","N","","","","","","","","","",""
"2021097092","2340","2","0","0","0","0","0","0","0","0","5","0","","67","10","2021","1","40.035833","-75.03625","2332","6","0","0","0","0","0","1","0","0","","0","0","0","21","3","0","N","0","0","40 02:09.000","","0","75 02:10.500","0","0","0","0","67301","0","0","0","N","0","0","0","1","67301","0","","6.0","","9","N","N","N","0","","0","0","1","0","0","","2132","3","0","0","0","0","0","0","2","0","3","0","0","0","3","03","","N","","","","","","","","","",""
"2021117476","","0","0","0","0","0","0","0","0","0","4","0","","67","9","2021","7","40.00128","-75.126054","","6","0","0","0","0","0","0","0","0","","0","0","0","5","3","3","","1","0","40 00:04.608","","0","75 07:33.794","8","0","0","0","67301","0","0","0","N","0","0","0","4","00000","0","","1.0","","1","N","N","N","0","","0","0","0","3","3","","500","2","3","0","0","0","3","0","2","1","2","0","0","0","3","","","N","","","","","","","","","",""
"2021096003","1933","3","0","0","0","0","0","0","0","0","4","0","","67","10","2021","6","40.042536","-75.138456","1933","6","0","0","0","0","0","0","0","0","","0","0","0","11","1","0","N","0","0","40 02:33.130","","0","75 08:18.440","9","0","0","0","67301","0","0","0","N","0","0","0","1","67301","0","","6.0","","1","N","N","N","0","","0","0","0","0","0","","1100","3","0","0","0","0","0","1","2","0","3","0","0","0","3","03","","N","","","","","","","","","",""
"2021096002","1845","1","0","0","0","0","0","0","0","0","4","0","","67","10","2021","7","40.020695","-75.046093","1837","6","0","0","0","0","0","0","0","0","","0","0","0","18","3","1","","1","0","40 01:14.502","","0","75 02:45.934","2","0","1","1","67301","0","0","0","N","0","0","0","2","67301","0","","1.0","","1","N","N","N","0","","0","1","0","3","3","","1833","2","1","0","0","0","0","0","2","0","2","0","0","0","3","03","","N","","","","","","","","","",""
"2021100344","1255","0","0","0","0","0","0","0","0","0","7","0","","67","10","2021","1","40.029965","-75.022229","1242","6","0","0","0","0","1","0","0","0","","0","0","0","12","1","3","N","0","1","40 01:47.873","2","0","75 01:20.026","3","0","0","0","67301","0","0","0","N","0","0","0","4","68K01","0","","4.0","1300.0","9","N","N","N","1","","3","0","1","0","0","N","1240","2","3","0","0","0","0","0","2","0","2","0","0","0","7","07","","N","","","","","","","","","",""
"2021117493","","1","0","0","0","0","0","0","0","0","7","0","","67","10","2021","5","39.927499","-75.184143","","6","0","0","0","0","0","0","1","0","","0","0","0","13","1","0","","1","0","39 55:38.997","","0","75 11:02.913","0","0","0","0","67301","0","0","0","N","0","0","0","1","00000","0","","4.0","","1","N","N","N","0","","0","0","0","0","0","","1320","1","0","0","0","0","0","0","2","0","1","0","0","0","3","","","N","","","","","","","","","",""
"2021096051","0450","3","0","0","0","0","0","0","0","0","5","0","","67","10","2021","7","39.972805","-75.159226","0440","6","0","0","0","0","0","1","0","0","","0","0","0","3","3","1","N","0","0","39 58:22.097","","0","75 09:33.213","3","0","0","0","67301","0","0","0","N","0","0","0","1","67301","0","","6.0","","1","N","N","N","0","","1","0","0","0","0","","340","3","1","0","0","0","0","0","2","0","3","0","0","0","3","03","","N","","","","","","","","","",""
"2021101282","0222","1","0","0","0","0","0","0","0","0","1","0","","67","10","2021","4","39.956707","-75.198006","0212","6","0","0","0","0","0","0","0","0","","0","0","0","1","3","1","","1","0","39 57:24.145","","0","75 11:52.822","3","0","0","0","67301","0","0","0","N","0","0","0","2","67301","0","","1.0","","1","N","N","N","0","","1","0","1","3","2","","125","2","1","0","0","0","0","0","2","0","2","0","0","0","3","03","","N","","","","","","","","","",""
"2021091730","0149","1","0","0","0","0","0","0","0","0","4","0","","67","9","2021","1","40.049578","-75.095619","0146","6","0","0","0","0","0","0","0","0","","0","0","0","1","3","0","","1","1","40 02:58.479","2","0","75 05:44.227","0","0","0","0","67301","0","0","0","N","0","0","0","2","67301","0","","1.0","300.0","1","N","N","N","0","","0","0","3","3","2","N","106","4","0","0","0","0","0","0","2","0","4","0","0","0","3","","","N","","","","","","","","","",""
"2021096659","2317","2","0","0","0","0","0","0","0","0","2","0","","67","10","2021","2","39.982858","-75.161934","2317","6","0","0","0","0","0","0","0","0","","0","0","0","23","3","0","","2","2","39 58:58.289","2","0","75 09:42.961","0","0","0","0","67301","0","0","0","N","0","0","0","1","67505","0","","1.0","1.0","1","N","N","N","0","","0","0","0","0","0","Y","2317","2","0","1","0","0","0","0","2","0","2","0","0","0","3","","","N","","","","","","","","","",""
"2021097652","0848","1","0","0","0","0","0","0","0","0","8","0","","67","10","2021","5","39.975573","-75.156318","0838","6","0","0","0","0","0","0","0","0","","0","0","0","8","1","1","","1","0","39 58:32.062","","0","75 09:22.744","3","0","0","0","67301","1","0","0","N","1","0","0","3","67301","0","","1.0","","1","N","N","N","0","","1","0","0","3","3","","835","2","1","0","0","0","0","0","2","0","1","1","0","0","3","03","","N","","","","","","","","","",""
"2021097958","0154","1","0","0","0","0","0","0","0","0","7","0","","67","10","2021","3","40.031056","-75.146486","0135","6","0","0","0","0","0","0","0","0","","0","0","0","1","3","0","N","0","1","40 01:51.801","1","0","75 08:47.350","0","0","0","0","67301","0","0","0","N","0","0","0","1","67301","0","","3.0","252.0","1","N","N","N","0","","0","0","0","0","0","Y","133","2","0","0","0","0","0","0","2","0","1","0","0","0","3","03","","N","","","","","","","","","",""
"2021097353","2216","0","0","0","0","0","0","0","0","0","4","0","","67","10","2021","2","40.035117","-75.070946","2210","6","0","0","0","0","0","1","0","0","","0","0","0","22","3","1","","1","1","40 02:06.421","7","0","75 04:15.407","3","0","0","0","67301","0","0","0","N","0","0","0","2","67301","0","","1.0","2250.0","1","N","N","N","0","","1","0","2","3","2","N","2208","2","1","0","0","0","0","0","2","0","2","0","0","0","3","03","","N","","","","","","","","","",""
"2021089145","1925","0","0","0","0","0","0","0","0","0","4","0","","67","9","2021","2","40.012698","-75.072568","1916","6","0","0","0","0","0","0","0","0","","0","0","0","19","3","2","","1","1","40 00:45.713","2","0","75 04:21.246","2","0","1","1","67301","0","0","0","N","0","0","0","3","67301","0","","1.0","2126.0","1","N","N","N","0","","1","1","1","0","0","Y","1913","2","2","0","0","0","0","0","2","0","2","0","0","0","3","","","N","","","","","","","","","",""
"2021091096","1057","2","0","0","0","0","0","0","0","0","5","0","","67","9","2021","5","40.027007","-75.092815","1050","6","0","0","0","0","1","1","1","0","","0","0","0","10","1","0","N","0","1","40 01:37.226","1","0","75 05:34.133","9","0","0","0","67301","0","0","0","N","0","0","0","4","67301","0","","1.0","1300.0","1","N","N","N","0","","0","0","0","0","0","N","1038","4","0","1","0","0","0","1","2","1","4","0","0","0","4","04","","N","","","","","","","","","",""
"2021119806","","1","0","0","0","0","0","0","0","0","5","0","","67","10","2021","1","39.897762","-75.211517","","6","0","0","0","0","0","0","0","0","","0","0","0","15","1","1","N","0","0","39 53:51.943","","3","75 12:41.462","8","0","0","0","67301","0","0","0","N","0","0","0","2","00000","0","","1.0","","1","N","N","N","0","","0","0","0","0","0","","1500","2","1","0","0","0","1","0","2","0","2","0","0","0","3","","","N","","","","","","","","","",""
"2021089220","1058","2","0","0","0","0","0","0","0","0","5","0","","67","9","2021","3","40.073475","-75.055469","1057","6","0","0","0","0","0","0","0","0","","0","0","0","10","1","1","N","0","1","40 04:24.510","1","0","75 03:19.690","3","0","0","0","67301","0","0","0","N","0","0","0","1","67301","0","","6.0","1058.0","1","N","N","N","0","","1","0","0","0","0","Y","1057","2","1","0","0","0","0","0","2","0","2","0","0","0","3","03","","N","","","","","","","","","",""
"2021095087","2035","1","0","0","0","0","0","0","0","0","1","0","","67","9","2021","6","39.878306","-75.250314","2025","6","0","0","0","0","0","0","0","0","","0","0","0","20","3","1","N","0","0","39 52:41.900","","0","75 15:01.130","3","0","0","0","67301","0","0","0","N","0","0","0","4","68K01","0","","1.0","","1","N","N","N","0","","1","0","2","0","0","","2023","3","1","0","0","0","0","0","2","0","3","0","0","0","3","","","N","","","","","","","","","",""
"2021117575","","1","0","0","0","0","0","0","0","0","1","0","","67","10","2021","7","39.99999","-75.140498","","6","0","0","0","0","0","0","0","0","","0","0","0","17","1","2","","1","0","39 59:59.964","","0","75 08:25.794","8","0","0","0","67301","0","0","0","N","0","0","0","3","00000","0","","1.0","","1","N","N","N","0","","0","0","1","3","3","","1700","2","2","0","0","0","2","0","2","0","2","0","0","0","3","","","N","","","","","","","","","",""
"2021088737","1703","0","0","0","0","0","0","0","0","0","8","0","","67","9","2021","2","40.037985","-75.130167","1658","6","0","0","0","0","0","0","0","0","","0","0","0","16","1","1","","1","0","40 02:16.746","","0","75 07:48.601","3","0","0","0","67301","1","0","0","N","1","0","0","2","67301","0","","1.0","","1","N","N","N","1","","1","0","0","3","2","","1608","2","1","0","0","0","0","0","2","0","1","1","0","0","3","03","","N","","","","","","","","","",""
"2021095983","0835","1","0","0","0","0","0","0","0","0","5","0","","67","10","2021","7","40.058303","-75.146483","0830","6","0","1","0","0","0","0","0","0","","0","0","0","8","1","0","N","0","0","40 03:29.890","","0","75 08:47.340","0","0","0","0","67301","0","0","0","N","0","0","0","1","67301","0","","6.0","","1","N","N","N","0","","0","0","1","0","0","","822","2","0","0","0","0","0","0","2","0","2","0","0","0","3","03","","N","","","","","","","","","",""
"2021090745","1045","1","0","0","0","0","0","0","0","0","4","0","","67","9","2021","7","39.931101","-75.143882","1020","6","0","0","0","0","0","2","0","0","","0","0","0","10","1","0","","2","0","39 55:51.964","","2","75 08:37.974","0","0","0","0","67301","0","0","0","N","0","0","0","2","67301","0","","1.0","","1","N","N","N","1","","0","0","0","3","2","","1015","2","0","0","0","0","0","0","2","0","2","0","0","0","3","","","N","","","","","","","","","",""
"2021098176","0625","1","0","0","0","0","0","0","0","0","4","0","","67","10","2021","6","39.985802","-75.215608","0620","6","0","0","0","0","0","0","0","0","","0","0","0","6","3","3","","1","1","39 59:08.888","2","0","75 12:56.190","8","0","0","0","67301","0","0","0","N","0","0","0","3","67301","0","","1.0","810.0","1","N","N","N","0","","0","0","1","3","2","N","620","2","3","0","0","0","3","0","2","0","2","0","0","0","3","03","","N","","","","","","","","","",""
"2021096270","0900","0","0","0","0","0","0","0","0","0","7","0","","67","10","2021","1","39.961814","-75.242828","0900","6","0","0","0","0","0","0","0","0","","0","0","0","8","1","0","N","0","0","39 57:42.530","","0","75 14:34.180","9","0","0","0","67301","0","0","0","N","0","0","0","1","67301","0","","5.0","","9","N","N","N","1","","0","0","0","0","0","","857","1","0","1","0","0","0","1","2","0","1","0","0","0","4","07","","N","","","","","","","","","",""
"2021117409","","1","0","0","0","0","0","0","0","0","4","0","","67","9","2021","2","39.998509","-75.129281","","6","0","0","0","0","0","0","0","0","","0","0","0","17","1","2","","1","0","39 59:54.633","","0","75 07:45.412","8","0","0","0","67301","0","0","0","N","0","0","0","3","00000","0","","1.0","","1","N","N","N","1","","0","0","0","3","2","","1715","2","2","0","0","0","2","0","2","0","2","0","0","0","3","","","N","","","","","","","","","",""
"2021096173","2010","2","0","0","0","0","0","0","0","0","2","0","","67","10","2021","6","39.970017","-75.238622","2006","6","0","0","0","0","0","1","0","0","","0","0","0","20","3","1","N","0","0","39 58:12.060","","0","75 14:19.040","3","0","0","0","67301","0","0","0","N","0","0","0","3","67301","0","","1.0","","1","N","N","N","0","","1","0","1","0","0","","2005","3","1","0","0","0","0","0","2","0","3","0","0","0","3","03","","N","","","","","","","","","",""
"2021117987","","2","0","0","0","0","0","0","0","0","1","0","","67","9","2021","5","","","","6","0","0","0","0","0","0","0","0","","0","0","0","16","1","1","Y","0","0","","","0","","8","0","0","0","67301","0","0","0","N","0","0","0","2","00000","0","","1.0","","1","N","N","N","0","","0","0","0","3","2","","1600","2","1","0","0","0","1","0","1","0","2","0","0","0","3","","","N","","","","","","","","","",""
"2021089487","1532","0","0","0","0","0","0","0","0","0","8","0","","67","9","2021","4","40.038917","-75.084944","1529","6","0","0","0","0","0","0","0","0","","0","0","0","15","1","1","N","0","1","40 02:20.100","5","0","75 05:05.800","2","0","0","0","67301","1","0","1","N","1","0","1","4","67301","0","","1.0","1620.0","1","N","Y","N","0","","0","1","1","0","0","Y","1528","2","1","0","0","0","0","0","2","0","1","1","0","1","4","","","N","","","","","","","","","",""
"2021119805","","0","0","0","0","0","0","0","0","0","4","0","","67","10","2021","2","39.992957","-75.110258","","6","0","0","0","0","0","1","1","0","","0","0","0","15","1","1","","1","0","39 59:34.645","","0","75 06:36.928","8","0","0","0","67301","0","0","0","N","0","0","0","2","00000","0","","1.0","","1","N","N","N","2","","0","0","0","3","2","","1500","2","1","1","0","0","1","0","2","0","2","0","0","0","3","","","N","","","","","","","","","",""
"2021088614","0140","0","0","0","0","0","0","0","0","0","7","0","","67","9","2021","2","40.002741","-75.161796","0140","6","0","0","0","0","0","0","0","0","","0","0","0","1","3","0","N","0","0","40 00:09.869","","0","75 09:42.465","0","0","0","0","67301","0","0","0","N","0","0","0","1","67301","0","","4.0","","1","N","N","N","0","","0","0","1","0","0","","140","1","0","0","0","0","0","0","2","0","1","0","0","0","3","","","N","","","","","","","","","",""
"2021106891","1445","2","0","0","0","0","0","0","0","0","5","0","","67","9","2021","5","40.041826","-75.004262","1445","6","0","0","0","0","0","0","0","0","","0","0","0","14","1","1","N","0","0","40 02:30.573","","0","75 00:15.343","4","0","0","0","67301","0","0","0","N","0","0","0","4","68K01","1","","1.0","","9","N","N","N","0","","0","0","0","0","0","","1428","3","1","0","0","0","0","1","2","0","3","0","0","0","7","","","N","","","","","","","","","",""
"2021095419","0510","1","0","0","0","0","0","0","0","0","6","0","","67","10","2021","6","39.995331","-75.1579","0504","6","0","0","0","1","0","0","0","0","","0","0","0","5","3","0","N","0","0","39 59:43.190","","0","75 09:28.440","0","0","0","0","67301","0","0","0","N","0","0","0","1","67301","0","","6.0","","1","N","N","N","1","","0","0","0","0","0","","500","2","0","1","0","0","0","0","2","0","2","0","0","0","3","","","N","","","","","","","","","",""
"2021101008","2331","1","0","0","0","0","0","0","0","0","4","0","","67","9","2021","2","40.01115","-75.141573","2327","6","0","0","0","0","0","0","0","0","","0","0","0","23","3","1","","1","2","40 00:40.139","7","0","75 08:29.662","3","0","0","0","67301","0","0","0","N","0","0","0","3","67301","0","","1.0","51.0","1","N","N","N","0","","1","0","1","3","3","N","2326","2","1","0","0","0","0","0","2","0","2","0","0","0","3","03","","N","","","","","","","","","",""
"2021107994","1251","1","0","0","0","0","0","0","0","0","4","0","","67","11","2021","3","40.040258","-75.058429","1251","6","0","0","0","0","0","0","1","0","","0","0","0","12","1","2","","1","0","40 02:24.930","","0","75 03:30.344","8","0","0","0","67301","0","0","0","N","0","0","0","3","67301","0","","1.0","","1","N","N","N","0","","0","0","1","3","2","","1200","2","2","0","0","0","2","0","2","0","2","0","0","0","3","","","N","","","","","","","","","",""
"2021127673","0108","2","0","0","0","0","0","0","0","0","1","0","","67","12","2021","5","39.985381","-75.25881","0105","6","0","0","0","0","0","1","0","0","","0","0","0","1","3","0","N","0","0","39 59:07.370","","0","75 15:31.717","0","0","0","0","67301","0","0","0","N","0","0","0","2","46104","0","","1.0","","1","N","N","N","0","","0","0","0","0","0","","105","2","0","0","0","0","0","0","2","0","2","0","0","0","3","","","N","","","","","","","","","",""
"2021128676","1844","2","0","0","0","0","0","0","0","0","4","0","","67","12","2021","6","40.044276","-75.174478","1839","6","0","0","0","0","0","0","0","0","","0","0","0","18","3","1","","2","0","40 02:39.393","","0","75 10:28.120","8","0","0","0","67301","0","0","0","N","0","0","0","3","67301","0","","1.0","","1","N","N","N","0","","0","0","0","3","3","","1836","2","1","0","0","0","1","0","2","0","2","0","0","0","3","03","","N","","","","","","","","","",""
"2021128672","1648","1","0","0","0","0","0","0","0","0","4","0","","67","12","2021","6","39.975573","-75.156318","1646","6","0","0","0","0","0","1","0","0","","0","0","0","16","4","0","","1","0","39 58:32.062","","0","75 09:22.744","0","0","0","0","67301","0","0","0","N","0","0","0","2","67301","0","","1.0","","1","N","N","N","1","","0","0","0","3","2","","1642","2","0","0","0","0","0","0","2","0","2","0","0","0","3","03","","N","","","","","","","","","",""
"2021128670","1617","1","0","0","0","0","0","0","0","0","4","0","","67","12","2021","6","40.040628","-75.169796","1602","6","0","0","0","0","0","0","0","0","","0","0","0","15","1","1","","5","0","40 02:26.260","","0","75 10:11.265","8","0","0","0","67301","0","0","0","N","0","0","0","2","67301","0","","1.0","","1","N","N","N","0","","0","0","1","3","2","","1515","2","1","0","0","0","1","0","2","0","2","0","0","0","4","04","","N","","","","","","","","","",""
"2021128653","1008","1","0","0","0","0","0","0","0","0","7","0","","67","12","2021","5","39.985065","-75.208204","1008","6","0","0","0","1","0","0","0","1","","0","0","0","10","1","2","N","0","1","39 59:06.233","4","0","75 12:29.536","3","0","0","0","67301","0","0","0","N","0","0","0","5","68K01","1","","3.0","1040.0","9","N","N","N","0","","1","0","3","0","0","N","1007","4","2","2","0","0","0","0","2","0","4","0","0","0","7","","","N","","","","","","","","","",""
"2021128097","0245","1","0","0","0","0","0","0","0","0","4","0","","67","12","2021","5","39.945139","-75.150044","0240","6","0","0","0","0","0","1","0","0","","0","0","0","2","3","0","","1","0","39 56:42.500","","0","75 09:00.158","0","0","0","0","67301","0","0","0","N","0","0","0","3","67301","0","","1.0","","9","N","N","N","0","","0","0","1","3","2","","233","2","0","0","0","0","0","0","2","0","2","0","0","0","7","07","","N","","","","","","","","","",""
"2021106368","1819","2","0","0","0","0","0","0","0","0","4","0","","67","11","2021","3","40.029229","-75.039816","1814","6","0","0","0","0","0","0","0","0","","0","0","0","18","3","1","","1","0","40 01:45.226","","0","75 02:23.337","4","0","0","0","67301","0","0","0","N","0","0","0","2","67301","1","","1.0","","9","N","N","N","0","","0","0","0","3","3","","1811","2","1","0","0","0","0","0","2","0","2","0","0","0","7","","","N","","","","","","","","","",""
"2021124084","0942","1","0","0","0","0","0","0","0","0","5","0","","67","12","2021","4","40.035083","-75.208868","0937","6","0","0","0","0","0","1","0","0","","0","0","0","9","1","0","N","0","0","40 02:06.297","","3","75 12:31.926","0","0","0","0","67301","0","0","0","N","0","0","0","3","67301","0","","1.0","","1","N","N","N","0","","0","0","1","0","0","","915","2","0","0","0","0","0","0","2","0","2","0","0","0","3","03","","N","","","","","","","","","",""
"2021107619","0920","1","0","0","0","0","0","0","0","0","7","0","","67","11","2021","1","39.948","-75.140444","0917","6","0","0","0","0","0","0","0","0","","0","0","0","9","1","0","N","0","0","39 56:52.800","","3","75 08:25.600","9","0","0","0","67301","0","0","0","N","0","0","0","1","67301","0","","5.0","","1","N","N","N","0","","0","0","0","0","0","","917","1","0","0","0","0","0","1","2","0","1","0","0","0","3","03","","N","","","","","","","","","",""
"2021109377","1317","1","0","0","0","0","0","0","0","0","4","0","","67","11","2021","6","39.956963","-75.225502","1315","6","0","0","0","0","0","0","0","1","","0","0","0","13","1","0","","1","0","39 57:25.067","","0","75 13:31.807","0","0","0","0","67301","0","0","0","N","0","0","0","2","67301","0","","1.0","","1","N","N","N","0","","0","0","1","3","2","","1312","2","0","1","0","0","0","0","2","0","2","0","0","0","3","","","N","","","","","","","","","",""
"2021128588","0801","1","0","0","0","0","0","0","0","0","8","0","","67","12","2021","5","40.065219","-75.1681","0801","6","0","0","0","0","0","1","0","0","","0","0","0","6","5","1","","1","0","40 03:54.789","","0","75 10:05.159","3","0","0","0","67301","1","0","0","N","1","0","0","2","67301","0","","1.0","","9","N","N","N","0","","1","0","0","3","2","","640","2","1","0","0","0","0","0","2","0","1","1","0","0","7","","","N","","","","","","","","","",""
"2021110875","1325","3","0","0","0","0","0","0","0","0","1","0","","67","11","2021","2","39.9781","-75.158067","1323","6","0","0","0","0","0","2","0","0","","0","0","0","13","1","0","N","0","0","39 58:41.159","","0","75 09:29.040","9","0","0","0","67301","0","0","0","N","0","0","0","5","67301","0","","1.0","","1","N","N","Y","0","","0","0","1","0","0","","1323","4","0","0","0","0","0","1","2","0","4","0","0","0","3","","","N","","","","","","","","","",""
"2021121387","1707","1","0","0","0","0","0","0","0","0","1","0","","67","12","2021","6","40.049918","-74.993865","1628","6","0","0","0","0","0","0","0","0","","0","0","0","16","1","1","N","0","0","40 02:59.705","","0","74 59:37.915","3","0","0","0","67301","0","0","0","N","0","0","0","3","68K01","0","","1.0","","1","N","N","N","0","","1","0","0","0","0","","1623","3","1","0","0","0","0","2","2","0","3","0","0","0","3","","","N","","","","","","","","","",""
"2021105266","2346","1","0","0","0","0","0","0","0","0","4","0","","67","11","2021","2","40.029898","-75.087801","2346","6","0","0","0","0","0","0","0","0","","0","0","0","23","3","1","","1","2","40 01:47.633","1","0","75 05:16.085","2","0","0","0","67301","0","0","0","N","0","0","0","3","67301","0","","1.0","135.0","1","N","N","Y","0","","0","1","1","3","2","Y","2346","2","1","3","0","1","0","0","2","0","2","0","0","0","3","03","","N","","","","","","","","","",""
"2021128662","2145","1","0","0","0","0","0","0","0","0","4","0","","67","12","2021","5","39.911099","-75.230323","2145","6","0","0","0","0","0","1","0","0","","0","0","0","21","3","1","","1","0","39 54:39.956","","0","75 13:49.162","3","0","0","0","67301","0","0","0","N","0","0","0","2","67301","0","","1.0","","1","N","N","N","0","","1","0","1","3","2","","2145","2","1","0","0","0","0","0","2","0","2","0","0","0","4","04","","N","","","","","","","","","",""
"2021128468","0141","1","0","0","0","0","0","0","0","0","5","0","","67","12","2021","6","39.960482","-75.228478","0132","6","0","0","0","0","0","0","0","0","","0","0","0","1","3","0","N","0","2","39 57:37.735","4","1","75 13:42.521","0","0","0","0","67301","0","0","0","N","0","0","0","3","67301","0","","1.0","230.0","9","N","N","N","0","","0","0","1","0","0","Y","124","2","0","0","0","0","0","0","2","0","2","0","0","0","7","03","","N","","","","","","","","","",""
"2021107233","2110","1","0","0","0","0","0","0","0","0","4","0","","67","11","2021","5","39.974966","-75.186669","2059","6","0","0","0","1","0","0","0","0","","0","0","0","20","1","1","","2","0","39 58:29.876","","0","75 11:12.007","3","0","0","0","67301","0","0","0","N","0","0","0","3","67301","0","","1.0","","1","N","N","N","0","","1","0","1","3","3","","2045","2","1","0","0","0","0","0","2","0","2","0","0","0","3","03","","N","","","","","","","","","",""
"2021106369","1607","1","0","0","0","0","0","0","0","0","8","0","","67","11","2021","3","40.020517","-75.053726","1607","6","0","0","0","0","0","0","0","0","","0","0","0","18","3","1","","1","0","40 01:13.862","","0","75 03:13.412","4","0","0","0","67301","1","0","0","N","1","0","0","2","67301","1","","1.0","","9","N","N","N","0","","0","0","0","3","2","","1840","2","1","0","0","0","0","0","2","0","1","1","0","0","7","07","","N","","","","","","","","","",""
"2021107189","1040","1","0","0","0","0","0","0","0","0","1","0","","67","11","2021","6","39.951288","-75.199257","1036","6","0","0","0","0","0","0","0","0","","0","0","0","10","1","0","","1","0","39 57:04.636","","0","75 11:57.326","0","0","0","0","67301","0","0","0","N","0","0","0","2","67504","0","","1.0","","1","N","N","N","0","","0","0","1","3","2","","1036","2","0","0","0","0","0","0","2","0","2","0","0","0","3","03","","N","","","","","","","","","",""
"2021121323","1712","1","0","0","0","0","0","0","0","0","4","0","","67","12","2021","7","40.057936","-75.142286","1755","6","0","0","0","0","0","1","0","0","","0","0","0","16","3","1","","1","0","40 03:28.569","","0","75 08:32.229","3","0","0","0","67301","0","0","0","N","0","0","0","2","67301","0","","1.0","","9","N","N","N","0","","1","0","1","3","3","","1655","2","1","0","0","0","0","0","2","0","2","0","0","0","7","","","N","","","","","","","","","",""