"CRN","ARRIVAL_TM","AUTOMOBILE_COUNT","BELTED_DEATH_COUNT","BELTED_SUSP_SERIOUS_INJ_COUNT","BICYCLE_COUNT","BICYCLE_DEATH_COUNT","BICYCLE_SUSP_SERIOUS_INJ_COUNT","BUS_COUNT","CHLDPAS_DEATH_COUNT","CHLDPAS_SUSP_SERIOUS_INJ_COUNT","COLLISION_TYPE","COMM_VEH_COUNT","CONS_ZONE_SPD_LIM","COUNTY","CRASH_MONTH","CRASH_YEAR","DAY_OF_WEEK","DEC_LATITUDE","DEC_LONGITUDE","DISPATCH_TM","DISTRICT","DRIVER_COUNT_16YR","DRIVER_COUNT_17YR","DRIVER_COUNT_18YR","DRIVER_COUNT_19YR","DRIVER_COUNT_20YR","DRIVER_COUNT_50_64YR","DRIVER_COUNT_65_74YR","DRIVER_COUNT_75PLUS","EST_HRS_CLOSED","FATAL_COUNT","HEAVY_TRUCK_COUNT","HORSE_BUGGY_COUNT","HOUR_OF_DAY","ILLUMINATION","INJURY_COUNT","INTERSECTION_RELATED","INTERSECT_TYPE","LANE_CLOSED","LATITUDE","LN_CLOSE_DIR","LOCATION_TYPE","LONGITUDE","MAX_SEVERITY_LEVEL","MCYCLE_DEATH_COUNT","MCYCLE_SUSP_SERIOUS_INJ_COUNT","MOTORCYCLE_COUNT","MUNICIPALITY","NONMOTR_COUNT","NONMOTR_DEATH_COUNT","NONMOTR_SUSP_SERIOUS_INJ_COUNT","NTFY_HIWY_MAINT","PED_COUNT","PED_DEATH_COUNT","PED_SUSP_SERIOUS_INJ_COUNT","PERSON_COUNT","POLICE_AGCY","POSSIBLE_INJ_COUNT","RDWY_SURF_TYPE_CD","RELATION_TO_ROAD","ROADWAY_CLEARED","ROAD_CONDITION","SCH_BUS_IND","SCH_ZONE_IND","SECONDARY_CRASH","SMALL_TRUCK_COUNT","SPEC_JURIS_CD","SUSP_MINOR_INJ_COUNT","SUSP_SERIOUS_INJ_COUNT","SUV_COUNT","TCD_FUNC_CD","TCD_TYPE","TFC_DETOUR_IND","TIME_OF_DAY","TOTAL_UNITS","TOT_INJ_COUNT","UNBELTED_OCC_COUNT","UNB_DEATH_COUNT","UNB_SUSP_SERIOUS_INJ_COUNT","UNK_INJ_DEG_COUNT","UNK_INJ_PER_COUNT","URBAN_RURAL","VAN_COUNT","VEHICLE_COUNT","VULNERABLE_ROAD_USER_COUNT","VULNERABLE_ROAD_USER_DEATH_COUNT","VULNERABLE_ROAD_USER_SER_INJ_COUNT","WEATHER1","WEATHER2","WORKERS_PRES","WORK_ZONE_IND","WORK_ZONE_LOC","WORK_ZONE_TYPE","WZ_CLOSE_DETOUR","WZ_FLAGGER","WZ_LAW_OFFCR_IND","WZ_LN_CLOSURE","WZ_MOVING","WZ_OTHER","WZ_SHLDER_MDN","WZ_WORKERS_INJ_KILLED"
"2021108245","1840","1","0","0","0","0","0","0","0","0","8","0","","67","11","2021","2","40.062562","-75.060959","1816","6","0","0","0","0","0","0","0","0","","0","0","0","18","3","1","","1","0","40 03:45.223","","0","75 03:39.452","3","0","0","0","67301","1","0","0","N","1","0","0","2","67301","0","","1.0","","1","N","N","N","0","","1","0","0","3","3","","1800","2","1","0","0","0","0","0","2","0","1","1","0","0","3","03","","N","","","","","","","","","",""
"2021107432","1635","3","0","0","0","0","0","0","0","0","1","0","","67","11","2021","5","39.978272","-75.161317","1630","6","0","0","0","0","0","0","0","0","","0","0","0","16","1","0","N","0","0","39 58:41.780","","0","75 09:40.740","0","0","0","0","67301","0","0","0","N","0","0","0","1","67301","0","","6.0","","1","N","N","N","1","","0","0","0","0","0","","1615","4","0","0","0","0","0","0","2","0","4","0","0","0","3","03","","N","","","","","","","","","",""
"2021107808","2331","0","0","0","0","0","0","0","0","0","8","0","","67","11","2021","1","39.9704","-75.161061","2325","6","0","0","0","0","0","0","0","0","","0","0","0","23","3","1","N","0","0","39 58:13.440","","0","75 09:39.820","3","0","0","0","67301","1","0","0","N","1","0","0","2","67301","0","","1.0","","1","N","N","N","0","","1","0","1","0","0","","2325","2","1","0","0","0","0","0","2","0","1","1","0","0","3","03","","N","","","","","","","","","",""
"2021128590","0803","2","0","0","0","0","0","0","0","0","6","0","","67","12","2021","6","40.043795","-75.180295","0759","6","0","0","0","0","0","0","0","0","","0","0","0","4","3","1","N","0","0","40 02:37.662","","0","75 10:49.063","8","0","0","0","67301","0","0","0","N","0","0","0","2","67301","0","","6.0","","9","N","N","Y","0","","0","0","2","0","0","","450","4","1","1","0","0","1","0","2","0","4","0","0","0","5","04","","N","","","","","","","","","",""
"2021114725","0713","2","0","0","0","0","0","0","0","0","1","0","","67","11","2021","4","39.94746","-75.187253","0655","6","0","0","0","0","0","0","0","0","","0","0","0","6","5","1","N","0","1","39 56:50.857","4","0","75 11:14.112","4","0","0","0","67301","0","0","0","N","0","0","0","3","68K01","1","","1.0","753.0","1","N","N","N","0","","0","0","1","0","0","N","650","3","1","0","0","0","0","1","2","0","3","0","0","0","3","","","N","","","","","","","","","",""
"2021122337","1828","1","0","0","0","0","0","0","0","0","4","0","","67","12","2021","2","40.055561","-75.062041","1825","6","0","0","0","0","1","0","0","0","","0","0","0","18","3","1","","1","0","40 03:20.018","","0","75 03:43.347","3","0","0","0","67301","0","0","0","N","0","0","0","4","67301","0","","1.0","","1","N","N","N","1","","1","0","1","3","3","","1825","3","1","0","0","0","0","0","2","0","3","0","0","0","3","03","","N","","","","","","","","","",""
"2021106628","1330","0","0","0","0","0","0","0","0","0","1","0","","67","11","2021","4","40.023392","-75.084465","1323","6","0","0","0","0","0","0","1","0","","0","0","0","13","1","2","","5","1","40 01:24.211","5","0","75 05:04.074","8","0","0","0","67301","2","0","0","N","2","0","0","4","67301","0","","1.0","1430.0","1","N","N","N","1","","0","0","0","3","2","Y","1320","4","2","0","0","0","2","0","2","1","2","2","0","0","3","","","N","","","","","","","","","",""
"2021108518","1409","1","0","0","0","0","0","0","0","0","8","0","","67","11","2021","6","40.036937","-75.041064","1409","6","0","0","0","1","0","0","0","0","","0","0","0","14","1","1","N","0","0","40 02:12.972","","0","75 02:27.831","2","0","0","0","67301","1","0","1","N","1","0","1","2","67301","0","","1.0","","1","N","N","N","0","","0","1","0","0","0","","1409","2","1","0","0","0","0","0","2","0","1","1","0","1","3","03","","N","","","","","","","","","",""
"2021111048","1410","1","0","0","0","0","0","0","0","0","4","0","","67","11","2021","6","39.96752","-75.148685","1359","6","0","0","0","1","0","0","1","0","","0","0","0","13","1","4","","1","1","39 58:03.072","6","0","75 08:55.266","3","0","0","0","67301","0","0","0","N","0","0","0","4","67301","0","","1.0","0.0","1","N","Y","N","0","","4","0","1","3","3","N","1342","2","4","0","0","0","0","0","2","0","2","0","0","0","3","03","","N","","","","","","","","","",""
"2021115275","2045","2","0","0","0","0","0","0","0","0","4","0","","67","11","2021","2","40.030089","-75.088161","2035","6","0","0","0","0","2","0","0","0","","0","0","0","20","3","2","","1","1","40 01:48.320","2","0","75 05:17.380","3","0","0","0","67301","0","0","0","N","0","0","0","4","67301","1","","1.0","2100.0","1","N","N","N","0","","1","0","1","3","2","Y","2030","3","2","0","0","0","0","0","2","0","3","0","0","0","3","03","","N","","","","","","","","","",""
"2021121252","0110","2","0","0","0","0","0","0","0","0","4","0","","67","12","2021","7","40.021538","-75.139814","0105","6","0","0","0","0","0","0","0","0","","0","0","0","1","3","2","","1","0","40 01:17.537","","0","75 08:23.331","4","0","0","0","67301","0","0","0","N","0","0","0","5","67301","2","","1.0","","8","N","N","N","0","","0","0","0","3","2","","100","2","2","0","0","0","0","0","2","0","2","0","0","0","7","07","","N","","","","","","","","","",""
"2021128167","2135","3","0","0","0","0","0","0","0","0","4","0","","67","12","2021","3","39.938065","-75.16844","2130","6","0","0","1","0","0","1","0","0","","0","0","0","21","3","0","","1","1","39 56:17.034","3","0","75 10:06.383","0","0","0","0","67301","0","0","0","N","0","0","0","2","67301","0","","1.0","2145.0","1","N","N","N","0","","0","0","1","3","2","N","2125","4","0","0","0","0","0","0","2","0","4","0","0","0","3","","","N","","","","","","","","","",""
"2021107715","2100","2","0","0","0","0","0","0","0","0","1","0","","67","10","2021","1","39.946061","-75.189628","2056","6","0","0","0","0","0","0","0","0","","0","0","0","20","3","0","","6","0","39 56:45.818","","2","75 11:22.661","0","0","0","0","67301","0","0","0","N","0","0","0","3","68K01","0","","7.0","","1","N","N","N","0","","0","0","0","0","0","","2047","3","0","0","0","0","0","0","2","0","3","0","0","0","3","","","N","","","","","","","","","",""
"2021098722","1038","2","0","0","0","0","0","0","0","0","4","0","","67","10","2021","1","39.958712","-75.162143","1032","6","0","0","0","0","1","0","0","0","","0","0","0","10","1","1","","1","0","39 57:31.362","","0","75 09:43.713","3","0","0","0","67301","0","0","0","N","0","0","0","2","67301","0","","1.0","","1","N","N","N","0","","1","0","0","0","0","","1032","2","1","0","0","0","0","0","2","0","2","0","0","0","3","03","","N","","","","","","","","","",""
"2021107198","0127","2","0","0","0","0","0","0","0","0","4","0","","67","11","2021","6","39.975418","-75.143839","0120","6","0","0","0","0","0","0","0","0","","0","0","0","19","1","1","","1","0","39 58:31.504","","0","75 08:37.820","3","0","0","0","67301","0","0","0","N","0","0","0","2","67301","0","","1.0","","1","N","N","N","0","","1","0","0","3","3","","1956","2","1","1","0","0","0","1","2","0","2","0","0","0","3","03","","N","","","","","","","","","",""
"2021107775","0620","1","0","0","1","0","0","0","0","0","8","0","","67","11","2021","5","40.055556","-75.089756","0613","6","0","0","0","0","0","0","0","0","","0","0","0","14","1","1","N","0","0","40 03:20.001","","7","75 05:23.122","8","0","0","0","67301","1","0","0","N","0","0","0","2","67301","0","","1.0","","99","N","N","N","0","","0","0","0","0","0","","1400","2","1","0","0","0","1","0","2","0","1","1","0","0","99","","","N","","","","","","","","","",""
"2021115074","1010","2","0","0","0","0","0","0","0","0","4","0","","67","11","2021","6","39.920985","-75.143427","1000","6","0","0","0","0","0","0","1","0","","0","0","0","14","1","2","","2","0","39 55:15.545","","7","75 08:36.337","8","0","0","0","67301","0","0","0","N","0","0","0","3","67301","0","","1.0","","99","N","N","N","0","","0","0","0","3","3","","1420","2","2","0","0","0","2","1","2","0","2","0","0","0","99","","","N","","","","","","","","","",""
"2021109805","1007","2","0","0","0","0","0","0","0","0","4","0","","67","11","2021","1","40.018922","-75.049504","1005","6","0","0","0","0","0","0","0","0","","0","0","0","10","1","1","","1","0","40 01:08.120","","0","75 02:58.216","8","0","0","0","67301","0","0","0","N","0","0","0","3","67301","0","","1.0","","1","N","N","N","0","","0","0","0","3","3","","1000","2","1","0","0","0","1","0","2","0","2","0","0","0","3","03","","N","","","","","","","","","",""
"2021122872","1836","2","0","0","0","0","0","0","0","0","4","0","","67","12","2021","3","40.071447","-75.032354","1833","6","0","0","0","0","0","0","0","0","","0","0","0","18","3","1","N","0","0","40 04:17.210","","7","75 01:56.475","4","0","0","0","67301","0","0","0","N","0","0","0","3","67301","1","","1.0","","1","N","N","N","0","","0","0","0","0","0","","1800","2","1","0","0","0","0","0","2","0","2","0","0","0","3","03","","N","","","","","","","","","",""
"2021117978","","1","0","0","0","0","0","0","0","0","4","0","","67","11","2021","5","","","","6","0","0","0","0","0","1","0","0","","0","0","0","9","1","3","","1","0","","","0","","8","0","0","0","67301","0","0","0","N","0","0","0","3","00000","0","","1.0","","1","N","N","N","0","","0","0","1","3","2","","925","2","3","0","0","0","3","0","1","0","2","0","0","0","3","","","N","","","","","","","","","",""
"2021107803","0404","0","0","0","0","0","0","0","0","0","4","0","","67","11","2021","1","39.973237","-75.212226","0358","6","0","0","0","0","0","0","0","0","","0","0","0","3","3","0","","1","0","39 58:23.653","","0","75 12:44.012","9","0","0","0","67301","0","0","0","N","0","0","0","2","67301","0","","1.0","","1","N","N","N","0","","0","0","2","3","2","","353","2","0","0","0","0","0","2","2","0","2","0","0","0","3","","","N","","","","","","","","","",""
"2021120143","1945","1","0","0","0","0","0","0","0","0","4","0","","67","12","2021","3","40.061731","-75.136804","1945","6","0","0","0","0","0","1","0","0","","0","0","0","18","3","0","","1","0","40 03:42.232","","8","75 08:12.494","9","0","0","0","67301","0","0","0","N","0","0","0","2","67301","0","","1.0","","99","N","N","N","1","","0","0","0","3","2","","1827","2","0","0","0","0","0","1","2","0","2","0","0","0","99","","","N","","","","","","","","","",""
"2021108782","1915","0","0","0","0","0","0","0","0","0","8","0","","67","11","2021","3","40.037664","-75.042522","1858","6","0","0","0","0","0","0","0","0","","0","0","0","16","1","1","","1","0","40 02:15.591","","0","75 02:33.078","8","0","0","0","67301","1","0","0","N","1","0","0","2","67301","0","","1.0","","1","N","N","N","0","","0","0","1","9","9","","1655","2","1","0","0","0","1","0","2","0","1","1","0","0","3","03","","N","","","","","","","","","",""
"2021108268","2325","1","0","0","0","0","0","0","0","0","8","0","","67","11","2021","5","39.950714","-75.168938","2306","6","0","0","0","0","0","0","0","0","","0","0","0","22","3","1","","1","0","39 57:02.569","","0","75 10:08.177","4","0","0","0","67301","1","0","0","N","1","0","0","2","67301","1","","1.0","","1","N","N","N","0","","0","0","0","3","2","","2200","2","1","0","0","0","0","0","2","0","1","1","0","0","3","03","","N","","","","","","","","","",""
"2021122573","0045","1","0","0","0","0","0","0","0","0","4","0","","67","12","2021","1","40.053175","-75.122124","0044","6","0","0","0","0","0","0","1","0","","0","0","0","0","3","2","","5","0","40 03:11.431","","0","75 07:19.646","3","0","0","0","67301","0","0","0","N","0","0","0","2","67301","0","","1.0","","1","N","N","N","1","","2","0","0","3","2","","10","2","2","1","0","0","0","0","2","0","2","0","0","0","3","03","","N","","","","","","","","","",""
"2021106257","1630","0","0","0","0","0","0","0","0","0","8","0","","67","11","2021","4","39.955047","-75.149431","1616","6","0","0","0","0","0","1","0","0","","0","0","0","14","1","1","N","0","0","39 57:18.170","","0","75 08:57.950","8","0","0","0","67301","1","0","0","N","1","0","0","2","67301","0","","1.0","","1","N","N","N","1","","0","0","0","0","0","","1400","2","1","0","0","0","1","0","2","0","1","1","0","0","3","","","N","","","","","","","","","",""
"2021123298","2144","1","0","0","1","0","0","0","0","0","8","0","","67","12","2021","4","39.973391","-75.150387","2139","6","0","0","0","0","0","0","0","0","","0","0","0","21","3","1","","1","0","39 58:24.207","","1","75 09:01.393","3","0","0","0","67301","1","0","0","N","0","0","0","2","67301","0","","1.0","","1","N","N","N","0","","1","0","0","3","3","","2110","2","1","0","0","0","0","0","2","0","1","1","0","0","3","","","N","","","","","","","","","",""
"2021107815","1304","1","0","0","0","0","0","0","0","0","6","0","","67","11","2021","7","40.100892","-74.978647","1259","6","0","0","0","0","0","0","1","0","","0","0","0","12","1","1","N","0","0","40 06:03.210","","0","74 58:43.130","3","0","0","0","67301","0","0","0","N","0","0","0","1","67301","0","","6.0","","1","N","N","N","0","","1","0","0","0","0","","1255","2","1","0","0","0","0","0","2","1","2","0","0","0","3","03","","N","","","","","","","","","",""
"2021106736","2210","1","0","0","0","0","0","0","0","0","4","0","","67","11","2021","5","39.955906","-75.191449","2209","6","0","0","0","0","0","0","0","0","","0","0","0","22","3","0","","1","0","39 57:21.261","","0","75 11:29.218","9","0","0","0","67301","0","0","0","N","0","0","0","3","67507","0","","1.0","","1","N","N","Y","0","","0","0","1","3","2","","2208","2","0","0","0","0","0","1","2","0","2","0","0","0","3","03","","N","","","","","","","","","",""
"2021121297","2020","0","0","0","0","0","0","0","0","0","8","0","","67","12","2021","7","40.024561","-75.168457","2004","6","0","0","0","0","0","1","0","0","","0","0","0","8","1","1","","2","0","40 01:28.419","","0","75 10:06.445","3","0","0","0","67301","1","0","0","N","1","0","0","2","67301","0","","1.0","","9","N","N","N","0","","1","0","1","3","3","","815","2","1","0","0","0","0","0","2","0","1","1","0","0","5","07","","N","","","","","","","","","",""
"2021105885","0811","2","0","0","0","0","0","0","0","0","4","0","","67","10","2021","7","40.055927","-75.12697","0805","6","0","0","0","0","0","1","0","0","","0","0","0","8","1","0","","1","0","40 03:21.336","","0","75 07:37.091","0","0","0","0","67301","0","0","0","N","0","0","0","2","46102","0","","1.0","","9","N","N","N","0","","0","0","0","3","2","","805","2","0","0","0","0","0","0","2","0","2","0","0","0","4","","","N","","","","","","","","","",""
"2021120238","0917","0","0","0","0","0","0","0","0","0","4","0","","67","12","2021","4","40.056616","-75.013154","0914","6","0","0","0","0","0","1","0","0","","0","0","0","9","1","2","","1","0","40 03:23.817","","7","75 00:47.353","3","0","0","0","67301","0","0","0","N","0","0","0","2","67301","0","","1.0","","1","N","N","N","0","","2","0","2","3","2","","912","2","2","0","0","0","0","0","2","0","2","0","0","0","3","03","","N","","","","","","","","","",""
"2021107490","0252","0","0","0","0","0","0","0","0","0","1","0","","67","11","2021","1","40.053009","-75.064302","0248","6","0","0","0","0","0","0","0","0","","0","0","0","2","3","0","","1","0","40 03:10.832","","0","75 03:51.487","0","0","0","0","67301","0","0","0","N","0","0","0","3","67301","0","","1.0","","1","N","N","N","0","","0","0","1","3","2","","245","2","0","0","0","0","0","0","2","1","2","0","0","0","3","03","","N","","","","","","","","","",""
"2021121126","2221","0","0","0","0","0","0","0","0","0","4","0","","67","12","2021","5","39.978739","-75.180892","2221","6","0","0","0","0","0","0","0","0","","0","0","0","21","3","0","","1","1","39 58:43.460","2","0","75 10:51.211","0","0","0","0","67301","0","0","0","N","0","0","0","2","67301","0","","1.0","1150.0","1","N","N","N","0","","0","0","2","3","3","Y","2107","2","0","0","0","0","0","0","2","0","2","0","0","0","3","03","","N","","","","","","","","","",""
"2021107152","2235","2","0","0","0","0","0","0","0","0","4","0","","67","11","2021","5","39.944508","-75.156645","2230","6","0","0","0","0","0","0","0","0","","0","0","0","21","3","0","","1","0","39 56:40.227","","0","75 09:23.923","9","0","0","0","67301","0","0","0","N","0","0","0","4","67301","0","","1.0","","1","N","N","N","0","","0","0","0","3","2","","2148","2","0","0","0","0","0","2","2","0","2","0","0","0","3","03","","N","","","","","","","","","",""
"2021107627","2130","2","0","0","0","0","0","0","0","0","4","0","","67","11","2021","7","40.051033","-75.180537","2125","6","0","0","0","0","0","0","0","0","","0","0","0","21","3","1","","2","1","40 03:03.718","4","0","75 10:49.933","3","0","0","0","67301","0","0","0","N","0","0","0","2","67301","0","","1.0","2154.0","1","N","N","N","0","","1","0","0","3","3","Y","2114","2","1","0","0","0","0","0","2","0","2","0","0","0","3","03","","N","","","","","","","","","",""
"2021124059","0428","1","0","0","0","0","0","0","0","0","4","0","","67","12","2021","4","40.045755","-75.14316","0428","6","0","0","0","0","0","0","0","0","","0","0","0","4","3","0","","2","1","40 02:44.717","1","0","75 08:35.375","0","0","0","0","67301","0","0","0","N","0","0","0","2","67301","0","","1.0","512.0","1","N","N","N","0","","0","0","0","3","3","N","427","2","0","0","0","0","0","0","2","1","2","0","0","0","3","03","","N","","","","","","","","","",""
"2021105830","1318","0","0","0","0","0","0","0","0","0","8","0","","67","11","2021","3","39.970173","-75.159656","1246","6","0","0","0","0","0","0","0","0","","0","0","0","11","1","1","","1","0","39 58:12.621","","0","75 09:34.763","3","0","0","0","67301","1","0","0","N","1","0","0","2","67301","0","","1.0","","9","N","N","N","1","","1","0","0","3","2","","1139","2","1","1","0","0","0","0","2","0","1","1","0","0","7","04","","N","","","","","","","","","",""
"2021114723","0559","0","0","0","0","0","0","0","0","0","1","0","","67","11","2021","4","39.937234","-75.198806","0546","6","0","0","0","0","0","1","0","0","","0","0","0","5","3","1","","6","0","39 56:14.042","","2","75 11:55.702","3","0","0","0","67301","0","0","0","N","0","0","0","2","68K01","0","","7.0","","1","N","N","N","0","","1","0","1","0","0","","536","2","1","0","0","0","0","0","2","1","2","0","0","0","3","","","N","","","","","","","","","",""
"2021124436","1740","1","0","0","0","0","0","0","0","0","4","0","","67","12","2021","6","40.038972","-75.150035","1739","6","0","0","1","0","0","0","0","0","","0","0","0","8","1","1","","1","0","40 02:20.299","","0","75 09:00.127","8","0","0","0","67301","0","0","0","N","0","0","0","2","67301","0","","1.0","","1","N","N","N","0","","0","0","1","3","2","","820","2","1","0","0","0","1","1","2","0","2","0","0","0","3","03","","N","","","","","","","","","",""
"2021110380","2156","2","0","0","0","0","0","0","0","0","4","0","","67","11","2021","1","40.024179","-75.084481","2153","6","0","0","0","0","0","0","0","0","","0","0","0","21","3","1","","1","0","40 01:27.044","","0","75 05:04.131","4","0","0","0","67301","0","0","0","N","0","0","0","5","67301","1","","1.0","","1","N","N","N","1","","0","0","1","3","3","","2153","4","1","0","0","0","0","0","2","0","4","0","0","0","3","","","N","","","","","","","","","",""
"2021104052","0007","2","0","0","0","0","0","0","0","0","4","0","","67","10","2021","2","39.928163","-75.150704","0005","6","0","0","0","0","0","0","0","0","","0","0","0","0","3","0","","1","0","39 55:41.386","","0","75 09:02.534","9","0","0","0","67301","0","0","0","N","0","0","0","2","67301","0","","1.0","","1","N","N","Y","1","","0","0","2","3","2","","0","5","0","0","0","0","0","1","2","0","5","0","0","0","3","03","","N","","","","","","","","","",""
"2021104049","0030","4","0","0","0","0","0","0","0","0","6","0","","67","10","2021","7","39.915027","-75.157669","0030","6","0","0","0","0","0","0","0","0","","0","0","0","0","3","2","","2","2","39 54:54.098","3","0","75 09:27.608","3","0","0","0","67301","1","0","0","N","1","0","0","3","67301","0","","1.0","230.0","1","N","N","N","1","","2","0","2","3","2","N","20","8","2","0","0","0","0","0","2","0","7","1","0","0","3","03","","N","","","","","","","","","",""
"2021098714","2155","0","0","0","0","0","0","0","0","0","4","0","","67","10","2021","7","40.064873","-75.009421","2153","6","0","0","0","0","0","0","1","0","","0","0","0","21","3","0","","2","1","40 03:53.543","1","0","75 00:33.914","0","0","0","0","67301","0","0","0","N","0","0","0","4","67301","0","","1.0","100.0","9","N","N","N","1","","0","0","0","3","3","Y","2152","2","0","0","0","0","0","0","2","1","2","0","0","0","4","04","","N","","","","","","","","","",""
"2021099306","0031","2","0","0","0","0","0","0","0","0","1","0","","67","10","2021","2","39.983324","-75.156789","0031","6","0","0","0","0","0","0","0","0","","0","0","0","22","3","0","N","0","0","39 58:59.967","","0","75 09:24.442","0","0","0","0","67301","0","0","0","N","0","0","0","1","67505","0","","6.0","","1","N","N","N","0","","0","0","0","0","0","","2235","2","0","0","0","0","0","0","2","0","2","0","0","0","3","","","N","","","","","","","","","",""
"2021103286","1746","1","0","0","1","0","0","0","0","0","4","0","","67","10","2021","3","39.990525","-75.164532","1739","6","0","0","0","0","0","0","0","0","","0","0","0","17","1","2","","1","0","39 59:25.890","","0","75 09:52.315","4","0","0","0","67301","2","0","0","N","0","0","0","3","67301","2","","1.0","","1","N","N","N","0","","0","0","0","0","0","","1739","2","2","0","0","0","0","0","2","0","1","2","0","0","3","03","","N","","","","","","","","","",""
"2021100699","0011","1","0","0","0","0","0","0","0","0","5","0","","67","10","2021","2","39.941755","-75.219982","0008","6","0","0","0","0","0","0","0","0","","0","0","0","0","3","0","N","0","0","39 56:30.318","","0","75 13:11.935","9","0","0","0","67301","0","0","0","N","0","0","0","3","67301","0","","1.0","","1","N","N","N","0","","0","0","1","0","0","","0","3","0","0","0","0","0","2","2","0","3","0","0","0","3","03","","N","","","","","","","","","",""
"2021127154","0415","1","0","0","0","0","0","0","0","0","7","0","","67","12","2021","7","39.945265","-75.14311","0358","6","0","0","0","0","0","0","0","0","","0","0","0","1","3","0","","2","0","39 56:42.953","","0","75 08:35.195","0","0","0","0","67301","0","0","0","N","0","0","0","1","67301","0","","5.0","","9","N","N","N","0","","0","0","0","3","3","","156","1","0","1","0","0","0","0","2","0","1","0","0","0","7","07","","N","","","","","","","","","",""
"2021101333","1618","1","0","0","0","0","0","0","0","0","4","0","","67","10","2021","7","40.054847","-75.168958","1617","6","0","1","0","0","0","1","0","0","","0","0","0","16","1","1","","1","0","40 03:17.448","","0","75 10:08.247","3","0","0","0","67301","0","0","0","N","0","0","0","3","67301","0","","1.0","","9","N","N","N","1","","1","0","0","3","2","","1610","3","1","0","0","0","0","0","2","1","3","0","0","0","7","","","N","","","","","","","","","",""
"2021099352","0342","1","0","0","0","0","0","0","0","0","1","0","","67","10","2021","1","40.045844","-75.077242","0338","6","0","0","0","0","0","0","0","0","","0","0","0","3","3","0","N","0","2","40 02:45.040","3","0","75 04:38.070","9","0","0","0","67301","0","0","0","N","0","0","0","1","67301","0","","6.0","448.0","1","N","N","N","0","","0","0","2","0","0","Y","335","3","0","0","0","0","0","1","2","0","3","0","0","0","3","03","","N","","","","","","","","","",""
"2021107777","1835","0","0","0","0","0","0","0","0","0","7","0","","67","10","2021","4","39.982844","-75.110967","1828","6","0","0","0","0","0","0","0","0","","0","0","0","17","4","1","N","0","0","39 58:58.240","","0","75 06:39.480","3","0","0","0","67301","0","0","0","N","0","0","0","1","67301","0","","5.0","","1","N","N","N","0","","1","0","0","0","0","","1739","1","1","0","0","0","0","0","2","1","1","0","0","0","3","03","","N","","","","","","","","","",""
"2021117947","","1","0","0","0","0","0","0","0","0","1","0","","67","11","2021","7","39.924083","-75.236444","","6","0","0","0","0","0","1","0","0","","0","0","0","19","3","1","N","0","0","39 55:26.700","","0","75 14:11.200","8","0","0","0","67301","0","0","0","N","0","0","0","2","00000","0","","1.0","","1","N","N","N","0","","0","0","0","0","0","","1958","2","1","0","0","0","1","0","2","0","2","0","0","0","3","","","N","","","","","","","","","",""
"2021102662","1530","0","0","0","0","0","0","0","0","0","5","0","","67","10","2021","2","40.005331","-75.127836","1520","6","0","0","1","0","0","0","0","0","","0","0","0","15","1","0","N","0","1","40 00:19.190","5","3","75 07:40.210","0","0","0","0","67301","0","0","0","N","0","0","0","4","67301","0","","1.0","20.0","4","N","N","N","0","","0","0","2","0","0","Y","1520","2","0","4","0","0","0","0","2","0","2","0","0","0","3","04","","N","","","","","","","","","",""
"2021124022","0103","1","0","0","0","0","0","0","0","0","4","0","","67","12","2021","7","40.02546","-75.084711","0103","6","0","0","0","0","1","0","0","0","","0","0","0","0","3","0","","5","0","40 01:31.656","","0","75 05:04.959","0","0","0","0","67301","0","0","0","N","0","0","0","2","67301","0","","1.0","","1","N","N","N","0","","0","0","1","3","3","","55","2","0","0","0","0","0","0","2","0","2","0","0","0","3","","","N","","","","","","","","","",""
"2021102214","1944","0","0","0","0","0","0","0","0","0","1","0","","67","10","2021","7","40.021955","-75.078859","1944","6","0","0","0","0","0","0","0","0","","0","0","0","19","3","0","N","0","0","40 01:19.037","","0","75 04:43.892","0","0","0","0","67301","0","0","0","N","0","0","0","1","67301","0","","6.0","","9","N","N","N","0","","0","0","2","0","0","","1929","2","0","1","0","0","0","0","2","0","2","0","0","0","7","04","","N","","","","","","","","","",""
"2021095721","1830","1","0","0","0","0","0","0","0","0","4","0","","67","10","2021","6","39.969041","-75.216374","1801","6","0","1","0","0","0","0","0","0","","0","0","0","17","1","0","","2","0","39 58:08.547","","0","75 12:58.946","0","0","0","0","67301","0","0","0","N","0","0","0","2","67301","0","","1.0","","1","N","N","N","0","","0","0","0","0","0","","1754","2","0","2","0","0","0","0","2","1","2","0","0","0","3","03","","N","","","","","","","","","",""
"2021100288","0806","0","0","0","0","0","0","0","0","0","7","0","","67","10","2021","4","40.048371","-75.00294","0800","6","0","0","0","0","0","0","0","0","","0","0","0","8","1","1","","3","2","40 02:54.136","1","2","75 00:10.583","3","0","0","0","67301","0","0","0","N","0","0","0","1","67301","0","","4.0","900.0","1","N","N","N","0","","1","0","1","0","0","Y","800","1","1","0","0","0","0","0","2","0","1","0","0","0","3","03","","N","","","","","","","","","",""
"2021101381","1717","1","0","0","0","0","0","0","0","0","1","0","","67","10","2021","7","39.919108","-75.205988","1717","6","0","0","0","0","0","0","1","0","","0","0","0","17","4","1","N","0","0","39 55:08.788","","3","75 12:21.556","3","0","0","0","67301","0","0","0","N","0","0","0","2","67301","0","","1.0","","9","N","N","N","0","","1","0","0","0","0","","1710","2","1","0","0","0","0","0","2","1","2","0","0","0","4","07","","N","","","","","","","","","",""