"CRN","ARRIVAL_TM","AUTOMOBILE_COUNT","BELTED_DEATH_COUNT","BELTED_SUSP_SERIOUS_INJ_COUNT","BICYCLE_COUNT","BICYCLE_DEATH_COUNT","BICYCLE_SUSP_SERIOUS_INJ_COUNT","BUS_COUNT","CHLDPAS_DEATH_COUNT","CHLDPAS_SUSP_SERIOUS_INJ_COUNT","COLLISION_TYPE","COMM_VEH_COUNT","CONS_ZONE_SPD_LIM","COUNTY","CRASH_MONTH","CRASH_YEAR","DAY_OF_WEEK","DEC_LATITUDE","DEC_LONGITUDE","DISPATCH_TM","DISTRICT","DRIVER_COUNT_16YR","DRIVER_COUNT_17YR","DRIVER_COUNT_18YR","DRIVER_COUNT_19YR","DRIVER_COUNT_20YR","DRIVER_COUNT_50_64YR","DRIVER_COUNT_65_74YR","DRIVER_COUNT_75PLUS","EST_HRS_CLOSED","FATAL_COUNT","HEAVY_TRUCK_COUNT","HORSE_BUGGY_COUNT","HOUR_OF_DAY","ILLUMINATION","INJURY_COUNT","INTERSECTION_RELATED","INTERSECT_TYPE","LANE_CLOSED","LATITUDE","LN_CLOSE_DIR","LOCATION_TYPE","LONGITUDE","MAX_SEVERITY_LEVEL","MCYCLE_DEATH_COUNT","MCYCLE_SUSP_SERIOUS_INJ_COUNT","MOTORCYCLE_COUNT","MUNICIPALITY","NONMOTR_COUNT","NONMOTR_DEATH_COUNT","NONMOTR_SUSP_SERIOUS_INJ_COUNT","NTFY_HIWY_MAINT","PED_COUNT","PED_DEATH_COUNT","PED_SUSP_SERIOUS_INJ_COUNT","PERSON_COUNT","POLICE_AGCY","POSSIBLE_INJ_COUNT","RDWY_SURF_TYPE_CD","RELATION_TO_ROAD","ROADWAY_CLEARED","ROAD_CONDITION","SCH_BUS_IND","SCH_ZONE_IND","SECONDARY_CRASH","SMALL_TRUCK_COUNT","SPEC_JURIS_CD","SUSP_MINOR_INJ_COUNT","SUSP_SERIOUS_INJ_COUNT","SUV_COUNT","TCD_FUNC_CD","TCD_TYPE","TFC_DETOUR_IND","TIME_OF_DAY","TOTAL_UNITS","TOT_INJ_COUNT","UNBELTED_OCC_COUNT","UNB_DEATH_COUNT","UNB_SUSP_SERIOUS_INJ_COUNT","UNK_INJ_DEG_COUNT","UNK_INJ_PER_COUNT","URBAN_RURAL","VAN_COUNT","VEHICLE_COUNT","VULNERABLE_ROAD_USER_COUNT","VULNERABLE_ROAD_USER_DEATH_COUNT","VULNERABLE_ROAD_USER_SER_INJ_COUNT","WEATHER1","WEATHER2","WORKERS_PRES","WORK_ZONE_IND","WORK_ZONE_LOC","WORK_ZONE_TYPE","WZ_CLOSE_DETOUR","WZ_FLAGGER","WZ_LAW_OFFCR_IND","WZ_LN_CLOSURE","WZ_MOVING","WZ_OTHER","WZ_SHLDER_MDN","WZ_WORKERS_INJ_KILLED"
"2021128258","1200","2","0","0","0","0","0","0","0","0","4","0","","67","12","2021","7","39.972283","-75.165803","1154","6","0","0","0","0","0","0","0","0","","0","0","0","23","3","0","","1","0","39 58:20.220","","0","75 09:56.891","0","0","0","0","67301","0","0","0","N","0","0","0","3","67301","0","","1.0","","9","N","N","N","0","","0","0","0","3","2","","2320","2","0","0","0","0","0","0","2","0","2","0","0","0","7","","","N","","","","","","","","","",""
"2021100045","1725","2","0","0","0","0","0","0","0","0","4","0","","67","10","2021","7","40.004946","-75.178722","1725","6","0","0","0","0","0","0","0","0","","0","0","0","17","4","5","","5","0","40 00:17.805","","0","75 10:43.398","3","0","0","0","67301","0","0","0","N","0","0","0","6","67301","2","","1.0","","9","N","N","N","0","","3","0","0","3","2","","1704","2","5","0","0","0","0","0","2","0","2","0","0","0","7","","","N","","","","","","","","","",""
"2021102268","1320","2","0","0","0","0","0","0","0","0","4","0","","67","10","2021","1","40.043962","-75.071894","1319","6","0","0","0","0","0","0","0","0","","0","0","0","13","1","2","","1","0","40 02:38.263","","0","75 04:18.818","4","0","0","0","67301","0","0","0","N","0","0","0","2","67301","2","","1.0","","1","N","N","N","0","","0","0","0","3","3","","1315","2","2","0","0","0","0","0","2","0","2","0","0","0","3","","","N","","","","","","","","","",""
"2021106302","1745","1","0","0","0","0","0","0","0","0","8","0","","67","11","2021","4","39.997893","-75.124602","1737","6","0","0","0","0","0","0","0","0","","0","0","0","15","1","1","N","0","0","39 59:52.415","","0","75 07:28.566","4","0","0","0","67301","1","0","0","N","1","0","0","2","67301","1","","4.0","","1","N","N","N","0","","0","0","0","0","0","","1530","2","1","0","0","0","0","0","2","0","1","1","0","0","3","03","","N","","","","","","","","","",""
"2021102130","0225","1","0","0","0","0","0","0","0","0","7","0","","67","10","2021","7","39.995076","-75.077847","0215","6","0","0","0","0","0","0","0","0","","0","0","0","2","3","1","N","0","0","39 59:42.275","","0","75 04:40.250","8","0","0","0","67301","0","0","0","N","0","0","0","1","67301","0","","4.0","","1","N","N","N","0","","0","0","0","0","0","","208","1","1","0","0","0","1","0","2","0","1","0","0","0","3","","","N","","","","","","","","","",""
"2021099353","0452","1","0","0","0","0","0","0","0","0","1","0","","67","10","2021","1","40.035857","-75.077662","0450","6","0","0","0","0","0","0","0","0","","0","0","0","4","3","2","","1","0","40 02:09.085","","0","75 04:39.583","3","0","0","0","67301","0","0","0","N","0","0","0","3","67301","0","","1.0","","1","N","N","N","0","","2","0","1","3","2","","448","2","2","2","0","0","0","1","2","0","2","0","0","0","3","","","N","","","","","","","","","",""
"2021101346","0205","1","0","0","0","0","0","0","0","0","5","0","","67","10","2021","1","39.901314","-75.140131","0205","6","0","0","0","0","0","0","0","0","","0","0","0","1","6","0","N","0","0","39 54:04.730","","0","75 08:24.470","0","0","0","0","67301","0","0","0","N","0","0","0","2","67301","0","","1.0","","99","N","N","N","0","","0","0","0","0","0","","111","2","0","0","0","0","0","0","2","0","2","0","0","0","3","","","N","","","","","","","","","",""
"2021102129","0553","3","0","0","0","0","0","0","0","0","5","0","","67","10","2021","1","40.055924","-75.074205","0553","6","0","0","0","0","0","0","0","0","","0","0","0","5","3","0","N","0","2","40 03:21.326","6","0","75 04:27.139","9","0","0","0","67301","0","0","0","N","0","0","0","3","67301","0","","6.0","650.0","1","N","N","Y","0","","0","0","0","0","0","N","553","4","0","0","0","0","0","1","2","1","4","0","0","0","3","","","N","","","","","","","","","",""
"2021125274","2018","1","0","0","0","0","0","0","0","0","4","0","","67","12","2021","3","39.979057","-75.120408","2012","6","0","0","0","0","0","1","0","0","","0","0","0","20","4","1","","1","0","39 58:44.605","","0","75 07:13.468","4","0","0","0","67301","0","0","0","N","0","0","0","2","67301","1","","1.0","","1","N","N","Y","1","","0","0","2","3","3","","2009","4","1","0","0","0","0","0","2","0","4","0","0","0","3","","","N","","","","","","","","","",""
"2021126442","0857","0","0","0","0","0","0","0","0","0","8","0","","67","12","2021","2","40.001107","-75.124741","0855","6","0","0","0","0","0","0","0","0","","1","0","0","7","5","0","","1","0","40 00:03.985","","0","75 07:29.066","1","0","0","0","67301","1","1","0","N","1","1","0","2","67301","0","2","1.0","","1","N","N","N","0","0","0","0","0","3","2","","730","2","0","0","0","0","0","1","2","0","1","1","1","0","3","","","N","","","","","","","","","",""
"2021125484","2155","0","0","0","0","0","0","0","0","0","1","0","","67","12","2021","6","40.036999","-75.040326","2155","6","0","0","0","0","0","1","0","0","","0","0","0","21","3","1","N","0","0","40 02:13.197","","0","75 02:25.172","2","0","0","0","67301","0","0","0","N","0","0","0","5","67301","0","","1.0","","1","N","N","N","0","","0","1","2","0","0","","2151","2","1","0","0","0","0","0","2","0","2","0","0","0","3","03","","N","","","","","","","","","",""
"2021098610","0617","2","0","0","0","0","0","0","0","0","5","0","","67","10","2021","1","40.060673","-75.082572","0610","6","0","0","0","0","0","2","0","0","","0","0","0","6","3","0","N","0","0","40 03:38.423","","0","75 04:57.260","0","0","0","0","67301","0","0","0","N","0","0","0","4","67301","0","","1.0","","1","N","N","N","0","","0","0","1","3","2","","600","3","0","0","0","0","0","0","2","0","3","0","0","0","4","04","","N","","","","","","","","","",""
"2021101563","1742","2","0","0","0","0","0","0","0","0","4","0","","67","10","2021","1","39.993309","-75.186024","1740","6","0","0","0","0","0","0","0","0","","0","0","0","14","1","1","","1","0","39 59:35.912","","0","75 11:09.686","3","0","0","0","67301","0","0","0","N","0","0","0","2","67301","0","","1.0","","1","N","N","N","0","","1","0","0","3","2","","1430","2","1","1","0","0","0","1","2","0","2","0","0","0","3","03","","N","","","","","","","","","",""
"2021127212","","1","0","0","0","0","0","0","0","0","4","0","","67","10","2021","1","39.972764","-75.227516","","6","0","0","0","0","0","0","0","0","","0","0","0","3","3","1","","1","0","39 58:21.950","","0","75 13:39.057","8","0","0","0","67301","0","0","0","N","0","0","0","2","00000","0","","1.0","","1","N","N","N","1","","0","0","0","3","3","","330","2","1","0","0","0","1","0","2","0","2","0","0","0","3","","","N","","","","","","","","","",""
"2021099633","1455","2","0","0","0","0","0","0","0","0","1","0","","67","10","2021","2","39.924369","-75.169611","1453","6","0","0","0","0","0","1","1","1","","0","0","0","14","1","2","","1","0","39 55:27.728","","0","75 10:10.600","3","0","0","0","67301","0","0","0","N","0","0","0","3","67301","0","","1.0","","1","N","N","N","0","","2","0","1","3","2","","1436","3","2","0","0","0","0","0","2","0","3","0","0","0","4","04","","N","","","","","","","","","",""
"2021099414","2030","1","0","0","0","0","0","0","0","0","4","0","","67","10","2021","1","39.986524","-75.157896","2030","6","0","0","0","0","0","0","0","0","","0","0","0","20","3","0","","1","0","39 59:11.485","","0","75 09:28.427","9","0","0","0","67301","0","0","0","N","0","0","0","2","67301","0","","1.0","","1","N","N","N","0","","0","0","1","3","2","","2029","2","0","1","0","0","0","1","2","0","2","0","0","0","3","03","","N","","","","","","","","","",""
"2021122991","0011","0","0","0","0","0","0","0","0","0","1","0","","67","12","2021","7","40.118469","-75.006964","2358","6","0","0","0","0","0","0","0","0","","0","0","0","22","3","0","N","0","0","40 07:06.490","","0","75 00:25.070","0","0","0","0","67301","0","0","0","N","0","0","0","2","67301","0","","1.0","","9","N","N","N","0","","0","0","2","0","0","","2255","2","0","0","0","0","0","0","2","0","2","0","0","0","3","03","","N","","","","","","","","","",""
"2021108603","1935","2","0","0","0","0","0","0","0","0","4","0","","67","11","2021","2","39.920999","-75.163423","1927","6","0","0","0","0","0","0","0","0","","0","0","0","19","3","0","","1","0","39 55:15.596","","0","75 09:48.322","0","0","0","0","67301","0","0","0","N","0","0","0","2","67301","0","","1.0","","1","N","N","N","0","","0","0","1","3","3","","1925","3","0","0","0","0","0","0","2","0","3","0","0","0","3","","","N","","","","","","","","","",""
"2021125370","0100","3","0","0","0","0","0","0","0","0","2","0","","67","12","2021","4","39.957472","-75.241703","0053","6","0","0","0","0","0","0","0","0","","0","0","0","0","3","0","N","0","0","39 57:26.900","","0","75 14:30.130","0","0","0","0","67301","0","0","0","N","0","0","0","1","67301","0","","6.0","","9","N","N","N","0","","0","0","0","0","0","","51","3","0","0","0","0","0","0","2","0","3","0","0","0","7","07","","N","","","","","","","","","",""
"2021102963","0346","1","0","0","0","0","0","0","0","0","1","0","","67","10","2021","2","39.998768","-75.131259","0345","6","0","0","0","0","0","1","0","0","","0","0","0","18","1","3","","1","0","39 59:55.564","","0","75 07:52.533","8","0","0","0","67301","0","0","0","N","0","0","0","4","67301","0","","1.0","","99","N","N","N","1","","0","0","0","3","2","","1835","2","3","0","0","0","3","0","2","0","2","0","0","0","3","03","","N","","","","","","","","","",""
"2021104291","1745","0","0","0","0","0","0","0","0","0","8","0","","67","10","2021","1","40.016855","-75.149585","1745","6","0","0","0","0","0","0","0","0","","0","0","0","21","3","1","","1","0","40 01:00.679","","0","75 08:58.505","3","0","0","0","67301","1","0","0","N","1","0","0","2","67301","0","","1.0","","99","N","N","N","0","","1","0","0","3","2","","2100","2","1","0","0","0","0","1","2","0","1","1","0","0","99","","","N","","","","","","","","","",""
"2021102099","1820","0","0","0","0","0","0","0","0","0","1","0","","67","10","2021","1","39.98469","-75.236826","1743","6","0","0","0","0","0","0","0","0","","0","0","0","15","1","1","","2","0","39 59:04.885","","0","75 14:12.573","3","0","0","0","67301","0","0","0","N","0","0","0","3","67301","0","","1.0","","1","N","N","N","0","","1","0","2","0","0","","1545","2","1","0","0","0","0","0","2","0","2","0","0","0","3","03","","N","","","","","","","","","",""
"2021102146","1916","1","0","0","0","0","0","0","0","0","4","0","","67","10","2021","2","39.97359","-75.209532","1910","6","0","0","0","0","0","0","0","0","","0","0","0","18","3","0","N","0","0","39 58:24.923","","0","75 12:34.314","0","0","0","0","67301","0","0","0","N","0","0","0","1","67301","0","","1.0","","9","N","N","N","0","","0","0","0","0","0","","1834","2","0","0","0","0","0","0","2","1","2","0","0","0","7","07","","N","","","","","","","","","",""
"2021126247","0445","0","0","0","0","0","0","1","0","0","5","1","","67","12","2021","2","40.044562","-75.144627","0440","6","0","0","0","0","0","1","0","0","","0","0","0","4","3","1","","1","0","40 02:40.423","","0","75 08:40.657","8","0","0","0","67301","0","0","0","N","0","0","0","3","67508","0","","1.0","","1","N","N","Y","1","","0","0","0","3","2","","445","2","1","0","0","0","1","0","2","0","2","0","0","0","3","03","","N","","","","","","","","","",""
"2021127166","0029","1","0","0","0","0","0","0","0","0","4","0","","67","12","2021","2","40.05195","-75.179628","0025","6","0","0","0","0","0","1","0","0","","0","0","0","23","3","0","","1","0","40 03:07.021","","0","75 10:46.660","0","0","0","0","67301","0","0","0","N","0","0","0","2","67301","0","","1.0","","9","N","N","N","0","","0","0","1","0","0","","2344","2","0","0","0","0","0","0","2","0","2","0","0","0","7","07","","N","","","","","","","","","",""
"2021124901","1256","0","0","0","0","0","0","0","0","0","4","0","","67","12","2021","1","39.996769","-75.139869","1255","6","0","0","0","0","0","0","0","0","","0","0","0","10","1","1","","1","0","39 59:48.368","","0","75 08:23.528","3","0","0","1","67301","0","0","0","N","0","0","0","2","67301","0","","1.0","","1","N","N","N","0","","1","0","0","3","3","","1037","2","1","0","0","0","0","0","2","1","2","0","0","0","3","","","N","","","","","","","","","",""
"2021102441","1300","0","0","0","0","0","0","0","0","0","8","0","","67","10","2021","5","39.9067","-75.183391","1254","6","0","0","0","0","0","0","0","0","","0","0","0","12","1","1","","2","0","39 54:24.119","","0","75 11:00.207","4","0","0","0","67301","1","0","0","N","1","0","0","2","67301","1","","1.0","","1","N","N","N","0","","0","0","1","3","2","","1220","2","1","1","0","0","0","0","2","0","1","1","0","0","3","04","","N","","","","","","","","","",""
"2021101541","1910","0","0","0","0","0","0","0","0","0","8","0","","67","10","2021","1","40.016866","-75.149475","1910","6","0","0","0","0","0","0","0","0","","0","0","0","19","3","1","","1","1","40 01:00.719","1","0","75 08:58.111","8","0","0","0","67301","1","0","0","N","1","0","0","2","67505","0","","1.0","1915.0","1","N","N","N","0","","0","0","0","3","2","N","1900","2","1","0","0","0","1","0","2","0","1","1","0","0","3","03","","N","","","","","","","","","",""
"2021100617","0640","2","0","0","0","0","0","0","0","0","5","0","","67","10","2021","3","40.069795","-75.069548","0639","6","0","0","0","0","0","0","0","0","","0","0","0","6","5","0","N","0","1","40 04:11.262","6","0","75 04:10.371","0","0","0","0","67301","0","0","0","N","0","0","0","1","67301","0","","6.0","655.0","1","N","N","N","0","","0","0","1","0","0","N","610","4","0","1","0","0","0","0","2","1","4","0","0","0","3","03","","N","","","","","","","","","",""
"2021101166","0825","1","0","0","0","0","0","1","0","0","4","1","","67","10","2021","5","39.984824","-75.177678","0820","6","0","0","0","0","0","1","0","0","","0","0","0","8","1","0","","1","0","39 59:05.366","","0","75 10:39.640","0","0","0","0","67301","0","0","0","N","0","0","0","2","67301","0","","1.0","","1","Y","N","N","0","","0","0","0","3","2","","810","2","0","1","0","0","0","0","2","0","2","0","0","0","3","03","","N","","","","","","","","","",""
"2021104140","0905","3","0","0","0","0","0","0","0","0","1","0","","67","10","2021","5","40.053919","-75.049215","0853","6","0","0","0","0","0","1","0","0","","0","0","0","8","1","0","N","0","2","40 03:14.107","2","0","75 02:57.173","0","0","0","0","67301","0","0","0","N","0","0","0","3","67301","0","","1.0","925.0","1","N","N","N","0","","0","0","0","0","0","Y","852","3","0","0","0","0","0","0","2","0","3","0","0","0","3","","","N","","","","","","","","","",""
"2021126854","2120","2","0","0","0","0","0","0","0","0","5","0","","67","12","2021","1","40.042507","-75.025091","2114","6","0","0","0","1","0","0","0","0","","0","0","0","21","3","0","N","0","1","40 02:33.024","1","0","75 01:30.329","9","0","0","0","67301","0","0","0","N","0","0","0","2","67301","0","","1.0","20.0","1","N","N","N","0","","0","0","3","0","0","Y","2114","5","0","0","0","0","0","1","2","0","5","0","0","0","3","03","","N","","","","","","","","","",""
"2021126252","1240","1","0","0","0","0","0","0","0","0","4","0","","67","12","2021","5","39.978946","-75.182514","1236","6","0","0","0","0","0","0","1","0","","0","0","0","12","1","1","","1","0","39 58:44.204","","0","75 10:57.052","3","0","0","0","67301","0","0","0","N","0","0","0","2","67301","0","","1.0","","1","N","N","N","0","","1","0","0","3","2","","1230","2","1","1","0","0","0","0","2","1","2","0","0","0","3","03","","N","","","","","","","","","",""
"2021124641","1530","1","0","0","0","0","0","0","0","0","4","0","","67","12","2021","1","40.017997","-75.172739","1530","6","0","0","0","0","0","0","0","0","","0","0","0","15","1","1","","2","1","40 01:04.790","1","0","75 10:21.860","3","0","0","0","67301","0","0","0","N","0","0","0","2","67301","0","","1.0","1702.0","1","N","N","N","0","","1","0","1","0","0","N","1530","2","1","2","0","0","0","0","2","0","2","0","0","0","3","03","","N","","","","","","","","","",""
"2021103588","0559","0","0","0","0","0","0","0","0","0","8","0","","67","10","2021","2","40.040219","-75.031293","0557","6","0","0","0","0","0","0","0","0","","0","0","0","5","3","1","","2","0","40 02:24.789","","0","75 01:52.656","3","0","0","0","67301","1","0","0","N","1","0","0","2","67301","0","","1.0","","1","N","N","N","0","","1","0","1","3","2","","555","2","1","0","0","0","0","0","2","0","1","1","0","0","3","","","N","","","","","","","","","",""
"2021126874","1215","2","0","0","0","0","0","0","0","0","4","0","","67","12","2021","1","39.98665","-75.146442","1215","6","0","0","0","0","0","1","0","0","","0","0","0","10","1","0","","1","0","39 59:11.940","","0","75 08:47.191","9","0","0","0","67301","0","0","0","N","0","0","0","2","67301","0","","1.0","","99","N","N","N","0","","0","0","0","3","3","","1015","2","0","2","0","0","0","2","2","0","2","0","0","0","99","","","N","","","","","","","","","",""
"2021127398","1130","0","0","0","0","0","0","0","0","0","4","0","","67","12","2021","2","40.10289","-74.97677","1125","6","0","0","0","0","0","0","0","0","","0","0","0","11","1","0","","1","1","40 06:10.403","2","0","74 58:36.371","9","0","0","0","67301","0","0","0","N","0","0","0","1","67301","0","","1.0","1208.0","1","N","N","N","0","","0","0","2","3","3","Y","1120","2","0","0","0","0","0","1","2","0","2","0","0","0","4","","","N","","","","","","","","","",""
"2021100047","2000","1","0","0","0","0","0","0","0","0","4","0","","67","10","2021","1","40.008407","-75.163131","2000","6","0","0","0","0","0","0","0","0","","0","0","0","12","1","3","","1","0","40 00:30.265","","0","75 09:47.271","8","0","0","0","67301","0","0","0","N","0","0","0","7","67301","0","","1.0","","1","N","N","N","0","","0","0","1","3","3","","1240","2","3","0","0","0","3","0","2","0","2","0","0","0","3","03","","N","","","","","","","","","",""
"2021100279","0728","0","0","0","0","0","0","0","0","0","4","0","","67","10","2021","4","39.912058","-75.150517","0726","6","0","0","0","0","0","1","0","0","","0","0","0","5","3","0","","2","2","39 54:43.410","3","2","75 09:01.860","0","0","0","0","67301","0","0","0","N","0","0","0","2","67301","0","","1.0","946.0","1","N","N","N","0","","0","0","2","3","2","N","521","2","0","0","0","0","0","0","2","0","2","0","0","0","3","","","N","","","","","","","","","",""
"2021100044","1620","2","0","0","0","0","0","0","0","0","4","0","","67","10","2021","7","40.003105","-75.177252","1615","6","0","0","0","0","0","1","0","0","","0","0","0","16","1","1","","1","0","40 00:11.177","","0","75 10:38.108","3","0","0","0","67301","0","0","0","N","0","0","0","2","67301","0","","1.0","","1","N","N","N","0","","1","0","0","3","2","","1612","2","1","0","0","0","0","0","2","0","2","0","0","0","4","04","","N","","","","","","","","","",""
"2021128620","0802","1","0","0","0","0","0","0","0","0","4","0","","67","12","2021","5","40.058201","-75.2339","0801","6","0","0","0","0","0","0","0","0","","0","0","0","7","1","2","N","0","0","40 03:29.525","","0","75 14:02.041","8","0","0","0","67301","0","0","0","N","0","0","0","3","67301","0","","1.0","","1","N","N","N","0","","0","0","1","0","0","","755","2","2","0","0","0","2","0","2","0","2","0","0","0","3","03","","N","","","","","","","","","",""
"2021099850","1220","0","0","0","0","0","0","0","0","0","5","0","","67","10","2021","3","40.014872","-75.156199","1220","6","0","0","0","0","0","1","0","0","","0","0","0","12","1","0","N","0","0","40 00:53.540","","0","75 09:22.318","0","0","0","0","67301","0","0","0","N","0","0","0","3","67301","0","","1.0","","1","N","Y","N","1","","0","0","0","0","0","","1220","2","0","0","0","0","0","0","2","1","2","0","0","0","3","03","","N","","","","","","","","","",""
"2021100040","1958","2","0","0","0","0","0","0","0","0","5","0","","67","10","2021","2","39.968872","-75.245736","1958","6","0","0","0","0","0","1","0","0","","0","0","0","19","3","1","N","0","2","39 58:07.940","6","0","75 14:44.650","8","0","0","0","67301","0","0","0","N","0","0","0","4","67301","0","","6.0","150.0","1","N","N","N","2","","0","0","4","0","0","Y","1955","8","1","0","0","0","1","0","2","0","8","0","0","0","3","03","","N","","","","","","","","","",""
"2021123484","0201","2","0","0","0","0","0","0","0","0","5","0","","67","12","2021","6","40.067317","-75.150039","0154","6","0","0","0","0","0","0","0","0","","0","0","0","1","3","1","N","0","0","40 04:02.340","","0","75 09:00.140","3","0","0","0","67301","0","0","0","N","0","0","0","1","67301","0","","6.0","","1","N","N","N","0","","1","0","0","0","0","","149","2","1","0","0","0","0","0","2","0","2","0","0","0","3","","","N","","","","","","","","","",""
"2021101472","1655","1","0","0","0","0","0","0","0","0","4","0","","67","10","2021","7","40.094644","-75.015196","1640","6","0","0","0","0","1","1","0","0","","0","0","0","16","1","0","","1","1","40 05:40.718","1","0","75 00:54.707","0","0","0","0","67301","0","0","0","N","0","0","0","2","67301","0","","1.0","1710.0","9","N","N","N","0","","0","0","1","3","2","Y","1635","2","0","0","0","0","0","0","2","0","2","0","0","0","7","07","","N","","","","","","","","","",""
"2021101326","0053","3","0","0","0","0","0","0","0","0","5","0","","67","10","2021","1","40.030811","-75.132783","0050","6","0","0","0","0","0","0","0","0","","0","0","0","0","3","0","N","0","2","40 01:50.920","2","0","75 07:58.020","0","0","0","0","67301","0","0","0","N","0","0","0","1","67301","0","","6.0","215.0","1","N","N","N","0","","0","0","4","0","0","Y","49","8","0","0","0","0","0","0","2","1","8","0","0","0","3","03","","N","","","","","","","","","",""
"2021095205","1214","0","0","0","0","0","0","0","0","0","1","0","","67","10","2021","3","40.058816","-75.131676","1208","6","0","0","0","0","1","1","0","0","","0","0","0","12","1","3","","2","1","40 03:31.739","4","0","75 07:54.035","3","0","0","0","67301","0","0","0","N","0","0","0","4","46102","1","","1.0","1250.0","1","N","N","N","0","","2","0","3","0","0","N","1205","4","3","0","0","0","0","0","2","1","4","0","0","0","4","","","N","","","","","","","","","",""
"2021101220","1759","0","0","0","0","0","0","0","0","0","8","0","","67","10","2021","5","39.921483","-75.147291","1750","6","0","0","0","0","0","0","0","0","","0","0","0","17","1","2","","1","0","39 55:17.340","","0","75 08:50.248","3","0","0","0","67301","1","0","0","N","1","0","0","2","67301","0","","1.0","","1","N","N","N","0","","2","0","0","3","3","","1748","2","2","1","0","0","0","0","2","1","1","1","0","0","3","03","","N","","","","","","","","","",""
"2021125689","2159","1","0","0","0","0","0","0","0","0","0","0","","67","12","2021","4","39.906972","-75.139222","2159","6","0","0","0","0","0","0","0","0","","0","0","0","21","3","0","N","0","2","39 54:25.100","4","3","75 08:21.200","0","0","0","0","67301","0","0","0","N","0","0","0","2","67501","0","","1.0","2201.0","1","N","N","N","1","","0","0","0","0","0","N","2159","2","0","0","0","0","0","0","2","0","2","0","0","0","3","","","N","","","","","","","","","",""
"2021099547","1619","1","0","0","1","0","0","0","0","0","8","0","","67","10","2021","3","39.982389","-75.15325","1617","6","0","0","0","0","0","0","0","0","","0","0","0","15","1","1","N","0","0","39 58:56.600","","0","75 09:11.700","8","0","0","0","67301","1","0","0","N","0","0","0","2","67505","0","","1.0","","1","N","N","N","0","","0","0","0","0","0","","1544","2","1","0","0","0","1","1","2","0","1","1","0","0","3","03","","N","","","","","","","","","",""
"2021101586","1815","0","0","0","0","0","0","0","0","0","1","0","","67","10","2021","1","39.919992","-75.155464","1809","6","0","0","0","0","0","1","0","0","","0","0","0","15","1","1","N","0","0","39 55:11.970","","0","75 09:19.670","3","0","0","1","67301","0","0","0","N","0","0","0","1","67301","0","","6.0","","1","N","N","N","0","","1","0","1","0","0","","1541","2","1","0","0","0","0","0","2","0","2","0","0","0","3","","","N","","","","","","","","","",""
"2021100832","2144","1","0","0","0","0","0","0","0","0","4","0","","67","10","2021","5","40.018502","-75.057627","2135","6","0","0","1","0","0","0","0","0","","0","0","0","21","3","1","","1","0","40 01:06.607","","0","75 03:27.456","8","0","0","0","67301","0","0","0","N","0","0","0","2","67301","0","","1.0","","1","N","N","N","0","","0","0","1","3","2","","2112","2","1","2","0","0","1","0","2","0","2","0","0","0","3","03","","N","","","","","","","","","",""
"2021126436","0944","2","0","0","0","0","0","0","0","0","4","0","","67","12","2021","6","39.91225","-75.244613","0941","6","0","0","0","0","0","0","0","0","","0","0","0","9","1","1","","2","0","39 54:44.101","","0","75 14:40.607","3","0","0","0","67301","0","0","0","N","0","0","0","2","67301","0","","1.0","","1","N","N","N","0","","1","0","0","3","3","","940","2","1","2","0","0","0","0","2","0","2","0","0","0","3","03","","N","","","","","","","","","",""
"2021116846","0747","1","0","0","0","0","0","0","0","0","4","0","","67","12","2021","4","40.058751","-75.050583","0741","6","0","0","0","0","0","0","0","0","","0","0","0","7","1","0","","1","0","40 03:31.504","","0","75 03:02.099","0","0","0","0","67301","0","0","0","N","0","0","0","2","67301","0","","1.0","","1","N","N","N","1","","0","0","0","3","3","","710","2","0","0","0","0","0","0","2","0","2","0","0","0","3","03","","N","","","","","","","","","",""
"2021101019","1215","2","0","0","0","0","0","0","0","0","4","0","","67","9","2021","7","40.012329","-75.13865","1215","6","0","0","0","0","0","0","0","0","","0","0","0","23","3","0","","1","0","40 00:44.384","","0","75 08:19.139","0","0","0","0","67301","0","0","0","N","0","0","0","2","67301","0","","1.0","","1","N","N","N","0","","0","0","0","3","3","","2315","2","0","0","0","0","0","0","2","0","2","0","0","0","3","03","","N","","","","","","","","","",""
"2021125696","0241","1","0","0","0","0","0","0","0","0","7","0","","67","12","2021","1","39.945404","-75.179736","0237","6","0","0","0","0","0","0","0","0","","0","0","0","2","3","4","","1","0","39 56:43.455","","0","75 10:47.049","4","0","0","0","67301","0","0","0","N","0","0","0","4","67301","4","","5.0","","9","N","N","N","0","","0","0","0","3","2","","233","2","4","0","0","0","0","0","2","0","1","0","0","0","7","","","N","","","","","","","","","",""
"2021119674","1840","1","0","0","0","0","0","0","0","0","5","0","","67","12","2021","1","40.061639","-75.141472","1840","6","0","0","0","0","0","0","0","0","","0","0","0","22","6","0","N","0","0","40 03:41.900","","0","75 08:29.300","9","0","0","0","67301","0","0","0","N","0","0","0","1","67301","0","","6.0","","99","N","N","N","0","","0","0","0","0","0","","2230","2","0","0","0","0","0","1","2","0","2","0","0","0","99","","","N","","","","","","","","","",""