"CRN","ARRIVAL_TM","AUTOMOBILE_COUNT","BELTED_DEATH_COUNT","BELTED_SUSP_SERIOUS_INJ_COUNT","BICYCLE_COUNT","BICYCLE_DEATH_COUNT","BICYCLE_SUSP_SERIOUS_INJ_COUNT","BUS_COUNT","CHLDPAS_DEATH_COUNT","CHLDPAS_SUSP_SERIOUS_INJ_COUNT","COLLISION_TYPE","COMM_VEH_COUNT","CONS_ZONE_SPD_LIM","COUNTY","CRASH_MONTH","CRASH_YEAR","DAY_OF_WEEK","DEC_LATITUDE","DEC_LONGITUDE","DISPATCH_TM","DISTRICT","DRIVER_COUNT_16YR","DRIVER_COUNT_17YR","DRIVER_COUNT_18YR","DRIVER_COUNT_19YR","DRIVER_COUNT_20YR","DRIVER_COUNT_50_64YR","DRIVER_COUNT_65_74YR","DRIVER_COUNT_75PLUS","EST_HRS_CLOSED","FATAL_COUNT","HEAVY_TRUCK_COUNT","HORSE_BUGGY_COUNT","HOUR_OF_DAY","ILLUMINATION","INJURY_COUNT","INTERSECTION_RELATED","INTERSECT_TYPE","LANE_CLOSED","LATITUDE","LN_CLOSE_DIR","LOCATION_TYPE","LONGITUDE","MAX_SEVERITY_LEVEL","MCYCLE_DEATH_COUNT","MCYCLE_SUSP_SERIOUS_INJ_COUNT","MOTORCYCLE_COUNT","MUNICIPALITY","NONMOTR_COUNT","NONMOTR_DEATH_COUNT","NONMOTR_SUSP_SERIOUS_INJ_COUNT","NTFY_HIWY_MAINT","PED_COUNT","PED_DEATH_COUNT","PED_SUSP_SERIOUS_INJ_COUNT","PERSON_COUNT","POLICE_AGCY","POSSIBLE_INJ_COUNT","RDWY_SURF_TYPE_CD","RELATION_TO_ROAD","ROADWAY_CLEARED","ROAD_CONDITION","SCH_BUS_IND","SCH_ZONE_IND","SECONDARY_CRASH","SMALL_TRUCK_COUNT","SPEC_JURIS_CD","SUSP_MINOR_INJ_COUNT","SUSP_SERIOUS_INJ_COUNT","SUV_COUNT","TCD_FUNC_CD","TCD_TYPE","TFC_DETOUR_IND","TIME_OF_DAY","TOTAL_UNITS","TOT_INJ_COUNT","UNBELTED_OCC_COUNT","UNB_DEATH_COUNT","UNB_SUSP_SERIOUS_INJ_COUNT","UNK_INJ_DEG_COUNT","UNK_INJ_PER_COUNT","URBAN_RURAL","VAN_COUNT","VEHICLE_COUNT","VULNERABLE_ROAD_USER_COUNT","VULNERABLE_ROAD_USER_DEATH_COUNT","VULNERABLE_ROAD_USER_SER_INJ_COUNT","WEATHER1","WEATHER2","WORKERS_PRES","WORK_ZONE_IND","WORK_ZONE_LOC","WORK_ZONE_TYPE","WZ_CLOSE_DETOUR","WZ_FLAGGER","WZ_LAW_OFFCR_IND","WZ_LN_CLOSURE","WZ_MOVING","WZ_OTHER","WZ_SHLDER_MDN","WZ_WORKERS_INJ_KILLED"
"2021118773","0905","0","0","0","0","0","0","0","0","0","1","0","","67","12","2021","1","40.057794","-75.008743","0903","6","0","0","0","0","0","0","0","0","","0","0","0","8","1","0","","1","0","40 03:28.059","","0","75 00:31.473","0","0","0","0","67301","0","0","0","N","0","0","0","3","67301","0","","1.0","","1","N","N","N","0","","0","0","2","3","4","","855","2","0","0","0","0","0","0","2","0","2","0","0","0","3","03","","N","","","","","","","","","",""
"2021127583","0550","1","0","0","1","0","0","0","0","0","8","0","","67","7","2021","4","40.03025","-75.22975","0545","6","0","0","0","0","0","0","0","0","","0","0","0","5","3","1","N","0","0","40 01:48.900","","0","75 13:47.100","3","0","0","0","67301","1","0","0","N","0","0","0","2","67301","0","","1.0","","1","N","N","N","0","","1","0","0","0","0","","540","2","1","0","0","0","0","0","2","0","1","1","0","0","3","03","","N","","","","","","","","","",""
"2021102837","2231","1","0","0","0","0","0","0","0","0","8","0","","67","10","2021","2","40.01384","-75.12598","2229","6","0","0","0","0","0","0","0","0","","0","0","0","22","3","1","","1","0","40 00:49.824","","0","75 07:33.527","3","0","0","0","67301","1","0","0","N","1","0","0","2","67301","0","","1.0","","1","N","N","N","0","","1","0","0","3","2","","2215","2","1","0","0","0","0","0","2","0","1","1","0","0","3","","","N","","","","","","","","","",""
"2021123120","","0","0","0","0","0","0","0","0","0","1","0","","67","10","2021","7","39.957874","-75.161866","","6","0","0","0","0","0","1","0","0","","0","0","0","11","1","4","N","0","0","39 57:28.345","","0","75 09:42.718","8","0","0","0","67301","0","0","0","N","0","0","0","5","00000","0","","1.0","","1","N","N","N","0","","0","0","1","0","0","","1101","2","4","0","0","0","4","0","2","0","2","0","0","0","3","","","N","","","","","","","","","",""
"2021120142","1551","1","0","0","0","0","0","0","0","0","1","0","","67","12","2021","1","40.047881","-75.14354","1551","6","0","0","0","0","0","0","0","0","","0","0","0","16","1","1","Y","0","0","40 02:52.371","","0","75 08:36.743","3","0","0","0","67301","0","0","0","N","0","0","0","3","67301","0","","1.0","","99","N","N","N","2","","1","0","0","3","2","","1615","3","1","0","0","0","0","0","2","0","3","0","0","0","99","","","N","","","","","","","","","",""
"2021084713","2221","2","0","0","0","0","0","0","0","0","4","0","","67","9","2021","2","39.923674","-75.17965","2220","6","0","0","0","0","0","0","0","0","","0","0","0","22","3","1","","1","0","39 55:25.227","","0","75 10:46.739","3","0","0","0","67301","0","0","0","N","0","0","0","3","67301","0","","1.0","","9","N","N","N","1","","1","0","0","3","2","","2215","3","1","3","0","0","0","0","2","0","3","0","0","0","3","03","","N","","","","","","","","","",""
"2021084829","1104","1","0","0","0","0","0","0","0","0","4","0","","67","9","2021","4","39.920547","-75.244264","1104","6","0","0","0","0","0","0","0","0","","0","0","0","10","1","1","","1","0","39 55:13.969","","0","75 14:39.350","4","0","0","0","67301","0","0","0","N","0","0","0","2","67301","1","","1.0","","1","N","N","N","0","","0","0","1","3","3","","1033","2","1","0","0","0","0","0","2","0","2","0","0","0","3","","","N","","","","","","","","","",""
"2021128224","2140","0","0","0","0","0","0","0","0","0","7","0","","67","12","2021","7","40.040302","-75.006076","2135","6","0","0","0","0","0","0","0","0","","0","0","0","21","3","0","N","0","0","40 02:25.088","","0","75 00:21.872","0","0","0","0","67301","0","0","0","N","0","0","0","1","68K01","0","","2.0","","9","N","N","N","0","","0","0","1","0","0","","2135","1","0","0","0","0","0","0","2","0","1","0","0","0","3","03","","N","","","","","","","","","",""
"2021119292","1245","1","0","0","0","0","0","0","0","0","8","0","","67","12","2021","2","39.974716","-75.198398","1237","6","0","0","0","0","0","0","0","0","","0","0","0","12","1","1","","2","1","39 58:28.976","4","2","75 11:54.231","3","0","0","0","67301","1","0","0","N","0","0","0","2","67301","0","","1.0","1330.0","1","N","N","N","0","","1","0","0","3","2","N","1235","2","1","0","0","0","0","0","2","0","1","1","0","0","3","","","N","","","","","","","","","",""
"2021128175","1337","1","0","0","0","0","0","0","0","0","1","0","","67","12","2021","1","39.958861","-75.170734","1325","6","0","0","1","0","0","1","0","0","","0","1","0","13","1","0","N","0","1","39 57:31.900","3","0","75 10:14.643","9","0","0","0","67301","0","0","0","N","0","0","0","5","68K01","0","","1.0","1340.0","1","N","N","N","0","","0","0","0","0","0","N","1322","3","0","0","0","0","0","1","2","0","3","0","0","0","3","","","N","","","","","","","","","",""
"2021119290","0930","0","0","0","0","0","0","0","0","0","8","0","","67","12","2021","2","39.923095","-75.159735","0920","6","0","0","0","0","0","0","0","0","","0","0","0","9","1","1","","1","0","39 55:23.141","","0","75 09:35.045","3","0","0","0","67301","1","0","0","N","1","0","0","2","67301","0","","1.0","","1","N","N","N","0","","1","0","0","3","2","","908","2","1","0","0","0","0","1","2","0","1","1","0","0","3","03","","N","","","","","","","","","",""
"2021083164","1825","1","0","0","0","0","0","0","0","0","4","0","","67","9","2021","6","39.979643","-75.246388","1819","6","0","0","0","0","1","0","0","0","","0","0","0","18","1","1","","2","0","39 58:46.715","","0","75 14:46.998","3","0","0","0","67301","0","0","0","N","0","0","0","3","67301","0","","1.0","","1","N","N","N","0","","1","0","1","3","3","","1818","2","1","0","0","0","0","0","2","0","2","0","0","0","3","03","","N","","","","","","","","","",""
"2021118279","0323","3","0","0","0","0","0","0","0","0","5","0","","67","12","2021","7","39.983194","-75.158639","0322","6","0","0","0","0","0","1","0","0","","0","0","0","3","3","0","N","0","2","39 58:59.500","2","0","75 09:31.100","9","0","0","0","67301","0","0","0","N","0","0","0","1","67505","0","","6.0","410.0","1","N","N","N","0","","0","0","1","0","0","N","318","4","0","0","0","0","0","1","2","0","4","0","0","0","3","03","","N","","","","","","","","","",""
"2021119348","1619","2","0","0","0","0","0","0","0","0","4","0","","67","12","2021","1","39.950707","-75.22886","1613","6","0","0","0","0","0","1","0","0","","0","0","0","14","1","1","","1","0","39 57:02.545","","0","75 13:43.896","3","0","0","0","67301","0","0","0","N","0","0","0","2","67301","0","","1.0","","1","N","N","N","0","","1","0","0","3","2","","1400","2","1","0","0","0","0","1","2","0","2","0","0","0","3","03","","N","","","","","","","","","",""
"2021085693","1836","3","0","0","0","0","0","0","0","0","4","0","","67","9","2021","4","40.037294","-75.047973","1831","6","0","0","0","0","0","0","0","0","","0","0","0","18","1","1","","1","0","40 02:14.258","","0","75 02:52.702","3","0","0","0","67301","0","0","0","N","0","0","0","2","67301","0","","1.0","","1","N","N","N","0","","1","0","0","3","3","","1825","3","1","0","0","0","0","0","2","0","3","0","0","0","3","03","","N","","","","","","","","","",""
"2021084715","1650","0","0","0","0","0","0","0","0","0","1","0","","67","9","2021","2","40.04796","-75.060476","1645","6","0","0","0","0","0","0","0","0","","0","0","0","16","1","0","N","0","1","40 02:52.657","3","0","75 03:37.713","0","0","0","1","67301","0","0","0","N","0","0","0","3","67301","0","","1.0","30.0","1","N","N","N","0","","0","0","1","0","0","Y","1640","2","0","2","0","0","0","0","2","0","2","0","0","0","3","03","","N","","","","","","","","","",""
"2021103135","0202","1","0","0","0","0","0","0","0","0","7","0","","67","10","2021","1","39.955528","-75.148164","0202","6","0","0","0","0","0","0","0","0","","0","0","0","2","3","0","N","0","2","39 57:19.901","4","2","75 08:53.389","0","0","0","0","67301","0","0","0","N","0","0","0","3","67501","0","","3.0","230.0","1","N","N","N","0","","0","0","0","0","0","Y","202","1","0","0","0","0","0","0","2","0","1","0","0","0","3","","","N","","","","","","","","","",""
"2021117310","1320","1","0","0","0","0","0","0","0","0","2","0","","67","11","2021","3","40.015694","-75.140194","1320","6","0","0","0","0","0","0","0","0","","0","0","0","13","1","0","Y","0","0","40 00:56.500","","0","75 08:24.700","0","0","0","0","67301","0","0","0","N","0","0","0","1","67301","0","","6.0","","1","N","N","N","1","","0","0","1","0","0","","1315","4","0","0","0","0","0","0","2","1","4","0","0","0","4","04","","N","","","","","","","","","",""
"2021117308","0535","2","0","0","0","0","0","0","0","0","4","0","","67","11","2021","2","39.970507","-75.234205","0530","6","0","0","0","0","0","1","0","0","","0","0","0","5","3","0","","1","0","39 58:13.825","","0","75 14:03.137","0","0","0","0","67301","0","0","0","N","0","0","0","3","67301","0","","1.0","","1","N","N","N","0","","0","0","1","3","2","","520","3","0","0","0","0","0","0","2","0","3","0","0","0","3","03","","N","","","","","","","","","",""
"2021119321","0750","1","0","0","0","0","0","0","0","0","4","0","","67","11","2021","2","40.054746","-75.151295","0750","6","0","0","0","0","0","0","0","0","","0","0","0","17","1","1","","1","0","40 03:17.085","","0","75 09:04.662","8","0","0","0","67301","0","0","0","N","0","0","0","5","67301","0","","1.0","","1","N","N","N","0","","0","0","1","3","3","","1700","2","1","0","0","0","1","4","2","0","2","0","0","0","3","03","","N","","","","","","","","","",""
"2021119707","1958","2","0","0","0","0","0","0","0","0","4","0","","67","12","2021","1","40.006611","-75.137028","1952","6","0","0","0","0","0","1","0","0","","0","0","0","17","3","1","N","0","0","40 00:23.800","","7","75 08:13.300","8","0","0","0","67301","0","0","0","N","0","0","0","2","67301","0","","1.0","","1","N","N","N","0","","0","0","0","0","0","","1748","2","1","0","0","0","1","0","2","0","2","0","0","0","3","03","","N","","","","","","","","","",""
"2021117976","2306","2","0","0","0","0","0","0","0","0","4","0","","67","12","2021","5","40.104826","-75.001601","2306","6","0","0","0","1","0","0","0","0","","0","0","0","23","3","1","","1","0","40 06:17.372","","0","75 00:05.762","4","0","0","0","67301","0","0","0","N","0","0","0","2","67301","1","","1.0","","1","N","N","N","0","","0","0","0","3","2","","2300","2","1","0","0","0","0","0","2","0","2","0","0","0","3","03","","N","","","","","","","","","",""
"2021116738","1558","1","0","0","0","0","0","0","0","0","7","0","","67","11","2021","3","40.077375","-75.085466","1543","6","0","0","0","0","0","0","0","0","","0","0","0","15","1","1","N","0","0","40 04:38.551","","0","75 05:07.677","3","0","0","0","67301","0","0","0","N","0","0","0","2","67301","0","","4.0","","1","N","N","N","0","","1","0","0","0","0","","1518","1","1","0","0","0","0","0","2","0","1","0","0","0","3","03","","N","","","","","","","","","",""
"2021126441","0825","2","0","0","0","0","0","0","0","0","4","0","","67","12","2021","2","40.010821","-75.126649","0817","6","0","0","0","0","0","0","0","0","","0","0","0","7","1","2","","1","0","40 00:38.955","","0","75 07:35.936","2","0","0","0","67301","0","0","0","N","0","0","0","3","67301","0","","1.0","","1","N","N","N","0","","0","2","0","3","2","","733","2","2","0","0","0","0","0","2","0","2","0","0","0","3","","","N","","","","","","","","","",""
"2021083454","2216","0","0","0","0","0","0","0","0","0","4","0","","67","9","2021","7","39.980538","-75.198043","2211","6","0","0","0","1","0","0","1","0","","0","0","0","21","3","0","","2","0","39 58:49.935","","0","75 11:52.955","0","0","0","0","67301","0","0","0","N","0","0","0","2","67301","0","","1.0","","1","N","N","N","0","","0","0","2","3","2","","2145","2","0","0","0","0","0","0","2","0","2","0","0","0","3","03","","N","","","","","","","","","",""
"2021118172","1740","2","0","0","0","0","0","0","0","0","4","0","","67","12","2021","4","40.013136","-75.156924","1730","6","0","0","0","0","0","0","0","0","","0","0","0","17","4","4","","1","0","40 00:47.289","","0","75 09:24.926","3","0","0","0","67301","0","0","0","N","0","0","0","7","67301","0","","1.0","","1","N","Y","N","1","","4","0","0","3","2","","1700","3","4","0","0","0","0","0","2","0","3","0","0","0","3","03","","N","","","","","","","","","",""
"2021084719","1705","1","0","0","0","0","0","0","0","0","4","0","","67","9","2021","3","40.058141","-75.174302","1655","6","0","0","0","0","0","2","0","0","","0","0","0","16","1","0","","1","0","40 03:29.309","","0","75 10:27.487","0","0","0","0","67301","0","0","0","N","0","0","0","3","67301","0","","1.0","","1","N","N","N","0","","0","0","1","3","2","","1624","2","0","0","0","0","0","0","2","0","2","0","0","0","3","98","","N","","","","","","","","","",""
"2021117363","1950","1","0","0","0","0","0","0","0","0","4","0","","67","12","2021","4","40.066","-75.154644","1945","6","0","0","0","0","0","0","0","0","","0","0","0","19","3","0","","1","0","40 03:57.599","","0","75 09:16.718","9","0","0","0","67301","0","0","0","N","0","0","0","2","67301","0","","1.0","","1","N","N","N","1","","0","0","1","3","3","","1934","3","0","1","0","0","0","1","2","0","3","0","0","0","3","","","N","","","","","","","","","",""
"2021126747","1827","1","0","0","0","0","0","0","0","0","7","0","","67","12","2021","4","39.983168","-75.098711","1807","6","0","0","0","0","0","0","0","0","","0","0","0","18","3","0","N","7","2","39 58:59.403","2","2","75 05:55.361","9","0","0","0","67301","0","0","0","N","0","0","0","1","68K01","0","","7.0","1912.0","1","N","N","N","0","","0","0","0","0","0","Y","1805","1","0","0","0","0","0","1","2","0","1","0","0","0","3","","","N","","","","","","","","","",""
"2021115804","0900","1","0","0","0","0","0","0","0","0","4","0","","67","11","2021","1","39.974796","-75.260796","0858","6","0","0","0","0","1","0","0","0","","0","0","0","8","1","0","","2","0","39 58:29.264","","0","75 15:38.864","0","0","0","0","67301","0","0","0","N","0","0","0","2","67301","0","","1.0","","1","N","N","N","0","","0","0","1","3","3","","843","2","0","0","0","0","0","0","2","0","2","0","0","0","3","03","","N","","","","","","","","","",""
"2021084064","1435","4","0","0","0","0","0","0","0","0","1","0","","67","9","2021","3","39.977581","-75.158179","1430","6","0","0","0","1","0","0","0","0","","0","0","0","14","1","1","N","0","0","39 58:39.290","","0","75 09:29.445","3","0","0","0","67301","0","0","0","N","0","0","0","2","67505","0","","6.0","","1","N","N","Y","0","","1","0","0","0","0","","1420","4","1","0","0","0","0","0","2","0","4","0","0","0","3","03","","N","","","","","","","","","",""
"2021125821","0953","1","0","0","0","0","0","0","0","0","4","1","","67","12","2021","6","40.007636","-75.131425","0938","6","0","0","0","0","0","1","0","0","","0","1","0","9","1","1","N","0","0","40 00:27.490","","7","75 07:53.130","3","0","0","0","67301","0","0","0","N","0","0","0","3","67301","0","","1.0","","1","N","N","N","0","","1","0","0","0","0","","900","2","1","0","0","0","0","1","2","0","2","0","0","0","3","03","","N","","","","","","","","","",""
"2021092369","0028","2","0","0","0","0","0","0","0","0","5","0","","67","9","2021","2","39.967342","-75.132186","0017","6","0","0","0","1","0","0","0","0","","0","0","0","0","3","0","N","0","0","39 58:02.430","","0","75 07:55.868","0","0","0","0","67301","0","0","0","N","0","0","0","5","68K01","0","","1.0","","1","N","N","N","0","","0","0","1","0","0","","8","3","0","0","0","0","0","0","2","0","3","0","0","0","4","","","N","","","","","","","","","",""
"2021083517","0931","0","0","0","0","0","0","0","0","0","8","0","","67","9","2021","6","40.0276","-75.216623","0921","6","0","0","0","0","0","0","0","0","","0","0","0","8","1","1","","1","0","40 01:39.359","","0","75 12:59.842","3","0","0","0","67301","1","0","0","N","1","0","0","2","67301","0","","1.0","","1","N","N","N","0","","1","0","1","3","3","","853","2","1","0","0","0","0","0","2","0","1","1","0","0","3","03","","N","","","","","","","","","",""
"2021116328","2335","1","0","0","0","0","0","0","0","0","4","0","","67","11","2021","1","39.969241","-75.205807","2330","6","0","0","0","0","0","0","0","0","","0","0","0","23","3","3","","1","0","39 58:09.267","","0","75 12:20.905","3","0","0","0","67301","0","0","0","N","0","0","0","3","67301","0","","1.0","","1","N","N","N","0","","3","0","3","3","3","","2325","4","3","0","0","0","0","0","2","0","4","0","0","0","3","","","N","","","","","","","","","",""
"2021118560","2152","1","0","0","0","0","0","0","0","0","4","0","","67","12","2021","7","39.99911","-75.120955","2146","6","0","0","0","0","0","0","0","0","","0","0","0","21","3","0","","1","0","39 59:56.796","","0","75 07:15.438","9","0","0","0","67301","0","0","0","N","0","0","0","2","67301","0","","1.0","","1","N","N","N","0","","0","0","1","3","3","","2144","2","0","1","0","0","0","1","2","0","2","0","0","0","3","03","","N","","","","","","","","","",""
"2021124401","2112","1","0","0","0","0","0","0","0","0","4","0","","67","12","2021","2","39.963042","-75.236516","2111","6","0","0","0","0","0","1","0","0","","0","0","0","19","3","0","","1","0","39 57:46.951","","0","75 14:11.457","0","0","0","0","67301","0","0","0","N","0","0","0","2","67301","0","","1.0","","9","N","N","N","0","","0","0","1","3","3","","1904","2","0","0","0","0","0","0","2","0","2","0","0","0","7","04","","N","","","","","","","","","",""
"2021083916","0245","2","0","0","0","0","0","0","0","0","2","0","","67","9","2021","1","40.030332","-75.131845","0232","6","0","0","0","0","0","0","0","0","","0","0","0","22","3","0","","1","0","40 01:49.195","","0","75 07:54.642","0","0","0","0","67301","0","0","0","N","0","0","0","1","67301","0","","1.0","","9","N","N","N","0","","0","0","1","3","2","","2209","3","0","0","0","0","0","0","2","0","3","0","0","0","7","","","N","","","","","","","","","",""
"2021083759","0505","1","0","0","0","0","0","0","0","0","4","0","","67","9","2021","1","40.061913","-75.163162","0500","6","0","0","0","0","0","0","0","0","","0","0","0","4","3","2","","1","1","40 03:42.886","4","0","75 09:47.382","8","0","0","0","67301","0","0","0","N","0","0","0","2","67301","0","","1.0","515.0","1","N","N","N","0","","0","0","1","3","2","N","455","2","2","0","0","0","2","0","2","0","2","0","0","0","3","03","","N","","","","","","","","","",""
"2021117920","2350","3","0","0","0","0","0","0","0","0","4","0","","67","12","2021","5","40.037413","-75.181825","2346","6","0","0","0","0","0","0","0","0","","0","0","0","23","3","2","","1","2","40 02:14.686","5","0","75 10:54.569","3","0","0","0","67301","0","0","0","N","0","0","0","2","67301","0","","1.0","100.0","1","N","N","N","0","","2","0","0","3","2","Y","2334","3","2","2","0","0","0","0","2","0","3","0","0","0","3","03","","N","","","","","","","","","",""
"2021128211","1804","1","0","0","0","0","0","0","0","0","5","0","","67","12","2021","5","39.94632","-75.142441","1801","6","0","0","0","0","0","1","0","0","","0","0","0","18","3","0","N","0","2","39 56:46.751","2","0","75 08:32.787","0","0","0","0","67301","0","0","0","N","0","0","0","7","68K01","0","","1.0","1910.0","1","N","N","N","0","","0","0","1","0","0","N","1800","2","0","1","0","0","0","0","2","0","2","0","0","0","3","03","","N","","","","","","","","","",""
"2021119443","1948","0","0","0","0","0","0","0","0","0","8","0","","67","12","2021","2","39.971849","-75.260562","1944","6","0","0","0","0","0","0","0","0","","0","0","0","19","3","1","","3","2","39 58:18.656","6","0","75 15:38.023","2","0","0","0","67301","1","0","1","N","1","0","1","2","67301","0","","1.0","2010.0","9","N","N","N","0","","0","1","1","3","3","Y","1939","2","1","0","0","0","0","0","2","0","1","1","0","1","7","","","N","","","","","","","","","",""
"2021117483","","0","0","0","0","0","0","0","0","0","1","0","","67","10","2021","4","39.983835","-75.161729","","6","0","0","0","0","0","0","0","0","","0","0","0","17","1","1","","1","0","39 59:01.806","","0","75 09:42.223","8","0","0","0","67301","0","0","0","N","0","0","0","2","00000","0","","1.0","","1","N","N","N","0","","0","0","1","3","2","","1730","2","1","0","0","0","1","0","2","0","2","0","0","0","3","","","N","","","","","","","","","",""
"2021126640","2353","4","0","0","0","0","0","0","0","0","5","0","","67","12","2021","5","39.97102","-75.127887","2350","6","0","0","0","0","0","0","0","0","","0","0","0","23","3","0","N","0","2","39 58:15.671","4","0","75 07:40.392","0","0","0","0","67301","0","0","0","N","0","0","0","1","67301","0","","6.0","15.0","1","N","N","N","0","","0","0","0","0","0","Y","2348","4","0","0","0","0","0","0","2","0","4","0","0","0","3","","","N","","","","","","","","","",""
"2021083492","2035","0","0","0","0","0","0","0","0","0","2","0","","67","9","2021","7","39.99999","-75.153145","2030","6","0","0","0","0","0","1","0","0","","0","0","0","20","3","1","","1","0","39 59:59.964","","0","75 09:11.322","3","0","0","0","67301","0","0","0","N","0","0","0","2","67301","0","","1.0","","1","N","N","N","1","","1","0","1","3","2","","2020","2","1","0","0","0","0","0","2","0","2","0","0","0","3","03","","N","","","","","","","","","",""
"2021122709","0620","0","0","0","0","0","0","0","0","0","1","0","","67","12","2021","5","39.960071","-75.179422","0620","6","0","0","0","0","0","0","0","0","","0","0","0","6","3","1","N","0","1","39 57:36.257","4","3","75 10:45.920","8","0","0","0","67301","0","0","0","N","0","0","0","3","68K01","0","","1.0","720.0","9","N","N","N","0","","0","0","1","3","8","N","611","3","1","0","0","0","1","2","2","0","3","0","0","0","3","","","N","","","","","","","","","",""
"2021117291","1150","1","0","0","0","0","0","0","0","0","1","0","","67","11","2021","3","39.898143","-75.210893","1140","6","0","0","0","0","0","0","0","0","","0","0","0","11","1","1","N","0","0","39 53:53.313","","3","75 12:39.216","4","0","0","0","67301","0","0","0","N","0","0","0","2","67301","1","","1.0","","1","N","N","N","0","","0","0","1","0","0","","1131","2","1","0","0","0","0","0","2","0","2","0","0","0","3","03","","N","","","","","","","","","",""
"2021118959","1945","1","0","0","0","0","0","0","0","0","1","0","","67","12","2021","1","40.021418","-75.148483","1945","6","0","0","0","0","0","2","0","0","","0","0","0","18","3","1","","1","0","40 01:17.105","","0","75 08:54.538","3","0","0","0","67301","0","0","0","N","0","0","0","4","67301","0","","1.0","","1","N","N","N","0","","1","0","1","3","2","","1830","3","1","0","0","0","0","0","2","1","3","0","0","0","3","","","N","","","","","","","","","",""
"2021122013","0301","1","0","0","0","0","0","0","0","0","8","0","","67","12","2021","4","40.027979","-75.059448","0301","6","0","0","0","0","0","0","0","0","","0","0","0","22","3","1","N","0","0","40 01:40.723","","0","75 03:34.014","3","0","0","0","67301","1","0","0","N","1","0","0","2","67301","0","","1.0","","1","N","N","N","0","","1","0","0","0","0","","2210","2","1","0","0","0","0","1","2","0","1","1","0","0","3","","","N","","","","","","","","","",""
"2021125223","0915","1","0","0","0","0","0","0","0","0","4","0","","67","12","2021","6","40.103708","-74.983417","0908","6","0","0","0","0","0","1","0","0","","0","0","0","8","1","2","","1","0","40 06:13.348","","0","74 59:00.301","8","0","0","0","67301","0","0","0","N","0","0","0","3","67301","0","","1.0","","1","N","N","N","0","","0","0","1","3","2","","848","2","2","0","0","0","2","0","2","0","2","0","0","0","3","03","","N","","","","","","","","","",""
"2021085100","0656","0","0","0","0","0","0","0","0","0","2","0","","67","9","2021","4","39.988914","-75.252776","0654","6","0","0","0","0","0","0","0","0","","0","0","0","6","1","1","N","0","2","39 59:20.089","1","0","75 15:09.993","3","0","0","0","67301","0","0","0","N","0","0","0","3","67301","0","","1.0","835.0","1","N","N","N","0","","1","0","2","0","0","Y","649","3","1","0","0","0","0","0","2","1","3","0","0","0","3","03","","N","","","","","","","","","",""
"2021085525","0824","2","0","0","0","0","0","0","0","0","4","0","","67","9","2021","7","39.958731","-75.227156","0824","6","0","0","0","0","0","0","0","0","","0","0","0","6","1","1","","1","0","39 57:31.430","","0","75 13:37.762","3","0","0","0","67301","0","0","0","N","0","0","0","2","67301","0","","1.0","","1","N","N","N","0","","1","0","0","3","2","","651","2","1","0","0","0","0","0","2","0","2","0","0","0","3","03","","N","","","","","","","","","",""
"2021118702","1735","0","0","0","0","0","0","0","0","0","8","0","","67","12","2021","5","39.956479","-75.221584","1727","6","0","0","0","0","0","0","0","0","","0","0","0","17","3","1","","1","0","39 57:23.323","","0","75 13:17.703","3","0","0","0","67301","1","0","0","N","1","0","0","2","67301","0","","1.0","","1","N","N","N","1","","1","0","0","3","2","","1710","2","1","0","0","0","0","0","2","0","1","1","0","0","3","","","N","","","","","","","","","",""
"2021118960","1645","1","0","0","0","0","0","0","0","0","4","0","","67","12","2021","2","40.025911","-75.133841","1645","6","0","0","0","0","0","0","1","0","","0","0","0","15","1","0","","1","0","40 01:33.279","","0","75 08:01.827","9","0","0","0","67301","0","0","0","N","0","0","0","2","67301","0","","1.0","","99","N","N","N","0","","0","0","1","3","3","","1530","2","0","2","0","0","0","2","2","0","2","0","0","0","99","","","N","","","","","","","","","",""
"2021086336","2028","1","0","0","0","0","0","0","0","0","5","0","","67","9","2021","2","40.10238","-75.005155","2025","6","0","0","0","0","0","0","0","0","","0","0","0","20","3","3","N","0","0","40 06:08.567","","6","75 00:18.558","3","0","0","0","67301","0","0","0","N","0","0","0","4","67301","0","","1.0","","1","N","N","N","1","","2","0","0","0","0","","2018","2","3","3","0","0","1","0","2","0","2","0","0","0","3","03","","N","","","","","","","","","",""
"2021085494","1018","0","0","0","0","0","0","0","0","0","1","0","","67","9","2021","5","40.026578","-75.068001","1018","6","0","0","0","0","0","0","1","0","","0","0","0","10","1","0","","3","0","40 01:35.682","","0","75 04:04.802","0","0","0","0","67301","0","0","0","N","0","0","0","2","67301","0","","1.0","","9","N","N","N","0","","0","0","1","3","2","","1002","2","0","0","0","0","0","0","2","1","2","0","0","0","7","04","","N","","","","","","","","","",""
"2021126639","0835","1","0","0","0","0","0","0","0","0","7","0","","67","12","2021","1","40.08875","-75.044833","0833","6","0","0","0","0","0","0","0","0","","0","0","0","8","1","0","N","0","0","40 05:19.500","","0","75 02:41.400","0","0","0","0","67301","0","0","0","N","0","0","0","1","67301","0","","5.0","","9","N","N","N","0","","0","0","0","0","0","","830","1","0","0","0","0","0","0","2","0","1","0","0","0","3","03","","N","","","","","","","","","",""