"CRN","ARRIVAL_TM","AUTOMOBILE_COUNT","BELTED_DEATH_COUNT","BELTED_SUSP_SERIOUS_INJ_COUNT","BICYCLE_COUNT","BICYCLE_DEATH_COUNT","BICYCLE_SUSP_SERIOUS_INJ_COUNT","BUS_COUNT","CHLDPAS_DEATH_COUNT","CHLDPAS_SUSP_SERIOUS_INJ_COUNT","COLLISION_TYPE","COMM_VEH_COUNT","CONS_ZONE_SPD_LIM","COUNTY","CRASH_MONTH","CRASH_YEAR","DAY_OF_WEEK","DEC_LATITUDE","DEC_LONGITUDE","DISPATCH_TM","DISTRICT","DRIVER_COUNT_16YR","DRIVER_COUNT_17YR","DRIVER_COUNT_18YR","DRIVER_COUNT_19YR","DRIVER_COUNT_20YR","DRIVER_COUNT_50_64YR","DRIVER_COUNT_65_74YR","DRIVER_COUNT_75PLUS","EST_HRS_CLOSED","FATAL_COUNT","HEAVY_TRUCK_COUNT","HORSE_BUGGY_COUNT","HOUR_OF_DAY","ILLUMINATION","INJURY_COUNT","INTERSECTION_RELATED","INTERSECT_TYPE","LANE_CLOSED","LATITUDE","LN_CLOSE_DIR","LOCATION_TYPE","LONGITUDE","MAX_SEVERITY_LEVEL","MCYCLE_DEATH_COUNT","MCYCLE_SUSP_SERIOUS_INJ_COUNT","MOTORCYCLE_COUNT","MUNICIPALITY","NONMOTR_COUNT","NONMOTR_DEATH_COUNT","NONMOTR_SUSP_SERIOUS_INJ_COUNT","NTFY_HIWY_MAINT","PED_COUNT","PED_DEATH_COUNT","PED_SUSP_SERIOUS_INJ_COUNT","PERSON_COUNT","POLICE_AGCY","POSSIBLE_INJ_COUNT","RDWY_SURF_TYPE_CD","RELATION_TO_ROAD","ROADWAY_CLEARED","ROAD_CONDITION","SCH_BUS_IND","SCH_ZONE_IND","SECONDARY_CRASH","SMALL_TRUCK_COUNT","SPEC_JURIS_CD","SUSP_MINOR_INJ_COUNT","SUSP_SERIOUS_INJ_COUNT","SUV_COUNT","TCD_FUNC_CD","TCD_TYPE","TFC_DETOUR_IND","TIME_OF_DAY","TOTAL_UNITS","TOT_INJ_COUNT","UNBELTED_OCC_COUNT","UNB_DEATH_COUNT","UNB_SUSP_SERIOUS_INJ_COUNT","UNK_INJ_DEG_COUNT","UNK_INJ_PER_COUNT","URBAN_RURAL","VAN_COUNT","VEHICLE_COUNT","VULNERABLE_ROAD_USER_COUNT","VULNERABLE_ROAD_USER_DEATH_COUNT","VULNERABLE_ROAD_USER_SER_INJ_COUNT","WEATHER1","WEATHER2","WORKERS_PRES","WORK_ZONE_IND","WORK_ZONE_LOC","WORK_ZONE_TYPE","WZ_CLOSE_DETOUR","WZ_FLAGGER","WZ_LAW_OFFCR_IND","WZ_LN_CLOSURE","WZ_MOVING","WZ_OTHER","WZ_SHLDER_MDN","WZ_WORKERS_INJ_KILLED"
"2021117130","2016","0","0","0","0","0","0","0","0","0","8","0","","67","11","2021","3","40.029056","-75.134333","2016","6","0","0","0","0","0","0","0","0","","0","0","0","15","1","1","N","0","0","40 01:44.600","","0","75 08:03.600","8","0","0","0","67301","1","0","0","N","1","0","0","2","67301","0","","1.0","","1","N","N","N","0","","0","0","1","0","0","","1547","2","1","0","0","0","1","0","2","0","1","1","0","0","4","04","","N","","","","","","","","","",""
"2021085308","0749","1","0","0","0","0","0","0","0","0","4","0","","67","9","2021","6","40.058431","-75.046696","0733","6","0","0","0","0","0","0","0","0","","0","0","0","7","1","0","","1","0","40 03:30.351","","0","75 02:48.105","0","0","0","0","67301","0","0","0","N","0","0","0","2","67301","0","","1.0","","1","N","N","N","0","","0","0","1","3","3","","730","2","0","0","0","0","0","0","2","0","2","0","0","0","3","03","","N","","","","","","","","","",""
"2021087833","1947","1","0","0","0","0","0","0","0","0","7","0","","67","9","2021","6","40.045363","-75.05353","1946","6","0","0","0","0","0","0","0","0","","0","0","0","19","3","1","N","0","2","40 02:43.306","2","0","75 03:12.707","3","0","0","0","67301","0","0","0","N","0","0","0","1","67301","0","","4.0","100.0","1","N","N","N","0","","1","0","0","0","0","N","1945","1","1","0","0","0","0","0","2","0","1","0","0","0","4","04","","N","","","","","","","","","",""
"2021120647","1020","1","0","0","0","0","0","0","0","0","5","0","","67","12","2021","1","40.017892","-75.115855","1016","6","0","0","0","0","0","0","0","0","","0","0","0","4","3","1","N","0","0","40 01:04.412","","0","75 06:57.078","8","0","0","0","67301","0","0","0","N","0","0","0","1","67301","0","","6.0","","1","N","N","N","0","","0","0","1","0","0","","435","3","1","0","0","0","1","0","2","1","3","0","0","0","3","","","N","","","","","","","","","",""
"2021127450","1154","2","0","0","0","0","0","0","0","0","2","0","","67","12","2021","7","39.933558","-75.231686","1154","6","0","0","0","0","0","0","0","0","","0","0","0","11","1","1","N","0","0","39 56:00.810","","0","75 13:54.070","3","0","0","0","67301","0","0","0","N","0","0","0","1","67301","0","","1.0","","9","N","N","N","0","","1","0","0","0","0","","1153","2","1","0","0","0","0","0","2","0","2","0","0","0","7","07","","N","","","","","","","","","",""
"2021116799","2200","1","0","0","0","0","0","0","0","0","4","0","","67","11","2021","2","39.909271","-75.172964","2200","6","0","0","1","0","0","0","0","0","","0","0","0","21","3","0","","2","0","39 54:33.377","","0","75 10:22.671","0","0","0","0","67301","0","0","0","N","0","0","0","3","67301","0","","1.0","","1","N","N","N","0","","0","0","1","3","2","","2130","2","0","0","0","0","0","0","2","0","2","0","0","0","3","03","","N","","","","","","","","","",""
"2021121983","0115","2","0","0","0","0","0","0","0","0","5","0","","67","12","2021","1","39.956907","-75.225049","0105","6","0","0","0","0","0","0","0","0","","0","0","0","0","3","0","N","0","0","39 57:24.866","","0","75 13:30.177","0","0","0","0","67301","0","0","0","N","0","0","0","3","67301","0","","1.0","","1","N","N","N","0","","0","0","0","0","0","","30","2","0","0","0","0","0","0","2","0","2","0","0","0","3","03","","N","","","","","","","","","",""
"2021101024","0145","1","0","0","0","0","0","0","0","0","4","0","","67","9","2021","5","40.011496","-75.131811","0139","6","0","0","0","0","0","0","0","0","","0","0","0","1","3","0","","2","0","40 00:41.387","","0","75 07:54.518","9","0","0","0","67301","0","0","0","N","0","0","0","2","67301","0","","1.0","","9","N","N","N","0","","0","0","0","3","3","","139","2","0","0","0","0","0","1","2","1","2","0","0","0","7","03","","N","","","","","","","","","",""
"2021118247","1200","0","0","0","0","0","0","0","0","0","8","0","","67","12","2021","4","40.04324","-75.052268","1153","6","0","0","0","0","0","1","0","0","","0","0","0","11","1","1","","1","0","40 02:35.664","","0","75 03:08.163","3","0","0","0","67301","1","0","0","N","1","0","0","2","67301","0","","1.0","","1","N","N","N","0","","1","0","1","3","2","","1151","2","1","0","0","0","0","0","2","0","1","1","0","0","3","03","","N","","","","","","","","","",""
"2021118889","1010","2","0","0","0","0","0","0","0","0","1","0","","67","12","2021","2","39.967337","-75.160419","1015","6","0","0","0","0","0","0","0","0","","0","0","0","10","1","2","N","0","0","39 58:02.412","","0","75 09:37.509","4","0","0","0","67301","0","0","0","N","0","0","0","3","67301","2","","1.0","","1","N","N","N","0","","0","0","0","0","0","","1000","3","2","2","0","0","0","0","2","0","3","0","0","0","4","04","","N","","","","","","","","","",""
"2021084917","1140","1","0","0","0","0","0","0","0","0","8","0","","67","9","2021","5","39.961529","-75.15103","1135","6","0","0","0","0","0","0","0","0","","0","0","0","11","1","1","N","0","0","39 57:41.505","","0","75 09:03.707","4","0","0","0","67301","1","0","0","N","1","0","0","2","67301","1","","1.0","","9","N","N","N","0","","0","0","0","0","0","","1107","2","1","0","0","0","0","1","2","0","1","1","0","0","4","04","","N","","","","","","","","","",""
"2021083377","1307","1","0","0","0","0","0","0","0","0","5","0","","67","9","2021","7","40.059847","-75.159594","1307","6","0","0","0","0","1","0","0","0","","0","0","0","13","1","1","N","0","0","40 03:35.450","","0","75 09:34.540","3","0","0","0","67301","0","0","0","N","0","0","0","4","67301","0","","1.0","","1","N","N","N","0","","1","0","1","0","0","","1300","2","1","0","0","0","0","0","2","0","2","0","0","0","3","","","N","","","","","","","","","",""
"2021101006","0312","2","0","0","0","0","0","0","0","0","4","0","","67","9","2021","7","40.010821","-75.126649","0306","6","0","0","0","0","0","0","0","0","","0","0","0","3","3","0","","1","0","40 00:38.955","","0","75 07:35.936","0","0","0","0","67301","0","0","0","N","0","0","0","2","67301","0","","1.0","","1","N","N","N","0","","0","0","0","3","2","","306","2","0","0","0","0","0","0","2","0","2","0","0","0","3","03","","N","","","","","","","","","",""
"2021117919","1441","1","0","0","0","0","0","0","0","0","4","0","","67","11","2021","2","40.054847","-75.168958","1440","6","0","0","0","0","0","1","0","0","","0","0","0","8","1","2","","1","0","40 03:17.448","","0","75 10:08.247","3","0","0","0","67301","0","0","0","N","0","0","0","3","67301","0","","1.0","","1","N","N","N","0","","1","0","1","3","2","","850","2","2","0","0","0","1","0","2","0","2","0","0","0","3","03","","N","","","","","","","","","",""
"2021085430","0425","2","0","0","0","0","0","0","0","0","5","0","","67","9","2021","6","39.963779","-75.161166","0425","6","0","0","0","0","0","0","0","0","","0","0","0","4","3","2","","2","0","39 57:49.605","","0","75 09:40.199","2","0","0","0","67301","0","0","0","N","0","0","0","2","67301","0","","1.0","","1","N","N","Y","0","","0","1","0","3","2","","423","2","2","2","0","1","1","0","2","0","2","0","0","0","3","03","","N","","","","","","","","","",""
"2021083586","2121","1","0","0","0","0","0","0","0","0","7","0","","67","9","2021","7","40.050784","-75.026766","2110","6","0","0","0","0","0","1","0","0","","0","0","0","21","3","0","","3","0","40 03:02.822","","0","75 01:36.357","0","0","0","0","67301","0","0","0","N","0","0","0","1","67301","0","","5.0","","1","N","N","N","0","","0","0","0","3","3","","2100","1","0","0","0","0","0","0","2","0","1","0","0","0","3","03","","N","","","","","","","","","",""
"2021123448","0355","0","0","0","0","0","0","0","0","0","5","0","","67","11","2021","3","39.990528","-75.121756","0351","6","0","0","0","0","0","0","0","0","","0","0","0","3","3","0","N","0","0","39 59:25.900","","0","75 07:18.320","0","0","0","0","67301","0","0","0","N","0","0","0","1","67301","0","","6.0","","1","N","N","N","0","","0","0","1","0","0","","350","2","0","0","0","0","0","0","2","1","2","0","0","0","3","","","N","","","","","","","","","",""
"2021128505","1815","1","0","0","0","0","0","1","0","0","5","1","","67","12","2021","4","40.056215","-75.149475","1800","6","0","0","0","0","0","0","0","0","","0","0","0","18","6","1","","1","0","40 03:22.374","","0","75 08:58.110","8","0","0","0","67301","0","0","0","N","0","0","0","3","67508","0","","1.0","","1","N","N","Y","0","","0","0","0","3","2","N","1800","2","1","0","0","0","1","0","2","0","2","0","0","0","3","03","","N","","","","","","","","","",""
"2021101022","0240","1","0","0","0","0","0","0","0","0","4","0","","67","9","2021","1","40.00901","-75.11283","0240","6","0","0","0","0","1","1","0","0","","0","0","0","2","3","2","","1","1","40 00:32.435","1","0","75 06:46.188","3","0","0","0","67301","0","0","0","N","0","0","0","4","67301","0","","1.0","345.0","1","N","N","N","0","","2","0","1","3","2","Y","229","2","2","0","0","0","0","0","2","0","2","0","0","0","3","03","","N","","","","","","","","","",""
"2021119441","1800","1","0","0","0","0","0","0","0","0","1","0","","67","12","2021","7","39.987686","-75.216232","1748","6","0","0","0","0","0","1","0","0","","0","0","0","17","4","2","","3","0","39 59:15.669","","0","75 12:58.434","3","0","0","0","67301","0","0","0","N","0","0","0","4","67301","0","","1.0","","1","N","N","N","0","","2","0","1","3","2","","1708","3","2","0","0","0","0","0","2","1","3","0","0","0","3","03","","N","","","","","","","","","",""
"2021120626","0500","2","0","0","0","0","0","0","0","0","4","0","","67","12","2021","5","39.974638","-75.199108","0500","6","0","0","0","0","0","0","0","0","","0","0","0","5","3","2","","1","1","39 58:28.698","3","2","75 11:56.790","3","0","0","0","67301","0","0","0","N","0","0","0","3","67301","0","","1.0","530.0","1","N","N","N","1","","2","0","0","3","2","N","500","3","2","0","0","0","0","0","2","0","3","0","0","0","3","03","","N","","","","","","","","","",""
"2021083175","1650","0","0","0","0","0","0","0","0","0","4","0","","67","9","2021","6","40.08775","-75.044667","1640","6","0","0","0","0","0","1","1","0","","0","0","0","16","1","3","Y","0","1","40 05:15.900","1","7","75 02:40.800","3","0","0","0","67301","0","0","0","N","0","0","0","3","67301","0","","1.0","1745.0","1","N","N","N","0","","3","0","2","3","2","N","1635","2","3","0","0","0","0","0","2","0","2","0","0","0","3","03","","N","","","","","","","","","",""
"2021118246","0852","2","0","0","0","0","0","0","0","0","4","0","","67","11","2021","2","40.021894","-75.209205","0850","6","0","0","0","0","0","0","1","0","","0","0","0","8","1","2","","1","0","40 01:18.820","","0","75 12:33.137","4","0","0","0","67301","0","0","0","N","0","0","0","2","67301","2","","1.0","","1","N","N","N","0","","0","0","0","3","3","","850","2","2","0","0","0","0","0","2","0","2","0","0","0","3","03","","N","","","","","","","","","",""
"2021087905","1326","1","0","0","0","0","0","0","0","0","7","0","","67","9","2021","6","39.986236","-75.209825","1324","6","0","0","0","0","0","0","0","0","","0","0","0","13","1","1","N","0","2","39 59:10.450","5","0","75 12:35.370","3","0","0","0","67301","0","0","0","N","0","0","0","1","67301","0","","4.0","1530.0","1","N","N","N","0","","1","0","0","0","0","Y","1321","1","1","0","0","0","0","0","2","0","1","0","0","0","4","","","N","","","","","","","","","",""
"2021085456","1319","0","0","0","0","0","0","0","0","0","4","0","","67","9","2021","6","40.04727","-75.167746","1314","6","0","0","0","0","1","0","0","0","","0","0","0","13","1","2","","1","0","40 02:50.173","","0","75 10:03.884","3","0","0","1","67301","0","0","0","N","0","0","0","2","67301","0","","1.0","","1","N","N","N","0","","2","0","1","3","2","","1307","2","2","0","0","0","0","0","2","0","2","0","0","0","3","","","N","","","","","","","","","",""
"2021087578","1350","2","0","0","0","0","0","0","0","0","4","0","","67","9","2021","4","39.957951","-75.227322","1344","6","0","0","0","0","0","0","1","1","","0","0","0","13","1","0","","1","0","39 57:28.623","","0","75 13:38.359","9","0","0","0","67301","0","0","0","N","0","0","0","2","67301","0","","1.0","","1","N","N","N","0","","0","0","0","3","3","","1344","2","0","2","0","0","0","1","2","0","2","0","0","0","3","","","N","","","","","","","","","",""
"2021120197","0850","2","0","0","0","0","0","0","0","0","1","0","","67","12","2021","2","39.904909","-75.195526","0840","6","0","0","0","0","0","1","0","0","","0","0","0","8","1","1","N","0","0","39 54:17.673","","0","75 11:43.894","4","0","0","0","67301","0","0","0","N","0","0","0","3","67301","1","","1.0","","1","N","N","N","0","","0","0","1","0","0","","810","3","1","0","0","0","0","0","2","0","3","0","0","0","4","04","","N","","","","","","","","","",""
"2021087099","1545","1","0","0","0","0","0","0","0","0","4","0","","67","9","2021","4","40.043313","-75.047244","1544","6","0","0","0","0","0","0","0","0","","0","0","0","15","1","1","","1","0","40 02:35.928","","0","75 02:50.078","4","0","0","0","67301","0","0","0","N","0","0","0","2","67301","1","","1.0","","1","N","N","N","0","","0","0","1","3","3","","1519","2","1","0","0","0","0","0","2","0","2","0","0","0","3","","","N","","","","","","","","","",""
"2021120223","1330","0","0","0","0","0","0","0","0","0","1","0","","67","12","2021","6","39.960689","-75.140549","1330","6","0","0","0","0","0","0","1","0","","0","0","0","12","1","0","N","0","0","39 57:38.481","","3","75 08:25.977","9","0","0","0","67301","0","0","0","N","0","0","0","2","67301","0","","1.0","","1","N","N","N","0","","0","0","2","0","0","","1200","2","0","0","0","0","0","1","2","0","2","0","0","0","3","03","","N","","","","","","","","","",""
"2021086955","0002","1","0","0","0","0","0","0","0","0","7","0","35","67","9","2021","1","39.990624","-75.076207","0002","6","0","0","0","0","0","0","0","0","","0","0","0","23","3","1","","7","0","39 59:26.246","","2","75 04:34.345","3","0","0","0","67301","0","0","0","N","0","0","0","1","67501","0","","7.0","","1","N","N","N","0","","1","0","0","0","0","","2350","1","1","0","0","0","0","0","2","0","1","0","0","0","3","","N","Y","4","1","","","N","Y","","","","N"
"2021128062","0450","0","0","0","0","0","0","0","0","0","5","0","","67","12","2021","2","40.020422","-75.063717","0437","6","0","0","0","0","0","0","0","0","","0","1","0","1","3","0","N","0","0","40 01:13.520","","0","75 03:49.380","9","0","0","0","67301","0","0","0","N","0","0","0","1","67301","0","","1.0","","1","N","N","N","0","","0","0","1","0","0","","105","3","0","0","0","0","0","1","2","1","3","0","0","0","3","03","","N","","","","","","","","","",""
"2021117793","1559","1","0","0","0","0","0","0","0","0","4","0","","67","12","2021","5","39.958694","-75.150343","1556","6","0","0","0","0","0","0","0","0","","0","0","0","15","1","0","","1","0","39 57:31.298","","0","75 09:01.234","0","0","0","0","67301","0","0","0","N","0","0","0","2","67301","0","","1.0","","1","N","N","N","0","","0","0","1","3","3","","1554","2","0","0","0","0","0","0","2","0","2","0","0","0","3","03","","N","","","","","","","","","",""
"2021091439","1555","1","0","0","0","0","0","0","0","0","1","0","","67","9","2021","5","40.007536","-75.200456","1547","6","0","0","0","0","0","0","0","0","","0","0","0","15","1","0","N","0","0","40 00:27.131","","0","75 12:01.642","0","0","0","0","67301","0","0","0","N","0","0","0","2","68K01","0","","1.0","","1","N","N","N","0","","0","0","1","0","0","","1544","2","0","0","0","0","0","0","2","0","2","0","0","0","3","03","","N","","","","","","","","","",""
"2021126437","1147","2","0","0","0","0","0","0","0","0","4","0","","67","12","2021","6","39.936693","-75.224362","1139","6","0","0","0","0","1","0","0","0","","0","0","0","11","1","0","","1","0","39 56:12.095","","0","75 13:27.703","0","0","0","0","67301","0","0","0","N","0","0","0","2","67301","0","","1.0","","1","N","N","N","0","","0","0","0","3","2","","1119","2","0","0","0","0","0","0","2","0","2","0","0","0","3","","","N","","","","","","","","","",""
"2021087437","1610","1","0","0","0","0","0","0","0","0","4","0","","67","9","2021","4","39.93973","-75.225514","1610","6","1","0","0","0","0","0","0","0","","0","0","0","15","1","2","","1","0","39 56:23.027","","0","75 13:31.850","3","0","0","0","67301","0","0","0","N","0","0","0","4","67301","0","","1.0","","1","N","N","N","0","","2","0","1","3","2","","1550","2","2","0","0","0","0","0","2","0","2","0","0","0","3","03","","N","","","","","","","","","",""
"2021087401","0225","1","0","0","0","0","0","0","0","0","7","0","","67","9","2021","1","39.885984","-75.209204","0221","6","0","0","0","0","0","1","0","0","","0","0","0","2","3","0","N","0","0","39 53:09.541","","0","75 12:33.134","0","0","0","0","67301","0","0","0","N","0","0","0","1","68K01","0","","2.0","","1","N","N","N","0","","0","0","0","0","0","","215","1","0","0","0","0","0","0","2","0","1","0","0","0","3","03","","N","","","","","","","","","",""
"2021085597","1605","4","0","0","0","0","0","0","0","0","4","0","","67","9","2021","7","39.986524","-75.157896","1601","6","0","0","0","0","0","0","0","0","","0","0","0","16","1","1","","1","2","39 59:11.485","2","0","75 09:28.427","8","0","0","0","67301","0","0","0","N","0","0","0","3","67505","0","","1.0","1715.0","1","N","N","N","0","","0","0","1","3","2","Y","1600","5","1","0","0","0","1","0","2","0","5","0","0","0","3","03","","N","","","","","","","","","",""
"2021084924","0217","2","0","0","0","0","0","0","0","0","4","0","","67","9","2021","5","39.997042","-75.178576","0143","6","0","0","0","0","0","0","0","0","","0","0","0","1","3","2","","1","0","39 59:49.352","","0","75 10:42.874","3","0","0","0","67301","0","0","0","N","0","0","0","2","67301","0","","1.0","","9","N","N","N","1","","2","0","1","3","2","","143","4","2","1","0","0","0","0","2","0","4","0","0","0","7","","","N","","","","","","","","","",""
"2021083466","0955","1","0","0","0","0","0","0","0","0","4","0","","67","9","2021","7","40.053009","-75.064302","0949","6","0","0","0","0","0","0","0","0","","0","0","0","9","1","3","","1","0","40 03:10.832","","0","75 03:51.487","3","0","0","0","67301","0","0","0","N","0","0","0","3","67301","0","","1.0","","1","N","N","N","0","","3","0","1","3","2","","948","2","3","1","0","0","0","0","2","0","2","0","0","0","3","03","","N","","","","","","","","","",""
"2021095243","2325","1","0","0","0","0","0","0","0","0","0","0","","67","9","2021","3","39.958201","-75.164429","2324","6","0","0","0","0","0","0","0","0","","0","0","0","23","3","1","N","0","0","39 57:29.523","","0","75 09:51.946","3","0","0","0","67301","0","0","0","N","0","0","0","2","68K01","0","","1.0","","1","N","N","N","0","","1","0","1","0","0","","2316","2","1","0","0","0","0","0","2","0","2","0","0","0","3","03","","N","","","","","","","","","",""
"2021088281","1255","1","0","0","0","0","0","0","0","0","8","0","","67","9","2021","2","39.952785","-75.16685","1251","6","0","0","0","0","0","0","0","0","","0","0","0","12","1","1","","1","0","39 57:10.026","","0","75 10:00.660","8","0","0","0","67301","1","0","0","N","1","0","0","2","67301","0","","1.0","","1","N","N","N","0","","0","0","0","3","2","","1245","2","1","1","0","0","1","0","2","0","1","1","0","0","3","03","","N","","","","","","","","","",""
"2021117370","","1","0","0","0","0","0","0","0","0","5","0","","67","8","2021","3","","","","6","0","0","0","0","0","0","0","0","","0","0","0","15","1","1","N","0","0","","","0","","8","0","0","0","67301","0","0","0","N","0","0","0","3","00000","0","","1.0","","1","N","N","N","0","","0","0","1","0","0","","1515","2","1","0","0","0","1","0","1","0","2","0","0","0","3","","","N","","","","","","","","","",""
"2021123967","1535","1","0","0","0","0","0","0","0","0","8","0","","67","12","2021","6","39.970173","-75.159656","1530","6","0","0","0","0","0","0","0","0","","0","0","0","15","1","1","","1","0","39 58:12.621","","0","75 09:34.763","3","0","0","0","67301","1","0","0","N","1","0","0","2","67301","0","","1.0","","1","N","N","N","0","","1","0","0","3","2","","1530","2","1","0","0","0","0","0","2","0","1","1","0","0","3","03","","N","","","","","","","","","",""
"2021119277","0535","0","0","0","0","0","0","0","0","0","4","0","","67","12","2021","2","40.03694","-75.145084","0535","6","0","0","0","0","0","1","0","0","","0","0","0","5","3","0","","2","0","40 02:12.984","","0","75 08:42.301","0","0","0","0","67301","0","0","0","N","0","0","0","2","67301","0","","1.0","","9","N","N","N","0","","0","0","1","3","2","","530","2","0","0","0","0","0","0","2","0","2","0","0","0","3","","","N","","","","","","","","","",""
"2021091198","0349","0","0","0","0","0","0","0","0","0","1","0","","67","9","2021","2","39.978801","-75.203003","0344","6","0","0","0","0","0","1","0","0","","0","0","0","3","3","1","N","0","0","39 58:43.683","","0","75 12:10.810","3","0","0","0","67301","0","0","0","N","0","0","0","2","68K01","0","","1.0","","1","N","N","N","0","","1","0","1","0","0","","314","2","1","0","0","0","0","0","2","1","2","0","0","0","3","03","","N","","","","","","","","","",""
"2021101029","0450","2","0","0","0","0","0","0","0","0","5","0","","67","9","2021","6","39.994836","-75.139594","0445","6","0","0","0","0","0","0","0","0","","0","0","0","4","3","1","N","0","2","39 59:41.410","1","0","75 08:22.540","3","0","0","0","67301","0","0","0","N","0","0","0","2","67301","0","","1.0","620.0","1","N","N","N","0","","1","0","1","0","0","Y","430","3","1","0","0","0","0","0","2","0","3","0","0","0","3","03","","N","","","","","","","","","",""
"2021089414","1803","0","0","0","1","0","0","0","0","0","8","0","","67","9","2021","4","40.041665","-75.106201","1751","6","0","0","0","0","0","0","0","0","","0","0","0","17","1","1","N","0","0","40 02:29.994","","7","75 06:22.322","3","0","0","0","67301","1","0","0","N","0","0","0","2","67301","0","","1.0","","1","N","N","N","0","","1","0","1","0","0","","1736","2","1","0","0","0","0","0","2","0","1","1","0","0","3","03","","N","","","","","","","","","",""
"2021128084","0328","1","0","0","0","0","0","0","0","0","5","0","","67","12","2021","7","40.045724","-75.153763","0326","6","0","1","0","0","0","0","0","0","","0","0","0","3","3","1","N","0","0","40 02:44.606","","0","75 09:13.548","3","0","0","0","67301","0","0","0","N","0","0","0","2","67301","0","","6.0","","9","N","N","N","0","","1","0","1","0","0","","320","3","1","2","0","0","0","0","2","1","3","0","0","0","7","03","","N","","","","","","","","","",""
"2021126377","1617","2","0","0","0","0","0","0","0","0","4","0","","67","12","2021","6","40.00161","-75.128583","1617","6","0","0","0","0","0","0","0","0","","0","0","0","16","1","0","","1","0","40 00:05.796","","0","75 07:42.898","0","0","0","0","67301","0","0","0","N","0","0","0","4","67301","0","","1.0","","1","N","N","N","0","","0","0","1","3","2","","1617","3","0","0","0","0","0","0","2","0","3","0","0","0","3","03","","N","","","","","","","","","",""
"2021087927","0805","1","0","0","0","0","0","0","0","0","8","0","","67","9","2021","6","40.044817","-75.177036","0800","6","0","0","0","0","0","0","0","0","","0","0","0","7","1","1","N","0","0","40 02:41.340","","0","75 10:37.330","3","0","0","0","67301","1","0","0","N","1","0","0","3","67301","0","","1.0","","1","N","N","Y","1","","1","0","0","0","0","","755","3","1","0","0","0","0","0","2","0","2","1","0","0","4","98","","N","","","","","","","","","",""
"2021085930","0509","0","0","0","0","0","0","0","0","0","1","0","","67","9","2021","1","39.949145","-75.184893","0505","6","0","0","0","0","0","0","0","0","","0","0","0","4","3","2","N","0","2","39 56:56.923","3","0","75 11:05.615","8","0","0","0","67301","0","0","0","N","0","0","0","4","68K01","0","","1.0","515.0","1","N","N","N","0","","0","0","2","0","0","N","452","2","2","2","0","0","2","0","2","0","2","0","0","0","3","03","","N","","","","","","","","","",""
"2021128156","1050","1","0","0","0","0","0","1","0","0","5","1","","67","12","2021","5","39.952785","-75.16685","1033","6","0","0","0","0","0","1","0","0","","0","0","0","10","1","2","","1","0","39 57:10.026","","0","75 10:00.660","4","0","0","0","67301","0","0","0","N","0","0","0","4","67508","2","","1.0","","1","N","N","N","0","","0","0","0","9","2","","1033","2","2","0","0","0","0","1","2","0","2","0","0","0","3","03","","N","","","","","","","","","",""
"2021092881","2322","1","0","0","0","0","0","0","0","0","1","0","","67","9","2021","6","39.965404","-75.186026","2319","6","0","0","0","0","0","0","0","0","","0","0","0","23","3","0","N","0","0","39 57:55.455","","0","75 11:09.693","0","0","0","0","67301","0","0","0","N","0","0","0","5","68K01","0","","1.0","","1","N","N","N","0","","0","0","1","0","0","","2309","2","0","0","0","0","0","0","2","0","2","0","0","0","3","","","N","","","","","","","","","",""
"2021096557","1654","0","0","0","0","0","0","0","0","0","8","0","","67","9","2021","7","40.012522","-75.13775","1651","6","0","0","0","0","0","1","0","0","","0","0","0","16","1","1","N","0","0","40 00:45.080","","0","75 08:15.900","3","0","0","0","67301","1","0","0","N","1","0","0","2","67301","0","","6.0","","1","N","N","N","0","","1","0","1","0","0","","1648","2","1","0","0","0","0","0","2","0","1","1","0","0","3","03","","N","","","","","","","","","",""
"2021085875","2155","3","0","0","0","0","0","0","0","0","4","0","","67","9","2021","7","40.03951","-75.03345","2150","6","0","0","0","0","0","0","0","0","","0","0","0","21","3","4","","1","1","40 02:22.235","1","0","75 02:00.419","3","0","0","0","67301","0","0","0","N","0","0","0","5","67301","0","","1.0","2220.0","1","N","N","N","0","","4","0","0","3","2","N","2145","3","4","0","0","0","0","0","2","0","3","0","0","0","3","","","N","","","","","","","","","",""
"2021124056","0005","1","0","0","0","0","0","0","0","0","4","0","","67","12","2021","6","40.056566","-75.04655","2358","6","0","0","0","0","0","0","0","0","","0","0","0","23","3","2","","1","1","40 03:23.636","7","0","75 02:47.581","4","0","0","0","67301","0","0","0","N","0","0","0","4","67301","2","","1.0","100.0","1","N","N","N","0","","0","0","1","3","2","N","2355","2","2","0","0","0","0","0","2","0","2","0","0","0","3","03","","N","","","","","","","","","",""
"2021086677","0232","2","0","0","0","0","0","0","0","0","5","0","","67","9","2021","2","39.977739","-75.128978","0224","6","0","0","0","0","0","0","0","0","","0","0","0","2","3","0","N","0","0","39 58:39.860","","0","75 07:44.320","0","0","0","0","67301","0","0","0","N","0","0","0","1","67301","0","","6.0","","1","N","N","N","0","","0","0","1","0","0","","210","3","0","0","0","0","0","0","2","0","3","0","0","0","3","03","","N","","","","","","","","","",""
"2021120805","0057","0","0","0","0","0","0","0","0","0","7","0","","67","12","2021","1","40.007444","-75.16775","0054","6","0","0","0","0","0","0","0","0","","0","0","0","0","3","0","N","0","2","40 00:26.800","7","0","75 10:03.900","0","0","0","0","67301","0","0","0","N","0","0","0","1","67301","0","","4.0","229.0","1","N","N","N","0","","0","0","1","0","0","N","49","1","0","0","0","0","0","0","2","0","1","0","0","0","3","03","","N","","","","","","","","","",""