"CRN","ARRIVAL_TM","AUTOMOBILE_COUNT","BELTED_DEATH_COUNT","BELTED_SUSP_SERIOUS_INJ_COUNT","BICYCLE_COUNT","BICYCLE_DEATH_COUNT","BICYCLE_SUSP_SERIOUS_INJ_COUNT","BUS_COUNT","CHLDPAS_DEATH_COUNT","CHLDPAS_SUSP_SERIOUS_INJ_COUNT","COLLISION_TYPE","COMM_VEH_COUNT","CONS_ZONE_SPD_LIM","COUNTY","CRASH_MONTH","CRASH_YEAR","DAY_OF_WEEK","DEC_LATITUDE","DEC_LONGITUDE","DISPATCH_TM","DISTRICT","DRIVER_COUNT_16YR","DRIVER_COUNT_17YR","DRIVER_COUNT_18YR","DRIVER_COUNT_19YR","DRIVER_COUNT_20YR","DRIVER_COUNT_50_64YR","DRIVER_COUNT_65_74YR","DRIVER_COUNT_75PLUS","EST_HRS_CLOSED","FATAL_COUNT","HEAVY_TRUCK_COUNT","HORSE_BUGGY_COUNT","HOUR_OF_DAY","ILLUMINATION","INJURY_COUNT","INTERSECTION_RELATED","INTERSECT_TYPE","LANE_CLOSED","LATITUDE","LN_CLOSE_DIR","LOCATION_TYPE","LONGITUDE","MAX_SEVERITY_LEVEL","MCYCLE_DEATH_COUNT","MCYCLE_SUSP_SERIOUS_INJ_COUNT","MOTORCYCLE_COUNT","MUNICIPALITY","NONMOTR_COUNT","NONMOTR_DEATH_COUNT","NONMOTR_SUSP_SERIOUS_INJ_COUNT","NTFY_HIWY_MAINT","PED_COUNT","PED_DEATH_COUNT","PED_SUSP_SERIOUS_INJ_COUNT","PERSON_COUNT","POLICE_AGCY","POSSIBLE_INJ_COUNT","RDWY_SURF_TYPE_CD","RELATION_TO_ROAD","ROADWAY_CLEARED","ROAD_CONDITION","SCH_BUS_IND","SCH_ZONE_IND","SECONDARY_CRASH","SMALL_TRUCK_COUNT","SPEC_JURIS_CD","SUSP_MINOR_INJ_COUNT","SUSP_SERIOUS_INJ_COUNT","SUV_COUNT","TCD_FUNC_CD","TCD_TYPE","TFC_DETOUR_IND","TIME_OF_DAY","TOTAL_UNITS","TOT_INJ_COUNT","UNBELTED_OCC_COUNT","UNB_DEATH_COUNT","UNB_SUSP_SERIOUS_INJ_COUNT","UNK_INJ_DEG_COUNT","UNK_INJ_PER_COUNT","URBAN_RURAL","VAN_COUNT","VEHICLE_COUNT","VULNERABLE_ROAD_USER_COUNT","VULNERABLE_ROAD_USER_DEATH_COUNT","VULNERABLE_ROAD_USER_SER_INJ_COUNT","WEATHER1","WEATHER2","WORKERS_PRES","WORK_ZONE_IND","WORK_ZONE_LOC","WORK_ZONE_TYPE","WZ_CLOSE_DETOUR","WZ_FLAGGER","WZ_LAW_OFFCR_IND","WZ_LN_CLOSURE","WZ_MOVING","WZ_OTHER","WZ_SHLDER_MDN","WZ_WORKERS_INJ_KILLED"
"2021125679","1625","1","0","0","0","0","0","0","0","0","4","0","","67","12","2021","4","39.959388","-75.146998","1621","6","0","0","0","0","0","0","1","0","","0","0","0","15","1","1","N","0","1","39 57:33.796","1","7","75 08:49.191","3","0","0","0","67301","0","0","0","N","0","0","0","4","67301","0","","1.0","1650.0","1","N","N","N","0","","1","0","1","3","3","N","1540","4","1","0","0","0","0","0","2","2","4","0","0","0","3","03","","N","","","","","","","","","",""
"2021085824","1920","1","0","0","0","0","0","0","0","0","8","0","","67","9","2021","6","39.917873","-75.168948","1912","6","0","0","0","0","0","0","0","0","","0","0","0","14","1","1","","1","0","39 55:04.343","","0","75 10:08.211","8","0","0","0","67301","1","0","0","N","1","0","0","2","67301","0","","1.0","","1","N","N","N","0","","0","0","0","3","3","","1427","2","1","1","0","0","1","0","2","0","1","1","0","0","3","03","","N","","","","","","","","","",""
"2021125258","1205","0","0","0","0","0","0","0","0","0","8","1","","67","12","2021","6","39.922284","-75.153475","1205","6","0","0","0","0","0","0","0","0","","0","1","0","17","1","1","","1","0","39 55:20.221","","0","75 09:12.510","3","0","0","0","67301","1","0","0","N","1","0","0","2","67301","0","","1.0","","1","N","N","N","0","","1","0","0","3","2","","1710","2","1","0","0","0","0","0","2","0","1","1","0","0","3","03","","N","","","","","","","","","",""
"2021084925","0909","2","0","0","0","0","0","0","0","0","4","0","","67","9","2021","5","40.012831","-75.154588","0909","6","0","0","0","0","0","0","0","0","","0","0","0","9","1","3","","1","0","40 00:46.191","","0","75 09:16.516","4","0","0","0","67301","0","0","0","N","0","0","0","3","67301","3","","1.0","","9","N","N","N","0","","0","0","0","3","3","","901","2","3","2","0","0","0","0","2","0","2","0","0","0","7","07","","N","","","","","","","","","",""
"2021093597","2358","1","0","0","0","0","0","0","0","0","4","0","","67","9","2021","7","40.005748","-75.099049","2358","6","0","0","0","0","0","0","0","0","","0","0","0","23","3","6","","1","1","40 00:20.692","1","0","75 05:56.577","2","0","0","0","67301","0","0","0","N","0","0","0","6","67301","0","","1.0","227.0","1","N","N","N","0","","3","2","1","3","2","N","2348","2","6","0","0","0","1","0","2","0","2","0","0","0","3","03","","N","","","","","","","","","",""
"2021127681","1602","0","0","0","0","0","0","0","0","0","8","0","","67","12","2021","3","39.988085","-75.157564","1602","6","0","0","0","0","0","1","0","0","","0","0","0","16","1","1","","1","0","39 59:17.105","","0","75 09:27.231","4","0","0","0","67301","1","0","0","N","1","0","0","2","67301","1","","1.0","","1","N","N","N","0","","0","0","1","3","2","","1600","2","1","1","0","0","0","0","2","0","1","1","0","0","3","03","","N","","","","","","","","","",""
"2021126576","0410","1","0","0","0","0","0","0","0","0","2","0","","67","12","2021","6","40.044981","-75.149672","0400","6","0","0","0","0","0","0","0","0","","0","0","0","20","3","1","","1","0","40 02:41.931","","0","75 08:58.819","2","0","0","0","67301","0","0","0","N","0","0","0","2","67301","0","","1.0","","1","N","N","N","0","","0","1","1","3","2","","2030","2","1","1","0","1","0","0","2","0","2","0","0","0","3","03","","N","","","","","","","","","",""
"2021124646","2230","2","0","0","0","0","0","0","0","0","4","0","","67","12","2021","1","40.005219","-75.181002","2223","6","0","0","0","0","0","0","0","0","","0","0","0","22","3","2","","2","0","40 00:18.788","","0","75 10:51.608","3","0","0","0","67301","0","0","0","N","0","0","0","2","67301","0","","1.0","","1","N","N","N","1","","2","0","0","3","3","","2219","3","2","0","0","0","0","0","2","0","3","0","0","0","3","03","","N","","","","","","","","","",""
"2021088112","1945","0","0","0","0","0","0","0","0","0","4","0","","67","9","2021","6","39.994608","-75.159819","1945","6","0","0","0","0","0","0","0","0","","0","0","0","19","4","3","","5","0","39 59:40.590","","0","75 09:35.349","4","0","0","1","67301","0","0","0","N","0","0","0","3","67301","2","","1.0","","1","N","N","N","0","","0","0","1","3","2","","1945","2","3","2","0","0","1","0","2","0","2","0","0","0","3","03","","N","","","","","","","","","",""
"2021085726","2110","1","0","0","1","0","0","0","0","0","8","0","","67","9","2021","6","39.922809","-75.148107","2102","6","0","0","0","0","0","0","0","0","","0","0","0","11","1","1","","1","0","39 55:22.112","","0","75 08:53.185","4","0","0","0","67301","1","0","0","N","0","0","0","2","67301","1","","1.0","","1","N","N","N","0","","0","0","0","3","3","","1145","2","1","0","0","0","0","0","2","0","1","1","0","0","3","03","","N","","","","","","","","","",""
"2021085870","2020","2","0","0","0","0","0","0","0","0","1","0","","67","9","2021","7","39.955467","-75.14808","2020","6","0","0","0","0","0","0","0","0","","0","0","0","20","3","0","N","0","0","39 57:19.680","","2","75 08:53.089","0","0","0","0","67301","0","0","0","N","0","0","0","2","67501","0","","1.0","","1","N","N","Y","0","","0","0","0","0","0","","2020","2","0","0","0","0","0","0","2","0","2","0","0","0","3","","","N","","","","","","","","","",""
"2021088536","1820","1","0","0","0","0","0","0","0","0","8","0","","67","9","2021","5","39.929917","-75.241136","1816","6","0","0","0","0","0","0","0","0","","0","0","0","18","1","1","N","0","2","39 55:47.700","3","0","75 14:28.090","3","0","0","0","67301","1","0","0","N","1","0","0","2","67301","0","","1.0","2003.0","1","N","N","N","0","","1","0","0","0","0","N","1804","2","1","0","0","0","0","0","2","0","1","1","0","0","3","03","","N","","","","","","","","","",""
"2021087577","1705","0","0","0","1","0","0","0","0","0","8","0","","67","9","2021","6","39.949125","-75.212238","1704","6","0","0","0","0","0","0","0","0","","0","0","0","16","1","1","","3","0","39 56:56.850","","0","75 12:44.055","3","0","0","0","67301","1","0","0","N","0","0","0","2","67301","0","","1.0","","1","N","N","N","0","","1","0","1","0","0","","1602","2","1","0","0","0","0","0","2","0","1","1","0","0","3","03","","N","","","","","","","","","",""
"2021092298","0838","1","0","0","0","0","0","0","0","0","1","1","","67","9","2021","4","39.942869","-75.218396","0834","6","0","0","0","0","0","1","0","0","","0","1","0","8","1","1","","2","0","39 56:34.328","","0","75 13:06.225","8","0","0","0","67301","0","0","0","N","0","0","0","3","67508","0","","1.0","","1","N","N","Y","0","","0","0","0","0","0","","834","2","1","2","0","0","1","0","2","0","2","0","0","0","3","03","","N","","","","","","","","","",""
"2021126607","0220","1","0","0","0","0","0","0","0","0","2","0","","67","12","2021","1","40.046473","-75.136251","0212","6","0","0","0","0","1","1","0","0","","0","0","0","2","3","2","N","0","0","40 02:47.304","","0","75 08:10.504","3","0","0","0","67301","0","0","0","N","0","0","0","3","67301","0","","1.0","","9","N","N","N","0","","2","0","1","0","0","","210","2","2","0","0","0","0","0","2","0","2","0","0","0","7","","","N","","","","","","","","","",""
"2021092515","2348","0","0","0","0","0","0","0","0","0","7","0","","67","9","2021","4","40.054992","-74.984662","2340","6","0","0","0","0","0","0","0","0","","0","0","0","23","2","0","N","0","1","40 03:17.970","1","0","74 59:04.784","0","0","0","0","67301","0","0","0","N","0","0","0","1","68K01","0","","3.0","45.0","8","N","N","N","0","","0","0","1","0","0","N","2333","1","0","0","0","0","0","0","2","0","1","0","0","0","7","","","N","","","","","","","","","",""
"2021128269","0859","1","0","0","0","0","0","0","0","0","7","0","","67","12","2021","4","","","0855","6","0","0","0","0","0","0","0","0","","0","0","0","8","1","1","N","0","0","","","3","","8","0","0","0","67301","0","0","0","N","0","0","0","1","67501","0","","3.0","","9","N","N","N","0","","0","0","0","0","0","","855","1","1","0","0","0","1","0","1","0","1","0","0","0","3","","","N","","","","","","","","","",""
"2021087997","1338","3","0","0","0","0","0","0","0","0","4","0","","67","9","2021","6","39.976886","-75.166477","1338","6","0","0","0","0","0","1","0","0","","0","0","0","10","1","2","","1","0","39 58:36.789","","0","75 09:59.317","4","0","0","0","67301","0","0","0","N","0","0","0","3","67301","2","","1.0","","1","N","N","Y","0","","0","0","0","3","2","","1017","3","2","0","0","0","0","0","2","0","3","0","0","0","3","03","","N","","","","","","","","","",""
"2021128217","1508","0","0","0","0","0","0","0","0","0","1","0","","67","12","2021","6","39.911563","-75.148705","1501","6","0","0","0","0","0","2","0","0","","0","0","0","14","1","2","N","0","1","39 54:41.627","1","0","75 08:55.337","3","0","0","0","67301","0","0","0","N","0","0","0","6","68K01","0","","1.0","1607.0","1","N","N","N","0","","2","0","2","0","0","N","1457","2","2","0","0","0","0","0","2","0","2","0","0","0","3","","","N","","","","","","","","","",""
"2021087502","2340","1","0","0","0","0","0","0","0","0","1","0","","67","9","2021","5","39.900613","-75.205363","2329","6","0","0","0","0","0","1","0","0","","0","0","0","22","3","0","N","0","2","39 54:02.206","4","3","75 12:19.305","0","0","0","0","67301","0","0","0","N","0","0","0","1","67301","0","","1.0","130.0","1","N","N","N","0","","0","0","1","0","0","Y","2216","2","0","0","0","0","0","0","2","0","2","0","0","0","3","03","","N","","","","","","","","","",""
"2021124644","2114","0","0","0","0","0","0","0","0","0","5","0","","67","12","2021","1","40.006525","-75.161614","2107","6","0","0","0","0","0","0","0","0","","0","0","0","21","3","1","N","0","0","40 00:23.490","","0","75 09:41.810","3","0","0","0","67301","0","0","0","N","0","0","0","1","67301","0","","6.0","","1","N","N","N","0","","1","0","3","0","0","","2105","4","1","0","0","0","0","0","2","1","4","0","0","0","3","","","N","","","","","","","","","",""
"2021085632","2025","0","0","0","0","0","0","0","0","0","5","0","","67","9","2021","6","39.958231","-75.151214","2023","6","0","1","0","0","0","0","0","0","","0","0","0","20","3","0","N","0","2","39 57:29.630","4","0","75 09:04.370","0","0","0","0","67301","0","0","0","N","0","0","0","4","67301","0","","1.0","2230.0","1","N","N","N","0","","0","0","4","0","0","Y","2023","5","0","0","0","0","0","0","2","0","4","0","0","0","3","03","","N","","","","","","","","","",""
"2021125771","2226","1","0","0","0","0","0","0","0","0","4","0","","67","12","2021","3","39.976387","-75.151309","2226","6","0","0","0","1","0","0","0","0","","0","0","0","22","3","5","","1","2","39 58:34.993","7","0","75 09:04.712","2","0","0","0","67301","0","0","0","N","0","0","0","5","67301","0","","1.0","0.0","9","N","N","N","0","","3","2","1","3","2","Y","2226","2","5","0","0","0","0","0","2","0","2","0","0","0","6","07","","N","","","","","","","","","",""
"2021084090","2126","1","0","0","0","0","0","0","0","0","4","0","","67","9","2021","2","39.977936","-75.169771","2126","6","0","0","0","0","0","0","0","0","","0","0","0","21","3","0","","1","0","39 58:40.569","","0","75 10:11.174","0","0","0","0","67301","0","0","0","N","0","0","0","2","67301","0","","1.0","","1","N","N","N","0","","0","0","1","3","3","","2124","2","0","0","0","0","0","0","2","0","2","0","0","0","3","","","N","","","","","","","","","",""
"2021083163","1623","1","0","0","0","0","0","0","0","0","7","0","","67","9","2021","5","40.031796","-75.020855","1619","6","0","0","0","0","0","0","0","0","","0","0","0","16","1","1","N","0","0","40 01:54.466","","0","75 01:15.079","3","0","0","0","67301","0","0","0","N","0","0","0","1","67301","0","","1.0","","1","N","N","N","0","","1","0","0","0","0","","1619","1","1","0","0","0","0","0","2","0","1","0","0","0","3","03","","N","","","","","","","","","",""
"2021128186","1327","1","0","0","0","0","0","0","0","0","1","0","","67","12","2021","6","39.956943","-75.152758","1313","6","0","0","0","0","0","0","0","0","","0","0","0","13","1","0","N","0","0","39 57:24.996","","0","75 09:09.928","0","0","0","0","67301","0","0","0","N","0","0","0","3","68K01","0","","1.0","","1","N","N","N","0","","0","0","1","0","0","","1311","2","0","0","0","0","0","0","2","0","2","0","0","0","3","03","","N","","","","","","","","","",""
"2021126178","1615","2","0","0","0","0","0","0","0","0","4","0","","67","9","2021","7","40.024314","-75.161267","1615","6","0","0","0","0","0","0","0","0","","0","0","0","4","3","2","","1","9","40 01:27.530","","0","75 09:40.561","3","0","0","0","67301","0","0","0","N","0","0","0","2","67301","0","","1.0","","99","N","N","N","0","","2","0","0","3","3","U","415","2","2","0","0","0","0","0","2","0","2","0","0","0","99","","","N","","","","","","","","","",""
"2021089238","1349","0","0","0","0","0","0","0","0","0","5","0","","67","9","2021","5","39.965883","-75.155839","1349","6","0","0","0","0","0","0","0","0","","0","0","0","13","1","0","N","0","0","39 57:57.180","","0","75 09:21.020","0","0","0","0","67301","0","0","0","N","0","0","0","1","67301","0","","6.0","","1","N","N","N","0","","0","0","2","0","0","","1345","2","0","0","0","0","0","0","2","0","2","0","0","0","3","03","","N","","","","","","","","","",""
"2021123862","1740","2","0","0","0","0","0","0","0","0","4","0","","67","12","2021","6","40.095472","-74.959775","1739","6","0","0","0","1","0","0","0","0","","0","0","0","17","3","2","N","0","2","40 05:43.698","1","7","74 57:35.190","3","0","0","0","67301","0","0","0","N","0","0","0","4","67301","0","","1.0","1800.0","1","N","N","N","0","","2","0","0","3","2","N","1735","2","2","0","0","0","0","0","2","0","2","0","0","0","3","03","","N","","","","","","","","","",""
"2021117377","","1","0","0","0","0","0","0","0","0","4","0","","67","8","2021","1","39.982583","-75.188083","","6","0","0","0","0","0","0","0","0","","0","0","0","7","1","2","N","0","0","39 58:57.300","","7","75 11:17.100","8","0","0","0","67301","0","0","0","N","0","0","0","2","00000","0","","1.0","","1","N","N","N","0","","0","0","1","0","0","","730","2","2","0","0","0","2","0","2","0","2","0","0","0","3","","","N","","","","","","","","","",""
"2021086785","1425","1","0","0","0","0","0","0","0","0","4","0","","67","9","2021","2","39.975162","-75.188163","1417","6","0","0","0","0","0","0","1","0","","0","0","0","14","1","2","","1","0","39 58:30.584","","0","75 11:17.385","3","0","0","0","67301","0","0","0","N","0","0","0","3","67301","0","","1.0","","1","N","N","N","1","","2","0","0","3","2","","1416","2","2","0","0","0","0","0","2","0","2","0","0","0","3","03","","N","","","","","","","","","",""
"2021089147","1300","1","0","0","0","0","0","0","0","0","7","0","","67","9","2021","4","39.992506","-75.14385","1253","6","0","0","0","0","0","0","0","0","","0","0","0","12","1","1","","1","0","39 59:33.020","","0","75 08:37.860","3","0","0","0","67301","0","0","0","N","0","0","0","1","67301","0","","4.0","","1","N","N","N","0","","1","0","0","0","0","","1248","1","1","0","0","0","0","0","2","0","1","0","0","0","3","03","","N","","","","","","","","","",""
"2021124416","0346","2","0","0","0","0","0","0","0","0","4","0","","67","12","2021","7","39.972233","-75.232884","0343","6","0","0","0","0","0","1","0","0","","0","0","0","3","3","0","","1","0","39 58:20.038","","0","75 13:58.382","0","0","0","0","67301","0","0","0","N","0","0","0","2","67301","0","","1.0","","9","N","N","Y","0","","0","0","0","3","3","","340","2","0","0","0","0","0","0","2","0","2","0","0","0","7","07","","N","","","","","","","","","",""
"2021086024","1803","1","0","0","0","0","0","0","0","0","4","0","","67","9","2021","1","39.916035","-75.236038","1800","6","0","0","0","0","0","1","0","0","","0","0","0","17","1","0","","1","0","39 54:57.726","","0","75 14:09.736","0","0","0","0","67301","0","0","0","N","0","0","0","3","67301","0","","1.0","","1","N","N","N","0","","0","0","1","3","2","","1740","2","0","3","0","0","0","0","2","0","2","0","0","0","3","03","","N","","","","","","","","","",""
"2021093098","1806","2","0","0","0","0","0","0","0","0","4","0","","67","9","2021","4","40.050401","-75.141043","1806","6","0","0","0","1","0","1","0","0","","0","0","0","18","1","1","","1","2","40 03:01.443","7","0","75 08:27.754","3","0","0","0","67301","0","0","0","N","0","0","0","3","67301","0","","1.0","1837.0","1","N","N","N","0","","1","0","2","3","3","Y","1802","4","1","0","0","0","0","0","2","0","4","0","0","0","3","","","N","","","","","","","","","",""
"2021128410","1041","0","0","0","0","0","0","0","0","0","4","0","","67","12","2021","6","40.000473","-75.119614","1041","6","0","0","0","0","0","0","0","0","","0","0","0","9","1","0","","1","0","40 00:01.702","","0","75 07:10.610","0","0","0","0","67301","0","0","0","N","0","0","0","2","67301","0","","1.0","","1","N","N","N","0","","0","0","2","3","3","","928","2","0","2","0","0","0","0","2","0","2","0","0","0","3","03","","N","","","","","","","","","",""
"2021127236","2255","0","0","0","0","0","0","0","0","0","7","0","","67","12","2021","1","40.068833","-75.160167","2250","6","0","0","0","0","0","0","0","0","","0","0","0","22","3","0","N","0","0","40 04:07.800","","0","75 09:36.600","9","0","0","0","67301","0","0","0","N","0","0","0","2","67301","0","","6.0","","1","N","N","N","0","","0","0","2","0","0","","2230","2","0","0","0","0","0","1","2","0","2","0","0","0","3","","","N","","","","","","","","","",""
"2021085348","2005","1","0","0","0","0","0","0","0","0","5","0","","67","9","2021","5","39.961972","-75.149722","2000","6","0","0","0","0","0","0","0","0","","0","0","0","19","3","1","N","0","0","39 57:43.100","","0","75 08:59.000","8","0","0","0","67301","0","0","0","N","0","0","0","1","67301","0","","6.0","","1","N","N","N","0","","0","0","1","0","0","","1945","2","1","0","0","0","1","0","2","0","2","0","0","0","3","03","","N","","","","","","","","","",""
"2021125234","1801","1","0","0","0","0","0","0","0","0","5","0","","67","12","2021","6","39.916734","-75.217239","1801","6","0","0","0","0","0","0","1","0","","0","0","0","14","1","3","N","0","0","39 55:00.241","","0","75 13:02.061","3","0","0","0","67301","0","0","0","N","0","0","0","5","67301","0","","1.0","","1","N","N","N","0","","3","0","2","0","0","","1400","3","3","0","0","0","0","0","2","0","3","0","0","0","3","","","N","","","","","","","","","",""
"2021089115","0447","1","0","0","0","0","0","0","0","0","7","0","","67","9","2021","6","39.985124","-75.208201","0431","6","0","0","0","0","0","1","0","0","","0","0","0","4","3","1","","7","1","39 59:06.448","4","2","75 12:29.524","8","0","0","0","67301","0","0","0","Y","0","0","0","3","68K01","0","","7.0","515.0","9","N","N","N","0","","0","0","0","0","0","N","429","1","1","2","0","0","1","0","2","0","1","0","0","0","7","","","N","","","","","","","","","",""
"2021123836","0155","1","0","0","0","0","0","0","0","0","4","0","","67","12","2021","7","40.001601","-75.152925","0206","6","0","0","0","0","0","0","0","0","","0","0","0","1","3","1","","1","0","40 00:05.763","","0","75 09:10.529","3","0","0","0","67301","0","0","0","N","0","0","0","2","67301","0","","1.0","","9","N","N","N","0","","1","0","0","3","2","","140","2","1","0","0","0","0","1","2","1","2","0","0","0","7","","","N","","","","","","","","","",""
"2021126876","0102","1","0","0","0","0","0","0","0","0","8","0","","67","12","2021","7","39.998106","-75.175242","0100","6","0","0","0","0","0","0","0","0","","0","0","0","1","3","1","N","0","0","39 59:53.180","","0","75 10:30.870","8","0","0","0","67301","1","0","0","N","1","0","0","2","67301","0","","1.0","","9","N","N","N","0","","0","0","0","0","0","","100","2","1","0","0","0","1","1","2","0","1","1","0","0","3","04","","N","","","","","","","","","",""
"2021088438","1448","1","0","0","0","0","0","0","0","0","7","0","","67","9","2021","5","39.912306","-75.168944","1448","6","0","0","0","1","0","0","0","0","","0","0","0","14","1","0","N","0","0","39 54:44.300","","2","75 10:08.200","0","0","0","0","67301","0","0","0","N","0","0","0","1","67501","0","","4.0","","1","N","N","N","0","","0","0","0","0","0","N","1448","1","0","0","0","0","0","0","2","0","1","0","0","0","3","03","","N","","","","","","","","","",""
"2021126438","1344","1","0","0","0","0","0","0","0","0","4","0","","67","12","2021","1","39.999027","-75.133244","1335","6","0","0","0","0","0","0","1","0","","0","0","0","12","1","0","","1","0","39 59:56.498","","0","75 07:59.680","0","0","0","0","67301","0","0","0","N","0","0","0","2","67301","0","","1.0","","1","N","N","N","0","","0","0","1","0","0","","1231","2","0","0","0","0","0","0","2","0","2","0","0","0","3","03","","N","","","","","","","","","",""
"2021126302","1340","0","0","0","0","0","0","0","0","0","8","0","","67","12","2021","6","40.041809","-75.192096","1335","6","0","0","0","0","0","0","0","0","","0","0","0","13","1","1","","1","0","40 02:30.511","","0","75 11:31.546","3","0","0","0","67301","1","0","0","N","1","0","0","2","67301","0","","1.0","","1","N","N","N","0","","1","0","1","3","2","","1315","2","1","0","0","0","0","0","2","0","1","1","0","0","3","","","N","","","","","","","","","",""
"2021085718","0240","1","0","0","1","0","0","0","0","0","8","0","","67","9","2021","6","40.036307","-75.129543","0227","6","0","0","0","0","0","0","0","0","","0","0","0","23","3","1","","1","0","40 02:10.706","","0","75 07:46.353","3","0","0","0","67301","1","0","0","N","0","0","0","2","67301","0","","1.0","","1","N","N","N","0","","1","0","0","3","3","","2345","2","1","0","0","0","0","1","2","0","1","1","0","0","3","","","N","","","","","","","","","",""
"2021088120","0615","1","0","0","0","0","0","0","0","0","7","0","","67","9","2021","7","40.036394","-75.144028","0614","6","0","0","0","0","0","0","0","0","","0","0","0","6","3","1","N","0","0","40 02:11.020","","7","75 08:38.500","3","0","0","0","67301","0","0","0","N","0","0","0","1","67301","0","","5.0","","1","N","N","N","0","","1","0","0","0","0","","613","1","1","0","0","0","0","0","2","0","1","0","0","0","3","03","","N","","","","","","","","","",""
"2021085455","2348","2","0","0","0","0","0","0","0","0","2","0","","67","9","2021","4","40.04813","-75.158039","2345","6","0","0","0","0","1","0","0","0","","0","0","0","23","3","0","","3","0","40 02:53.268","","0","75 09:28.940","9","0","0","0","67301","0","0","0","N","0","0","0","3","67301","0","","1.0","","9","N","N","N","0","","0","0","1","0","0","","2335","3","0","0","0","0","0","1","2","0","3","0","0","0","7","","","N","","","","","","","","","",""
"2021092675","0902","2","0","0","0","0","0","0","0","0","1","0","","67","9","2021","3","39.953194","-75.161722","0902","6","0","0","0","0","0","0","0","0","","0","0","0","10","1","1","N","0","0","39 57:11.500","","0","75 09:42.200","3","0","0","0","67301","0","0","0","N","0","0","0","2","67301","0","","1.0","","1","N","N","N","0","","1","0","0","0","0","","1000","2","1","1","0","0","0","1","2","0","2","0","0","0","3","03","","N","","","","","","","","","",""
"2021105780","","1","0","0","0","0","0","0","0","0","4","0","","67","8","2021","2","39.954661","-75.149521","","6","0","0","0","0","0","0","0","0","","0","0","0","14","1","0","","5","0","39 57:16.781","","2","75 08:58.276","0","0","0","0","67301","0","0","0","N","0","0","0","2","00000","0","","1.0","","1","N","N","N","0","","0","0","1","3","2","","1430","2","0","0","0","0","0","0","2","0","2","0","0","0","3","","","N","","","","","","","","","",""
"2021088537","0202","1","0","0","0","0","0","0","0","0","5","0","","67","9","2021","7","39.924167","-75.236361","0200","6","0","0","0","0","0","0","0","0","","0","0","0","2","3","0","N","0","0","39 55:27.000","","0","75 14:10.900","0","0","0","0","67301","0","0","0","N","0","0","0","1","67301","0","","6.0","","1","N","N","N","1","","0","0","0","0","0","","200","2","0","0","0","0","0","0","2","0","2","0","0","0","3","03","","N","","","","","","","","","",""
"2021094428","1425","0","0","0","0","0","0","0","0","0","8","0","","67","9","2021","1","39.999397","-75.117056","1420","6","0","0","0","0","0","0","0","0","","0","0","0","14","1","1","N","0","0","39 59:57.830","","0","75 07:01.400","3","0","0","0","67301","1","0","0","N","1","0","0","2","67301","0","","1.0","","1","N","N","N","0","","1","0","1","0","0","","1418","2","1","0","0","0","0","0","2","0","1","1","0","0","3","03","","N","","","","","","","","","",""
"2021096068","0147","1","0","0","0","0","0","0","0","0","5","0","","67","9","2021","5","39.9324","-75.173471","0142","6","0","0","0","0","0","0","0","0","","0","0","0","1","3","1","","1","0","39 55:56.641","","0","75 10:24.495","8","0","0","0","67301","0","0","0","N","0","0","0","2","67301","0","","1.0","","9","N","N","N","0","","0","0","1","3","3","","140","2","1","0","0","0","1","0","2","0","2","0","0","0","7","","","N","","","","","","","","","",""
"2021126572","1800","2","0","0","0","0","0","0","0","0","4","0","","67","12","2021","7","40.061755","-75.056066","1751","6","0","0","0","0","0","1","0","0","","0","0","0","17","3","0","","1","0","40 03:42.317","","0","75 03:21.839","0","0","0","0","67301","0","0","0","N","0","0","0","2","67301","0","","1.0","","9","N","N","N","0","","0","0","0","3","1","","1740","2","0","0","0","0","0","0","2","0","2","0","0","0","3","07","","N","","","","","","","","","",""
"2021085309","2043","0","0","0","0","0","0","0","0","0","7","0","","67","9","2021","5","39.980586","-75.197952","2040","6","0","0","0","0","0","0","0","0","","0","0","0","20","3","2","","2","1","39 58:50.109","4","0","75 11:52.626","3","0","0","0","67301","0","0","0","N","0","0","0","2","67301","0","","4.0","100.0","1","N","N","N","0","","2","0","1","3","2","N","2035","1","2","0","0","0","0","0","2","0","1","0","0","0","3","03","","N","","","","","","","","","",""
"2021089442","1011","2","0","0","0","0","0","0","0","0","5","0","45","67","9","2021","6","40.010501","-75.06256","1008","6","0","0","0","0","0","1","0","0","","0","0","0","10","1","1","N","0","1","40 00:37.805","1","0","75 03:45.217","8","0","0","0","67301","0","0","0","N","0","0","0","4","68K01","0","","1.0","1026.0","1","N","N","N","0","","0","0","1","0","0","N","1006","4","1","0","0","0","1","0","2","0","3","0","0","0","3","","Y","Y","4","1","N","N","N","Y","N","N","Y","N"
"2021084909","0815","1","0","0","0","0","0","0","0","0","4","0","","67","9","2021","5","39.989366","-75.155609","0802","6","0","0","0","0","0","1","0","0","","0","0","0","7","1","0","","1","0","39 59:21.719","","0","75 09:20.192","0","0","0","0","67301","0","0","0","N","0","0","0","4","67301","0","","1.0","","9","N","N","N","0","","0","0","1","3","2","","750","2","0","0","0","0","0","0","2","0","2","0","0","0","7","04","","N","","","","","","","","","",""