"CRN","ARRIVAL_TM","AUTOMOBILE_COUNT","BELTED_DEATH_COUNT","BELTED_SUSP_SERIOUS_INJ_COUNT","BICYCLE_COUNT","BICYCLE_DEATH_COUNT","BICYCLE_SUSP_SERIOUS_INJ_COUNT","BUS_COUNT","CHLDPAS_DEATH_COUNT","CHLDPAS_SUSP_SERIOUS_INJ_COUNT","COLLISION_TYPE","COMM_VEH_COUNT","CONS_ZONE_SPD_LIM","COUNTY","CRASH_MONTH","CRASH_YEAR","DAY_OF_WEEK","DEC_LATITUDE","DEC_LONGITUDE","DISPATCH_TM","DISTRICT","DRIVER_COUNT_16YR","DRIVER_COUNT_17YR","DRIVER_COUNT_18YR","DRIVER_COUNT_19YR","DRIVER_COUNT_20YR","DRIVER_COUNT_50_64YR","DRIVER_COUNT_65_74YR","DRIVER_COUNT_75PLUS","EST_HRS_CLOSED","FATAL_COUNT","HEAVY_TRUCK_COUNT","HORSE_BUGGY_COUNT","HOUR_OF_DAY","ILLUMINATION","INJURY_COUNT","INTERSECTION_RELATED","INTERSECT_TYPE","LANE_CLOSED","LATITUDE","LN_CLOSE_DIR","LOCATION_TYPE","LONGITUDE","MAX_SEVERITY_LEVEL","MCYCLE_DEATH_COUNT","MCYCLE_SUSP_SERIOUS_INJ_COUNT","MOTORCYCLE_COUNT","MUNICIPALITY","NONMOTR_COUNT","NONMOTR_DEATH_COUNT","NONMOTR_SUSP_SERIOUS_INJ_COUNT","NTFY_HIWY_MAINT","PED_COUNT","PED_DEATH_COUNT","PED_SUSP_SERIOUS_INJ_COUNT","PERSON_COUNT","POLICE_AGCY","POSSIBLE_INJ_COUNT","RDWY_SURF_TYPE_CD","RELATION_TO_ROAD","ROADWAY_CLEARED","ROAD_CONDITION","SCH_BUS_IND","SCH_ZONE_IND","SECONDARY_CRASH","SMALL_TRUCK_COUNT","SPEC_JURIS_CD","SUSP_MINOR_INJ_COUNT","SUSP_SERIOUS_INJ_COUNT","SUV_COUNT","TCD_FUNC_CD","TCD_TYPE","TFC_DETOUR_IND","TIME_OF_DAY","TOTAL_UNITS","TOT_INJ_COUNT","UNBELTED_OCC_COUNT","UNB_DEATH_COUNT","UNB_SUSP_SERIOUS_INJ_COUNT","UNK_INJ_DEG_COUNT","UNK_INJ_PER_COUNT","URBAN_RURAL","VAN_COUNT","VEHICLE_COUNT","VULNERABLE_ROAD_USER_COUNT","VULNERABLE_ROAD_USER_DEATH_COUNT","VULNERABLE_ROAD_USER_SER_INJ_COUNT","WEATHER1","WEATHER2","WORKERS_PRES","WORK_ZONE_IND","WORK_ZONE_LOC","WORK_ZONE_TYPE","WZ_CLOSE_DETOUR","WZ_FLAGGER","WZ_LAW_OFFCR_IND","WZ_LN_CLOSURE","WZ_MOVING","WZ_OTHER","WZ_SHLDER_MDN","WZ_WORKERS_INJ_KILLED"
"2021124407","0830","2","0","0","0","0","0","0","0","0","2","0","","67","12","2021","1","40.002969","-75.22033","0817","6","0","0","0","0","0","0","0","0","","0","0","0","6","1","0","N","0","2","40 00:10.688","3","0","75 13:13.187","0","0","0","0","67301","0","0","0","N","0","0","0","0","67301","0","","1.0","920.0","1","N","N","N","0","","0","0","1","0","0","N","656","3","0","0","0","0","0","0","2","0","3","0","0","0","3","","","N","","","","","","","","","",""
"2021103184","0020","1","0","0","0","0","0","0","0","0","4","0","","67","8","2021","3","40.022705","-75.133512","0011","6","0","0","0","0","0","0","0","0","","0","0","0","0","3","3","","1","2","40 01:21.738","6","0","75 08:00.643","3","0","0","0","67301","0","0","0","N","0","0","0","3","67301","0","","1.0","11.0","1","N","N","N","1","","3","0","0","3","2","Y","0","2","3","0","0","0","0","0","2","0","2","0","0","0","3","","","N","","","","","","","","","",""
"2021084716","1829","1","0","0","0","0","0","0","0","0","5","0","","67","9","2021","2","40.03775","-75.102194","1819","6","0","0","0","0","0","0","0","0","","0","0","0","17","1","2","N","0","0","40 02:15.900","","0","75 06:07.900","3","0","0","0","67301","0","0","0","N","0","0","0","4","67301","0","","6.0","","1","N","N","N","0","","2","0","2","0","0","","1755","3","2","0","0","0","0","1","2","0","3","0","0","0","3","","","N","","","","","","","","","",""
"2021083915","0107","2","0","0","0","0","0","0","0","0","4","0","","67","9","2021","6","40.021555","-75.124352","0102","6","0","0","0","0","1","0","0","0","","0","0","0","0","3","1","","1","0","40 01:17.597","","0","75 07:27.667","3","0","0","0","67301","0","0","0","N","0","0","0","2","67301","0","","1.0","","1","N","N","N","0","","1","0","0","3","2","","32","2","1","1","0","0","0","0","2","0","2","0","0","0","3","03","","N","","","","","","","","","",""
"2021083151","1915","1","0","0","0","0","0","0","0","0","4","0","","67","8","2021","7","40.021311","-75.148614","1915","6","0","0","0","0","0","2","0","0","","0","0","0","17","1","1","N","0","0","40 01:16.721","","7","75 08:55.009","3","0","0","1","67301","0","0","0","N","0","0","0","2","67301","0","","1.0","","99","N","N","N","0","","1","0","0","0","0","","1736","2","1","0","0","0","0","0","2","0","2","0","0","0","99","03","","N","","","","","","","","","",""
"2021117351","","2","0","0","0","0","0","0","0","0","4","0","","67","8","2021","3","39.929357","-75.169341","","6","0","0","0","0","0","0","0","0","","0","0","0","13","1","0","Y","2","0","39 55:45.685","","0","75 10:09.627","0","0","0","0","67301","0","0","0","N","0","0","0","2","00000","0","","1.0","","1","N","N","N","0","","0","0","0","3","3","","1350","4","0","0","0","0","0","0","2","0","4","0","0","0","3","","","N","","","","","","","","","",""
"2021126069","1655","2","0","0","0","0","0","0","0","0","4","0","","67","12","2021","5","39.987867","-75.155878","1647","6","0","0","0","1","0","0","0","1","","0","0","0","16","1","1","","1","0","39 59:16.322","","0","75 09:21.162","8","0","0","0","67301","0","0","0","N","0","0","0","3","67301","0","","1.0","","1","N","N","N","0","","0","0","0","3","2","","1630","2","1","1","0","0","1","0","2","0","2","0","0","0","3","03","","N","","","","","","","","","",""
"2021119774","","1","0","0","0","0","0","0","0","0","4","0","","67","8","2021","5","39.904045","-75.240114","","6","0","0","0","0","0","1","0","0","","0","0","0","9","1","1","","1","0","39 54:14.563","","0","75 14:24.409","8","0","0","0","67301","0","0","0","N","0","0","0","2","00000","0","","1.0","","1","N","N","N","0","","0","0","1","3","2","","900","2","1","0","0","0","1","0","2","0","2","0","0","0","3","","","N","","","","","","","","","",""
"2021084014","0853","1","0","0","0","0","0","0","0","0","4","0","","67","8","2021","3","40.004935","-75.178718","0849","6","0","0","0","0","0","1","0","0","","0","0","0","8","1","2","","5","0","40 00:17.766","","0","75 10:43.386","3","0","0","0","67301","0","0","0","N","0","0","0","3","67301","0","","1.0","","1","N","N","N","0","","2","0","1","3","2","","835","2","2","0","0","0","0","0","2","0","2","0","0","0","3","","","N","","","","","","","","","",""
"2021082132","1551","1","0","0","0","0","0","0","0","0","4","0","","67","8","2021","1","40.066128","-75.063046","1551","6","0","0","0","0","0","0","1","0","","0","0","0","15","1","0","","1","0","40 03:58.061","","0","75 03:46.964","0","0","0","0","67301","0","0","0","N","0","0","0","2","67301","0","","1.0","","1","N","N","N","0","","0","0","1","3","2","","1545","2","0","0","0","0","0","0","2","0","2","0","0","0","3","03","","N","","","","","","","","","",""
"2021081855","1520","1","0","0","0","0","0","0","0","0","4","0","","67","8","2021","2","40.071242","-75.191352","1510","6","1","0","0","0","0","0","1","0","","0","0","0","15","1","0","","2","0","40 04:16.471","","0","75 11:28.867","0","0","0","0","67301","0","0","0","N","0","0","0","5","67301","0","","1.0","","1","N","N","Y","2","","0","0","0","3","3","","1509","3","0","0","0","0","0","0","2","0","3","0","0","0","3","03","","N","","","","","","","","","",""
"2021125854","1136","1","0","0","0","0","0","0","0","0","5","0","","67","12","2021","7","39.960031","-75.179974","1116","6","0","1","0","0","0","0","0","0","","0","0","0","11","1","0","N","0","0","39 57:36.111","","0","75 10:47.907","0","0","0","0","67301","0","0","0","N","0","0","0","4","68K01","0","","1.0","","8","N","N","N","0","","0","0","1","0","0","","1113","2","0","0","0","0","0","0","2","0","2","0","0","0","4","04","","N","","","","","","","","","",""
"2021083904","0050","0","0","0","0","0","0","0","0","0","8","0","","67","9","2021","5","40.022705","-75.133512","0100","6","0","0","0","0","0","0","0","0","","0","0","0","17","1","1","","1","0","40 01:21.738","","0","75 08:00.643","3","0","0","0","67301","1","0","0","N","1","0","0","2","67301","0","","1.0","","1","N","N","N","0","","1","0","1","3","2","","1720","2","1","0","0","0","0","0","2","0","1","1","0","0","3","03","","N","","","","","","","","","",""
"2021083565","1826","2","0","0","0","0","0","0","0","0","4","0","","67","9","2021","7","39.963962","-75.218253","1816","6","0","0","0","0","0","0","0","0","","0","0","0","18","4","1","","1","0","39 57:50.263","","0","75 13:05.710","3","0","0","0","67301","0","0","0","N","0","0","0","3","67301","0","","1.0","","1","N","N","N","0","","1","0","0","3","3","","1813","2","1","1","0","0","0","1","2","0","2","0","0","0","3","","","N","","","","","","","","","",""
"2021081950","2015","1","0","0","0","0","0","0","0","0","4","0","","67","8","2021","2","40.067803","-75.159375","2005","6","0","0","0","0","0","1","0","0","","0","0","0","20","3","1","N","0","0","40 04:04.090","","7","75 09:33.750","3","0","0","1","67301","0","0","0","N","0","0","0","2","67301","0","","1.0","","1","N","N","N","0","","1","0","0","0","0","","2000","2","1","0","0","0","0","0","2","0","2","0","0","0","3","","","N","","","","","","","","","",""
"2021082157","0228","2","0","0","0","0","0","0","0","0","6","0","","67","8","2021","3","40.061902","-75.009439","0228","6","0","0","0","0","0","0","0","0","","0","0","0","2","3","1","N","0","1","40 03:42.847","2","0","75 00:33.980","3","0","0","0","67301","0","0","0","N","0","0","0","1","67301","0","","6.0","321.0","1","N","N","N","0","","1","0","0","0","0","N","228","2","1","1","0","0","0","0","2","0","2","0","0","0","3","03","","N","","","","","","","","","",""
"2021083160","2107","1","0","0","0","0","0","0","0","0","4","0","","67","8","2021","3","40.056404","-75.028956","2055","6","0","0","0","0","0","0","0","0","","0","0","0","20","3","1","","1","0","40 03:23.055","","0","75 01:44.242","3","0","0","0","67301","0","0","0","N","0","0","0","3","67301","0","","1.0","","1","N","N","N","0","","1","0","1","3","2","","2048","2","1","0","0","0","0","0","2","0","2","0","0","0","3","03","","N","","","","","","","","","",""
"2021123833","1247","1","0","0","0","0","0","0","0","0","8","0","","67","12","2021","6","39.967253","-75.171361","1243","6","0","0","0","0","0","0","0","0","","0","0","0","12","1","1","","2","0","39 58:02.110","","0","75 10:16.899","8","0","0","0","67301","1","0","0","N","1","0","0","2","67301","0","","1.0","","1","N","N","N","0","","0","0","0","3","2","","1240","2","1","0","0","0","1","0","2","0","1","1","0","0","3","","","N","","","","","","","","","",""
"2021124523","1045","0","0","0","0","0","0","0","0","0","8","0","","67","12","2021","7","40.013917","-75.101675","1042","6","0","0","0","0","0","0","0","0","","0","0","0","7","1","1","N","0","0","40 00:50.100","","0","75 06:06.030","8","0","0","0","67301","1","0","0","N","1","0","0","1","67301","0","","1.0","","9","N","N","N","0","","0","0","0","3","3","","730","2","1","0","0","0","1","0","2","0","1","1","0","0","7","07","","N","","","","","","","","","",""
"2021081831","1848","2","0","0","0","0","0","0","0","0","4","0","","67","8","2021","2","40.022578","-75.055525","1841","6","0","1","0","0","0","1","0","0","","0","0","0","18","1","1","","1","0","40 01:21.280","","0","75 03:19.890","3","0","0","0","67301","0","0","0","N","0","0","0","2","67301","0","","1.0","","1","N","N","Y","0","","1","0","0","0","0","","1834","2","1","0","0","0","0","0","2","0","2","0","0","0","3","","","N","","","","","","","","","",""
"2021125619","1645","1","0","0","0","0","0","0","0","0","7","0","","67","12","2021","7","40.026844","-75.025733","1640","6","0","0","0","0","0","0","0","0","","0","0","0","16","3","0","N","0","1","40 01:36.637","1","0","75 01:32.640","0","0","0","0","67301","0","0","0","N","0","0","0","1","68K01","0","","3.0","1654.0","9","N","N","N","0","","0","0","0","0","0","N","1640","1","0","1","0","0","0","0","2","0","1","0","0","0","7","07","","N","","","","","","","","","",""
"2021126695","2059","2","0","0","0","0","0","0","0","0","2","0","","67","12","2021","5","39.959446","-75.239265","2055","6","0","0","0","0","0","0","0","0","","0","0","0","20","3","1","","1","0","39 57:34.005","","0","75 14:21.353","3","0","0","0","67301","0","0","0","N","0","0","0","4","67301","0","","1.0","","1","N","N","N","0","","1","0","0","3","3","","2044","2","1","0","0","0","0","0","2","0","2","0","0","0","3","","","N","","","","","","","","","",""
"2021082040","0948","1","0","0","0","0","0","0","0","0","4","0","","67","8","2021","2","40.027475","-75.163028","0943","6","0","0","0","0","0","1","0","0","","0","0","0","9","1","2","","2","0","40 01:38.910","","0","75 09:46.900","3","0","0","0","67301","0","0","0","N","0","0","0","3","67301","0","","1.0","","1","N","N","N","0","","2","0","1","3","3","","927","2","2","0","0","0","0","0","2","0","2","0","0","0","3","03","","N","","","","","","","","","",""
"2021126000","1128","1","0","0","0","0","0","0","0","0","7","0","","67","10","2021","2","40.017661","-75.048685","1120","6","0","0","0","0","0","0","0","0","","0","0","0","11","1","0","N","0","0","40 01:03.581","","0","75 02:55.265","0","0","0","0","67301","0","0","0","N","0","0","0","1","68K01","0","","2.0","","1","N","N","N","0","","0","0","0","0","0","","1119","1","0","0","0","0","0","0","2","0","1","0","0","0","3","03","","N","","","","","","","","","",""
"2021083443","0208","3","0","0","0","0","0","0","0","0","5","0","","67","9","2021","5","40.027469","-75.118136","0208","6","0","0","0","0","0","0","0","0","","0","0","0","1","3","0","N","0","2","40 01:38.890","3","0","75 07:05.290","0","0","0","0","67301","0","0","0","N","0","0","0","1","67301","0","","6.0","350.0","9","N","N","N","1","","0","0","2","0","0","Y","130","7","0","1","0","0","0","0","2","1","7","0","0","0","4","","","N","","","","","","","","","",""
"2021083631","2339","2","0","0","0","0","0","0","0","0","4","0","","67","8","2021","3","40.027544","-75.146423","2333","6","0","0","0","0","0","0","0","0","","0","0","0","21","3","1","","1","0","40 01:39.158","","0","75 08:47.122","3","0","0","0","67301","0","0","0","N","0","0","0","3","67301","0","","1.0","","1","N","N","N","0","","1","0","0","3","2","","2118","2","1","0","0","0","0","0","2","0","2","0","0","0","3","","","N","","","","","","","","","",""
"2021085386","0436","2","0","0","0","0","0","0","0","0","1","0","","67","9","2021","5","39.956938","-75.180444","0421","6","0","0","0","0","0","2","0","0","","0","0","0","4","3","0","N","0","0","39 57:24.976","","0","75 10:49.598","0","0","0","0","67301","0","0","0","N","0","0","0","3","68K01","0","","1.0","","8","N","N","N","1","","0","0","0","0","0","","421","3","0","0","0","0","0","0","2","0","3","0","0","0","4","","","N","","","","","","","","","",""
"2021083567","0225","2","0","0","0","0","0","0","0","0","1","0","","67","9","2021","1","39.977768","-75.21345","0223","6","0","0","0","0","0","0","0","0","","0","0","0","2","3","0","","1","1","39 58:39.965","5","0","75 12:48.419","0","0","0","0","67301","0","0","0","N","0","0","0","2","67301","0","","1.0","318.0","1","N","N","N","0","","0","0","0","2","1","N","220","2","0","0","0","0","0","0","2","0","2","0","0","0","3","03","","N","","","","","","","","","",""
"2021084070","1852","0","0","0","0","0","0","0","0","0","1","0","","67","8","2021","3","40.023149","-75.137162","1852","6","0","0","0","0","0","0","0","0","","0","0","0","16","1","1","","1","0","40 01:23.336","","0","75 08:13.783","4","0","0","0","67301","0","0","0","N","0","0","0","2","67301","1","","1.0","","99","N","N","N","1","","0","0","1","3","2","","1636","2","1","2","0","0","0","0","2","0","2","0","0","0","99","","","N","","","","","","","","","",""
"2021081947","1802","1","0","0","0","0","0","0","0","0","8","0","","67","8","2021","1","39.922116","-75.235739","1759","6","0","0","0","0","0","0","0","0","","0","0","0","17","1","1","N","0","0","39 55:19.619","","0","75 14:08.659","3","0","0","0","67301","1","0","0","N","1","0","0","2","67301","0","","1.0","","1","N","N","N","0","","1","0","0","0","0","","1757","2","1","1","0","0","0","0","2","0","1","1","0","0","3","04","","N","","","","","","","","","",""
"2021126217","1719","1","0","0","0","0","0","0","0","0","1","0","","67","12","2021","2","39.946847","-75.142058","1705","6","0","0","0","0","0","0","1","0","","0","0","0","17","3","2","N","0","0","39 56:48.648","","0","75 08:31.409","8","0","0","0","67301","0","0","0","N","0","0","0","4","68K01","0","","1.0","","1","N","N","N","0","","0","0","1","3","8","","1703","3","2","0","0","0","2","1","2","0","3","0","0","0","3","","","N","","","","","","","","","",""
"2021126221","1833","2","0","0","0","0","0","0","0","0","1","0","","67","12","2021","3","40.002293","-75.078364","1833","6","0","0","0","0","0","1","0","0","","0","0","0","18","3","0","N","0","1","40 00:08.253","2","0","75 04:42.112","0","0","0","0","67301","0","0","0","N","0","0","0","2","68K01","0","","1.0","1950.0","1","N","N","N","0","","0","0","0","0","0","N","1833","2","0","0","0","0","0","0","2","0","2","0","0","0","3","","","N","","","","","","","","","",""
"2021083756","2055","0","0","0","0","0","0","0","0","0","8","0","","67","8","2021","2","39.924407","-75.179489","2048","6","0","0","0","0","0","0","0","0","","0","0","0","20","3","1","","1","0","39 55:27.865","","0","75 10:46.160","8","0","0","0","67301","1","0","0","N","1","0","0","2","67301","0","","1.0","","1","N","N","N","0","","0","0","0","3","3","","2040","2","1","0","0","0","1","0","2","0","1","1","0","0","3","03","","N","","","","","","","","","",""
"2021127476","1118","1","0","0","0","0","0","0","0","0","98","0","45","67","12","2021","6","40.00679","-75.073787","1118","6","0","0","0","0","0","1","0","0","","0","0","0","11","1","0","N","0","1","40 00:24.445","2","0","75 04:25.632","9","0","0","0","67301","0","0","0","N","0","0","0","2","68K01","0","","1.0","1125.0","1","N","N","N","0","","0","0","0","0","0","N","1117","2","0","0","0","0","0","1","2","0","2","0","0","0","3","","Y","Y","4","1","N","N","N","Y","N","N","Y","N"
"2022014432","","1","0","0","0","0","0","0","0","0","5","1","","67","11","2021","7","40.000536","-75.194812","","6","0","0","0","0","0","0","0","0","","0","1","0","3","3","1","N","0","0","40 00:01.931","","0","75 11:41.324","8","0","0","0","67301","0","0","0","N","0","0","0","2","00000","0","","1.0","","1","N","N","N","0","","0","0","0","0","0","","330","2","1","0","0","0","1","0","2","0","2","0","0","0","3","","","N","","","","","","","","","",""
"2021087748","0209","0","0","0","0","0","0","0","0","0","7","0","","67","9","2021","6","40.056369","-75.197115","0159","6","0","0","0","0","0","1","0","0","","0","0","0","1","3","1","","2","0","40 03:22.927","","0","75 11:49.613","8","0","0","0","67301","0","0","0","N","0","0","0","1","67301","0","","5.0","","1","N","N","N","0","","0","0","1","3","3","","140","1","1","0","0","0","1","0","2","0","1","0","0","0","3","03","","N","","","","","","","","","",""
"2021128177","1511","1","0","0","0","0","0","0","0","0","1","0","","67","12","2021","3","39.897344","-75.187575","1426","6","0","0","0","0","0","0","0","0","","0","0","0","14","1","0","N","0","2","39 53:50.440","1","0","75 11:15.270","0","0","0","0","67301","0","0","0","N","0","0","0","2","68K01","0","","1.0","1511.0","1","N","N","N","1","","0","0","0","0","0","N","1426","2","0","1","0","0","0","0","2","0","2","0","0","0","3","03","","N","","","","","","","","","",""
"2021085526","1200","3","0","0","0","0","0","0","0","0","1","0","","67","9","2021","3","39.958465","-75.225185","1219","6","0","0","0","0","1","0","0","0","","0","0","0","11","1","2","","1","0","39 57:30.474","","0","75 13:30.666","3","0","0","0","67301","0","0","0","N","0","0","0","7","67301","1","","1.0","","1","N","N","N","0","","1","0","0","3","2","","1152","5","2","4","0","0","0","0","2","2","5","0","0","0","3","03","","N","","","","","","","","","",""
"2021084211","0730","1","0","0","0","0","0","0","0","0","1","0","","67","9","2021","5","40.025768","-75.028317","0657","6","0","0","0","0","0","1","0","0","","0","0","0","6","1","0","N","0","0","40 01:32.764","","0","75 01:41.940","0","0","0","0","67301","0","0","0","N","0","0","0","2","68K01","0","","1.0","","1","N","N","N","0","","0","0","1","0","0","","652","2","0","0","0","0","0","0","2","0","2","0","0","0","3","","","N","","","","","","","","","",""
"2021114654","","1","0","0","0","0","0","0","0","0","5","0","","67","7","2021","7","40.014768","-75.085466","","6","0","0","0","0","1","0","0","0","","0","0","0","14","1","2","","1","0","40 00:53.164","","1","75 05:07.676","8","0","0","0","67301","0","0","0","N","0","0","0","3","00000","0","","1.0","","1","N","N","N","0","","0","0","0","3","2","","1435","2","2","0","0","0","2","0","2","0","2","0","0","0","3","","","N","","","","","","","","","",""
"2021082512","0218","1","0","0","0","0","0","0","0","0","7","0","","67","8","2021","1","39.955713","-75.148311","0217","6","0","0","0","0","0","0","0","0","","0","0","0","2","3","2","N","0","2","39 57:20.567","4","2","75 08:53.919","8","0","0","0","67301","0","0","0","N","0","0","0","2","67501","0","","4.0","259.0","1","N","N","N","0","","0","0","0","3","8","N","217","1","2","2","0","0","2","0","2","0","1","0","0","0","3","03","","N","","","","","","","","","",""
"2021125462","1740","0","0","0","0","0","0","1","0","0","8","1","","67","12","2021","7","39.926643","-75.235595","1720","6","0","0","0","0","0","1","0","0","","0","0","0","17","3","1","","1","0","39 55:35.914","","0","75 14:08.141","4","0","0","0","67301","1","0","0","N","1","0","0","2","67508","1","","1.0","","9","","","Y","0","","0","0","0","9","3","N","1720","2","1","0","0","0","0","0","2","0","1","1","0","0","7","07","","N","","","","","","","","","",""
"2021088241","1750","1","0","0","0","0","0","0","0","0","1","0","","67","9","2021","6","39.981209","-75.188697","1742","6","0","0","0","0","0","0","0","0","","0","0","0","17","1","1","","11","0","39 58:52.351","","0","75 11:19.309","4","0","0","0","67301","0","0","0","N","0","0","0","2","67301","1","","1.0","","1","N","N","N","0","","0","0","1","3","2","","1740","2","1","0","0","0","0","0","2","0","2","0","0","0","3","03","","N","","","","","","","","","",""
"2021084720","0524","2","0","0","0","0","0","0","0","0","6","0","","67","9","2021","4","40.072126","-75.160489","0515","6","0","0","0","0","0","0","0","0","","0","0","0","4","3","0","N","0","0","40 04:19.655","","0","75 09:37.759","0","0","0","0","67301","0","0","0","N","0","0","0","1","67301","0","","4.0","","1","N","N","N","0","","0","0","0","0","0","","456","2","0","0","0","0","0","0","2","0","2","0","0","0","3","03","","N","","","","","","","","","",""
"2021127492","1100","0","0","0","0","0","0","0","0","0","7","0","","67","12","2021","7","39.948835","-75.141584","1055","6","0","0","0","0","0","1","0","0","","0","0","0","10","1","0","N","0","2","39 56:55.806","1","0","75 08:29.704","0","0","0","0","67301","0","0","0","N","0","0","0","1","68K01","0","","4.0","1135.0","9","N","N","N","0","","0","0","1","0","0","N","1052","1","0","0","0","0","0","0","2","0","1","0","0","0","7","07","","N","","","","","","","","","",""
"2021114698","","1","0","0","0","0","0","0","0","0","4","0","","67","8","2021","4","40.054361","-75.155184","","6","0","0","0","0","0","1","0","0","","0","0","0","13","1","2","","1","0","40 03:15.699","","0","75 09:18.662","2","0","0","0","67301","0","0","0","N","0","0","0","4","00000","0","","1.0","","1","N","N","N","0","","0","1","0","3","3","","1315","2","2","0","0","0","1","0","2","0","2","0","0","0","3","","","N","","","","","","","","","",""
"2021124748","0312","1","0","0","0","0","0","0","0","0","7","0","","67","12","2021","6","39.990617","-75.134481","0310","6","0","0","0","0","0","0","0","0","","0","0","0","2","3","0","N","0","2","39 59:26.220","1","0","75 08:04.130","0","0","0","0","67301","0","0","0","N","0","0","0","1","67301","0","","5.0","400.0","1","N","N","N","0","","0","0","0","0","0","Y","214","1","0","0","0","0","0","0","2","0","1","0","0","0","3","","","N","","","","","","","","","",""
"2021117361","","1","0","0","0","0","0","0","0","0","1","0","","67","8","2021","1","40.003869","-75.170528","","6","0","0","0","0","0","0","0","0","","0","0","0","13","1","1","N","0","0","40 00:13.927","","0","75 10:13.899","8","0","0","0","67301","0","0","0","N","0","0","0","2","00000","0","","1.0","","1","N","N","N","0","","0","0","1","0","0","","1330","3","1","0","0","0","1","0","2","0","3","0","0","0","3","","","N","","","","","","","","","",""
"2021124409","0857","0","0","0","0","0","0","0","0","0","8","0","","67","12","2021","3","39.976479","-75.226751","0853","6","0","0","0","0","0","1","0","0","","0","0","0","8","1","1","N","0","0","39 58:35.324","","0","75 13:36.305","3","0","0","0","67301","1","0","0","N","1","0","0","2","67301","0","","1.0","","1","N","N","N","0","","1","0","1","0","0","","849","2","1","0","0","0","0","0","2","0","1","1","0","0","3","03","","N","","","","","","","","","",""
"2021114701","","1","0","0","0","0","0","0","0","0","4","0","","67","8","2021","6","39.912695","-75.243266","","6","0","0","0","1","0","1","0","0","","0","0","0","4","3","2","N","0","0","39 54:45.701","","7","75 14:35.757","8","0","0","0","67301","0","0","0","N","0","0","0","4","00000","0","","1.0","","1","N","N","N","0","","0","0","1","0","0","","445","2","2","0","0","0","2","0","2","0","2","0","0","0","3","","","N","","","","","","","","","",""
"2021108884","2140","1","0","0","0","0","0","0","0","0","4","0","","67","11","2021","1","40.077373","-75.085464","2135","6","0","0","0","0","0","1","0","0","","0","0","0","21","3","1","N","0","0","40 04:38.544","","7","75 05:07.669","4","0","0","0","67301","0","0","0","N","0","0","0","3","67301","1","","1.0","","1","N","N","N","0","","0","0","0","0","0","","2130","2","1","0","0","0","0","0","2","1","2","0","0","0","3","03","","N","","","","","","","","","",""
"2021088095","1020","1","0","0","0","0","0","0","0","0","5","0","","67","8","2021","3","40.003753","-75.129236","1020","6","0","0","0","0","0","0","0","0","","0","0","0","9","1","0","N","0","0","40 00:13.510","","0","75 07:45.250","0","0","0","0","67301","0","0","0","N","0","0","0","2","67301","0","","1.0","","1","N","N","N","1","","0","0","1","0","0","","940","3","0","0","0","0","0","0","2","0","3","0","0","0","3","03","","N","","","","","","","","","",""
"2021128196","0817","0","0","0","0","0","0","0","0","0","7","0","","67","12","2021","2","40.005784","-75.074889","0726","6","0","0","0","0","0","0","0","0","","0","0","0","7","1","0","N","0","2","40 00:20.824","1","0","75 04:29.599","0","0","0","0","67301","0","0","0","N","0","0","0","1","68K01","0","","2.0","838.0","1","N","N","N","0","","0","0","1","0","0","N","725","1","0","0","0","0","0","0","2","0","1","0","0","0","3","","","N","","","","","","","","","",""
"2021089146","1156","2","0","0","0","0","0","0","0","0","4","0","","67","9","2021","4","40.014518","-75.131119","1151","6","0","0","0","0","0","0","0","0","","0","0","0","11","1","0","","1","0","40 00:52.264","","0","75 07:52.028","0","0","0","0","67301","0","0","0","N","0","0","0","3","67301","0","","1.0","","1","N","N","N","0","","0","0","0","3","2","","1135","3","0","0","0","0","0","0","2","1","3","0","0","0","4","04","","N","","","","","","","","","",""
"2021126002","0815","3","0","0","0","0","0","0","0","0","5","0","","67","12","2021","5","39.999803","-75.163372","0814","6","0","0","0","0","0","0","0","0","","0","0","0","8","1","0","N","0","0","39 59:59.290","","0","75 09:48.140","0","0","0","0","67301","0","0","0","N","0","0","0","0","67301","0","","1.0","","1","N","N","N","0","","0","0","1","0","0","","812","4","0","0","0","0","0","0","2","0","4","0","0","0","3","03","","N","","","","","","","","","",""
"2021082460","2301","1","0","0","0","0","0","0","0","0","1","0","","67","8","2021","2","39.959359","-75.174714","2252","6","0","0","0","0","0","0","0","0","","0","0","0","22","3","0","N","0","0","39 57:33.691","","0","75 10:28.969","0","0","0","0","67301","0","0","0","N","0","0","0","2","68K01","0","","1.0","","1","N","N","N","0","","0","0","1","0","0","","2249","2","0","0","0","0","0","0","2","0","2","0","0","0","3","03","","N","","","","","","","","","",""
"2021086016","1945","3","0","1","0","0","0","0","0","0","4","0","","67","9","2021","4","39.997424","-75.102411","1940","6","0","0","0","0","0","0","0","0","","0","0","0","19","3","3","","1","0","39 59:50.727","","0","75 06:08.680","2","0","0","0","67301","0","0","0","N","0","0","0","3","67301","0","","1.0","","9","N","N","N","0","","2","1","3","3","2","","1900","6","3","1","0","0","0","0","2","0","6","0","0","0","7","07","","N","","","","","","","","","",""
"2021117365","","2","0","0","0","0","0","0","0","0","1","0","","67","8","2021","6","39.954858","-75.151138","","6","0","0","0","0","0","0","0","0","","0","0","0","16","1","2","","1","0","39 57:17.490","","0","75 09:04.096","2","0","0","0","67301","0","0","0","N","0","0","0","2","00000","0","","1.0","","1","N","N","N","0","","1","1","0","3","2","","1646","2","2","2","0","1","0","0","2","0","2","0","0","0","3","","","N","","","","","","","","","",""