"CRN","ARRIVAL_TM","AUTOMOBILE_COUNT","BELTED_DEATH_COUNT","BELTED_SUSP_SERIOUS_INJ_COUNT","BICYCLE_COUNT","BICYCLE_DEATH_COUNT","BICYCLE_SUSP_SERIOUS_INJ_COUNT","BUS_COUNT","CHLDPAS_DEATH_COUNT","CHLDPAS_SUSP_SERIOUS_INJ_COUNT","COLLISION_TYPE","COMM_VEH_COUNT","CONS_ZONE_SPD_LIM","COUNTY","CRASH_MONTH","CRASH_YEAR","DAY_OF_WEEK","DEC_LATITUDE","DEC_LONGITUDE","DISPATCH_TM","DISTRICT","DRIVER_COUNT_16YR","DRIVER_COUNT_17YR","DRIVER_COUNT_18YR","DRIVER_COUNT_19YR","DRIVER_COUNT_20YR","DRIVER_COUNT_50_64YR","DRIVER_COUNT_65_74YR","DRIVER_COUNT_75PLUS","EST_HRS_CLOSED","FATAL_COUNT","HEAVY_TRUCK_COUNT","HORSE_BUGGY_COUNT","HOUR_OF_DAY","ILLUMINATION","INJURY_COUNT","INTERSECTION_RELATED","INTERSECT_TYPE","LANE_CLOSED","LATITUDE","LN_CLOSE_DIR","LOCATION_TYPE","LONGITUDE","MAX_SEVERITY_LEVEL","MCYCLE_DEATH_COUNT","MCYCLE_SUSP_SERIOUS_INJ_COUNT","MOTORCYCLE_COUNT","MUNICIPALITY","NONMOTR_COUNT","NONMOTR_DEATH_COUNT","NONMOTR_SUSP_SERIOUS_INJ_COUNT","NTFY_HIWY_MAINT","PED_COUNT","PED_DEATH_COUNT","PED_SUSP_SERIOUS_INJ_COUNT","PERSON_COUNT","POLICE_AGCY","POSSIBLE_INJ_COUNT","RDWY_SURF_TYPE_CD","RELATION_TO_ROAD","ROADWAY_CLEARED","ROAD_CONDITION","SCH_BUS_IND","SCH_ZONE_IND","SECONDARY_CRASH","SMALL_TRUCK_COUNT","SPEC_JURIS_CD","SUSP_MINOR_INJ_COUNT","SUSP_SERIOUS_INJ_COUNT","SUV_COUNT","TCD_FUNC_CD","TCD_TYPE","TFC_DETOUR_IND","TIME_OF_DAY","TOTAL_UNITS","TOT_INJ_COUNT","UNBELTED_OCC_COUNT","UNB_DEATH_COUNT","UNB_SUSP_SERIOUS_INJ_COUNT","UNK_INJ_DEG_COUNT","UNK_INJ_PER_COUNT","URBAN_RURAL","VAN_COUNT","VEHICLE_COUNT","VULNERABLE_ROAD_USER_COUNT","VULNERABLE_ROAD_USER_DEATH_COUNT","VULNERABLE_ROAD_USER_SER_INJ_COUNT","WEATHER1","WEATHER2","WORKERS_PRES","WORK_ZONE_IND","WORK_ZONE_LOC","WORK_ZONE_TYPE","WZ_CLOSE_DETOUR","WZ_FLAGGER","WZ_LAW_OFFCR_IND","WZ_LN_CLOSURE","WZ_MOVING","WZ_OTHER","WZ_SHLDER_MDN","WZ_WORKERS_INJ_KILLED"
"2021080751","0032","1","0","0","0","0","0","0","0","0","4","0","","67","8","2021","7","39.954661","-75.149521","0030","6","0","0","0","0","0","0","0","0","","0","0","0","0","3","0","","5","0","39 57:16.781","","2","75 08:58.276","0","0","0","0","67301","0","0","0","N","0","0","0","2","67301","0","","1.0","","1","N","N","N","0","","0","0","1","3","2","","20","2","0","0","0","0","0","0","2","0","2","0","0","0","3","03","","N","","","","","","","","","",""
"2021087452","2320","2","0","0","0","0","0","0","0","0","4","0","","67","9","2021","3","39.989783","-75.103889","2319","6","0","0","0","0","0","0","0","0","","0","0","0","22","3","1","","1","0","39 59:23.218","","0","75 06:14.002","8","0","0","0","67301","0","0","0","N","0","0","0","2","67301","0","","1.0","","1","N","N","N","0","","0","0","0","3","2","","2230","2","1","0","0","0","1","0","2","0","2","0","0","0","3","03","","N","","","","","","","","","",""
"2021091386","1145","4","0","0","0","0","0","0","0","0","5","0","","67","8","2021","3","39.951318","-75.180106","1130","6","0","0","0","0","0","0","0","0","","0","0","0","11","1","1","N","0","1","39 57:04.745","4","3","75 10:48.381","4","0","0","0","67301","0","0","0","N","0","0","0","4","67301","1","","1.0","1230.0","1","N","N","N","0","","0","0","1","0","0","N","1100","6","1","0","0","0","0","0","2","1","6","0","0","0","3","03","","N","","","","","","","","","",""
"2021083469","2210","1","0","0","0","0","0","0","0","0","4","0","","67","9","2021","5","39.976994","-75.178195","2201","6","0","0","0","0","0","0","0","0","","0","0","0","22","3","0","","1","0","39 58:37.178","","0","75 10:41.501","0","0","0","0","67301","0","0","0","N","0","0","0","3","67301","0","","1.0","","1","N","N","N","0","","0","0","2","3","2","","2200","3","0","0","0","0","0","0","2","0","3","0","0","0","3","03","","N","","","","","","","","","",""
"2021107196","0124","2","0","0","0","0","0","0","0","0","4","0","","67","8","2021","7","40.048491","-75.093668","0119","6","0","0","1","0","0","0","0","0","","0","0","0","1","3","0","","1","2","40 02:54.566","6","0","75 05:37.204","0","0","0","0","67301","0","0","0","N","0","0","0","2","67301","0","","1.0","230.0","1","N","N","N","0","","0","0","0","3","2","Y","105","2","0","0","0","0","0","0","2","0","2","0","0","0","3","","","N","","","","","","","","","",""
"2021126215","0528","2","0","0","0","0","0","0","0","0","5","0","","67","12","2021","2","39.96782","-75.189794","0523","6","0","0","0","0","0","1","0","0","","0","0","0","5","3","1","N","0","2","39 58:04.151","4","0","75 11:23.257","8","0","0","0","67301","0","0","0","N","0","0","0","3","68K01","0","","1.0","630.0","1","N","N","N","0","","0","0","0","0","0","N","517","3","1","0","0","0","1","1","2","0","3","0","0","0","3","","","N","","","","","","","","","",""
"2021084027","1828","1","0","0","1","0","0","0","0","0","8","0","","67","8","2021","3","39.933767","-75.19387","1828","6","0","0","0","0","0","0","0","0","","0","0","0","18","1","1","","2","0","39 56:01.562","","0","75 11:37.931","4","0","0","0","67301","1","0","0","N","0","0","0","2","67301","1","","1.0","","1","N","N","N","0","","0","0","0","3","3","","1825","2","1","1","0","0","0","0","2","0","1","1","0","0","3","","","N","","","","","","","","","",""
"2021080861","1147","1","0","0","0","0","0","0","0","0","4","0","","67","8","2021","7","39.971558","-75.160228","1147","6","0","0","0","0","1","0","0","0","","0","0","0","11","1","0","","1","0","39 58:17.607","","0","75 09:36.821","0","0","0","0","67301","0","0","0","N","0","0","0","3","67301","0","","1.0","","9","N","N","N","1","","0","0","0","3","3","","1140","2","0","1","0","0","0","0","2","0","2","0","0","0","7","07","","N","","","","","","","","","",""
"2021084718","1325","0","0","0","0","0","0","0","0","0","4","0","","67","9","2021","3","40.043229","-75.180874","1321","6","0","0","0","0","0","0","0","0","","0","0","0","13","1","1","","1","0","40 02:35.626","","0","75 10:51.146","3","0","0","0","67301","0","0","0","N","0","0","0","3","67301","0","","1.0","","1","N","N","N","0","","1","0","2","3","2","","1320","2","1","0","0","0","0","0","2","0","2","0","0","0","3","03","","N","","","","","","","","","",""
"2022012396","","1","0","0","0","0","0","0","0","0","4","0","","67","5","2021","3","40.019694","-75.184329","","6","0","0","0","0","0","0","0","0","","0","0","0","17","1","2","","1","0","40 01:10.898","","0","75 11:03.583","3","0","0","0","67301","0","0","0","N","0","0","0","3","00000","0","","1.0","","1","N","N","N","0","","2","0","1","3","2","","1750","2","2","0","0","0","0","0","2","0","2","0","0","0","3","","","N","","","","","","","","","",""
"2021082245","1311","1","0","0","0","0","0","0","0","0","7","0","","67","8","2021","2","39.970556","-75.149879","1309","6","0","0","0","0","0","0","0","0","","0","0","0","13","1","0","","1","0","39 58:14.003","","0","75 08:59.563","0","0","0","0","67301","0","0","0","N","0","0","0","1","67301","0","","4.0","","1","N","N","N","0","","0","0","0","3","2","","1305","2","0","1","0","0","0","0","2","0","1","0","0","0","3","03","","N","","","","","","","","","",""
"2021083157","1650","1","0","0","0","0","0","0","0","0","4","0","","67","8","2021","3","40.108834","-75.02473","1646","6","0","0","0","0","0","0","1","0","","0","0","0","16","1","0","","11","0","40 06:31.802","","0","75 01:29.028","0","0","0","0","67301","0","0","0","N","0","0","0","2","67301","0","","1.0","","1","N","N","N","0","","0","0","1","0","0","","1645","2","0","0","0","0","0","0","2","0","2","0","0","0","3","03","","N","","","","","","","","","",""
"2021083161","1830","1","0","0","0","0","0","0","0","0","4","0","","67","9","2021","4","40.058131","-75.029893","1812","6","0","0","0","0","1","1","0","0","","0","0","0","18","4","2","","1","0","40 03:29.271","","0","75 01:47.614","3","0","0","0","67301","0","0","0","N","0","0","0","3","67301","0","","1.0","","9","N","N","N","0","","2","0","0","3","3","","1810","2","2","0","0","0","0","0","2","1","2","0","0","0","7","07","","N","","","","","","","","","",""
"2022012366","","1","0","0","0","0","0","0","0","0","4","0","","67","7","2021","5","40.033759","-75.115476","","6","0","0","0","0","0","0","1","0","","0","0","0","23","3","2","","2","0","40 02:01.532","","0","75 06:55.714","3","0","0","0","67301","0","0","0","N","0","0","0","3","00000","0","","1.0","","1","N","N","N","1","","1","0","0","3","3","","2300","2","2","0","0","0","1","0","2","0","2","0","0","0","3","","","N","","","","","","","","","",""
"2021081301","0222","1","0","0","0","0","0","0","0","0","4","0","","67","8","2021","2","39.980981","-75.139677","0221","6","0","0","0","0","0","0","0","0","","0","0","0","2","3","1","","1","2","39 58:51.531","1","0","75 08:22.837","4","0","0","0","67301","0","0","0","N","0","0","0","1","67301","1","","1.0","259.0","1","N","N","N","0","","0","0","2","3","3","Y","221","3","1","0","0","0","0","0","2","0","3","0","0","0","3","03","","N","","","","","","","","","",""
"2021083150","1645","1","0","0","0","0","0","0","0","0","2","0","","67","9","2021","5","39.97103","-75.250482","1629","6","0","0","0","0","0","1","0","0","","0","0","0","14","1","1","","2","0","39 58:15.707","","0","75 15:01.735","3","0","0","0","67301","0","0","0","N","0","0","0","2","67301","0","","1.0","","1","N","N","N","0","","1","0","1","3","3","","1415","2","1","0","0","0","0","0","2","0","2","0","0","0","3","03","","N","","","","","","","","","",""
"2021087536","0859","0","0","0","0","0","0","0","0","0","8","0","","67","9","2021","4","40.027861","-75.134417","0857","6","0","0","0","0","0","1","0","0","","0","0","0","8","1","1","N","0","0","40 01:40.300","","0","75 08:03.900","3","0","0","0","67301","1","0","0","N","1","0","0","2","67301","0","","1.0","","9","N","N","N","0","","1","0","1","0","0","","850","2","1","0","0","0","0","0","2","0","1","1","0","0","7","04","","N","","","","","","","","","",""
"2021083365","1636","0","0","0","0","0","0","0","0","0","8","0","","67","8","2021","3","39.962567","-75.234583","1635","6","0","0","0","0","0","1","0","0","","0","0","0","16","1","1","N","0","0","39 57:45.240","","0","75 14:04.500","3","0","0","0","67301","1","0","0","N","1","0","0","2","67301","0","","1.0","","1","N","N","N","0","","1","0","1","0","0","","1630","2","1","0","0","0","0","0","2","0","1","1","0","0","3","03","","N","","","","","","","","","",""
"2021125119","0305","1","0","0","0","0","0","0","0","0","7","0","","67","11","2021","2","39.960963","-75.140435","0252","6","0","0","0","0","0","0","0","0","","0","0","0","2","3","0","N","0","0","39 57:39.468","","0","75 08:25.567","0","0","0","0","67301","0","0","0","Y","0","0","0","2","68K01","0","","2.0","","1","N","N","N","0","","0","0","0","0","0","","251","1","0","0","0","0","0","0","2","0","1","0","0","0","3","","","N","","","","","","","","","",""
"2021084069","1655","1","0","0","0","0","0","0","0","0","4","0","","67","8","2021","3","40.044452","-75.123626","1655","6","0","0","0","0","1","1","0","0","","0","0","0","15","1","0","","1","0","40 02:40.027","","0","75 07:25.053","0","0","0","0","67301","0","0","0","N","0","0","0","2","67301","0","","1.0","","99","N","N","N","0","","0","0","1","3","3","","1500","2","0","2","0","0","0","0","2","0","2","0","0","0","99","","","N","","","","","","","","","",""
"2021083275","1815","1","0","0","0","0","0","0","0","0","4","0","","67","9","2021","4","40.017703","-75.151078","1805","6","0","0","0","0","0","0","1","0","","0","0","0","17","1","1","N","0","0","40 01:03.730","","7","75 09:03.880","3","0","0","0","67301","0","0","0","N","0","0","0","2","67301","0","","1.0","","9","N","N","N","0","","1","0","0","0","0","","1735","2","1","0","0","0","0","1","2","1","2","0","0","0","7","04","","N","","","","","","","","","",""
"2021127327","1351","1","0","0","0","0","0","0","0","0","1","0","","67","12","2021","5","40.013615","-75.057275","1334","6","0","0","0","0","0","1","0","0","","0","0","0","13","1","3","N","0","1","40 00:49.013","2","0","75 03:26.190","3","0","0","0","67301","0","0","0","N","0","0","0","4","68K01","0","","1.0","230.0","1","N","N","N","0","","1","0","1","0","0","N","1332","2","3","1","0","0","2","0","2","0","2","0","0","0","4","","","N","","","","","","","","","",""
"2022012342","","1","0","0","0","0","0","0","0","0","1","0","","67","7","2021","4","39.957386","-75.180116","","6","0","0","0","0","0","1","0","0","","0","0","0","14","1","1","N","0","0","39 57:26.591","","8","75 10:48.418","8","0","0","0","67301","0","0","0","N","0","0","0","2","00000","0","","1.0","","1","N","N","N","1","","0","0","0","0","0","","1400","2","1","0","0","0","1","0","2","0","2","0","0","0","3","","","N","","","","","","","","","",""
"2022015144","","1","0","0","0","0","0","0","0","0","4","0","","67","12","2021","5","40.039924","-75.120428","","6","0","0","0","0","0","1","0","0","","0","0","0","20","3","1","","1","0","40 02:23.726","","0","75 07:13.540","8","0","0","0","67301","0","0","0","N","0","0","0","2","00000","0","","1.0","","1","N","N","N","0","","0","0","0","3","2","","2030","2","1","0","0","0","1","0","2","0","2","0","0","0","3","","","N","","","","","","","","","",""
"2022012389","","1","0","0","0","0","0","0","0","0","1","0","","67","3","2021","4","40.015247","-75.16985","","6","0","0","0","0","0","0","1","0","","0","0","0","17","1","1","","1","0","40 00:54.888","","0","75 10:11.461","8","0","0","0","67301","0","0","0","N","0","0","0","2","00000","0","","1.0","","1","N","N","N","0","","0","0","0","3","2","","1715","2","1","0","0","0","1","0","2","0","2","0","0","0","3","","","N","","","","","","","","","",""
"2022012399","","0","0","0","0","0","0","0","0","0","7","0","","67","5","2021","7","","","","6","0","0","0","0","0","1","0","0","","0","0","0","0","2","1","N","0","0","","","0","","8","0","0","0","67301","0","0","0","N","0","0","0","1","00000","0","","1.0","","1","N","N","N","0","","0","0","1","0","0","","46","1","1","0","0","0","1","0","1","0","1","0","0","0","3","","","N","","","","","","","","","",""
"2022024059","","2","0","0","0","0","0","0","0","0","4","0","","67","12","2021","5","39.929356","-75.218378","","6","0","0","0","0","0","0","0","0","","0","0","0","14","1","1","","1","0","39 55:45.681","","0","75 13:06.159","8","0","0","0","67301","0","0","0","N","0","0","0","2","00000","0","","1.0","","1","N","N","N","0","","0","0","0","3","3","","1400","2","1","0","0","0","1","0","2","0","2","0","0","0","3","","","N","","","","","","","","","",""
"2022012348","","1","0","0","0","0","0","0","0","0","4","0","","67","5","2021","7","39.992957","-75.110258","","6","0","0","0","0","0","0","1","0","","0","0","0","17","1","1","","1","0","39 59:34.645","","0","75 06:36.928","8","0","0","0","67301","0","0","0","N","0","0","0","2","00000","0","","1.0","","1","N","N","N","0","","0","0","0","3","2","","1730","2","1","0","0","0","1","0","2","1","2","0","0","0","3","","","N","","","","","","","","","",""
"2022021303","2138","3","0","0","0","0","0","0","0","0","1","0","","67","11","2021","1","40.037286","-75.145002","2138","6","0","0","0","0","0","0","0","0","","0","0","0","21","3","1","Y","0","1","40 02:14.230","1","0","75 08:42.006","3","0","0","0","67301","0","0","0","N","0","0","0","5","67301","0","","1.0","2230.0","1","N","N","N","0","","1","0","1","3","2","Y","2138","5","1","0","0","0","0","1","2","0","5","0","0","0","3","03","","N","","","","","","","","","",""
"2022012402","","2","0","0","0","0","0","0","0","0","4","0","","67","4","2021","1","40.015407","-75.137986","","6","0","0","0","0","0","0","0","0","","0","0","0","99","1","1","","1","0","40 00:55.465","","0","75 08:16.749","8","0","0","0","67301","0","0","0","N","0","0","0","2","00000","0","","1.0","","1","N","N","N","0","","0","0","0","3","2","","9999","2","1","0","0","0","1","0","2","0","2","0","0","0","3","","","N","","","","","","","","","",""
"2022015136","","1","0","0","0","0","0","0","0","0","1","0","","67","11","2021","5","40.029133","-75.119353","","6","0","0","0","0","0","0","0","0","","0","0","0","8","1","2","N","0","0","40 01:44.880","","7","75 07:09.669","8","0","0","0","67301","0","0","0","N","0","0","0","3","00000","0","","1.0","","1","N","N","N","0","","0","0","0","0","0","","830","2","2","0","0","0","2","0","2","0","2","0","0","0","3","","","N","","","","","","","","","",""
"2022012659","","1","0","0","0","0","0","0","0","0","4","0","","67","6","2021","2","39.940151","-75.216372","","6","0","0","0","0","0","0","0","0","","0","0","0","99","1","2","","1","0","39 56:24.543","","0","75 12:58.939","8","0","0","0","67301","0","0","0","N","0","0","0","3","00000","0","","1.0","","1","N","N","N","0","","0","0","0","3","2","","9999","2","2","0","0","0","2","0","2","0","2","0","0","0","3","","","N","","","","","","","","","",""
"2022016075","0252","2","0","0","0","0","0","0","0","0","4","0","","67","11","2021","7","40.039047","-75.144609","0252","6","0","0","0","2","0","0","0","0","","0","0","0","2","3","2","","1","1","40 02:20.569","3","0","75 08:40.591","3","0","0","0","67301","0","0","0","N","0","0","0","5","67301","1","","1.0","325.0","1","N","N","N","0","","1","0","0","3","2","N","252","2","2","0","0","0","0","0","2","0","2","0","0","0","3","03","","N","","","","","","","","","",""
"2022021840","","1","0","0","0","0","0","0","0","0","4","0","","67","12","2021","5","39.963282","-75.238456","","6","0","0","0","0","0","0","0","0","","0","0","0","20","1","2","","1","0","39 57:47.815","","0","75 14:18.441","8","0","0","0","67301","0","0","0","N","0","0","0","3","00000","0","","1.0","","1","N","N","N","0","","0","0","0","3","2","","2000","2","2","0","0","0","2","0","2","0","2","0","0","0","3","","","N","","","","","","","","","",""
"2022011942","","1","0","0","0","0","0","0","0","0","4","0","","67","6","2021","4","39.999174","-75.155134","","6","0","0","0","1","0","0","0","0","","0","0","0","12","1","1","","2","0","39 59:57.026","","0","75 09:18.482","8","0","0","0","67301","0","0","0","N","0","0","0","2","00000","0","","1.0","","1","N","N","N","0","","0","0","1","3","3","","1230","2","1","0","0","0","1","0","2","0","2","0","0","0","3","","","N","","","","","","","","","",""
"2022014509","0139","0","0","0","0","0","0","0","0","0","4","0","","67","11","2021","7","39.960201","-75.239103","0139","6","0","0","0","0","0","0","0","0","","0","0","0","1","3","1","","1","1","39 57:36.724","4","0","75 14:20.772","4","0","0","0","67301","0","0","0","N","0","0","0","2","67301","1","","1.0","415.0","1","N","N","N","0","","0","0","3","3","1","Y","136","3","1","0","0","0","0","0","2","0","3","0","0","0","3","03","","N","","","","","","","","","",""
"2022001127","2100","0","0","0","0","0","0","0","0","0","4","0","","67","12","2021","2","40.057135","-75.128985","2056","6","0","0","0","0","0","0","0","0","","0","0","0","20","3","3","","1","2","40 03:25.687","4","0","75 07:44.345","3","0","0","0","67301","0","0","0","N","0","0","0","3","46102","0","","1.0","2200.0","1","N","N","N","0","","3","0","1","3","2","N","2053","2","3","1","0","0","0","0","2","1","2","0","0","0","3","","","N","","","","","","","","","",""
"2022021801","","0","0","0","0","0","0","0","0","0","1","0","","67","2","2021","3","39.891942","-75.241906","","6","0","0","0","0","0","1","0","0","","0","0","0","9","1","1","","2","0","39 53:30.990","","0","75 14:30.862","8","0","0","0","67301","0","0","0","N","0","0","0","2","00000","0","","1.0","","1","N","N","N","0","","0","0","0","3","2","","930","2","1","0","0","0","1","0","2","0","2","0","0","0","3","","","N","","","","","","","","","",""
"2022002160","0847","0","0","0","0","0","0","0","0","0","7","0","","67","12","2021","7","40.043175","-75.002979","0836","6","0","0","0","0","0","0","0","0","","0","0","0","8","1","2","N","0","0","40 02:35.430","","0","75 00:10.724","3","0","0","0","67301","0","0","0","N","0","0","0","2","68K01","1","","3.0","","1","N","N","N","0","","1","0","1","0","0","","835","1","2","2","0","0","0","0","2","0","1","0","0","0","3","","","N","","","","","","","","","",""
"2022012387","","1","0","0","0","0","0","0","0","0","3","0","","67","4","2021","7","40.009496","-75.153115","","6","0","0","0","0","0","0","0","0","","0","0","0","8","1","1","N","0","0","40 00:34.187","","0","75 09:11.215","8","0","0","0","67301","0","0","0","N","0","0","0","2","00000","0","","1.0","","1","N","N","N","0","","0","0","0","0","0","","845","2","1","0","0","0","1","0","2","0","2","0","0","0","3","","","N","","","","","","","","","",""
"2022012385","","2","0","0","0","0","0","0","0","0","4","0","","67","4","2021","6","39.918516","-75.208181","","6","0","0","0","0","0","1","0","0","","0","0","0","0","3","2","N","0","0","39 55:06.657","","7","75 12:29.451","3","0","0","0","67301","0","0","0","N","0","0","0","2","00000","0","","1.0","","1","N","N","N","0","","1","0","0","0","0","","0","2","2","0","0","0","1","0","2","0","2","0","0","0","3","","","N","","","","","","","","","",""
"2022000518","1328","2","0","0","0","0","0","0","0","0","4","0","","67","12","2021","2","39.992239","-75.245697","1327","6","0","0","0","0","0","0","0","1","","0","0","0","13","1","0","","1","1","39 59:32.062","5","0","75 14:44.509","0","0","0","0","67301","0","0","0","N","0","0","0","3","46104","0","","1.0","1412.0","1","N","N","N","0","","0","0","0","3","2","N","1327","2","0","0","0","0","0","0","2","0","2","0","0","0","3","","","N","","","","","","","","","",""
"2022004676","","2","0","0","0","0","0","0","0","0","4","0","","67","11","2021","3","39.928989","-75.156852","","6","0","0","0","0","0","0","0","0","","0","0","0","17","1","1","N","0","0","39 55:44.361","","0","75 09:24.666","8","0","0","0","67301","0","0","0","N","0","0","0","2","00000","0","","1.0","","1","N","N","N","0","","0","0","0","0","0","","1745","2","1","0","0","0","1","0","2","0","2","0","0","0","3","","","N","","","","","","","","","",""
"2022000452","1740","2","0","0","0","0","0","0","0","0","4","0","","67","12","2021","6","39.997342","-75.120319","1740","6","0","1","0","0","0","0","0","0","","0","0","0","17","3","0","","1","0","39 59:50.432","","0","75 07:13.150","0","0","0","0","67301","0","0","0","N","0","0","0","2","67301","0","","1.0","","1","N","N","N","0","","0","0","0","3","3","","1740","2","0","0","0","0","0","0","2","0","2","0","0","0","3","03","","N","","","","","","","","","",""
"2022004688","","1","0","0","0","0","0","0","0","0","4","0","","67","10","2021","7","40.009322","-75.139326","","6","0","0","0","0","0","0","0","0","","0","0","0","12","1","2","","1","0","40 00:33.559","","0","75 08:21.573","8","0","0","0","67301","0","0","0","N","0","0","0","3","00000","0","","1.0","","1","N","N","N","0","","0","0","1","3","3","","1241","2","2","0","0","0","2","0","2","0","2","0","0","0","3","","","N","","","","","","","","","",""
"2022000242","2300","1","0","0","0","0","0","0","0","0","7","0","","67","12","2021","5","40.023539","-75.124094","2300","6","0","0","0","0","0","0","0","0","","0","0","0","23","3","1","N","0","0","40 01:24.740","","0","75 07:26.740","3","0","0","0","67301","0","0","0","N","0","0","0","2","67301","0","","6.0","","9","N","N","N","0","","1","0","2","0","0","","2300","3","1","1","0","0","0","0","2","0","3","0","0","0","7","03","","N","","","","","","","","","",""
"2022003172","0753","1","0","0","0","0","0","0","0","0","7","0","","67","12","2021","6","39.988246","-75.088944","0750","6","0","0","0","0","0","0","0","0","","0","0","0","7","1","1","N","0","0","39 59:17.685","","0","75 05:20.198","8","0","0","0","67301","0","0","0","N","0","0","0","1","68K01","0","","2.0","","1","N","N","N","0","","0","0","0","0","0","","748","1","1","0","0","0","1","0","2","0","1","0","0","0","4","04","","N","","","","","","","","","",""
"2022026790","1209","2","0","0","0","0","0","0","0","0","4","0","","67","12","2021","4","39.947413","-75.239751","1207","6","0","0","0","0","0","1","0","0","","0","0","0","11","1","1","","1","0","39 56:50.686","","0","75 14:23.103","3","0","0","0","67301","0","0","0","N","0","0","0","3","67301","0","","1.0","","9","N","N","Y","0","","1","0","0","3","2","","1158","3","1","0","0","0","0","0","2","0","3","0","0","0","4","07","","N","","","","","","","","","",""
"2022000139","1716","1","0","0","0","0","0","0","0","0","4","0","","67","12","2021","6","40.047128","-75.14286","1715","6","0","0","0","0","0","0","0","0","","0","0","0","16","3","0","N","0","0","40 02:49.662","","7","75 08:34.295","9","0","0","1","67301","0","0","0","N","0","0","0","2","67301","0","","1.0","","1","N","N","N","0","","0","0","0","0","0","","1614","2","0","0","0","0","0","1","2","0","2","0","0","0","3","03","","N","","","","","","","","","",""
"2022010736","1522","2","0","0","0","0","0","0","0","0","1","0","","67","12","2021","2","39.967358","-75.133019","1448","6","0","0","0","0","0","0","0","0","","0","0","0","14","1","0","N","0","0","39 58:02.487","","0","75 07:58.867","9","0","0","0","67301","0","0","0","N","0","0","0","3","68K01","0","","1.0","","1","N","N","N","0","","0","0","0","0","0","","1437","2","0","0","0","0","0","1","2","0","2","0","0","0","3","","","N","","","","","","","","","",""
"2022016243","0851","0","0","0","0","0","0","0","0","0","4","0","","67","12","2021","5","39.946078","-75.242072","0846","6","0","0","0","0","0","0","1","0","","0","0","0","8","1","3","","1","0","39 56:45.881","","0","75 14:31.459","3","0","0","0","67301","0","0","0","N","0","0","0","6","67301","0","","1.0","","9","N","N","N","0","","3","0","1","3","2","","840","2","3","0","0","0","0","0","2","1","2","0","0","0","7","04","","N","","","","","","","","","",""
"2022010811","1528","3","0","0","0","0","0","0","0","0","1","0","","67","12","2021","2","39.921264","-75.193813","1528","6","0","0","0","0","0","1","0","0","","0","0","0","15","1","1","","1","0","39 55:16.550","","0","75 11:37.727","4","0","0","0","67301","0","0","0","N","0","0","0","3","67301","1","","1.0","","1","N","N","N","0","","0","0","0","3","2","","1524","3","1","0","0","0","0","2","2","0","3","0","0","0","3","03","","N","","","","","","","","","",""
"2022023696","2022","0","0","0","0","0","0","0","0","0","4","0","","67","12","2021","5","39.972605","-75.229009","2022","6","0","0","0","0","0","0","0","0","","0","0","0","19","3","0","","1","0","39 58:21.378","","0","75 13:44.432","0","0","0","0","67301","0","0","0","N","0","0","0","2","67301","0","","1.0","","1","N","N","N","0","","0","0","2","3","3","","1915","2","0","0","0","0","0","0","2","0","2","0","0","0","3","","","N","","","","","","","","","",""
"2022014516","2330","1","0","0","0","0","0","0","0","0","1","0","","67","12","2021","6","39.959839","-75.236162","2327","6","0","0","0","0","0","0","0","0","","0","0","0","23","3","0","N","0","0","39 57:35.421","","0","75 14:10.184","0","0","0","0","67301","0","0","0","N","0","0","0","1","67301","0","","6.0","","1","N","N","N","0","","0","0","0","0","0","","2314","2","0","0","0","0","0","0","2","0","2","0","0","0","3","03","","N","","","","","","","","","",""
"2022000555","0215","1","0","0","0","0","0","0","0","0","5","0","","67","12","2021","1","39.957106","-75.156093","0210","6","0","0","0","0","0","0","0","0","","0","0","0","2","3","0","N","0","1","39 57:25.581","4","0","75 09:21.933","0","0","0","0","67301","0","0","0","N","0","0","0","2","68K01","0","","1.0","240.0","1","N","N","N","0","","0","0","0","0","0","N","208","2","0","0","0","0","0","0","2","1","2","0","0","0","4","04","","N","","","","","","","","","",""
"2022001229","0627","1","0","0","0","0","0","0","0","0","7","0","","67","12","2021","3","39.95945","-75.177337","0620","6","0","0","0","0","0","0","0","0","","0","0","0","6","3","0","N","0","0","39 57:34.019","","2","75 10:38.414","0","0","0","0","67301","0","0","0","N","0","0","0","1","68K01","0","","4.0","","9","N","N","N","0","","0","0","0","0","0","","616","1","0","0","0","0","0","0","2","0","1","0","0","0","3","","","N","","","","","","","","","",""
"2022016205","2215","1","0","0","0","0","0","0","0","0","2","0","","67","12","2021","2","39.941217","-75.211838","2207","6","0","0","0","0","0","0","0","1","","0","0","0","21","3","1","N","0","0","39 56:28.380","","0","75 12:42.617","4","0","0","0","67301","0","0","0","N","0","0","0","1","67301","1","","6.0","","9","N","N","N","1","","0","0","1","0","0","","2155","3","1","1","0","0","0","0","2","0","3","0","0","0","7","07","","N","","","","","","","","","",""
"2022012257","","1","0","0","0","0","0","0","0","0","1","0","","67","4","2021","7","40.00175","-75.117222","","6","0","0","0","0","0","0","0","0","","0","0","0","19","1","1","N","0","0","40 00:06.300","","0","75 07:02.000","3","0","0","0","67301","0","0","0","N","0","0","0","3","00000","0","","1.0","","1","N","N","N","0","","1","0","1","0","0","","1900","2","1","0","0","0","0","0","2","0","2","0","0","0","3","","","N","","","","","","","","","",""