"CRN","ARRIVAL_TM","AUTOMOBILE_COUNT","BELTED_DEATH_COUNT","BELTED_SUSP_SERIOUS_INJ_COUNT","BICYCLE_COUNT","BICYCLE_DEATH_COUNT","BICYCLE_SUSP_SERIOUS_INJ_COUNT","BUS_COUNT","CHLDPAS_DEATH_COUNT","CHLDPAS_SUSP_SERIOUS_INJ_COUNT","COLLISION_TYPE","COMM_VEH_COUNT","CONS_ZONE_SPD_LIM","COUNTY","CRASH_MONTH","CRASH_YEAR","DAY_OF_WEEK","DEC_LATITUDE","DEC_LONGITUDE","DISPATCH_TM","DISTRICT","DRIVER_COUNT_16YR","DRIVER_COUNT_17YR","DRIVER_COUNT_18YR","DRIVER_COUNT_19YR","DRIVER_COUNT_20YR","DRIVER_COUNT_50_64YR","DRIVER_COUNT_65_74YR","DRIVER_COUNT_75PLUS","EST_HRS_CLOSED","FATAL_COUNT","HEAVY_TRUCK_COUNT","HORSE_BUGGY_COUNT","HOUR_OF_DAY","ILLUMINATION","INJURY_COUNT","INTERSECTION_RELATED","INTERSECT_TYPE","LANE_CLOSED","LATITUDE","LN_CLOSE_DIR","LOCATION_TYPE","LONGITUDE","MAX_SEVERITY_LEVEL","MCYCLE_DEATH_COUNT","MCYCLE_SUSP_SERIOUS_INJ_COUNT","MOTORCYCLE_COUNT","MUNICIPALITY","NONMOTR_COUNT","NONMOTR_DEATH_COUNT","NONMOTR_SUSP_SERIOUS_INJ_COUNT","NTFY_HIWY_MAINT","PED_COUNT","PED_DEATH_COUNT","PED_SUSP_SERIOUS_INJ_COUNT","PERSON_COUNT","POLICE_AGCY","POSSIBLE_INJ_COUNT","RDWY_SURF_TYPE_CD","RELATION_TO_ROAD","ROADWAY_CLEARED","ROAD_CONDITION","SCH_BUS_IND","SCH_ZONE_IND","SECONDARY_CRASH","SMALL_TRUCK_COUNT","SPEC_JURIS_CD","SUSP_MINOR_INJ_COUNT","SUSP_SERIOUS_INJ_COUNT","SUV_COUNT","TCD_FUNC_CD","TCD_TYPE","TFC_DETOUR_IND","TIME_OF_DAY","TOTAL_UNITS","TOT_INJ_COUNT","UNBELTED_OCC_COUNT","UNB_DEATH_COUNT","UNB_SUSP_SERIOUS_INJ_COUNT","UNK_INJ_DEG_COUNT","UNK_INJ_PER_COUNT","URBAN_RURAL","VAN_COUNT","VEHICLE_COUNT","VULNERABLE_ROAD_USER_COUNT","VULNERABLE_ROAD_USER_DEATH_COUNT","VULNERABLE_ROAD_USER_SER_INJ_COUNT","WEATHER1","WEATHER2","WORKERS_PRES","WORK_ZONE_IND","WORK_ZONE_LOC","WORK_ZONE_TYPE","WZ_CLOSE_DETOUR","WZ_FLAGGER","WZ_LAW_OFFCR_IND","WZ_LN_CLOSURE","WZ_MOVING","WZ_OTHER","WZ_SHLDER_MDN","WZ_WORKERS_INJ_KILLED"
"2022006555","0221","1","0","0","0","0","0","0","0","0","7","0","","67","11","2021","1","39.969946","-75.125451","0217","6","0","0","0","0","0","0","0","0","","0","0","0","2","3","1","N","7","2","39 58:11.804","1","2","75 07:31.625","8","0","0","0","67301","0","0","0","Y","0","0","0","1","68K01","0","","2.0","300.0","1","N","N","N","0","","0","0","0","0","0","Y","216","1","1","1","0","0","1","0","2","0","1","0","0","0","3","","","N","","","","","","","","","",""
"2022012306","","1","0","0","0","0","0","0","0","0","7","0","","67","4","2021","6","39.897406","-75.212311","","6","0","0","0","0","0","0","0","0","","0","0","0","22","2","1","N","0","0","39 53:50.662","","3","75 12:44.318","8","0","0","0","67301","0","0","0","N","0","0","0","2","00000","0","","4.0","","1","N","N","N","0","","0","0","0","0","0","","2200","1","1","0","0","0","1","0","2","0","1","0","0","0","3","","","N","","","","","","","","","",""
"2022000899","","1","0","0","0","0","0","0","0","0","1","0","","67","12","2021","6","40.120777","-74.99646","","6","0","0","0","0","0","0","0","0","","0","0","0","8","1","1","","2","0","40 07:14.797","","0","74 59:47.255","8","0","0","0","67301","0","0","0","N","0","0","0","4","00000","0","","1.0","","1","N","N","N","1","","0","0","0","3","2","","809","2","1","0","0","0","1","0","2","0","2","0","0","0","3","","","N","","","","","","","","","",""
"2022004686","","1","0","0","0","0","0","0","0","0","4","0","","67","12","2021","6","39.992921","-75.147075","","6","0","0","0","0","0","0","0","0","","0","0","0","9","1","1","N","0","0","39 59:34.514","","0","75 08:49.469","8","0","0","0","67301","0","0","0","N","0","0","0","2","00000","0","","1.0","","1","N","N","N","0","","0","0","1","0","0","","926","2","1","0","0","0","1","0","2","0","2","0","0","0","3","","","N","","","","","","","","","",""
"2022014471","1542","1","0","0","0","0","0","1","0","0","1","1","","67","5","2021","5","39.952356","-75.165316","1540","6","0","0","0","0","0","0","0","0","","0","0","0","15","1","4","N","0","0","39 57:08.481","","0","75 09:55.139","4","0","0","0","67301","0","0","0","N","0","0","0","5","67508","4","","6.0","","1","","","N","0","","0","0","0","0","0","","1540","2","4","0","0","0","0","0","2","0","2","0","0","0","3","03","","N","","","","","","","","","",""
"2022000559","0006","2","0","0","0","0","0","0","0","0","5","0","","67","12","2021","3","39.997271","-75.081844","2356","6","0","0","0","0","0","0","0","0","","0","0","0","23","3","0","N","0","1","39 59:50.174","1","0","75 04:54.639","0","0","0","0","67301","0","0","0","N","0","0","0","1","68K01","0","","1.0","1208.0","9","N","N","N","0","","0","0","0","0","0","N","2331","2","0","0","0","0","0","0","2","0","2","0","0","0","7","","","N","","","","","","","","","",""
"2022014505","2334","1","0","0","0","0","0","0","0","0","4","0","","67","9","2021","4","39.954239","-75.226069","2334","6","0","0","0","0","0","1","0","0","","0","0","0","21","3","1","N","0","0","39 57:15.260","","7","75 13:33.848","8","0","0","0","67301","0","0","0","N","0","0","0","3","67301","0","","1.0","","1","N","N","N","0","","0","0","1","0","0","","2150","2","1","1","0","0","1","1","2","0","2","0","0","0","3","03","","N","","","","","","","","","",""
"2022004681","","0","0","0","0","0","0","0","0","0","5","0","","67","12","2021","3","39.918639","-75.209444","","6","0","0","0","0","0","0","0","1","","0","0","0","12","1","1","N","0","0","39 55:07.100","","0","75 12:34.000","8","0","0","0","67301","0","0","0","N","0","0","0","2","00000","0","","1.0","","9","N","N","N","0","","0","0","1","0","0","","1230","2","1","0","0","0","1","0","2","0","2","0","0","0","7","","","N","","","","","","","","","",""
"2022012353","","0","0","0","0","0","0","0","0","0","4","0","","67","7","2021","6","39.934048","-75.186188","","6","0","0","0","0","0","0","0","0","","0","0","0","10","1","1","","1","0","39 56:02.573","","1","75 11:10.276","8","0","0","0","67301","0","0","0","N","0","0","0","2","00000","0","","1.0","","1","N","N","N","0","","0","0","1","3","2","","1000","2","1","0","0","0","1","0","2","0","2","0","0","0","3","","","N","","","","","","","","","",""
"2022009477","","1","0","0","0","0","0","0","0","0","1","0","","67","6","2021","1","40.085406","-75.037359","","6","0","0","0","0","0","0","0","0","","0","0","0","13","1","1","","1","0","40 05:07.463","","0","75 02:14.492","8","0","0","0","67301","0","0","0","N","0","0","0","2","00000","0","","1.0","","1","N","N","N","1","","0","0","0","3","2","","1355","2","1","0","0","0","1","0","2","0","2","0","0","0","3","","","N","","","","","","","","","",""
"2022003847","1052","1","0","0","0","0","0","0","0","0","5","0","","67","12","2021","1","39.926053","-75.194303","1037","6","0","0","0","0","0","0","0","0","","0","0","0","10","1","1","N","0","1","39 55:33.791","3","0","75 11:39.489","4","0","0","0","67301","0","0","0","N","0","0","0","5","68K01","1","","1.0","1115.0","1","N","N","N","1","","0","0","0","0","0","Y","1037","2","1","0","0","0","0","0","2","0","2","0","0","0","3","","","N","","","","","","","","","",""
"2022012361","","2","0","0","0","0","0","0","0","0","4","0","","67","7","2021","5","40.008407","-75.163131","","6","0","0","0","0","0","0","0","0","","0","0","0","22","3","2","","1","0","40 00:30.265","","0","75 09:47.271","3","0","0","0","67301","0","0","0","N","0","0","0","3","00000","0","","1.0","","1","N","N","N","0","","2","0","0","3","3","","2250","2","2","0","0","0","0","0","2","0","2","0","0","0","3","","","N","","","","","","","","","",""
"2022004123","0905","0","0","0","0","0","0","1","0","0","5","1","","67","12","2021","6","39.96892","-75.136201","0905","6","0","0","0","0","0","0","0","0","","0","0","0","8","6","0","","1","0","39 58:08.111","","0","75 08:10.324","9","0","0","0","67301","0","0","0","N","0","0","0","2","67508","0","","1.0","","1","N","N","N","0","","0","0","1","9","2","","850","2","0","0","0","0","0","2","2","0","2","0","0","0","3","03","","N","","","","","","","","","",""
"2022003340","0416","1","0","0","0","0","0","0","0","0","7","0","45","67","12","2021","6","39.892216","-75.197758","0405","6","0","0","0","0","0","0","0","0","","0","0","0","4","3","2","N","0","1","39 53:31.978","1","3","75 11:51.929","8","0","0","0","67301","0","0","0","N","0","0","0","2","68K01","0","","2.0","500.0","1","N","N","N","0","","0","0","0","2","8","N","405","1","2","2","0","0","2","0","2","0","1","0","0","0","3","","Y","Y","4","1","N","N","N","Y","N","N","Y","N"
"2022002927","2348","1","0","0","0","0","0","0","0","0","7","0","","67","12","2021","7","39.93479","-75.145059","2330","6","0","0","0","0","0","0","0","0","","0","0","0","23","3","0","N","0","0","39 56:05.244","","0","75 08:42.212","9","0","0","0","67301","0","0","0","N","0","0","0","1","68K01","0","","4.0","","9","N","N","N","0","","0","0","0","0","0","","2328","1","0","0","0","0","0","1","2","0","1","0","0","0","3","","","N","","","","","","","","","",""
"2022002933","0135","2","0","0","0","0","0","0","0","0","5","0","","67","12","2021","3","39.959948","-75.179372","0133","6","0","0","0","0","0","1","0","0","","0","0","0","1","3","2","N","0","1","39 57:35.814","3","0","75 10:45.740","3","0","0","0","67301","0","0","0","N","0","0","0","3","68K01","0","","1.0","135.0","9","N","N","N","0","","2","0","0","0","0","N","124","2","2","0","0","0","0","0","2","0","2","0","0","0","7","07","","N","","","","","","","","","",""
"2022003166","0604","1","0","0","0","0","0","0","0","0","1","0","","67","12","2021","3","40.040421","-75.005896","0544","6","0","0","0","0","0","0","0","0","","0","0","0","5","3","1","N","0","0","40 02:25.517","","0","75 00:21.226","8","0","0","0","67301","0","0","0","N","0","0","0","4","68K01","0","","5.0","","9","N","N","N","2","","0","0","1","0","0","","544","4","1","0","0","0","1","0","2","0","4","0","0","0","3","03","","N","","","","","","","","","",""
"2022000549","0856","1","0","0","0","0","0","0","0","0","1","0","","67","12","2021","4","39.943534","-75.142727","0829","6","0","0","0","0","0","2","0","0","","0","0","0","8","1","2","N","0","0","39 56:36.721","","4","75 08:33.817","4","0","0","0","67301","0","0","0","N","0","0","0","3","68K01","2","","1.0","","1","N","N","N","0","","0","0","2","0","0","","828","3","2","0","0","0","0","0","2","0","3","0","0","0","3","","","N","","","","","","","","","",""
"2022003840","0644","1","0","0","0","0","0","0","0","0","7","0","","67","12","2021","7","39.982351","-75.207616","0637","6","0","0","0","0","0","0","0","0","","0","0","0","6","3","0","N","0","1","39 58:56.464","4","0","75 12:27.418","0","0","0","0","67301","0","0","0","N","0","0","0","1","68K01","0","","4.0","730.0","1","N","N","N","0","","0","0","0","0","0","N","634","1","0","0","0","0","0","0","2","0","1","0","0","0","3","","","N","","","","","","","","","",""
"2022004592","1059","0","0","0","0","0","0","0","0","0","7","0","","67","12","2021","6","39.892336","-75.235959","1059","6","0","0","0","0","0","0","0","0","","0","0","0","10","1","0","N","0","1","39 53:32.411","2","0","75 14:09.454","0","0","0","0","67301","0","0","0","N","0","0","0","1","68K01","0","","2.0","1135.0","1","N","N","N","0","","0","0","1","0","0","N","1058","1","0","0","0","0","0","0","2","0","1","0","0","0","3","","","N","","","","","","","","","",""
"2022000065","2005","1","0","0","0","0","0","0","0","0","4","0","99","67","12","2021","5","40.021709","-75.17712","1954","6","0","0","0","0","0","0","0","0","","0","0","0","19","3","1","N","0","2","40 01:18.153","7","0","75 10:37.633","3","0","0","0","67301","0","0","0","N","0","0","0","2","67301","0","","1.0","2100.0","9","N","N","N","0","","1","0","0","3","8","Y","1940","2","1","0","0","0","0","0","2","0","2","0","0","0","7","","Y","Y","4","2","","","N","","","","","N"
"2022000450","0750","2","0","0","0","0","0","1","0","0","4","1","","67","12","2021","1","40.00713","-75.094069","0745","6","0","0","0","0","0","0","0","0","","0","0","0","7","1","2","","1","1","40 00:25.667","6","0","75 05:38.650","3","0","0","0","67301","0","0","0","N","0","0","0","3","67301","0","","1.0","845.0","9","N","N","N","0","","2","0","1","3","2","Y","740","4","2","0","0","0","0","0","2","0","4","0","0","0","3","03","","N","","","","","","","","","",""
"2022000561","0427","1","0","0","0","0","0","0","0","0","0","1","","67","12","2021","4","40.577083","-75.670556","0413","6","0","0","0","0","0","0","0","0","","0","1","0","4","3","0","N","0","2","40 34:37.500","2","2","75 40:14.000","0","0","0","0","67301","0","0","0","N","0","0","0","2","68K01","0","","1.0","445.0","9","N","N","N","0","","0","0","0","0","0","N","412","2","0","0","0","0","0","0","2","0","2","0","0","0","7","","","N","","","","","","","","","",""
"2022001560","2310","0","0","0","0","0","0","0","0","0","5","0","","67","12","2021","2","39.976376","-75.113952","2250","6","0","0","0","0","0","0","0","0","","0","0","0","22","3","1","N","0","2","39 58:34.954","1","0","75 06:50.227","4","0","0","0","67301","0","0","0","N","0","0","0","2","68K01","1","","1.0","30.0","1","N","N","N","0","","0","0","1","0","0","Y","2250","2","1","0","0","0","0","1","2","0","2","0","0","0","3","03","","N","","","","","","","","","",""
"2022047157","1000","2","0","0","0","0","0","0","0","0","1","1","","67","7","2021","2","40.002347","-75.121956","0955","6","0","0","0","0","0","0","0","0","","0","1","0","9","1","0","N","0","0","40 00:08.450","","0","75 07:19.040","0","0","0","0","67301","0","0","0","N","0","0","0","2","67301","0","","1.0","","1","N","N","N","0","","0","0","0","0","0","","950","3","0","0","0","0","0","0","2","0","3","0","0","0","3","03","","N","","","","","","","","","",""
"2022041832","","1","0","0","0","0","0","0","0","0","4","0","","67","7","2021","2","39.977567","-75.227513","","6","0","0","0","0","0","0","0","0","","0","0","0","16","1","1","N","0","0","39 58:39.241","","7","75 13:39.047","8","0","0","0","67301","0","0","0","N","0","0","0","2","00000","0","","1.0","","1","N","N","N","0","","0","0","0","0","0","","1630","2","1","0","0","0","1","0","2","1","2","0","0","0","3","","","N","","","","","","","","","",""
"2022075278","0720","1","0","0","0","0","0","0","0","0","7","0","","67","7","2021","7","39.931768","-75.199877","0711","6","0","0","0","0","0","0","0","0","","0","0","0","7","1","0","N","0","2","39 55:54.366","3","0","75 11:59.557","9","0","0","0","67301","0","0","0","N","0","0","0","1","68Z99","0","","2.0","759.0","1","N","N","N","0","","0","0","0","0","0","N","707","1","0","0","0","0","0","1","2","0","1","0","0","0","3","","","N","","","","","","","","","",""
"2022080198","","0","0","0","0","0","0","0","0","0","1","0","","67","3","2021","2","39.981559","-75.117404","","6","0","0","0","0","0","0","0","0","","0","0","0","22","3","1","","1","0","39 58:53.612","","0","75 07:02.654","8","0","0","0","67301","0","0","0","N","0","0","0","2","00000","0","","1.0","","1","","","N","0","","0","0","0","3","2","","2200","2","1","0","0","0","1","0","2","0","2","0","0","0","3","","","N","","","","","","","","","",""
"2022079815","","1","0","0","0","0","0","0","0","0","5","0","","67","3","2021","7","39.957512","-75.21734","","6","0","0","0","0","0","1","0","0","","0","0","0","13","1","1","","1","0","39 57:27.042","","0","75 13:02.424","8","0","0","0","67301","0","0","0","N","0","0","0","2","00000","0","","1.0","","1","","","N","0","","0","0","0","3","2","","1300","2","1","0","0","0","1","0","2","0","2","0","0","0","3","","","N","","","","","","","","","",""
"2022085502","1400","0","0","0","0","0","0","0","0","0","8","0","","67","2","2021","5","39.955883","-75.226278","1359","6","0","0","0","0","0","0","0","0","","0","0","0","13","1","1","N","0","0","39 57:21.180","","0","75 13:34.600","3","0","0","0","67301","1","0","0","N","1","0","0","2","67301","0","","1.0","","6","N","N","N","0","","1","0","1","9","3","","1322","2","1","1","0","0","0","0","2","0","1","1","0","0","3","03","","N","","","","","","","","","",""
"2022079378","","2","0","0","0","0","0","0","0","0","4","0","","67","3","2021","6","39.935845","-75.234142","","6","0","0","0","0","0","0","0","0","","0","0","0","23","3","1","","2","0","39 56:09.042","","0","75 14:02.911","8","0","0","0","67301","0","0","0","N","0","0","0","2","00000","0","","1.0","","1","N","N","N","0","","0","0","0","3","3","","2300","2","1","0","0","0","1","0","2","0","2","0","0","0","3","","","N","","","","","","","","","",""
"2022079385","","0","0","0","0","0","0","0","0","0","1","0","","67","3","2021","6","40.025873","-75.153793","","6","0","0","0","0","0","0","0","0","","0","0","0","21","1","2","N","0","0","40 01:33.143","","0","75 09:13.654","8","0","0","0","67301","0","0","0","N","0","0","0","3","00000","0","","1.0","","1","","","N","0","","0","0","2","3","2","","2100","2","2","1","0","0","2","0","2","0","2","0","0","0","3","","","N","","","","","","","","","",""
"2022079352","","0","0","0","0","0","0","0","0","0","4","0","","67","3","2021","4","39.975747","-75.120415","","6","0","0","0","0","0","0","0","0","","0","0","0","15","1","1","N","0","0","39 58:32.689","","7","75 07:13.493","3","0","0","0","67301","0","0","0","N","0","0","0","2","00000","0","","1.0","","1","N","N","N","1","","1","0","1","0","0","","1530","2","1","0","0","0","0","0","2","0","2","0","0","0","3","03","","N","","","","","","","","","",""
"2022079384","","1","0","0","0","0","0","0","0","0","4","0","","67","1","2021","5","39.999767","-75.16309","","6","0","0","0","0","0","1","0","0","","0","0","0","14","1","1","","1","0","39 59:59.161","","0","75 09:47.124","8","0","0","0","67301","0","0","0","N","0","0","0","2","00000","0","","1.0","","1","","","N","1","","0","0","0","3","3","","1430","2","1","0","0","0","1","0","2","0","2","0","0","0","3","","","N","","","","","","","","","",""
"2022079916","","1","0","0","0","0","0","0","0","0","4","0","","67","1","2021","7","40.025464","-75.123484","","6","0","0","0","0","0","0","1","0","","0","0","0","20","3","1","","1","0","40 01:31.670","","0","75 07:24.541","8","0","0","0","67301","0","0","0","N","0","0","0","2","00000","0","","1.0","","1","","","N","1","","0","0","0","0","0","","2000","2","1","0","0","0","1","0","2","0","2","0","0","0","3","","","N","","","","","","","","","",""
"2022079392","","2","0","0","0","0","0","0","0","0","4","0","","67","1","2021","4","40.013761","-75.055974","","6","0","0","0","0","0","0","0","0","","0","0","0","13","1","1","","1","0","40 00:49.539","","0","75 03:21.506","8","0","0","0","67301","0","0","0","N","0","0","0","2","00000","0","","1.0","","1","","","N","0","","0","0","0","3","2","","1314","2","1","0","0","0","1","0","2","0","2","0","0","0","3","","","N","","","","","","","","","",""
"2022079874","","0","0","0","0","0","0","0","0","0","4","0","","67","1","2021","2","","","","6","0","0","0","0","0","1","0","0","","0","0","0","11","1","1","","2","0","","","0","","8","0","0","0","67301","0","0","0","N","0","0","0","2","00000","0","","1.0","","1","","","N","0","","0","0","1","3","3","","1130","2","1","0","0","0","1","0","1","0","2","0","0","0","3","","","N","","","","","","","","","",""
"2022079374","","0","0","0","0","0","0","0","0","0","4","0","","67","1","2021","3","39.909417","-75.163556","","6","0","0","0","0","0","1","0","0","","0","0","0","15","1","3","N","0","0","39 54:33.900","","7","75 09:48.800","8","0","0","0","67301","0","0","0","N","0","0","0","4","00000","0","","1.0","","1","","","N","0","","0","0","2","0","0","","1530","2","3","0","0","0","3","0","2","0","2","0","0","0","3","","","N","","","","","","","","","",""
"2022079897","","2","0","0","0","0","0","0","0","0","4","0","","67","1","2021","1","39.993184","-75.10692","","6","0","0","1","0","0","1","0","0","","0","0","0","15","1","1","","1","0","39 59:35.462","","0","75 06:24.911","8","0","0","0","67301","0","0","0","N","0","0","0","2","00000","0","","1.0","","1","","","N","0","","0","0","0","3","3","","1500","2","1","0","0","0","1","0","2","0","2","0","0","0","3","","","N","","","","","","","","","",""
"2022079795","","1","0","0","0","0","0","0","0","0","5","0","","67","1","2021","5","39.894238","-75.236348","","6","0","0","0","0","0","0","0","0","","0","0","0","15","1","2","N","0","0","39 53:39.257","","0","75 14:10.853","8","0","0","0","67301","0","0","0","N","0","0","0","3","00000","0","","1.0","","1","","","N","0","","0","0","0","0","0","","1530","2","2","0","0","0","2","0","2","0","2","0","0","0","3","","","N","","","","","","","","","",""
"2022080164","","1","0","0","0","0","0","0","0","0","1","0","","67","4","2021","2","39.930044","-75.233806","","6","0","0","0","0","0","0","0","0","","0","0","0","99","1","1","","2","0","39 55:48.158","","0","75 14:01.701","8","0","0","0","67301","0","0","0","N","0","0","0","2","00000","0","","1.0","","1","","","N","0","","0","0","0","0","0","","9999","2","1","0","0","0","1","0","2","0","2","0","0","0","3","","","N","","","","","","","","","",""
"2022079712","","1","0","0","0","0","0","0","0","0","4","0","","67","2","2021","6","39.977768","-75.21345","","6","0","0","0","0","0","0","1","0","","0","0","0","17","1","1","","1","0","39 58:39.965","","0","75 12:48.419","8","0","0","0","67301","0","0","0","N","0","0","0","2","00000","0","","1.0","","1","","","N","0","","0","0","1","3","2","","1700","2","1","1","0","0","1","0","2","0","2","0","0","0","3","","","N","","","","","","","","","",""
"2022079888","","1","0","0","0","0","0","0","0","0","5","0","","67","1","2021","4","39.919585","-75.202825","","6","0","0","0","0","0","0","0","0","","0","0","0","2","3","1","N","0","0","39 55:10.505","","0","75 12:10.169","8","0","0","0","67301","0","0","0","N","0","0","0","2","00000","0","","1.0","","1","","","N","0","","0","0","0","0","0","","230","2","1","0","0","0","1","0","2","0","2","0","0","0","3","","","N","","","","","","","","","",""
"2022113178","2145","1","0","0","0","0","0","0","0","0","7","0","","67","10","2021","1","39.967036","-75.15195","2140","6","0","0","0","0","0","0","0","0","","0","0","0","21","3","0","N","0","0","39 58:01.330","","0","75 09:07.020","9","0","0","0","67301","0","0","0","N","0","0","0","1","67301","0","","5.0","","9","N","N","N","0","","0","0","0","0","0","","2130","1","0","0","0","0","0","1","2","0","1","0","0","0","7","","","N","","","","","","","","","",""
"2022094281","","1","0","0","0","0","0","0","0","0","5","0","","67","9","2021","7","39.97183","-75.159291","","6","0","0","0","0","0","1","0","0","","0","0","0","99","1","1","N","0","0","39 58:18.587","","0","75 09:33.447","8","0","0","0","67301","0","0","0","N","0","0","0","2","00000","0","","1.0","","1","","","N","0","","0","0","0","0","0","","9999","2","1","0","0","0","1","0","2","0","2","0","0","0","3","","","N","","","","","","","","","",""
"2022079362","","1","0","0","0","0","0","0","0","0","5","0","","67","5","2021","3","","","","6","0","0","0","0","0","0","0","0","","0","0","0","20","1","1","N","0","0","","","0","","8","0","0","0","67301","0","0","0","N","0","0","0","2","00000","0","","1.0","","1","","","N","0","","0","0","0","0","0","","2000","2","1","0","0","0","1","0","1","0","2","0","0","0","3","","","N","","","","","","","","","",""
"2022079867","","0","0","0","0","0","0","0","0","0","5","0","","67","6","2021","3","40.029617","-75.059802","","6","0","0","0","0","0","0","0","0","","0","0","0","20","1","1","N","0","0","40 01:46.621","","0","75 03:35.287","8","0","0","0","67301","0","0","0","N","0","0","0","2","00000","0","","1.0","","1","","","N","2","","0","0","0","0","0","","2000","2","1","0","0","0","1","0","2","0","2","0","0","0","3","","","N","","","","","","","","","",""
"2022079857","","0","0","0","0","0","0","0","0","0","1","0","","67","5","2021","6","39.957425","-75.147294","","6","0","0","0","0","0","0","0","0","","0","0","0","21","3","4","Y","0","0","39 57:26.731","","4","75 08:50.259","8","0","0","0","67301","0","0","0","N","0","0","0","5","00000","0","","1.0","","1","","","N","0","","0","0","2","3","2","","2140","2","4","0","0","0","4","0","2","0","2","0","0","0","3","","","N","","","","","","","","","",""
"2022075119","","1","0","0","0","0","0","0","0","0","1","0","","67","12","2021","6","","","","6","0","0","0","0","0","0","0","0","","0","0","0","15","1","2","N","0","0","","","3","","8","0","0","0","67301","0","0","0","N","0","0","0","3","00000","0","","1.0","","1","","","N","0","","0","0","0","0","0","","1558","2","2","0","0","0","2","0","1","0","2","0","0","0","3","","","N","","","","","","","","","",""
"2022080203","","1","0","0","0","0","0","0","0","0","1","0","","67","5","2021","6","40.00048","-75.194866","","6","0","0","0","0","0","1","0","0","","0","0","0","13","1","1","N","0","0","40 00:01.727","","0","75 11:41.517","8","0","0","0","67301","0","0","0","N","0","0","0","2","00000","0","","1.0","","1","","","N","0","","0","0","0","0","0","","1330","2","1","0","0","0","1","0","2","0","2","0","0","0","3","","","N","","","","","","","","","",""
"2022091825","","1","0","0","0","0","0","0","0","0","5","0","","67","10","2021","7","39.956778","-75.164444","","6","0","0","0","0","0","0","0","0","","0","0","0","8","1","1","N","0","0","39 57:24.400","","0","75 09:52.000","8","0","0","0","67301","0","0","0","N","0","0","0","2","00000","0","","1.0","","1","","","N","0","","0","0","0","0","0","","830","2","1","0","0","0","1","0","2","0","2","0","0","0","3","","","N","","","","","","","","","",""
"2022082004","","1","0","0","0","0","0","0","0","0","4","0","","67","12","2021","6","39.964226","-75.190151","","6","0","0","0","0","0","0","0","0","","0","0","0","99","1","1","","1","0","39 57:51.213","","0","75 11:24.542","8","0","0","0","67301","0","0","0","N","0","0","0","2","00000","0","","1.0","","1","","","N","0","","0","0","0","3","2","","9999","2","1","0","0","0","1","0","2","0","2","0","0","0","3","","","N","","","","","","","","","",""
"2023019168","","1","0","0","0","0","0","0","0","0","1","0","","67","8","2021","6","","","","6","0","0","0","0","0","0","0","0","","0","0","0","16","1","2","","1","0","","","0","","8","0","0","0","67301","0","0","0","N","0","0","0","2","00000","0","","1.0","","1","","","N","0","","0","0","1","3","2","","1630","2","2","0","0","0","2","0","1","0","2","0","0","0","3","","","N","","","","","","","","","",""
"2023054885","1850","3","0","0","0","0","0","0","0","0","4","0","","67","12","2021","4","40.021078","-75.17389","1838","6","0","0","0","0","0","0","0","0","","0","0","0","18","3","0","N","0","1","40 01:15.882","4","7","75 10:26.003","0","0","0","0","67301","0","0","0","N","0","0","0","3","67301","0","","1.0","1915.0","1","N","N","N","0","","0","0","1","0","0","N","1810","4","0","0","0","0","0","0","2","0","4","0","0","0","3","03","","N","","","","","","","","","",""
"2023046835","0340","1","0","0","0","0","0","0","0","0","8","0","","67","7","2021","2","40.012431","-75.160001","0337","6","0","0","0","0","0","0","0","0","","0","0","0","2","3","1","N","0","0","40 00:44.750","","0","75 09:36.003","3","0","0","0","67301","1","0","0","N","1","0","0","2","67301","0","","1.0","","1","N","N","N","0","","1","0","0","0","0","","250","2","1","0","0","0","0","0","2","0","1","1","0","0","3","03","","N","","","","","","","","","",""
"2023051425","0245","1","0","0","0","0","0","0","0","0","4","0","","67","12","2021","4","39.991092","-75.124625","0245","6","0","0","0","0","0","0","0","0","","0","0","0","2","3","1","N","0","2","39 59:27.930","3","0","75 07:28.650","8","0","0","0","67301","0","0","0","N","0","0","0","1","67301","0","","1.0","415.0","9","N","N","N","0","","0","0","3","0","0","Y","245","4","1","1","0","0","1","0","2","0","4","0","0","0","3","07","","N","","","","","","","","","",""
"2024012058","1419","1","0","0","0","0","0","0","0","0","8","0","","67","11","2021","4","39.981577","-75.180262","1419","6","0","0","0","0","0","0","0","0","","0","0","0","14","1","1","","1","0","39 58:53.677","","0","75 10:48.943","3","0","0","0","67301","1","0","0","N","1","0","0","2","67301","0","","1.0","","1","N","N","N","0","","1","0","0","2","2","","1415","2","1","0","0","0","0","1","2","0","1","1","0","0","03","03","","N","","","","","","","","","",""
"2024012057","1433","1","0","0","0","0","0","0","0","0","6","0","","67","10","2021","7","39.994344","-75.192106","1430","6","0","0","0","0","0","0","0","1","","0","0","0","14","1","1","N","0","2","39 59:39.640","1","0","75 11:31.580","8","0","0","0","67301","0","0","0","N","0","0","0","3","67301","0","","1.0","1640.0","1","N","N","N","0","","0","0","1","0","0","Y","1430","2","1","0","0","0","1","0","2","0","2","0","0","0","03","03","","N","","","","","","","","","",""